700,355,1.00
701,355,1.00
702,355,1.00
703,355,1.00
704,355,1.00
705,355,0.73
706,355,0.17
699,356,1.00
700,356,1.00
701,356,1.00
702,356,1.00
703,356,1.00
704,356,1.00
705,356,1.00
706,356,1.00
707,356,0.34
698,357,1.00
699,357,1.00
700,357,1.00
701,357,1.00
702,357,1.00
703,357,1.00
704,357,1.00
705,357,1.00
706,357,1.00
707,357,1.00
708,357,0.17
698,358,1.00
699,358,1.00
700,358,1.00
701,358,1.00
702,358,1.00
703,358,1.00
704,358,1.00
705,358,1.00
706,358,1.00
707,358,1.00
708,358,0.61
698,359,1.00
699,359,1.00
700,359,1.00
701,359,1.00
702,359,1.00
703,359,1.00
704,359,1.00
705,359,1.00
706,359,1.00
707,359,1.00
708,359,0.90
698,360,1.00
699,360,1.00
700,360,1.00
701,360,1.00
702,360,1.00
703,360,1.00
704,360,1.00
705,360,1.00
706,360,1.00
707,360,1.00
708,360,1.00
698,361,1.00
699,361,1.00
700,361,1.00
701,361,1.00
702,361,1.00
703,361,1.00
704,361,1.00
705,361,1.00
706,361,1.00
707,361,1.00
708,361,0.90
698,362,1.00
699,362,1.00
700,362,1.00
701,362,1.00
702,362,1.00
703,362,1.00
704,362,1.00
705,362,1.00
706,362,1.00
707,362,1.00
708,362,0.61
698,363,1.00
699,363,1.00
700,363,1.00
701,363,1.00
702,363,1.00
703,363,1.00
704,363,1.00
705,363,1.00
706,363,1.00
707,363,1.00
708,363,0.17
699,364,1.00
700,364,1.00
701,364,1.00
702,364,1.00
703,364,1.00
704,364,1.00
705,364,1.00
706,364,1.00
707,364,0.34
700,365,1.00
701,365,1.00
702,365,1.00
703,365,1.00
704,365,1.00
705,365,0.73
706,365,0.17
699,355,0.97
698,356,1.00
697,357,1.00
697,358,1.00
697,359,1.00
697,360,1.00
697,361,1.00
697,362,1.00
697,363,1.00
698,364,1.00
699,365,1.00
698,355,0.80
697,356,1.00
696,357,1.00
696,358,1.00
696,359,1.00
696,360,1.00
696,361,1.00
696,362,1.00
696,363,1.00
697,364,1.00
698,365,1.00
697,355,0.66
696,356,1.00
695,357,1.00
695,358,1.00
695,359,1.00
695,360,1.00
695,361,1.00
695,362,1.00
695,363,1.00
696,364,1.00
697,365,1.00
695,355,0.36
696,355,0.54
694,356,1.00
695,356,1.00
693,357,1.00
694,357,1.00
693,358,1.00
694,358,1.00
693,359,1.00
694,359,1.00
693,360,1.00
694,360,1.00
693,361,1.00
694,361,1.00
693,362,1.00
694,362,1.00
693,363,1.00
694,363,1.00
694,364,1.00
695,364,1.00
695,365,1.00
696,365,1.00
693,355,0.06
694,355,0.20
692,356,0.80
693,356,1.00
691,357,1.00
692,357,1.00
691,358,1.00
692,358,1.00
691,359,1.00
692,359,1.00
691,360,1.00
692,360,1.00
691,361,1.00
692,361,1.00
691,362,1.00
692,362,1.00
691,363,1.00
692,363,1.00
692,364,1.00
693,364,1.00
693,365,1.00
694,365,1.00
690,358,1.00
690,359,1.00
690,360,1.00
690,361,1.00
690,362,1.00
690,363,1.00
690,364,1.00
691,364,1.00
691,365,1.00
692,365,1.00
692,366,1.00
693,366,1.00
694,366,1.00
695,366,0.94
696,366,0.36
697,366,0.20
698,366,0.06
690,356,0.26
691,356,0.51
689,357,0.86
690,357,1.00
688,358,1.00
689,358,1.00
688,359,1.00
689,359,1.00
688,360,1.00
689,360,1.00
688,361,1.00
689,361,1.00
688,362,1.00
689,362,1.00
688,363,1.00
689,363,1.00
688,364,1.00
689,364,1.00
689,365,1.00
690,365,1.00
690,366,1.00
691,366,1.00
689,356,0.06
688,357,0.23
687,358,1.00
687,359,1.00
687,360,1.00
687,361,1.00
687,362,1.00
687,363,1.00
687,364,1.00
688,365,1.00
689,366,1.00
686,359,1.00
686,360,1.00
686,361,1.00
686,362,1.00
686,363,1.00
686,364,1.00
686,365,1.00
687,365,1.00
687,366,1.00
688,366,1.00
688,367,1.00
689,367,1.00
690,367,1.00
691,367,1.00
692,367,1.00
693,367,1.00
694,367,0.34
685,360,1.00
685,361,1.00
685,362,1.00
685,363,1.00
685,364,1.00
685,365,1.00
685,366,1.00
686,366,1.00
686,367,1.00
687,367,1.00
687,368,1.00
688,368,1.00
689,368,1.00
690,368,1.00
691,368,1.00
692,368,0.69
693,368,0.11
686,358,0.17
685,359,0.60
684,360,0.82
684,361,1.00
684,362,1.00
684,363,1.00
684,364,1.00
684,365,1.00
684,366,1.00
685,367,1.00
686,368,1.00
683,361,1.00
683,362,1.00
683,363,1.00
683,364,1.00
683,365,1.00
683,366,1.00
683,367,1.00
684,367,1.00
684,368,1.00
685,368,1.00
685,369,1.00
686,369,1.00
687,369,1.00
688,369,1.00
689,369,1.00
690,369,0.43
691,369,0.06
684,359,0.06
683,360,0.17
682,361,0.43
682,362,1.00
682,363,1.00
682,364,1.00
682,365,1.00
682,366,1.00
682,367,1.00
683,368,1.00
684,369,1.00
681,362,0.77
681,363,1.00
681,364,1.00
681,365,1.00
681,366,1.00
681,367,1.00
681,368,1.00
682,368,1.00
682,369,1.00
683,369,1.00
683,370,1.00
684,370,1.00
685,370,1.00
686,370,1.00
687,370,1.00
688,370,1.00
689,370,0.23
680,363,1.00
680,364,1.00
680,365,1.00
680,366,1.00
680,367,1.00
680,368,1.00
680,369,1.00
681,369,1.00
681,370,1.00
682,370,1.00
682,371,1.00
683,371,1.00
684,371,1.00
685,371,1.00
686,371,1.00
687,371,1.00
688,371,0.23
681,361,0.06
680,362,0.17
679,363,0.23
679,364,1.00
679,365,1.00
679,366,1.00
679,367,1.00
679,368,1.00
679,369,1.00
680,370,1.00
681,371,1.00
679,370,1.00
680,371,1.00
681,372,1.00
682,372,1.00
683,372,1.00
684,372,1.00
685,372,1.00
686,372,1.00
687,372,0.23
678,364,0.23
678,365,1.00
678,366,1.00
678,367,1.00
678,368,1.00
678,369,1.00
678,370,1.00
679,371,1.00
680,372,1.00
678,371,1.00
679,372,1.00
680,373,1.00
681,373,1.00
682,373,1.00
683,373,1.00
684,373,1.00
685,373,1.00
686,373,0.43
677,365,0.17
677,366,0.77
677,367,1.00
677,368,1.00
677,369,1.00
677,370,1.00
677,371,1.00
678,372,1.00
679,373,1.00
677,372,1.00
678,373,1.00
679,374,1.00
680,374,1.00
681,374,1.00
682,374,1.00
683,374,1.00
684,374,1.00
685,374,0.77
676,366,0.06
676,367,0.38
676,368,1.00
676,369,1.00
676,370,1.00
676,371,1.00
676,372,1.00
677,373,1.00
678,374,1.00
676,373,1.00
677,374,1.00
678,375,1.00
679,375,1.00
680,375,1.00
681,375,1.00
682,375,1.00
683,375,1.00
684,375,1.00
676,374,1.00
686,374,0.06
677,375,1.00
685,375,0.17
678,376,1.00
679,376,1.00
680,376,1.00
681,376,1.00
682,376,1.00
683,376,1.00
684,376,0.23
675,368,0.06
675,369,0.43
675,370,1.00
675,371,1.00
675,372,1.00
675,373,1.00
675,374,1.00
676,375,1.00
677,376,1.00
675,375,1.00
676,376,1.00
677,377,1.00
678,377,1.00
679,377,1.00
680,377,1.00
681,377,1.00
682,377,1.00
683,377,0.73
674,370,0.17
674,371,0.65
674,372,1.00
674,373,1.00
674,374,1.00
674,375,1.00
674,376,1.00
675,376,1.00
675,377,1.00
676,377,1.00
676,378,1.00
677,378,1.00
678,378,1.00
679,378,1.00
680,378,1.00
681,378,1.00
682,378,1.00
673,371,0.06
673,372,0.26
673,373,0.68
673,374,1.00
673,375,1.00
673,376,1.00
673,377,1.00
674,377,1.00
674,378,1.00
675,378,1.00
675,379,1.00
676,379,1.00
677,379,1.00
678,379,1.00
679,379,1.00
680,379,1.00
681,379,1.00
673,378,1.00
683,378,0.26
674,379,1.00
682,379,1.00
675,380,1.00
676,380,1.00
677,380,1.00
678,380,1.00
679,380,1.00
680,380,1.00
681,380,1.00
673,379,1.00
683,379,0.06
674,380,1.00
682,380,1.00
675,381,1.00
676,381,1.00
677,381,1.00
678,381,1.00
679,381,1.00
680,381,1.00
681,381,1.00
672,374,0.06
672,375,0.26
672,376,0.68
672,377,1.00
672,378,1.00
672,379,1.00
672,380,1.00
673,380,1.00
673,381,1.00
674,381,1.00
674,382,1.00
675,382,1.00
676,382,1.00
677,382,1.00
678,382,1.00
679,382,1.00
680,382,1.00
672,381,1.00
682,381,0.56
673,382,1.00
681,382,1.00
674,383,1.00
675,383,1.00
676,383,1.00
677,383,1.00
678,383,1.00
679,383,1.00
680,383,1.00
672,382,1.00
682,382,0.26
673,383,1.00
681,383,1.00
674,384,1.00
675,384,1.00
676,384,1.00
677,384,1.00
678,384,1.00
679,384,1.00
680,384,1.00
672,383,1.00
682,383,0.06
673,384,1.00
681,384,1.00
674,385,1.00
675,385,1.00
676,385,1.00
677,385,1.00
678,385,1.00
679,385,1.00
680,385,1.00
671,377,0.06
671,378,0.26
671,379,0.62
671,380,1.00
671,381,1.00
671,382,1.00
671,383,1.00
672,384,1.00
673,385,1.00
671,384,1.00
672,385,1.00
673,386,1.00
674,386,1.00
675,386,1.00
676,386,1.00
677,386,1.00
678,386,1.00
679,386,1.00
671,385,1.00
681,385,1.00
672,386,1.00
680,386,1.00
673,387,1.00
674,387,1.00
675,387,1.00
676,387,1.00
677,387,1.00
678,387,1.00
679,387,1.00
671,386,0.92
681,386,1.00
672,387,1.00
680,387,1.00
673,388,1.00
674,388,1.00
675,388,1.00
676,388,1.00
677,388,1.00
678,388,1.00
679,388,1.00
671,387,0.80
681,387,1.00
672,388,1.00
680,388,1.00
673,389,1.00
674,389,1.00
675,389,1.00
676,389,1.00
677,389,1.00
678,389,1.00
679,389,1.00
671,388,0.66
681,388,1.00
672,389,1.00
680,389,1.00
673,390,1.00
674,390,1.00
675,390,1.00
676,390,1.00
677,390,1.00
678,390,1.00
679,390,1.00
671,389,0.54
681,389,1.00
671,390,0.36
672,390,1.00
680,390,1.00
681,390,1.00
672,391,1.00
673,391,1.00
674,391,1.00
675,391,1.00
676,391,1.00
677,391,1.00
678,391,1.00
679,391,1.00
680,391,1.00
673,392,1.00
674,392,1.00
675,392,1.00
676,392,1.00
677,392,1.00
678,392,1.00
679,392,1.00
671,391,0.20
681,391,1.00
671,392,0.06
672,392,1.00
680,392,1.00
681,392,1.00
672,393,1.00
673,393,1.00
674,393,1.00
675,393,1.00
676,393,1.00
677,393,1.00
678,393,1.00
679,393,1.00
680,393,1.00
673,394,1.00
674,394,1.00
675,394,1.00
676,394,1.00
677,394,1.00
678,394,1.00
679,394,1.00
682,387,0.06
682,388,0.32
682,389,1.00
682,390,1.00
682,391,1.00
682,392,1.00
681,393,1.00
682,393,1.00
680,394,1.00
681,394,1.00
674,395,1.00
675,395,1.00
676,395,1.00
677,395,1.00
678,395,1.00
679,395,1.00
680,395,1.00
672,394,0.73
682,394,1.00
673,395,1.00
681,395,1.00
674,396,1.00
675,396,1.00
676,396,1.00
677,396,1.00
678,396,1.00
679,396,1.00
680,396,1.00
672,395,0.17
682,395,1.00
673,396,0.46
681,396,1.00
674,397,0.45
675,397,1.00
676,397,1.00
677,397,1.00
678,397,1.00
679,397,1.00
680,397,1.00
683,390,0.28
683,391,1.00
683,392,1.00
683,393,1.00
683,394,1.00
683,395,1.00
682,396,1.00
683,396,1.00
681,397,1.00
682,397,1.00
675,398,0.49
676,398,1.00
677,398,1.00
678,398,1.00
679,398,1.00
680,398,1.00
681,398,1.00
684,391,0.17
684,392,0.77
684,393,1.00
684,394,1.00
684,395,1.00
684,396,1.00
683,397,1.00
684,397,1.00
682,398,1.00
683,398,1.00
676,399,0.91
677,399,1.00
678,399,1.00
679,399,1.00
680,399,1.00
681,399,1.00
682,399,1.00
685,392,0.06
685,393,0.55
685,394,1.00
685,395,1.00
685,396,1.00
685,397,1.00
684,398,1.00
685,398,1.00
683,399,1.00
684,399,1.00
677,400,1.00
678,400,1.00
679,400,1.00
680,400,1.00
681,400,1.00
682,400,1.00
683,400,1.00
675,399,0.06
685,399,1.00
676,400,0.23
684,400,1.00
677,401,0.34
678,401,1.00
679,401,1.00
680,401,1.00
681,401,1.00
682,401,1.00
683,401,1.00
686,394,0.28
686,395,1.00
686,396,1.00
686,397,1.00
686,398,1.00
686,399,1.00
685,400,1.00
686,400,1.00
684,401,1.00
685,401,1.00
678,402,0.49
679,402,1.00
680,402,1.00
681,402,1.00
682,402,1.00
683,402,1.00
684,402,1.00
687,395,0.23
687,396,1.00
687,397,1.00
687,398,1.00
687,399,1.00
687,400,1.00
686,401,1.00
687,401,1.00
685,402,1.00
686,402,1.00
679,403,0.56
680,403,1.00
681,403,1.00
682,403,1.00
683,403,1.00
684,403,1.00
685,403,1.00
688,396,0.43
688,397,1.00
688,398,1.00
688,399,1.00
688,400,1.00
688,401,1.00
687,402,1.00
688,402,1.00
686,403,1.00
687,403,1.00
680,404,0.56
681,404,1.00
682,404,1.00
683,404,1.00
684,404,1.00
685,404,1.00
686,404,1.00
678,403,0.06
688,403,1.00
679,404,0.11
687,404,1.00
680,405,0.06
681,405,0.43
682,405,1.00
683,405,1.00
684,405,1.00
685,405,1.00
686,405,1.00
689,397,0.97
689,398,1.00
689,399,1.00
689,400,1.00
689,401,1.00
689,402,1.00
689,403,1.00
688,404,1.00
687,405,1.00
690,398,1.00
690,399,1.00
690,400,1.00
690,401,1.00
690,402,1.00
690,403,1.00
689,404,1.00
690,404,1.00
688,405,1.00
689,405,1.00
682,406,0.17
683,406,0.94
684,406,1.00
685,406,1.00
686,406,1.00
687,406,1.00
688,406,1.00
689,396,0.06
690,397,0.23
691,398,0.60
691,399,1.00
691,400,1.00
691,401,1.00
691,402,1.00
691,403,1.00
691,404,1.00
690,405,1.00
689,406,1.00
691,405,1.00
690,406,1.00
683,407,0.06
684,407,0.55
685,407,1.00
686,407,1.00
687,407,1.00
688,407,1.00
689,407,1.00
692,399,1.00
692,400,1.00
692,401,1.00
692,402,1.00
692,403,1.00
692,404,1.00
692,405,1.00
691,406,1.00
690,407,1.00
693,400,1.00
693,401,1.00
693,402,1.00
693,403,1.00
693,404,1.00
693,405,1.00
692,406,1.00
693,406,1.00
691,407,1.00
692,407,1.00
685,408,0.11
686,408,0.58
687,408,1.00
688,408,1.00
689,408,1.00
690,408,1.00
691,408,1.00
692,398,0.06
693,399,0.38
694,400,1.00
694,401,1.00
694,402,1.00
694,403,1.00
694,404,1.00
694,405,1.00
694,406,1.00
693,407,1.00
692,408,1.00
695,401,1.00
695,402,1.00
695,403,1.00
695,404,1.00
695,405,1.00
695,406,1.00
694,407,1.00
695,407,1.00
693,408,1.00
694,408,1.00
687,409,0.06
688,409,0.38
689,409,0.84
690,409,1.00
691,409,1.00
692,409,1.00
693,409,1.00
694,399,0.06
695,400,0.80
696,401,1.00
696,402,1.00
696,403,1.00
696,404,1.00
696,405,1.00
696,406,1.00
696,407,1.00
695,408,1.00
694,409,1.00
697,402,1.00
697,403,1.00
697,404,1.00
697,405,1.00
697,406,1.00
697,407,1.00
696,408,1.00
697,408,1.00
695,409,1.00
696,409,1.00
689,410,0.06
690,410,0.20
691,410,0.36
692,410,0.71
693,410,1.00
694,410,1.00
695,410,1.00
696,400,0.51
697,400,0.26
697,401,1.00
698,401,0.95
698,402,1.00
699,402,1.00
698,403,1.00
699,403,1.00
698,404,1.00
699,404,1.00
698,405,1.00
699,405,1.00
698,406,1.00
699,406,1.00
698,407,1.00
699,407,1.00
698,408,1.00
699,408,1.00
697,409,1.00
698,409,1.00
696,410,1.00
697,410,1.00
698,400,0.06
699,401,0.38
700,402,1.00
700,403,1.00
700,404,1.00
700,405,1.00
700,406,1.00
700,407,1.00
700,408,1.00
699,409,1.00
698,410,1.00
701,403,1.00
701,404,1.00
701,405,1.00
701,406,1.00
701,407,1.00
701,408,1.00
700,409,1.00
701,409,1.00
699,410,1.00
700,410,1.00
693,411,0.06
694,411,0.26
695,411,0.62
696,411,1.00
697,411,1.00
698,411,1.00
699,411,1.00
700,401,0.06
701,402,0.62
702,403,1.00
702,404,1.00
702,405,1.00
702,406,1.00
702,407,1.00
702,408,1.00
702,409,1.00
701,410,1.00
700,411,1.00
702,402,0.26
703,403,0.75
703,404,1.00
704,404,1.00
703,405,1.00
704,405,1.00
703,406,1.00
704,406,1.00
703,407,1.00
704,407,1.00
703,408,1.00
704,408,1.00
703,409,1.00
704,409,1.00
702,410,1.00
703,410,1.00
704,410,1.00
701,411,1.00
702,411,1.00
703,411,1.00
696,412,0.06
697,412,0.26
698,412,0.62
699,412,1.00
700,412,1.00
701,412,1.00
702,412,1.00
703,402,0.06
704,403,0.32
705,404,1.00
705,405,1.00
705,406,1.00
705,407,1.00
705,408,1.00
705,409,1.00
705,410,1.00
704,411,1.00
703,412,1.00
705,403,0.06
706,404,0.62
706,405,1.00
707,405,1.00
706,406,1.00
707,406,1.00
706,407,1.00
707,407,1.00
706,408,1.00
707,408,1.00
706,409,1.00
707,409,1.00
706,410,1.00
707,410,1.00
705,411,1.00
706,411,1.00
707,411,1.00
704,412,1.00
705,412,1.00
706,412,1.00
699,413,0.06
700,413,0.32
701,413,0.75
702,413,1.00
703,413,1.00
704,413,1.00
705,413,1.00
707,404,0.26
708,405,1.00
708,406,1.00
709,406,1.00
708,407,1.00
709,407,1.00
708,408,1.00
709,408,1.00
708,409,1.00
709,409,1.00
708,410,1.00
709,410,1.00
708,411,1.00
709,411,1.00
707,412,1.00
708,412,1.00
709,412,1.00
706,413,1.00
707,413,1.00
708,413,1.00
701,414,0.06
702,414,0.26
703,414,0.62
704,414,1.00
705,414,1.00
706,414,1.00
707,414,1.00
708,404,0.06
709,405,0.62
710,406,1.00
710,407,1.00
710,408,1.00
710,409,1.00
710,410,1.00
710,411,1.00
710,412,1.00
709,413,1.00
708,414,1.00
710,405,0.26
711,406,0.75
711,407,1.00
712,407,1.00
711,408,1.00
712,408,1.00
711,409,1.00
712,409,1.00
711,410,1.00
712,410,1.00
711,411,1.00
712,411,1.00
711,412,1.00
712,412,1.00
710,413,1.00
711,413,1.00
712,413,1.00
709,414,1.00
710,414,1.00
711,414,1.00
704,415,0.06
705,415,0.26
706,415,0.68
707,415,1.00
708,415,1.00
709,415,1.00
710,415,1.00
711,405,0.06
712,406,0.32
713,407,0.89
713,408,1.00
713,409,1.00
713,410,1.00
713,411,1.00
713,412,1.00
713,413,1.00
712,414,1.00
711,415,1.00
713,406,0.06
714,407,0.38
714,408,1.00
715,408,1.00
714,409,1.00
715,409,1.00
714,410,1.00
715,410,1.00
714,411,1.00
715,411,1.00
714,412,1.00
715,412,1.00
714,413,1.00
715,413,1.00
713,414,1.00
714,414,1.00
715,414,1.00
712,415,1.00
713,415,1.00
714,415,1.00
707,416,0.17
708,416,0.65
709,416,1.00
710,416,1.00
711,416,1.00
712,416,1.00
713,416,1.00
716,409,1.00
716,410,1.00
716,411,1.00
716,412,1.00
716,413,1.00
716,414,1.00
715,415,1.00
716,415,1.00
714,416,1.00
715,416,1.00
708,417,0.06
709,417,0.26
710,417,0.62
711,417,0.97
712,417,1.00
713,417,1.00
714,417,1.00
715,407,0.06
716,408,0.65
717,409,1.00
717,410,1.00
717,411,1.00
717,412,1.00
717,413,1.00
717,414,1.00
717,415,1.00
716,416,1.00
715,417,1.00
717,408,0.36
718,409,0.92
718,410,1.00
719,410,1.00
718,411,1.00
719,411,1.00
718,412,1.00
719,412,1.00
718,413,1.00
719,413,1.00
718,414,1.00
719,414,1.00
718,415,1.00
719,415,1.00
717,416,1.00
718,416,1.00
719,416,1.00
716,417,1.00
717,417,1.00
718,417,1.00
711,418,0.06
712,418,0.20
713,418,0.47
714,418,0.93
715,418,1.00
716,418,1.00
717,418,1.00
718,408,0.20
719,408,0.06
719,409,0.54
720,409,0.17
720,410,1.00
721,410,0.68
720,411,1.00
721,411,1.00
720,412,1.00
721,412,1.00
720,413,1.00
721,413,1.00
720,414,1.00
721,414,1.00
720,415,1.00
721,415,1.00
720,416,1.00
721,416,1.00
719,417,1.00
720,417,1.00
718,418,1.00
719,418,1.00
722,411,1.00
722,412,1.00
722,413,1.00
722,414,1.00
722,415,1.00
722,416,1.00
721,417,1.00
722,417,1.00
720,418,1.00
721,418,1.00
714,419,0.06
715,419,0.32
716,419,0.80
717,419,1.00
718,419,1.00
719,419,1.00
720,419,1.00
722,410,0.26
723,411,1.00
723,412,1.00
724,412,1.00
723,413,1.00
724,413,1.00
723,414,1.00
724,414,1.00
723,415,1.00
724,415,1.00
723,416,1.00
724,416,1.00
723,417,1.00
724,417,1.00
722,418,1.00
723,418,1.00
724,418,1.00
721,419,1.00
722,419,1.00
723,419,1.00
716,420,0.06
717,420,0.38
718,420,1.00
719,420,1.00
720,420,1.00
721,420,1.00
722,420,1.00
723,410,0.06
724,411,0.58
725,412,1.00
725,413,1.00
725,414,1.00
725,415,1.00
725,416,1.00
725,417,1.00
725,418,1.00
724,419,1.00
723,420,1.00
726,413,1.00
726,414,1.00
726,415,1.00
726,416,1.00
726,417,1.00
726,418,1.00
725,419,1.00
726,419,1.00
724,420,1.00
725,420,1.00
718,421,0.06
719,421,0.72
720,421,1.00
721,421,1.00
722,421,1.00
723,421,1.00
724,421,1.00
725,411,0.11
726,412,0.40
727,413,0.51
727,414,1.00
727,415,1.00
727,416,1.00
727,417,1.00
727,418,1.00
727,419,1.00
726,420,1.00
725,421,1.00
728,414,0.54
728,415,1.00
728,416,1.00
728,417,1.00
728,418,1.00
728,419,1.00
727,420,1.00
728,420,1.00
726,421,1.00
727,421,1.00
720,422,0.34
721,422,1.00
722,422,1.00
723,422,1.00
724,422,1.00
725,422,1.00
726,422,1.00
729,415,0.71
729,416,1.00
729,417,1.00
729,418,1.00
729,419,1.00
729,420,1.00
728,421,1.00
729,421,1.00
727,422,1.00
728,422,1.00
721,423,0.17
722,423,0.71
723,423,1.00
724,423,1.00
725,423,1.00
726,423,1.00
727,423,1.00
730,416,0.93
730,417,1.00
730,418,1.00
730,419,1.00
730,420,1.00
730,421,1.00
729,422,1.00
730,422,1.00
728,423,1.00
729,423,1.00
722,424,0.06
723,424,0.43
724,424,1.00
725,424,1.00
726,424,1.00
727,424,1.00
728,424,1.00
729,414,0.06
730,415,0.17
731,416,0.23
731,417,1.00
731,418,1.00
731,419,1.00
731,420,1.00
731,421,1.00
731,422,1.00
730,423,1.00
729,424,1.00
732,417,0.23
732,418,1.00
732,419,1.00
732,420,1.00
732,421,1.00
732,422,1.00
731,423,1.00
732,423,1.00
730,424,1.00
731,424,1.00
724,425,0.23
725,425,1.00
726,425,1.00
727,425,1.00
728,425,1.00
729,425,1.00
730,425,1.00
733,418,0.23
733,419,0.93
733,420,1.00
733,421,1.00
733,422,1.00
733,423,1.00
732,424,1.00
733,424,1.00
731,425,1.00
732,425,1.00
725,426,0.43
726,426,1.00
727,426,1.00
728,426,1.00
729,426,1.00
730,426,1.00
731,426,1.00
734,419,0.17
734,420,0.91
734,421,1.00
734,422,1.00
734,423,1.00
734,424,1.00
733,425,1.00
734,425,1.00
732,426,1.00
733,426,1.00
726,427,0.71
727,427,1.00
728,427,1.00
729,427,1.00
730,427,1.00
731,427,1.00
732,427,1.00
735,420,0.11
735,421,0.82
735,422,1.00
735,423,1.00
735,424,1.00
735,425,1.00
734,426,1.00
735,426,1.00
733,427,1.00
734,427,1.00
727,428,1.00
728,428,1.00
729,428,1.00
730,428,1.00
731,428,1.00
732,428,1.00
733,428,1.00
725,427,0.06
735,427,1.00
726,428,0.17
734,428,1.00
727,429,1.00
728,429,1.00
729,429,1.00
730,429,1.00
731,429,1.00
732,429,1.00
733,429,1.00
736,422,0.62
736,423,1.00
736,424,1.00
736,425,1.00
736,426,1.00
736,427,1.00
735,428,1.00
736,428,1.00
734,429,1.00
735,429,1.00
728,430,1.00
729,430,1.00
730,430,1.00
731,430,1.00
732,430,1.00
733,430,1.00
734,430,1.00
736,421,0.11
737,422,0.06
737,423,0.32
737,424,0.88
737,425,1.00
737,426,1.00
737,427,1.00
737,428,1.00
736,429,1.00
735,430,1.00
737,429,1.00
736,430,1.00
729,431,1.00
730,431,1.00
731,431,1.00
732,431,1.00
733,431,1.00
734,431,1.00
735,431,1.00
727,430,1.00
737,430,1.00
728,431,1.00
736,431,1.00
729,432,1.00
730,432,1.00
731,432,1.00
732,432,1.00
733,432,1.00
734,432,1.00
735,432,1.00
727,431,1.00
737,431,0.86
728,432,1.00
736,432,1.00
729,433,1.00
730,433,1.00
731,433,1.00
732,433,1.00
733,433,1.00
734,433,1.00
735,433,1.00
727,432,1.00
737,432,0.59
728,433,1.00
736,433,1.00
729,434,1.00
730,434,1.00
731,434,1.00
732,434,1.00
733,434,1.00
734,434,1.00
735,434,1.00
727,433,1.00
737,433,0.36
728,434,1.00
736,434,1.00
729,435,1.00
730,435,1.00
731,435,1.00
732,435,1.00
733,435,1.00
734,435,1.00
735,435,1.00
727,434,1.00
737,434,0.20
727,435,1.00
728,435,1.00
736,435,0.84
737,435,0.06
728,436,1.00
729,436,1.00
730,436,1.00
731,436,1.00
732,436,1.00
733,436,1.00
734,436,1.00
735,436,1.00
736,436,0.38
729,437,1.00
730,437,1.00
731,437,1.00
732,437,1.00
733,437,1.00
734,437,1.00
735,437,1.00
726,430,0.06
726,431,0.38
726,432,1.00
726,433,1.00
726,434,1.00
726,435,1.00
726,436,1.00
727,436,1.00
727,437,1.00
728,437,1.00
728,438,1.00
729,438,1.00
730,438,1.00
731,438,1.00
732,438,1.00
733,438,1.00
734,438,1.00
726,437,1.00
736,437,0.06
727,438,1.00
735,438,0.88
728,439,1.00
729,439,1.00
730,439,1.00
731,439,1.00
732,439,1.00
733,439,1.00
734,439,1.00
725,432,0.06
725,433,0.54
725,434,1.00
725,435,1.00
725,436,1.00
725,437,1.00
725,438,1.00
726,438,1.00
726,439,1.00
727,439,1.00
727,440,1.00
728,440,1.00
729,440,1.00
730,440,1.00
731,440,1.00
732,440,1.00
733,440,1.00
725,439,1.00
735,439,0.32
726,440,1.00
734,440,0.62
727,441,1.00
728,441,1.00
729,441,1.00
730,441,1.00
731,441,1.00
732,441,1.00
733,441,0.67
725,440,1.00
735,440,0.06
726,441,1.00
734,441,0.11
727,442,1.00
728,442,1.00
729,442,1.00
730,442,1.00
731,442,1.00
732,442,0.55
733,442,0.06
724,434,0.64
724,435,1.00
724,436,1.00
724,437,1.00
724,438,1.00
724,439,1.00
724,440,1.00
725,441,1.00
726,442,1.00
723,435,1.00
723,436,1.00
723,437,1.00
723,438,1.00
723,439,1.00
723,440,1.00
723,441,1.00
724,441,1.00
724,442,1.00
725,442,1.00
725,443,1.00
726,443,1.00
727,443,1.00
728,443,1.00
729,443,1.00
730,443,0.80
731,443,0.23
722,436,1.00
722,437,1.00
722,438,1.00
722,439,1.00
722,440,1.00
722,441,1.00
722,442,1.00
723,442,1.00
723,443,1.00
724,443,1.00
724,444,1.00
725,444,1.00
726,444,1.00
727,444,1.00
728,444,0.86
729,444,0.32
730,444,0.06
722,434,0.06
723,434,0.20
721,435,0.17
722,435,0.59
720,436,0.43
721,436,1.00
720,437,1.00
721,437,1.00
720,438,1.00
721,438,1.00
720,439,1.00
721,439,1.00
720,440,1.00
721,440,1.00
720,441,1.00
721,441,1.00
720,442,1.00
721,442,1.00
721,443,1.00
722,443,1.00
722,444,1.00
723,444,1.00
720,443,1.00
721,444,1.00
722,445,1.00
723,445,1.00
724,445,1.00
725,445,1.00
726,445,1.00
727,445,0.43
728,445,0.06
719,437,1.00
719,438,1.00
719,439,1.00
719,440,1.00
719,441,1.00
719,442,1.00
719,443,1.00
720,444,1.00
721,445,1.00
718,438,1.00
718,439,1.00
718,440,1.00
718,441,1.00
718,442,1.00
718,443,1.00
718,444,1.00
719,444,1.00
719,445,1.00
720,445,1.00
720,446,1.00
721,446,1.00
722,446,1.00
723,446,1.00
724,446,1.00
725,446,0.71
726,446,0.17
719,436,0.06
718,437,0.38
717,438,1.00
717,439,1.00
717,440,1.00
717,441,1.00
717,442,1.00
717,443,1.00
717,444,1.00
718,445,1.00
719,446,1.00
717,445,1.00
718,446,1.00
719,447,1.00
720,447,1.00
721,447,1.00
722,447,1.00
723,447,0.68
724,447,0.26
725,447,0.06
716,439,1.00
716,440,1.00
716,441,1.00
716,442,1.00
716,443,1.00
716,444,1.00
716,445,1.00
717,446,1.00
718,447,1.00
717,437,0.06
716,438,0.38
715,439,1.00
715,440,1.00
715,441,1.00
715,442,1.00
715,443,1.00
715,444,1.00
715,445,1.00
716,446,1.00
717,447,1.00
714,440,1.00
714,441,1.00
714,442,1.00
714,443,1.00
714,444,1.00
714,445,1.00
714,446,1.00
715,446,1.00
715,447,1.00
716,447,1.00
716,448,1.00
717,448,1.00
718,448,1.00
719,448,1.00
720,448,1.00
721,448,0.38
722,448,0.06
715,438,0.06
714,439,0.88
713,440,1.00
713,441,1.00
713,442,1.00
713,443,1.00
713,444,1.00
713,445,1.00
713,446,1.00
714,447,1.00
715,448,1.00
712,441,1.00
712,442,1.00
712,443,1.00
712,444,1.00
712,445,1.00
712,446,1.00
712,447,1.00
713,447,1.00
713,448,1.00
714,448,1.00
714,449,1.00
715,449,1.00
716,449,1.00
717,449,1.00
718,449,1.00
719,449,0.43
720,449,0.06
713,439,0.32
712,440,1.00
711,441,1.00
711,442,1.00
711,443,1.00
711,444,1.00
711,445,1.00
711,446,1.00
711,447,1.00
712,448,1.00
713,449,1.00
712,439,0.06
711,440,0.43
710,441,1.00
710,442,1.00
710,443,1.00
710,444,1.00
710,445,1.00
710,446,1.00
710,447,1.00
711,448,1.00
712,449,1.00
710,448,1.00
711,449,1.00
712,450,1.00
713,450,1.00
714,450,1.00
715,450,1.00
716,450,1.00
717,450,0.49
718,450,0.06
709,442,1.00
709,443,1.00
709,444,1.00
709,445,1.00
709,446,1.00
709,447,1.00
709,448,1.00
710,449,1.00
711,450,1.00
710,440,0.06
709,441,0.23
708,442,0.40
708,443,1.00
708,444,1.00
708,445,1.00
708,446,1.00
708,447,1.00
708,448,1.00
709,449,1.00
710,450,1.00
708,449,1.00
709,450,1.00
710,451,1.00
711,451,1.00
712,451,1.00
713,451,1.00
714,451,1.00
715,451,0.99
716,451,0.17
707,443,0.45
707,444,1.00
707,445,1.00
707,446,1.00
707,447,1.00
707,448,1.00
707,449,1.00
708,450,1.00
709,451,1.00
707,450,1.00
708,451,1.00
709,452,1.00
710,452,1.00
711,452,1.00
712,452,1.00
713,452,1.00
714,452,0.60
715,452,0.06
706,444,0.60
706,445,1.00
706,446,1.00
706,447,1.00
706,448,1.00
706,449,1.00
706,450,1.00
707,451,1.00
708,452,1.00
705,445,0.77
705,446,1.00
705,447,1.00
705,448,1.00
705,449,1.00
705,450,1.00
705,451,1.00
706,451,1.00
706,452,1.00
707,452,1.00
707,453,1.00
708,453,1.00
709,453,1.00
710,453,1.00
711,453,1.00
712,453,0.91
713,453,0.23
704,446,0.93
704,447,1.00
704,448,1.00
704,449,1.00
704,450,1.00
704,451,1.00
704,452,1.00
705,452,1.00
705,453,1.00
706,453,1.00
706,454,1.00
707,454,1.00
708,454,1.00
709,454,1.00
710,454,1.00
711,454,0.64
712,454,0.06
705,444,0.06
704,445,0.17
703,446,0.23
703,447,0.93
703,448,1.00
703,449,1.00
703,450,1.00
703,451,1.00
703,452,1.00
704,453,1.00
705,454,1.00
702,447,0.17
702,448,0.91
702,449,1.00
702,450,1.00
702,451,1.00
702,452,1.00
702,453,1.00
703,453,1.00
703,454,1.00
704,454,1.00
704,455,1.00
705,455,1.00
706,455,1.00
707,455,1.00
708,455,1.00
709,455,1.00
710,455,0.71
701,448,0.11
701,449,0.91
701,450,1.00
701,451,1.00
701,452,1.00
701,453,1.00
701,454,1.00
702,454,1.00
702,455,1.00
703,455,1.00
703,456,1.00
704,456,1.00
705,456,1.00
706,456,1.00
707,456,1.00
708,456,1.00
709,456,0.78
701,455,1.00
711,455,0.06
702,456,1.00
710,456,0.17
703,457,1.00
704,457,1.00
705,457,1.00
706,457,1.00
707,457,1.00
708,457,0.71
709,457,0.17
700,450,0.93
700,451,1.00
700,452,1.00
700,453,1.00
700,454,1.00
700,455,1.00
700,456,1.00
701,456,1.00
701,457,1.00
702,457,1.00
702,458,1.00
703,458,1.00
704,458,1.00
705,458,1.00
706,458,1.00
707,458,0.73
708,458,0.06
700,449,0.17
699,450,0.23
699,451,0.87
699,452,1.00
699,453,1.00
699,454,1.00
699,455,1.00
699,456,1.00
700,457,1.00
701,458,1.00
698,451,0.17
698,452,0.54
698,453,0.98
698,454,1.00
698,455,1.00
698,456,1.00
698,457,1.00
699,457,1.00
699,458,1.00
700,458,1.00
700,459,1.00
701,459,1.00
702,459,1.00
703,459,1.00
704,459,1.00
705,459,1.00
706,459,0.98
697,452,0.06
697,453,0.20
697,454,0.53
697,455,1.00
697,456,1.00
697,457,1.00
697,458,1.00
698,458,1.00
698,459,1.00
699,459,1.00
699,460,1.00
700,460,1.00
701,460,1.00
702,460,1.00
703,460,1.00
704,460,1.00
705,460,1.00
697,459,1.00
707,459,0.20
697,460,1.00
698,460,1.00
706,460,0.54
707,460,0.06
698,461,1.00
699,461,1.00
700,461,1.00
701,461,1.00
702,461,1.00
703,461,1.00
704,461,1.00
705,461,0.87
706,461,0.17
699,462,1.00
700,462,1.00
701,462,1.00
702,462,1.00
703,462,1.00
704,462,1.00
705,462,0.23
696,455,0.17
696,456,0.59
696,457,1.00
696,458,1.00
696,459,1.00
696,460,1.00
696,461,1.00
697,461,1.00
697,462,1.00
698,462,1.00
698,463,1.00
699,463,1.00
700,463,1.00
701,463,1.00
702,463,1.00
703,463,1.00
704,463,0.38
695,456,0.06
695,457,0.38
695,458,0.97
695,459,1.00
695,460,1.00
695,461,1.00
695,462,1.00
696,462,1.00
696,463,1.00
697,463,1.00
697,464,1.00
698,464,1.00
699,464,1.00
700,464,1.00
701,464,1.00
702,464,1.00
703,464,0.59
694,458,0.17
694,459,0.59
694,460,1.00
694,461,1.00
694,462,1.00
694,463,1.00
695,463,1.00
694,464,1.00
695,464,1.00
696,464,1.00
704,464,0.06
695,465,1.00
696,465,1.00
697,465,1.00
698,465,1.00
699,465,1.00
700,465,1.00
701,465,1.00
702,465,1.00
703,465,0.17
696,466,1.00
697,466,1.00
698,466,1.00
699,466,1.00
700,466,1.00
701,466,1.00
702,466,0.68
693,459,0.06
693,460,0.32
693,461,0.80
693,462,1.00
693,463,1.00
693,464,1.00
693,465,1.00
694,465,1.00
694,466,1.00
695,466,1.00
695,467,1.00
696,467,1.00
697,467,1.00
698,467,1.00
699,467,1.00
700,467,1.00
701,467,1.00
692,461,0.06
692,462,0.38
692,463,0.95
692,464,1.00
692,465,1.00
692,466,1.00
693,466,1.00
692,467,1.00
693,467,1.00
694,467,1.00
702,467,0.26
693,468,1.00
694,468,1.00
695,468,1.00
696,468,1.00
697,468,1.00
698,468,1.00
699,468,1.00
700,468,1.00
701,468,1.00
694,469,1.00
695,469,1.00
696,469,1.00
697,469,1.00
698,469,1.00
699,469,1.00
700,469,1.00
692,468,1.00
702,468,0.06
693,469,1.00
701,469,0.71
694,470,1.00
695,470,1.00
696,470,1.00
697,470,1.00
698,470,1.00
699,470,1.00
700,470,1.00
691,463,0.06
691,464,0.26
691,465,0.51
691,466,0.80
691,467,1.00
691,468,1.00
691,469,1.00
692,469,1.00
692,470,1.00
693,470,1.00
693,471,1.00
694,471,1.00
695,471,1.00
696,471,1.00
697,471,1.00
698,471,1.00
699,471,1.00
691,470,1.00
701,470,0.36
692,471,1.00
700,471,1.00
693,472,1.00
694,472,1.00
695,472,1.00
696,472,1.00
697,472,1.00
698,472,1.00
699,472,1.00
691,471,1.00
701,471,0.20
691,472,1.00
692,472,1.00
700,472,1.00
701,472,0.06
692,473,1.00
693,473,1.00
694,473,1.00
695,473,1.00
696,473,1.00
697,473,1.00
698,473,1.00
699,473,1.00
700,473,0.97
693,474,1.00
694,474,1.00
695,474,1.00
696,474,1.00
697,474,1.00
698,474,1.00
699,474,1.00
690,467,0.06
690,468,0.26
690,469,0.51
690,470,0.69
690,471,0.84
690,472,0.86
690,473,0.86
691,473,1.00
691,474,1.00
692,474,1.00
692,475,1.00
693,475,1.00
694,475,1.00
695,475,1.00
696,475,1.00
697,475,1.00
698,475,1.00
690,474,0.86
700,474,0.86
691,475,1.00
699,475,1.00
692,476,1.00
693,476,1.00
694,476,1.00
695,476,1.00
696,476,1.00
697,476,1.00
698,476,1.00
690,475,0.89
700,475,0.89
690,476,0.89
691,476,1.00
699,476,1.00
700,476,0.89
691,477,1.00
692,477,1.00
693,477,1.00
694,477,1.00
695,477,1.00
696,477,1.00
697,477,1.00
698,477,1.00
699,477,1.00
692,478,1.00
693,478,1.00
694,478,1.00
695,478,1.00
696,478,1.00
697,478,1.00
698,478,1.00
690,477,0.86
700,477,0.86
690,478,0.80
691,478,1.00
699,478,1.00
700,478,0.80
691,479,1.00
692,479,1.00
693,479,1.00
694,479,1.00
695,479,1.00
696,479,1.00
697,479,1.00
698,479,1.00
699,479,1.00
692,480,1.00
693,480,1.00
694,480,1.00
695,480,1.00
696,480,1.00
697,480,1.00
698,480,1.00
690,479,0.71
700,479,0.71
691,480,1.00
699,480,1.00
692,481,1.00
693,481,1.00
694,481,1.00
695,481,1.00
696,481,1.00
697,481,1.00
698,481,1.00
690,480,0.74
700,480,0.86
690,481,0.66
691,481,1.00
699,481,1.00
700,481,0.99
691,482,1.00
692,482,1.00
693,482,1.00
694,482,1.00
695,482,1.00
696,482,1.00
697,482,1.00
698,482,1.00
699,482,1.00
692,483,1.00
693,483,1.00
694,483,1.00
695,483,1.00
696,483,1.00
697,483,1.00
698,483,1.00
690,482,0.54
700,482,1.00
690,483,0.36
691,483,1.00
699,483,1.00
700,483,1.00
691,484,0.96
692,484,1.00
693,484,1.00
694,484,1.00
695,484,1.00
696,484,1.00
697,484,1.00
698,484,1.00
699,484,1.00
692,485,1.00
693,485,1.00
694,485,1.00
695,485,1.00
696,485,1.00
697,485,1.00
698,485,1.00
690,484,0.20
700,484,1.00
690,485,0.06
691,485,0.63
699,485,1.00
700,485,1.00
691,486,0.32
692,486,1.00
693,486,1.00
694,486,1.00
695,486,1.00
696,486,1.00
697,486,1.00
698,486,1.00
699,486,1.00
692,487,0.72
693,487,1.00
694,487,1.00
695,487,1.00
696,487,1.00
697,487,1.00
698,487,1.00
701,481,0.06
701,482,0.20
701,483,0.41
701,484,0.87
701,485,1.00
700,486,1.00
701,486,1.00
691,487,0.06
699,487,1.00
700,487,1.00
701,487,1.00
692,488,0.41
693,488,0.96
694,488,1.00
695,488,1.00
696,488,1.00
697,488,1.00
698,488,1.00
699,488,1.00
700,488,1.00
693,489,0.57
694,489,1.00
695,489,1.00
696,489,1.00
697,489,1.00
698,489,1.00
699,489,1.00
702,484,0.11
702,485,0.54
702,486,1.00
702,487,1.00
701,488,1.00
702,488,1.00
692,489,0.20
700,489,1.00
701,489,1.00
702,489,1.00
692,490,0.06
693,490,0.33
694,490,0.89
695,490,1.00
696,490,1.00
697,490,1.00
698,490,1.00
699,490,1.00
700,490,1.00
701,490,1.00
702,490,1.00
693,491,0.11
694,491,0.54
695,491,1.00
696,491,1.00
697,491,1.00
698,491,1.00
699,491,1.00
700,491,1.00
701,491,1.00
694,492,0.11
695,492,0.84
696,492,1.00
697,492,1.00
698,492,1.00
699,492,1.00
700,492,1.00
703,485,0.11
703,486,0.39
704,486,0.06
703,487,0.84
704,487,0.32
703,488,1.00
704,488,0.84
703,489,1.00
704,489,1.00
703,490,1.00
704,490,1.00
702,491,1.00
703,491,1.00
704,491,1.00
701,492,1.00
702,492,1.00
703,492,1.00
704,492,1.00
695,493,0.32
696,493,0.84
697,493,1.00
698,493,1.00
699,493,1.00
700,493,1.00
701,493,1.00
702,493,1.00
703,493,1.00
696,494,0.39
697,494,1.00
698,494,1.00
699,494,1.00
700,494,1.00
701,494,1.00
702,494,1.00
705,488,0.11
705,489,0.54
705,490,1.00
705,491,1.00
705,492,1.00
704,493,1.00
705,493,1.00
695,494,0.06
703,494,1.00
704,494,1.00
705,494,1.00
696,495,0.11
697,495,0.54
698,495,1.00
699,495,1.00
700,495,1.00
701,495,1.00
702,495,1.00
703,495,1.00
704,495,1.00
697,496,0.11
698,496,0.54
699,496,1.00
700,496,1.00
701,496,1.00
702,496,1.00
703,496,1.00
706,489,0.11
706,490,0.54
707,490,0.11
706,491,1.00
707,491,0.74
706,492,1.00
707,492,1.00
706,493,1.00
707,493,1.00
706,494,1.00
707,494,1.00
705,495,1.00
706,495,1.00
707,495,1.00
704,496,1.00
705,496,1.00
706,496,1.00
707,496,1.00
698,497,0.11
699,497,0.54
700,497,1.00
701,497,1.00
702,497,1.00
703,497,1.00
704,497,1.00
705,497,1.00
706,497,1.00
699,498,0.11
700,498,0.74
701,498,1.00
702,498,1.00
703,498,1.00
704,498,1.00
705,498,1.00
708,491,0.17
708,492,0.97
709,492,0.38
708,493,1.00
709,493,1.00
708,494,1.00
709,494,1.00
708,495,1.00
709,495,1.00
708,496,1.00
709,496,1.00
707,497,1.00
708,497,1.00
709,497,1.00
706,498,1.00
707,498,1.00
708,498,1.00
709,498,1.00
700,499,0.17
701,499,0.67
702,499,1.00
703,499,1.00
704,499,1.00
705,499,1.00
706,499,1.00
707,499,1.00
708,499,1.00
701,500,0.17
702,500,0.59
703,500,1.00
704,500,1.00
705,500,1.00
706,500,1.00
707,500,1.00
710,493,0.59
710,494,1.00
710,495,1.00
710,496,1.00
710,497,1.00
710,498,1.00
709,499,1.00
710,499,1.00
708,500,1.00
709,500,1.00
702,501,0.06
703,501,0.58
704,501,1.00
705,501,1.00
706,501,1.00
707,501,1.00
708,501,1.00
710,492,0.06
711,493,0.17
711,494,0.93
712,494,0.23
711,495,1.00
712,495,1.00
711,496,1.00
712,496,1.00
711,497,1.00
712,497,1.00
711,498,1.00
712,498,1.00
711,499,1.00
712,499,1.00
710,500,1.00
711,500,1.00
712,500,1.00
709,501,1.00
710,501,1.00
711,501,1.00
704,502,0.56
705,502,1.00
706,502,1.00
707,502,1.00
708,502,1.00
709,502,1.00
710,502,1.00
713,495,0.23
713,496,1.00
713,497,1.00
713,498,1.00
713,499,1.00
713,500,1.00
712,501,1.00
713,501,1.00
711,502,1.00
712,502,1.00
705,503,0.56
706,503,1.00
707,503,1.00
708,503,1.00
709,503,1.00
710,503,1.00
711,503,1.00
703,502,0.06
713,502,1.00
704,503,0.11
712,503,1.00
705,504,0.06
706,504,0.43
707,504,1.00
708,504,1.00
709,504,1.00
710,504,1.00
711,504,1.00
714,496,0.23
714,497,1.00
714,498,1.00
714,499,1.00
714,500,1.00
714,501,1.00
714,502,1.00
713,503,1.00
712,504,1.00
715,497,0.43
715,498,1.00
715,499,1.00
715,500,1.00
715,501,1.00
715,502,1.00
714,503,1.00
715,503,1.00
713,504,1.00
714,504,1.00
707,505,0.23
708,505,0.93
709,505,1.00
710,505,1.00
711,505,1.00
712,505,1.00
713,505,1.00
716,498,0.71
716,499,1.00
716,500,1.00
716,501,1.00
716,502,1.00
716,503,1.00
715,504,1.00
716,504,1.00
714,505,1.00
715,505,1.00
708,506,0.17
709,506,0.71
710,506,1.00
711,506,1.00
712,506,1.00
713,506,1.00
714,506,1.00
717,499,1.00
717,500,1.00
717,501,1.00
717,502,1.00
717,503,1.00
717,504,1.00
716,505,1.00
717,505,1.00
715,506,1.00
716,506,1.00
709,507,0.06
710,507,0.49
711,507,1.00
712,507,1.00
713,507,1.00
714,507,1.00
715,507,1.00
716,497,0.06
717,498,0.17
718,499,0.28
718,500,1.00
718,501,1.00
718,502,1.00
718,503,1.00
718,504,1.00
718,505,1.00
717,506,1.00
716,507,1.00
719,500,0.55
719,501,1.00
719,502,1.00
719,503,1.00
719,504,1.00
719,505,1.00
718,506,1.00
719,506,1.00
717,507,1.00
718,507,1.00
711,508,0.34
712,508,1.00
713,508,1.00
714,508,1.00
715,508,1.00
716,508,1.00
717,508,1.00
720,501,0.77
720,502,1.00
720,503,1.00
720,504,1.00
720,505,1.00
720,506,1.00
719,507,1.00
720,507,1.00
718,508,1.00
719,508,1.00
712,509,0.23
713,509,0.91
714,509,1.00
715,509,1.00
716,509,1.00
717,509,1.00
718,509,1.00
721,502,1.00
721,503,1.00
721,504,1.00
721,505,1.00
721,506,1.00
721,507,1.00
720,508,1.00
721,508,1.00
719,509,1.00
720,509,1.00
713,510,0.06
714,510,0.38
715,510,0.89
716,510,1.00
717,510,1.00
718,510,1.00
719,510,1.00
720,500,0.06
721,501,0.17
722,502,0.38
722,503,1.00
722,504,1.00
722,505,1.00
722,506,1.00
722,507,1.00
722,508,1.00
721,509,1.00
720,510,1.00
723,503,0.39
723,504,1.00
723,505,1.00
723,506,1.00
723,507,1.00
723,508,1.00
722,509,1.00
723,509,1.00
721,510,1.00
722,510,1.00
715,511,0.06
716,511,0.52
717,511,1.00
718,511,1.00
719,511,1.00
720,511,1.00
721,511,1.00
723,502,0.06
724,503,0.11
724,504,0.39
725,504,0.06
724,505,1.00
725,505,0.52
724,506,1.00
725,506,1.00
724,507,1.00
725,507,1.00
724,508,1.00
725,508,1.00
724,509,1.00
725,509,1.00
723,510,1.00
724,510,1.00
725,510,1.00
722,511,1.00
723,511,1.00
724,511,1.00
717,512,0.39
718,512,1.00
719,512,1.00
720,512,1.00
721,512,1.00
722,512,1.00
723,512,1.00
726,506,0.69
726,507,1.00
726,508,1.00
726,509,1.00
726,510,1.00
725,511,1.00
726,511,1.00
716,512,0.06
724,512,1.00
725,512,1.00
726,512,1.00
717,513,0.11
718,513,0.39
719,513,0.84
720,513,1.00
721,513,1.00
722,513,1.00
723,513,1.00
724,513,1.00
725,513,1.00
718,514,0.06
719,514,0.32
720,514,0.69
721,514,1.00
722,514,1.00
723,514,1.00
724,514,1.00
726,505,0.06
727,506,0.32
727,507,1.00
728,507,0.59
727,508,1.00
728,508,1.00
727,509,1.00
728,509,1.00
727,510,1.00
728,510,1.00
727,511,1.00
728,511,1.00
727,512,1.00
728,512,1.00
726,513,1.00
727,513,1.00
728,513,1.00
725,514,1.00
726,514,1.00
727,514,1.00
720,515,0.06
721,515,0.38
722,515,1.00
723,515,1.00
724,515,1.00
725,515,1.00
726,515,1.00
728,506,0.06
729,507,0.17
729,508,1.00
730,508,0.28
729,509,1.00
730,509,1.00
729,510,1.00
730,510,1.00
729,511,1.00
730,511,1.00
729,512,1.00
730,512,1.00
729,513,1.00
730,513,1.00
728,514,1.00
729,514,1.00
730,514,1.00
727,515,1.00
728,515,1.00
729,515,1.00
722,516,0.28
723,516,1.00
724,516,1.00
725,516,1.00
726,516,1.00
727,516,1.00
728,516,1.00
731,509,0.34
731,510,1.00
731,511,1.00
731,512,1.00
731,513,1.00
731,514,1.00
730,515,1.00
731,515,1.00
729,516,1.00
730,516,1.00
723,517,0.34
724,517,1.00
725,517,1.00
726,517,1.00
727,517,1.00
728,517,1.00
729,517,1.00
732,510,0.28
732,511,1.00
732,512,1.00
732,513,1.00
732,514,1.00
732,515,1.00
731,516,1.00
732,516,1.00
730,517,1.00
731,517,1.00
724,518,0.28
725,518,1.00
726,518,1.00
727,518,1.00
728,518,1.00
729,518,1.00
730,518,1.00
733,511,0.23
733,512,1.00
733,513,1.00
733,514,1.00
733,515,1.00
733,516,1.00
732,517,1.00
733,517,1.00
731,518,1.00
732,518,1.00
725,519,0.23
726,519,1.00
727,519,1.00
728,519,1.00
729,519,1.00
730,519,1.00
731,519,1.00
734,512,0.23
734,513,0.87
734,514,1.00
734,515,1.00
734,516,1.00
734,517,1.00
733,518,1.00
734,518,1.00
732,519,1.00
733,519,1.00
726,520,0.53
727,520,1.00
728,520,1.00
729,520,1.00
730,520,1.00
731,520,1.00
732,520,1.00
735,513,0.17
735,514,0.54
735,515,0.98
735,516,1.00
735,517,1.00
735,518,1.00
734,519,1.00
735,519,1.00
733,520,1.00
734,520,1.00
727,521,0.98
728,521,1.00
729,521,1.00
730,521,1.00
731,521,1.00
732,521,1.00
733,521,1.00
736,514,0.06
736,515,0.20
736,516,0.47
736,517,0.93
736,518,1.00
736,519,1.00
735,520,1.00
736,520,1.00
734,521,1.00
735,521,1.00
728,522,1.00
729,522,1.00
730,522,1.00
731,522,1.00
732,522,1.00
733,522,1.00
734,522,1.00
726,521,0.20
736,521,1.00
726,522,0.06
727,522,0.54
735,522,1.00
736,522,1.00
727,523,0.17
728,523,1.00
729,523,1.00
730,523,1.00
731,523,1.00
732,523,1.00
733,523,1.00
734,523,1.00
735,523,1.00
728,524,1.00
729,524,1.00
730,524,1.00
731,524,1.00
732,524,1.00
733,524,1.00
734,524,1.00
737,517,0.06
737,518,0.32
737,519,0.63
737,520,0.96
737,521,1.00
737,522,1.00
736,523,1.00
737,523,1.00
735,524,1.00
736,524,1.00
729,525,1.00
730,525,1.00
731,525,1.00
732,525,1.00
733,525,1.00
734,525,1.00
735,525,1.00
738,519,0.06
738,520,0.20
738,521,0.36
738,522,0.59
738,523,0.92
737,524,1.00
738,524,1.00
728,525,0.69
736,525,1.00
737,525,1.00
738,525,1.00
729,526,1.00
730,526,1.00
731,526,1.00
732,526,1.00
733,526,1.00
734,526,1.00
735,526,1.00
736,526,1.00
737,526,1.00
730,527,1.00
731,527,1.00
732,527,1.00
733,527,1.00
734,527,1.00
735,527,1.00
736,527,1.00
728,526,0.51
738,526,1.00
728,527,0.26
729,527,1.00
737,527,1.00
738,527,1.00
729,528,1.00
730,528,1.00
731,528,1.00
732,528,1.00
733,528,1.00
734,528,1.00
735,528,1.00
736,528,1.00
737,528,1.00
730,529,1.00
731,529,1.00
732,529,1.00
733,529,1.00
734,529,1.00
735,529,1.00
736,529,1.00
728,528,0.06
738,528,1.00
729,529,1.00
737,529,1.00
730,530,1.00
731,530,1.00
732,530,1.00
733,530,1.00
734,530,1.00
735,530,1.00
736,530,1.00
739,524,0.06
739,525,0.26
739,526,0.51
739,527,0.69
739,528,0.89
738,529,1.00
739,529,1.00
729,530,1.00
737,530,1.00
738,530,1.00
739,530,1.00
730,531,1.00
731,531,1.00
732,531,1.00
733,531,1.00
734,531,1.00
735,531,1.00
736,531,1.00
737,531,1.00
738,531,1.00
731,532,1.00
732,532,1.00
733,532,1.00
734,532,1.00
735,532,1.00
736,532,1.00
737,532,1.00
729,531,1.00
739,531,1.00
730,532,1.00
738,532,1.00
731,533,1.00
732,533,1.00
733,533,1.00
734,533,1.00
735,533,1.00
736,533,1.00
737,533,1.00
729,532,1.00
739,532,1.00
729,533,1.00
730,533,1.00
738,533,1.00
739,533,1.00
730,534,1.00
731,534,1.00
732,534,1.00
733,534,1.00
734,534,1.00
735,534,1.00
736,534,1.00
737,534,1.00
738,534,1.00
731,535,1.00
732,535,1.00
733,535,1.00
734,535,1.00
735,535,1.00
736,535,1.00
737,535,1.00
729,534,1.00
739,534,1.00
730,535,1.00
738,535,1.00
731,536,1.00
732,536,1.00
733,536,1.00
734,536,1.00
735,536,1.00
736,536,1.00
737,536,1.00
729,535,1.00
739,535,1.00
730,536,1.00
738,536,1.00
731,537,1.00
732,537,1.00
733,537,1.00
734,537,1.00
735,537,1.00
736,537,1.00
737,537,1.00
729,536,1.00
739,536,1.00
730,537,1.00
738,537,1.00
731,538,1.00
732,538,1.00
733,538,1.00
734,538,1.00
735,538,1.00
736,538,1.00
737,538,1.00
729,537,1.00
739,537,1.00
730,538,1.00
738,538,1.00
731,539,1.00
732,539,1.00
733,539,1.00
734,539,1.00
735,539,1.00
736,539,1.00
737,539,1.00
729,538,1.00
739,538,1.00
730,539,1.00
738,539,1.00
731,540,1.00
732,540,1.00
733,540,1.00
734,540,1.00
735,540,1.00
736,540,1.00
737,540,1.00
729,539,1.00
739,539,1.00
729,540,1.00
730,540,1.00
738,540,1.00
739,540,0.86
730,541,1.00
731,541,1.00
732,541,1.00
733,541,1.00
734,541,1.00
735,541,1.00
736,541,1.00
737,541,1.00
738,541,1.00
731,542,1.00
732,542,1.00
733,542,1.00
734,542,1.00
735,542,1.00
736,542,1.00
737,542,1.00
729,541,1.00
739,541,0.47
730,542,1.00
738,542,1.00
731,543,1.00
732,543,1.00
733,543,1.00
734,543,1.00
735,543,1.00
736,543,1.00
737,543,1.00
729,542,1.00
739,542,0.11
730,543,1.00
738,543,0.40
731,544,1.00
732,544,1.00
733,544,1.00
734,544,1.00
735,544,1.00
736,544,1.00
737,544,0.51
728,537,0.34
728,538,1.00
728,539,1.00
728,540,1.00
728,541,1.00
728,542,1.00
728,543,1.00
729,543,1.00
729,544,1.00
730,544,1.00
730,545,1.00
731,545,1.00
732,545,1.00
733,545,1.00
734,545,1.00
735,545,1.00
736,545,0.34
727,538,0.23
727,539,1.00
727,540,1.00
727,541,1.00
727,542,1.00
727,543,1.00
727,544,1.00
728,544,1.00
728,545,1.00
729,545,1.00
729,546,1.00
730,546,1.00
731,546,1.00
732,546,1.00
733,546,1.00
734,546,1.00
735,546,0.23
726,539,0.23
726,540,1.00
726,541,1.00
726,542,1.00
726,543,1.00
726,544,1.00
726,545,1.00
727,545,1.00
727,546,1.00
728,546,1.00
728,547,1.00
729,547,1.00
730,547,1.00
731,547,1.00
732,547,1.00
733,547,1.00
734,547,0.23
725,540,0.23
725,541,1.00
725,542,1.00
725,543,1.00
725,544,1.00
725,545,1.00
725,546,1.00
726,546,1.00
726,547,1.00
727,547,1.00
727,548,1.00
728,548,1.00
729,548,1.00
730,548,1.00
731,548,1.00
732,548,1.00
733,548,0.23
724,541,0.23
724,542,1.00
724,543,1.00
724,544,1.00
724,545,1.00
724,546,1.00
724,547,1.00
725,547,1.00
725,548,1.00
726,548,1.00
726,549,1.00
727,549,1.00
728,549,1.00
729,549,1.00
730,549,1.00
731,549,1.00
732,549,0.23
723,542,0.23
723,543,1.00
723,544,1.00
723,545,1.00
723,546,1.00
723,547,1.00
723,548,1.00
724,548,1.00
724,549,1.00
725,549,1.00
725,550,1.00
726,550,1.00
727,550,1.00
728,550,1.00
729,550,1.00
730,550,1.00
731,550,0.23
722,543,0.23
722,544,1.00
722,545,1.00
722,546,1.00
722,547,1.00
722,548,1.00
722,549,1.00
723,549,1.00
723,550,1.00
724,550,1.00
724,551,1.00
725,551,1.00
726,551,1.00
727,551,1.00
728,551,1.00
729,551,0.87
730,551,0.23
721,544,0.68
721,545,1.00
721,546,1.00
721,547,1.00
721,548,1.00
721,549,1.00
721,550,1.00
722,550,1.00
722,551,1.00
723,551,1.00
723,552,1.00
724,552,1.00
725,552,1.00
726,552,1.00
727,552,0.87
728,552,0.54
729,552,0.17
720,545,1.00
720,546,1.00
720,547,1.00
720,548,1.00
720,549,1.00
720,550,1.00
720,551,1.00
721,551,1.00
721,552,1.00
722,552,1.00
722,553,1.00
723,553,0.94
724,553,0.81
725,553,0.67
726,553,0.41
727,553,0.20
728,553,0.06
719,544,0.45
720,544,0.51
718,545,1.00
719,545,1.00
717,546,1.00
718,546,1.00
719,546,1.00
717,547,1.00
718,547,1.00
719,547,1.00
717,548,1.00
718,548,1.00
719,548,1.00
717,549,1.00
718,549,1.00
719,549,1.00
717,550,1.00
718,550,1.00
719,550,1.00
717,551,1.00
718,551,1.00
719,551,1.00
717,552,1.00
718,552,1.00
719,552,1.00
720,552,1.00
718,553,1.00
719,553,1.00
720,553,1.00
721,553,1.00
719,554,0.45
720,554,0.51
721,554,0.51
722,554,0.39
723,554,0.30
724,554,0.20
725,554,0.06
716,544,0.59
717,544,0.56
718,544,0.51
715,545,1.00
716,545,1.00
717,545,1.00
714,546,1.00
715,546,1.00
716,546,1.00
714,547,1.00
715,547,1.00
716,547,1.00
714,548,1.00
715,548,1.00
716,548,1.00
714,549,1.00
715,549,1.00
716,549,1.00
714,550,1.00
715,550,1.00
716,550,1.00
714,551,1.00
715,551,1.00
716,551,1.00
714,552,1.00
715,552,1.00
716,552,1.00
715,553,1.00
716,553,1.00
717,553,1.00
716,554,0.59
717,554,0.56
718,554,0.51
713,544,0.92
714,544,0.80
715,544,0.66
712,545,1.00
713,545,1.00
714,545,1.00
711,546,1.00
712,546,1.00
713,546,1.00
711,547,1.00
712,547,1.00
713,547,1.00
711,548,1.00
712,548,1.00
713,548,1.00
711,549,1.00
712,549,1.00
713,549,1.00
711,550,1.00
712,550,1.00
713,550,1.00
711,551,1.00
712,551,1.00
713,551,1.00
711,552,1.00
712,552,1.00
713,552,1.00
712,553,1.00
713,553,1.00
714,553,1.00
713,554,0.92
714,554,0.80
715,554,0.66
711,544,1.00
712,544,1.00
710,545,1.00
711,545,1.00
709,546,1.00
710,546,1.00
709,547,1.00
710,547,1.00
709,548,1.00
710,548,1.00
709,549,1.00
710,549,1.00
709,550,1.00
710,550,1.00
709,551,1.00
710,551,1.00
709,552,1.00
710,552,1.00
710,553,1.00
711,553,1.00
711,554,1.00
712,554,1.00
709,544,1.00
710,544,1.00
708,545,1.00
709,545,1.00
707,546,1.00
708,546,1.00
707,547,1.00
708,547,1.00
707,548,1.00
708,548,1.00
707,549,1.00
708,549,1.00
707,550,1.00
708,550,1.00
707,551,1.00
708,551,1.00
707,552,1.00
708,552,1.00
708,553,1.00
709,553,1.00
709,554,1.00
710,554,1.00
708,544,1.00
707,545,1.00
706,546,1.00
706,547,1.00
706,548,1.00
706,549,1.00
706,550,1.00
706,551,1.00
706,552,1.00
707,553,1.00
708,554,1.00
707,544,0.92
706,545,1.00
705,546,1.00
705,547,1.00
705,548,1.00
705,549,1.00
705,550,1.00
705,551,1.00
705,552,1.00
706,553,1.00
707,554,0.92
706,544,0.86
705,545,1.00
704,546,1.00
704,547,1.00
704,548,1.00
704,549,1.00
704,550,1.00
704,551,1.00
704,552,1.00
705,553,1.00
706,554,0.86
705,544,0.98
704,545,1.00
703,546,1.00
703,547,1.00
703,548,1.00
703,549,1.00
703,550,1.00
703,551,1.00
703,552,1.00
704,553,1.00
705,554,0.86
703,544,1.00
704,544,1.00
702,545,1.00
703,545,1.00
701,546,1.00
702,546,1.00
701,547,1.00
702,547,1.00
701,548,1.00
702,548,1.00
701,549,1.00
702,549,1.00
701,550,1.00
702,550,1.00
701,551,1.00
702,551,1.00
701,552,1.00
702,552,1.00
702,553,1.00
703,553,1.00
703,554,0.69
704,554,0.84
701,544,1.00
702,544,1.00
700,545,1.00
701,545,1.00
699,546,1.00
700,546,1.00
699,547,1.00
700,547,1.00
699,548,1.00
700,548,1.00
699,549,1.00
700,549,1.00
699,550,1.00
700,550,1.00
699,551,1.00
700,551,1.00
699,552,1.00
700,552,1.00
700,553,1.00
701,553,1.00
701,554,0.26
702,554,0.51
700,544,1.00
699,545,1.00
698,546,1.00
698,547,1.00
698,548,1.00
698,549,1.00
698,550,1.00
698,551,1.00
698,552,1.00
699,553,0.95
700,554,0.06
698,543,1.00
699,543,1.00
700,543,1.00
701,543,1.00
702,543,1.00
703,543,0.38
704,543,0.06
697,544,1.00
698,544,1.00
699,544,1.00
696,545,1.00
697,545,1.00
698,545,1.00
696,546,1.00
697,546,1.00
696,547,1.00
697,547,1.00
696,548,1.00
697,548,1.00
696,549,1.00
697,549,1.00
696,550,1.00
697,550,1.00
696,551,1.00
697,551,1.00
697,552,1.00
698,553,0.56
697,543,1.00
696,544,1.00
695,545,1.00
695,546,1.00
695,547,1.00
695,548,1.00
695,549,1.00
695,550,1.00
695,551,1.00
696,552,1.00
697,553,0.26
696,543,1.00
695,544,1.00
694,545,1.00
694,546,1.00
694,547,1.00
694,548,1.00
694,549,1.00
694,550,1.00
694,551,1.00
695,552,0.38
696,553,0.06
696,542,1.00
697,542,1.00
698,542,1.00
699,542,1.00
700,542,0.68
701,542,0.26
702,542,0.06
695,543,1.00
694,544,1.00
695,542,1.00
694,543,1.00
693,544,1.00
693,545,1.00
693,546,1.00
693,547,1.00
693,548,1.00
693,549,1.00
693,550,1.00
694,542,1.00
693,543,1.00
692,544,1.00
692,545,1.00
692,546,1.00
692,547,1.00
692,548,1.00
692,549,1.00
692,550,1.00
693,551,0.68
694,552,0.06
693,541,1.00
694,541,1.00
695,541,1.00
696,541,1.00
697,541,0.79
698,541,0.26
699,541,0.06
692,542,1.00
693,542,1.00
691,543,1.00
692,543,1.00
691,544,1.00
691,545,1.00
691,546,1.00
691,547,1.00
691,548,1.00
691,549,1.00
692,541,1.00
691,542,1.00
690,543,1.00
690,544,1.00
690,545,1.00
690,546,1.00
690,547,1.00
690,548,1.00
690,549,1.00
691,550,1.00
692,551,0.26
691,541,1.00
690,542,1.00
689,543,1.00
689,544,1.00
689,545,1.00
689,546,1.00
689,547,1.00
689,548,1.00
689,549,1.00
690,550,0.64
691,551,0.06
690,540,1.00
691,540,1.00
692,540,1.00
693,540,1.00
694,540,1.00
695,540,0.64
696,540,0.11
689,541,1.00
690,541,1.00
688,542,1.00
689,542,1.00
688,543,1.00
688,544,1.00
688,545,1.00
688,546,1.00
688,547,1.00
688,548,1.00
689,540,1.00
688,541,1.00
687,542,1.00
687,543,1.00
687,544,1.00
687,545,1.00
687,546,1.00
687,547,1.00
687,548,1.00
688,549,0.79
689,550,0.11
688,539,1.00
689,539,1.00
690,539,1.00
691,539,1.00
692,539,0.79
693,539,0.26
694,539,0.06
687,540,1.00
688,540,1.00
686,541,1.00
687,541,1.00
686,542,1.00
686,543,1.00
686,544,1.00
686,545,1.00
686,546,1.00
686,547,1.00
687,539,1.00
686,540,1.00
685,541,1.00
685,542,1.00
685,543,1.00
685,544,1.00
685,545,1.00
685,546,1.00
685,547,1.00
686,548,1.00
687,549,0.26
686,539,1.00
685,540,1.00
684,541,1.00
684,542,1.00
684,543,1.00
684,544,1.00
684,545,1.00
684,546,1.00
684,547,1.00
685,548,1.00
686,549,0.06
685,538,1.00
686,538,1.00
687,538,1.00
688,538,1.00
689,538,0.86
690,538,0.47
691,538,0.11
684,539,1.00
685,539,1.00
683,540,1.00
684,540,1.00
683,541,1.00
683,542,1.00
683,543,1.00
683,544,1.00
683,545,1.00
683,546,1.00
684,538,1.00
683,539,1.00
682,540,1.00
682,541,1.00
682,542,1.00
682,543,1.00
682,544,1.00
682,545,1.00
682,546,1.00
683,547,1.00
684,548,1.00
683,538,1.00
682,539,1.00
681,540,1.00
681,541,1.00
681,542,1.00
681,543,1.00
681,544,1.00
681,545,1.00
681,546,1.00
682,547,1.00
683,548,1.00
682,538,1.00
681,539,1.00
680,540,1.00
680,541,1.00
680,542,1.00
680,543,1.00
680,544,1.00
680,545,1.00
680,546,1.00
681,547,1.00
682,548,1.00
681,538,1.00
680,539,1.00
679,540,1.00
679,541,1.00
679,542,1.00
679,543,1.00
679,544,1.00
679,545,1.00
679,546,1.00
680,547,1.00
681,548,1.00
680,538,1.00
679,539,1.00
678,540,1.00
678,541,1.00
678,542,1.00
678,543,1.00
678,544,1.00
678,545,1.00
678,546,1.00
679,547,1.00
680,548,1.00
679,538,1.00
678,539,1.00
677,540,1.00
677,541,1.00
677,542,1.00
677,543,1.00
677,544,1.00
677,545,1.00
677,546,1.00
678,547,1.00
679,548,0.89
678,538,1.00
677,539,1.00
676,540,1.00
676,541,1.00
676,542,1.00
676,543,1.00
676,544,1.00
676,545,1.00
676,546,1.00
677,547,1.00
678,548,0.56
677,538,1.00
676,539,1.00
675,540,1.00
675,541,1.00
675,542,1.00
675,543,1.00
675,544,1.00
675,545,1.00
675,546,1.00
676,547,1.00
677,548,0.26
676,538,1.00
675,539,1.00
674,540,1.00
674,541,1.00
674,542,1.00
674,543,1.00
674,544,1.00
674,545,1.00
674,546,1.00
675,547,1.00
676,548,0.06
675,537,1.00
676,537,1.00
677,537,1.00
678,537,0.89
679,537,0.56
680,537,0.26
681,537,0.06
674,538,1.00
675,538,1.00
673,539,1.00
674,539,1.00
673,540,1.00
673,541,1.00
673,542,1.00
673,543,1.00
673,544,1.00
673,545,1.00
674,537,1.00
673,538,1.00
672,539,1.00
672,540,1.00
672,541,1.00
672,542,1.00
672,543,1.00
672,544,1.00
672,545,1.00
673,546,1.00
674,547,1.00
673,537,1.00
672,538,1.00
671,539,1.00
671,540,1.00
671,541,1.00
671,542,1.00
671,543,1.00
671,544,1.00
671,545,1.00
672,546,1.00
673,547,1.00
672,537,1.00
671,538,1.00
670,539,1.00
670,540,1.00
670,541,1.00
670,542,1.00
670,543,1.00
670,544,1.00
670,545,1.00
671,546,1.00
672,547,1.00
671,537,0.92
670,538,1.00
669,539,1.00
669,540,1.00
669,541,1.00
669,542,1.00
669,543,1.00
669,544,1.00
669,545,1.00
670,546,1.00
671,547,1.00
670,537,0.47
669,538,1.00
668,539,1.00
668,540,1.00
668,541,1.00
668,542,1.00
668,543,1.00
668,544,1.00
668,545,1.00
669,546,1.00
670,547,1.00
669,537,0.11
668,538,0.49
667,539,0.77
667,540,1.00
667,541,1.00
667,542,1.00
667,543,1.00
667,544,1.00
667,545,1.00
668,546,1.00
669,547,1.00
666,540,1.00
666,541,1.00
666,542,1.00
666,543,1.00
666,544,1.00
666,545,1.00
666,546,1.00
667,546,1.00
667,547,1.00
668,547,1.00
668,548,1.00
669,548,1.00
670,548,1.00
671,548,1.00
672,548,0.89
673,548,0.38
674,548,0.06
667,538,0.06
666,539,0.17
665,540,0.68
665,541,1.00
665,542,1.00
665,543,1.00
665,544,1.00
665,545,1.00
665,546,1.00
666,547,1.00
667,548,1.00
664,541,1.00
664,542,1.00
664,543,1.00
664,544,1.00
664,545,1.00
664,546,1.00
664,547,1.00
665,547,1.00
665,548,1.00
666,548,1.00
666,549,1.00
667,549,1.00
668,549,1.00
669,549,1.00
670,549,0.80
671,549,0.32
672,549,0.06
664,540,0.26
663,541,0.65
662,542,1.00
663,542,1.00
662,543,1.00
663,543,1.00
662,544,1.00
663,544,1.00
662,545,1.00
663,545,1.00
662,546,1.00
663,546,1.00
662,547,1.00
663,547,1.00
662,548,1.00
663,548,1.00
664,548,1.00
663,549,1.00
664,549,1.00
665,549,1.00
664,550,1.00
665,550,1.00
666,550,1.00
667,550,1.00
668,550,1.00
669,550,0.43
670,550,0.06
663,540,0.06
662,541,0.17
661,542,0.43
661,543,1.00
661,544,1.00
661,545,1.00
661,546,1.00
661,547,1.00
661,548,1.00
662,549,1.00
663,550,1.00
660,543,0.73
660,544,1.00
660,545,1.00
660,546,1.00
660,547,1.00
660,548,1.00
660,549,1.00
661,549,1.00
661,550,1.00
662,550,1.00
662,551,1.00
663,551,1.00
664,551,1.00
665,551,1.00
666,551,1.00
667,551,1.00
668,551,1.00
659,544,0.85
659,545,1.00
659,546,1.00
659,547,1.00
659,548,1.00
659,549,1.00
659,550,1.00
660,550,1.00
660,551,1.00
661,551,1.00
661,552,1.00
662,552,1.00
663,552,1.00
664,552,1.00
665,552,1.00
666,552,1.00
667,552,1.00
660,542,0.06
659,543,0.11
658,544,0.06
658,545,0.43
658,546,1.00
658,547,1.00
658,548,1.00
658,549,1.00
658,550,1.00
659,551,1.00
660,552,1.00
658,551,1.00
659,552,1.00
660,553,1.00
661,553,1.00
662,553,1.00
663,553,1.00
664,553,1.00
665,553,1.00
666,553,1.00
658,552,1.00
668,552,0.56
659,553,1.00
667,553,1.00
660,554,1.00
661,554,1.00
662,554,1.00
663,554,1.00
664,554,1.00
665,554,1.00
666,554,1.00
658,553,1.00
668,553,0.26
659,554,1.00
667,554,1.00
660,555,1.00
661,555,1.00
662,555,1.00
663,555,1.00
664,555,1.00
665,555,1.00
666,555,1.00
658,554,1.00
668,554,0.06
659,555,1.00
667,555,0.65
660,556,1.00
661,556,1.00
662,556,1.00
663,556,1.00
664,556,1.00
665,556,1.00
666,556,1.00
657,550,0.06
657,551,0.20
657,552,0.36
657,553,0.65
657,554,0.93
657,555,1.00
658,555,1.00
657,556,1.00
658,556,1.00
659,556,1.00
667,556,0.36
658,557,1.00
659,557,1.00
660,557,1.00
661,557,1.00
662,557,1.00
663,557,1.00
664,557,1.00
665,557,1.00
666,557,1.00
659,558,1.00
660,558,1.00
661,558,1.00
662,558,1.00
663,558,1.00
664,558,1.00
665,558,1.00
657,557,1.00
667,557,0.20
657,558,1.00
658,558,1.00
666,558,0.93
667,558,0.06
658,559,1.00
659,559,1.00
660,559,1.00
661,559,1.00
662,559,1.00
663,559,1.00
664,559,1.00
665,559,1.00
666,559,0.65
659,560,1.00
660,560,1.00
661,560,1.00
662,560,1.00
663,560,1.00
664,560,1.00
665,560,1.00
656,554,0.06
656,555,0.20
656,556,0.47
656,557,0.87
656,558,1.00
656,559,1.00
657,559,1.00
656,560,1.00
657,560,1.00
658,560,1.00
666,560,0.36
657,561,1.00
658,561,1.00
659,561,1.00
660,561,1.00
661,561,1.00
662,561,1.00
663,561,1.00
664,561,1.00
665,561,1.00
658,562,1.00
659,562,1.00
660,562,1.00
661,562,1.00
662,562,1.00
663,562,1.00
664,562,1.00
656,561,1.00
666,561,0.20
656,562,1.00
657,562,1.00
665,562,1.00
666,562,0.06
657,563,1.00
658,563,1.00
659,563,1.00
660,563,1.00
661,563,1.00
662,563,1.00
663,563,1.00
664,563,1.00
665,563,0.83
658,564,1.00
659,564,1.00
660,564,1.00
661,564,1.00
662,564,1.00
663,564,1.00
664,564,1.00
655,557,0.06
655,558,0.20
655,559,0.36
655,560,0.54
655,561,0.66
655,562,0.74
655,563,0.71
656,563,1.00
656,564,1.00
657,564,1.00
657,565,1.00
658,565,1.00
659,565,1.00
660,565,1.00
661,565,1.00
662,565,1.00
663,565,1.00
655,564,0.86
665,564,0.74
655,565,0.99
656,565,1.00
664,565,1.00
665,565,0.66
656,566,1.00
657,566,1.00
658,566,1.00
659,566,1.00
660,566,1.00
661,566,1.00
662,566,1.00
663,566,1.00
664,566,1.00
657,567,1.00
658,567,1.00
659,567,1.00
660,567,1.00
661,567,1.00
662,567,1.00
663,567,1.00
655,566,1.00
665,566,0.54
655,567,1.00
656,567,1.00
664,567,1.00
665,567,0.36
656,568,1.00
657,568,1.00
658,568,1.00
659,568,1.00
660,568,1.00
661,568,1.00
662,568,1.00
663,568,1.00
664,568,1.00
657,569,1.00
658,569,1.00
659,569,1.00
660,569,1.00
661,569,1.00
662,569,1.00
663,569,1.00
655,568,1.00
665,568,0.20
655,569,1.00
656,569,1.00
664,569,0.99
665,569,0.06
656,570,1.00
657,570,1.00
658,570,1.00
659,570,1.00
660,570,1.00
661,570,1.00
662,570,1.00
663,570,1.00
664,570,0.86
657,571,1.00
658,571,1.00
659,571,1.00
660,571,1.00
661,571,1.00
662,571,1.00
663,571,1.00
654,565,0.06
654,566,0.20
654,567,0.36
654,568,0.54
654,569,0.66
654,570,0.74
655,570,1.00
654,571,0.71
655,571,1.00
656,571,1.00
664,571,0.71
655,572,1.00
656,572,1.00
657,572,1.00
658,572,1.00
659,572,1.00
660,572,1.00
661,572,1.00
662,572,1.00
663,572,1.00
656,573,1.00
657,573,1.00
658,573,1.00
659,573,1.00
660,573,1.00
661,573,1.00
662,573,1.00
654,572,0.74
664,572,0.74
654,573,0.66
655,573,1.00
663,573,1.00
664,573,0.66
655,574,1.00
656,574,1.00
657,574,1.00
658,574,1.00
659,574,1.00
660,574,1.00
661,574,1.00
662,574,1.00
663,574,1.00
656,575,1.00
657,575,1.00
658,575,1.00
659,575,1.00
660,575,1.00
661,575,1.00
662,575,1.00
654,574,0.59
664,574,0.59
654,575,0.56
655,575,1.00
663,575,1.00
664,575,0.56
655,576,1.00
656,576,1.00
657,576,1.00
658,576,1.00
659,576,1.00
660,576,1.00
661,576,1.00
662,576,1.00
663,576,1.00
656,577,1.00
657,577,1.00
658,577,1.00
659,577,1.00
660,577,1.00
661,577,1.00
662,577,1.00
654,576,0.51
664,576,0.51
654,577,0.45
655,577,1.00
663,577,1.00
664,577,0.45
655,578,1.00
656,578,1.00
657,578,1.00
658,578,1.00
659,578,1.00
660,578,1.00
661,578,1.00
662,578,1.00
663,578,1.00
656,579,1.00
657,579,1.00
658,579,1.00
659,579,1.00
660,579,1.00
661,579,1.00
662,579,1.00
654,578,0.51
664,578,0.51
654,579,0.56
655,579,1.00
663,579,1.00
664,579,0.56
654,580,0.59
655,580,1.00
656,580,1.00
657,580,1.00
658,580,1.00
659,580,1.00
660,580,1.00
661,580,1.00
662,580,1.00
663,580,1.00
664,580,0.59
655,581,1.00
656,581,1.00
657,581,1.00
658,581,1.00
659,581,1.00
660,581,1.00
661,581,1.00
662,581,1.00
663,581,1.00
656,582,1.00
657,582,1.00
658,582,1.00
659,582,1.00
660,582,1.00
661,582,1.00
662,582,1.00
654,581,0.60
664,581,0.60
654,582,0.59
655,582,1.00
663,582,1.00
664,582,0.59
654,583,0.62
655,583,1.00
656,583,1.00
657,583,1.00
658,583,1.00
659,583,1.00
660,583,1.00
661,583,1.00
662,583,1.00
663,583,1.00
664,583,0.62
655,584,1.00
656,584,1.00
657,584,1.00
658,584,1.00
659,584,1.00
660,584,1.00
661,584,1.00
662,584,1.00
663,584,1.00
656,585,1.00
657,585,1.00
658,585,1.00
659,585,1.00
660,585,1.00
661,585,1.00
662,585,1.00
654,584,0.71
664,584,0.71
654,585,0.75
655,585,1.00
663,585,1.00
664,585,0.75
655,586,1.00
656,586,1.00
657,586,1.00
658,586,1.00
659,586,1.00
660,586,1.00
661,586,1.00
662,586,1.00
663,586,1.00
656,587,1.00
657,587,1.00
658,587,1.00
659,587,1.00
660,587,1.00
661,587,1.00
662,587,1.00
654,586,0.84
664,586,0.84
654,587,0.86
655,587,1.00
663,587,1.00
664,587,0.86
654,588,0.80
655,588,1.00
656,588,1.00
657,588,1.00
658,588,1.00
659,588,1.00
660,588,1.00
661,588,1.00
662,588,1.00
663,588,1.00
664,588,0.80
655,589,1.00
656,589,1.00
657,589,1.00
658,589,1.00
659,589,1.00
660,589,1.00
661,589,1.00
662,589,1.00
663,589,1.00
656,590,1.00
657,590,1.00
658,590,1.00
659,590,1.00
660,590,1.00
661,590,1.00
662,590,1.00
654,589,0.71
664,589,0.71
655,590,1.00
663,590,1.00
656,591,1.00
657,591,1.00
658,591,1.00
659,591,1.00
660,591,1.00
661,591,1.00
662,591,1.00
654,590,0.74
664,590,0.74
654,591,0.71
655,591,1.00
663,591,1.00
664,591,0.71
655,592,1.00
656,592,1.00
657,592,1.00
658,592,1.00
659,592,1.00
660,592,1.00
661,592,1.00
662,592,1.00
663,592,1.00
656,593,1.00
657,593,1.00
658,593,1.00
659,593,1.00
660,593,1.00
661,593,1.00
662,593,1.00
654,592,0.74
664,592,0.74
654,593,0.71
655,593,1.00
663,593,1.00
664,593,0.71
655,594,1.00
656,594,1.00
657,594,1.00
658,594,1.00
659,594,1.00
660,594,1.00
661,594,1.00
662,594,1.00
663,594,1.00
656,595,1.00
657,595,1.00
658,595,1.00
659,595,1.00
660,595,1.00
661,595,1.00
662,595,1.00
654,594,0.74
664,594,0.74
654,595,0.71
655,595,1.00
663,595,1.00
664,595,0.83
655,596,1.00
656,596,1.00
657,596,1.00
658,596,1.00
659,596,1.00
660,596,1.00
661,596,1.00
662,596,1.00
663,596,1.00
656,597,1.00
657,597,1.00
658,597,1.00
659,597,1.00
660,597,1.00
661,597,1.00
662,597,1.00
654,596,0.74
664,596,1.00
654,597,0.66
655,597,1.00
663,597,1.00
664,597,1.00
655,598,1.00
656,598,1.00
657,598,1.00
658,598,1.00
659,598,1.00
660,598,1.00
661,598,1.00
662,598,1.00
663,598,1.00
656,599,1.00
657,599,1.00
658,599,1.00
659,599,1.00
660,599,1.00
661,599,1.00
662,599,1.00
654,598,0.54
664,598,1.00
654,599,0.36
655,599,1.00
663,599,1.00
664,599,1.00
655,600,1.00
656,600,1.00
657,600,1.00
658,600,1.00
659,600,1.00
660,600,1.00
661,600,1.00
662,600,1.00
663,600,1.00
656,601,1.00
657,601,1.00
658,601,1.00
659,601,1.00
660,601,1.00
661,601,1.00
662,601,1.00
654,600,0.20
664,600,1.00
654,601,0.06
655,601,1.00
663,601,1.00
664,601,1.00
655,602,1.00
656,602,1.00
657,602,1.00
658,602,1.00
659,602,1.00
660,602,1.00
661,602,1.00
662,602,1.00
663,602,1.00
656,603,1.00
657,603,1.00
658,603,1.00
659,603,1.00
660,603,1.00
661,603,1.00
662,603,1.00
665,596,0.06
665,597,0.20
665,598,0.36
665,599,0.59
665,600,0.86
665,601,1.00
664,602,1.00
665,602,1.00
663,603,1.00
664,603,1.00
657,604,1.00
658,604,1.00
659,604,1.00
660,604,1.00
661,604,1.00
662,604,1.00
663,604,1.00
655,603,1.00
665,603,1.00
655,604,1.00
656,604,1.00
664,604,1.00
665,604,1.00
656,605,1.00
657,605,1.00
658,605,1.00
659,605,1.00
660,605,1.00
661,605,1.00
662,605,1.00
663,605,1.00
664,605,1.00
657,606,1.00
658,606,1.00
659,606,1.00
660,606,1.00
661,606,1.00
662,606,1.00
663,606,1.00
655,605,1.00
665,605,1.00
656,606,1.00
664,606,1.00
657,607,1.00
658,607,1.00
659,607,1.00
660,607,1.00
661,607,1.00
662,607,1.00
663,607,1.00
655,606,1.00
665,606,1.00
656,607,1.00
664,607,1.00
657,608,1.00
658,608,1.00
659,608,1.00
660,608,1.00
661,608,1.00
662,608,1.00
663,608,1.00
655,607,1.00
665,607,1.00
656,608,1.00
664,608,1.00
657,609,1.00
658,609,1.00
659,609,1.00
660,609,1.00
661,609,1.00
662,609,1.00
663,609,1.00
655,608,1.00
665,608,1.00
656,609,1.00
664,609,1.00
657,610,1.00
658,610,1.00
659,610,1.00
660,610,1.00
661,610,1.00
662,610,1.00
663,610,1.00
655,609,1.00
665,609,1.00
656,610,1.00
664,610,1.00
657,611,1.00
658,611,1.00
659,611,1.00
660,611,1.00
661,611,1.00
662,611,1.00
663,611,1.00
655,610,1.00
665,610,1.00
656,611,1.00
664,611,1.00
657,612,1.00
658,612,1.00
659,612,1.00
660,612,1.00
661,612,1.00
662,612,1.00
663,612,1.00
655,611,1.00
665,611,1.00
656,612,1.00
664,612,1.00
657,613,1.00
658,613,1.00
659,613,1.00
660,613,1.00
661,613,1.00
662,613,1.00
663,613,1.00
655,612,1.00
665,612,1.00
656,613,1.00
664,613,1.00
657,614,1.00
658,614,1.00
659,614,1.00
660,614,1.00
661,614,1.00
662,614,1.00
663,614,1.00
655,613,1.00
665,613,1.00
655,614,1.00
656,614,1.00
664,614,1.00
665,614,1.00
656,615,1.00
657,615,1.00
658,615,1.00
659,615,1.00
660,615,1.00
661,615,1.00
662,615,1.00
663,615,1.00
664,615,1.00
657,616,1.00
658,616,1.00
659,616,1.00
660,616,1.00
661,616,1.00
662,616,1.00
663,616,1.00
655,615,1.00
665,615,0.67
656,616,1.00
664,616,1.00
657,617,1.00
658,617,1.00
659,617,1.00
660,617,1.00
661,617,1.00
662,617,1.00
663,617,1.00
655,616,1.00
665,616,0.26
656,617,1.00
664,617,0.65
657,618,1.00
658,618,1.00
659,618,1.00
660,618,1.00
661,618,1.00
662,618,1.00
663,618,1.00
655,617,1.00
665,617,0.06
656,618,1.00
664,618,0.17
657,619,1.00
658,619,1.00
659,619,1.00
660,619,1.00
661,619,1.00
662,619,1.00
663,619,0.58
654,612,0.06
654,613,1.00
654,614,1.00
654,615,1.00
654,616,1.00
654,617,1.00
654,618,1.00
655,618,1.00
655,619,1.00
656,619,1.00
656,620,1.00
657,620,1.00
658,620,1.00
659,620,1.00
660,620,1.00
661,620,1.00
662,620,1.00
653,614,1.00
653,615,1.00
653,616,1.00
653,617,1.00
653,618,1.00
653,619,1.00
654,619,1.00
653,620,1.00
654,620,1.00
655,620,1.00
663,620,0.11
654,621,1.00
655,621,1.00
656,621,1.00
657,621,1.00
658,621,1.00
659,621,1.00
660,621,1.00
661,621,1.00
662,621,0.40
655,622,1.00
656,622,1.00
657,622,1.00
658,622,1.00
659,622,1.00
660,622,1.00
661,622,0.46
652,615,1.00
652,616,1.00
652,617,1.00
652,618,1.00
652,619,1.00
652,620,1.00
652,621,1.00
653,621,1.00
653,622,1.00
654,622,1.00
654,623,1.00
655,623,1.00
656,623,1.00
657,623,1.00
658,623,1.00
659,623,0.90
660,623,0.17
653,613,0.11
652,614,0.29
651,615,0.28
651,616,1.00
651,617,1.00
651,618,1.00
651,619,1.00
651,620,1.00
651,621,1.00
652,622,1.00
653,623,1.00
650,616,0.38
650,617,1.00
650,618,1.00
650,619,1.00
650,620,1.00
650,621,1.00
650,622,1.00
651,622,1.00
651,623,1.00
652,623,1.00
652,624,1.00
653,624,1.00
654,624,1.00
655,624,1.00
656,624,1.00
657,624,0.59
658,624,0.17
649,617,0.69
649,618,1.00
649,619,1.00
649,620,1.00
649,621,1.00
649,622,1.00
649,623,1.00
650,623,1.00
650,624,1.00
651,624,1.00
651,625,1.00
652,625,1.00
653,625,1.00
654,625,1.00
655,625,0.69
656,625,0.32
657,625,0.06
649,616,0.06
648,617,0.32
647,618,0.69
648,618,1.00
647,619,1.00
648,619,1.00
647,620,1.00
648,620,1.00
647,621,1.00
648,621,1.00
647,622,1.00
648,622,1.00
647,623,1.00
648,623,1.00
647,624,1.00
648,624,1.00
649,624,1.00
648,625,1.00
649,625,1.00
650,625,1.00
649,626,1.00
650,626,1.00
651,626,1.00
652,626,1.00
653,626,0.69
654,626,0.32
655,626,0.06
647,617,0.06
646,618,0.32
645,619,1.00
646,619,1.00
645,620,1.00
646,620,1.00
645,621,1.00
646,621,1.00
645,622,1.00
646,622,1.00
645,623,1.00
646,623,1.00
645,624,1.00
646,624,1.00
645,625,1.00
646,625,1.00
647,625,1.00
646,626,1.00
647,626,1.00
648,626,1.00
647,627,1.00
648,627,1.00
649,627,1.00
650,627,1.00
651,627,1.00
652,627,0.43
653,627,0.06
645,618,0.06
644,619,1.00
643,620,1.00
644,620,1.00
643,621,1.00
644,621,1.00
643,622,1.00
644,622,1.00
643,623,1.00
644,623,1.00
643,624,1.00
644,624,1.00
643,625,1.00
644,625,1.00
643,626,1.00
644,626,1.00
645,626,1.00
644,627,1.00
645,627,1.00
646,627,1.00
645,628,1.00
646,628,1.00
647,628,1.00
648,628,1.00
649,628,1.00
650,628,1.00
651,628,0.29
642,621,1.00
642,622,1.00
642,623,1.00
642,624,1.00
642,625,1.00
642,626,1.00
642,627,1.00
643,627,1.00
643,628,1.00
644,628,1.00
644,629,1.00
645,629,1.00
646,629,1.00
647,629,1.00
648,629,1.00
649,629,0.52
650,629,0.11
643,619,0.77
642,620,1.00
641,621,1.00
641,622,1.00
641,623,1.00
641,624,1.00
641,625,1.00
641,626,1.00
641,627,1.00
642,628,1.00
643,629,0.77
641,619,0.86
642,619,0.80
640,620,1.00
641,620,1.00
639,621,1.00
640,621,1.00
639,622,1.00
640,622,1.00
639,623,1.00
640,623,1.00
639,624,1.00
640,624,1.00
639,625,1.00
640,625,1.00
639,626,1.00
640,626,1.00
639,627,1.00
640,627,1.00
640,628,1.00
641,628,1.00
641,629,0.86
642,629,0.80
639,619,0.95
640,619,0.89
638,620,1.00
639,620,1.00
637,621,1.00
638,621,1.00
637,622,1.00
638,622,1.00
637,623,1.00
638,623,1.00
637,624,1.00
638,624,1.00
637,625,1.00
638,625,1.00
637,626,1.00
638,626,1.00
637,627,1.00
638,627,1.00
638,628,1.00
639,628,1.00
639,629,0.95
640,629,0.89
637,619,0.95
638,619,1.00
636,620,1.00
637,620,1.00
635,621,1.00
636,621,1.00
635,622,1.00
636,622,1.00
635,623,1.00
636,623,1.00
635,624,1.00
636,624,1.00
635,625,1.00
636,625,1.00
635,626,1.00
636,626,1.00
635,627,1.00
636,627,1.00
636,628,1.00
637,628,1.00
637,629,0.95
638,629,1.00
636,619,1.00
635,620,1.00
634,621,1.00
634,622,1.00
634,623,1.00
634,624,1.00
634,625,1.00
634,626,1.00
634,627,1.00
635,628,1.00
636,629,0.89
634,619,1.00
635,619,1.00
633,620,1.00
634,620,1.00
632,621,1.00
633,621,1.00
632,622,1.00
633,622,1.00
632,623,1.00
633,623,1.00
632,624,1.00
633,624,1.00
632,625,1.00
633,625,1.00
632,626,1.00
633,626,1.00
632,627,1.00
633,627,1.00
633,628,1.00
634,628,1.00
634,629,0.59
635,629,0.81
633,619,1.00
632,620,1.00
631,621,1.00
631,622,1.00
631,623,1.00
631,624,1.00
631,625,1.00
631,626,1.00
631,627,1.00
632,628,1.00
633,629,0.36
631,619,1.00
632,619,1.00
630,620,1.00
631,620,1.00
629,621,1.00
630,621,1.00
629,622,1.00
630,622,1.00
629,623,1.00
630,623,1.00
629,624,1.00
630,624,1.00
629,625,1.00
630,625,1.00
629,626,1.00
630,626,1.00
629,627,1.00
630,627,1.00
630,628,0.62
631,628,0.84
631,629,0.06
632,629,0.20
629,618,0.90
630,618,0.84
631,618,0.62
632,618,0.39
633,618,0.30
634,618,0.20
635,618,0.06
628,619,1.00
629,619,1.00
630,619,1.00
627,620,1.00
628,620,1.00
629,620,1.00
627,621,1.00
628,621,1.00
627,622,1.00
628,622,1.00
627,623,1.00
628,623,1.00
627,624,1.00
628,624,1.00
627,625,1.00
628,625,1.00
627,626,1.00
628,626,1.00
628,627,1.00
629,628,0.39
626,618,1.00
627,618,1.00
628,618,1.00
625,619,1.00
626,619,1.00
627,619,1.00
624,620,1.00
625,620,1.00
626,620,1.00
624,621,1.00
625,621,1.00
626,621,1.00
624,622,1.00
625,622,1.00
626,622,1.00
624,623,1.00
625,623,1.00
626,623,1.00
624,624,1.00
625,624,1.00
626,624,1.00
624,625,1.00
625,625,1.00
626,625,1.00
624,626,0.39
625,626,0.84
626,626,1.00
625,627,0.32
626,627,0.63
627,627,0.84
626,628,0.06
627,628,0.20
628,628,0.30
624,617,1.00
625,617,1.00
626,617,1.00
627,617,0.67
628,617,0.36
629,617,0.20
630,617,0.06
623,618,1.00
624,618,1.00
625,618,1.00
622,619,1.00
623,619,1.00
624,619,1.00
622,620,1.00
623,620,1.00
622,621,1.00
623,621,1.00
622,622,1.00
623,622,1.00
622,623,1.00
623,623,1.00
622,624,1.00
623,624,1.00
622,625,0.36
623,625,0.67
623,626,0.11
624,627,0.06
620,615,1.00
621,615,1.00
622,615,1.00
623,615,0.90
624,615,0.63
625,615,0.32
626,615,0.06
619,616,1.00
620,616,1.00
621,616,1.00
622,616,1.00
623,616,1.00
624,616,1.00
625,616,0.84
626,616,0.39
627,616,0.11
618,617,1.00
619,617,1.00
620,617,1.00
621,617,1.00
622,617,1.00
623,617,1.00
618,618,1.00
619,618,1.00
620,618,1.00
621,618,1.00
622,618,1.00
618,619,1.00
619,619,1.00
620,619,1.00
621,619,1.00
618,620,1.00
619,620,1.00
620,620,1.00
621,620,1.00
618,621,1.00
619,621,1.00
620,621,1.00
621,621,1.00
618,622,1.00
619,622,1.00
620,622,1.00
621,622,1.00
618,623,0.72
619,623,1.00
620,623,1.00
621,623,1.00
619,624,0.32
620,624,0.63
621,624,0.84
620,625,0.06
621,625,0.20
618,614,1.00
619,614,1.00
620,614,1.00
621,614,0.72
622,614,0.41
623,614,0.20
624,614,0.06
617,615,1.00
618,615,1.00
619,615,1.00
616,616,1.00
617,616,1.00
618,616,1.00
616,617,1.00
617,617,1.00
616,618,1.00
617,618,1.00
616,619,1.00
617,619,1.00
616,620,1.00
617,620,1.00
616,621,1.00
617,621,1.00
616,622,0.90
617,622,1.00
617,623,0.41
618,624,0.06
615,613,1.00
616,613,1.00
617,613,1.00
618,613,1.00
619,613,0.97
620,613,0.38
621,613,0.06
614,614,1.00
615,614,1.00
616,614,1.00
617,614,1.00
613,615,1.00
614,615,1.00
615,615,1.00
616,615,1.00
613,616,1.00
614,616,1.00
615,616,1.00
613,617,1.00
614,617,1.00
615,617,1.00
613,618,1.00
614,618,1.00
615,618,1.00
613,619,1.00
614,619,1.00
615,619,1.00
613,620,1.00
614,620,1.00
615,620,1.00
613,621,0.59
614,621,1.00
615,621,1.00
614,622,0.32
615,622,0.63
615,623,0.06
616,623,0.20
613,612,1.00
614,612,1.00
615,612,1.00
616,612,1.00
617,612,1.00
618,612,0.54
619,612,0.17
612,613,1.00
613,613,1.00
614,613,1.00
611,614,1.00
612,614,1.00
613,614,1.00
611,615,1.00
612,615,1.00
611,616,1.00
612,616,1.00
611,617,1.00
612,617,1.00
611,618,1.00
612,618,1.00
611,619,0.84
612,619,1.00
611,620,0.17
612,620,0.67
612,621,0.17
613,622,0.06
612,611,1.00
613,611,1.00
614,611,1.00
615,611,1.00
616,611,0.63
617,611,0.26
618,611,0.06
611,612,1.00
612,612,1.00
610,613,1.00
611,613,1.00
610,614,1.00
610,615,1.00
610,616,1.00
610,617,1.00
610,618,1.00
610,619,0.26
609,609,1.00
610,609,1.00
611,609,1.00
612,609,1.00
613,609,1.00
614,609,0.52
615,609,0.06
608,610,1.00
609,610,1.00
610,610,1.00
611,610,1.00
612,610,1.00
613,610,1.00
614,610,1.00
615,610,0.39
616,610,0.11
607,611,1.00
608,611,1.00
609,611,1.00
610,611,1.00
611,611,1.00
607,612,1.00
608,612,1.00
609,612,1.00
610,612,1.00
607,613,1.00
608,613,1.00
609,613,1.00
607,614,1.00
608,614,1.00
609,614,1.00
607,615,1.00
608,615,1.00
609,615,1.00
607,616,1.00
608,616,1.00
609,616,1.00
607,617,0.39
608,617,0.84
609,617,1.00
608,618,0.32
609,618,0.63
609,619,0.06
607,608,1.00
608,608,1.00
609,608,1.00
610,608,1.00
611,608,1.00
612,608,1.00
613,608,0.39
606,609,1.00
607,609,1.00
608,609,1.00
605,610,1.00
606,610,1.00
607,610,1.00
605,611,1.00
606,611,1.00
605,612,1.00
606,612,1.00
605,613,1.00
606,613,1.00
605,614,1.00
606,614,1.00
605,615,0.52
606,615,1.00
605,616,0.06
606,616,0.39
606,617,0.11
607,618,0.06
606,606,1.00
607,606,1.00
608,606,1.00
609,606,1.00
610,606,1.00
611,606,0.38
612,606,0.06
605,607,1.00
606,607,1.00
607,607,1.00
608,607,1.00
609,607,1.00
610,607,1.00
611,607,1.00
612,607,0.39
613,607,0.11
604,608,1.00
605,608,1.00
606,608,1.00
614,608,0.06
604,609,1.00
605,609,1.00
604,610,1.00
604,611,1.00
604,612,1.00
604,613,1.00
604,614,0.59
604,605,1.00
605,605,1.00
606,605,1.00
607,605,1.00
608,605,1.00
609,605,0.93
610,605,0.23
603,606,1.00
604,606,1.00
605,606,1.00
602,607,1.00
603,607,1.00
604,607,1.00
602,608,1.00
603,608,1.00
602,609,1.00
603,609,1.00
602,610,1.00
603,610,1.00
602,611,1.00
603,611,1.00
602,612,1.00
603,612,1.00
602,613,0.73
603,613,1.00
603,614,0.17
604,615,0.06
603,604,1.00
604,604,1.00
605,604,1.00
606,604,1.00
607,604,1.00
608,604,0.65
609,604,0.17
602,605,1.00
603,605,1.00
601,606,1.00
602,606,1.00
601,607,1.00
601,608,1.00
601,609,1.00
601,610,1.00
601,611,1.00
601,612,1.00
602,603,1.00
603,603,1.00
604,603,1.00
605,603,0.95
606,603,0.56
607,603,0.26
608,603,0.06
601,604,1.00
602,604,1.00
600,605,1.00
601,605,1.00
600,606,1.00
600,607,1.00
600,608,1.00
600,609,1.00
600,610,1.00
600,611,1.00
601,603,1.00
600,604,1.00
599,605,1.00
599,606,1.00
599,607,1.00
599,608,1.00
599,609,1.00
599,610,1.00
599,611,1.00
600,612,1.00
601,613,0.26
600,603,1.00
599,604,1.00
598,605,1.00
598,606,1.00
598,607,1.00
598,608,1.00
598,609,1.00
598,610,1.00
598,611,1.00
599,612,0.92
600,613,0.06
598,602,1.00
599,602,1.00
600,602,1.00
601,602,0.80
602,602,0.51
603,602,0.26
604,602,0.06
597,603,1.00
598,603,1.00
599,603,1.00
596,604,1.00
597,604,1.00
598,604,1.00
596,605,1.00
597,605,1.00
596,606,1.00
597,606,1.00
596,607,1.00
597,607,1.00
596,608,1.00
597,608,1.00
596,609,1.00
597,609,1.00
596,610,1.00
597,610,1.00
597,611,1.00
598,612,0.59
597,602,1.00
596,603,1.00
595,604,1.00
595,605,1.00
595,606,1.00
595,607,1.00
595,608,1.00
595,609,1.00
595,610,1.00
596,611,1.00
597,612,0.36
595,602,1.00
596,602,1.00
594,603,1.00
595,603,1.00
593,604,1.00
594,604,1.00
593,605,1.00
594,605,1.00
593,606,1.00
594,606,1.00
593,607,1.00
594,607,1.00
593,608,1.00
594,608,1.00
593,609,1.00
594,609,1.00
593,610,1.00
594,610,1.00
594,611,1.00
595,611,1.00
595,612,0.06
596,612,0.20
594,601,0.95
595,601,0.89
596,601,0.81
597,601,0.59
598,601,0.36
599,601,0.20
600,601,0.06
593,602,1.00
594,602,1.00
592,603,1.00
593,603,1.00
592,604,1.00
592,605,1.00
592,606,1.00
592,607,1.00
592,608,1.00
592,609,1.00
592,601,1.00
593,601,1.00
591,602,1.00
592,602,1.00
590,603,1.00
591,603,1.00
590,604,1.00
591,604,1.00
590,605,1.00
591,605,1.00
590,606,1.00
591,606,1.00
590,607,1.00
591,607,1.00
590,608,1.00
591,608,1.00
590,609,1.00
591,609,1.00
591,610,1.00
592,610,1.00
592,611,1.00
593,611,1.00
591,601,1.00
590,602,1.00
589,603,1.00
589,604,1.00
589,605,1.00
589,606,1.00
589,607,1.00
589,608,1.00
589,609,1.00
590,610,1.00
591,611,1.00
589,601,1.00
590,601,1.00
588,602,1.00
589,602,1.00
587,603,1.00
588,603,1.00
587,604,1.00
588,604,1.00
587,605,1.00
588,605,1.00
587,606,1.00
588,606,1.00
587,607,1.00
588,607,1.00
587,608,1.00
588,608,1.00
587,609,1.00
588,609,1.00
588,610,1.00
589,610,1.00
589,611,1.00
590,611,1.00
588,601,1.00
587,602,1.00
586,603,1.00
586,604,1.00
586,605,1.00
586,606,1.00
586,607,1.00
586,608,1.00
586,609,1.00
587,610,1.00
588,611,1.00
587,601,1.00
586,602,1.00
585,603,1.00
585,604,1.00
585,605,1.00
585,606,1.00
585,607,1.00
585,608,1.00
585,609,1.00
586,610,1.00
587,611,1.00
586,601,1.00
585,602,1.00
584,603,1.00
584,604,1.00
584,605,1.00
584,606,1.00
584,607,1.00
584,608,1.00
584,609,1.00
585,610,1.00
586,611,1.00
585,601,0.62
584,602,1.00
583,603,1.00
583,604,1.00
583,605,1.00
583,606,1.00
583,607,1.00
583,608,1.00
583,609,1.00
584,610,1.00
585,611,1.00
584,601,0.26
583,602,0.95
582,603,1.00
582,604,1.00
582,605,1.00
582,606,1.00
582,607,1.00
582,608,1.00
582,609,1.00
583,610,1.00
584,611,1.00
583,601,0.06
582,602,0.38
581,603,1.00
581,604,1.00
581,605,1.00
581,606,1.00
581,607,1.00
581,608,1.00
581,609,1.00
582,610,1.00
583,611,1.00
580,604,1.00
580,605,1.00
580,606,1.00
580,607,1.00
580,608,1.00
580,609,1.00
580,610,1.00
581,610,1.00
581,611,1.00
582,611,1.00
582,612,1.00
583,612,1.00
584,612,1.00
585,612,1.00
586,612,0.62
587,612,0.26
588,612,0.06
581,602,0.06
580,603,0.62
579,604,1.00
579,605,1.00
579,606,1.00
579,607,1.00
579,608,1.00
579,609,1.00
579,610,1.00
580,611,1.00
581,612,1.00
579,603,0.26
578,604,1.00
577,605,1.00
578,605,1.00
577,606,1.00
578,606,1.00
577,607,1.00
578,607,1.00
577,608,1.00
578,608,1.00
577,609,1.00
578,609,1.00
577,610,1.00
578,610,1.00
577,611,1.00
578,611,1.00
579,611,1.00
578,612,1.00
579,612,1.00
580,612,1.00
579,613,1.00
580,613,1.00
581,613,1.00
582,613,1.00
583,613,1.00
584,613,0.49
585,613,0.06
578,603,0.06
577,604,0.43
576,605,0.82
576,606,1.00
576,607,1.00
576,608,1.00
576,609,1.00
576,610,1.00
576,611,1.00
577,612,1.00
578,613,1.00
575,606,1.00
575,607,1.00
575,608,1.00
575,609,1.00
575,610,1.00
575,611,1.00
575,612,1.00
576,612,1.00
576,613,1.00
577,613,1.00
577,614,1.00
578,614,1.00
579,614,1.00
580,614,1.00
581,614,1.00
582,614,0.69
583,614,0.11
576,604,0.06
575,605,0.17
574,606,0.28
574,607,1.00
574,608,1.00
574,609,1.00
574,610,1.00
574,611,1.00
574,612,1.00
575,613,1.00
576,614,1.00
573,607,0.49
573,608,1.00
573,609,1.00
573,610,1.00
573,611,1.00
573,612,1.00
573,613,1.00
574,613,1.00
574,614,1.00
575,614,1.00
575,615,1.00
576,615,1.00
577,615,1.00
578,615,1.00
579,615,1.00
580,615,0.93
581,615,0.29
572,608,0.45
572,609,1.00
572,610,1.00
572,611,1.00
572,612,1.00
572,613,1.00
572,614,1.00
573,614,1.00
573,615,1.00
574,615,1.00
574,616,1.00
575,616,1.00
576,616,1.00
577,616,1.00
578,616,1.00
579,616,0.73
580,616,0.11
572,607,0.06
571,608,0.11
570,609,0.06
571,609,0.39
570,610,0.38
571,610,1.00
570,611,0.97
571,611,1.00
570,612,1.00
571,612,1.00
570,613,1.00
571,613,1.00
570,614,1.00
571,614,1.00
570,615,1.00
571,615,1.00
572,615,1.00
571,616,1.00
572,616,1.00
573,616,1.00
572,617,1.00
573,617,1.00
574,617,1.00
575,617,1.00
576,617,1.00
577,617,1.00
578,617,0.59
569,611,0.17
569,612,0.59
569,613,1.00
569,614,1.00
569,615,1.00
569,616,1.00
570,616,1.00
569,617,1.00
570,617,1.00
571,617,1.00
579,617,0.06
570,618,1.00
571,618,1.00
572,618,1.00
573,618,1.00
574,618,1.00
575,618,1.00
576,618,1.00
577,618,0.97
578,618,0.17
571,619,1.00
572,619,1.00
573,619,1.00
574,619,1.00
575,619,1.00
576,619,1.00
577,619,0.38
568,612,0.06
568,613,0.32
568,614,0.63
568,615,1.00
568,616,1.00
568,617,1.00
568,618,1.00
569,618,1.00
569,619,1.00
570,619,1.00
570,620,1.00
571,620,1.00
572,620,1.00
573,620,1.00
574,620,1.00
575,620,1.00
576,620,0.39
567,614,0.06
567,615,0.26
567,616,0.63
567,617,0.98
567,618,1.00
567,619,1.00
568,619,1.00
567,620,1.00
568,620,1.00
569,620,1.00
577,620,0.06
568,621,1.00
569,621,1.00
570,621,1.00
571,621,1.00
572,621,1.00
573,621,1.00
574,621,1.00
575,621,0.93
576,621,0.11
569,622,1.00
570,622,1.00
571,622,1.00
572,622,1.00
573,622,1.00
574,622,1.00
575,622,0.59
566,616,0.11
565,617,0.06
566,617,0.33
565,618,0.20
566,618,0.68
565,619,0.47
566,619,1.00
565,620,0.99
566,620,1.00
565,621,1.00
566,621,1.00
567,621,1.00
565,622,1.00
566,622,1.00
567,622,1.00
568,622,1.00
565,623,1.00
566,623,1.00
567,623,1.00
568,623,1.00
569,623,1.00
570,623,1.00
571,623,1.00
572,623,1.00
573,623,1.00
574,623,1.00
575,623,0.36
566,624,1.00
567,624,1.00
568,624,1.00
569,624,1.00
570,624,1.00
571,624,1.00
572,624,1.00
573,624,1.00
574,624,1.00
567,625,1.00
568,625,1.00
569,625,1.00
570,625,1.00
571,625,1.00
572,625,1.00
573,625,1.00
565,624,1.00
575,624,0.20
565,625,1.00
566,625,1.00
574,625,1.00
575,625,0.06
566,626,1.00
567,626,1.00
568,626,1.00
569,626,1.00
570,626,1.00
571,626,1.00
572,626,1.00
573,626,1.00
574,626,0.68
567,627,1.00
568,627,1.00
569,627,1.00
570,627,1.00
571,627,1.00
572,627,1.00
573,627,1.00
564,620,0.06
564,621,0.26
564,622,0.90
564,623,1.00
564,624,1.00
564,625,1.00
564,626,1.00
565,626,1.00
565,627,1.00
566,627,1.00
566,628,1.00
567,628,1.00
568,628,1.00
569,628,1.00
570,628,1.00
571,628,1.00
572,628,1.00
564,627,1.00
574,627,0.26
565,628,1.00
573,628,1.00
566,629,1.00
567,629,1.00
568,629,1.00
569,629,1.00
570,629,1.00
571,629,1.00
572,629,1.00
564,628,1.00
574,628,0.06
565,629,1.00
573,629,1.00
566,630,1.00
567,630,1.00
568,630,1.00
569,630,1.00
570,630,1.00
571,630,1.00
572,630,1.00
563,623,0.17
563,624,0.73
563,625,1.00
563,626,1.00
563,627,1.00
563,628,1.00
563,629,1.00
564,629,1.00
564,630,1.00
565,630,1.00
565,631,1.00
566,631,1.00
567,631,1.00
568,631,1.00
569,631,1.00
570,631,1.00
571,631,1.00
563,630,1.00
573,630,1.00
564,631,1.00
572,631,1.00
565,632,1.00
566,632,1.00
567,632,1.00
568,632,1.00
569,632,1.00
570,632,1.00
571,632,1.00
563,631,0.95
573,631,0.95
564,632,1.00
572,632,1.00
565,633,1.00
566,633,1.00
567,633,1.00
568,633,1.00
569,633,1.00
570,633,1.00
571,633,1.00
563,632,1.00
573,632,1.00
563,633,0.95
564,633,1.00
572,633,1.00
573,633,0.95
564,634,1.00
565,634,1.00
566,634,1.00
567,634,1.00
568,634,1.00
569,634,1.00
570,634,1.00
571,634,1.00
572,634,1.00
565,635,1.00
566,635,1.00
567,635,1.00
568,635,1.00
569,635,1.00
570,635,1.00
571,635,1.00
563,634,0.95
573,634,0.95
564,635,1.00
572,635,1.00
565,636,1.00
566,636,1.00
567,636,1.00
568,636,1.00
569,636,1.00
570,636,1.00
571,636,1.00
563,635,1.00
573,635,1.00
563,636,1.00
564,636,1.00
572,636,1.00
573,636,1.00
564,637,1.00
565,637,1.00
566,637,1.00
567,637,1.00
568,637,1.00
569,637,1.00
570,637,1.00
571,637,1.00
572,637,1.00
565,638,1.00
566,638,1.00
567,638,1.00
568,638,1.00
569,638,1.00
570,638,1.00
571,638,1.00
563,637,1.00
573,637,1.00
564,638,1.00
572,638,1.00
565,639,1.00
566,639,1.00
567,639,1.00
568,639,1.00
569,639,1.00
570,639,1.00
571,639,1.00
563,638,1.00
573,638,1.00
563,639,1.00
564,639,1.00
572,639,1.00
573,639,1.00
564,640,1.00
565,640,1.00
566,640,1.00
567,640,1.00
568,640,1.00
569,640,1.00
570,640,1.00
571,640,1.00
572,640,1.00
565,641,1.00
566,641,1.00
567,641,1.00
568,641,1.00
569,641,1.00
570,641,1.00
571,641,1.00
563,640,1.00
573,640,1.00
564,641,1.00
572,641,1.00
565,642,1.00
566,642,1.00
567,642,1.00
568,642,1.00
569,642,1.00
570,642,1.00
571,642,1.00
563,641,1.00
573,641,1.00
564,642,1.00
572,642,1.00
565,643,1.00
566,643,1.00
567,643,1.00
568,643,1.00
569,643,1.00
570,643,1.00
571,643,1.00
563,642,1.00
573,642,1.00
564,643,1.00
572,643,1.00
565,644,1.00
566,644,1.00
567,644,1.00
568,644,1.00
569,644,1.00
570,644,1.00
571,644,1.00
563,643,1.00
573,643,1.00
564,644,1.00
572,644,1.00
565,645,1.00
566,645,1.00
567,645,1.00
568,645,1.00
569,645,1.00
570,645,1.00
571,645,1.00
563,644,1.00
573,644,1.00
563,645,1.00
564,645,1.00
572,645,1.00
573,645,1.00
564,646,1.00
565,646,1.00
566,646,1.00
567,646,1.00
568,646,1.00
569,646,1.00
570,646,1.00
571,646,1.00
572,646,1.00
565,647,1.00
566,647,1.00
567,647,1.00
568,647,1.00
569,647,1.00
570,647,1.00
571,647,1.00
563,646,0.91
573,646,1.00
564,647,1.00
572,647,1.00
565,648,1.00
566,648,1.00
567,648,1.00
568,648,1.00
569,648,1.00
570,648,1.00
571,648,1.00
563,647,0.41
573,647,1.00
564,648,1.00
572,648,1.00
565,649,1.00
566,649,1.00
567,649,1.00
568,649,1.00
569,649,1.00
570,649,1.00
571,649,1.00
563,648,0.20
573,648,1.00
563,649,0.06
564,649,1.00
572,649,1.00
573,649,1.00
564,650,1.00
565,650,1.00
566,650,1.00
567,650,1.00
568,650,1.00
569,650,1.00
570,650,1.00
571,650,1.00
572,650,1.00
565,651,1.00
566,651,1.00
567,651,1.00
568,651,1.00
569,651,1.00
570,651,1.00
571,651,1.00
574,644,0.06
574,645,0.32
574,646,0.82
574,647,1.00
574,648,1.00
574,649,1.00
573,650,1.00
574,650,1.00
572,651,1.00
573,651,1.00
566,652,1.00
567,652,1.00
568,652,1.00
569,652,1.00
570,652,1.00
571,652,1.00
572,652,1.00
564,651,1.00
574,651,1.00
565,652,1.00
573,652,1.00
566,653,1.00
567,653,1.00
568,653,1.00
569,653,1.00
570,653,1.00
571,653,1.00
572,653,1.00
564,652,1.00
574,652,1.00
565,653,1.00
573,653,1.00
566,654,1.00
567,654,1.00
568,654,1.00
569,654,1.00
570,654,1.00
571,654,1.00
572,654,1.00
564,653,1.00
574,653,1.00
565,654,1.00
573,654,1.00
566,655,1.00
567,655,1.00
568,655,1.00
569,655,1.00
570,655,1.00
571,655,1.00
572,655,1.00
564,654,1.00
574,654,1.00
565,655,1.00
573,655,1.00
566,656,1.00
567,656,1.00
568,656,1.00
569,656,1.00
570,656,1.00
571,656,1.00
572,656,1.00
564,655,1.00
574,655,1.00
565,656,1.00
573,656,1.00
566,657,1.00
567,657,1.00
568,657,1.00
569,657,1.00
570,657,1.00
571,657,1.00
572,657,1.00
564,656,1.00
574,656,1.00
565,657,1.00
573,657,1.00
566,658,1.00
567,658,1.00
568,658,1.00
569,658,1.00
570,658,1.00
571,658,1.00
572,658,1.00
564,657,1.00
574,657,1.00
565,658,1.00
573,658,1.00
566,659,1.00
567,659,1.00
568,659,1.00
569,659,1.00
570,659,1.00
571,659,1.00
572,659,1.00
564,658,1.00
574,658,1.00
565,659,1.00
573,659,1.00
566,660,1.00
567,660,1.00
568,660,1.00
569,660,1.00
570,660,1.00
571,660,1.00
572,660,1.00
564,659,1.00
574,659,1.00
565,660,1.00
573,660,1.00
566,661,1.00
567,661,1.00
568,661,1.00
569,661,1.00
570,661,1.00
571,661,1.00
572,661,1.00
564,660,1.00
574,660,1.00
565,661,1.00
573,661,1.00
566,662,1.00
567,662,1.00
568,662,1.00
569,662,1.00
570,662,1.00
571,662,1.00
572,662,1.00
564,661,1.00
574,661,1.00
565,662,1.00
573,662,1.00
566,663,1.00
567,663,1.00
568,663,1.00
569,663,1.00
570,663,1.00
571,663,1.00
572,663,1.00
564,662,1.00
574,662,1.00
565,663,1.00
573,663,1.00
566,664,1.00
567,664,1.00
568,664,1.00
569,664,1.00
570,664,1.00
571,664,1.00
572,664,1.00
564,663,1.00
574,663,1.00
565,664,1.00
573,664,1.00
566,665,1.00
567,665,1.00
568,665,1.00
569,665,1.00
570,665,1.00
571,665,1.00
572,665,1.00
564,664,1.00
574,664,1.00
565,665,1.00
573,665,1.00
566,666,1.00
567,666,1.00
568,666,1.00
569,666,1.00
570,666,1.00
571,666,1.00
572,666,1.00
564,665,1.00
574,665,1.00
565,666,1.00
573,666,1.00
566,667,1.00
567,667,1.00
568,667,1.00
569,667,1.00
570,667,1.00
571,667,1.00
572,667,1.00
564,666,1.00
574,666,0.75
565,667,1.00
573,667,1.00
566,668,1.00
567,668,1.00
568,668,1.00
569,668,1.00
570,668,1.00
571,668,1.00
572,668,1.00
564,667,1.00
574,667,0.51
564,668,1.00
565,668,1.00
573,668,1.00
574,668,0.26
565,669,1.00
566,669,1.00
567,669,1.00
568,669,1.00
569,669,1.00
570,669,1.00
571,669,1.00
572,669,1.00
573,669,1.00
566,670,1.00
567,670,1.00
568,670,1.00
569,670,1.00
570,670,1.00
571,670,1.00
572,670,1.00
564,669,1.00
574,669,0.06
565,670,1.00
573,670,0.79
566,671,1.00
567,671,1.00
568,671,1.00
569,671,1.00
570,671,1.00
571,671,1.00
572,671,1.00
563,663,1.00
563,664,1.00
563,665,1.00
563,666,1.00
563,667,1.00
563,668,1.00
563,669,1.00
564,670,1.00
565,671,1.00
563,670,1.00
564,671,1.00
565,672,1.00
566,672,1.00
567,672,1.00
568,672,1.00
569,672,1.00
570,672,1.00
571,672,1.00
563,671,1.00
573,671,0.17
564,672,1.00
572,672,0.34
565,673,1.00
566,673,1.00
567,673,1.00
568,673,1.00
569,673,1.00
570,673,0.78
571,673,0.17
562,665,1.00
562,666,1.00
562,667,1.00
562,668,1.00
562,669,1.00
562,670,1.00
562,671,1.00
563,672,1.00
564,673,1.00
562,664,1.00
561,665,1.00
561,666,1.00
561,667,1.00
561,668,1.00
561,669,1.00
561,670,1.00
561,671,1.00
562,672,1.00
563,673,1.00
562,663,1.00
561,664,1.00
560,665,1.00
560,666,1.00
560,667,1.00
560,668,1.00
560,669,1.00
560,670,1.00
560,671,1.00
561,672,1.00
562,673,1.00
561,663,1.00
560,664,1.00
559,665,1.00
559,666,1.00
559,667,1.00
559,668,1.00
559,669,1.00
559,670,1.00
559,671,1.00
560,672,1.00
561,673,1.00
560,663,1.00
559,664,1.00
558,665,1.00
558,666,1.00
558,667,1.00
558,668,1.00
558,669,1.00
558,670,1.00
558,671,1.00
559,672,1.00
560,673,0.43
559,663,1.00
558,664,1.00
557,665,1.00
557,666,1.00
557,667,1.00
557,668,1.00
557,669,1.00
557,670,1.00
557,671,1.00
558,672,1.00
559,673,0.06
558,662,1.00
559,662,1.00
560,662,1.00
561,662,1.00
562,662,1.00
563,662,0.52
557,663,1.00
558,663,1.00
556,664,1.00
557,664,1.00
556,665,1.00
556,666,1.00
556,667,1.00
556,668,1.00
556,669,1.00
556,670,1.00
557,662,1.00
556,663,1.00
555,664,1.00
555,665,1.00
555,666,1.00
555,667,1.00
555,668,1.00
555,669,1.00
555,670,1.00
556,671,1.00
557,672,0.73
556,662,1.00
555,663,1.00
554,664,1.00
554,665,1.00
554,666,1.00
554,667,1.00
554,668,1.00
554,669,1.00
554,670,1.00
555,671,1.00
556,672,0.17
555,661,1.00
556,661,1.00
557,661,1.00
558,661,1.00
559,661,1.00
560,661,0.73
561,661,0.17
554,662,1.00
555,662,1.00
553,663,1.00
554,663,1.00
553,664,1.00
553,665,1.00
553,666,1.00
553,667,1.00
553,668,1.00
553,669,1.00
554,661,1.00
553,662,1.00
552,663,1.00
552,664,1.00
552,665,1.00
552,666,1.00
552,667,1.00
552,668,1.00
552,669,1.00
553,670,1.00
554,671,0.32
553,661,1.00
552,662,1.00
551,663,1.00
551,664,1.00
551,665,1.00
551,666,1.00
551,667,1.00
551,668,1.00
551,669,0.77
552,670,0.38
553,671,0.06
552,660,1.00
553,660,1.00
554,660,1.00
555,660,1.00
556,660,1.00
557,660,0.88
558,660,0.17
551,661,1.00
552,661,1.00
550,662,1.00
551,662,1.00
550,663,1.00
550,664,1.00
550,665,1.00
550,666,1.00
550,667,1.00
550,668,1.00
551,660,1.00
550,661,1.00
549,662,1.00
549,663,1.00
549,664,1.00
549,665,1.00
549,666,1.00
549,667,1.00
549,668,0.34
550,669,0.17
551,670,0.06
551,659,1.00
552,659,1.00
553,659,1.00
554,659,1.00
555,659,1.00
556,659,0.83
557,659,0.06
550,660,1.00
549,661,1.00
550,659,1.00
549,660,1.00
548,661,1.00
548,662,1.00
548,663,1.00
548,664,1.00
548,665,1.00
548,666,1.00
548,667,0.83
549,658,1.00
550,658,1.00
551,658,1.00
552,658,1.00
553,658,1.00
554,658,1.00
555,658,0.68
548,659,1.00
549,659,1.00
547,660,1.00
548,660,1.00
547,661,1.00
547,662,1.00
547,663,1.00
547,664,1.00
547,665,1.00
547,666,1.00
548,657,1.00
549,657,1.00
550,657,1.00
551,657,1.00
552,657,1.00
553,657,1.00
554,657,0.34
547,658,1.00
548,658,1.00
546,659,1.00
547,659,1.00
546,660,1.00
546,661,1.00
546,662,1.00
546,663,1.00
546,664,1.00
546,665,1.00
547,657,1.00
546,658,1.00
545,659,1.00
545,660,1.00
545,661,1.00
545,662,1.00
545,663,1.00
545,664,1.00
545,665,0.23
546,666,0.17
547,667,0.06
547,656,1.00
548,656,1.00
549,656,1.00
550,656,1.00
551,656,1.00
552,656,0.43
553,656,0.06
546,657,1.00
545,658,1.00
546,656,1.00
545,657,1.00
544,658,1.00
544,659,1.00
544,660,1.00
544,661,1.00
544,662,1.00
544,663,1.00
544,664,0.64
545,655,1.00
546,655,1.00
547,655,1.00
548,655,1.00
549,655,1.00
550,655,0.82
551,655,0.17
544,656,1.00
545,656,1.00
543,657,1.00
544,657,1.00
543,658,1.00
543,659,1.00
543,660,1.00
543,661,1.00
543,662,1.00
543,663,1.00
544,654,1.00
545,654,1.00
546,654,1.00
547,654,1.00
548,654,1.00
549,654,0.49
550,654,0.06
543,655,1.00
544,655,1.00
542,656,1.00
543,656,1.00
542,657,1.00
542,658,1.00
542,659,1.00
542,660,1.00
542,661,1.00
542,662,1.00
543,654,1.00
542,655,1.00
541,656,1.00
541,657,1.00
541,658,1.00
541,659,1.00
541,660,1.00
541,661,1.00
541,662,0.28
542,663,0.29
543,664,0.11
542,653,1.00
543,653,1.00
544,653,1.00
545,653,1.00
546,653,1.00
547,653,1.00
548,653,0.28
541,654,1.00
542,654,1.00
540,655,1.00
541,655,1.00
540,656,1.00
540,657,1.00
540,658,1.00
540,659,1.00
540,660,1.00
540,661,0.28
541,652,1.00
542,652,1.00
543,652,1.00
544,652,1.00
545,652,1.00
546,652,1.00
547,652,0.40
540,653,1.00
541,653,1.00
539,654,1.00
540,654,1.00
539,655,1.00
539,656,1.00
539,657,1.00
539,658,1.00
539,659,1.00
539,660,0.40
540,651,1.00
541,651,1.00
542,651,1.00
543,651,1.00
544,651,1.00
545,651,1.00
546,651,0.51
539,652,1.00
540,652,1.00
538,653,1.00
539,653,1.00
538,654,1.00
538,655,1.00
538,656,1.00
538,657,1.00
538,658,1.00
538,659,0.51
539,650,1.00
540,650,1.00
541,650,1.00
542,650,1.00
543,650,1.00
544,650,1.00
545,650,0.51
538,651,1.00
539,651,1.00
537,652,1.00
538,652,1.00
537,653,1.00
537,654,1.00
537,655,1.00
537,656,1.00
537,657,1.00
537,658,0.51
538,649,1.00
539,649,1.00
540,649,1.00
541,649,1.00
542,649,1.00
543,649,1.00
544,649,0.54
537,650,1.00
538,650,1.00
536,651,1.00
537,651,1.00
536,652,1.00
536,653,1.00
536,654,1.00
536,655,1.00
536,656,1.00
536,657,0.34
537,648,1.00
538,648,1.00
539,648,1.00
540,648,1.00
541,648,1.00
542,648,1.00
543,648,0.71
536,649,1.00
537,649,1.00
535,650,1.00
536,650,1.00
535,651,1.00
535,652,1.00
535,653,1.00
535,654,1.00
535,655,0.71
535,656,0.17
536,647,1.00
537,647,1.00
538,647,1.00
539,647,1.00
540,647,1.00
541,647,1.00
542,647,0.93
535,648,1.00
536,648,1.00
534,649,1.00
535,649,1.00
534,650,1.00
534,651,1.00
534,652,1.00
534,653,1.00
534,654,0.64
534,655,0.06
536,646,1.00
537,646,1.00
538,646,1.00
539,646,1.00
540,646,1.00
541,646,0.93
542,646,0.23
535,647,1.00
543,647,0.17
534,648,1.00
544,648,0.06
535,645,1.00
536,645,1.00
537,645,1.00
538,645,1.00
539,645,1.00
540,645,0.71
541,645,0.17
534,646,1.00
535,646,1.00
533,647,1.00
534,647,1.00
533,648,1.00
533,649,1.00
533,650,1.00
533,651,1.00
533,652,1.00
533,653,0.71
534,644,1.00
535,644,1.00
536,644,1.00
537,644,1.00
538,644,1.00
539,644,0.54
540,644,0.06
533,645,1.00
534,645,1.00
532,646,1.00
533,646,1.00
532,647,1.00
532,648,1.00
532,649,1.00
532,650,1.00
532,651,1.00
532,652,1.00
533,644,1.00
532,645,1.00
531,646,1.00
531,647,1.00
531,648,1.00
531,649,1.00
531,650,1.00
531,651,1.00
531,652,0.34
532,653,0.17
533,654,0.06
532,643,1.00
533,643,1.00
534,643,1.00
535,643,1.00
536,643,1.00
537,643,1.00
538,643,0.46
531,644,1.00
532,644,1.00
530,645,1.00
531,645,1.00
530,646,1.00
530,647,1.00
530,648,1.00
530,649,1.00
530,650,1.00
530,651,0.87
531,642,1.00
532,642,1.00
533,642,1.00
534,642,1.00
535,642,1.00
536,642,1.00
537,642,0.28
530,643,1.00
531,643,1.00
529,644,1.00
530,644,1.00
529,645,1.00
529,646,1.00
529,647,1.00
529,648,1.00
529,649,1.00
529,650,0.95
530,641,0.47
531,641,0.81
532,641,0.97
533,641,0.93
534,641,0.71
535,641,0.32
536,641,0.06
529,642,0.78
530,642,1.00
528,643,0.72
529,643,1.00
528,644,1.00
528,645,1.00
528,646,1.00
528,647,1.00
528,648,1.00
528,649,0.72
529,641,0.11
528,642,0.23
527,643,0.11
527,644,0.41
527,645,0.60
527,646,0.67
527,647,0.60
527,648,0.41
527,649,0.11
528,650,0.23
529,651,0.11

530,643,1.00
531,643,1.00
532,643,1.00
533,643,1.00
534,643,1.00
535,643,1.00
536,643,0.28
529,644,1.00
530,644,1.00
531,644,1.00
532,644,1.00
533,644,1.00
534,644,1.00
535,644,1.00
536,644,1.00
537,644,0.29
528,645,1.00
529,645,1.00
530,645,1.00
531,645,1.00
532,645,1.00
533,645,1.00
534,645,1.00
535,645,1.00
536,645,1.00
537,645,0.87
538,645,0.11
528,646,1.00
529,646,1.00
530,646,1.00
531,646,1.00
532,646,1.00
533,646,1.00
534,646,1.00
535,646,1.00
536,646,1.00
537,646,1.00
538,646,0.41
528,647,1.00
529,647,1.00
530,647,1.00
531,647,1.00
532,647,1.00
533,647,1.00
534,647,1.00
535,647,1.00
536,647,1.00
537,647,1.00
538,647,0.60
528,648,1.00
529,648,1.00
530,648,1.00
531,648,1.00
532,648,1.00
533,648,1.00
534,648,1.00
535,648,1.00
536,648,1.00
537,648,1.00
538,648,0.67
528,649,1.00
529,649,1.00
530,649,1.00
531,649,1.00
532,649,1.00
533,649,1.00
534,649,1.00
535,649,1.00
536,649,1.00
537,649,1.00
538,649,0.60
528,650,1.00
529,650,1.00
530,650,1.00
531,650,1.00
532,650,1.00
533,650,1.00
534,650,1.00
535,650,1.00
536,650,1.00
537,650,1.00
538,650,0.41
528,651,0.69
529,651,1.00
530,651,1.00
531,651,1.00
532,651,1.00
533,651,1.00
534,651,1.00
535,651,1.00
536,651,1.00
537,651,0.67
538,651,0.11
529,652,0.29
530,652,0.87
531,652,1.00
532,652,1.00
533,652,1.00
534,652,1.00
535,652,1.00
536,652,0.67
537,652,0.23
530,653,0.11
531,653,0.41
532,653,0.60
533,653,0.67
534,653,0.60
535,653,0.41
536,653,0.11
529,642,1.00
530,642,1.00
531,642,1.00
532,642,1.00
533,642,1.00
534,642,0.82
535,642,0.17
528,643,1.00
529,643,1.00
527,644,1.00
528,644,1.00
527,645,1.00
527,646,1.00
527,647,1.00
527,648,1.00
527,649,1.00
527,650,1.00
528,641,1.00
529,641,1.00
530,641,1.00
531,641,1.00
532,641,1.00
533,641,0.69
534,641,0.06
527,642,1.00
528,642,1.00
526,643,1.00
527,643,1.00
526,644,1.00
526,645,1.00
526,646,1.00
526,647,1.00
526,648,1.00
526,649,1.00
527,641,1.00
526,642,1.00
525,643,1.00
525,644,1.00
525,645,1.00
525,646,1.00
525,647,1.00
525,648,1.00
525,649,0.28
526,650,0.29
527,651,0.11
526,640,1.00
527,640,1.00
528,640,1.00
529,640,1.00
530,640,1.00
531,640,1.00
532,640,0.56
525,641,1.00
526,641,1.00
524,642,1.00
525,642,1.00
524,643,1.00
524,644,1.00
524,645,1.00
524,646,1.00
524,647,0.99
524,648,0.23
525,639,1.00
526,639,1.00
527,639,1.00
528,639,1.00
529,639,1.00
530,639,1.00
531,639,0.50
524,640,1.00
525,640,1.00
523,641,1.00
524,641,1.00
523,642,1.00
523,643,1.00
523,644,1.00
523,645,1.00
523,646,0.80
523,647,0.17
525,638,1.00
526,638,1.00
527,638,1.00
528,638,1.00
529,638,1.00
530,638,0.52
531,638,0.06
524,639,1.00
532,639,0.11
523,640,1.00
533,640,0.06
524,638,1.00
523,639,1.00
522,640,1.00
522,641,1.00
522,642,1.00
522,643,1.00
522,644,1.00
522,645,0.59
522,646,0.11
522,636,1.00
523,636,1.00
524,636,1.00
525,636,1.00
526,636,1.00
527,636,1.00
528,636,1.00
521,637,1.00
522,637,1.00
523,637,1.00
524,637,1.00
525,637,1.00
526,637,1.00
527,637,1.00
528,637,1.00
529,637,0.65
520,638,1.00
521,638,1.00
522,638,1.00
523,638,1.00
520,639,1.00
521,639,1.00
522,639,1.00
520,640,1.00
521,640,1.00
520,641,1.00
521,641,1.00
520,642,1.00
521,642,1.00
520,643,0.49
521,643,1.00
520,644,0.06
521,644,0.50
521,645,0.11
522,635,1.00
523,635,1.00
524,635,1.00
525,635,1.00
526,635,1.00
527,635,1.00
528,635,0.28
521,636,1.00
529,636,0.17
520,637,1.00
530,637,0.06
521,634,1.00
522,634,1.00
523,634,1.00
524,634,1.00
525,634,1.00
526,634,1.00
527,634,0.49
520,635,1.00
521,635,1.00
519,636,1.00
520,636,1.00
519,637,1.00
519,638,1.00
519,639,1.00
519,640,1.00
519,641,0.93
519,642,0.29
520,633,1.00
521,633,1.00
522,633,1.00
523,633,1.00
524,633,1.00
525,633,1.00
526,633,0.95
519,634,1.00
520,634,1.00
518,635,1.00
519,635,1.00
518,636,1.00
518,637,1.00
518,638,1.00
518,639,1.00
518,640,0.58
518,641,0.11
519,631,1.00
520,631,1.00
521,631,1.00
522,631,1.00
523,631,1.00
524,631,1.00
525,631,0.71
518,632,1.00
519,632,1.00
520,632,1.00
521,632,1.00
522,632,1.00
523,632,1.00
524,632,1.00
525,632,1.00
526,632,0.38
517,633,1.00
518,633,1.00
519,633,1.00
527,633,0.06
517,634,1.00
518,634,1.00
517,635,1.00
517,636,1.00
517,637,1.00
517,638,1.00
517,639,0.17
518,630,1.00
519,630,1.00
520,630,1.00
521,630,1.00
522,630,1.00
523,630,1.00
524,630,0.84
517,631,1.00
518,631,1.00
516,632,1.00
517,632,1.00
516,633,1.00
516,634,1.00
516,635,1.00
516,636,1.00
516,637,1.00
516,638,0.17
518,629,1.00
519,629,1.00
520,629,1.00
521,629,1.00
522,629,1.00
523,629,0.88
524,629,0.17
517,630,1.00
525,630,0.17
516,631,1.00
526,631,0.06
517,628,1.00
518,628,1.00
519,628,1.00
520,628,1.00
521,628,1.00
522,628,0.60
523,628,0.06
516,629,1.00
517,629,1.00
515,630,1.00
516,630,1.00
515,631,1.00
515,632,1.00
515,633,1.00
515,634,1.00
515,635,1.00
515,636,1.00
516,628,1.00
515,629,1.00
514,630,1.00
514,631,1.00
514,632,1.00
514,633,1.00
514,634,1.00
514,635,1.00
514,636,0.60
515,637,0.34
515,627,1.00
516,627,1.00
517,627,1.00
518,627,1.00
519,627,1.00
520,627,0.86
521,627,0.23
514,628,1.00
515,628,1.00
513,629,1.00
514,629,1.00
513,630,1.00
513,631,1.00
513,632,1.00
513,633,1.00
513,634,1.00
513,635,1.00
514,626,1.00
515,626,1.00
516,626,1.00
517,626,1.00
518,626,0.62
519,626,0.26
520,626,0.06
513,627,1.00
514,627,1.00
512,628,1.00
513,628,1.00
512,629,1.00
512,630,1.00
512,631,1.00
512,632,1.00
512,633,1.00
512,634,1.00
513,626,1.00
512,627,1.00
511,628,1.00
511,629,1.00
511,630,1.00
511,631,1.00
511,632,1.00
511,633,1.00
511,634,1.00
512,635,0.95
513,636,0.06
511,625,1.00
512,625,1.00
513,625,1.00
514,625,1.00
515,625,0.79
516,625,0.26
517,625,0.06
510,626,1.00
511,626,1.00
512,626,1.00
509,627,1.00
510,627,1.00
511,627,1.00
509,628,1.00
510,628,1.00
509,629,1.00
510,629,1.00
509,630,1.00
510,630,1.00
509,631,1.00
510,631,1.00
509,632,1.00
510,632,1.00
509,633,1.00
510,633,1.00
510,634,1.00
511,635,0.56
510,625,1.00
509,626,1.00
508,627,1.00
508,628,1.00
508,629,1.00
508,630,1.00
508,631,1.00
508,632,1.00
508,633,1.00
509,634,1.00
510,635,0.26
509,625,1.00
508,626,1.00
507,627,1.00
507,628,1.00
507,629,1.00
507,630,1.00
507,631,1.00
507,632,1.00
507,633,1.00
508,634,0.99
509,635,0.06
508,624,0.88
509,624,0.97
510,624,0.99
511,624,0.97
512,624,0.81
513,624,0.47
514,624,0.11
507,625,1.00
508,625,1.00
506,626,1.00
507,626,1.00
506,627,1.00
506,628,1.00
506,629,1.00
506,630,1.00
506,631,1.00
506,632,1.00
507,624,0.95
506,625,1.00
505,626,1.00
505,627,1.00
505,628,1.00
505,629,1.00
505,630,1.00
505,631,1.00
505,632,1.00
506,633,1.00
507,634,0.95
504,624,0.95
505,624,1.00
506,624,1.00
503,625,1.00
504,625,1.00
505,625,1.00
502,626,1.00
503,626,1.00
504,626,1.00
502,627,1.00
503,627,1.00
504,627,1.00
502,628,1.00
503,628,1.00
504,628,1.00
502,629,1.00
503,629,1.00
504,629,1.00
502,630,1.00
503,630,1.00
504,630,1.00
502,631,1.00
503,631,1.00
504,631,1.00
502,632,1.00
503,632,1.00
504,632,1.00
503,633,1.00
504,633,1.00
505,633,1.00
504,634,0.95
505,634,1.00
506,634,1.00
503,624,0.77
502,625,1.00
501,626,1.00
501,627,1.00
501,628,1.00
501,629,1.00
501,630,1.00
501,631,1.00
501,632,1.00
502,633,1.00
503,634,0.94
502,624,0.56
501,625,1.00
500,626,1.00
500,627,1.00
500,628,1.00
500,629,1.00
500,630,1.00
500,631,1.00
500,632,1.00
501,633,1.00
502,634,1.00
501,624,0.39
500,625,1.00
499,626,1.00
499,627,1.00
499,628,1.00
499,629,1.00
499,630,1.00
499,631,1.00
499,632,1.00
500,633,1.00
501,634,1.00
498,624,0.06
499,624,0.20
500,624,0.30
497,625,0.32
498,625,0.63
499,625,0.84
496,626,0.59
497,626,1.00
498,626,1.00
496,627,1.00
497,627,1.00
498,627,1.00
496,628,1.00
497,628,1.00
498,628,1.00
496,629,1.00
497,629,1.00
498,629,1.00
496,630,1.00
497,630,1.00
498,630,1.00
496,631,1.00
497,631,1.00
498,631,1.00
496,632,1.00
497,632,1.00
498,632,1.00
497,633,1.00
498,633,1.00
499,633,1.00
498,634,1.00
499,634,1.00
500,634,1.00
496,625,0.06
495,626,0.17
494,627,0.68
495,627,1.00
494,628,1.00
495,628,1.00
494,629,1.00
495,629,1.00
494,630,1.00
495,630,1.00
494,631,1.00
495,631,1.00
494,632,1.00
495,632,1.00
494,633,1.00
495,633,1.00
496,633,1.00
495,634,1.00
496,634,1.00
497,634,1.00
496,635,1.00
497,635,1.00
498,635,1.00
499,635,1.00
500,635,1.00
501,635,0.59
502,635,0.17
493,628,0.90
493,629,1.00
493,630,1.00
493,631,1.00
493,632,1.00
493,633,1.00
493,634,1.00
494,634,1.00
494,635,1.00
495,635,1.00
495,636,1.00
496,636,1.00
497,636,1.00
498,636,1.00
499,636,0.75
500,636,0.32
501,636,0.06
493,627,0.26
492,628,0.45
491,629,0.39
492,629,0.92
491,630,1.00
492,630,1.00
491,631,1.00
492,631,1.00
491,632,1.00
492,632,1.00
491,633,1.00
492,633,1.00
491,634,1.00
492,634,1.00
491,635,1.00
492,635,1.00
493,635,1.00
492,636,1.00
493,636,1.00
494,636,1.00
493,637,1.00
494,637,1.00
495,637,1.00
496,637,0.84
497,637,0.51
498,637,0.26
499,637,0.06
492,627,0.06
491,628,0.11
490,629,0.06
490,630,0.51
490,631,1.00
490,632,1.00
490,633,1.00
490,634,1.00
490,635,1.00
491,636,1.00
492,637,1.00
488,630,0.06
489,630,0.20
487,631,0.17
488,631,0.54
489,631,0.81
486,632,0.23
487,632,0.87
488,632,1.00
489,632,1.00
486,633,0.87
487,633,1.00
488,633,1.00
489,633,1.00
486,634,1.00
487,634,1.00
488,634,1.00
489,634,1.00
486,635,1.00
487,635,1.00
488,635,1.00
489,635,1.00
486,636,1.00
487,636,1.00
488,636,1.00
489,636,1.00
490,636,1.00
486,637,1.00
487,637,1.00
488,637,1.00
489,637,1.00
490,637,1.00
491,637,1.00
486,638,1.00
487,638,1.00
488,638,1.00
489,638,1.00
490,638,1.00
491,638,1.00
492,638,1.00
493,638,1.00
494,638,1.00
495,638,0.54
496,638,0.06
487,639,1.00
488,639,1.00
489,639,1.00
490,639,1.00
491,639,1.00
492,639,1.00
493,639,1.00
494,639,0.87
495,639,0.17
488,640,1.00
489,640,1.00
490,640,1.00
491,640,1.00
492,640,1.00
493,640,0.87
494,640,0.23
485,633,0.17
485,634,0.74
485,635,1.00
485,636,1.00
485,637,1.00
485,638,1.00
485,639,1.00
486,639,1.00
486,640,1.00
487,640,1.00
487,641,1.00
488,641,1.00
489,641,1.00
490,641,1.00
491,641,1.00
492,641,0.74
493,641,0.17
484,634,0.11
484,635,0.74
484,636,1.00
484,637,1.00
484,638,1.00
484,639,1.00
484,640,1.00
485,640,1.00
485,641,1.00
486,641,1.00
486,642,1.00
487,642,1.00
488,642,1.00
489,642,1.00
490,642,1.00
491,642,0.74
492,642,0.11
483,635,0.17
482,636,0.17
483,636,0.67
482,637,0.54
483,637,1.00
482,638,0.87
483,638,1.00
482,639,1.00
483,639,1.00
482,640,1.00
483,640,1.00
482,641,1.00
483,641,1.00
484,641,1.00
482,642,1.00
483,642,1.00
484,642,1.00
485,642,1.00
483,643,1.00
484,643,1.00
485,643,1.00
486,643,1.00
487,643,1.00
488,643,1.00
489,643,1.00
490,643,1.00
491,643,0.17
484,644,1.00
485,644,1.00
486,644,1.00
487,644,1.00
488,644,1.00
489,644,1.00
490,644,0.47
481,637,0.06
481,638,0.20
481,639,0.41
481,640,0.72
481,641,1.00
481,642,1.00
481,643,1.00
482,643,1.00
482,644,1.00
483,644,1.00
483,645,1.00
484,645,1.00
485,645,1.00
486,645,1.00
487,645,1.00
488,645,1.00
489,645,1.00
480,640,0.06
480,641,0.32
480,642,0.75
480,643,1.00
480,644,1.00
481,644,1.00
480,645,1.00
481,645,1.00
482,645,1.00
490,645,0.20
480,646,1.00
481,646,1.00
482,646,1.00
483,646,1.00
484,646,1.00
485,646,1.00
486,646,1.00
487,646,1.00
488,646,1.00
489,646,1.00
490,646,0.06
481,647,1.00
482,647,1.00
483,647,1.00
484,647,1.00
485,647,1.00
486,647,1.00
487,647,1.00
488,647,1.00
489,647,0.95
482,648,1.00
483,648,1.00
484,648,1.00
485,648,1.00
486,648,1.00
487,648,1.00
488,648,1.00
479,642,0.06
479,643,0.26
479,644,0.56
479,645,0.84
479,646,1.00
479,647,1.00
480,647,1.00
479,648,1.00
480,648,1.00
481,648,1.00
489,648,0.56
480,649,1.00
481,649,1.00
482,649,1.00
483,649,1.00
484,649,1.00
485,649,1.00
486,649,1.00
487,649,1.00
488,649,1.00
481,650,1.00
482,650,1.00
483,650,1.00
484,650,1.00
485,650,1.00
486,650,1.00
487,650,1.00
479,649,1.00
489,649,0.26
480,650,1.00
488,650,1.00
481,651,1.00
482,651,1.00
483,651,1.00
484,651,1.00
485,651,1.00
486,651,1.00
487,651,1.00
479,650,1.00
489,650,0.06
480,651,1.00
488,651,1.00
481,652,1.00
482,652,1.00
483,652,1.00
484,652,1.00
485,652,1.00
486,652,1.00
487,652,1.00
478,647,0.06
478,648,0.26
478,649,0.51
478,650,0.69
478,651,0.89
479,651,1.00
478,652,1.00
479,652,1.00
480,652,1.00
488,652,1.00
478,653,0.95
479,653,1.00
480,653,1.00
481,653,1.00
482,653,1.00
483,653,1.00
484,653,1.00
485,653,1.00
486,653,1.00
487,653,1.00
488,653,0.95
479,654,1.00
480,654,1.00
481,654,1.00
482,654,1.00
483,654,1.00
484,654,1.00
485,654,1.00
486,654,1.00
487,654,1.00
480,655,1.00
481,655,1.00
482,655,1.00
483,655,1.00
484,655,1.00
485,655,1.00
486,655,1.00
478,654,0.95
488,654,0.95
479,655,1.00
487,655,1.00
480,656,1.00
481,656,1.00
482,656,1.00
483,656,1.00
484,656,1.00
485,656,1.00
486,656,1.00
478,655,1.00
488,655,1.00
478,656,1.00
479,656,1.00
487,656,1.00
488,656,1.00
479,657,1.00
480,657,1.00
481,657,1.00
482,657,1.00
483,657,1.00
484,657,1.00
485,657,1.00
486,657,1.00
487,657,1.00
480,658,1.00
481,658,1.00
482,658,1.00
483,658,1.00
484,658,1.00
485,658,1.00
486,658,1.00
478,657,1.00
488,657,1.00
479,658,1.00
487,658,1.00
480,659,1.00
481,659,1.00
482,659,1.00
483,659,1.00
484,659,1.00
485,659,1.00
486,659,1.00
478,658,1.00
488,658,1.00
478,659,0.95
479,659,1.00
487,659,1.00
488,659,0.95
479,660,1.00
480,660,1.00
481,660,1.00
482,660,1.00
483,660,1.00
484,660,1.00
485,660,1.00
486,660,1.00
487,660,1.00
480,661,1.00
481,661,1.00
482,661,1.00
483,661,1.00
484,661,1.00
485,661,1.00
486,661,1.00
478,660,0.77
488,660,0.77
479,661,1.00
487,661,1.00
480,662,1.00
481,662,1.00
482,662,1.00
483,662,1.00
484,662,1.00
485,662,1.00
486,662,1.00
478,661,0.56
488,661,0.56
479,662,1.00
487,662,1.00
480,663,1.00
481,663,1.00
482,663,1.00
483,663,1.00
484,663,1.00
485,663,1.00
486,663,1.00
478,662,0.45
488,662,0.45
479,663,1.00
487,663,1.00
480,664,1.00
481,664,1.00
482,664,1.00
483,664,1.00
484,664,1.00
485,664,1.00
486,664,1.00
478,663,0.51
488,663,0.51
478,664,0.51
479,664,1.00
487,664,1.00
488,664,0.51
478,665,0.45
479,665,1.00
480,665,1.00
481,665,1.00
482,665,1.00
483,665,1.00
484,665,1.00
485,665,1.00
486,665,1.00
487,665,1.00
488,665,0.45
479,666,1.00
480,666,1.00
481,666,1.00
482,666,1.00
483,666,1.00
484,666,1.00
485,666,1.00
486,666,1.00
487,666,1.00
480,667,1.00
481,667,1.00
482,667,1.00
483,667,1.00
484,667,1.00
485,667,1.00
486,667,1.00
478,666,0.56
488,666,0.56
478,667,0.82
479,667,1.00
487,667,1.00
488,667,0.71
478,668,1.00
479,668,1.00
480,668,1.00
481,668,1.00
482,668,1.00
483,668,1.00
484,668,1.00
485,668,1.00
486,668,1.00
487,668,1.00
488,668,0.69
479,669,1.00
480,669,1.00
481,669,1.00
482,669,1.00
483,669,1.00
484,669,1.00
485,669,1.00
486,669,1.00
487,669,1.00
480,670,1.00
481,670,1.00
482,670,1.00
483,670,1.00
484,670,1.00
485,670,1.00
486,670,1.00
478,669,1.00
488,669,0.63
478,670,1.00
479,670,1.00
487,670,1.00
488,670,0.51
478,671,1.00
479,671,1.00
480,671,1.00
481,671,1.00
482,671,1.00
483,671,1.00
484,671,1.00
485,671,1.00
486,671,1.00
487,671,1.00
488,671,0.26
479,672,1.00
480,672,1.00
481,672,1.00
482,672,1.00
483,672,1.00
484,672,1.00
485,672,1.00
486,672,1.00
487,672,1.00
480,673,1.00
481,673,1.00
482,673,1.00
483,673,1.00
484,673,1.00
485,673,1.00
486,673,1.00
478,672,1.00
488,672,0.06
479,673,1.00
487,673,0.65
480,674,1.00
481,674,1.00
482,674,1.00
483,674,1.00
484,674,1.00
485,674,1.00
486,674,1.00
477,668,0.06
477,669,0.20
477,670,0.64
477,671,1.00
477,672,1.00
477,673,1.00
478,673,1.00
477,674,1.00
478,674,1.00
479,674,1.00
487,674,0.36
478,675,1.00
479,675,1.00
480,675,1.00
481,675,1.00
482,675,1.00
483,675,1.00
484,675,1.00
485,675,1.00
486,675,1.00
479,676,1.00
480,676,1.00
481,676,1.00
482,676,1.00
483,676,1.00
484,676,1.00
485,676,1.00
477,675,1.00
487,675,0.20
477,676,1.00
478,676,1.00
486,676,0.74
487,676,0.06
478,677,1.00
479,677,1.00
480,677,1.00
481,677,1.00
482,677,1.00
483,677,1.00
484,677,1.00
485,677,1.00
486,677,0.23
479,678,1.00
480,678,1.00
481,678,1.00
482,678,1.00
483,678,1.00
484,678,1.00
485,678,0.34
476,671,0.23
476,672,0.74
476,673,1.00
476,674,1.00
476,675,1.00
476,676,1.00
476,677,1.00
477,677,1.00
477,678,1.00
478,678,1.00
478,679,1.00
479,679,1.00
480,679,1.00
481,679,1.00
482,679,1.00
483,679,1.00
484,679,0.23
475,672,0.06
475,673,0.20
475,674,0.36
475,675,0.87
475,676,1.00
475,677,1.00
475,678,1.00
476,678,1.00
476,679,1.00
477,679,1.00
477,680,1.00
478,680,1.00
479,680,1.00
480,680,1.00
481,680,1.00
482,680,1.00
483,680,0.36
474,675,0.17
473,676,0.17
474,676,0.67
473,677,0.74
474,677,1.00
473,678,1.00
474,678,1.00
473,679,1.00
474,679,1.00
475,679,1.00
473,680,1.00
474,680,1.00
475,680,1.00
476,680,1.00
473,681,1.00
474,681,1.00
475,681,1.00
476,681,1.00
477,681,1.00
478,681,1.00
479,681,1.00
480,681,1.00
481,681,1.00
482,681,0.81
483,681,0.20
473,682,1.00
474,682,1.00
475,682,1.00
476,682,1.00
477,682,1.00
478,682,1.00
479,682,1.00
480,682,1.00
481,682,1.00
482,682,0.54
483,682,0.06
474,683,1.00
475,683,1.00
476,683,1.00
477,683,1.00
478,683,1.00
479,683,1.00
480,683,1.00
481,683,0.67
482,683,0.17
475,684,1.00
476,684,1.00
477,684,1.00
478,684,1.00
479,684,1.00
480,684,1.00
481,684,0.17
472,677,0.11
472,678,1.00
472,679,1.00
472,680,1.00
472,681,1.00
472,682,1.00
472,683,1.00
473,683,1.00
473,684,1.00
474,684,1.00
474,685,1.00
475,685,1.00
476,685,1.00
477,685,1.00
478,685,1.00
479,685,1.00
480,685,0.32
471,678,0.28
470,679,0.60
471,679,1.00
470,680,1.00
471,680,1.00
470,681,1.00
471,681,1.00
470,682,1.00
471,682,1.00
470,683,1.00
471,683,1.00
470,684,1.00
471,684,1.00
472,684,1.00
470,685,1.00
471,685,1.00
472,685,1.00
473,685,1.00
471,686,1.00
472,686,1.00
473,686,1.00
474,686,1.00
475,686,1.00
476,686,1.00
477,686,1.00
478,686,1.00
479,686,0.62
472,687,1.00
473,687,1.00
474,687,1.00
475,687,1.00
476,687,1.00
477,687,1.00
478,687,0.73
470,686,1.00
480,686,0.06
471,687,1.00
479,687,0.11
472,688,1.00
473,688,1.00
474,688,1.00
475,688,1.00
476,688,1.00
477,688,0.37
478,688,0.06
469,680,0.84
469,681,1.00
469,682,1.00
469,683,1.00
469,684,1.00
469,685,1.00
469,686,1.00
470,687,1.00
471,688,1.00
469,679,0.06
468,680,0.41
467,681,0.90
468,681,1.00
467,682,1.00
468,682,1.00
467,683,1.00
468,683,1.00
467,684,1.00
468,684,1.00
467,685,1.00
468,685,1.00
467,686,1.00
468,686,1.00
467,687,1.00
468,687,1.00
469,687,1.00
468,688,1.00
469,688,1.00
470,688,1.00
469,689,1.00
470,689,1.00
471,689,1.00
472,689,0.72
473,689,0.41
474,689,0.20
475,689,0.06
466,680,0.06
467,680,0.20
465,681,0.32
466,681,0.63
464,682,0.39
465,682,0.84
466,682,1.00
464,683,1.00
465,683,1.00
466,683,1.00
464,684,1.00
465,684,1.00
466,684,1.00
464,685,1.00
465,685,1.00
466,685,1.00
464,686,1.00
465,686,1.00
466,686,1.00
464,687,1.00
465,687,1.00
466,687,1.00
464,688,1.00
465,688,1.00
466,688,1.00
467,688,1.00
465,689,1.00
466,689,1.00
467,689,1.00
468,689,1.00
466,690,1.00
467,690,1.00
468,690,1.00
469,690,0.84
470,690,0.63
471,690,0.32
472,690,0.06
464,681,0.06
463,682,0.11
462,683,0.89
463,683,1.00
462,684,1.00
463,684,1.00
462,685,1.00
463,685,1.00
462,686,1.00
463,686,1.00
462,687,1.00
463,687,1.00
462,688,1.00
463,688,1.00
462,689,1.00
463,689,1.00
464,689,1.00
463,690,1.00
464,690,1.00
465,690,1.00
464,691,1.00
465,691,1.00
466,691,1.00
467,691,0.72
468,691,0.36
469,691,0.20
470,691,0.06
460,683,0.59
461,683,0.81
459,684,1.00
460,684,1.00
461,684,1.00
458,685,1.00
459,685,1.00
460,685,1.00
461,685,1.00
458,686,1.00
459,686,1.00
460,686,1.00
461,686,1.00
458,687,1.00
459,687,1.00
460,687,1.00
461,687,1.00
458,688,1.00
459,688,1.00
460,688,1.00
461,688,1.00
458,689,1.00
459,689,1.00
460,689,1.00
461,689,1.00
458,690,1.00
459,690,1.00
460,690,1.00
461,690,1.00
462,690,1.00
458,691,1.00
459,691,1.00
460,691,1.00
461,691,1.00
462,691,1.00
463,691,1.00
459,692,1.00
460,692,1.00
461,692,1.00
462,692,1.00
463,692,1.00
464,692,1.00
465,692,0.84
466,692,0.45
467,692,0.11
460,693,0.59
461,693,0.81
462,693,0.84
463,693,0.69
464,693,0.51
465,693,0.26
466,693,0.06
459,683,0.36
458,684,0.62
457,685,0.98
457,686,1.00
457,687,1.00
457,688,1.00
457,689,1.00
457,690,1.00
457,691,0.98
458,692,0.62
459,693,0.36
457,683,0.06
458,683,0.20
456,684,0.45
457,684,0.45
455,685,1.00
456,685,0.98
455,686,1.00
456,686,1.00
455,687,1.00
456,687,1.00
455,688,1.00
456,688,1.00
455,689,1.00
456,689,1.00
455,690,1.00
456,690,1.00
455,691,1.00
456,691,0.98
456,692,0.45
457,692,0.45
457,693,0.06
458,693,0.20
450,683,0.62
451,683,0.59
452,683,0.60
453,683,0.54
454,683,0.36
455,683,0.20
456,683,0.06
449,684,1.00
450,684,1.00
451,684,1.00
452,684,1.00
453,684,1.00
454,684,0.96
455,684,0.62
448,685,1.00
449,685,1.00
450,685,1.00
451,685,1.00
452,685,1.00
453,685,1.00
454,685,1.00
448,686,1.00
449,686,1.00
450,686,1.00
451,686,1.00
452,686,1.00
453,686,1.00
454,686,1.00
448,687,1.00
449,687,1.00
450,687,1.00
451,687,1.00
452,687,1.00
453,687,1.00
454,687,1.00
448,688,1.00
449,688,1.00
450,688,1.00
451,688,1.00
452,688,1.00
453,688,1.00
454,688,1.00
448,689,1.00
449,689,1.00
450,689,1.00
451,689,1.00
452,689,1.00
453,689,1.00
454,689,1.00
448,690,1.00
449,690,1.00
450,690,1.00
451,690,1.00
452,690,1.00
453,690,1.00
454,690,1.00
448,691,1.00
449,691,1.00
450,691,1.00
451,691,1.00
452,691,1.00
453,691,1.00
454,691,1.00
449,692,1.00
450,692,1.00
451,692,1.00
452,692,1.00
453,692,1.00
454,692,0.96
455,692,0.62
450,693,0.62
451,693,0.59
452,693,0.60
453,693,0.54
454,693,0.36
455,693,0.20
456,693,0.06
448,683,0.89
449,683,0.77
447,684,1.00
448,684,1.00
446,685,1.00
447,685,1.00
446,686,1.00
447,686,1.00
446,687,1.00
447,687,1.00
446,688,1.00
447,688,1.00
446,689,1.00
447,689,1.00
446,690,1.00
447,690,1.00
446,691,1.00
447,691,1.00
447,692,1.00
448,692,1.00
448,693,0.89
449,693,0.77
445,683,1.00
446,683,1.00
447,683,1.00
444,684,1.00
445,684,1.00
446,684,1.00
443,685,1.00
444,685,1.00
445,685,1.00
443,686,1.00
444,686,1.00
445,686,1.00
443,687,1.00
444,687,1.00
445,687,1.00
443,688,1.00
444,688,1.00
445,688,1.00
443,689,1.00
444,689,1.00
445,689,1.00
443,690,1.00
444,690,1.00
445,690,1.00
443,691,1.00
444,691,1.00
445,691,1.00
444,692,1.00
445,692,1.00
446,692,1.00
445,693,0.56
446,693,0.84
447,693,0.93
444,683,1.00
443,684,1.00
442,685,1.00
442,686,1.00
442,687,1.00
442,688,1.00
442,689,1.00
442,690,1.00
442,691,1.00
443,692,0.78
444,693,0.26
443,683,1.00
442,684,1.00
441,685,1.00
441,686,1.00
441,687,1.00
441,688,1.00
441,689,1.00
441,690,1.00
441,691,0.87
442,692,0.41
443,693,0.06
440,682,1.00
441,682,1.00
442,682,1.00
443,682,0.72
444,682,0.41
445,682,0.20
446,682,0.06
439,683,1.00
440,683,1.00
441,683,1.00
442,683,1.00
438,684,1.00
439,684,1.00
440,684,1.00
441,684,1.00
438,685,1.00
439,685,1.00
440,685,1.00
438,686,1.00
439,686,1.00
440,686,1.00
438,687,1.00
439,687,1.00
440,687,1.00
438,688,1.00
439,688,1.00
440,688,1.00
438,689,1.00
439,689,1.00
440,689,1.00
438,690,0.90
439,690,1.00
440,690,1.00
439,691,0.41
440,691,0.67
440,692,0.06
441,692,0.20
437,681,1.00
438,681,1.00
439,681,1.00
440,681,1.00
441,681,0.69
442,681,0.32
443,681,0.06
436,682,1.00
437,682,1.00
438,682,1.00
439,682,1.00
435,683,1.00
436,683,1.00
437,683,1.00
438,683,1.00
435,684,1.00
436,684,1.00
437,684,1.00
435,685,1.00
436,685,1.00
437,685,1.00
435,686,1.00
436,686,1.00
437,686,1.00
435,687,1.00
436,687,1.00
437,687,1.00
435,688,1.00
436,688,1.00
437,688,1.00
435,689,0.69
436,689,1.00
437,689,1.00
436,690,0.32
437,690,0.63
437,691,0.06
438,691,0.20
435,680,1.00
436,680,1.00
437,680,1.00
438,680,1.00
439,680,0.84
440,680,0.32
441,680,0.06
434,681,1.00
435,681,1.00
436,681,1.00
433,682,1.00
434,682,1.00
435,682,1.00
433,683,1.00
434,683,1.00
433,684,1.00
434,684,1.00
433,685,1.00
434,685,1.00
433,686,1.00
434,686,1.00
433,687,1.00
434,687,1.00
433,688,0.39
434,688,0.84
434,689,0.32
435,690,0.06
433,679,1.00
434,679,1.00
435,679,1.00
436,679,1.00
437,679,1.00
438,679,0.54
439,679,0.11
432,680,1.00
433,680,1.00
434,680,1.00
431,681,1.00
432,681,1.00
433,681,1.00
431,682,1.00
432,682,1.00
431,683,1.00
432,683,1.00
431,684,1.00
432,684,1.00
431,685,1.00
432,685,1.00
431,686,0.84
432,686,1.00
431,687,0.11
432,687,0.54
432,688,0.11
433,689,0.06
431,677,1.00
432,677,1.00
433,677,1.00
434,677,1.00
435,677,0.93
436,677,0.32
437,677,0.06
430,678,1.00
431,678,1.00
432,678,1.00
433,678,1.00
434,678,1.00
435,678,1.00
436,678,0.84
437,678,0.39
438,678,0.11
429,679,1.00
430,679,1.00
431,679,1.00
432,679,1.00
429,680,1.00
430,680,1.00
431,680,1.00
429,681,1.00
430,681,1.00
429,682,1.00
430,682,1.00
429,683,1.00
430,683,1.00
429,684,0.79
430,684,1.00
429,685,0.39
430,685,0.84
430,686,0.32
429,676,1.00
430,676,1.00
431,676,1.00
432,676,1.00
433,676,1.00
434,676,1.00
435,676,0.26
428,677,1.00
429,677,1.00
430,677,1.00
427,678,1.00
428,678,1.00
429,678,1.00
427,679,1.00
428,679,1.00
427,680,1.00
428,680,1.00
427,681,1.00
428,681,1.00
427,682,0.63
428,682,1.00
427,683,0.26
428,683,0.71
427,684,0.06
428,684,0.33
428,685,0.11
429,686,0.06
427,673,1.00
428,673,1.00
429,673,1.00
430,673,1.00
431,673,1.00
432,673,1.00
433,673,0.69
426,674,1.00
427,674,1.00
428,674,1.00
429,674,1.00
430,674,1.00
431,674,1.00
432,674,1.00
433,674,1.00
434,674,0.32
425,675,1.00
426,675,1.00
427,675,1.00
428,675,1.00
429,675,1.00
430,675,1.00
431,675,1.00
432,675,1.00
433,675,1.00
434,675,0.63
435,675,0.06
425,676,1.00
426,676,1.00
427,676,1.00
428,676,1.00
425,677,1.00
426,677,1.00
427,677,1.00
425,678,1.00
426,678,1.00
425,679,0.69
426,679,1.00
425,680,0.32
426,680,0.84
425,681,0.06
426,681,0.39
426,682,0.11
426,671,1.00
427,671,1.00
428,671,1.00
429,671,1.00
430,671,1.00
431,671,1.00
432,671,0.59
425,672,1.00
426,672,1.00
427,672,1.00
428,672,1.00
429,672,1.00
430,672,1.00
431,672,1.00
432,672,1.00
433,672,0.32
424,673,1.00
425,673,1.00
426,673,1.00
434,673,0.06
424,674,1.00
425,674,1.00
424,675,1.00
424,676,1.00
424,677,0.97
424,678,0.38
424,679,0.06
425,669,1.00
426,669,1.00
427,669,1.00
428,669,1.00
429,669,1.00
430,669,1.00
431,669,0.38
424,670,1.00
425,670,1.00
426,670,1.00
427,670,1.00
428,670,1.00
429,670,1.00
430,670,1.00
431,670,0.97
432,670,0.17
423,671,1.00
424,671,1.00
425,671,1.00
433,671,0.06
423,672,1.00
424,672,1.00
423,673,1.00
423,674,1.00
423,675,1.00
423,676,0.59
423,677,0.17
424,668,1.00
425,668,1.00
426,668,1.00
427,668,1.00
428,668,1.00
429,668,1.00
430,668,0.89
423,669,1.00
424,669,1.00
422,670,1.00
423,670,1.00
422,671,1.00
422,672,1.00
422,673,1.00
422,674,1.00
422,675,0.38
422,676,0.06
423,666,1.00
424,666,1.00
425,666,1.00
426,666,1.00
427,666,1.00
428,666,1.00
429,666,0.80
422,667,1.00
423,667,1.00
424,667,1.00
425,667,1.00
426,667,1.00
427,667,1.00
428,667,1.00
429,667,1.00
430,667,0.38
421,668,1.00
422,668,1.00
423,668,1.00
431,668,0.06
421,669,1.00
422,669,1.00
421,670,1.00
421,671,1.00
421,672,1.00
421,673,0.65
421,674,0.17
422,665,1.00
423,665,1.00
424,665,1.00
425,665,1.00
426,665,1.00
427,665,1.00
428,665,1.00
421,666,1.00
422,666,1.00
420,667,1.00
421,667,1.00
420,668,1.00
420,669,1.00
420,670,0.97
420,671,0.62
420,672,0.26
420,673,0.06
422,664,1.00
423,664,1.00
424,664,1.00
425,664,1.00
426,664,1.00
427,664,1.00
428,664,0.69
421,665,1.00
429,665,0.32
420,666,1.00
430,666,0.06
421,662,1.00
422,662,1.00
423,662,1.00
424,662,1.00
425,662,1.00
426,662,1.00
427,662,0.98
420,663,1.00
421,663,1.00
422,663,1.00
423,663,1.00
424,663,1.00
425,663,1.00
426,663,1.00
427,663,1.00
428,663,0.45
419,664,1.00
420,664,1.00
421,664,1.00
429,664,0.06
419,665,1.00
420,665,1.00
419,666,0.69
419,667,0.45
419,668,0.30
419,669,0.20
419,670,0.06
420,658,1.00
421,658,1.00
422,658,1.00
423,658,1.00
424,658,1.00
425,658,1.00
426,658,0.69
419,659,1.00
420,659,1.00
421,659,1.00
422,659,1.00
423,659,1.00
424,659,1.00
425,659,1.00
426,659,1.00
427,659,0.32
418,660,1.00
419,660,1.00
420,660,1.00
421,660,1.00
422,660,1.00
423,660,1.00
424,660,1.00
425,660,1.00
426,660,1.00
427,660,0.63
428,660,0.06
418,661,1.00
419,661,1.00
420,661,1.00
421,661,1.00
422,661,1.00
423,661,1.00
424,661,1.00
425,661,1.00
426,661,1.00
427,661,0.84
428,661,0.20
418,662,1.00
419,662,1.00
420,662,1.00
428,662,0.30
418,663,1.00
419,663,1.00
418,664,0.69
418,665,0.32
418,666,0.06
419,656,1.00
420,656,1.00
421,656,1.00
422,656,1.00
423,656,1.00
424,656,1.00
425,656,0.72
418,657,1.00
419,657,1.00
420,657,1.00
421,657,1.00
422,657,1.00
423,657,1.00
424,657,1.00
425,657,1.00
426,657,0.32
417,658,1.00
418,658,1.00
419,658,1.00
427,658,0.06
417,659,1.00
418,659,1.00
417,660,1.00
417,661,0.90
417,662,0.63
417,663,0.32
417,664,0.06
418,654,1.00
419,654,1.00
420,654,1.00
421,654,1.00
422,654,1.00
423,654,1.00
424,654,1.00
417,655,1.00
418,655,1.00
419,655,1.00
420,655,1.00
421,655,1.00
422,655,1.00
423,655,1.00
424,655,1.00
425,655,0.41
416,656,1.00
417,656,1.00
418,656,1.00
426,656,0.06
416,657,1.00
417,657,1.00
416,658,1.00
416,659,0.72
416,660,0.41
416,661,0.20
416,662,0.06
417,651,1.00
418,651,1.00
419,651,1.00
420,651,1.00
421,651,1.00
422,651,1.00
423,651,1.00
416,652,1.00
417,652,1.00
418,652,1.00
419,652,1.00
420,652,1.00
421,652,1.00
422,652,1.00
423,652,1.00
424,652,0.62
415,653,1.00
416,653,1.00
417,653,1.00
418,653,1.00
419,653,1.00
420,653,1.00
421,653,1.00
422,653,1.00
423,653,1.00
424,653,0.97
425,653,0.06
415,654,1.00
416,654,1.00
417,654,1.00
425,654,0.20
415,655,1.00
416,655,1.00
415,656,1.00
415,657,0.75
415,658,0.32
415,659,0.06
416,649,1.00
417,649,1.00
418,649,1.00
419,649,1.00
420,649,1.00
421,649,1.00
422,649,1.00
415,650,1.00
416,650,1.00
417,650,1.00
418,650,1.00
419,650,1.00
420,650,1.00
421,650,1.00
422,650,1.00
423,650,0.75
414,651,1.00
415,651,1.00
416,651,1.00
424,651,0.26
414,652,1.00
415,652,1.00
414,653,1.00
414,654,1.00
414,655,0.68
414,656,0.26
414,657,0.06
416,648,1.00
417,648,1.00
418,648,1.00
419,648,1.00
420,648,1.00
421,648,1.00
422,648,0.89
415,649,1.00
423,649,0.32
414,650,1.00
424,650,0.06
415,646,1.00
416,646,1.00
417,646,1.00
418,646,1.00
419,646,1.00
420,646,1.00
421,646,0.86
414,647,1.00
415,647,1.00
416,647,1.00
417,647,1.00
418,647,1.00
419,647,1.00
420,647,1.00
421,647,1.00
422,647,0.38
413,648,1.00
414,648,1.00
415,648,1.00
423,648,0.06
413,649,1.00
414,649,1.00
413,650,1.00
413,651,1.00
413,652,1.00
413,653,0.99
413,654,0.23
414,645,1.00
415,645,1.00
416,645,1.00
417,645,1.00
418,645,1.00
419,645,1.00
420,645,1.00
413,646,1.00
414,646,1.00
412,647,1.00
413,647,1.00
412,648,1.00
412,649,1.00
412,650,1.00
412,651,1.00
412,652,0.71
412,653,0.17
414,644,1.00
415,644,1.00
416,644,1.00
417,644,1.00
418,644,1.00
419,644,1.00
420,644,0.71
413,645,1.00
421,645,0.32
412,646,1.00
422,646,0.06
413,644,1.00
412,645,1.00
411,646,1.00
411,647,1.00
411,648,1.00
411,649,1.00
411,650,1.00
411,651,0.49
411,652,0.06
413,642,1.00
414,642,1.00
415,642,1.00
416,642,1.00
417,642,1.00
418,642,0.82
419,642,0.17
412,643,1.00
413,643,1.00
414,643,1.00
415,643,1.00
416,643,1.00
417,643,1.00
418,643,1.00
419,643,0.95
420,643,0.17
411,644,1.00
412,644,1.00
421,644,0.06
411,645,1.00
412,642,1.00
411,643,1.00
410,644,1.00
410,645,1.00
410,646,1.00
410,647,1.00
410,648,1.00
410,649,1.00
410,650,0.28
412,641,1.00
413,641,1.00
414,641,1.00
415,641,1.00
416,641,1.00
417,641,0.38
418,641,0.06
411,642,1.00
410,643,1.00
411,641,1.00
410,642,1.00
409,643,1.00
409,644,1.00
409,645,1.00
409,646,1.00
409,647,1.00
409,648,0.74
409,649,0.17
410,640,1.00
411,640,1.00
412,640,1.00
413,640,1.00
414,640,1.00
415,640,0.74
416,640,0.11
409,641,1.00
410,641,1.00
408,642,1.00
409,642,1.00
408,643,1.00
408,644,1.00
408,645,1.00
408,646,1.00
408,647,0.74
408,648,0.11
408,638,1.00
409,638,1.00
410,638,1.00
411,638,1.00
412,638,1.00
413,638,0.74
414,638,0.17
407,639,1.00
408,639,1.00
409,639,1.00
410,639,1.00
411,639,1.00
412,639,1.00
413,639,1.00
414,639,0.67
415,639,0.17
406,640,1.00
407,640,1.00
408,640,1.00
409,640,1.00
406,641,1.00
407,641,1.00
408,641,1.00
406,642,1.00
407,642,1.00
406,643,1.00
407,643,1.00
406,644,1.00
407,644,1.00
406,645,0.74
407,645,1.00
406,646,0.17
407,646,0.67
407,647,0.17
407,637,1.00
408,637,1.00
409,637,1.00
410,637,1.00
411,637,1.00
412,637,0.54
413,637,0.11
406,638,1.00
407,638,1.00
405,639,1.00
406,639,1.00
405,640,1.00
405,641,1.00
405,642,1.00
405,643,1.00
405,644,0.54
405,645,0.11
405,635,1.00
406,635,1.00
407,635,1.00
408,635,1.00
409,635,1.00
410,635,0.74
411,635,0.11
404,636,1.00
405,636,1.00
406,636,1.00
407,636,1.00
408,636,1.00
409,636,1.00
410,636,1.00
411,636,0.54
412,636,0.11
403,637,1.00
404,637,1.00
405,637,1.00
406,637,1.00
403,638,1.00
404,638,1.00
405,638,1.00
403,639,1.00
404,639,1.00
403,640,1.00
404,640,1.00
403,641,1.00
404,641,1.00
403,642,0.74
404,642,1.00
403,643,0.11
404,643,0.54
404,644,0.11
403,633,1.00
404,633,1.00
405,633,1.00
406,633,1.00
407,633,1.00
408,633,0.87
409,633,0.23
402,634,1.00
403,634,1.00
404,634,1.00
405,634,1.00
406,634,1.00
407,634,1.00
408,634,1.00
409,634,0.87
410,634,0.17
401,635,1.00
402,635,1.00
403,635,1.00
404,635,1.00
401,636,1.00
402,636,1.00
403,636,1.00
401,637,1.00
402,637,1.00
401,638,1.00
402,638,1.00
401,639,1.00
402,639,1.00
401,640,1.00
402,640,1.00
401,641,0.23
402,641,0.87
402,642,0.17
402,632,1.00
403,632,1.00
404,632,1.00
405,632,1.00
406,632,1.00
407,632,0.65
408,632,0.17
401,633,1.00
402,633,1.00
400,634,1.00
401,634,1.00
400,635,1.00
400,636,1.00
400,637,1.00
400,638,1.00
400,639,1.00
400,640,1.00
401,631,1.00
402,631,1.00
403,631,1.00
404,631,1.00
405,631,1.00
406,631,0.43
407,631,0.06
400,632,1.00
401,632,1.00
399,633,1.00
400,633,1.00
399,634,1.00
399,635,1.00
399,636,1.00
399,637,1.00
399,638,1.00
399,639,1.00
399,630,1.00
400,630,1.00
401,630,1.00
402,630,1.00
403,630,0.86
404,630,0.47
405,630,0.11
398,631,1.00
399,631,1.00
400,631,1.00
397,632,1.00
398,632,1.00
399,632,1.00
397,633,1.00
398,633,1.00
397,634,1.00
398,634,1.00
397,635,1.00
398,635,1.00
397,636,1.00
398,636,1.00
397,637,1.00
398,637,1.00
397,638,1.00
398,638,1.00
398,639,1.00
399,640,0.62
398,630,1.00
397,631,1.00
396,632,1.00
396,633,1.00
396,634,1.00
396,635,1.00
396,636,1.00
396,637,1.00
396,638,1.00
397,639,1.00
398,640,0.26
397,630,1.00
396,631,1.00
395,632,1.00
395,633,1.00
395,634,1.00
395,635,1.00
395,636,1.00
395,637,1.00
395,638,1.00
396,639,1.00
397,640,0.06
395,629,1.00
396,629,1.00
397,629,1.00
398,629,0.84
399,629,0.56
400,629,0.26
401,629,0.06
394,630,1.00
395,630,1.00
396,630,1.00
393,631,1.00
394,631,1.00
395,631,1.00
393,632,1.00
394,632,1.00
393,633,1.00
394,633,1.00
393,634,1.00
394,634,1.00
393,635,1.00
394,635,1.00
393,636,1.00
394,636,1.00
393,637,1.00
394,637,1.00
394,638,1.00
395,639,1.00
394,629,1.00
393,630,1.00
392,631,1.00
392,632,1.00
392,633,1.00
392,634,1.00
392,635,1.00
392,636,1.00
392,637,1.00
393,638,1.00
394,639,1.00
393,629,0.99
392,630,1.00
391,631,1.00
391,632,1.00
391,633,1.00
391,634,1.00
391,635,1.00
391,636,1.00
391,637,1.00
392,638,1.00
393,639,1.00
391,629,0.32
392,629,0.71
390,630,1.00
391,630,1.00
389,631,1.00
390,631,1.00
389,632,1.00
390,632,1.00
389,633,1.00
390,633,1.00
389,634,1.00
390,634,1.00
389,635,1.00
390,635,1.00
389,636,1.00
390,636,1.00
389,637,1.00
390,637,1.00
390,638,1.00
391,638,1.00
391,639,1.00
392,639,1.00
390,629,0.06
389,630,0.38
388,631,0.71
388,632,1.00
388,633,1.00
388,634,1.00
388,635,1.00
388,636,1.00
388,637,1.00
389,638,1.00
390,639,1.00
387,632,0.72
387,633,1.00
387,634,1.00
387,635,1.00
387,636,1.00
387,637,1.00
387,638,1.00
388,638,1.00
388,639,1.00
389,639,1.00
389,640,1.00
390,640,1.00
391,640,1.00
392,640,1.00
393,640,1.00
394,640,0.38
395,640,0.06
388,630,0.06
387,631,0.17
386,632,0.17
386,633,0.74
386,634,1.00
386,635,1.00
386,636,1.00
386,637,1.00
386,638,1.00
387,639,1.00
388,640,1.00
385,633,0.11
385,634,0.54
385,635,1.00
385,636,1.00
385,637,1.00
385,638,1.00
385,639,1.00
386,639,1.00
386,640,1.00
387,640,1.00
387,641,1.00
388,641,1.00
389,641,1.00
390,641,1.00
391,641,1.00
392,641,0.54
393,641,0.11
384,634,0.11
383,635,0.11
384,635,0.54
383,636,0.65
384,636,1.00
383,637,1.00
384,637,1.00
383,638,1.00
384,638,1.00
383,639,1.00
384,639,1.00
383,640,1.00
384,640,1.00
385,640,1.00
383,641,1.00
384,641,1.00
385,641,1.00
386,641,1.00
384,642,1.00
385,642,1.00
386,642,1.00
387,642,1.00
388,642,1.00
389,642,1.00
390,642,1.00
391,642,1.00
392,642,0.11
385,643,1.00
386,643,1.00
387,643,1.00
388,643,1.00
389,643,1.00
390,643,1.00
391,643,0.52
382,636,0.11
381,637,0.06
382,637,0.62
381,638,0.43
382,638,1.00
381,639,1.00
382,639,1.00
381,640,1.00
382,640,1.00
381,641,1.00
382,641,1.00
381,642,1.00
382,642,1.00
383,642,1.00
381,643,1.00
382,643,1.00
383,643,1.00
384,643,1.00
382,644,1.00
383,644,1.00
384,644,1.00
385,644,1.00
386,644,1.00
387,644,1.00
388,644,1.00
389,644,1.00
390,644,0.99
383,645,1.00
384,645,1.00
385,645,1.00
386,645,1.00
387,645,1.00
388,645,1.00
389,645,1.00
381,644,1.00
391,644,0.11
382,645,1.00
390,645,0.29
383,646,1.00
384,646,1.00
385,646,1.00
386,646,1.00
387,646,1.00
388,646,1.00
389,646,0.73
380,639,0.06
380,640,0.32
380,641,0.80
380,642,1.00
380,643,1.00
380,644,1.00
380,645,1.00
381,645,1.00
381,646,1.00
382,646,1.00
382,647,1.00
383,647,1.00
384,647,1.00
385,647,1.00
386,647,1.00
387,647,1.00
388,647,1.00
379,641,0.06
379,642,0.54
379,643,1.00
379,644,1.00
379,645,1.00
379,646,1.00
380,646,1.00
379,647,1.00
380,647,1.00
381,647,1.00
389,647,0.26
380,648,1.00
381,648,1.00
382,648,1.00
383,648,1.00
384,648,1.00
385,648,1.00
386,648,1.00
387,648,1.00
388,648,0.65
381,649,1.00
382,649,1.00
383,649,1.00
384,649,1.00
385,649,1.00
386,649,1.00
387,649,1.00
379,648,1.00
389,648,0.06
380,649,1.00
388,649,0.17
381,650,1.00
382,650,1.00
383,650,1.00
384,650,1.00
385,650,1.00
386,650,1.00
387,650,0.54
378,643,0.40
378,644,1.00
378,645,1.00
378,646,1.00
378,647,1.00
378,648,1.00
378,649,1.00
379,649,1.00
379,650,1.00
380,650,1.00
380,651,1.00
381,651,1.00
382,651,1.00
383,651,1.00
384,651,1.00
385,651,1.00
386,651,0.94
377,644,0.17
377,645,0.79
377,646,1.00
377,647,1.00
377,648,1.00
377,649,1.00
377,650,1.00
378,650,1.00
378,651,1.00
379,651,1.00
379,652,1.00
380,652,1.00
381,652,1.00
382,652,1.00
383,652,1.00
384,652,1.00
385,652,1.00
377,651,1.00
387,651,0.06
378,652,1.00
386,652,0.17
379,653,1.00
380,653,1.00
381,653,1.00
382,653,1.00
383,653,1.00
384,653,1.00
385,653,0.47
376,646,0.06
376,647,0.20
376,648,0.41
376,649,0.72
376,650,1.00
376,651,1.00
376,652,1.00
377,652,1.00
377,653,1.00
378,653,1.00
378,654,1.00
379,654,1.00
380,654,1.00
381,654,1.00
382,654,1.00
383,654,1.00
384,654,1.00
375,649,0.06
375,650,0.32
375,651,0.92
375,652,1.00
375,653,1.00
376,653,1.00
375,654,1.00
376,654,1.00
377,654,1.00
385,654,0.20
375,655,1.00
376,655,1.00
377,655,1.00
378,655,1.00
379,655,1.00
380,655,1.00
381,655,1.00
382,655,1.00
383,655,1.00
384,655,1.00
385,655,0.06
376,656,1.00
377,656,1.00
378,656,1.00
379,656,1.00
380,656,1.00
381,656,1.00
382,656,1.00
383,656,1.00
384,656,0.92
377,657,1.00
378,657,1.00
379,657,1.00
380,657,1.00
381,657,1.00
382,657,1.00
383,657,1.00
374,651,0.06
374,652,0.43
374,653,1.00
374,654,1.00
374,655,1.00
374,656,1.00
375,656,1.00
374,657,1.00
375,657,1.00
376,657,1.00
384,657,0.47
375,658,1.00
376,658,1.00
377,658,1.00
378,658,1.00
379,658,1.00
380,658,1.00
381,658,1.00
382,658,1.00
383,658,0.99
376,659,1.00
377,659,1.00
378,659,1.00
379,659,1.00
380,659,1.00
381,659,1.00
382,659,1.00
374,658,1.00
384,658,0.11
375,659,1.00
383,659,0.29
376,660,1.00
377,660,1.00
378,660,1.00
379,660,1.00
380,660,1.00
381,660,1.00
382,660,0.23
373,653,0.06
373,654,0.26
373,655,0.63
373,656,0.92
373,657,1.00
373,658,1.00
373,659,1.00
374,659,1.00
374,660,1.00
375,660,1.00
375,661,1.00
376,661,1.00
377,661,1.00
378,661,1.00
379,661,1.00
380,661,0.71
381,661,0.26
372,655,0.11
371,656,0.06
372,656,0.33
371,657,0.20
372,657,0.51
371,658,0.30
372,658,0.63
371,659,0.39
372,659,0.87
371,660,0.63
372,660,1.00
373,660,1.00
371,661,1.00
372,661,1.00
373,661,1.00
374,661,1.00
371,662,1.00
372,662,1.00
373,662,1.00
374,662,1.00
375,662,1.00
376,662,1.00
377,662,1.00
378,662,1.00
379,662,0.79
380,662,0.33
381,662,0.06
372,663,1.00
373,663,1.00
374,663,1.00
375,663,1.00
376,663,1.00
377,663,1.00
378,663,1.00
379,663,0.63
380,663,0.11
373,664,1.00
374,664,1.00
375,664,1.00
376,664,1.00
377,664,1.00
378,664,0.87
379,664,0.39
370,660,0.11
369,661,0.11
370,661,0.54
369,662,0.95
370,662,1.00
369,663,1.00
370,663,1.00
371,663,1.00
369,664,1.00
370,664,1.00
371,664,1.00
372,664,1.00
369,665,1.00
370,665,1.00
371,665,1.00
372,665,1.00
373,665,1.00
374,665,1.00
375,665,1.00
376,665,1.00
377,665,1.00
378,665,0.63
379,665,0.30
369,666,1.00
370,666,1.00
371,666,1.00
372,666,1.00
373,666,1.00
374,666,1.00
375,666,1.00
376,666,1.00
377,666,1.00
378,666,0.51
379,666,0.20
369,667,1.00
370,667,1.00
371,667,1.00
372,667,1.00
373,667,1.00
374,667,1.00
375,667,1.00
376,667,1.00
377,667,0.89
378,667,0.33
379,667,0.06
370,668,1.00
371,668,1.00
372,668,1.00
373,668,1.00
374,668,1.00
375,668,1.00
376,668,1.00
377,668,0.54
378,668,0.11
371,669,1.00
372,669,1.00
373,669,1.00
374,669,1.00
375,669,1.00
376,669,0.95
377,669,0.11
368,662,0.23
367,663,0.34
368,663,1.00
367,664,1.00
368,664,1.00
367,665,1.00
368,665,1.00
367,666,1.00
368,666,1.00
367,667,1.00
368,667,1.00
367,668,1.00
368,668,1.00
369,668,1.00
367,669,1.00
368,669,1.00
369,669,1.00
370,669,1.00
368,670,1.00
369,670,1.00
370,670,1.00
371,670,1.00
372,670,1.00
373,670,1.00
374,670,1.00
375,670,1.00
376,670,0.23
369,671,1.00
370,671,1.00
371,671,1.00
372,671,1.00
373,671,1.00
374,671,1.00
375,671,0.34
366,664,0.23
366,665,0.74
366,666,1.00
366,667,1.00
366,668,1.00
366,669,1.00
366,670,1.00
367,670,1.00
367,671,1.00
368,671,1.00
368,672,1.00
369,672,1.00
370,672,1.00
371,672,1.00
372,672,1.00
373,672,1.00
374,672,0.23
365,665,0.06
365,666,0.26
365,667,0.84
365,668,1.00
365,669,1.00
365,670,1.00
365,671,1.00
366,671,1.00
366,672,1.00
367,672,1.00
367,673,1.00
368,673,1.00
369,673,1.00
370,673,1.00
371,673,1.00
372,673,1.00
373,673,0.26
364,667,0.17
363,668,0.17
364,668,0.67
363,669,0.59
364,669,1.00
363,670,1.00
364,670,1.00
363,671,1.00
364,671,1.00
363,672,1.00
364,672,1.00
365,672,1.00
363,673,1.00
364,673,1.00
365,673,1.00
366,673,1.00
363,674,1.00
364,674,1.00
365,674,1.00
366,674,1.00
367,674,1.00
368,674,1.00
369,674,1.00
370,674,1.00
371,674,1.00
372,674,0.87
373,674,0.06
364,675,1.00
365,675,1.00
366,675,1.00
367,675,1.00
368,675,1.00
369,675,1.00
370,675,1.00
371,675,1.00
372,675,0.47
365,676,1.00
366,676,1.00
367,676,1.00
368,676,1.00
369,676,1.00
370,676,1.00
371,676,1.00
362,669,0.06
362,670,0.32
362,671,0.92
362,672,1.00
362,673,1.00
362,674,1.00
362,675,1.00
363,675,1.00
363,676,1.00
364,676,1.00
364,677,1.00
365,677,1.00
366,677,1.00
367,677,1.00
368,677,1.00
369,677,1.00
370,677,1.00
362,676,1.00
372,676,0.20
362,677,1.00
363,677,1.00
371,677,1.00
372,677,0.06
363,678,1.00
364,678,1.00
365,678,1.00
366,678,1.00
367,678,1.00
368,678,1.00
369,678,1.00
370,678,1.00
371,678,0.53
364,679,1.00
365,679,1.00
366,679,1.00
367,679,1.00
368,679,1.00
369,679,1.00
370,679,0.79
361,671,0.06
361,672,0.32
361,673,0.71
361,674,0.99
361,675,1.00
361,676,1.00
361,677,1.00
362,678,1.00
363,679,1.00
361,678,1.00
362,679,1.00
363,680,1.00
364,680,1.00
365,680,1.00
366,680,1.00
367,680,1.00
368,680,1.00
369,680,1.00
361,679,1.00
371,679,0.20
361,680,1.00
362,680,1.00
370,680,0.33
371,680,0.06
362,681,1.00
363,681,1.00
364,681,1.00
365,681,1.00
366,681,1.00
367,681,1.00
368,681,1.00
369,681,0.97
370,681,0.11
363,682,1.00
364,682,1.00
365,682,1.00
366,682,1.00
367,682,1.00
368,682,1.00
369,682,0.56
360,676,0.11
359,677,0.06
360,677,0.45
359,678,0.26
360,678,0.84
359,679,0.51
360,679,1.00
359,680,0.63
360,680,1.00
359,681,0.63
360,681,1.00
361,681,1.00
359,682,0.51
360,682,1.00
361,682,1.00
362,682,1.00
359,683,0.26
360,683,0.84
361,683,1.00
362,683,1.00
363,683,1.00
364,683,1.00
365,683,1.00
366,683,1.00
367,683,1.00
368,683,0.84
369,683,0.26
360,684,0.45
361,684,0.92
362,684,1.00
363,684,1.00
364,684,1.00
365,684,1.00
366,684,1.00
367,684,0.92
368,684,0.45
361,685,0.39
362,685,0.71
363,685,0.93
364,685,1.00
365,685,0.93
366,685,0.71
367,685,0.39
359,684,0.06
369,684,0.06
360,685,0.11
368,685,0.11
361,686,0.06
362,686,0.20
363,686,0.30
364,686,0.33
365,686,0.30
366,686,0.20
367,686,0.06

