116,493,1.00
117,493,1.00
118,493,1.00
119,493,1.00
120,493,1.00
121,493,1.00
122,493,1.00
115,494,1.00
116,494,1.00
117,494,1.00
118,494,1.00
119,494,1.00
120,494,1.00
121,494,1.00
122,494,1.00
123,494,1.00
114,495,1.00
115,495,1.00
116,495,1.00
117,495,1.00
118,495,1.00
119,495,1.00
120,495,1.00
121,495,1.00
122,495,1.00
123,495,1.00
124,495,1.00
113,496,1.00
114,496,1.00
115,496,1.00
116,496,1.00
117,496,1.00
118,496,1.00
119,496,1.00
120,496,1.00
121,496,1.00
122,496,1.00
123,496,1.00
124,496,1.00
125,496,1.00
113,497,1.00
114,497,1.00
115,497,1.00
116,497,1.00
117,497,1.00
118,497,1.00
119,497,1.00
120,497,1.00
121,497,1.00
122,497,1.00
123,497,1.00
124,497,1.00
125,497,1.00
113,498,1.00
114,498,1.00
115,498,1.00
116,498,1.00
117,498,1.00
118,498,1.00
119,498,1.00
120,498,1.00
121,498,1.00
122,498,1.00
123,498,1.00
124,498,1.00
125,498,1.00
113,499,1.00
114,499,1.00
115,499,1.00
116,499,1.00
117,499,1.00
118,499,1.00
119,499,1.00
120,499,1.00
121,499,1.00
122,499,1.00
123,499,1.00
124,499,1.00
125,499,1.00
113,500,1.00
114,500,1.00
115,500,1.00
116,500,1.00
117,500,1.00
118,500,1.00
119,500,1.00
120,500,1.00
121,500,1.00
122,500,1.00
123,500,1.00
124,500,1.00
125,500,1.00
113,501,0.81
114,501,1.00
115,501,1.00
116,501,1.00
117,501,1.00
118,501,1.00
119,501,1.00
120,501,1.00
121,501,1.00
122,501,1.00
123,501,1.00
124,501,1.00
125,501,0.64
113,502,0.17
114,502,1.00
115,502,1.00
116,502,1.00
117,502,1.00
118,502,1.00
119,502,1.00
120,502,1.00
121,502,1.00
122,502,1.00
123,502,1.00
124,502,1.00
125,502,0.17
114,503,0.34
115,503,1.00
116,503,1.00
117,503,1.00
118,503,1.00
119,503,1.00
120,503,1.00
121,503,1.00
122,503,1.00
123,503,1.00
124,503,0.34
115,504,0.34
116,504,0.92
117,504,1.00
118,504,1.00
119,504,1.00
120,504,1.00
121,504,1.00
122,504,0.92
123,504,0.34
116,505,0.17
117,505,0.39
118,505,0.52
119,505,0.57
120,505,0.52
121,505,0.39
122,505,0.17
116,492,1.00
117,492,1.00
118,492,1.00
119,492,1.00
120,492,1.00
121,492,1.00
122,492,1.00
115,493,1.00
123,493,1.00
114,494,1.00
124,494,1.00
113,495,1.00
125,495,0.44
116,491,1.00
117,491,1.00
118,491,1.00
119,491,1.00
120,491,1.00
121,491,1.00
122,491,0.70
115,492,1.00
123,492,0.42
114,493,1.00
124,493,0.25
113,494,1.00
125,494,0.08
115,490,1.00
116,490,1.00
117,490,1.00
118,490,1.00
119,490,1.00
120,490,1.00
121,490,1.00
114,491,1.00
115,491,1.00
113,492,1.00
114,492,1.00
112,493,1.00
113,493,1.00
112,494,1.00
112,495,1.00
112,496,1.00
112,497,1.00
112,498,1.00
112,499,0.76
114,490,1.00
113,491,1.00
112,492,1.00
111,493,1.00
111,494,1.00
111,495,1.00
111,496,1.00
111,497,1.00
111,498,0.45
111,499,0.08
112,500,0.17
114,489,1.00
115,489,1.00
116,489,1.00
117,489,1.00
118,489,1.00
119,489,1.00
120,489,1.00
113,490,1.00
112,491,1.00
111,492,1.00
113,488,1.00
114,488,1.00
115,488,1.00
116,488,1.00
117,488,1.00
118,488,1.00
119,488,1.00
112,489,1.00
113,489,1.00
111,490,1.00
112,490,1.00
110,491,1.00
111,491,1.00
110,492,1.00
110,493,1.00
110,494,1.00
110,495,1.00
110,496,0.53
110,497,0.08
113,487,1.00
114,487,1.00
115,487,1.00
116,487,1.00
117,487,1.00
118,487,1.00
119,487,1.00
112,488,1.00
120,488,0.87
111,489,1.00
121,489,0.45
110,490,1.00
122,490,0.08
112,486,1.00
113,486,1.00
114,486,1.00
115,486,1.00
116,486,1.00
117,486,1.00
118,486,1.00
111,487,1.00
112,487,1.00
110,488,1.00
111,488,1.00
109,489,1.00
110,489,1.00
109,490,1.00
109,491,1.00
109,492,1.00
109,493,1.00
109,494,0.83
109,495,0.25
112,485,1.00
113,485,1.00
114,485,1.00
115,485,1.00
116,485,1.00
117,485,1.00
118,485,1.00
111,486,1.00
119,486,0.80
110,487,1.00
120,487,0.25
109,488,1.00
121,488,0.08
111,484,1.00
112,484,1.00
113,484,1.00
114,484,1.00
115,484,1.00
116,484,1.00
117,484,1.00
110,485,1.00
111,485,1.00
109,486,1.00
110,486,1.00
108,487,1.00
109,487,1.00
108,488,1.00
108,489,1.00
108,490,1.00
108,491,1.00
108,492,0.82
108,493,0.42
110,484,1.00
109,485,1.00
108,486,1.00
107,487,1.00
107,488,1.00
107,489,1.00
107,490,0.73
107,491,0.35
107,492,0.19
107,493,0.08
108,494,0.17
110,482,1.00
111,482,1.00
112,482,1.00
113,482,1.00
114,482,1.00
115,482,1.00
116,482,1.00
109,483,1.00
110,483,1.00
111,483,1.00
112,483,1.00
113,483,1.00
114,483,1.00
115,483,1.00
116,483,1.00
117,483,1.00
108,484,1.00
109,484,1.00
118,484,0.98
107,485,1.00
108,485,1.00
119,485,0.28
107,486,1.00
110,481,1.00
111,481,1.00
112,481,1.00
113,481,1.00
114,481,1.00
115,481,1.00
116,481,1.00
109,482,1.00
117,482,1.00
108,483,1.00
118,483,0.52
107,484,1.00
119,484,0.08
109,480,1.00
110,480,1.00
111,480,1.00
112,480,1.00
113,480,1.00
114,480,1.00
115,480,1.00
108,481,1.00
109,481,1.00
107,482,1.00
108,482,1.00
106,483,1.00
107,483,1.00
106,484,1.00
106,485,1.00
106,486,1.00
106,487,1.00
106,488,0.36
106,489,0.08
109,478,1.00
110,478,1.00
111,478,1.00
112,478,1.00
113,478,1.00
114,478,1.00
115,478,1.00
108,479,1.00
109,479,1.00
110,479,1.00
111,479,1.00
112,479,1.00
113,479,1.00
114,479,1.00
115,479,1.00
116,479,0.62
107,480,1.00
108,480,1.00
116,480,1.00
117,480,0.25
106,481,1.00
107,481,1.00
117,481,0.61
118,481,0.08
106,482,1.00
118,482,0.19
108,478,1.00
107,479,1.00
106,480,1.00
105,481,1.00
105,482,1.00
105,483,1.00
105,484,1.00
105,485,1.00
105,486,0.62
105,487,0.08
108,477,1.00
109,477,1.00
110,477,1.00
111,477,1.00
112,477,1.00
113,477,1.00
114,477,1.00
107,478,1.00
106,479,1.00
105,480,1.00
107,476,1.00
108,476,1.00
109,476,1.00
110,476,1.00
111,476,1.00
112,476,1.00
113,476,1.00
106,477,1.00
107,477,1.00
105,478,1.00
106,478,1.00
104,479,1.00
105,479,1.00
104,480,1.00
104,481,1.00
104,482,1.00
104,483,1.00
104,484,1.00
104,485,0.25
107,475,1.00
108,475,1.00
109,475,1.00
110,475,1.00
111,475,1.00
112,475,1.00
113,475,1.00
106,476,1.00
114,476,0.42
105,477,1.00
115,477,0.25
104,478,1.00
116,478,0.08
106,475,1.00
105,476,1.00
104,477,1.00
103,478,1.00
103,479,1.00
103,480,1.00
103,481,1.00
103,482,1.00
103,483,0.62
103,484,0.08
106,474,1.00
107,474,1.00
108,474,1.00
109,474,1.00
110,474,1.00
111,474,1.00
112,474,1.00
105,475,1.00
104,476,1.00
103,477,1.00
105,473,1.00
106,473,1.00
107,473,1.00
108,473,1.00
109,473,1.00
110,473,1.00
111,473,1.00
104,474,1.00
105,474,1.00
103,475,1.00
104,475,1.00
102,476,1.00
103,476,1.00
102,477,1.00
102,478,1.00
102,479,1.00
102,480,1.00
102,481,0.70
102,482,0.25
104,472,1.00
105,472,1.00
106,472,1.00
107,472,1.00
108,472,1.00
109,472,1.00
110,472,1.00
103,473,1.00
104,473,1.00
102,474,1.00
103,474,1.00
101,475,1.00
102,475,1.00
101,476,1.00
101,477,1.00
101,478,1.00
101,479,0.71
101,480,0.28
101,481,0.08
104,471,1.00
105,471,1.00
106,471,1.00
107,471,1.00
108,471,1.00
109,471,1.00
110,471,1.00
103,472,1.00
111,472,1.00
102,473,1.00
112,473,1.00
101,474,1.00
113,474,0.54
104,470,1.00
105,470,1.00
106,470,1.00
107,470,1.00
108,470,1.00
109,470,1.00
110,470,1.00
103,471,1.00
111,471,1.00
102,472,1.00
112,472,1.00
101,473,1.00
113,473,0.28
104,469,1.00
105,469,1.00
106,469,1.00
107,469,1.00
108,469,1.00
109,469,1.00
110,469,1.00
103,470,1.00
111,470,1.00
102,471,1.00
112,471,0.45
101,472,1.00
113,472,0.08
103,469,1.00
102,470,1.00
101,471,1.00
100,472,1.00
100,473,1.00
100,474,1.00
100,475,1.00
100,476,0.88
100,477,0.28
100,478,0.08
103,468,1.00
104,468,1.00
105,468,1.00
106,468,1.00
107,468,1.00
108,468,1.00
109,468,1.00
102,469,1.00
101,470,1.00
100,471,1.00
103,467,1.00
104,467,1.00
105,467,1.00
106,467,1.00
107,467,1.00
108,467,1.00
109,467,1.00
102,468,1.00
110,468,1.00
101,469,1.00
111,469,0.45
100,470,1.00
112,470,0.08
102,466,1.00
103,466,1.00
104,466,1.00
105,466,1.00
106,466,1.00
107,466,1.00
108,466,1.00
101,467,1.00
102,467,1.00
100,468,1.00
101,468,1.00
99,469,1.00
100,469,1.00
99,470,1.00
99,471,1.00
99,472,1.00
99,473,1.00
99,474,0.78
99,475,0.25
102,465,1.00
103,465,1.00
104,465,1.00
105,465,1.00
106,465,1.00
107,465,1.00
108,465,1.00
101,466,1.00
109,466,1.00
100,467,1.00
110,467,0.45
99,468,1.00
111,468,0.08
101,465,1.00
100,466,1.00
99,467,1.00
98,468,1.00
98,469,1.00
98,470,1.00
98,471,1.00
98,472,0.71
98,473,0.28
98,474,0.08
101,464,1.00
102,464,1.00
103,464,1.00
104,464,1.00
105,464,1.00
106,464,1.00
107,464,1.00
100,465,1.00
99,466,1.00
98,467,1.00
101,463,1.00
102,463,1.00
103,463,1.00
104,463,1.00
105,463,1.00
106,463,1.00
107,463,1.00
100,464,1.00
108,464,1.00
99,465,1.00
109,465,0.52
98,466,1.00
110,466,0.08
100,462,1.00
101,462,1.00
102,462,1.00
103,462,1.00
104,462,1.00
105,462,1.00
106,462,1.00
99,463,1.00
100,463,1.00
98,464,1.00
99,464,1.00
97,465,1.00
98,465,1.00
97,466,1.00
97,467,1.00
97,468,0.98
97,469,0.52
97,470,0.19
97,471,0.08
100,460,1.00
101,460,1.00
102,460,1.00
103,460,1.00
104,460,1.00
105,460,1.00
106,460,1.00
99,461,1.00
100,461,1.00
101,461,1.00
102,461,1.00
103,461,1.00
104,461,1.00
105,461,1.00
106,461,1.00
107,461,1.00
98,462,1.00
99,462,1.00
107,462,1.00
108,462,0.99
97,463,1.00
98,463,1.00
108,463,1.00
109,463,0.08
97,464,1.00
109,464,0.19
99,459,1.00
100,459,1.00
101,459,1.00
102,459,1.00
103,459,1.00
104,459,1.00
105,459,1.00
98,460,1.00
99,460,1.00
97,461,1.00
98,461,1.00
96,462,1.00
97,462,1.00
96,463,1.00
96,464,1.00
96,465,0.99
96,466,0.54
96,467,0.28
96,468,0.08
99,458,1.00
100,458,1.00
101,458,1.00
102,458,1.00
103,458,1.00
104,458,1.00
105,458,1.00
98,459,1.00
106,459,1.00
97,460,1.00
107,460,1.00
96,461,1.00
108,461,0.54
99,457,1.00
100,457,1.00
101,457,1.00
102,457,1.00
103,457,1.00
104,457,1.00
105,457,1.00
98,458,1.00
106,458,1.00
97,459,1.00
107,459,1.00
96,460,1.00
108,460,0.28
99,456,1.00
100,456,1.00
101,456,1.00
102,456,1.00
103,456,1.00
104,456,1.00
105,456,1.00
98,457,1.00
106,457,1.00
97,458,1.00
107,458,1.00
96,459,1.00
108,459,0.08
98,455,1.00
99,455,1.00
100,455,1.00
101,455,1.00
102,455,1.00
103,455,1.00
104,455,1.00
97,456,1.00
98,456,1.00
96,457,1.00
97,457,1.00
95,458,1.00
96,458,1.00
95,459,1.00
95,460,1.00
95,461,1.00
95,462,0.62
95,463,0.28
95,464,0.08
98,454,1.00
99,454,1.00
100,454,1.00
101,454,1.00
102,454,1.00
103,454,1.00
104,454,1.00
97,455,1.00
105,455,1.00
96,456,1.00
106,456,1.00
95,457,1.00
107,457,1.00
98,453,1.00
99,453,1.00
100,453,1.00
101,453,1.00
102,453,1.00
103,453,1.00
104,453,1.00
97,454,1.00
105,454,1.00
96,455,1.00
106,455,1.00
95,456,1.00
107,456,1.00
98,452,1.00
99,452,1.00
100,452,1.00
101,452,1.00
102,452,1.00
103,452,1.00
104,452,1.00
97,453,1.00
105,453,1.00
96,454,1.00
106,454,1.00
95,455,1.00
107,455,1.00
98,451,1.00
99,451,1.00
100,451,1.00
101,451,1.00
102,451,1.00
103,451,1.00
104,451,1.00
97,452,1.00
105,452,1.00
96,453,1.00
106,453,1.00
95,454,1.00
107,454,0.82
98,450,1.00
99,450,1.00
100,450,1.00
101,450,1.00
102,450,1.00
103,450,1.00
104,450,1.00
97,451,1.00
105,451,1.00
96,452,1.00
106,452,1.00
95,453,1.00
107,453,0.54
98,449,1.00
99,449,1.00
100,449,1.00
101,449,1.00
102,449,1.00
103,449,1.00
104,449,1.00
97,450,1.00
105,450,1.00
96,451,1.00
106,451,1.00
95,452,1.00
107,452,0.28
98,448,1.00
99,448,1.00
100,448,1.00
101,448,1.00
102,448,1.00
103,448,1.00
104,448,1.00
97,449,1.00
105,449,1.00
96,450,1.00
106,450,0.93
95,451,1.00
107,451,0.08
97,447,1.00
98,447,1.00
99,447,1.00
100,447,1.00
101,447,1.00
102,447,1.00
103,447,1.00
96,448,1.00
97,448,1.00
95,449,1.00
96,449,1.00
94,450,0.76
95,450,1.00
94,451,0.80
94,452,0.74
94,453,0.63
94,454,0.46
94,455,0.28
94,456,0.08
97,446,1.00
98,446,1.00
99,446,1.00
100,446,1.00
101,446,1.00
102,446,1.00
103,446,1.00
96,447,1.00
104,447,1.00
95,448,1.00
105,448,1.00
94,449,0.69
106,449,0.69
97,444,1.00
98,444,1.00
99,444,1.00
100,444,1.00
101,444,1.00
102,444,1.00
103,444,1.00
96,445,1.00
97,445,1.00
98,445,1.00
99,445,1.00
100,445,1.00
101,445,1.00
102,445,1.00
103,445,1.00
104,445,1.00
95,446,1.00
96,446,1.00
104,446,1.00
105,446,1.00
94,447,0.80
95,447,1.00
105,447,1.00
106,447,0.80
94,448,0.76
106,448,0.76
97,442,1.00
98,442,1.00
99,442,1.00
100,442,1.00
101,442,1.00
102,442,1.00
103,442,1.00
96,443,1.00
97,443,1.00
98,443,1.00
99,443,1.00
100,443,1.00
101,443,1.00
102,443,1.00
103,443,1.00
104,443,1.00
95,444,1.00
96,444,1.00
104,444,1.00
105,444,1.00
94,445,0.91
95,445,1.00
105,445,1.00
106,445,0.91
94,446,0.82
106,446,0.82
97,440,1.00
98,440,1.00
99,440,1.00
100,440,1.00
101,440,1.00
102,440,1.00
103,440,1.00
96,441,1.00
97,441,1.00
98,441,1.00
99,441,1.00
100,441,1.00
101,441,1.00
102,441,1.00
103,441,1.00
104,441,1.00
95,442,1.00
96,442,1.00
104,442,1.00
105,442,1.00
94,443,1.00
95,443,1.00
105,443,1.00
106,443,1.00
94,444,0.99
106,444,0.99
97,439,1.00
98,439,1.00
99,439,1.00
100,439,1.00
101,439,1.00
102,439,1.00
103,439,1.00
96,440,1.00
104,440,1.00
95,441,1.00
105,441,1.00
94,442,1.00
106,442,1.00
97,437,1.00
98,437,1.00
99,437,1.00
100,437,1.00
101,437,1.00
102,437,1.00
103,437,1.00
96,438,1.00
97,438,1.00
98,438,1.00
99,438,1.00
100,438,1.00
101,438,1.00
102,438,1.00
103,438,1.00
104,438,1.00
95,439,1.00
96,439,1.00
104,439,1.00
105,439,1.00
94,440,1.00
95,440,1.00
105,440,1.00
106,440,1.00
94,441,1.00
106,441,1.00
97,436,1.00
98,436,1.00
99,436,1.00
100,436,1.00
101,436,1.00
102,436,1.00
103,436,1.00
96,437,1.00
104,437,1.00
95,438,1.00
105,438,1.00
94,439,1.00
106,439,1.00
97,435,1.00
98,435,1.00
99,435,1.00
100,435,1.00
101,435,1.00
102,435,1.00
103,435,1.00
96,436,1.00
104,436,1.00
95,437,1.00
105,437,1.00
94,438,1.00
106,438,1.00
97,434,1.00
98,434,1.00
99,434,1.00
100,434,1.00
101,434,1.00
102,434,1.00
103,434,1.00
96,435,1.00
104,435,1.00
95,436,1.00
105,436,1.00
94,437,1.00
106,437,0.82
97,433,1.00
98,433,1.00
99,433,1.00
100,433,1.00
101,433,1.00
102,433,1.00
103,433,1.00
96,434,1.00
104,434,1.00
95,435,1.00
105,435,1.00
94,436,1.00
106,436,0.54
97,432,1.00
98,432,1.00
99,432,1.00
100,432,1.00
101,432,1.00
102,432,1.00
103,432,1.00
96,433,1.00
104,433,1.00
95,434,1.00
105,434,1.00
94,435,1.00
106,435,0.28
97,431,1.00
98,431,1.00
99,431,1.00
100,431,1.00
101,431,1.00
102,431,1.00
103,431,1.00
96,432,1.00
104,432,1.00
95,433,1.00
105,433,1.00
94,434,1.00
106,434,0.08
96,429,1.00
97,429,1.00
98,429,1.00
99,429,1.00
100,429,1.00
101,429,1.00
102,429,1.00
95,430,1.00
96,430,1.00
97,430,1.00
98,430,1.00
99,430,1.00
100,430,1.00
101,430,1.00
102,430,1.00
103,430,1.00
94,431,1.00
95,431,1.00
96,431,1.00
104,431,1.00
93,432,1.00
94,432,1.00
95,432,1.00
105,432,1.00
93,433,1.00
94,433,1.00
93,434,1.00
93,435,1.00
93,436,0.73
93,437,0.36
93,438,0.08
96,428,1.00
97,428,1.00
98,428,1.00
99,428,1.00
100,428,1.00
101,428,1.00
102,428,1.00
95,429,1.00
103,429,1.00
94,430,1.00
104,430,1.00
93,431,0.99
105,431,0.99
96,427,1.00
97,427,1.00
98,427,1.00
99,427,1.00
100,427,1.00
101,427,1.00
102,427,1.00
95,428,1.00
103,428,1.00
94,429,1.00
104,429,1.00
93,430,0.91
105,430,0.91
96,425,1.00
97,425,1.00
98,425,1.00
99,425,1.00
100,425,1.00
101,425,1.00
102,425,1.00
95,426,1.00
96,426,1.00
97,426,1.00
98,426,1.00
99,426,1.00
100,426,1.00
101,426,1.00
102,426,1.00
103,426,1.00
94,427,1.00
95,427,1.00
103,427,1.00
104,427,1.00
93,428,1.00
94,428,1.00
104,428,1.00
105,428,1.00
93,429,0.99
105,429,0.99
96,424,1.00
97,424,1.00
98,424,1.00
99,424,1.00
100,424,1.00
101,424,1.00
102,424,1.00
95,425,1.00
103,425,1.00
94,426,1.00
104,426,1.00
93,427,1.00
105,427,1.00
96,422,1.00
97,422,1.00
98,422,1.00
99,422,1.00
100,422,1.00
101,422,1.00
102,422,1.00
95,423,1.00
96,423,1.00
97,423,1.00
98,423,1.00
99,423,1.00
100,423,1.00
101,423,1.00
102,423,1.00
103,423,1.00
94,424,1.00
95,424,1.00
103,424,1.00
104,424,1.00
93,425,1.00
94,425,1.00
104,425,1.00
105,425,1.00
93,426,1.00
105,426,1.00
96,421,1.00
97,421,1.00
98,421,1.00
99,421,1.00
100,421,1.00
101,421,1.00
102,421,1.00
95,422,1.00
103,422,1.00
94,423,1.00
104,423,1.00
93,424,1.00
105,424,1.00
96,420,1.00
97,420,1.00
98,420,1.00
99,420,1.00
100,420,1.00
101,420,1.00
102,420,1.00
95,421,1.00
103,421,1.00
94,422,1.00
104,422,1.00
93,423,1.00
105,423,1.00
96,419,1.00
97,419,1.00
98,419,1.00
99,419,1.00
100,419,1.00
101,419,1.00
102,419,1.00
95,420,1.00
103,420,1.00
94,421,1.00
104,421,1.00
93,422,1.00
105,422,1.00
96,418,1.00
97,418,1.00
98,418,1.00
99,418,1.00
100,418,1.00
101,418,1.00
102,418,1.00
95,419,1.00
103,419,1.00
94,420,1.00
104,420,1.00
93,421,1.00
105,421,1.00
96,417,1.00
97,417,1.00
98,417,1.00
99,417,1.00
100,417,1.00
101,417,1.00
102,417,1.00
95,418,1.00
103,418,1.00
94,419,1.00
104,419,1.00
93,420,1.00
105,420,1.00
96,416,1.00
97,416,1.00
98,416,1.00
99,416,1.00
100,416,1.00
101,416,1.00
102,416,1.00
95,417,1.00
103,417,1.00
94,418,1.00
104,418,1.00
93,419,0.82
105,419,1.00
96,415,1.00
97,415,1.00
98,415,1.00
99,415,1.00
100,415,1.00
101,415,1.00
102,415,1.00
95,416,1.00
103,416,1.00
94,417,1.00
104,417,1.00
93,418,0.54
105,418,1.00
96,414,1.00
97,414,1.00
98,414,1.00
99,414,1.00
100,414,1.00
101,414,1.00
102,414,1.00
95,415,1.00
103,415,1.00
94,416,1.00
104,416,1.00
93,417,0.28
105,417,1.00
96,413,1.00
97,413,1.00
98,413,1.00
99,413,1.00
100,413,1.00
101,413,1.00
102,413,1.00
95,414,1.00
103,414,1.00
94,415,1.00
104,415,1.00
93,416,0.08
105,416,1.00
97,411,1.00
98,411,1.00
99,411,1.00
100,411,1.00
101,411,1.00
102,411,1.00
103,411,1.00
96,412,1.00
97,412,1.00
98,412,1.00
99,412,1.00
100,412,1.00
101,412,1.00
102,412,1.00
103,412,1.00
104,412,1.00
95,413,1.00
103,413,1.00
104,413,1.00
105,413,1.00
94,414,1.00
104,414,1.00
105,414,1.00
106,414,1.00
105,415,1.00
106,415,1.00
106,416,1.00
106,417,1.00
106,418,0.62
106,419,0.28
106,420,0.08
97,410,1.00
98,410,1.00
99,410,1.00
100,410,1.00
101,410,1.00
102,410,1.00
103,410,1.00
96,411,1.00
104,411,1.00
95,412,1.00
105,412,1.00
94,413,0.73
106,413,1.00
97,409,1.00
98,409,1.00
99,409,1.00
100,409,1.00
101,409,1.00
102,409,1.00
103,409,1.00
96,410,1.00
104,410,1.00
95,411,1.00
105,411,1.00
94,412,0.36
106,412,1.00
97,408,1.00
98,408,1.00
99,408,1.00
100,408,1.00
101,408,1.00
102,408,1.00
103,408,1.00
96,409,1.00
104,409,1.00
95,410,1.00
105,410,1.00
94,411,0.08
106,411,1.00
98,406,1.00
99,406,1.00
100,406,1.00
101,406,1.00
102,406,1.00
103,406,1.00
104,406,1.00
97,407,1.00
98,407,1.00
99,407,1.00
100,407,1.00
101,407,1.00
102,407,1.00
103,407,1.00
104,407,1.00
105,407,1.00
96,408,1.00
104,408,1.00
105,408,1.00
106,408,1.00
95,409,1.00
105,409,1.00
106,409,1.00
107,409,1.00
106,410,1.00
107,410,1.00
107,411,1.00
107,412,0.65
107,413,0.35
107,414,0.19
107,415,0.08
98,404,1.00
99,404,1.00
100,404,1.00
101,404,1.00
102,404,1.00
103,404,1.00
104,404,1.00
97,405,1.00
98,405,1.00
99,405,1.00
100,405,1.00
101,405,1.00
102,405,1.00
103,405,1.00
104,405,1.00
105,405,1.00
96,406,1.00
97,406,1.00
105,406,1.00
106,406,1.00
95,407,0.73
96,407,1.00
106,407,1.00
107,407,1.00
95,408,1.00
107,408,1.00
98,403,1.00
99,403,1.00
100,403,1.00
101,403,1.00
102,403,1.00
103,403,1.00
104,403,1.00
97,404,1.00
105,404,1.00
96,405,1.00
106,405,1.00
95,406,0.36
107,406,1.00
98,402,1.00
99,402,1.00
100,402,1.00
101,402,1.00
102,402,1.00
103,402,1.00
104,402,1.00
97,403,1.00
105,403,1.00
96,404,0.71
106,404,1.00
95,405,0.08
107,405,1.00
99,401,1.00
100,401,1.00
101,401,1.00
102,401,1.00
103,401,1.00
104,401,1.00
105,401,1.00
105,402,1.00
106,402,1.00
106,403,1.00
107,403,1.00
107,404,1.00
108,404,1.00
108,405,1.00
108,406,1.00
108,407,1.00
108,408,0.54
108,409,0.28
108,410,0.08
99,400,1.00
100,400,1.00
101,400,1.00
102,400,1.00
103,400,1.00
104,400,1.00
105,400,1.00
98,401,1.00
106,401,1.00
97,402,1.00
107,402,1.00
96,403,0.28
108,403,1.00
99,399,1.00
100,399,1.00
101,399,1.00
102,399,1.00
103,399,1.00
104,399,1.00
105,399,1.00
98,400,1.00
106,400,1.00
97,401,0.89
107,401,1.00
96,402,0.08
108,402,1.00
100,397,1.00
101,397,1.00
102,397,1.00
103,397,1.00
104,397,1.00
105,397,1.00
106,397,1.00
99,398,1.00
100,398,1.00
101,398,1.00
102,398,1.00
103,398,1.00
104,398,1.00
105,398,1.00
106,398,1.00
107,398,1.00
98,399,1.00
106,399,1.00
107,399,1.00
108,399,1.00
97,400,0.47
107,400,1.00
108,400,1.00
109,400,1.00
108,401,1.00
109,401,1.00
109,402,1.00
109,403,1.00
109,404,1.00
109,405,1.00
109,406,0.25
100,396,1.00
101,396,1.00
102,396,1.00
103,396,1.00
104,396,1.00
105,396,1.00
106,396,1.00
99,397,1.00
107,397,1.00
98,398,0.70
108,398,1.00
97,399,0.17
109,399,1.00
107,396,1.00
108,397,1.00
109,398,1.00
110,399,1.00
110,400,1.00
110,401,1.00
110,402,1.00
110,403,1.00
110,404,0.36
110,405,0.08
101,395,1.00
102,395,1.00
103,395,1.00
104,395,1.00
105,395,1.00
106,395,1.00
107,395,1.00
108,396,1.00
109,397,1.00
110,398,1.00
101,394,1.00
102,394,1.00
103,394,1.00
104,394,1.00
105,394,1.00
106,394,1.00
107,394,1.00
100,395,1.00
108,395,1.00
99,396,1.00
109,396,1.00
98,397,0.08
110,397,1.00
102,393,1.00
103,393,1.00
104,393,1.00
105,393,1.00
106,393,1.00
107,393,1.00
108,393,1.00
108,394,1.00
109,394,1.00
109,395,1.00
110,395,1.00
110,396,1.00
111,396,1.00
111,397,1.00
111,398,1.00
111,399,1.00
111,400,1.00
111,401,1.00
111,402,0.42
102,392,1.00
103,392,1.00
104,392,1.00
105,392,1.00
106,392,1.00
107,392,1.00
108,392,1.00
101,393,1.00
109,393,1.00
100,394,1.00
110,394,1.00
99,395,0.69
111,395,1.00
102,391,0.08
103,391,0.61
104,391,1.00
105,391,1.00
106,391,1.00
107,391,1.00
108,391,1.00
101,392,0.17
109,392,1.00
100,393,0.17
110,393,1.00
99,394,0.08
111,394,1.00
109,391,0.61
110,392,1.00
111,393,1.00
112,394,0.75
112,395,1.00
112,396,1.00
112,397,1.00
112,398,1.00
112,399,1.00
112,400,0.75
110,391,0.08
111,392,0.17
112,393,0.17
113,394,0.08
113,395,0.19
113,396,0.26
113,397,0.29
113,398,0.26
113,399,0.19
113,400,0.08
112,401,0.17

121,337,1.00
122,337,1.00
123,337,1.00
124,337,1.00
125,337,1.00
126,337,1.00
127,337,1.00
120,338,1.00
121,338,1.00
122,338,1.00
123,338,1.00
124,338,1.00
125,338,1.00
126,338,1.00
127,338,1.00
128,338,1.00
119,339,1.00
120,339,1.00
121,339,1.00
122,339,1.00
123,339,1.00
124,339,1.00
125,339,1.00
126,339,1.00
127,339,1.00
128,339,1.00
129,339,1.00
118,340,1.00
119,340,1.00
120,340,1.00
121,340,1.00
122,340,1.00
123,340,1.00
124,340,1.00
125,340,1.00
126,340,1.00
127,340,1.00
128,340,1.00
129,340,1.00
130,340,1.00
118,341,1.00
119,341,1.00
120,341,1.00
121,341,1.00
122,341,1.00
123,341,1.00
124,341,1.00
125,341,1.00
126,341,1.00
127,341,1.00
128,341,1.00
129,341,1.00
130,341,1.00
118,342,1.00
119,342,1.00
120,342,1.00
121,342,1.00
122,342,1.00
123,342,1.00
124,342,1.00
125,342,1.00
126,342,1.00
127,342,1.00
128,342,1.00
129,342,1.00
130,342,1.00
118,343,1.00
119,343,1.00
120,343,1.00
121,343,1.00
122,343,1.00
123,343,1.00
124,343,1.00
125,343,1.00
126,343,1.00
127,343,1.00
128,343,1.00
129,343,1.00
130,343,1.00
118,344,1.00
119,344,1.00
120,344,1.00
121,344,1.00
122,344,1.00
123,344,1.00
124,344,1.00
125,344,1.00
126,344,1.00
127,344,1.00
128,344,1.00
129,344,1.00
130,344,1.00
118,345,0.75
119,345,1.00
120,345,1.00
121,345,1.00
122,345,1.00
123,345,1.00
124,345,1.00
125,345,1.00
126,345,1.00
127,345,1.00
128,345,1.00
129,345,1.00
130,345,0.75
118,346,0.25
119,346,1.00
120,346,1.00
121,346,1.00
122,346,1.00
123,346,1.00
124,346,1.00
125,346,1.00
126,346,1.00
127,346,1.00
128,346,1.00
129,346,1.00
130,346,0.25
119,347,0.51
120,347,1.00
121,347,1.00
122,347,1.00
123,347,1.00
124,347,1.00
125,347,1.00
126,347,1.00
127,347,1.00
128,347,1.00
129,347,0.51
120,348,0.51
121,348,1.00
122,348,1.00
123,348,1.00
124,348,1.00
125,348,1.00
126,348,1.00
127,348,1.00
128,348,0.51
121,349,0.25
122,349,0.58
123,349,0.79
124,349,0.86
125,349,0.79
126,349,0.58
127,349,0.25
121,336,1.00
122,336,1.00
123,336,1.00
124,336,1.00
125,336,1.00
126,336,1.00
127,336,1.00
120,337,1.00
128,337,1.00
119,338,1.00
129,338,1.00
118,339,0.62
130,339,1.00
121,335,1.00
122,335,1.00
123,335,1.00
124,335,1.00
125,335,1.00
126,335,1.00
127,335,1.00
120,336,1.00
128,336,1.00
119,337,0.59
129,337,1.00
118,338,0.28
130,338,1.00
121,334,1.00
122,334,1.00
123,334,1.00
124,334,1.00
125,334,1.00
126,334,1.00
127,334,1.00
120,335,0.45
128,335,1.00
119,336,0.17
129,336,1.00
118,337,0.08
130,337,1.00
128,334,1.00
129,335,1.00
130,336,1.00
131,337,1.00
131,338,1.00
131,339,1.00
131,340,1.00
131,341,1.00
131,342,0.87
131,343,0.25
123,333,1.00
124,333,1.00
125,333,1.00
126,333,1.00
127,333,1.00
128,333,1.00
129,333,1.00
129,334,1.00
130,334,1.00
130,335,1.00
131,335,1.00
131,336,1.00
132,336,1.00
132,337,1.00
132,338,1.00
132,339,1.00
132,340,1.00
132,341,0.45
132,342,0.08
123,332,1.00
124,332,1.00
125,332,1.00
126,332,1.00
127,332,1.00
128,332,1.00
129,332,1.00
122,333,1.00
130,333,1.00
131,334,1.00
132,335,1.00
123,331,1.00
124,331,1.00
125,331,1.00
126,331,1.00
127,331,1.00
128,331,1.00
129,331,1.00
122,332,1.00
130,332,1.00
121,333,0.45
131,333,1.00
120,334,0.08
132,334,1.00
130,331,1.00
131,332,1.00
132,333,1.00
133,334,1.00
133,335,1.00
133,336,1.00
133,337,1.00
133,338,1.00
133,339,0.62
133,340,0.08
124,330,1.00
125,330,1.00
126,330,1.00
127,330,1.00
128,330,1.00
129,330,1.00
130,330,1.00
131,331,1.00
132,332,1.00
133,333,1.00
124,329,1.00
125,329,1.00
126,329,1.00
127,329,1.00
128,329,1.00
129,329,1.00
130,329,1.00
123,330,0.68
131,330,1.00
122,331,0.34
132,331,1.00
121,332,0.08
133,332,1.00
131,329,1.00
132,330,1.00
133,331,1.00
134,332,1.00
134,333,1.00
134,334,1.00
134,335,1.00
134,336,1.00
134,337,1.00
134,338,0.25
125,328,1.00
126,328,1.00
127,328,1.00
128,328,1.00
129,328,1.00
130,328,1.00
131,328,1.00
132,329,1.00
133,330,1.00
134,331,1.00
132,328,1.00
133,329,1.00
134,330,1.00
135,331,1.00
135,332,1.00
135,333,1.00
135,334,1.00
135,335,1.00
135,336,0.53
135,337,0.08
126,327,1.00
127,327,1.00
128,327,1.00
129,327,1.00
130,327,1.00
131,327,1.00
132,327,1.00
133,328,1.00
134,329,1.00
135,330,1.00
127,326,1.00
128,326,1.00
129,326,1.00
130,326,1.00
131,326,1.00
132,326,1.00
133,326,1.00
133,327,1.00
134,327,1.00
134,328,1.00
135,328,1.00
135,329,1.00
136,329,1.00
136,330,1.00
136,331,1.00
136,332,1.00
136,333,1.00
136,334,0.45
136,335,0.08
127,325,1.00
128,325,1.00
129,325,1.00
130,325,1.00
131,325,1.00
132,325,1.00
133,325,1.00
126,326,1.00
134,326,1.00
125,327,0.45
135,327,1.00
124,328,0.08
136,328,1.00
128,324,1.00
129,324,1.00
130,324,1.00
131,324,1.00
132,324,1.00
133,324,1.00
134,324,1.00
134,325,1.00
135,325,1.00
135,326,1.00
136,326,1.00
136,327,1.00
137,327,1.00
137,328,1.00
137,329,1.00
137,330,1.00
137,331,1.00
137,332,1.00
137,333,0.08
128,323,1.00
129,323,1.00
130,323,1.00
131,323,1.00
132,323,1.00
133,323,1.00
134,323,1.00
127,324,0.84
135,324,1.00
126,325,0.45
136,325,1.00
125,326,0.08
137,326,1.00
129,322,1.00
130,322,1.00
131,322,1.00
132,322,1.00
133,322,1.00
134,322,1.00
135,322,1.00
135,323,1.00
136,323,1.00
136,324,1.00
137,324,1.00
137,325,1.00
138,325,1.00
138,326,1.00
138,327,1.00
138,328,1.00
138,329,1.00
138,330,1.00
138,331,1.00
129,321,0.08
130,321,1.00
131,321,1.00
132,321,1.00
133,321,1.00
134,321,1.00
135,321,1.00
128,322,0.17
136,322,1.00
127,323,0.17
137,323,1.00
126,324,0.08
138,324,1.00
136,321,1.00
137,322,1.00
138,323,1.00
139,324,1.00
139,325,1.00
139,326,1.00
139,327,1.00
139,328,1.00
139,329,1.00
139,330,1.00
131,320,1.00
132,320,1.00
133,320,1.00
134,320,1.00
135,320,1.00
136,320,1.00
137,320,1.00
137,321,1.00
138,321,1.00
138,322,1.00
139,322,1.00
139,323,1.00
140,323,1.00
140,324,1.00
140,325,1.00
140,326,1.00
140,327,1.00
140,328,1.00
140,329,1.00
138,320,1.00
139,321,1.00
140,322,1.00
141,323,1.00
141,324,1.00
141,325,1.00
141,326,1.00
141,327,1.00
141,328,1.00
141,329,0.42
140,330,0.42
139,331,0.25
138,332,0.08
132,319,1.00
133,319,1.00
134,319,1.00
135,319,1.00
136,319,1.00
137,319,1.00
138,319,1.00
139,320,1.00
140,321,1.00
141,322,1.00
139,319,1.00
140,320,1.00
141,321,1.00
142,322,1.00
142,323,1.00
142,324,1.00
142,325,1.00
142,326,1.00
142,327,1.00
142,328,0.25
133,318,1.00
134,318,1.00
135,318,1.00
136,318,1.00
137,318,1.00
138,318,1.00
139,318,1.00
140,319,1.00
141,320,1.00
142,321,1.00
140,318,1.00
141,319,1.00
142,320,1.00
143,321,1.00
143,322,1.00
143,323,1.00
143,324,1.00
143,325,1.00
143,326,0.87
143,327,0.08
134,317,1.00
135,317,1.00
136,317,1.00
137,317,1.00
138,317,1.00
139,317,1.00
140,317,1.00
141,318,1.00
142,319,1.00
143,320,1.00
135,316,1.00
136,316,1.00
137,316,1.00
138,316,1.00
139,316,1.00
140,316,1.00
141,316,1.00
141,317,1.00
142,317,1.00
142,318,1.00
143,318,1.00
143,319,1.00
144,319,1.00
144,320,1.00
144,321,1.00
144,322,1.00
144,323,1.00
144,324,1.00
144,325,0.51
135,315,0.78
136,315,1.00
137,315,1.00
138,315,1.00
139,315,1.00
140,315,1.00
141,315,1.00
134,316,0.59
142,316,1.00
133,317,0.42
143,317,1.00
132,318,0.17
144,318,1.00
142,315,1.00
143,316,1.00
144,317,1.00
145,318,1.00
145,319,1.00
145,320,1.00
145,321,1.00
145,322,1.00
145,323,0.95
145,324,0.25
136,314,0.95
137,314,1.00
138,314,1.00
139,314,1.00
140,314,1.00
141,314,1.00
142,314,1.00
143,315,1.00
144,316,1.00
145,317,1.00
143,314,1.00
144,315,1.00
145,316,1.00
146,317,1.00
146,318,1.00
146,319,1.00
146,320,1.00
146,321,1.00
146,322,0.45
146,323,0.08
137,313,1.00
138,313,1.00
139,313,1.00
140,313,1.00
141,313,1.00
142,313,1.00
143,313,1.00
144,314,1.00
145,315,1.00
146,316,1.00
138,312,1.00
139,312,1.00
140,312,1.00
141,312,1.00
142,312,1.00
143,312,1.00
144,312,1.00
144,313,1.00
145,313,1.00
145,314,1.00
146,314,1.00
146,315,1.00
147,315,1.00
147,316,1.00
147,317,1.00
147,318,1.00
147,319,1.00
147,320,0.70
147,321,0.08
138,311,0.51
139,311,1.00
140,311,1.00
141,311,1.00
142,311,1.00
143,311,1.00
144,311,1.00
137,312,0.42
145,312,1.00
136,313,0.25
146,313,1.00
135,314,0.08
147,314,1.00
139,310,0.62
140,310,1.00
141,310,1.00
142,310,1.00
143,310,1.00
144,310,1.00
145,310,1.00
145,311,1.00
146,311,1.00
146,312,1.00
147,312,1.00
147,313,1.00
148,313,1.00
148,314,1.00
148,315,1.00
148,316,1.00
148,317,1.00
148,318,0.99
148,319,0.42
140,309,0.85
141,309,1.00
142,309,1.00
143,309,1.00
144,309,1.00
145,309,1.00
146,309,1.00
146,310,1.00
147,310,1.00
147,311,1.00
148,311,1.00
148,312,1.00
149,312,1.00
149,313,1.00
149,314,1.00
149,315,1.00
149,316,1.00
149,317,0.70
149,318,0.25
141,308,0.93
142,308,1.00
143,308,1.00
144,308,1.00
145,308,1.00
146,308,1.00
147,308,1.00
147,309,1.00
148,309,1.00
148,310,1.00
149,310,1.00
149,311,1.00
150,311,1.00
150,312,1.00
150,313,1.00
150,314,1.00
150,315,0.96
150,316,0.36
150,317,0.08
142,306,0.55
143,306,1.00
144,306,1.00
145,306,1.00
146,306,1.00
147,306,1.00
148,306,1.00
141,307,0.50
142,307,1.00
143,307,1.00
144,307,1.00
145,307,1.00
146,307,1.00
147,307,1.00
148,307,1.00
149,307,1.00
140,308,0.36
148,308,1.00
149,308,1.00
150,308,1.00
139,309,0.08
149,309,1.00
150,309,1.00
151,309,1.00
150,310,1.00
151,310,1.00
151,311,1.00
151,312,1.00
151,313,1.00
151,314,0.70
151,315,0.17
143,304,0.17
144,304,0.96
145,304,1.00
146,304,1.00
147,304,1.00
148,304,1.00
149,304,1.00
142,305,0.17
143,305,0.70
144,305,1.00
145,305,1.00
146,305,1.00
147,305,1.00
148,305,1.00
149,305,1.00
150,305,1.00
141,306,0.17
149,306,1.00
150,306,1.00
151,306,1.00
140,307,0.08
150,307,1.00
151,307,1.00
152,307,1.00
151,308,1.00
152,308,1.00
152,309,1.00
152,310,1.00
152,311,1.00
152,312,1.00
152,313,0.55
145,303,1.00
146,303,1.00
147,303,1.00
148,303,1.00
149,303,1.00
150,303,1.00
151,303,1.00
150,304,1.00
151,304,1.00
152,304,1.00
151,305,1.00
152,305,1.00
153,305,1.00
152,306,1.00
153,306,1.00
154,306,1.00
153,307,1.00
154,307,1.00
153,308,1.00
154,308,1.00
153,309,1.00
154,309,1.00
153,310,1.00
154,310,0.85
153,311,0.93
154,311,0.36
153,312,0.50
154,312,0.08
153,313,0.17
152,314,0.17
146,301,1.00
147,301,1.00
148,301,1.00
149,301,1.00
150,301,1.00
151,301,1.00
152,301,1.00
145,302,1.00
146,302,1.00
147,302,1.00
148,302,1.00
149,302,1.00
150,302,1.00
151,302,1.00
152,302,1.00
153,302,1.00
144,303,0.36
152,303,1.00
153,303,1.00
154,303,1.00
153,304,1.00
154,304,1.00
155,304,1.00
154,305,1.00
155,305,1.00
155,306,1.00
155,307,1.00
155,308,1.00
155,309,0.53
155,310,0.08
147,299,1.00
148,299,1.00
149,299,1.00
150,299,1.00
151,299,1.00
152,299,1.00
153,299,1.00
146,300,1.00
147,300,1.00
148,300,1.00
149,300,1.00
150,300,1.00
151,300,1.00
152,300,1.00
153,300,1.00
154,300,1.00
145,301,0.64
153,301,1.00
154,301,1.00
155,301,1.00
144,302,0.08
154,302,1.00
155,302,1.00
156,302,1.00
155,303,1.00
156,303,1.00
156,304,1.00
156,305,1.00
156,306,1.00
156,307,1.00
156,308,0.61
148,298,1.00
149,298,1.00
150,298,1.00
151,298,1.00
152,298,1.00
153,298,1.00
154,298,1.00
154,299,1.00
155,299,1.00
155,300,1.00
156,300,1.00
156,301,1.00
157,301,1.00
157,302,1.00
157,303,1.00
157,304,1.00
157,305,1.00
157,306,1.00
157,307,0.84
148,297,0.85
149,297,1.00
150,297,1.00
151,297,1.00
152,297,1.00
153,297,1.00
154,297,1.00
147,298,1.00
155,298,1.00
146,299,0.67
156,299,1.00
145,300,0.17
157,300,1.00
149,296,0.33
150,296,1.00
151,296,1.00
152,296,1.00
153,296,1.00
154,296,1.00
155,296,1.00
155,297,1.00
156,297,1.00
156,298,1.00
157,298,1.00
157,299,1.00
158,299,1.00
158,300,1.00
158,301,1.00
158,302,1.00
158,303,1.00
158,304,1.00
158,305,1.00
156,296,1.00
157,297,1.00
158,298,1.00
159,299,1.00
159,300,1.00
159,301,1.00
159,302,1.00
159,303,1.00
159,304,1.00
159,305,1.00
158,306,1.00
157,296,1.00
158,297,1.00
159,298,1.00
160,299,1.00
160,300,1.00
160,301,1.00
160,302,1.00
160,303,1.00
160,304,1.00
160,305,0.50
159,306,0.25
158,307,0.17
157,308,0.08
151,295,0.51
152,295,1.00
153,295,1.00
154,295,1.00
155,295,1.00
156,295,1.00
157,295,1.00
158,296,1.00
159,297,1.00
160,298,1.00
152,294,0.34
153,294,1.00
154,294,1.00
155,294,1.00
156,294,1.00
157,294,1.00
158,294,1.00
158,295,1.00
159,295,1.00
159,296,1.00
160,296,1.00
160,297,1.00
161,297,1.00
161,298,1.00
161,299,1.00
161,300,1.00
161,301,1.00
161,302,1.00
161,303,1.00
159,294,1.00
160,295,1.00
161,296,1.00
162,297,1.00
162,298,1.00
162,299,1.00
162,300,1.00
162,301,1.00
162,302,1.00
162,303,0.85
161,304,0.77
154,293,1.00
155,293,1.00
156,293,1.00
157,293,1.00
158,293,1.00
159,293,1.00
160,293,1.00
160,294,1.00
161,294,1.00
161,295,1.00
162,295,1.00
162,296,1.00
163,296,1.00
163,297,1.00
163,298,1.00
163,299,1.00
163,300,1.00
163,301,1.00
163,302,1.00
154,292,0.08
155,292,0.62
156,292,1.00
157,292,1.00
158,292,1.00
159,292,1.00
160,292,1.00
153,293,0.17
161,293,1.00
162,294,1.00
163,295,1.00
161,292,1.00
162,293,1.00
163,294,1.00
164,295,1.00
164,296,1.00
164,297,1.00
164,298,1.00
164,299,1.00
164,300,1.00
164,301,1.00
156,291,0.25
157,291,0.70
158,291,1.00
159,291,1.00
160,291,1.00
161,291,1.00
162,291,1.00
162,292,1.00
163,292,1.00
163,293,1.00
164,293,1.00
164,294,1.00
165,294,1.00
165,295,1.00
165,296,1.00
165,297,1.00
165,298,1.00
165,299,1.00
165,300,1.00
157,290,0.08
158,290,0.28
159,290,1.00
160,290,1.00
161,290,1.00
162,290,1.00
163,290,1.00
163,291,1.00
164,291,1.00
164,292,1.00
165,292,1.00
165,293,1.00
166,293,1.00
166,294,1.00
166,295,1.00
166,296,1.00
166,297,1.00
166,298,1.00
166,299,1.00
164,290,1.00
165,291,1.00
166,292,1.00
167,293,1.00
167,294,1.00
167,295,1.00
167,296,1.00
167,297,1.00
167,298,1.00
167,299,1.00
166,300,1.00
165,301,1.00
164,302,0.47
165,290,1.00
166,291,1.00
167,292,1.00
168,293,1.00
168,294,1.00
168,295,1.00
168,296,1.00
168,297,1.00
168,298,1.00
168,299,1.00
167,300,1.00
166,301,0.51
165,302,0.17
160,289,0.85
161,289,1.00
162,289,1.00
163,289,1.00
164,289,1.00
165,289,1.00
166,289,1.00
166,290,1.00
167,290,1.00
167,291,1.00
168,291,1.00
168,292,1.00
169,292,1.00
169,293,1.00
169,294,1.00
169,295,1.00
169,296,1.00
169,297,1.00
169,298,1.00
161,288,0.51
162,288,1.00
163,288,1.00
164,288,1.00
165,288,1.00
166,288,1.00
167,288,1.00
167,289,1.00
168,289,1.00
168,290,1.00
169,290,1.00
169,291,1.00
170,291,1.00
170,292,1.00
170,293,1.00
170,294,1.00
170,295,1.00
170,296,1.00
170,297,1.00
168,288,1.00
169,289,1.00
170,290,1.00
171,291,1.00
171,292,1.00
171,293,1.00
171,294,1.00
171,295,1.00
171,296,1.00
171,297,1.00
170,298,0.85
169,299,0.51
168,300,0.17
162,287,0.17
163,287,1.00
164,287,1.00
165,287,1.00
166,287,1.00
167,287,1.00
168,287,1.00
169,288,1.00
170,289,1.00
171,290,1.00
169,287,1.00
170,288,1.00
171,289,1.00
172,290,1.00
172,291,1.00
172,292,1.00
172,293,1.00
172,294,1.00
172,295,1.00
172,296,1.00
164,286,1.00
165,286,1.00
166,286,1.00
167,286,1.00
168,286,1.00
169,286,1.00
170,286,1.00
170,287,1.00
171,287,1.00
171,288,1.00
172,288,1.00
172,289,1.00
173,289,1.00
173,290,1.00
173,291,1.00
173,292,1.00
173,293,1.00
173,294,1.00
173,295,1.00
165,285,1.00
166,285,1.00
167,285,1.00
168,285,1.00
169,285,1.00
170,285,1.00
171,285,1.00
171,286,1.00
172,286,1.00
172,287,1.00
173,287,1.00
173,288,1.00
174,288,1.00
174,289,1.00
174,290,1.00
174,291,1.00
174,292,1.00
174,293,1.00
174,294,1.00
172,285,1.00
173,286,1.00
174,287,1.00
175,288,1.00
175,289,1.00
175,290,1.00
175,291,1.00
175,292,1.00
175,293,1.00
175,294,1.00
174,295,1.00
173,296,0.59
172,297,0.17
166,284,0.50
167,284,1.00
168,284,1.00
169,284,1.00
170,284,1.00
171,284,1.00
172,284,1.00
173,285,1.00
174,286,1.00
175,287,1.00
173,284,1.00
174,285,1.00
175,286,1.00
176,287,1.00
176,288,1.00
176,289,1.00
176,290,1.00
176,291,1.00
176,292,1.00
176,293,1.00
169,283,0.25
170,283,1.00
171,283,1.00
172,283,1.00
173,283,1.00
174,283,1.00
175,283,1.00
174,284,1.00
175,284,1.00
176,284,1.00
175,285,1.00
176,285,1.00
177,285,1.00
176,286,1.00
177,286,1.00
178,286,1.00
177,287,1.00
178,287,1.00
177,288,1.00
178,288,1.00
177,289,1.00
178,289,1.00
177,290,1.00
178,290,1.00
177,291,1.00
178,291,1.00
177,292,1.00
178,292,1.00
177,293,0.87
176,294,0.45
175,295,0.08
170,282,0.17
171,282,1.00
172,282,1.00
173,282,1.00
174,282,1.00
175,282,1.00
176,282,1.00
176,283,1.00
177,283,1.00
177,284,1.00
178,284,1.00
178,285,1.00
179,285,1.00
179,286,1.00
179,287,1.00
179,288,1.00
179,289,1.00
179,290,1.00
179,291,1.00
177,282,1.00
178,283,1.00
179,284,1.00
180,285,1.00
180,286,1.00
180,287,1.00
180,288,1.00
180,289,1.00
180,290,1.00
180,291,0.59
179,292,0.51
178,293,0.25
177,294,0.08
172,281,0.81
173,281,1.00
174,281,1.00
175,281,1.00
176,281,1.00
177,281,1.00
178,281,1.00
178,282,1.00
179,282,1.00
179,283,1.00
180,283,1.00
180,284,1.00
181,284,1.00
181,285,1.00
181,286,1.00
181,287,1.00
181,288,1.00
181,289,1.00
181,290,0.42
173,280,0.50
174,280,0.85
175,280,1.00
176,280,1.00
177,280,1.00
178,280,0.85
179,280,0.50
179,281,1.00
180,281,0.72
180,282,1.00
181,282,0.68
181,283,1.00
182,283,0.36
182,284,0.65
182,285,0.81
182,286,0.83
182,287,0.72
182,288,0.47
182,289,0.17
173,279,0.08
174,279,0.19
175,279,0.26
176,279,0.29
177,279,0.26
178,279,0.19
179,279,0.08
172,280,0.17
180,280,0.17
171,281,0.17
181,281,0.17
182,282,0.08

230,241,0.17
231,241,0.56
232,241,1.00
233,241,1.00
234,241,1.00
235,241,1.00
236,241,1.00
229,242,0.34
230,242,0.84
231,242,1.00
232,242,1.00
233,242,1.00
234,242,1.00
235,242,1.00
236,242,1.00
237,242,1.00
228,243,0.34
229,243,0.85
230,243,1.00
231,243,1.00
232,243,1.00
233,243,1.00
234,243,1.00
235,243,1.00
236,243,1.00
237,243,1.00
238,243,1.00
227,244,0.17
228,244,0.67
229,244,1.00
230,244,1.00
231,244,1.00
232,244,1.00
233,244,1.00
234,244,1.00
235,244,1.00
236,244,1.00
237,244,1.00
238,244,1.00
239,244,1.00
227,245,0.39
228,245,0.92
229,245,1.00
230,245,1.00
231,245,1.00
232,245,1.00
233,245,1.00
234,245,1.00
235,245,1.00
236,245,1.00
237,245,1.00
238,245,1.00
239,245,1.00
227,246,0.52
228,246,1.00
229,246,1.00
230,246,1.00
231,246,1.00
232,246,1.00
233,246,1.00
234,246,1.00
235,246,1.00
236,246,1.00
237,246,1.00
238,246,1.00
239,246,1.00
227,247,0.57
228,247,1.00
229,247,1.00
230,247,1.00
231,247,1.00
232,247,1.00
233,247,1.00
234,247,1.00
235,247,1.00
236,247,1.00
237,247,1.00
238,247,1.00
239,247,1.00
227,248,0.52
228,248,1.00
229,248,1.00
230,248,1.00
231,248,1.00
232,248,1.00
233,248,1.00
234,248,1.00
235,248,1.00
236,248,1.00
237,248,1.00
238,248,1.00
239,248,1.00
227,249,0.39
228,249,0.92
229,249,1.00
230,249,1.00
231,249,1.00
232,249,1.00
233,249,1.00
234,249,1.00
235,249,1.00
236,249,1.00
237,249,1.00
238,249,1.00
239,249,1.00
227,250,0.17
228,250,0.67
229,250,1.00
230,250,1.00
231,250,1.00
232,250,1.00
233,250,1.00
234,250,1.00
235,250,1.00
236,250,1.00
237,250,1.00
238,250,1.00
239,250,1.00
228,251,0.34
229,251,0.77
230,251,1.00
231,251,1.00
232,251,1.00
233,251,1.00
234,251,1.00
235,251,1.00
236,251,1.00
237,251,1.00
238,251,1.00
229,252,0.34
230,252,0.67
231,252,0.92
232,252,1.00
233,252,1.00
234,252,1.00
235,252,1.00
236,252,1.00
237,252,1.00
230,253,0.17
231,253,0.39
232,253,0.52
233,253,0.57
234,253,0.52
235,253,0.39
236,253,0.17
232,240,0.08
233,240,0.28
234,240,1.00
235,240,1.00
236,240,1.00
237,240,1.00
238,240,1.00
237,241,1.00
238,241,1.00
239,241,1.00
238,242,1.00
239,242,1.00
240,242,1.00
239,243,1.00
240,243,1.00
241,243,1.00
240,244,1.00
241,244,1.00
240,245,1.00
241,245,1.00
240,246,1.00
241,246,1.00
240,247,1.00
241,247,1.00
240,248,1.00
241,248,1.00
240,249,1.00
241,249,1.00
240,250,1.00
239,251,1.00
238,252,0.54
239,240,1.00
240,241,1.00
241,242,1.00
242,243,1.00
242,244,1.00
242,245,1.00
242,246,1.00
242,247,1.00
242,248,1.00
242,249,1.00
241,250,1.00
240,251,1.00
239,252,0.28
240,240,1.00
241,241,1.00
242,242,1.00
243,243,1.00
243,244,1.00
243,245,1.00
243,246,1.00
243,247,1.00
243,248,1.00
243,249,1.00
242,250,1.00
241,251,0.42
240,252,0.08
235,239,0.59
236,239,1.00
237,239,1.00
238,239,1.00
239,239,1.00
240,239,1.00
241,239,1.00
241,240,1.00
242,240,1.00
242,241,1.00
243,241,1.00
243,242,1.00
244,242,1.00
244,243,1.00
244,244,1.00
244,245,1.00
244,246,1.00
244,247,1.00
244,248,1.00
236,238,0.17
237,238,0.72
238,238,1.00
239,238,1.00
240,238,1.00
241,238,1.00
242,238,1.00
242,239,1.00
243,239,1.00
243,240,1.00
244,240,1.00
244,241,1.00
245,241,1.00
245,242,1.00
245,243,1.00
245,244,1.00
245,245,1.00
245,246,1.00
245,247,1.00
243,238,1.00
244,239,1.00
245,240,1.00
246,241,1.00
246,242,1.00
246,243,1.00
246,244,1.00
246,245,1.00
246,246,1.00
246,247,1.00
245,248,1.00
244,249,0.95
243,250,0.36
244,238,1.00
245,239,1.00
246,240,1.00
247,241,1.00
247,242,1.00
247,243,1.00
247,244,1.00
247,245,1.00
247,246,1.00
247,247,1.00
246,248,0.73
245,249,0.25
244,250,0.08
238,237,0.08
239,237,0.28
240,237,0.97
241,237,1.00
242,237,1.00
243,237,1.00
244,237,1.00
245,238,1.00
246,239,1.00
247,240,1.00
245,237,1.00
246,238,1.00
247,239,1.00
248,240,1.00
248,241,1.00
248,242,1.00
248,243,1.00
248,244,1.00
248,245,1.00
248,246,1.00
241,236,0.34
242,236,1.00
243,236,1.00
244,236,1.00
245,236,1.00
246,236,1.00
247,236,1.00
246,237,1.00
247,237,1.00
248,237,1.00
247,238,1.00
248,238,1.00
249,238,1.00
248,239,1.00
249,239,1.00
250,239,1.00
249,240,1.00
250,240,1.00
249,241,1.00
250,241,1.00
249,242,1.00
250,242,1.00
249,243,1.00
250,243,1.00
249,244,1.00
250,244,1.00
249,245,1.00
250,245,1.00
249,246,1.00
248,247,0.62
247,248,0.17
242,235,0.08
243,235,0.62
244,235,1.00
245,235,1.00
246,235,1.00
247,235,1.00
248,235,1.00
248,236,1.00
249,236,1.00
249,237,1.00
250,237,1.00
250,238,1.00
251,238,1.00
251,239,1.00
251,240,1.00
251,241,1.00
251,242,1.00
251,243,1.00
251,244,1.00
249,235,1.00
250,236,1.00
251,237,1.00
252,238,1.00
252,239,1.00
252,240,1.00
252,241,1.00
252,242,1.00
252,243,1.00
252,244,1.00
251,245,1.00
250,246,1.00
249,247,0.08
244,234,0.17
245,234,0.64
246,234,1.00
247,234,1.00
248,234,1.00
249,234,1.00
250,234,1.00
250,235,1.00
251,235,1.00
251,236,1.00
252,236,1.00
252,237,1.00
253,237,1.00
253,238,1.00
253,239,1.00
253,240,1.00
253,241,1.00
253,242,1.00
253,243,1.00
251,234,1.00
252,235,1.00
253,236,1.00
254,237,1.00
254,238,1.00
254,239,1.00
254,240,1.00
254,241,1.00
254,242,1.00
254,243,1.00
253,244,1.00
252,245,1.00
251,246,1.00
252,234,1.00
253,235,1.00
254,236,1.00
255,237,1.00
255,238,1.00
255,239,1.00
255,240,1.00
255,241,1.00
255,242,1.00
255,243,1.00
254,244,1.00
253,245,1.00
252,246,0.81
253,234,1.00
254,235,1.00
255,236,1.00
256,237,1.00
256,238,1.00
256,239,1.00
256,240,1.00
256,241,1.00
256,242,1.00
256,243,1.00
255,244,1.00
254,245,1.00
253,246,0.36
254,234,1.00
255,235,1.00
256,236,1.00
257,237,1.00
257,238,1.00
257,239,1.00
257,240,1.00
257,241,1.00
257,242,1.00
257,243,1.00
256,244,1.00
255,245,0.45
254,246,0.08
248,233,0.08
249,233,0.45
250,233,1.00
251,233,1.00
252,233,1.00
253,233,1.00
254,233,1.00
255,234,1.00
256,235,1.00
257,236,1.00
255,233,1.00
256,234,1.00
257,235,1.00
258,236,1.00
258,237,1.00
258,238,1.00
258,239,1.00
258,240,1.00
258,241,1.00
258,242,1.00
256,233,1.00
257,234,1.00
258,235,1.00
259,236,1.00
259,237,1.00
259,238,1.00
259,239,1.00
259,240,1.00
259,241,1.00
259,242,1.00
258,243,1.00
257,244,0.64
256,245,0.08
250,232,0.08
251,232,0.28
252,232,0.96
253,232,1.00
254,232,1.00
255,232,1.00
256,232,1.00
257,233,1.00
258,234,1.00
259,235,1.00
257,232,1.00
258,233,1.00
259,234,1.00
260,235,1.00
260,236,1.00
260,237,1.00
260,238,1.00
260,239,1.00
260,240,1.00
260,241,1.00
258,232,1.00
259,233,1.00
260,234,1.00
261,235,1.00
261,236,1.00
261,237,1.00
261,238,1.00
261,239,1.00
261,240,1.00
261,241,1.00
260,242,1.00
259,243,1.00
258,244,0.17
253,231,0.17
254,231,0.81
255,231,1.00
256,231,1.00
257,231,1.00
258,231,1.00
259,231,1.00
259,232,1.00
260,232,1.00
260,233,1.00
261,233,1.00
261,234,1.00
262,234,1.00
262,235,1.00
262,236,1.00
262,237,1.00
262,238,1.00
262,239,1.00
262,240,1.00
260,231,1.00
261,232,1.00
262,233,1.00
263,234,1.00
263,235,1.00
263,236,1.00
263,237,1.00
263,238,1.00
263,239,1.00
263,240,1.00
262,241,1.00
261,242,1.00
260,243,0.44
261,231,1.00
262,232,1.00
263,233,1.00
264,234,1.00
264,235,1.00
264,236,1.00
264,237,1.00
264,238,1.00
264,239,1.00
264,240,1.00
263,241,1.00
262,242,0.64
261,243,0.08
255,230,0.08
256,230,0.28
257,230,0.79
258,230,1.00
259,230,1.00
260,230,1.00
261,230,1.00
262,231,1.00
263,232,1.00
264,233,1.00
262,230,1.00
263,231,1.00
264,232,1.00
265,233,1.00
265,234,1.00
265,235,1.00
265,236,1.00
265,237,1.00
265,238,1.00
265,239,1.00
263,230,1.00
264,231,1.00
265,232,1.00
266,233,1.00
266,234,1.00
266,235,1.00
266,236,1.00
266,237,1.00
266,238,1.00
266,239,1.00
265,240,1.00
264,241,1.00
263,242,0.17
258,229,0.08
259,229,0.36
260,229,1.00
261,229,1.00
262,229,1.00
263,229,1.00
264,229,1.00
264,230,1.00
265,230,1.00
265,231,1.00
266,231,1.00
266,232,1.00
267,232,1.00
267,233,1.00
267,234,1.00
267,235,1.00
267,236,1.00
267,237,1.00
267,238,1.00
265,229,1.00
266,230,1.00
267,231,1.00
268,232,1.00
268,233,1.00
268,234,1.00
268,235,1.00
268,236,1.00
268,237,1.00
268,238,1.00
267,239,1.00
266,240,1.00
265,241,1.00
266,229,1.00
267,230,1.00
268,231,1.00
269,232,1.00
269,233,1.00
269,234,1.00
269,235,1.00
269,236,1.00
269,237,1.00
269,238,1.00
268,239,1.00
267,240,1.00
266,241,0.69
267,229,1.00
268,230,1.00
269,231,1.00
270,232,1.00
270,233,1.00
270,234,1.00
270,235,1.00
270,236,1.00
270,237,1.00
270,238,1.00
269,239,1.00
268,240,1.00
267,241,0.08
262,228,0.17
263,228,0.47
264,228,0.72
265,228,0.92
266,228,1.00
267,228,1.00
268,228,1.00
268,229,1.00
269,229,1.00
269,230,1.00
270,230,1.00
270,231,1.00
271,231,1.00
271,232,1.00
271,233,1.00
271,234,1.00
271,235,1.00
271,236,1.00
271,237,1.00
269,228,1.00
270,229,1.00
271,230,1.00
272,231,1.00
272,232,1.00
272,233,1.00
272,234,1.00
272,235,1.00
272,236,1.00
272,237,1.00
271,238,1.00
270,239,1.00
269,240,1.00
270,228,1.00
271,228,1.00
271,229,1.00
272,229,1.00
272,230,1.00
273,230,1.00
273,231,1.00
274,231,1.00
273,232,1.00
274,232,1.00
273,233,1.00
274,233,1.00
273,234,1.00
274,234,1.00
273,235,1.00
274,235,1.00
273,236,1.00
274,236,1.00
273,237,1.00
274,237,1.00
272,238,1.00
273,238,1.00
271,239,1.00
272,239,1.00
270,240,1.00
271,240,0.73
272,228,1.00
273,229,1.00
274,230,1.00
275,231,1.00
275,232,1.00
275,233,1.00
275,234,1.00
275,235,1.00
275,236,1.00
275,237,1.00
274,238,1.00
273,239,1.00
272,240,0.36
273,228,1.00
274,229,1.00
275,230,1.00
276,231,1.00
276,232,1.00
276,233,1.00
276,234,1.00
276,235,1.00
276,236,1.00
276,237,1.00
275,238,1.00
274,239,0.73
273,240,0.08
268,227,0.08
269,227,0.28
270,227,0.46
271,227,0.97
272,227,1.00
273,227,1.00
274,227,1.00
274,228,1.00
275,228,1.00
275,229,1.00
276,229,1.00
276,230,1.00
277,230,1.00
277,231,1.00
277,232,1.00
277,233,1.00
277,234,1.00
277,235,1.00
277,236,1.00
275,227,1.00
276,228,1.00
277,229,1.00
278,230,1.00
278,231,1.00
278,232,1.00
278,233,1.00
278,234,1.00
278,235,1.00
278,236,1.00
277,237,1.00
276,238,1.00
275,239,0.35
276,227,1.00
277,227,1.00
277,228,1.00
278,228,1.00
278,229,1.00
279,229,1.00
279,230,1.00
280,230,1.00
279,231,1.00
280,231,1.00
279,232,1.00
280,232,1.00
279,233,1.00
280,233,1.00
279,234,1.00
280,234,1.00
279,235,1.00
280,235,1.00
279,236,1.00
280,236,1.00
278,237,1.00
279,237,1.00
277,238,0.79
278,238,0.45
276,239,0.19
277,239,0.08
272,226,0.25
273,226,0.95
274,226,1.00
275,226,1.00
276,226,1.00
277,226,1.00
278,226,1.00
278,227,1.00
279,227,1.00
279,228,1.00
280,228,1.00
280,229,1.00
281,229,1.00
281,230,1.00
281,231,1.00
281,232,1.00
281,233,1.00
281,234,1.00
281,235,1.00
279,226,1.00
280,227,1.00
281,228,1.00
282,229,1.00
282,230,1.00
282,231,1.00
282,232,1.00
282,233,1.00
282,234,1.00
282,235,1.00
281,236,1.00
280,237,0.79
279,238,0.08
273,225,0.08
274,225,0.36
275,225,1.00
276,225,1.00
277,225,1.00
278,225,1.00
279,225,1.00
280,226,1.00
281,227,1.00
282,228,1.00
280,225,1.00
281,226,1.00
282,227,1.00
283,228,1.00
283,229,1.00
283,230,1.00
283,231,1.00
283,232,1.00
283,233,1.00
283,234,1.00
281,225,1.00
282,226,1.00
283,227,1.00
284,228,1.00
284,229,1.00
284,230,1.00
284,231,1.00
284,232,1.00
284,233,1.00
284,234,1.00
283,235,1.00
282,236,1.00
281,237,0.28
282,225,1.00
283,226,1.00
284,227,1.00
285,228,1.00
285,229,1.00
285,230,1.00
285,231,1.00
285,232,1.00
285,233,1.00
285,234,1.00
284,235,1.00
283,236,0.61
282,237,0.08
276,224,0.25
277,224,1.00
278,224,1.00
279,224,1.00
280,224,1.00
281,224,1.00
282,224,1.00
283,225,1.00
284,226,1.00
285,227,1.00
283,224,1.00
284,225,1.00
285,226,1.00
286,227,1.00
286,228,1.00
286,229,1.00
286,230,1.00
286,231,1.00
286,232,1.00
286,233,1.00
284,224,1.00
285,225,1.00
286,226,1.00
287,227,1.00
287,228,1.00
287,229,1.00
287,230,1.00
287,231,1.00
287,232,1.00
287,233,1.00
286,234,1.00
285,235,0.42
284,236,0.08
278,223,0.08
279,223,0.78
280,223,1.00
281,223,1.00
282,223,1.00
283,223,1.00
284,223,1.00
285,224,1.00
286,225,1.00
287,226,1.00
285,223,1.00
286,224,1.00
287,225,1.00
288,226,1.00
288,227,1.00
288,228,1.00
288,229,1.00
288,230,1.00
288,231,1.00
288,232,1.00
280,222,0.17
281,222,0.89
282,222,1.00
283,222,1.00
284,222,1.00
285,222,1.00
286,222,1.00
286,223,1.00
287,223,1.00
287,224,1.00
288,224,1.00
288,225,1.00
289,225,1.00
289,226,1.00
289,227,1.00
289,228,1.00
289,229,1.00
289,230,1.00
289,231,1.00
287,222,1.00
288,223,1.00
289,224,1.00
290,225,1.00
290,226,1.00
290,227,1.00
290,228,1.00
290,229,1.00
290,230,1.00
290,231,1.00
289,232,1.00
288,233,1.00
287,234,0.17
282,221,0.17
283,221,0.47
284,221,0.97
285,221,1.00
286,221,1.00
287,221,1.00
288,221,1.00
288,222,1.00
289,222,1.00
289,223,1.00
290,223,1.00
290,224,1.00
291,224,1.00
291,225,1.00
291,226,1.00
291,227,1.00
291,228,1.00
291,229,1.00
291,230,1.00
289,221,1.00
290,222,1.00
291,223,1.00
292,224,1.00
292,225,1.00
292,226,1.00
292,227,1.00
292,228,1.00
292,229,1.00
292,230,1.00
291,231,1.00
290,232,1.00
289,233,1.00
290,221,1.00
291,222,1.00
292,223,1.00
293,224,1.00
293,225,1.00
293,226,1.00
293,227,1.00
293,228,1.00
293,229,1.00
293,230,1.00
292,231,1.00
291,232,1.00
290,233,1.00
291,221,1.00
292,222,1.00
293,223,1.00
294,224,1.00
294,225,1.00
294,226,1.00
294,227,1.00
294,228,1.00
294,229,1.00
294,230,1.00
293,231,1.00
292,232,1.00
291,233,1.00
292,221,1.00
293,222,1.00
294,223,1.00
295,224,1.00
295,225,1.00
295,226,1.00
295,227,1.00
295,228,1.00
295,229,1.00
295,230,1.00
294,231,1.00
293,232,1.00
292,233,0.44
293,221,1.00
294,222,1.00
295,223,1.00
296,224,1.00
296,225,1.00
296,226,1.00
296,227,1.00
296,228,1.00
296,229,1.00
296,230,1.00
295,231,1.00
294,232,1.00
293,233,0.08
287,220,0.17
288,220,0.64
289,220,1.00
290,220,1.00
291,220,1.00
292,220,1.00
293,220,1.00
294,221,1.00
295,222,1.00
296,223,1.00
294,220,1.00
295,221,1.00
296,222,1.00
297,223,1.00
297,224,1.00
297,225,1.00
297,226,1.00
297,227,1.00
297,228,1.00
297,229,1.00
295,220,1.00
296,221,1.00
297,222,1.00
298,223,1.00
298,224,1.00
298,225,1.00
298,226,1.00
298,227,1.00
298,228,1.00
298,229,1.00
297,230,1.00
296,231,1.00
295,232,0.75
296,220,1.00
297,221,1.00
298,222,1.00
299,223,1.00
299,224,1.00
299,225,1.00
299,226,1.00
299,227,1.00
299,228,1.00
299,229,1.00
298,230,1.00
297,231,0.93
296,232,0.25
291,219,0.42
292,219,0.96
293,219,1.00
294,219,1.00
295,219,1.00
296,219,0.96
297,219,0.42
297,220,1.00
298,220,0.85
298,221,1.00
299,221,0.85
299,222,1.00
300,222,0.42
300,223,0.96
300,224,1.00
300,225,1.00
300,226,1.00
300,227,0.96
300,228,0.42

363,204,0.17
364,204,0.47
365,204,0.80
366,204,1.00
367,204,1.00
368,204,1.00
369,204,1.00
362,205,0.34
363,205,0.84
364,205,1.00
365,205,1.00
366,205,1.00
367,205,1.00
368,205,1.00
369,205,1.00
370,205,1.00
361,206,0.34
362,206,0.94
363,206,1.00
364,206,1.00
365,206,1.00
366,206,1.00
367,206,1.00
368,206,1.00
369,206,1.00
370,206,1.00
371,206,1.00
360,207,0.17
361,207,0.75
362,207,1.00
363,207,1.00
364,207,1.00
365,207,1.00
366,207,1.00
367,207,1.00
368,207,1.00
369,207,1.00
370,207,1.00
371,207,1.00
372,207,1.00
360,208,0.39
361,208,1.00
362,208,1.00
363,208,1.00
364,208,1.00
365,208,1.00
366,208,1.00
367,208,1.00
368,208,1.00
369,208,1.00
370,208,1.00
371,208,1.00
372,208,1.00
360,209,0.52
361,209,1.00
362,209,1.00
363,209,1.00
364,209,1.00
365,209,1.00
366,209,1.00
367,209,1.00
368,209,1.00
369,209,1.00
370,209,1.00
371,209,1.00
372,209,1.00
360,210,0.57
361,210,1.00
362,210,1.00
363,210,1.00
364,210,1.00
365,210,1.00
366,210,1.00
367,210,1.00
368,210,1.00
369,210,1.00
370,210,1.00
371,210,1.00
372,210,1.00
360,211,0.52
361,211,1.00
362,211,1.00
363,211,1.00
364,211,1.00
365,211,1.00
366,211,1.00
367,211,1.00
368,211,1.00
369,211,1.00
370,211,1.00
371,211,1.00
372,211,1.00
360,212,0.39
361,212,1.00
362,212,1.00
363,212,1.00
364,212,1.00
365,212,1.00
366,212,1.00
367,212,1.00
368,212,1.00
369,212,1.00
370,212,1.00
371,212,1.00
372,212,1.00
360,213,0.17
361,213,0.75
362,213,1.00
363,213,1.00
364,213,1.00
365,213,1.00
366,213,1.00
367,213,1.00
368,213,1.00
369,213,1.00
370,213,1.00
371,213,1.00
372,213,1.00
361,214,0.34
362,214,0.94
363,214,1.00
364,214,1.00
365,214,1.00
366,214,1.00
367,214,1.00
368,214,1.00
369,214,1.00
370,214,1.00
371,214,1.00
362,215,0.34
363,215,0.84
364,215,1.00
365,215,1.00
366,215,1.00
367,215,1.00
368,215,1.00
369,215,1.00
370,215,1.00
363,216,0.17
364,216,0.47
365,216,0.80
366,216,1.00
367,216,1.00
368,216,1.00
369,216,1.00
370,204,1.00
371,205,1.00
372,206,1.00
373,207,1.00
373,208,1.00
373,209,1.00
373,210,1.00
373,211,1.00
373,212,1.00
373,213,1.00
372,214,1.00
371,215,1.00
370,216,1.00
371,204,1.00
372,205,1.00
373,206,1.00
374,207,1.00
374,208,1.00
374,209,1.00
374,210,1.00
374,211,1.00
374,212,1.00
374,213,1.00
373,214,1.00
372,215,1.00
371,216,1.00
372,204,1.00
373,205,1.00
374,206,1.00
375,207,1.00
375,208,1.00
375,209,1.00
375,210,1.00
375,211,1.00
375,212,1.00
375,213,1.00
374,214,1.00
373,215,1.00
372,216,1.00
373,204,1.00
374,205,1.00
375,206,1.00
376,207,1.00
376,208,1.00
376,209,1.00
376,210,1.00
376,211,1.00
376,212,1.00
376,213,1.00
375,214,1.00
374,215,1.00
373,216,1.00
374,204,1.00
375,205,1.00
376,206,1.00
377,207,1.00
377,208,1.00
377,209,1.00
377,210,1.00
377,211,1.00
377,212,1.00
377,213,1.00
376,214,1.00
375,215,1.00
374,216,1.00
375,204,1.00
376,205,1.00
377,206,1.00
378,207,1.00
378,208,1.00
378,209,1.00
378,210,1.00
378,211,1.00
378,212,1.00
378,213,1.00
377,214,1.00
376,215,1.00
375,216,1.00
376,204,1.00
377,205,1.00
378,206,1.00
379,207,1.00
379,208,1.00
379,209,1.00
379,210,1.00
379,211,1.00
379,212,1.00
379,213,1.00
378,214,1.00
377,215,1.00
376,216,1.00
377,204,1.00
378,205,1.00
379,206,1.00
380,207,1.00
380,208,1.00
380,209,1.00
380,210,1.00
380,211,1.00
380,212,1.00
380,213,1.00
379,214,1.00
378,215,1.00
377,216,1.00
378,204,1.00
379,205,1.00
380,206,1.00
381,207,1.00
381,208,1.00
381,209,1.00
381,210,1.00
381,211,1.00
381,212,1.00
381,213,1.00
380,214,1.00
379,215,1.00
378,216,1.00
379,204,1.00
380,205,1.00
381,206,1.00
382,207,1.00
382,208,1.00
382,209,1.00
382,210,1.00
382,211,1.00
382,212,1.00
382,213,1.00
381,214,1.00
380,215,1.00
379,216,1.00
380,204,1.00
381,205,1.00
382,206,1.00
383,207,1.00
383,208,1.00
383,209,1.00
383,210,1.00
383,211,1.00
383,212,1.00
383,213,1.00
382,214,1.00
381,215,1.00
380,216,1.00
381,204,1.00
382,204,1.00
382,205,1.00
383,205,1.00
383,206,1.00
384,206,1.00
384,207,1.00
385,207,1.00
384,208,1.00
385,208,1.00
384,209,1.00
385,209,1.00
384,210,1.00
385,210,1.00
384,211,1.00
385,211,1.00
384,212,1.00
385,212,1.00
384,213,1.00
385,213,1.00
383,214,1.00
384,214,1.00
382,215,1.00
383,215,1.00
381,216,1.00
382,216,1.00
383,204,1.00
384,205,1.00
385,206,1.00
386,207,1.00
386,208,1.00
386,209,1.00
386,210,1.00
386,211,1.00
386,212,1.00
386,213,1.00
385,214,1.00
384,215,1.00
383,216,1.00
384,204,1.00
385,205,1.00
386,206,1.00
387,207,1.00
387,208,1.00
387,209,1.00
387,210,1.00
387,211,1.00
387,212,1.00
387,213,1.00
386,214,1.00
385,215,1.00
384,216,1.00
385,204,1.00
386,205,1.00
387,206,1.00
388,207,1.00
388,208,1.00
388,209,1.00
388,210,1.00
388,211,1.00
388,212,1.00
388,213,1.00
387,214,1.00
386,215,1.00
385,216,1.00
386,204,1.00
387,205,1.00
388,206,1.00
389,207,1.00
389,208,1.00
389,209,1.00
389,210,1.00
389,211,1.00
389,212,1.00
389,213,1.00
388,214,1.00
387,215,1.00
386,216,1.00
387,204,1.00
388,205,1.00
389,206,1.00
390,207,1.00
390,208,1.00
390,209,1.00
390,210,1.00
390,211,1.00
390,212,1.00
390,213,1.00
389,214,1.00
388,215,1.00
387,216,1.00
388,204,1.00
389,205,1.00
390,206,1.00
391,207,1.00
391,208,1.00
391,209,1.00
391,210,1.00
391,211,1.00
391,212,1.00
391,213,1.00
390,214,1.00
389,215,1.00
388,216,1.00
389,204,1.00
390,205,1.00
391,206,1.00
392,207,1.00
392,208,1.00
392,209,1.00
392,210,1.00
392,211,1.00
392,212,1.00
392,213,1.00
391,214,1.00
390,215,1.00
389,216,1.00
390,204,1.00
391,205,1.00
392,206,1.00
393,207,1.00
393,208,1.00
393,209,1.00
393,210,1.00
393,211,1.00
393,212,1.00
393,213,1.00
392,214,1.00
391,215,1.00
390,216,1.00
391,204,1.00
392,205,1.00
393,206,1.00
394,207,1.00
394,208,1.00
394,209,1.00
394,210,1.00
394,211,1.00
394,212,1.00
394,213,1.00
393,214,1.00
392,215,1.00
391,216,1.00
392,204,1.00
393,205,1.00
394,206,1.00
395,207,1.00
395,208,1.00
395,209,1.00
395,210,1.00
395,211,1.00
395,212,1.00
395,213,1.00
394,214,1.00
393,215,1.00
392,216,1.00
393,204,1.00
394,205,1.00
395,206,1.00
396,207,1.00
396,208,1.00
396,209,1.00
396,210,1.00
396,211,1.00
396,212,1.00
396,213,1.00
395,214,1.00
394,215,1.00
393,216,1.00
394,204,1.00
395,205,1.00
396,206,1.00
397,207,1.00
397,208,1.00
397,209,1.00
397,210,1.00
397,211,1.00
397,212,1.00
397,213,1.00
396,214,1.00
395,215,1.00
394,216,1.00
395,204,0.73
396,205,1.00
397,206,1.00
398,207,1.00
398,208,1.00
398,209,1.00
398,210,1.00
398,211,1.00
398,212,1.00
398,213,1.00
397,214,1.00
396,215,1.00
395,216,1.00
396,204,0.36
397,205,1.00
398,206,1.00
399,207,1.00
399,208,1.00
399,209,1.00
399,210,1.00
399,211,1.00
399,212,1.00
399,213,1.00
398,214,1.00
397,215,1.00
396,216,1.00
397,204,0.08
398,205,1.00
399,206,1.00
400,207,1.00
400,208,1.00
400,209,1.00
400,210,1.00
400,211,1.00
400,212,1.00
400,213,1.00
399,214,1.00
398,215,1.00
397,216,1.00
400,214,1.00
399,215,1.00
398,216,1.00
391,217,0.17
392,217,0.47
393,217,0.80
394,217,1.00
395,217,1.00
396,217,1.00
397,217,1.00
401,208,1.00
401,209,1.00
401,210,1.00
401,211,1.00
401,212,1.00
401,213,1.00
401,214,1.00
400,215,1.00
399,216,1.00
398,217,1.00
399,205,1.00
400,206,1.00
401,207,1.00
402,208,1.00
402,209,1.00
402,210,1.00
402,211,1.00
402,212,1.00
402,213,1.00
402,214,1.00
401,215,1.00
400,216,1.00
399,217,1.00
400,205,1.00
401,206,1.00
402,207,1.00
403,208,1.00
403,209,1.00
403,210,1.00
403,211,1.00
403,212,1.00
403,213,1.00
403,214,1.00
402,215,1.00
401,216,1.00
400,217,1.00
401,205,0.73
402,206,1.00
403,207,1.00
404,208,1.00
404,209,1.00
404,210,1.00
404,211,1.00
404,212,1.00
404,213,1.00
404,214,1.00
403,215,1.00
402,216,1.00
401,217,1.00
402,205,0.36
403,206,1.00
404,207,1.00
405,208,1.00
405,209,1.00
405,210,1.00
405,211,1.00
405,212,1.00
405,213,1.00
405,214,1.00
404,215,1.00
403,216,1.00
402,217,1.00
403,205,0.08
404,206,1.00
405,207,1.00
406,208,1.00
406,209,1.00
406,210,1.00
406,211,1.00
406,212,1.00
406,213,1.00
406,214,1.00
405,215,1.00
404,216,1.00
403,217,1.00
407,209,1.00
407,210,1.00
407,211,1.00
407,212,1.00
407,213,1.00
407,214,1.00
406,215,1.00
407,215,1.00
405,216,1.00
406,216,1.00
404,217,1.00
405,217,1.00
398,218,0.17
399,218,0.39
400,218,0.61
401,218,0.85
402,218,1.00
403,218,1.00
404,218,1.00
405,206,1.00
406,206,0.82
406,207,1.00
407,207,1.00
407,208,1.00
408,208,1.00
408,209,1.00
409,209,1.00
408,210,1.00
409,210,1.00
408,211,1.00
409,211,1.00
408,212,1.00
409,212,1.00
408,213,1.00
409,213,1.00
408,214,1.00
409,214,1.00
408,215,1.00
409,215,1.00
407,216,1.00
408,216,1.00
406,217,1.00
407,217,1.00
405,218,1.00
406,218,1.00
407,206,0.54
408,207,1.00
409,208,1.00
410,209,1.00
410,210,1.00
410,211,1.00
410,212,1.00
410,213,1.00
410,214,1.00
410,215,1.00
409,216,1.00
408,217,1.00
407,218,1.00
408,206,0.28
409,207,1.00
410,208,1.00
411,209,1.00
411,210,1.00
411,211,1.00
411,212,1.00
411,213,1.00
411,214,1.00
411,215,1.00
410,216,1.00
409,217,1.00
408,218,1.00
409,206,0.08
410,207,1.00
411,208,1.00
412,209,1.00
412,210,1.00
412,211,1.00
412,212,1.00
412,213,1.00
412,214,1.00
412,215,1.00
411,216,1.00
410,217,1.00
409,218,1.00
413,210,1.00
413,211,1.00
413,212,1.00
413,213,1.00
413,214,1.00
413,215,1.00
412,216,1.00
413,216,1.00
411,217,1.00
412,217,1.00
410,218,1.00
411,218,1.00
404,219,0.17
405,219,0.47
406,219,0.72
407,219,0.92
408,219,1.00
409,219,1.00
410,219,1.00
411,207,1.00
412,208,1.00
413,209,1.00
414,210,1.00
414,211,1.00
414,212,1.00
414,213,1.00
414,214,1.00
414,215,1.00
414,216,1.00
413,217,1.00
412,218,1.00
411,219,1.00
412,207,0.98
413,207,0.85
413,208,1.00
414,208,1.00
414,209,1.00
415,209,1.00
415,210,1.00
416,210,1.00
415,211,1.00
416,211,1.00
415,212,1.00
416,212,1.00
415,213,1.00
416,213,1.00
415,214,1.00
416,214,1.00
415,215,1.00
416,215,1.00
415,216,1.00
416,216,1.00
414,217,1.00
415,217,1.00
413,218,1.00
414,218,1.00
412,219,1.00
413,219,1.00
414,207,0.61
415,208,1.00
416,209,1.00
417,210,1.00
417,211,1.00
417,212,1.00
417,213,1.00
417,214,1.00
417,215,1.00
417,216,1.00
416,217,1.00
415,218,1.00
414,219,1.00
415,207,0.39
416,207,0.17
416,208,1.00
417,208,1.00
417,209,1.00
418,209,1.00
418,210,1.00
419,210,1.00
418,211,1.00
419,211,1.00
418,212,1.00
419,212,1.00
418,213,1.00
419,213,1.00
418,214,1.00
419,214,1.00
418,215,1.00
419,215,1.00
418,216,1.00
419,216,1.00
417,217,1.00
418,217,1.00
416,218,1.00
417,218,1.00
415,219,1.00
416,219,1.00
420,211,1.00
420,212,1.00
420,213,1.00
420,214,1.00
420,215,1.00
420,216,1.00
419,217,1.00
420,217,1.00
418,218,1.00
419,218,1.00
417,219,1.00
418,219,1.00
411,220,0.08
412,220,0.28
413,220,0.54
414,220,0.82
415,220,1.00
416,220,1.00
417,220,1.00
418,208,1.00
419,209,1.00
420,210,1.00
421,211,1.00
421,212,1.00
421,213,1.00
421,214,1.00
421,215,1.00
421,216,1.00
421,217,1.00
420,218,1.00
419,219,1.00
418,220,1.00
419,208,1.00
420,209,1.00
421,210,1.00
422,211,1.00
422,212,1.00
422,213,1.00
422,214,1.00
422,215,1.00
422,216,1.00
422,217,1.00
421,218,1.00
420,219,1.00
419,220,1.00
420,208,1.00
421,209,1.00
422,210,1.00
423,211,1.00
423,212,1.00
423,213,1.00
423,214,1.00
423,215,1.00
423,216,1.00
423,217,1.00
422,218,1.00
421,219,1.00
420,220,1.00
421,208,0.77
422,208,0.33
422,209,1.00
423,209,1.00
423,210,1.00
424,210,1.00
424,211,1.00
425,211,1.00
424,212,1.00
425,212,1.00
424,213,1.00
425,213,1.00
424,214,1.00
425,214,1.00
424,215,1.00
425,215,1.00
424,216,1.00
425,216,1.00
424,217,1.00
425,217,1.00
423,218,1.00
424,218,1.00
422,219,1.00
423,219,1.00
421,220,1.00
422,220,1.00
426,212,1.00
426,213,1.00
426,214,1.00
426,215,1.00
426,216,1.00
426,217,1.00
425,218,1.00
426,218,1.00
424,219,1.00
425,219,1.00
423,220,1.00
424,220,1.00
417,221,0.08
418,221,0.36
419,221,0.90
420,221,1.00
421,221,1.00
422,221,1.00
423,221,1.00
424,209,1.00
425,210,1.00
426,211,1.00
427,212,1.00
427,213,1.00
427,214,1.00
427,215,1.00
427,216,1.00
427,217,1.00
427,218,1.00
426,219,1.00
425,220,1.00
424,221,1.00
425,209,1.00
426,210,1.00
427,211,1.00
428,212,1.00
428,213,1.00
428,214,1.00
428,215,1.00
428,216,1.00
428,217,1.00
428,218,1.00
427,219,1.00
426,220,1.00
425,221,1.00
426,209,1.00
427,210,1.00
428,211,1.00
429,212,1.00
429,213,1.00
429,214,1.00
429,215,1.00
429,216,1.00
429,217,1.00
429,218,1.00
428,219,1.00
427,220,1.00
426,221,1.00
427,209,1.00
428,210,1.00
429,211,1.00
430,212,1.00
430,213,1.00
430,214,1.00
430,215,1.00
430,216,1.00
430,217,1.00
430,218,1.00
429,219,1.00
428,220,1.00
427,221,1.00
428,209,1.00
429,209,1.00
429,210,1.00
430,210,1.00
430,211,1.00
431,211,1.00
431,212,1.00
432,212,1.00
431,213,1.00
432,213,1.00
431,214,1.00
432,214,1.00
431,215,1.00
432,215,1.00
431,216,1.00
432,216,1.00
431,217,1.00
432,217,1.00
431,218,1.00
432,218,1.00
430,219,1.00
431,219,1.00
429,220,1.00
430,220,1.00
428,221,1.00
429,221,1.00
430,209,0.73
431,210,1.00
432,211,1.00
433,212,1.00
433,213,1.00
433,214,1.00
433,215,1.00
433,216,1.00
433,217,1.00
433,218,1.00
432,219,1.00
431,220,1.00
430,221,1.00
431,209,0.36
432,210,1.00
433,211,1.00
434,212,1.00
434,213,1.00
434,214,1.00
434,215,1.00
434,216,1.00
434,217,1.00
434,218,1.00
433,219,1.00
432,220,1.00
431,221,1.00
432,209,0.08
433,210,1.00
434,211,1.00
435,212,1.00
435,213,1.00
435,214,1.00
435,215,1.00
435,216,1.00
435,217,1.00
435,218,1.00
434,219,1.00
433,220,1.00
432,221,1.00
436,213,1.00
436,214,1.00
436,215,1.00
436,216,1.00
436,217,1.00
436,218,1.00
435,219,1.00
436,219,1.00
434,220,1.00
435,220,1.00
433,221,1.00
434,221,1.00
427,222,0.17
428,222,0.81
429,222,1.00
430,222,1.00
431,222,1.00
432,222,1.00
433,222,1.00
434,210,0.47
435,211,1.00
436,212,1.00
437,213,1.00
437,214,1.00
437,215,1.00
437,216,1.00
437,217,1.00
437,218,1.00
437,219,1.00
436,220,1.00
435,221,1.00
434,222,1.00
435,210,0.17
436,211,0.42
437,212,0.51
438,213,0.34
438,214,0.89
438,215,1.00
438,216,1.00
438,217,1.00
438,218,1.00
438,219,1.00
437,220,1.00
436,221,1.00
435,222,1.00
438,220,0.50
437,221,0.72
436,222,0.68
429,223,0.17
430,223,0.47
431,223,0.72
432,223,0.83
433,223,0.81
434,223,0.65
435,223,0.36
439,214,0.08
439,215,0.19
439,216,0.26
439,217,0.29
439,218,0.26
439,219,0.19
439,220,0.08
438,221,0.17
437,222,0.17
436,223,0.08

493,219,0.08
494,219,0.44
495,219,0.84
496,219,1.00
497,219,1.00
498,219,1.00
499,219,1.00
492,220,0.17
493,220,0.85
494,220,1.00
495,220,1.00
496,220,1.00
497,220,1.00
498,220,1.00
499,220,1.00
500,220,1.00
491,221,0.17
492,221,0.90
493,221,1.00
494,221,1.00
495,221,1.00
496,221,1.00
497,221,1.00
498,221,1.00
499,221,1.00
500,221,1.00
501,221,1.00
490,222,0.08
491,222,0.58
492,222,1.00
493,222,1.00
494,222,1.00
495,222,1.00
496,222,1.00
497,222,1.00
498,222,1.00
499,222,1.00
500,222,1.00
501,222,1.00
502,222,1.00
490,223,0.19
491,223,1.00
492,223,1.00
493,223,1.00
494,223,1.00
495,223,1.00
496,223,1.00
497,223,1.00
498,223,1.00
499,223,1.00
500,223,1.00
501,223,1.00
502,223,1.00
490,224,0.26
491,224,1.00
492,224,1.00
493,224,1.00
494,224,1.00
495,224,1.00
496,224,1.00
497,224,1.00
498,224,1.00
499,224,1.00
500,224,1.00
501,224,1.00
502,224,1.00
490,225,0.29
491,225,1.00
492,225,1.00
493,225,1.00
494,225,1.00
495,225,1.00
496,225,1.00
497,225,1.00
498,225,1.00
499,225,1.00
500,225,1.00
501,225,1.00
502,225,1.00
490,226,0.26
491,226,1.00
492,226,1.00
493,226,1.00
494,226,1.00
495,226,1.00
496,226,1.00
497,226,1.00
498,226,1.00
499,226,1.00
500,226,1.00
501,226,1.00
502,226,1.00
490,227,0.19
491,227,1.00
492,227,1.00
493,227,1.00
494,227,1.00
495,227,1.00
496,227,1.00
497,227,1.00
498,227,1.00
499,227,1.00
500,227,1.00
501,227,1.00
502,227,1.00
490,228,0.08
491,228,0.58
492,228,1.00
493,228,1.00
494,228,1.00
495,228,1.00
496,228,1.00
497,228,1.00
498,228,1.00
499,228,1.00
500,228,1.00
501,228,1.00
502,228,1.00
491,229,0.17
492,229,0.90
493,229,1.00
494,229,1.00
495,229,1.00
496,229,1.00
497,229,1.00
498,229,1.00
499,229,1.00
500,229,1.00
501,229,1.00
492,230,0.17
493,230,0.85
494,230,1.00
495,230,1.00
496,230,1.00
497,230,1.00
498,230,1.00
499,230,1.00
500,230,1.00
493,231,0.08
494,231,0.44
495,231,0.84
496,231,1.00
497,231,1.00
498,231,1.00
499,231,1.00
500,219,1.00
501,220,1.00
502,221,1.00
503,222,1.00
503,223,1.00
503,224,1.00
503,225,1.00
503,226,1.00
503,227,1.00
503,228,1.00
502,229,1.00
501,230,1.00
500,231,1.00
501,219,1.00
502,219,1.00
502,220,1.00
503,220,1.00
503,221,1.00
504,221,1.00
504,222,1.00
505,222,1.00
504,223,1.00
505,223,1.00
504,224,1.00
505,224,1.00
504,225,1.00
505,225,1.00
504,226,1.00
505,226,1.00
504,227,1.00
505,227,1.00
504,228,1.00
505,228,1.00
503,229,1.00
504,229,1.00
502,230,1.00
503,230,1.00
501,231,1.00
502,231,1.00
503,219,0.73
504,220,1.00
505,221,1.00
506,222,1.00
506,223,1.00
506,224,1.00
506,225,1.00
506,226,1.00
506,227,1.00
506,228,1.00
505,229,1.00
504,230,1.00
503,231,1.00
504,219,0.36
505,220,1.00
506,221,1.00
507,222,1.00
507,223,1.00
507,224,1.00
507,225,1.00
507,226,1.00
507,227,1.00
507,228,1.00
506,229,1.00
505,230,1.00
504,231,1.00
505,219,0.08
506,220,0.52
507,221,1.00
508,222,1.00
508,223,1.00
508,224,1.00
508,225,1.00
508,226,1.00
508,227,1.00
508,228,1.00
507,229,1.00
506,230,1.00
505,231,1.00
509,223,1.00
509,224,1.00
509,225,1.00
509,226,1.00
509,227,1.00
509,228,1.00
508,229,1.00
509,229,1.00
507,230,1.00
508,230,1.00
506,231,1.00
507,231,1.00
500,232,0.08
501,232,0.19
502,232,0.35
503,232,0.82
504,232,1.00
505,232,1.00
506,232,1.00
507,220,0.19
508,220,0.08
508,221,1.00
509,221,1.00
509,222,1.00
510,222,1.00
510,223,1.00
511,223,1.00
510,224,1.00
511,224,1.00
510,225,1.00
511,225,1.00
510,226,1.00
511,226,1.00
510,227,1.00
511,227,1.00
510,228,1.00
511,228,1.00
510,229,1.00
511,229,1.00
509,230,1.00
510,230,1.00
508,231,1.00
509,231,1.00
507,232,1.00
508,232,1.00
510,221,1.00
511,222,1.00
512,223,1.00
512,224,1.00
513,224,1.00
512,225,1.00
513,225,1.00
512,226,1.00
513,226,1.00
512,227,1.00
513,227,1.00
512,228,1.00
513,228,1.00
512,229,1.00
513,229,1.00
511,230,1.00
512,230,1.00
513,230,1.00
510,231,1.00
511,231,1.00
512,231,1.00
509,232,1.00
510,232,1.00
511,232,1.00
504,233,0.17
505,233,0.47
506,233,0.80
507,233,1.00
508,233,1.00
509,233,1.00
510,233,1.00
511,221,1.00
512,222,1.00
513,223,1.00
514,224,1.00
514,225,1.00
514,226,1.00
514,227,1.00
514,228,1.00
514,229,1.00
514,230,1.00
513,231,1.00
512,232,1.00
511,233,1.00
512,221,0.99
513,222,1.00
514,223,1.00
515,224,1.00
515,225,1.00
515,226,1.00
515,227,1.00
515,228,1.00
515,229,1.00
515,230,1.00
514,231,1.00
513,232,1.00
512,233,1.00
513,221,0.55
514,222,1.00
515,223,1.00
516,224,1.00
516,225,1.00
516,226,1.00
516,227,1.00
516,228,1.00
516,229,1.00
516,230,1.00
515,231,1.00
514,232,1.00
513,233,1.00
514,221,0.17
515,222,0.73
516,223,1.00
517,224,1.00
517,225,1.00
517,226,1.00
517,227,1.00
517,228,1.00
517,229,1.00
517,230,1.00
516,231,1.00
515,232,1.00
514,233,1.00
516,222,0.17
517,223,0.88
518,224,1.00
518,225,1.00
519,225,1.00
518,226,1.00
519,226,1.00
518,227,1.00
519,227,1.00
518,228,1.00
519,228,1.00
518,229,1.00
519,229,1.00
518,230,1.00
519,230,1.00
517,231,1.00
518,231,1.00
519,231,1.00
516,232,1.00
517,232,1.00
518,232,1.00
515,233,1.00
516,233,1.00
517,233,1.00
510,234,0.34
511,234,0.89
512,234,1.00
513,234,1.00
514,234,1.00
515,234,1.00
516,234,1.00
520,226,1.00
520,227,1.00
520,228,1.00
520,229,1.00
520,230,1.00
520,231,1.00
519,232,1.00
520,232,1.00
518,233,1.00
519,233,1.00
517,234,1.00
518,234,1.00
511,235,0.08
512,235,0.28
513,235,0.54
514,235,0.91
515,235,1.00
516,235,1.00
517,235,1.00
518,223,0.28
519,224,1.00
520,225,1.00
521,226,1.00
521,227,1.00
521,228,1.00
521,229,1.00
521,230,1.00
521,231,1.00
521,232,1.00
520,233,1.00
519,234,1.00
518,235,1.00
519,223,0.08
520,224,1.00
521,225,1.00
522,226,1.00
522,227,1.00
522,228,1.00
522,229,1.00
522,230,1.00
522,231,1.00
522,232,1.00
521,233,1.00
520,234,1.00
519,235,1.00
521,224,0.73
522,225,1.00
523,226,1.00
523,227,1.00
524,227,1.00
523,228,1.00
524,228,1.00
523,229,1.00
524,229,1.00
523,230,1.00
524,230,1.00
523,231,1.00
524,231,1.00
523,232,1.00
524,232,1.00
522,233,1.00
523,233,1.00
524,233,1.00
521,234,1.00
522,234,1.00
523,234,1.00
520,235,1.00
521,235,1.00
522,235,1.00
515,236,0.08
516,236,0.36
517,236,0.73
518,236,1.00
519,236,1.00
520,236,1.00
521,236,1.00
522,224,0.36
523,225,1.00
524,226,1.00
525,227,1.00
525,228,1.00
525,229,1.00
525,230,1.00
525,231,1.00
525,232,1.00
525,233,1.00
524,234,1.00
523,235,1.00
522,236,1.00
523,224,0.08
524,225,1.00
525,226,1.00
526,227,1.00
526,228,1.00
526,229,1.00
526,230,1.00
526,231,1.00
526,232,1.00
526,233,1.00
525,234,1.00
524,235,1.00
523,236,1.00
525,225,0.73
526,226,1.00
527,227,1.00
527,228,1.00
528,228,1.00
527,229,1.00
528,229,1.00
527,230,1.00
528,230,1.00
527,231,1.00
528,231,1.00
527,232,1.00
528,232,1.00
527,233,1.00
528,233,1.00
526,234,1.00
527,234,1.00
528,234,1.00
525,235,1.00
526,235,1.00
527,235,1.00
524,236,1.00
525,236,1.00
526,236,1.00
519,237,0.08
520,237,0.36
521,237,0.90
522,237,1.00
523,237,1.00
524,237,1.00
525,237,1.00
526,225,0.36
527,226,0.87
528,227,1.00
529,228,1.00
529,229,1.00
529,230,1.00
529,231,1.00
529,232,1.00
529,233,1.00
529,234,1.00
528,235,1.00
527,236,1.00
526,237,1.00
527,225,0.08
528,226,0.25
529,227,0.99
530,228,1.00
530,229,1.00
530,230,1.00
530,231,1.00
530,232,1.00
530,233,1.00
530,234,1.00
529,235,1.00
528,236,1.00
527,237,1.00
531,229,1.00
531,230,1.00
531,231,1.00
531,232,1.00
531,233,1.00
531,234,1.00
530,235,1.00
531,235,1.00
529,236,1.00
530,236,1.00
528,237,1.00
529,237,1.00
522,238,0.08
523,238,0.53
524,238,1.00
525,238,1.00
526,238,1.00
527,238,1.00
528,238,1.00
530,227,0.36
531,228,1.00
532,229,1.00
532,230,1.00
533,230,1.00
532,231,1.00
533,231,1.00
532,232,1.00
533,232,1.00
532,233,1.00
533,233,1.00
532,234,1.00
533,234,1.00
532,235,1.00
533,235,1.00
531,236,1.00
532,236,1.00
533,236,1.00
530,237,1.00
531,237,1.00
532,237,1.00
529,238,1.00
530,238,1.00
531,238,1.00
524,239,0.17
525,239,0.64
526,239,1.00
527,239,1.00
528,239,1.00
529,239,1.00
530,239,1.00
531,227,0.08
532,228,0.71
533,229,1.00
534,230,1.00
534,231,1.00
534,232,1.00
534,233,1.00
534,234,1.00
534,235,1.00
534,236,1.00
533,237,1.00
532,238,1.00
531,239,1.00
535,231,1.00
535,232,1.00
535,233,1.00
535,234,1.00
535,235,1.00
535,236,1.00
534,237,1.00
535,237,1.00
533,238,1.00
534,238,1.00
532,239,1.00
533,239,1.00
526,240,0.08
527,240,0.28
528,240,0.88
529,240,1.00
530,240,1.00
531,240,1.00
532,240,1.00
533,228,0.28
534,229,0.96
535,230,1.00
536,231,1.00
536,232,1.00
536,233,1.00
536,234,1.00
536,235,1.00
536,236,1.00
536,237,1.00
535,238,1.00
534,239,1.00
533,240,1.00
534,228,0.08
535,229,0.45
536,230,0.95
537,231,1.00
537,232,1.00
537,233,1.00
537,234,1.00
537,235,1.00
537,236,1.00
537,237,1.00
536,238,1.00
535,239,1.00
534,240,1.00
538,232,1.00
538,233,1.00
538,234,1.00
538,235,1.00
538,236,1.00
538,237,1.00
537,238,1.00
538,238,1.00
536,239,1.00
537,239,1.00
535,240,1.00
536,240,1.00
529,241,0.25
530,241,0.95
531,241,1.00
532,241,1.00
533,241,1.00
534,241,1.00
535,241,1.00
536,229,0.08
537,230,0.25
538,231,0.88
539,232,1.00
539,233,1.00
539,234,1.00
539,235,1.00
539,236,1.00
539,237,1.00
539,238,1.00
538,239,1.00
537,240,1.00
536,241,1.00
539,239,1.00
538,240,1.00
537,241,1.00
530,242,0.08
531,242,0.45
532,242,0.96
533,242,1.00
534,242,1.00
535,242,1.00
536,242,1.00
540,233,1.00
540,234,1.00
540,235,1.00
540,236,1.00
540,237,1.00
540,238,1.00
540,239,1.00
539,240,1.00
538,241,1.00
537,242,1.00
541,234,1.00
541,235,1.00
541,236,1.00
541,237,1.00
541,238,1.00
541,239,1.00
540,240,1.00
541,240,1.00
539,241,1.00
540,241,1.00
538,242,1.00
539,242,1.00
532,243,0.08
533,243,0.28
534,243,1.00
535,243,1.00
536,243,1.00
537,243,1.00
538,243,1.00
539,231,0.28
540,232,0.89
541,233,1.00
542,234,1.00
542,235,1.00
542,236,1.00
542,237,1.00
542,238,1.00
542,239,1.00
542,240,1.00
541,241,1.00
540,242,1.00
539,243,1.00
540,231,0.08
541,232,0.34
542,233,0.79
543,234,1.00
543,235,1.00
543,236,1.00
543,237,1.00
543,238,1.00
543,239,1.00
543,240,1.00
542,241,1.00
541,242,1.00
540,243,1.00
544,235,1.00
544,236,1.00
544,237,1.00
544,238,1.00
544,239,1.00
544,240,1.00
543,241,1.00
544,241,1.00
542,242,1.00
543,242,1.00
541,243,1.00
542,243,1.00
535,244,0.34
536,244,1.00
537,244,1.00
538,244,1.00
539,244,1.00
540,244,1.00
541,244,1.00
545,236,1.00
545,237,1.00
545,238,1.00
545,239,1.00
545,240,1.00
545,241,1.00
544,242,1.00
545,242,1.00
543,243,1.00
544,243,1.00
542,244,1.00
543,244,1.00
536,245,0.08
537,245,0.45
538,245,0.96
539,245,1.00
540,245,1.00
541,245,1.00
542,245,1.00
543,233,0.08
544,234,0.99
545,235,1.00
546,236,1.00
546,237,1.00
546,238,1.00
546,239,1.00
546,240,1.00
546,241,1.00
546,242,1.00
545,243,1.00
544,244,1.00
543,245,1.00
547,237,1.00
547,238,1.00
547,239,1.00
547,240,1.00
547,241,1.00
547,242,1.00
546,243,1.00
547,243,1.00
545,244,1.00
546,244,1.00
544,245,1.00
545,245,1.00
538,246,0.08
539,246,0.28
540,246,1.00
541,246,1.00
542,246,1.00
543,246,1.00
544,246,1.00
545,234,0.54
546,235,1.00
547,236,1.00
548,237,1.00
548,238,1.00
548,239,1.00
548,240,1.00
548,241,1.00
548,242,1.00
548,243,1.00
547,244,1.00
546,245,1.00
545,246,1.00
546,234,0.28
547,235,0.67
548,236,0.98
549,237,1.00
549,238,1.00
549,239,1.00
549,240,1.00
549,241,1.00
549,242,1.00
549,243,1.00
548,244,1.00
547,245,1.00
546,246,1.00
547,234,0.08
548,235,0.17
549,236,0.17
550,237,0.17
550,238,1.00
550,239,1.00
550,240,1.00
550,241,1.00
550,242,1.00
550,243,1.00
549,244,1.00
548,245,1.00
547,246,1.00
550,244,1.00
549,245,1.00
548,246,1.00
541,247,0.51
542,247,1.00
543,247,1.00
544,247,1.00
545,247,1.00
546,247,1.00
547,247,1.00
551,239,1.00
551,240,1.00
551,241,1.00
551,242,1.00
551,243,1.00
551,244,1.00
550,245,1.00
551,245,1.00
549,246,1.00
550,246,1.00
548,247,1.00
549,247,1.00
542,248,0.25
543,248,0.95
544,248,1.00
545,248,1.00
546,248,1.00
547,248,1.00
548,248,1.00
552,240,1.00
552,241,1.00
552,242,1.00
552,243,1.00
552,244,1.00
552,245,1.00
551,246,1.00
552,246,1.00
550,247,1.00
551,247,1.00
549,248,1.00
550,248,1.00
543,249,0.08
544,249,0.70
545,249,1.00
546,249,1.00
547,249,1.00
548,249,1.00
549,249,1.00
551,238,0.25
552,239,0.42
553,240,1.00
553,241,1.00
553,242,1.00
553,243,1.00
553,244,1.00
553,245,1.00
553,246,1.00
552,247,1.00
551,248,1.00
550,249,1.00
554,241,1.00
554,242,1.00
554,243,1.00
554,244,1.00
554,245,1.00
554,246,1.00
553,247,1.00
554,247,1.00
552,248,1.00
553,248,1.00
551,249,1.00
552,249,1.00
545,250,0.42
546,250,1.00
547,250,1.00
548,250,1.00
549,250,1.00
550,250,1.00
551,250,1.00
555,242,1.00
555,243,1.00
555,244,1.00
555,245,1.00
555,246,1.00
555,247,1.00
554,248,1.00
555,248,1.00
553,249,1.00
554,249,1.00
552,250,1.00
553,250,1.00
546,251,0.25
547,251,1.00
548,251,1.00
549,251,1.00
550,251,1.00
551,251,1.00
552,251,1.00
556,243,1.00
556,244,1.00
556,245,1.00
556,246,1.00
556,247,1.00
556,248,1.00
555,249,1.00
556,249,1.00
554,250,1.00
555,250,1.00
553,251,1.00
554,251,1.00
547,252,0.08
548,252,0.61
549,252,1.00
550,252,1.00
551,252,1.00
552,252,1.00
553,252,1.00
554,240,0.44
555,241,1.00
556,242,1.00
557,243,1.00
557,244,1.00
557,245,1.00
557,246,1.00
557,247,1.00
557,248,1.00
557,249,1.00
556,250,1.00
555,251,1.00
554,252,1.00
555,240,0.08
556,241,0.25
557,242,0.51
558,243,1.00
558,244,1.00
558,245,1.00
558,246,1.00
558,247,1.00
558,248,1.00
558,249,1.00
557,250,1.00
556,251,1.00
555,252,1.00
558,250,1.00
557,251,1.00
556,252,1.00
549,253,0.08
550,253,0.87
551,253,1.00
552,253,1.00
553,253,1.00
554,253,1.00
555,253,1.00
559,244,1.00
559,245,1.00
559,246,1.00
559,247,1.00
559,248,1.00
559,249,1.00
559,250,1.00
558,251,1.00
557,252,1.00
556,253,1.00
560,245,1.00
560,246,1.00
560,247,1.00
560,248,1.00
560,249,1.00
560,250,1.00
559,251,1.00
560,251,1.00
558,252,1.00
559,252,1.00
557,253,1.00
558,253,1.00
551,254,0.59
552,254,1.00
553,254,1.00
554,254,1.00
555,254,1.00
556,254,1.00
557,254,1.00
561,246,1.00
561,247,1.00
561,248,1.00
561,249,1.00
561,250,1.00
561,251,1.00
560,252,1.00
561,252,1.00
559,253,1.00
560,253,1.00
558,254,1.00
559,254,1.00
552,255,0.51
553,255,1.00
554,255,1.00
555,255,1.00
556,255,1.00
557,255,1.00
558,255,1.00
559,243,0.17
560,244,0.67
561,245,1.00
562,246,1.00
562,247,1.00
562,248,1.00
562,249,1.00
562,250,1.00
562,251,1.00
562,252,1.00
561,253,1.00
560,254,1.00
559,255,1.00
562,253,1.00
561,254,1.00
560,255,1.00
553,256,0.42
554,256,1.00
555,256,1.00
556,256,1.00
557,256,1.00
558,256,1.00
559,256,1.00
563,247,1.00
563,248,1.00
563,249,1.00
563,250,1.00
563,251,1.00
563,252,1.00
563,253,1.00
562,254,1.00
561,255,1.00
560,256,1.00
563,254,1.00
562,255,1.00
561,256,1.00
554,257,0.25
555,257,0.78
556,257,1.00
557,257,1.00
558,257,1.00
559,257,1.00
560,257,1.00
564,248,1.00
564,249,1.00
564,250,1.00
564,251,1.00
564,252,1.00
564,253,1.00
564,254,1.00
563,255,1.00
562,256,1.00
561,257,1.00
564,255,1.00
563,256,1.00
562,257,1.00
555,258,0.08
556,258,0.28
557,258,0.71
558,258,1.00
559,258,1.00
560,258,1.00
561,258,1.00
565,249,1.00
565,250,1.00
565,251,1.00
565,252,1.00
565,253,1.00
565,254,1.00
565,255,1.00
564,256,1.00
563,257,1.00
562,258,0.66
563,246,0.25
564,247,0.51
565,248,0.51
566,249,0.25
566,250,0.58
566,251,0.79
566,252,0.86
566,253,0.79
566,254,0.58
566,255,0.25
565,256,0.51
564,257,0.51
563,258,0.25

603,273,0.08
604,273,0.28
605,273,0.46
606,273,0.55
607,273,0.55
608,273,0.46
609,273,0.28
602,274,0.17
603,274,0.50
604,274,0.80
605,274,1.00
606,274,1.00
607,274,1.00
608,274,1.00
609,274,0.99
610,274,0.77
601,275,0.17
602,275,0.55
603,275,0.96
604,275,1.00
605,275,1.00
606,275,1.00
607,275,1.00
608,275,1.00
609,275,1.00
610,275,1.00
611,275,1.00
600,276,0.08
601,276,0.42
602,276,0.91
603,276,1.00
604,276,1.00
605,276,1.00
606,276,1.00
607,276,1.00
608,276,1.00
609,276,1.00
610,276,1.00
611,276,1.00
612,276,1.00
600,277,0.19
601,277,0.65
602,277,1.00
603,277,1.00
604,277,1.00
605,277,1.00
606,277,1.00
607,277,1.00
608,277,1.00
609,277,1.00
610,277,1.00
611,277,1.00
612,277,1.00
600,278,0.26
601,278,0.81
602,278,1.00
603,278,1.00
604,278,1.00
605,278,1.00
606,278,1.00
607,278,1.00
608,278,1.00
609,278,1.00
610,278,1.00
611,278,1.00
612,278,1.00
600,279,0.29
601,279,0.86
602,279,1.00
603,279,1.00
604,279,1.00
605,279,1.00
606,279,1.00
607,279,1.00
608,279,1.00
609,279,1.00
610,279,1.00
611,279,1.00
612,279,1.00
600,280,0.26
601,280,0.81
602,280,1.00
603,280,1.00
604,280,1.00
605,280,1.00
606,280,1.00
607,280,1.00
608,280,1.00
609,280,1.00
610,280,1.00
611,280,1.00
612,280,1.00
600,281,0.19
601,281,0.65
602,281,1.00
603,281,1.00
604,281,1.00
605,281,1.00
606,281,1.00
607,281,1.00
608,281,1.00
609,281,1.00
610,281,1.00
611,281,1.00
612,281,1.00
600,282,0.08
601,282,0.42
602,282,0.91
603,282,1.00
604,282,1.00
605,282,1.00
606,282,1.00
607,282,1.00
608,282,1.00
609,282,1.00
610,282,1.00
611,282,1.00
612,282,1.00
601,283,0.17
602,283,0.55
603,283,0.96
604,283,1.00
605,283,1.00
606,283,1.00
607,283,1.00
608,283,1.00
609,283,1.00
610,283,1.00
611,283,1.00
602,284,0.17
603,284,0.50
604,284,0.80
605,284,1.00
606,284,1.00
607,284,1.00
608,284,1.00
609,284,1.00
610,284,1.00
603,285,0.08
604,285,0.28
605,285,0.46
606,285,0.55
607,285,0.72
608,285,0.79
609,285,0.82
610,273,0.08
611,274,0.46
612,275,0.71
613,276,1.00
613,277,1.00
613,278,1.00
613,279,1.00
613,280,1.00
613,281,1.00
613,282,1.00
612,283,1.00
611,284,1.00
610,285,1.00
612,274,0.26
613,274,0.19
614,274,0.08
613,275,0.46
614,275,0.33
615,275,0.17
614,276,0.83
615,276,0.67
616,276,0.43
614,277,1.00
615,277,1.00
616,277,1.00
617,277,0.81
614,278,1.00
615,278,1.00
616,278,1.00
617,278,1.00
614,279,1.00
615,279,1.00
616,279,1.00
617,279,1.00
614,280,1.00
615,280,1.00
616,280,1.00
617,280,1.00
614,281,1.00
615,281,1.00
616,281,1.00
617,281,1.00
614,282,1.00
615,282,1.00
616,282,1.00
617,282,1.00
613,283,1.00
614,283,1.00
615,283,1.00
616,283,1.00
617,283,1.00
612,284,1.00
613,284,1.00
614,284,1.00
615,284,1.00
616,284,1.00
611,285,1.00
612,285,1.00
613,285,1.00
614,285,1.00
615,285,1.00
608,286,0.08
609,286,0.19
610,286,0.52
611,286,1.00
612,286,1.00
613,286,1.00
614,286,1.00
617,276,0.19
618,276,0.08
618,277,0.53
619,277,0.25
618,278,1.00
619,278,0.91
620,278,0.42
618,279,1.00
619,279,1.00
620,279,1.00
621,279,0.62
618,280,1.00
619,280,1.00
620,280,1.00
621,280,1.00
618,281,1.00
619,281,1.00
620,281,1.00
621,281,1.00
618,282,1.00
619,282,1.00
620,282,1.00
621,282,1.00
618,283,1.00
619,283,1.00
620,283,1.00
621,283,1.00
617,284,1.00
618,284,1.00
619,284,1.00
620,284,1.00
621,284,1.00
616,285,1.00
617,285,1.00
618,285,1.00
619,285,1.00
620,285,1.00
621,285,1.00
615,286,1.00
616,286,1.00
617,286,1.00
618,286,1.00
619,286,1.00
620,286,1.00
611,287,0.42
612,287,1.00
613,287,1.00
614,287,1.00
615,287,1.00
616,287,1.00
617,287,1.00
618,287,1.00
619,287,1.00
612,288,0.42
613,288,1.00
614,288,1.00
615,288,1.00
616,288,1.00
617,288,1.00
618,288,1.00
622,280,0.67
622,281,1.00
622,282,1.00
622,283,1.00
622,284,1.00
622,285,1.00
621,286,1.00
622,286,1.00
620,287,1.00
621,287,1.00
619,288,1.00
620,288,1.00
613,289,0.34
614,289,1.00
615,289,1.00
616,289,1.00
617,289,1.00
618,289,1.00
619,289,1.00
623,281,0.64
623,282,1.00
623,283,1.00
623,284,1.00
623,285,1.00
623,286,1.00
622,287,1.00
623,287,1.00
621,288,1.00
622,288,1.00
620,289,1.00
621,289,1.00
614,290,0.52
615,290,1.00
616,290,1.00
617,290,1.00
618,290,1.00
619,290,1.00
620,290,1.00
622,279,0.08
623,280,0.17
624,281,0.17
624,282,0.50
625,282,0.08
624,283,0.80
625,283,0.28
624,284,1.00
625,284,0.46
624,285,1.00
625,285,1.00
624,286,1.00
625,286,1.00
624,287,1.00
625,287,1.00
623,288,1.00
624,288,1.00
625,288,1.00
622,289,1.00
623,289,1.00
624,289,1.00
621,290,1.00
622,290,1.00
623,290,1.00
616,291,1.00
617,291,1.00
618,291,1.00
619,291,1.00
620,291,1.00
621,291,1.00
622,291,1.00
625,289,1.00
624,290,1.00
615,291,0.89
623,291,1.00
616,292,1.00
617,292,1.00
618,292,1.00
619,292,1.00
620,292,1.00
621,292,1.00
622,292,1.00
626,286,0.78
626,287,1.00
626,288,1.00
626,289,1.00
625,290,1.00
626,290,1.00
614,291,0.19
624,291,1.00
625,291,1.00
626,291,1.00
614,292,0.08
615,292,0.53
623,292,1.00
624,292,1.00
625,292,1.00
626,292,1.00
615,293,0.25
616,293,0.72
617,293,1.00
618,293,1.00
619,293,1.00
620,293,1.00
621,293,1.00
622,293,1.00
623,293,1.00
624,293,1.00
625,293,1.00
616,294,0.34
617,294,0.80
618,294,1.00
619,294,1.00
620,294,1.00
621,294,1.00
622,294,1.00
623,294,1.00
624,294,1.00
617,295,0.25
618,295,0.78
619,295,1.00
620,295,1.00
621,295,1.00
622,295,1.00
623,295,1.00
627,287,0.99
627,288,1.00
627,289,1.00
627,290,1.00
627,291,1.00
627,292,1.00
626,293,1.00
627,293,1.00
625,294,1.00
626,294,1.00
624,295,1.00
625,295,1.00
618,296,0.08
619,296,0.81
620,296,1.00
621,296,1.00
622,296,1.00
623,296,1.00
624,296,1.00
626,285,0.08
627,286,0.25
628,287,0.42
628,288,1.00
629,288,0.51
628,289,1.00
629,289,1.00
628,290,1.00
629,290,1.00
628,291,1.00
629,291,1.00
628,292,1.00
629,292,1.00
628,293,1.00
629,293,1.00
627,294,1.00
628,294,1.00
629,294,1.00
626,295,1.00
627,295,1.00
628,295,1.00
625,296,1.00
626,296,1.00
627,296,1.00
620,297,1.00
621,297,1.00
622,297,1.00
623,297,1.00
624,297,1.00
625,297,1.00
626,297,1.00
630,289,0.42
630,290,1.00
630,291,1.00
630,292,1.00
630,293,1.00
630,294,1.00
629,295,1.00
630,295,1.00
628,296,1.00
629,296,1.00
627,297,1.00
628,297,1.00
621,298,1.00
622,298,1.00
623,298,1.00
624,298,1.00
625,298,1.00
626,298,1.00
627,298,1.00
631,290,0.25
631,291,0.78
631,292,1.00
631,293,1.00
631,294,1.00
631,295,1.00
630,296,1.00
631,296,1.00
629,297,1.00
630,297,1.00
628,298,1.00
629,298,1.00
622,299,1.00
623,299,1.00
624,299,1.00
625,299,1.00
626,299,1.00
627,299,1.00
628,299,1.00
619,297,0.08
631,297,1.00
620,298,0.36
630,298,1.00
621,299,0.59
629,299,1.00
622,300,0.64
623,300,1.00
624,300,1.00
625,300,1.00
626,300,1.00
627,300,1.00
628,300,1.00
632,291,0.08
632,292,0.45
632,293,1.00
632,294,1.00
632,295,1.00
632,296,1.00
632,297,1.00
631,298,1.00
630,299,1.00
629,300,1.00
632,298,1.00
620,299,0.08
631,299,1.00
632,299,1.00
621,300,0.17
630,300,1.00
631,300,1.00
622,301,0.17
623,301,0.59
624,301,1.00
625,301,1.00
626,301,1.00
627,301,1.00
628,301,1.00
629,301,1.00
630,301,1.00
623,302,0.08
624,302,0.53
625,302,1.00
626,302,1.00
627,302,1.00
628,302,1.00
629,302,1.00
633,293,0.34
633,294,0.91
633,295,1.00
633,296,1.00
633,297,1.00
633,298,1.00
633,299,1.00
632,300,1.00
631,301,1.00
630,302,1.00
634,294,0.34
634,295,0.72
635,295,0.25
634,296,1.00
635,296,0.80
634,297,1.00
635,297,1.00
634,298,1.00
635,298,1.00
634,299,1.00
635,299,1.00
633,300,1.00
634,300,1.00
635,300,1.00
632,301,1.00
633,301,1.00
634,301,1.00
635,301,1.00
631,302,1.00
632,302,1.00
633,302,1.00
634,302,1.00
625,303,0.34
626,303,0.98
627,303,1.00
628,303,1.00
629,303,1.00
630,303,1.00
631,303,1.00
632,303,1.00
633,303,1.00
626,304,0.45
627,304,1.00
628,304,1.00
629,304,1.00
630,304,1.00
631,304,1.00
632,304,1.00
636,296,0.17
636,297,0.70
636,298,1.00
636,299,1.00
636,300,1.00
636,301,1.00
635,302,1.00
636,302,1.00
634,303,1.00
635,303,1.00
633,304,1.00
634,304,1.00
627,305,0.50
628,305,1.00
629,305,1.00
630,305,1.00
631,305,1.00
632,305,1.00
633,305,1.00
637,298,0.64
637,299,1.00
638,299,0.59
637,300,1.00
638,300,1.00
637,301,1.00
638,301,1.00
637,302,1.00
638,302,1.00
636,303,1.00
637,303,1.00
638,303,1.00
635,304,1.00
636,304,1.00
637,304,1.00
638,304,1.00
626,305,0.08
634,305,1.00
635,305,1.00
636,305,1.00
637,305,1.00
638,305,1.00
627,306,0.17
628,306,0.75
629,306,1.00
630,306,1.00
631,306,1.00
632,306,1.00
633,306,1.00
634,306,1.00
635,306,1.00
636,306,1.00
637,306,1.00
628,307,0.25
629,307,0.84
630,307,1.00
631,307,1.00
632,307,1.00
633,307,1.00
634,307,1.00
635,307,1.00
636,307,1.00
629,308,0.25
630,308,0.85
631,308,1.00
632,308,1.00
633,308,1.00
634,308,1.00
635,308,1.00
637,297,0.17
638,298,0.17
639,299,0.08
639,300,0.45
639,301,1.00
639,302,1.00
639,303,1.00
639,304,1.00
639,305,1.00
638,306,1.00
637,307,1.00
636,308,1.00
640,301,0.34
640,302,0.91
640,303,1.00
640,304,1.00
640,305,1.00
639,306,1.00
640,306,1.00
638,307,1.00
639,307,1.00
640,307,1.00
637,308,1.00
638,308,1.00
639,308,1.00
630,309,0.25
631,309,0.86
632,309,1.00
633,309,1.00
634,309,1.00
635,309,1.00
636,309,1.00
637,309,1.00
638,309,1.00
631,310,0.34
632,310,0.91
633,310,1.00
634,310,1.00
635,310,1.00
636,310,1.00
637,310,1.00
641,302,0.34
641,303,0.91
642,303,0.34
641,304,1.00
642,304,0.86
641,305,1.00
642,305,1.00
641,306,1.00
642,306,1.00
641,307,1.00
642,307,1.00
640,308,1.00
641,308,1.00
642,308,1.00
639,309,1.00
640,309,1.00
641,309,1.00
642,309,1.00
638,310,1.00
639,310,1.00
640,310,1.00
641,310,1.00
632,311,0.34
633,311,0.91
634,311,1.00
635,311,1.00
636,311,1.00
637,311,1.00
638,311,1.00
639,311,1.00
640,311,1.00
633,312,0.34
634,312,1.00
635,312,1.00
636,312,1.00
637,312,1.00
638,312,1.00
639,312,1.00
643,304,0.25
643,305,0.66
643,306,1.00
643,307,1.00
643,308,1.00
643,309,1.00
642,310,1.00
643,310,1.00
641,311,1.00
642,311,1.00
640,312,1.00
641,312,1.00
634,313,0.45
635,313,1.00
636,313,1.00
637,313,1.00
638,313,1.00
639,313,1.00
640,313,1.00
644,305,0.17
644,306,0.50
645,306,0.08
644,307,0.85
645,307,0.36
644,308,1.00
645,308,0.68
644,309,1.00
645,309,1.00
644,310,1.00
645,310,1.00
643,311,1.00
644,311,1.00
645,311,1.00
642,312,1.00
643,312,1.00
644,312,1.00
645,312,1.00
641,313,1.00
642,313,1.00
643,313,1.00
644,313,1.00
635,314,0.50
636,314,1.00
637,314,1.00
638,314,1.00
639,314,1.00
640,314,1.00
641,314,1.00
642,314,1.00
643,314,1.00
636,315,0.73
637,315,1.00
638,315,1.00
639,315,1.00
640,315,1.00
641,315,1.00
642,315,1.00
646,308,0.08
646,309,0.45
646,310,1.00
646,311,1.00
646,312,1.00
645,313,1.00
646,313,1.00
634,314,0.08
644,314,1.00
645,314,1.00
646,314,1.00
635,315,0.17
643,315,1.00
644,315,1.00
645,315,1.00
636,316,0.36
637,316,1.00
638,316,1.00
639,316,1.00
640,316,1.00
641,316,1.00
642,316,1.00
643,316,1.00
644,316,1.00
637,317,0.61
638,317,1.00
639,317,1.00
640,317,1.00
641,317,1.00
642,317,1.00
643,317,1.00
647,310,0.42
647,311,1.00
648,311,0.42
647,312,1.00
648,312,1.00
647,313,1.00
648,313,1.00
647,314,1.00
648,314,1.00
646,315,1.00
647,315,1.00
648,315,1.00
645,316,1.00
646,316,1.00
647,316,1.00
648,316,1.00
636,317,0.08
644,317,1.00
645,317,1.00
646,317,1.00
647,317,1.00
648,317,1.00
637,318,0.25
638,318,1.00
639,318,1.00
640,318,1.00
641,318,1.00
642,318,1.00
643,318,1.00
644,318,1.00
645,318,1.00
646,318,1.00
647,318,1.00
638,319,0.81
639,319,1.00
640,319,1.00
641,319,1.00
642,319,1.00
643,319,1.00
644,319,1.00
645,319,1.00
646,319,1.00
639,320,1.00
640,320,1.00
641,320,1.00
642,320,1.00
643,320,1.00
644,320,1.00
645,320,1.00
649,312,0.25
649,313,0.87
649,314,1.00
649,315,1.00
649,316,1.00
649,317,1.00
648,318,1.00
649,318,1.00
647,319,1.00
648,319,1.00
646,320,1.00
647,320,1.00
640,321,1.00
641,321,1.00
642,321,1.00
643,321,1.00
644,321,1.00
645,321,1.00
646,321,1.00
650,313,0.08
650,314,0.36
650,315,1.00
650,316,1.00
650,317,1.00
650,318,1.00
649,319,1.00
650,319,1.00
648,320,1.00
649,320,1.00
647,321,1.00
648,321,1.00
641,322,1.00
642,322,1.00
643,322,1.00
644,322,1.00
645,322,1.00
646,322,1.00
647,322,1.00
638,320,0.17
650,320,1.00
639,321,0.34
649,321,1.00
640,322,0.80
648,322,1.00
641,323,1.00
642,323,1.00
643,323,1.00
644,323,1.00
645,323,1.00
646,323,1.00
647,323,1.00
651,316,0.77
651,317,1.00
652,317,0.77
651,318,1.00
652,318,1.00
651,319,1.00
652,319,1.00
651,320,1.00
652,320,1.00
650,321,1.00
651,321,1.00
652,321,1.00
649,322,1.00
650,322,1.00
651,322,1.00
652,322,1.00
640,323,0.28
648,323,1.00
649,323,1.00
650,323,1.00
651,323,1.00
652,323,1.00
641,324,0.75
642,324,1.00
643,324,1.00
644,324,1.00
645,324,1.00
646,324,1.00
647,324,1.00
648,324,1.00
649,324,1.00
650,324,1.00
651,324,1.00
642,325,1.00
643,325,1.00
644,325,1.00
645,325,1.00
646,325,1.00
647,325,1.00
648,325,1.00
649,325,1.00
650,325,1.00
643,326,1.00
644,326,1.00
645,326,1.00
646,326,1.00
647,326,1.00
648,326,1.00
649,326,1.00
640,324,0.08
652,324,1.00
641,325,0.17
651,325,1.00
642,326,0.36
650,326,1.00
643,327,0.61
644,327,1.00
645,327,1.00
646,327,1.00
647,327,1.00
648,327,1.00
649,327,1.00
653,318,0.42
653,319,0.91
653,320,1.00
653,321,1.00
653,322,1.00
653,323,1.00
653,324,1.00
652,325,1.00
651,326,1.00
650,327,1.00
654,319,0.08
654,320,0.19
654,321,0.60
654,322,1.00
654,323,1.00
654,324,1.00
653,325,1.00
654,325,1.00
652,326,1.00
653,326,1.00
651,327,1.00
652,327,1.00
645,328,1.00
646,328,1.00
647,328,1.00
648,328,1.00
649,328,1.00
650,328,1.00
651,328,1.00
654,326,1.00
642,327,0.08
653,327,1.00
654,327,1.00
643,328,0.25
644,328,0.98
652,328,1.00
653,328,1.00
644,329,0.53
645,329,1.00
646,329,1.00
647,329,1.00
648,329,1.00
649,329,1.00
650,329,1.00
651,329,1.00
652,329,1.00
645,330,0.67
646,330,1.00
647,330,1.00
648,330,1.00
649,330,1.00
650,330,1.00
651,330,1.00
655,322,0.25
655,323,0.75
655,324,1.00
655,325,1.00
655,326,1.00
655,327,1.00
654,328,1.00
655,328,1.00
653,329,1.00
654,329,1.00
652,330,1.00
653,330,1.00
646,331,1.00
647,331,1.00
648,331,1.00
649,331,1.00
650,331,1.00
651,331,1.00
652,331,1.00
656,324,0.42
656,325,0.82
656,326,1.00
656,327,1.00
656,328,1.00
655,329,1.00
656,329,1.00
644,330,0.08
654,330,1.00
655,330,1.00
656,330,1.00
645,331,0.17
653,331,1.00
654,331,1.00
655,331,1.00
646,332,0.63
647,332,1.00
648,332,1.00
649,332,1.00
650,332,1.00
651,332,1.00
652,332,1.00
653,332,1.00
654,332,1.00
647,333,0.88
648,333,1.00
649,333,1.00
650,333,1.00
651,333,1.00
652,333,1.00
653,333,1.00
656,323,0.17
657,324,0.08
657,325,0.19
657,326,0.43
657,327,0.79
657,328,1.00
657,329,1.00
657,330,1.00
656,331,1.00
655,332,1.00
654,333,1.00
658,327,0.08
658,328,0.28
658,329,0.46
658,330,0.55
657,331,1.00
658,331,0.55
656,332,1.00
657,332,1.00
658,332,0.46
646,333,0.28
655,333,1.00
656,333,1.00
657,333,0.80
658,333,0.28
647,334,0.50
648,334,0.96
649,334,1.00
650,334,1.00
651,334,1.00
652,334,1.00
653,334,1.00
654,334,1.00
655,334,1.00
656,334,0.96
657,334,0.50
648,335,0.55
649,335,0.91
650,335,1.00
651,335,1.00
652,335,1.00
653,335,1.00
654,335,1.00
655,335,0.91
656,335,0.55
649,336,0.42
650,336,0.65
651,336,0.81
652,336,0.86
653,336,0.81
654,336,0.65
655,336,0.42
646,334,0.08
658,334,0.08
647,335,0.17
657,335,0.17
648,336,0.17
656,336,0.17
649,337,0.08
650,337,0.19
651,337,0.26
652,337,0.29
653,337,0.26
654,337,0.19
655,337,0.08

673,364,0.17
674,364,0.39
675,364,0.52
676,364,0.57
677,364,0.52
678,364,0.39
679,364,0.17
672,365,0.34
673,365,0.67
674,365,0.92
675,365,1.00
676,365,1.00
677,365,1.00
678,365,0.92
679,365,0.67
680,365,0.34
671,366,0.34
672,366,0.77
673,366,1.00
674,366,1.00
675,366,1.00
676,366,1.00
677,366,1.00
678,366,1.00
679,366,1.00
680,366,0.77
681,366,0.34
670,367,0.17
671,367,0.67
672,367,1.00
673,367,1.00
674,367,1.00
675,367,1.00
676,367,1.00
677,367,1.00
678,367,1.00
679,367,1.00
680,367,1.00
681,367,0.67
682,367,0.17
670,368,0.39
671,368,0.92
672,368,1.00
673,368,1.00
674,368,1.00
675,368,1.00
676,368,1.00
677,368,1.00
678,368,1.00
679,368,1.00
680,368,1.00
681,368,0.92
682,368,0.39
670,369,0.52
671,369,1.00
672,369,1.00
673,369,1.00
674,369,1.00
675,369,1.00
676,369,1.00
677,369,1.00
678,369,1.00
679,369,1.00
680,369,1.00
681,369,1.00
682,369,0.52
670,370,0.65
671,370,1.00
672,370,1.00
673,370,1.00
674,370,1.00
675,370,1.00
676,370,1.00
677,370,1.00
678,370,1.00
679,370,1.00
680,370,1.00
681,370,1.00
682,370,0.65
670,371,0.72
671,371,1.00
672,371,1.00
673,371,1.00
674,371,1.00
675,371,1.00
676,371,1.00
677,371,1.00
678,371,1.00
679,371,1.00
680,371,1.00
681,371,1.00
682,371,0.89
670,372,0.65
671,372,1.00
672,372,1.00
673,372,1.00
674,372,1.00
675,372,1.00
676,372,1.00
677,372,1.00
678,372,1.00
679,372,1.00
680,372,1.00
681,372,1.00
682,372,1.00
670,373,0.45
671,373,1.00
672,373,1.00
673,373,1.00
674,373,1.00
675,373,1.00
676,373,1.00
677,373,1.00
678,373,1.00
679,373,1.00
680,373,1.00
681,373,1.00
682,373,1.00
671,374,1.00
672,374,1.00
673,374,1.00
674,374,1.00
675,374,1.00
676,374,1.00
677,374,1.00
678,374,1.00
679,374,1.00
680,374,1.00
681,374,1.00
672,375,1.00
673,375,1.00
674,375,1.00
675,375,1.00
676,375,1.00
677,375,1.00
678,375,1.00
679,375,1.00
680,375,1.00
673,376,1.00
674,376,1.00
675,376,1.00
676,376,1.00
677,376,1.00
678,376,1.00
679,376,1.00
670,374,0.26
682,374,1.00
670,375,0.19
671,375,0.75
681,375,1.00
682,375,1.00
670,376,0.08
671,376,0.60
672,376,1.00
680,376,1.00
681,376,1.00
682,376,1.00
671,377,0.36
672,377,1.00
673,377,1.00
674,377,1.00
675,377,1.00
676,377,1.00
677,377,1.00
678,377,1.00
679,377,1.00
680,377,1.00
681,377,1.00
672,378,1.00
673,378,1.00
674,378,1.00
675,378,1.00
676,378,1.00
677,378,1.00
678,378,1.00
679,378,1.00
680,378,1.00
673,379,1.00
674,379,1.00
675,379,1.00
676,379,1.00
677,379,1.00
678,379,1.00
679,379,1.00
683,372,0.08
683,373,0.36
683,374,0.85
683,375,1.00
683,376,1.00
682,377,1.00
683,377,1.00
671,378,0.08
681,378,1.00
682,378,1.00
683,378,1.00
672,379,0.63
680,379,1.00
681,379,1.00
682,379,1.00
673,380,0.97
674,380,1.00
675,380,1.00
676,380,1.00
677,380,1.00
678,380,1.00
679,380,1.00
680,380,1.00
681,380,1.00
674,381,1.00
675,381,1.00
676,381,1.00
677,381,1.00
678,381,1.00
679,381,1.00
680,381,1.00
684,374,0.08
684,375,0.45
684,376,1.00
684,377,1.00
684,378,1.00
683,379,1.00
684,379,1.00
672,380,0.28
682,380,1.00
683,380,1.00
684,380,1.00
673,381,0.50
681,381,1.00
682,381,1.00
683,381,1.00
674,382,1.00
675,382,1.00
676,382,1.00
677,382,1.00
678,382,1.00
679,382,1.00
680,382,1.00
681,382,1.00
682,382,1.00
675,383,1.00
676,383,1.00
677,383,1.00
678,383,1.00
679,383,1.00
680,383,1.00
681,383,1.00
672,381,0.08
684,381,1.00
673,382,0.17
683,382,1.00
674,383,0.64
682,383,1.00
675,384,1.00
676,384,1.00
677,384,1.00
678,384,1.00
679,384,1.00
680,384,1.00
681,384,1.00
685,376,0.17
685,377,0.68
686,377,0.08
685,378,1.00
686,378,0.36
685,379,1.00
686,379,0.82
685,380,1.00
686,380,1.00
685,381,1.00
686,381,1.00
684,382,1.00
685,382,1.00
686,382,1.00
683,383,1.00
684,383,1.00
685,383,1.00
686,383,1.00
682,384,1.00
683,384,1.00
684,384,1.00
685,384,1.00
676,385,1.00
677,385,1.00
678,385,1.00
679,385,1.00
680,385,1.00
681,385,1.00
682,385,1.00
683,385,1.00
684,385,1.00
677,386,1.00
678,386,1.00
679,386,1.00
680,386,1.00
681,386,1.00
682,386,1.00
683,386,1.00
674,384,0.17
686,384,1.00
675,385,0.80
685,385,1.00
676,386,1.00
684,386,1.00
677,387,1.00
678,387,1.00
679,387,1.00
680,387,1.00
681,387,1.00
682,387,1.00
683,387,1.00
687,380,0.08
687,381,0.45
687,382,0.79
687,383,1.00
687,384,1.00
686,385,1.00
687,385,1.00
675,386,0.28
685,386,1.00
686,386,1.00
687,386,1.00
676,387,1.00
684,387,1.00
685,387,1.00
686,387,1.00
677,388,1.00
678,388,1.00
679,388,1.00
680,388,1.00
681,388,1.00
682,388,1.00
683,388,1.00
684,388,1.00
685,388,1.00
678,389,1.00
679,389,1.00
680,389,1.00
681,389,1.00
682,389,1.00
683,389,1.00
684,389,1.00
675,387,0.08
687,387,1.00
676,388,0.78
686,388,1.00
677,389,1.00
685,389,1.00
678,390,1.00
679,390,1.00
680,390,1.00
681,390,1.00
682,390,1.00
683,390,1.00
684,390,1.00
688,382,0.08
688,383,0.19
688,384,0.35
688,385,0.48
688,386,0.78
688,387,1.00
687,388,1.00
688,388,1.00
686,389,1.00
687,389,1.00
685,390,1.00
686,390,1.00
679,391,1.00
680,391,1.00
681,391,1.00
682,391,1.00
683,391,1.00
684,391,1.00
685,391,1.00
676,389,0.48
688,389,1.00
676,390,0.35
677,390,1.00
687,390,1.00
688,390,1.00
677,391,0.89
678,391,1.00
686,391,1.00
687,391,1.00
678,392,1.00
679,392,1.00
680,392,1.00
681,392,1.00
682,392,1.00
683,392,1.00
684,392,1.00
685,392,1.00
686,392,1.00
679,393,1.00
680,393,1.00
681,393,1.00
682,393,1.00
683,393,1.00
684,393,1.00
685,393,1.00
676,391,0.19
688,391,1.00
676,392,0.08
677,392,0.53
687,392,1.00
688,392,1.00
677,393,0.25
678,393,0.98
686,393,1.00
687,393,1.00
678,394,0.63
679,394,1.00
680,394,1.00
681,394,1.00
682,394,1.00
683,394,1.00
684,394,1.00
685,394,1.00
686,394,1.00
679,395,1.00
680,395,1.00
681,395,1.00
682,395,1.00
683,395,1.00
684,395,1.00
685,395,1.00
689,387,0.08
689,388,0.19
689,389,0.26
689,390,0.46
689,391,0.77
689,392,1.00
688,393,1.00
689,393,1.00
687,394,1.00
688,394,1.00
686,395,1.00
687,395,1.00
680,396,1.00
681,396,1.00
682,396,1.00
683,396,1.00
684,396,1.00
685,396,1.00
686,396,1.00
690,391,0.08
690,392,0.36
690,393,0.77
689,394,1.00
690,394,1.00
678,395,0.26
688,395,1.00
689,395,1.00
690,395,1.00
678,396,0.19
679,396,1.00
687,396,1.00
688,396,1.00
689,396,1.00
690,396,1.00
678,397,0.08
679,397,1.00
680,397,1.00
681,397,1.00
682,397,1.00
683,397,1.00
684,397,1.00
685,397,1.00
686,397,1.00
687,397,1.00
688,397,1.00
689,397,1.00
690,397,1.00
679,398,1.00
680,398,1.00
681,398,1.00
682,398,1.00
683,398,1.00
684,398,1.00
685,398,1.00
686,398,1.00
687,398,1.00
688,398,1.00
689,398,1.00
680,399,1.00
681,399,1.00
682,399,1.00
683,399,1.00
684,399,1.00
685,399,1.00
686,399,1.00
687,399,1.00
688,399,1.00
681,400,1.00
682,400,1.00
683,400,1.00
684,400,1.00
685,400,1.00
686,400,1.00
687,400,1.00
691,393,0.08
691,394,0.28
691,395,0.46
691,396,0.63
691,397,0.99
690,398,1.00
691,398,1.00
679,399,1.00
689,399,1.00
690,399,1.00
691,399,1.00
680,400,1.00
688,400,1.00
689,400,1.00
690,400,1.00
681,401,1.00
682,401,1.00
683,401,1.00
684,401,1.00
685,401,1.00
686,401,1.00
687,401,1.00
688,401,1.00
689,401,1.00
682,402,1.00
683,402,1.00
684,402,1.00
685,402,1.00
686,402,1.00
687,402,1.00
688,402,1.00
679,400,1.00
691,400,1.00
680,401,1.00
690,401,1.00
681,402,1.00
689,402,1.00
682,403,1.00
683,403,1.00
684,403,1.00
685,403,1.00
686,403,1.00
687,403,1.00
688,403,1.00
679,401,1.00
691,401,1.00
679,402,0.92
680,402,1.00
690,402,1.00
691,402,1.00
680,403,1.00
681,403,1.00
689,403,1.00
690,403,1.00
681,404,1.00
682,404,1.00
683,404,1.00
684,404,1.00
685,404,1.00
686,404,1.00
687,404,1.00
688,404,1.00
689,404,1.00
682,405,1.00
683,405,1.00
684,405,1.00
685,405,1.00
686,405,1.00
687,405,1.00
688,405,1.00
679,403,0.44
691,403,1.00
680,404,1.00
690,404,1.00
681,405,1.00
689,405,1.00
682,406,1.00
683,406,1.00
684,406,1.00
685,406,1.00
686,406,1.00
687,406,1.00
688,406,1.00
679,404,0.08
691,404,1.00
680,405,0.25
690,405,1.00
681,406,0.95
689,406,1.00
682,407,1.00
683,407,1.00
684,407,1.00
685,407,1.00
686,407,1.00
687,407,1.00
688,407,1.00
692,399,0.08
692,400,0.19
692,401,0.43
692,402,0.62
692,403,0.89
692,404,1.00
691,405,1.00
692,405,1.00
690,406,1.00
691,406,1.00
689,407,1.00
690,407,1.00
683,408,1.00
684,408,1.00
685,408,1.00
686,408,1.00
687,408,1.00
688,408,1.00
689,408,1.00
693,402,0.08
693,403,0.19
693,404,0.35
693,405,0.48
692,406,1.00
693,406,0.61
681,407,0.76
691,407,1.00
692,407,1.00
693,407,0.93
681,408,0.80
682,408,1.00
690,408,1.00
691,408,1.00
692,408,1.00
693,408,1.00
682,409,1.00
683,409,1.00
684,409,1.00
685,409,1.00
686,409,1.00
687,409,1.00
688,409,1.00
689,409,1.00
690,409,1.00
691,409,1.00
692,409,1.00
683,410,1.00
684,410,1.00
685,410,1.00
686,410,1.00
687,410,1.00
688,410,1.00
689,410,1.00
690,410,1.00
691,410,1.00
684,411,1.00
685,411,1.00
686,411,1.00
687,411,1.00
688,411,1.00
689,411,1.00
690,411,1.00
681,409,0.74
693,409,1.00
681,410,0.63
682,410,1.00
692,410,1.00
693,410,1.00
682,411,1.00
683,411,1.00
691,411,1.00
692,411,1.00
683,412,1.00
684,412,1.00
685,412,1.00
686,412,1.00
687,412,1.00
688,412,1.00
689,412,1.00
690,412,1.00
691,412,1.00
684,413,1.00
685,413,1.00
686,413,1.00
687,413,1.00
688,413,1.00
689,413,1.00
690,413,1.00
681,411,0.46
693,411,1.00
681,412,0.28
682,412,1.00
692,412,1.00
693,412,1.00
682,413,1.00
683,413,1.00
691,413,1.00
692,413,1.00
683,414,1.00
684,414,1.00
685,414,1.00
686,414,1.00
687,414,1.00
688,414,1.00
689,414,1.00
690,414,1.00
691,414,1.00
684,415,1.00
685,415,1.00
686,415,1.00
687,415,1.00
688,415,1.00
689,415,1.00
690,415,1.00
681,413,0.08
693,413,1.00
682,414,0.86
692,414,1.00
683,415,1.00
691,415,1.00
684,416,1.00
685,416,1.00
686,416,1.00
687,416,1.00
688,416,1.00
689,416,1.00
690,416,1.00
694,408,0.08
694,409,0.19
694,410,0.35
694,411,0.48
694,412,0.61
694,413,0.67
693,414,1.00
694,414,0.69
692,415,1.00
693,415,1.00
691,416,1.00
692,416,1.00
685,417,1.00
686,417,1.00
687,417,1.00
688,417,1.00
689,417,1.00
690,417,1.00
691,417,1.00
682,415,0.67
694,415,0.67
682,416,0.61
683,416,1.00
693,416,1.00
694,416,0.61
683,417,1.00
684,417,1.00
692,417,1.00
693,417,1.00
684,418,1.00
685,418,1.00
686,418,1.00
687,418,1.00
688,418,1.00
689,418,1.00
690,418,1.00
691,418,1.00
692,418,1.00
685,419,1.00
686,419,1.00
687,419,1.00
688,419,1.00
689,419,1.00
690,419,1.00
691,419,1.00
682,417,0.56
694,417,0.56
682,418,0.71
683,418,1.00
693,418,1.00
694,418,0.71
683,419,1.00
684,419,1.00
692,419,1.00
693,419,1.00
684,420,1.00
685,420,1.00
686,420,1.00
687,420,1.00
688,420,1.00
689,420,1.00
690,420,1.00
691,420,1.00
692,420,1.00
685,421,1.00
686,421,1.00
687,421,1.00
688,421,1.00
689,421,1.00
690,421,1.00
691,421,1.00
682,419,0.84
694,419,0.84
682,420,0.89
683,420,1.00
693,420,1.00
694,420,0.89
683,421,1.00
684,421,1.00
692,421,1.00
693,421,1.00
684,422,1.00
685,422,1.00
686,422,1.00
687,422,1.00
688,422,1.00
689,422,1.00
690,422,1.00
691,422,1.00
692,422,1.00
685,423,1.00
686,423,1.00
687,423,1.00
688,423,1.00
689,423,1.00
690,423,1.00
691,423,1.00
682,421,0.83
694,421,0.83
682,422,0.72
683,422,1.00
693,422,1.00
694,422,0.72
682,423,0.55
683,423,1.00
684,423,1.00
692,423,1.00
693,423,1.00
694,423,0.55
683,424,1.00
684,424,1.00
685,424,1.00
686,424,1.00
687,424,1.00
688,424,1.00
689,424,1.00
690,424,1.00
691,424,1.00
692,424,1.00
693,424,1.00
684,425,1.00
685,425,1.00
686,425,1.00
687,425,1.00
688,425,1.00
689,425,1.00
690,425,1.00
691,425,1.00
692,425,1.00
685,426,1.00
686,426,1.00
687,426,1.00
688,426,1.00
689,426,1.00
690,426,1.00
691,426,1.00
682,424,0.36
694,424,0.36
683,425,0.88
693,425,0.88
684,426,1.00
692,426,1.00
685,427,1.00
686,427,1.00
687,427,1.00
688,427,1.00
689,427,1.00
690,427,1.00
691,427,1.00
682,425,0.26
694,425,0.26
682,426,0.29
683,426,0.57
693,426,0.57
694,426,0.29
682,427,0.26
683,427,0.71
684,427,1.00
692,427,1.00
693,427,0.71
694,427,0.26
682,428,0.28
683,428,0.80
684,428,1.00
685,428,1.00
686,428,1.00
687,428,1.00
688,428,1.00
689,428,1.00
690,428,1.00
691,428,1.00
692,428,1.00
693,428,0.80
694,428,0.28
682,429,0.28
683,429,0.97
684,429,1.00
685,429,1.00
686,429,1.00
687,429,1.00
688,429,1.00
689,429,1.00
690,429,1.00
691,429,1.00
692,429,1.00
693,429,0.97
694,429,0.28
683,430,1.00
684,430,1.00
685,430,1.00
686,430,1.00
687,430,1.00
688,430,1.00
689,430,1.00
690,430,1.00
691,430,1.00
692,430,1.00
693,430,1.00
684,431,1.00
685,431,1.00
686,431,1.00
687,431,1.00
688,431,1.00
689,431,1.00
690,431,1.00
691,431,1.00
692,431,1.00
685,432,1.00
686,432,1.00
687,432,1.00
688,432,1.00
689,432,1.00
690,432,1.00
691,432,1.00
682,430,0.35
694,430,0.35
682,431,0.48
683,431,1.00
693,431,1.00
694,431,0.48
682,432,0.61
683,432,1.00
684,432,1.00
692,432,1.00
693,432,1.00
694,432,0.61
682,433,0.67
683,433,1.00
684,433,1.00
685,433,1.00
686,433,1.00
687,433,1.00
688,433,1.00
689,433,1.00
690,433,1.00
691,433,1.00
692,433,1.00
693,433,1.00
694,433,0.67
682,434,0.69
683,434,1.00
684,434,1.00
685,434,1.00
686,434,1.00
687,434,1.00
688,434,1.00
689,434,1.00
690,434,1.00
691,434,1.00
692,434,1.00
693,434,1.00
694,434,0.69
683,435,1.00
684,435,1.00
685,435,1.00
686,435,1.00
687,435,1.00
688,435,1.00
689,435,1.00
690,435,1.00
691,435,1.00
692,435,1.00
693,435,1.00
684,436,1.00
685,436,1.00
686,436,1.00
687,436,1.00
688,436,1.00
689,436,1.00
690,436,1.00
691,436,1.00
692,436,1.00
685,437,1.00
686,437,1.00
687,437,1.00
688,437,1.00
689,437,1.00
690,437,1.00
691,437,1.00
682,435,0.67
694,435,0.67
682,436,0.69
683,436,1.00
693,436,1.00
694,436,0.69
683,437,1.00
684,437,1.00
692,437,1.00
693,437,1.00
684,438,1.00
685,438,1.00
686,438,1.00
687,438,1.00
688,438,1.00
689,438,1.00
690,438,1.00
691,438,1.00
692,438,1.00
685,439,1.00
686,439,1.00
687,439,1.00
688,439,1.00
689,439,1.00
690,439,1.00
691,439,1.00
682,437,0.76
694,437,0.76
682,438,0.80
683,438,1.00
693,438,1.00
694,438,0.80
683,439,1.00
684,439,1.00
692,439,1.00
693,439,1.00
684,440,1.00
685,440,1.00
686,440,1.00
687,440,1.00
688,440,1.00
689,440,1.00
690,440,1.00
691,440,1.00
692,440,1.00
685,441,1.00
686,441,1.00
687,441,1.00
688,441,1.00
689,441,1.00
690,441,1.00
691,441,1.00
682,439,0.82
694,439,0.82
682,440,0.82
683,440,1.00
693,440,1.00
694,440,0.82
683,441,1.00
684,441,1.00
692,441,1.00
693,441,1.00
684,442,1.00
685,442,1.00
686,442,1.00
687,442,1.00
688,442,1.00
689,442,1.00
690,442,1.00
691,442,1.00
692,442,1.00
685,443,1.00
686,443,1.00
687,443,1.00
688,443,1.00
689,443,1.00
690,443,1.00
691,443,1.00
682,441,0.80
694,441,0.80
682,442,0.92
683,442,1.00
693,442,1.00
694,442,0.92
683,443,1.00
684,443,1.00
692,443,1.00
693,443,1.00
684,444,1.00
685,444,1.00
686,444,1.00
687,444,1.00
688,444,1.00
689,444,1.00
690,444,1.00
691,444,1.00
692,444,1.00
685,445,1.00
686,445,1.00
687,445,1.00
688,445,1.00
689,445,1.00
690,445,1.00
691,445,1.00
682,443,1.00
694,443,1.00
683,444,1.00
693,444,1.00
684,445,1.00
692,445,1.00
685,446,1.00
686,446,1.00
687,446,1.00
688,446,1.00
689,446,1.00
690,446,1.00
691,446,1.00
682,444,1.00
694,444,1.00
682,445,1.00
683,445,1.00
693,445,1.00
694,445,1.00
683,446,1.00
684,446,1.00
692,446,1.00
693,446,1.00
684,447,1.00
685,447,1.00
686,447,1.00
687,447,1.00
688,447,1.00
689,447,1.00
690,447,1.00
691,447,1.00
692,447,1.00
685,448,1.00
686,448,1.00
687,448,1.00
688,448,1.00
689,448,1.00
690,448,1.00
691,448,1.00
682,446,1.00
694,446,1.00
682,447,1.00
683,447,1.00
693,447,1.00
694,447,1.00
683,448,1.00
684,448,1.00
692,448,1.00
693,448,1.00
684,449,1.00
685,449,1.00
686,449,1.00
687,449,1.00
688,449,1.00
689,449,1.00
690,449,1.00
691,449,1.00
692,449,1.00
685,450,1.00
686,450,1.00
687,450,1.00
688,450,1.00
689,450,1.00
690,450,1.00
691,450,1.00
682,448,1.00
694,448,1.00
683,449,1.00
693,449,1.00
684,450,1.00
692,450,1.00
685,451,1.00
686,451,1.00
687,451,1.00
688,451,1.00
689,451,1.00
690,451,1.00
691,451,1.00
682,449,1.00
694,449,1.00
683,450,1.00
693,450,1.00
684,451,1.00
692,451,1.00
685,452,1.00
686,452,1.00
687,452,1.00
688,452,1.00
689,452,1.00
690,452,1.00
691,452,1.00
682,450,1.00
694,450,1.00
683,451,1.00
693,451,1.00
684,452,1.00
692,452,1.00
685,453,1.00
686,453,1.00
687,453,1.00
688,453,1.00
689,453,1.00
690,453,1.00
691,453,1.00
682,451,1.00
694,451,0.98
682,452,1.00
683,452,1.00
693,452,1.00
694,452,0.85
683,453,1.00
684,453,1.00
692,453,1.00
693,453,1.00
684,454,1.00
685,454,1.00
686,454,1.00
687,454,1.00
688,454,1.00
689,454,1.00
690,454,1.00
691,454,1.00
692,454,1.00
685,455,1.00
686,455,1.00
687,455,1.00
688,455,1.00
689,455,1.00
690,455,1.00
691,455,1.00
682,453,1.00
694,453,0.61
683,454,1.00
693,454,1.00
684,455,1.00
692,455,1.00
685,456,1.00
686,456,1.00
687,456,1.00
688,456,1.00
689,456,1.00
690,456,1.00
691,456,1.00
682,454,1.00
694,454,0.39
682,455,1.00
683,455,1.00
693,455,1.00
694,455,0.17
683,456,1.00
684,456,1.00
692,456,1.00
693,456,0.87
684,457,1.00
685,457,1.00
686,457,1.00
687,457,1.00
688,457,1.00
689,457,1.00
690,457,1.00
691,457,1.00
692,457,1.00
685,458,1.00
686,458,1.00
687,458,1.00
688,458,1.00
689,458,1.00
690,458,1.00
691,458,1.00
681,452,0.08
681,453,0.19
681,454,0.52
681,455,0.81
681,456,0.99
682,456,1.00
681,457,1.00
682,457,1.00
683,457,1.00
693,457,0.48
681,458,0.92
682,458,1.00
683,458,1.00
684,458,1.00
692,458,1.00
693,458,0.35
682,459,1.00
683,459,1.00
684,459,1.00
685,459,1.00
686,459,1.00
687,459,1.00
688,459,1.00
689,459,1.00
690,459,1.00
691,459,1.00
692,459,0.89
683,460,1.00
684,460,1.00
685,460,1.00
686,460,1.00
687,460,1.00
688,460,1.00
689,460,1.00
690,460,1.00
691,460,1.00
684,461,1.00
685,461,1.00
686,461,1.00
687,461,1.00
688,461,1.00
689,461,1.00
690,461,1.00
681,459,0.74
693,459,0.19
681,460,0.54
682,460,1.00
692,460,0.53
693,460,0.08
682,461,0.74
683,461,1.00
691,461,0.72
692,461,0.25
683,462,0.74
684,462,1.00
685,462,1.00
686,462,1.00
687,462,1.00
688,462,1.00
689,462,1.00
690,462,0.72
691,462,0.34
684,463,0.54
685,463,0.74
686,463,0.83
687,463,0.83
688,463,0.72
689,463,0.53
690,463,0.25
680,455,0.08
680,456,0.19
680,457,0.26
680,458,0.29
680,459,0.26
680,460,0.19
680,461,0.08
681,461,0.33
681,462,0.17
682,462,0.38
682,463,0.17
683,463,0.33
683,464,0.08
684,464,0.19
685,464,0.26
686,464,0.29
687,464,0.26
688,464,0.19
689,464,0.08

666,496,0.08
667,496,0.19
668,496,0.26
669,496,0.29
670,496,0.26
671,496,0.19
672,496,0.08
665,497,0.17
666,497,0.42
667,497,0.65
668,497,0.81
669,497,0.86
670,497,0.81
671,497,0.65
672,497,0.42
673,497,0.17
664,498,0.17
665,498,0.55
666,498,0.99
667,498,1.00
668,498,1.00
669,498,1.00
670,498,1.00
671,498,1.00
672,498,0.99
673,498,0.55
674,498,0.17
663,499,0.08
664,499,0.50
665,499,1.00
666,499,1.00
667,499,1.00
668,499,1.00
669,499,1.00
670,499,1.00
671,499,1.00
672,499,1.00
673,499,1.00
674,499,0.50
675,499,0.08
663,500,0.28
664,500,0.97
665,500,1.00
666,500,1.00
667,500,1.00
668,500,1.00
669,500,1.00
670,500,1.00
671,500,1.00
672,500,1.00
673,500,1.00
674,500,0.97
675,500,0.28
663,501,0.54
664,501,1.00
665,501,1.00
666,501,1.00
667,501,1.00
668,501,1.00
669,501,1.00
670,501,1.00
671,501,1.00
672,501,1.00
673,501,1.00
674,501,1.00
675,501,0.54
663,502,0.74
664,502,1.00
665,502,1.00
666,502,1.00
667,502,1.00
668,502,1.00
669,502,1.00
670,502,1.00
671,502,1.00
672,502,1.00
673,502,1.00
674,502,1.00
675,502,0.74
663,503,0.81
664,503,1.00
665,503,1.00
666,503,1.00
667,503,1.00
668,503,1.00
669,503,1.00
670,503,1.00
671,503,1.00
672,503,1.00
673,503,1.00
674,503,1.00
675,503,0.81
663,504,0.74
664,504,1.00
665,504,1.00
666,504,1.00
667,504,1.00
668,504,1.00
669,504,1.00
670,504,1.00
671,504,1.00
672,504,1.00
673,504,1.00
674,504,1.00
675,504,0.74
663,505,0.62
664,505,1.00
665,505,1.00
666,505,1.00
667,505,1.00
668,505,1.00
669,505,1.00
670,505,1.00
671,505,1.00
672,505,1.00
673,505,1.00
674,505,1.00
675,505,0.62
664,506,1.00
665,506,1.00
666,506,1.00
667,506,1.00
668,506,1.00
669,506,1.00
670,506,1.00
671,506,1.00
672,506,1.00
673,506,1.00
674,506,1.00
665,507,1.00
666,507,1.00
667,507,1.00
668,507,1.00
669,507,1.00
670,507,1.00
671,507,1.00
672,507,1.00
673,507,1.00
666,508,1.00
667,508,1.00
668,508,1.00
669,508,1.00
670,508,1.00
671,508,1.00
672,508,1.00
663,506,0.47
675,506,0.47
664,507,1.00
674,507,1.00
665,508,1.00
673,508,1.00
666,509,1.00
667,509,1.00
668,509,1.00
669,509,1.00
670,509,1.00
671,509,1.00
672,509,1.00
663,507,0.43
675,507,0.43
664,508,1.00
674,508,1.00
665,509,1.00
673,509,1.00
666,510,1.00
667,510,1.00
668,510,1.00
669,510,1.00
670,510,1.00
671,510,1.00
672,510,1.00
663,508,0.56
675,508,0.56
663,509,0.80
664,509,1.00
674,509,1.00
675,509,0.80
663,510,1.00
664,510,1.00
665,510,1.00
673,510,1.00
674,510,1.00
675,510,1.00
663,511,1.00
664,511,1.00
665,511,1.00
666,511,1.00
667,511,1.00
668,511,1.00
669,511,1.00
670,511,1.00
671,511,1.00
672,511,1.00
673,511,1.00
674,511,1.00
675,511,1.00
664,512,1.00
665,512,1.00
666,512,1.00
667,512,1.00
668,512,1.00
669,512,1.00
670,512,1.00
671,512,1.00
672,512,1.00
673,512,1.00
674,512,1.00
665,513,1.00
666,513,1.00
667,513,1.00
668,513,1.00
669,513,1.00
670,513,1.00
671,513,1.00
672,513,1.00
673,513,1.00
666,514,1.00
667,514,1.00
668,514,1.00
669,514,1.00
670,514,1.00
671,514,1.00
672,514,1.00
663,512,1.00
675,512,1.00
663,513,1.00
664,513,1.00
674,513,1.00
675,513,0.82
664,514,1.00
665,514,1.00
673,514,1.00
674,514,1.00
665,515,1.00
666,515,1.00
667,515,1.00
668,515,1.00
669,515,1.00
670,515,1.00
671,515,1.00
672,515,1.00
673,515,1.00
666,516,1.00
667,516,1.00
668,516,1.00
669,516,1.00
670,516,1.00
671,516,1.00
672,516,1.00
663,514,1.00
675,514,0.54
664,515,1.00
674,515,1.00
665,516,1.00
673,516,1.00
666,517,1.00
667,517,1.00
668,517,1.00
669,517,1.00
670,517,1.00
671,517,1.00
672,517,1.00
663,515,1.00
675,515,0.28
664,516,1.00
674,516,0.77
665,517,1.00
673,517,1.00
666,518,1.00
667,518,1.00
668,518,1.00
669,518,1.00
670,518,1.00
671,518,1.00
672,518,1.00
663,516,1.00
675,516,0.08
664,517,1.00
674,517,0.36
665,518,1.00
673,518,0.70
666,519,1.00
667,519,1.00
668,519,1.00
669,519,1.00
670,519,1.00
671,519,1.00
672,519,1.00
662,512,0.25
662,513,0.53
662,514,0.89
662,515,1.00
662,516,1.00
662,517,1.00
663,517,1.00
662,518,1.00
663,518,1.00
664,518,1.00
674,518,0.08
663,519,1.00
664,519,1.00
665,519,1.00
673,519,0.25
664,520,1.00
665,520,1.00
666,520,1.00
667,520,1.00
668,520,1.00
669,520,1.00
670,520,1.00
671,520,1.00
672,520,0.60
665,521,1.00
666,521,1.00
667,521,1.00
668,521,1.00
669,521,1.00
670,521,1.00
671,521,0.72
661,513,0.08
661,514,0.19
661,515,0.63
661,516,1.00
661,517,1.00
661,518,1.00
661,519,1.00
662,519,1.00
662,520,1.00
663,520,1.00
663,521,1.00
664,521,1.00
664,522,1.00
665,522,1.00
666,522,1.00
667,522,1.00
668,522,1.00
669,522,1.00
670,522,0.65
660,516,0.42
660,517,0.76
660,518,1.00
660,519,1.00
660,520,1.00
661,520,1.00
660,521,1.00
661,521,1.00
662,521,1.00
672,521,0.19
660,522,1.00
661,522,1.00
662,522,1.00
663,522,1.00
671,522,0.33
672,522,0.08
661,523,1.00
662,523,1.00
663,523,1.00
664,523,1.00
665,523,1.00
666,523,1.00
667,523,1.00
668,523,1.00
669,523,1.00
670,523,0.38
671,523,0.17
662,524,1.00
663,524,1.00
664,524,1.00
665,524,1.00
666,524,1.00
667,524,1.00
668,524,1.00
669,524,0.70
670,524,0.17
663,525,1.00
664,525,1.00
665,525,1.00
666,525,1.00
667,525,1.00
668,525,1.00
669,525,0.35
660,515,0.08
659,516,0.17
658,517,0.17
659,517,0.38
657,518,0.08
658,518,0.33
659,518,0.57
657,519,0.19
658,519,0.46
659,519,0.98
657,520,0.26
658,520,0.88
659,520,1.00
657,521,0.62
658,521,1.00
659,521,1.00
657,522,1.00
658,522,1.00
659,522,1.00
657,523,1.00
658,523,1.00
659,523,1.00
660,523,1.00
657,524,1.00
658,524,1.00
659,524,1.00
660,524,1.00
661,524,1.00
658,525,1.00
659,525,1.00
660,525,1.00
661,525,1.00
662,525,1.00
659,526,1.00
660,526,1.00
661,526,1.00
662,526,1.00
663,526,1.00
664,526,1.00
665,526,1.00
666,526,1.00
667,526,1.00
660,527,1.00
661,527,1.00
662,527,1.00
663,527,1.00
664,527,1.00
665,527,1.00
666,527,1.00
657,525,1.00
657,526,1.00
658,526,1.00
668,526,0.72
669,526,0.19
657,527,1.00
658,527,1.00
659,527,1.00
667,527,1.00
668,527,0.53
669,527,0.08
658,528,1.00
659,528,1.00
660,528,1.00
661,528,1.00
662,528,1.00
663,528,1.00
664,528,1.00
665,528,1.00
666,528,1.00
667,528,0.72
668,528,0.25
659,529,1.00
660,529,1.00
661,529,1.00
662,529,1.00
663,529,1.00
664,529,1.00
665,529,1.00
666,529,1.00
667,529,0.34
660,530,1.00
661,530,1.00
662,530,1.00
663,530,1.00
664,530,1.00
665,530,1.00
666,530,0.53
656,522,0.25
656,523,0.75
656,524,1.00
656,525,1.00
656,526,1.00
656,527,1.00
656,528,1.00
657,528,1.00
657,529,1.00
658,529,1.00
658,530,1.00
659,530,1.00
659,531,1.00
660,531,1.00
661,531,1.00
662,531,1.00
663,531,1.00
664,531,1.00
665,531,0.59
655,523,0.17
654,524,0.08
655,524,0.50
654,525,0.28
655,525,0.80
654,526,0.46
655,526,1.00
654,527,0.72
655,527,1.00
654,528,0.93
655,528,1.00
654,529,1.00
655,529,1.00
656,529,1.00
654,530,1.00
655,530,1.00
656,530,1.00
657,530,1.00
655,531,1.00
656,531,1.00
657,531,1.00
658,531,1.00
656,532,1.00
657,532,1.00
658,532,1.00
659,532,1.00
660,532,1.00
661,532,1.00
662,532,1.00
663,532,1.00
664,532,0.84
657,533,1.00
658,533,1.00
659,533,1.00
660,533,1.00
661,533,1.00
662,533,1.00
663,533,1.00
654,531,1.00
666,531,0.08
655,532,1.00
665,532,0.17
656,533,1.00
664,533,0.43
657,534,1.00
658,534,1.00
659,534,1.00
660,534,1.00
661,534,1.00
662,534,1.00
663,534,0.74
653,528,0.17
652,529,0.08
653,529,0.33
652,530,0.19
653,530,0.46
652,531,0.26
653,531,0.71
652,532,0.46
653,532,0.96
654,532,1.00
652,533,0.68
653,533,1.00
654,533,1.00
655,533,1.00
652,534,0.99
653,534,1.00
654,534,1.00
655,534,1.00
656,534,1.00
664,534,0.19
652,535,1.00
653,535,1.00
654,535,1.00
655,535,1.00
656,535,1.00
657,535,1.00
658,535,1.00
659,535,1.00
660,535,1.00
661,535,1.00
662,535,1.00
663,535,0.60
664,535,0.08
653,536,1.00
654,536,1.00
655,536,1.00
656,536,1.00
657,536,1.00
658,536,1.00
659,536,1.00
660,536,1.00
661,536,1.00
662,536,0.96
663,536,0.46
654,537,1.00
655,537,1.00
656,537,1.00
657,537,1.00
658,537,1.00
659,537,1.00
660,537,1.00
661,537,1.00
662,537,0.71
655,538,1.00
656,538,1.00
657,538,1.00
658,538,1.00
659,538,1.00
660,538,1.00
661,538,1.00
651,533,0.08
651,534,0.36
651,535,0.84
651,536,1.00
652,536,1.00
651,537,1.00
652,537,1.00
653,537,1.00
663,537,0.26
651,538,1.00
652,538,1.00
653,538,1.00
654,538,1.00
662,538,0.46
663,538,0.19
651,539,1.00
652,539,1.00
653,539,1.00
654,539,1.00
655,539,1.00
656,539,1.00
657,539,1.00
658,539,1.00
659,539,1.00
660,539,1.00
661,539,0.86
662,539,0.33
663,539,0.08
652,540,1.00
653,540,1.00
654,540,1.00
655,540,1.00
656,540,1.00
657,540,1.00
658,540,1.00
659,540,1.00
660,540,1.00
661,540,0.65
662,540,0.17
653,541,1.00
654,541,1.00
655,541,1.00
656,541,1.00
657,541,1.00
658,541,1.00
659,541,1.00
660,541,0.80
661,541,0.36
654,542,1.00
655,542,1.00
656,542,1.00
657,542,1.00
658,542,1.00
659,542,1.00
660,542,0.42
650,535,0.25
649,536,0.25
650,536,0.67
649,537,0.58
650,537,1.00
649,538,0.92
650,538,1.00
649,539,1.00
650,539,1.00
649,540,1.00
650,540,1.00
651,540,1.00
649,541,1.00
650,541,1.00
651,541,1.00
652,541,1.00
649,542,1.00
650,542,1.00
651,542,1.00
652,542,1.00
653,542,1.00
661,542,0.08
650,543,1.00
651,543,1.00
652,543,1.00
653,543,1.00
654,543,1.00
655,543,1.00
656,543,1.00
657,543,1.00
658,543,1.00
659,543,0.58
660,543,0.17
651,544,1.00
652,544,1.00
653,544,1.00
654,544,1.00
655,544,1.00
656,544,1.00
657,544,1.00
658,544,0.95
659,544,0.25
652,545,1.00
653,545,1.00
654,545,1.00
655,545,1.00
656,545,1.00
657,545,1.00
658,545,0.52
648,537,0.17
647,538,0.08
648,538,0.33
647,539,0.19
648,539,0.63
647,540,0.52
648,540,1.00
647,541,1.00
648,541,1.00
647,542,1.00
648,542,1.00
647,543,1.00
648,543,1.00
649,543,1.00
647,544,1.00
648,544,1.00
649,544,1.00
650,544,1.00
648,545,1.00
649,545,1.00
650,545,1.00
651,545,1.00
649,546,1.00
650,546,1.00
651,546,1.00
652,546,1.00
653,546,1.00
654,546,1.00
655,546,1.00
656,546,1.00
657,546,0.92
650,547,1.00
651,547,1.00
652,547,1.00
653,547,1.00
654,547,1.00
655,547,1.00
656,547,1.00
646,541,0.34
646,542,1.00
646,543,1.00
646,544,1.00
646,545,1.00
647,545,1.00
646,546,1.00
647,546,1.00
648,546,1.00
658,546,0.19
646,547,1.00
647,547,1.00
648,547,1.00
649,547,1.00
657,547,0.60
658,547,0.08
647,548,1.00
648,548,1.00
649,548,1.00
650,548,1.00
651,548,1.00
652,548,1.00
653,548,1.00
654,548,1.00
655,548,1.00
656,548,1.00
657,548,0.36
648,549,1.00
649,549,1.00
650,549,1.00
651,549,1.00
652,549,1.00
653,549,1.00
654,549,1.00
655,549,1.00
656,549,0.59
649,550,1.00
650,550,1.00
651,550,1.00
652,550,1.00
653,550,1.00
654,550,1.00
655,550,0.72
645,543,1.00
645,544,1.00
645,545,1.00
645,546,1.00
645,547,1.00
645,548,1.00
646,548,1.00
645,549,1.00
646,549,1.00
647,549,1.00
657,549,0.08
646,550,1.00
647,550,1.00
648,550,1.00
656,550,0.17
647,551,1.00
648,551,1.00
649,551,1.00
650,551,1.00
651,551,1.00
652,551,1.00
653,551,1.00
654,551,0.76
655,551,0.17
648,552,1.00
649,552,1.00
650,552,1.00
651,552,1.00
652,552,1.00
653,552,0.78
654,552,0.08
645,542,0.42
644,543,0.59
644,544,1.00
644,545,1.00
644,546,1.00
644,547,1.00
644,548,1.00
644,549,1.00
645,550,1.00
646,551,1.00
647,552,1.00
643,544,0.79
643,545,1.00
643,546,1.00
643,547,1.00
643,548,1.00
643,549,1.00
643,550,1.00
644,550,1.00
644,551,1.00
645,551,1.00
645,552,1.00
646,552,1.00
646,553,1.00
647,553,1.00
648,553,1.00
649,553,1.00
650,553,1.00
651,553,1.00
652,553,0.59
642,545,0.76
642,546,1.00
642,547,1.00
642,548,1.00
642,549,1.00
642,550,1.00
642,551,1.00
643,551,1.00
643,552,1.00
644,552,1.00
644,553,1.00
645,553,1.00
645,554,1.00
646,554,1.00
647,554,1.00
648,554,1.00
649,554,1.00
650,554,1.00
651,554,0.42
641,546,0.63
641,547,1.00
641,548,1.00
641,549,1.00
641,550,1.00
641,551,1.00
641,552,1.00
642,552,1.00
642,553,1.00
643,553,1.00
643,554,1.00
644,554,1.00
644,555,1.00
645,555,1.00
646,555,1.00
647,555,1.00
648,555,1.00
649,555,0.89
650,555,0.25
642,544,0.08
641,545,0.17
640,546,0.17
639,547,0.17
640,547,0.70
639,548,0.70
640,548,1.00
639,549,1.00
640,549,1.00
639,550,1.00
640,550,1.00
639,551,1.00
640,551,1.00
639,552,1.00
640,552,1.00
639,553,1.00
640,553,1.00
641,553,1.00
640,554,1.00
641,554,1.00
642,554,1.00
641,555,1.00
642,555,1.00
643,555,1.00
642,556,1.00
643,556,1.00
644,556,1.00
645,556,1.00
646,556,1.00
647,556,1.00
648,556,0.55
638,549,0.47
638,550,1.00
638,551,1.00
638,552,1.00
638,553,1.00
638,554,1.00
639,554,1.00
638,555,1.00
639,555,1.00
640,555,1.00
639,556,1.00
640,556,1.00
641,556,1.00
649,556,0.17
640,557,1.00
641,557,1.00
642,557,1.00
643,557,1.00
644,557,1.00
645,557,1.00
646,557,0.85
647,557,0.50
648,557,0.17
641,558,1.00
642,558,1.00
643,558,1.00
644,558,1.00
645,558,0.79
646,558,0.36
647,558,0.08
638,548,0.17
637,549,0.17
636,550,0.17
637,550,0.53
636,551,0.72
637,551,1.00
636,552,1.00
637,552,1.00
636,553,1.00
637,553,1.00
636,554,1.00
637,554,1.00
636,555,1.00
637,555,1.00
636,556,1.00
637,556,1.00
638,556,1.00
637,557,1.00
638,557,1.00
639,557,1.00
638,558,1.00
639,558,1.00
640,558,1.00
639,559,1.00
640,559,1.00
641,559,1.00
642,559,1.00
643,559,1.00
644,559,1.00
645,559,0.17
635,551,0.25
634,552,0.34
635,552,0.72
633,553,0.34
634,553,1.00
635,553,1.00
633,554,1.00
634,554,1.00
635,554,1.00
633,555,1.00
634,555,1.00
635,555,1.00
633,556,1.00
634,556,1.00
635,556,1.00
633,557,1.00
634,557,1.00
635,557,1.00
636,557,1.00
633,558,1.00
634,558,1.00
635,558,1.00
636,558,1.00
637,558,1.00
633,559,1.00
634,559,1.00
635,559,1.00
636,559,1.00
637,559,1.00
638,559,1.00
634,560,1.00
635,560,1.00
636,560,1.00
637,560,1.00
638,560,1.00
639,560,1.00
640,560,1.00
641,560,1.00
642,560,1.00
643,560,1.00
644,560,0.52
635,561,1.00
636,561,1.00
637,561,1.00
638,561,1.00
639,561,1.00
640,561,1.00
641,561,1.00
642,561,1.00
643,561,1.00
636,562,1.00
637,562,1.00
638,562,1.00
639,562,1.00
640,562,1.00
641,562,1.00
642,562,1.00
632,554,0.25
632,555,0.92
632,556,1.00
632,557,1.00
632,558,1.00
632,559,1.00
632,560,1.00
633,560,1.00
633,561,1.00
634,561,1.00
634,562,1.00
635,562,1.00
635,563,1.00
636,563,1.00
637,563,1.00
638,563,1.00
639,563,1.00
640,563,1.00
641,563,1.00
632,561,1.00
644,561,0.19
632,562,1.00
633,562,1.00
643,562,0.50
644,562,0.08
633,563,1.00
634,563,1.00
642,563,0.72
643,563,0.17
634,564,1.00
635,564,1.00
636,564,1.00
637,564,1.00
638,564,1.00
639,564,1.00
640,564,1.00
641,564,0.68
642,564,0.17
635,565,1.00
636,565,1.00
637,565,1.00
638,565,1.00
639,565,0.81
640,565,0.36
641,565,0.08
631,556,0.69
631,557,1.00
631,558,1.00
631,559,1.00
631,560,1.00
631,561,1.00
631,562,1.00
632,563,1.00
633,564,1.00
634,565,1.00
631,555,0.17
630,556,0.17
630,557,0.53
630,558,0.83
630,559,1.00
630,560,1.00
630,561,1.00
630,562,1.00
631,563,1.00
632,564,1.00
633,565,1.00
629,557,0.17
628,558,0.17
629,558,0.38
627,559,0.54
628,559,0.97
629,559,1.00
627,560,1.00
628,560,1.00
629,560,1.00
627,561,1.00
628,561,1.00
629,561,1.00
627,562,1.00
628,562,1.00
629,562,1.00
627,563,1.00
628,563,1.00
629,563,1.00
630,563,1.00
627,564,1.00
628,564,1.00
629,564,1.00
630,564,1.00
631,564,1.00
627,565,1.00
628,565,1.00
629,565,1.00
630,565,1.00
631,565,1.00
632,565,1.00
628,566,1.00
629,566,1.00
630,566,1.00
631,566,1.00
632,566,1.00
633,566,1.00
634,566,1.00
635,566,1.00
636,566,1.00
637,566,0.65
638,566,0.17
629,567,1.00
630,567,1.00
631,567,1.00
632,567,1.00
633,567,1.00
634,567,1.00
635,567,1.00
636,567,0.80
637,567,0.36
630,568,1.00
631,568,1.00
632,568,1.00
633,568,1.00
634,568,1.00
635,568,1.00
636,568,0.42
626,561,1.00
625,562,1.00
626,562,1.00
625,563,1.00
626,563,1.00
625,564,1.00
626,564,1.00
625,565,1.00
626,565,1.00
625,566,1.00
626,566,1.00
627,566,1.00
625,567,1.00
626,567,1.00
627,567,1.00
628,567,1.00
625,568,1.00
626,568,1.00
627,568,1.00
628,568,1.00
629,568,1.00
637,568,0.08
626,569,1.00
627,569,1.00
628,569,1.00
629,569,1.00
630,569,1.00
631,569,1.00
632,569,1.00
633,569,1.00
634,569,1.00
635,569,0.47
636,569,0.17
627,570,1.00
628,570,1.00
629,570,1.00
630,570,1.00
631,570,1.00
632,570,1.00
633,570,1.00
634,570,0.50
635,570,0.17
628,571,1.00
629,571,1.00
630,571,1.00
631,571,1.00
632,571,1.00
633,571,0.36
634,571,0.08
626,559,0.28
625,560,0.67
626,560,1.00
624,561,0.90
625,561,1.00
623,562,0.76
624,562,1.00
623,563,1.00
624,563,1.00
623,564,1.00
624,564,1.00
623,565,1.00
624,565,1.00
623,566,1.00
624,566,1.00
623,567,1.00
624,567,1.00
623,568,1.00
624,568,1.00
624,569,1.00
625,569,1.00
625,570,1.00
626,570,1.00
626,571,1.00
627,571,1.00
623,569,0.92
624,570,1.00
625,571,0.92
626,572,0.47
627,572,0.72
628,572,0.83
629,572,0.81
630,572,0.65
631,572,0.36
632,572,0.08
622,563,0.36
622,564,0.65
622,565,0.81
622,566,0.83
622,567,0.72
622,568,0.47
622,569,0.17
623,570,0.34
624,571,0.34
625,572,0.17
625,559,0.08
624,560,0.17
623,561,0.17
622,562,0.08

579,594,0.17
580,594,0.39
581,594,0.52
582,594,0.57
583,594,0.52
584,594,0.39
585,594,0.17
578,595,0.71
579,595,1.00
580,595,1.00
581,595,1.00
582,595,1.00
583,595,1.00
584,595,1.00
585,595,0.67
586,595,0.34
577,596,1.00
578,596,1.00
579,596,1.00
580,596,1.00
581,596,1.00
582,596,1.00
583,596,1.00
584,596,1.00
585,596,1.00
586,596,0.77
587,596,0.34
576,597,1.00
577,597,1.00
578,597,1.00
579,597,1.00
580,597,1.00
581,597,1.00
582,597,1.00
583,597,1.00
584,597,1.00
585,597,1.00
586,597,1.00
587,597,0.67
588,597,0.17
576,598,1.00
577,598,1.00
578,598,1.00
579,598,1.00
580,598,1.00
581,598,1.00
582,598,1.00
583,598,1.00
584,598,1.00
585,598,1.00
586,598,1.00
587,598,1.00
588,598,0.39
576,599,1.00
577,599,1.00
578,599,1.00
579,599,1.00
580,599,1.00
581,599,1.00
582,599,1.00
583,599,1.00
584,599,1.00
585,599,1.00
586,599,1.00
587,599,1.00
588,599,0.52
576,600,1.00
577,600,1.00
578,600,1.00
579,600,1.00
580,600,1.00
581,600,1.00
582,600,1.00
583,600,1.00
584,600,1.00
585,600,1.00
586,600,1.00
587,600,1.00
588,600,0.57
576,601,1.00
577,601,1.00
578,601,1.00
579,601,1.00
580,601,1.00
581,601,1.00
582,601,1.00
583,601,1.00
584,601,1.00
585,601,1.00
586,601,1.00
587,601,1.00
588,601,0.52
576,602,1.00
577,602,1.00
578,602,1.00
579,602,1.00
580,602,1.00
581,602,1.00
582,602,1.00
583,602,1.00
584,602,1.00
585,602,1.00
586,602,1.00
587,602,1.00
588,602,0.39
576,603,1.00
577,603,1.00
578,603,1.00
579,603,1.00
580,603,1.00
581,603,1.00
582,603,1.00
583,603,1.00
584,603,1.00
585,603,1.00
586,603,1.00
587,603,0.86
588,603,0.17
577,604,1.00
578,604,1.00
579,604,1.00
580,604,1.00
581,604,1.00
582,604,1.00
583,604,1.00
584,604,1.00
585,604,1.00
586,604,1.00
587,604,0.42
578,605,1.00
579,605,1.00
580,605,1.00
581,605,1.00
582,605,1.00
583,605,1.00
584,605,1.00
585,605,1.00
586,605,0.51
579,606,1.00
580,606,1.00
581,606,1.00
582,606,1.00
583,606,0.99
584,606,0.72
585,606,0.34
575,598,1.00
575,599,1.00
575,600,1.00
575,601,1.00
575,602,1.00
575,603,1.00
575,604,1.00
576,604,1.00
576,605,1.00
577,605,1.00
577,606,1.00
578,606,1.00
578,607,1.00
579,607,1.00
580,607,0.80
581,607,0.37
582,607,0.26
583,607,0.19
584,607,0.08
575,595,0.08
576,595,0.19
577,595,0.26
574,596,0.36
575,596,0.60
576,596,0.75
573,597,0.70
574,597,1.00
575,597,1.00
572,598,1.00
573,598,1.00
574,598,1.00
572,599,1.00
573,599,1.00
574,599,1.00
572,600,1.00
573,600,1.00
574,600,1.00
572,601,1.00
573,601,1.00
574,601,1.00
572,602,1.00
573,602,1.00
574,602,1.00
572,603,1.00
573,603,1.00
574,603,1.00
572,604,1.00
573,604,1.00
574,604,1.00
573,605,1.00
574,605,1.00
575,605,1.00
574,606,1.00
575,606,1.00
576,606,1.00
575,607,1.00
576,607,1.00
577,607,1.00
573,596,0.08
572,597,0.25
571,598,0.60
570,599,0.72
571,599,1.00
570,600,1.00
571,600,1.00
570,601,1.00
571,601,1.00
570,602,1.00
571,602,1.00
570,603,1.00
571,603,1.00
570,604,1.00
571,604,1.00
570,605,1.00
571,605,1.00
572,605,1.00
571,606,1.00
572,606,1.00
573,606,1.00
572,607,1.00
573,607,1.00
574,607,1.00
573,608,1.00
574,608,1.00
575,608,1.00
576,608,1.00
577,608,0.89
578,608,0.53
579,608,0.25
569,600,0.94
569,601,1.00
569,602,1.00
569,603,1.00
569,604,1.00
569,605,1.00
569,606,1.00
570,606,1.00
570,607,1.00
571,607,1.00
571,608,1.00
572,608,1.00
572,609,1.00
573,609,1.00
574,609,1.00
575,609,0.70
576,609,0.43
577,609,0.19
578,609,0.08
569,598,0.08
570,598,0.19
568,599,0.17
569,599,0.33
567,600,0.36
568,600,0.65
566,601,0.42
567,601,0.80
568,601,1.00
566,602,1.00
567,602,1.00
568,602,1.00
566,603,1.00
567,603,1.00
568,603,1.00
566,604,1.00
567,604,1.00
568,604,1.00
566,605,1.00
567,605,1.00
568,605,1.00
566,606,1.00
567,606,1.00
568,606,1.00
566,607,1.00
567,607,1.00
568,607,1.00
569,607,1.00
567,608,1.00
568,608,1.00
569,608,1.00
570,608,1.00
568,609,1.00
569,609,1.00
570,609,1.00
571,609,1.00
569,610,1.00
570,610,1.00
571,610,1.00
572,610,1.00
573,610,0.84
574,610,0.36
575,610,0.08
566,600,0.08
565,601,0.17
564,602,0.25
565,602,0.58
563,603,0.52
564,603,0.95
565,603,1.00
563,604,1.00
564,604,1.00
565,604,1.00
563,605,1.00
564,605,1.00
565,605,1.00
563,606,1.00
564,606,1.00
565,606,1.00
563,607,1.00
564,607,1.00
565,607,1.00
563,608,1.00
564,608,1.00
565,608,1.00
566,608,1.00
563,609,1.00
564,609,1.00
565,609,1.00
566,609,1.00
567,609,1.00
564,610,1.00
565,610,1.00
566,610,1.00
567,610,1.00
568,610,1.00
565,611,1.00
566,611,1.00
567,611,1.00
568,611,1.00
569,611,1.00
570,611,1.00
571,611,1.00
572,611,0.67
573,611,0.25
566,612,1.00
567,612,1.00
568,612,1.00
569,612,1.00
570,612,0.92
571,612,0.58
572,612,0.25
562,604,0.89
561,605,1.00
562,605,1.00
561,606,1.00
562,606,1.00
561,607,1.00
562,607,1.00
561,608,1.00
562,608,1.00
561,609,1.00
562,609,1.00
561,610,1.00
562,610,1.00
563,610,1.00
561,611,1.00
562,611,1.00
563,611,1.00
564,611,1.00
562,612,1.00
563,612,1.00
564,612,1.00
565,612,1.00
563,613,1.00
564,613,1.00
565,613,1.00
566,613,1.00
567,613,1.00
568,613,1.00
569,613,0.72
570,613,0.33
571,613,0.17
564,614,1.00
565,614,1.00
566,614,1.00
567,614,1.00
568,614,0.60
569,614,0.19
570,614,0.08
561,603,0.08
562,603,0.19
560,604,0.25
561,604,0.53
559,605,0.34
560,605,0.72
558,606,0.25
559,606,0.72
560,606,1.00
558,607,0.79
559,607,1.00
560,607,1.00
558,608,1.00
559,608,1.00
560,608,1.00
558,609,1.00
559,609,1.00
560,609,1.00
558,610,1.00
559,610,1.00
560,610,1.00
558,611,1.00
559,611,1.00
560,611,1.00
558,612,1.00
559,612,1.00
560,612,1.00
561,612,1.00
559,613,1.00
560,613,1.00
561,613,1.00
562,613,1.00
560,614,1.00
561,614,1.00
562,614,1.00
563,614,1.00
561,615,1.00
562,615,1.00
563,615,1.00
564,615,1.00
565,615,0.92
566,615,0.53
567,615,0.25
557,607,0.28
557,608,0.94
557,609,1.00
557,610,1.00
557,611,1.00
557,612,1.00
557,613,1.00
558,613,1.00
558,614,1.00
559,614,1.00
559,615,1.00
560,615,1.00
560,616,1.00
561,616,1.00
562,616,1.00
563,616,1.00
564,616,0.60
565,616,0.28
566,616,0.08
556,607,0.08
555,608,0.36
556,608,0.60
554,609,0.77
555,609,1.00
556,609,1.00
553,610,1.00
554,610,1.00
555,610,1.00
556,610,1.00
553,611,1.00
554,611,1.00
555,611,1.00
556,611,1.00
553,612,1.00
554,612,1.00
555,612,1.00
556,612,1.00
553,613,1.00
554,613,1.00
555,613,1.00
556,613,1.00
553,614,1.00
554,614,1.00
555,614,1.00
556,614,1.00
557,614,1.00
553,615,1.00
554,615,1.00
555,615,1.00
556,615,1.00
557,615,1.00
558,615,1.00
553,616,1.00
554,616,1.00
555,616,1.00
556,616,1.00
557,616,1.00
558,616,1.00
559,616,1.00
554,617,1.00
555,617,1.00
556,617,1.00
557,617,1.00
558,617,1.00
559,617,1.00
560,617,1.00
561,617,1.00
562,617,0.91
563,617,0.47
564,617,0.17
555,618,1.00
556,618,1.00
557,618,1.00
558,618,1.00
559,618,1.00
560,618,1.00
561,618,0.93
562,618,0.50
563,618,0.17
556,619,1.00
557,619,1.00
558,619,1.00
559,619,1.00
560,619,0.77
561,619,0.36
562,619,0.08
554,608,0.08
553,609,0.36
552,610,0.77
551,611,1.00
552,611,1.00
551,612,1.00
552,612,1.00
551,613,1.00
552,613,1.00
551,614,1.00
552,614,1.00
551,615,1.00
552,615,1.00
551,616,1.00
552,616,1.00
551,617,1.00
552,617,1.00
553,617,1.00
552,618,1.00
553,618,1.00
554,618,1.00
553,619,1.00
554,619,1.00
555,619,1.00
554,620,1.00
555,620,1.00
556,620,1.00
557,620,1.00
558,620,0.77
559,620,0.36
560,620,0.08
552,609,0.08
551,610,0.36
550,611,0.77
549,612,0.93
550,612,1.00
549,613,1.00
550,613,1.00
549,614,1.00
550,614,1.00
549,615,1.00
550,615,1.00
549,616,1.00
550,616,1.00
549,617,1.00
550,617,1.00
549,618,1.00
550,618,1.00
551,618,1.00
550,619,1.00
551,619,1.00
552,619,1.00
551,620,1.00
552,620,1.00
553,620,1.00
552,621,1.00
553,621,1.00
554,621,1.00
555,621,1.00
556,621,0.96
557,621,0.36
558,621,0.08
550,610,0.08
549,611,0.36
548,612,0.50
547,613,0.55
548,613,1.00
547,614,1.00
548,614,1.00
547,615,1.00
548,615,1.00
547,616,1.00
548,616,1.00
547,617,1.00
548,617,1.00
547,618,1.00
548,618,1.00
547,619,1.00
548,619,1.00
549,619,1.00
548,620,1.00
549,620,1.00
550,620,1.00
549,621,1.00
550,621,1.00
551,621,1.00
550,622,1.00
551,622,1.00
552,622,1.00
553,622,1.00
554,622,1.00
555,622,0.70
556,622,0.17
548,611,0.08
547,612,0.17
546,613,0.17
545,614,0.28
546,614,0.77
545,615,0.91
546,615,1.00
545,616,1.00
546,616,1.00
545,617,1.00
546,617,1.00
545,618,1.00
546,618,1.00
545,619,1.00
546,619,1.00
545,620,1.00
546,620,1.00
547,620,1.00
546,621,1.00
547,621,1.00
548,621,1.00
547,622,1.00
548,622,1.00
549,622,1.00
548,623,1.00
549,623,1.00
550,623,1.00
551,623,1.00
552,623,1.00
553,623,0.85
554,623,0.47
544,616,1.00
544,617,1.00
544,618,1.00
544,619,1.00
544,620,1.00
544,621,1.00
545,621,1.00
544,622,1.00
545,622,1.00
546,622,1.00
545,623,1.00
546,623,1.00
547,623,1.00
555,623,0.17
546,624,1.00
547,624,1.00
548,624,1.00
549,624,1.00
550,624,1.00
551,624,0.93
552,624,0.63
553,624,0.33
554,624,0.17
547,625,0.83
548,625,0.74
549,625,0.72
550,625,0.62
551,625,0.43
552,625,0.19
553,625,0.08
544,614,0.08
543,615,0.43
544,615,0.53
542,616,0.83
543,616,0.93
541,617,1.00
542,617,1.00
543,617,1.00
541,618,1.00
542,618,1.00
543,618,1.00
541,619,1.00
542,619,1.00
543,619,1.00
541,620,1.00
542,620,1.00
543,620,1.00
541,621,1.00
542,621,1.00
543,621,1.00
541,622,1.00
542,622,1.00
543,622,1.00
541,623,1.00
542,623,1.00
543,623,1.00
544,623,1.00
542,624,1.00
543,624,1.00
544,624,1.00
545,624,1.00
543,625,1.00
544,625,1.00
545,625,1.00
546,625,0.93
544,626,0.72
545,626,0.53
546,626,0.43
547,626,0.29
548,626,0.26
549,626,0.19
550,626,0.08
539,615,0.08
540,615,0.19
541,615,0.26
542,615,0.29
538,616,0.43
539,616,0.62
540,616,0.72
541,616,0.74
537,617,0.63
538,617,0.93
539,617,1.00
540,617,1.00
536,618,1.00
537,618,1.00
538,618,1.00
539,618,1.00
540,618,1.00
536,619,1.00
537,619,1.00
538,619,1.00
539,619,1.00
540,619,1.00
536,620,1.00
537,620,1.00
538,620,1.00
539,620,1.00
540,620,1.00
536,621,1.00
537,621,1.00
538,621,1.00
539,621,1.00
540,621,1.00
536,622,1.00
537,622,1.00
538,622,1.00
539,622,1.00
540,622,1.00
536,623,1.00
537,623,1.00
538,623,1.00
539,623,1.00
540,623,1.00
536,624,1.00
537,624,1.00
538,624,1.00
539,624,1.00
540,624,1.00
541,624,1.00
537,625,1.00
538,625,1.00
539,625,1.00
540,625,1.00
541,625,1.00
542,625,1.00
538,626,1.00
539,626,1.00
540,626,1.00
541,626,1.00
542,626,1.00
543,626,1.00
539,627,1.00
540,627,1.00
541,627,1.00
542,627,0.95
543,627,0.52
544,627,0.19
545,627,0.08
536,616,0.08
537,616,0.19
535,617,0.17
536,617,0.33
534,618,0.52
535,618,0.86
533,619,1.00
534,619,1.00
535,619,1.00
533,620,1.00
534,620,1.00
535,620,1.00
533,621,1.00
534,621,1.00
535,621,1.00
533,622,1.00
534,622,1.00
535,622,1.00
533,623,1.00
534,623,1.00
535,623,1.00
533,624,1.00
534,624,1.00
535,624,1.00
533,625,1.00
534,625,1.00
535,625,1.00
536,625,1.00
534,626,1.00
535,626,1.00
536,626,1.00
537,626,1.00
535,627,1.00
536,627,1.00
537,627,1.00
538,627,1.00
536,628,1.00
537,628,1.00
538,628,1.00
539,628,1.00
540,628,1.00
541,628,0.58
542,628,0.25
532,620,1.00
531,621,1.00
532,621,1.00
531,622,1.00
532,622,1.00
531,623,1.00
532,623,1.00
531,624,1.00
532,624,1.00
531,625,1.00
532,625,1.00
531,626,1.00
532,626,1.00
533,626,1.00
531,627,1.00
532,627,1.00
533,627,1.00
534,627,1.00
532,628,1.00
533,628,1.00
534,628,1.00
535,628,1.00
533,629,1.00
534,629,1.00
535,629,1.00
536,629,1.00
537,629,1.00
538,629,1.00
539,629,0.63
540,629,0.33
541,629,0.17
534,630,1.00
535,630,1.00
536,630,1.00
537,630,0.65
538,630,0.35
539,630,0.19
540,630,0.08
532,618,0.08
533,618,0.19
531,619,0.36
532,619,0.60
530,620,0.77
531,620,1.00
529,621,1.00
530,621,1.00
529,622,1.00
530,622,1.00
529,623,1.00
530,623,1.00
529,624,1.00
530,624,1.00
529,625,1.00
530,625,1.00
529,626,1.00
530,626,1.00
529,627,1.00
530,627,1.00
530,628,1.00
531,628,1.00
531,629,1.00
532,629,1.00
532,630,1.00
533,630,1.00
530,619,0.08
529,620,0.36
528,621,1.00
527,622,1.00
528,622,1.00
527,623,1.00
528,623,1.00
527,624,1.00
528,624,1.00
527,625,1.00
528,625,1.00
527,626,1.00
528,626,1.00
527,627,1.00
528,627,1.00
527,628,1.00
528,628,1.00
529,628,1.00
528,629,1.00
529,629,1.00
530,629,1.00
529,630,1.00
530,630,1.00
531,630,1.00
530,631,1.00
531,631,1.00
532,631,1.00
533,631,1.00
534,631,0.77
535,631,0.36
536,631,0.08
528,620,0.08
527,621,0.63
526,622,0.97
525,623,1.00
526,623,1.00
525,624,1.00
526,624,1.00
525,625,1.00
526,625,1.00
525,626,1.00
526,626,1.00
525,627,1.00
526,627,1.00
525,628,1.00
526,628,1.00
525,629,1.00
526,629,1.00
527,629,1.00
526,630,1.00
527,630,1.00
528,630,1.00
527,631,1.00
528,631,1.00
529,631,1.00
528,632,1.00
529,632,1.00
530,632,1.00
531,632,1.00
532,632,0.77
533,632,0.36
534,632,0.08
526,621,0.28
525,622,0.50
524,623,0.84
523,624,1.00
524,624,1.00
523,625,1.00
524,625,1.00
523,626,1.00
524,626,1.00
523,627,1.00
524,627,1.00
523,628,1.00
524,628,1.00
523,629,1.00
524,629,1.00
523,630,1.00
524,630,1.00
525,630,1.00
524,631,1.00
525,631,1.00
526,631,1.00
525,632,1.00
526,632,1.00
527,632,1.00
526,633,1.00
527,633,1.00
528,633,0.93
529,633,0.72
530,633,0.46
531,633,0.28
532,633,0.08
525,621,0.08
524,622,0.17
523,623,0.43
522,624,0.74
522,625,1.00
522,626,1.00
522,627,1.00
522,628,1.00
522,629,1.00
522,630,1.00
523,631,1.00
524,632,1.00
525,633,1.00
521,623,0.08
522,623,0.19
520,624,0.46
521,624,0.60
519,625,0.71
520,625,0.96
521,625,1.00
518,626,1.00
519,626,1.00
520,626,1.00
521,626,1.00
518,627,1.00
519,627,1.00
520,627,1.00
521,627,1.00
518,628,1.00
519,628,1.00
520,628,1.00
521,628,1.00
518,629,1.00
519,629,1.00
520,629,1.00
521,629,1.00
518,630,1.00
519,630,1.00
520,630,1.00
521,630,1.00
518,631,1.00
519,631,1.00
520,631,1.00
521,631,1.00
522,631,1.00
518,632,1.00
519,632,1.00
520,632,1.00
521,632,1.00
522,632,1.00
523,632,1.00
519,633,1.00
520,633,1.00
521,633,1.00
522,633,1.00
523,633,1.00
524,633,1.00
520,634,1.00
521,634,1.00
522,634,1.00
523,634,1.00
524,634,0.96
525,634,0.71
526,634,0.46
527,634,0.33
528,634,0.17
521,635,1.00
522,635,0.99
523,635,0.68
524,635,0.46
525,635,0.26
526,635,0.19
527,635,0.08
517,624,0.08
518,624,0.19
519,624,0.26
516,625,0.17
517,625,0.33
518,625,0.46
515,626,0.36
516,626,0.65
517,626,0.86
514,627,0.61
515,627,0.88
516,627,1.00
517,627,1.00
514,628,1.00
515,628,1.00
516,628,1.00
517,628,1.00
514,629,1.00
515,629,1.00
516,629,1.00
517,629,1.00
514,630,1.00
515,630,1.00
516,630,1.00
517,630,1.00
514,631,1.00
515,631,1.00
516,631,1.00
517,631,1.00
514,632,1.00
515,632,1.00
516,632,1.00
517,632,1.00
514,633,1.00
515,633,1.00
516,633,1.00
517,633,1.00
518,633,1.00
515,634,1.00
516,634,1.00
517,634,1.00
518,634,1.00
519,634,1.00
516,635,1.00
517,635,1.00
518,635,1.00
519,635,1.00
520,635,1.00
517,636,1.00
518,636,1.00
519,636,0.98
520,636,0.86
521,636,0.65
522,636,0.36
523,636,0.08
514,626,0.08
513,627,0.43
512,628,1.00
513,628,1.00
511,629,1.00
512,629,1.00
513,629,1.00
511,630,1.00
512,630,1.00
513,630,1.00
511,631,1.00
512,631,1.00
513,631,1.00
511,632,1.00
512,632,1.00
513,632,1.00
511,633,1.00
512,633,1.00
513,633,1.00
511,634,1.00
512,634,1.00
513,634,1.00
514,634,1.00
511,635,1.00
512,635,1.00
513,635,1.00
514,635,1.00
515,635,1.00
512,636,1.00
513,636,1.00
514,636,1.00
515,636,1.00
516,636,1.00
513,637,1.00
514,637,1.00
515,637,1.00
516,637,1.00
517,637,0.74
518,637,0.54
519,637,0.46
520,637,0.33
521,637,0.17
514,638,1.00
515,638,0.70
516,638,0.43
517,638,0.29
518,638,0.26
519,638,0.19
520,638,0.08
509,627,0.08
510,627,0.19
511,627,0.26
512,627,0.29
508,628,1.00
509,628,1.00
510,628,1.00
511,628,1.00
507,629,1.00
508,629,1.00
509,629,1.00
510,629,1.00
506,630,1.00
507,630,1.00
508,630,1.00
509,630,1.00
510,630,1.00
506,631,1.00
507,631,1.00
508,631,1.00
509,631,1.00
510,631,1.00
506,632,1.00
507,632,1.00
508,632,1.00
509,632,1.00
510,632,1.00
506,633,1.00
507,633,1.00
508,633,1.00
509,633,1.00
510,633,1.00
506,634,1.00
507,634,1.00
508,634,1.00
509,634,1.00
510,634,1.00
506,635,1.00
507,635,1.00
508,635,1.00
509,635,1.00
510,635,1.00
506,636,1.00
507,636,1.00
508,636,1.00
509,636,1.00
510,636,1.00
511,636,1.00
507,637,1.00
508,637,1.00
509,637,1.00
510,637,1.00
511,637,1.00
512,637,1.00
508,638,1.00
509,638,1.00
510,638,1.00
511,638,1.00
512,638,1.00
513,638,1.00
509,639,1.00
510,639,1.00
511,639,1.00
512,639,1.00
513,639,0.94
514,639,0.36
515,639,0.08
507,628,1.00
506,629,1.00
505,630,1.00
504,631,1.00
505,631,1.00
504,632,1.00
505,632,1.00
504,633,1.00
505,633,1.00
504,634,1.00
505,634,1.00
504,635,1.00
505,635,1.00
504,636,1.00
505,636,1.00
504,637,1.00
505,637,1.00
506,637,1.00
505,638,1.00
506,638,1.00
507,638,1.00
506,639,1.00
507,639,1.00
508,639,1.00
507,640,1.00
508,640,1.00
509,640,1.00
510,640,1.00
511,640,0.81
512,640,0.36
513,640,0.08
506,628,0.81
505,629,1.00
504,630,1.00
503,631,1.00
503,632,1.00
503,633,1.00
503,634,1.00
503,635,1.00
503,636,1.00
503,637,1.00
504,638,1.00
505,639,1.00
506,640,1.00
505,628,0.36
504,629,1.00
503,630,1.00
502,631,1.00
502,632,1.00
502,633,1.00
502,634,1.00
502,635,1.00
502,636,1.00
502,637,1.00
503,638,1.00
504,639,1.00
505,640,1.00
504,628,0.08
503,629,1.00
502,630,1.00
501,631,1.00
501,632,1.00
501,633,1.00
501,634,1.00
501,635,1.00
501,636,1.00
501,637,1.00
502,638,1.00
503,639,1.00
504,640,1.00
501,629,0.81
502,629,1.00
500,630,1.00
501,630,1.00
499,631,1.00
500,631,1.00
498,632,1.00
499,632,1.00
500,632,1.00
498,633,1.00
499,633,1.00
500,633,1.00
498,634,1.00
499,634,1.00
500,634,1.00
498,635,1.00
499,635,1.00
500,635,1.00
498,636,1.00
499,636,1.00
500,636,1.00
498,637,1.00
499,637,1.00
500,637,1.00
498,638,1.00
499,638,1.00
500,638,1.00
501,638,1.00
499,639,1.00
500,639,1.00
501,639,1.00
502,639,1.00
500,640,1.00
501,640,1.00
502,640,1.00
503,640,1.00
501,641,0.81
502,641,1.00
503,641,1.00
504,641,1.00
505,641,0.99
506,641,0.55
507,641,0.17
500,629,0.36
499,630,0.68
498,631,0.72
497,632,0.50
497,633,0.85
497,634,1.00
497,635,1.00
497,636,1.00
497,637,0.85
497,638,0.50
498,639,0.72
499,640,0.68
500,641,0.36
499,629,0.08
498,630,0.17
497,631,0.17
496,632,0.08
496,633,0.19
496,634,0.26
496,635,0.29
496,636,0.26
496,637,0.19
496,638,0.08
497,639,0.17
498,640,0.17
499,641,0.08

452,639,0.45
453,639,0.65
454,639,0.72
455,639,0.65
456,639,0.52
457,639,0.39
458,639,0.17
451,640,1.00
452,640,1.00
453,640,1.00
454,640,1.00
455,640,1.00
456,640,1.00
457,640,0.92
458,640,0.67
459,640,0.34
450,641,1.00
451,641,1.00
452,641,1.00
453,641,1.00
454,641,1.00
455,641,1.00
456,641,1.00
457,641,1.00
458,641,1.00
459,641,0.77
460,641,0.34
449,642,1.00
450,642,1.00
451,642,1.00
452,642,1.00
453,642,1.00
454,642,1.00
455,642,1.00
456,642,1.00
457,642,1.00
458,642,1.00
459,642,1.00
460,642,0.67
461,642,0.17
449,643,1.00
450,643,1.00
451,643,1.00
452,643,1.00
453,643,1.00
454,643,1.00
455,643,1.00
456,643,1.00
457,643,1.00
458,643,1.00
459,643,1.00
460,643,0.92
461,643,0.39
449,644,1.00
450,644,1.00
451,644,1.00
452,644,1.00
453,644,1.00
454,644,1.00
455,644,1.00
456,644,1.00
457,644,1.00
458,644,1.00
459,644,1.00
460,644,1.00
461,644,0.52
449,645,1.00
450,645,1.00
451,645,1.00
452,645,1.00
453,645,1.00
454,645,1.00
455,645,1.00
456,645,1.00
457,645,1.00
458,645,1.00
459,645,1.00
460,645,1.00
461,645,0.57
449,646,1.00
450,646,1.00
451,646,1.00
452,646,1.00
453,646,1.00
454,646,1.00
455,646,1.00
456,646,1.00
457,646,1.00
458,646,1.00
459,646,1.00
460,646,1.00
461,646,0.52
449,647,1.00
450,647,1.00
451,647,1.00
452,647,1.00
453,647,1.00
454,647,1.00
455,647,1.00
456,647,1.00
457,647,1.00
458,647,1.00
459,647,1.00
460,647,0.92
461,647,0.39
449,648,1.00
450,648,1.00
451,648,1.00
452,648,1.00
453,648,1.00
454,648,1.00
455,648,1.00
456,648,1.00
457,648,1.00
458,648,1.00
459,648,1.00
460,648,0.67
461,648,0.17
450,649,1.00
451,649,1.00
452,649,1.00
453,649,1.00
454,649,1.00
455,649,1.00
456,649,1.00
457,649,1.00
458,649,1.00
459,649,0.77
460,649,0.34
451,650,1.00
452,650,1.00
453,650,1.00
454,650,1.00
455,650,1.00
456,650,1.00
457,650,0.92
458,650,0.67
459,650,0.34
452,651,0.45
453,651,0.65
454,651,0.72
455,651,0.65
456,651,0.52
457,651,0.39
458,651,0.17
449,639,0.35
450,639,0.39
451,639,0.35
448,640,0.74
449,640,0.88
450,640,0.92
447,641,1.00
448,641,1.00
449,641,1.00
446,642,1.00
447,642,1.00
448,642,1.00
446,643,1.00
447,643,1.00
448,643,1.00
446,644,1.00
447,644,1.00
448,644,1.00
446,645,1.00
447,645,1.00
448,645,1.00
446,646,1.00
447,646,1.00
448,646,1.00
446,647,1.00
447,647,1.00
448,647,1.00
446,648,1.00
447,648,1.00
448,648,1.00
447,649,1.00
448,649,1.00
449,649,1.00
448,650,0.91
449,650,0.88
450,650,0.92
449,651,0.35
450,651,0.39
451,651,0.35
445,639,0.08
446,639,0.19
447,639,0.26
448,639,0.29
444,640,0.43
445,640,0.53
446,640,0.54
447,640,0.54
443,641,0.74
444,641,0.93
445,641,1.00
446,641,1.00
442,642,1.00
443,642,1.00
444,642,1.00
445,642,1.00
442,643,1.00
443,643,1.00
444,643,1.00
445,643,1.00
442,644,1.00
443,644,1.00
444,644,1.00
445,644,1.00
442,645,1.00
443,645,1.00
444,645,1.00
445,645,1.00
442,646,1.00
443,646,1.00
444,646,1.00
445,646,1.00
442,647,1.00
443,647,1.00
444,647,1.00
445,647,1.00
442,648,1.00
443,648,1.00
444,648,1.00
445,648,1.00
443,649,1.00
444,649,1.00
445,649,1.00
446,649,1.00
444,650,0.99
445,650,1.00
446,650,1.00
447,650,0.93
445,651,0.54
446,651,0.53
447,651,0.43
448,651,0.29
440,640,0.28
441,640,0.28
442,640,0.26
443,640,0.29
439,641,0.71
440,641,0.80
441,641,0.80
442,641,0.71
438,642,1.00
439,642,1.00
440,642,1.00
441,642,1.00
437,643,1.00
438,643,1.00
439,643,1.00
440,643,1.00
441,643,1.00
437,644,1.00
438,644,1.00
439,644,1.00
440,644,1.00
441,644,1.00
437,645,1.00
438,645,1.00
439,645,1.00
440,645,1.00
441,645,1.00
437,646,1.00
438,646,1.00
439,646,1.00
440,646,1.00
441,646,1.00
437,647,1.00
438,647,1.00
439,647,1.00
440,647,1.00
441,647,1.00
437,648,1.00
438,648,1.00
439,648,1.00
440,648,1.00
441,648,1.00
437,649,1.00
438,649,1.00
439,649,1.00
440,649,1.00
441,649,1.00
442,649,1.00
438,650,1.00
439,650,1.00
440,650,1.00
441,650,1.00
442,650,1.00
443,650,1.00
439,651,0.71
440,651,0.80
441,651,0.80
442,651,0.71
443,651,0.57
444,651,0.54
440,652,0.28
441,652,0.28
442,652,0.26
443,652,0.29
444,652,0.26
445,652,0.19
446,652,0.08
435,640,0.08
436,640,0.19
437,640,0.26
438,640,0.29
439,640,0.26
434,641,0.45
435,641,0.42
436,641,0.46
437,641,0.54
438,641,0.57
433,642,1.00
434,642,1.00
435,642,1.00
436,642,0.89
437,642,0.82
432,643,1.00
433,643,1.00
434,643,1.00
435,643,1.00
436,643,1.00
432,644,1.00
433,644,1.00
434,644,1.00
435,644,1.00
436,644,1.00
432,645,1.00
433,645,1.00
434,645,1.00
435,645,1.00
436,645,1.00
432,646,1.00
433,646,1.00
434,646,1.00
435,646,1.00
436,646,1.00
432,647,1.00
433,647,1.00
434,647,1.00
435,647,1.00
436,647,1.00
432,648,1.00
433,648,1.00
434,648,1.00
435,648,1.00
436,648,1.00
432,649,1.00
433,649,1.00
434,649,1.00
435,649,1.00
436,649,1.00
433,650,1.00
434,650,1.00
435,650,1.00
436,650,1.00
437,650,1.00
434,651,1.00
435,651,1.00
436,651,1.00
437,651,0.71
438,651,0.57
435,652,0.59
436,652,0.36
437,652,0.26
438,652,0.29
439,652,0.26
429,641,0.54
430,641,0.65
431,641,0.63
432,641,0.55
433,641,0.46
428,642,1.00
429,642,1.00
430,642,1.00
431,642,1.00
432,642,1.00
427,643,1.00
428,643,1.00
429,643,1.00
430,643,1.00
431,643,1.00
426,644,1.00
427,644,1.00
428,644,1.00
429,644,1.00
430,644,1.00
431,644,1.00
426,645,1.00
427,645,1.00
428,645,1.00
429,645,1.00
430,645,1.00
431,645,1.00
426,646,1.00
427,646,1.00
428,646,1.00
429,646,1.00
430,646,1.00
431,646,1.00
426,647,1.00
427,647,1.00
428,647,1.00
429,647,1.00
430,647,1.00
431,647,1.00
426,648,1.00
427,648,1.00
428,648,1.00
429,648,1.00
430,648,1.00
431,648,1.00
426,649,1.00
427,649,1.00
428,649,1.00
429,649,1.00
430,649,1.00
431,649,1.00
426,650,1.00
427,650,1.00
428,650,1.00
429,650,1.00
430,650,1.00
431,650,1.00
432,650,1.00
427,651,1.00
428,651,1.00
429,651,1.00
430,651,1.00
431,651,1.00
432,651,1.00
433,651,1.00
428,652,1.00
429,652,1.00
430,652,1.00
431,652,1.00
432,652,1.00
433,652,1.00
434,652,0.80
429,653,0.71
430,653,0.65
431,653,0.63
432,653,0.55
433,653,0.46
434,653,0.28
435,653,0.08
428,641,0.37
427,642,0.71
426,643,1.00
425,644,1.00
425,645,1.00
425,646,1.00
425,647,1.00
425,648,1.00
425,649,1.00
425,650,1.00
426,651,1.00
427,652,1.00
428,653,0.75
425,641,0.08
426,641,0.19
427,641,0.26
424,642,0.17
425,642,0.33
426,642,0.46
423,643,0.43
424,643,0.67
425,643,0.83
422,644,0.63
423,644,0.88
424,644,1.00
422,645,1.00
423,645,1.00
424,645,1.00
422,646,1.00
423,646,1.00
424,646,1.00
422,647,1.00
423,647,1.00
424,647,1.00
422,648,1.00
423,648,1.00
424,648,1.00
422,649,1.00
423,649,1.00
424,649,1.00
422,650,1.00
423,650,1.00
424,650,1.00
423,651,1.00
424,651,1.00
425,651,1.00
424,652,1.00
425,652,1.00
426,652,1.00
425,653,0.99
426,653,0.92
427,653,0.83
421,643,0.08
422,643,0.19
420,644,0.43
421,644,0.53
419,645,0.74
420,645,0.93
421,645,1.00
418,646,0.99
419,646,1.00
420,646,1.00
421,646,1.00
418,647,1.00
419,647,1.00
420,647,1.00
421,647,1.00
418,648,1.00
419,648,1.00
420,648,1.00
421,648,1.00
418,649,1.00
419,649,1.00
420,649,1.00
421,649,1.00
418,650,1.00
419,650,1.00
420,650,1.00
421,650,1.00
418,651,1.00
419,651,1.00
420,651,1.00
421,651,1.00
422,651,1.00
418,652,1.00
419,652,1.00
420,652,1.00
421,652,1.00
422,652,1.00
423,652,1.00
419,653,1.00
420,653,1.00
421,653,1.00
422,653,1.00
423,653,1.00
424,653,1.00
420,654,1.00
421,654,1.00
422,654,1.00
423,654,0.93
424,654,0.74
425,654,0.54
426,654,0.46
427,654,0.33
428,654,0.17
421,655,0.63
422,655,0.53
423,655,0.43
424,655,0.29
425,655,0.26
426,655,0.19
427,655,0.08
416,644,0.08
417,644,0.19
418,644,0.26
419,644,0.29
415,645,0.17
416,645,0.33
417,645,0.46
418,645,0.54
414,646,0.43
415,646,0.67
416,646,0.83
417,646,0.92
413,647,0.88
414,647,1.00
415,647,1.00
416,647,1.00
417,647,1.00
413,648,1.00
414,648,1.00
415,648,1.00
416,648,1.00
417,648,1.00
413,649,1.00
414,649,1.00
415,649,1.00
416,649,1.00
417,649,1.00
413,650,1.00
414,650,1.00
415,650,1.00
416,650,1.00
417,650,1.00
413,651,1.00
414,651,1.00
415,651,1.00
416,651,1.00
417,651,1.00
413,652,1.00
414,652,1.00
415,652,1.00
416,652,1.00
417,652,1.00
413,653,1.00
414,653,1.00
415,653,1.00
416,653,1.00
417,653,1.00
418,653,1.00
414,654,1.00
415,654,1.00
416,654,1.00
417,654,1.00
418,654,1.00
419,654,1.00
415,655,1.00
416,655,1.00
417,655,1.00
418,655,1.00
419,655,1.00
420,655,0.88
416,656,0.91
417,656,0.92
418,656,0.83
419,656,0.67
420,656,0.43
421,656,0.19
422,656,0.08
412,646,0.28
413,646,0.28
411,647,0.71
412,647,0.80
410,648,1.00
411,648,1.00
412,648,1.00
409,649,1.00
410,649,1.00
411,649,1.00
412,649,1.00
409,650,1.00
410,650,1.00
411,650,1.00
412,650,1.00
409,651,1.00
410,651,1.00
411,651,1.00
412,651,1.00
409,652,1.00
410,652,1.00
411,652,1.00
412,652,1.00
409,653,1.00
410,653,1.00
411,653,1.00
412,653,1.00
409,654,1.00
410,654,1.00
411,654,1.00
412,654,1.00
413,654,1.00
409,655,1.00
410,655,1.00
411,655,1.00
412,655,1.00
413,655,1.00
414,655,1.00
410,656,1.00
411,656,1.00
412,656,1.00
413,656,1.00
414,656,1.00
415,656,1.00
411,657,0.71
412,657,0.80
413,657,0.80
414,657,0.71
415,657,0.57
416,657,0.54
417,657,0.46
418,657,0.33
419,657,0.17
412,658,0.28
413,658,0.28
414,658,0.26
415,658,0.29
416,658,0.26
417,658,0.19
418,658,0.08
407,646,0.08
408,646,0.19
409,646,0.26
410,646,0.29
411,646,0.26
406,647,0.17
407,647,0.33
408,647,0.46
409,647,0.54
410,647,0.57
405,648,0.43
406,648,0.58
407,648,0.65
408,648,0.72
409,648,0.82
404,649,0.83
405,649,0.88
406,649,1.00
407,649,1.00
408,649,1.00
404,650,1.00
405,650,1.00
406,650,1.00
407,650,1.00
408,650,1.00
404,651,1.00
405,651,1.00
406,651,1.00
407,651,1.00
408,651,1.00
404,652,1.00
405,652,1.00
406,652,1.00
407,652,1.00
408,652,1.00
404,653,1.00
405,653,1.00
406,653,1.00
407,653,1.00
408,653,1.00
404,654,1.00
405,654,1.00
406,654,1.00
407,654,1.00
408,654,1.00
404,655,1.00
405,655,1.00
406,655,1.00
407,655,1.00
408,655,1.00
405,656,1.00
406,656,1.00
407,656,1.00
408,656,1.00
409,656,1.00
406,657,1.00
407,657,1.00
408,657,1.00
409,657,0.88
410,657,0.65
407,658,0.65
408,658,0.58
409,658,0.43
410,658,0.29
411,658,0.26
401,648,0.35
402,648,0.39
403,648,0.35
404,648,0.29
400,649,0.74
401,649,0.88
402,649,0.92
403,649,0.88
399,650,0.99
400,650,1.00
401,650,1.00
402,650,1.00
403,650,1.00
398,651,1.00
399,651,1.00
400,651,1.00
401,651,1.00
402,651,1.00
403,651,1.00
398,652,1.00
399,652,1.00
400,652,1.00
401,652,1.00
402,652,1.00
403,652,1.00
398,653,1.00
399,653,1.00
400,653,1.00
401,653,1.00
402,653,1.00
403,653,1.00
398,654,1.00
399,654,1.00
400,654,1.00
401,654,1.00
402,654,1.00
403,654,1.00
398,655,1.00
399,655,1.00
400,655,1.00
401,655,1.00
402,655,1.00
403,655,1.00
398,656,1.00
399,656,1.00
400,656,1.00
401,656,1.00
402,656,1.00
403,656,1.00
404,656,1.00
398,657,1.00
399,657,1.00
400,657,1.00
401,657,1.00
402,657,1.00
403,657,1.00
404,657,1.00
405,657,1.00
399,658,0.99
400,658,1.00
401,658,1.00
402,658,1.00
403,658,1.00
404,658,1.00
405,658,0.99
406,658,0.72
400,659,0.74
401,659,0.88
402,659,0.92
403,659,0.88
404,659,0.74
405,659,0.54
406,659,0.46
407,659,0.33
408,659,0.17
401,660,0.35
402,660,0.39
403,660,0.35
404,660,0.29
405,660,0.26
406,660,0.19
407,660,0.08
397,648,0.08
398,648,0.19
399,648,0.26
400,648,0.29
396,649,0.17
397,649,0.33
398,649,0.46
399,649,0.54
395,650,0.17
396,650,0.38
397,650,0.57
398,650,0.72
394,651,0.17
395,651,0.33
396,651,0.57
397,651,0.79
394,652,0.39
395,652,0.46
396,652,0.72
397,652,0.97
394,653,0.52
395,653,0.54
396,653,0.82
397,653,1.00
394,654,0.57
395,654,0.57
396,654,0.86
397,654,1.00
394,655,0.52
395,655,0.54
396,655,0.82
397,655,1.00
394,656,0.39
395,656,0.46
396,656,0.72
397,656,0.97
394,657,0.17
395,657,0.33
396,657,0.57
397,657,0.79
395,658,0.17
396,658,0.38
397,658,0.57
398,658,0.72
396,659,0.17
397,659,0.33
398,659,0.46
399,659,0.54
397,660,0.08
398,660,0.19
399,660,0.26
400,660,0.29
385,648,0.08
386,648,0.19
387,648,0.26
388,648,0.29
389,648,0.26
390,648,0.19
391,648,0.08
384,649,0.50
385,649,0.50
386,649,0.46
387,649,0.54
388,649,0.57
389,649,0.54
390,649,0.46
391,649,0.33
392,649,0.17
383,650,0.89
384,650,0.96
385,650,0.96
386,650,0.89
387,650,0.82
388,650,0.86
389,650,0.82
390,650,0.72
391,650,0.57
392,650,0.38
393,650,0.17
382,651,1.00
383,651,1.00
384,651,1.00
385,651,1.00
386,651,1.00
387,651,1.00
388,651,1.00
389,651,1.00
390,651,0.97
391,651,0.79
392,651,0.57
393,651,0.33
382,652,1.00
383,652,1.00
384,652,1.00
385,652,1.00
386,652,1.00
387,652,1.00
388,652,1.00
389,652,1.00
390,652,1.00
391,652,0.97
392,652,0.72
393,652,0.46
382,653,1.00
383,653,1.00
384,653,1.00
385,653,1.00
386,653,1.00
387,653,1.00
388,653,1.00
389,653,1.00
390,653,1.00
391,653,1.00
392,653,0.82
393,653,0.54
382,654,1.00
383,654,1.00
384,654,1.00
385,654,1.00
386,654,1.00
387,654,1.00
388,654,1.00
389,654,1.00
390,654,1.00
391,654,1.00
392,654,0.86
393,654,0.57
382,655,1.00
383,655,1.00
384,655,1.00
385,655,1.00
386,655,1.00
387,655,1.00
388,655,1.00
389,655,1.00
390,655,1.00
391,655,1.00
392,655,0.82
393,655,0.54
382,656,1.00
383,656,1.00
384,656,1.00
385,656,1.00
386,656,1.00
387,656,1.00
388,656,1.00
389,656,1.00
390,656,1.00
391,656,0.97
392,656,0.72
393,656,0.46
382,657,1.00
383,657,1.00
384,657,1.00
385,657,1.00
386,657,1.00
387,657,1.00
388,657,1.00
389,657,1.00
390,657,0.97
391,657,0.79
392,657,0.57
393,657,0.33
383,658,0.89
384,658,0.96
385,658,0.96
386,658,0.89
387,658,0.82
388,658,0.86
389,658,0.82
390,658,0.72
391,658,0.57
392,658,0.38
393,658,0.17
384,659,0.50
385,659,0.50
386,659,0.46
387,659,0.54
388,659,0.57
389,659,0.54
390,659,0.46
391,659,0.33
392,659,0.17
385,660,0.08
386,660,0.19
387,660,0.26
388,660,0.29
389,660,0.26
390,660,0.19
391,660,0.08
378,648,0.08
379,648,0.19
380,648,0.26
381,648,0.29
382,648,0.26
383,648,0.19
384,648,0.08
377,649,0.50
378,649,0.50
379,649,0.46
380,649,0.54
381,649,0.57
382,649,0.54
383,649,0.46
376,650,0.89
377,650,0.96
378,650,0.96
379,650,0.89
380,650,0.82
381,650,0.86
382,650,0.82
375,651,1.00
376,651,1.00
377,651,1.00
378,651,1.00
379,651,1.00
380,651,1.00
381,651,1.00
375,652,1.00
376,652,1.00
377,652,1.00
378,652,1.00
379,652,1.00
380,652,1.00
381,652,1.00
375,653,1.00
376,653,1.00
377,653,1.00
378,653,1.00
379,653,1.00
380,653,1.00
381,653,1.00
375,654,1.00
376,654,1.00
377,654,1.00
378,654,1.00
379,654,1.00
380,654,1.00
381,654,1.00
375,655,1.00
376,655,1.00
377,655,1.00
378,655,1.00
379,655,1.00
380,655,1.00
381,655,1.00
375,656,1.00
376,656,1.00
377,656,1.00
378,656,1.00
379,656,1.00
380,656,1.00
381,656,1.00
375,657,1.00
376,657,1.00
377,657,1.00
378,657,1.00
379,657,1.00
380,657,1.00
381,657,1.00
376,658,0.89
377,658,0.96
378,658,0.96
379,658,0.89
380,658,0.82
381,658,0.86
382,658,0.82
377,659,0.50
378,659,0.50
379,659,0.46
380,659,0.54
381,659,0.57
382,659,0.54
383,659,0.46
378,660,0.08
379,660,0.19
380,660,0.26
381,660,0.29
382,660,0.26
383,660,0.19
384,660,0.08
371,648,0.28
372,648,0.28
373,648,0.26
374,648,0.29
375,648,0.26
376,648,0.19
377,648,0.08
370,649,0.88
371,649,0.80
372,649,0.80
373,649,0.71
374,649,0.57
375,649,0.54
376,649,0.46
369,650,1.00
370,650,1.00
371,650,1.00
372,650,1.00
373,650,1.00
374,650,1.00
375,650,0.82
368,651,1.00
369,651,1.00
370,651,1.00
371,651,1.00
372,651,1.00
373,651,1.00
374,651,1.00
368,652,1.00
369,652,1.00
370,652,1.00
371,652,1.00
372,652,1.00
373,652,1.00
374,652,1.00
368,653,1.00
369,653,1.00
370,653,1.00
371,653,1.00
372,653,1.00
373,653,1.00
374,653,1.00
368,654,1.00
369,654,1.00
370,654,1.00
371,654,1.00
372,654,1.00
373,654,1.00
374,654,1.00
368,655,1.00
369,655,1.00
370,655,1.00
371,655,1.00
372,655,1.00
373,655,1.00
374,655,1.00
368,656,1.00
369,656,1.00
370,656,1.00
371,656,1.00
372,656,1.00
373,656,1.00
374,656,1.00
368,657,1.00
369,657,1.00
370,657,1.00
371,657,1.00
372,657,1.00
373,657,1.00
374,657,1.00
369,658,1.00
370,658,1.00
371,658,1.00
372,658,1.00
373,658,1.00
374,658,1.00
375,658,0.82
370,659,0.88
371,659,0.80
372,659,0.80
373,659,0.71
374,659,0.57
375,659,0.54
376,659,0.46
371,660,0.28
372,660,0.28
373,660,0.26
374,660,0.29
375,660,0.26
376,660,0.19
377,660,0.08
366,648,0.98
367,648,0.71
368,648,0.46
369,648,0.37
370,648,0.26
365,649,1.00
366,649,1.00
367,649,1.00
368,649,1.00
369,649,0.91
364,650,1.00
365,650,1.00
366,650,1.00
367,650,1.00
368,650,1.00
363,651,1.00
364,651,1.00
365,651,1.00
366,651,1.00
367,651,1.00
363,652,1.00
364,652,1.00
365,652,1.00
366,652,1.00
367,652,1.00
363,653,1.00
364,653,1.00
365,653,1.00
366,653,1.00
367,653,1.00
363,654,1.00
364,654,1.00
365,654,1.00
366,654,1.00
367,654,1.00
363,655,1.00
364,655,1.00
365,655,1.00
366,655,1.00
367,655,1.00
363,656,1.00
364,656,1.00
365,656,1.00
366,656,1.00
367,656,1.00
363,657,1.00
364,657,1.00
365,657,1.00
366,657,1.00
367,657,1.00
364,658,1.00
365,658,1.00
366,658,1.00
367,658,1.00
368,658,1.00
365,659,1.00
366,659,1.00
367,659,1.00
368,659,1.00
369,659,0.91
366,660,0.65
367,660,0.54
368,660,0.46
369,660,0.37
370,660,0.26
363,648,1.00
364,648,1.00
365,648,1.00
362,649,1.00
363,649,1.00
364,649,1.00
361,650,1.00
362,650,1.00
363,650,1.00
360,651,1.00
361,651,1.00
362,651,1.00
360,652,1.00
361,652,1.00
362,652,1.00
360,653,1.00
361,653,1.00
362,653,1.00
360,654,1.00
361,654,1.00
362,654,1.00
360,655,1.00
361,655,1.00
362,655,1.00
360,656,1.00
361,656,1.00
362,656,1.00
360,657,1.00
361,657,1.00
362,657,1.00
361,658,1.00
362,658,1.00
363,658,1.00
362,659,1.00
363,659,1.00
364,659,1.00
363,660,0.63
364,660,0.74
365,660,0.72
361,648,1.00
362,648,1.00
360,649,1.00
361,649,1.00
359,650,1.00
360,650,1.00
358,651,1.00
359,651,1.00
358,652,1.00
359,652,1.00
358,653,1.00
359,653,1.00
358,654,1.00
359,654,1.00
358,655,1.00
359,655,1.00
358,656,1.00
359,656,1.00
358,657,1.00
359,657,1.00
359,658,1.00
360,658,1.00
360,659,0.96
361,659,1.00
361,660,0.28
362,660,0.46
360,648,1.00
359,649,1.00
358,650,1.00
357,651,1.00
357,652,1.00
357,653,1.00
357,654,1.00
357,655,1.00
357,656,1.00
357,657,1.00
358,658,1.00
359,659,0.63
360,660,0.08
360,647,0.45
361,647,0.46
362,647,0.46
363,647,0.37
364,647,0.26
365,647,0.19
366,647,0.08
359,648,1.00
358,649,1.00
357,650,1.00
357,647,1.00
358,647,0.79
359,647,0.63
356,648,1.00
357,648,1.00
358,648,1.00
355,649,1.00
356,649,1.00
357,649,1.00
354,650,1.00
355,650,1.00
356,650,1.00
354,651,1.00
355,651,1.00
356,651,1.00
354,652,1.00
355,652,1.00
356,652,1.00
354,653,1.00
355,653,1.00
356,653,1.00
354,654,1.00
355,654,1.00
356,654,1.00
354,655,1.00
355,655,1.00
356,655,1.00
354,656,1.00
355,656,1.00
356,656,1.00
355,657,1.00
356,657,1.00
356,658,1.00
357,658,1.00
357,659,0.37
358,659,0.46
354,647,1.00
355,647,1.00
356,647,1.00
353,648,1.00
354,648,1.00
355,648,1.00
352,649,1.00
353,649,1.00
354,649,1.00
351,650,1.00
352,650,1.00
353,650,1.00
351,651,1.00
352,651,1.00
353,651,1.00
351,652,1.00
352,652,1.00
353,652,1.00
351,653,1.00
352,653,1.00
353,653,1.00
351,654,1.00
352,654,1.00
353,654,1.00
351,655,1.00
352,655,1.00
353,655,1.00
351,656,1.00
352,656,1.00
353,656,1.00
352,657,1.00
353,657,1.00
354,657,1.00
353,658,0.84
354,658,0.94
355,658,0.94
354,659,0.08
355,659,0.19
356,659,0.26
352,646,1.00
353,646,1.00
354,646,1.00
355,646,0.82
356,646,0.35
357,646,0.19
358,646,0.08
351,647,1.00
352,647,1.00
353,647,1.00
350,648,1.00
351,648,1.00
352,648,1.00
349,649,1.00
350,649,1.00
351,649,1.00
349,650,1.00
350,650,1.00
349,651,1.00
350,651,1.00
349,652,1.00
350,652,1.00
349,653,1.00
350,653,1.00
349,654,1.00
350,654,1.00
349,655,1.00
350,655,1.00
350,656,1.00
351,657,1.00
352,658,0.61
350,646,1.00
351,646,1.00
349,647,1.00
350,647,1.00
348,648,1.00
349,648,1.00
347,649,1.00
348,649,1.00
347,650,1.00
348,650,1.00
347,651,1.00
348,651,1.00
347,652,1.00
348,652,1.00
347,653,1.00
348,653,1.00
347,654,1.00
348,654,1.00
347,655,1.00
348,655,1.00
348,656,1.00
349,656,1.00
349,657,1.00
350,657,1.00
350,658,0.35
351,658,0.48
348,646,0.75
349,646,1.00
347,647,0.94
348,647,1.00
346,648,0.84
347,648,1.00
345,649,0.47
346,649,1.00
345,650,0.72
346,650,1.00
345,651,0.83
346,651,1.00
345,652,0.81
346,652,1.00
345,653,0.65
346,653,1.00
345,654,0.36
346,654,1.00
345,655,0.08
346,655,0.68
346,656,0.17
347,656,0.72
347,657,0.17
348,657,0.50
348,658,0.08
349,658,0.19
348,645,0.17
349,645,0.39
350,645,0.52
351,645,0.57
352,645,0.52
353,645,0.39
354,645,0.17
347,646,0.34
346,647,0.34
345,648,0.17

299,634,0.36
300,634,0.47
301,634,0.52
302,634,0.57
303,634,0.52
304,634,0.39
305,634,0.17
298,635,0.88
299,635,1.00
300,635,1.00
301,635,1.00
302,635,1.00
303,635,1.00
304,635,0.92
305,635,0.67
306,635,0.34
297,636,1.00
298,636,1.00
299,636,1.00
300,636,1.00
301,636,1.00
302,636,1.00
303,636,1.00
304,636,1.00
305,636,1.00
306,636,0.77
307,636,0.34
296,637,1.00
297,637,1.00
298,637,1.00
299,637,1.00
300,637,1.00
301,637,1.00
302,637,1.00
303,637,1.00
304,637,1.00
305,637,1.00
306,637,1.00
307,637,0.67
308,637,0.17
296,638,1.00
297,638,1.00
298,638,1.00
299,638,1.00
300,638,1.00
301,638,1.00
302,638,1.00
303,638,1.00
304,638,1.00
305,638,1.00
306,638,1.00
307,638,0.92
308,638,0.39
296,639,1.00
297,639,1.00
298,639,1.00
299,639,1.00
300,639,1.00
301,639,1.00
302,639,1.00
303,639,1.00
304,639,1.00
305,639,1.00
306,639,1.00
307,639,1.00
308,639,0.52
296,640,1.00
297,640,1.00
298,640,1.00
299,640,1.00
300,640,1.00
301,640,1.00
302,640,1.00
303,640,1.00
304,640,1.00
305,640,1.00
306,640,1.00
307,640,1.00
308,640,0.57
296,641,1.00
297,641,1.00
298,641,1.00
299,641,1.00
300,641,1.00
301,641,1.00
302,641,1.00
303,641,1.00
304,641,1.00
305,641,1.00
306,641,1.00
307,641,1.00
308,641,0.52
296,642,1.00
297,642,1.00
298,642,1.00
299,642,1.00
300,642,1.00
301,642,1.00
302,642,1.00
303,642,1.00
304,642,1.00
305,642,1.00
306,642,1.00
307,642,0.92
308,642,0.39
296,643,1.00
297,643,1.00
298,643,1.00
299,643,1.00
300,643,1.00
301,643,1.00
302,643,1.00
303,643,1.00
304,643,1.00
305,643,1.00
306,643,1.00
307,643,0.67
308,643,0.17
297,644,1.00
298,644,1.00
299,644,1.00
300,644,1.00
301,644,1.00
302,644,1.00
303,644,1.00
304,644,1.00
305,644,1.00
306,644,0.77
307,644,0.34
298,645,0.88
299,645,1.00
300,645,1.00
301,645,1.00
302,645,1.00
303,645,1.00
304,645,0.92
305,645,0.67
306,645,0.34
299,646,0.36
300,646,0.47
301,646,0.52
302,646,0.57
303,646,0.52
304,646,0.39
305,646,0.17
294,634,0.17
295,634,0.19
296,634,0.26
297,634,0.29
298,634,0.26
293,635,0.63
294,635,0.67
295,635,0.63
296,635,0.54
297,635,0.57
292,636,0.99
293,636,1.00
294,636,1.00
295,636,1.00
296,636,0.99
291,637,1.00
292,637,1.00
293,637,1.00
294,637,1.00
295,637,1.00
291,638,1.00
292,638,1.00
293,638,1.00
294,638,1.00
295,638,1.00
291,639,1.00
292,639,1.00
293,639,1.00
294,639,1.00
295,639,1.00
291,640,1.00
292,640,1.00
293,640,1.00
294,640,1.00
295,640,1.00
291,641,1.00
292,641,1.00
293,641,1.00
294,641,1.00
295,641,1.00
291,642,1.00
292,642,1.00
293,642,1.00
294,642,1.00
295,642,1.00
291,643,1.00
292,643,1.00
293,643,1.00
294,643,1.00
295,643,1.00
292,644,0.99
293,644,1.00
294,644,1.00
295,644,1.00
296,644,0.99
293,645,0.63
294,645,0.67
295,645,0.63
296,645,0.54
297,645,0.57
294,646,0.17
295,646,0.19
296,646,0.26
297,646,0.29
298,646,0.26
288,634,0.08
289,634,0.19
290,634,0.26
291,634,0.29
292,634,0.26
293,634,0.19
287,635,0.17
288,635,0.33
289,635,0.46
290,635,0.54
291,635,0.57
292,635,0.54
286,636,0.34
287,636,0.38
288,636,0.57
289,636,0.72
290,636,0.82
291,636,0.86
285,637,0.65
286,637,0.67
287,637,0.65
288,637,0.79
289,637,0.97
290,637,1.00
285,638,0.92
286,638,0.92
287,638,0.92
288,638,0.97
289,638,1.00
290,638,1.00
285,639,1.00
286,639,1.00
287,639,1.00
288,639,1.00
289,639,1.00
290,639,1.00
285,640,1.00
286,640,1.00
287,640,1.00
288,640,1.00
289,640,1.00
290,640,1.00
285,641,1.00
286,641,1.00
287,641,1.00
288,641,1.00
289,641,1.00
290,641,1.00
285,642,0.92
286,642,0.92
287,642,0.92
288,642,0.97
289,642,1.00
290,642,1.00
285,643,0.65
286,643,0.67
287,643,0.65
288,643,0.79
289,643,0.97
290,643,1.00
286,644,0.34
287,644,0.38
288,644,0.57
289,644,0.72
290,644,0.82
291,644,0.86
287,645,0.17
288,645,0.33
289,645,0.46
290,645,0.54
291,645,0.57
292,645,0.54
288,646,0.08
289,646,0.19
290,646,0.26
291,646,0.29
292,646,0.26
293,646,0.19
278,634,0.17
279,634,0.19
280,634,0.26
281,634,0.29
282,634,0.26
283,634,0.19
284,634,0.08
277,635,0.63
278,635,0.67
279,635,0.63
280,635,0.54
281,635,0.57
282,635,0.54
283,635,0.46
284,635,0.33
285,635,0.17
276,636,0.99
277,636,1.00
278,636,1.00
279,636,1.00
280,636,0.99
281,636,0.86
282,636,0.82
283,636,0.72
284,636,0.57
285,636,0.38
275,637,1.00
276,637,1.00
277,637,1.00
278,637,1.00
279,637,1.00
280,637,1.00
281,637,1.00
282,637,1.00
283,637,0.97
284,637,0.79
275,638,1.00
276,638,1.00
277,638,1.00
278,638,1.00
279,638,1.00
280,638,1.00
281,638,1.00
282,638,1.00
283,638,1.00
284,638,0.97
275,639,1.00
276,639,1.00
277,639,1.00
278,639,1.00
279,639,1.00
280,639,1.00
281,639,1.00
282,639,1.00
283,639,1.00
284,639,1.00
275,640,1.00
276,640,1.00
277,640,1.00
278,640,1.00
279,640,1.00
280,640,1.00
281,640,1.00
282,640,1.00
283,640,1.00
284,640,1.00
275,641,1.00
276,641,1.00
277,641,1.00
278,641,1.00
279,641,1.00
280,641,1.00
281,641,1.00
282,641,1.00
283,641,1.00
284,641,1.00
275,642,1.00
276,642,1.00
277,642,1.00
278,642,1.00
279,642,1.00
280,642,1.00
281,642,1.00
282,642,1.00
283,642,1.00
284,642,0.97
275,643,1.00
276,643,1.00
277,643,1.00
278,643,1.00
279,643,1.00
280,643,1.00
281,643,1.00
282,643,1.00
283,643,0.97
284,643,0.79
276,644,0.99
277,644,1.00
278,644,1.00
279,644,1.00
280,644,0.99
281,644,0.86
282,644,0.82
283,644,0.72
284,644,0.57
285,644,0.38
277,645,0.63
278,645,0.67
279,645,0.63
280,645,0.54
281,645,0.57
282,645,0.54
283,645,0.46
284,645,0.33
285,645,0.17
278,646,0.17
279,646,0.19
280,646,0.26
281,646,0.29
282,646,0.26
283,646,0.19
284,646,0.08
272,634,0.25
273,634,0.19
274,634,0.26
275,634,0.29
276,634,0.26
277,634,0.19
271,635,0.74
272,635,0.72
273,635,0.63
274,635,0.54
275,635,0.57
276,635,0.54
270,636,1.00
271,636,1.00
272,636,1.00
273,636,1.00
274,636,0.91
275,636,0.86
269,637,1.00
270,637,1.00
271,637,1.00
272,637,1.00
273,637,1.00
274,637,1.00
269,638,1.00
270,638,1.00
271,638,1.00
272,638,1.00
273,638,1.00
274,638,1.00
269,639,1.00
270,639,1.00
271,639,1.00
272,639,1.00
273,639,1.00
274,639,1.00
269,640,1.00
270,640,1.00
271,640,1.00
272,640,1.00
273,640,1.00
274,640,1.00
269,641,1.00
270,641,1.00
271,641,1.00
272,641,1.00
273,641,1.00
274,641,1.00
269,642,1.00
270,642,1.00
271,642,1.00
272,642,1.00
273,642,1.00
274,642,1.00
269,643,0.91
270,643,1.00
271,643,1.00
272,643,1.00
273,643,1.00
274,643,1.00
270,644,0.63
271,644,0.72
272,644,0.74
273,644,0.72
274,644,0.82
275,644,0.86
271,645,0.25
272,645,0.33
273,645,0.46
274,645,0.54
275,645,0.57
276,645,0.54
272,646,0.08
273,646,0.19
274,646,0.26
275,646,0.29
276,646,0.26
277,646,0.19
265,633,0.47
266,633,0.36
267,633,0.26
268,633,0.29
269,633,0.26
270,633,0.19
271,633,0.08
264,634,1.00
265,634,0.91
266,634,0.80
267,634,0.63
268,634,0.57
269,634,0.54
270,634,0.46
271,634,0.33
263,635,1.00
264,635,1.00
265,635,1.00
266,635,1.00
267,635,1.00
268,635,0.86
269,635,0.82
270,635,0.72
262,636,1.00
263,636,1.00
264,636,1.00
265,636,1.00
266,636,1.00
267,636,1.00
268,636,1.00
269,636,1.00
262,637,1.00
263,637,1.00
264,637,1.00
265,637,1.00
266,637,1.00
267,637,1.00
268,637,1.00
262,638,1.00
263,638,1.00
264,638,1.00
265,638,1.00
266,638,1.00
267,638,1.00
268,638,1.00
262,639,1.00
263,639,1.00
264,639,1.00
265,639,1.00
266,639,1.00
267,639,1.00
268,639,1.00
262,640,1.00
263,640,1.00
264,640,1.00
265,640,1.00
266,640,1.00
267,640,1.00
268,640,1.00
262,641,1.00
263,641,1.00
264,641,1.00
265,641,1.00
266,641,1.00
267,641,1.00
268,641,1.00
262,642,0.63
263,642,0.80
264,642,0.91
265,642,0.96
266,642,0.97
267,642,1.00
268,642,1.00
263,643,0.36
264,643,0.47
265,643,0.57
266,643,0.72
267,643,0.82
268,643,0.86
264,644,0.17
265,644,0.33
266,644,0.46
267,644,0.54
268,644,0.57
269,644,0.54
265,645,0.08
266,645,0.19
267,645,0.26
268,645,0.29
269,645,0.26
270,645,0.19
258,631,1.00
259,631,1.00
260,631,0.81
261,631,0.62
262,631,0.43
263,631,0.19
264,631,0.08
257,632,1.00
258,632,1.00
259,632,1.00
260,632,1.00
261,632,1.00
262,632,0.93
263,632,0.63
264,632,0.33
265,632,0.17
256,633,1.00
257,633,1.00
258,633,1.00
259,633,1.00
260,633,1.00
261,633,1.00
262,633,1.00
263,633,1.00
264,633,0.65
255,634,1.00
256,634,1.00
257,634,1.00
258,634,1.00
259,634,1.00
260,634,1.00
261,634,1.00
262,634,1.00
263,634,1.00
255,635,1.00
256,635,1.00
257,635,1.00
258,635,1.00
259,635,1.00
260,635,1.00
261,635,1.00
262,635,1.00
255,636,1.00
256,636,1.00
257,636,1.00
258,636,1.00
259,636,1.00
260,636,1.00
261,636,1.00
255,637,1.00
256,637,1.00
257,637,1.00
258,637,1.00
259,637,1.00
260,637,1.00
261,637,1.00
255,638,1.00
256,638,1.00
257,638,1.00
258,638,1.00
259,638,1.00
260,638,1.00
261,638,1.00
255,639,1.00
256,639,1.00
257,639,1.00
258,639,1.00
259,639,1.00
260,639,1.00
261,639,1.00
255,640,0.92
256,640,1.00
257,640,1.00
258,640,1.00
259,640,1.00
260,640,1.00
261,640,1.00
256,641,0.63
257,641,0.93
258,641,1.00
259,641,1.00
260,641,1.00
261,641,1.00
257,642,0.43
258,642,0.62
259,642,0.72
260,642,0.74
261,642,0.65
258,643,0.08
259,643,0.19
260,643,0.26
261,643,0.29
262,643,0.26
255,630,1.00
256,630,1.00
257,630,1.00
258,630,0.67
259,630,0.43
260,630,0.19
261,630,0.08
254,631,1.00
255,631,1.00
256,631,1.00
257,631,1.00
253,632,1.00
254,632,1.00
255,632,1.00
256,632,1.00
252,633,1.00
253,633,1.00
254,633,1.00
255,633,1.00
252,634,1.00
253,634,1.00
254,634,1.00
252,635,1.00
253,635,1.00
254,635,1.00
252,636,1.00
253,636,1.00
254,636,1.00
252,637,1.00
253,637,1.00
254,637,1.00
252,638,1.00
253,638,1.00
254,638,1.00
252,639,0.54
253,639,0.88
254,639,1.00
253,640,0.43
254,640,0.67
254,641,0.17
255,641,0.33
255,642,0.08
256,642,0.19
251,628,1.00
252,628,1.00
253,628,1.00
254,628,0.86
255,628,0.65
256,628,0.36
257,628,0.08
250,629,1.00
251,629,1.00
252,629,1.00
253,629,1.00
254,629,1.00
255,629,1.00
256,629,0.80
257,629,0.42
258,629,0.17
249,630,1.00
250,630,1.00
251,630,1.00
252,630,1.00
253,630,1.00
254,630,1.00
248,631,1.00
249,631,1.00
250,631,1.00
251,631,1.00
252,631,1.00
253,631,1.00
248,632,1.00
249,632,1.00
250,632,1.00
251,632,1.00
252,632,1.00
248,633,1.00
249,633,1.00
250,633,1.00
251,633,1.00
248,634,1.00
249,634,1.00
250,634,1.00
251,634,1.00
248,635,1.00
249,635,1.00
250,635,1.00
251,635,1.00
248,636,0.76
249,636,1.00
250,636,1.00
251,636,1.00
248,637,0.42
249,637,0.80
250,637,1.00
251,637,1.00
249,638,0.36
250,638,0.65
251,638,0.86
250,639,0.17
251,639,0.33
251,640,0.08
252,640,0.19
248,626,1.00
249,626,1.00
250,626,1.00
251,626,0.86
252,626,0.60
253,626,0.28
254,626,0.08
247,627,1.00
248,627,1.00
249,627,1.00
250,627,1.00
251,627,1.00
252,627,1.00
253,627,0.65
254,627,0.33
255,627,0.17
246,628,1.00
247,628,1.00
248,628,1.00
249,628,1.00
250,628,1.00
245,629,1.00
246,629,1.00
247,629,1.00
248,629,1.00
249,629,1.00
245,630,1.00
246,630,1.00
247,630,1.00
248,630,1.00
245,631,1.00
246,631,1.00
247,631,1.00
245,632,1.00
246,632,1.00
247,632,1.00
245,633,1.00
246,633,1.00
247,633,1.00
245,634,0.65
246,634,1.00
247,634,1.00
245,635,0.28
246,635,0.60
247,635,0.86
246,636,0.17
247,636,0.38
247,637,0.17
248,638,0.08
244,623,1.00
245,623,1.00
246,623,1.00
247,623,1.00
248,623,0.65
249,623,0.36
250,623,0.08
243,624,1.00
244,624,1.00
245,624,1.00
246,624,1.00
247,624,1.00
248,624,1.00
249,624,0.80
250,624,0.42
251,624,0.17
242,625,1.00
243,625,1.00
244,625,1.00
245,625,1.00
246,625,1.00
247,625,1.00
248,625,1.00
249,625,1.00
250,625,0.76
251,625,0.38
252,625,0.17
241,626,1.00
242,626,1.00
243,626,1.00
244,626,1.00
245,626,1.00
246,626,1.00
247,626,1.00
241,627,1.00
242,627,1.00
243,627,1.00
244,627,1.00
245,627,1.00
246,627,1.00
241,628,1.00
242,628,1.00
243,628,1.00
244,628,1.00
245,628,1.00
241,629,1.00
242,629,1.00
243,629,1.00
244,629,1.00
241,630,1.00
242,630,1.00
243,630,1.00
244,630,1.00
241,631,1.00
242,631,1.00
243,631,1.00
244,631,1.00
241,632,0.42
242,632,0.80
243,632,1.00
244,632,1.00
242,633,0.36
243,633,0.65
244,633,0.86
243,634,0.17
244,634,0.33
244,635,0.08
241,621,1.00
242,621,1.00
243,621,1.00
244,621,1.00
245,621,0.65
246,621,0.36
247,621,0.08
240,622,1.00
241,622,1.00
242,622,1.00
243,622,1.00
244,622,1.00
245,622,1.00
246,622,0.80
247,622,0.42
248,622,0.17
239,623,1.00
240,623,1.00
241,623,1.00
242,623,1.00
243,623,1.00
238,624,1.00
239,624,1.00
240,624,1.00
241,624,1.00
242,624,1.00
238,625,1.00
239,625,1.00
240,625,1.00
241,625,1.00
238,626,1.00
239,626,1.00
240,626,1.00
238,627,1.00
239,627,1.00
240,627,1.00
238,628,1.00
239,628,1.00
240,628,1.00
238,629,0.76
239,629,1.00
240,629,1.00
238,630,0.42
239,630,0.80
240,630,1.00
239,631,0.36
240,631,0.65
240,632,0.17
241,633,0.08
238,619,1.00
239,619,1.00
240,619,1.00
241,619,1.00
242,619,0.83
243,619,0.53
244,619,0.17
237,620,1.00
238,620,1.00
239,620,1.00
240,620,1.00
241,620,1.00
242,620,1.00
243,620,0.92
244,620,0.53
245,620,0.17
236,621,1.00
237,621,1.00
238,621,1.00
239,621,1.00
240,621,1.00
235,622,1.00
236,622,1.00
237,622,1.00
238,622,1.00
239,622,1.00
235,623,1.00
236,623,1.00
237,623,1.00
238,623,1.00
235,624,1.00
236,624,1.00
237,624,1.00
235,625,1.00
236,625,1.00
237,625,1.00
235,626,1.00
236,626,1.00
237,626,1.00
235,627,0.81
236,627,1.00
237,627,1.00
235,628,0.17
236,628,0.53
237,628,0.83
236,629,0.17
237,629,0.38
237,630,0.17
238,631,0.08
235,616,1.00
236,616,1.00
237,616,0.89
238,616,0.62
239,616,0.43
240,616,0.19
241,616,0.08
234,617,1.00
235,617,1.00
236,617,1.00
237,617,1.00
238,617,1.00
239,617,0.93
240,617,0.63
241,617,0.33
242,617,0.17
233,618,1.00
234,618,1.00
235,618,1.00
236,618,1.00
237,618,1.00
238,618,1.00
239,618,1.00
240,618,1.00
241,618,0.65
242,618,0.38
243,618,0.17
232,619,1.00
233,619,1.00
234,619,1.00
235,619,1.00
236,619,1.00
237,619,1.00
232,620,1.00
233,620,1.00
234,620,1.00
235,620,1.00
236,620,1.00
232,621,1.00
233,621,1.00
234,621,1.00
235,621,1.00
232,622,1.00
233,622,1.00
234,622,1.00
232,623,1.00
233,623,1.00
234,623,1.00
232,624,1.00
233,624,1.00
234,624,1.00
232,625,1.00
233,625,1.00
234,625,1.00
233,626,0.89
234,626,1.00
234,627,0.43
232,615,1.00
233,615,1.00
234,615,1.00
235,615,0.79
236,615,0.43
237,615,0.19
238,615,0.08
231,616,1.00
232,616,1.00
233,616,1.00
234,616,1.00
230,617,1.00
231,617,1.00
232,617,1.00
233,617,1.00
229,618,1.00
230,618,1.00
231,618,1.00
232,618,1.00
229,619,1.00
230,619,1.00
231,619,1.00
229,620,1.00
230,620,1.00
231,620,1.00
229,621,1.00
230,621,1.00
231,621,1.00
229,622,1.00
230,622,1.00
231,622,1.00
229,623,1.00
230,623,1.00
231,623,1.00
229,624,1.00
230,624,1.00
231,624,1.00
230,625,0.92
231,625,1.00
231,626,0.43
232,626,0.62
232,627,0.08
233,627,0.19
229,614,1.00
230,614,1.00
231,614,1.00
232,614,1.00
233,614,0.77
234,614,0.36
235,614,0.08
228,615,1.00
229,615,1.00
230,615,1.00
231,615,1.00
227,616,1.00
228,616,1.00
229,616,1.00
230,616,1.00
226,617,1.00
227,617,1.00
228,617,1.00
229,617,1.00
226,618,1.00
227,618,1.00
228,618,1.00
226,619,1.00
227,619,1.00
228,619,1.00
226,620,1.00
227,620,1.00
228,620,1.00
226,621,1.00
227,621,1.00
228,621,1.00
226,622,1.00
227,622,1.00
228,622,1.00
226,623,1.00
227,623,1.00
228,623,1.00
227,624,0.77
228,624,1.00
228,625,0.36
229,625,0.60
229,626,0.08
230,626,0.19
227,613,1.00
228,613,1.00
229,613,1.00
230,613,1.00
231,613,0.85
232,613,0.36
233,613,0.08
226,614,1.00
227,614,1.00
228,614,1.00
225,615,1.00
226,615,1.00
227,615,1.00
224,616,1.00
225,616,1.00
226,616,1.00
224,617,1.00
225,617,1.00
224,618,1.00
225,618,1.00
224,619,1.00
225,619,1.00
224,620,1.00
225,620,1.00
224,621,1.00
225,621,1.00
224,622,1.00
225,622,1.00
225,623,0.77
226,624,0.36
227,625,0.08
225,612,1.00
226,612,1.00
227,612,1.00
228,612,1.00
229,612,1.00
230,612,0.62
231,612,0.08
224,613,1.00
225,613,1.00
226,613,1.00
223,614,1.00
224,614,1.00
225,614,1.00
222,615,1.00
223,615,1.00
224,615,1.00
222,616,1.00
223,616,1.00
222,617,1.00
223,617,1.00
222,618,1.00
223,618,1.00
222,619,1.00
223,619,1.00
222,620,1.00
223,620,1.00
222,621,1.00
223,621,1.00
223,622,0.70
224,623,0.36
225,624,0.08
223,611,1.00
224,611,1.00
225,611,1.00
226,611,1.00
227,611,1.00
228,611,1.00
229,611,0.42
222,612,1.00
223,612,1.00
224,612,1.00
221,613,1.00
222,613,1.00
223,613,1.00
220,614,1.00
221,614,1.00
222,614,1.00
220,615,1.00
221,615,1.00
220,616,1.00
221,616,1.00
220,617,1.00
221,617,1.00
220,618,1.00
221,618,1.00
220,619,1.00
221,619,1.00
220,620,1.00
221,620,1.00
221,621,0.81
222,622,0.25
223,623,0.08
222,610,1.00
223,610,1.00
224,610,1.00
225,610,1.00
226,610,1.00
227,610,0.87
228,610,0.25
221,611,1.00
222,611,1.00
220,612,1.00
221,612,1.00
219,613,1.00
220,613,1.00
219,614,1.00
219,615,1.00
219,616,1.00
219,617,1.00
219,618,1.00
219,619,1.00
221,609,0.47
222,609,0.72
223,609,0.83
224,609,0.81
225,609,0.65
226,609,0.36
227,609,0.08
220,610,0.84
221,610,1.00
219,611,0.94
220,611,1.00
218,612,0.75
219,612,1.00
218,613,1.00
218,614,1.00
218,615,1.00
218,616,1.00
218,617,1.00
218,618,0.75
220,609,0.17
219,610,0.34
218,611,0.34
217,612,0.17
217,613,0.39
217,614,0.52
217,615,0.57
217,616,0.52
217,617,0.39
217,618,0.17
218,619,0.34
219,620,0.34
220,621,0.17

181,577,1.00
182,577,0.93
183,577,0.81
184,577,0.74
185,577,0.54
186,577,0.28
187,577,0.08
180,578,1.00
181,578,1.00
182,578,1.00
183,578,1.00
184,578,1.00
185,578,1.00
186,578,0.97
187,578,0.50
188,578,0.17
179,579,1.00
180,579,1.00
181,579,1.00
182,579,1.00
183,579,1.00
184,579,1.00
185,579,1.00
186,579,1.00
187,579,1.00
188,579,0.55
189,579,0.17
178,580,1.00
179,580,1.00
180,580,1.00
181,580,1.00
182,580,1.00
183,580,1.00
184,580,1.00
185,580,1.00
186,580,1.00
187,580,1.00
188,580,0.99
189,580,0.42
190,580,0.08
178,581,1.00
179,581,1.00
180,581,1.00
181,581,1.00
182,581,1.00
183,581,1.00
184,581,1.00
185,581,1.00
186,581,1.00
187,581,1.00
188,581,1.00
189,581,0.65
190,581,0.19
178,582,1.00
179,582,1.00
180,582,1.00
181,582,1.00
182,582,1.00
183,582,1.00
184,582,1.00
185,582,1.00
186,582,1.00
187,582,1.00
188,582,1.00
189,582,0.81
190,582,0.26
178,583,1.00
179,583,1.00
180,583,1.00
181,583,1.00
182,583,1.00
183,583,1.00
184,583,1.00
185,583,1.00
186,583,1.00
187,583,1.00
188,583,1.00
189,583,0.86
190,583,0.29
178,584,1.00
179,584,1.00
180,584,1.00
181,584,1.00
182,584,1.00
183,584,1.00
184,584,1.00
185,584,1.00
186,584,1.00
187,584,1.00
188,584,1.00
189,584,0.81
190,584,0.26
178,585,1.00
179,585,1.00
180,585,1.00
181,585,1.00
182,585,1.00
183,585,1.00
184,585,1.00
185,585,1.00
186,585,1.00
187,585,1.00
188,585,1.00
189,585,0.65
190,585,0.19
178,586,0.99
179,586,1.00
180,586,1.00
181,586,1.00
182,586,1.00
183,586,1.00
184,586,1.00
185,586,1.00
186,586,1.00
187,586,1.00
188,586,0.99
189,586,0.42
190,586,0.08
179,587,1.00
180,587,1.00
181,587,1.00
182,587,1.00
183,587,1.00
184,587,1.00
185,587,1.00
186,587,1.00
187,587,1.00
188,587,0.55
189,587,0.17
180,588,0.97
181,588,1.00
182,588,1.00
183,588,1.00
184,588,1.00
185,588,1.00
186,588,0.97
187,588,0.50
188,588,0.17
181,589,0.54
182,589,0.74
183,589,0.81
184,589,0.74
185,589,0.54
186,589,0.28
187,589,0.08
180,577,1.00
179,578,1.00
178,579,1.00
177,580,1.00
177,581,1.00
177,582,1.00
177,583,1.00
177,584,1.00
177,585,0.92
177,586,0.42
178,587,0.55
179,588,0.50
180,589,0.28
179,577,1.00
178,578,1.00
177,579,1.00
176,580,1.00
176,581,1.00
176,582,1.00
176,583,1.00
176,584,0.83
176,585,0.48
176,586,0.08
177,587,0.17
178,588,0.17
179,589,0.08
173,573,0.65
174,573,0.53
175,573,0.35
176,573,0.29
177,573,0.26
178,573,0.19
179,573,0.08
172,574,1.00
173,574,1.00
174,574,0.92
175,574,0.74
176,574,0.57
177,574,0.54
178,574,0.46
179,574,0.33
180,574,0.17
171,575,1.00
172,575,1.00
173,575,1.00
174,575,1.00
175,575,1.00
176,575,0.86
177,575,0.82
178,575,0.72
179,575,0.57
180,575,0.38
181,575,0.17
170,576,1.00
171,576,1.00
172,576,1.00
173,576,1.00
174,576,1.00
175,576,1.00
176,576,1.00
177,576,1.00
178,576,0.97
179,576,0.79
180,576,0.57
181,576,0.33
182,576,0.08
170,577,1.00
171,577,1.00
172,577,1.00
173,577,1.00
174,577,1.00
175,577,1.00
176,577,1.00
177,577,1.00
178,577,1.00
170,578,1.00
171,578,1.00
172,578,1.00
173,578,1.00
174,578,1.00
175,578,1.00
176,578,1.00
177,578,1.00
170,579,1.00
171,579,1.00
172,579,1.00
173,579,1.00
174,579,1.00
175,579,1.00
176,579,1.00
170,580,1.00
171,580,1.00
172,580,1.00
173,580,1.00
174,580,1.00
175,580,1.00
170,581,0.74
171,581,0.92
172,581,1.00
173,581,1.00
174,581,1.00
175,581,1.00
170,582,0.35
171,582,0.53
172,582,0.65
173,582,0.79
174,582,0.97
175,582,1.00
171,583,0.17
172,583,0.38
173,583,0.57
174,583,0.72
175,583,0.82
172,584,0.17
173,584,0.33
174,584,0.46
175,584,0.54
173,585,0.08
174,585,0.19
175,585,0.26
166,570,1.00
167,570,1.00
168,570,1.00
169,570,1.00
170,570,0.83
171,570,0.53
172,570,0.17
165,571,1.00
166,571,1.00
167,571,1.00
168,571,1.00
169,571,1.00
170,571,1.00
171,571,0.92
172,571,0.53
173,571,0.17
164,572,1.00
165,572,1.00
166,572,1.00
167,572,1.00
168,572,1.00
169,572,1.00
170,572,1.00
171,572,1.00
172,572,0.83
173,572,0.38
174,572,0.17
163,573,1.00
164,573,1.00
165,573,1.00
166,573,1.00
167,573,1.00
168,573,1.00
169,573,1.00
170,573,1.00
171,573,1.00
172,573,1.00
163,574,1.00
164,574,1.00
165,574,1.00
166,574,1.00
167,574,1.00
168,574,1.00
169,574,1.00
170,574,1.00
171,574,1.00
163,575,1.00
164,575,1.00
165,575,1.00
166,575,1.00
167,575,1.00
168,575,1.00
169,575,1.00
170,575,1.00
163,576,1.00
164,576,1.00
165,576,1.00
166,576,1.00
167,576,1.00
168,576,1.00
169,576,1.00
163,577,0.83
164,577,1.00
165,577,1.00
166,577,1.00
167,577,1.00
168,577,1.00
169,577,1.00
163,578,0.53
164,578,0.92
165,578,1.00
166,578,1.00
167,578,1.00
168,578,1.00
169,578,1.00
163,579,0.17
164,579,0.53
165,579,0.83
166,579,1.00
167,579,1.00
168,579,1.00
169,579,1.00
164,580,0.17
165,580,0.38
166,580,0.57
167,580,0.72
168,580,0.82
169,580,0.86
165,581,0.17
166,581,0.33
167,581,0.46
168,581,0.54
169,581,0.57
166,582,0.08
167,582,0.19
168,582,0.26
169,582,0.29
163,567,1.00
164,567,1.00
165,567,1.00
166,567,1.00
167,567,0.60
168,567,0.28
169,567,0.08
162,568,1.00
163,568,1.00
164,568,1.00
165,568,1.00
166,568,1.00
167,568,1.00
168,568,0.65
169,568,0.33
170,568,0.17
161,569,1.00
162,569,1.00
163,569,1.00
164,569,1.00
165,569,1.00
166,569,1.00
167,569,1.00
168,569,0.98
169,569,0.57
170,569,0.38
171,569,0.17
160,570,1.00
161,570,1.00
162,570,1.00
163,570,1.00
164,570,1.00
165,570,1.00
160,571,1.00
161,571,1.00
162,571,1.00
163,571,1.00
164,571,1.00
160,572,1.00
161,572,1.00
162,572,1.00
163,572,1.00
160,573,1.00
161,573,1.00
162,573,1.00
160,574,1.00
161,574,1.00
162,574,1.00
160,575,0.65
161,575,1.00
162,575,1.00
160,576,0.28
161,576,0.60
162,576,0.86
161,577,0.17
162,577,0.38
162,578,0.17
159,564,1.00
160,564,1.00
161,564,1.00
162,564,1.00
163,564,1.00
164,564,0.58
165,564,0.25
158,565,1.00
159,565,1.00
160,565,1.00
161,565,1.00
162,565,1.00
163,565,1.00
164,565,1.00
165,565,0.67
166,565,0.25
157,566,1.00
158,566,1.00
159,566,1.00
160,566,1.00
161,566,1.00
162,566,1.00
163,566,1.00
164,566,1.00
165,566,1.00
166,566,0.58
167,566,0.17
156,567,1.00
157,567,1.00
158,567,1.00
159,567,1.00
160,567,1.00
161,567,1.00
162,567,1.00
156,568,1.00
157,568,1.00
158,568,1.00
159,568,1.00
160,568,1.00
161,568,1.00
156,569,1.00
157,569,1.00
158,569,1.00
159,569,1.00
160,569,1.00
156,570,1.00
157,570,1.00
158,570,1.00
159,570,1.00
156,571,1.00
157,571,1.00
158,571,1.00
159,571,1.00
156,572,0.58
157,572,1.00
158,572,1.00
159,572,1.00
156,573,0.25
157,573,0.67
158,573,1.00
159,573,1.00
157,574,0.25
158,574,0.58
159,574,0.83
158,575,0.17
159,575,0.33
159,576,0.08
157,562,1.00
158,562,1.00
159,562,1.00
160,562,1.00
161,562,0.83
162,562,0.53
163,562,0.17
156,563,1.00
157,563,1.00
158,563,1.00
159,563,1.00
160,563,1.00
161,563,1.00
162,563,0.92
163,563,0.53
164,563,0.17
155,564,1.00
156,564,1.00
157,564,1.00
158,564,1.00
154,565,1.00
155,565,1.00
156,565,1.00
157,565,1.00
154,566,1.00
155,566,1.00
156,566,1.00
154,567,1.00
155,567,1.00
154,568,1.00
155,568,1.00
154,569,0.83
155,569,1.00
154,570,0.53
155,570,0.92
154,571,0.17
155,571,0.53
155,572,0.17
154,559,1.00
155,559,1.00
156,559,1.00
157,559,0.83
158,559,0.52
159,559,0.19
160,559,0.08
153,560,1.00
154,560,1.00
155,560,1.00
156,560,1.00
157,560,1.00
158,560,0.83
159,560,0.46
160,560,0.33
161,560,0.17
152,561,1.00
153,561,1.00
154,561,1.00
155,561,1.00
156,561,1.00
157,561,1.00
158,561,1.00
159,561,0.72
160,561,0.57
161,561,0.38
162,561,0.17
151,562,1.00
152,562,1.00
153,562,1.00
154,562,1.00
155,562,1.00
156,562,1.00
151,563,1.00
152,563,1.00
153,563,1.00
154,563,1.00
155,563,1.00
151,564,1.00
152,564,1.00
153,564,1.00
154,564,1.00
151,565,0.83
152,565,1.00
153,565,1.00
151,566,0.52
152,566,0.83
153,566,1.00
151,567,0.19
152,567,0.46
153,567,0.72
151,568,0.08
152,568,0.33
153,568,0.57
152,569,0.17
153,569,0.38
153,570,0.17
149,554,1.00
150,554,1.00
151,554,1.00
152,554,1.00
153,554,0.83
154,554,0.53
155,554,0.17
148,555,1.00
149,555,1.00
150,555,1.00
151,555,1.00
152,555,1.00
153,555,1.00
154,555,0.92
155,555,0.53
156,555,0.17
147,556,1.00
148,556,1.00
149,556,1.00
150,556,1.00
151,556,1.00
152,556,1.00
153,556,1.00
154,556,1.00
155,556,0.83
156,556,0.38
157,556,0.17
146,557,1.00
147,557,1.00
148,557,1.00
149,557,1.00
150,557,1.00
151,557,1.00
152,557,1.00
153,557,1.00
154,557,1.00
155,557,1.00
156,557,0.57
157,557,0.33
158,557,0.08
146,558,1.00
147,558,1.00
148,558,1.00
149,558,1.00
150,558,1.00
151,558,1.00
152,558,1.00
153,558,1.00
154,558,1.00
155,558,1.00
156,558,0.72
157,558,0.46
158,558,0.19
146,559,1.00
147,559,1.00
148,559,1.00
149,559,1.00
150,559,1.00
151,559,1.00
152,559,1.00
153,559,1.00
146,560,1.00
147,560,1.00
148,560,1.00
149,560,1.00
150,560,1.00
151,560,1.00
152,560,1.00
146,561,0.83
147,561,1.00
148,561,1.00
149,561,1.00
150,561,1.00
151,561,1.00
146,562,0.53
147,562,0.92
148,562,1.00
149,562,1.00
150,562,1.00
146,563,0.17
147,563,0.53
148,563,0.83
149,563,1.00
150,563,1.00
147,564,0.17
148,564,0.38
149,564,0.57
150,564,0.72
148,565,0.17
149,565,0.33
150,565,0.46
149,566,0.08
150,566,0.19
146,551,1.00
147,551,1.00
148,551,1.00
149,551,1.00
150,551,0.72
151,551,0.39
152,551,0.08
145,552,1.00
146,552,1.00
147,552,1.00
148,552,1.00
149,552,1.00
150,552,1.00
151,552,0.72
152,552,0.33
153,552,0.17
144,553,1.00
145,553,1.00
146,553,1.00
147,553,1.00
148,553,1.00
149,553,1.00
150,553,1.00
151,553,1.00
152,553,0.57
153,553,0.38
154,553,0.17
143,554,1.00
144,554,1.00
145,554,1.00
146,554,1.00
147,554,1.00
148,554,1.00
143,555,1.00
144,555,1.00
145,555,1.00
146,555,1.00
147,555,1.00
143,556,1.00
144,556,1.00
145,556,1.00
146,556,1.00
143,557,1.00
144,557,1.00
145,557,1.00
143,558,0.72
144,558,1.00
145,558,1.00
143,559,0.39
144,559,0.72
145,559,1.00
143,560,0.08
144,560,0.33
145,560,0.57
144,561,0.17
145,561,0.38
145,562,0.17
142,547,1.00
143,547,1.00
144,547,1.00
145,547,1.00
146,547,1.00
147,547,0.58
148,547,0.25
141,548,1.00
142,548,1.00
143,548,1.00
144,548,1.00
145,548,1.00
146,548,1.00
147,548,1.00
148,548,0.67
149,548,0.25
140,549,1.00
141,549,1.00
142,549,1.00
143,549,1.00
144,549,1.00
145,549,1.00
146,549,1.00
147,549,1.00
148,549,1.00
149,549,0.58
150,549,0.17
139,550,1.00
140,550,1.00
141,550,1.00
142,550,1.00
143,550,1.00
144,550,1.00
145,550,1.00
146,550,1.00
147,550,1.00
148,550,1.00
149,550,0.83
150,550,0.33
151,550,0.08
139,551,1.00
140,551,1.00
141,551,1.00
142,551,1.00
143,551,1.00
144,551,1.00
145,551,1.00
139,552,1.00
140,552,1.00
141,552,1.00
142,552,1.00
143,552,1.00
144,552,1.00
139,553,1.00
140,553,1.00
141,553,1.00
142,553,1.00
143,553,1.00
139,554,1.00
140,554,1.00
141,554,1.00
142,554,1.00
139,555,0.84
140,555,1.00
141,555,1.00
142,555,1.00
139,556,0.25
140,556,0.67
141,556,1.00
142,556,1.00
140,557,0.25
141,557,0.58
142,557,0.83
141,558,0.17
142,558,0.33
142,559,0.08
140,545,1.00
141,545,1.00
142,545,1.00
143,545,1.00
144,545,0.91
145,545,0.36
146,545,0.08
139,546,1.00
140,546,1.00
141,546,1.00
142,546,1.00
143,546,1.00
144,546,1.00
145,546,0.80
146,546,0.42
147,546,0.17
138,547,1.00
139,547,1.00
140,547,1.00
141,547,1.00
137,548,1.00
138,548,1.00
139,548,1.00
140,548,1.00
137,549,1.00
138,549,1.00
139,549,1.00
137,550,1.00
138,550,1.00
137,551,1.00
138,551,1.00
137,552,1.00
138,552,1.00
137,553,0.76
138,553,1.00
137,554,0.42
138,554,0.80
138,555,0.36
137,543,1.00
138,543,1.00
139,543,1.00
140,543,1.00
141,543,1.00
142,543,1.00
143,543,0.42
136,544,1.00
137,544,1.00
138,544,1.00
139,544,1.00
140,544,1.00
141,544,1.00
142,544,1.00
143,544,0.80
144,544,0.36
135,545,1.00
136,545,1.00
137,545,1.00
138,545,1.00
139,545,1.00
134,546,1.00
135,546,1.00
136,546,1.00
137,546,1.00
138,546,1.00
134,547,1.00
135,547,1.00
136,547,1.00
137,547,1.00
134,548,1.00
135,548,1.00
136,548,1.00
134,549,1.00
135,549,1.00
136,549,1.00
134,550,0.65
135,550,1.00
136,550,1.00
134,551,0.36
135,551,0.80
136,551,1.00
134,552,0.08
135,552,0.42
136,552,0.76
135,553,0.17
136,553,0.38
136,554,0.17
137,555,0.08
135,540,1.00
136,540,1.00
137,540,1.00
138,540,1.00
139,540,1.00
140,540,1.00
141,540,0.70
134,541,1.00
135,541,1.00
136,541,1.00
137,541,1.00
138,541,1.00
139,541,1.00
140,541,1.00
141,541,1.00
142,541,0.36
133,542,1.00
134,542,1.00
135,542,1.00
136,542,1.00
137,542,1.00
138,542,1.00
139,542,1.00
140,542,1.00
141,542,1.00
142,542,0.65
143,542,0.17
132,543,1.00
133,543,1.00
134,543,1.00
135,543,1.00
136,543,1.00
144,543,0.08
132,544,1.00
133,544,1.00
134,544,1.00
135,544,1.00
132,545,1.00
133,545,1.00
134,545,1.00
132,546,0.94
133,546,1.00
132,547,0.65
133,547,1.00
132,548,0.36
133,548,0.80
132,549,0.08
133,549,0.42
133,550,0.17
133,537,1.00
134,537,1.00
135,537,1.00
136,537,1.00
137,537,1.00
138,537,1.00
139,537,0.85
132,538,1.00
133,538,1.00
134,538,1.00
135,538,1.00
136,538,1.00
137,538,1.00
138,538,1.00
139,538,1.00
140,538,0.63
131,539,1.00
132,539,1.00
133,539,1.00
134,539,1.00
135,539,1.00
136,539,1.00
137,539,1.00
138,539,1.00
139,539,1.00
140,539,0.93
141,539,0.43
130,540,1.00
131,540,1.00
132,540,1.00
133,540,1.00
134,540,1.00
142,540,0.08
130,541,1.00
131,541,1.00
132,541,1.00
133,541,1.00
130,542,1.00
131,542,1.00
132,542,1.00
130,543,1.00
131,543,1.00
130,544,0.77
131,544,1.00
130,545,0.28
131,545,0.82
130,546,0.08
131,546,0.33
131,547,0.17
132,534,1.00
133,534,1.00
134,534,1.00
135,534,1.00
136,534,1.00
137,534,1.00
138,534,0.28
131,535,1.00
132,535,1.00
133,535,1.00
134,535,1.00
135,535,1.00
136,535,1.00
137,535,1.00
138,535,0.77
139,535,0.17
130,536,1.00
131,536,1.00
132,536,1.00
133,536,1.00
134,536,1.00
135,536,1.00
136,536,1.00
137,536,1.00
138,536,1.00
139,536,0.47
140,536,0.17
129,537,1.00
130,537,1.00
131,537,1.00
132,537,1.00
140,537,0.33
141,537,0.08
129,538,1.00
130,538,1.00
131,538,1.00
141,538,0.19
129,539,1.00
130,539,1.00
129,540,1.00
129,541,1.00
129,542,0.85
129,543,0.47
130,533,1.00
131,533,1.00
132,533,1.00
133,533,1.00
134,533,1.00
135,533,1.00
136,533,1.00
129,534,1.00
130,534,1.00
131,534,1.00
128,535,1.00
129,535,1.00
130,535,1.00
127,536,1.00
128,536,1.00
129,536,1.00
127,537,1.00
128,537,1.00
127,538,0.98
128,538,1.00
127,539,0.62
128,539,1.00
127,540,0.43
128,540,0.93
127,541,0.19
128,541,0.63
127,542,0.08
128,542,0.33
128,543,0.17
129,544,0.17
129,530,1.00
130,530,1.00
131,530,1.00
132,530,1.00
133,530,1.00
134,530,1.00
135,530,1.00
128,531,1.00
129,531,1.00
130,531,1.00
131,531,1.00
132,531,1.00
133,531,1.00
134,531,1.00
135,531,1.00
136,531,1.00
127,532,1.00
128,532,1.00
129,532,1.00
130,532,1.00
131,532,1.00
132,532,1.00
133,532,1.00
134,532,1.00
135,532,1.00
136,532,1.00
137,532,0.72
126,533,1.00
127,533,1.00
128,533,1.00
129,533,1.00
137,533,0.88
138,533,0.08
126,534,1.00
127,534,1.00
128,534,1.00
126,535,1.00
127,535,1.00
126,536,1.00
126,537,0.60
126,538,0.19
126,539,0.08
128,527,1.00
129,527,1.00
130,527,1.00
131,527,1.00
132,527,1.00
133,527,1.00
134,527,1.00
127,528,1.00
128,528,1.00
129,528,1.00
130,528,1.00
131,528,1.00
132,528,1.00
133,528,1.00
134,528,1.00
135,528,1.00
126,529,1.00
127,529,1.00
128,529,1.00
129,529,1.00
130,529,1.00
131,529,1.00
132,529,1.00
133,529,1.00
134,529,1.00
135,529,1.00
136,529,1.00
125,530,1.00
126,530,1.00
127,530,1.00
128,530,1.00
136,530,1.00
137,530,0.28
125,531,1.00
126,531,1.00
127,531,1.00
137,531,0.46
125,532,1.00
126,532,1.00
125,533,1.00
125,534,1.00
125,535,0.61
125,536,0.25
128,526,1.00
129,526,1.00
130,526,1.00
131,526,1.00
132,526,1.00
133,526,1.00
134,526,0.85
127,527,1.00
135,527,0.84
126,528,1.00
136,528,0.56
125,529,1.00
137,529,0.08
127,526,1.00
126,527,1.00
125,528,1.00
124,529,0.61
124,530,0.76
124,531,0.79
124,532,0.67
124,533,0.43
124,534,0.19
124,535,0.08
127,524,0.17
128,524,0.39
129,524,0.52
130,524,0.57
131,524,0.52
132,524,0.39
133,524,0.17
126,525,0.34
127,525,0.67
128,525,0.92
129,525,1.00
130,525,1.00
131,525,1.00
132,525,0.92
133,525,0.67
134,525,0.34
125,526,0.34
126,526,0.77
135,526,0.34
124,527,0.17
125,527,0.67
136,527,0.17
124,528,0.39

