426,429,0.46
427,429,0.69
428,429,0.92
429,429,0.92
430,429,0.92
431,429,0.92
432,429,0.92
433,429,0.92
434,429,0.92
435,429,0.92
436,429,0.92
437,429,0.92
438,429,0.92
426,430,0.46
427,430,0.69
428,430,0.92
429,430,1.00
430,430,1.00
431,430,1.00
432,430,1.00
433,430,1.00
434,430,1.00
435,430,1.00
436,430,1.00
437,430,1.00
438,430,1.00
426,431,0.46
427,431,0.69
428,431,1.00
429,431,1.00
430,431,1.00
431,431,1.00
432,431,1.00
433,431,1.00
434,431,1.00
435,431,1.00
436,431,1.00
437,431,1.00
438,431,1.00
426,432,0.46
427,432,0.78
428,432,1.00
429,432,1.00
430,432,1.00
431,432,1.00
432,432,1.00
433,432,1.00
434,432,1.00
435,432,1.00
436,432,1.00
437,432,1.00
438,432,1.00
426,433,1.00
427,433,1.00
428,433,1.00
429,433,1.00
430,433,1.00
431,433,1.00
432,433,1.00
433,433,1.00
434,433,1.00
435,433,1.00
436,433,1.00
437,433,1.00
438,433,1.00
426,434,1.00
427,434,1.00
428,434,1.00
429,434,1.00
430,434,1.00
431,434,1.00
432,434,1.00
433,434,1.00
434,434,1.00
435,434,1.00
436,434,1.00
437,434,1.00
438,434,1.00
426,435,1.00
427,435,1.00
428,435,1.00
429,435,1.00
430,435,1.00
431,435,1.00
432,435,1.00
433,435,1.00
434,435,1.00
435,435,1.00
436,435,1.00
437,435,1.00
438,435,1.00
426,436,1.00
427,436,1.00
428,436,1.00
429,436,1.00
430,436,1.00
431,436,1.00
432,436,1.00
433,436,1.00
434,436,1.00
435,436,1.00
436,436,1.00
437,436,1.00
438,436,1.00
426,437,1.00
427,437,1.00
428,437,1.00
429,437,1.00
430,437,1.00
431,437,1.00
432,437,1.00
433,437,1.00
434,437,1.00
435,437,1.00
436,437,1.00
437,437,1.00
438,437,1.00
426,438,1.00
427,438,1.00
428,438,1.00
429,438,1.00
430,438,1.00
431,438,1.00
432,438,1.00
433,438,1.00
434,438,1.00
435,438,1.00
436,438,1.00
437,438,1.00
438,438,1.00
426,439,1.00
427,439,1.00
428,439,1.00
429,439,1.00
430,439,1.00
431,439,1.00
432,439,1.00
433,439,1.00
434,439,1.00
435,439,1.00
436,439,1.00
437,439,1.00
438,439,1.00
426,440,1.00
427,440,1.00
428,440,1.00
429,440,1.00
430,440,1.00
431,440,1.00
432,440,1.00
433,440,1.00
434,440,1.00
435,440,1.00
436,440,1.00
437,440,1.00
438,440,1.00
426,441,1.00
427,441,1.00
428,441,1.00
429,441,1.00
430,441,1.00
431,441,1.00
432,441,1.00
433,441,1.00
434,441,1.00
435,441,1.00
436,441,1.00
437,441,1.00
438,441,1.00
439,429,0.46
439,430,1.00
439,431,1.00
439,432,1.00
439,433,1.00
439,434,1.00
439,435,1.00
439,436,1.00
439,437,1.00
439,438,1.00
439,439,1.00
439,440,1.00
439,441,1.00
440,429,0.23
440,430,1.00
440,431,1.00
440,432,1.00
440,433,1.00
440,434,1.00
440,435,1.00
440,436,1.00
440,437,1.00
440,438,1.00
440,439,1.00
440,440,1.00
440,441,1.00
441,430,1.00
441,431,1.00
441,432,1.00
441,433,1.00
441,434,1.00
441,435,1.00
441,436,1.00
441,437,1.00
441,438,1.00
441,439,1.00
441,440,1.00
441,441,1.00
429,442,1.00
430,442,1.00
431,442,1.00
432,442,1.00
433,442,1.00
434,442,1.00
435,442,1.00
436,442,1.00
437,442,1.00
438,442,1.00
439,442,1.00
440,442,1.00
441,442,1.00
442,430,0.92
442,431,1.00
442,432,1.00
442,433,1.00
442,434,1.00
442,435,1.00
442,436,1.00
442,437,1.00
442,438,1.00
442,439,1.00
442,440,1.00
442,441,1.00
442,442,1.00
443,430,0.23
443,431,0.46
443,432,0.69
443,433,1.00
443,434,1.00
443,435,1.00
443,436,1.00
443,437,1.00
443,438,1.00
443,439,1.00
443,440,1.00
443,441,1.00
443,442,1.00
444,431,0.23
444,432,0.46
444,433,0.92
444,434,1.00
444,435,1.00
444,436,1.00
444,437,1.00
444,438,1.00
444,439,1.00
444,440,1.00
444,441,1.00
444,442,1.00
432,443,1.00
433,443,1.00
434,443,1.00
435,443,1.00
436,443,1.00
437,443,1.00
438,443,1.00
439,443,1.00
440,443,1.00
441,443,1.00
442,443,1.00
443,443,1.00
444,443,1.00
445,432,0.23
445,433,0.69
445,434,0.92
445,435,1.00
445,436,1.00
445,437,1.00
445,438,1.00
445,439,1.00
445,440,1.00
445,441,1.00
445,442,1.00
445,443,1.00
433,444,1.00
434,444,1.00
435,444,1.00
436,444,1.00
437,444,1.00
438,444,1.00
439,444,1.00
440,444,1.00
441,444,1.00
442,444,1.00
443,444,1.00
444,444,1.00
445,444,1.00
446,433,0.46
446,434,0.69
446,435,1.00
446,436,1.00
446,437,1.00
446,438,1.00
446,439,1.00
446,440,1.00
446,441,1.00
446,442,1.00
446,443,1.00
446,444,1.00
434,445,1.00
435,445,1.00
436,445,1.00
437,445,0.92
438,445,1.00
439,445,1.00
440,445,1.00
441,445,1.00
442,445,1.00
443,445,1.00
444,445,1.00
445,445,1.00
446,445,1.00
447,433,0.23
447,434,0.46
447,435,0.92
447,436,1.00
447,437,1.00
447,438,1.00
447,439,1.00
447,440,1.00
447,441,1.00
447,442,1.00
447,443,1.00
447,444,1.00
447,445,1.00
448,434,0.23
448,435,0.69
448,436,0.92
448,437,1.00
448,438,1.00
448,439,1.00
448,440,1.00
448,441,1.00
448,442,1.00
448,443,1.00
448,444,1.00
448,445,1.00
436,446,0.46
437,446,0.46
438,446,0.69
439,446,0.92
440,446,1.00
441,446,1.00
442,446,1.00
443,446,1.00
444,446,1.00
445,446,1.00
446,446,1.00
447,446,1.00
448,446,1.00
449,435,0.46
449,436,0.69
449,437,0.92
449,438,1.00
449,439,1.00
449,440,1.00
449,441,1.00
449,442,1.00
449,443,1.00
449,444,1.00
449,445,1.00
449,446,1.00
437,447,0.23
438,447,0.46
439,447,0.69
440,447,0.92
441,447,0.92
442,447,1.00
443,447,1.00
444,447,1.00
445,447,1.00
446,447,1.00
447,447,1.00
448,447,1.00
449,447,1.00
450,435,0.23
450,436,0.46
450,437,0.69
450,438,0.92
450,439,1.00
450,440,1.00
450,441,1.00
450,442,1.00
450,443,1.00
450,444,1.00
450,445,1.00
450,446,1.00
450,447,1.00
451,436,0.23
451,437,0.46
451,438,0.69
451,439,1.00
451,440,1.00
451,441,1.00
451,442,1.00
451,443,1.00
451,444,1.00
451,445,1.00
451,446,1.00
451,447,1.00
439,448,0.23
440,448,0.46
441,448,0.46
442,448,1.00
443,448,1.00
444,448,1.00
445,448,1.00
446,448,1.00
447,448,1.00
448,448,1.00
449,448,1.00
450,448,1.00
451,448,1.00
452,437,0.23
452,438,0.46
452,439,1.00
452,440,1.00
452,441,1.00
452,442,1.00
452,443,1.00
452,444,1.00
452,445,1.00
452,446,1.00
452,447,1.00
452,448,1.00
440,449,0.23
441,449,0.23
442,449,0.92
443,449,1.00
444,449,1.00
445,449,1.00
446,449,1.00
447,449,1.00
448,449,1.00
449,449,1.00
450,449,1.00
451,449,1.00
452,449,1.00
453,438,0.23
454,438,0.23
453,439,1.00
454,439,1.00
453,440,1.00
454,440,1.00
453,441,1.00
454,441,1.00
453,442,1.00
454,442,1.00
453,443,1.00
454,443,1.00
453,444,1.00
454,444,1.00
453,445,1.00
454,445,1.00
453,446,1.00
454,446,1.00
453,447,1.00
454,447,1.00
453,448,1.00
454,448,1.00
453,449,1.00
454,449,1.00
442,450,1.00
443,450,1.00
444,450,1.00
445,450,1.00
446,450,1.00
447,450,1.00
448,450,1.00
449,450,1.00
450,450,1.00
451,450,1.00
452,450,1.00
453,450,1.00
454,450,1.00
442,451,1.00
443,451,1.00
444,451,1.00
445,451,1.00
446,451,1.00
447,451,1.00
448,451,1.00
449,451,1.00
450,451,1.00
451,451,1.00
452,451,1.00
453,451,1.00
454,451,1.00
455,439,0.92
455,440,1.00
455,441,1.00
455,442,1.00
455,443,1.00
455,444,1.00
455,445,1.00
455,446,1.00
455,447,1.00
455,448,1.00
455,449,1.00
455,450,1.00
455,451,1.00
456,439,0.46
456,440,1.00
456,441,1.00
456,442,1.00
456,443,1.00
456,444,1.00
456,445,1.00
456,446,1.00
456,447,1.00
456,448,1.00
456,449,1.00
456,450,1.00
456,451,1.00
457,440,1.00
457,441,1.00
457,442,1.00
457,443,1.00
457,444,1.00
457,445,1.00
457,446,1.00
457,447,1.00
457,448,1.00
457,449,1.00
457,450,1.00
457,451,1.00
445,452,0.69
446,452,1.00
447,452,1.00
448,452,1.00
449,452,1.00
450,452,1.00
451,452,1.00
452,452,1.00
453,452,1.00
454,452,1.00
455,452,1.00
456,452,1.00
457,452,1.00
458,440,0.46
458,441,1.00
458,442,1.00
458,443,1.00
458,444,1.00
458,445,1.00
458,446,1.00
458,447,1.00
458,448,1.00
458,449,1.00
458,450,1.00
458,451,1.00
458,452,1.00
459,441,0.69
459,442,1.00
459,443,1.00
459,444,1.00
459,445,1.00
459,446,1.00
459,447,1.00
459,448,1.00
459,449,1.00
459,450,1.00
459,451,1.00
459,452,1.00
447,453,0.69
448,453,1.00
449,453,1.00
450,453,1.00
451,453,1.00
452,453,1.00
453,453,1.00
454,453,1.00
455,453,1.00
456,453,1.00
457,453,1.00
458,453,1.00
459,453,1.00
460,442,0.69
460,443,0.92
460,444,1.00
460,445,1.00
460,446,1.00
460,447,1.00
460,448,1.00
460,449,1.00
460,450,1.00
460,451,1.00
460,452,1.00
460,453,1.00
448,454,0.69
449,454,0.92
450,454,0.92
451,454,1.00
452,454,1.00
453,454,1.00
454,454,1.00
455,454,1.00
456,454,1.00
457,454,1.00
458,454,1.00
459,454,1.00
460,454,1.00
461,442,0.23
461,443,0.46
461,444,1.00
461,445,1.00
461,446,1.00
461,447,1.00
461,448,1.00
461,449,1.00
461,450,1.00
461,451,1.00
461,452,1.00
461,453,1.00
461,454,1.00
462,443,0.23
463,443,0.23
462,444,0.92
463,444,0.92
462,445,1.00
463,445,1.00
462,446,1.00
463,446,1.00
462,447,1.00
463,447,1.00
462,448,1.00
463,448,1.00
462,449,1.00
463,449,1.00
462,450,1.00
463,450,1.00
462,451,1.00
463,451,1.00
462,452,1.00
463,452,1.00
462,453,1.00
463,453,1.00
462,454,1.00
463,454,1.00
451,455,1.00
452,455,1.00
453,455,1.00
454,455,1.00
455,455,1.00
456,455,1.00
457,455,1.00
458,455,1.00
459,455,1.00
460,455,1.00
461,455,1.00
462,455,1.00
463,455,1.00
451,456,1.00
452,456,1.00
453,456,1.00
454,456,1.00
455,456,1.00
456,456,1.00
457,456,1.00
458,456,1.00
459,456,1.00
460,456,1.00
461,456,1.00
462,456,1.00
463,456,1.00
464,444,0.46
464,445,0.92
464,446,1.00
464,447,1.00
464,448,1.00
464,449,1.00
464,450,1.00
464,451,1.00
464,452,1.00
464,453,1.00
464,454,1.00
464,455,1.00
464,456,1.00
465,444,0.23
465,445,0.69
465,446,1.00
465,447,1.00
465,448,1.00
465,449,1.00
465,450,1.00
465,451,1.00
465,452,1.00
465,453,1.00
465,454,1.00
465,455,1.00
465,456,1.00
466,445,0.46
466,446,0.92
466,447,1.00
466,448,1.00
466,449,1.00
466,450,1.00
466,451,1.00
466,452,1.00
466,453,1.00
466,454,1.00
466,455,1.00
466,456,1.00
454,457,1.00
455,457,1.00
456,457,1.00
457,457,1.00
458,457,1.00
459,457,1.00
460,457,1.00
461,457,1.00
462,457,1.00
463,457,1.00
464,457,1.00
465,457,1.00
466,457,1.00
467,445,0.23
467,446,0.69
467,447,1.00
467,448,1.00
467,449,1.00
467,450,1.00
467,451,1.00
467,452,1.00
467,453,1.00
467,454,1.00
467,455,1.00
467,456,1.00
467,457,1.00
468,446,0.46
468,447,0.92
468,448,1.00
468,449,1.00
468,450,1.00
468,451,1.00
468,452,1.00
468,453,1.00
468,454,1.00
468,455,1.00
468,456,1.00
468,457,1.00
456,458,1.00
457,458,1.00
458,458,1.00
459,458,1.00
460,458,1.00
461,458,1.00
462,458,1.00
463,458,1.00
464,458,1.00
465,458,1.00
466,458,1.00
467,458,1.00
468,458,1.00
469,447,0.46
469,448,1.00
469,449,1.00
469,450,1.00
469,451,1.00
469,452,1.00
469,453,1.00
469,454,1.00
469,455,1.00
469,456,1.00
469,457,1.00
469,458,1.00
457,459,1.00
458,459,1.00
459,459,1.00
460,459,1.00
461,459,1.00
462,459,1.00
463,459,1.00
464,459,1.00
465,459,1.00
466,459,1.00
467,459,1.00
468,459,1.00
469,459,1.00
470,448,1.00
470,449,1.00
470,450,1.00
470,451,1.00
470,452,1.00
470,453,1.00
470,454,1.00
470,455,1.00
470,456,1.00
470,457,1.00
470,458,1.00
470,459,1.00
458,460,1.00
459,460,1.00
460,460,1.00
461,460,1.00
462,460,1.00
463,460,1.00
464,460,1.00
465,460,1.00
466,460,1.00
467,460,1.00
468,460,1.00
469,460,1.00
470,460,1.00
471,448,1.00
471,449,1.00
471,450,1.00
471,451,1.00
471,452,1.00
471,453,1.00
471,454,1.00
471,455,1.00
471,456,1.00
471,457,1.00
471,458,1.00
471,459,1.00
471,460,1.00
472,448,1.00
472,449,1.00
472,450,1.00
472,451,1.00
472,452,1.00
472,453,1.00
472,454,1.00
472,455,1.00
472,456,1.00
472,457,1.00
472,458,1.00
472,459,1.00
472,460,1.00
473,448,0.46
473,449,0.92
473,450,1.00
473,451,1.00
473,452,1.00
473,453,1.00
473,454,1.00
473,455,1.00
473,456,1.00
473,457,1.00
473,458,1.00
473,459,1.00
473,460,1.00
474,448,0.23
474,449,0.69
474,450,1.00
474,451,1.00
474,452,1.00
474,453,1.00
474,454,1.00
474,455,1.00
474,456,1.00
474,457,1.00
474,458,1.00
474,459,1.00
474,460,1.00
475,449,0.46
475,450,1.00
475,451,1.00
475,452,1.00
475,453,1.00
475,454,1.00
475,455,1.00
475,456,1.00
475,457,1.00
475,458,1.00
475,459,1.00
475,460,1.00
463,461,1.00
464,461,1.00
465,461,1.00
466,461,1.00
467,461,1.00
468,461,1.00
469,461,1.00
470,461,1.00
471,461,1.00
472,461,1.00
473,461,1.00
474,461,1.00
475,461,1.00
476,449,0.23
476,450,0.92
476,451,1.00
476,452,1.00
476,453,1.00
476,454,1.00
476,455,1.00
476,456,1.00
476,457,1.00
476,458,1.00
476,459,1.00
476,460,1.00
476,461,1.00
477,450,0.69
477,451,1.00
477,452,1.00
477,453,1.00
477,454,1.00
477,455,1.00
477,456,1.00
477,457,1.00
477,458,1.00
477,459,1.00
477,460,1.00
477,461,1.00
465,462,1.00
466,462,1.00
467,462,1.00
468,462,1.00
469,462,1.00
470,462,1.00
471,462,1.00
472,462,1.00
473,462,1.00
474,462,1.00
475,462,1.00
476,462,1.00
477,462,1.00
478,450,0.23
478,451,0.69
478,452,1.00
478,453,1.00
478,454,1.00
478,455,1.00
478,456,1.00
478,457,1.00
478,458,1.00
478,459,1.00
478,460,1.00
478,461,1.00
478,462,1.00
466,463,1.00
467,463,1.00
468,463,1.00
469,463,1.00
470,463,1.00
471,463,1.00
472,463,1.00
473,463,1.00
474,463,1.00
475,463,1.00
476,463,1.00
477,463,1.00
478,463,1.00
479,451,0.23
479,452,1.00
479,453,1.00
479,454,1.00
479,455,1.00
479,456,1.00
479,457,1.00
479,458,1.00
479,459,1.00
479,460,1.00
479,461,1.00
479,462,1.00
479,463,1.00
480,452,1.00
480,453,1.00
480,454,1.00
480,455,1.00
480,456,1.00
480,457,1.00
480,458,1.00
480,459,1.00
480,460,1.00
480,461,1.00
480,462,1.00
480,463,1.00
468,464,1.00
469,464,1.00
470,464,1.00
471,464,1.00
472,464,1.00
473,464,1.00
474,464,1.00
475,464,1.00
476,464,1.00
477,464,1.00
478,464,1.00
479,464,1.00
480,464,1.00
481,452,0.69
481,453,1.00
481,454,1.00
481,455,1.00
481,456,1.00
481,457,1.00
481,458,1.00
481,459,1.00
481,460,1.00
481,461,1.00
481,462,1.00
481,463,1.00
481,464,1.00
482,452,0.46
482,453,1.00
482,454,1.00
482,455,1.00
482,456,1.00
482,457,1.00
482,458,1.00
482,459,1.00
482,460,1.00
482,461,1.00
482,462,1.00
482,463,1.00
482,464,1.00
470,465,1.00
471,465,1.00
472,465,1.00
473,465,1.00
474,465,1.00
475,465,1.00
476,465,1.00
477,465,1.00
478,465,1.00
479,465,1.00
480,465,1.00
481,465,1.00
482,465,1.00
483,453,0.69
483,454,1.00
483,455,1.00
483,456,1.00
483,457,1.00
483,458,1.00
483,459,1.00
483,460,1.00
483,461,1.00
483,462,1.00
483,463,1.00
483,464,1.00
483,465,1.00
484,453,0.23
484,454,0.69
484,455,1.00
484,456,1.00
484,457,1.00
484,458,1.00
484,459,1.00
484,460,1.00
484,461,1.00
484,462,1.00
484,463,1.00
484,464,1.00
484,465,1.00
485,454,0.46
485,455,0.92
485,456,1.00
485,457,1.00
485,458,1.00
485,459,1.00
485,460,1.00
485,461,1.00
485,462,1.00
485,463,1.00
485,464,1.00
485,465,1.00
473,466,1.00
474,466,1.00
475,466,1.00
476,466,1.00
477,466,1.00
478,466,1.00
479,466,1.00
480,466,1.00
481,466,1.00
482,466,1.00
483,466,1.00
484,466,1.00
485,466,1.00
486,454,0.23
486,455,0.69
486,456,0.92
486,457,1.00
486,458,1.00
486,459,1.00
486,460,1.00
486,461,1.00
486,462,1.00
486,463,1.00
486,464,1.00
486,465,1.00
486,466,1.00
474,467,1.00
475,467,1.00
476,467,1.00
477,467,1.00
478,467,1.00
479,467,1.00
480,467,1.00
481,467,1.00
482,467,1.00
483,467,1.00
484,467,1.00
485,467,1.00
486,467,1.00
487,455,0.23
488,455,0.23
487,456,0.46
488,456,0.46
487,457,0.92
488,457,0.92
487,458,1.00
488,458,1.00
487,459,1.00
488,459,1.00
487,460,1.00
488,460,1.00
487,461,1.00
488,461,1.00
487,462,1.00
488,462,1.00
487,463,1.00
488,463,1.00
487,464,1.00
488,464,1.00
487,465,1.00
488,465,1.00
487,466,1.00
488,466,1.00
487,467,1.00
488,467,1.00
489,456,0.23
489,457,0.69
489,458,1.00
489,459,1.00
489,460,1.00
489,461,1.00
489,462,1.00
489,463,1.00
489,464,1.00
489,465,1.00
489,466,1.00
489,467,1.00
477,468,1.00
478,468,1.00
479,468,1.00
480,468,1.00
481,468,1.00
482,468,1.00
483,468,1.00
484,468,1.00
485,468,1.00
486,468,1.00
487,468,1.00
488,468,1.00
489,468,1.00
490,457,0.46
490,458,1.00
490,459,1.00
490,460,1.00
490,461,1.00
490,462,1.00
490,463,1.00
490,464,1.00
490,465,1.00
490,466,1.00
490,467,1.00
490,468,1.00
478,469,1.00
479,469,1.00
480,469,1.00
481,469,1.00
482,469,1.00
483,469,1.00
484,469,1.00
485,469,1.00
486,469,1.00
487,469,1.00
488,469,1.00
489,469,1.00
490,469,1.00
491,457,0.23
491,458,1.00
491,459,1.00
491,460,1.00
491,461,1.00
491,462,1.00
491,463,1.00
491,464,1.00
491,465,1.00
491,466,1.00
491,467,1.00
491,468,1.00
491,469,1.00
479,470,1.00
480,470,1.00
481,470,1.00
482,470,1.00
483,470,1.00
484,470,1.00
485,470,1.00
486,470,1.00
487,470,1.00
488,470,1.00
489,470,1.00
490,470,1.00
491,470,1.00
492,458,0.92
492,459,1.00
492,460,1.00
492,461,1.00
492,462,1.00
492,463,1.00
492,464,1.00
492,465,1.00
492,466,1.00
492,467,1.00
492,468,1.00
492,469,1.00
492,470,1.00
493,458,0.69
493,459,1.00
493,460,1.00
493,461,1.00
493,462,1.00
493,463,1.00
493,464,1.00
493,465,1.00
493,466,1.00
493,467,1.00
493,468,1.00
493,469,1.00
493,470,1.00
494,458,0.23
494,459,0.69
494,460,1.00
494,461,1.00
494,462,1.00
494,463,1.00
494,464,1.00
494,465,1.00
494,466,1.00
494,467,1.00
494,468,1.00
494,469,1.00
494,470,1.00
482,471,1.00
483,471,1.00
484,471,1.00
485,471,1.00
486,471,1.00
487,471,1.00
488,471,1.00
489,471,1.00
490,471,1.00
491,471,1.00
492,471,1.00
493,471,1.00
494,471,1.00
495,459,0.23
495,460,0.69
495,461,1.00
495,462,1.00
495,463,1.00
495,464,1.00
495,465,1.00
495,466,1.00
495,467,1.00
495,468,1.00
495,469,1.00
495,470,1.00
495,471,1.00
483,472,1.00
484,472,1.00
485,472,1.00
486,472,1.00
487,472,1.00
488,472,1.00
489,472,1.00
490,472,1.00
491,472,1.00
492,472,1.00
493,472,1.00
494,472,1.00
495,472,1.00
496,461,0.69
496,462,1.00
496,463,1.00
496,464,1.00
496,465,1.00
496,466,1.00
496,467,1.00
496,468,1.00
496,469,1.00
496,470,1.00
496,471,1.00
496,472,1.00
484,473,1.00
485,473,1.00
486,473,1.00
487,473,1.00
488,473,1.00
489,473,1.00
490,473,1.00
491,473,1.00
492,473,1.00
493,473,1.00
494,473,1.00
495,473,1.00
496,473,1.00
497,461,0.46
497,462,1.00
497,463,1.00
497,464,1.00
497,465,1.00
497,466,1.00
497,467,1.00
497,468,1.00
497,469,1.00
497,470,1.00
497,471,1.00
497,472,1.00
497,473,1.00
498,462,0.92
498,463,1.00
498,464,1.00
498,465,1.00
498,466,1.00
498,467,1.00
498,468,1.00
498,469,1.00
498,470,1.00
498,471,1.00
498,472,1.00
498,473,1.00
486,474,1.00
487,474,1.00
488,474,1.00
489,474,1.00
490,474,1.00
491,474,1.00
492,474,1.00
493,474,1.00
494,474,1.00
495,474,1.00
496,474,1.00
497,474,1.00
498,474,1.00
499,462,0.46
499,463,1.00
499,464,1.00
499,465,1.00
499,466,1.00
499,467,1.00
499,468,1.00
499,469,1.00
499,470,1.00
499,471,1.00
499,472,1.00
499,473,1.00
499,474,1.00
500,462,0.23
500,463,0.92
500,464,1.00
500,465,1.00
500,466,1.00
500,467,1.00
500,468,1.00
500,469,1.00
500,470,1.00
500,471,1.00
500,472,1.00
500,473,1.00
500,474,1.00
488,475,1.00
489,475,1.00
490,475,1.00
491,475,1.00
492,475,1.00
493,475,1.00
494,475,1.00
495,475,1.00
496,475,1.00
497,475,1.00
498,475,1.00
499,475,1.00
500,475,1.00
501,463,0.23
501,464,0.69
501,465,1.00
501,466,1.00
501,467,1.00
501,468,1.00
501,469,1.00
501,470,1.00
501,471,1.00
501,472,1.00
501,473,1.00
501,474,1.00
501,475,1.00
489,476,1.00
490,476,1.00
491,476,1.00
492,476,1.00
493,476,1.00
494,476,1.00
495,476,1.00
496,476,1.00
497,476,1.00
498,476,1.00
499,476,1.00
500,476,1.00
501,476,1.00
502,464,0.23
502,465,0.92
502,466,1.00
502,467,1.00
502,468,1.00
502,469,1.00
502,470,1.00
502,471,1.00
502,472,1.00
502,473,1.00
502,474,1.00
502,475,1.00
502,476,1.00
490,477,1.00
491,477,1.00
492,477,1.00
493,477,1.00
494,477,1.00
495,477,1.00
496,477,1.00
497,477,1.00
498,477,1.00
499,477,1.00
500,477,1.00
501,477,1.00
502,477,1.00
503,465,0.46
503,466,0.92
503,467,1.00
503,468,1.00
503,469,1.00
503,470,1.00
503,471,1.00
503,472,1.00
503,473,1.00
503,474,1.00
503,475,1.00
503,476,1.00
503,477,1.00
504,465,0.23
504,466,0.69
504,467,1.00
504,468,1.00
504,469,1.00
504,470,1.00
504,471,1.00
504,472,1.00
504,473,1.00
504,474,1.00
504,475,1.00
504,476,1.00
504,477,1.00
492,478,0.46
493,478,0.46
494,478,0.92
495,478,1.00
496,478,1.00
497,478,1.00
498,478,1.00
499,478,1.00
500,478,1.00
501,478,1.00
502,478,1.00
503,478,1.00
504,478,1.00
505,467,0.69
506,467,0.69
505,468,1.00
506,468,1.00
505,469,1.00
506,469,1.00
505,470,1.00
506,470,1.00
505,471,1.00
506,471,1.00
505,472,1.00
506,472,1.00
505,473,1.00
506,473,1.00
505,474,1.00
506,474,1.00
505,475,1.00
506,475,1.00
505,476,1.00
506,476,1.00
505,477,1.00
506,477,1.00
505,478,1.00
506,478,1.00
494,479,0.46
495,479,0.69
496,479,0.92
497,479,1.00
498,479,1.00
499,479,1.00
500,479,1.00
501,479,1.00
502,479,1.00
503,479,1.00
504,479,1.00
505,479,1.00
506,479,1.00
507,467,0.23
507,468,0.69
507,469,1.00
507,470,1.00
507,471,1.00
507,472,1.00
507,473,1.00
507,474,1.00
507,475,1.00
507,476,1.00
507,477,1.00
507,478,1.00
507,479,1.00
508,468,0.46
508,469,0.92
508,470,1.00
508,471,1.00
508,472,1.00
508,473,1.00
508,474,1.00
508,475,1.00
508,476,1.00
508,477,1.00
508,478,1.00
508,479,1.00
496,480,0.23
497,480,0.92
498,480,1.00
499,480,1.00
500,480,1.00
501,480,1.00
502,480,1.00
503,480,1.00
504,480,1.00
505,480,1.00
506,480,1.00
507,480,1.00
508,480,1.00
509,468,0.23
509,469,0.69
509,470,1.00
509,471,1.00
509,472,1.00
509,473,1.00
509,474,1.00
509,475,1.00
509,476,1.00
509,477,1.00
509,478,1.00
509,479,1.00
509,480,1.00
497,481,0.46
498,481,0.69
499,481,0.92
500,481,1.00
501,481,1.00
502,481,1.00
503,481,1.00
504,481,1.00
505,481,1.00
506,481,1.00
507,481,1.00
508,481,1.00
509,481,1.00
510,470,0.46
510,471,1.00
510,472,1.00
510,473,1.00
510,474,1.00
510,475,1.00
510,476,1.00
510,477,1.00
510,478,1.00
510,479,1.00
510,480,1.00
510,481,1.00
498,482,0.23
499,482,0.46
500,482,0.69
501,482,1.00
502,482,1.00
503,482,1.00
504,482,1.00
505,482,1.00
506,482,1.00
507,482,1.00
508,482,1.00
509,482,1.00
510,482,1.00
511,470,0.23
511,471,1.00
511,472,1.00
511,473,1.00
511,474,1.00
511,475,1.00
511,476,1.00
511,477,1.00
511,478,1.00
511,479,1.00
511,480,1.00
511,481,1.00
511,482,1.00
512,471,0.92
512,472,1.00
512,473,1.00
512,474,1.00
512,475,1.00
512,476,1.00
512,477,1.00
512,478,1.00
512,479,1.00
512,480,1.00
512,481,1.00
512,482,1.00
500,483,0.23
501,483,0.92
502,483,1.00
503,483,1.00
504,483,1.00
505,483,1.00
506,483,1.00
507,483,1.00
508,483,1.00
509,483,1.00
510,483,1.00
511,483,1.00
512,483,1.00
513,471,0.69
513,472,1.00
513,473,1.00
513,474,1.00
513,475,1.00
513,476,1.00
513,477,1.00
513,478,1.00
513,479,1.00
513,480,1.00
513,481,1.00
513,482,1.00
513,483,1.00
514,472,0.46
514,473,0.92
514,474,1.00
514,475,1.00
514,476,1.00
514,477,1.00
514,478,1.00
514,479,1.00
514,480,1.00
514,481,1.00
514,482,1.00
514,483,1.00
502,484,0.23
503,484,0.46
504,484,0.69
505,484,0.92
506,484,1.00
507,484,1.00
508,484,1.00
509,484,1.00
510,484,1.00
511,484,1.00
512,484,1.00
513,484,1.00
514,484,1.00
515,472,0.23
515,473,0.69
515,474,1.00
515,475,1.00
515,476,1.00
515,477,1.00
515,478,1.00
515,479,1.00
515,480,1.00
515,481,1.00
515,482,1.00
515,483,1.00
515,484,1.00
516,473,0.46
516,474,0.92
516,475,1.00
516,476,1.00
516,477,1.00
516,478,1.00
516,479,1.00
516,480,1.00
516,481,1.00
516,482,1.00
516,483,1.00
516,484,1.00
504,485,0.23
505,485,0.46
506,485,1.00
507,485,1.00
508,485,1.00
509,485,1.00
510,485,1.00
511,485,1.00
512,485,1.00
513,485,1.00
514,485,1.00
515,485,1.00
516,485,1.00
517,473,0.23
517,474,0.69
517,475,1.00
517,476,1.00
517,477,1.00
517,478,1.00
517,479,1.00
517,480,1.00
517,481,1.00
517,482,1.00
517,483,1.00
517,484,1.00
517,485,1.00
518,474,0.46
518,475,0.92
518,476,1.00
518,477,1.00
518,478,1.00
518,479,1.00
518,480,1.00
518,481,1.00
518,482,1.00
518,483,1.00
518,484,1.00
518,485,1.00
506,486,0.69
507,486,1.00
508,486,1.00
509,486,1.00
510,486,1.00
511,486,1.00
512,486,1.00
513,486,1.00
514,486,1.00
515,486,1.00
516,486,1.00
517,486,1.00
518,486,1.00
506,487,0.92
507,487,1.00
508,487,1.00
509,487,1.00
510,487,1.00
511,487,1.00
512,487,1.00
513,487,1.00
514,487,1.00
515,487,1.00
516,487,1.00
517,487,1.00
518,487,1.00
519,475,0.23
519,476,0.92
519,477,1.00
519,478,1.00
519,479,1.00
519,480,1.00
519,481,1.00
519,482,1.00
519,483,1.00
519,484,1.00
519,485,1.00
519,486,1.00
519,487,1.00
520,476,0.69
520,477,0.92
520,478,1.00
520,479,1.00
520,480,1.00
520,481,1.00
520,482,1.00
520,483,1.00
520,484,1.00
520,485,1.00
520,486,1.00
520,487,1.00
508,488,1.00
509,488,1.00
510,488,1.00
511,488,1.00
512,488,1.00
513,488,1.00
514,488,1.00
515,488,1.00
516,488,1.00
517,488,1.00
518,488,1.00
519,488,1.00
520,488,1.00
521,476,0.46
521,477,0.69
521,478,1.00
521,479,1.00
521,480,1.00
521,481,1.00
521,482,1.00
521,483,1.00
521,484,1.00
521,485,1.00
521,486,1.00
521,487,1.00
521,488,1.00
522,476,0.23
522,477,0.46
522,478,1.00
522,479,1.00
522,480,1.00
522,481,1.00
522,482,1.00
522,483,1.00
522,484,1.00
522,485,1.00
522,486,1.00
522,487,1.00
522,488,1.00
510,489,1.00
511,489,1.00
512,489,1.00
513,489,1.00
514,489,1.00
515,489,1.00
516,489,1.00
517,489,1.00
518,489,1.00
519,489,1.00
520,489,1.00
521,489,1.00
522,489,1.00
523,478,0.69
523,479,1.00
523,480,1.00
523,481,1.00
523,482,1.00
523,483,1.00
523,484,1.00
523,485,1.00
523,486,1.00
523,487,1.00
523,488,1.00
523,489,1.00
511,490,1.00
512,490,1.00
513,490,1.00
514,490,1.00
515,490,1.00
516,490,1.00
517,490,1.00
518,490,1.00
519,490,1.00
520,490,1.00
521,490,1.00
522,490,1.00
523,490,1.00
524,478,0.46
524,479,1.00
524,480,1.00
524,481,1.00
524,482,1.00
524,483,1.00
524,484,1.00
524,485,1.00
524,486,1.00
524,487,1.00
524,488,1.00
524,489,1.00
524,490,1.00
512,491,1.00
513,491,1.00
514,491,1.00
515,491,1.00
516,491,1.00
517,491,1.00
518,491,1.00
519,491,1.00
520,491,1.00
521,491,1.00
522,491,1.00
523,491,1.00
524,491,1.00
525,479,0.46
525,480,0.92
525,481,1.00
525,482,1.00
525,483,1.00
525,484,1.00
525,485,1.00
525,486,1.00
525,487,1.00
525,488,1.00
525,489,1.00
525,490,1.00
525,491,1.00
526,479,0.23
526,480,0.69
526,481,1.00
526,482,1.00
526,483,1.00
526,484,1.00
526,485,1.00
526,486,1.00
526,487,1.00
526,488,1.00
526,489,1.00
526,490,1.00
526,491,1.00
527,480,0.46
527,481,1.00
527,482,1.00
527,483,1.00
527,484,1.00
527,485,1.00
527,486,1.00
527,487,1.00
527,488,1.00
527,489,1.00
527,490,1.00
527,491,1.00
515,492,1.00
516,492,1.00
517,492,1.00
518,492,1.00
519,492,1.00
520,492,1.00
521,492,1.00
522,492,1.00
523,492,1.00
524,492,1.00
525,492,1.00
526,492,1.00
527,492,1.00
528,480,0.23
528,481,1.00
528,482,1.00
528,483,1.00
528,484,1.00
528,485,1.00
528,486,1.00
528,487,1.00
528,488,1.00
528,489,1.00
528,490,1.00
528,491,1.00
528,492,1.00
516,493,1.00
517,493,1.00
518,493,1.00
519,493,1.00
520,493,1.00
521,493,1.00
522,493,1.00
523,493,1.00
524,493,1.00
525,493,1.00
526,493,1.00
527,493,1.00
528,493,1.00
529,481,1.00
529,482,1.00
529,483,1.00
529,484,1.00
529,485,1.00
529,486,1.00
529,487,1.00
529,488,1.00
529,489,1.00
529,490,1.00
529,491,1.00
529,492,1.00
529,493,1.00
530,481,1.00
530,482,1.00
530,483,1.00
530,484,1.00
530,485,1.00
530,486,1.00
530,487,1.00
530,488,1.00
530,489,1.00
530,490,1.00
530,491,1.00
530,492,1.00
530,493,1.00
531,481,1.00
531,482,1.00
531,483,1.00
531,484,1.00
531,485,1.00
531,486,1.00
531,487,1.00
531,488,1.00
531,489,1.00
531,490,1.00
531,491,1.00
531,492,1.00
531,493,1.00
532,481,0.23
532,482,0.92
532,483,1.00
532,484,1.00
532,485,1.00
532,486,1.00
532,487,1.00
532,488,1.00
532,489,1.00
532,490,1.00
532,491,1.00
532,492,1.00
532,493,1.00
520,494,1.00
521,494,1.00
522,494,1.00
523,494,1.00
524,494,1.00
525,494,1.00
526,494,1.00
527,494,1.00
528,494,1.00
529,494,1.00
530,494,1.00
531,494,1.00
532,494,1.00
533,483,0.69
533,484,0.69
533,485,0.69
533,486,0.69
533,487,0.69
533,488,0.69
533,489,0.69
533,490,0.69
533,491,0.69
533,492,0.69
533,493,0.69
533,494,0.69
521,495,1.00
522,495,1.00
523,495,1.00
524,495,1.00
525,495,1.00
526,495,1.00
527,495,1.00
528,495,1.00
529,495,1.00
530,495,1.00
531,495,1.00
532,495,1.00
533,495,0.69
520,495,1.00
519,494,1.00
519,495,1.00
519,496,1.00
520,496,1.00
521,496,1.00
522,496,1.00
523,496,1.00
524,496,1.00
525,496,1.00
526,496,1.00
527,496,0.92
528,496,0.69
529,496,0.46
530,496,0.46
531,496,0.23
518,494,1.00
518,495,1.00
518,496,1.00
516,494,1.00
517,494,1.00
516,495,1.00
517,495,1.00
516,496,1.00
517,496,1.00
515,493,1.00
515,494,1.00
515,495,1.00
515,496,1.00
514,492,1.00
514,493,1.00
514,494,1.00
514,495,1.00
514,496,1.00
514,497,1.00
515,497,1.00
516,497,1.00
517,497,1.00
518,497,1.00
519,497,1.00
520,497,1.00
521,497,1.00
522,497,1.00
523,497,0.69
524,497,0.46
525,497,0.46
526,497,0.23
513,492,1.00
513,493,1.00
513,494,1.00
513,495,1.00
513,496,1.00
513,497,1.00
511,491,1.00
511,492,1.00
512,492,1.00
511,493,1.00
512,493,1.00
511,494,1.00
512,494,1.00
511,495,1.00
512,495,1.00
511,496,1.00
512,496,1.00
511,497,1.00
512,497,1.00
510,490,1.00
510,491,1.00
510,492,1.00
510,493,1.00
510,494,1.00
510,495,1.00
510,496,1.00
510,497,1.00
509,489,1.00
509,490,1.00
509,491,1.00
509,492,1.00
509,493,1.00
509,494,1.00
509,495,1.00
509,496,1.00
509,497,1.00
509,498,1.00
510,498,1.00
511,498,1.00
512,498,1.00
513,498,1.00
514,498,1.00
515,498,1.00
516,498,1.00
517,498,1.00
518,498,1.00
519,498,0.92
520,498,0.46
521,498,0.23
508,489,1.00
508,490,1.00
508,491,1.00
508,492,1.00
508,493,1.00
508,494,1.00
508,495,1.00
508,496,1.00
508,497,1.00
508,498,1.00
507,488,1.00
507,489,1.00
507,490,1.00
507,491,1.00
507,492,1.00
507,493,1.00
507,494,1.00
507,495,1.00
507,496,1.00
507,497,1.00
507,498,1.00
507,499,1.00
508,499,1.00
509,499,1.00
510,499,1.00
511,499,1.00
512,499,1.00
513,499,1.00
514,499,1.00
515,499,1.00
516,499,0.92
517,499,0.92
518,499,0.69
519,499,0.23
506,488,1.00
506,489,1.00
506,490,1.00
506,491,1.00
506,492,1.00
506,493,1.00
506,494,1.00
506,495,1.00
506,496,1.00
506,497,1.00
506,498,1.00
506,499,1.00
505,487,0.23
505,488,1.00
505,489,1.00
505,490,1.00
505,491,1.00
505,492,1.00
505,493,1.00
505,494,1.00
505,495,1.00
505,496,1.00
505,497,1.00
505,498,1.00
505,499,1.00
503,488,0.92
504,488,0.92
503,489,1.00
504,489,1.00
503,490,1.00
504,490,1.00
503,491,1.00
504,491,1.00
503,492,1.00
504,492,1.00
503,493,1.00
504,493,1.00
503,494,1.00
504,494,1.00
503,495,1.00
504,495,1.00
503,496,1.00
504,496,1.00
503,497,1.00
504,497,1.00
503,498,1.00
504,498,1.00
503,499,1.00
504,499,1.00
503,500,1.00
504,500,1.00
505,500,1.00
506,500,1.00
507,500,1.00
508,500,1.00
509,500,1.00
510,500,1.00
511,500,1.00
512,500,0.92
513,500,0.69
514,500,0.46
515,500,0.23
502,488,0.69
502,489,1.00
502,490,1.00
502,491,1.00
502,492,1.00
502,493,1.00
502,494,1.00
502,495,1.00
502,496,1.00
502,497,1.00
502,498,1.00
502,499,1.00
502,500,1.00
501,488,0.46
501,489,1.00
501,490,1.00
501,491,1.00
501,492,1.00
501,493,1.00
501,494,1.00
501,495,1.00
501,496,1.00
501,497,1.00
501,498,1.00
501,499,1.00
501,500,1.00
500,488,0.23
500,489,1.00
500,490,1.00
500,491,1.00
500,492,1.00
500,493,1.00
500,494,1.00
500,495,1.00
500,496,1.00
500,497,1.00
500,498,1.00
500,499,1.00
500,500,1.00
499,489,1.00
499,490,1.00
499,491,1.00
499,492,1.00
499,493,1.00
499,494,1.00
499,495,1.00
499,496,1.00
499,497,1.00
499,498,1.00
499,499,1.00
499,500,1.00
499,501,1.00
500,501,1.00
501,501,1.00
502,501,1.00
503,501,1.00
504,501,1.00
505,501,1.00
506,501,1.00
507,501,1.00
508,501,1.00
509,501,0.92
510,501,0.46
511,501,0.23
498,489,1.00
498,490,1.00
498,491,1.00
498,492,1.00
498,493,1.00
498,494,1.00
498,495,1.00
498,496,1.00
498,497,1.00
498,498,1.00
498,499,1.00
498,500,1.00
498,501,1.00
497,489,0.92
497,490,1.00
497,491,1.00
497,492,1.00
497,493,1.00
497,494,1.00
497,495,1.00
497,496,1.00
497,497,1.00
497,498,1.00
497,499,1.00
497,500,1.00
497,501,1.00
496,489,0.46
496,490,1.00
496,491,1.00
496,492,1.00
496,493,1.00
496,494,1.00
496,495,1.00
496,496,1.00
496,497,1.00
496,498,1.00
496,499,1.00
496,500,1.00
496,501,1.00
495,489,0.23
495,490,0.92
495,491,1.00
495,492,1.00
495,493,1.00
495,494,1.00
495,495,1.00
495,496,1.00
495,497,1.00
495,498,1.00
495,499,1.00
495,500,1.00
495,501,1.00
493,490,0.69
494,490,0.69
493,491,1.00
494,491,1.00
493,492,1.00
494,492,1.00
493,493,1.00
494,493,1.00
493,494,1.00
494,494,1.00
493,495,1.00
494,495,1.00
493,496,1.00
494,496,1.00
493,497,1.00
494,497,1.00
493,498,1.00
494,498,1.00
493,499,1.00
494,499,1.00
493,500,1.00
494,500,1.00
493,501,1.00
494,501,1.00
493,502,1.00
494,502,1.00
495,502,1.00
496,502,1.00
497,502,1.00
498,502,1.00
499,502,0.92
500,502,0.92
501,502,0.69
502,502,0.69
503,502,0.46
504,502,0.46
505,502,0.23
492,490,0.46
492,491,1.00
492,492,1.00
492,493,1.00
492,494,1.00
492,495,1.00
492,496,1.00
492,497,1.00
492,498,1.00
492,499,1.00
492,500,1.00
492,501,1.00
492,502,1.00
490,490,0.23
491,490,0.23
490,491,1.00
491,491,1.00
490,492,1.00
491,492,1.00
490,493,1.00
491,493,1.00
490,494,1.00
491,494,1.00
490,495,1.00
491,495,1.00
490,496,1.00
491,496,1.00
490,497,1.00
491,497,1.00
490,498,1.00
491,498,1.00
490,499,1.00
491,499,1.00
490,500,1.00
491,500,1.00
490,501,1.00
491,501,1.00
490,502,1.00
491,502,1.00
488,491,0.92
489,491,0.92
488,492,1.00
489,492,1.00
488,493,1.00
489,493,1.00
488,494,1.00
489,494,1.00
488,495,1.00
489,495,1.00
488,496,1.00
489,496,1.00
488,497,1.00
489,497,1.00
488,498,1.00
489,498,1.00
488,499,1.00
489,499,1.00
488,500,1.00
489,500,1.00
488,501,1.00
489,501,1.00
488,502,1.00
489,502,1.00
488,503,1.00
489,503,1.00
490,503,1.00
491,503,1.00
492,503,1.00
493,503,1.00
494,503,1.00
495,503,1.00
496,503,0.69
497,503,0.69
498,503,0.46
499,503,0.23
500,503,0.23
486,491,0.69
487,491,0.69
486,492,1.00
487,492,1.00
486,493,1.00
487,493,1.00
486,494,1.00
487,494,1.00
486,495,1.00
487,495,1.00
486,496,1.00
487,496,1.00
486,497,1.00
487,497,1.00
486,498,1.00
487,498,1.00
486,499,1.00
487,499,1.00
486,500,1.00
487,500,1.00
486,501,1.00
487,501,1.00
486,502,1.00
487,502,1.00
486,503,1.00
487,503,1.00
485,491,0.46
485,492,1.00
485,493,1.00
485,494,1.00
485,495,1.00
485,496,1.00
485,497,1.00
485,498,1.00
485,499,1.00
485,500,1.00
485,501,1.00
485,502,1.00
485,503,1.00
483,491,0.23
484,491,0.23
483,492,0.92
484,492,0.92
483,493,1.00
484,493,1.00
483,494,1.00
484,494,1.00
483,495,1.00
484,495,1.00
483,496,1.00
484,496,1.00
483,497,1.00
484,497,1.00
483,498,1.00
484,498,1.00
483,499,1.00
484,499,1.00
483,500,1.00
484,500,1.00
483,501,1.00
484,501,1.00
483,502,1.00
484,502,1.00
483,503,1.00
484,503,1.00
483,504,1.00
484,504,1.00
485,504,1.00
486,504,1.00
487,504,1.00
488,504,1.00
489,504,1.00
490,504,1.00
491,504,0.92
492,504,0.69
493,504,0.46
494,504,0.23
495,504,0.23
481,492,0.46
482,492,0.46
481,493,1.00
482,493,1.00
481,494,1.00
482,494,1.00
481,495,1.00
482,495,1.00
481,496,1.00
482,496,1.00
481,497,1.00
482,497,1.00
481,498,1.00
482,498,1.00
481,499,1.00
482,499,1.00
481,500,1.00
482,500,1.00
481,501,1.00
482,501,1.00
481,502,1.00
482,502,1.00
481,503,1.00
482,503,1.00
481,504,1.00
482,504,1.00
480,492,0.23
480,493,0.92
480,494,1.00
480,495,1.00
480,496,1.00
480,497,1.00
480,498,1.00
480,499,1.00
480,500,1.00
480,501,1.00
480,502,1.00
480,503,1.00
480,504,1.00
479,493,0.69
479,494,1.00
479,495,1.00
479,496,1.00
479,497,1.00
479,498,1.00
479,499,1.00
479,500,1.00
479,501,1.00
479,502,1.00
479,503,1.00
479,504,1.00
479,505,1.00
480,505,1.00
481,505,1.00
482,505,1.00
483,505,1.00
484,505,1.00
485,505,1.00
486,505,1.00
487,505,0.92
488,505,0.69
489,505,0.69
490,505,0.46
491,505,0.23
478,493,0.46
478,494,1.00
478,495,1.00
478,496,1.00
478,497,1.00
478,498,1.00
478,499,1.00
478,500,1.00
478,501,1.00
478,502,1.00
478,503,1.00
478,504,1.00
478,505,1.00
477,493,0.23
477,494,1.00
477,495,1.00
477,496,1.00
477,497,1.00
477,498,1.00
477,499,1.00
477,500,1.00
477,501,1.00
477,502,1.00
477,503,1.00
477,504,1.00
477,505,1.00
475,494,1.00
476,494,1.00
475,495,1.00
476,495,1.00
475,496,1.00
476,496,1.00
475,497,1.00
476,497,1.00
475,498,1.00
476,498,1.00
475,499,1.00
476,499,1.00
475,500,1.00
476,500,1.00
475,501,1.00
476,501,1.00
475,502,1.00
476,502,1.00
475,503,1.00
476,503,1.00
475,504,1.00
476,504,1.00
475,505,1.00
476,505,1.00
475,506,1.00
476,506,1.00
477,506,1.00
478,506,1.00
479,506,1.00
480,506,1.00
481,506,1.00
482,506,1.00
483,506,0.92
484,506,0.92
485,506,0.69
486,506,0.46
487,506,0.23
474,494,0.92
474,495,1.00
474,496,1.00
474,497,1.00
474,498,1.00
474,499,1.00
474,500,1.00
474,501,1.00
474,502,1.00
474,503,1.00
474,504,1.00
474,505,1.00
474,506,1.00
473,494,0.69
473,495,1.00
473,496,1.00
473,497,1.00
473,498,1.00
473,499,1.00
473,500,1.00
473,501,1.00
473,502,1.00
473,503,1.00
473,504,1.00
473,505,1.00
473,506,1.00
472,494,0.46
472,495,0.92
472,496,1.00
472,497,1.00
472,498,1.00
472,499,1.00
472,500,1.00
472,501,1.00
472,502,1.00
472,503,1.00
472,504,1.00
472,505,1.00
472,506,1.00
470,494,0.23
471,494,0.23
470,495,0.69
471,495,0.69
470,496,1.00
471,496,1.00
470,497,1.00
471,497,1.00
470,498,1.00
471,498,1.00
470,499,1.00
471,499,1.00
470,500,1.00
471,500,1.00
470,501,1.00
471,501,1.00
470,502,1.00
471,502,1.00
470,503,1.00
471,503,1.00
470,504,1.00
471,504,1.00
470,505,1.00
471,505,1.00
470,506,1.00
471,506,1.00
469,495,0.46
469,496,0.73
469,497,1.00
469,498,1.00
469,499,1.00
469,500,1.00
469,501,1.00
469,502,1.00
469,503,1.00
469,504,1.00
469,505,1.00
469,506,1.00
469,507,1.00
470,507,1.00
471,507,1.00
472,507,1.00
473,507,0.73
474,507,0.69
475,507,0.69
476,507,0.69
477,507,0.46
478,507,0.46
479,507,0.23
480,507,0.23
481,507,0.23
466,495,0.23
467,495,0.23
468,495,0.23
466,496,0.46
467,496,0.46
468,496,0.46
466,497,0.69
467,497,0.73
468,497,0.94
466,498,1.00
467,498,1.00
468,498,1.00
466,499,1.00
467,499,1.00
468,499,1.00
466,500,1.00
467,500,1.00
468,500,1.00
466,501,1.00
467,501,1.00
468,501,1.00
466,502,1.00
467,502,1.00
468,502,1.00
466,503,1.00
467,503,1.00
468,503,1.00
466,504,1.00
467,504,1.00
468,504,1.00
466,505,1.00
467,505,1.00
468,505,1.00
466,506,1.00
467,506,1.00
468,506,1.00
466,507,1.00
467,507,1.00
468,507,1.00
464,496,0.23
465,496,0.23
464,497,0.46
465,497,0.46
464,498,0.85
465,498,0.92
464,499,1.00
465,499,1.00
464,500,1.00
465,500,1.00
464,501,1.00
465,501,1.00
464,502,1.00
465,502,1.00
464,503,1.00
465,503,1.00
464,504,1.00
465,504,1.00
464,505,1.00
465,505,1.00
464,506,1.00
465,506,1.00
464,507,1.00
465,507,1.00
464,508,1.00
465,508,1.00
466,508,1.00
467,508,1.00
468,508,0.94
469,508,0.73
470,508,0.69
471,508,0.46
472,508,0.46
473,508,0.23
474,508,0.23
475,508,0.23
476,508,0.23
460,497,0.23
461,497,0.23
462,497,0.23
463,497,0.23
460,498,0.46
461,498,0.46
462,498,0.46
463,498,0.50
460,499,0.69
461,499,0.73
462,499,0.94
463,499,1.00
460,500,1.00
461,500,1.00
462,500,1.00
463,500,1.00
460,501,1.00
461,501,1.00
462,501,1.00
463,501,1.00
460,502,1.00
461,502,1.00
462,502,1.00
463,502,1.00
460,503,1.00
461,503,1.00
462,503,1.00
463,503,1.00
460,504,1.00
461,504,1.00
462,504,1.00
463,504,1.00
460,505,1.00
461,505,1.00
462,505,1.00
463,505,1.00
460,506,1.00
461,506,1.00
462,506,1.00
463,506,1.00
460,507,1.00
461,507,1.00
462,507,1.00
463,507,1.00
460,508,1.00
461,508,1.00
462,508,1.00
463,508,1.00
460,509,1.00
461,509,1.00
462,509,1.00
463,509,1.00
464,509,1.00
465,509,1.00
466,509,0.85
467,509,0.73
468,509,0.46
469,509,0.46
470,509,0.46
471,509,0.23
472,509,0.23
458,498,0.23
459,498,0.23
458,499,0.46
459,499,0.46
458,500,0.73
459,500,0.85
458,501,1.00
459,501,1.00
458,502,1.00
459,502,1.00
458,503,1.00
459,503,1.00
458,504,1.00
459,504,1.00
458,505,1.00
459,505,1.00
458,506,1.00
459,506,1.00
458,507,1.00
459,507,1.00
458,508,1.00
459,508,1.00
458,509,1.00
459,509,1.00
458,510,1.00
459,510,1.00
460,510,1.00
461,510,1.00
462,510,1.00
463,510,0.85
464,510,0.73
465,510,0.46
466,510,0.46
467,510,0.46
468,510,0.23
469,510,0.23
470,510,0.23
455,499,0.23
456,499,0.23
457,499,0.23
455,500,0.46
456,500,0.46
457,500,0.46
455,501,0.73
456,501,0.85
457,501,1.00
455,502,1.00
456,502,1.00
457,502,1.00
455,503,1.00
456,503,1.00
457,503,1.00
455,504,1.00
456,504,1.00
457,504,1.00
455,505,1.00
456,505,1.00
457,505,1.00
455,506,1.00
456,506,1.00
457,506,1.00
455,507,1.00
456,507,1.00
457,507,1.00
455,508,1.00
456,508,1.00
457,508,1.00
455,509,1.00
456,509,1.00
457,509,1.00
455,510,1.00
456,510,1.00
457,510,1.00
455,511,1.00
456,511,1.00
457,511,1.00
458,511,1.00
459,511,1.00
460,511,0.94
461,511,0.73
462,511,0.69
463,511,0.46
464,511,0.46
465,511,0.23
466,511,0.23
467,511,0.23
452,500,0.23
453,500,0.23
454,500,0.23
452,501,0.46
453,501,0.46
454,501,0.46
452,502,0.69
453,502,0.73
454,502,0.94
452,503,1.00
453,503,1.00
454,503,1.00
452,504,1.00
453,504,1.00
454,504,1.00
452,505,1.00
453,505,1.00
454,505,1.00
452,506,1.00
453,506,1.00
454,506,1.00
452,507,1.00
453,507,1.00
454,507,1.00
452,508,1.00
453,508,1.00
454,508,1.00
452,509,1.00
453,509,1.00
454,509,1.00
452,510,1.00
453,510,1.00
454,510,1.00
452,511,1.00
453,511,1.00
454,511,1.00
452,512,1.00
453,512,1.00
454,512,1.00
455,512,1.00
456,512,1.00
457,512,1.00
458,512,1.00
459,512,0.73
460,512,0.46
461,512,0.46
462,512,0.46
463,512,0.23
464,512,0.23
450,501,0.23
451,501,0.23
450,502,0.46
451,502,0.46
450,503,1.00
451,503,1.00
450,504,1.00
451,504,1.00
450,505,1.00
451,505,1.00
450,506,1.00
451,506,1.00
450,507,1.00
451,507,1.00
450,508,1.00
451,508,1.00
450,509,1.00
451,509,1.00
450,510,1.00
451,510,1.00
450,511,1.00
451,511,1.00
450,512,1.00
451,512,1.00
450,513,1.00
451,513,1.00
452,513,1.00
453,513,1.00
454,513,1.00
455,513,1.00
456,513,0.82
457,513,0.69
458,513,0.69
459,513,0.46
460,513,0.23
461,513,0.23
462,513,0.23
447,502,0.23
448,502,0.23
449,502,0.23
447,503,0.92
448,503,0.92
449,503,0.92
447,504,1.00
448,504,1.00
449,504,1.00
447,505,1.00
448,505,1.00
449,505,1.00
447,506,1.00
448,506,1.00
449,506,1.00
447,507,1.00
448,507,1.00
449,507,1.00
447,508,1.00
448,508,1.00
449,508,1.00
447,509,1.00
448,509,1.00
449,509,1.00
447,510,1.00
448,510,1.00
449,510,1.00
447,511,1.00
448,511,1.00
449,511,1.00
447,512,1.00
448,512,1.00
449,512,1.00
447,513,1.00
448,513,1.00
449,513,1.00
447,514,1.00
448,514,1.00
449,514,1.00
450,514,1.00
451,514,1.00
452,514,1.00
453,514,1.00
454,514,0.85
455,514,0.73
456,514,0.46
457,514,0.46
458,514,0.46
459,514,0.23
446,503,0.69
446,504,1.00
446,505,1.00
446,506,1.00
446,507,1.00
446,508,1.00
446,509,1.00
446,510,1.00
446,511,1.00
446,512,1.00
446,513,1.00
446,514,1.00
446,515,1.00
447,515,1.00
448,515,1.00
449,515,1.00
450,515,0.92
451,515,0.69
452,515,0.69
453,515,0.69
454,515,0.46
455,515,0.46
456,515,0.23
457,515,0.23
458,515,0.23
443,503,0.46
444,503,0.46
445,503,0.46
443,504,0.69
444,504,0.73
445,504,0.85
443,505,1.00
444,505,1.00
445,505,1.00
443,506,1.00
444,506,1.00
445,506,1.00
443,507,1.00
444,507,1.00
445,507,1.00
443,508,1.00
444,508,1.00
445,508,1.00
443,509,1.00
444,509,1.00
445,509,1.00
443,510,1.00
444,510,1.00
445,510,1.00
443,511,1.00
444,511,1.00
445,511,1.00
443,512,1.00
444,512,1.00
445,512,1.00
443,513,1.00
444,513,1.00
445,513,1.00
443,514,1.00
444,514,1.00
445,514,1.00
443,515,1.00
444,515,1.00
445,515,1.00
441,503,0.23
442,503,0.23
441,504,0.46
442,504,0.46
441,505,0.73
442,505,0.85
441,506,1.00
442,506,1.00
441,507,1.00
442,507,1.00
441,508,1.00
442,508,1.00
441,509,1.00
442,509,1.00
441,510,1.00
442,510,1.00
441,511,1.00
442,511,1.00
441,512,1.00
442,512,1.00
441,513,1.00
442,513,1.00
441,514,1.00
442,514,1.00
441,515,1.00
442,515,1.00
438,504,0.23
439,504,0.23
440,504,0.23
438,505,0.46
439,505,0.46
440,505,0.46
438,506,0.92
439,506,0.92
440,506,1.00
438,507,1.00
439,507,1.00
440,507,1.00
438,508,1.00
439,508,1.00
440,508,1.00
438,509,1.00
439,509,1.00
440,509,1.00
438,510,1.00
439,510,1.00
440,510,1.00
438,511,1.00
439,511,1.00
440,511,1.00
438,512,1.00
439,512,1.00
440,512,1.00
438,513,1.00
439,513,1.00
440,513,1.00
438,514,1.00
439,514,1.00
440,514,1.00
438,515,1.00
439,515,1.00
440,515,1.00
438,516,1.00
439,516,1.00
440,516,1.00
441,516,1.00
442,516,1.00
443,516,1.00
444,516,1.00
445,516,1.00
446,516,0.73
447,516,0.69
448,516,0.46
449,516,0.46
450,516,0.23
437,505,0.23
437,506,0.69
437,507,1.00
437,508,1.00
437,509,1.00
437,510,1.00
437,511,1.00
437,512,1.00
437,513,1.00
437,514,1.00
437,515,1.00
437,516,1.00
437,517,1.00
438,517,1.00
439,517,1.00
440,517,1.00
441,517,1.00
442,517,1.00
443,517,1.00
444,517,0.96
445,517,0.69
446,517,0.46
447,517,0.46
448,517,0.23
449,517,0.23
435,506,0.46
436,506,0.46
435,507,0.92
436,507,0.96
435,508,1.00
436,508,1.00
435,509,1.00
436,509,1.00
435,510,1.00
436,510,1.00
435,511,1.00
436,511,1.00
435,512,1.00
436,512,1.00
435,513,1.00
436,513,1.00
435,514,1.00
436,514,1.00
435,515,1.00
436,515,1.00
435,516,1.00
436,516,1.00
435,517,1.00
436,517,1.00
435,518,1.00
436,518,1.00
437,518,1.00
438,518,1.00
439,518,1.00
440,518,1.00
441,518,1.00
442,518,0.92
443,518,0.92
444,518,0.69
445,518,0.46
446,518,0.23
447,518,0.23
433,506,0.23
434,506,0.23
433,507,0.69
434,507,0.69
433,508,1.00
434,508,1.00
433,509,1.00
434,509,1.00
433,510,1.00
434,510,1.00
433,511,1.00
434,511,1.00
433,512,1.00
434,512,1.00
433,513,1.00
434,513,1.00
433,514,1.00
434,514,1.00
433,515,1.00
434,515,1.00
433,516,1.00
434,516,1.00
433,517,1.00
434,517,1.00
433,518,1.00
434,518,1.00
432,507,0.46
432,508,1.00
432,509,1.00
432,510,1.00
432,511,1.00
432,512,1.00
432,513,1.00
432,514,1.00
432,515,1.00
432,516,1.00
432,517,1.00
432,518,1.00
432,519,1.00
433,519,1.00
434,519,1.00
435,519,1.00
436,519,1.00
437,519,1.00
438,519,1.00
439,519,1.00
440,519,0.92
441,519,0.92
442,519,0.46
443,519,0.46
444,519,0.23
431,507,0.23
431,508,1.00
431,509,1.00
431,510,1.00
431,511,1.00
431,512,1.00
431,513,1.00
431,514,1.00
431,515,1.00
431,516,1.00
431,517,1.00
431,518,1.00
431,519,1.00
429,508,0.92
430,508,0.92
429,509,1.00
430,509,1.00
429,510,1.00
430,510,1.00
429,511,1.00
430,511,1.00
429,512,1.00
430,512,1.00
429,513,1.00
430,513,1.00
429,514,1.00
430,514,1.00
429,515,1.00
430,515,1.00
429,516,1.00
430,516,1.00
429,517,1.00
430,517,1.00
429,518,1.00
430,518,1.00
429,519,1.00
430,519,1.00
429,520,1.00
430,520,1.00
431,520,1.00
432,520,1.00
433,520,1.00
434,520,1.00
435,520,1.00
436,520,1.00
437,520,0.92
438,520,0.92
439,520,0.69
440,520,0.46
441,520,0.46
427,508,0.46
428,508,0.46
427,509,1.00
428,509,1.00
427,510,1.00
428,510,1.00
427,511,1.00
428,511,1.00
427,512,1.00
428,512,1.00
427,513,1.00
428,513,1.00
427,514,1.00
428,514,1.00
427,515,1.00
428,515,1.00
427,516,1.00
428,516,1.00
427,517,1.00
428,517,1.00
427,518,1.00
428,518,1.00
427,519,1.00
428,519,1.00
427,520,1.00
428,520,1.00
426,508,0.23
426,509,1.00
426,510,1.00
426,511,1.00
426,512,1.00
426,513,1.00
426,514,1.00
426,515,1.00
426,516,1.00
426,517,1.00
426,518,1.00
426,519,1.00
426,520,1.00
424,509,0.92
425,509,0.92
424,510,1.00
425,510,1.00
424,511,1.00
425,511,1.00
424,512,1.00
425,512,1.00
424,513,1.00
425,513,1.00
424,514,1.00
425,514,1.00
424,515,1.00
425,515,1.00
424,516,1.00
425,516,1.00
424,517,1.00
425,517,1.00
424,518,1.00
425,518,1.00
424,519,1.00
425,519,1.00
424,520,1.00
425,520,1.00
424,521,1.00
425,521,1.00
426,521,1.00
427,521,1.00
428,521,1.00
429,521,1.00
430,521,1.00
431,521,1.00
432,521,1.00
433,521,0.92
434,521,0.92
435,521,0.69
436,521,0.46
423,509,0.46
423,510,1.00
423,511,1.00
423,512,1.00
423,513,1.00
423,514,1.00
423,515,1.00
423,516,1.00
423,517,1.00
423,518,1.00
423,519,1.00
423,520,1.00
423,521,1.00
422,509,0.23
422,510,1.00
422,511,1.00
422,512,1.00
422,513,1.00
422,514,1.00
422,515,1.00
422,516,1.00
422,517,1.00
422,518,1.00
422,519,1.00
422,520,1.00
422,521,1.00
420,510,1.00
421,510,1.00
420,511,1.00
421,511,1.00
420,512,1.00
421,512,1.00
420,513,1.00
421,513,1.00
420,514,1.00
421,514,1.00
420,515,1.00
421,515,1.00
420,516,1.00
421,516,1.00
420,517,1.00
421,517,1.00
420,518,1.00
421,518,1.00
420,519,1.00
421,519,1.00
420,520,1.00
421,520,1.00
420,521,1.00
421,521,1.00
420,522,1.00
421,522,1.00
422,522,1.00
423,522,1.00
424,522,1.00
425,522,1.00
426,522,1.00
427,522,1.00
428,522,0.92
429,522,0.69
430,522,0.69
431,522,0.46
432,522,0.46
418,510,0.69
419,510,0.69
418,511,1.00
419,511,1.00
418,512,1.00
419,512,1.00
418,513,1.00
419,513,1.00
418,514,1.00
419,514,1.00
418,515,1.00
419,515,1.00
418,516,1.00
419,516,1.00
418,517,1.00
419,517,1.00
418,518,1.00
419,518,1.00
418,519,1.00
419,519,1.00
418,520,1.00
419,520,1.00
418,521,1.00
419,521,1.00
418,522,1.00
419,522,1.00
416,510,0.46
417,510,0.46
416,511,1.00
417,511,1.00
416,512,1.00
417,512,1.00
416,513,1.00
417,513,1.00
416,514,1.00
417,514,1.00
416,515,1.00
417,515,1.00
416,516,1.00
417,516,1.00
416,517,1.00
417,517,1.00
416,518,1.00
417,518,1.00
416,519,1.00
417,519,1.00
416,520,1.00
417,520,1.00
416,521,1.00
417,521,1.00
416,522,1.00
417,522,1.00
415,510,0.23
415,511,0.92
415,512,1.00
415,513,1.00
415,514,1.00
415,515,1.00
415,516,1.00
415,517,1.00
415,518,1.00
415,519,1.00
415,520,1.00
415,521,1.00
415,522,1.00
414,511,0.69
414,512,1.00
414,513,1.00
414,514,1.00
414,515,1.00
414,516,1.00
414,517,1.00
414,518,1.00
414,519,1.00
414,520,1.00
414,521,1.00
414,522,1.00
414,523,1.00
415,523,1.00
416,523,1.00
417,523,1.00
418,523,1.00
419,523,0.92
420,523,0.92
421,523,0.69
422,523,0.69
423,523,0.46
424,523,0.46
425,523,0.23
426,523,0.23
412,511,0.46
413,511,0.46
412,512,1.00
413,512,1.00
412,513,1.00
413,513,1.00
412,514,1.00
413,514,1.00
412,515,1.00
413,515,1.00
412,516,1.00
413,516,1.00
412,517,1.00
413,517,1.00
412,518,1.00
413,518,1.00
412,519,1.00
413,519,1.00
412,520,1.00
413,520,1.00
412,521,1.00
413,521,1.00
412,522,1.00
413,522,1.00
412,523,1.00
413,523,1.00
410,511,0.23
411,511,0.23
410,512,1.00
411,512,1.00
410,513,1.00
411,513,1.00
410,514,1.00
411,514,1.00
410,515,1.00
411,515,1.00
410,516,1.00
411,516,1.00
410,517,1.00
411,517,1.00
410,518,1.00
411,518,1.00
410,519,1.00
411,519,1.00
410,520,1.00
411,520,1.00
410,521,1.00
411,521,1.00
410,522,1.00
411,522,1.00
410,523,1.00
411,523,1.00
408,512,1.00
409,512,1.00
408,513,1.00
409,513,1.00
408,514,1.00
409,514,1.00
408,515,1.00
409,515,1.00
408,516,1.00
409,516,1.00
408,517,1.00
409,517,1.00
408,518,1.00
409,518,1.00
408,519,1.00
409,519,1.00
408,520,1.00
409,520,1.00
408,521,1.00
409,521,1.00
408,522,1.00
409,522,1.00
408,523,1.00
409,523,1.00
408,524,1.00
409,524,1.00
410,524,1.00
411,524,1.00
412,524,1.00
413,524,1.00
414,524,0.92
415,524,0.69
416,524,0.69
417,524,0.69
418,524,0.46
419,524,0.23
420,524,0.23
406,512,1.00
407,512,0.92
406,513,1.00
407,513,1.00
406,514,1.00
407,514,1.00
406,515,1.00
407,515,1.00
406,516,1.00
407,516,1.00
406,517,1.00
407,517,1.00
406,518,1.00
407,518,1.00
406,519,1.00
407,519,1.00
406,520,1.00
407,520,1.00
406,521,1.00
407,521,1.00
406,522,1.00
407,522,1.00
406,523,1.00
407,523,1.00
406,524,1.00
407,524,1.00
405,512,0.96
405,513,1.00
405,514,1.00
405,515,1.00
405,516,1.00
405,517,1.00
405,518,1.00
405,519,1.00
405,520,1.00
405,521,1.00
405,522,1.00
405,523,1.00
405,524,1.00
402,512,1.00
403,512,1.00
404,512,1.00
402,513,1.00
403,513,1.00
404,513,1.00
402,514,1.00
403,514,1.00
404,514,1.00
402,515,1.00
403,515,1.00
404,515,1.00
402,516,1.00
403,516,1.00
404,516,1.00
402,517,1.00
403,517,1.00
404,517,1.00
402,518,1.00
403,518,1.00
404,518,1.00
402,519,1.00
403,519,1.00
404,519,1.00
402,520,1.00
403,520,1.00
404,520,1.00
402,521,1.00
403,521,1.00
404,521,1.00
402,522,1.00
403,522,1.00
404,522,1.00
402,523,1.00
403,523,1.00
404,523,1.00
402,524,1.00
403,524,1.00
404,524,1.00
401,512,1.00
401,513,1.00
401,514,1.00
401,515,1.00
401,516,1.00
401,517,1.00
401,518,1.00
401,519,1.00
401,520,1.00
401,521,1.00
401,522,1.00
401,523,1.00
401,524,1.00
399,513,1.00
400,513,1.00
399,514,1.00
400,514,1.00
399,515,1.00
400,515,1.00
399,516,1.00
400,516,1.00
399,517,1.00
400,517,1.00
399,518,1.00
400,518,1.00
399,519,1.00
400,519,1.00
399,520,1.00
400,520,1.00
399,521,1.00
400,521,1.00
399,522,1.00
400,522,1.00
399,523,1.00
400,523,1.00
399,524,1.00
400,524,1.00
399,525,1.00
400,525,1.00
401,525,1.00
402,525,1.00
403,525,1.00
404,525,1.00
405,525,1.00
406,525,1.00
407,525,0.92
408,525,0.69
409,525,0.69
410,525,0.23
411,525,0.23
397,513,1.00
398,513,1.00
397,514,1.00
398,514,1.00
397,515,1.00
398,515,1.00
397,516,1.00
398,516,1.00
397,517,1.00
398,517,1.00
397,518,1.00
398,518,1.00
397,519,1.00
398,519,1.00
397,520,1.00
398,520,1.00
397,521,1.00
398,521,1.00
397,522,1.00
398,522,1.00
397,523,1.00
398,523,1.00
397,524,1.00
398,524,1.00
397,525,1.00
398,525,1.00
395,514,1.00
396,514,1.00
395,515,1.00
396,515,1.00
395,516,1.00
396,516,1.00
395,517,1.00
396,517,1.00
395,518,1.00
396,518,1.00
395,519,1.00
396,519,1.00
395,520,1.00
396,520,1.00
395,521,1.00
396,521,1.00
395,522,1.00
396,522,1.00
395,523,1.00
396,523,1.00
395,524,1.00
396,524,1.00
395,525,1.00
396,525,1.00
395,526,1.00
396,526,1.00
397,526,1.00
398,526,1.00
399,526,1.00
400,526,1.00
401,526,1.00
402,526,1.00
403,526,0.92
404,526,0.69
405,526,0.46
406,526,0.46
407,526,0.23
394,514,1.00
394,515,1.00
394,516,1.00
394,517,1.00
394,518,1.00
394,519,1.00
394,520,1.00
394,521,1.00
394,522,1.00
394,523,1.00
394,524,1.00
394,525,1.00
394,526,1.00
392,515,1.00
393,515,1.00
392,516,1.00
393,516,1.00
392,517,1.00
393,517,1.00
392,518,1.00
393,518,1.00
392,519,1.00
393,519,1.00
392,520,1.00
393,520,1.00
392,521,1.00
393,521,1.00
392,522,1.00
393,522,1.00
392,523,1.00
393,523,1.00
392,524,1.00
393,524,1.00
392,525,1.00
393,525,1.00
392,526,1.00
393,526,1.00
392,527,1.00
393,527,1.00
394,527,1.00
395,527,1.00
396,527,1.00
397,527,1.00
398,527,1.00
399,527,1.00
400,527,1.00
401,527,0.69
402,527,0.69
403,527,0.46
404,527,0.23
391,515,0.23
391,516,0.46
391,517,1.00
391,518,1.00
391,519,1.00
391,520,1.00
391,521,1.00
391,522,1.00
391,523,1.00
391,524,1.00
391,525,1.00
391,526,1.00
391,527,1.00
390,516,0.23
390,517,0.92
390,518,1.00
390,519,1.00
390,520,1.00
390,521,1.00
390,522,1.00
390,523,1.00
390,524,1.00
390,525,1.00
390,526,1.00
390,527,1.00
390,528,1.00
391,528,1.00
392,528,1.00
393,528,1.00
394,528,1.00
395,528,1.00
396,528,1.00
397,528,1.00
398,528,0.92
399,528,0.69
400,528,0.69
401,528,0.23
402,528,0.23
388,517,0.69
389,517,0.69
388,518,1.00
389,518,1.00
388,519,1.00
389,519,1.00
388,520,1.00
389,520,1.00
388,521,1.00
389,521,1.00
388,522,1.00
389,522,1.00
388,523,1.00
389,523,1.00
388,524,1.00
389,524,1.00
388,525,1.00
389,525,1.00
388,526,1.00
389,526,1.00
388,527,1.00
389,527,1.00
388,528,1.00
389,528,1.00
388,529,1.00
389,529,1.00
390,529,1.00
391,529,1.00
392,529,1.00
393,529,1.00
394,529,1.00
395,529,1.00
396,529,0.92
397,529,0.69
398,529,0.69
399,529,0.46
400,529,0.46
386,517,0.23
387,517,0.23
386,518,0.69
387,518,0.69
386,519,0.96
387,519,1.00
386,520,1.00
387,520,1.00
386,521,1.00
387,521,1.00
386,522,1.00
387,522,1.00
386,523,1.00
387,523,1.00
386,524,1.00
387,524,1.00
386,525,1.00
387,525,1.00
386,526,1.00
387,526,1.00
386,527,1.00
387,527,1.00
386,528,1.00
387,528,1.00
386,529,1.00
387,529,1.00
384,518,0.46
385,518,0.46
384,519,0.69
385,519,0.69
384,520,1.00
385,520,1.00
384,521,1.00
385,521,1.00
384,522,1.00
385,522,1.00
384,523,1.00
385,523,1.00
384,524,1.00
385,524,1.00
384,525,1.00
385,525,1.00
384,526,1.00
385,526,1.00
384,527,1.00
385,527,1.00
384,528,1.00
385,528,1.00
384,529,1.00
385,529,1.00
384,530,1.00
385,530,1.00
386,530,1.00
387,530,1.00
388,530,1.00
389,530,1.00
390,530,1.00
391,530,0.92
392,530,0.69
393,530,0.69
394,530,0.46
395,530,0.46
396,530,0.23
383,518,0.23
383,519,0.46
383,520,0.92
383,521,1.00
383,522,1.00
383,523,1.00
383,524,1.00
383,525,1.00
383,526,1.00
383,527,1.00
383,528,1.00
383,529,1.00
383,530,1.00
381,519,0.23
382,519,0.23
381,520,0.69
382,520,0.69
381,521,1.00
382,521,1.00
381,522,1.00
382,522,1.00
381,523,1.00
382,523,1.00
381,524,1.00
382,524,1.00
381,525,1.00
382,525,1.00
381,526,1.00
382,526,1.00
381,527,1.00
382,527,1.00
381,528,1.00
382,528,1.00
381,529,1.00
382,529,1.00
381,530,1.00
382,530,1.00
381,531,1.00
382,531,1.00
383,531,1.00
384,531,1.00
385,531,1.00
386,531,1.00
387,531,1.00
388,531,0.96
389,531,0.69
390,531,0.69
391,531,0.46
392,531,0.23
393,531,0.23
379,520,0.46
380,520,0.46
379,521,0.92
380,521,0.92
379,522,1.00
380,522,1.00
379,523,1.00
380,523,1.00
379,524,1.00
380,524,1.00
379,525,1.00
380,525,1.00
379,526,1.00
380,526,1.00
379,527,1.00
380,527,1.00
379,528,1.00
380,528,1.00
379,529,1.00
380,529,1.00
379,530,1.00
380,530,1.00
379,531,1.00
380,531,1.00
379,532,1.00
380,532,1.00
381,532,1.00
382,532,1.00
383,532,1.00
384,532,1.00
385,532,1.00
386,532,0.92
387,532,0.69
388,532,0.69
389,532,0.46
390,532,0.46
391,532,0.23
378,520,0.23
378,521,0.69
378,522,1.00
378,523,1.00
378,524,1.00
378,525,1.00
378,526,1.00
378,527,1.00
378,528,1.00
378,529,1.00
378,530,1.00
378,531,1.00
378,532,1.00
376,521,0.46
377,521,0.46
376,522,0.69
377,522,0.73
376,523,1.00
377,523,1.00
376,524,1.00
377,524,1.00
376,525,1.00
377,525,1.00
376,526,1.00
377,526,1.00
376,527,1.00
377,527,1.00
376,528,1.00
377,528,1.00
376,529,1.00
377,529,1.00
376,530,1.00
377,530,1.00
376,531,1.00
377,531,1.00
376,532,1.00
377,532,1.00
376,533,1.00
377,533,1.00
378,533,1.00
379,533,1.00
380,533,1.00
381,533,1.00
382,533,1.00
383,533,0.92
384,533,0.69
385,533,0.69
386,533,0.46
387,533,0.23
388,533,0.23
374,521,0.23
375,521,0.23
374,522,0.46
375,522,0.46
374,523,0.69
375,523,0.69
374,524,0.96
375,524,1.00
374,525,1.00
375,525,1.00
374,526,1.00
375,526,1.00
374,527,1.00
375,527,1.00
374,528,1.00
375,528,1.00
374,529,1.00
375,529,1.00
374,530,1.00
375,530,1.00
374,531,1.00
375,531,1.00
374,532,1.00
375,532,1.00
374,533,1.00
375,533,1.00
373,522,0.23
373,523,0.46
373,524,0.69
373,525,1.00
373,526,1.00
373,527,1.00
373,528,1.00
373,529,1.00
373,530,1.00
373,531,1.00
373,532,1.00
373,533,1.00
373,534,1.00
374,534,1.00
375,534,1.00
376,534,1.00
377,534,1.00
378,534,1.00
379,534,1.00
380,534,1.00
381,534,0.69
382,534,0.69
383,534,0.46
384,534,0.23
385,534,0.23
371,523,0.69
372,523,0.46
371,524,0.69
372,524,0.46
371,525,0.69
372,525,0.69
371,526,1.00
372,526,1.00
371,527,1.00
372,527,1.00
371,528,1.00
372,528,1.00
371,529,1.00
372,529,1.00
371,530,1.00
372,530,1.00
371,531,1.00
372,531,1.00
371,532,1.00
372,532,1.00
371,533,1.00
372,533,1.00
371,534,1.00
372,534,1.00
371,535,1.00
372,535,1.00
373,535,1.00
374,535,1.00
375,535,1.00
376,535,1.00
377,535,1.00
378,535,0.94
379,535,0.73
380,535,0.69
381,535,0.46
382,535,0.46
383,535,0.23
370,524,0.69
370,525,0.46
370,526,0.92
370,527,1.00
370,528,1.00
370,529,1.00
370,530,1.00
370,531,1.00
370,532,1.00
370,533,1.00
370,534,1.00
370,535,1.00
370,536,1.00
371,536,1.00
372,536,1.00
373,536,1.00
374,536,1.00
375,536,1.00
376,536,0.85
377,536,0.73
378,536,0.46
379,536,0.46
380,536,0.46
381,536,0.23
382,536,0.23
368,525,0.69
369,525,0.23
368,526,0.69
369,526,0.69
368,527,1.00
369,527,1.00
368,528,1.00
369,528,1.00
368,529,1.00
369,529,1.00
368,530,1.00
369,530,1.00
368,531,1.00
369,531,1.00
368,532,1.00
369,532,1.00
368,533,1.00
369,533,1.00
368,534,1.00
369,534,1.00
368,535,1.00
369,535,1.00
368,536,1.00
369,536,1.00
368,537,1.00
369,537,1.00
370,537,1.00
371,537,1.00
372,537,1.00
373,537,1.00
374,537,0.73
375,537,0.69
376,537,0.46
377,537,0.46
378,537,0.23
379,537,0.23
380,537,0.23
365,526,1.00
366,526,0.92
367,526,0.69
365,527,1.00
366,527,1.00
367,527,1.00
365,528,1.00
366,528,1.00
367,528,1.00
365,529,1.00
366,529,1.00
367,529,1.00
365,530,1.00
366,530,1.00
367,530,1.00
365,531,1.00
366,531,1.00
367,531,1.00
365,532,1.00
366,532,1.00
367,532,1.00
365,533,1.00
366,533,1.00
367,533,1.00
365,534,1.00
366,534,1.00
367,534,1.00
365,535,1.00
366,535,1.00
367,535,1.00
365,536,1.00
366,536,1.00
367,536,1.00
365,537,1.00
366,537,1.00
367,537,1.00
365,538,1.00
366,538,1.00
367,538,1.00
368,538,1.00
369,538,1.00
370,538,1.00
371,538,0.92
372,538,0.69
373,538,0.69
374,538,0.46
375,538,0.46
376,538,0.23
377,538,0.23
363,526,1.00
364,526,0.96
363,527,1.00
364,527,1.00
363,528,1.00
364,528,1.00
363,529,1.00
364,529,1.00
363,530,1.00
364,530,1.00
363,531,1.00
364,531,1.00
363,532,1.00
364,532,1.00
363,533,1.00
364,533,1.00
363,534,1.00
364,534,1.00
363,535,1.00
364,535,1.00
363,536,1.00
364,536,1.00
363,537,1.00
364,537,1.00
363,538,1.00
364,538,1.00
361,527,1.00
362,527,1.00
361,528,1.00
362,528,1.00
361,529,1.00
362,529,1.00
361,530,1.00
362,530,1.00
361,531,1.00
362,531,1.00
361,532,1.00
362,532,1.00
361,533,1.00
362,533,1.00
361,534,1.00
362,534,1.00
361,535,1.00
362,535,1.00
361,536,1.00
362,536,1.00
361,537,1.00
362,537,1.00
361,538,1.00
362,538,1.00
361,539,1.00
362,539,1.00
363,539,1.00
364,539,1.00
365,539,1.00
366,539,1.00
367,539,1.00
368,539,1.00
369,539,0.69
370,539,0.69
371,539,0.46
372,539,0.23
373,539,0.23
359,527,1.00
360,527,1.00
359,528,1.00
360,528,1.00
359,529,1.00
360,529,1.00
359,530,1.00
360,530,1.00
359,531,1.00
360,531,1.00
359,532,1.00
360,532,1.00
359,533,1.00
360,533,1.00
359,534,1.00
360,534,1.00
359,535,1.00
360,535,1.00
359,536,1.00
360,536,1.00
359,537,1.00
360,537,1.00
359,538,1.00
360,538,1.00
359,539,1.00
360,539,1.00
358,528,1.00
358,529,1.00
358,530,1.00
358,531,1.00
358,532,1.00
358,533,1.00
358,534,1.00
358,535,1.00
358,536,1.00
358,537,1.00
358,538,1.00
358,539,1.00
358,540,1.00
359,540,1.00
360,540,1.00
361,540,1.00
362,540,1.00
363,540,1.00
364,540,1.00
365,540,1.00
366,540,0.92
367,540,0.92
368,540,0.69
369,540,0.23
370,540,0.23
356,528,1.00
357,528,1.00
356,529,1.00
357,529,1.00
356,530,1.00
357,530,1.00
356,531,1.00
357,531,1.00
356,532,1.00
357,532,1.00
356,533,1.00
357,533,1.00
356,534,1.00
357,534,1.00
356,535,1.00
357,535,1.00
356,536,1.00
357,536,1.00
356,537,1.00
357,537,1.00
356,538,1.00
357,538,1.00
356,539,1.00
357,539,1.00
356,540,1.00
357,540,1.00
355,529,1.00
355,530,1.00
355,531,1.00
355,532,1.00
355,533,1.00
355,534,1.00
355,535,1.00
355,536,1.00
355,537,1.00
355,538,1.00
355,539,1.00
355,540,1.00
355,541,1.00
356,541,1.00
357,541,1.00
358,541,1.00
359,541,1.00
360,541,1.00
361,541,1.00
362,541,0.92
363,541,0.69
364,541,0.69
365,541,0.46
366,541,0.23
367,541,0.23
353,529,1.00
354,529,1.00
353,530,1.00
354,530,1.00
353,531,1.00
354,531,1.00
353,532,1.00
354,532,1.00
353,533,1.00
354,533,1.00
353,534,1.00
354,534,1.00
353,535,1.00
354,535,1.00
353,536,1.00
354,536,1.00
353,537,1.00
354,537,1.00
353,538,1.00
354,538,1.00
353,539,1.00
354,539,1.00
353,540,1.00
354,540,1.00
353,541,1.00
354,541,1.00
352,530,1.00
352,531,1.00
352,532,1.00
352,533,1.00
352,534,1.00
352,535,1.00
352,536,1.00
352,537,1.00
352,538,1.00
352,539,1.00
352,540,1.00
352,541,1.00
352,542,1.00
353,542,1.00
354,542,1.00
355,542,1.00
356,542,1.00
357,542,1.00
358,542,1.00
359,542,1.00
360,542,0.69
361,542,0.69
362,542,0.46
363,542,0.23
364,542,0.23
350,531,1.00
351,531,1.00
350,532,1.00
351,532,1.00
350,533,1.00
351,533,1.00
350,534,1.00
351,534,1.00
350,535,1.00
351,535,1.00
350,536,1.00
351,536,1.00
350,537,1.00
351,537,1.00
350,538,1.00
351,538,1.00
350,539,1.00
351,539,1.00
350,540,1.00
351,540,1.00
350,541,1.00
351,541,1.00
350,542,1.00
351,542,1.00
350,543,1.00
351,543,1.00
352,543,1.00
353,543,1.00
354,543,1.00
355,543,1.00
356,543,1.00
357,543,1.00
358,543,1.00
359,543,0.92
360,543,0.46
361,543,0.46
362,543,0.23
349,532,1.00
349,533,1.00
349,534,1.00
349,535,1.00
349,536,1.00
349,537,1.00
349,538,1.00
349,539,1.00
349,540,1.00
349,541,1.00
349,542,1.00
349,543,1.00
349,544,1.00
350,544,1.00
351,544,1.00
352,544,1.00
353,544,1.00
354,544,1.00
355,544,1.00
356,544,1.00
357,544,1.00
358,544,0.92
359,544,0.69
360,544,0.23
361,544,0.23
347,533,1.00
348,533,1.00
347,534,1.00
348,534,1.00
347,535,1.00
348,535,1.00
347,536,1.00
348,536,1.00
347,537,1.00
348,537,1.00
347,538,1.00
348,538,1.00
347,539,1.00
348,539,1.00
347,540,1.00
348,540,1.00
347,541,1.00
348,541,1.00
347,542,1.00
348,542,1.00
347,543,1.00
348,543,1.00
347,544,1.00
348,544,1.00
347,545,1.00
348,545,1.00
349,545,1.00
350,545,1.00
351,545,1.00
352,545,1.00
353,545,1.00
354,545,1.00
355,545,1.00
356,545,1.00
357,545,0.92
358,545,0.69
359,545,0.46
346,534,1.00
346,535,1.00
346,536,1.00
346,537,1.00
346,538,1.00
346,539,1.00
346,540,1.00
346,541,1.00
346,542,1.00
346,543,1.00
346,544,1.00
346,545,1.00
346,546,1.00
347,546,1.00
348,546,1.00
349,546,1.00
350,546,1.00
351,546,1.00
352,546,1.00
353,546,1.00
354,546,1.00
355,546,1.00
356,546,0.92
357,546,0.46
358,546,0.23
345,534,1.00
345,535,1.00
345,536,1.00
345,537,1.00
345,538,1.00
345,539,1.00
345,540,1.00
345,541,1.00
345,542,1.00
345,543,1.00
345,544,1.00
345,545,1.00
345,546,1.00
344,534,1.00
344,535,1.00
344,536,1.00
344,537,1.00
344,538,1.00
344,539,1.00
344,540,1.00
344,541,1.00
344,542,1.00
344,543,1.00
344,544,1.00
344,545,1.00
344,546,1.00
343,535,1.00
343,536,1.00
343,537,1.00
343,538,1.00
343,539,1.00
343,540,1.00
343,541,1.00
343,542,1.00
343,543,1.00
343,544,1.00
343,545,1.00
343,546,1.00
343,547,1.00
344,547,1.00
345,547,1.00
346,547,1.00
347,547,1.00
348,547,1.00
349,547,1.00
350,547,1.00
351,547,0.92
352,547,0.69
353,547,0.69
354,547,0.46
355,547,0.23
342,535,1.00
342,536,1.00
342,537,1.00
342,538,1.00
342,539,1.00
342,540,1.00
342,541,1.00
342,542,1.00
342,543,1.00
342,544,1.00
342,545,1.00
342,546,1.00
342,547,1.00
341,535,1.00
341,536,1.00
341,537,1.00
341,538,1.00
341,539,1.00
341,540,1.00
341,541,1.00
341,542,1.00
341,543,1.00
341,544,1.00
341,545,1.00
341,546,1.00
341,547,1.00
339,535,1.00
340,535,1.00
339,536,1.00
340,536,1.00
339,537,1.00
340,537,1.00
339,538,1.00
340,538,1.00
339,539,1.00
340,539,1.00
339,540,1.00
340,540,1.00
339,541,1.00
340,541,1.00
339,542,1.00
340,542,1.00
339,543,1.00
340,543,1.00
339,544,1.00
340,544,1.00
339,545,1.00
340,545,1.00
339,546,1.00
340,546,1.00
339,547,1.00
340,547,1.00
338,536,1.00
338,537,1.00
338,538,1.00
338,539,1.00
338,540,1.00
338,541,1.00
338,542,1.00
338,543,1.00
338,544,1.00
338,545,1.00
338,546,1.00
338,547,1.00
338,548,1.00
339,548,1.00
340,548,1.00
341,548,1.00
342,548,1.00
343,548,1.00
344,548,1.00
345,548,1.00
346,548,1.00
347,548,0.92
348,548,0.46
349,548,0.46
350,548,0.23
337,536,0.92
337,537,1.00
337,538,1.00
337,539,1.00
337,540,1.00
337,541,1.00
337,542,1.00
337,543,1.00
337,544,1.00
337,545,1.00
337,546,1.00
337,547,1.00
337,548,1.00
335,537,1.00
336,537,1.00
335,538,1.00
336,538,1.00
335,539,1.00
336,539,1.00
335,540,1.00
336,540,1.00
335,541,1.00
336,541,1.00
335,542,1.00
336,542,1.00
335,543,1.00
336,543,1.00
335,544,1.00
336,544,1.00
335,545,1.00
336,545,1.00
335,546,1.00
336,546,1.00
335,547,1.00
336,547,1.00
335,548,1.00
336,548,1.00
335,549,0.69
336,549,0.69
337,549,0.69
338,549,0.69
339,549,0.69
340,549,0.69
341,549,0.69
342,549,0.69
343,549,0.69
344,549,0.69
345,549,0.69
346,549,0.69
347,549,0.46
334,537,0.69
334,538,0.69
334,539,0.69
334,540,0.69
334,541,0.69
334,542,0.69
334,543,0.69
334,544,0.69
334,545,0.69
334,546,0.69
334,547,0.69
334,548,0.69
334,549,0.23
334,536,0.46
335,536,0.46
336,536,0.69
336,534,0.23
337,534,0.23
338,534,0.46
339,534,0.69
340,534,0.94
341,534,1.00
342,534,1.00
343,534,1.00
336,535,0.23
337,535,0.23
338,535,0.46
338,532,0.23
339,532,0.46
340,532,0.46
341,532,0.55
342,532,0.95
343,532,1.00
344,532,1.00
345,532,1.00
346,532,1.00
347,532,1.00
348,532,1.00
338,533,0.23
339,533,0.46
340,533,0.50
341,533,0.76
342,533,1.00
343,533,1.00
344,533,1.00
345,533,1.00
346,533,1.00
339,530,0.23
340,530,0.23
341,530,0.23
342,530,0.46
343,530,0.69
344,530,0.85
345,530,1.00
346,530,1.00
347,530,1.00
348,530,1.00
349,530,1.00
350,530,1.00
351,530,1.00
339,531,0.23
340,531,0.23
341,531,0.23
342,531,0.50
343,531,0.85
344,531,1.00
345,531,1.00
346,531,1.00
347,531,1.00
348,531,1.00
349,531,1.00
342,529,0.23
343,529,0.46
344,529,0.50
345,529,0.95
346,529,1.00
347,529,1.00
348,529,1.00
349,529,1.00
350,529,1.00
351,529,1.00
352,529,1.00
343,526,0.23
344,526,0.23
345,526,0.46
346,526,0.46
347,526,0.69
348,526,1.00
349,526,1.00
350,526,1.00
351,526,1.00
352,526,1.00
353,526,1.00
354,526,1.00
355,526,1.00
343,527,0.23
344,527,0.23
345,527,0.46
346,527,0.50
347,527,0.94
348,527,1.00
349,527,1.00
350,527,1.00
351,527,1.00
352,527,1.00
353,527,1.00
354,527,1.00
355,527,1.00
343,528,0.23
344,528,0.23
345,528,0.55
346,528,0.76
347,528,1.00
348,528,1.00
349,528,1.00
350,528,1.00
351,528,1.00
352,528,1.00
353,528,1.00
354,528,1.00
355,528,1.00
345,525,0.23
346,525,0.23
347,525,0.46
348,525,0.73
349,525,1.00
350,525,1.00
351,525,1.00
352,525,1.00
353,525,1.00
354,525,1.00
355,525,1.00
356,525,1.00
357,525,1.00
356,526,1.00
357,526,1.00
356,527,1.00
357,527,1.00
347,522,0.23
348,522,0.46
349,522,0.46
350,522,0.69
351,522,1.00
352,522,1.00
353,522,1.00
354,522,1.00
355,522,1.00
356,522,1.00
357,522,1.00
358,522,1.00
359,522,1.00
347,523,0.23
348,523,0.46
349,523,0.46
350,523,0.82
351,523,1.00
352,523,1.00
353,523,1.00
354,523,1.00
355,523,1.00
356,523,1.00
357,523,1.00
358,523,1.00
359,523,1.00
347,524,0.23
348,524,0.46
349,524,0.59
350,524,1.00
351,524,1.00
352,524,1.00
353,524,1.00
354,524,1.00
355,524,1.00
356,524,1.00
357,524,1.00
358,524,1.00
359,524,1.00
358,525,1.00
359,525,1.00
358,526,1.00
359,526,1.00
358,527,1.00
348,521,0.23
349,521,0.23
350,521,0.46
351,521,0.69
352,521,0.94
353,521,1.00
354,521,1.00
355,521,1.00
356,521,1.00
357,521,1.00
358,521,1.00
359,521,1.00
360,521,1.00
360,522,1.00
360,523,1.00
360,524,1.00
360,525,1.00
360,526,1.00
350,519,0.23
351,519,0.46
352,519,0.46
353,519,0.78
354,519,1.00
355,519,1.00
356,519,1.00
357,519,1.00
358,519,1.00
359,519,1.00
360,519,1.00
361,519,1.00
362,519,1.00
350,520,0.23
351,520,0.46
352,520,0.50
353,520,0.99
354,520,1.00
355,520,1.00
356,520,1.00
357,520,1.00
358,520,1.00
359,520,1.00
360,520,1.00
361,520,1.00
362,520,1.00
361,521,1.00
362,521,1.00
361,522,1.00
362,522,1.00
361,523,1.00
362,523,1.00
361,524,1.00
362,524,1.00
361,525,1.00
362,525,1.00
361,526,1.00
362,526,1.00
351,517,0.23
352,517,0.23
353,517,0.46
354,517,0.69
355,517,0.92
356,517,1.00
357,517,1.00
358,517,1.00
359,517,1.00
360,517,1.00
361,517,1.00
362,517,1.00
363,517,1.00
351,518,0.23
352,518,0.23
353,518,0.46
354,518,0.73
355,518,1.00
356,518,1.00
357,518,1.00
358,518,1.00
359,518,1.00
360,518,1.00
361,518,1.00
362,518,1.00
363,518,1.00
363,519,1.00
363,520,1.00
363,521,1.00
363,522,1.00
363,523,1.00
363,524,1.00
363,525,1.00
364,517,1.00
365,517,1.00
364,518,1.00
365,518,1.00
364,519,1.00
365,519,1.00
364,520,1.00
365,520,1.00
364,521,1.00
365,521,1.00
364,522,1.00
365,522,1.00
364,523,1.00
365,523,1.00
364,524,1.00
365,524,1.00
364,525,1.00
365,525,1.00
354,515,0.23
355,515,0.46
356,515,0.92
357,515,0.92
358,515,1.00
359,515,1.00
360,515,1.00
361,515,1.00
362,515,1.00
363,515,1.00
364,515,1.00
365,515,1.00
366,515,1.00
354,516,0.23
355,516,0.46
356,516,0.92
357,516,1.00
358,516,1.00
359,516,1.00
360,516,1.00
361,516,1.00
362,516,1.00
363,516,1.00
364,516,1.00
365,516,1.00
366,516,1.00
366,517,1.00
366,518,1.00
366,519,1.00
366,520,1.00
366,521,1.00
366,522,1.00
366,523,1.00
366,524,1.00
366,525,0.92
355,514,0.23
356,514,0.69
357,514,0.69
358,514,0.92
359,514,1.00
360,514,1.00
361,514,1.00
362,514,1.00
363,514,1.00
364,514,1.00
365,514,1.00
366,514,1.00
367,514,1.00
367,515,1.00
367,516,1.00
367,517,1.00
367,518,1.00
367,519,1.00
367,520,1.00
367,521,1.00
367,522,1.00
367,523,1.00
367,524,1.00
367,525,0.69
356,513,0.46
357,513,0.46
358,513,0.69
359,513,0.92
360,513,1.00
361,513,1.00
362,513,1.00
363,513,1.00
364,513,1.00
365,513,1.00
366,513,1.00
367,513,1.00
368,513,1.00
368,514,1.00
368,515,1.00
368,516,1.00
368,517,1.00
368,518,1.00
368,519,1.00
368,520,1.00
368,521,1.00
368,522,1.00
368,523,1.00
368,524,0.92
358,512,0.23
359,512,0.46
360,512,0.92
361,512,1.00
362,512,1.00
363,512,1.00
364,512,1.00
365,512,1.00
366,512,1.00
367,512,1.00
368,512,1.00
369,512,1.00
370,512,1.00
369,513,1.00
370,513,1.00
369,514,1.00
370,514,1.00
369,515,1.00
370,515,1.00
369,516,1.00
370,516,1.00
369,517,1.00
370,517,1.00
369,518,1.00
370,518,1.00
369,519,1.00
370,519,1.00
369,520,1.00
370,520,1.00
369,521,1.00
370,521,1.00
369,522,1.00
370,522,0.92
369,523,0.69
370,523,0.69
369,524,0.46
371,512,1.00
371,513,1.00
371,514,1.00
371,515,1.00
371,516,1.00
371,517,1.00
371,518,1.00
371,519,1.00
371,520,1.00
371,521,0.92
371,522,0.69
360,511,0.46
361,511,0.69
362,511,0.92
363,511,1.00
364,511,1.00
365,511,1.00
366,511,1.00
367,511,1.00
368,511,1.00
369,511,1.00
370,511,1.00
371,511,1.00
372,511,1.00
372,512,1.00
372,513,1.00
372,514,1.00
372,515,1.00
372,516,1.00
372,517,1.00
372,518,1.00
372,519,1.00
372,520,1.00
372,521,0.69
372,522,0.46
360,510,0.23
361,510,0.46
362,510,0.69
363,510,0.92
364,510,1.00
365,510,1.00
366,510,1.00
367,510,1.00
368,510,1.00
369,510,1.00
370,510,1.00
371,510,1.00
372,510,1.00
361,509,0.23
362,509,0.46
363,509,0.69
364,509,0.92
365,509,1.00
366,509,1.00
367,509,1.00
368,509,1.00
369,509,1.00
370,509,1.00
371,509,1.00
372,509,1.00
373,509,1.00
373,510,1.00
373,511,1.00
373,512,1.00
373,513,1.00
373,514,1.00
373,515,1.00
373,516,1.00
373,517,1.00
373,518,1.00
373,519,1.00
373,520,0.92
373,521,0.23
362,508,0.23
363,508,0.46
364,508,0.69
365,508,1.00
366,508,1.00
367,508,1.00
368,508,1.00
369,508,1.00
370,508,1.00
371,508,1.00
372,508,1.00
373,508,1.00
374,508,1.00
374,509,1.00
374,510,1.00
374,511,1.00
374,512,1.00
374,513,1.00
374,514,1.00
374,515,1.00
374,516,1.00
374,517,1.00
374,518,1.00
374,519,1.00
374,520,0.69
375,508,1.00
375,509,1.00
375,510,1.00
375,511,1.00
375,512,1.00
375,513,1.00
375,514,1.00
375,515,1.00
375,516,1.00
375,517,1.00
375,518,0.92
375,519,0.92
375,520,0.46
376,508,1.00
376,509,1.00
376,510,1.00
376,511,1.00
376,512,1.00
376,513,1.00
376,514,1.00
376,515,1.00
376,516,1.00
376,517,0.92
376,518,0.69
376,519,0.69
376,520,0.23
365,507,0.46
366,507,0.46
367,507,0.69
368,507,0.92
369,507,1.00
370,507,1.00
371,507,1.00
372,507,1.00
373,507,1.00
374,507,1.00
375,507,1.00
376,507,1.00
377,507,1.00
377,508,1.00
377,509,1.00
377,510,1.00
377,511,1.00
377,512,1.00
377,513,1.00
377,514,1.00
377,515,1.00
377,516,0.92
377,517,0.69
377,518,0.46
377,519,0.46
367,505,0.23
368,505,0.46
369,505,0.46
370,505,0.92
371,505,1.00
372,505,1.00
373,505,1.00
374,505,1.00
375,505,1.00
376,505,1.00
377,505,1.00
378,505,1.00
379,505,1.00
367,506,0.23
368,506,0.46
369,506,0.46
370,506,1.00
371,506,1.00
372,506,1.00
373,506,1.00
374,506,1.00
375,506,1.00
376,506,1.00
377,506,1.00
378,506,1.00
379,506,1.00
378,507,1.00
379,507,1.00
378,508,1.00
379,508,1.00
378,509,1.00
379,509,1.00
378,510,1.00
379,510,1.00
378,511,1.00
379,511,1.00
378,512,1.00
379,512,1.00
378,513,1.00
379,513,1.00
378,514,1.00
379,514,1.00
378,515,0.92
379,515,0.92
378,516,0.46
379,516,0.46
378,517,0.23
379,517,0.23
368,504,0.23
369,504,0.23
370,504,0.69
371,504,0.92
372,504,1.00
373,504,1.00
374,504,1.00
375,504,1.00
376,504,1.00
377,504,1.00
378,504,1.00
379,504,1.00
380,504,1.00
380,505,1.00
380,506,1.00
380,507,1.00
380,508,1.00
380,509,1.00
380,510,1.00
380,511,1.00
380,512,1.00
380,513,1.00
380,514,0.92
380,515,0.69
380,516,0.23
370,503,0.46
371,503,0.69
372,503,0.92
373,503,0.92
374,503,1.00
375,503,1.00
376,503,1.00
377,503,1.00
378,503,1.00
379,503,1.00
380,503,1.00
381,503,1.00
382,503,1.00
381,504,1.00
382,504,1.00
381,505,1.00
382,505,1.00
381,506,1.00
382,506,1.00
381,507,1.00
382,507,1.00
381,508,1.00
382,508,1.00
381,509,1.00
382,509,1.00
381,510,1.00
382,510,1.00
381,511,1.00
382,511,1.00
381,512,1.00
382,512,0.92
381,513,0.92
382,513,0.92
381,514,0.69
382,514,0.69
381,515,0.46
382,515,0.46
371,502,0.23
372,502,0.46
373,502,0.46
374,502,0.69
375,502,1.00
376,502,1.00
377,502,1.00
378,502,1.00
379,502,1.00
380,502,1.00
381,502,1.00
382,502,1.00
383,502,1.00
383,503,1.00
383,504,1.00
383,505,1.00
383,506,1.00
383,507,1.00
383,508,1.00
383,509,1.00
383,510,0.96
383,511,0.46
383,512,0.46
383,513,0.46
383,514,0.23
372,501,0.23
373,501,0.23
374,501,0.46
375,501,0.73
376,501,1.00
377,501,1.00
378,501,1.00
379,501,1.00
380,501,1.00
381,501,1.00
382,501,1.00
383,501,1.00
384,501,1.00
384,502,1.00
384,503,1.00
384,504,1.00
384,505,1.00
384,506,1.00
384,507,1.00
384,508,1.00
384,509,0.73
384,510,0.69
384,511,0.23
384,512,0.23
384,513,0.23
374,498,0.23
375,498,0.46
376,498,0.69
377,498,0.69
378,498,1.00
379,498,1.00
380,498,1.00
381,498,1.00
382,498,1.00
383,498,1.00
384,498,1.00
385,498,1.00
386,498,1.00
374,499,0.23
375,499,0.46
376,499,0.69
377,499,0.78
378,499,1.00
379,499,1.00
380,499,1.00
381,499,1.00
382,499,1.00
383,499,1.00
384,499,1.00
385,499,1.00
386,499,1.00
374,500,0.23
375,500,0.46
376,500,0.78
377,500,1.00
378,500,1.00
379,500,1.00
380,500,1.00
381,500,1.00
382,500,1.00
383,500,1.00
384,500,1.00
385,500,1.00
386,500,1.00
385,501,1.00
386,501,1.00
385,502,1.00
386,502,1.00
385,503,1.00
386,503,1.00
385,504,1.00
386,504,1.00
385,505,1.00
386,505,1.00
385,506,1.00
386,506,1.00
385,507,1.00
386,507,0.96
385,508,0.78
386,508,0.69
385,509,0.46
386,509,0.46
385,510,0.46
386,510,0.46
387,498,1.00
387,499,1.00
387,500,1.00
387,501,1.00
387,502,1.00
387,503,1.00
387,504,1.00
387,505,1.00
387,506,0.96
387,507,0.69
387,508,0.46
387,509,0.23
387,510,0.23
376,496,0.23
377,496,0.23
378,496,0.46
379,496,0.69
380,496,0.92
381,496,1.00
382,496,1.00
383,496,1.00
384,496,1.00
385,496,1.00
386,496,1.00
387,496,1.00
388,496,1.00
376,497,0.23
377,497,0.23
378,497,0.46
379,497,0.73
380,497,1.00
381,497,1.00
382,497,1.00
383,497,1.00
384,497,1.00
385,497,1.00
386,497,1.00
387,497,1.00
388,497,1.00
388,498,1.00
388,499,1.00
388,500,1.00
388,501,1.00
388,502,1.00
388,503,1.00
388,504,1.00
388,505,0.82
388,506,0.69
388,507,0.46
388,508,0.23
378,495,0.23
379,495,0.46
380,495,0.69
381,495,0.96
382,495,1.00
383,495,1.00
384,495,1.00
385,495,1.00
386,495,1.00
387,495,1.00
388,495,1.00
389,495,1.00
390,495,1.00
389,496,1.00
390,496,1.00
389,497,1.00
390,497,1.00
389,498,1.00
390,498,1.00
389,499,1.00
390,499,1.00
389,500,1.00
390,500,1.00
389,501,1.00
390,501,1.00
389,502,1.00
390,502,1.00
389,503,1.00
390,503,0.73
389,504,0.82
390,504,0.69
389,505,0.46
390,505,0.46
389,506,0.46
390,506,0.46
389,507,0.23
390,507,0.23
379,494,0.23
380,494,0.46
381,494,0.69
382,494,0.94
383,494,1.00
384,494,1.00
385,494,1.00
386,494,1.00
387,494,1.00
388,494,1.00
389,494,1.00
390,494,1.00
391,494,1.00
391,495,1.00
391,496,1.00
391,497,1.00
391,498,1.00
391,499,1.00
391,500,1.00
391,501,0.96
391,502,0.69
391,503,0.46
391,504,0.46
391,505,0.23
391,506,0.23
380,492,0.23
381,492,0.46
382,492,0.46
383,492,1.00
384,492,1.00
385,492,1.00
386,492,1.00
387,492,1.00
388,492,1.00
389,492,1.00
390,492,1.00
391,492,1.00
392,492,1.00
380,493,0.23
381,493,0.46
382,493,0.50
383,493,1.00
384,493,1.00
385,493,1.00
386,493,1.00
387,493,1.00
388,493,1.00
389,493,1.00
390,493,1.00
391,493,1.00
392,493,1.00
392,494,1.00
392,495,1.00
392,496,1.00
392,497,1.00
392,498,1.00
392,499,1.00
392,500,0.96
392,501,0.69
392,502,0.46
392,503,0.23
392,504,0.23
381,490,0.23
382,490,0.23
383,490,0.69
384,490,0.92
385,490,1.00
386,490,1.00
387,490,1.00
388,490,1.00
389,490,1.00
390,490,1.00
391,490,1.00
392,490,1.00
393,490,1.00
381,491,0.23
382,491,0.23
383,491,0.69
384,491,1.00
385,491,1.00
386,491,1.00
387,491,1.00
388,491,1.00
389,491,1.00
390,491,1.00
391,491,1.00
392,491,1.00
393,491,1.00
393,492,1.00
393,493,1.00
393,494,1.00
393,495,1.00
393,496,1.00
393,497,1.00
393,498,1.00
393,499,1.00
393,500,0.69
393,501,0.46
393,502,0.23
383,489,0.46
384,489,0.69
385,489,0.69
386,489,1.00
387,489,1.00
388,489,1.00
389,489,1.00
390,489,1.00
391,489,1.00
392,489,1.00
393,489,1.00
394,489,1.00
395,489,1.00
394,490,1.00
395,490,1.00
394,491,1.00
395,491,1.00
394,492,1.00
395,492,1.00
394,493,1.00
395,493,1.00
394,494,1.00
395,494,1.00
394,495,1.00
395,495,1.00
394,496,1.00
395,496,1.00
394,497,1.00
395,497,0.92
394,498,0.73
395,498,0.69
394,499,0.69
395,499,0.69
394,500,0.46
395,500,0.46
394,501,0.23
395,501,0.23
383,488,0.23
384,488,0.46
385,488,0.46
386,488,0.69
387,488,0.78
388,488,1.00
389,488,1.00
390,488,1.00
391,488,1.00
392,488,1.00
393,488,1.00
394,488,1.00
395,488,1.00
384,487,0.23
385,487,0.23
386,487,0.46
387,487,0.46
388,487,0.55
389,487,0.95
390,487,1.00
391,487,1.00
392,487,1.00
393,487,1.00
394,487,1.00
395,487,1.00
396,487,1.00
396,488,1.00
396,489,1.00
396,490,1.00
396,491,1.00
396,492,1.00
396,493,0.85
396,494,0.72
396,495,0.55
396,496,0.46
396,497,0.46
396,498,0.46
396,499,0.46
386,485,0.23
387,485,0.23
388,485,0.23
389,485,0.46
390,485,0.69
391,485,0.94
392,485,1.00
393,485,1.00
394,485,1.00
395,485,1.00
396,485,1.00
397,485,1.00
398,485,1.00
386,486,0.23
387,486,0.23
388,486,0.23
389,486,0.50
390,486,0.87
391,486,1.00
392,486,1.00
393,486,1.00
394,486,1.00
395,486,1.00
396,486,1.00
397,486,1.00
398,486,1.00
397,487,1.00
398,487,1.00
397,488,1.00
398,488,1.00
397,489,1.00
398,489,1.00
397,490,1.00
398,490,0.95
397,491,0.87
398,491,0.50
397,492,0.69
398,492,0.46
397,493,0.39
398,493,0.23
397,494,0.27
398,494,0.23
397,495,0.23
398,495,0.23
397,496,0.23
398,496,0.23
397,497,0.23
398,497,0.46
389,480,0.23
390,480,0.23
391,480,0.23
392,480,0.46
393,480,0.69
394,480,0.94
395,480,1.00
396,480,1.00
397,480,1.00
398,480,1.00
399,480,1.00
400,480,1.00
401,480,1.00
389,481,0.23
390,481,0.23
391,481,0.23
392,481,0.50
393,481,0.89
394,481,1.00
395,481,1.00
396,481,1.00
397,481,1.00
398,481,1.00
399,481,1.00
400,481,1.00
401,481,1.00
389,482,0.23
390,482,0.23
391,482,0.32
392,482,0.72
393,482,1.00
394,482,1.00
395,482,1.00
396,482,1.00
397,482,1.00
398,482,1.00
399,482,1.00
400,482,1.00
401,482,1.00
389,483,0.23
390,483,0.27
391,483,0.49
392,483,0.91
393,483,1.00
394,483,1.00
395,483,1.00
396,483,1.00
397,483,1.00
398,483,1.00
399,483,1.00
400,483,1.00
401,483,1.00
389,484,0.23
390,484,0.39
391,484,0.62
392,484,1.00
393,484,1.00
394,484,1.00
395,484,1.00
396,484,1.00
397,484,1.00
398,484,1.00
399,484,1.00
400,484,1.00
401,484,1.00
399,485,1.00
400,485,1.00
401,485,1.00
399,486,1.00
400,486,1.00
401,486,1.00
399,487,1.00
400,487,1.00
401,487,1.00
399,488,1.00
400,488,1.00
401,488,0.95
399,489,0.95
400,489,0.66
401,489,0.50
399,490,0.55
400,490,0.46
401,490,0.46
399,491,0.23
400,491,0.23
401,491,0.46
399,492,0.46
400,492,0.46
401,492,1.00
392,478,0.23
393,478,0.46
394,478,0.46
395,478,0.55
396,478,0.95
397,478,1.00
398,478,1.00
399,478,1.00
400,478,1.00
401,478,1.00
402,478,1.00
403,478,1.00
404,478,1.00
392,479,0.23
393,479,0.46
394,479,0.50
395,479,0.76
396,479,1.00
397,479,1.00
398,479,1.00
399,479,1.00
400,479,1.00
401,479,1.00
402,479,1.00
403,479,1.00
404,479,1.00
402,480,1.00
403,480,1.00
404,480,1.00
402,481,1.00
403,481,1.00
404,481,1.00
402,482,1.00
403,482,1.00
404,482,1.00
402,483,1.00
403,483,1.00
404,483,1.00
402,484,1.00
403,484,1.00
404,484,1.00
402,485,1.00
403,485,1.00
404,485,0.96
402,486,1.00
403,486,0.94
404,486,0.69
402,487,0.76
403,487,0.73
404,487,0.96
402,488,0.55
403,488,0.69
404,488,1.00
402,489,0.23
403,489,0.46
404,489,0.92
402,490,0.23
403,490,0.69
404,490,1.00
393,476,0.23
394,476,0.23
395,476,0.23
396,476,0.46
397,476,0.50
398,476,0.95
399,476,1.00
400,476,1.00
401,476,1.00
402,476,1.00
403,476,1.00
404,476,1.00
405,476,1.00
393,477,0.23
394,477,0.23
395,477,0.23
396,477,0.50
397,477,0.78
398,477,1.00
399,477,1.00
400,477,1.00
401,477,1.00
402,477,1.00
403,477,1.00
404,477,1.00
405,477,1.00
405,478,1.00
405,479,1.00
405,480,1.00
405,481,1.00
405,482,1.00
405,483,0.95
405,484,0.73
405,485,0.69
405,486,0.78
405,487,1.00
405,488,1.00
396,473,0.23
397,473,0.23
398,473,0.46
399,473,0.46
400,473,0.78
401,473,1.00
402,473,1.00
403,473,1.00
404,473,1.00
405,473,1.00
406,473,1.00
407,473,1.00
408,473,1.00
396,474,0.23
397,474,0.23
398,474,0.46
399,474,0.55
400,474,1.00
401,474,1.00
402,474,1.00
403,474,1.00
404,474,1.00
405,474,1.00
406,474,1.00
407,474,1.00
408,474,1.00
396,475,0.23
397,475,0.23
398,475,0.55
399,475,0.87
400,475,1.00
401,475,1.00
402,475,1.00
403,475,1.00
404,475,1.00
405,475,1.00
406,475,1.00
407,475,1.00
408,475,1.00
406,476,1.00
407,476,1.00
408,476,1.00
406,477,1.00
407,477,1.00
408,477,1.00
406,478,1.00
407,478,1.00
408,478,1.00
406,479,1.00
407,479,1.00
408,479,1.00
406,480,1.00
407,480,1.00
408,480,0.95
406,481,1.00
407,481,0.87
408,481,0.78
406,482,0.87
407,482,0.55
408,482,0.69
406,483,0.55
407,483,0.46
408,483,0.69
406,484,0.46
407,484,0.46
408,484,0.69
406,485,0.73
407,485,1.00
408,485,1.00
398,471,0.23
399,471,0.23
400,471,0.46
401,471,0.85
402,471,1.00
403,471,1.00
404,471,1.00
405,471,1.00
406,471,1.00
407,471,1.00
408,471,1.00
409,471,1.00
410,471,1.00
398,472,0.23
399,472,0.23
400,472,0.46
401,472,0.96
402,472,1.00
403,472,1.00
404,472,1.00
405,472,1.00
406,472,1.00
407,472,1.00
408,472,1.00
409,472,1.00
410,472,1.00
409,473,1.00
410,473,1.00
409,474,1.00
410,474,1.00
409,475,1.00
410,475,1.00
409,476,1.00
410,476,1.00
409,477,1.00
410,477,1.00
409,478,1.00
410,478,1.00
409,479,1.00
410,479,1.00
409,480,0.76
410,480,0.97
409,481,0.69
410,481,0.94
409,482,0.62
410,482,0.85
409,483,0.50
410,483,0.72
400,467,0.23
401,467,0.46
402,467,0.46
403,467,0.78
404,467,1.00
405,467,1.00
406,467,1.00
407,467,1.00
408,467,1.00
409,467,1.00
410,467,1.00
411,467,1.00
412,467,1.00
400,468,0.23
401,468,0.46
402,468,0.50
403,468,0.99
404,468,1.00
405,468,1.00
406,468,1.00
407,468,1.00
408,468,1.00
409,468,1.00
410,468,1.00
411,468,1.00
412,468,1.00
400,469,0.23
401,469,0.46
402,469,0.71
403,469,1.00
404,469,1.00
405,469,1.00
406,469,1.00
407,469,1.00
408,469,1.00
409,469,1.00
410,469,1.00
411,469,1.00
412,469,1.00
400,470,0.23
401,470,0.50
402,470,0.95
403,470,1.00
404,470,1.00
405,470,1.00
406,470,1.00
407,470,1.00
408,470,1.00
409,470,1.00
410,470,1.00
411,470,1.00
412,470,1.00
411,471,1.00
412,471,1.00
411,472,1.00
412,472,1.00
411,473,1.00
412,473,1.00
411,474,1.00
412,474,1.00
411,475,1.00
412,475,1.00
411,476,0.99
412,476,1.00
411,477,1.00
412,477,1.00
411,478,1.00
412,478,1.00
411,479,1.00
412,479,1.00
401,465,0.23
402,465,0.23
403,465,0.46
404,465,0.46
405,465,0.78
406,465,1.00
407,465,1.00
408,465,1.00
409,465,1.00
410,465,1.00
411,465,1.00
412,465,1.00
413,465,1.00
401,466,0.23
402,466,0.23
403,466,0.46
404,466,0.55
405,466,1.00
406,466,1.00
407,466,1.00
408,466,1.00
409,466,1.00
410,466,1.00
411,466,1.00
412,466,1.00
413,466,1.00
413,467,1.00
413,468,1.00
413,469,1.00
413,470,1.00
413,471,1.00
413,472,1.00
413,473,0.78
413,474,0.69
413,475,0.92
413,476,0.94
413,477,1.00
403,463,0.23
404,463,0.23
405,463,0.46
406,463,0.92
407,463,1.00
408,463,1.00
409,463,1.00
410,463,1.00
411,463,1.00
412,463,1.00
413,463,1.00
414,463,1.00
415,463,1.00
403,464,0.23
404,464,0.23
405,464,0.46
406,464,1.00
407,464,1.00
408,464,1.00
409,464,1.00
410,464,1.00
411,464,1.00
412,464,1.00
413,464,1.00
414,464,1.00
415,464,1.00
414,465,1.00
415,465,1.00
414,466,1.00
415,466,1.00
414,467,1.00
415,467,1.00
414,468,1.00
415,468,1.00
414,469,1.00
415,469,1.00
414,470,1.00
415,470,1.00
414,471,1.00
415,471,0.78
414,472,0.55
415,472,0.46
414,473,0.46
415,473,0.46
414,474,0.46
415,474,0.46
414,475,0.72
415,475,0.69
405,461,0.23
406,461,0.69
407,461,0.73
408,461,1.00
409,461,1.00
410,461,1.00
411,461,1.00
412,461,1.00
413,461,1.00
414,461,1.00
415,461,1.00
416,461,1.00
417,461,1.00
405,462,0.23
406,462,0.69
407,462,0.89
408,462,1.00
409,462,1.00
410,462,1.00
411,462,1.00
412,462,1.00
413,462,1.00
414,462,1.00
415,462,1.00
416,462,1.00
417,462,1.00
416,463,1.00
417,463,1.00
416,464,1.00
417,464,1.00
416,465,1.00
417,465,1.00
416,466,1.00
417,466,1.00
416,467,1.00
417,467,1.00
416,468,1.00
417,468,0.73
416,469,0.94
417,469,0.69
416,470,0.73
417,470,0.69
416,471,0.46
417,471,0.46
416,472,0.23
417,472,0.23
416,473,0.23
417,473,0.23
406,459,0.46
407,459,0.46
408,459,0.69
409,459,0.89
410,459,1.00
411,459,1.00
412,459,1.00
413,459,1.00
414,459,1.00
415,459,1.00
416,459,1.00
417,459,1.00
418,459,1.00
406,460,0.46
407,460,0.46
408,460,0.78
409,460,1.00
410,460,1.00
411,460,1.00
412,460,1.00
413,460,1.00
414,460,1.00
415,460,1.00
416,460,1.00
417,460,1.00
418,460,1.00
418,461,1.00
418,462,1.00
418,463,1.00
418,464,1.00
418,465,1.00
418,466,0.69
418,467,0.69
418,468,0.46
418,469,0.46
418,470,0.46
418,471,0.23
406,458,0.23
407,458,0.23
408,458,0.46
409,458,0.50
410,458,0.95
411,458,1.00
412,458,1.00
413,458,1.00
414,458,1.00
415,458,1.00
416,458,1.00
417,458,1.00
418,458,1.00
408,455,0.23
409,455,0.23
410,455,0.46
411,455,0.46
412,455,0.78
413,455,1.00
414,455,1.00
415,455,1.00
416,455,1.00
417,455,1.00
418,455,1.00
419,455,1.00
420,455,1.00
408,456,0.23
409,456,0.23
410,456,0.46
411,456,0.55
412,456,1.00
413,456,1.00
414,456,1.00
415,456,1.00
416,456,1.00
417,456,1.00
418,456,1.00
419,456,1.00
420,456,1.00
408,457,0.23
409,457,0.23
410,457,0.55
411,457,0.87
412,457,1.00
413,457,1.00
414,457,1.00
415,457,1.00
416,457,1.00
417,457,1.00
418,457,1.00
419,457,1.00
420,457,1.00
419,458,1.00
420,458,1.00
419,459,1.00
420,459,1.00
419,460,1.00
420,460,1.00
419,461,1.00
420,461,1.00
419,462,1.00
420,462,1.00
419,463,1.00
420,463,0.87
419,464,0.78
420,464,0.69
419,465,0.69
420,465,0.69
419,466,0.23
420,466,0.23
419,467,0.23
420,467,0.23
410,453,0.23
411,453,0.23
412,453,0.46
413,453,0.50
414,453,0.72
415,453,1.00
416,453,1.00
417,453,1.00
418,453,1.00
419,453,1.00
420,453,1.00
421,453,1.00
422,453,1.00
410,454,0.23
411,454,0.23
412,454,0.46
413,454,0.66
414,454,1.00
415,454,1.00
416,454,1.00
417,454,1.00
418,454,1.00
419,454,1.00
420,454,1.00
421,454,1.00
422,454,1.00
421,455,1.00
422,455,1.00
421,456,1.00
422,456,1.00
421,457,1.00
422,457,1.00
421,458,1.00
422,458,1.00
421,459,1.00
422,459,1.00
421,460,1.00
422,460,1.00
421,461,1.00
422,461,1.00
421,462,1.00
422,462,1.00
421,463,0.72
422,463,0.85
421,464,0.50
422,464,0.62
421,465,0.46
422,465,0.46
412,450,0.23
413,450,0.23
414,450,0.23
415,450,0.46
416,450,0.92
417,450,1.00
418,450,1.00
419,450,1.00
420,450,1.00
421,450,1.00
422,450,1.00
423,450,1.00
424,450,1.00
412,451,0.23
413,451,0.23
414,451,0.23
415,451,0.50
416,451,1.00
417,451,1.00
418,451,1.00
419,451,1.00
420,451,1.00
421,451,1.00
422,451,1.00
423,451,1.00
424,451,1.00
412,452,0.23
413,452,0.23
414,452,0.32
415,452,0.72
416,452,1.00
417,452,1.00
418,452,1.00
419,452,1.00
420,452,1.00
421,452,1.00
422,452,1.00
423,452,1.00
424,452,1.00
423,453,1.00
424,453,1.00
423,454,1.00
424,454,1.00
423,455,1.00
424,455,1.00
423,456,1.00
424,456,1.00
423,457,1.00
424,457,1.00
423,458,1.00
424,458,1.00
423,459,1.00
424,459,1.00
423,460,1.00
424,460,1.00
423,461,1.00
424,461,1.00
423,462,1.00
424,462,1.00
415,445,0.23
416,445,0.46
417,445,0.46
418,445,0.69
419,445,0.96
420,445,1.00
421,445,1.00
422,445,1.00
423,445,1.00
424,445,1.00
425,445,1.00
426,445,1.00
427,445,1.00
415,446,0.23
416,446,0.46
417,446,0.46
418,446,0.82
419,446,1.00
420,446,1.00
421,446,1.00
422,446,1.00
423,446,1.00
424,446,1.00
425,446,1.00
426,446,1.00
427,446,1.00
415,447,0.23
416,447,0.46
417,447,0.59
418,447,1.00
419,447,1.00
420,447,1.00
421,447,1.00
422,447,1.00
423,447,1.00
424,447,1.00
425,447,1.00
426,447,1.00
427,447,1.00
415,448,0.23
416,448,0.50
417,448,0.87
418,448,1.00
419,448,1.00
420,448,1.00
421,448,1.00
422,448,1.00
423,448,1.00
424,448,1.00
425,448,1.00
426,448,1.00
427,448,1.00
415,449,0.23
416,449,0.62
417,449,1.00
418,449,1.00
419,449,1.00
420,449,1.00
421,449,1.00
422,449,1.00
423,449,1.00
424,449,1.00
425,449,1.00
426,449,1.00
427,449,1.00
425,450,1.00
426,450,1.00
427,450,1.00
425,451,1.00
426,451,1.00
427,451,1.00
425,452,1.00
426,452,1.00
427,452,1.00
425,453,1.00
426,453,1.00
427,453,1.00
425,454,1.00
426,454,1.00
427,454,1.00
425,455,1.00
426,455,1.00
427,455,1.00
425,456,1.00
426,456,1.00
427,456,1.00
425,457,1.00
426,457,1.00
427,457,1.00
416,444,0.23
417,444,0.23
418,444,0.46
419,444,0.69
420,444,0.92
421,444,1.00
422,444,1.00
423,444,1.00
424,444,1.00
425,444,1.00
426,444,1.00
427,444,1.00
428,444,1.00
428,445,1.00
428,446,1.00
428,447,1.00
428,448,1.00
428,449,1.00
428,450,1.00
428,451,1.00
428,452,1.00
428,453,1.00
428,454,1.00
428,455,1.00
428,456,1.00
418,443,0.23
419,443,0.46
420,443,0.69
421,443,1.00
422,443,1.00
423,443,1.00
424,443,1.00
425,443,1.00
426,443,1.00
427,443,1.00
428,443,1.00
429,443,1.00
430,443,1.00
429,444,1.00
430,444,1.00
429,445,1.00
430,445,1.00
429,446,1.00
430,446,1.00
429,447,1.00
430,447,1.00
429,448,1.00
430,448,1.00
429,449,1.00
430,449,1.00
429,450,1.00
430,450,1.00
429,451,1.00
430,451,1.00
429,452,1.00
430,452,1.00
429,453,1.00
430,453,1.00
429,454,1.00
430,454,1.00
429,455,1.00
430,455,1.00
419,442,0.23
420,442,0.46
421,442,0.73
422,442,1.00
423,442,1.00
424,442,1.00
425,442,1.00
426,442,1.00
427,442,1.00
428,442,1.00
431,443,1.00
431,444,1.00
431,445,1.00
431,446,1.00
431,447,1.00
431,448,1.00
431,449,1.00
431,450,1.00
431,451,1.00
431,452,1.00
431,453,1.00
431,454,1.00
420,439,0.23
421,439,0.46
422,439,0.69
423,439,0.92
424,439,1.00
425,439,1.00
420,440,0.23
421,440,0.46
422,440,0.69
423,440,1.00
424,440,1.00
425,440,1.00
420,441,0.23
421,441,0.46
422,441,0.82
423,441,1.00
424,441,1.00
425,441,1.00
432,444,1.00
432,445,1.00
432,446,1.00
432,447,1.00
432,448,1.00
432,449,1.00
432,450,1.00
432,451,1.00
421,438,0.23
422,438,0.46
423,438,0.69
424,438,1.00
425,438,1.00
433,445,1.00
433,446,1.00
433,447,1.00
433,448,1.00
433,449,1.00
433,450,1.00
422,437,0.23
423,437,0.46
424,437,1.00
425,437,1.00
434,446,1.00
434,447,0.95
434,448,0.69
434,449,0.62
423,435,0.23
424,435,1.00
425,435,1.00
423,436,0.23
424,436,1.00
425,436,1.00
435,446,0.69
435,447,0.46
424,434,0.92
425,434,0.92
424,433,0.69
425,433,0.69
435,448,0.23
435,449,0.23
434,450,0.73
435,450,0.69
433,451,1.00
434,451,1.00
435,451,1.00
432,452,1.00
433,452,1.00
434,452,1.00
435,452,1.00
432,453,1.00
433,453,1.00
434,453,1.00
435,453,1.00
432,454,1.00
431,455,1.00
432,455,1.00
429,456,0.95
430,456,0.95
431,456,1.00
432,456,1.00
428,457,1.00
429,457,0.87
430,457,0.78
431,457,1.00
432,457,1.00
425,458,1.00
426,458,1.00
427,458,1.00
428,458,1.00
429,458,0.73
430,458,0.69
431,458,1.00
432,458,1.00
425,459,1.00
426,459,1.00
427,459,1.00
428,459,0.97
429,459,0.72
430,459,0.69
431,459,1.00
432,459,1.00
425,460,1.00
426,460,1.00
427,460,0.96
428,460,0.71
429,460,0.46
430,460,0.46
425,461,1.00
426,461,1.00
427,461,0.84
428,461,0.62
429,461,0.39
430,461,0.46
425,462,0.96
426,462,0.84
427,462,0.68
428,462,0.49
429,462,0.27
430,462,0.46
423,463,0.71
424,463,0.74
425,463,0.71
426,463,0.62
427,463,0.49
428,463,0.32
429,463,0.23
430,463,0.23
423,464,0.46
424,464,0.49
425,464,0.46
426,464,0.39
427,464,0.27
428,464,0.23
429,464,0.23
430,464,0.23
423,465,0.23
424,465,0.23
425,465,0.23
426,465,0.23
427,465,0.23
428,465,0.23
429,465,0.23
430,465,0.23
416,474,0.23
417,474,0.23
418,474,0.23
419,474,0.23
420,474,0.23
416,475,0.39
417,475,0.27
418,475,0.23
419,475,0.23
420,475,0.23
414,476,0.74
415,476,0.71
416,476,0.62
417,476,0.49
418,476,0.32
419,476,0.23
420,476,0.46
414,477,1.00
415,477,0.96
416,477,0.84
417,477,0.68
418,477,0.49
419,477,0.27
420,477,0.46
413,478,1.00
414,478,1.00
415,478,1.00
416,478,1.00
417,478,0.84
418,478,0.62
419,478,0.39
420,478,0.46
413,479,1.00
414,479,1.00
415,479,1.00
416,479,1.00
417,479,0.96
418,479,0.71
419,479,0.46
420,479,0.46
411,480,1.00
412,480,1.00
413,480,1.00
414,480,1.00
415,480,1.00
416,480,1.00
417,480,1.00
418,480,0.74
419,480,0.49
420,480,0.69
411,481,0.96
412,481,1.00
413,481,1.00
414,481,1.00
415,481,1.00
416,481,1.00
417,481,0.96
418,481,0.71
419,481,0.46
420,481,0.69
411,482,0.84
412,482,1.00
413,482,1.00
414,482,1.00
415,482,1.00
416,482,1.00
417,482,0.84
418,482,0.62
419,482,0.39
420,482,0.92
411,483,0.68
412,483,0.84
413,483,0.96
414,483,1.00
415,483,0.96
416,483,1.00
417,483,0.91
418,483,0.72
419,483,0.50
420,483,1.00
409,484,0.46
410,484,0.55
411,484,0.72
412,484,0.85
413,484,1.00
414,484,1.00
415,484,1.00
416,484,1.00
417,484,1.00
418,484,1.00
419,484,0.96
420,484,1.00
409,485,1.00
410,485,1.00
411,485,1.00
412,485,1.00
413,485,1.00
414,485,1.00
415,485,1.00
416,485,1.00
417,485,1.00
418,485,1.00
419,485,1.00
420,485,1.00
408,486,1.00
409,486,1.00
410,486,1.00
411,486,1.00
412,486,1.00
413,486,1.00
414,486,1.00
415,486,1.00
416,486,1.00
417,486,1.00
418,486,1.00
419,486,1.00
420,486,1.00
406,486,0.95
407,486,1.00
406,487,1.00
407,487,1.00
408,487,1.00
409,487,1.00
410,487,1.00
411,487,1.00
412,487,1.00
413,487,1.00
414,487,1.00
415,487,1.00
406,488,1.00
407,488,1.00
408,488,1.00
409,488,1.00
410,488,1.00
411,488,1.00
412,488,1.00
413,488,1.00
414,488,1.00
415,488,1.00
405,489,1.00
406,489,1.00
407,489,1.00
408,489,1.00
409,489,1.00
410,489,1.00
411,489,1.00
412,489,1.00
413,489,1.00
414,489,1.00
415,489,1.00
405,490,1.00
406,490,1.00
407,490,1.00
408,490,1.00
409,490,1.00
410,490,1.00
411,490,1.00
412,490,1.00
413,490,1.00
414,490,1.00
415,490,1.00
403,491,0.69
404,491,1.00
405,491,1.00
406,491,1.00
407,491,1.00
408,491,1.00
409,491,1.00
410,491,1.00
411,491,1.00
412,491,1.00
413,491,1.00
414,491,1.00
415,491,1.00
403,492,1.00
404,492,1.00
405,492,1.00
406,492,1.00
407,492,1.00
408,492,1.00
409,492,1.00
410,492,1.00
411,492,1.00
412,492,1.00
413,492,1.00
414,492,1.00
415,492,1.00
403,493,1.00
404,493,1.00
405,493,1.00
406,493,1.00
407,493,1.00
408,493,1.00
409,493,1.00
410,493,1.00
411,493,1.00
412,493,1.00
413,493,1.00
414,493,1.00
415,493,1.00
403,494,1.00
404,494,1.00
405,494,1.00
406,494,1.00
407,494,1.00
408,494,1.00
409,494,1.00
410,494,1.00
411,494,1.00
412,494,1.00
413,494,1.00
414,494,1.00
415,494,1.00
403,495,1.00
404,495,1.00
405,495,1.00
406,495,1.00
407,495,1.00
408,495,1.00
409,495,1.00
410,495,1.00
411,495,1.00
412,495,1.00
413,495,1.00
414,495,1.00
415,495,1.00
403,496,1.00
404,496,1.00
405,496,1.00
406,496,1.00
407,496,1.00
408,496,1.00
409,496,1.00
410,496,1.00
411,496,1.00
412,496,1.00
413,496,1.00
414,496,1.00
415,496,1.00
402,492,0.92
399,493,0.23
400,493,0.23
401,493,0.92
402,493,0.96
399,494,0.23
400,494,0.23
401,494,1.00
402,494,1.00
399,495,0.23
400,495,0.27
401,495,1.00
402,495,1.00
399,496,0.23
400,496,0.39
401,496,1.00
402,496,1.00
399,497,0.46
400,497,0.69
401,497,1.00
402,497,1.00
403,497,1.00
404,497,1.00
405,497,1.00
406,497,1.00
407,497,1.00
408,497,1.00
409,497,1.00
410,497,1.00
411,497,1.00
399,498,0.69
400,498,0.95
401,498,1.00
402,498,1.00
403,498,1.00
404,498,1.00
405,498,1.00
406,498,1.00
407,498,1.00
408,498,1.00
409,498,1.00
410,498,1.00
411,498,1.00
399,499,0.73
400,499,1.00
401,499,1.00
402,499,1.00
403,499,1.00
404,499,1.00
405,499,1.00
406,499,1.00
407,499,1.00
408,499,1.00
409,499,1.00
410,499,1.00
411,499,1.00
399,500,0.99
400,500,1.00
401,500,1.00
402,500,1.00
403,500,1.00
404,500,1.00
405,500,1.00
406,500,1.00
407,500,1.00
408,500,1.00
409,500,1.00
410,500,1.00
411,500,1.00
399,501,1.00
400,501,1.00
401,501,1.00
402,501,1.00
403,501,1.00
404,501,1.00
405,501,1.00
406,501,1.00
407,501,1.00
408,501,1.00
409,501,1.00
410,501,1.00
411,501,1.00
399,502,1.00
400,502,1.00
401,502,1.00
402,502,1.00
403,502,1.00
404,502,1.00
405,502,1.00
406,502,1.00
407,502,1.00
408,502,1.00
409,502,1.00
410,502,1.00
411,502,1.00
399,503,1.00
400,503,1.00
401,503,1.00
402,503,1.00
403,503,1.00
404,503,1.00
405,503,1.00
406,503,1.00
407,503,1.00
408,503,1.00
409,503,1.00
410,503,1.00
411,503,0.92
399,504,1.00
400,504,1.00
401,504,1.00
402,504,1.00
403,504,1.00
404,504,1.00
405,504,1.00
406,504,1.00
407,504,1.00
408,504,1.00
409,504,1.00
410,504,0.92
411,504,0.69
397,498,0.23
398,498,0.46
397,499,0.23
398,499,0.46
396,500,0.23
397,500,0.23
398,500,0.55
396,501,0.23
397,501,0.27
398,501,0.72
396,502,0.23
397,502,0.39
398,502,0.85
396,503,0.46
397,503,0.69
398,503,1.00
396,504,0.46
397,504,0.76
398,504,1.00
396,505,0.78
397,505,1.00
398,505,1.00
399,505,1.00
400,505,1.00
401,505,1.00
402,505,1.00
403,505,1.00
404,505,1.00
405,505,1.00
406,505,1.00
407,505,1.00
408,505,0.85
396,506,1.00
397,506,1.00
398,506,1.00
399,506,1.00
400,506,1.00
401,506,1.00
402,506,1.00
403,506,1.00
404,506,1.00
405,506,1.00
406,506,1.00
407,506,1.00
408,506,0.72
396,507,1.00
397,507,1.00
398,507,1.00
399,507,1.00
400,507,1.00
401,507,1.00
402,507,1.00
403,507,1.00
404,507,1.00
405,507,1.00
406,507,1.00
407,507,0.76
408,507,0.55
396,508,1.00
397,508,1.00
398,508,1.00
399,508,1.00
400,508,1.00
401,508,1.00
402,508,1.00
403,508,1.00
404,508,1.00
405,508,1.00
406,508,0.94
407,508,0.50
408,508,0.46
396,509,1.00
397,509,1.00
398,509,1.00
399,509,1.00
400,509,1.00
401,509,1.00
402,509,1.00
403,509,1.00
404,509,1.00
405,509,0.99
406,509,0.69
407,509,0.46
408,509,0.46
396,510,1.00
397,510,1.00
398,510,1.00
399,510,1.00
400,510,1.00
401,510,1.00
402,510,1.00
403,510,1.00
404,510,1.00
405,510,0.69
406,510,0.46
407,510,0.23
408,510,0.23
392,505,0.23
393,505,0.23
394,505,0.46
395,505,0.46
392,506,0.69
393,506,0.69
394,506,0.92
395,506,1.00
392,507,0.92
393,507,0.92
394,507,1.00
395,507,1.00
392,508,0.92
393,508,0.96
394,508,1.00
395,508,1.00
392,509,0.92
393,509,1.00
394,509,1.00
395,509,1.00
392,510,0.92
393,510,1.00
394,510,1.00
395,510,1.00
392,511,0.92
393,511,1.00
394,511,1.00
395,511,1.00
396,511,1.00
397,511,1.00
398,511,1.00
399,511,1.00
400,511,1.00
401,511,1.00
402,511,1.00
403,511,1.00
404,511,1.00
392,512,0.92
393,512,1.00
394,512,1.00
395,512,1.00
396,512,1.00
397,512,1.00
398,512,1.00
399,512,1.00
400,512,1.00
392,513,0.92
393,513,1.00
394,513,1.00
395,513,1.00
396,513,1.00
392,514,0.92
393,514,1.00
394,503,0.23
395,503,0.23
394,504,0.23
395,504,0.23
405,511,0.39
406,511,0.23
409,505,0.39
410,505,0.23
409,506,0.27
410,506,0.23
409,507,0.23
410,507,0.23
409,508,0.23
410,508,0.23
409,509,0.23
410,509,0.23
412,497,1.00
413,497,1.00
414,497,1.00
415,497,1.00
412,498,1.00
413,498,1.00
414,498,1.00
415,498,1.00
412,499,1.00
413,499,1.00
414,499,1.00
415,499,1.00
412,500,1.00
413,500,1.00
414,500,0.46
415,500,0.46
412,501,1.00
413,501,0.92
414,501,0.23
415,501,0.23
412,502,0.92
413,502,0.92
414,502,0.23
415,502,0.23
421,485,1.00
421,486,1.00
416,487,1.00
417,487,1.00
418,487,1.00
419,487,1.00
420,487,1.00
421,487,1.00
416,488,1.00
417,488,1.00
418,488,1.00
419,488,1.00
420,488,1.00
421,488,1.00
416,489,1.00
417,489,1.00
418,489,1.00
419,489,1.00
420,489,1.00
421,489,1.00
416,490,1.00
417,490,1.00
418,490,1.00
419,490,1.00
420,490,1.00
421,490,1.00
416,491,1.00
417,491,1.00
418,491,1.00
419,491,1.00
420,491,1.00
421,491,1.00
416,492,1.00
417,492,1.00
418,492,1.00
419,492,1.00
420,492,1.00
421,492,1.00
416,493,1.00
417,493,1.00
418,493,1.00
419,493,1.00
420,493,1.00
421,493,1.00
416,494,1.00
417,494,1.00
418,494,1.00
419,494,1.00
420,494,1.00
421,494,1.00
416,495,1.00
417,495,1.00
418,495,1.00
419,495,1.00
420,495,1.00
421,495,1.00
416,496,1.00
417,496,1.00
418,496,1.00
419,496,1.00
420,496,1.00
421,496,1.00
416,497,1.00
417,497,1.00
418,497,1.00
419,497,1.00
420,497,1.00
421,497,1.00
421,476,0.23
422,476,0.23
423,476,0.23
424,476,0.69
425,476,0.96
426,476,1.00
427,476,1.00
428,476,1.00
429,476,1.00
430,476,1.00
431,476,1.00
432,476,1.00
421,477,0.23
422,477,0.23
423,477,0.27
424,477,0.85
425,477,1.00
426,477,1.00
427,477,1.00
428,477,1.00
429,477,1.00
430,477,1.00
431,477,1.00
432,477,1.00
421,478,0.23
422,478,0.32
423,478,0.49
424,478,1.00
425,478,1.00
426,478,1.00
427,478,1.00
428,478,1.00
429,478,1.00
430,478,1.00
431,478,1.00
432,478,1.00
421,479,0.27
422,479,0.72
423,479,0.91
424,479,1.00
425,479,1.00
426,479,1.00
427,479,1.00
428,479,1.00
429,479,1.00
430,479,1.00
431,479,1.00
432,479,1.00
421,480,0.62
422,480,1.00
423,480,1.00
424,480,1.00
425,480,1.00
426,480,1.00
427,480,1.00
428,480,1.00
429,480,1.00
430,480,1.00
431,480,1.00
432,480,1.00
421,481,0.69
422,481,1.00
423,481,1.00
424,481,1.00
425,481,1.00
426,481,1.00
427,481,1.00
428,481,1.00
429,481,1.00
430,481,1.00
431,481,1.00
432,481,1.00
421,482,0.95
422,482,1.00
423,482,1.00
424,482,1.00
425,482,1.00
426,482,1.00
427,482,1.00
428,482,1.00
429,482,1.00
430,482,1.00
431,482,1.00
432,482,1.00
421,483,1.00
422,483,1.00
423,483,1.00
424,483,1.00
425,483,1.00
426,483,1.00
427,483,1.00
428,483,1.00
429,483,1.00
430,483,1.00
431,483,1.00
432,483,1.00
421,484,1.00
422,484,1.00
423,484,1.00
424,484,1.00
425,484,1.00
426,484,1.00
427,484,1.00
428,484,1.00
429,484,1.00
430,484,1.00
431,484,1.00
432,484,1.00
422,485,1.00
423,485,1.00
424,485,1.00
425,485,1.00
426,485,1.00
427,485,1.00
428,485,1.00
429,485,1.00
430,485,1.00
431,485,1.00
432,485,1.00
422,486,1.00
423,486,1.00
424,486,1.00
425,486,1.00
426,486,1.00
427,486,1.00
428,486,1.00
429,486,1.00
430,486,1.00
431,486,1.00
432,486,1.00
422,487,1.00
423,487,1.00
424,487,1.00
425,487,1.00
426,487,1.00
427,487,1.00
428,487,1.00
429,487,1.00
430,487,1.00
431,487,1.00
432,487,1.00
422,488,1.00
423,488,1.00
424,488,1.00
425,488,1.00
426,488,1.00
427,488,1.00
428,488,1.00
429,488,1.00
430,488,1.00
431,488,1.00
432,488,1.00
433,476,1.00
434,476,1.00
435,476,1.00
436,476,1.00
433,477,1.00
434,477,1.00
435,477,1.00
436,477,1.00
433,478,1.00
434,478,1.00
435,478,1.00
436,478,1.00
433,479,1.00
434,479,1.00
435,479,1.00
436,479,1.00
433,480,1.00
434,480,1.00
435,480,1.00
436,480,1.00
433,481,1.00
434,481,1.00
435,481,1.00
436,481,1.00
433,482,1.00
434,482,1.00
435,482,1.00
436,482,1.00
433,483,1.00
434,483,1.00
435,483,1.00
436,483,1.00
433,484,1.00
434,484,1.00
435,484,1.00
436,484,1.00
433,485,1.00
434,485,1.00
435,485,1.00
436,485,1.00
433,486,1.00
434,486,1.00
435,486,1.00
436,486,1.00
433,487,1.00
434,487,1.00
435,487,1.00
436,487,1.00
433,488,1.00
434,488,1.00
435,488,1.00
436,488,1.00
425,475,0.46
426,475,1.00
427,475,1.00
428,475,1.00
429,475,1.00
430,475,1.00
431,475,1.00
432,475,1.00
433,475,1.00
434,475,1.00
435,475,1.00
436,475,1.00
437,475,1.00
437,476,1.00
437,477,1.00
437,478,1.00
437,479,1.00
437,480,1.00
437,481,1.00
437,482,1.00
437,483,1.00
437,484,1.00
437,485,1.00
437,486,1.00
437,487,1.00
438,475,1.00
438,476,1.00
438,477,1.00
438,478,1.00
438,479,1.00
438,480,1.00
438,481,1.00
438,482,1.00
438,483,1.00
438,484,1.00
438,485,1.00
438,486,1.00
438,487,1.00
422,489,1.00
423,489,1.00
424,489,1.00
425,489,1.00
426,489,1.00
427,489,1.00
428,489,1.00
429,489,1.00
430,489,1.00
431,489,1.00
432,489,1.00
433,489,1.00
434,489,1.00
422,490,1.00
423,490,1.00
424,490,1.00
425,490,1.00
426,490,1.00
427,490,1.00
428,490,1.00
429,490,1.00
430,490,1.00
431,490,1.00
432,490,1.00
433,490,1.00
434,490,1.00
422,491,1.00
423,491,1.00
424,491,1.00
425,491,1.00
426,491,1.00
427,491,1.00
428,491,1.00
429,491,1.00
430,491,1.00
431,491,1.00
432,491,1.00
433,491,1.00
434,491,1.00
422,492,1.00
423,492,1.00
424,492,1.00
425,492,1.00
426,492,1.00
427,492,1.00
428,492,1.00
429,492,1.00
430,492,1.00
431,492,1.00
432,492,1.00
422,493,1.00
423,493,1.00
424,493,1.00
425,493,1.00
426,493,1.00
422,494,1.00
423,494,1.00
424,494,1.00
425,494,1.00
426,494,1.00
422,495,1.00
423,495,1.00
424,495,1.00
425,495,1.00
426,495,1.00
422,496,1.00
423,496,1.00
424,496,1.00
425,496,1.00
426,496,1.00
422,497,1.00
416,498,1.00
417,498,1.00
418,498,1.00
419,498,0.73
420,498,0.73
421,498,0.85
422,498,0.92
416,499,0.92
417,499,0.92
418,499,0.92
416,500,0.23
417,500,0.23
418,500,0.23
402,491,0.23
412,503,0.69
413,503,0.69
412,504,0.46
413,504,0.46
424,473,0.23
425,473,0.23
426,473,0.23
427,473,0.23
428,473,0.23
429,473,0.23
430,473,0.46
431,473,0.50
432,473,0.72
433,473,0.91
434,473,1.00
435,473,1.00
436,473,1.00
424,474,0.23
425,474,0.23
426,474,0.23
427,474,0.27
428,474,0.39
429,474,0.46
430,474,0.72
431,474,0.85
432,474,1.00
433,474,1.00
434,474,1.00
435,474,1.00
436,474,1.00
424,475,0.23
430,470,0.23
431,470,0.23
432,470,0.23
433,470,0.23
434,470,0.23
435,470,0.69
436,470,0.73
437,470,1.00
438,470,1.00
439,470,1.00
440,470,1.00
441,470,1.00
442,470,1.00
430,471,0.23
431,471,0.23
432,471,0.23
433,471,0.27
434,471,0.39
435,471,0.92
436,471,1.00
437,471,1.00
438,471,1.00
439,471,1.00
440,471,1.00
441,471,1.00
442,471,1.00
430,472,0.23
431,472,0.23
432,472,0.32
433,472,0.49
434,472,0.62
435,472,1.00
436,472,1.00
437,472,1.00
438,472,1.00
439,472,1.00
440,472,1.00
441,472,1.00
442,472,1.00
437,473,1.00
438,473,1.00
439,473,1.00
440,473,1.00
441,473,1.00
442,473,1.00
437,474,1.00
438,474,1.00
439,474,1.00
440,474,1.00
441,474,1.00
442,474,1.00
439,475,1.00
440,475,1.00
441,475,1.00
442,475,1.00
439,476,1.00
440,476,1.00
441,476,1.00
442,476,1.00
439,477,1.00
440,477,1.00
441,477,1.00
442,477,1.00
439,478,1.00
440,478,1.00
441,478,1.00
442,478,1.00
439,479,0.91
440,479,0.95
441,479,0.78
442,479,0.95
439,480,1.00
440,480,1.00
441,480,1.00
442,480,1.00
439,481,1.00
440,481,1.00
441,481,1.00
442,481,1.00
439,482,1.00
440,482,1.00
441,482,1.00
442,482,1.00
435,467,0.69
436,467,0.96
437,467,1.00
438,467,1.00
439,467,1.00
440,467,1.00
441,467,1.00
442,467,1.00
443,467,1.00
444,467,1.00
445,467,1.00
446,467,1.00
447,467,1.00
435,468,0.69
436,468,0.85
437,468,1.00
438,468,1.00
439,468,1.00
440,468,1.00
441,468,1.00
442,468,1.00
443,468,1.00
444,468,1.00
445,468,1.00
446,468,1.00
447,468,1.00
435,469,0.46
436,469,0.50
437,469,0.80
438,469,1.00
439,469,1.00
440,469,1.00
441,469,1.00
442,469,1.00
443,469,1.00
444,469,1.00
445,469,1.00
446,469,1.00
447,469,1.00
443,470,1.00
444,470,1.00
445,470,1.00
446,470,1.00
447,470,1.00
443,471,1.00
444,471,1.00
445,471,1.00
446,471,1.00
447,471,1.00
443,472,1.00
444,472,1.00
445,472,1.00
446,472,1.00
447,472,1.00
443,473,1.00
444,473,1.00
445,473,1.00
446,473,1.00
447,473,1.00
443,474,1.00
444,474,1.00
445,474,1.00
446,474,1.00
447,474,1.00
443,475,1.00
444,475,1.00
445,475,1.00
446,475,1.00
447,475,1.00
443,476,1.00
444,476,1.00
445,476,1.00
446,476,1.00
447,476,1.00
443,477,1.00
444,477,1.00
445,477,1.00
446,477,1.00
447,477,1.00
443,478,1.00
444,478,1.00
445,478,1.00
446,478,1.00
447,478,1.00
443,479,1.00
444,479,1.00
445,479,1.00
446,479,1.00
447,479,1.00
438,466,1.00
439,466,1.00
440,466,1.00
441,466,1.00
442,466,1.00
443,466,1.00
444,466,1.00
445,466,1.00
446,466,1.00
447,466,1.00
448,466,1.00
449,466,1.00
450,466,1.00
448,467,1.00
449,467,1.00
450,467,1.00
448,468,1.00
449,468,1.00
450,468,1.00
448,469,1.00
449,469,1.00
450,469,1.00
448,470,1.00
449,470,1.00
450,470,1.00
448,471,1.00
449,471,1.00
450,471,1.00
448,472,1.00
449,472,1.00
450,472,1.00
448,473,1.00
449,473,1.00
450,473,1.00
448,474,1.00
449,474,1.00
450,474,1.00
448,475,1.00
449,475,1.00
450,475,1.00
448,476,1.00
449,476,1.00
450,476,1.00
448,477,1.00
449,477,1.00
450,477,1.00
448,478,1.00
449,478,1.00
450,478,1.00
440,464,1.00
441,464,1.00
442,464,1.00
443,464,1.00
444,464,1.00
445,464,1.00
446,464,1.00
447,464,1.00
448,464,1.00
449,464,1.00
450,464,1.00
451,464,1.00
452,464,1.00
440,465,1.00
441,465,1.00
442,465,1.00
443,465,1.00
444,465,1.00
445,465,1.00
446,465,1.00
447,465,1.00
448,465,1.00
449,465,1.00
450,465,1.00
451,465,1.00
452,465,1.00
451,466,1.00
452,466,1.00
451,467,1.00
452,467,1.00
451,468,1.00
452,468,1.00
451,469,1.00
452,469,1.00
451,470,1.00
452,470,1.00
451,471,1.00
452,471,1.00
451,472,1.00
452,472,1.00
451,473,1.00
452,473,1.00
451,474,1.00
452,474,1.00
451,475,1.00
452,475,0.92
451,476,1.00
452,476,1.00
453,464,1.00
453,465,1.00
453,466,1.00
453,467,1.00
453,468,1.00
453,469,1.00
453,470,1.00
453,471,0.96
453,472,0.69
453,473,0.69
453,474,0.69
453,475,0.46
453,476,1.00
442,462,1.00
443,462,1.00
444,462,1.00
445,462,1.00
446,462,1.00
447,462,1.00
448,462,1.00
449,462,1.00
450,462,1.00
451,462,1.00
452,462,1.00
453,462,1.00
454,462,1.00
442,463,1.00
443,463,1.00
444,463,1.00
445,463,1.00
446,463,1.00
447,463,1.00
448,463,1.00
449,463,1.00
450,463,1.00
451,463,1.00
452,463,1.00
453,463,1.00
454,463,1.00
454,464,1.00
454,465,0.95
454,466,0.69
454,467,0.62
454,468,0.50
454,469,0.46
454,470,0.46
454,471,0.46
454,472,0.23
454,473,0.23
454,474,0.23
443,459,1.00
444,459,0.50
445,459,0.46
446,459,0.23
447,459,0.23
448,459,0.46
449,459,0.72
450,459,0.97
451,459,1.00
452,459,1.00
453,459,1.00
454,459,1.00
455,459,1.00
443,460,1.00
444,460,0.85
445,460,0.69
446,460,0.50
447,460,0.62
448,460,0.69
449,460,0.95
450,460,1.00
451,460,1.00
452,460,1.00
453,460,1.00
454,460,1.00
455,460,1.00
443,461,1.00
444,461,0.96
445,461,0.78
446,461,0.72
447,461,0.85
448,461,0.94
449,461,1.00
450,461,1.00
451,461,1.00
452,461,1.00
453,461,1.00
454,461,1.00
455,461,1.00
455,462,1.00
455,463,0.94
455,464,0.69
455,465,0.46
455,466,0.23
455,467,0.23
455,468,0.23
455,469,0.23
455,470,0.23
455,471,0.23
448,455,0.23
449,455,0.23
450,455,0.32
448,456,0.23
449,456,0.27
450,456,0.49
448,457,0.23
449,457,0.39
450,457,0.62
451,457,1.00
452,457,1.00
453,457,1.00
448,458,0.23
449,458,0.46
450,458,0.71
451,458,1.00
452,458,1.00
453,458,1.00
454,458,1.00
455,458,1.00
456,459,1.00
456,460,1.00
457,460,1.00
456,461,1.00
457,461,1.00
458,461,1.00
459,461,1.00
460,461,1.00
456,462,1.00
457,462,1.00
458,462,1.00
459,462,1.00
460,462,1.00
456,463,0.85
457,463,0.72
458,463,0.87
459,463,1.00
460,463,1.00
456,464,0.62
457,464,0.50
458,464,0.69
459,464,0.78
460,464,1.00
456,465,0.46
457,465,0.46
458,465,0.69
459,465,0.69
460,465,0.78
461,461,1.00
462,461,1.00
461,462,1.00
462,462,1.00
463,462,1.00
464,462,1.00
461,463,1.00
462,463,1.00
463,463,1.00
464,463,1.00
465,463,1.00
461,464,1.00
462,464,1.00
463,464,1.00
464,464,1.00
465,464,1.00
466,464,1.00
467,464,1.00
461,465,0.72
462,465,0.85
463,465,0.94
464,465,1.00
465,465,1.00
466,465,1.00
467,465,1.00
468,465,1.00
469,465,1.00
458,466,0.23
459,466,0.23
460,466,0.23
461,466,0.27
462,466,0.39
463,466,0.46
464,466,0.72
465,466,0.95
466,466,1.00
467,466,1.00
468,466,1.00
469,466,1.00
470,466,1.00
458,467,0.23
459,467,0.23
460,467,0.23
461,467,0.23
462,467,0.23
463,467,0.23
464,467,0.46
465,467,0.69
466,467,1.00
467,467,1.00
468,467,1.00
469,467,1.00
470,467,1.00
471,466,1.00
472,466,1.00
471,467,1.00
472,467,1.00
473,467,1.00
464,468,0.23
465,468,0.39
466,468,0.85
467,468,1.00
468,468,1.00
469,468,1.00
470,468,1.00
471,468,1.00
472,468,1.00
473,468,1.00
474,468,1.00
475,468,1.00
476,468,1.00
464,469,0.23
465,469,0.27
466,469,0.72
467,469,1.00
468,469,1.00
469,469,1.00
470,469,1.00
471,469,1.00
472,469,1.00
473,469,1.00
474,469,1.00
475,469,1.00
476,469,1.00
464,470,0.23
465,470,0.23
466,470,0.55
467,470,0.87
468,470,1.00
469,470,1.00
470,470,1.00
471,470,1.00
472,470,1.00
473,470,1.00
474,470,1.00
475,470,1.00
476,470,1.00
464,471,0.23
465,471,0.23
466,471,0.46
467,471,0.55
468,471,1.00
469,471,1.00
470,471,1.00
471,471,1.00
472,471,1.00
473,471,1.00
474,471,1.00
475,471,1.00
476,471,1.00
464,472,0.23
465,472,0.23
466,472,0.46
467,472,0.46
468,472,0.78
469,472,1.00
470,472,1.00
471,472,1.00
472,472,1.00
473,472,1.00
474,472,1.00
475,472,1.00
476,472,1.00
477,469,1.00
477,470,1.00
478,470,1.00
477,471,1.00
478,471,1.00
477,472,1.00
478,472,1.00
466,473,0.23
467,473,0.23
468,473,0.46
469,473,0.73
470,473,0.98
471,473,1.00
472,473,1.00
473,473,1.00
474,473,1.00
475,473,1.00
476,473,1.00
477,473,1.00
478,473,1.00
466,474,0.23
467,474,0.23
468,474,0.46
469,474,0.69
470,474,0.69
471,474,0.82
472,474,1.00
473,474,1.00
474,474,1.00
475,474,1.00
476,474,1.00
477,474,1.00
478,474,1.00
479,471,1.00
480,471,1.00
479,472,1.00
480,472,1.00
479,473,1.00
480,473,1.00
479,474,1.00
480,474,1.00
468,475,0.23
469,475,0.46
470,475,0.46
471,475,0.46
472,475,0.50
473,475,0.85
474,475,1.00
475,475,1.00
476,475,1.00
477,475,1.00
478,475,1.00
479,475,1.00
480,475,1.00
481,471,1.00
481,472,1.00
481,473,1.00
481,474,1.00
481,475,1.00
469,476,0.23
470,476,0.23
471,476,0.23
472,476,0.23
473,476,0.46
474,476,0.62
475,476,1.00
476,476,1.00
477,476,1.00
478,476,1.00
479,476,1.00
480,476,1.00
481,476,1.00
482,472,1.00
482,473,1.00
483,473,1.00
482,474,1.00
483,474,1.00
484,474,1.00
485,474,1.00
482,475,1.00
483,475,1.00
484,475,1.00
485,475,1.00
482,476,1.00
483,476,1.00
484,476,1.00
485,476,1.00
473,477,0.46
474,477,0.50
475,477,1.00
476,477,1.00
477,477,1.00
478,477,1.00
479,477,1.00
480,477,1.00
481,477,1.00
482,477,1.00
483,477,1.00
484,477,1.00
485,477,1.00
473,478,0.46
474,478,0.46
475,478,1.00
476,478,1.00
477,478,1.00
478,478,1.00
479,478,1.00
480,478,1.00
481,478,1.00
482,478,1.00
483,478,1.00
484,478,1.00
485,478,1.00
473,479,0.69
474,479,0.69
475,479,1.00
476,479,1.00
477,479,1.00
478,479,1.00
479,479,1.00
480,479,1.00
481,479,1.00
482,479,1.00
483,479,1.00
484,479,1.00
485,479,1.00
473,480,1.00
474,480,0.78
475,480,1.00
476,480,1.00
477,480,1.00
478,480,1.00
479,480,1.00
480,480,1.00
481,480,1.00
482,480,1.00
483,480,1.00
484,480,1.00
485,480,1.00
486,475,1.00
487,475,1.00
486,476,1.00
487,476,1.00
486,477,1.00
487,477,1.00
486,478,1.00
487,478,1.00
486,479,1.00
487,479,1.00
486,480,1.00
487,480,1.00
475,481,1.00
476,481,1.00
477,481,1.00
478,481,1.00
479,481,1.00
480,481,1.00
481,481,1.00
482,481,1.00
483,481,1.00
484,481,1.00
485,481,1.00
486,481,1.00
487,481,1.00
475,482,1.00
476,482,1.00
477,482,1.00
478,482,1.00
479,482,1.00
480,482,1.00
481,482,1.00
482,482,1.00
483,482,1.00
484,482,1.00
485,482,1.00
486,482,1.00
487,482,1.00
488,476,1.00
488,477,1.00
488,478,1.00
488,479,1.00
488,480,1.00
488,481,1.00
488,482,1.00
489,477,1.00
489,478,1.00
489,479,1.00
489,480,1.00
489,481,1.00
489,482,1.00
490,478,1.00
490,479,1.00
490,480,1.00
490,481,1.00
490,482,1.00
491,478,1.00
491,479,1.00
491,480,1.00
491,481,1.00
491,482,1.00
479,483,1.00
480,483,1.00
481,483,1.00
482,483,1.00
483,483,1.00
484,483,1.00
485,483,1.00
486,483,1.00
487,483,1.00
488,483,1.00
489,483,1.00
490,483,1.00
491,483,1.00
479,484,1.00
480,484,1.00
481,484,1.00
482,484,1.00
483,484,1.00
484,484,1.00
485,484,1.00
486,484,1.00
487,484,1.00
488,484,1.00
489,484,1.00
490,484,0.96
491,484,0.92
479,485,1.00
480,485,1.00
481,485,1.00
482,485,1.00
483,485,1.00
484,485,1.00
485,485,1.00
486,485,1.00
487,485,1.00
488,485,1.00
489,485,0.78
490,485,0.69
491,485,0.69
479,486,1.00
480,486,1.00
481,486,1.00
482,486,1.00
483,486,1.00
484,486,1.00
485,486,1.00
486,486,1.00
487,486,1.00
488,486,0.73
489,486,0.69
490,486,0.69
491,486,0.69
479,487,1.00
480,487,1.00
481,487,1.00
482,487,1.00
483,487,0.94
484,487,0.73
485,487,0.69
486,487,0.46
487,487,0.46
488,487,0.23
489,487,0.23
490,487,0.23
491,487,0.23
475,483,1.00
476,483,1.00
477,483,1.00
478,483,1.00
475,484,1.00
476,484,1.00
477,484,1.00
478,484,1.00
475,485,1.00
476,485,1.00
477,485,1.00
478,485,1.00
475,486,1.00
476,486,1.00
477,486,1.00
478,486,1.00
475,487,1.00
476,487,1.00
477,487,1.00
478,487,0.99
475,488,0.95
476,488,0.78
477,488,0.85
478,488,0.69
479,488,0.72
480,488,0.69
481,488,0.62
482,488,0.50
483,488,0.46
484,488,0.46
485,488,0.46
486,488,0.23
487,488,0.23
473,481,1.00
474,481,0.87
473,482,1.00
474,482,1.00
473,483,1.00
474,483,1.00
473,484,1.00
474,484,1.00
473,485,1.00
474,485,1.00
473,486,1.00
474,486,1.00
473,487,1.00
474,487,1.00
473,488,1.00
474,488,0.91
473,489,1.00
474,489,0.72
475,489,0.55
476,489,0.46
477,489,0.46
478,489,0.23
479,489,0.23
480,489,0.23
481,489,0.23
482,489,0.23
483,489,0.23
484,489,0.23
485,489,0.23
465,479,0.23
466,479,0.23
467,479,0.23
468,479,0.23
469,479,0.23
470,479,0.23
471,479,0.23
472,479,0.23
465,480,0.46
466,480,0.46
467,480,0.46
468,480,0.50
469,480,0.62
470,480,0.69
471,480,0.72
472,480,0.69
465,481,0.62
466,481,0.69
467,481,0.80
468,481,0.95
469,481,1.00
470,481,0.99
471,481,0.97
472,481,0.94
465,482,0.85
466,482,0.99
467,482,1.00
468,482,1.00
469,482,1.00
470,482,1.00
471,482,1.00
472,482,1.00
465,483,1.00
466,483,1.00
467,483,1.00
468,483,1.00
469,483,1.00
470,483,1.00
471,483,1.00
472,483,1.00
465,484,1.00
466,484,1.00
467,484,1.00
468,484,1.00
469,484,1.00
470,484,1.00
471,484,1.00
472,484,1.00
465,485,1.00
466,485,1.00
467,485,1.00
468,485,1.00
469,485,1.00
470,485,1.00
471,485,1.00
472,485,1.00
465,486,1.00
466,486,1.00
467,486,1.00
468,486,1.00
469,486,1.00
470,486,1.00
471,486,1.00
472,486,1.00
465,487,1.00
466,487,1.00
467,487,1.00
468,487,1.00
469,487,1.00
470,487,1.00
471,487,1.00
472,487,1.00
465,488,1.00
466,488,1.00
467,488,1.00
468,488,1.00
469,488,1.00
470,488,1.00
471,488,1.00
472,488,1.00
465,489,1.00
466,489,1.00
467,489,1.00
468,489,1.00
469,489,1.00
470,489,1.00
471,489,1.00
472,489,0.99
465,490,0.85
466,490,0.94
467,490,0.97
468,490,0.99
469,490,1.00
470,490,0.95
471,490,0.80
472,490,0.69
473,490,0.62
474,490,0.27
475,490,0.23
476,490,0.23
477,490,0.23
465,491,0.62
466,491,0.69
467,491,0.72
468,491,0.69
469,491,0.62
470,491,0.50
471,491,0.46
472,491,0.46
473,491,0.46
474,491,0.23
475,491,0.23
476,491,0.23
477,491,0.23
461,480,0.46
462,480,0.46
463,480,0.23
464,480,0.23
461,481,0.46
462,481,0.46
463,481,0.23
464,481,0.27
461,482,0.46
462,482,0.46
463,482,0.32
464,482,0.49
461,483,0.50
462,483,0.50
463,483,0.49
464,483,0.68
461,484,0.62
462,484,0.62
463,484,0.62
464,484,0.84
461,485,0.69
462,485,0.69
463,485,0.71
464,485,0.96
461,486,0.72
462,486,0.72
463,486,0.74
464,486,1.00
461,487,0.69
462,487,0.69
463,487,0.71
464,487,0.96
461,488,0.62
462,488,0.62
463,488,0.62
464,488,0.84
461,489,0.50
462,489,0.50
463,489,0.49
464,489,0.68
461,490,0.46
462,490,0.46
463,490,0.32
464,490,0.49
461,491,0.46
462,491,0.46
463,491,0.23
464,491,0.27
461,492,0.46
462,492,0.46
463,492,0.23
464,492,0.23
465,492,0.23
466,492,0.23
467,492,0.23
468,492,0.23
469,492,0.23
470,492,0.23
471,492,0.23
472,492,0.23
473,492,0.23
450,480,1.00
451,480,1.00
452,480,1.00
453,480,1.00
454,480,1.00
455,480,1.00
456,480,1.00
457,480,0.46
458,480,0.23
459,480,0.23
460,480,0.23
450,481,1.00
451,481,1.00
452,481,1.00
453,481,1.00
454,481,1.00
455,481,1.00
456,481,1.00
457,481,0.69
458,481,0.39
459,481,0.27
460,481,0.23
450,482,1.00
451,482,1.00
452,482,1.00
453,482,1.00
454,482,1.00
455,482,1.00
456,482,1.00
457,482,0.94
458,482,0.62
459,482,0.49
460,482,0.32
450,483,1.00
451,483,1.00
452,483,1.00
453,483,1.00
454,483,1.00
455,483,1.00
456,483,1.00
457,483,1.00
458,483,0.84
459,483,0.68
460,483,0.49
450,484,1.00
451,484,1.00
452,484,1.00
453,484,1.00
454,484,1.00
455,484,1.00
456,484,1.00
457,484,1.00
458,484,1.00
459,484,0.84
460,484,0.62
450,485,1.00
451,485,1.00
452,485,1.00
453,485,1.00
454,485,1.00
455,485,1.00
456,485,1.00
457,485,1.00
458,485,1.00
459,485,0.96
460,485,0.71
450,486,1.00
451,486,1.00
452,486,1.00
453,486,1.00
454,486,1.00
455,486,1.00
456,486,1.00
457,486,1.00
458,486,1.00
459,486,1.00
460,486,0.74
450,487,1.00
451,487,1.00
452,487,1.00
453,487,1.00
454,487,1.00
455,487,1.00
456,487,1.00
457,487,1.00
458,487,1.00
459,487,0.96
460,487,0.71
450,488,1.00
451,488,1.00
452,488,1.00
453,488,1.00
454,488,1.00
455,488,1.00
456,488,1.00
457,488,1.00
458,488,1.00
459,488,0.84
460,488,0.62
450,489,1.00
451,489,1.00
452,489,1.00
453,489,1.00
454,489,1.00
455,489,1.00
456,489,1.00
457,489,1.00
458,489,0.84
459,489,0.68
460,489,0.49
450,490,1.00
451,490,1.00
452,490,1.00
453,490,1.00
454,490,1.00
455,490,1.00
456,490,0.97
457,490,0.94
458,490,0.62
459,490,0.49
460,490,0.32
450,491,0.92
451,491,0.95
452,491,0.92
453,491,0.66
454,491,0.66
455,491,0.69
456,491,0.72
457,491,0.69
458,491,0.39
459,491,0.27
460,491,0.23
450,492,0.69
451,492,0.69
452,492,0.69
453,492,0.46
454,492,0.46
455,492,0.46
456,492,0.46
457,492,0.46
458,492,0.23
459,492,0.23
460,492,0.23
445,480,1.00
446,480,1.00
447,480,1.00
448,480,1.00
449,480,1.00
445,481,1.00
446,481,1.00
447,481,1.00
448,481,1.00
449,481,1.00
445,482,1.00
446,482,1.00
447,482,1.00
448,482,1.00
449,482,1.00
445,483,1.00
446,483,1.00
447,483,1.00
448,483,1.00
449,483,1.00
445,484,1.00
446,484,1.00
447,484,1.00
448,484,1.00
449,484,1.00
445,485,1.00
446,485,1.00
447,485,1.00
448,485,1.00
449,485,1.00
445,486,1.00
446,486,1.00
447,486,1.00
448,486,1.00
449,486,1.00
445,487,1.00
446,487,1.00
447,487,1.00
448,487,1.00
449,487,1.00
445,488,1.00
446,488,1.00
447,488,1.00
448,488,1.00
449,488,1.00
445,489,1.00
446,489,1.00
447,489,1.00
448,489,1.00
449,489,1.00
445,490,1.00
446,490,1.00
447,490,1.00
448,490,1.00
449,490,1.00
445,491,1.00
446,491,1.00
447,491,1.00
448,491,1.00
449,491,0.66
445,492,1.00
446,492,1.00
447,492,0.96
448,492,0.92
449,492,0.46
443,480,1.00
444,480,1.00
443,481,1.00
444,481,1.00
443,482,1.00
444,482,1.00
439,483,1.00
440,483,1.00
441,483,1.00
442,483,1.00
443,483,1.00
444,483,1.00
439,484,1.00
440,484,1.00
441,484,1.00
442,484,1.00
443,484,1.00
444,484,1.00
439,485,1.00
440,485,1.00
441,485,1.00
442,485,1.00
443,485,1.00
444,485,1.00
439,486,1.00
440,486,1.00
441,486,1.00
442,486,1.00
443,486,1.00
444,486,1.00
439,487,1.00
440,487,1.00
441,487,1.00
442,487,1.00
443,487,1.00
444,487,1.00
437,488,1.00
438,488,1.00
439,488,1.00
440,488,1.00
441,488,1.00
442,488,1.00
443,488,1.00
444,488,1.00
436,489,1.00
437,489,1.00
438,489,1.00
439,489,1.00
440,489,1.00
441,489,1.00
442,489,1.00
443,489,1.00
444,489,1.00
436,490,1.00
437,490,1.00
438,490,1.00
439,490,1.00
440,490,1.00
441,490,1.00
442,490,1.00
443,490,1.00
444,490,1.00
436,491,1.00
437,491,1.00
438,491,1.00
439,491,1.00
440,491,1.00
441,491,1.00
442,491,1.00
443,491,1.00
444,491,1.00
436,492,1.00
437,492,1.00
438,492,1.00
439,492,1.00
440,492,1.00
441,492,1.00
442,492,1.00
443,492,1.00
444,492,1.00
435,489,1.00
435,490,1.00
435,491,1.00
433,492,1.00
434,492,1.00
435,492,1.00
427,493,1.00
428,493,1.00
429,493,1.00
430,493,1.00
431,493,1.00
432,493,1.00
427,494,1.00
428,494,1.00
429,494,1.00
430,494,1.00
431,494,1.00
432,494,1.00
427,495,1.00
428,495,1.00
419,499,0.46
420,499,0.46
421,499,0.46
422,499,0.46
429,495,1.00
427,496,0.80
428,496,0.76
429,496,0.85
423,497,0.74
424,497,0.71
425,497,0.85
426,497,0.72
427,497,0.55
428,497,0.50
429,497,0.62
423,498,0.49
424,498,0.46
425,498,0.62
426,498,0.50
427,498,0.46
428,498,0.46
429,498,0.46
423,499,0.23
424,499,0.23
425,499,0.23
426,499,0.23
427,499,0.23
428,499,0.23
429,499,0.23
433,493,1.00
434,493,0.96
435,493,0.71
436,493,0.69
437,493,0.46
433,494,1.00
434,494,0.84
435,494,0.62
436,494,0.62
437,494,0.46
430,495,0.96
431,495,1.00
432,495,0.96
433,495,0.84
434,495,0.68
435,495,0.49
436,495,0.50
437,495,0.46
430,496,0.71
431,496,0.74
432,496,0.71
433,496,0.62
434,496,0.49
435,496,0.32
436,496,0.23
437,496,0.23
430,497,0.46
431,497,0.49
432,497,0.46
433,497,0.39
434,497,0.27
435,497,0.23
436,497,0.23
437,497,0.23
430,498,0.23
431,498,0.23
432,498,0.23
433,498,0.23
434,498,0.23
435,498,0.23
436,498,0.23
437,498,0.23
438,493,0.32
439,493,0.49
440,493,0.62
441,493,0.71
442,493,0.74
443,493,0.71
444,493,0.62
445,493,0.49
446,493,0.32
447,493,0.23
448,493,0.23
438,494,0.23
439,494,0.27
440,494,0.39
441,494,0.46
442,494,0.49
443,494,0.46
444,494,0.39
445,494,0.27
446,494,0.23
447,494,0.23
448,494,0.23
438,495,0.23
439,495,0.23
440,495,0.23
441,495,0.23
442,495,0.23
443,495,0.23
444,495,0.23
445,495,0.23
446,495,0.23
447,495,0.23
448,495,0.23
451,477,1.00
452,477,1.00
453,477,1.00
454,477,1.00
455,477,1.00
451,478,1.00
452,478,1.00
453,478,1.00
454,478,1.00
455,478,1.00
448,479,1.00
449,479,1.00
450,479,1.00
451,479,1.00
452,479,1.00
453,479,1.00
454,479,1.00
455,479,1.00
454,476,1.00
455,476,1.00
456,476,0.92
456,477,0.92
456,478,0.92
456,479,0.92
438,465,1.00
439,465,1.00
435,460,1.00
436,460,1.00
437,460,1.00
438,460,1.00
439,460,1.00
440,460,1.00
441,460,1.00
442,460,1.00
435,461,1.00
436,461,1.00
437,461,1.00
438,461,1.00
439,461,1.00
440,461,1.00
441,461,1.00
442,461,1.00
435,462,1.00
436,462,1.00
437,462,1.00
438,462,1.00
439,462,1.00
440,462,1.00
441,462,1.00
435,463,1.00
436,463,1.00
437,463,1.00
438,463,1.00
439,463,1.00
440,463,1.00
441,463,1.00
435,464,1.00
436,464,1.00
437,464,1.00
438,464,1.00
439,464,1.00
435,465,0.72
436,465,1.00
437,465,1.00
435,466,0.55
436,466,0.97
437,466,1.00
433,456,1.00
434,456,1.00
435,456,1.00
436,456,1.00
437,456,1.00
438,456,1.00
439,456,1.00
440,456,1.00
441,456,1.00
442,456,1.00
443,456,0.92
444,456,0.23
445,456,0.23
433,457,1.00
434,457,1.00
435,457,1.00
436,457,1.00
437,457,1.00
438,457,1.00
439,457,1.00
440,457,1.00
441,457,1.00
442,457,1.00
443,457,0.92
444,457,0.23
445,457,0.23
433,458,1.00
434,458,1.00
435,458,1.00
436,458,1.00
437,458,1.00
438,458,1.00
439,458,1.00
440,458,1.00
441,458,1.00
442,458,1.00
443,458,1.00
444,458,0.23
445,458,0.23
433,459,1.00
434,459,1.00
435,459,1.00
436,459,1.00
437,459,1.00
438,459,1.00
439,459,1.00
440,459,1.00
441,459,1.00
442,459,1.00
433,460,1.00
434,460,1.00
433,461,1.00
434,461,1.00
433,462,1.00
434,462,1.00
433,463,0.69
434,463,0.96
433,464,0.46
434,464,0.62
433,465,0.23
434,465,0.27
433,466,0.23
434,466,0.23
433,467,0.23
434,467,0.23
433,468,0.23
434,468,0.23
436,452,1.00
437,452,1.00
438,452,1.00
439,452,1.00
440,452,1.00
441,452,1.00
442,452,0.92
443,452,0.69
436,453,1.00
437,453,1.00
438,453,1.00
439,453,1.00
440,453,1.00
441,453,1.00
442,453,0.96
443,453,0.69
433,454,1.00
434,454,1.00
435,454,1.00
436,454,1.00
437,454,1.00
438,454,1.00
439,454,1.00
440,454,1.00
441,454,1.00
442,454,1.00
443,454,0.69
433,455,1.00
434,455,1.00
435,455,1.00
436,455,1.00
437,455,1.00
438,455,1.00
439,455,1.00
440,455,1.00
441,455,1.00
442,455,1.00
443,455,0.69
431,460,0.92
432,460,1.00
431,461,0.92
432,461,0.96
431,462,0.92
432,462,0.92
431,463,0.46
432,463,0.46
431,464,0.23
432,464,0.23
436,451,1.00
437,451,1.00
438,451,1.00
439,451,0.89
440,451,0.73
441,451,0.69
436,450,0.46
437,450,0.46
438,450,0.46
439,450,0.46
440,450,0.46
441,450,0.46

408,441,0.46
409,441,0.46
410,441,0.46
411,441,0.46
412,441,0.46
413,441,0.46
414,441,0.46
415,441,0.46
416,441,0.46
417,441,0.46
418,441,0.46
419,441,0.46
420,441,0.46
408,442,0.46
409,442,0.46
410,442,0.46
411,442,0.55
412,442,0.78
413,442,0.92
414,442,0.97
415,442,0.92
416,442,0.78
417,442,0.55
418,442,0.46
419,442,0.46
420,442,0.46
408,443,0.46
409,443,0.46
410,443,0.64
411,443,0.97
412,443,1.00
413,443,1.00
414,443,1.00
415,443,1.00
416,443,1.00
417,443,0.97
418,443,0.64
419,443,0.46
420,443,0.46
408,444,0.69
409,444,0.78
410,444,1.00
411,444,1.00
412,444,1.00
413,444,1.00
414,444,1.00
415,444,1.00
416,444,1.00
417,444,1.00
418,444,1.00
419,444,0.55
420,444,0.46
408,445,1.00
409,445,1.00
410,445,1.00
411,445,1.00
412,445,1.00
413,445,1.00
414,445,1.00
415,445,1.00
416,445,1.00
417,445,1.00
418,445,1.00
419,445,0.78
420,445,0.46
408,446,1.00
409,446,1.00
410,446,1.00
411,446,1.00
412,446,1.00
413,446,1.00
414,446,1.00
415,446,1.00
416,446,1.00
417,446,1.00
418,446,1.00
419,446,0.92
420,446,0.46
408,447,1.00
409,447,1.00
410,447,1.00
411,447,1.00
412,447,1.00
413,447,1.00
414,447,1.00
415,447,1.00
416,447,1.00
417,447,1.00
418,447,1.00
419,447,0.97
420,447,0.46
408,448,1.00
409,448,1.00
410,448,1.00
411,448,1.00
412,448,1.00
413,448,1.00
414,448,1.00
415,448,1.00
416,448,1.00
417,448,1.00
418,448,1.00
419,448,0.92
420,448,0.46
408,449,1.00
409,449,1.00
410,449,1.00
411,449,1.00
412,449,1.00
413,449,1.00
414,449,1.00
415,449,1.00
416,449,1.00
417,449,1.00
418,449,1.00
419,449,0.78
420,449,0.46
408,450,1.00
409,450,1.00
410,450,1.00
411,450,1.00
412,450,1.00
413,450,1.00
414,450,1.00
415,450,1.00
416,450,1.00
417,450,1.00
418,450,1.00
419,450,0.55
420,450,0.46
408,451,1.00
409,451,1.00
410,451,1.00
411,451,1.00
412,451,1.00
413,451,1.00
414,451,1.00
415,451,1.00
416,451,1.00
417,451,1.00
418,451,0.87
419,451,0.46
420,451,0.46
408,452,1.00
409,452,1.00
410,452,1.00
411,452,1.00
412,452,1.00
413,452,1.00
414,452,1.00
415,452,1.00
416,452,1.00
417,452,0.93
418,452,0.69
419,452,0.46
420,452,0.46
408,453,1.00
409,453,1.00
410,453,1.00
411,453,1.00
412,453,1.00
413,453,1.00
414,453,1.00
415,453,1.00
416,453,1.00
417,453,0.73
418,453,0.69
419,453,0.46
420,453,0.46
406,444,0.23
407,444,0.23
406,445,0.69
407,445,0.69
406,446,0.96
407,446,1.00
406,447,1.00
407,447,1.00
406,448,1.00
407,448,1.00
406,449,1.00
407,449,1.00
406,450,1.00
407,450,1.00
406,451,1.00
407,451,1.00
406,452,1.00
407,452,1.00
406,453,1.00
407,453,1.00
406,454,1.00
407,454,1.00
408,454,1.00
409,454,1.00
410,454,1.00
411,454,1.00
412,454,1.00
413,454,1.00
414,454,1.00
415,454,0.99
416,454,0.55
417,454,0.23
418,454,0.23
406,455,1.00
407,455,1.00
408,455,1.00
409,455,1.00
410,455,1.00
411,455,1.00
412,455,1.00
413,455,1.00
414,455,0.94
415,455,0.73
416,455,0.46
417,455,0.23
418,455,0.23
406,456,1.00
407,456,1.00
408,456,1.00
409,456,1.00
410,456,1.00
411,456,1.00
412,456,1.00
413,456,0.96
414,456,0.69
415,456,0.69
416,456,0.46
417,456,0.23
418,456,0.23
404,445,0.46
405,445,0.46
404,446,0.69
405,446,0.69
404,447,0.73
405,447,0.94
404,448,1.00
405,448,1.00
404,449,1.00
405,449,1.00
404,450,1.00
405,450,1.00
404,451,1.00
405,451,1.00
404,452,1.00
405,452,1.00
404,453,1.00
405,453,1.00
404,454,1.00
405,454,1.00
404,455,1.00
405,455,1.00
404,456,1.00
405,456,1.00
404,457,1.00
405,457,1.00
406,457,1.00
407,457,1.00
408,457,1.00
409,457,1.00
410,457,1.00
411,457,0.96
412,457,0.92
413,457,0.69
414,457,0.46
415,457,0.46
416,457,0.23
403,445,0.23
403,446,0.46
403,447,0.46
403,448,0.78
403,449,1.00
403,450,1.00
403,451,1.00
403,452,1.00
403,453,1.00
403,454,1.00
403,455,1.00
403,456,1.00
403,457,1.00
401,446,0.23
402,446,0.23
401,447,0.23
402,447,0.23
401,448,0.46
402,448,0.46
401,449,0.69
402,449,0.73
401,450,0.73
402,450,1.00
401,451,0.99
402,451,1.00
401,452,1.00
402,452,1.00
401,453,1.00
402,453,1.00
401,454,1.00
402,454,1.00
401,455,1.00
402,455,1.00
401,456,1.00
402,456,1.00
401,457,1.00
402,457,1.00
401,458,1.00
402,458,1.00
403,458,1.00
404,458,1.00
405,458,1.00
406,458,1.00
407,458,1.00
408,458,1.00
409,458,0.99
410,458,0.78
411,458,0.46
412,458,0.46
413,458,0.23
400,448,0.23
400,449,0.46
400,450,0.46
400,451,0.55
400,452,0.95
400,453,1.00
400,454,1.00
400,455,1.00
400,456,1.00
400,457,1.00
400,458,1.00
400,459,1.00
401,459,1.00
402,459,1.00
403,459,1.00
404,459,1.00
405,459,1.00
406,459,1.00
407,459,1.00
408,459,0.94
409,459,0.50
410,459,0.46
411,459,0.23
412,459,0.23
400,460,1.00
401,460,1.00
402,460,1.00
403,460,1.00
404,460,1.00
405,460,1.00
406,460,1.00
407,460,1.00
408,460,0.69
409,460,0.46
410,460,0.46
411,460,0.23
412,460,0.23
398,449,0.23
399,449,0.23
398,450,0.23
399,450,0.23
398,451,0.23
399,451,0.23
398,452,0.46
399,452,0.50
398,453,0.69
399,453,0.89
398,454,1.00
399,454,1.00
398,455,1.00
399,455,1.00
398,456,1.00
399,456,1.00
398,457,1.00
399,457,1.00
398,458,1.00
399,458,1.00
398,459,1.00
399,459,1.00
398,460,1.00
399,460,1.00
398,461,1.00
399,461,1.00
400,461,1.00
401,461,1.00
402,461,1.00
403,461,1.00
404,461,1.00
405,461,1.00
406,461,1.00
407,461,0.73
408,461,0.46
409,461,0.23
410,461,0.23
396,452,0.23
397,452,0.23
396,453,0.46
397,453,0.46
396,454,0.92
397,454,0.92
396,455,0.96
397,455,1.00
396,456,1.00
397,456,1.00
396,457,1.00
397,457,1.00
396,458,1.00
397,458,1.00
396,459,1.00
397,459,1.00
396,460,1.00
397,460,1.00
396,461,1.00
397,461,1.00
396,462,1.00
397,462,1.00
398,462,1.00
399,462,1.00
400,462,1.00
401,462,1.00
402,462,1.00
403,462,1.00
404,462,1.00
405,462,1.00
406,462,0.82
407,462,0.46
408,462,0.23
396,463,1.00
397,463,1.00
398,463,1.00
399,463,1.00
400,463,1.00
401,463,1.00
402,463,1.00
403,463,1.00
404,463,1.00
405,463,1.00
406,463,0.69
407,463,0.46
408,463,0.23
396,464,1.00
397,464,1.00
398,464,1.00
399,464,1.00
400,464,1.00
401,464,1.00
402,464,1.00
403,464,1.00
404,464,1.00
405,464,0.92
406,464,0.69
407,464,0.46
408,464,0.23
395,453,0.23
395,454,0.69
395,455,0.69
395,456,1.00
395,457,1.00
395,458,1.00
395,459,1.00
395,460,1.00
395,461,1.00
395,462,1.00
395,463,1.00
395,464,1.00
395,465,1.00
396,465,1.00
397,465,1.00
398,465,1.00
399,465,1.00
400,465,1.00
401,465,1.00
402,465,1.00
403,465,1.00
404,465,0.92
405,465,0.69
406,465,0.46
407,465,0.23
394,454,0.46
394,455,0.46
394,456,0.69
394,457,1.00
394,458,1.00
394,459,1.00
394,460,1.00
394,461,1.00
394,462,1.00
394,463,1.00
394,464,1.00
394,465,1.00
394,466,1.00
395,466,1.00
396,466,1.00
397,466,1.00
398,466,1.00
399,466,1.00
400,466,1.00
401,466,1.00
402,466,1.00
403,466,1.00
404,466,0.69
405,466,0.46
406,466,0.23
393,454,0.23
393,455,0.23
393,456,0.46
393,457,0.92
393,458,1.00
393,459,1.00
393,460,1.00
393,461,1.00
393,462,1.00
393,463,1.00
393,464,1.00
393,465,1.00
393,466,1.00
392,456,0.23
392,457,0.69
392,458,0.92
392,459,1.00
392,460,1.00
392,461,1.00
392,462,1.00
392,463,1.00
392,464,1.00
392,465,1.00
392,466,1.00
392,467,1.00
393,467,1.00
394,467,1.00
395,467,1.00
396,467,1.00
397,467,1.00
398,467,1.00
399,467,1.00
400,467,1.00
401,467,1.00
402,467,0.92
403,467,0.69
404,467,0.23
392,468,1.00
393,468,1.00
394,468,1.00
395,468,1.00
396,468,1.00
397,468,1.00
398,468,1.00
399,468,1.00
400,468,1.00
401,468,0.92
402,468,0.92
403,468,0.69
404,468,0.23
391,457,0.46
391,458,0.69
391,459,0.92
391,460,0.96
391,461,1.00
391,462,1.00
391,463,1.00
391,464,1.00
391,465,1.00
391,466,1.00
391,467,1.00
391,468,1.00
391,469,1.00
392,469,1.00
393,469,1.00
394,469,1.00
395,469,1.00
396,469,1.00
397,469,1.00
398,469,1.00
399,469,1.00
400,469,0.92
401,469,0.69
402,469,0.69
403,469,0.46
390,458,0.23
390,459,0.46
390,460,0.46
390,461,0.55
390,462,0.95
390,463,1.00
390,464,1.00
390,465,1.00
390,466,1.00
390,467,1.00
390,468,1.00
390,469,1.00
390,470,1.00
391,470,1.00
392,470,1.00
393,470,1.00
394,470,1.00
395,470,1.00
396,470,1.00
397,470,1.00
398,470,0.85
399,470,0.69
400,470,0.46
401,470,0.23
402,470,0.23
388,459,0.23
389,459,0.23
388,460,0.23
389,460,0.23
388,461,0.23
389,461,0.23
388,462,0.46
389,462,0.50
388,463,0.69
389,463,0.85
388,464,0.73
389,464,1.00
388,465,0.99
389,465,1.00
388,466,1.00
389,466,1.00
388,467,1.00
389,467,1.00
388,468,1.00
389,468,1.00
388,469,1.00
389,469,1.00
388,470,1.00
389,470,1.00
388,471,1.00
389,471,1.00
390,471,1.00
391,471,1.00
392,471,1.00
393,471,1.00
394,471,1.00
395,471,1.00
396,471,1.00
397,471,0.95
398,471,0.50
399,471,0.46
400,471,0.23
387,462,0.23
387,463,0.46
387,464,0.46
387,465,0.55
387,466,0.72
387,467,1.00
387,468,1.00
387,469,1.00
387,470,1.00
387,471,1.00
387,472,1.00
388,472,1.00
389,472,1.00
390,472,1.00
391,472,1.00
392,472,1.00
393,472,1.00
394,472,1.00
395,472,1.00
396,472,0.76
397,472,0.55
398,472,0.23
399,472,0.23
387,473,1.00
388,473,1.00
389,473,1.00
390,473,1.00
391,473,1.00
392,473,1.00
393,473,1.00
394,473,1.00
395,473,0.94
396,473,0.50
397,473,0.46
398,473,0.23
399,473,0.23
387,474,1.00
388,474,1.00
389,474,1.00
390,474,1.00
391,474,1.00
392,474,1.00
393,474,1.00
394,474,0.96
395,474,0.69
396,474,0.46
397,474,0.46
398,474,0.23
399,474,0.23
385,463,0.23
386,463,0.23
385,464,0.23
386,464,0.23
385,465,0.23
386,465,0.23
385,466,0.23
386,466,0.27
385,467,0.46
386,467,0.62
385,468,0.46
386,468,0.73
385,469,0.78
386,469,1.00
385,470,1.00
386,470,1.00
385,471,1.00
386,471,1.00
385,472,1.00
386,472,1.00
385,473,1.00
386,473,1.00
385,474,1.00
386,474,1.00
385,475,1.00
386,475,1.00
387,475,1.00
388,475,1.00
389,475,1.00
390,475,1.00
391,475,1.00
392,475,1.00
393,475,1.00
394,475,0.62
395,475,0.46
396,475,0.23
397,475,0.23
383,467,0.23
384,467,0.23
383,468,0.23
384,468,0.23
383,469,0.46
384,469,0.46
383,470,0.46
384,470,0.55
383,471,0.78
384,471,1.00
383,472,1.00
384,472,1.00
383,473,1.00
384,473,1.00
383,474,1.00
384,474,1.00
383,475,1.00
384,475,1.00
383,476,1.00
384,476,1.00
385,476,1.00
386,476,1.00
387,476,1.00
388,476,1.00
389,476,1.00
390,476,1.00
391,476,1.00
392,476,1.00
393,476,0.72
394,476,0.27
395,476,0.23
383,477,1.00
384,477,1.00
385,477,1.00
386,477,1.00
387,477,1.00
388,477,1.00
389,477,1.00
390,477,1.00
391,477,1.00
392,477,0.87
393,477,0.55
394,477,0.23
395,477,0.23
383,478,1.00
384,478,1.00
385,478,1.00
386,478,1.00
387,478,1.00
388,478,1.00
389,478,1.00
390,478,1.00
391,478,1.00
392,478,0.55
393,478,0.46
394,478,0.23
395,478,0.23
383,479,1.00
384,479,1.00
385,479,1.00
386,479,1.00
387,479,1.00
388,479,1.00
389,479,1.00
390,479,1.00
391,479,0.78
392,479,0.46
393,479,0.46
394,479,0.23
395,479,0.23
381,469,0.23
382,469,0.23
381,470,0.23
382,470,0.23
381,471,0.46
382,471,0.46
381,472,0.46
382,472,0.55
381,473,0.78
382,473,1.00
381,474,1.00
382,474,1.00
381,475,1.00
382,475,1.00
381,476,1.00
382,476,1.00
381,477,1.00
382,477,1.00
381,478,1.00
382,478,1.00
381,479,1.00
382,479,1.00
381,480,1.00
382,480,1.00
383,480,1.00
384,480,1.00
385,480,1.00
386,480,1.00
387,480,1.00
388,480,1.00
389,480,1.00
390,480,0.55
391,480,0.46
392,480,0.23
393,480,0.23
381,481,1.00
382,481,1.00
383,481,1.00
384,481,1.00
385,481,1.00
386,481,1.00
387,481,1.00
388,481,1.00
389,481,0.78
390,481,0.46
391,481,0.46
392,481,0.23
393,481,0.23
379,471,0.23
380,471,0.23
379,472,0.23
380,472,0.23
379,473,0.46
380,473,0.46
379,474,0.46
380,474,0.55
379,475,0.55
380,475,0.87
379,476,0.95
380,476,1.00
379,477,1.00
380,477,1.00
379,478,1.00
380,478,1.00
379,479,1.00
380,479,1.00
379,480,1.00
380,480,1.00
379,481,1.00
380,481,1.00
379,482,1.00
380,482,1.00
381,482,1.00
382,482,1.00
383,482,1.00
384,482,1.00
385,482,1.00
386,482,1.00
387,482,0.87
388,482,0.55
389,482,0.46
390,482,0.23
391,482,0.23
379,483,1.00
380,483,1.00
381,483,1.00
382,483,1.00
383,483,1.00
384,483,1.00
385,483,1.00
386,483,0.95
387,483,0.55
388,483,0.46
389,483,0.46
390,483,0.23
391,483,0.23
377,473,0.23
378,473,0.23
377,474,0.23
378,474,0.23
377,475,0.23
378,475,0.23
377,476,0.46
378,476,0.50
377,477,0.50
378,477,0.78
377,478,0.72
378,478,1.00
377,479,0.91
378,479,1.00
377,480,1.00
378,480,1.00
377,481,1.00
378,481,1.00
377,482,1.00
378,482,1.00
377,483,1.00
378,483,1.00
377,484,1.00
378,484,1.00
379,484,1.00
380,484,1.00
381,484,1.00
382,484,1.00
383,484,1.00
384,484,1.00
385,484,0.78
386,484,0.50
387,484,0.23
388,484,0.23
389,484,0.23
377,485,1.00
378,485,1.00
379,485,1.00
380,485,1.00
381,485,1.00
382,485,1.00
383,485,1.00
384,485,0.72
385,485,0.50
386,485,0.46
387,485,0.23
388,485,0.23
389,485,0.23
374,476,0.23
375,476,0.23
376,476,0.23
374,477,0.23
375,477,0.23
376,477,0.23
374,478,0.23
375,478,0.23
376,478,0.32
374,479,0.23
375,479,0.27
376,479,0.49
374,480,0.46
375,480,0.62
376,480,0.85
374,481,0.50
375,481,0.85
376,481,1.00
374,482,0.72
375,482,1.00
376,482,1.00
374,483,0.91
375,483,1.00
376,483,1.00
374,484,1.00
375,484,1.00
376,484,1.00
374,485,1.00
375,485,1.00
376,485,1.00
374,486,1.00
375,486,1.00
376,486,1.00
377,486,1.00
378,486,1.00
379,486,1.00
380,486,1.00
381,486,1.00
382,486,1.00
383,486,0.72
384,486,0.32
385,486,0.23
386,486,0.23
374,487,1.00
375,487,1.00
376,487,1.00
377,487,1.00
378,487,1.00
379,487,1.00
380,487,1.00
381,487,1.00
382,487,0.85
383,487,0.50
384,487,0.23
385,487,0.23
386,487,0.23
374,488,1.00
375,488,1.00
376,488,1.00
377,488,1.00
378,488,1.00
379,488,1.00
380,488,1.00
381,488,0.85
382,488,0.62
383,488,0.46
384,488,0.23
385,488,0.23
386,488,0.23
371,480,0.23
372,480,0.23
373,480,0.23
371,481,0.23
372,481,0.23
373,481,0.23
371,482,0.23
372,482,0.23
373,482,0.32
371,483,0.23
372,483,0.27
373,483,0.49
371,484,0.23
372,484,0.39
373,484,0.62
371,485,0.46
372,485,0.69
373,485,0.94
371,486,0.62
372,486,0.95
373,486,1.00
371,487,0.85
372,487,1.00
373,487,1.00
371,488,1.00
372,488,1.00
373,488,1.00
371,489,1.00
372,489,1.00
373,489,1.00
374,489,1.00
375,489,1.00
376,489,1.00
377,489,1.00
378,489,1.00
379,489,1.00
380,489,0.68
381,489,0.49
382,489,0.27
383,489,0.23
371,490,1.00
372,490,1.00
373,490,1.00
374,490,1.00
375,490,1.00
376,490,1.00
377,490,1.00
378,490,1.00
379,490,0.85
380,490,0.49
381,490,0.32
382,490,0.23
383,490,0.23
371,491,1.00
372,491,1.00
373,491,1.00
374,491,1.00
375,491,1.00
376,491,1.00
377,491,1.00
378,491,0.95
379,491,0.62
380,491,0.27
381,491,0.23
382,491,0.23
383,491,0.23
371,492,1.00
372,492,1.00
373,492,1.00
374,492,1.00
375,492,1.00
376,492,1.00
377,492,0.94
378,492,0.69
379,492,0.46
380,492,0.23
381,492,0.23
382,492,0.23
383,492,0.23
367,485,0.23
368,485,0.23
369,485,0.23
370,485,0.23
367,486,0.23
368,486,0.23
369,486,0.23
370,486,0.27
367,487,0.23
368,487,0.23
369,487,0.32
370,487,0.49
367,488,0.46
368,488,0.50
369,488,0.72
370,488,0.91
367,489,0.62
368,489,0.85
369,489,1.00
370,489,1.00
367,490,1.00
368,490,1.00
369,490,1.00
370,490,1.00
367,491,1.00
368,491,1.00
369,491,1.00
370,491,1.00
367,492,1.00
368,492,1.00
369,492,1.00
370,492,1.00
367,493,1.00
368,493,1.00
369,493,1.00
370,493,1.00
371,493,1.00
372,493,1.00
373,493,1.00
374,493,1.00
375,493,1.00
376,493,0.84
377,493,0.62
378,493,0.39
379,493,0.23
367,494,1.00
368,494,1.00
369,494,1.00
370,494,1.00
371,494,1.00
372,494,1.00
373,494,1.00
374,494,1.00
375,494,1.00
376,494,0.68
377,494,0.49
378,494,0.27
379,494,0.23
367,495,1.00
368,495,1.00
369,495,1.00
370,495,1.00
371,495,1.00
372,495,1.00
373,495,1.00
374,495,1.00
375,495,0.85
376,495,0.49
377,495,0.32
378,495,0.23
379,495,0.23
367,496,1.00
368,496,1.00
369,496,1.00
370,496,1.00
371,496,1.00
372,496,1.00
373,496,1.00
374,496,0.85
375,496,0.62
376,496,0.27
377,496,0.23
378,496,0.23
379,496,0.23
367,497,1.00
368,497,1.00
369,497,1.00
370,497,1.00
371,497,1.00
372,497,1.00
373,497,0.72
374,497,0.50
375,497,0.46
376,497,0.23
377,497,0.23
378,497,0.23
379,497,0.23
363,488,0.23
364,488,0.23
365,488,0.23
366,488,0.23
363,489,0.23
364,489,0.23
365,489,0.23
366,489,0.27
363,490,0.46
364,490,0.46
365,490,0.55
366,490,0.72
363,491,0.73
364,491,0.89
365,491,1.00
366,491,1.00
363,492,0.99
364,492,1.00
365,492,1.00
366,492,1.00
363,493,1.00
364,493,1.00
365,493,1.00
366,493,1.00
363,494,1.00
364,494,1.00
365,494,1.00
366,494,1.00
363,495,1.00
364,495,1.00
365,495,1.00
366,495,1.00
363,496,1.00
364,496,1.00
365,496,1.00
366,496,1.00
363,497,1.00
364,497,1.00
365,497,1.00
366,497,1.00
363,498,1.00
364,498,1.00
365,498,1.00
366,498,1.00
367,498,1.00
368,498,1.00
369,498,1.00
370,498,1.00
371,498,1.00
372,498,0.95
373,498,0.32
374,498,0.23
375,498,0.23
363,499,1.00
364,499,1.00
365,499,1.00
366,499,1.00
367,499,1.00
368,499,1.00
369,499,1.00
370,499,1.00
371,499,1.00
372,499,0.73
373,499,0.23
374,499,0.23
375,499,0.23
363,500,1.00
364,500,1.00
365,500,1.00
366,500,1.00
367,500,1.00
368,500,1.00
369,500,1.00
370,500,1.00
371,500,0.73
372,500,0.69
373,500,0.23
374,500,0.23
375,500,0.23
360,490,0.23
361,490,0.23
362,490,0.23
360,491,0.46
361,491,0.46
362,491,0.46
360,492,0.46
361,492,0.46
362,492,0.55
360,493,0.69
361,493,0.73
362,493,1.00
360,494,0.69
361,494,0.93
362,494,1.00
360,495,1.00
361,495,1.00
362,495,1.00
360,496,1.00
361,496,1.00
362,496,1.00
360,497,1.00
361,497,1.00
362,497,1.00
360,498,1.00
361,498,1.00
362,498,1.00
360,499,1.00
361,499,1.00
362,499,1.00
360,500,1.00
361,500,1.00
362,500,1.00
360,501,1.00
361,501,1.00
362,501,1.00
363,501,1.00
364,501,1.00
365,501,1.00
366,501,1.00
367,501,1.00
368,501,1.00
369,501,1.00
370,501,0.78
371,501,0.46
372,501,0.46
360,502,1.00
361,502,1.00
362,502,1.00
363,502,1.00
364,502,1.00
365,502,1.00
366,502,1.00
367,502,1.00
368,502,1.00
369,502,0.78
370,502,0.69
371,502,0.46
372,502,0.46
360,503,1.00
361,503,1.00
362,503,1.00
363,503,1.00
364,503,1.00
365,503,1.00
366,503,1.00
367,503,0.95
368,503,0.55
369,503,0.46
370,503,0.46
371,503,0.23
372,503,0.23
358,493,0.23
359,493,0.23
358,494,0.23
359,494,0.23
358,495,0.46
359,495,0.46
358,496,0.73
359,496,0.89
358,497,1.00
359,497,1.00
358,498,1.00
359,498,1.00
358,499,1.00
359,499,1.00
358,500,1.00
359,500,1.00
358,501,1.00
359,501,1.00
358,502,1.00
359,502,1.00
358,503,1.00
359,503,1.00
358,504,1.00
359,504,1.00
360,504,1.00
361,504,1.00
362,504,1.00
363,504,1.00
364,504,1.00
365,504,0.95
366,504,0.66
367,504,0.50
368,504,0.23
369,504,0.23
370,504,0.23
358,505,1.00
359,505,1.00
360,505,1.00
361,505,1.00
362,505,1.00
363,505,1.00
364,505,0.95
365,505,0.55
366,505,0.46
367,505,0.46
368,505,0.23
369,505,0.23
370,505,0.23
355,495,0.23
356,495,0.23
357,495,0.23
355,496,0.46
356,496,0.46
357,496,0.46
355,497,0.50
356,497,0.62
357,497,0.78
355,498,1.00
356,498,1.00
357,498,1.00
355,499,1.00
356,499,1.00
357,499,1.00
355,500,1.00
356,500,1.00
357,500,1.00
355,501,1.00
356,501,1.00
357,501,1.00
355,502,1.00
356,502,1.00
357,502,1.00
355,503,1.00
356,503,1.00
357,503,1.00
355,504,1.00
356,504,1.00
357,504,1.00
355,505,1.00
356,505,1.00
357,505,1.00
355,506,1.00
356,506,1.00
357,506,1.00
358,506,1.00
359,506,1.00
360,506,1.00
361,506,1.00
362,506,1.00
363,506,1.00
364,506,0.50
365,506,0.23
366,506,0.23
367,506,0.23
355,507,1.00
356,507,1.00
357,507,1.00
358,507,1.00
359,507,1.00
360,507,1.00
361,507,1.00
362,507,1.00
363,507,0.92
364,507,0.46
365,507,0.23
366,507,0.23
367,507,0.23
352,496,0.23
353,496,0.23
354,496,0.23
352,497,0.23
353,497,0.23
354,497,0.23
352,498,0.69
353,498,0.69
354,498,0.78
352,499,1.00
353,499,1.00
354,499,1.00
352,500,1.00
353,500,1.00
354,500,1.00
352,501,1.00
353,501,1.00
354,501,1.00
352,502,1.00
353,502,1.00
354,502,1.00
352,503,1.00
353,503,1.00
354,503,1.00
352,504,1.00
353,504,1.00
354,504,1.00
352,505,1.00
353,505,1.00
354,505,1.00
352,506,1.00
353,506,1.00
354,506,1.00
352,507,1.00
353,507,1.00
354,507,1.00
352,508,1.00
353,508,1.00
354,508,1.00
355,508,1.00
356,508,1.00
357,508,1.00
358,508,1.00
359,508,1.00
360,508,1.00
361,508,1.00
362,508,1.00
363,508,0.69
364,508,0.23
351,498,0.46
351,499,1.00
351,500,1.00
351,501,1.00
351,502,1.00
351,503,1.00
351,504,1.00
351,505,1.00
351,506,1.00
351,507,1.00
351,508,1.00
351,509,1.00
352,509,1.00
353,509,1.00
354,509,1.00
355,509,1.00
356,509,1.00
357,509,1.00
358,509,1.00
359,509,1.00
360,509,1.00
361,509,1.00
362,509,0.92
363,509,0.46
351,510,1.00
352,510,1.00
353,510,1.00
354,510,1.00
355,510,1.00
356,510,1.00
357,510,1.00
358,510,1.00
359,510,1.00
360,510,1.00
361,510,1.00
362,510,0.92
363,510,0.46
350,499,0.69
350,500,1.00
350,501,1.00
350,502,1.00
350,503,1.00
350,504,1.00
350,505,1.00
350,506,1.00
350,507,1.00
350,508,1.00
350,509,1.00
350,510,1.00
350,511,1.00
351,511,1.00
352,511,1.00
353,511,1.00
354,511,1.00
355,511,1.00
356,511,1.00
357,511,1.00
358,511,1.00
359,511,1.00
360,511,1.00
361,511,0.92
362,511,0.46
349,499,0.23
349,500,0.69
349,501,0.92
349,502,0.92
349,503,1.00
349,504,1.00
349,505,1.00
349,506,1.00
349,507,1.00
349,508,1.00
349,509,1.00
349,510,1.00
349,511,1.00
349,512,1.00
350,512,1.00
351,512,1.00
352,512,1.00
353,512,1.00
354,512,1.00
355,512,1.00
356,512,1.00
357,512,1.00
358,512,0.96
359,512,0.92
360,512,0.46
361,512,0.23
348,500,0.23
348,501,0.46
348,502,0.46
348,503,0.69
348,504,0.73
348,505,1.00
348,506,1.00
348,507,1.00
348,508,1.00
348,509,1.00
348,510,1.00
348,511,1.00
348,512,1.00
347,501,0.23
347,502,0.23
347,503,0.46
347,504,0.46
347,505,0.69
347,506,0.96
347,507,1.00
347,508,1.00
347,509,1.00
347,510,1.00
347,511,1.00
347,512,1.00
347,513,1.00
348,513,1.00
349,513,1.00
350,513,1.00
351,513,1.00
352,513,1.00
353,513,1.00
354,513,1.00
355,513,1.00
356,513,0.95
357,513,0.55
358,513,0.46
359,513,0.46
347,514,1.00
348,514,1.00
349,514,1.00
350,514,1.00
351,514,1.00
352,514,1.00
353,514,1.00
354,514,1.00
355,514,0.89
356,514,0.50
357,514,0.23
358,514,0.23
359,514,0.23
347,515,1.00
348,515,1.00
349,515,1.00
350,515,1.00
351,515,1.00
352,515,1.00
353,515,1.00
354,515,1.00
355,515,0.69
356,515,0.46
357,515,0.23
358,515,0.23
359,515,0.23
344,505,0.23
345,505,0.23
346,505,0.23
344,506,0.46
345,506,0.46
346,506,0.46
344,507,0.69
345,507,0.69
346,507,0.82
344,508,0.92
345,508,1.00
346,508,1.00
344,509,1.00
345,509,1.00
346,509,1.00
344,510,1.00
345,510,1.00
346,510,1.00
344,511,1.00
345,511,1.00
346,511,1.00
344,512,1.00
345,512,1.00
346,512,1.00
344,513,1.00
345,513,1.00
346,513,1.00
344,514,1.00
345,514,1.00
346,514,1.00
344,515,1.00
345,515,1.00
346,515,1.00
344,516,1.00
345,516,1.00
346,516,1.00
347,516,1.00
348,516,1.00
349,516,1.00
350,516,1.00
351,516,1.00
352,516,1.00
353,516,0.86
354,516,0.69
355,516,0.46
356,516,0.23
344,517,1.00
345,517,1.00
346,517,1.00
347,517,1.00
348,517,1.00
349,517,1.00
350,517,1.00
351,517,1.00
352,517,1.00
353,517,0.69
354,517,0.69
355,517,0.46
356,517,0.23
343,506,0.23
343,507,0.46
343,508,0.69
343,509,0.96
343,510,1.00
343,511,1.00
343,512,1.00
343,513,1.00
343,514,1.00
343,515,1.00
343,516,1.00
343,517,1.00
343,518,1.00
344,518,1.00
345,518,1.00
346,518,1.00
347,518,1.00
348,518,1.00
349,518,1.00
350,518,1.00
351,518,0.96
352,518,0.69
353,518,0.46
354,518,0.46
355,518,0.23
342,507,0.23
342,508,0.46
342,509,0.69
342,510,0.82
342,511,1.00
342,512,1.00
342,513,1.00
342,514,1.00
342,515,1.00
342,516,1.00
342,517,1.00
342,518,1.00
342,519,1.00
343,519,1.00
344,519,1.00
345,519,1.00
346,519,1.00
347,519,1.00
348,519,1.00
349,519,1.00
350,519,0.69
351,519,0.69
352,519,0.46
353,519,0.23
354,519,0.23
340,508,0.23
341,508,0.23
340,509,0.46
341,509,0.46
340,510,0.46
341,510,0.46
340,511,0.69
341,511,0.82
340,512,1.00
341,512,1.00
340,513,1.00
341,513,1.00
340,514,1.00
341,514,1.00
340,515,1.00
341,515,1.00
340,516,1.00
341,516,1.00
340,517,1.00
341,517,1.00
340,518,1.00
341,518,1.00
340,519,1.00
341,519,1.00
340,520,1.00
341,520,1.00
342,520,1.00
343,520,1.00
344,520,1.00
345,520,1.00
346,520,1.00
347,520,1.00
348,520,1.00
349,520,0.69
350,520,0.46
351,520,0.46
352,520,0.23
339,509,0.23
339,510,0.23
339,511,0.46
339,512,1.00
339,513,1.00
339,514,1.00
339,515,1.00
339,516,1.00
339,517,1.00
339,518,1.00
339,519,1.00
339,520,1.00
339,521,1.00
340,521,1.00
341,521,1.00
342,521,1.00
343,521,1.00
344,521,1.00
345,521,1.00
346,521,1.00
347,521,1.00
348,521,0.69
349,521,0.46
350,521,0.23
351,521,0.23
337,511,0.23
338,511,0.23
337,512,1.00
338,512,1.00
337,513,1.00
338,513,1.00
337,514,1.00
338,514,1.00
337,515,1.00
338,515,1.00
337,516,1.00
338,516,1.00
337,517,1.00
338,517,1.00
337,518,1.00
338,518,1.00
337,519,1.00
338,519,1.00
337,520,1.00
338,520,1.00
337,521,1.00
338,521,1.00
337,522,1.00
338,522,1.00
339,522,1.00
340,522,1.00
341,522,1.00
342,522,1.00
343,522,1.00
344,522,1.00
345,522,1.00
346,522,1.00
347,522,0.69
348,522,0.46
349,522,0.23
337,523,1.00
338,523,1.00
339,523,1.00
340,523,1.00
341,523,1.00
342,523,1.00
343,523,1.00
344,523,1.00
345,523,1.00
346,523,1.00
347,523,0.69
348,523,0.46
349,523,0.23
336,512,1.00
336,513,1.00
336,514,1.00
336,515,1.00
336,516,1.00
336,517,1.00
336,518,1.00
336,519,1.00
336,520,1.00
336,521,1.00
336,522,1.00
336,523,1.00
336,524,1.00
337,524,1.00
338,524,1.00
339,524,1.00
340,524,1.00
341,524,1.00
342,524,1.00
343,524,1.00
344,524,1.00
345,524,1.00
346,524,0.92
347,524,0.46
348,524,0.23
335,512,1.00
335,513,1.00
335,514,1.00
335,515,1.00
335,516,1.00
335,517,1.00
335,518,1.00
335,519,1.00
335,520,1.00
335,521,1.00
335,522,1.00
335,523,1.00
335,524,1.00
334,512,0.92
334,513,1.00
334,514,1.00
334,515,1.00
334,516,1.00
334,517,1.00
334,518,1.00
334,519,1.00
334,520,1.00
334,521,1.00
334,522,1.00
334,523,1.00
334,524,1.00
333,512,0.46
333,513,0.69
333,514,0.92
333,515,0.92
333,516,0.92
333,517,1.00
333,518,1.00
333,519,1.00
333,520,1.00
333,521,1.00
333,522,1.00
333,523,1.00
333,524,1.00
333,525,1.00
334,525,1.00
335,525,1.00
336,525,1.00
337,525,1.00
338,525,1.00
339,525,1.00
340,525,1.00
341,525,1.00
342,525,0.69
343,525,0.46
344,525,0.46
345,525,0.23
332,514,0.23
332,515,0.23
332,516,0.23
332,517,0.69
332,518,0.96
332,519,1.00
332,520,1.00
332,521,1.00
332,522,1.00
332,523,1.00
332,524,1.00
332,525,1.00
332,526,1.00
333,526,1.00
334,526,1.00
335,526,1.00
336,526,1.00
337,526,1.00
338,526,1.00
339,526,1.00
340,526,1.00
341,526,0.96
342,526,0.46
343,526,0.23
344,526,0.23
330,517,0.46
331,517,0.46
330,518,0.69
331,518,0.69
330,519,0.92
331,519,1.00
330,520,1.00
331,520,1.00
330,521,1.00
331,521,1.00
330,522,1.00
331,522,1.00
330,523,1.00
331,523,1.00
330,524,1.00
331,524,1.00
330,525,1.00
331,525,1.00
330,526,1.00
331,526,1.00
330,527,1.00
331,527,1.00
332,527,1.00
333,527,1.00
334,527,1.00
335,527,1.00
336,527,1.00
337,527,1.00
338,527,1.00
339,527,1.00
340,527,1.00
341,527,0.69
342,527,0.23
330,528,1.00
331,528,1.00
332,528,1.00
333,528,1.00
334,528,1.00
335,528,1.00
336,528,1.00
337,528,1.00
338,528,1.00
339,528,1.00
340,528,0.92
341,528,0.69
342,528,0.23
330,529,1.00
331,529,1.00
332,529,1.00
333,529,1.00
334,529,1.00
335,529,1.00
336,529,1.00
337,529,1.00
338,529,1.00
339,529,1.00
340,529,0.92
341,529,0.69
342,529,0.23
329,517,0.23
329,518,0.46
329,519,0.69
329,520,0.92
329,521,1.00
329,522,1.00
329,523,1.00
329,524,1.00
329,525,1.00
329,526,1.00
329,527,1.00
329,528,1.00
329,529,1.00
329,530,1.00
330,530,1.00
331,530,1.00
332,530,1.00
333,530,1.00
334,530,1.00
335,530,1.00
336,530,1.00
337,530,1.00
338,530,1.00
339,530,1.00
340,530,1.00
341,530,0.69
328,519,0.23
328,520,0.46
328,521,1.00
328,522,1.00
328,523,1.00
328,524,1.00
328,525,1.00
328,526,1.00
328,527,1.00
328,528,1.00
328,529,1.00
328,530,1.00
328,531,1.00
329,531,1.00
330,531,1.00
331,531,1.00
332,531,1.00
333,531,1.00
334,531,1.00
335,531,1.00
336,531,1.00
337,531,1.00
338,531,1.00
339,531,1.00
340,531,1.00
327,520,0.23
327,521,1.00
327,522,1.00
327,523,1.00
327,524,1.00
327,525,1.00
327,526,1.00
327,527,1.00
327,528,1.00
327,529,1.00
327,530,1.00
327,531,1.00
327,532,1.00
328,532,1.00
329,532,1.00
330,532,1.00
331,532,1.00
332,532,1.00
333,532,1.00
334,532,1.00
335,532,1.00
336,532,1.00
337,532,1.00
338,532,1.00
339,532,1.00
326,521,1.00
326,522,1.00
326,523,1.00
326,524,1.00
326,525,1.00
326,526,1.00
326,527,1.00
326,528,1.00
326,529,1.00
326,530,1.00
326,531,1.00
326,532,1.00
326,533,1.00
327,533,1.00
328,533,1.00
329,533,1.00
330,533,1.00
331,533,1.00
332,533,1.00
333,533,1.00
334,533,1.00
335,533,1.00
336,533,1.00
337,533,1.00
338,533,1.00
324,521,1.00
325,521,1.00
324,522,1.00
325,522,1.00
324,523,1.00
325,523,1.00
324,524,1.00
325,524,1.00
324,525,1.00
325,525,1.00
324,526,1.00
325,526,1.00
324,527,1.00
325,527,1.00
324,528,1.00
325,528,1.00
324,529,1.00
325,529,1.00
324,530,1.00
325,530,1.00
324,531,1.00
325,531,1.00
324,532,1.00
325,532,1.00
324,533,1.00
325,533,1.00
323,521,0.46
323,522,1.00
323,523,1.00
323,524,1.00
323,525,1.00
323,526,1.00
323,527,1.00
323,528,1.00
323,529,1.00
323,530,1.00
323,531,1.00
323,532,1.00
323,533,1.00
322,521,0.23
322,522,1.00
322,523,1.00
322,524,1.00
322,525,1.00
322,526,1.00
322,527,1.00
322,528,1.00
322,529,1.00
322,530,1.00
322,531,1.00
322,532,1.00
322,533,1.00
321,522,0.92
321,523,1.00
321,524,1.00
321,525,1.00
321,526,1.00
321,527,1.00
321,528,1.00
321,529,1.00
321,530,1.00
321,531,1.00
321,532,1.00
321,533,1.00
321,534,1.00
322,534,1.00
323,534,1.00
324,534,1.00
325,534,1.00
326,534,1.00
327,534,1.00
328,534,1.00
329,534,1.00
330,534,1.00
331,534,1.00
332,534,1.00
333,534,1.00
320,522,0.46
320,523,0.46
320,524,0.46
320,525,0.46
320,526,0.46
320,527,0.46
320,528,0.46
320,529,0.46
320,530,0.46
320,531,0.46
320,532,0.46
320,533,0.46
320,534,0.46
321,535,0.23
322,535,0.46
323,535,1.00
324,535,1.00
325,535,1.00
326,535,1.00
327,535,1.00
328,535,1.00
329,535,1.00
330,535,1.00
331,535,1.00
332,535,1.00
333,535,1.00
334,534,1.00
334,535,1.00
322,536,0.23
323,536,0.92
324,536,1.00
325,536,1.00
326,536,1.00
327,536,1.00
328,536,1.00
329,536,1.00
330,536,1.00
331,536,1.00
332,536,1.00
333,536,1.00
334,536,1.00
322,537,0.23
323,537,0.92
324,537,1.00
325,537,1.00
326,537,1.00
327,537,1.00
328,537,1.00
329,537,1.00
330,537,1.00
331,537,1.00
332,537,1.00
333,537,1.00
334,537,1.00
335,534,1.00
335,535,1.00
335,536,1.00
335,537,1.00
323,538,0.69
324,538,1.00
325,538,1.00
326,538,1.00
327,538,1.00
328,538,1.00
329,538,1.00
330,538,1.00
331,538,1.00
332,538,1.00
333,538,1.00
334,538,1.00
335,538,1.00
336,534,1.00
336,535,1.00
336,536,1.00
336,537,1.00
336,538,1.00
324,539,0.46
325,539,0.46
326,539,0.69
327,539,0.92
328,539,1.00
329,539,1.00
330,539,1.00
331,539,1.00
332,539,1.00
333,539,1.00
334,539,1.00
335,539,1.00
336,539,1.00
337,534,1.00
338,534,1.00
337,535,1.00
338,535,1.00
337,536,1.00
338,536,1.00
337,537,1.00
338,537,1.00
337,538,1.00
338,538,1.00
337,539,1.00
338,539,1.00
326,540,0.23
327,540,0.46
328,540,0.92
329,540,1.00
330,540,1.00
331,540,1.00
332,540,1.00
333,540,1.00
334,540,1.00
335,540,1.00
336,540,1.00
337,540,1.00
338,540,1.00
339,533,1.00
339,534,1.00
339,535,1.00
339,536,1.00
339,537,1.00
339,538,1.00
339,539,1.00
339,540,1.00
327,541,0.23
328,541,0.69
329,541,1.00
330,541,1.00
331,541,1.00
332,541,1.00
333,541,1.00
334,541,1.00
335,541,1.00
336,541,1.00
337,541,1.00
338,541,1.00
339,541,1.00
340,532,0.92
340,533,1.00
340,534,1.00
340,535,1.00
340,536,1.00
340,537,1.00
340,538,1.00
340,539,1.00
340,540,0.92
340,541,0.92
328,542,0.46
329,542,0.92
330,542,0.92
331,542,0.92
332,542,0.92
333,542,0.92
334,542,0.92
335,542,0.92
336,542,0.92
337,542,0.92
338,542,0.92
339,542,0.92
340,542,0.92
341,531,0.46
341,532,0.46
341,533,0.46
341,534,0.46
341,535,0.46
341,536,0.46
341,537,0.46
341,538,0.46
341,539,0.46
341,540,0.46
341,541,0.46
341,542,0.46

409,428,0.69
410,428,0.69
411,428,0.69
412,428,0.69
413,428,0.69
414,428,0.69
415,428,0.69
416,428,0.69
417,428,0.69
418,428,0.69
419,428,0.69
420,428,0.69
421,428,0.69
409,429,0.69
410,429,0.69
411,429,0.69
412,429,0.82
413,429,1.00
414,429,1.00
415,429,1.00
416,429,1.00
417,429,1.00
418,429,0.82
419,429,0.69
420,429,0.69
421,429,0.69
409,430,0.92
410,430,0.92
411,430,1.00
412,430,1.00
413,430,1.00
414,430,1.00
415,430,1.00
416,430,1.00
417,430,1.00
418,430,1.00
419,430,0.95
420,430,0.69
421,430,0.69
409,431,0.96
410,431,1.00
411,431,1.00
412,431,1.00
413,431,1.00
414,431,1.00
415,431,1.00
416,431,1.00
417,431,1.00
418,431,1.00
419,431,1.00
420,431,0.82
421,431,0.69
409,432,1.00
410,432,1.00
411,432,1.00
412,432,1.00
413,432,1.00
414,432,1.00
415,432,1.00
416,432,1.00
417,432,1.00
418,432,1.00
419,432,1.00
420,432,1.00
421,432,0.69
409,433,1.00
410,433,1.00
411,433,1.00
412,433,1.00
413,433,1.00
414,433,1.00
415,433,1.00
416,433,1.00
417,433,1.00
418,433,1.00
419,433,1.00
420,433,1.00
421,433,0.69
409,434,1.00
410,434,1.00
411,434,1.00
412,434,1.00
413,434,1.00
414,434,1.00
415,434,1.00
416,434,1.00
417,434,1.00
418,434,1.00
419,434,1.00
420,434,1.00
421,434,0.69
409,435,1.00
410,435,1.00
411,435,1.00
412,435,1.00
413,435,1.00
414,435,1.00
415,435,1.00
416,435,1.00
417,435,1.00
418,435,1.00
419,435,1.00
420,435,1.00
421,435,0.69
409,436,1.00
410,436,1.00
411,436,1.00
412,436,1.00
413,436,1.00
414,436,1.00
415,436,1.00
416,436,1.00
417,436,1.00
418,436,1.00
419,436,1.00
420,436,1.00
421,436,0.69
409,437,1.00
410,437,1.00
411,437,1.00
412,437,1.00
413,437,1.00
414,437,1.00
415,437,1.00
416,437,1.00
417,437,1.00
418,437,1.00
419,437,1.00
420,437,0.82
421,437,0.69
409,438,1.00
410,438,1.00
411,438,1.00
412,438,1.00
413,438,1.00
414,438,1.00
415,438,1.00
416,438,1.00
417,438,1.00
418,438,1.00
419,438,0.95
420,438,0.69
421,438,0.69
409,439,1.00
410,439,1.00
411,439,1.00
412,439,1.00
413,439,1.00
414,439,1.00
415,439,1.00
416,439,1.00
417,439,1.00
418,439,1.00
419,439,0.69
420,439,0.69
421,439,0.69
409,440,1.00
410,440,1.00
411,440,1.00
412,440,1.00
413,440,1.00
414,440,1.00
415,440,1.00
416,440,1.00
417,440,0.92
418,440,0.92
419,440,0.69
420,440,0.69
421,440,0.69
406,430,0.23
407,430,0.23
408,430,0.23
406,431,0.23
407,431,0.23
408,431,0.23
406,432,0.46
407,432,0.46
408,432,0.55
406,433,0.46
407,433,0.55
408,433,0.87
406,434,0.55
407,434,0.87
408,434,1.00
406,435,0.95
407,435,1.00
408,435,1.00
406,436,1.00
407,436,1.00
408,436,1.00
406,437,1.00
407,437,1.00
408,437,1.00
406,438,1.00
407,438,1.00
408,438,1.00
406,439,1.00
407,439,1.00
408,439,1.00
406,440,1.00
407,440,1.00
408,440,1.00
406,441,1.00
407,441,1.00
408,441,1.00
409,441,1.00
410,441,1.00
411,441,1.00
412,441,1.00
413,441,1.00
414,441,0.87
415,441,0.55
416,441,0.46
417,441,0.23
418,441,0.23
406,442,1.00
407,442,1.00
408,442,1.00
409,442,1.00
410,442,1.00
411,442,1.00
412,442,1.00
413,442,0.95
414,442,0.55
415,442,0.46
416,442,0.46
417,442,0.23
418,442,0.23
404,432,0.23
405,432,0.23
404,433,0.23
405,433,0.23
404,434,0.23
405,434,0.23
404,435,0.46
405,435,0.50
404,436,0.50
405,436,0.78
404,437,0.72
405,437,1.00
404,438,1.00
405,438,1.00
404,439,1.00
405,439,1.00
404,440,1.00
405,440,1.00
404,441,1.00
405,441,1.00
404,442,1.00
405,442,1.00
404,443,1.00
405,443,1.00
406,443,1.00
407,443,1.00
408,443,1.00
409,443,1.00
410,443,1.00
411,443,1.00
412,443,0.78
413,443,0.50
414,443,0.23
415,443,0.23
416,443,0.23
404,444,1.00
405,444,1.00
406,444,1.00
407,444,1.00
408,444,1.00
409,444,1.00
410,444,1.00
411,444,0.72
412,444,0.50
413,444,0.46
414,444,0.23
415,444,0.23
416,444,0.23
401,435,0.23
402,435,0.23
403,435,0.23
401,436,0.23
402,436,0.23
403,436,0.23
401,437,0.23
402,437,0.23
403,437,0.32
401,438,0.46
402,438,0.50
403,438,0.72
401,439,0.50
402,439,0.78
403,439,1.00
401,440,0.72
402,440,1.00
403,440,1.00
401,441,1.00
402,441,1.00
403,441,1.00
401,442,1.00
402,442,1.00
403,442,1.00
401,443,1.00
402,443,1.00
403,443,1.00
401,444,1.00
402,444,1.00
403,444,1.00
401,445,1.00
402,445,1.00
403,445,1.00
404,445,1.00
405,445,1.00
406,445,1.00
407,445,1.00
408,445,1.00
409,445,1.00
410,445,0.72
411,445,0.32
412,445,0.23
413,445,0.23
401,446,1.00
402,446,1.00
403,446,1.00
404,446,1.00
405,446,1.00
406,446,1.00
407,446,1.00
408,446,1.00
409,446,0.78
410,446,0.50
411,446,0.23
412,446,0.23
413,446,0.23
401,447,1.00
402,447,1.00
403,447,1.00
404,447,1.00
405,447,1.00
406,447,1.00
407,447,1.00
408,447,0.72
409,447,0.50
410,447,0.46
411,447,0.23
412,447,0.23
413,447,0.23
398,438,0.23
399,438,0.23
400,438,0.23
398,439,0.23
399,439,0.23
400,439,0.23
398,440,0.23
399,440,0.23
400,440,0.32
398,441,0.46
399,441,0.50
400,441,0.72
398,442,0.50
399,442,0.78
400,442,1.00
398,443,0.72
399,443,1.00
400,443,1.00
398,444,0.91
399,444,1.00
400,444,1.00
398,445,1.00
399,445,1.00
400,445,1.00
398,446,1.00
399,446,1.00
400,446,1.00
398,447,1.00
399,447,1.00
400,447,1.00
398,448,1.00
399,448,1.00
400,448,1.00
401,448,1.00
402,448,1.00
403,448,1.00
404,448,1.00
405,448,1.00
406,448,1.00
407,448,0.72
408,448,0.32
409,448,0.23
410,448,0.23
398,449,1.00
399,449,1.00
400,449,1.00
401,449,1.00
402,449,1.00
403,449,1.00
404,449,1.00
405,449,1.00
406,449,0.78
407,449,0.50
408,449,0.23
409,449,0.23
410,449,0.23
398,450,1.00
399,450,1.00
400,450,1.00
401,450,1.00
402,450,1.00
403,450,1.00
404,450,0.91
405,450,0.72
406,450,0.50
407,450,0.46
408,450,0.23
409,450,0.23
410,450,0.23
395,441,0.23
396,441,0.23
397,441,0.23
395,442,0.23
396,442,0.23
397,442,0.23
395,443,0.23
396,443,0.23
397,443,0.32
395,444,0.23
396,444,0.27
397,444,0.49
395,445,0.23
396,445,0.39
397,445,0.62
395,446,0.23
396,446,0.46
397,446,0.71
395,447,0.46
396,447,0.72
397,447,0.97
395,448,0.69
396,448,0.85
397,448,0.99
395,449,0.94
396,449,1.00
397,449,1.00
395,450,1.00
396,450,1.00
397,450,1.00
395,451,1.00
396,451,1.00
397,451,1.00
398,451,1.00
399,451,1.00
400,451,0.94
401,451,0.74
402,451,0.71
403,451,0.62
404,451,0.49
405,451,0.32
406,451,0.23
407,451,0.23
395,452,1.00
396,452,1.00
397,452,1.00
398,452,0.99
399,452,0.85
400,452,0.69
401,452,0.49
402,452,0.46
403,452,0.39
404,452,0.27
405,452,0.23
406,452,0.23
407,452,0.23
395,453,1.00
396,453,1.00
397,453,1.00
398,453,0.97
399,453,0.72
400,453,0.46
401,453,0.23
402,453,0.23
403,453,0.23
404,453,0.23
405,453,0.23
406,453,0.23
407,453,0.23
388,447,0.23
389,447,0.23
390,447,0.23
391,447,0.23
392,447,0.23
393,447,0.23
394,447,0.23
388,448,0.23
389,448,0.23
390,448,0.23
391,448,0.27
392,448,0.39
393,448,0.46
394,448,0.49
388,449,0.23
389,449,0.23
390,449,0.32
391,449,0.49
392,449,0.62
393,449,0.71
394,449,0.74
388,450,0.23
389,450,0.27
390,450,0.49
391,450,0.68
392,450,0.84
393,450,0.96
394,450,1.00
388,451,0.23
389,451,0.39
390,451,0.62
391,451,0.84
392,451,1.00
393,451,1.00
394,451,1.00
388,452,0.23
389,452,0.46
390,452,0.71
391,452,0.96
392,452,1.00
393,452,1.00
394,452,1.00
388,453,0.46
389,453,0.72
390,453,0.97
391,453,1.00
392,453,1.00
393,453,1.00
394,453,1.00
388,454,0.69
389,454,0.95
390,454,1.00
391,454,1.00
392,454,1.00
393,454,1.00
394,454,1.00
395,454,1.00
396,454,1.00
397,454,0.96
398,454,0.71
399,454,0.46
400,454,0.23
388,455,0.94
389,455,1.00
390,455,1.00
391,455,1.00
392,455,1.00
393,455,1.00
394,455,1.00
395,455,1.00
396,455,1.00
397,455,0.84
398,455,0.62
399,455,0.39
400,455,0.23
388,456,1.00
389,456,1.00
390,456,1.00
391,456,1.00
392,456,1.00
393,456,1.00
394,456,1.00
395,456,1.00
396,456,0.84
397,456,0.68
398,456,0.49
399,456,0.27
400,456,0.23
388,457,1.00
389,457,1.00
390,457,1.00
391,457,1.00
392,457,1.00
393,457,1.00
394,457,1.00
395,457,0.94
396,457,0.62
397,457,0.49
398,457,0.32
399,457,0.23
400,457,0.23
388,458,1.00
389,458,1.00
390,458,1.00
391,458,1.00
392,458,1.00
393,458,1.00
394,458,0.95
395,458,0.69
396,458,0.39
397,458,0.27
398,458,0.23
399,458,0.23
400,458,0.23
388,459,1.00
389,459,1.00
390,459,1.00
391,459,1.00
392,459,1.00
393,459,0.97
394,459,0.72
395,459,0.46
396,459,0.23
397,459,0.23
398,459,0.23
399,459,0.23
400,459,0.23
383,453,0.23
384,453,0.23
385,453,0.23
386,453,0.23
387,453,0.23
383,454,0.23
384,454,0.23
385,454,0.23
386,454,0.27
387,454,0.39
383,455,0.23
384,455,0.23
385,455,0.32
386,455,0.49
387,455,0.62
383,456,0.23
384,456,0.27
385,456,0.49
386,456,0.68
387,456,0.84
383,457,0.46
384,457,0.62
385,457,0.85
386,457,1.00
387,457,1.00
383,458,0.85
384,458,1.00
385,458,1.00
386,458,1.00
387,458,1.00
383,459,1.00
384,459,1.00
385,459,1.00
386,459,1.00
387,459,1.00
383,460,1.00
384,460,1.00
385,460,1.00
386,460,1.00
387,460,1.00
388,460,1.00
389,460,1.00
390,460,1.00
391,460,1.00
392,460,0.96
393,460,0.71
394,460,0.46
395,460,0.23
383,461,1.00
384,461,1.00
385,461,1.00
386,461,1.00
387,461,1.00
388,461,1.00
389,461,1.00
390,461,1.00
391,461,1.00
392,461,0.84
393,461,0.62
394,461,0.39
395,461,0.23
383,462,1.00
384,462,1.00
385,462,1.00
386,462,1.00
387,462,1.00
388,462,1.00
389,462,1.00
390,462,1.00
391,462,1.00
392,462,0.68
393,462,0.49
394,462,0.27
395,462,0.23
383,463,1.00
384,463,1.00
385,463,1.00
386,463,1.00
387,463,1.00
388,463,1.00
389,463,1.00
390,463,1.00
391,463,0.85
392,463,0.49
393,463,0.32
394,463,0.23
395,463,0.23
383,464,1.00
384,464,1.00
385,464,1.00
386,464,1.00
387,464,1.00
388,464,1.00
389,464,1.00
390,464,0.92
391,464,0.62
392,464,0.27
393,464,0.23
394,464,0.23
395,464,0.23
383,465,1.00
384,465,1.00
385,465,1.00
386,465,1.00
387,465,1.00
388,465,1.00
389,465,1.00
390,465,0.62
391,465,0.46
392,465,0.23
393,465,0.23
394,465,0.23
395,465,0.23
379,457,0.23
380,457,0.23
381,457,0.23
382,457,0.23
379,458,0.46
380,458,0.46
381,458,0.46
382,458,0.50
379,459,0.92
380,459,0.96
381,459,1.00
382,459,1.00
379,460,1.00
380,460,1.00
381,460,1.00
382,460,1.00
379,461,1.00
380,461,1.00
381,461,1.00
382,461,1.00
379,462,1.00
380,462,1.00
381,462,1.00
382,462,1.00
379,463,1.00
380,463,1.00
381,463,1.00
382,463,1.00
379,464,1.00
380,464,1.00
381,464,1.00
382,464,1.00
379,465,1.00
380,465,1.00
381,465,1.00
382,465,1.00
379,466,1.00
380,466,1.00
381,466,1.00
382,466,1.00
383,466,1.00
384,466,1.00
385,466,1.00
386,466,1.00
387,466,1.00
388,466,1.00
389,466,0.72
390,466,0.27
391,466,0.23
379,467,1.00
380,467,1.00
381,467,1.00
382,467,1.00
383,467,1.00
384,467,1.00
385,467,1.00
386,467,1.00
387,467,1.00
388,467,0.99
389,467,0.55
390,467,0.23
391,467,0.23
379,468,1.00
380,468,1.00
381,468,1.00
382,468,1.00
383,468,1.00
384,468,1.00
385,468,1.00
386,468,1.00
387,468,1.00
388,468,0.73
389,468,0.46
390,468,0.23
391,468,0.23
379,469,1.00
380,469,1.00
381,469,1.00
382,469,1.00
383,469,1.00
384,469,1.00
385,469,1.00
386,469,1.00
387,469,0.92
388,469,0.69
389,469,0.46
390,469,0.23
391,469,0.23
377,458,0.23
378,458,0.23
377,459,0.69
378,459,0.69
377,460,1.00
378,460,1.00
377,461,1.00
378,461,1.00
377,462,1.00
378,462,1.00
377,463,1.00
378,463,1.00
377,464,1.00
378,464,1.00
377,465,1.00
378,465,1.00
377,466,1.00
378,466,1.00
377,467,1.00
378,467,1.00
377,468,1.00
378,468,1.00
377,469,1.00
378,469,1.00
377,470,1.00
378,470,1.00
379,470,1.00
380,470,1.00
381,470,1.00
382,470,1.00
383,470,1.00
384,470,1.00
385,470,1.00
386,470,1.00
387,470,0.69
388,470,0.46
389,470,0.23
376,459,0.46
376,460,1.00
376,461,1.00
376,462,1.00
376,463,1.00
376,464,1.00
376,465,1.00
376,466,1.00
376,467,1.00
376,468,1.00
376,469,1.00
376,470,1.00
376,471,1.00
377,471,1.00
378,471,1.00
379,471,1.00
380,471,1.00
381,471,1.00
382,471,1.00
383,471,1.00
384,471,1.00
385,471,1.00
386,471,1.00
387,471,0.46
388,471,0.23
375,459,0.23
375,460,0.92
375,461,0.92
375,462,1.00
375,463,1.00
375,464,1.00
375,465,1.00
375,466,1.00
375,467,1.00
375,468,1.00
375,469,1.00
375,470,1.00
375,471,1.00
374,460,0.69
374,461,0.69
374,462,0.92
374,463,0.92
374,464,1.00
374,465,1.00
374,466,1.00
374,467,1.00
374,468,1.00
374,469,1.00
374,470,1.00
374,471,1.00
374,472,1.00
375,472,1.00
376,472,1.00
377,472,1.00
378,472,1.00
379,472,1.00
380,472,1.00
381,472,1.00
382,472,1.00
383,472,0.92
384,472,0.92
385,472,0.69
386,472,0.69
372,462,0.23
373,462,0.23
372,463,0.23
373,463,0.23
372,464,0.23
373,464,0.23
372,465,0.23
373,465,0.27
372,466,0.46
373,466,0.62
372,467,0.50
373,467,0.85
372,468,0.72
373,468,1.00
372,469,1.00
373,469,1.00
372,470,1.00
373,470,1.00
372,471,1.00
373,471,1.00
372,472,1.00
373,472,1.00
372,473,1.00
373,473,1.00
374,473,1.00
375,473,1.00
376,473,1.00
377,473,1.00
378,473,1.00
379,473,1.00
380,473,0.85
381,473,0.50
382,473,0.23
383,473,0.23
384,473,0.23
372,474,1.00
373,474,1.00
374,474,1.00
375,474,1.00
376,474,1.00
377,474,1.00
378,474,1.00
379,474,0.85
380,474,0.62
381,474,0.46
382,474,0.23
383,474,0.23
384,474,0.23
369,466,0.23
370,466,0.23
371,466,0.23
369,467,0.23
370,467,0.23
371,467,0.23
369,468,0.23
370,468,0.23
371,468,0.32
369,469,0.46
370,469,0.50
371,469,0.72
369,470,0.50
370,470,0.78
371,470,1.00
369,471,0.95
370,471,1.00
371,471,1.00
369,472,1.00
370,472,1.00
371,472,1.00
369,473,1.00
370,473,1.00
371,473,1.00
369,474,1.00
370,474,1.00
371,474,1.00
369,475,1.00
370,475,1.00
371,475,1.00
372,475,1.00
373,475,1.00
374,475,1.00
375,475,1.00
376,475,1.00
377,475,1.00
378,475,0.91
379,475,0.49
380,475,0.27
381,475,0.23
369,476,1.00
370,476,1.00
371,476,1.00
372,476,1.00
373,476,1.00
374,476,1.00
375,476,1.00
376,476,1.00
377,476,1.00
378,476,0.72
379,476,0.32
380,476,0.23
381,476,0.23
369,477,1.00
370,477,1.00
371,477,1.00
372,477,1.00
373,477,1.00
374,477,1.00
375,477,1.00
376,477,1.00
377,477,0.78
378,477,0.50
379,477,0.23
380,477,0.23
381,477,0.23
369,478,1.00
370,478,1.00
371,478,1.00
372,478,1.00
373,478,1.00
374,478,1.00
375,478,1.00
376,478,0.95
377,478,0.50
378,478,0.46
379,478,0.23
380,478,0.23
381,478,0.23
366,469,0.23
367,469,0.23
368,469,0.23
366,470,0.23
367,470,0.23
368,470,0.23
366,471,0.46
367,471,0.46
368,471,0.55
366,472,0.46
367,472,0.55
368,472,0.87
366,473,0.55
367,473,0.87
368,473,1.00
366,474,0.95
367,474,1.00
368,474,1.00
366,475,1.00
367,475,1.00
368,475,1.00
366,476,1.00
367,476,1.00
368,476,1.00
366,477,1.00
367,477,1.00
368,477,1.00
366,478,1.00
367,478,1.00
368,478,1.00
366,479,1.00
367,479,1.00
368,479,1.00
369,479,1.00
370,479,1.00
371,479,1.00
372,479,1.00
373,479,1.00
374,479,1.00
375,479,0.87
376,479,0.55
377,479,0.23
378,479,0.23
366,480,1.00
367,480,1.00
368,480,1.00
369,480,1.00
370,480,1.00
371,480,1.00
372,480,1.00
373,480,1.00
374,480,1.00
375,480,0.55
376,480,0.46
377,480,0.23
378,480,0.23
366,481,1.00
367,481,1.00
368,481,1.00
369,481,1.00
370,481,1.00
371,481,1.00
372,481,1.00
373,481,1.00
374,481,0.78
375,481,0.46
376,481,0.46
377,481,0.23
378,481,0.23
364,471,0.23
365,471,0.23
364,472,0.23
365,472,0.23
364,473,0.23
365,473,0.23
364,474,0.46
365,474,0.50
364,475,0.69
365,475,0.89
364,476,1.00
365,476,1.00
364,477,1.00
365,477,1.00
364,478,1.00
365,478,1.00
364,479,1.00
365,479,1.00
364,480,1.00
365,480,1.00
364,481,1.00
365,481,1.00
364,482,1.00
365,482,1.00
366,482,1.00
367,482,1.00
368,482,1.00
369,482,1.00
370,482,1.00
371,482,1.00
372,482,1.00
373,482,1.00
374,482,0.46
375,482,0.23
376,482,0.23
364,483,1.00
365,483,1.00
366,483,1.00
367,483,1.00
368,483,1.00
369,483,1.00
370,483,1.00
371,483,1.00
372,483,1.00
373,483,0.96
374,483,0.46
375,483,0.23
376,483,0.23
362,474,0.23
363,474,0.23
362,475,0.46
363,475,0.46
362,476,0.92
363,476,0.92
362,477,1.00
363,477,1.00
362,478,1.00
363,478,1.00
362,479,1.00
363,479,1.00
362,480,1.00
363,480,1.00
362,481,1.00
363,481,1.00
362,482,1.00
363,482,1.00
362,483,1.00
363,483,1.00
362,484,1.00
363,484,1.00
364,484,1.00
365,484,1.00
366,484,1.00
367,484,1.00
368,484,1.00
369,484,1.00
370,484,1.00
371,484,1.00
372,484,1.00
373,484,0.69
374,484,0.23
362,485,1.00
363,485,1.00
364,485,1.00
365,485,1.00
366,485,1.00
367,485,1.00
368,485,1.00
369,485,1.00
370,485,1.00
371,485,1.00
372,485,0.96
373,485,0.69
374,485,0.23
362,486,1.00
363,486,1.00
364,486,1.00
365,486,1.00
366,486,1.00
367,486,1.00
368,486,1.00
369,486,1.00
370,486,1.00
371,486,1.00
372,486,0.92
373,486,0.69
374,486,0.23
361,475,0.23
361,476,0.69
361,477,0.92
361,478,0.92
361,479,1.00
361,480,1.00
361,481,1.00
361,482,1.00
361,483,1.00
361,484,1.00
361,485,1.00
361,486,1.00
361,487,1.00
362,487,1.00
363,487,1.00
364,487,1.00
365,487,1.00
366,487,1.00
367,487,1.00
368,487,1.00
369,487,1.00
370,487,0.96
371,487,0.92
372,487,0.69
373,487,0.46
361,488,1.00
362,488,1.00
363,488,1.00
364,488,1.00
365,488,1.00
366,488,1.00
367,488,1.00
368,488,0.96
369,488,0.69
370,488,0.69
371,488,0.69
372,488,0.46
373,488,0.23
360,476,0.23
360,477,0.46
360,478,0.46
360,479,0.69
360,480,0.89
360,481,1.00
360,482,1.00
360,483,1.00
360,484,1.00
360,485,1.00
360,486,1.00
360,487,1.00
360,488,1.00
359,477,0.23
359,478,0.23
359,479,0.46
359,480,0.50
359,481,0.95
359,482,1.00
359,483,1.00
359,484,1.00
359,485,1.00
359,486,1.00
359,487,1.00
359,488,1.00
359,489,1.00
360,489,1.00
361,489,1.00
362,489,1.00
363,489,1.00
364,489,1.00
365,489,0.95
366,489,0.55
367,489,0.46
368,489,0.46
369,489,0.23
370,489,0.23
371,489,0.23
356,479,0.23
357,479,0.23
358,479,0.23
356,480,0.23
357,480,0.23
358,480,0.23
356,481,0.46
357,481,0.46
358,481,0.55
356,482,0.50
357,482,0.66
358,482,0.95
356,483,0.72
357,483,1.00
358,483,1.00
356,484,0.91
357,484,1.00
358,484,1.00
356,485,1.00
357,485,1.00
358,485,1.00
356,486,1.00
357,486,1.00
358,486,1.00
356,487,1.00
357,487,1.00
358,487,1.00
356,488,1.00
357,488,1.00
358,488,1.00
356,489,1.00
357,489,1.00
358,489,1.00
356,490,1.00
357,490,1.00
358,490,1.00
359,490,1.00
360,490,1.00
361,490,1.00
362,490,1.00
363,490,0.95
364,490,0.66
365,490,0.50
366,490,0.23
367,490,0.23
368,490,0.23
356,491,1.00
357,491,1.00
358,491,1.00
359,491,1.00
360,491,1.00
361,491,1.00
362,491,0.95
363,491,0.55
364,491,0.46
365,491,0.46
366,491,0.23
367,491,0.23
368,491,0.23
353,481,0.23
354,481,0.23
355,481,0.23
353,482,0.23
354,482,0.23
355,482,0.23
353,483,0.23
354,483,0.23
355,483,0.32
353,484,0.23
354,484,0.27
355,484,0.49
353,485,0.46
354,485,0.62
355,485,0.85
353,486,0.73
354,486,1.00
355,486,1.00
353,487,1.00
354,487,1.00
355,487,1.00
353,488,1.00
354,488,1.00
355,488,1.00
353,489,1.00
354,489,1.00
355,489,1.00
353,490,1.00
354,490,1.00
355,490,1.00
353,491,1.00
354,491,1.00
355,491,1.00
353,492,1.00
354,492,1.00
355,492,1.00
356,492,1.00
357,492,1.00
358,492,1.00
359,492,1.00
360,492,1.00
361,492,0.85
362,492,0.50
363,492,0.23
364,492,0.23
365,492,0.23
353,493,1.00
354,493,1.00
355,493,1.00
356,493,1.00
357,493,1.00
358,493,1.00
359,493,1.00
360,493,1.00
361,493,0.62
362,493,0.46
363,493,0.23
364,493,0.23
365,493,0.23
350,485,0.23
351,485,0.23
352,485,0.23
350,486,0.46
351,486,0.46
352,486,0.46
350,487,0.69
351,487,0.73
352,487,0.94
350,488,1.00
351,488,1.00
352,488,1.00
350,489,1.00
351,489,1.00
352,489,1.00
350,490,1.00
351,490,1.00
352,490,1.00
350,491,1.00
351,491,1.00
352,491,1.00
350,492,1.00
351,492,1.00
352,492,1.00
350,493,1.00
351,493,1.00
352,493,1.00
350,494,1.00
351,494,1.00
352,494,1.00
353,494,1.00
354,494,1.00
355,494,1.00
356,494,1.00
357,494,1.00
358,494,1.00
359,494,1.00
360,494,0.72
361,494,0.27
362,494,0.23
350,495,1.00
351,495,1.00
352,495,1.00
353,495,1.00
354,495,1.00
355,495,1.00
356,495,1.00
357,495,1.00
358,495,1.00
359,495,1.00
360,495,0.55
361,495,0.23
362,495,0.23
350,496,1.00
351,496,1.00
352,496,1.00
353,496,1.00
354,496,1.00
355,496,1.00
356,496,1.00
357,496,1.00
358,496,1.00
359,496,1.00
360,496,0.46
361,496,0.23
362,496,0.23
350,497,1.00
351,497,1.00
352,497,1.00
353,497,1.00
354,497,1.00
355,497,1.00
356,497,1.00
357,497,1.00
358,497,1.00
359,497,1.00
360,497,0.46
361,497,0.23
362,497,0.23
348,486,0.23
349,486,0.23
348,487,0.46
349,487,0.46
348,488,0.69
349,488,0.69
348,489,1.00
349,489,1.00
348,490,1.00
349,490,1.00
348,491,1.00
349,491,1.00
348,492,1.00
349,492,1.00
348,493,1.00
349,493,1.00
348,494,1.00
349,494,1.00
348,495,1.00
349,495,1.00
348,496,1.00
349,496,1.00
348,497,1.00
349,497,1.00
348,498,1.00
349,498,1.00
350,498,1.00
351,498,1.00
352,498,1.00
353,498,1.00
354,498,1.00
355,498,1.00
356,498,1.00
357,498,1.00
358,498,0.96
359,498,0.92
360,498,0.23
347,487,0.23
347,488,0.46
347,489,0.92
347,490,0.92
347,491,1.00
347,492,1.00
347,493,1.00
347,494,1.00
347,495,1.00
347,496,1.00
347,497,1.00
347,498,1.00
347,499,1.00
348,499,1.00
349,499,1.00
350,499,1.00
351,499,1.00
352,499,1.00
353,499,1.00
354,499,1.00
355,499,1.00
356,499,1.00
357,499,1.00
358,499,0.69
359,499,0.69
347,500,1.00
348,500,1.00
349,500,1.00
350,500,1.00
351,500,1.00
352,500,1.00
353,500,1.00
354,500,1.00
355,500,1.00
356,500,0.73
357,500,0.69
358,500,0.46
359,500,0.46
347,501,1.00
348,501,1.00
349,501,1.00
350,501,1.00
351,501,1.00
352,501,1.00
353,501,1.00
354,501,0.73
355,501,0.69
356,501,0.46
357,501,0.46
358,501,0.23
359,501,0.23
345,489,0.23
346,489,0.23
345,490,0.23
346,490,0.23
345,491,0.23
346,491,0.23
345,492,0.46
346,492,0.50
345,493,0.46
346,493,0.66
345,494,0.78
346,494,1.00
345,495,1.00
346,495,1.00
345,496,1.00
346,496,1.00
345,497,1.00
346,497,1.00
345,498,1.00
346,498,1.00
345,499,1.00
346,499,1.00
345,500,1.00
346,500,1.00
345,501,1.00
346,501,1.00
343,492,0.23
344,492,0.23
343,493,0.23
344,493,0.23
343,494,0.46
344,494,0.46
343,495,1.00
344,495,1.00
343,496,1.00
344,496,1.00
343,497,1.00
344,497,1.00
343,498,1.00
344,498,1.00
343,499,1.00
344,499,1.00
343,500,1.00
344,500,1.00
343,501,1.00
344,501,1.00
343,502,1.00
344,502,1.00
345,502,1.00
346,502,1.00
347,502,1.00
348,502,1.00
349,502,1.00
350,502,1.00
351,502,1.00
352,502,0.87
353,502,0.55
354,502,0.23
355,502,0.23
343,503,1.00
344,503,1.00
345,503,1.00
346,503,1.00
347,503,1.00
348,503,1.00
349,503,1.00
350,503,1.00
351,503,0.87
352,503,0.55
353,503,0.46
354,503,0.23
355,503,0.23
343,504,1.00
344,504,1.00
345,504,1.00
346,504,1.00
347,504,1.00
348,504,1.00
349,504,1.00
350,504,1.00
351,504,0.55
352,504,0.46
353,504,0.46
354,504,0.23
355,504,0.23
341,494,0.23
342,494,0.23
341,495,1.00
342,495,1.00
341,496,1.00
342,496,1.00
341,497,1.00
342,497,1.00
341,498,1.00
342,498,1.00
341,499,1.00
342,499,1.00
341,500,1.00
342,500,1.00
341,501,1.00
342,501,1.00
341,502,1.00
342,502,1.00
341,503,1.00
342,503,1.00
341,504,1.00
342,504,1.00
341,505,1.00
342,505,1.00
343,505,1.00
344,505,1.00
345,505,1.00
346,505,1.00
347,505,1.00
348,505,1.00
349,505,1.00
350,505,1.00
351,505,0.23
352,505,0.23
353,505,0.23
341,506,1.00
342,506,1.00
343,506,1.00
344,506,1.00
345,506,1.00
346,506,1.00
347,506,1.00
348,506,1.00
349,506,1.00
350,506,1.00
351,506,0.23
352,506,0.23
353,506,0.23
338,495,0.92
339,495,0.92
340,495,0.92
338,496,1.00
339,496,1.00
340,496,1.00
338,497,1.00
339,497,1.00
340,497,1.00
338,498,1.00
339,498,1.00
340,498,1.00
338,499,1.00
339,499,1.00
340,499,1.00
338,500,1.00
339,500,1.00
340,500,1.00
338,501,1.00
339,501,1.00
340,501,1.00
338,502,1.00
339,502,1.00
340,502,1.00
338,503,1.00
339,503,1.00
340,503,1.00
338,504,1.00
339,504,1.00
340,504,1.00
338,505,1.00
339,505,1.00
340,505,1.00
338,506,1.00
339,506,1.00
340,506,1.00
338,507,1.00
339,507,1.00
340,507,1.00
341,507,1.00
342,507,1.00
343,507,1.00
344,507,1.00
345,507,1.00
346,507,1.00
347,507,1.00
348,507,1.00
349,507,1.00
350,507,1.00
338,508,1.00
339,508,1.00
340,508,1.00
341,508,1.00
342,508,1.00
343,508,1.00
344,508,0.85
345,508,0.73
346,508,0.46
347,508,0.46
348,508,0.46
349,508,0.23
350,508,0.23
336,497,0.23
337,497,0.23
336,498,0.46
337,498,0.46
336,499,0.50
337,499,0.62
336,500,0.95
337,500,1.00
336,501,1.00
337,501,1.00
336,502,1.00
337,502,1.00
336,503,1.00
337,503,1.00
336,504,1.00
337,504,1.00
336,505,1.00
337,505,1.00
336,506,1.00
337,506,1.00
336,507,1.00
337,507,1.00
336,508,1.00
337,508,1.00
336,509,1.00
337,509,1.00
338,509,1.00
339,509,1.00
340,509,1.00
341,509,1.00
342,509,1.00
343,509,1.00
344,509,0.46
345,509,0.46
346,509,0.23
347,509,0.23
348,509,0.23
333,498,0.23
334,498,0.23
335,498,0.23
333,499,0.23
334,499,0.23
335,499,0.23
333,500,0.46
334,500,0.46
335,500,0.55
333,501,1.00
334,501,1.00
335,501,1.00
333,502,1.00
334,502,1.00
335,502,1.00
333,503,1.00
334,503,1.00
335,503,1.00
333,504,1.00
334,504,1.00
335,504,1.00
333,505,1.00
334,505,1.00
335,505,1.00
333,506,1.00
334,506,1.00
335,506,1.00
333,507,1.00
334,507,1.00
335,507,1.00
333,508,1.00
334,508,1.00
335,508,1.00
333,509,1.00
334,509,1.00
335,509,1.00
333,510,1.00
334,510,1.00
335,510,1.00
336,510,1.00
337,510,1.00
338,510,1.00
339,510,1.00
340,510,1.00
341,510,1.00
342,510,1.00
343,510,1.00
344,510,0.23
345,510,0.23
331,500,0.23
332,500,0.23
331,501,1.00
332,501,1.00
331,502,1.00
332,502,1.00
331,503,1.00
332,503,1.00
331,504,1.00
332,504,1.00
331,505,1.00
332,505,1.00
331,506,1.00
332,506,1.00
331,507,1.00
332,507,1.00
331,508,1.00
332,508,1.00
331,509,1.00
332,509,1.00
331,510,1.00
332,510,1.00
331,511,1.00
332,511,1.00
333,511,1.00
334,511,1.00
335,511,1.00
336,511,1.00
337,511,1.00
338,511,1.00
339,511,1.00
340,511,1.00
341,511,1.00
342,511,1.00
343,511,0.92
331,512,1.00
332,512,1.00
333,512,1.00
334,512,1.00
335,512,1.00
336,512,1.00
337,512,1.00
338,512,1.00
339,512,1.00
340,512,1.00
341,512,1.00
342,512,1.00
343,512,0.92
331,513,1.00
332,513,1.00
333,513,1.00
334,513,1.00
335,513,1.00
336,513,1.00
337,513,1.00
338,513,1.00
339,513,1.00
340,513,1.00
341,513,1.00
342,513,1.00
343,513,0.69
330,501,0.46
330,502,0.46
330,503,0.69
330,504,1.00
330,505,1.00
330,506,1.00
330,507,1.00
330,508,1.00
330,509,1.00
330,510,1.00
330,511,1.00
330,512,1.00
330,513,1.00
329,503,0.23
329,504,0.92
329,505,1.00
329,506,1.00
329,507,1.00
329,508,1.00
329,509,1.00
329,510,1.00
329,511,1.00
329,512,1.00
329,513,1.00
329,514,1.00
330,514,1.00
331,514,1.00
332,514,1.00
333,514,1.00
334,514,1.00
335,514,1.00
336,514,1.00
337,514,1.00
338,514,1.00
339,514,1.00
340,514,0.23
341,514,0.23
329,515,1.00
330,515,1.00
331,515,1.00
332,515,1.00
333,515,1.00
334,515,1.00
335,515,1.00
336,515,1.00
337,515,1.00
338,515,1.00
339,515,1.00
340,515,0.23
341,515,0.23
327,504,0.69
328,504,0.69
327,505,1.00
328,505,1.00
327,506,1.00
328,506,1.00
327,507,1.00
328,507,1.00
327,508,1.00
328,508,1.00
327,509,1.00
328,509,1.00
327,510,1.00
328,510,1.00
327,511,1.00
328,511,1.00
327,512,1.00
328,512,1.00
327,513,1.00
328,513,1.00
327,514,1.00
328,514,1.00
327,515,1.00
328,515,1.00
327,516,1.00
328,516,1.00
329,516,1.00
330,516,1.00
331,516,1.00
332,516,1.00
333,516,1.00
334,516,1.00
335,516,1.00
336,516,1.00
337,516,1.00
338,516,1.00
339,516,0.92
327,517,1.00
328,517,1.00
329,517,1.00
330,517,1.00
331,517,1.00
332,517,1.00
333,517,1.00
334,517,1.00
335,517,0.69
336,517,0.46
337,517,0.46
338,517,0.46
339,517,0.23
326,505,0.23
326,506,0.23
326,507,0.46
326,508,1.00
326,509,1.00
326,510,1.00
326,511,1.00
326,512,1.00
326,513,1.00
326,514,1.00
326,515,1.00
326,516,1.00
326,517,1.00
323,507,0.23
324,507,0.23
325,507,0.23
323,508,1.00
324,508,1.00
325,508,1.00
323,509,1.00
324,509,1.00
325,509,1.00
323,510,1.00
324,510,1.00
325,510,1.00
323,511,1.00
324,511,1.00
325,511,1.00
323,512,1.00
324,512,1.00
325,512,1.00
323,513,1.00
324,513,1.00
325,513,1.00
323,514,1.00
324,514,1.00
325,514,1.00
323,515,1.00
324,515,1.00
325,515,1.00
323,516,1.00
324,516,1.00
325,516,1.00
323,517,1.00
324,517,1.00
325,517,1.00
323,518,1.00
324,518,1.00
325,518,1.00
326,518,1.00
327,518,1.00
328,518,1.00
329,518,1.00
330,518,1.00
331,518,1.00
332,518,1.00
333,518,0.92
334,518,0.69
335,518,0.23
323,519,1.00
324,519,1.00
325,519,1.00
326,519,1.00
327,519,1.00
328,519,1.00
329,519,1.00
330,519,1.00
331,519,1.00
332,519,1.00
333,519,0.92
334,519,0.69
335,519,0.23
322,508,0.92
322,509,1.00
322,510,1.00
322,511,1.00
322,512,1.00
322,513,1.00
322,514,1.00
322,515,1.00
322,516,1.00
322,517,1.00
322,518,1.00
322,519,1.00
322,520,1.00
323,520,1.00
324,520,1.00
325,520,1.00
326,520,1.00
327,520,1.00
328,520,1.00
329,520,1.00
330,520,1.00
331,520,1.00
332,520,0.92
333,520,0.69
334,520,0.46
321,508,0.46
321,509,1.00
321,510,1.00
321,511,1.00
321,512,1.00
321,513,1.00
321,514,1.00
321,515,1.00
321,516,1.00
321,517,1.00
321,518,1.00
321,519,1.00
321,520,1.00
320,508,0.23
320,509,1.00
320,510,1.00
320,511,1.00
320,512,1.00
320,513,1.00
320,514,1.00
320,515,1.00
320,516,1.00
320,517,1.00
320,518,1.00
320,519,1.00
320,520,1.00
319,509,0.92
319,510,1.00
319,511,1.00
319,512,1.00
319,513,1.00
319,514,1.00
319,515,1.00
319,516,1.00
319,517,1.00
319,518,1.00
319,519,1.00
319,520,1.00
319,521,1.00
320,521,1.00
321,521,1.00
322,521,1.00
323,521,1.00
324,521,1.00
325,521,1.00
326,521,1.00
327,521,1.00
328,521,1.00
329,521,1.00
330,521,1.00
331,521,0.69
318,509,0.23
318,510,0.46
318,511,0.92
318,512,1.00
318,513,1.00
318,514,1.00
318,515,1.00
318,516,1.00
318,517,1.00
318,518,1.00
318,519,1.00
318,520,1.00
318,521,1.00
318,522,1.00
319,522,1.00
320,522,1.00
321,522,1.00
322,522,1.00
323,522,1.00
324,522,1.00
325,522,1.00
326,522,1.00
327,522,1.00
328,522,0.69
329,522,0.23
330,522,0.23
316,511,0.46
317,511,0.46
316,512,1.00
317,512,1.00
316,513,1.00
317,513,1.00
316,514,1.00
317,514,1.00
316,515,1.00
317,515,1.00
316,516,1.00
317,516,1.00
316,517,1.00
317,517,1.00
316,518,1.00
317,518,1.00
316,519,1.00
317,519,1.00
316,520,1.00
317,520,1.00
316,521,1.00
317,521,1.00
316,522,1.00
317,522,1.00
316,523,1.00
317,523,1.00
318,523,1.00
319,523,1.00
320,523,1.00
321,523,1.00
322,523,1.00
323,523,1.00
324,523,1.00
325,523,1.00
326,523,1.00
327,523,0.92
328,523,0.46
315,512,0.92
315,513,1.00
315,514,1.00
315,515,1.00
315,516,1.00
315,517,1.00
315,518,1.00
315,519,1.00
315,520,1.00
315,521,1.00
315,522,1.00
315,523,1.00
315,524,1.00
316,524,1.00
317,524,1.00
318,524,1.00
319,524,1.00
320,524,1.00
321,524,1.00
322,524,1.00
323,524,1.00
324,524,1.00
325,524,1.00
326,524,0.69
327,524,0.46
314,512,0.46
314,513,0.92
314,514,1.00
314,515,1.00
314,516,1.00
314,517,1.00
314,518,1.00
314,519,1.00
314,520,1.00
314,521,1.00
314,522,1.00
314,523,1.00
314,524,1.00
313,512,0.23
313,513,0.69
313,514,1.00
313,515,1.00
313,516,1.00
313,517,1.00
313,518,1.00
313,519,1.00
313,520,1.00
313,521,1.00
313,522,1.00
313,523,1.00
313,524,1.00
313,525,1.00
314,525,1.00
315,525,1.00
316,525,1.00
317,525,1.00
318,525,1.00
319,525,1.00
320,525,1.00
321,525,1.00
322,525,1.00
323,525,1.00
324,525,1.00
325,525,0.46
312,514,0.69
312,515,0.69
312,516,0.69
312,517,0.69
312,518,0.69
312,519,0.69
312,520,0.69
312,521,0.69
312,522,0.69
312,523,0.69
312,524,0.69
312,525,0.69
312,526,0.69
313,526,0.69
314,526,0.69
315,526,0.69
316,526,0.69
317,526,0.69
318,526,0.69
319,526,0.69
320,526,0.69
321,526,0.69
322,526,0.69
323,526,0.69
324,526,0.69

