305,324,0.60
306,324,0.90
307,324,0.90
308,324,0.90
309,324,1.00
310,324,1.00
311,324,1.00
312,324,1.00
313,324,1.00
314,324,1.00
315,324,1.00
316,324,1.00
317,324,1.00
318,324,1.00
319,324,1.00
320,324,1.00
321,324,1.00
322,324,1.00
323,324,1.00
324,324,1.00
325,324,1.00
305,325,0.60
306,325,0.90
307,325,0.90
308,325,0.90
309,325,1.00
310,325,1.00
311,325,1.00
312,325,1.00
313,325,1.00
314,325,1.00
315,325,1.00
316,325,1.00
317,325,1.00
318,325,1.00
319,325,1.00
320,325,1.00
321,325,1.00
322,325,1.00
323,325,1.00
324,325,1.00
325,325,1.00
305,326,0.60
306,326,0.90
307,326,0.90
308,326,0.90
309,326,1.00
310,326,1.00
311,326,1.00
312,326,1.00
313,326,1.00
314,326,1.00
315,326,1.00
316,326,1.00
317,326,1.00
318,326,1.00
319,326,1.00
320,326,1.00
321,326,1.00
322,326,1.00
323,326,1.00
324,326,1.00
325,326,1.00
305,327,0.60
306,327,0.90
307,327,0.90
308,327,0.93
309,327,1.00
310,327,1.00
311,327,1.00
312,327,1.00
313,327,1.00
314,327,1.00
315,327,1.00
316,327,1.00
317,327,1.00
318,327,1.00
319,327,1.00
320,327,1.00
321,327,1.00
322,327,1.00
323,327,1.00
324,327,1.00
325,327,1.00
305,328,0.60
306,328,0.90
307,328,0.90
308,328,1.00
309,328,1.00
310,328,1.00
311,328,1.00
312,328,1.00
313,328,1.00
314,328,1.00
315,328,1.00
316,328,1.00
317,328,1.00
318,328,1.00
319,328,1.00
320,328,1.00
321,328,1.00
322,328,1.00
323,328,1.00
324,328,1.00
325,328,1.00
305,329,0.60
306,329,0.90
307,329,1.00
308,329,1.00
309,329,1.00
310,329,1.00
311,329,1.00
312,329,1.00
313,329,1.00
314,329,1.00
315,329,1.00
316,329,1.00
317,329,1.00
318,329,1.00
319,329,1.00
320,329,1.00
321,329,1.00
322,329,1.00
323,329,1.00
324,329,1.00
325,329,1.00
305,330,0.60
306,330,0.94
307,330,1.00
308,330,1.00
309,330,1.00
310,330,1.00
311,330,1.00
312,330,1.00
313,330,1.00
314,330,1.00
315,330,1.00
316,330,1.00
317,330,1.00
318,330,1.00
319,330,1.00
320,330,1.00
321,330,1.00
322,330,1.00
323,330,1.00
324,330,1.00
325,330,1.00
305,331,0.60
306,331,1.00
307,331,1.00
308,331,1.00
309,331,1.00
310,331,1.00
311,331,1.00
312,331,1.00
313,331,1.00
314,331,1.00
315,331,1.00
316,331,1.00
317,331,1.00
318,331,1.00
319,331,1.00
320,331,1.00
321,331,1.00
322,331,1.00
323,331,1.00
324,331,1.00
325,331,1.00
305,332,0.60
306,332,1.00
307,332,1.00
308,332,1.00
309,332,1.00
310,332,1.00
311,332,1.00
312,332,1.00
313,332,1.00
314,332,1.00
315,332,1.00
316,332,1.00
317,332,1.00
318,332,1.00
319,332,1.00
320,332,1.00
321,332,1.00
322,332,1.00
323,332,1.00
324,332,1.00
325,332,1.00
305,333,0.60
306,333,1.00
307,333,1.00
308,333,1.00
309,333,1.00
310,333,1.00
311,333,1.00
312,333,1.00
313,333,1.00
314,333,1.00
315,333,1.00
316,333,1.00
317,333,1.00
318,333,1.00
319,333,1.00
320,333,1.00
321,333,1.00
322,333,1.00
323,333,1.00
324,333,1.00
325,333,1.00
305,334,0.60
306,334,1.00
307,334,1.00
308,334,1.00
309,334,1.00
310,334,1.00
311,334,1.00
312,334,1.00
313,334,1.00
314,334,1.00
315,334,1.00
316,334,1.00
317,334,1.00
318,334,1.00
319,334,1.00
320,334,1.00
321,334,1.00
322,334,1.00
323,334,1.00
324,334,1.00
325,334,1.00
305,335,0.60
306,335,1.00
307,335,1.00
308,335,1.00
309,335,1.00
310,335,1.00
311,335,1.00
312,335,1.00
313,335,1.00
314,335,1.00
315,335,1.00
316,335,1.00
317,335,1.00
318,335,1.00
319,335,1.00
320,335,1.00
321,335,1.00
322,335,1.00
323,335,1.00
324,335,1.00
325,335,1.00
305,336,0.60
306,336,1.00
307,336,1.00
308,336,1.00
309,336,1.00
310,336,1.00
311,336,1.00
312,336,1.00
313,336,1.00
314,336,1.00
315,336,1.00
316,336,1.00
317,336,1.00
318,336,1.00
319,336,1.00
320,336,1.00
321,336,1.00
322,336,1.00
323,336,1.00
324,336,1.00
325,336,1.00
305,337,0.60
306,337,1.00
307,337,1.00
308,337,1.00
309,337,1.00
310,337,1.00
311,337,1.00
312,337,1.00
313,337,1.00
314,337,1.00
315,337,1.00
316,337,1.00
317,337,1.00
318,337,1.00
319,337,1.00
320,337,1.00
321,337,1.00
322,337,1.00
323,337,1.00
324,337,1.00
325,337,1.00
305,338,0.60
306,338,0.94
307,338,1.00
308,338,1.00
309,338,1.00
310,338,1.00
311,338,1.00
312,338,1.00
313,338,1.00
314,338,1.00
315,338,1.00
316,338,1.00
317,338,1.00
318,338,1.00
319,338,1.00
320,338,1.00
321,338,1.00
322,338,1.00
323,338,1.00
324,338,1.00
325,338,1.00
305,339,0.60
306,339,0.90
307,339,1.00
308,339,1.00
309,339,1.00
310,339,1.00
311,339,1.00
312,339,1.00
313,339,1.00
314,339,1.00
315,339,1.00
316,339,1.00
317,339,1.00
318,339,1.00
319,339,1.00
320,339,1.00
321,339,1.00
322,339,1.00
323,339,1.00
324,339,1.00
325,339,1.00
305,340,0.60
306,340,0.90
307,340,0.90
308,340,1.00
309,340,1.00
310,340,1.00
311,340,1.00
312,340,1.00
313,340,1.00
314,340,1.00
315,340,1.00
316,340,1.00
317,340,1.00
318,340,1.00
319,340,1.00
320,340,1.00
321,340,1.00
322,340,1.00
323,340,1.00
324,340,1.00
325,340,1.00
305,341,0.60
306,341,0.90
307,341,0.90
308,341,0.93
309,341,1.00
310,341,1.00
311,341,1.00
312,341,1.00
313,341,1.00
314,341,1.00
315,341,1.00
316,341,1.00
317,341,1.00
318,341,1.00
319,341,1.00
320,341,1.00
321,341,1.00
322,341,1.00
323,341,1.00
324,341,1.00
325,341,1.00
305,342,0.60
306,342,0.90
307,342,0.90
308,342,0.90
309,342,1.00
310,342,1.00
311,342,1.00
312,342,1.00
313,342,1.00
314,342,1.00
315,342,1.00
316,342,1.00
317,342,1.00
318,342,1.00
319,342,1.00
320,342,1.00
321,342,1.00
322,342,1.00
323,342,1.00
324,342,1.00
325,342,1.00
305,343,0.60
306,343,0.90
307,343,0.90
308,343,0.90
309,343,1.00
310,343,1.00
311,343,1.00
312,343,1.00
313,343,1.00
314,343,1.00
315,343,1.00
316,343,1.00
317,343,1.00
318,343,1.00
319,343,1.00
320,343,1.00
321,343,1.00
322,343,1.00
323,343,1.00
324,343,1.00
325,343,1.00
305,344,0.60
306,344,0.90
307,344,0.90
308,344,0.90
309,344,1.00
310,344,1.00
311,344,1.00
312,344,1.00
313,344,1.00
314,344,1.00
315,344,1.00
316,344,1.00
317,344,1.00
318,344,1.00
319,344,1.00
320,344,1.00
321,344,1.00
322,344,1.00
323,344,1.00
324,344,1.00
325,344,1.00
326,324,1.00
326,325,1.00
326,326,1.00
326,327,1.00
326,328,1.00
326,329,1.00
326,330,1.00
326,331,1.00
326,332,1.00
326,333,1.00
326,334,1.00
326,335,1.00
326,336,1.00
326,337,1.00
326,338,1.00
326,339,1.00
326,340,1.00
326,341,1.00
326,342,1.00
326,343,1.00
326,344,1.00
327,324,1.00
328,324,1.00
329,324,1.00
327,325,1.00
328,325,1.00
329,325,1.00
327,326,1.00
328,326,1.00
329,326,1.00
327,327,1.00
328,327,1.00
329,327,1.00
327,328,1.00
328,328,1.00
329,328,1.00
327,329,1.00
328,329,1.00
329,329,1.00
327,330,1.00
328,330,1.00
329,330,1.00
327,331,1.00
328,331,1.00
329,331,1.00
327,332,1.00
328,332,1.00
329,332,1.00
327,333,1.00
328,333,1.00
329,333,1.00
327,334,1.00
328,334,1.00
329,334,1.00
327,335,1.00
328,335,1.00
329,335,1.00
327,336,1.00
328,336,1.00
329,336,1.00
327,337,1.00
328,337,1.00
329,337,1.00
327,338,1.00
328,338,1.00
329,338,1.00
327,339,1.00
328,339,1.00
329,339,1.00
327,340,1.00
328,340,1.00
329,340,1.00
327,341,1.00
328,341,1.00
329,341,1.00
327,342,1.00
328,342,1.00
329,342,1.00
327,343,1.00
328,343,1.00
329,343,1.00
327,344,1.00
328,344,1.00
329,344,1.00
330,324,1.00
331,324,1.00
332,324,1.00
330,325,1.00
331,325,1.00
332,325,1.00
330,326,1.00
331,326,1.00
332,326,1.00
330,327,1.00
331,327,1.00
332,327,1.00
330,328,1.00
331,328,1.00
332,328,1.00
330,329,1.00
331,329,1.00
332,329,1.00
330,330,1.00
331,330,1.00
332,330,1.00
330,331,1.00
331,331,1.00
332,331,1.00
330,332,1.00
331,332,1.00
332,332,1.00
330,333,1.00
331,333,1.00
332,333,1.00
330,334,1.00
331,334,1.00
332,334,1.00
330,335,1.00
331,335,1.00
332,335,1.00
330,336,1.00
331,336,1.00
332,336,1.00
330,337,1.00
331,337,1.00
332,337,1.00
330,338,1.00
331,338,1.00
332,338,1.00
330,339,1.00
331,339,1.00
332,339,1.00
330,340,1.00
331,340,1.00
332,340,1.00
330,341,1.00
331,341,1.00
332,341,1.00
330,342,1.00
331,342,1.00
332,342,1.00
330,343,1.00
331,343,1.00
332,343,1.00
330,344,1.00
331,344,1.00
332,344,1.00
333,324,1.00
334,324,1.00
335,324,1.00
336,324,1.00
337,324,1.00
333,325,1.00
334,325,1.00
335,325,1.00
336,325,1.00
337,325,1.00
333,326,1.00
334,326,1.00
335,326,1.00
336,326,1.00
337,326,1.00
333,327,1.00
334,327,1.00
335,327,1.00
336,327,1.00
337,327,1.00
333,328,1.00
334,328,1.00
335,328,1.00
336,328,1.00
337,328,1.00
333,329,1.00
334,329,1.00
335,329,1.00
336,329,1.00
337,329,1.00
333,330,1.00
334,330,1.00
335,330,1.00
336,330,1.00
337,330,1.00
333,331,1.00
334,331,1.00
335,331,1.00
336,331,1.00
337,331,1.00
333,332,1.00
334,332,1.00
335,332,1.00
336,332,1.00
337,332,1.00
333,333,1.00
334,333,1.00
335,333,1.00
336,333,1.00
337,333,1.00
333,334,1.00
334,334,1.00
335,334,1.00
336,334,1.00
337,334,1.00
333,335,1.00
334,335,1.00
335,335,1.00
336,335,1.00
337,335,1.00
333,336,1.00
334,336,1.00
335,336,1.00
336,336,1.00
337,336,1.00
333,337,1.00
334,337,1.00
335,337,1.00
336,337,1.00
337,337,1.00
333,338,1.00
334,338,1.00
335,338,1.00
336,338,1.00
337,338,1.00
333,339,1.00
334,339,1.00
335,339,1.00
336,339,1.00
337,339,1.00
333,340,1.00
334,340,1.00
335,340,1.00
336,340,1.00
337,340,1.00
333,341,1.00
334,341,1.00
335,341,1.00
336,341,1.00
337,341,1.00
333,342,1.00
334,342,1.00
335,342,1.00
336,342,1.00
337,342,1.00
333,343,1.00
334,343,1.00
335,343,1.00
336,343,1.00
337,343,1.00
333,344,1.00
334,344,1.00
335,344,1.00
336,344,1.00
337,344,1.00
338,324,1.00
339,324,1.00
340,324,1.00
341,324,1.00
338,325,1.00
339,325,1.00
340,325,1.00
341,325,1.00
338,326,1.00
339,326,1.00
340,326,1.00
341,326,1.00
338,327,1.00
339,327,1.00
340,327,1.00
341,327,1.00
338,328,1.00
339,328,1.00
340,328,1.00
341,328,1.00
338,329,1.00
339,329,1.00
340,329,1.00
341,329,1.00
338,330,1.00
339,330,1.00
340,330,1.00
341,330,1.00
338,331,1.00
339,331,1.00
340,331,1.00
341,331,1.00
338,332,1.00
339,332,1.00
340,332,1.00
341,332,1.00
338,333,1.00
339,333,1.00
340,333,1.00
341,333,1.00
338,334,1.00
339,334,1.00
340,334,1.00
341,334,1.00
338,335,1.00
339,335,1.00
340,335,1.00
341,335,1.00
338,336,1.00
339,336,1.00
340,336,1.00
341,336,1.00
338,337,1.00
339,337,1.00
340,337,1.00
341,337,1.00
338,338,1.00
339,338,1.00
340,338,1.00
341,338,1.00
338,339,1.00
339,339,1.00
340,339,1.00
341,339,1.00
338,340,1.00
339,340,1.00
340,340,1.00
341,340,1.00
338,341,1.00
339,341,1.00
340,341,1.00
341,341,1.00
338,342,1.00
339,342,1.00
340,342,1.00
341,342,1.00
338,343,1.00
339,343,1.00
340,343,1.00
341,343,1.00
338,344,1.00
339,344,1.00
340,344,1.00
341,344,1.00
342,324,1.00
343,324,1.00
344,324,1.00
342,325,1.00
343,325,1.00
344,325,1.00
342,326,1.00
343,326,1.00
344,326,1.00
342,327,1.00
343,327,1.00
344,327,1.00
342,328,1.00
343,328,1.00
344,328,1.00
342,329,1.00
343,329,1.00
344,329,1.00
342,330,1.00
343,330,1.00
344,330,1.00
342,331,1.00
343,331,1.00
344,331,1.00
342,332,1.00
343,332,1.00
344,332,1.00
342,333,1.00
343,333,1.00
344,333,1.00
342,334,1.00
343,334,1.00
344,334,1.00
342,335,1.00
343,335,1.00
344,335,1.00
342,336,1.00
343,336,1.00
344,336,1.00
342,337,1.00
343,337,1.00
344,337,1.00
342,338,1.00
343,338,1.00
344,338,1.00
342,339,1.00
343,339,1.00
344,339,1.00
342,340,1.00
343,340,1.00
344,340,1.00
342,341,1.00
343,341,1.00
344,341,1.00
342,342,1.00
343,342,1.00
344,342,1.00
342,343,1.00
343,343,1.00
344,343,1.00
342,344,1.00
343,344,1.00
344,344,1.00
345,324,1.00
346,324,1.00
345,325,1.00
346,325,1.00
345,326,1.00
346,326,1.00
345,327,1.00
346,327,1.00
345,328,1.00
346,328,1.00
345,329,1.00
346,329,1.00
345,330,1.00
346,330,1.00
345,331,1.00
346,331,1.00
345,332,1.00
346,332,1.00
345,333,1.00
346,333,1.00
345,334,1.00
346,334,1.00
345,335,1.00
346,335,1.00
345,336,1.00
346,336,1.00
345,337,1.00
346,337,1.00
345,338,1.00
346,338,1.00
345,339,1.00
346,339,1.00
345,340,1.00
346,340,1.00
345,341,1.00
346,341,1.00
345,342,1.00
346,342,1.00
345,343,1.00
346,343,1.00
345,344,1.00
346,344,1.00
347,324,1.00
348,324,1.00
347,325,1.00
348,325,1.00
347,326,1.00
348,326,1.00
347,327,1.00
348,327,1.00
347,328,1.00
348,328,1.00
347,329,1.00
348,329,1.00
347,330,1.00
348,330,1.00
347,331,1.00
348,331,1.00
347,332,1.00
348,332,1.00
347,333,1.00
348,333,1.00
347,334,1.00
348,334,1.00
347,335,1.00
348,335,1.00
347,336,1.00
348,336,1.00
347,337,1.00
348,337,1.00
347,338,1.00
348,338,1.00
347,339,1.00
348,339,1.00
347,340,1.00
348,340,1.00
347,341,1.00
348,341,1.00
347,342,1.00
348,342,1.00
347,343,1.00
348,343,1.00
347,344,1.00
348,344,1.00
349,324,1.00
350,324,1.00
349,325,1.00
350,325,1.00
349,326,1.00
350,326,1.00
349,327,1.00
350,327,1.00
349,328,1.00
350,328,1.00
349,329,1.00
350,329,1.00
349,330,1.00
350,330,1.00
349,331,1.00
350,331,1.00
349,332,1.00
350,332,1.00
349,333,1.00
350,333,1.00
349,334,1.00
350,334,1.00
349,335,1.00
350,335,1.00
349,336,1.00
350,336,1.00
349,337,1.00
350,337,1.00
349,338,1.00
350,338,1.00
349,339,1.00
350,339,1.00
349,340,1.00
350,340,1.00
349,341,1.00
350,341,1.00
349,342,1.00
350,342,1.00
349,343,1.00
350,343,1.00
349,344,1.00
350,344,1.00
351,324,1.00
351,325,1.00
351,326,1.00
351,327,1.00
351,328,1.00
351,329,1.00
351,330,1.00
351,331,1.00
351,332,1.00
351,333,1.00
351,334,1.00
351,335,1.00
351,336,1.00
351,337,1.00
351,338,1.00
351,339,1.00
351,340,1.00
351,341,1.00
351,342,1.00
351,343,1.00
351,344,1.00
352,324,1.00
352,325,1.00
352,326,1.00
352,327,1.00
352,328,1.00
352,329,1.00
352,330,1.00
352,331,1.00
352,332,1.00
352,333,1.00
352,334,1.00
352,335,1.00
352,336,1.00
352,337,1.00
352,338,1.00
352,339,1.00
352,340,1.00
352,341,1.00
352,342,1.00
352,343,1.00
352,344,1.00
353,324,1.00
353,325,1.00
353,326,1.00
353,327,1.00
353,328,1.00
353,329,1.00
353,330,1.00
353,331,1.00
353,332,1.00
353,333,1.00
353,334,1.00
353,335,1.00
353,336,1.00
353,337,1.00
353,338,1.00
353,339,1.00
353,340,1.00
353,341,1.00
353,342,1.00
353,343,1.00
353,344,1.00
354,324,1.00
354,325,1.00
354,326,1.00
354,327,1.00
354,328,1.00
354,329,1.00
354,330,1.00
354,331,1.00
354,332,1.00
354,333,1.00
354,334,1.00
354,335,1.00
354,336,1.00
354,337,1.00
354,338,1.00
354,339,1.00
354,340,1.00
354,341,1.00
354,342,1.00
354,343,1.00
354,344,1.00
355,324,1.00
355,325,1.00
355,326,1.00
355,327,1.00
355,328,1.00
355,329,1.00
355,330,1.00
355,331,1.00
355,332,1.00
355,333,1.00
355,334,1.00
355,335,1.00
355,336,1.00
355,337,1.00
355,338,1.00
355,339,1.00
355,340,1.00
355,341,1.00
355,342,1.00
355,343,1.00
355,344,1.00
356,324,1.00
356,325,1.00
356,326,1.00
356,327,1.00
356,328,1.00
356,329,1.00
356,330,1.00
356,331,1.00
356,332,1.00
356,333,1.00
356,334,1.00
356,335,1.00
356,336,1.00
356,337,1.00
356,338,1.00
356,339,1.00
356,340,1.00
356,341,1.00
356,342,1.00
356,343,1.00
356,344,1.00
357,324,1.00
357,325,1.00
357,326,1.00
357,327,1.00
357,328,1.00
357,329,1.00
357,330,1.00
357,331,1.00
357,332,1.00
357,333,1.00
357,334,1.00
357,335,1.00
357,336,1.00
357,337,1.00
357,338,1.00
357,339,1.00
357,340,1.00
357,341,1.00
357,342,1.00
357,343,1.00
357,344,1.00
358,324,1.00
358,325,1.00
358,326,1.00
358,327,1.00
358,328,1.00
358,329,1.00
358,330,1.00
358,331,1.00
358,332,1.00
358,333,1.00
358,334,1.00
358,335,1.00
358,336,1.00
358,337,1.00
358,338,1.00
358,339,1.00
358,340,1.00
358,341,1.00
358,342,1.00
358,343,1.00
358,344,1.00
359,324,1.00
359,325,1.00
359,326,1.00
359,327,1.00
359,328,1.00
359,329,1.00
359,330,1.00
359,331,1.00
359,332,1.00
359,333,1.00
359,334,1.00
359,335,1.00
359,336,1.00
359,337,1.00
359,338,1.00
359,339,1.00
359,340,1.00
359,341,1.00
359,342,0.92
359,343,0.90
359,344,0.60
360,324,1.00
361,324,1.00
360,325,1.00
361,325,1.00
360,326,1.00
361,326,1.00
360,327,1.00
361,327,1.00
360,328,1.00
361,328,1.00
360,329,1.00
361,329,1.00
360,330,1.00
361,330,1.00
360,331,1.00
361,331,1.00
360,332,1.00
361,332,1.00
360,333,1.00
361,333,1.00
360,334,1.00
361,334,1.00
360,335,1.00
361,335,1.00
360,336,1.00
361,336,1.00
360,337,1.00
361,337,1.00
360,338,1.00
361,338,1.00
360,339,1.00
361,339,1.00
360,340,1.00
361,340,1.00
360,341,0.98
361,341,0.90
360,342,0.60
361,342,0.60
360,343,0.60
361,343,0.60
360,344,0.30
361,344,0.30
345,323,0.30
346,323,0.30
347,323,0.30
348,323,0.30
349,323,0.30
350,323,0.30
351,323,0.60
352,323,0.60
353,323,0.60
354,323,0.60
355,323,0.60
356,323,0.68
357,323,0.75
358,323,1.00
359,323,1.00
360,323,1.00
361,323,1.00
362,323,1.00
363,323,1.00
364,323,1.00
365,323,1.00
362,324,1.00
363,324,1.00
364,324,1.00
365,324,1.00
362,325,1.00
363,325,1.00
364,325,1.00
365,325,1.00
362,326,1.00
363,326,1.00
364,326,1.00
365,326,1.00
362,327,1.00
363,327,1.00
364,327,1.00
365,327,1.00
362,328,1.00
363,328,1.00
364,328,1.00
365,328,1.00
362,329,1.00
363,329,1.00
364,329,1.00
365,329,1.00
362,330,1.00
363,330,1.00
364,330,1.00
365,330,1.00
362,331,1.00
363,331,1.00
364,331,1.00
365,331,1.00
362,332,1.00
363,332,1.00
364,332,1.00
365,332,1.00
362,333,1.00
363,333,1.00
364,333,1.00
365,333,1.00
362,334,1.00
363,334,1.00
364,334,1.00
365,334,1.00
362,335,1.00
363,335,1.00
364,335,1.00
365,335,1.00
362,336,1.00
363,336,1.00
364,336,1.00
365,336,1.00
362,337,1.00
363,337,1.00
364,337,1.00
365,337,1.00
362,338,1.00
363,338,1.00
364,338,1.00
365,338,1.00
362,339,1.00
363,339,1.00
364,339,1.00
365,339,1.00
362,340,0.75
363,340,0.71
364,340,0.67
365,340,0.62
362,341,0.60
363,341,0.60
364,341,0.60
365,341,0.60
362,342,0.30
363,342,0.30
364,342,0.30
365,342,0.30
362,343,0.30
363,343,0.30
364,343,0.30
365,343,0.30
351,321,0.30
352,321,0.30
353,321,0.30
354,321,0.30
355,321,0.30
356,321,0.30
357,321,0.30
358,321,0.60
359,321,0.60
360,321,0.60
361,321,0.60
362,321,0.60
363,321,0.68
364,321,0.75
365,321,1.00
366,321,1.00
367,321,1.00
368,321,1.00
369,321,1.00
370,321,1.00
371,321,1.00
351,322,0.30
352,322,0.30
353,322,0.30
354,322,0.30
355,322,0.30
356,322,0.30
357,322,0.32
358,322,0.67
359,322,0.71
360,322,0.73
361,322,0.75
362,322,0.84
363,322,0.90
364,322,0.94
365,322,1.00
366,322,1.00
367,322,1.00
368,322,1.00
369,322,1.00
370,322,1.00
371,322,1.00
366,323,1.00
367,323,1.00
368,323,1.00
369,323,1.00
370,323,1.00
371,323,1.00
366,324,1.00
367,324,1.00
368,324,1.00
369,324,1.00
370,324,1.00
371,324,1.00
366,325,1.00
367,325,1.00
368,325,1.00
369,325,1.00
370,325,1.00
371,325,1.00
366,326,1.00
367,326,1.00
368,326,1.00
369,326,1.00
370,326,1.00
371,326,1.00
366,327,1.00
367,327,1.00
368,327,1.00
369,327,1.00
370,327,1.00
371,327,1.00
366,328,1.00
367,328,1.00
368,328,1.00
369,328,1.00
370,328,1.00
371,328,1.00
366,329,1.00
367,329,1.00
368,329,1.00
369,329,1.00
370,329,1.00
371,329,1.00
366,330,1.00
367,330,1.00
368,330,1.00
369,330,1.00
370,330,1.00
371,330,1.00
366,331,1.00
367,331,1.00
368,331,1.00
369,331,1.00
370,331,1.00
371,331,1.00
366,332,1.00
367,332,1.00
368,332,1.00
369,332,1.00
370,332,1.00
371,332,1.00
366,333,1.00
367,333,1.00
368,333,1.00
369,333,1.00
370,333,1.00
371,333,1.00
366,334,1.00
367,334,1.00
368,334,1.00
369,334,1.00
370,334,1.00
371,334,1.00
366,335,1.00
367,335,1.00
368,335,1.00
369,335,1.00
370,335,1.00
371,335,1.00
366,336,1.00
367,336,1.00
368,336,1.00
369,336,1.00
370,336,1.00
371,336,1.00
366,337,1.00
367,337,1.00
368,337,0.99
369,337,0.87
370,337,0.85
371,337,0.80
366,338,0.90
367,338,0.84
368,338,0.75
369,338,0.73
370,338,0.71
371,338,0.67
366,339,0.68
367,339,0.60
368,339,0.60
369,339,0.60
370,339,0.60
371,339,0.60
366,340,0.30
367,340,0.30
368,340,0.30
369,340,0.30
370,340,0.30
371,340,0.30
366,341,0.30
367,341,0.30
368,341,0.30
369,341,0.30
370,341,0.30
371,341,0.30
358,319,0.30
359,319,0.30
360,319,0.30
361,319,0.30
362,319,0.30
363,319,0.30
364,319,0.30
365,319,0.60
366,319,0.60
367,319,0.60
368,319,0.61
369,319,0.71
370,319,0.80
371,319,0.87
372,319,1.00
373,319,1.00
374,319,1.00
375,319,1.00
376,319,1.00
377,319,1.00
378,319,1.00
358,320,0.30
359,320,0.30
360,320,0.30
361,320,0.30
362,320,0.30
363,320,0.30
364,320,0.32
365,320,0.67
366,320,0.71
367,320,0.73
368,320,0.85
369,320,0.94
370,320,1.00
371,320,1.00
372,320,1.00
373,320,1.00
374,320,1.00
375,320,1.00
376,320,1.00
377,320,1.00
378,320,1.00
372,321,1.00
373,321,1.00
374,321,1.00
375,321,1.00
376,321,1.00
377,321,1.00
378,321,1.00
372,322,1.00
373,322,1.00
374,322,1.00
375,322,1.00
376,322,1.00
377,322,1.00
378,322,1.00
372,323,1.00
373,323,1.00
374,323,1.00
375,323,1.00
376,323,1.00
377,323,1.00
378,323,1.00
372,324,1.00
373,324,1.00
374,324,1.00
375,324,1.00
376,324,1.00
377,324,1.00
378,324,1.00
372,325,1.00
373,325,1.00
374,325,1.00
375,325,1.00
376,325,1.00
377,325,1.00
378,325,1.00
372,326,1.00
373,326,1.00
374,326,1.00
375,326,1.00
376,326,1.00
377,326,1.00
378,326,1.00
372,327,1.00
373,327,1.00
374,327,1.00
375,327,1.00
376,327,1.00
377,327,1.00
378,327,1.00
372,328,1.00
373,328,1.00
374,328,1.00
375,328,1.00
376,328,1.00
377,328,1.00
378,328,1.00
372,329,1.00
373,329,1.00
374,329,1.00
375,329,1.00
376,329,1.00
377,329,1.00
378,329,1.00
372,330,1.00
373,330,1.00
374,330,1.00
375,330,1.00
376,330,1.00
377,330,1.00
378,330,1.00
372,331,1.00
373,331,1.00
374,331,1.00
375,331,1.00
376,331,1.00
377,331,1.00
378,331,1.00
372,332,1.00
373,332,1.00
374,332,1.00
375,332,1.00
376,332,1.00
377,332,1.00
378,332,1.00
372,333,1.00
373,333,1.00
374,333,1.00
375,333,1.00
376,333,1.00
377,333,1.00
378,333,1.00
372,334,1.00
373,334,1.00
374,334,1.00
375,334,1.00
376,334,1.00
377,334,1.00
378,334,1.00
372,335,1.00
373,335,1.00
374,335,0.94
375,335,0.85
376,335,0.73
377,335,0.71
378,335,0.67
372,336,0.87
373,336,0.80
374,336,0.71
375,336,0.61
376,336,0.60
377,336,0.60
378,336,0.60
372,337,0.45
373,337,0.38
374,337,0.30
375,337,0.30
376,337,0.30
377,337,0.30
378,337,0.30
372,338,0.32
373,338,0.30
374,338,0.30
375,338,0.30
376,338,0.30
377,338,0.30
378,338,0.30
372,339,0.30
373,339,0.30
374,339,0.30
375,339,0.30
376,339,0.30
377,339,0.30
378,339,0.30
365,316,0.30
366,316,0.30
367,316,0.30
368,316,0.30
369,316,0.30
370,316,0.30
371,316,0.30
372,316,0.60
373,316,0.60
374,316,0.60
375,316,0.60
376,316,0.60
377,316,0.68
378,316,1.00
379,316,1.00
380,316,1.00
381,316,1.00
382,316,1.00
383,316,1.00
384,316,1.00
385,316,1.00
365,317,0.30
366,317,0.30
367,317,0.30
368,317,0.30
369,317,0.30
370,317,0.30
371,317,0.32
372,317,0.67
373,317,0.71
374,317,0.73
375,317,0.75
376,317,0.84
377,317,0.90
378,317,1.00
379,317,1.00
380,317,1.00
381,317,1.00
382,317,1.00
383,317,1.00
384,317,1.00
385,317,1.00
365,318,0.30
366,318,0.30
367,318,0.30
368,318,0.30
369,318,0.30
370,318,0.38
371,318,0.45
372,318,0.80
373,318,0.85
374,318,0.87
375,318,0.99
376,318,1.00
377,318,1.00
378,318,1.00
379,318,1.00
380,318,1.00
381,318,1.00
382,318,1.00
383,318,1.00
384,318,1.00
385,318,1.00
379,319,1.00
380,319,1.00
381,319,1.00
382,319,1.00
383,319,1.00
384,319,1.00
385,319,1.00
379,320,1.00
380,320,1.00
381,320,1.00
382,320,1.00
383,320,1.00
384,320,1.00
385,320,1.00
379,321,1.00
380,321,1.00
381,321,1.00
382,321,1.00
383,321,1.00
384,321,1.00
385,321,1.00
379,322,1.00
380,322,1.00
381,322,1.00
382,322,1.00
383,322,1.00
384,322,1.00
385,322,1.00
379,323,1.00
380,323,1.00
381,323,1.00
382,323,1.00
383,323,1.00
384,323,1.00
385,323,1.00
379,324,1.00
380,324,1.00
381,324,1.00
382,324,1.00
383,324,1.00
384,324,1.00
385,324,1.00
379,325,1.00
380,325,1.00
381,325,1.00
382,325,1.00
383,325,1.00
384,325,1.00
385,325,1.00
379,326,1.00
380,326,1.00
381,326,1.00
382,326,1.00
383,326,1.00
384,326,1.00
385,326,1.00
379,327,1.00
380,327,1.00
381,327,1.00
382,327,1.00
383,327,1.00
384,327,1.00
385,327,1.00
379,328,1.00
380,328,1.00
381,328,1.00
382,328,1.00
383,328,1.00
384,328,1.00
385,328,1.00
379,329,1.00
380,329,1.00
381,329,1.00
382,329,1.00
383,329,1.00
384,329,1.00
385,329,1.00
379,330,1.00
380,330,1.00
381,330,1.00
382,330,1.00
383,330,1.00
384,330,1.00
385,330,1.00
379,331,1.00
380,331,1.00
381,331,1.00
382,331,1.00
383,331,1.00
384,331,1.00
385,331,1.00
379,332,1.00
380,332,1.00
381,332,1.00
382,332,1.00
383,332,1.00
384,332,1.00
385,332,1.00
379,333,0.94
380,333,0.90
381,333,0.84
382,333,0.75
383,333,0.73
384,333,0.71
385,333,0.67
379,334,0.75
380,334,0.68
381,334,0.60
382,334,0.60
383,334,0.60
384,334,0.60
385,334,0.60
379,335,0.32
380,335,0.30
381,335,0.30
382,335,0.30
383,335,0.30
384,335,0.30
385,335,0.30
379,336,0.30
380,336,0.30
381,336,0.30
382,336,0.30
383,336,0.30
384,336,0.30
385,336,0.30
372,314,0.30
373,314,0.30
374,314,0.30
375,314,0.30
376,314,0.30
377,314,0.30
378,314,0.60
379,314,0.60
380,314,0.60
381,314,0.60
382,314,0.60
383,314,0.68
384,314,1.00
385,314,1.00
386,314,1.00
387,314,1.00
388,314,1.00
389,314,1.00
390,314,1.00
391,314,1.00
392,314,1.00
372,315,0.30
373,315,0.30
374,315,0.30
375,315,0.30
376,315,0.30
377,315,0.30
378,315,0.62
379,315,0.67
380,315,0.71
381,315,0.75
382,315,0.85
383,315,0.93
384,315,1.00
385,315,1.00
386,315,1.00
387,315,1.00
388,315,1.00
389,315,1.00
390,315,1.00
391,315,1.00
392,315,1.00
386,316,1.00
387,316,1.00
388,316,1.00
389,316,1.00
390,316,1.00
391,316,1.00
392,316,1.00
386,317,1.00
387,317,1.00
388,317,1.00
389,317,1.00
390,317,1.00
391,317,1.00
392,317,1.00
386,318,1.00
387,318,1.00
388,318,1.00
389,318,1.00
390,318,1.00
391,318,1.00
392,318,1.00
386,319,1.00
387,319,1.00
388,319,1.00
389,319,1.00
390,319,1.00
391,319,1.00
392,319,1.00
386,320,1.00
387,320,1.00
388,320,1.00
389,320,1.00
390,320,1.00
391,320,1.00
392,320,1.00
386,321,1.00
387,321,1.00
388,321,1.00
389,321,1.00
390,321,1.00
391,321,1.00
392,321,1.00
386,322,1.00
387,322,1.00
388,322,1.00
389,322,1.00
390,322,1.00
391,322,1.00
392,322,1.00
386,323,1.00
387,323,1.00
388,323,1.00
389,323,1.00
390,323,1.00
391,323,1.00
392,323,1.00
386,324,1.00
387,324,1.00
388,324,1.00
389,324,1.00
390,324,1.00
391,324,1.00
392,324,1.00
386,325,1.00
387,325,1.00
388,325,1.00
389,325,1.00
390,325,1.00
391,325,1.00
392,325,1.00
386,326,1.00
387,326,1.00
388,326,1.00
389,326,1.00
390,326,1.00
391,326,1.00
392,326,1.00
386,327,1.00
387,327,1.00
388,327,1.00
389,327,1.00
390,327,1.00
391,327,1.00
392,327,1.00
386,328,1.00
387,328,1.00
388,328,1.00
389,328,1.00
390,328,1.00
391,328,1.00
392,328,1.00
386,329,1.00
387,329,1.00
388,329,1.00
389,329,1.00
390,329,1.00
391,329,1.00
392,329,1.00
386,330,1.00
387,330,1.00
388,330,1.00
389,330,1.00
390,330,1.00
391,330,1.00
392,330,1.00
386,331,1.00
387,331,1.00
388,331,1.00
389,331,1.00
390,331,1.00
391,331,0.97
392,331,0.92
386,332,0.75
387,332,0.68
388,332,0.60
389,332,0.60
390,332,0.60
391,332,0.60
392,332,0.60
386,333,0.32
387,333,0.30
388,333,0.30
389,333,0.30
390,333,0.30
391,333,0.30
392,333,0.30
386,334,0.30
387,334,0.30
388,334,0.30
389,334,0.30
390,334,0.30
391,334,0.30
392,334,0.30
378,312,0.30
379,312,0.30
380,312,0.30
381,312,0.30
382,312,0.30
383,312,0.30
384,312,0.60
385,312,0.60
386,312,0.60
387,312,0.60
388,312,0.60
389,312,0.90
390,312,0.92
391,312,0.97
392,312,1.00
393,312,1.00
394,312,1.00
395,312,1.00
396,312,1.00
397,312,1.00
398,312,1.00
378,313,0.30
379,313,0.30
380,313,0.30
381,313,0.30
382,313,0.30
383,313,0.30
384,313,0.62
385,313,0.67
386,313,0.71
387,313,0.73
388,313,0.74
389,313,1.00
390,313,1.00
391,313,1.00
392,313,1.00
393,313,1.00
394,313,1.00
395,313,1.00
396,313,1.00
397,313,1.00
398,313,1.00
393,314,1.00
394,314,1.00
395,314,1.00
396,314,1.00
397,314,1.00
398,314,1.00
393,315,1.00
394,315,1.00
395,315,1.00
396,315,1.00
397,315,1.00
398,315,1.00
393,316,1.00
394,316,1.00
395,316,1.00
396,316,1.00
397,316,1.00
398,316,1.00
393,317,1.00
394,317,1.00
395,317,1.00
396,317,1.00
397,317,1.00
398,317,1.00
393,318,1.00
394,318,1.00
395,318,1.00
396,318,1.00
397,318,1.00
398,318,1.00
393,319,1.00
394,319,1.00
395,319,1.00
396,319,1.00
397,319,1.00
398,319,1.00
393,320,1.00
394,320,1.00
395,320,1.00
396,320,1.00
397,320,1.00
398,320,1.00
393,321,1.00
394,321,1.00
395,321,1.00
396,321,1.00
397,321,1.00
398,321,1.00
393,322,1.00
394,322,1.00
395,322,1.00
396,322,1.00
397,322,1.00
398,322,1.00
393,323,1.00
394,323,1.00
395,323,1.00
396,323,1.00
397,323,1.00
398,323,1.00
393,324,1.00
394,324,1.00
395,324,1.00
396,324,1.00
397,324,1.00
398,324,1.00
393,325,1.00
394,325,1.00
395,325,1.00
396,325,1.00
397,325,1.00
398,325,1.00
393,326,1.00
394,326,1.00
395,326,1.00
396,326,1.00
397,326,1.00
398,326,1.00
393,327,1.00
394,327,1.00
395,327,1.00
396,327,1.00
397,327,1.00
398,327,1.00
393,328,1.00
394,328,1.00
395,328,1.00
396,328,1.00
397,328,1.00
398,328,1.00
393,329,1.00
394,329,1.00
395,329,1.00
396,329,1.00
397,329,1.00
398,329,1.00
393,330,1.00
394,330,1.00
395,330,1.00
396,330,1.00
397,330,1.00
398,330,1.00
393,331,0.60
394,331,0.60
395,331,0.60
396,331,0.60
397,331,0.60
398,331,0.60
393,332,0.30
394,332,0.30
395,332,0.30
396,332,0.30
397,332,0.30
398,332,0.30
384,311,0.30
385,311,0.30
386,311,0.30
387,311,0.30
388,311,0.30
389,311,0.60
390,311,0.60
391,311,0.60
392,311,0.60
393,311,0.60
394,311,0.90
395,311,0.92
396,311,0.97
397,311,1.00
398,311,1.00
399,311,1.00
400,311,1.00
401,311,1.00
402,311,1.00
403,311,1.00
404,311,1.00
399,312,1.00
400,312,1.00
401,312,1.00
402,312,1.00
403,312,1.00
404,312,1.00
399,313,1.00
400,313,1.00
401,313,1.00
402,313,1.00
403,313,1.00
404,313,1.00
399,314,1.00
400,314,1.00
401,314,1.00
402,314,1.00
403,314,1.00
404,314,1.00
399,315,1.00
400,315,1.00
401,315,1.00
402,315,1.00
403,315,1.00
404,315,1.00
399,316,1.00
400,316,1.00
401,316,1.00
402,316,1.00
403,316,1.00
404,316,1.00
399,317,1.00
400,317,1.00
401,317,1.00
402,317,1.00
403,317,1.00
404,317,1.00
399,318,1.00
400,318,1.00
401,318,1.00
402,318,1.00
403,318,1.00
404,318,1.00
399,319,1.00
400,319,1.00
401,319,1.00
402,319,1.00
403,319,1.00
404,319,1.00
399,320,1.00
400,320,1.00
401,320,1.00
402,320,1.00
403,320,1.00
404,320,1.00
399,321,1.00
400,321,1.00
401,321,1.00
402,321,1.00
403,321,1.00
404,321,1.00
399,322,1.00
400,322,1.00
401,322,1.00
402,322,1.00
403,322,1.00
404,322,1.00
399,323,1.00
400,323,1.00
401,323,1.00
402,323,1.00
403,323,1.00
404,323,1.00
399,324,1.00
400,324,1.00
401,324,1.00
402,324,1.00
403,324,1.00
404,324,1.00
399,325,1.00
400,325,1.00
401,325,1.00
402,325,1.00
403,325,1.00
404,325,1.00
399,326,1.00
400,326,1.00
401,326,1.00
402,326,1.00
403,326,1.00
404,326,1.00
399,327,1.00
400,327,1.00
401,327,1.00
402,327,1.00
403,327,1.00
404,327,1.00
399,328,1.00
400,328,1.00
401,328,1.00
402,328,1.00
403,328,1.00
404,328,1.00
399,329,1.00
400,329,1.00
401,329,1.00
402,329,1.00
403,329,1.00
404,329,1.00
399,330,1.00
400,330,1.00
401,330,1.00
402,330,1.00
403,330,1.00
404,330,1.00
399,331,0.30
400,331,0.30
401,331,0.30
402,331,0.30
403,331,0.30
404,331,0.30
389,310,0.30
390,310,0.30
391,310,0.30
392,310,0.30
393,310,0.30
394,310,0.60
395,310,0.60
396,310,0.60
397,310,0.60
398,310,0.90
399,310,0.90
400,310,0.90
401,310,1.00
402,310,1.00
403,310,1.00
404,310,1.00
405,310,1.00
406,310,1.00
407,310,1.00
408,310,1.00
409,310,1.00
405,311,1.00
406,311,1.00
407,311,1.00
408,311,1.00
409,311,1.00
405,312,1.00
406,312,1.00
407,312,1.00
408,312,1.00
409,312,1.00
405,313,1.00
406,313,1.00
407,313,1.00
408,313,1.00
409,313,1.00
405,314,1.00
406,314,1.00
407,314,1.00
408,314,1.00
409,314,1.00
405,315,1.00
406,315,1.00
407,315,1.00
408,315,1.00
409,315,1.00
405,316,1.00
406,316,1.00
407,316,1.00
408,316,1.00
409,316,1.00
405,317,1.00
406,317,1.00
407,317,1.00
408,317,1.00
409,317,1.00
405,318,1.00
406,318,1.00
407,318,1.00
408,318,1.00
409,318,1.00
405,319,1.00
406,319,1.00
407,319,1.00
408,319,1.00
409,319,1.00
405,320,1.00
406,320,1.00
407,320,1.00
408,320,1.00
409,320,1.00
405,321,1.00
406,321,1.00
407,321,1.00
408,321,1.00
409,321,1.00
405,322,1.00
406,322,1.00
407,322,1.00
408,322,1.00
409,322,1.00
405,323,1.00
406,323,1.00
407,323,1.00
408,323,1.00
409,323,1.00
405,324,1.00
406,324,1.00
407,324,1.00
408,324,1.00
409,324,1.00
405,325,1.00
406,325,1.00
407,325,1.00
408,325,1.00
409,325,1.00
405,326,1.00
406,326,1.00
407,326,1.00
408,326,1.00
409,326,1.00
405,327,1.00
406,327,1.00
407,327,1.00
408,327,1.00
409,327,1.00
405,328,1.00
406,328,1.00
407,328,1.00
408,328,1.00
409,328,1.00
405,329,1.00
406,329,1.00
407,329,1.00
408,329,1.00
409,329,1.00
405,330,1.00
406,330,1.00
407,330,1.00
408,330,1.00
409,330,1.00
410,310,1.00
411,310,1.00
412,310,1.00
413,310,1.00
414,310,1.00
410,311,1.00
411,311,1.00
412,311,1.00
413,311,1.00
414,311,1.00
410,312,1.00
411,312,1.00
412,312,1.00
413,312,1.00
414,312,1.00
410,313,1.00
411,313,1.00
412,313,1.00
413,313,1.00
414,313,1.00
410,314,1.00
411,314,1.00
412,314,1.00
413,314,1.00
414,314,1.00
410,315,1.00
411,315,1.00
412,315,1.00
413,315,1.00
414,315,1.00
410,316,1.00
411,316,1.00
412,316,1.00
413,316,1.00
414,316,1.00
410,317,1.00
411,317,1.00
412,317,1.00
413,317,1.00
414,317,1.00
410,318,1.00
411,318,1.00
412,318,1.00
413,318,1.00
414,318,1.00
410,319,1.00
411,319,1.00
412,319,1.00
413,319,1.00
414,319,1.00
410,320,1.00
411,320,1.00
412,320,1.00
413,320,1.00
414,320,1.00
410,321,1.00
411,321,1.00
412,321,1.00
413,321,1.00
414,321,1.00
410,322,1.00
411,322,1.00
412,322,1.00
413,322,1.00
414,322,1.00
410,323,1.00
411,323,1.00
412,323,1.00
413,323,1.00
414,323,1.00
410,324,1.00
411,324,1.00
412,324,1.00
413,324,1.00
414,324,1.00
410,325,1.00
411,325,1.00
412,325,1.00
413,325,1.00
414,325,1.00
410,326,1.00
411,326,1.00
412,326,1.00
413,326,1.00
414,326,1.00
410,327,1.00
411,327,1.00
412,327,1.00
413,327,1.00
414,327,1.00
410,328,1.00
411,328,1.00
412,328,1.00
413,328,1.00
414,328,1.00
410,329,1.00
411,329,1.00
412,329,1.00
413,329,1.00
414,329,1.00
410,330,1.00
411,330,1.00
412,330,1.00
413,330,1.00
414,330,1.00
415,310,1.00
416,310,1.00
417,310,1.00
418,310,1.00
415,311,1.00
416,311,1.00
417,311,1.00
418,311,1.00
415,312,1.00
416,312,1.00
417,312,1.00
418,312,1.00
415,313,1.00
416,313,1.00
417,313,1.00
418,313,1.00
415,314,1.00
416,314,1.00
417,314,1.00
418,314,1.00
415,315,1.00
416,315,1.00
417,315,1.00
418,315,1.00
415,316,1.00
416,316,1.00
417,316,1.00
418,316,1.00
415,317,1.00
416,317,1.00
417,317,1.00
418,317,1.00
415,318,1.00
416,318,1.00
417,318,1.00
418,318,1.00
415,319,1.00
416,319,1.00
417,319,1.00
418,319,1.00
415,320,1.00
416,320,1.00
417,320,1.00
418,320,1.00
415,321,1.00
416,321,1.00
417,321,1.00
418,321,1.00
415,322,1.00
416,322,1.00
417,322,1.00
418,322,1.00
415,323,1.00
416,323,1.00
417,323,1.00
418,323,1.00
415,324,1.00
416,324,1.00
417,324,1.00
418,324,1.00
415,325,1.00
416,325,1.00
417,325,1.00
418,325,1.00
415,326,1.00
416,326,1.00
417,326,1.00
418,326,1.00
415,327,1.00
416,327,1.00
417,327,1.00
418,327,1.00
415,328,1.00
416,328,1.00
417,328,1.00
418,328,1.00
415,329,1.00
416,329,1.00
417,329,1.00
418,329,1.00
415,330,1.00
416,330,1.00
417,330,1.00
418,330,1.00
419,310,1.00
420,310,1.00
421,310,1.00
419,311,1.00
420,311,1.00
421,311,1.00
419,312,1.00
420,312,1.00
421,312,1.00
419,313,1.00
420,313,1.00
421,313,1.00
419,314,1.00
420,314,1.00
421,314,1.00
419,315,1.00
420,315,1.00
421,315,1.00
419,316,1.00
420,316,1.00
421,316,1.00
419,317,1.00
420,317,1.00
421,317,1.00
419,318,1.00
420,318,1.00
421,318,1.00
419,319,1.00
420,319,1.00
421,319,1.00
419,320,1.00
420,320,1.00
421,320,1.00
419,321,1.00
420,321,1.00
421,321,1.00
419,322,1.00
420,322,1.00
421,322,1.00
419,323,1.00
420,323,1.00
421,323,1.00
419,324,1.00
420,324,1.00
421,324,1.00
419,325,1.00
420,325,1.00
421,325,1.00
419,326,1.00
420,326,1.00
421,326,1.00
419,327,1.00
420,327,1.00
421,327,1.00
419,328,1.00
420,328,1.00
421,328,1.00
419,329,1.00
420,329,1.00
421,329,1.00
419,330,1.00
420,330,1.00
421,330,1.00
422,310,1.00
423,310,1.00
424,310,1.00
422,311,1.00
423,311,1.00
424,311,1.00
422,312,1.00
423,312,1.00
424,312,1.00
422,313,1.00
423,313,1.00
424,313,1.00
422,314,1.00
423,314,1.00
424,314,1.00
422,315,1.00
423,315,1.00
424,315,1.00
422,316,1.00
423,316,1.00
424,316,1.00
422,317,1.00
423,317,1.00
424,317,1.00
422,318,1.00
423,318,1.00
424,318,1.00
422,319,1.00
423,319,1.00
424,319,1.00
422,320,1.00
423,320,1.00
424,320,1.00
422,321,1.00
423,321,1.00
424,321,1.00
422,322,1.00
423,322,1.00
424,322,1.00
422,323,1.00
423,323,1.00
424,323,1.00
422,324,1.00
423,324,1.00
424,324,1.00
422,325,1.00
423,325,1.00
424,325,1.00
422,326,1.00
423,326,1.00
424,326,1.00
422,327,1.00
423,327,1.00
424,327,1.00
422,328,1.00
423,328,1.00
424,328,1.00
422,329,1.00
423,329,1.00
424,329,1.00
422,330,1.00
423,330,1.00
424,330,1.00
425,310,1.00
426,310,1.00
427,310,1.00
425,311,1.00
426,311,1.00
427,311,1.00
425,312,1.00
426,312,1.00
427,312,1.00
425,313,1.00
426,313,1.00
427,313,1.00
425,314,1.00
426,314,1.00
427,314,1.00
425,315,1.00
426,315,1.00
427,315,1.00
425,316,1.00
426,316,1.00
427,316,1.00
425,317,1.00
426,317,1.00
427,317,1.00
425,318,1.00
426,318,1.00
427,318,1.00
425,319,1.00
426,319,1.00
427,319,1.00
425,320,1.00
426,320,1.00
427,320,1.00
425,321,1.00
426,321,1.00
427,321,1.00
425,322,1.00
426,322,1.00
427,322,1.00
425,323,1.00
426,323,1.00
427,323,1.00
425,324,1.00
426,324,1.00
427,324,1.00
425,325,1.00
426,325,1.00
427,325,1.00
425,326,1.00
426,326,1.00
427,326,1.00
425,327,1.00
426,327,1.00
427,327,1.00
425,328,1.00
426,328,1.00
427,328,1.00
425,329,1.00
426,329,1.00
427,329,1.00
425,330,1.00
426,330,1.00
427,330,1.00
428,310,1.00
429,310,1.00
430,310,1.00
428,311,1.00
429,311,1.00
430,311,1.00
428,312,1.00
429,312,1.00
430,312,1.00
428,313,1.00
429,313,1.00
430,313,1.00
428,314,1.00
429,314,1.00
430,314,1.00
428,315,1.00
429,315,1.00
430,315,1.00
428,316,1.00
429,316,1.00
430,316,1.00
428,317,1.00
429,317,1.00
430,317,1.00
428,318,1.00
429,318,1.00
430,318,1.00
428,319,1.00
429,319,1.00
430,319,1.00
428,320,1.00
429,320,1.00
430,320,1.00
428,321,1.00
429,321,1.00
430,321,1.00
428,322,1.00
429,322,1.00
430,322,1.00
428,323,1.00
429,323,1.00
430,323,1.00
428,324,1.00
429,324,1.00
430,324,1.00
428,325,1.00
429,325,1.00
430,325,1.00
428,326,1.00
429,326,1.00
430,326,1.00
428,327,1.00
429,327,1.00
430,327,1.00
428,328,1.00
429,328,1.00
430,328,1.00
428,329,1.00
429,329,1.00
430,329,1.00
428,330,1.00
429,330,1.00
430,330,1.00
431,310,1.00
432,310,1.00
433,310,1.00
431,311,1.00
432,311,1.00
433,311,1.00
431,312,1.00
432,312,1.00
433,312,1.00
431,313,1.00
432,313,1.00
433,313,1.00
431,314,1.00
432,314,1.00
433,314,1.00
431,315,1.00
432,315,1.00
433,315,1.00
431,316,1.00
432,316,1.00
433,316,1.00
431,317,1.00
432,317,1.00
433,317,1.00
431,318,1.00
432,318,1.00
433,318,1.00
431,319,1.00
432,319,1.00
433,319,1.00
431,320,1.00
432,320,1.00
433,320,1.00
431,321,1.00
432,321,1.00
433,321,1.00
431,322,1.00
432,322,1.00
433,322,1.00
431,323,1.00
432,323,1.00
433,323,1.00
431,324,1.00
432,324,1.00
433,324,1.00
431,325,1.00
432,325,1.00
433,325,1.00
431,326,1.00
432,326,1.00
433,326,1.00
431,327,1.00
432,327,1.00
433,327,1.00
431,328,1.00
432,328,1.00
433,328,1.00
431,329,1.00
432,329,1.00
433,329,1.00
431,330,1.00
432,330,1.00
433,330,1.00
434,310,0.90
435,310,0.90
434,311,1.00
435,311,1.00
434,312,1.00
435,312,1.00
434,313,1.00
435,313,1.00
434,314,1.00
435,314,1.00
434,315,1.00
435,315,1.00
434,316,1.00
435,316,1.00
434,317,1.00
435,317,1.00
434,318,1.00
435,318,1.00
434,319,1.00
435,319,1.00
434,320,1.00
435,320,1.00
434,321,1.00
435,321,1.00
434,322,1.00
435,322,1.00
434,323,1.00
435,323,1.00
434,324,1.00
435,324,1.00
434,325,1.00
435,325,1.00
434,326,1.00
435,326,1.00
434,327,1.00
435,327,1.00
434,328,1.00
435,328,1.00
434,329,1.00
435,329,1.00
434,330,1.00
435,330,1.00
436,310,0.60
437,310,0.60
436,311,1.00
437,311,1.00
436,312,1.00
437,312,1.00
436,313,1.00
437,313,1.00
436,314,1.00
437,314,1.00
436,315,1.00
437,315,1.00
436,316,1.00
437,316,1.00
436,317,1.00
437,317,1.00
436,318,1.00
437,318,1.00
436,319,1.00
437,319,1.00
436,320,1.00
437,320,1.00
436,321,1.00
437,321,1.00
436,322,1.00
437,322,1.00
436,323,1.00
437,323,1.00
436,324,1.00
437,324,1.00
436,325,1.00
437,325,1.00
436,326,1.00
437,326,1.00
436,327,1.00
437,327,1.00
436,328,1.00
437,328,1.00
436,329,1.00
437,329,1.00
436,330,1.00
437,330,1.00
438,310,0.30
439,310,0.30
438,311,1.00
439,311,1.00
438,312,1.00
439,312,1.00
438,313,1.00
439,313,1.00
438,314,1.00
439,314,1.00
438,315,1.00
439,315,1.00
438,316,1.00
439,316,1.00
438,317,1.00
439,317,1.00
438,318,1.00
439,318,1.00
438,319,1.00
439,319,1.00
438,320,1.00
439,320,1.00
438,321,1.00
439,321,1.00
438,322,1.00
439,322,1.00
438,323,1.00
439,323,1.00
438,324,1.00
439,324,1.00
438,325,1.00
439,325,1.00
438,326,1.00
439,326,1.00
438,327,1.00
439,327,1.00
438,328,1.00
439,328,1.00
438,329,1.00
439,329,1.00
438,330,1.00
439,330,1.00
440,311,1.00
441,311,1.00
440,312,1.00
441,312,1.00
440,313,1.00
441,313,1.00
440,314,1.00
441,314,1.00
440,315,1.00
441,315,1.00
440,316,1.00
441,316,1.00
440,317,1.00
441,317,1.00
440,318,1.00
441,318,1.00
440,319,1.00
441,319,1.00
440,320,1.00
441,320,1.00
440,321,1.00
441,321,1.00
440,322,1.00
441,322,1.00
440,323,1.00
441,323,1.00
440,324,1.00
441,324,1.00
440,325,1.00
441,325,1.00
440,326,1.00
441,326,1.00
440,327,1.00
441,327,1.00
440,328,1.00
441,328,1.00
440,329,1.00
441,329,1.00
440,330,1.00
441,330,1.00
421,331,0.30
422,331,0.30
423,331,0.30
424,331,0.60
425,331,0.60
426,331,0.90
427,331,0.90
428,331,1.00
429,331,1.00
430,331,1.00
431,331,1.00
432,331,1.00
433,331,1.00
434,331,1.00
435,331,1.00
436,331,1.00
437,331,1.00
438,331,1.00
439,331,1.00
440,331,1.00
441,331,1.00
442,311,0.90
443,311,0.90
444,311,0.90
442,312,1.00
443,312,1.00
444,312,1.00
442,313,1.00
443,313,1.00
444,313,1.00
442,314,1.00
443,314,1.00
444,314,1.00
442,315,1.00
443,315,1.00
444,315,1.00
442,316,1.00
443,316,1.00
444,316,1.00
442,317,1.00
443,317,1.00
444,317,1.00
442,318,1.00
443,318,1.00
444,318,1.00
442,319,1.00
443,319,1.00
444,319,1.00
442,320,1.00
443,320,1.00
444,320,1.00
442,321,1.00
443,321,1.00
444,321,1.00
442,322,1.00
443,322,1.00
444,322,1.00
442,323,1.00
443,323,1.00
444,323,1.00
442,324,1.00
443,324,1.00
444,324,1.00
442,325,1.00
443,325,1.00
444,325,1.00
442,326,1.00
443,326,1.00
444,326,1.00
442,327,1.00
443,327,1.00
444,327,1.00
442,328,1.00
443,328,1.00
444,328,1.00
442,329,1.00
443,329,1.00
444,329,1.00
442,330,1.00
443,330,1.00
444,330,1.00
442,331,1.00
443,331,1.00
444,331,1.00
445,311,0.60
446,311,0.60
445,312,1.00
446,312,1.00
445,313,1.00
446,313,1.00
445,314,1.00
446,314,1.00
445,315,1.00
446,315,1.00
445,316,1.00
446,316,1.00
445,317,1.00
446,317,1.00
445,318,1.00
446,318,1.00
445,319,1.00
446,319,1.00
445,320,1.00
446,320,1.00
445,321,1.00
446,321,1.00
445,322,1.00
446,322,1.00
445,323,1.00
446,323,1.00
445,324,1.00
446,324,1.00
445,325,1.00
446,325,1.00
445,326,1.00
446,326,1.00
445,327,1.00
446,327,1.00
445,328,1.00
446,328,1.00
445,329,1.00
446,329,1.00
445,330,1.00
446,330,1.00
445,331,1.00
446,331,1.00
447,311,0.30
448,311,0.30
447,312,1.00
448,312,1.00
447,313,1.00
448,313,1.00
447,314,1.00
448,314,1.00
447,315,1.00
448,315,1.00
447,316,1.00
448,316,1.00
447,317,1.00
448,317,1.00
447,318,1.00
448,318,1.00
447,319,1.00
448,319,1.00
447,320,1.00
448,320,1.00
447,321,1.00
448,321,1.00
447,322,1.00
448,322,1.00
447,323,1.00
448,323,1.00
447,324,1.00
448,324,1.00
447,325,1.00
448,325,1.00
447,326,1.00
448,326,1.00
447,327,1.00
448,327,1.00
447,328,1.00
448,328,1.00
447,329,1.00
448,329,1.00
447,330,1.00
448,330,1.00
447,331,1.00
448,331,1.00
449,312,0.90
450,312,0.90
451,312,0.90
449,313,1.00
450,313,1.00
451,313,1.00
449,314,1.00
450,314,1.00
451,314,1.00
449,315,1.00
450,315,1.00
451,315,1.00
449,316,1.00
450,316,1.00
451,316,1.00
449,317,1.00
450,317,1.00
451,317,1.00
449,318,1.00
450,318,1.00
451,318,1.00
449,319,1.00
450,319,1.00
451,319,1.00
449,320,1.00
450,320,1.00
451,320,1.00
449,321,1.00
450,321,1.00
451,321,1.00
449,322,1.00
450,322,1.00
451,322,1.00
449,323,1.00
450,323,1.00
451,323,1.00
449,324,1.00
450,324,1.00
451,324,1.00
449,325,1.00
450,325,1.00
451,325,1.00
449,326,1.00
450,326,1.00
451,326,1.00
449,327,1.00
450,327,1.00
451,327,1.00
449,328,1.00
450,328,1.00
451,328,1.00
449,329,1.00
450,329,1.00
451,329,1.00
449,330,1.00
450,330,1.00
451,330,1.00
449,331,1.00
450,331,1.00
451,331,1.00
431,332,0.30
432,332,0.30
433,332,0.60
434,332,0.60
435,332,0.60
436,332,0.90
437,332,0.90
438,332,0.90
439,332,1.00
440,332,1.00
441,332,1.00
442,332,1.00
443,332,1.00
444,332,1.00
445,332,1.00
446,332,1.00
447,332,1.00
448,332,1.00
449,332,1.00
450,332,1.00
451,332,1.00
452,312,0.60
453,312,0.60
452,313,1.00
453,313,1.00
452,314,1.00
453,314,1.00
452,315,1.00
453,315,1.00
452,316,1.00
453,316,1.00
452,317,1.00
453,317,1.00
452,318,1.00
453,318,1.00
452,319,1.00
453,319,1.00
452,320,1.00
453,320,1.00
452,321,1.00
453,321,1.00
452,322,1.00
453,322,1.00
452,323,1.00
453,323,1.00
452,324,1.00
453,324,1.00
452,325,1.00
453,325,1.00
452,326,1.00
453,326,1.00
452,327,1.00
453,327,1.00
452,328,1.00
453,328,1.00
452,329,1.00
453,329,1.00
452,330,1.00
453,330,1.00
452,331,1.00
453,331,1.00
452,332,1.00
453,332,1.00
454,312,0.30
455,312,0.30
456,312,0.30
454,313,0.90
455,313,0.90
456,313,0.90
454,314,1.00
455,314,1.00
456,314,1.00
454,315,1.00
455,315,1.00
456,315,1.00
454,316,1.00
455,316,1.00
456,316,1.00
454,317,1.00
455,317,1.00
456,317,1.00
454,318,1.00
455,318,1.00
456,318,1.00
454,319,1.00
455,319,1.00
456,319,1.00
454,320,1.00
455,320,1.00
456,320,1.00
454,321,1.00
455,321,1.00
456,321,1.00
454,322,1.00
455,322,1.00
456,322,1.00
454,323,1.00
455,323,1.00
456,323,1.00
454,324,1.00
455,324,1.00
456,324,1.00
454,325,1.00
455,325,1.00
456,325,1.00
454,326,1.00
455,326,1.00
456,326,1.00
454,327,1.00
455,327,1.00
456,327,1.00
454,328,1.00
455,328,1.00
456,328,1.00
454,329,1.00
455,329,1.00
456,329,1.00
454,330,1.00
455,330,1.00
456,330,1.00
454,331,1.00
455,331,1.00
456,331,1.00
454,332,1.00
455,332,1.00
456,332,1.00
457,313,0.60
458,313,0.60
459,313,0.60
457,314,1.00
458,314,1.00
459,314,1.00
457,315,1.00
458,315,1.00
459,315,1.00
457,316,1.00
458,316,1.00
459,316,1.00
457,317,1.00
458,317,1.00
459,317,1.00
457,318,1.00
458,318,1.00
459,318,1.00
457,319,1.00
458,319,1.00
459,319,1.00
457,320,1.00
458,320,1.00
459,320,1.00
457,321,1.00
458,321,1.00
459,321,1.00
457,322,1.00
458,322,1.00
459,322,1.00
457,323,1.00
458,323,1.00
459,323,1.00
457,324,1.00
458,324,1.00
459,324,1.00
457,325,1.00
458,325,1.00
459,325,1.00
457,326,1.00
458,326,1.00
459,326,1.00
457,327,1.00
458,327,1.00
459,327,1.00
457,328,1.00
458,328,1.00
459,328,1.00
457,329,1.00
458,329,1.00
459,329,1.00
457,330,1.00
458,330,1.00
459,330,1.00
457,331,1.00
458,331,1.00
459,331,1.00
457,332,1.00
458,332,1.00
459,332,1.00
439,333,0.30
440,333,0.30
441,333,0.30
442,333,0.30
443,333,0.60
444,333,0.60
445,333,0.60
446,333,0.90
447,333,0.90
448,333,0.90
449,333,1.00
450,333,1.00
451,333,1.00
452,333,1.00
453,333,1.00
454,333,1.00
455,333,1.00
456,333,1.00
457,333,1.00
458,333,1.00
459,333,1.00
460,313,0.30
461,313,0.30
462,313,0.30
463,313,0.30
460,314,1.00
461,314,1.00
462,314,1.00
463,314,1.00
460,315,1.00
461,315,1.00
462,315,1.00
463,315,1.00
460,316,1.00
461,316,1.00
462,316,1.00
463,316,1.00
460,317,1.00
461,317,1.00
462,317,1.00
463,317,1.00
460,318,1.00
461,318,1.00
462,318,1.00
463,318,1.00
460,319,1.00
461,319,1.00
462,319,1.00
463,319,1.00
460,320,1.00
461,320,1.00
462,320,1.00
463,320,1.00
460,321,1.00
461,321,1.00
462,321,1.00
463,321,1.00
460,322,1.00
461,322,1.00
462,322,1.00
463,322,1.00
460,323,1.00
461,323,1.00
462,323,1.00
463,323,1.00
460,324,1.00
461,324,1.00
462,324,1.00
463,324,1.00
460,325,1.00
461,325,1.00
462,325,1.00
463,325,1.00
460,326,1.00
461,326,1.00
462,326,1.00
463,326,1.00
460,327,1.00
461,327,1.00
462,327,1.00
463,327,1.00
460,328,1.00
461,328,1.00
462,328,1.00
463,328,1.00
460,329,1.00
461,329,1.00
462,329,1.00
463,329,1.00
460,330,1.00
461,330,1.00
462,330,1.00
463,330,1.00
460,331,1.00
461,331,1.00
462,331,1.00
463,331,1.00
460,332,1.00
461,332,1.00
462,332,1.00
463,332,1.00
460,333,1.00
461,333,1.00
462,333,1.00
463,333,1.00
464,314,1.00
465,314,1.00
466,314,1.00
464,315,1.00
465,315,1.00
466,315,1.00
464,316,1.00
465,316,1.00
466,316,1.00
464,317,1.00
465,317,1.00
466,317,1.00
464,318,1.00
465,318,1.00
466,318,1.00
464,319,1.00
465,319,1.00
466,319,1.00
464,320,1.00
465,320,1.00
466,320,1.00
464,321,1.00
465,321,1.00
466,321,1.00
464,322,1.00
465,322,1.00
466,322,1.00
464,323,1.00
465,323,1.00
466,323,1.00
464,324,1.00
465,324,1.00
466,324,1.00
464,325,1.00
465,325,1.00
466,325,1.00
464,326,1.00
465,326,1.00
466,326,1.00
464,327,1.00
465,327,1.00
466,327,1.00
464,328,1.00
465,328,1.00
466,328,1.00
464,329,1.00
465,329,1.00
466,329,1.00
464,330,1.00
465,330,1.00
466,330,1.00
464,331,1.00
465,331,1.00
466,331,1.00
464,332,1.00
465,332,1.00
466,332,1.00
464,333,1.00
465,333,1.00
466,333,1.00
446,334,0.30
447,334,0.30
448,334,0.30
449,334,0.60
450,334,0.60
451,334,0.60
452,334,0.60
453,334,0.90
454,334,0.90
455,334,0.90
456,334,1.00
457,334,1.00
458,334,1.00
459,334,1.00
460,334,1.00
461,334,1.00
462,334,1.00
463,334,1.00
464,334,1.00
465,334,1.00
466,334,1.00
467,314,1.00
468,314,1.00
469,314,1.00
467,315,1.00
468,315,1.00
469,315,1.00
467,316,1.00
468,316,1.00
469,316,1.00
467,317,1.00
468,317,1.00
469,317,1.00
467,318,1.00
468,318,1.00
469,318,1.00
467,319,1.00
468,319,1.00
469,319,1.00
467,320,1.00
468,320,1.00
469,320,1.00
467,321,1.00
468,321,1.00
469,321,1.00
467,322,1.00
468,322,1.00
469,322,1.00
467,323,1.00
468,323,1.00
469,323,1.00
467,324,1.00
468,324,1.00
469,324,1.00
467,325,1.00
468,325,1.00
469,325,1.00
467,326,1.00
468,326,1.00
469,326,1.00
467,327,1.00
468,327,1.00
469,327,1.00
467,328,1.00
468,328,1.00
469,328,1.00
467,329,1.00
468,329,1.00
469,329,1.00
467,330,1.00
468,330,1.00
469,330,1.00
467,331,1.00
468,331,1.00
469,331,1.00
467,332,1.00
468,332,1.00
469,332,1.00
467,333,1.00
468,333,1.00
469,333,1.00
467,334,1.00
468,334,1.00
469,334,1.00
470,314,1.00
471,314,1.00
472,314,1.00
473,314,1.00
470,315,1.00
471,315,1.00
472,315,1.00
473,315,1.00
470,316,1.00
471,316,1.00
472,316,1.00
473,316,1.00
470,317,1.00
471,317,1.00
472,317,1.00
473,317,1.00
470,318,1.00
471,318,1.00
472,318,1.00
473,318,1.00
470,319,1.00
471,319,1.00
472,319,1.00
473,319,1.00
470,320,1.00
471,320,1.00
472,320,1.00
473,320,1.00
470,321,1.00
471,321,1.00
472,321,1.00
473,321,1.00
470,322,1.00
471,322,1.00
472,322,1.00
473,322,1.00
470,323,1.00
471,323,1.00
472,323,1.00
473,323,1.00
470,324,1.00
471,324,1.00
472,324,1.00
473,324,1.00
470,325,1.00
471,325,1.00
472,325,1.00
473,325,1.00
470,326,1.00
471,326,1.00
472,326,1.00
473,326,1.00
470,327,1.00
471,327,1.00
472,327,1.00
473,327,1.00
470,328,1.00
471,328,1.00
472,328,1.00
473,328,1.00
470,329,1.00
471,329,1.00
472,329,1.00
473,329,1.00
470,330,1.00
471,330,1.00
472,330,1.00
473,330,1.00
470,331,1.00
471,331,1.00
472,331,1.00
473,331,1.00
470,332,1.00
471,332,1.00
472,332,1.00
473,332,1.00
470,333,1.00
471,333,1.00
472,333,1.00
473,333,1.00
470,334,1.00
471,334,1.00
472,334,1.00
473,334,1.00
474,314,1.00
475,314,1.00
476,314,1.00
474,315,1.00
475,315,1.00
476,315,1.00
474,316,1.00
475,316,1.00
476,316,1.00
474,317,1.00
475,317,1.00
476,317,1.00
474,318,1.00
475,318,1.00
476,318,1.00
474,319,1.00
475,319,1.00
476,319,1.00
474,320,1.00
475,320,1.00
476,320,1.00
474,321,1.00
475,321,1.00
476,321,1.00
474,322,1.00
475,322,1.00
476,322,1.00
474,323,1.00
475,323,1.00
476,323,1.00
474,324,1.00
475,324,1.00
476,324,1.00
474,325,1.00
475,325,1.00
476,325,1.00
474,326,1.00
475,326,1.00
476,326,1.00
474,327,1.00
475,327,1.00
476,327,1.00
474,328,1.00
475,328,1.00
476,328,1.00
474,329,1.00
475,329,1.00
476,329,1.00
474,330,1.00
475,330,1.00
476,330,1.00
474,331,1.00
475,331,1.00
476,331,1.00
474,332,1.00
475,332,1.00
476,332,1.00
474,333,1.00
475,333,1.00
476,333,1.00
474,334,1.00
475,334,1.00
476,334,1.00
477,314,1.00
478,314,1.00
479,314,1.00
477,315,1.00
478,315,1.00
479,315,1.00
477,316,1.00
478,316,1.00
479,316,1.00
477,317,1.00
478,317,1.00
479,317,1.00
477,318,1.00
478,318,1.00
479,318,1.00
477,319,1.00
478,319,1.00
479,319,1.00
477,320,1.00
478,320,1.00
479,320,1.00
477,321,1.00
478,321,1.00
479,321,1.00
477,322,1.00
478,322,1.00
479,322,1.00
477,323,1.00
478,323,1.00
479,323,1.00
477,324,1.00
478,324,1.00
479,324,1.00
477,325,1.00
478,325,1.00
479,325,1.00
477,326,1.00
478,326,1.00
479,326,1.00
477,327,1.00
478,327,1.00
479,327,1.00
477,328,1.00
478,328,1.00
479,328,1.00
477,329,1.00
478,329,1.00
479,329,1.00
477,330,1.00
478,330,1.00
479,330,1.00
477,331,1.00
478,331,1.00
479,331,1.00
477,332,1.00
478,332,1.00
479,332,1.00
477,333,1.00
478,333,1.00
479,333,1.00
477,334,1.00
478,334,1.00
479,334,1.00
480,314,1.00
481,314,1.00
480,315,1.00
481,315,1.00
480,316,1.00
481,316,1.00
480,317,1.00
481,317,1.00
480,318,1.00
481,318,1.00
480,319,1.00
481,319,1.00
480,320,1.00
481,320,1.00
480,321,1.00
481,321,1.00
480,322,1.00
481,322,1.00
480,323,1.00
481,323,1.00
480,324,1.00
481,324,1.00
480,325,1.00
481,325,1.00
480,326,1.00
481,326,1.00
480,327,1.00
481,327,1.00
480,328,1.00
481,328,1.00
480,329,1.00
481,329,1.00
480,330,1.00
481,330,1.00
480,331,1.00
481,331,1.00
480,332,1.00
481,332,1.00
480,333,1.00
481,333,1.00
480,334,1.00
481,334,1.00
482,314,1.00
483,314,1.00
484,314,1.00
482,315,1.00
483,315,1.00
484,315,1.00
482,316,1.00
483,316,1.00
484,316,1.00
482,317,1.00
483,317,1.00
484,317,1.00
482,318,1.00
483,318,1.00
484,318,1.00
482,319,1.00
483,319,1.00
484,319,1.00
482,320,1.00
483,320,1.00
484,320,1.00
482,321,1.00
483,321,1.00
484,321,1.00
482,322,1.00
483,322,1.00
484,322,1.00
482,323,1.00
483,323,1.00
484,323,1.00
482,324,1.00
483,324,1.00
484,324,1.00
482,325,1.00
483,325,1.00
484,325,1.00
482,326,1.00
483,326,1.00
484,326,1.00
482,327,1.00
483,327,1.00
484,327,1.00
482,328,1.00
483,328,1.00
484,328,1.00
482,329,1.00
483,329,1.00
484,329,1.00
482,330,1.00
483,330,1.00
484,330,1.00
482,331,1.00
483,331,1.00
484,331,1.00
482,332,1.00
483,332,1.00
484,332,1.00
482,333,1.00
483,333,1.00
484,333,1.00
482,334,1.00
483,334,1.00
484,334,1.00
485,314,1.00
486,314,1.00
485,315,1.00
486,315,1.00
485,316,1.00
486,316,1.00
485,317,1.00
486,317,1.00
485,318,1.00
486,318,1.00
485,319,1.00
486,319,1.00
485,320,1.00
486,320,1.00
485,321,1.00
486,321,1.00
485,322,1.00
486,322,1.00
485,323,1.00
486,323,1.00
485,324,1.00
486,324,1.00
485,325,1.00
486,325,1.00
485,326,1.00
486,326,1.00
485,327,1.00
486,327,1.00
485,328,1.00
486,328,1.00
485,329,1.00
486,329,1.00
485,330,1.00
486,330,1.00
485,331,1.00
486,331,1.00
485,332,1.00
486,332,1.00
485,333,1.00
486,333,1.00
485,334,1.00
486,334,1.00
487,314,1.00
488,314,1.00
489,314,1.00
487,315,1.00
488,315,1.00
489,315,1.00
487,316,1.00
488,316,1.00
489,316,1.00
487,317,1.00
488,317,1.00
489,317,1.00
487,318,1.00
488,318,1.00
489,318,1.00
487,319,1.00
488,319,1.00
489,319,1.00
487,320,1.00
488,320,1.00
489,320,1.00
487,321,1.00
488,321,1.00
489,321,1.00
487,322,1.00
488,322,1.00
489,322,1.00
487,323,1.00
488,323,1.00
489,323,1.00
487,324,1.00
488,324,1.00
489,324,1.00
487,325,1.00
488,325,1.00
489,325,1.00
487,326,1.00
488,326,1.00
489,326,1.00
487,327,1.00
488,327,1.00
489,327,1.00
487,328,1.00
488,328,1.00
489,328,1.00
487,329,1.00
488,329,1.00
489,329,1.00
487,330,1.00
488,330,1.00
489,330,1.00
487,331,1.00
488,331,1.00
489,331,1.00
487,332,1.00
488,332,1.00
489,332,1.00
487,333,1.00
488,333,1.00
489,333,1.00
487,334,1.00
488,334,1.00
489,334,1.00
490,314,1.00
491,314,1.00
492,314,1.00
493,314,1.00
490,315,1.00
491,315,1.00
492,315,1.00
493,315,1.00
490,316,1.00
491,316,1.00
492,316,1.00
493,316,1.00
490,317,1.00
491,317,1.00
492,317,1.00
493,317,1.00
490,318,1.00
491,318,1.00
492,318,1.00
493,318,1.00
490,319,1.00
491,319,1.00
492,319,1.00
493,319,1.00
490,320,1.00
491,320,1.00
492,320,1.00
493,320,1.00
490,321,1.00
491,321,1.00
492,321,1.00
493,321,1.00
490,322,1.00
491,322,1.00
492,322,1.00
493,322,1.00
490,323,1.00
491,323,1.00
492,323,1.00
493,323,1.00
490,324,1.00
491,324,1.00
492,324,1.00
493,324,1.00
490,325,1.00
491,325,1.00
492,325,1.00
493,325,1.00
490,326,1.00
491,326,1.00
492,326,1.00
493,326,1.00
490,327,1.00
491,327,1.00
492,327,1.00
493,327,1.00
490,328,1.00
491,328,1.00
492,328,1.00
493,328,1.00
490,329,1.00
491,329,1.00
492,329,1.00
493,329,1.00
490,330,1.00
491,330,1.00
492,330,1.00
493,330,1.00
490,331,1.00
491,331,1.00
492,331,1.00
493,331,1.00
490,332,1.00
491,332,1.00
492,332,1.00
493,332,1.00
490,333,1.00
491,333,1.00
492,333,1.00
493,333,1.00
490,334,1.00
491,334,1.00
492,334,1.00
493,334,1.00
494,314,1.00
495,314,1.00
496,314,1.00
497,314,1.00
494,315,1.00
495,315,1.00
496,315,1.00
497,315,1.00
494,316,1.00
495,316,1.00
496,316,1.00
497,316,1.00
494,317,1.00
495,317,1.00
496,317,1.00
497,317,1.00
494,318,1.00
495,318,1.00
496,318,1.00
497,318,1.00
494,319,1.00
495,319,1.00
496,319,1.00
497,319,1.00
494,320,1.00
495,320,1.00
496,320,1.00
497,320,1.00
494,321,1.00
495,321,1.00
496,321,1.00
497,321,1.00
494,322,1.00
495,322,1.00
496,322,1.00
497,322,1.00
494,323,1.00
495,323,1.00
496,323,1.00
497,323,1.00
494,324,1.00
495,324,1.00
496,324,1.00
497,324,1.00
494,325,1.00
495,325,1.00
496,325,1.00
497,325,1.00
494,326,1.00
495,326,1.00
496,326,1.00
497,326,1.00
494,327,1.00
495,327,1.00
496,327,1.00
497,327,1.00
494,328,1.00
495,328,1.00
496,328,1.00
497,328,1.00
494,329,1.00
495,329,1.00
496,329,1.00
497,329,1.00
494,330,1.00
495,330,1.00
496,330,1.00
497,330,1.00
494,331,1.00
495,331,1.00
496,331,1.00
497,331,1.00
494,332,1.00
495,332,1.00
496,332,1.00
497,332,1.00
494,333,1.00
495,333,1.00
496,333,1.00
497,333,1.00
494,334,0.90
495,334,0.90
496,334,0.90
497,334,0.90
498,314,1.00
499,314,1.00
500,314,1.00
501,314,1.00
498,315,1.00
499,315,1.00
500,315,1.00
501,315,1.00
498,316,1.00
499,316,1.00
500,316,1.00
501,316,1.00
498,317,1.00
499,317,1.00
500,317,1.00
501,317,1.00
498,318,1.00
499,318,1.00
500,318,1.00
501,318,1.00
498,319,1.00
499,319,1.00
500,319,1.00
501,319,1.00
498,320,1.00
499,320,1.00
500,320,1.00
501,320,1.00
498,321,1.00
499,321,1.00
500,321,1.00
501,321,1.00
498,322,1.00
499,322,1.00
500,322,1.00
501,322,1.00
498,323,1.00
499,323,1.00
500,323,1.00
501,323,1.00
498,324,1.00
499,324,1.00
500,324,1.00
501,324,1.00
498,325,1.00
499,325,1.00
500,325,1.00
501,325,1.00
498,326,1.00
499,326,1.00
500,326,1.00
501,326,1.00
498,327,1.00
499,327,1.00
500,327,1.00
501,327,1.00
498,328,1.00
499,328,1.00
500,328,1.00
501,328,1.00
498,329,1.00
499,329,1.00
500,329,1.00
501,329,1.00
498,330,1.00
499,330,1.00
500,330,1.00
501,330,1.00
498,331,1.00
499,331,1.00
500,331,1.00
501,331,1.00
498,332,1.00
499,332,1.00
500,332,1.00
501,332,0.97
498,333,0.92
499,333,0.90
500,333,0.90
501,333,0.90
498,334,0.60
499,334,0.60
500,334,0.90
501,334,0.90
502,314,1.00
503,314,1.00
504,314,1.00
502,315,1.00
503,315,1.00
504,315,1.00
502,316,1.00
503,316,1.00
504,316,1.00
502,317,1.00
503,317,1.00
504,317,1.00
502,318,1.00
503,318,1.00
504,318,1.00
502,319,1.00
503,319,1.00
504,319,1.00
502,320,1.00
503,320,1.00
504,320,1.00
502,321,1.00
503,321,1.00
504,321,1.00
502,322,1.00
503,322,1.00
504,322,1.00
502,323,1.00
503,323,1.00
504,323,1.00
502,324,1.00
503,324,1.00
504,324,1.00
502,325,1.00
503,325,1.00
504,325,1.00
502,326,1.00
503,326,1.00
504,326,1.00
502,327,1.00
503,327,1.00
504,327,1.00
502,328,1.00
503,328,1.00
504,328,1.00
502,329,1.00
503,329,1.00
504,329,1.00
502,330,1.00
503,330,1.00
504,330,1.00
502,331,1.00
503,331,0.98
504,331,0.90
502,332,0.62
503,332,0.60
504,332,0.60
502,333,0.60
503,333,0.60
504,333,0.60
502,334,0.60
503,334,0.60
504,334,0.60
488,313,0.30
489,313,0.30
490,313,0.30
491,313,0.60
492,313,0.60
493,313,0.60
494,313,0.60
495,313,0.60
496,313,0.68
497,313,0.75
498,313,1.00
499,313,1.00
500,313,1.00
501,313,1.00
502,313,1.00
503,313,1.00
504,313,1.00
505,313,1.00
506,313,1.00
507,313,1.00
508,313,1.00
505,314,1.00
506,314,1.00
507,314,1.00
508,314,1.00
505,315,1.00
506,315,1.00
507,315,1.00
508,315,1.00
505,316,1.00
506,316,1.00
507,316,1.00
508,316,1.00
505,317,1.00
506,317,1.00
507,317,1.00
508,317,1.00
505,318,1.00
506,318,1.00
507,318,1.00
508,318,1.00
505,319,1.00
506,319,1.00
507,319,1.00
508,319,1.00
505,320,1.00
506,320,1.00
507,320,1.00
508,320,1.00
505,321,1.00
506,321,1.00
507,321,1.00
508,321,1.00
505,322,1.00
506,322,1.00
507,322,1.00
508,322,1.00
505,323,1.00
506,323,1.00
507,323,1.00
508,323,1.00
505,324,1.00
506,324,1.00
507,324,1.00
508,324,1.00
505,325,1.00
506,325,1.00
507,325,1.00
508,325,1.00
505,326,1.00
506,326,1.00
507,326,1.00
508,326,1.00
505,327,1.00
506,327,1.00
507,327,1.00
508,327,1.00
505,328,1.00
506,328,1.00
507,328,1.00
508,328,1.00
505,329,1.00
506,329,0.98
507,329,0.90
508,329,0.90
505,330,0.64
506,330,0.60
507,330,0.60
508,330,0.60
505,331,0.60
506,331,0.60
507,331,0.60
508,331,0.60
505,332,0.30
506,332,0.30
507,332,0.30
508,332,0.30
505,333,0.30
506,333,0.30
507,333,0.30
508,333,0.60
491,311,0.30
492,311,0.30
493,311,0.30
494,311,0.30
495,311,0.30
496,311,0.30
497,311,0.30
498,311,0.60
499,311,0.60
500,311,0.90
501,311,0.90
502,311,1.00
503,311,1.00
504,311,1.00
505,311,1.00
506,311,1.00
507,311,1.00
508,311,1.00
509,311,1.00
510,311,1.00
511,311,1.00
491,312,0.30
492,312,0.30
493,312,0.30
494,312,0.30
495,312,0.30
496,312,0.30
497,312,0.32
498,312,0.67
499,312,0.71
500,312,1.00
501,312,1.00
502,312,1.00
503,312,1.00
504,312,1.00
505,312,1.00
506,312,1.00
507,312,1.00
508,312,1.00
509,312,1.00
510,312,1.00
511,312,1.00
509,313,1.00
510,313,1.00
511,313,1.00
509,314,1.00
510,314,1.00
511,314,1.00
509,315,1.00
510,315,1.00
511,315,1.00
509,316,1.00
510,316,1.00
511,316,1.00
509,317,1.00
510,317,1.00
511,317,1.00
509,318,1.00
510,318,1.00
511,318,1.00
509,319,1.00
510,319,1.00
511,319,1.00
509,320,1.00
510,320,1.00
511,320,1.00
509,321,1.00
510,321,1.00
511,321,1.00
509,322,1.00
510,322,1.00
511,322,1.00
509,323,1.00
510,323,1.00
511,323,1.00
509,324,1.00
510,324,1.00
511,324,1.00
509,325,1.00
510,325,1.00
511,325,1.00
509,326,1.00
510,326,1.00
511,326,1.00
509,327,1.00
510,327,1.00
511,327,1.00
509,328,1.00
510,328,1.00
511,328,0.97
509,329,0.60
510,329,0.60
511,329,0.60
509,330,0.30
510,330,0.30
511,330,0.30
509,331,0.30
510,331,0.30
511,331,0.30
498,309,0.30
499,309,0.30
500,309,0.60
501,309,0.60
502,309,0.90
503,309,0.90
504,309,1.00
505,309,1.00
506,309,1.00
507,309,1.00
508,309,1.00
509,309,1.00
510,309,1.00
511,309,1.00
512,309,1.00
513,309,1.00
514,309,1.00
515,309,1.00
516,309,1.00
517,309,1.00
518,309,1.00
498,310,0.30
499,310,0.30
500,310,0.60
501,310,0.60
502,310,0.90
503,310,0.90
504,310,1.00
505,310,1.00
506,310,1.00
507,310,1.00
508,310,1.00
509,310,1.00
510,310,1.00
511,310,1.00
512,310,1.00
513,310,1.00
514,310,1.00
515,310,1.00
516,310,1.00
517,310,1.00
518,310,1.00
512,311,1.00
513,311,1.00
514,311,1.00
515,311,1.00
516,311,1.00
517,311,1.00
518,311,1.00
512,312,1.00
513,312,1.00
514,312,1.00
515,312,1.00
516,312,1.00
517,312,1.00
518,312,1.00
512,313,1.00
513,313,1.00
514,313,1.00
515,313,1.00
516,313,1.00
517,313,1.00
518,313,1.00
512,314,1.00
513,314,1.00
514,314,1.00
515,314,1.00
516,314,1.00
517,314,1.00
518,314,1.00
512,315,1.00
513,315,1.00
514,315,1.00
515,315,1.00
516,315,1.00
517,315,1.00
518,315,1.00
512,316,1.00
513,316,1.00
514,316,1.00
515,316,1.00
516,316,1.00
517,316,1.00
518,316,1.00
512,317,1.00
513,317,1.00
514,317,1.00
515,317,1.00
516,317,1.00
517,317,1.00
518,317,1.00
512,318,1.00
513,318,1.00
514,318,1.00
515,318,1.00
516,318,1.00
517,318,1.00
518,318,1.00
512,319,1.00
513,319,1.00
514,319,1.00
515,319,1.00
516,319,1.00
517,319,1.00
518,319,1.00
512,320,1.00
513,320,1.00
514,320,1.00
515,320,1.00
516,320,1.00
517,320,1.00
518,320,1.00
512,321,1.00
513,321,1.00
514,321,1.00
515,321,1.00
516,321,1.00
517,321,1.00
518,321,1.00
512,322,1.00
513,322,1.00
514,322,1.00
515,322,1.00
516,322,1.00
517,322,1.00
518,322,1.00
512,323,1.00
513,323,1.00
514,323,1.00
515,323,1.00
516,323,1.00
517,323,1.00
518,323,1.00
512,324,1.00
513,324,1.00
514,324,1.00
515,324,1.00
516,324,1.00
517,324,1.00
518,324,1.00
512,325,1.00
513,325,1.00
514,325,1.00
515,325,1.00
516,325,1.00
517,325,1.00
518,325,1.00
512,326,1.00
513,326,1.00
514,326,1.00
515,326,1.00
516,326,1.00
517,326,1.00
518,326,1.00
512,327,1.00
513,327,1.00
514,327,1.00
515,327,1.00
516,327,1.00
517,327,1.00
518,327,1.00
512,328,0.62
513,328,0.60
514,328,0.60
515,328,0.60
516,328,0.60
517,328,0.60
518,328,0.60
512,329,0.30
513,329,0.30
514,329,0.30
515,329,0.30
516,329,0.30
517,329,0.30
518,329,0.30
500,308,0.30
501,308,0.30
502,308,0.60
503,308,0.60
504,308,0.90
505,308,1.00
506,308,1.00
507,308,1.00
508,308,1.00
509,308,1.00
510,308,1.00
511,308,1.00
512,308,1.00
513,308,1.00
514,308,1.00
515,308,1.00
516,308,1.00
517,308,1.00
518,308,1.00
519,308,1.00
520,308,1.00
519,309,1.00
520,309,1.00
519,310,1.00
520,310,1.00
519,311,1.00
520,311,1.00
519,312,1.00
520,312,1.00
519,313,1.00
520,313,1.00
519,314,1.00
520,314,1.00
519,315,1.00
520,315,1.00
519,316,1.00
520,316,1.00
519,317,1.00
520,317,1.00
519,318,1.00
520,318,1.00
519,319,1.00
520,319,1.00
519,320,1.00
520,320,1.00
519,321,1.00
520,321,1.00
519,322,1.00
520,322,1.00
519,323,1.00
520,323,1.00
519,324,1.00
520,324,1.00
519,325,1.00
520,325,1.00
519,326,1.00
520,326,1.00
519,327,1.00
520,327,1.00
519,328,0.30
520,328,0.30
502,307,0.30
503,307,0.30
504,307,0.60
505,307,0.90
506,307,0.90
507,307,1.00
508,307,1.00
509,307,1.00
510,307,1.00
511,307,1.00
512,307,1.00
513,307,1.00
514,307,1.00
515,307,1.00
516,307,1.00
517,307,1.00
518,307,1.00
519,307,1.00
520,307,1.00
521,307,1.00
522,307,1.00
521,308,1.00
522,308,1.00
521,309,1.00
522,309,1.00
521,310,1.00
522,310,1.00
521,311,1.00
522,311,1.00
521,312,1.00
522,312,1.00
521,313,1.00
522,313,1.00
521,314,1.00
522,314,1.00
521,315,1.00
522,315,1.00
521,316,1.00
522,316,1.00
521,317,1.00
522,317,1.00
521,318,1.00
522,318,1.00
521,319,1.00
522,319,1.00
521,320,1.00
522,320,1.00
521,321,1.00
522,321,1.00
521,322,1.00
522,322,1.00
521,323,1.00
522,323,1.00
521,324,1.00
522,324,1.00
521,325,1.00
522,325,1.00
521,326,1.00
522,326,1.00
521,327,0.90
522,327,0.90
523,307,1.00
524,307,1.00
523,308,1.00
524,308,1.00
523,309,1.00
524,309,1.00
523,310,1.00
524,310,1.00
523,311,1.00
524,311,1.00
523,312,1.00
524,312,1.00
523,313,1.00
524,313,1.00
523,314,1.00
524,314,1.00
523,315,1.00
524,315,1.00
523,316,1.00
524,316,1.00
523,317,1.00
524,317,1.00
523,318,1.00
524,318,1.00
523,319,1.00
524,319,1.00
523,320,1.00
524,320,1.00
523,321,1.00
524,321,1.00
523,322,1.00
524,322,1.00
523,323,1.00
524,323,1.00
523,324,1.00
524,324,1.00
523,325,1.00
524,325,1.00
523,326,1.00
524,326,1.00
523,327,0.60
524,327,0.60
525,307,1.00
525,308,1.00
525,309,1.00
525,310,1.00
525,311,1.00
525,312,1.00
525,313,1.00
525,314,1.00
525,315,1.00
525,316,1.00
525,317,1.00
525,318,1.00
525,319,1.00
525,320,1.00
525,321,1.00
525,322,1.00
525,323,1.00
525,324,1.00
525,325,1.00
525,326,0.90
525,327,0.30
507,306,0.30
508,306,0.30
509,306,0.60
510,306,0.60
511,306,0.90
512,306,0.90
513,306,0.90
514,306,0.90
515,306,0.90
516,306,1.00
517,306,1.00
518,306,1.00
519,306,1.00
520,306,1.00
521,306,1.00
522,306,1.00
523,306,1.00
524,306,1.00
525,306,1.00
526,306,1.00
527,306,1.00
526,307,1.00
527,307,1.00
526,308,1.00
527,308,1.00
526,309,1.00
527,309,1.00
526,310,1.00
527,310,1.00
526,311,1.00
527,311,1.00
526,312,1.00
527,312,1.00
526,313,1.00
527,313,1.00
526,314,1.00
527,314,1.00
526,315,1.00
527,315,1.00
526,316,1.00
527,316,1.00
526,317,1.00
527,317,1.00
526,318,1.00
527,318,1.00
526,319,1.00
527,319,1.00
526,320,1.00
527,320,1.00
526,321,1.00
527,321,1.00
526,322,1.00
527,322,1.00
526,323,1.00
527,323,1.00
526,324,1.00
527,324,1.00
526,325,0.90
527,325,0.90
526,326,0.60
527,326,0.60
528,306,1.00
529,306,1.00
528,307,1.00
529,307,1.00
528,308,1.00
529,308,1.00
528,309,1.00
529,309,1.00
528,310,1.00
529,310,1.00
528,311,1.00
529,311,1.00
528,312,1.00
529,312,1.00
528,313,1.00
529,313,1.00
528,314,1.00
529,314,1.00
528,315,1.00
529,315,1.00
528,316,1.00
529,316,1.00
528,317,1.00
529,317,1.00
528,318,1.00
529,318,1.00
528,319,1.00
529,319,1.00
528,320,1.00
529,320,1.00
528,321,1.00
529,321,1.00
528,322,1.00
529,322,1.00
528,323,1.00
529,323,1.00
528,324,1.00
529,324,1.00
528,325,0.60
529,325,0.60
528,326,0.30
529,326,0.30
511,305,0.30
512,305,0.30
513,305,0.30
514,305,0.30
515,305,0.30
516,305,0.60
517,305,0.60
518,305,0.60
519,305,0.90
520,305,0.90
521,305,0.90
522,305,1.00
523,305,1.00
524,305,1.00
525,305,1.00
526,305,1.00
527,305,1.00
528,305,1.00
529,305,1.00
530,305,1.00
531,305,1.00
530,306,1.00
531,306,1.00
530,307,1.00
531,307,1.00
530,308,1.00
531,308,1.00
530,309,1.00
531,309,1.00
530,310,1.00
531,310,1.00
530,311,1.00
531,311,1.00
530,312,1.00
531,312,1.00
530,313,1.00
531,313,1.00
530,314,1.00
531,314,1.00
530,315,1.00
531,315,1.00
530,316,1.00
531,316,1.00
530,317,1.00
531,317,1.00
530,318,1.00
531,318,1.00
530,319,1.00
531,319,1.00
530,320,1.00
531,320,1.00
530,321,1.00
531,321,1.00
530,322,1.00
531,322,1.00
530,323,1.00
531,323,1.00
530,324,0.90
531,324,0.90
530,325,0.30
531,325,0.30
516,304,0.30
517,304,0.30
518,304,0.30
519,304,0.60
520,304,0.60
521,304,0.60
522,304,0.90
523,304,0.90
524,304,0.90
525,304,1.00
526,304,1.00
527,304,1.00
528,304,1.00
529,304,1.00
530,304,1.00
531,304,1.00
532,304,1.00
533,304,1.00
534,304,1.00
535,304,1.00
536,304,1.00
532,305,1.00
533,305,1.00
534,305,1.00
535,305,1.00
536,305,1.00
532,306,1.00
533,306,1.00
534,306,1.00
535,306,1.00
536,306,1.00
532,307,1.00
533,307,1.00
534,307,1.00
535,307,1.00
536,307,1.00
532,308,1.00
533,308,1.00
534,308,1.00
535,308,1.00
536,308,1.00
532,309,1.00
533,309,1.00
534,309,1.00
535,309,1.00
536,309,1.00
532,310,1.00
533,310,1.00
534,310,1.00
535,310,1.00
536,310,1.00
532,311,1.00
533,311,1.00
534,311,1.00
535,311,1.00
536,311,1.00
532,312,1.00
533,312,1.00
534,312,1.00
535,312,1.00
536,312,1.00
532,313,1.00
533,313,1.00
534,313,1.00
535,313,1.00
536,313,1.00
532,314,1.00
533,314,1.00
534,314,1.00
535,314,1.00
536,314,1.00
532,315,1.00
533,315,1.00
534,315,1.00
535,315,1.00
536,315,1.00
532,316,1.00
533,316,1.00
534,316,1.00
535,316,1.00
536,316,1.00
532,317,1.00
533,317,1.00
534,317,1.00
535,317,1.00
536,317,1.00
532,318,1.00
533,318,1.00
534,318,1.00
535,318,1.00
536,318,1.00
532,319,1.00
533,319,1.00
534,319,1.00
535,319,1.00
536,319,1.00
532,320,1.00
533,320,1.00
534,320,1.00
535,320,1.00
536,320,1.00
532,321,1.00
533,321,1.00
534,321,1.00
535,321,1.00
536,321,1.00
532,322,1.00
533,322,1.00
534,322,1.00
535,322,1.00
536,322,1.00
532,323,1.00
533,323,1.00
534,323,1.00
535,323,1.00
536,323,1.00
532,324,0.60
533,324,0.60
534,324,0.60
535,324,0.60
536,324,0.60
537,304,1.00
538,304,1.00
539,304,1.00
537,305,1.00
538,305,1.00
539,305,1.00
537,306,1.00
538,306,1.00
539,306,1.00
537,307,1.00
538,307,1.00
539,307,1.00
537,308,1.00
538,308,1.00
539,308,1.00
537,309,1.00
538,309,1.00
539,309,1.00
537,310,1.00
538,310,1.00
539,310,1.00
537,311,1.00
538,311,1.00
539,311,1.00
537,312,1.00
538,312,1.00
539,312,1.00
537,313,1.00
538,313,1.00
539,313,1.00
537,314,1.00
538,314,1.00
539,314,1.00
537,315,1.00
538,315,1.00
539,315,1.00
537,316,1.00
538,316,1.00
539,316,1.00
537,317,1.00
538,317,1.00
539,317,1.00
537,318,1.00
538,318,1.00
539,318,1.00
537,319,1.00
538,319,1.00
539,319,1.00
537,320,1.00
538,320,1.00
539,320,1.00
537,321,1.00
538,321,1.00
539,321,1.00
537,322,1.00
538,322,1.00
539,322,1.00
537,323,0.90
538,323,0.90
539,323,0.90
537,324,0.30
538,324,0.30
539,324,0.30
522,303,0.30
523,303,0.30
524,303,0.30
525,303,0.60
526,303,0.60
527,303,0.60
528,303,0.60
529,303,0.90
530,303,0.90
531,303,1.00
532,303,1.00
533,303,1.00
534,303,1.00
535,303,1.00
536,303,1.00
537,303,1.00
538,303,1.00
539,303,1.00
540,303,1.00
541,303,1.00
542,303,1.00
540,304,1.00
541,304,1.00
542,304,1.00
540,305,1.00
541,305,1.00
542,305,1.00
540,306,1.00
541,306,1.00
542,306,1.00
540,307,1.00
541,307,1.00
542,307,1.00
540,308,1.00
541,308,1.00
542,308,1.00
540,309,1.00
541,309,1.00
542,309,1.00
540,310,1.00
541,310,1.00
542,310,1.00
540,311,1.00
541,311,1.00
542,311,1.00
540,312,1.00
541,312,1.00
542,312,1.00
540,313,1.00
541,313,1.00
542,313,1.00
540,314,1.00
541,314,1.00
542,314,1.00
540,315,1.00
541,315,1.00
542,315,1.00
540,316,1.00
541,316,1.00
542,316,1.00
540,317,1.00
541,317,1.00
542,317,1.00
540,318,1.00
541,318,1.00
542,318,1.00
540,319,1.00
541,319,1.00
542,319,1.00
540,320,1.00
541,320,1.00
542,320,1.00
540,321,1.00
541,321,1.00
542,321,1.00
540,322,1.00
541,322,1.00
542,322,1.00
540,323,0.90
541,323,0.90
542,323,1.00
543,303,1.00
544,303,1.00
545,303,1.00
543,304,1.00
544,304,1.00
545,304,1.00
543,305,1.00
544,305,1.00
545,305,1.00
543,306,1.00
544,306,1.00
545,306,1.00
543,307,1.00
544,307,1.00
545,307,1.00
543,308,1.00
544,308,1.00
545,308,1.00
543,309,1.00
544,309,1.00
545,309,1.00
543,310,1.00
544,310,1.00
545,310,1.00
543,311,1.00
544,311,1.00
545,311,1.00
543,312,1.00
544,312,1.00
545,312,1.00
543,313,1.00
544,313,1.00
545,313,1.00
543,314,1.00
544,314,1.00
545,314,1.00
543,315,1.00
544,315,1.00
545,315,1.00
543,316,1.00
544,316,1.00
545,316,1.00
543,317,1.00
544,317,1.00
545,317,1.00
543,318,1.00
544,318,1.00
545,318,1.00
543,319,1.00
544,319,1.00
545,319,1.00
543,320,1.00
544,320,1.00
545,320,1.00
543,321,1.00
544,321,1.00
545,321,1.00
543,322,1.00
544,322,1.00
545,322,1.00
543,323,1.00
544,323,1.00
545,323,1.00
529,302,0.30
530,302,0.30
531,302,0.60
532,302,0.90
533,302,0.90
534,302,0.90
535,302,1.00
536,302,1.00
537,302,1.00
538,302,1.00
539,302,1.00
540,302,1.00
541,302,1.00
542,302,1.00
543,302,1.00
544,302,1.00
545,302,1.00
546,302,1.00
547,302,1.00
548,302,1.00
549,302,1.00
546,303,1.00
547,303,1.00
548,303,1.00
549,303,1.00
546,304,1.00
547,304,1.00
548,304,1.00
549,304,1.00
546,305,1.00
547,305,1.00
548,305,1.00
549,305,1.00
546,306,1.00
547,306,1.00
548,306,1.00
549,306,1.00
546,307,1.00
547,307,1.00
548,307,1.00
549,307,1.00
546,308,1.00
547,308,1.00
548,308,1.00
549,308,1.00
546,309,1.00
547,309,1.00
548,309,1.00
549,309,1.00
546,310,1.00
547,310,1.00
548,310,1.00
549,310,1.00
546,311,1.00
547,311,1.00
548,311,1.00
549,311,1.00
546,312,1.00
547,312,1.00
548,312,1.00
549,312,1.00
546,313,1.00
547,313,1.00
548,313,1.00
549,313,1.00
546,314,1.00
547,314,1.00
548,314,1.00
549,314,1.00
546,315,1.00
547,315,1.00
548,315,1.00
549,315,1.00
546,316,1.00
547,316,1.00
548,316,1.00
549,316,1.00
546,317,1.00
547,317,1.00
548,317,1.00
549,317,1.00
546,318,1.00
547,318,1.00
548,318,1.00
549,318,1.00
546,319,1.00
547,319,1.00
548,319,1.00
549,319,1.00
546,320,1.00
547,320,1.00
548,320,1.00
549,320,1.00
546,321,1.00
547,321,1.00
548,321,1.00
549,321,1.00
546,322,1.00
547,322,1.00
548,322,1.00
549,322,1.00
550,302,1.00
551,302,1.00
550,303,1.00
551,303,1.00
550,304,1.00
551,304,1.00
550,305,1.00
551,305,1.00
550,306,1.00
551,306,1.00
550,307,1.00
551,307,1.00
550,308,1.00
551,308,1.00
550,309,1.00
551,309,1.00
550,310,1.00
551,310,1.00
550,311,1.00
551,311,1.00
550,312,1.00
551,312,1.00
550,313,1.00
551,313,1.00
550,314,1.00
551,314,1.00
550,315,1.00
551,315,1.00
550,316,1.00
551,316,1.00
550,317,1.00
551,317,1.00
550,318,1.00
551,318,1.00
550,319,1.00
551,319,1.00
550,320,1.00
551,320,1.00
550,321,1.00
551,321,1.00
550,322,1.00
551,322,1.00
552,302,1.00
552,303,1.00
552,304,1.00
552,305,1.00
552,306,1.00
552,307,1.00
552,308,1.00
552,309,1.00
552,310,1.00
552,311,1.00
552,312,1.00
552,313,1.00
552,314,1.00
552,315,1.00
552,316,1.00
552,317,1.00
552,318,1.00
552,319,1.00
552,320,1.00
552,321,1.00
552,322,1.00
553,302,0.90
554,302,0.90
555,302,0.90
553,303,1.00
554,303,1.00
555,303,1.00
553,304,1.00
554,304,1.00
555,304,1.00
553,305,1.00
554,305,1.00
555,305,1.00
553,306,1.00
554,306,1.00
555,306,1.00
553,307,1.00
554,307,1.00
555,307,1.00
553,308,1.00
554,308,1.00
555,308,1.00
553,309,1.00
554,309,1.00
555,309,1.00
553,310,1.00
554,310,1.00
555,310,1.00
553,311,1.00
554,311,1.00
555,311,1.00
553,312,1.00
554,312,1.00
555,312,1.00
553,313,1.00
554,313,1.00
555,313,1.00
553,314,1.00
554,314,1.00
555,314,1.00
553,315,1.00
554,315,1.00
555,315,1.00
553,316,1.00
554,316,1.00
555,316,1.00
553,317,1.00
554,317,1.00
555,317,1.00
553,318,1.00
554,318,1.00
555,318,1.00
553,319,1.00
554,319,1.00
555,319,1.00
553,320,1.00
554,320,1.00
555,320,1.00
553,321,1.00
554,321,1.00
555,321,1.00
553,322,1.00
554,322,1.00
555,322,1.00
556,302,0.60
557,302,0.60
556,303,1.00
557,303,1.00
556,304,1.00
557,304,1.00
556,305,1.00
557,305,1.00
556,306,1.00
557,306,1.00
556,307,1.00
557,307,1.00
556,308,1.00
557,308,1.00
556,309,1.00
557,309,1.00
556,310,1.00
557,310,1.00
556,311,1.00
557,311,1.00
556,312,1.00
557,312,1.00
556,313,1.00
557,313,1.00
556,314,1.00
557,314,1.00
556,315,1.00
557,315,1.00
556,316,1.00
557,316,1.00
556,317,1.00
557,317,1.00
556,318,1.00
557,318,1.00
556,319,1.00
557,319,1.00
556,320,1.00
557,320,1.00
556,321,1.00
557,321,1.00
556,322,1.00
557,322,1.00
558,302,0.30
559,302,0.30
560,302,0.30
558,303,0.90
559,303,0.90
560,303,0.90
558,304,1.00
559,304,1.00
560,304,1.00
558,305,1.00
559,305,1.00
560,305,1.00
558,306,1.00
559,306,1.00
560,306,1.00
558,307,1.00
559,307,1.00
560,307,1.00
558,308,1.00
559,308,1.00
560,308,1.00
558,309,1.00
559,309,1.00
560,309,1.00
558,310,1.00
559,310,1.00
560,310,1.00
558,311,1.00
559,311,1.00
560,311,1.00
558,312,1.00
559,312,1.00
560,312,1.00
558,313,1.00
559,313,1.00
560,313,1.00
558,314,1.00
559,314,1.00
560,314,1.00
558,315,1.00
559,315,1.00
560,315,1.00
558,316,1.00
559,316,1.00
560,316,1.00
558,317,1.00
559,317,1.00
560,317,1.00
558,318,1.00
559,318,1.00
560,318,1.00
558,319,1.00
559,319,1.00
560,319,1.00
558,320,1.00
559,320,1.00
560,320,1.00
558,321,1.00
559,321,1.00
560,321,1.00
558,322,1.00
559,322,1.00
560,322,1.00
561,303,0.60
562,303,0.60
561,304,1.00
562,304,1.00
561,305,1.00
562,305,1.00
561,306,1.00
562,306,1.00
561,307,1.00
562,307,1.00
561,308,1.00
562,308,1.00
561,309,1.00
562,309,1.00
561,310,1.00
562,310,1.00
561,311,1.00
562,311,1.00
561,312,1.00
562,312,1.00
561,313,1.00
562,313,1.00
561,314,1.00
562,314,1.00
561,315,1.00
562,315,1.00
561,316,1.00
562,316,1.00
561,317,1.00
562,317,1.00
561,318,1.00
562,318,1.00
561,319,1.00
562,319,1.00
561,320,1.00
562,320,1.00
561,321,1.00
562,321,1.00
561,322,1.00
562,322,1.00
546,323,1.00
547,323,1.00
548,323,1.00
549,323,1.00
550,323,1.00
551,323,1.00
552,323,1.00
553,323,1.00
554,323,1.00
555,323,1.00
556,323,1.00
557,323,1.00
558,323,1.00
559,323,1.00
560,323,1.00
561,323,1.00
562,323,1.00
563,303,0.30
564,303,0.30
563,304,0.90
564,304,0.90
563,305,1.00
564,305,1.00
563,306,1.00
564,306,1.00
563,307,1.00
564,307,1.00
563,308,1.00
564,308,1.00
563,309,1.00
564,309,1.00
563,310,1.00
564,310,1.00
563,311,1.00
564,311,1.00
563,312,1.00
564,312,1.00
563,313,1.00
564,313,1.00
563,314,1.00
564,314,1.00
563,315,1.00
564,315,1.00
563,316,1.00
564,316,1.00
563,317,1.00
564,317,1.00
563,318,1.00
564,318,1.00
563,319,1.00
564,319,1.00
563,320,1.00
564,320,1.00
563,321,1.00
564,321,1.00
563,322,1.00
564,322,1.00
563,323,1.00
564,323,1.00
565,304,0.60
566,304,0.60
565,305,0.90
566,305,0.90
565,306,1.00
566,306,1.00
565,307,1.00
566,307,1.00
565,308,1.00
566,308,1.00
565,309,1.00
566,309,1.00
565,310,1.00
566,310,1.00
565,311,1.00
566,311,1.00
565,312,1.00
566,312,1.00
565,313,1.00
566,313,1.00
565,314,1.00
566,314,1.00
565,315,1.00
566,315,1.00
565,316,1.00
566,316,1.00
565,317,1.00
566,317,1.00
565,318,1.00
566,318,1.00
565,319,1.00
566,319,1.00
565,320,1.00
566,320,1.00
565,321,1.00
566,321,1.00
565,322,1.00
566,322,1.00
565,323,1.00
566,323,1.00
546,324,1.00
547,324,1.00
548,324,1.00
549,324,1.00
550,324,1.00
551,324,1.00
552,324,1.00
553,324,1.00
554,324,1.00
555,324,1.00
556,324,1.00
557,324,1.00
558,324,1.00
559,324,1.00
560,324,1.00
561,324,1.00
562,324,1.00
563,324,1.00
564,324,1.00
565,324,1.00
566,324,1.00
567,305,0.30
567,306,0.60
567,307,0.60
567,308,1.00
567,309,1.00
567,310,1.00
567,311,1.00
567,312,1.00
567,313,1.00
567,314,1.00
567,315,1.00
567,316,1.00
567,317,1.00
567,318,1.00
567,319,1.00
567,320,1.00
567,321,1.00
567,322,1.00
567,323,1.00
567,324,1.00
547,325,1.00
548,325,1.00
549,325,1.00
550,325,1.00
551,325,1.00
552,325,1.00
553,325,1.00
554,325,1.00
555,325,1.00
556,325,1.00
557,325,1.00
558,325,1.00
559,325,1.00
560,325,1.00
561,325,1.00
562,325,1.00
563,325,1.00
564,325,1.00
565,325,1.00
566,325,1.00
567,325,1.00
547,326,1.00
548,326,1.00
549,326,1.00
550,326,1.00
551,326,1.00
552,326,1.00
553,326,1.00
554,326,1.00
555,326,1.00
556,326,1.00
557,326,1.00
558,326,1.00
559,326,1.00
560,326,1.00
561,326,1.00
562,326,1.00
563,326,1.00
564,326,1.00
565,326,1.00
566,326,1.00
567,326,1.00
547,327,1.00
548,327,1.00
549,327,1.00
550,327,1.00
551,327,1.00
552,327,1.00
553,327,1.00
554,327,1.00
555,327,1.00
556,327,1.00
557,327,1.00
558,327,1.00
559,327,1.00
560,327,1.00
561,327,1.00
562,327,1.00
563,327,1.00
564,327,1.00
565,327,1.00
566,327,1.00
567,327,1.00
547,328,1.00
548,328,1.00
549,328,1.00
550,328,1.00
551,328,1.00
552,328,1.00
553,328,1.00
554,328,1.00
555,328,1.00
556,328,1.00
557,328,1.00
558,328,1.00
559,328,1.00
560,328,1.00
561,328,1.00
562,328,1.00
563,328,1.00
564,328,1.00
565,328,1.00
566,328,1.00
567,328,1.00
547,329,1.00
548,329,1.00
549,329,1.00
550,329,1.00
551,329,1.00
552,329,1.00
553,329,1.00
554,329,1.00
555,329,1.00
556,329,1.00
557,329,1.00
558,329,1.00
559,329,1.00
560,329,1.00
561,329,1.00
562,329,1.00
563,329,1.00
564,329,1.00
565,329,1.00
566,329,1.00
567,329,1.00
547,330,1.00
548,330,1.00
549,330,1.00
550,330,1.00
551,330,1.00
552,330,1.00
553,330,1.00
554,330,1.00
555,330,1.00
556,330,1.00
557,330,1.00
558,330,1.00
559,330,1.00
560,330,1.00
561,330,1.00
562,330,1.00
563,330,1.00
564,330,1.00
565,330,1.00
566,330,1.00
567,330,1.00
547,331,1.00
548,331,1.00
549,331,1.00
550,331,1.00
551,331,1.00
552,331,1.00
553,331,1.00
554,331,1.00
555,331,1.00
556,331,1.00
557,331,1.00
558,331,1.00
559,331,1.00
560,331,1.00
561,331,1.00
562,331,1.00
563,331,1.00
564,331,1.00
565,331,1.00
566,331,1.00
567,331,0.90
547,332,1.00
548,332,1.00
549,332,1.00
550,332,1.00
551,332,1.00
552,332,1.00
553,332,1.00
554,332,1.00
555,332,1.00
556,332,1.00
557,332,1.00
558,332,1.00
559,332,1.00
560,332,1.00
561,332,1.00
562,332,1.00
563,332,1.00
564,332,1.00
565,332,0.90
566,332,0.90
567,332,0.60
547,333,1.00
548,333,1.00
549,333,1.00
550,333,1.00
551,333,1.00
552,333,1.00
553,333,1.00
554,333,1.00
555,333,1.00
556,333,1.00
557,333,1.00
558,333,1.00
559,333,1.00
560,333,1.00
561,333,1.00
562,333,1.00
563,333,1.00
564,333,0.90
565,333,0.60
566,333,0.60
567,333,0.30
547,334,1.00
548,334,1.00
549,334,1.00
550,334,1.00
551,334,1.00
552,334,1.00
553,334,1.00
554,334,1.00
555,334,1.00
556,334,1.00
557,334,1.00
558,334,1.00
559,334,1.00
560,334,1.00
561,334,1.00
562,334,1.00
563,334,1.00
564,334,0.90
565,334,0.60
566,334,0.60
567,334,0.30
546,325,1.00
546,326,1.00
546,327,1.00
546,328,1.00
546,329,1.00
546,330,1.00
546,331,1.00
546,332,1.00
546,333,1.00
546,334,1.00
546,335,1.00
547,335,1.00
548,335,1.00
549,335,1.00
550,335,1.00
551,335,1.00
552,335,1.00
553,335,1.00
554,335,1.00
555,335,1.00
556,335,1.00
557,335,1.00
558,335,1.00
559,335,1.00
560,335,1.00
561,335,0.91
562,335,0.90
563,335,0.90
564,335,0.60
565,335,0.30
566,335,0.30
544,324,0.90
545,324,1.00
544,325,1.00
545,325,1.00
544,326,1.00
545,326,1.00
544,327,1.00
545,327,1.00
544,328,1.00
545,328,1.00
544,329,1.00
545,329,1.00
544,330,1.00
545,330,1.00
544,331,1.00
545,331,1.00
544,332,1.00
545,332,1.00
544,333,1.00
545,333,1.00
544,334,1.00
545,334,1.00
544,335,1.00
545,335,1.00
544,336,1.00
545,336,1.00
546,336,1.00
547,336,1.00
548,336,1.00
549,336,1.00
550,336,1.00
551,336,1.00
552,336,1.00
553,336,1.00
554,336,1.00
555,336,1.00
556,336,1.00
557,336,1.00
558,336,1.00
559,336,1.00
560,336,0.91
561,336,0.60
562,336,0.60
563,336,0.60
564,336,0.30
544,337,1.00
545,337,1.00
546,337,1.00
547,337,1.00
548,337,1.00
549,337,1.00
550,337,1.00
551,337,1.00
552,337,1.00
553,337,1.00
554,337,1.00
555,337,1.00
556,337,1.00
557,337,1.00
558,337,1.00
559,337,0.92
560,337,0.90
561,337,0.60
562,337,0.60
563,337,0.60
564,337,0.30
544,338,1.00
545,338,1.00
546,338,1.00
547,338,1.00
548,338,1.00
549,338,1.00
550,338,1.00
551,338,1.00
552,338,1.00
553,338,1.00
554,338,1.00
555,338,1.00
556,338,1.00
557,338,1.00
558,338,1.00
559,338,0.90
560,338,0.90
561,338,0.60
562,338,0.60
563,338,0.60
564,338,0.30
543,324,0.60
543,325,0.90
543,326,0.91
543,327,1.00
543,328,1.00
543,329,1.00
543,330,1.00
543,331,1.00
543,332,1.00
543,333,1.00
543,334,1.00
543,335,1.00
543,336,1.00
543,337,1.00
543,338,1.00
543,339,1.00
544,339,1.00
545,339,1.00
546,339,1.00
547,339,1.00
548,339,1.00
549,339,1.00
550,339,1.00
551,339,1.00
552,339,1.00
553,339,1.00
554,339,1.00
555,339,1.00
556,339,1.00
557,339,1.00
558,339,0.90
559,339,0.60
560,339,0.60
561,339,0.30
562,339,0.30
563,339,0.30
540,324,0.30
541,324,0.30
542,324,0.30
540,325,0.60
541,325,0.60
542,325,0.60
540,326,0.60
541,326,0.60
542,326,0.60
540,327,0.90
541,327,0.90
542,327,0.90
540,328,1.00
541,328,1.00
542,328,1.00
540,329,1.00
541,329,1.00
542,329,1.00
540,330,1.00
541,330,1.00
542,330,1.00
540,331,1.00
541,331,1.00
542,331,1.00
540,332,1.00
541,332,1.00
542,332,1.00
540,333,1.00
541,333,1.00
542,333,1.00
540,334,1.00
541,334,1.00
542,334,1.00
540,335,1.00
541,335,1.00
542,335,1.00
540,336,1.00
541,336,1.00
542,336,1.00
540,337,1.00
541,337,1.00
542,337,1.00
540,338,1.00
541,338,1.00
542,338,1.00
540,339,1.00
541,339,1.00
542,339,1.00
540,340,1.00
541,340,1.00
542,340,1.00
543,340,1.00
544,340,1.00
545,340,1.00
546,340,1.00
547,340,1.00
548,340,1.00
549,340,1.00
550,340,1.00
551,340,1.00
552,340,1.00
553,340,1.00
554,340,1.00
555,340,0.99
556,340,0.79
557,340,0.61
558,340,0.60
559,340,0.30
560,340,0.30
540,341,1.00
541,341,1.00
542,341,1.00
543,341,1.00
544,341,1.00
545,341,1.00
546,341,1.00
547,341,1.00
548,341,1.00
549,341,1.00
550,341,1.00
551,341,1.00
552,341,1.00
553,341,1.00
554,341,1.00
555,341,0.79
556,341,0.60
557,341,0.60
558,341,0.60
559,341,0.30
560,341,0.30
540,342,1.00
541,342,1.00
542,342,1.00
543,342,1.00
544,342,1.00
545,342,1.00
546,342,1.00
547,342,1.00
548,342,1.00
549,342,1.00
550,342,1.00
551,342,1.00
552,342,1.00
553,342,1.00
554,342,1.00
555,342,0.61
556,342,0.60
557,342,0.60
558,342,0.60
559,342,0.30
560,342,0.30
540,343,1.00
541,343,1.00
542,343,1.00
543,343,1.00
544,343,1.00
545,343,1.00
546,343,1.00
547,343,1.00
548,343,1.00
549,343,1.00
550,343,1.00
551,343,1.00
552,343,1.00
553,343,0.98
554,343,0.90
555,343,0.60
556,343,0.60
557,343,0.60
558,343,0.60
559,343,0.30
560,343,0.30
538,325,0.30
539,325,0.30
538,326,0.30
539,326,0.30
538,327,0.60
539,327,0.60
538,328,0.90
539,328,0.90
538,329,0.92
539,329,1.00
538,330,1.00
539,330,1.00
538,331,1.00
539,331,1.00
538,332,1.00
539,332,1.00
538,333,1.00
539,333,1.00
538,334,1.00
539,334,1.00
538,335,1.00
539,335,1.00
538,336,1.00
539,336,1.00
538,337,1.00
539,337,1.00
538,338,1.00
539,338,1.00
538,339,1.00
539,339,1.00
538,340,1.00
539,340,1.00
538,341,1.00
539,341,1.00
538,342,1.00
539,342,1.00
538,343,1.00
539,343,1.00
538,344,1.00
539,344,1.00
540,344,1.00
541,344,1.00
542,344,1.00
543,344,1.00
544,344,1.00
545,344,1.00
546,344,1.00
547,344,1.00
548,344,1.00
549,344,1.00
550,344,1.00
551,344,0.99
552,344,0.92
553,344,0.60
554,344,0.60
555,344,0.30
556,344,0.30
557,344,0.30
558,344,0.30
538,345,1.00
539,345,1.00
540,345,1.00
541,345,1.00
542,345,1.00
543,345,1.00
544,345,1.00
545,345,1.00
546,345,1.00
547,345,1.00
548,345,1.00
549,345,0.99
550,345,0.90
551,345,0.90
552,345,0.90
553,345,0.60
554,345,0.60
555,345,0.30
556,345,0.30
557,345,0.30
558,345,0.30
534,327,0.30
535,327,0.30
536,327,0.30
537,327,0.30
534,328,0.60
535,328,0.60
536,328,0.60
537,328,0.60
534,329,0.60
535,329,0.60
536,329,0.60
537,329,0.60
534,330,0.90
535,330,0.90
536,330,0.90
537,330,0.99
534,331,1.00
535,331,1.00
536,331,1.00
537,331,1.00
534,332,1.00
535,332,1.00
536,332,1.00
537,332,1.00
534,333,1.00
535,333,1.00
536,333,1.00
537,333,1.00
534,334,1.00
535,334,1.00
536,334,1.00
537,334,1.00
534,335,1.00
535,335,1.00
536,335,1.00
537,335,1.00
534,336,1.00
535,336,1.00
536,336,1.00
537,336,1.00
534,337,1.00
535,337,1.00
536,337,1.00
537,337,1.00
534,338,1.00
535,338,1.00
536,338,1.00
537,338,1.00
534,339,1.00
535,339,1.00
536,339,1.00
537,339,1.00
534,340,1.00
535,340,1.00
536,340,1.00
537,340,1.00
534,341,1.00
535,341,1.00
536,341,1.00
537,341,1.00
534,342,1.00
535,342,1.00
536,342,1.00
537,342,1.00
534,343,1.00
535,343,1.00
536,343,1.00
537,343,1.00
534,344,1.00
535,344,1.00
536,344,1.00
537,344,1.00
534,345,1.00
535,345,1.00
536,345,1.00
537,345,1.00
534,346,1.00
535,346,1.00
536,346,1.00
537,346,1.00
538,346,1.00
539,346,1.00
540,346,1.00
541,346,1.00
542,346,1.00
543,346,1.00
544,346,1.00
545,346,1.00
546,346,1.00
547,346,1.00
548,346,0.92
549,346,0.60
550,346,0.60
551,346,0.60
552,346,0.60
553,346,0.30
554,346,0.30
534,347,1.00
535,347,1.00
536,347,1.00
537,347,1.00
538,347,1.00
539,347,1.00
540,347,1.00
541,347,1.00
542,347,1.00
543,347,1.00
544,347,1.00
545,347,1.00
546,347,1.00
547,347,0.90
548,347,0.90
549,347,0.60
550,347,0.60
551,347,0.60
552,347,0.60
553,347,0.30
554,347,0.30
532,328,0.30
533,328,0.30
532,329,0.30
533,329,0.30
532,330,0.60
533,330,0.60
532,331,0.90
533,331,0.90
532,332,1.00
533,332,1.00
532,333,1.00
533,333,1.00
532,334,1.00
533,334,1.00
532,335,1.00
533,335,1.00
532,336,1.00
533,336,1.00
532,337,1.00
533,337,1.00
532,338,1.00
533,338,1.00
532,339,1.00
533,339,1.00
532,340,1.00
533,340,1.00
532,341,1.00
533,341,1.00
532,342,1.00
533,342,1.00
532,343,1.00
533,343,1.00
532,344,1.00
533,344,1.00
532,345,1.00
533,345,1.00
532,346,1.00
533,346,1.00
532,347,1.00
533,347,1.00
532,348,1.00
533,348,1.00
534,348,1.00
535,348,1.00
536,348,1.00
537,348,1.00
538,348,1.00
539,348,1.00
540,348,1.00
541,348,1.00
542,348,1.00
543,348,0.99
544,348,0.90
545,348,0.90
546,348,0.90
547,348,0.60
548,348,0.60
549,348,0.30
550,348,0.30
551,348,0.30
552,348,0.30
528,330,0.30
529,330,0.30
530,330,0.30
531,330,0.30
528,331,0.60
529,331,0.60
530,331,0.60
531,331,0.60
528,332,0.90
529,332,0.90
530,332,0.90
531,332,0.90
528,333,1.00
529,333,1.00
530,333,1.00
531,333,1.00
528,334,1.00
529,334,1.00
530,334,1.00
531,334,1.00
528,335,1.00
529,335,1.00
530,335,1.00
531,335,1.00
528,336,1.00
529,336,1.00
530,336,1.00
531,336,1.00
528,337,1.00
529,337,1.00
530,337,1.00
531,337,1.00
528,338,1.00
529,338,1.00
530,338,1.00
531,338,1.00
528,339,1.00
529,339,1.00
530,339,1.00
531,339,1.00
528,340,1.00
529,340,1.00
530,340,1.00
531,340,1.00
528,341,1.00
529,341,1.00
530,341,1.00
531,341,1.00
528,342,1.00
529,342,1.00
530,342,1.00
531,342,1.00
528,343,1.00
529,343,1.00
530,343,1.00
531,343,1.00
528,344,1.00
529,344,1.00
530,344,1.00
531,344,1.00
528,345,1.00
529,345,1.00
530,345,1.00
531,345,1.00
528,346,1.00
529,346,1.00
530,346,1.00
531,346,1.00
528,347,1.00
529,347,1.00
530,347,1.00
531,347,1.00
528,348,1.00
529,348,1.00
530,348,1.00
531,348,1.00
528,349,1.00
529,349,1.00
530,349,1.00
531,349,1.00
532,349,1.00
533,349,1.00
534,349,1.00
535,349,1.00
536,349,1.00
537,349,1.00
538,349,1.00
539,349,1.00
540,349,1.00
541,349,1.00
542,349,0.62
543,349,0.60
544,349,0.60
545,349,0.60
546,349,0.60
547,349,0.30
548,349,0.30
528,350,1.00
529,350,1.00
530,350,1.00
531,350,1.00
532,350,1.00
533,350,1.00
534,350,1.00
535,350,1.00
536,350,1.00
537,350,1.00
538,350,1.00
539,350,0.97
540,350,0.92
541,350,0.90
542,350,0.60
543,350,0.60
544,350,0.60
545,350,0.60
546,350,0.60
547,350,0.30
548,350,0.30
526,331,0.30
527,331,0.30
526,332,0.60
527,332,0.60
526,333,1.00
527,333,1.00
526,334,1.00
527,334,1.00
526,335,1.00
527,335,1.00
526,336,1.00
527,336,1.00
526,337,1.00
527,337,1.00
526,338,1.00
527,338,1.00
526,339,1.00
527,339,1.00
526,340,1.00
527,340,1.00
526,341,1.00
527,341,1.00
526,342,1.00
527,342,1.00
526,343,1.00
527,343,1.00
526,344,1.00
527,344,1.00
526,345,1.00
527,345,1.00
526,346,1.00
527,346,1.00
526,347,1.00
527,347,1.00
526,348,1.00
527,348,1.00
526,349,1.00
527,349,1.00
526,350,1.00
527,350,1.00
526,351,1.00
527,351,1.00
528,351,1.00
529,351,1.00
530,351,1.00
531,351,1.00
532,351,1.00
533,351,1.00
534,351,0.67
535,351,0.62
536,351,0.60
537,351,0.60
538,351,0.60
539,351,0.60
540,351,0.60
541,351,0.60
542,351,0.30
543,351,0.30
544,351,0.30
545,351,0.30
546,351,0.30
521,332,0.30
522,332,0.30
523,332,0.30
524,332,0.30
525,332,0.30
521,333,0.90
522,333,0.90
523,333,0.90
524,333,0.90
525,333,0.90
521,334,1.00
522,334,1.00
523,334,1.00
524,334,1.00
525,334,1.00
521,335,1.00
522,335,1.00
523,335,1.00
524,335,1.00
525,335,1.00
521,336,1.00
522,336,1.00
523,336,1.00
524,336,1.00
525,336,1.00
521,337,1.00
522,337,1.00
523,337,1.00
524,337,1.00
525,337,1.00
521,338,1.00
522,338,1.00
523,338,1.00
524,338,1.00
525,338,1.00
521,339,1.00
522,339,1.00
523,339,1.00
524,339,1.00
525,339,1.00
521,340,1.00
522,340,1.00
523,340,1.00
524,340,1.00
525,340,1.00
521,341,1.00
522,341,1.00
523,341,1.00
524,341,1.00
525,341,1.00
521,342,1.00
522,342,1.00
523,342,1.00
524,342,1.00
525,342,1.00
521,343,1.00
522,343,1.00
523,343,1.00
524,343,1.00
525,343,1.00
521,344,1.00
522,344,1.00
523,344,1.00
524,344,1.00
525,344,1.00
521,345,1.00
522,345,1.00
523,345,1.00
524,345,1.00
525,345,1.00
521,346,1.00
522,346,1.00
523,346,1.00
524,346,1.00
525,346,1.00
521,347,1.00
522,347,1.00
523,347,1.00
524,347,1.00
525,347,1.00
521,348,1.00
522,348,1.00
523,348,1.00
524,348,1.00
525,348,1.00
521,349,1.00
522,349,1.00
523,349,1.00
524,349,1.00
525,349,1.00
521,350,1.00
522,350,1.00
523,350,1.00
524,350,1.00
525,350,1.00
521,351,1.00
522,351,1.00
523,351,1.00
524,351,1.00
525,351,1.00
521,352,1.00
522,352,1.00
523,352,1.00
524,352,1.00
525,352,1.00
526,352,0.97
527,352,0.92
528,352,0.90
529,352,0.60
530,352,0.60
531,352,0.60
532,352,0.60
533,352,0.60
534,352,0.30
535,352,0.30
536,352,0.30
537,352,0.30
538,352,0.30
539,352,0.30
540,352,0.30
541,352,0.30
513,333,0.60
514,333,0.60
515,333,0.60
516,333,0.60
517,333,0.60
518,333,0.60
519,333,0.60
520,333,0.60
513,334,1.00
514,334,1.00
515,334,1.00
516,334,1.00
517,334,1.00
518,334,1.00
519,334,1.00
520,334,1.00
513,335,1.00
514,335,1.00
515,335,1.00
516,335,1.00
517,335,1.00
518,335,1.00
519,335,1.00
520,335,1.00
513,336,1.00
514,336,1.00
515,336,1.00
516,336,1.00
517,336,1.00
518,336,1.00
519,336,1.00
520,336,1.00
513,337,1.00
514,337,1.00
515,337,1.00
516,337,1.00
517,337,1.00
518,337,1.00
519,337,1.00
520,337,1.00
513,338,1.00
514,338,1.00
515,338,1.00
516,338,1.00
517,338,1.00
518,338,1.00
519,338,1.00
520,338,1.00
513,339,1.00
514,339,1.00
515,339,1.00
516,339,1.00
517,339,1.00
518,339,1.00
519,339,1.00
520,339,1.00
513,340,1.00
514,340,1.00
515,340,1.00
516,340,1.00
517,340,1.00
518,340,1.00
519,340,1.00
520,340,1.00
513,341,1.00
514,341,1.00
515,341,1.00
516,341,1.00
517,341,1.00
518,341,1.00
519,341,1.00
520,341,1.00
513,342,1.00
514,342,1.00
515,342,1.00
516,342,1.00
517,342,1.00
518,342,1.00
519,342,1.00
520,342,1.00
513,343,1.00
514,343,1.00
515,343,1.00
516,343,1.00
517,343,1.00
518,343,1.00
519,343,1.00
520,343,1.00
513,344,1.00
514,344,1.00
515,344,1.00
516,344,1.00
517,344,1.00
518,344,1.00
519,344,1.00
520,344,1.00
513,345,1.00
514,345,1.00
515,345,1.00
516,345,1.00
517,345,1.00
518,345,1.00
519,345,1.00
520,345,1.00
513,346,1.00
514,346,1.00
515,346,1.00
516,346,1.00
517,346,1.00
518,346,1.00
519,346,1.00
520,346,1.00
513,347,1.00
514,347,1.00
515,347,1.00
516,347,1.00
517,347,1.00
518,347,1.00
519,347,1.00
520,347,1.00
513,348,1.00
514,348,1.00
515,348,1.00
516,348,1.00
517,348,1.00
518,348,1.00
519,348,1.00
520,348,1.00
513,349,1.00
514,349,1.00
515,349,1.00
516,349,1.00
517,349,1.00
518,349,1.00
519,349,1.00
520,349,1.00
513,350,1.00
514,350,1.00
515,350,1.00
516,350,1.00
517,350,1.00
518,350,1.00
519,350,1.00
520,350,1.00
513,351,1.00
514,351,1.00
515,351,1.00
516,351,1.00
517,351,1.00
518,351,1.00
519,351,1.00
520,351,1.00
513,352,1.00
514,352,1.00
515,352,1.00
516,352,1.00
517,352,1.00
518,352,1.00
519,352,1.00
520,352,1.00
513,353,1.00
514,353,1.00
515,353,1.00
516,353,1.00
517,353,1.00
518,353,1.00
519,353,1.00
520,353,1.00
521,353,0.90
522,353,0.90
523,353,1.00
524,353,1.00
525,353,1.00
526,353,0.90
527,353,0.90
528,353,1.00
529,353,0.90
530,353,0.90
531,353,1.00
532,353,1.00
533,353,1.00
509,333,0.30
510,333,0.30
511,333,0.30
512,333,0.30
508,334,0.90
509,334,0.90
510,334,0.90
511,334,0.90
512,334,0.90
508,335,1.00
509,335,1.00
510,335,1.00
511,335,1.00
512,335,1.00
508,336,1.00
509,336,1.00
510,336,1.00
511,336,1.00
512,336,1.00
508,337,1.00
509,337,1.00
510,337,1.00
511,337,1.00
512,337,1.00
508,338,1.00
509,338,1.00
510,338,1.00
511,338,1.00
512,338,1.00
508,339,1.00
509,339,1.00
510,339,1.00
511,339,1.00
512,339,1.00
508,340,1.00
509,340,1.00
510,340,1.00
511,340,1.00
512,340,1.00
508,341,1.00
509,341,1.00
510,341,1.00
511,341,1.00
512,341,1.00
508,342,1.00
509,342,1.00
510,342,1.00
511,342,1.00
512,342,1.00
508,343,1.00
509,343,1.00
510,343,1.00
511,343,1.00
512,343,1.00
508,344,1.00
509,344,1.00
510,344,1.00
511,344,1.00
512,344,1.00
508,345,1.00
509,345,1.00
510,345,1.00
511,345,1.00
512,345,1.00
508,346,1.00
509,346,1.00
510,346,1.00
511,346,1.00
512,346,1.00
508,347,1.00
509,347,1.00
510,347,1.00
511,347,1.00
512,347,1.00
508,348,1.00
509,348,1.00
510,348,1.00
511,348,1.00
512,348,1.00
508,349,1.00
509,349,1.00
510,349,1.00
511,349,1.00
512,349,1.00
508,350,1.00
509,350,1.00
510,350,1.00
511,350,1.00
512,350,1.00
508,351,1.00
509,351,1.00
510,351,1.00
511,351,1.00
512,351,1.00
508,352,1.00
509,352,1.00
510,352,1.00
511,352,1.00
512,352,1.00
508,353,1.00
509,353,1.00
510,353,1.00
511,353,1.00
512,353,1.00
505,334,0.60
506,334,0.60
507,334,0.60
505,335,0.90
506,335,0.92
507,335,0.97
505,336,1.00
506,336,1.00
507,336,1.00
505,337,1.00
506,337,1.00
507,337,1.00
505,338,1.00
506,338,1.00
507,338,1.00
505,339,1.00
506,339,1.00
507,339,1.00
505,340,1.00
506,340,1.00
507,340,1.00
505,341,1.00
506,341,1.00
507,341,1.00
505,342,1.00
506,342,1.00
507,342,1.00
505,343,1.00
506,343,1.00
507,343,1.00
505,344,1.00
506,344,1.00
507,344,1.00
505,345,1.00
506,345,1.00
507,345,1.00
505,346,1.00
506,346,1.00
507,346,1.00
505,347,1.00
506,347,1.00
507,347,1.00
505,348,1.00
506,348,1.00
507,348,1.00
505,349,1.00
506,349,1.00
507,349,1.00
505,350,1.00
506,350,1.00
507,350,1.00
505,351,1.00
506,351,1.00
507,351,1.00
505,352,1.00
506,352,1.00
507,352,1.00
505,353,1.00
506,353,1.00
507,353,1.00
505,354,0.97
506,354,0.92
507,354,0.90
508,354,0.90
509,354,0.90
510,354,0.90
511,354,0.90
512,354,0.90
513,354,0.90
514,354,0.90
515,354,0.90
516,354,0.90
517,354,0.90
518,354,0.90
519,354,0.90
520,354,0.90
521,354,0.60
522,354,0.60
523,354,0.90
524,354,0.90
525,354,0.90
500,335,1.00
501,335,1.00
502,335,0.90
503,335,0.90
504,335,0.90
500,336,1.00
501,336,1.00
502,336,1.00
503,336,1.00
504,336,1.00
500,337,1.00
501,337,1.00
502,337,1.00
503,337,1.00
504,337,1.00
500,338,1.00
501,338,1.00
502,338,1.00
503,338,1.00
504,338,1.00
500,339,1.00
501,339,1.00
502,339,1.00
503,339,1.00
504,339,1.00
500,340,1.00
501,340,1.00
502,340,1.00
503,340,1.00
504,340,1.00
500,341,1.00
501,341,1.00
502,341,1.00
503,341,1.00
504,341,1.00
500,342,1.00
501,342,1.00
502,342,1.00
503,342,1.00
504,342,1.00
500,343,1.00
501,343,1.00
502,343,1.00
503,343,1.00
504,343,1.00
500,344,1.00
501,344,1.00
502,344,1.00
503,344,1.00
504,344,1.00
500,345,1.00
501,345,1.00
502,345,1.00
503,345,1.00
504,345,1.00
500,346,1.00
501,346,1.00
502,346,1.00
503,346,1.00
504,346,1.00
500,347,1.00
501,347,1.00
502,347,1.00
503,347,1.00
504,347,1.00
500,348,1.00
501,348,1.00
502,348,1.00
503,348,1.00
504,348,1.00
500,349,1.00
501,349,1.00
502,349,1.00
503,349,1.00
504,349,1.00
500,350,1.00
501,350,1.00
502,350,1.00
503,350,1.00
504,350,1.00
500,351,1.00
501,351,1.00
502,351,1.00
503,351,1.00
504,351,1.00
500,352,1.00
501,352,1.00
502,352,1.00
503,352,1.00
504,352,1.00
500,353,1.00
501,353,1.00
502,353,1.00
503,353,1.00
504,353,1.00
500,354,1.00
501,354,1.00
502,354,1.00
503,354,1.00
504,354,1.00
492,335,1.00
493,335,1.00
494,335,1.00
495,335,0.90
496,335,0.90
497,335,0.90
498,335,0.90
499,335,0.90
492,336,1.00
493,336,1.00
494,336,1.00
495,336,1.00
496,336,1.00
497,336,0.97
498,336,0.94
499,336,0.97
492,337,1.00
493,337,1.00
494,337,1.00
495,337,1.00
496,337,1.00
497,337,1.00
498,337,1.00
499,337,1.00
492,338,1.00
493,338,1.00
494,338,1.00
495,338,1.00
496,338,1.00
497,338,1.00
498,338,1.00
499,338,1.00
492,339,1.00
493,339,1.00
494,339,1.00
495,339,1.00
496,339,1.00
497,339,1.00
498,339,1.00
499,339,1.00
492,340,1.00
493,340,1.00
494,340,1.00
495,340,1.00
496,340,1.00
497,340,1.00
498,340,1.00
499,340,1.00
492,341,1.00
493,341,1.00
494,341,1.00
495,341,1.00
496,341,1.00
497,341,1.00
498,341,1.00
499,341,1.00
492,342,1.00
493,342,1.00
494,342,1.00
495,342,1.00
496,342,1.00
497,342,1.00
498,342,1.00
499,342,1.00
492,343,1.00
493,343,1.00
494,343,1.00
495,343,1.00
496,343,1.00
497,343,1.00
498,343,1.00
499,343,1.00
492,344,1.00
493,344,1.00
494,344,1.00
495,344,1.00
496,344,1.00
497,344,1.00
498,344,1.00
499,344,1.00
492,345,1.00
493,345,1.00
494,345,1.00
495,345,1.00
496,345,1.00
497,345,1.00
498,345,1.00
499,345,1.00
492,346,1.00
493,346,1.00
494,346,1.00
495,346,1.00
496,346,1.00
497,346,1.00
498,346,1.00
499,346,1.00
492,347,1.00
493,347,1.00
494,347,1.00
495,347,1.00
496,347,1.00
497,347,1.00
498,347,1.00
499,347,1.00
492,348,1.00
493,348,1.00
494,348,1.00
495,348,1.00
496,348,1.00
497,348,1.00
498,348,1.00
499,348,1.00
492,349,1.00
493,349,1.00
494,349,1.00
495,349,1.00
496,349,1.00
497,349,1.00
498,349,1.00
499,349,1.00
492,350,1.00
493,350,1.00
494,350,1.00
495,350,1.00
496,350,1.00
497,350,1.00
498,350,1.00
499,350,1.00
492,351,1.00
493,351,1.00
494,351,1.00
495,351,1.00
496,351,1.00
497,351,1.00
498,351,1.00
499,351,1.00
492,352,1.00
493,352,1.00
494,352,1.00
495,352,1.00
496,352,1.00
497,352,1.00
498,352,1.00
499,352,1.00
492,353,1.00
493,353,1.00
494,353,1.00
495,353,1.00
496,353,1.00
497,353,1.00
498,353,1.00
499,353,1.00
492,354,1.00
493,354,1.00
494,354,1.00
495,354,1.00
496,354,1.00
497,354,0.97
498,354,0.94
499,354,0.97
492,355,1.00
493,355,1.00
494,355,1.00
495,355,0.90
496,355,0.90
497,355,0.90
498,355,0.90
499,355,0.90
500,355,0.90
501,355,0.90
502,355,0.60
503,355,0.60
504,355,0.60
505,355,0.30
506,355,0.30
507,355,0.30
508,355,0.30
509,355,0.30
510,355,0.30
511,355,0.30
512,355,0.30
484,335,0.90
485,335,0.90
486,335,0.90
487,335,0.90
488,335,0.90
489,335,0.90
490,335,0.90
491,335,0.90
484,336,1.00
485,336,1.00
486,336,1.00
487,336,0.99
488,336,0.99
489,336,1.00
490,336,1.00
491,336,1.00
484,337,1.00
485,337,1.00
486,337,1.00
487,337,1.00
488,337,1.00
489,337,1.00
490,337,1.00
491,337,1.00
484,338,1.00
485,338,1.00
486,338,1.00
487,338,1.00
488,338,1.00
489,338,1.00
490,338,1.00
491,338,1.00
484,339,1.00
485,339,1.00
486,339,1.00
487,339,1.00
488,339,1.00
489,339,1.00
490,339,1.00
491,339,1.00
484,340,1.00
485,340,1.00
486,340,1.00
487,340,1.00
488,340,1.00
489,340,1.00
490,340,1.00
491,340,1.00
484,341,1.00
485,341,1.00
486,341,1.00
487,341,1.00
488,341,1.00
489,341,1.00
490,341,1.00
491,341,1.00
484,342,1.00
485,342,1.00
486,342,1.00
487,342,1.00
488,342,1.00
489,342,1.00
490,342,1.00
491,342,1.00
484,343,1.00
485,343,1.00
486,343,1.00
487,343,1.00
488,343,1.00
489,343,1.00
490,343,1.00
491,343,1.00
484,344,1.00
485,344,1.00
486,344,1.00
487,344,1.00
488,344,1.00
489,344,1.00
490,344,1.00
491,344,1.00
484,345,1.00
485,345,1.00
486,345,1.00
487,345,1.00
488,345,1.00
489,345,1.00
490,345,1.00
491,345,1.00
484,346,1.00
485,346,1.00
486,346,1.00
487,346,1.00
488,346,1.00
489,346,1.00
490,346,1.00
491,346,1.00
484,347,1.00
485,347,1.00
486,347,1.00
487,347,1.00
488,347,1.00
489,347,1.00
490,347,1.00
491,347,1.00
484,348,1.00
485,348,1.00
486,348,1.00
487,348,1.00
488,348,1.00
489,348,1.00
490,348,1.00
491,348,1.00
484,349,1.00
485,349,1.00
486,349,1.00
487,349,1.00
488,349,1.00
489,349,1.00
490,349,1.00
491,349,1.00
484,350,1.00
485,350,1.00
486,350,1.00
487,350,1.00
488,350,1.00
489,350,1.00
490,350,1.00
491,350,1.00
484,351,1.00
485,351,1.00
486,351,1.00
487,351,1.00
488,351,1.00
489,351,1.00
490,351,1.00
491,351,1.00
484,352,1.00
485,352,1.00
486,352,1.00
487,352,1.00
488,352,1.00
489,352,1.00
490,352,1.00
491,352,1.00
484,353,1.00
485,353,1.00
486,353,1.00
487,353,1.00
488,353,1.00
489,353,1.00
490,353,1.00
491,353,1.00
484,354,1.00
485,354,1.00
486,354,1.00
487,354,0.99
488,354,0.99
489,354,1.00
490,354,1.00
491,354,1.00
484,355,0.90
485,355,0.90
486,355,0.90
487,355,0.90
488,355,0.90
489,355,0.90
490,355,0.90
491,355,0.90
481,335,0.90
482,335,0.90
483,335,0.60
481,336,0.97
482,336,1.00
483,336,0.73
481,337,1.00
482,337,1.00
483,337,0.87
481,338,1.00
482,338,1.00
483,338,1.00
481,339,1.00
482,339,1.00
483,339,1.00
481,340,1.00
482,340,1.00
483,340,1.00
481,341,1.00
482,341,1.00
483,341,1.00
481,342,1.00
482,342,1.00
483,342,1.00
481,343,1.00
482,343,1.00
483,343,1.00
481,344,1.00
482,344,1.00
483,344,1.00
481,345,1.00
482,345,1.00
483,345,1.00
481,346,1.00
482,346,1.00
483,346,1.00
481,347,1.00
482,347,1.00
483,347,1.00
481,348,1.00
482,348,1.00
483,348,1.00
481,349,1.00
482,349,1.00
483,349,1.00
481,350,1.00
482,350,1.00
483,350,1.00
481,351,1.00
482,351,1.00
483,351,1.00
481,352,1.00
482,352,1.00
483,352,1.00
481,353,1.00
482,353,1.00
483,353,0.87
481,354,0.97
482,354,1.00
483,354,0.73
481,355,0.90
482,355,0.90
483,355,0.60
474,335,0.60
475,335,0.60
476,335,0.60
477,335,0.60
478,335,0.60
479,335,0.60
480,335,0.60
474,336,0.71
475,336,0.67
476,336,0.62
477,336,0.60
478,336,0.60
479,336,0.60
480,336,0.62
474,337,0.85
475,337,0.80
476,337,0.75
477,337,0.68
478,337,0.60
479,337,0.68
480,337,0.75
474,338,0.98
475,338,0.93
476,338,0.87
477,338,0.81
478,338,0.82
479,338,0.81
480,338,0.87
474,339,1.00
475,339,1.00
476,339,0.99
477,339,1.00
478,339,1.00
479,339,1.00
480,339,0.99
474,340,1.00
475,340,1.00
476,340,1.00
477,340,1.00
478,340,1.00
479,340,1.00
480,340,1.00
474,341,1.00
475,341,1.00
476,341,1.00
477,341,1.00
478,341,1.00
479,341,1.00
480,341,1.00
474,342,1.00
475,342,1.00
476,342,1.00
477,342,1.00
478,342,1.00
479,342,1.00
480,342,1.00
474,343,1.00
475,343,1.00
476,343,1.00
477,343,1.00
478,343,1.00
479,343,1.00
480,343,1.00
474,344,1.00
475,344,1.00
476,344,1.00
477,344,1.00
478,344,1.00
479,344,1.00
480,344,1.00
474,345,1.00
475,345,1.00
476,345,1.00
477,345,1.00
478,345,1.00
479,345,1.00
480,345,1.00
474,346,1.00
475,346,1.00
476,346,1.00
477,346,1.00
478,346,1.00
479,346,1.00
480,346,1.00
474,347,1.00
475,347,1.00
476,347,1.00
477,347,1.00
478,347,1.00
479,347,1.00
480,347,1.00
474,348,1.00
475,348,1.00
476,348,1.00
477,348,1.00
478,348,1.00
479,348,1.00
480,348,1.00
474,349,1.00
475,349,1.00
476,349,1.00
477,349,1.00
478,349,1.00
479,349,1.00
480,349,1.00
474,350,1.00
475,350,1.00
476,350,1.00
477,350,1.00
478,350,1.00
479,350,1.00
480,350,1.00
474,351,1.00
475,351,1.00
476,351,0.99
477,351,1.00
478,351,1.00
479,351,1.00
480,351,0.99
474,352,0.98
475,352,0.93
476,352,0.87
477,352,0.81
478,352,0.82
479,352,0.81
480,352,0.87
474,353,0.85
475,353,0.80
476,353,0.75
477,353,0.68
478,353,0.60
479,353,0.68
480,353,0.75
474,354,0.71
475,354,0.67
476,354,0.62
477,354,0.60
478,354,0.60
479,354,0.60
480,354,0.62
474,355,0.60
475,355,0.60
476,355,0.60
477,355,0.60
478,355,0.60
479,355,0.60
480,355,0.60
462,335,0.60
463,335,0.60
464,335,0.60
465,335,0.60
466,335,0.60
467,335,0.60
468,335,0.60
469,335,0.60
470,335,0.60
471,335,0.60
472,335,0.60
473,335,0.30
462,336,1.00
463,336,1.00
464,336,1.00
465,336,0.67
466,336,0.62
467,336,0.60
468,336,0.62
469,336,0.67
470,336,0.71
471,336,0.73
472,336,0.74
473,336,0.43
462,337,1.00
463,337,1.00
464,337,1.00
465,337,0.80
466,337,0.75
467,337,0.76
468,337,0.75
469,337,0.80
470,337,0.85
471,337,0.87
472,337,0.88
473,337,0.57
462,338,1.00
463,338,1.00
464,338,1.00
465,338,0.95
466,338,0.98
467,338,0.99
468,338,0.98
469,338,0.95
470,338,0.98
471,338,1.00
472,338,1.00
473,338,0.71
462,339,1.00
463,339,1.00
464,339,1.00
465,339,1.00
466,339,1.00
467,339,1.00
468,339,1.00
469,339,1.00
470,339,1.00
471,339,1.00
472,339,1.00
473,339,0.85
462,340,1.00
463,340,1.00
464,340,1.00
465,340,1.00
466,340,1.00
467,340,1.00
468,340,1.00
469,340,1.00
470,340,1.00
471,340,1.00
472,340,1.00
473,340,0.99
462,341,1.00
463,341,1.00
464,341,1.00
465,341,1.00
466,341,1.00
467,341,1.00
468,341,1.00
469,341,1.00
470,341,1.00
471,341,1.00
472,341,1.00
473,341,1.00
462,342,1.00
463,342,1.00
464,342,1.00
465,342,1.00
466,342,1.00
467,342,1.00
468,342,1.00
469,342,1.00
470,342,1.00
471,342,1.00
472,342,1.00
473,342,1.00
462,343,1.00
463,343,1.00
464,343,1.00
465,343,1.00
466,343,1.00
467,343,1.00
468,343,1.00
469,343,1.00
470,343,1.00
471,343,1.00
472,343,1.00
473,343,1.00
462,344,1.00
463,344,1.00
464,344,1.00
465,344,1.00
466,344,1.00
467,344,1.00
468,344,1.00
469,344,1.00
470,344,1.00
471,344,1.00
472,344,1.00
473,344,1.00
462,345,1.00
463,345,1.00
464,345,1.00
465,345,1.00
466,345,1.00
467,345,1.00
468,345,1.00
469,345,1.00
470,345,1.00
471,345,1.00
472,345,1.00
473,345,1.00
462,346,1.00
463,346,1.00
464,346,1.00
465,346,1.00
466,346,1.00
467,346,1.00
468,346,1.00
469,346,1.00
470,346,1.00
471,346,1.00
472,346,1.00
473,346,1.00
462,347,1.00
463,347,1.00
464,347,1.00
465,347,1.00
466,347,1.00
467,347,1.00
468,347,1.00
469,347,1.00
470,347,1.00
471,347,1.00
472,347,1.00
473,347,1.00
462,348,1.00
463,348,1.00
464,348,1.00
465,348,1.00
466,348,1.00
467,348,1.00
468,348,1.00
469,348,1.00
470,348,1.00
471,348,1.00
472,348,1.00
473,348,1.00
462,349,1.00
463,349,1.00
464,349,1.00
465,349,1.00
466,349,1.00
467,349,1.00
468,349,1.00
469,349,1.00
470,349,1.00
471,349,1.00
472,349,1.00
473,349,1.00
462,350,1.00
463,350,1.00
464,350,1.00
465,350,1.00
466,350,1.00
467,350,1.00
468,350,1.00
469,350,1.00
470,350,1.00
471,350,1.00
472,350,1.00
473,350,0.99
462,351,1.00
463,351,1.00
464,351,1.00
465,351,1.00
466,351,1.00
467,351,1.00
468,351,1.00
469,351,1.00
470,351,1.00
471,351,1.00
472,351,1.00
473,351,0.85
462,352,1.00
463,352,1.00
464,352,1.00
465,352,0.95
466,352,0.98
467,352,0.99
468,352,0.98
469,352,0.95
470,352,0.98
471,352,1.00
472,352,1.00
473,352,0.71
462,353,1.00
463,353,1.00
464,353,1.00
465,353,0.80
466,353,0.75
467,353,0.76
468,353,0.75
469,353,0.80
470,353,0.85
471,353,0.87
472,353,0.88
473,353,0.57
462,354,1.00
463,354,1.00
464,354,1.00
465,354,0.67
466,354,0.62
467,354,0.60
468,354,0.62
469,354,0.67
470,354,0.71
471,354,0.73
472,354,0.74
473,354,0.43
462,355,0.90
463,355,0.90
464,355,0.90
465,355,0.60
466,355,0.60
467,355,0.60
468,355,0.60
469,355,0.60
470,355,0.60
471,355,0.60
472,355,0.60
473,355,0.30
452,335,0.30
453,335,0.30
454,335,0.30
455,335,0.30
456,335,0.30
457,335,0.30
458,335,0.30
459,335,0.30
460,335,0.30
461,335,0.30
452,336,0.60
453,336,0.60
454,336,0.60
455,336,0.60
456,336,0.60
457,336,0.60
458,336,0.62
459,336,0.67
460,336,0.71
461,336,0.73
452,337,1.00
453,337,1.00
454,337,1.00
455,337,1.00
456,337,1.00
457,337,1.00
458,337,0.77
459,337,0.80
460,337,0.85
461,337,0.87
452,338,1.00
453,338,1.00
454,338,1.00
455,338,1.00
456,338,1.00
457,338,1.00
458,338,1.00
459,338,1.00
460,338,0.98
461,338,1.00
452,339,1.00
453,339,1.00
454,339,1.00
455,339,1.00
456,339,1.00
457,339,1.00
458,339,1.00
459,339,1.00
460,339,1.00
461,339,1.00
452,340,1.00
453,340,1.00
454,340,1.00
455,340,1.00
456,340,1.00
457,340,1.00
458,340,1.00
459,340,1.00
460,340,1.00
461,340,1.00
452,341,1.00
453,341,1.00
454,341,1.00
455,341,1.00
456,341,1.00
457,341,1.00
458,341,1.00
459,341,1.00
460,341,1.00
461,341,1.00
452,342,1.00
453,342,1.00
454,342,1.00
455,342,1.00
456,342,1.00
457,342,1.00
458,342,1.00
459,342,1.00
460,342,1.00
461,342,1.00
452,343,1.00
453,343,1.00
454,343,1.00
455,343,1.00
456,343,1.00
457,343,1.00
458,343,1.00
459,343,1.00
460,343,1.00
461,343,1.00
452,344,1.00
453,344,1.00
454,344,1.00
455,344,1.00
456,344,1.00
457,344,1.00
458,344,1.00
459,344,1.00
460,344,1.00
461,344,1.00
452,345,1.00
453,345,1.00
454,345,1.00
455,345,1.00
456,345,1.00
457,345,1.00
458,345,1.00
459,345,1.00
460,345,1.00
461,345,1.00
452,346,1.00
453,346,1.00
454,346,1.00
455,346,1.00
456,346,1.00
457,346,1.00
458,346,1.00
459,346,1.00
460,346,1.00
461,346,1.00
452,347,1.00
453,347,1.00
454,347,1.00
455,347,1.00
456,347,1.00
457,347,1.00
458,347,1.00
459,347,1.00
460,347,1.00
461,347,1.00
452,348,1.00
453,348,1.00
454,348,1.00
455,348,1.00
456,348,1.00
457,348,1.00
458,348,1.00
459,348,1.00
460,348,1.00
461,348,1.00
452,349,1.00
453,349,1.00
454,349,1.00
455,349,1.00
456,349,1.00
457,349,1.00
458,349,1.00
459,349,1.00
460,349,1.00
461,349,1.00
452,350,1.00
453,350,1.00
454,350,1.00
455,350,1.00
456,350,1.00
457,350,1.00
458,350,1.00
459,350,1.00
460,350,1.00
461,350,1.00
452,351,1.00
453,351,1.00
454,351,1.00
455,351,1.00
456,351,1.00
457,351,1.00
458,351,1.00
459,351,1.00
460,351,1.00
461,351,1.00
452,352,1.00
453,352,1.00
454,352,1.00
455,352,1.00
456,352,1.00
457,352,1.00
458,352,1.00
459,352,1.00
460,352,1.00
461,352,1.00
452,353,1.00
453,353,1.00
454,353,1.00
455,353,1.00
456,353,1.00
457,353,1.00
458,353,1.00
459,353,1.00
460,353,0.95
461,353,0.89
452,354,1.00
453,354,1.00
454,354,1.00
455,354,1.00
456,354,1.00
457,354,1.00
458,354,0.77
459,354,0.75
460,354,0.71
461,354,0.73
452,355,1.00
453,355,1.00
454,355,1.00
455,355,1.00
456,355,1.00
457,355,0.97
458,355,0.62
459,355,0.60
460,355,0.60
461,355,0.60
444,336,0.30
445,336,0.30
446,336,0.30
447,336,0.30
448,336,0.30
449,336,0.30
450,336,0.30
451,336,0.30
444,337,0.60
445,337,0.60
446,337,0.60
447,337,0.60
448,337,0.60
449,337,0.60
450,337,0.62
451,337,0.67
444,338,0.97
445,338,1.00
446,338,1.00
447,338,1.00
448,338,1.00
449,338,1.00
450,338,1.00
451,338,0.82
444,339,1.00
445,339,1.00
446,339,1.00
447,339,1.00
448,339,1.00
449,339,1.00
450,339,1.00
451,339,1.00
444,340,1.00
445,340,1.00
446,340,1.00
447,340,1.00
448,340,1.00
449,340,1.00
450,340,1.00
451,340,1.00
444,341,1.00
445,341,1.00
446,341,1.00
447,341,1.00
448,341,1.00
449,341,1.00
450,341,1.00
451,341,1.00
444,342,1.00
445,342,1.00
446,342,1.00
447,342,1.00
448,342,1.00
449,342,1.00
450,342,1.00
451,342,1.00
444,343,1.00
445,343,1.00
446,343,1.00
447,343,1.00
448,343,1.00
449,343,1.00
450,343,1.00
451,343,1.00
444,344,1.00
445,344,1.00
446,344,1.00
447,344,1.00
448,344,1.00
449,344,1.00
450,344,1.00
451,344,1.00
444,345,1.00
445,345,1.00
446,345,1.00
447,345,1.00
448,345,1.00
449,345,1.00
450,345,1.00
451,345,1.00
444,346,1.00
445,346,1.00
446,346,1.00
447,346,1.00
448,346,1.00
449,346,1.00
450,346,1.00
451,346,1.00
444,347,1.00
445,347,1.00
446,347,1.00
447,347,1.00
448,347,1.00
449,347,1.00
450,347,1.00
451,347,1.00
444,348,1.00
445,348,1.00
446,348,1.00
447,348,1.00
448,348,1.00
449,348,1.00
450,348,1.00
451,348,1.00
444,349,1.00
445,349,1.00
446,349,1.00
447,349,1.00
448,349,1.00
449,349,1.00
450,349,1.00
451,349,1.00
444,350,1.00
445,350,1.00
446,350,1.00
447,350,1.00
448,350,1.00
449,350,1.00
450,350,1.00
451,350,1.00
444,351,1.00
445,351,1.00
446,351,1.00
447,351,1.00
448,351,1.00
449,351,1.00
450,351,1.00
451,351,1.00
444,352,1.00
445,352,1.00
446,352,1.00
447,352,1.00
448,352,1.00
449,352,1.00
450,352,1.00
451,352,1.00
444,353,1.00
445,353,1.00
446,353,1.00
447,353,1.00
448,353,1.00
449,353,1.00
450,353,1.00
451,353,1.00
444,354,1.00
445,354,1.00
446,354,1.00
447,354,1.00
448,354,1.00
449,354,1.00
450,354,1.00
451,354,1.00
444,355,1.00
445,355,1.00
446,355,1.00
447,355,1.00
448,355,1.00
449,355,1.00
450,355,1.00
451,355,0.82
444,356,1.00
445,356,1.00
446,356,1.00
447,356,1.00
448,356,1.00
449,356,1.00
450,356,0.97
451,356,0.62
452,356,0.60
453,356,0.60
454,356,0.60
455,356,0.60
456,356,0.60
457,356,0.60
458,356,0.30
459,356,0.30
460,356,0.30
461,356,0.30
462,356,0.30
463,356,0.30
464,356,0.30
437,337,0.30
438,337,0.30
439,337,0.30
440,337,0.30
441,337,0.30
442,337,0.30
443,337,0.30
437,338,0.60
438,338,0.60
439,338,0.60
440,338,0.60
441,338,0.60
442,338,0.60
443,338,0.62
437,339,0.97
438,339,1.00
439,339,1.00
440,339,1.00
441,339,1.00
442,339,0.79
443,339,0.82
437,340,1.00
438,340,1.00
439,340,1.00
440,340,1.00
441,340,1.00
442,340,1.00
443,340,1.00
437,341,1.00
438,341,1.00
439,341,1.00
440,341,1.00
441,341,1.00
442,341,1.00
443,341,1.00
437,342,1.00
438,342,1.00
439,342,1.00
440,342,1.00
441,342,1.00
442,342,1.00
443,342,1.00
437,343,1.00
438,343,1.00
439,343,1.00
440,343,1.00
441,343,1.00
442,343,1.00
443,343,1.00
437,344,1.00
438,344,1.00
439,344,1.00
440,344,1.00
441,344,1.00
442,344,1.00
443,344,1.00
437,345,1.00
438,345,1.00
439,345,1.00
440,345,1.00
441,345,1.00
442,345,1.00
443,345,1.00
437,346,1.00
438,346,1.00
439,346,1.00
440,346,1.00
441,346,1.00
442,346,1.00
443,346,1.00
437,347,1.00
438,347,1.00
439,347,1.00
440,347,1.00
441,347,1.00
442,347,1.00
443,347,1.00
437,348,1.00
438,348,1.00
439,348,1.00
440,348,1.00
441,348,1.00
442,348,1.00
443,348,1.00
437,349,1.00
438,349,1.00
439,349,1.00
440,349,1.00
441,349,1.00
442,349,1.00
443,349,1.00
437,350,1.00
438,350,1.00
439,350,1.00
440,350,1.00
441,350,1.00
442,350,1.00
443,350,1.00
437,351,1.00
438,351,1.00
439,351,1.00
440,351,1.00
441,351,1.00
442,351,1.00
443,351,1.00
437,352,1.00
438,352,1.00
439,352,1.00
440,352,1.00
441,352,1.00
442,352,1.00
443,352,1.00
437,353,1.00
438,353,1.00
439,353,1.00
440,353,1.00
441,353,1.00
442,353,1.00
443,353,1.00
437,354,1.00
438,354,1.00
439,354,1.00
440,354,1.00
441,354,1.00
442,354,1.00
443,354,1.00
437,355,1.00
438,355,1.00
439,355,1.00
440,355,1.00
441,355,1.00
442,355,1.00
443,355,1.00
437,356,1.00
438,356,1.00
439,356,1.00
440,356,1.00
441,356,1.00
442,356,0.85
443,356,0.82
437,357,0.97
438,357,1.00
439,357,1.00
440,357,1.00
441,357,1.00
442,357,0.71
443,357,0.67
444,357,0.62
445,357,0.60
446,357,0.60
447,357,0.60
448,357,0.60
449,357,0.60
450,357,0.60
451,357,0.30
452,357,0.30
453,357,0.30
454,357,0.30
455,357,0.30
456,357,0.30
457,357,0.30
430,338,0.30
431,338,0.30
432,338,0.30
433,338,0.30
434,338,0.30
435,338,0.30
436,338,0.30
430,339,0.60
431,339,0.60
432,339,0.60
433,339,0.60
434,339,0.60
435,339,0.60
436,339,0.62
430,340,1.00
431,340,1.00
432,340,1.00
433,340,1.00
434,340,0.97
435,340,1.00
436,340,0.75
430,341,1.00
431,341,1.00
432,341,1.00
433,341,1.00
434,341,1.00
435,341,1.00
436,341,0.95
430,342,1.00
431,342,1.00
432,342,1.00
433,342,1.00
434,342,1.00
435,342,1.00
436,342,1.00
430,343,1.00
431,343,1.00
432,343,1.00
433,343,1.00
434,343,1.00
435,343,1.00
436,343,1.00
430,344,1.00
431,344,1.00
432,344,1.00
433,344,1.00
434,344,1.00
435,344,1.00
436,344,1.00
430,345,1.00
431,345,1.00
432,345,1.00
433,345,1.00
434,345,1.00
435,345,1.00
436,345,1.00
430,346,1.00
431,346,1.00
432,346,1.00
433,346,1.00
434,346,1.00
435,346,1.00
436,346,1.00
430,347,1.00
431,347,1.00
432,347,1.00
433,347,1.00
434,347,1.00
435,347,1.00
436,347,1.00
430,348,1.00
431,348,1.00
432,348,1.00
433,348,1.00
434,348,1.00
435,348,1.00
436,348,1.00
430,349,1.00
431,349,1.00
432,349,1.00
433,349,1.00
434,349,1.00
435,349,1.00
436,349,1.00
430,350,1.00
431,350,1.00
432,350,1.00
433,350,1.00
434,350,1.00
435,350,1.00
436,350,1.00
430,351,1.00
431,351,1.00
432,351,1.00
433,351,1.00
434,351,1.00
435,351,1.00
436,351,1.00
430,352,1.00
431,352,1.00
432,352,1.00
433,352,1.00
434,352,1.00
435,352,1.00
436,352,1.00
430,353,1.00
431,353,1.00
432,353,1.00
433,353,1.00
434,353,1.00
435,353,1.00
436,353,1.00
430,354,1.00
431,354,1.00
432,354,1.00
433,354,1.00
434,354,1.00
435,354,1.00
436,354,1.00
430,355,1.00
431,355,1.00
432,355,1.00
433,355,1.00
434,355,1.00
435,355,1.00
436,355,1.00
430,356,1.00
431,356,1.00
432,356,1.00
433,356,1.00
434,356,1.00
435,356,1.00
436,356,0.94
430,357,1.00
431,357,1.00
432,357,1.00
433,357,1.00
434,357,1.00
435,357,1.00
436,357,0.70
430,358,1.00
431,358,1.00
432,358,1.00
433,358,1.00
434,358,0.97
435,358,0.92
436,358,0.60
437,358,0.60
438,358,0.60
439,358,0.60
440,358,0.60
441,358,0.60
442,358,0.30
443,358,0.30
444,358,0.30
445,358,0.30
446,358,0.30
447,358,0.30
448,358,0.30
449,358,0.30
450,358,0.30
421,339,0.30
422,339,0.30
423,339,0.30
424,339,0.30
425,339,0.30
426,339,0.30
427,339,0.30
428,339,0.30
429,339,0.30
421,340,0.60
422,340,0.60
423,340,0.60
424,340,0.60
425,340,0.60
426,340,0.60
427,340,0.62
428,340,0.67
429,340,0.71
421,341,0.92
422,341,0.97
423,341,1.00
424,341,1.00
425,341,1.00
426,341,1.00
427,341,1.00
428,341,0.88
429,341,0.87
421,342,1.00
422,342,1.00
423,342,1.00
424,342,1.00
425,342,1.00
426,342,1.00
427,342,1.00
428,342,1.00
429,342,1.00
421,343,1.00
422,343,1.00
423,343,1.00
424,343,1.00
425,343,1.00
426,343,1.00
427,343,1.00
428,343,1.00
429,343,1.00
421,344,1.00
422,344,1.00
423,344,1.00
424,344,1.00
425,344,1.00
426,344,1.00
427,344,1.00
428,344,1.00
429,344,1.00
421,345,1.00
422,345,1.00
423,345,1.00
424,345,1.00
425,345,1.00
426,345,1.00
427,345,1.00
428,345,1.00
429,345,1.00
421,346,1.00
422,346,1.00
423,346,1.00
424,346,1.00
425,346,1.00
426,346,1.00
427,346,1.00
428,346,1.00
429,346,1.00
421,347,1.00
422,347,1.00
423,347,1.00
424,347,1.00
425,347,1.00
426,347,1.00
427,347,1.00
428,347,1.00
429,347,1.00
421,348,1.00
422,348,1.00
423,348,1.00
424,348,1.00
425,348,1.00
426,348,1.00
427,348,1.00
428,348,1.00
429,348,1.00
421,349,1.00
422,349,1.00
423,349,1.00
424,349,1.00
425,349,1.00
426,349,1.00
427,349,1.00
428,349,1.00
429,349,1.00
421,350,1.00
422,350,1.00
423,350,1.00
424,350,1.00
425,350,1.00
426,350,1.00
427,350,1.00
428,350,1.00
429,350,1.00
421,351,1.00
422,351,1.00
423,351,1.00
424,351,1.00
425,351,1.00
426,351,1.00
427,351,1.00
428,351,1.00
429,351,1.00
421,352,1.00
422,352,1.00
423,352,1.00
424,352,1.00
425,352,1.00
426,352,1.00
427,352,1.00
428,352,1.00
429,352,1.00
421,353,1.00
422,353,1.00
423,353,1.00
424,353,1.00
425,353,1.00
426,353,1.00
427,353,1.00
428,353,1.00
429,353,1.00
421,354,1.00
422,354,1.00
423,354,1.00
424,354,1.00
425,354,1.00
426,354,1.00
427,354,1.00
428,354,1.00
429,354,1.00
421,355,1.00
422,355,1.00
423,355,1.00
424,355,1.00
425,355,1.00
426,355,1.00
427,355,1.00
428,355,1.00
429,355,1.00
421,356,1.00
422,356,1.00
423,356,1.00
424,356,1.00
425,356,1.00
426,356,1.00
427,356,1.00
428,356,1.00
429,356,1.00
421,357,1.00
422,357,1.00
423,357,1.00
424,357,1.00
425,357,1.00
426,357,1.00
427,357,1.00
428,357,1.00
429,357,1.00
421,358,1.00
422,358,1.00
423,358,1.00
424,358,1.00
425,358,1.00
426,358,1.00
427,358,1.00
428,358,0.88
429,358,0.86
421,359,1.00
422,359,1.00
423,359,1.00
424,359,1.00
425,359,1.00
426,359,1.00
427,359,1.00
428,359,0.67
429,359,0.62
430,359,0.60
431,359,0.60
432,359,0.60
433,359,0.60
434,359,0.60
435,359,0.60
436,359,0.30
437,359,0.30
438,359,0.30
439,359,0.30
440,359,0.30
441,359,0.30
415,340,0.30
416,340,0.30
417,340,0.30
418,340,0.30
419,340,0.30
420,340,0.30
415,341,0.60
416,341,0.60
417,341,0.60
418,341,0.60
419,341,0.60
420,341,0.60
415,342,1.00
416,342,1.00
417,342,1.00
418,342,1.00
419,342,1.00
420,342,0.75
415,343,1.00
416,343,1.00
417,343,1.00
418,343,1.00
419,343,1.00
420,343,1.00
415,344,1.00
416,344,1.00
417,344,1.00
418,344,1.00
419,344,1.00
420,344,1.00
415,345,1.00
416,345,1.00
417,345,1.00
418,345,1.00
419,345,1.00
420,345,1.00
415,346,1.00
416,346,1.00
417,346,1.00
418,346,1.00
419,346,1.00
420,346,1.00
415,347,1.00
416,347,1.00
417,347,1.00
418,347,1.00
419,347,1.00
420,347,1.00
415,348,1.00
416,348,1.00
417,348,1.00
418,348,1.00
419,348,1.00
420,348,1.00
415,349,1.00
416,349,1.00
417,349,1.00
418,349,1.00
419,349,1.00
420,349,1.00
415,350,1.00
416,350,1.00
417,350,1.00
418,350,1.00
419,350,1.00
420,350,1.00
415,351,1.00
416,351,1.00
417,351,1.00
418,351,1.00
419,351,1.00
420,351,1.00
415,352,1.00
416,352,1.00
417,352,1.00
418,352,1.00
419,352,1.00
420,352,1.00
415,353,1.00
416,353,1.00
417,353,1.00
418,353,1.00
419,353,1.00
420,353,1.00
415,354,1.00
416,354,1.00
417,354,1.00
418,354,1.00
419,354,1.00
420,354,1.00
415,355,1.00
416,355,1.00
417,355,1.00
418,355,1.00
419,355,1.00
420,355,1.00
415,356,1.00
416,356,1.00
417,356,1.00
418,356,1.00
419,356,1.00
420,356,1.00
415,357,1.00
416,357,1.00
417,357,1.00
418,357,1.00
419,357,1.00
420,357,1.00
415,358,1.00
416,358,1.00
417,358,1.00
418,358,1.00
419,358,1.00
420,358,1.00
415,359,1.00
416,359,1.00
417,359,1.00
418,359,1.00
419,359,1.00
420,359,0.80
415,360,1.00
416,360,1.00
417,360,1.00
418,360,1.00
419,360,1.00
420,360,0.67
421,360,0.62
422,360,0.60
423,360,0.60
424,360,0.60
425,360,0.60
426,360,0.60
427,360,0.60
428,360,0.30
429,360,0.30
430,360,0.30
431,360,0.30
432,360,0.30
433,360,0.30
434,360,0.30
435,360,0.30
407,341,0.30
408,341,0.30
409,341,0.30
410,341,0.30
411,341,0.30
412,341,0.30
413,341,0.30
414,341,0.30
407,342,0.60
408,342,0.60
409,342,0.60
410,342,0.60
411,342,0.60
412,342,0.60
413,342,0.62
414,342,0.67
407,343,0.71
408,343,0.73
409,343,0.74
410,343,0.73
411,343,0.71
412,343,0.75
413,343,0.77
414,343,0.80
407,344,0.85
408,344,0.87
409,344,0.88
410,344,0.89
411,344,0.95
412,344,1.00
413,344,1.00
414,344,1.00
407,345,0.98
408,345,1.00
409,345,1.00
410,345,1.00
411,345,1.00
412,345,1.00
413,345,1.00
414,345,1.00
407,346,1.00
408,346,1.00
409,346,1.00
410,346,1.00
411,346,1.00
412,346,1.00
413,346,1.00
414,346,1.00
407,347,1.00
408,347,1.00
409,347,1.00
410,347,1.00
411,347,1.00
412,347,1.00
413,347,1.00
414,347,1.00
407,348,1.00
408,348,1.00
409,348,1.00
410,348,1.00
411,348,1.00
412,348,1.00
413,348,1.00
414,348,1.00
407,349,1.00
408,349,1.00
409,349,1.00
410,349,1.00
411,349,1.00
412,349,1.00
413,349,1.00
414,349,1.00
407,350,1.00
408,350,1.00
409,350,1.00
410,350,1.00
411,350,1.00
412,350,1.00
413,350,1.00
414,350,1.00
407,351,1.00
408,351,1.00
409,351,1.00
410,351,1.00
411,351,1.00
412,351,1.00
413,351,1.00
414,351,1.00
407,352,1.00
408,352,1.00
409,352,1.00
410,352,1.00
411,352,1.00
412,352,1.00
413,352,1.00
414,352,1.00
407,353,1.00
408,353,1.00
409,353,1.00
410,353,1.00
411,353,1.00
412,353,1.00
413,353,1.00
414,353,1.00
407,354,1.00
408,354,1.00
409,354,1.00
410,354,1.00
411,354,1.00
412,354,1.00
413,354,1.00
414,354,1.00
407,355,1.00
408,355,1.00
409,355,1.00
410,355,1.00
411,355,1.00
412,355,1.00
413,355,1.00
414,355,1.00
407,356,1.00
408,356,1.00
409,356,1.00
410,356,1.00
411,356,1.00
412,356,1.00
413,356,1.00
414,356,1.00
407,357,1.00
408,357,1.00
409,357,1.00
410,357,1.00
411,357,1.00
412,357,1.00
413,357,1.00
414,357,1.00
407,358,1.00
408,358,1.00
409,358,1.00
410,358,1.00
411,358,1.00
412,358,1.00
413,358,1.00
414,358,1.00
407,359,0.98
408,359,1.00
409,359,1.00
410,359,1.00
411,359,0.98
412,359,1.00
413,359,1.00
414,359,1.00
407,360,0.85
408,360,0.87
409,360,0.88
410,360,0.87
411,360,0.85
412,360,0.80
413,360,0.77
414,360,0.75
407,361,0.71
408,361,0.73
409,361,0.74
410,361,0.73
411,361,0.71
412,361,0.67
413,361,0.62
414,361,0.60
415,361,0.60
416,361,0.60
417,361,0.60
418,361,0.60
419,361,0.60
420,361,0.30
421,361,0.30
422,361,0.30
423,361,0.30
424,361,0.30
425,361,0.30
426,361,0.30
427,361,0.30
399,342,0.30
400,342,0.30
401,342,0.30
402,342,0.30
403,342,0.30
404,342,0.30
405,342,0.30
406,342,0.30
399,343,0.30
400,343,0.30
401,343,0.30
402,343,0.30
403,343,0.30
404,343,0.30
405,343,0.32
406,343,0.37
399,344,0.60
400,344,0.60
401,344,0.60
402,344,0.60
403,344,0.60
404,344,0.68
405,344,0.75
406,344,0.80
399,345,0.67
400,345,0.62
401,345,0.60
402,345,0.61
403,345,0.71
404,345,0.80
405,345,0.87
406,345,0.93
399,346,0.80
400,346,0.75
401,346,0.68
402,346,0.71
403,346,0.81
404,346,0.91
405,346,0.99
406,346,1.00
399,347,0.93
400,347,0.87
401,347,0.87
402,347,0.90
403,347,0.92
404,347,1.00
405,347,1.00
406,347,1.00
399,348,1.00
400,348,1.00
401,348,1.00
402,348,1.00
403,348,1.00
404,348,1.00
405,348,1.00
406,348,1.00
399,349,1.00
400,349,1.00
401,349,1.00
402,349,1.00
403,349,1.00
404,349,1.00
405,349,1.00
406,349,1.00
399,350,1.00
400,350,1.00
401,350,1.00
402,350,1.00
403,350,1.00
404,350,1.00
405,350,1.00
406,350,1.00
399,351,1.00
400,351,1.00
401,351,1.00
402,351,1.00
403,351,1.00
404,351,1.00
405,351,1.00
406,351,1.00
399,352,1.00
400,352,1.00
401,352,1.00
402,352,1.00
403,352,1.00
404,352,1.00
405,352,1.00
406,352,1.00
399,353,1.00
400,353,1.00
401,353,1.00
402,353,1.00
403,353,1.00
404,353,1.00
405,353,1.00
406,353,1.00
399,354,1.00
400,354,1.00
401,354,1.00
402,354,1.00
403,354,1.00
404,354,1.00
405,354,1.00
406,354,1.00
399,355,1.00
400,355,1.00
401,355,1.00
402,355,1.00
403,355,1.00
404,355,1.00
405,355,1.00
406,355,1.00
399,356,1.00
400,356,1.00
401,356,1.00
402,356,1.00
403,356,1.00
404,356,1.00
405,356,1.00
406,356,1.00
399,357,1.00
400,357,1.00
401,357,1.00
402,357,1.00
403,357,1.00
404,357,1.00
405,357,1.00
406,357,1.00
399,358,1.00
400,358,1.00
401,358,1.00
402,358,1.00
403,358,1.00
404,358,1.00
405,358,1.00
406,358,1.00
399,359,1.00
400,359,1.00
401,359,1.00
402,359,0.92
403,359,0.90
404,359,0.87
405,359,0.87
406,359,0.93
399,360,1.00
400,360,0.99
401,360,0.91
402,360,0.81
403,360,0.71
404,360,0.68
405,360,0.75
406,360,0.80
399,361,0.93
400,361,0.87
401,361,0.80
402,361,0.71
403,361,0.61
404,361,0.60
405,361,0.62
406,361,0.67
399,362,0.80
400,362,0.75
401,362,0.68
402,362,0.60
403,362,0.60
404,362,0.60
405,362,0.60
406,362,0.60
407,362,0.30
408,362,0.30
409,362,0.30
410,362,0.30
411,362,0.30
412,362,0.30
413,362,0.30
414,362,0.30
415,362,0.30
416,362,0.30
417,362,0.30
418,362,0.30
419,362,0.30
386,344,0.30
387,344,0.30
388,344,0.30
389,344,0.30
390,344,0.30
391,344,0.30
392,344,0.30
393,344,0.30
394,344,0.30
395,344,0.30
396,344,0.30
397,344,0.30
398,344,0.30
386,345,0.30
387,345,0.30
388,345,0.30
389,345,0.30
390,345,0.30
391,345,0.30
392,345,0.32
393,345,0.37
394,345,0.41
395,345,0.43
396,345,0.44
397,345,0.43
398,345,0.41
386,346,0.30
387,346,0.30
388,346,0.30
389,346,0.30
390,346,0.30
391,346,0.38
392,346,0.45
393,346,0.50
394,346,0.55
395,346,0.57
396,346,0.58
397,346,0.57
398,346,0.55
386,347,0.60
387,347,0.60
388,347,0.60
389,347,0.31
390,347,0.41
391,347,0.50
392,347,0.57
393,347,0.63
394,347,0.68
395,347,0.71
396,347,0.72
397,347,0.71
398,347,0.68
386,348,0.60
387,348,0.60
388,348,0.60
389,348,0.41
390,348,0.51
391,348,0.61
392,348,0.69
393,348,0.76
394,348,0.81
395,348,0.85
396,348,0.86
397,348,0.85
398,348,0.81
386,349,0.60
387,349,0.60
388,349,0.68
389,349,0.50
390,349,0.61
391,349,0.71
392,349,0.80
393,349,0.88
394,349,0.95
395,349,0.99
396,349,1.00
397,349,0.99
398,349,0.95
386,350,0.60
387,350,0.62
388,350,0.75
389,350,0.57
390,350,0.69
391,350,0.80
392,350,0.91
393,350,1.00
394,350,1.00
395,350,1.00
396,350,1.00
397,350,1.00
398,350,1.00
386,351,0.60
387,351,0.67
388,351,0.80
389,351,0.63
390,351,0.76
391,351,0.88
392,351,1.00
393,351,1.00
394,351,1.00
395,351,1.00
396,351,1.00
397,351,1.00
398,351,1.00
386,352,0.68
387,352,0.71
388,352,0.85
389,352,0.68
390,352,0.81
391,352,0.95
392,352,1.00
393,352,1.00
394,352,1.00
395,352,1.00
396,352,1.00
397,352,1.00
398,352,1.00
386,353,0.75
387,353,0.75
388,353,0.87
389,353,0.71
390,353,0.85
391,353,0.99
392,353,1.00
393,353,1.00
394,353,1.00
395,353,1.00
396,353,1.00
397,353,1.00
398,353,1.00
386,354,0.80
387,354,0.81
388,354,0.88
389,354,0.72
390,354,0.86
391,354,1.00
392,354,1.00
393,354,1.00
394,354,1.00
395,354,1.00
396,354,1.00
397,354,1.00
398,354,1.00
386,355,0.85
387,355,0.84
388,355,0.87
389,355,0.71
390,355,0.85
391,355,0.99
392,355,1.00
393,355,1.00
394,355,1.00
395,355,1.00
396,355,1.00
397,355,1.00
398,355,1.00
386,356,0.87
387,356,0.84
388,356,0.85
389,356,0.68
390,356,0.81
391,356,0.95
392,356,1.00
393,356,1.00
394,356,1.00
395,356,1.00
396,356,1.00
397,356,1.00
398,356,1.00
386,357,0.88
387,357,0.81
388,357,0.80
389,357,0.63
390,357,0.76
391,357,0.88
392,357,1.00
393,357,1.00
394,357,1.00
395,357,1.00
396,357,1.00
397,357,1.00
398,357,1.00
386,358,0.87
387,358,0.75
388,358,0.75
389,358,0.57
390,358,0.69
391,358,0.80
392,358,0.91
393,358,1.00
394,358,1.00
395,358,1.00
396,358,1.00
397,358,1.00
398,358,1.00
386,359,0.85
387,359,0.71
388,359,0.68
389,359,0.50
390,359,0.61
391,359,0.71
392,359,0.80
393,359,0.88
394,359,0.95
395,359,0.99
396,359,1.00
397,359,0.99
398,359,0.95
386,360,0.80
387,360,0.67
388,360,0.60
389,360,0.41
390,360,0.51
391,360,0.61
392,360,0.69
393,360,0.76
394,360,0.81
395,360,0.85
396,360,0.86
397,360,0.85
398,360,0.81
386,361,0.75
387,361,0.62
388,361,0.60
389,361,0.31
390,361,0.41
391,361,0.50
392,361,0.57
393,361,0.63
394,361,0.68
395,361,0.71
396,361,0.72
397,361,0.71
398,361,0.68
386,362,0.68
387,362,0.60
388,362,0.60
389,362,0.30
390,362,0.30
391,362,0.38
392,362,0.45
393,362,0.50
394,362,0.55
395,362,0.57
396,362,0.58
397,362,0.57
398,362,0.55
386,363,0.60
387,363,0.60
388,363,0.60
389,363,0.30
390,363,0.30
391,363,0.30
392,363,0.32
393,363,0.37
394,363,0.41
395,363,0.43
396,363,0.44
397,363,0.43
398,363,0.41
399,363,0.37
400,363,0.32
401,363,0.30
402,363,0.30
403,363,0.30
404,363,0.30
405,363,0.30
406,363,0.30
386,364,0.60
387,364,0.60
388,364,0.60
389,364,0.30
390,364,0.30
391,364,0.30
392,364,0.30
393,364,0.30
394,364,0.30
395,364,0.30
396,364,0.30
397,364,0.30
398,364,0.30
399,364,0.30
400,364,0.30
401,364,0.30
402,364,0.30
403,364,0.30
404,364,0.30
405,364,0.30
406,364,0.30
368,347,0.30
369,347,0.30
370,347,0.30
371,347,0.30
372,347,0.30
373,347,0.30
374,347,0.30
375,347,0.30
376,347,0.30
377,347,0.30
378,347,0.30
379,347,0.30
380,347,0.30
381,347,0.30
382,347,0.30
383,347,0.30
384,347,0.30
385,347,0.30
368,348,0.90
369,348,0.90
370,348,0.90
371,348,0.90
372,348,0.60
373,348,0.60
374,348,0.62
375,348,0.67
376,348,0.71
377,348,0.73
378,348,0.74
379,348,0.73
380,348,0.71
381,348,0.37
382,348,0.32
383,348,0.30
384,348,0.30
385,348,0.30
368,349,1.00
369,349,1.00
370,349,1.00
371,349,1.00
372,349,0.71
373,349,0.75
374,349,0.77
375,349,0.80
376,349,0.85
377,349,0.87
378,349,0.88
379,349,0.87
380,349,0.85
381,349,0.50
382,349,0.45
383,349,0.38
384,349,0.30
385,349,0.30
368,350,1.00
369,350,1.00
370,350,1.00
371,350,1.00
372,350,0.95
373,350,1.00
374,350,1.00
375,350,1.00
376,350,0.98
377,350,1.00
378,350,1.00
379,350,1.00
380,350,0.98
381,350,0.63
382,350,0.57
383,350,0.50
384,350,0.41
385,350,0.31
368,351,1.00
369,351,1.00
370,351,1.00
371,351,1.00
372,351,1.00
373,351,1.00
374,351,1.00
375,351,1.00
376,351,1.00
377,351,1.00
378,351,1.00
379,351,1.00
380,351,1.00
381,351,0.76
382,351,0.69
383,351,0.61
384,351,0.51
385,351,0.41
368,352,1.00
369,352,1.00
370,352,1.00
371,352,1.00
372,352,1.00
373,352,1.00
374,352,1.00
375,352,1.00
376,352,1.00
377,352,1.00
378,352,1.00
379,352,1.00
380,352,1.00
381,352,0.88
382,352,0.80
383,352,0.71
384,352,0.61
385,352,0.50
368,353,1.00
369,353,1.00
370,353,1.00
371,353,1.00
372,353,1.00
373,353,1.00
374,353,1.00
375,353,1.00
376,353,1.00
377,353,1.00
378,353,1.00
379,353,1.00
380,353,1.00
381,353,1.00
382,353,0.91
383,353,0.80
384,353,0.69
385,353,0.57
368,354,1.00
369,354,1.00
370,354,1.00
371,354,1.00
372,354,1.00
373,354,1.00
374,354,1.00
375,354,1.00
376,354,1.00
377,354,1.00
378,354,1.00
379,354,1.00
380,354,1.00
381,354,1.00
382,354,1.00
383,354,0.88
384,354,0.76
385,354,0.63
368,355,1.00
369,355,1.00
370,355,1.00
371,355,1.00
372,355,1.00
373,355,1.00
374,355,1.00
375,355,1.00
376,355,1.00
377,355,1.00
378,355,1.00
379,355,1.00
380,355,1.00
381,355,1.00
382,355,1.00
383,355,0.95
384,355,0.81
385,355,0.68
368,356,1.00
369,356,1.00
370,356,1.00
371,356,1.00
372,356,1.00
373,356,1.00
374,356,1.00
375,356,1.00
376,356,1.00
377,356,1.00
378,356,1.00
379,356,1.00
380,356,1.00
381,356,1.00
382,356,1.00
383,356,0.99
384,356,0.85
385,356,0.71
368,357,1.00
369,357,1.00
370,357,1.00
371,357,1.00
372,357,1.00
373,357,1.00
374,357,1.00
375,357,1.00
376,357,1.00
377,357,1.00
378,357,1.00
379,357,1.00
380,357,1.00
381,357,1.00
382,357,1.00
383,357,1.00
384,357,0.86
385,357,0.72
368,358,1.00
369,358,1.00
370,358,1.00
371,358,1.00
372,358,1.00
373,358,1.00
374,358,1.00
375,358,1.00
376,358,1.00
377,358,1.00
378,358,1.00
379,358,1.00
380,358,1.00
381,358,1.00
382,358,1.00
383,358,0.99
384,358,0.85
385,358,0.71
368,359,1.00
369,359,1.00
370,359,1.00
371,359,1.00
372,359,1.00
373,359,1.00
374,359,1.00
375,359,1.00
376,359,1.00
377,359,1.00
378,359,1.00
379,359,1.00
380,359,1.00
381,359,1.00
382,359,1.00
383,359,0.95
384,359,0.81
385,359,0.68
368,360,1.00
369,360,1.00
370,360,1.00
371,360,1.00
372,360,1.00
373,360,1.00
374,360,1.00
375,360,1.00
376,360,1.00
377,360,1.00
378,360,1.00
379,360,1.00
380,360,1.00
381,360,1.00
382,360,1.00
383,360,0.88
384,360,0.76
385,360,0.63
368,361,1.00
369,361,1.00
370,361,1.00
371,361,1.00
372,361,1.00
373,361,1.00
374,361,1.00
375,361,1.00
376,361,1.00
377,361,1.00
378,361,1.00
379,361,1.00
380,361,1.00
381,361,1.00
382,361,0.91
383,361,0.80
384,361,0.69
385,361,0.57
368,362,1.00
369,362,1.00
370,362,1.00
371,362,1.00
372,362,1.00
373,362,1.00
374,362,1.00
375,362,1.00
376,362,1.00
377,362,1.00
378,362,1.00
379,362,1.00
380,362,1.00
381,362,0.88
382,362,0.80
383,362,0.71
384,362,0.61
385,362,0.50
368,363,1.00
369,363,1.00
370,363,1.00
371,363,1.00
372,363,1.00
373,363,1.00
374,363,1.00
375,363,1.00
376,363,1.00
377,363,1.00
378,363,1.00
379,363,1.00
380,363,1.00
381,363,0.76
382,363,0.69
383,363,0.61
384,363,0.51
385,363,0.41
368,364,1.00
369,364,1.00
370,364,1.00
371,364,1.00
372,364,1.00
373,364,1.00
374,364,1.00
375,364,1.00
376,364,1.00
377,364,1.00
378,364,1.00
379,364,1.00
380,364,0.98
381,364,0.63
382,364,0.57
383,364,0.50
384,364,0.41
385,364,0.31
368,365,1.00
369,365,1.00
370,365,1.00
371,365,1.00
372,365,0.98
373,365,1.00
374,365,1.00
375,365,1.00
376,365,0.95
377,365,0.89
378,365,0.88
379,365,0.87
380,365,0.85
381,365,0.50
382,365,0.45
383,365,0.38
384,365,0.30
385,365,0.30
386,365,0.30
387,365,0.30
388,365,0.30
368,366,1.00
369,366,1.00
370,366,1.00
371,366,1.00
372,366,0.85
373,366,0.80
374,366,0.77
375,366,0.75
376,366,0.71
377,366,0.73
378,366,0.74
379,366,0.73
380,366,0.71
381,366,0.37
382,366,0.32
383,366,0.30
384,366,0.30
385,366,0.30
386,366,0.30
387,366,0.30
388,366,0.30
368,367,1.00
369,367,1.00
370,367,1.00
371,367,1.00
372,367,0.71
373,367,0.67
374,367,0.62
375,367,0.60
376,367,0.60
377,367,0.60
378,367,0.60
379,367,0.60
380,367,0.60
381,367,0.30
382,367,0.30
383,367,0.30
384,367,0.30
385,367,0.30
386,367,0.30
387,367,0.30
388,367,0.30
360,348,0.90
361,348,0.90
362,348,0.90
363,348,0.90
364,348,0.90
365,348,0.90
366,348,0.60
367,348,0.60
360,349,1.00
361,349,1.00
362,349,1.00
363,349,1.00
364,349,0.97
365,349,0.92
366,349,0.62
367,349,0.67
360,350,1.00
361,350,1.00
362,350,1.00
363,350,1.00
364,350,1.00
365,350,1.00
366,350,0.83
367,350,0.80
360,351,1.00
361,351,1.00
362,351,1.00
363,351,1.00
364,351,1.00
365,351,1.00
366,351,1.00
367,351,1.00
360,352,1.00
361,352,1.00
362,352,1.00
363,352,1.00
364,352,1.00
365,352,1.00
366,352,1.00
367,352,1.00
360,353,1.00
361,353,1.00
362,353,1.00
363,353,1.00
364,353,1.00
365,353,1.00
366,353,1.00
367,353,1.00
360,354,1.00
361,354,1.00
362,354,1.00
363,354,1.00
364,354,1.00
365,354,1.00
366,354,1.00
367,354,1.00
360,355,1.00
361,355,1.00
362,355,1.00
363,355,1.00
364,355,1.00
365,355,1.00
366,355,1.00
367,355,1.00
360,356,1.00
361,356,1.00
362,356,1.00
363,356,1.00
364,356,1.00
365,356,1.00
366,356,1.00
367,356,1.00
360,357,1.00
361,357,1.00
362,357,1.00
363,357,1.00
364,357,1.00
365,357,1.00
366,357,1.00
367,357,1.00
360,358,1.00
361,358,1.00
362,358,1.00
363,358,1.00
364,358,1.00
365,358,1.00
366,358,1.00
367,358,1.00
360,359,1.00
361,359,1.00
362,359,1.00
363,359,1.00
364,359,1.00
365,359,1.00
366,359,1.00
367,359,1.00
360,360,1.00
361,360,1.00
362,360,1.00
363,360,1.00
364,360,1.00
365,360,1.00
366,360,1.00
367,360,1.00
360,361,1.00
361,361,1.00
362,361,1.00
363,361,1.00
364,361,1.00
365,361,1.00
366,361,1.00
367,361,1.00
360,362,1.00
361,362,1.00
362,362,1.00
363,362,1.00
364,362,1.00
365,362,1.00
366,362,1.00
367,362,1.00
360,363,1.00
361,363,1.00
362,363,1.00
363,363,1.00
364,363,1.00
365,363,1.00
366,363,1.00
367,363,1.00
360,364,1.00
361,364,1.00
362,364,1.00
363,364,1.00
364,364,1.00
365,364,1.00
366,364,1.00
367,364,1.00
360,365,1.00
361,365,1.00
362,365,1.00
363,365,1.00
364,365,1.00
365,365,1.00
366,365,1.00
367,365,1.00
360,366,1.00
361,366,1.00
362,366,1.00
363,366,1.00
364,366,1.00
365,366,1.00
366,366,0.83
367,366,0.80
360,367,1.00
361,367,1.00
362,367,1.00
363,367,1.00
364,367,0.97
365,367,0.92
366,367,0.62
367,367,0.67
360,368,0.90
361,368,0.90
362,368,0.90
363,368,0.90
364,368,0.90
365,368,0.90
366,368,0.60
367,368,0.60
368,368,0.60
369,368,0.60
370,368,0.60
371,368,0.60
372,368,0.30
373,368,0.30
374,368,0.30
375,368,0.30
376,368,0.30
377,368,0.30
378,368,0.30
379,368,0.30
380,368,0.30
351,348,0.90
352,348,0.90
353,348,0.90
354,348,0.90
355,348,0.90
356,348,0.90
357,348,0.60
358,348,0.60
359,348,0.60
351,349,0.92
352,349,0.97
353,349,1.00
354,349,1.00
355,349,1.00
356,349,1.00
357,349,0.73
358,349,0.74
359,349,0.73
351,350,1.00
352,350,1.00
353,350,1.00
354,350,1.00
355,350,1.00
356,350,1.00
357,350,0.99
358,350,1.00
359,350,0.99
351,351,1.00
352,351,1.00
353,351,1.00
354,351,1.00
355,351,1.00
356,351,1.00
357,351,1.00
358,351,1.00
359,351,1.00
351,352,1.00
352,352,1.00
353,352,1.00
354,352,1.00
355,352,1.00
356,352,1.00
357,352,1.00
358,352,1.00
359,352,1.00
351,353,1.00
352,353,1.00
353,353,1.00
354,353,1.00
355,353,1.00
356,353,1.00
357,353,1.00
358,353,1.00
359,353,1.00
351,354,1.00
352,354,1.00
353,354,1.00
354,354,1.00
355,354,1.00
356,354,1.00
357,354,1.00
358,354,1.00
359,354,1.00
351,355,1.00
352,355,1.00
353,355,1.00
354,355,1.00
355,355,1.00
356,355,1.00
357,355,1.00
358,355,1.00
359,355,1.00
351,356,1.00
352,356,1.00
353,356,1.00
354,356,1.00
355,356,1.00
356,356,1.00
357,356,1.00
358,356,1.00
359,356,1.00
351,357,1.00
352,357,1.00
353,357,1.00
354,357,1.00
355,357,1.00
356,357,1.00
357,357,1.00
358,357,1.00
359,357,1.00
351,358,1.00
352,358,1.00
353,358,1.00
354,358,1.00
355,358,1.00
356,358,1.00
357,358,1.00
358,358,1.00
359,358,1.00
351,359,1.00
352,359,1.00
353,359,1.00
354,359,1.00
355,359,1.00
356,359,1.00
357,359,1.00
358,359,1.00
359,359,1.00
351,360,1.00
352,360,1.00
353,360,1.00
354,360,1.00
355,360,1.00
356,360,1.00
357,360,1.00
358,360,1.00
359,360,1.00
351,361,1.00
352,361,1.00
353,361,1.00
354,361,1.00
355,361,1.00
356,361,1.00
357,361,1.00
358,361,1.00
359,361,1.00
351,362,1.00
352,362,1.00
353,362,1.00
354,362,1.00
355,362,1.00
356,362,1.00
357,362,1.00
358,362,1.00
359,362,1.00
351,363,1.00
352,363,1.00
353,363,1.00
354,363,1.00
355,363,1.00
356,363,1.00
357,363,1.00
358,363,1.00
359,363,1.00
351,364,1.00
352,364,1.00
353,364,1.00
354,364,1.00
355,364,1.00
356,364,1.00
357,364,1.00
358,364,1.00
359,364,1.00
351,365,1.00
352,365,1.00
353,365,1.00
354,365,1.00
355,365,1.00
356,365,1.00
357,365,1.00
358,365,1.00
359,365,1.00
351,366,1.00
352,366,1.00
353,366,1.00
354,366,1.00
355,366,1.00
356,366,1.00
357,366,0.99
358,366,1.00
359,366,0.99
351,367,0.92
352,367,0.97
353,367,1.00
354,367,1.00
355,367,1.00
356,367,1.00
357,367,0.73
358,367,0.74
359,367,0.73
351,368,0.90
352,368,0.90
353,368,0.90
354,368,0.90
355,368,0.90
356,368,0.90
357,368,0.60
358,368,0.60
359,368,0.60
345,348,0.90
346,348,0.90
347,348,0.90
348,348,0.90
349,348,0.90
350,348,0.90
345,349,1.00
346,349,1.00
347,349,1.00
348,349,1.00
349,349,0.97
350,349,0.92
345,350,1.00
346,350,1.00
347,350,1.00
348,350,1.00
349,350,1.00
350,350,1.00
345,351,1.00
346,351,1.00
347,351,1.00
348,351,1.00
349,351,1.00
350,351,1.00
345,352,1.00
346,352,1.00
347,352,1.00
348,352,1.00
349,352,1.00
350,352,1.00
345,353,1.00
346,353,1.00
347,353,1.00
348,353,1.00
349,353,1.00
350,353,1.00
345,354,1.00
346,354,1.00
347,354,1.00
348,354,1.00
349,354,1.00
350,354,1.00
345,355,1.00
346,355,1.00
347,355,1.00
348,355,1.00
349,355,1.00
350,355,1.00
345,356,1.00
346,356,1.00
347,356,1.00
348,356,1.00
349,356,1.00
350,356,1.00
345,357,1.00
346,357,1.00
347,357,1.00
348,357,1.00
349,357,1.00
350,357,1.00
345,358,1.00
346,358,1.00
347,358,1.00
348,358,1.00
349,358,1.00
350,358,1.00
345,359,1.00
346,359,1.00
347,359,1.00
348,359,1.00
349,359,1.00
350,359,1.00
345,360,1.00
346,360,1.00
347,360,1.00
348,360,1.00
349,360,1.00
350,360,1.00
345,361,1.00
346,361,1.00
347,361,1.00
348,361,1.00
349,361,1.00
350,361,1.00
345,362,1.00
346,362,1.00
347,362,1.00
348,362,1.00
349,362,1.00
350,362,1.00
345,363,1.00
346,363,1.00
347,363,1.00
348,363,1.00
349,363,1.00
350,363,1.00
345,364,1.00
346,364,1.00
347,364,1.00
348,364,1.00
349,364,1.00
350,364,1.00
345,365,1.00
346,365,1.00
347,365,1.00
348,365,1.00
349,365,1.00
350,365,1.00
345,366,1.00
346,366,1.00
347,366,1.00
348,366,1.00
349,366,1.00
350,366,1.00
345,367,1.00
346,367,1.00
347,367,1.00
348,367,1.00
349,367,0.97
350,367,0.92
345,368,0.90
346,368,0.90
347,368,0.90
348,368,0.90
349,368,0.90
350,368,0.90
336,348,1.00
337,348,1.00
338,348,1.00
339,348,1.00
340,348,0.90
341,348,0.90
342,348,0.90
343,348,0.90
344,348,0.60
336,349,1.00
337,349,1.00
338,349,1.00
339,349,1.00
340,349,1.00
341,349,1.00
342,349,1.00
343,349,1.00
344,349,0.73
336,350,1.00
337,350,1.00
338,350,1.00
339,350,1.00
340,350,1.00
341,350,1.00
342,350,1.00
343,350,1.00
344,350,0.99
336,351,1.00
337,351,1.00
338,351,1.00
339,351,1.00
340,351,1.00
341,351,1.00
342,351,1.00
343,351,1.00
344,351,1.00
336,352,1.00
337,352,1.00
338,352,1.00
339,352,1.00
340,352,1.00
341,352,1.00
342,352,1.00
343,352,1.00
344,352,1.00
336,353,1.00
337,353,1.00
338,353,1.00
339,353,1.00
340,353,1.00
341,353,1.00
342,353,1.00
343,353,1.00
344,353,1.00
336,354,1.00
337,354,1.00
338,354,1.00
339,354,1.00
340,354,1.00
341,354,1.00
342,354,1.00
343,354,1.00
344,354,1.00
336,355,1.00
337,355,1.00
338,355,1.00
339,355,1.00
340,355,1.00
341,355,1.00
342,355,1.00
343,355,1.00
344,355,1.00
336,356,1.00
337,356,1.00
338,356,1.00
339,356,1.00
340,356,1.00
341,356,1.00
342,356,1.00
343,356,1.00
344,356,1.00
336,357,1.00
337,357,1.00
338,357,1.00
339,357,1.00
340,357,1.00
341,357,1.00
342,357,1.00
343,357,1.00
344,357,1.00
336,358,1.00
337,358,1.00
338,358,1.00
339,358,1.00
340,358,1.00
341,358,1.00
342,358,1.00
343,358,1.00
344,358,1.00
336,359,1.00
337,359,1.00
338,359,1.00
339,359,1.00
340,359,1.00
341,359,1.00
342,359,1.00
343,359,1.00
344,359,1.00
336,360,1.00
337,360,1.00
338,360,1.00
339,360,1.00
340,360,1.00
341,360,1.00
342,360,1.00
343,360,1.00
344,360,1.00
336,361,1.00
337,361,1.00
338,361,1.00
339,361,1.00
340,361,1.00
341,361,1.00
342,361,1.00
343,361,1.00
344,361,1.00
336,362,1.00
337,362,1.00
338,362,1.00
339,362,1.00
340,362,1.00
341,362,1.00
342,362,1.00
343,362,1.00
344,362,1.00
336,363,1.00
337,363,1.00
338,363,1.00
339,363,1.00
340,363,1.00
341,363,1.00
342,363,1.00
343,363,1.00
344,363,1.00
336,364,1.00
337,364,1.00
338,364,1.00
339,364,1.00
340,364,1.00
341,364,1.00
342,364,1.00
343,364,1.00
344,364,1.00
336,365,1.00
337,365,1.00
338,365,1.00
339,365,1.00
340,365,1.00
341,365,1.00
342,365,1.00
343,365,1.00
344,365,1.00
336,366,1.00
337,366,1.00
338,366,1.00
339,366,1.00
340,366,1.00
341,366,1.00
342,366,1.00
343,366,1.00
344,366,0.99
336,367,1.00
337,367,1.00
338,367,1.00
339,367,1.00
340,367,1.00
341,367,1.00
342,367,1.00
343,367,1.00
344,367,0.73
336,368,1.00
337,368,1.00
338,368,1.00
339,368,1.00
340,368,0.90
341,368,0.90
342,368,0.90
343,368,0.90
344,368,0.60
330,348,1.00
331,348,1.00
332,348,1.00
333,348,1.00
334,348,1.00
335,348,1.00
330,349,1.00
331,349,1.00
332,349,1.00
333,349,1.00
334,349,1.00
335,349,1.00
330,350,1.00
331,350,1.00
332,350,1.00
333,350,1.00
334,350,1.00
335,350,1.00
330,351,1.00
331,351,1.00
332,351,1.00
333,351,1.00
334,351,1.00
335,351,1.00
330,352,1.00
331,352,1.00
332,352,1.00
333,352,1.00
334,352,1.00
335,352,1.00
330,353,1.00
331,353,1.00
332,353,1.00
333,353,1.00
334,353,1.00
335,353,1.00
330,354,1.00
331,354,1.00
332,354,1.00
333,354,1.00
334,354,1.00
335,354,1.00
330,355,1.00
331,355,1.00
332,355,1.00
333,355,1.00
334,355,1.00
335,355,1.00
330,356,1.00
331,356,1.00
332,356,1.00
333,356,1.00
334,356,1.00
335,356,1.00
330,357,1.00
331,357,1.00
332,357,1.00
333,357,1.00
334,357,1.00
335,357,1.00
330,358,1.00
331,358,1.00
332,358,1.00
333,358,1.00
334,358,1.00
335,358,1.00
330,359,1.00
331,359,1.00
332,359,1.00
333,359,1.00
334,359,1.00
335,359,1.00
330,360,1.00
331,360,1.00
332,360,1.00
333,360,1.00
334,360,1.00
335,360,1.00
330,361,1.00
331,361,1.00
332,361,1.00
333,361,1.00
334,361,1.00
335,361,1.00
330,362,1.00
331,362,1.00
332,362,1.00
333,362,1.00
334,362,1.00
335,362,1.00
330,363,1.00
331,363,1.00
332,363,1.00
333,363,1.00
334,363,1.00
335,363,1.00
330,364,1.00
331,364,1.00
332,364,1.00
333,364,1.00
334,364,1.00
335,364,1.00
330,365,1.00
331,365,1.00
332,365,1.00
333,365,1.00
334,365,1.00
335,365,1.00
330,366,1.00
331,366,1.00
332,366,1.00
333,366,1.00
334,366,1.00
335,366,1.00
330,367,1.00
331,367,1.00
332,367,1.00
333,367,1.00
334,367,1.00
335,367,1.00
330,368,1.00
331,368,1.00
332,368,1.00
333,368,1.00
334,368,1.00
335,368,1.00
323,348,1.00
324,348,1.00
325,348,1.00
326,348,1.00
327,348,1.00
328,348,1.00
329,348,1.00
323,349,1.00
324,349,1.00
325,349,1.00
326,349,1.00
327,349,1.00
328,349,1.00
329,349,1.00
323,350,1.00
324,350,1.00
325,350,1.00
326,350,1.00
327,350,1.00
328,350,1.00
329,350,1.00
323,351,1.00
324,351,1.00
325,351,1.00
326,351,1.00
327,351,1.00
328,351,1.00
329,351,1.00
323,352,1.00
324,352,1.00
325,352,1.00
326,352,1.00
327,352,1.00
328,352,1.00
329,352,1.00
323,353,1.00
324,353,1.00
325,353,1.00
326,353,1.00
327,353,1.00
328,353,1.00
329,353,1.00
323,354,1.00
324,354,1.00
325,354,1.00
326,354,1.00
327,354,1.00
328,354,1.00
329,354,1.00
323,355,1.00
324,355,1.00
325,355,1.00
326,355,1.00
327,355,1.00
328,355,1.00
329,355,1.00
323,356,1.00
324,356,1.00
325,356,1.00
326,356,1.00
327,356,1.00
328,356,1.00
329,356,1.00
323,357,1.00
324,357,1.00
325,357,1.00
326,357,1.00
327,357,1.00
328,357,1.00
329,357,1.00
323,358,1.00
324,358,1.00
325,358,1.00
326,358,1.00
327,358,1.00
328,358,1.00
329,358,1.00
323,359,1.00
324,359,1.00
325,359,1.00
326,359,1.00
327,359,1.00
328,359,1.00
329,359,1.00
323,360,1.00
324,360,1.00
325,360,1.00
326,360,1.00
327,360,1.00
328,360,1.00
329,360,1.00
323,361,1.00
324,361,1.00
325,361,1.00
326,361,1.00
327,361,1.00
328,361,1.00
329,361,1.00
323,362,1.00
324,362,1.00
325,362,1.00
326,362,1.00
327,362,1.00
328,362,1.00
329,362,1.00
323,363,1.00
324,363,1.00
325,363,1.00
326,363,1.00
327,363,1.00
328,363,1.00
329,363,1.00
323,364,1.00
324,364,1.00
325,364,1.00
326,364,1.00
327,364,1.00
328,364,1.00
329,364,1.00
323,365,1.00
324,365,1.00
325,365,1.00
326,365,1.00
327,365,1.00
328,365,1.00
329,365,1.00
323,366,1.00
324,366,1.00
325,366,1.00
326,366,1.00
327,366,1.00
328,366,1.00
329,366,1.00
323,367,1.00
324,367,1.00
325,367,1.00
326,367,1.00
327,367,1.00
328,367,1.00
329,367,1.00
323,368,1.00
324,368,1.00
325,368,1.00
326,368,1.00
327,368,1.00
328,368,1.00
329,368,1.00
319,348,0.90
320,348,0.90
321,348,0.90
322,348,0.90
319,349,1.00
320,349,1.00
321,349,1.00
322,349,1.00
319,350,1.00
320,350,1.00
321,350,1.00
322,350,1.00
319,351,1.00
320,351,1.00
321,351,1.00
322,351,1.00
319,352,1.00
320,352,1.00
321,352,1.00
322,352,1.00
319,353,1.00
320,353,1.00
321,353,1.00
322,353,1.00
319,354,1.00
320,354,1.00
321,354,1.00
322,354,1.00
319,355,1.00
320,355,1.00
321,355,1.00
322,355,1.00
319,356,1.00
320,356,1.00
321,356,1.00
322,356,1.00
319,357,1.00
320,357,1.00
321,357,1.00
322,357,1.00
319,358,1.00
320,358,1.00
321,358,1.00
322,358,1.00
319,359,1.00
320,359,1.00
321,359,1.00
322,359,1.00
319,360,1.00
320,360,1.00
321,360,1.00
322,360,1.00
319,361,1.00
320,361,1.00
321,361,1.00
322,361,1.00
319,362,1.00
320,362,1.00
321,362,1.00
322,362,1.00
319,363,1.00
320,363,1.00
321,363,1.00
322,363,1.00
319,364,1.00
320,364,1.00
321,364,1.00
322,364,1.00
319,365,1.00
320,365,1.00
321,365,1.00
322,365,1.00
319,366,1.00
320,366,1.00
321,366,1.00
322,366,1.00
319,367,1.00
320,367,1.00
321,367,1.00
322,367,1.00
319,368,1.00
320,368,1.00
321,368,1.00
322,368,1.00
317,348,0.60
318,348,0.60
317,349,0.90
318,349,0.90
317,350,1.00
318,350,1.00
317,351,1.00
318,351,1.00
317,352,1.00
318,352,1.00
317,353,1.00
318,353,1.00
317,354,1.00
318,354,1.00
317,355,1.00
318,355,1.00
317,356,1.00
318,356,1.00
317,357,1.00
318,357,1.00
317,358,1.00
318,358,1.00
317,359,1.00
318,359,1.00
317,360,1.00
318,360,1.00
317,361,1.00
318,361,1.00
317,362,1.00
318,362,1.00
317,363,1.00
318,363,1.00
317,364,1.00
318,364,1.00
317,365,1.00
318,365,1.00
317,366,1.00
318,366,1.00
317,367,1.00
318,367,1.00
317,368,1.00
318,368,1.00
316,348,0.30
316,349,0.60
316,350,0.90
316,351,1.00
316,352,1.00
316,353,1.00
316,354,1.00
316,355,1.00
316,356,1.00
316,357,1.00
316,358,1.00
316,359,1.00
316,360,1.00
316,361,1.00
316,362,1.00
316,363,1.00
316,364,1.00
316,365,1.00
316,366,1.00
316,367,1.00
316,368,1.00
315,349,0.30
315,350,0.60
315,351,0.90
315,352,1.00
315,353,1.00
315,354,1.00
315,355,1.00
315,356,1.00
315,357,1.00
315,358,1.00
315,359,1.00
315,360,1.00
315,361,1.00
315,362,1.00
315,363,1.00
315,364,1.00
315,365,1.00
315,366,1.00
315,367,1.00
315,368,1.00
315,369,1.00
316,369,1.00
317,369,1.00
318,369,1.00
319,369,1.00
320,369,1.00
321,369,1.00
322,369,1.00
323,369,1.00
324,369,1.00
325,369,1.00
326,369,1.00
327,369,1.00
328,369,1.00
329,369,0.90
330,369,0.90
331,369,0.90
332,369,0.60
333,369,0.60
334,369,0.60
335,369,0.30
314,350,0.30
314,351,0.60
314,352,0.90
314,353,1.00
314,354,1.00
314,355,1.00
314,356,1.00
314,357,1.00
314,358,1.00
314,359,1.00
314,360,1.00
314,361,1.00
314,362,1.00
314,363,1.00
314,364,1.00
314,365,1.00
314,366,1.00
314,367,1.00
314,368,1.00
314,369,1.00
314,370,1.00
315,370,1.00
316,370,1.00
317,370,1.00
318,370,1.00
319,370,1.00
320,370,1.00
321,370,1.00
322,370,1.00
323,370,1.00
324,370,1.00
325,370,1.00
326,370,1.00
327,370,1.00
328,370,1.00
329,370,0.60
330,370,0.60
331,370,0.60
332,370,0.30
333,370,0.30
334,370,0.30
311,351,0.30
312,351,0.30
313,351,0.30
311,352,0.60
312,352,0.60
313,352,0.60
311,353,1.00
312,353,1.00
313,353,1.00
311,354,1.00
312,354,1.00
313,354,1.00
311,355,1.00
312,355,1.00
313,355,1.00
311,356,1.00
312,356,1.00
313,356,1.00
311,357,1.00
312,357,1.00
313,357,1.00
311,358,1.00
312,358,1.00
313,358,1.00
311,359,1.00
312,359,1.00
313,359,1.00
311,360,1.00
312,360,1.00
313,360,1.00
311,361,1.00
312,361,1.00
313,361,1.00
311,362,1.00
312,362,1.00
313,362,1.00
311,363,1.00
312,363,1.00
313,363,1.00
311,364,1.00
312,364,1.00
313,364,1.00
311,365,1.00
312,365,1.00
313,365,1.00
311,366,1.00
312,366,1.00
313,366,1.00
311,367,1.00
312,367,1.00
313,367,1.00
311,368,1.00
312,368,1.00
313,368,1.00
311,369,1.00
312,369,1.00
313,369,1.00
311,370,1.00
312,370,1.00
313,370,1.00
311,371,1.00
312,371,1.00
313,371,1.00
314,371,1.00
315,371,1.00
316,371,1.00
317,371,1.00
318,371,1.00
319,371,1.00
320,371,1.00
321,371,1.00
322,371,1.00
323,371,1.00
324,371,1.00
325,371,1.00
326,371,1.00
327,371,1.00
328,371,0.90
329,371,0.30
330,371,0.30
331,371,0.30
307,352,0.30
308,352,0.30
309,352,0.30
310,352,0.30
307,353,1.00
308,353,1.00
309,353,1.00
310,353,1.00
307,354,1.00
308,354,1.00
309,354,1.00
310,354,1.00
307,355,1.00
308,355,1.00
309,355,1.00
310,355,1.00
307,356,1.00
308,356,1.00
309,356,1.00
310,356,1.00
307,357,1.00
308,357,1.00
309,357,1.00
310,357,1.00
307,358,1.00
308,358,1.00
309,358,1.00
310,358,1.00
307,359,1.00
308,359,1.00
309,359,1.00
310,359,1.00
307,360,1.00
308,360,1.00
309,360,1.00
310,360,1.00
307,361,1.00
308,361,1.00
309,361,1.00
310,361,1.00
307,362,1.00
308,362,1.00
309,362,1.00
310,362,1.00
307,363,1.00
308,363,1.00
309,363,1.00
310,363,1.00
307,364,1.00
308,364,1.00
309,364,1.00
310,364,1.00
307,365,1.00
308,365,1.00
309,365,1.00
310,365,1.00
307,366,1.00
308,366,1.00
309,366,1.00
310,366,1.00
307,367,1.00
308,367,1.00
309,367,1.00
310,367,1.00
307,368,1.00
308,368,1.00
309,368,1.00
310,368,1.00
307,369,1.00
308,369,1.00
309,369,1.00
310,369,1.00
307,370,1.00
308,370,1.00
309,370,1.00
310,370,1.00
307,371,1.00
308,371,1.00
309,371,1.00
310,371,1.00
307,372,1.00
308,372,1.00
309,372,1.00
310,372,1.00
311,372,1.00
312,372,1.00
313,372,1.00
314,372,1.00
315,372,1.00
316,372,1.00
317,372,1.00
318,372,1.00
319,372,1.00
320,372,1.00
321,372,1.00
322,372,1.00
323,372,1.00
324,372,1.00
325,372,1.00
326,372,1.00
327,372,1.00
305,353,0.90
306,353,0.90
305,354,1.00
306,354,1.00
305,355,1.00
306,355,1.00
305,356,1.00
306,356,1.00
305,357,1.00
306,357,1.00
305,358,1.00
306,358,1.00
305,359,1.00
306,359,1.00
305,360,1.00
306,360,1.00
305,361,1.00
306,361,1.00
305,362,1.00
306,362,1.00
305,363,1.00
306,363,1.00
305,364,1.00
306,364,1.00
305,365,1.00
306,365,1.00
305,366,1.00
306,366,1.00
305,367,1.00
306,367,1.00
305,368,1.00
306,368,1.00
305,369,1.00
306,369,1.00
305,370,1.00
306,370,1.00
305,371,1.00
306,371,1.00
305,372,1.00
306,372,1.00
305,373,1.00
306,373,1.00
307,373,1.00
308,373,1.00
309,373,1.00
310,373,1.00
311,373,1.00
312,373,1.00
313,373,1.00
314,373,1.00
315,373,1.00
316,373,1.00
317,373,1.00
318,373,1.00
319,373,1.00
320,373,1.00
321,373,1.00
322,373,1.00
323,373,1.00
324,373,1.00
325,373,1.00
305,374,1.00
306,374,1.00
307,374,1.00
308,374,1.00
309,374,1.00
310,374,1.00
311,374,1.00
312,374,1.00
313,374,1.00
314,374,1.00
315,374,1.00
316,374,1.00
317,374,1.00
318,374,1.00
319,374,1.00
320,374,1.00
321,374,1.00
322,374,1.00
323,374,1.00
324,374,1.00
325,374,1.00
305,375,0.90
306,375,1.00
307,375,1.00
308,375,1.00
309,375,1.00
310,375,1.00
311,375,1.00
312,375,1.00
313,375,1.00
314,375,1.00
315,375,1.00
316,375,1.00
317,375,1.00
318,375,1.00
319,375,1.00
320,375,1.00
321,375,1.00
322,375,1.00
323,375,1.00
324,375,1.00
325,375,1.00
305,376,0.60
306,376,0.90
307,376,1.00
308,376,1.00
309,376,1.00
310,376,1.00
311,376,1.00
312,376,1.00
313,376,1.00
314,376,1.00
315,376,1.00
316,376,1.00
317,376,1.00
318,376,1.00
319,376,1.00
320,376,1.00
321,376,1.00
322,376,1.00
323,376,1.00
324,376,1.00
325,376,1.00
305,377,0.30
306,377,0.60
307,377,1.00
308,377,1.00
309,377,1.00
310,377,1.00
311,377,1.00
312,377,1.00
313,377,1.00
314,377,1.00
315,377,1.00
316,377,1.00
317,377,1.00
318,377,1.00
319,377,1.00
320,377,1.00
321,377,1.00
322,377,1.00
323,377,1.00
324,377,1.00
325,377,1.00
326,373,1.00
326,374,1.00
326,375,1.00
326,376,1.00
326,377,1.00
306,378,0.30
307,378,0.90
308,378,1.00
309,378,1.00
310,378,1.00
311,378,1.00
312,378,1.00
313,378,1.00
314,378,1.00
315,378,1.00
316,378,1.00
317,378,1.00
318,378,1.00
319,378,1.00
320,378,1.00
321,378,1.00
322,378,1.00
323,378,1.00
324,378,1.00
325,378,1.00
326,378,1.00
306,379,0.30
307,379,0.90
308,379,1.00
309,379,1.00
310,379,1.00
311,379,1.00
312,379,1.00
313,379,1.00
314,379,1.00
315,379,1.00
316,379,1.00
317,379,1.00
318,379,1.00
319,379,1.00
320,379,1.00
321,379,1.00
322,379,1.00
323,379,1.00
324,379,1.00
325,379,1.00
326,379,1.00
306,380,0.30
307,380,0.90
308,380,1.00
309,380,1.00
310,380,1.00
311,380,1.00
312,380,1.00
313,380,1.00
314,380,1.00
315,380,1.00
316,380,1.00
317,380,1.00
318,380,1.00
319,380,1.00
320,380,1.00
321,380,1.00
322,380,1.00
323,380,1.00
324,380,1.00
325,380,1.00
326,380,1.00
306,381,0.30
307,381,0.90
308,381,1.00
309,381,1.00
310,381,1.00
311,381,1.00
312,381,1.00
313,381,1.00
314,381,1.00
315,381,1.00
316,381,1.00
317,381,1.00
318,381,1.00
319,381,1.00
320,381,1.00
321,381,1.00
322,381,1.00
323,381,1.00
324,381,1.00
325,381,1.00
326,381,1.00
306,382,0.30
307,382,0.90
308,382,1.00
309,382,1.00
310,382,1.00
311,382,1.00
312,382,1.00
313,382,1.00
314,382,1.00
315,382,1.00
316,382,1.00
317,382,1.00
318,382,1.00
319,382,1.00
320,382,1.00
321,382,1.00
322,382,1.00
323,382,1.00
324,382,1.00
325,382,1.00
326,382,1.00
327,373,1.00
327,374,1.00
327,375,1.00
327,376,1.00
327,377,1.00
327,378,1.00
327,379,1.00
327,380,1.00
327,381,1.00
327,382,1.00
307,383,0.60
308,383,1.00
309,383,1.00
310,383,1.00
311,383,1.00
312,383,1.00
313,383,1.00
314,383,1.00
315,383,1.00
316,383,1.00
317,383,1.00
318,383,1.00
319,383,1.00
320,383,1.00
321,383,1.00
322,383,1.00
323,383,1.00
324,383,1.00
325,383,1.00
326,383,1.00
327,383,1.00
307,384,0.60
308,384,1.00
309,384,1.00
310,384,1.00
311,384,1.00
312,384,1.00
313,384,1.00
314,384,1.00
315,384,1.00
316,384,1.00
317,384,1.00
318,384,1.00
319,384,1.00
320,384,1.00
321,384,1.00
322,384,1.00
323,384,1.00
324,384,1.00
325,384,1.00
326,384,1.00
327,384,1.00
307,385,0.60
308,385,1.00
309,385,1.00
310,385,1.00
311,385,1.00
312,385,1.00
313,385,1.00
314,385,1.00
315,385,1.00
316,385,1.00
317,385,1.00
318,385,1.00
319,385,1.00
320,385,1.00
321,385,1.00
322,385,1.00
323,385,1.00
324,385,1.00
325,385,1.00
326,385,1.00
327,385,1.00
307,386,0.30
308,386,0.90
309,386,0.90
310,386,1.00
311,386,1.00
312,386,1.00
313,386,1.00
314,386,1.00
315,386,1.00
316,386,1.00
317,386,1.00
318,386,1.00
319,386,1.00
320,386,1.00
321,386,1.00
322,386,1.00
323,386,1.00
324,386,1.00
325,386,1.00
326,386,1.00
327,386,1.00
307,387,0.30
308,387,0.90
309,387,0.90
310,387,1.00
311,387,1.00
312,387,1.00
313,387,1.00
314,387,1.00
315,387,1.00
316,387,1.00
317,387,1.00
318,387,1.00
319,387,1.00
320,387,1.00
321,387,1.00
322,387,1.00
323,387,1.00
324,387,1.00
325,387,1.00
326,387,1.00
327,387,1.00
307,388,0.30
308,388,0.90
309,388,0.90
310,388,1.00
311,388,1.00
312,388,1.00
313,388,1.00
314,388,1.00
315,388,1.00
316,388,1.00
317,388,1.00
318,388,1.00
319,388,1.00
320,388,1.00
321,388,1.00
322,388,1.00
323,388,1.00
324,388,1.00
325,388,1.00
326,388,1.00
327,388,1.00
328,372,0.60
328,373,0.90
328,374,0.90
328,375,0.90
328,376,0.90
328,377,0.90
328,378,1.00
328,379,1.00
328,380,1.00
328,381,1.00
328,382,1.00
328,383,1.00
328,384,1.00
328,385,1.00
328,386,1.00
328,387,1.00
328,388,1.00
308,389,0.30
309,389,0.30
310,389,0.60
311,389,0.60
312,389,0.60
313,389,0.71
314,389,1.00
315,389,1.00
316,389,1.00
317,389,1.00
318,389,1.00
319,389,1.00
320,389,1.00
321,389,1.00
322,389,1.00
323,389,1.00
324,389,1.00
325,389,1.00
326,389,1.00
327,389,1.00
328,389,1.00
329,373,0.30
330,373,0.30
329,374,0.30
330,374,0.30
329,375,0.30
330,375,0.30
329,376,0.30
330,376,0.30
329,377,0.30
330,377,0.30
329,378,0.60
330,378,0.60
329,379,1.00
330,379,1.00
329,380,1.00
330,380,1.00
329,381,1.00
330,381,1.00
329,382,1.00
330,382,1.00
329,383,1.00
330,383,1.00
329,384,1.00
330,384,1.00
329,385,1.00
330,385,1.00
329,386,1.00
330,386,1.00
329,387,1.00
330,387,1.00
329,388,1.00
330,388,1.00
329,389,1.00
330,389,1.00
310,390,0.30
311,390,0.30
312,390,0.30
313,390,0.31
314,390,0.71
315,390,1.00
316,390,1.00
317,390,1.00
318,390,1.00
319,390,1.00
320,390,1.00
321,390,1.00
322,390,1.00
323,390,1.00
324,390,1.00
325,390,1.00
326,390,1.00
327,390,1.00
328,390,1.00
329,390,1.00
330,390,1.00
310,391,0.30
311,391,0.30
312,391,0.30
313,391,0.30
314,391,0.60
315,391,1.00
316,391,1.00
317,391,1.00
318,391,1.00
319,391,1.00
320,391,1.00
321,391,1.00
322,391,1.00
323,391,1.00
324,391,1.00
325,391,1.00
326,391,1.00
327,391,1.00
328,391,1.00
329,391,1.00
330,391,1.00
310,392,0.30
311,392,0.30
312,392,0.30
313,392,0.30
314,392,0.60
315,392,0.92
316,392,1.00
317,392,1.00
318,392,1.00
319,392,1.00
320,392,1.00
321,392,1.00
322,392,1.00
323,392,1.00
324,392,1.00
325,392,1.00
326,392,1.00
327,392,1.00
328,392,1.00
329,392,1.00
330,392,1.00
310,393,0.30
311,393,0.30
312,393,0.30
313,393,0.30
314,393,0.60
315,393,0.90
316,393,1.00
317,393,1.00
318,393,1.00
319,393,1.00
320,393,1.00
321,393,1.00
322,393,1.00
323,393,1.00
324,393,1.00
325,393,1.00
326,393,1.00
327,393,1.00
328,393,1.00
329,393,1.00
330,393,1.00
331,378,0.30
332,378,0.30
333,378,0.30
334,378,0.30
331,379,1.00
332,379,1.00
333,379,1.00
334,379,1.00
331,380,1.00
332,380,1.00
333,380,1.00
334,380,1.00
331,381,1.00
332,381,1.00
333,381,1.00
334,381,1.00
331,382,1.00
332,382,1.00
333,382,1.00
334,382,1.00
331,383,1.00
332,383,1.00
333,383,1.00
334,383,1.00
331,384,1.00
332,384,1.00
333,384,1.00
334,384,1.00
331,385,1.00
332,385,1.00
333,385,1.00
334,385,1.00
331,386,1.00
332,386,1.00
333,386,1.00
334,386,1.00
331,387,1.00
332,387,1.00
333,387,1.00
334,387,1.00
331,388,1.00
332,388,1.00
333,388,1.00
334,388,1.00
331,389,1.00
332,389,1.00
333,389,1.00
334,389,1.00
331,390,1.00
332,390,1.00
333,390,1.00
334,390,1.00
331,391,1.00
332,391,1.00
333,391,1.00
334,391,1.00
331,392,1.00
332,392,1.00
333,392,1.00
334,392,1.00
331,393,1.00
332,393,1.00
333,393,1.00
334,393,1.00
314,394,0.30
315,394,0.60
316,394,0.60
317,394,1.00
318,394,1.00
319,394,1.00
320,394,1.00
321,394,1.00
322,394,1.00
323,394,1.00
324,394,1.00
325,394,1.00
326,394,1.00
327,394,1.00
328,394,1.00
329,394,1.00
330,394,1.00
331,394,1.00
332,394,1.00
333,394,1.00
334,394,1.00
314,395,0.30
315,395,0.60
316,395,0.60
317,395,0.91
318,395,1.00
319,395,1.00
320,395,1.00
321,395,1.00
322,395,1.00
323,395,1.00
324,395,1.00
325,395,1.00
326,395,1.00
327,395,1.00
328,395,1.00
329,395,1.00
330,395,1.00
331,395,1.00
332,395,1.00
333,395,1.00
334,395,1.00
314,396,0.30
315,396,0.60
316,396,0.60
317,396,0.90
318,396,0.91
319,396,1.00
320,396,1.00
321,396,1.00
322,396,1.00
323,396,1.00
324,396,1.00
325,396,1.00
326,396,1.00
327,396,1.00
328,396,1.00
329,396,1.00
330,396,1.00
331,396,1.00
332,396,1.00
333,396,1.00
334,396,1.00
314,397,0.30
315,397,0.60
316,397,0.60
317,397,0.90
318,397,0.90
319,397,0.90
320,397,1.00
321,397,1.00
322,397,1.00
323,397,1.00
324,397,1.00
325,397,1.00
326,397,1.00
327,397,1.00
328,397,1.00
329,397,1.00
330,397,1.00
331,397,1.00
332,397,1.00
333,397,1.00
334,397,1.00
314,398,0.30
315,398,0.60
316,398,0.60
317,398,0.90
318,398,0.90
319,398,0.90
320,398,1.00
321,398,1.00
322,398,1.00
323,398,1.00
324,398,1.00
325,398,1.00
326,398,1.00
327,398,1.00
328,398,1.00
329,398,1.00
330,398,1.00
331,398,1.00
332,398,1.00
333,398,1.00
334,398,1.00
335,379,1.00
335,380,1.00
335,381,1.00
335,382,1.00
335,383,1.00
335,384,1.00
335,385,1.00
335,386,1.00
335,387,1.00
335,388,1.00
335,389,1.00
335,390,1.00
335,391,1.00
335,392,1.00
335,393,1.00
335,394,1.00
335,395,1.00
335,396,1.00
335,397,1.00
335,398,1.00
315,399,0.30
316,399,0.30
317,399,0.60
318,399,0.60
319,399,0.60
320,399,0.90
321,399,0.90
322,399,0.90
323,399,1.00
324,399,1.00
325,399,1.00
326,399,1.00
327,399,1.00
328,399,1.00
329,399,1.00
330,399,1.00
331,399,1.00
332,399,1.00
333,399,1.00
334,399,1.00
335,399,1.00
336,379,1.00
337,379,1.00
336,380,1.00
337,380,1.00
336,381,1.00
337,381,1.00
336,382,1.00
337,382,1.00
336,383,1.00
337,383,1.00
336,384,1.00
337,384,1.00
336,385,1.00
337,385,1.00
336,386,1.00
337,386,1.00
336,387,1.00
337,387,1.00
336,388,1.00
337,388,1.00
336,389,1.00
337,389,1.00
336,390,1.00
337,390,1.00
336,391,1.00
337,391,1.00
336,392,1.00
337,392,1.00
336,393,1.00
337,393,1.00
336,394,1.00
337,394,1.00
336,395,1.00
337,395,1.00
336,396,1.00
337,396,1.00
336,397,1.00
337,397,1.00
336,398,1.00
337,398,1.00
336,399,1.00
337,399,1.00
338,379,0.90
339,379,0.90
340,379,0.90
338,380,0.90
339,380,0.92
340,380,0.97
338,381,1.00
339,381,1.00
340,381,1.00
338,382,1.00
339,382,1.00
340,382,1.00
338,383,1.00
339,383,1.00
340,383,1.00
338,384,1.00
339,384,1.00
340,384,1.00
338,385,1.00
339,385,1.00
340,385,1.00
338,386,1.00
339,386,1.00
340,386,1.00
338,387,1.00
339,387,1.00
340,387,1.00
338,388,1.00
339,388,1.00
340,388,1.00
338,389,1.00
339,389,1.00
340,389,1.00
338,390,1.00
339,390,1.00
340,390,1.00
338,391,1.00
339,391,1.00
340,391,1.00
338,392,1.00
339,392,1.00
340,392,1.00
338,393,1.00
339,393,1.00
340,393,1.00
338,394,1.00
339,394,1.00
340,394,1.00
338,395,1.00
339,395,1.00
340,395,1.00
338,396,1.00
339,396,1.00
340,396,1.00
338,397,1.00
339,397,1.00
340,397,1.00
338,398,0.90
339,398,0.92
340,398,0.97
338,399,0.90
339,399,0.90
340,399,0.90
341,379,0.60
342,379,0.60
343,379,0.60
341,380,0.71
342,380,0.73
343,380,0.74
341,381,0.85
342,381,0.87
343,381,0.88
341,382,0.98
342,382,1.00
343,382,1.00
341,383,1.00
342,383,1.00
343,383,1.00
341,384,1.00
342,384,1.00
343,384,1.00
341,385,1.00
342,385,1.00
343,385,1.00
341,386,1.00
342,386,1.00
343,386,1.00
341,387,1.00
342,387,1.00
343,387,1.00
341,388,1.00
342,388,1.00
343,388,1.00
341,389,1.00
342,389,1.00
343,389,1.00
341,390,1.00
342,390,1.00
343,390,1.00
341,391,1.00
342,391,1.00
343,391,1.00
341,392,1.00
342,392,1.00
343,392,1.00
341,393,1.00
342,393,1.00
343,393,1.00
341,394,1.00
342,394,1.00
343,394,1.00
341,395,1.00
342,395,1.00
343,395,1.00
341,396,0.98
342,396,1.00
343,396,1.00
341,397,0.85
342,397,0.87
343,397,0.88
341,398,0.71
342,398,0.73
343,398,0.74
341,399,0.60
342,399,0.60
343,399,0.60
344,379,0.30
345,379,0.30
346,379,0.30
347,379,0.30
348,379,0.30
349,379,0.30
350,379,0.30
351,379,0.30
352,379,0.30
353,379,0.30
344,380,0.43
345,380,0.41
346,380,0.37
347,380,0.32
348,380,0.30
349,380,0.30
350,380,0.30
351,380,0.30
352,380,0.30
353,380,0.30
344,381,0.57
345,381,0.55
346,381,0.50
347,381,0.45
348,381,0.38
349,381,0.30
350,381,0.30
351,381,0.30
352,381,0.30
353,381,0.30
344,382,0.71
345,382,0.68
346,382,0.63
347,382,0.57
348,382,0.50
349,382,0.41
350,382,0.31
351,382,0.30
352,382,0.30
353,382,0.30
344,383,0.85
345,383,0.81
346,383,0.76
347,383,0.69
348,383,0.61
349,383,0.51
350,383,0.41
351,383,0.30
352,383,0.30
353,383,0.30
344,384,0.99
345,384,0.95
346,384,0.88
347,384,0.80
348,384,0.71
349,384,0.61
350,384,0.50
351,384,0.38
352,384,0.30
353,384,0.30
344,385,1.00
345,385,1.00
346,385,1.00
347,385,0.91
348,385,0.80
349,385,0.69
350,385,0.57
351,385,0.45
352,385,0.32
353,385,0.30
344,386,1.00
345,386,1.00
346,386,1.00
347,386,1.00
348,386,0.88
349,386,0.76
350,386,0.63
351,386,0.50
352,386,0.37
353,386,0.30
344,387,1.00
345,387,1.00
346,387,1.00
347,387,1.00
348,387,0.95
349,387,0.81
350,387,0.68
351,387,0.55
352,387,0.41
353,387,0.30
344,388,1.00
345,388,1.00
346,388,1.00
347,388,1.00
348,388,0.99
349,388,0.85
350,388,0.71
351,388,0.57
352,388,0.43
353,388,0.30
344,389,1.00
345,389,1.00
346,389,1.00
347,389,1.00
348,389,1.00
349,389,0.86
350,389,0.72
351,389,0.58
352,389,0.44
353,389,0.30
344,390,1.00
345,390,1.00
346,390,1.00
347,390,1.00
348,390,0.99
349,390,0.85
350,390,0.71
351,390,0.57
352,390,0.43
353,390,0.30
344,391,1.00
345,391,1.00
346,391,1.00
347,391,1.00
348,391,0.95
349,391,0.81
350,391,0.68
351,391,0.55
352,391,0.41
353,391,0.30
344,392,1.00
345,392,1.00
346,392,1.00
347,392,1.00
348,392,0.88
349,392,0.76
350,392,0.63
351,392,0.50
352,392,0.37
353,392,0.30
344,393,1.00
345,393,1.00
346,393,1.00
347,393,0.91
348,393,0.80
349,393,0.69
350,393,0.57
351,393,0.45
352,393,0.32
353,393,0.30
344,394,0.99
345,394,0.95
346,394,0.88
347,394,0.80
348,394,0.71
349,394,0.61
350,394,0.50
351,394,0.38
352,394,0.30
353,394,0.30
344,395,0.85
345,395,0.81
346,395,0.76
347,395,0.69
348,395,0.61
349,395,0.51
350,395,0.41
351,395,0.30
352,395,0.30
353,395,0.30
344,396,0.71
345,396,0.68
346,396,0.63
347,396,0.57
348,396,0.50
349,396,0.41
350,396,0.31
351,396,0.30
352,396,0.30
353,396,0.30
344,397,0.57
345,397,0.55
346,397,0.50
347,397,0.45
348,397,0.38
349,397,0.30
350,397,0.30
351,397,0.30
352,397,0.30
353,397,0.30
344,398,0.43
345,398,0.41
346,398,0.37
347,398,0.32
348,398,0.30
349,398,0.30
350,398,0.30
351,398,0.30
352,398,0.30
353,398,0.30
344,399,0.30
345,399,0.30
346,399,0.30
347,399,0.30
348,399,0.30
349,399,0.30
350,399,0.30
351,399,0.30
352,399,0.30
353,399,0.30
354,379,0.30
355,379,0.30
356,379,0.30
357,379,0.30
358,379,0.30
359,379,0.30
360,379,0.30
361,379,0.30
362,379,0.30
363,379,0.30
364,379,0.30
365,379,0.30
366,379,0.30
367,379,0.30
368,379,0.30
369,379,0.30
370,379,0.30
371,379,0.30
372,379,0.30
373,379,0.30
374,379,0.60
354,380,0.30
355,380,0.30
356,380,0.30
357,380,0.30
358,380,0.30
359,380,0.30
360,380,0.32
361,380,0.37
362,380,0.41
363,380,0.43
364,380,0.44
365,380,0.43
366,380,0.41
367,380,0.37
368,380,0.32
369,380,0.30
370,380,0.30
371,380,0.30
372,380,0.30
373,380,0.30
374,380,0.60
354,381,0.30
355,381,0.30
356,381,0.30
357,381,0.30
358,381,0.30
359,381,0.38
360,381,0.45
361,381,0.50
362,381,0.55
363,381,0.57
364,381,0.58
365,381,0.57
366,381,0.55
367,381,0.50
368,381,0.45
369,381,0.38
370,381,0.30
371,381,0.30
372,381,0.30
373,381,0.30
374,381,0.60
354,382,0.30
355,382,0.30
356,382,0.30
357,382,0.31
358,382,0.41
359,382,0.50
360,382,0.57
361,382,0.63
362,382,0.68
363,382,0.71
364,382,0.72
365,382,0.71
366,382,0.68
367,382,0.63
368,382,0.57
369,382,0.50
370,382,0.41
371,382,0.31
372,382,0.30
373,382,0.30
374,382,0.60
354,383,0.30
355,383,0.30
356,383,0.30
357,383,0.41
358,383,0.51
359,383,0.61
360,383,0.69
361,383,0.76
362,383,0.81
363,383,0.85
364,383,0.86
365,383,0.85
366,383,0.81
367,383,0.76
368,383,0.69
369,383,0.61
370,383,0.51
371,383,0.41
372,383,0.30
373,383,0.30
374,383,0.60
354,384,0.30
355,384,0.30
356,384,0.38
357,384,0.50
358,384,0.61
359,384,0.71
360,384,0.80
361,384,0.88
362,384,0.95
363,384,0.99
364,384,1.00
365,384,0.99
366,384,0.95
367,384,0.88
368,384,0.80
369,384,0.71
370,384,0.61
371,384,0.50
372,384,0.38
373,384,0.30
374,384,0.60
354,385,0.30
355,385,0.32
356,385,0.45
357,385,0.57
358,385,0.69
359,385,0.80
360,385,0.91
361,385,1.00
362,385,1.00
363,385,1.00
364,385,1.00
365,385,1.00
366,385,1.00
367,385,1.00
368,385,0.91
369,385,0.80
370,385,0.69
371,385,0.57
372,385,0.45
373,385,0.32
374,385,0.60
354,386,0.30
355,386,0.37
356,386,0.50
357,386,0.63
358,386,0.76
359,386,0.88
360,386,1.00
361,386,1.00
362,386,1.00
363,386,1.00
364,386,1.00
365,386,1.00
366,386,1.00
367,386,1.00
368,386,1.00
369,386,0.88
370,386,0.76
371,386,0.63
372,386,0.50
373,386,0.37
374,386,0.60
354,387,0.30
355,387,0.41
356,387,0.55
357,387,0.68
358,387,0.81
359,387,0.95
360,387,1.00
361,387,1.00
362,387,1.00
363,387,1.00
364,387,1.00
365,387,1.00
366,387,1.00
367,387,1.00
368,387,1.00
369,387,0.95
370,387,0.81
371,387,0.68
372,387,0.55
373,387,0.41
374,387,0.60
354,388,0.30
355,388,0.43
356,388,0.57
357,388,0.71
358,388,0.85
359,388,0.99
360,388,1.00
361,388,1.00
362,388,1.00
363,388,1.00
364,388,1.00
365,388,1.00
366,388,1.00
367,388,1.00
368,388,1.00
369,388,0.99
370,388,0.85
371,388,0.71
372,388,0.57
373,388,0.43
374,388,0.60
354,389,0.30
355,389,0.44
356,389,0.58
357,389,0.72
358,389,0.86
359,389,1.00
360,389,1.00
361,389,1.00
362,389,1.00
363,389,1.00
364,389,1.00
365,389,1.00
366,389,1.00
367,389,1.00
368,389,1.00
369,389,1.00
370,389,0.86
371,389,0.72
372,389,0.58
373,389,0.44
374,389,0.60
354,390,0.30
355,390,0.43
356,390,0.57
357,390,0.71
358,390,0.85
359,390,0.99
360,390,1.00
361,390,1.00
362,390,1.00
363,390,1.00
364,390,1.00
365,390,1.00
366,390,1.00
367,390,1.00
368,390,1.00
369,390,0.99
370,390,0.85
371,390,0.71
372,390,0.57
373,390,0.43
374,390,0.60
354,391,0.30
355,391,0.41
356,391,0.55
357,391,0.68
358,391,0.81
359,391,0.95
360,391,1.00
361,391,1.00
362,391,1.00
363,391,1.00
364,391,1.00
365,391,1.00
366,391,1.00
367,391,1.00
368,391,1.00
369,391,0.95
370,391,0.81
371,391,0.68
372,391,0.55
373,391,0.41
374,391,0.60
354,392,0.30
355,392,0.37
356,392,0.50
357,392,0.63
358,392,0.76
359,392,0.88
360,392,1.00
361,392,1.00
362,392,1.00
363,392,1.00
364,392,1.00
365,392,1.00
366,392,1.00
367,392,1.00
368,392,1.00
369,392,0.88
370,392,0.76
371,392,0.63
372,392,0.50
373,392,0.37
374,392,0.60
354,393,0.30
355,393,0.32
356,393,0.45
357,393,0.57
358,393,0.69
359,393,0.80
360,393,0.91
361,393,1.00
362,393,1.00
363,393,1.00
364,393,1.00
365,393,1.00
366,393,1.00
367,393,1.00
368,393,0.91
369,393,0.80
370,393,0.69
371,393,0.57
372,393,0.45
373,393,0.32
374,393,0.60
354,394,0.30
355,394,0.30
356,394,0.38
357,394,0.50
358,394,0.61
359,394,0.71
360,394,0.80
361,394,0.88
362,394,0.95
363,394,0.99
364,394,1.00
365,394,0.99
366,394,0.95
367,394,0.88
368,394,0.80
369,394,0.71
370,394,0.61
371,394,0.50
372,394,0.38
373,394,0.30
374,394,0.60
354,395,0.30
355,395,0.30
356,395,0.30
357,395,0.41
358,395,0.51
359,395,0.61
360,395,0.69
361,395,0.76
362,395,0.81
363,395,0.85
364,395,0.86
365,395,0.85
366,395,0.81
367,395,0.76
368,395,0.69
369,395,0.61
370,395,0.51
371,395,0.41
372,395,0.30
373,395,0.30
374,395,0.60
354,396,0.30
355,396,0.30
356,396,0.30
357,396,0.31
358,396,0.41
359,396,0.50
360,396,0.57
361,396,0.63
362,396,0.68
363,396,0.71
364,396,0.72
365,396,0.71
366,396,0.68
367,396,0.63
368,396,0.57
369,396,0.50
370,396,0.41
371,396,0.31
372,396,0.30
373,396,0.30
374,396,0.60
354,397,0.30
355,397,0.30
356,397,0.30
357,397,0.30
358,397,0.30
359,397,0.38
360,397,0.45
361,397,0.50
362,397,0.55
363,397,0.57
364,397,0.58
365,397,0.57
366,397,0.55
367,397,0.50
368,397,0.45
369,397,0.38
370,397,0.30
371,397,0.30
372,397,0.30
373,397,0.30
374,397,0.30
354,398,0.30
355,398,0.30
356,398,0.30
357,398,0.30
358,398,0.30
359,398,0.30
360,398,0.32
361,398,0.37
362,398,0.41
363,398,0.43
364,398,0.44
365,398,0.43
366,398,0.41
367,398,0.37
368,398,0.32
369,398,0.30
370,398,0.30
371,398,0.30
372,398,0.30
373,398,0.30
374,398,0.30
354,399,0.30
355,399,0.30
356,399,0.30
357,399,0.30
358,399,0.30
359,399,0.30
360,399,0.30
361,399,0.30
362,399,0.30
363,399,0.30
364,399,0.30
365,399,0.30
366,399,0.30
367,399,0.30
368,399,0.30
369,399,0.30
370,399,0.30
371,399,0.30
372,399,0.30
373,399,0.30
374,399,0.30
374,376,0.30
375,376,0.30
376,376,0.30
377,376,0.30
378,376,0.30
379,376,0.30
380,376,0.30
381,376,0.30
382,376,0.30
383,376,0.30
384,376,0.30
385,376,0.30
386,376,0.30
387,376,0.30
388,376,0.30
389,376,0.30
390,376,0.30
391,376,0.30
392,376,0.30
393,376,0.30
394,376,0.60
374,377,0.30
375,377,0.30
376,377,0.30
377,377,0.30
378,377,0.30
379,377,0.30
380,377,0.32
381,377,0.37
382,377,0.41
383,377,0.43
384,377,0.44
385,377,0.43
386,377,0.41
387,377,0.37
388,377,0.32
389,377,0.30
390,377,0.30
391,377,0.30
392,377,0.30
393,377,0.30
394,377,0.60
374,378,0.30
375,378,0.30
376,378,0.30
377,378,0.30
378,378,0.30
379,378,0.38
380,378,0.45
381,378,0.50
382,378,0.55
383,378,0.57
384,378,0.58
385,378,0.57
386,378,0.55
387,378,0.50
388,378,0.45
389,378,0.38
390,378,0.30
391,378,0.30
392,378,0.30
393,378,0.30
394,378,0.60
375,379,0.30
376,379,0.30
377,379,0.31
378,379,0.41
379,379,0.50
380,379,0.57
381,379,0.63
382,379,0.68
383,379,0.71
384,379,0.72
385,379,0.71
386,379,0.68
387,379,0.63
388,379,0.57
389,379,0.50
390,379,0.41
391,379,0.31
392,379,0.30
393,379,0.30
394,379,0.60
375,380,0.30
376,380,0.30
377,380,0.41
378,380,0.51
379,380,0.61
380,380,0.69
381,380,0.76
382,380,0.81
383,380,0.85
384,380,0.86
385,380,0.85
386,380,0.81
387,380,0.76
388,380,0.69
389,380,0.61
390,380,0.51
391,380,0.41
392,380,0.30
393,380,0.30
394,380,0.60
375,381,0.30
376,381,0.38
377,381,0.50
378,381,0.61
379,381,0.71
380,381,0.80
381,381,0.88
382,381,0.95
383,381,0.99
384,381,1.00
385,381,0.99
386,381,0.95
387,381,0.88
388,381,0.80
389,381,0.71
390,381,0.61
391,381,0.50
392,381,0.38
393,381,0.30
394,381,0.60
375,382,0.32
376,382,0.45
377,382,0.57
378,382,0.69
379,382,0.80
380,382,0.91
381,382,1.00
382,382,1.00
383,382,1.00
384,382,1.00
385,382,1.00
386,382,1.00
387,382,1.00
388,382,0.91
389,382,0.80
390,382,0.69
391,382,0.57
392,382,0.45
393,382,0.32
394,382,0.60
375,383,0.37
376,383,0.50
377,383,0.63
378,383,0.76
379,383,0.88
380,383,1.00
381,383,1.00
382,383,1.00
383,383,1.00
384,383,1.00
385,383,1.00
386,383,1.00
387,383,1.00
388,383,1.00
389,383,0.88
390,383,0.76
391,383,0.63
392,383,0.50
393,383,0.37
394,383,0.60
375,384,0.41
376,384,0.55
377,384,0.68
378,384,0.81
379,384,0.95
380,384,1.00
381,384,1.00
382,384,1.00
383,384,1.00
384,384,1.00
385,384,1.00
386,384,1.00
387,384,1.00
388,384,1.00
389,384,0.95
390,384,0.81
391,384,0.68
392,384,0.55
393,384,0.41
394,384,0.60
375,385,0.43
376,385,0.57
377,385,0.71
378,385,0.85
379,385,0.99
380,385,1.00
381,385,1.00
382,385,1.00
383,385,1.00
384,385,1.00
385,385,1.00
386,385,1.00
387,385,1.00
388,385,1.00
389,385,0.99
390,385,0.85
391,385,0.71
392,385,0.57
393,385,0.43
394,385,0.60
375,386,0.44
376,386,0.58
377,386,0.72
378,386,0.86
379,386,1.00
380,386,1.00
381,386,1.00
382,386,1.00
383,386,1.00
384,386,1.00
385,386,1.00
386,386,1.00
387,386,1.00
388,386,1.00
389,386,1.00
390,386,0.86
391,386,0.72
392,386,0.58
393,386,0.44
394,386,0.60
375,387,0.43
376,387,0.57
377,387,0.71
378,387,0.85
379,387,0.99
380,387,1.00
381,387,1.00
382,387,1.00
383,387,1.00
384,387,1.00
385,387,1.00
386,387,1.00
387,387,1.00
388,387,1.00
389,387,0.99
390,387,0.85
391,387,0.71
392,387,0.57
393,387,0.43
394,387,0.60
375,388,0.41
376,388,0.55
377,388,0.68
378,388,0.81
379,388,0.95
380,388,1.00
381,388,1.00
382,388,1.00
383,388,1.00
384,388,1.00
385,388,1.00
386,388,1.00
387,388,1.00
388,388,1.00
389,388,0.95
390,388,0.81
391,388,0.68
392,388,0.55
393,388,0.41
394,388,0.60
375,389,0.37
376,389,0.50
377,389,0.63
378,389,0.76
379,389,0.88
380,389,1.00
381,389,1.00
382,389,1.00
383,389,1.00
384,389,1.00
385,389,1.00
386,389,1.00
387,389,1.00
388,389,1.00
389,389,0.88
390,389,0.76
391,389,0.63
392,389,0.50
393,389,0.37
394,389,0.60
375,390,0.32
376,390,0.45
377,390,0.57
378,390,0.69
379,390,0.80
380,390,0.91
381,390,1.00
382,390,1.00
383,390,1.00
384,390,1.00
385,390,1.00
386,390,1.00
387,390,1.00
388,390,0.91
389,390,0.80
390,390,0.69
391,390,0.57
392,390,0.45
393,390,0.32
394,390,0.60
375,391,0.30
376,391,0.38
377,391,0.50
378,391,0.61
379,391,0.71
380,391,0.80
381,391,0.88
382,391,0.95
383,391,0.99
384,391,1.00
385,391,0.99
386,391,0.95
387,391,0.88
388,391,0.80
389,391,0.71
390,391,0.61
391,391,0.50
392,391,0.38
393,391,0.30
394,391,0.60
375,392,0.30
376,392,0.30
377,392,0.41
378,392,0.51
379,392,0.61
380,392,0.69
381,392,0.76
382,392,0.81
383,392,0.85
384,392,0.86
385,392,0.85
386,392,0.81
387,392,0.76
388,392,0.69
389,392,0.61
390,392,0.51
391,392,0.41
392,392,0.30
393,392,0.30
394,392,0.60
375,393,0.30
376,393,0.30
377,393,0.31
378,393,0.41
379,393,0.50
380,393,0.57
381,393,0.63
382,393,0.68
383,393,0.71
384,393,0.72
385,393,0.71
386,393,0.68
387,393,0.63
388,393,0.57
389,393,0.50
390,393,0.41
391,393,0.31
392,393,0.30
393,393,0.30
394,393,0.60
375,394,0.30
376,394,0.30
377,394,0.30
378,394,0.30
379,394,0.38
380,394,0.45
381,394,0.50
382,394,0.55
383,394,0.57
384,394,0.58
385,394,0.57
386,394,0.55
387,394,0.50
388,394,0.45
389,394,0.38
390,394,0.30
391,394,0.30
392,394,0.30
393,394,0.30
394,394,0.30
375,395,0.30
376,395,0.30
377,395,0.30
378,395,0.30
379,395,0.30
380,395,0.32
381,395,0.37
382,395,0.41
383,395,0.43
384,395,0.44
385,395,0.43
386,395,0.41
387,395,0.37
388,395,0.32
389,395,0.30
390,395,0.30
391,395,0.30
392,395,0.30
393,395,0.30
394,395,0.30
375,396,0.30
376,396,0.30
377,396,0.30
378,396,0.30
379,396,0.30
380,396,0.30
381,396,0.30
382,396,0.30
383,396,0.30
384,396,0.30
385,396,0.30
386,396,0.30
387,396,0.30
388,396,0.30
389,396,0.30
390,396,0.30
391,396,0.30
392,396,0.30
393,396,0.30
394,396,0.30
394,373,0.30
395,373,0.30
396,373,0.30
397,373,0.30
398,373,0.30
399,373,0.30
400,373,0.30
401,373,0.30
402,373,0.30
403,373,0.30
404,373,0.30
405,373,0.30
406,373,0.30
407,373,0.30
408,373,0.30
409,373,0.30
410,373,0.30
411,373,0.30
412,373,0.30
413,373,0.30
414,373,0.30
394,374,0.30
395,374,0.30
396,374,0.30
397,374,0.30
398,374,0.30
399,374,0.30
400,374,0.32
401,374,0.37
402,374,0.41
403,374,0.43
404,374,0.44
405,374,0.43
406,374,0.41
407,374,0.37
408,374,0.32
409,374,0.30
410,374,0.30
411,374,0.30
412,374,0.30
413,374,0.30
414,374,0.30
394,375,0.30
395,375,0.30
396,375,0.30
397,375,0.30
398,375,0.30
399,375,0.38
400,375,0.45
401,375,0.50
402,375,0.55
403,375,0.57
404,375,0.58
405,375,0.57
406,375,0.55
407,375,0.50
408,375,0.45
409,375,0.38
410,375,0.30
411,375,0.30
412,375,0.30
413,375,0.30
414,375,0.30
395,376,0.30
396,376,0.30
397,376,0.31
398,376,0.41
399,376,0.50
400,376,0.57
401,376,0.63
402,376,0.68
403,376,0.71
404,376,0.72
405,376,0.71
406,376,0.68
407,376,0.63
408,376,0.57
409,376,0.50
410,376,0.41
411,376,0.31
412,376,0.30
413,376,0.30
414,376,0.30
395,377,0.30
396,377,0.30
397,377,0.41
398,377,0.51
399,377,0.61
400,377,0.69
401,377,0.76
402,377,0.81
403,377,0.85
404,377,0.86
405,377,0.85
406,377,0.81
407,377,0.76
408,377,0.69
409,377,0.61
410,377,0.51
411,377,0.41
412,377,0.30
413,377,0.30
414,377,0.30
395,378,0.30
396,378,0.38
397,378,0.50
398,378,0.61
399,378,0.71
400,378,0.80
401,378,0.88
402,378,0.95
403,378,0.99
404,378,1.00
405,378,0.99
406,378,0.95
407,378,0.88
408,378,0.80
409,378,0.71
410,378,0.61
411,378,0.50
412,378,0.38
413,378,0.30
414,378,0.30
395,379,0.32
396,379,0.45
397,379,0.57
398,379,0.69
399,379,0.80
400,379,0.91
401,379,1.00
402,379,1.00
403,379,1.00
404,379,1.00
405,379,1.00
406,379,1.00
407,379,1.00
408,379,0.91
409,379,0.80
410,379,0.69
411,379,0.57
412,379,0.45
413,379,0.32
414,379,0.30
395,380,0.37
396,380,0.50
397,380,0.63
398,380,0.76
399,380,0.88
400,380,1.00
401,380,1.00
402,380,1.00
403,380,1.00
404,380,1.00
405,380,1.00
406,380,1.00
407,380,1.00
408,380,1.00
409,380,0.88
410,380,0.76
411,380,0.63
412,380,0.50
413,380,0.37
414,380,0.30
395,381,0.41
396,381,0.55
397,381,0.68
398,381,0.81
399,381,0.95
400,381,1.00
401,381,1.00
402,381,1.00
403,381,1.00
404,381,1.00
405,381,1.00
406,381,1.00
407,381,1.00
408,381,1.00
409,381,0.95
410,381,0.81
411,381,0.68
412,381,0.55
413,381,0.41
414,381,0.30
395,382,0.43
396,382,0.57
397,382,0.71
398,382,0.85
399,382,0.99
400,382,1.00
401,382,1.00
402,382,1.00
403,382,1.00
404,382,1.00
405,382,1.00
406,382,1.00
407,382,1.00
408,382,1.00
409,382,0.99
410,382,0.85
411,382,0.71
412,382,0.57
413,382,0.43
414,382,0.30
395,383,0.44
396,383,0.58
397,383,0.72
398,383,0.86
399,383,1.00
400,383,1.00
401,383,1.00
402,383,1.00
403,383,1.00
404,383,1.00
405,383,1.00
406,383,1.00
407,383,1.00
408,383,1.00
409,383,1.00
410,383,0.86
411,383,0.72
412,383,0.58
413,383,0.44
414,383,0.30
395,384,0.43
396,384,0.57
397,384,0.71
398,384,0.85
399,384,0.99
400,384,1.00
401,384,1.00
402,384,1.00
403,384,1.00
404,384,1.00
405,384,1.00
406,384,1.00
407,384,1.00
408,384,1.00
409,384,0.99
410,384,0.85
411,384,0.71
412,384,0.57
413,384,0.43
414,384,0.30
395,385,0.41
396,385,0.55
397,385,0.68
398,385,0.81
399,385,0.95
400,385,1.00
401,385,1.00
402,385,1.00
403,385,1.00
404,385,1.00
405,385,1.00
406,385,1.00
407,385,1.00
408,385,1.00
409,385,0.95
410,385,0.81
411,385,0.68
412,385,0.55
413,385,0.41
414,385,0.30
395,386,0.37
396,386,0.50
397,386,0.63
398,386,0.76
399,386,0.88
400,386,1.00
401,386,1.00
402,386,1.00
403,386,1.00
404,386,1.00
405,386,1.00
406,386,1.00
407,386,1.00
408,386,1.00
409,386,0.88
410,386,0.76
411,386,0.63
412,386,0.50
413,386,0.37
414,386,0.30
395,387,0.32
396,387,0.45
397,387,0.57
398,387,0.69
399,387,0.80
400,387,0.91
401,387,1.00
402,387,1.00
403,387,1.00
404,387,1.00
405,387,1.00
406,387,1.00
407,387,1.00
408,387,0.91
409,387,0.80
410,387,0.69
411,387,0.57
412,387,0.45
413,387,0.32
414,387,0.30
395,388,0.30
396,388,0.38
397,388,0.50
398,388,0.61
399,388,0.71
400,388,0.80
401,388,0.88
402,388,0.95
403,388,0.99
404,388,1.00
405,388,0.99
406,388,0.95
407,388,0.88
408,388,0.80
409,388,0.71
410,388,0.61
411,388,0.50
412,388,0.38
413,388,0.30
414,388,0.30
395,389,0.30
396,389,0.30
397,389,0.41
398,389,0.51
399,389,0.61
400,389,0.69
401,389,0.76
402,389,0.81
403,389,0.85
404,389,0.86
405,389,0.85
406,389,0.81
407,389,0.76
408,389,0.69
409,389,0.61
410,389,0.51
411,389,0.41
412,389,0.30
413,389,0.30
414,389,0.30
395,390,0.30
396,390,0.30
397,390,0.31
398,390,0.41
399,390,0.50
400,390,0.57
401,390,0.63
402,390,0.68
403,390,0.71
404,390,0.72
405,390,0.71
406,390,0.68
407,390,0.63
408,390,0.57
409,390,0.50
410,390,0.41
411,390,0.31
412,390,0.30
413,390,0.30
414,390,0.30
395,391,0.30
396,391,0.30
397,391,0.30
398,391,0.30
399,391,0.38
400,391,0.45
401,391,0.50
402,391,0.55
403,391,0.57
404,391,0.58
405,391,0.57
406,391,0.55
407,391,0.50
408,391,0.45
409,391,0.38
410,391,0.30
411,391,0.30
412,391,0.30
413,391,0.30
414,391,0.30
395,392,0.30
396,392,0.30
397,392,0.30
398,392,0.30
399,392,0.30
400,392,0.32
401,392,0.37
402,392,0.41
403,392,0.43
404,392,0.44
405,392,0.43
406,392,0.41
407,392,0.37
408,392,0.32
409,392,0.30
410,392,0.30
411,392,0.30
412,392,0.30
413,392,0.30
414,392,0.30
395,393,0.30
396,393,0.30
397,393,0.30
398,393,0.30
399,393,0.30
400,393,0.30
401,393,0.30
402,393,0.30
403,393,0.30
404,393,0.30
405,393,0.30
406,393,0.30
407,393,0.30
408,393,0.30
409,393,0.30
410,393,0.30
411,393,0.30
412,393,0.30
413,393,0.30
414,393,0.30
416,369,0.30
417,369,0.30
418,369,0.30
419,369,0.30
420,369,0.30
421,369,0.30
422,369,0.30
423,369,0.30
424,369,0.30
425,369,0.30
426,369,0.30
427,369,0.30
428,369,0.30
429,369,0.30
430,369,0.30
431,369,0.30
432,369,0.30
433,369,0.30
434,369,0.30
435,369,0.30
436,369,0.30
416,370,0.30
417,370,0.30
418,370,0.30
419,370,0.30
420,370,0.30
421,370,0.30
422,370,0.32
423,370,0.37
424,370,0.41
425,370,0.43
426,370,0.44
427,370,0.43
428,370,0.41
429,370,0.37
430,370,0.32
431,370,0.30
432,370,0.30
433,370,0.30
434,370,0.30
435,370,0.30
436,370,0.30
416,371,0.30
417,371,0.30
418,371,0.30
419,371,0.30
420,371,0.30
421,371,0.38
422,371,0.45
423,371,0.50
424,371,0.55
425,371,0.57
426,371,0.58
427,371,0.57
428,371,0.55
429,371,0.50
430,371,0.45
431,371,0.38
432,371,0.30
433,371,0.30
434,371,0.30
435,371,0.30
436,371,0.30
416,372,0.30
417,372,0.30
418,372,0.30
419,372,0.31
420,372,0.41
421,372,0.50
422,372,0.57
423,372,0.63
424,372,0.68
425,372,0.71
426,372,0.72
427,372,0.71
428,372,0.68
429,372,0.63
430,372,0.57
431,372,0.50
432,372,0.41
433,372,0.31
434,372,0.30
435,372,0.30
436,372,0.30
416,373,0.30
417,373,0.30
418,373,0.30
419,373,0.41
420,373,0.51
421,373,0.61
422,373,0.69
423,373,0.76
424,373,0.81
425,373,0.85
426,373,0.86
427,373,0.85
428,373,0.81
429,373,0.76
430,373,0.69
431,373,0.61
432,373,0.51
433,373,0.41
434,373,0.30
435,373,0.30
436,373,0.30
416,374,0.30
417,374,0.30
418,374,0.38
419,374,0.50
420,374,0.61
421,374,0.71
422,374,0.80
423,374,0.88
424,374,0.95
425,374,0.99
426,374,1.00
427,374,0.99
428,374,0.95
429,374,0.88
430,374,0.80
431,374,0.71
432,374,0.61
433,374,0.50
434,374,0.38
435,374,0.30
436,374,0.30
416,375,0.30
417,375,0.32
418,375,0.45
419,375,0.57
420,375,0.69
421,375,0.80
422,375,0.91
423,375,1.00
424,375,1.00
425,375,1.00
426,375,1.00
427,375,1.00
428,375,1.00
429,375,1.00
430,375,0.91
431,375,0.80
432,375,0.69
433,375,0.57
434,375,0.45
435,375,0.32
436,375,0.30
416,376,0.30
417,376,0.37
418,376,0.50
419,376,0.63
420,376,0.76
421,376,0.88
422,376,1.00
423,376,1.00
424,376,1.00
425,376,1.00
426,376,1.00
427,376,1.00
428,376,1.00
429,376,1.00
430,376,1.00
431,376,0.88
432,376,0.76
433,376,0.63
434,376,0.50
435,376,0.37
436,376,0.30
416,377,0.30
417,377,0.41
418,377,0.55
419,377,0.68
420,377,0.81
421,377,0.95
422,377,1.00
423,377,1.00
424,377,1.00
425,377,1.00
426,377,1.00
427,377,1.00
428,377,1.00
429,377,1.00
430,377,1.00
431,377,0.95
432,377,0.81
433,377,0.68
434,377,0.55
435,377,0.41
436,377,0.30
416,378,0.30
417,378,0.43
418,378,0.57
419,378,0.71
420,378,0.85
421,378,0.99
422,378,1.00
423,378,1.00
424,378,1.00
425,378,1.00
426,378,1.00
427,378,1.00
428,378,1.00
429,378,1.00
430,378,1.00
431,378,0.99
432,378,0.85
433,378,0.71
434,378,0.57
435,378,0.43
436,378,0.30
416,379,0.30
417,379,0.44
418,379,0.58
419,379,0.72
420,379,0.86
421,379,1.00
422,379,1.00
423,379,1.00
424,379,1.00
425,379,1.00
426,379,1.00
427,379,1.00
428,379,1.00
429,379,1.00
430,379,1.00
431,379,1.00
432,379,0.86
433,379,0.72
434,379,0.58
435,379,0.44
436,379,0.30
416,380,0.30
417,380,0.43
418,380,0.57
419,380,0.71
420,380,0.85
421,380,0.99
422,380,1.00
423,380,1.00
424,380,1.00
425,380,1.00
426,380,1.00
427,380,1.00
428,380,1.00
429,380,1.00
430,380,1.00
431,380,0.99
432,380,0.85
433,380,0.71
434,380,0.57
435,380,0.43
436,380,0.30
416,381,0.30
417,381,0.41
418,381,0.55
419,381,0.68
420,381,0.81
421,381,0.95
422,381,1.00
423,381,1.00
424,381,1.00
425,381,1.00
426,381,1.00
427,381,1.00
428,381,1.00
429,381,1.00
430,381,1.00
431,381,0.95
432,381,0.81
433,381,0.68
434,381,0.55
435,381,0.41
436,381,0.30
416,382,0.30
417,382,0.37
418,382,0.50
419,382,0.63
420,382,0.76
421,382,0.88
422,382,1.00
423,382,1.00
424,382,1.00
425,382,1.00
426,382,1.00
427,382,1.00
428,382,1.00
429,382,1.00
430,382,1.00
431,382,0.88
432,382,0.76
433,382,0.63
434,382,0.50
435,382,0.37
436,382,0.30
416,383,0.30
417,383,0.32
418,383,0.45
419,383,0.57
420,383,0.69
421,383,0.80
422,383,0.91
423,383,1.00
424,383,1.00
425,383,1.00
426,383,1.00
427,383,1.00
428,383,1.00
429,383,1.00
430,383,0.91
431,383,0.80
432,383,0.69
433,383,0.57
434,383,0.45
435,383,0.32
436,383,0.30
416,384,0.30
417,384,0.30
418,384,0.38
419,384,0.50
420,384,0.61
421,384,0.71
422,384,0.80
423,384,0.88
424,384,0.95
425,384,0.99
426,384,1.00
427,384,0.99
428,384,0.95
429,384,0.88
430,384,0.80
431,384,0.71
432,384,0.61
433,384,0.50
434,384,0.38
435,384,0.30
436,384,0.30
416,385,0.30
417,385,0.30
418,385,0.30
419,385,0.41
420,385,0.51
421,385,0.61
422,385,0.69
423,385,0.76
424,385,0.81
425,385,0.85
426,385,0.86
427,385,0.85
428,385,0.81
429,385,0.76
430,385,0.69
431,385,0.61
432,385,0.51
433,385,0.41
434,385,0.30
435,385,0.30
436,385,0.30
416,386,0.30
417,386,0.30
418,386,0.30
419,386,0.31
420,386,0.41
421,386,0.50
422,386,0.57
423,386,0.63
424,386,0.68
425,386,0.71
426,386,0.72
427,386,0.71
428,386,0.68
429,386,0.63
430,386,0.57
431,386,0.50
432,386,0.41
433,386,0.31
434,386,0.30
435,386,0.30
436,386,0.30
416,387,0.30
417,387,0.30
418,387,0.30
419,387,0.30
420,387,0.30
421,387,0.38
422,387,0.45
423,387,0.50
424,387,0.55
425,387,0.57
426,387,0.58
427,387,0.57
428,387,0.55
429,387,0.50
430,387,0.45
431,387,0.38
432,387,0.30
433,387,0.30
434,387,0.30
435,387,0.30
436,387,0.30
416,388,0.30
417,388,0.30
418,388,0.30
419,388,0.30
420,388,0.30
421,388,0.30
422,388,0.32
423,388,0.37
424,388,0.41
425,388,0.43
426,388,0.44
427,388,0.43
428,388,0.41
429,388,0.37
430,388,0.32
431,388,0.30
432,388,0.30
433,388,0.30
434,388,0.30
435,388,0.30
436,388,0.30
416,389,0.30
417,389,0.30
418,389,0.30
419,389,0.30
420,389,0.30
421,389,0.30
422,389,0.30
423,389,0.30
424,389,0.30
425,389,0.30
426,389,0.30
427,389,0.30
428,389,0.30
429,389,0.30
430,389,0.30
431,389,0.30
432,389,0.30
433,389,0.30
434,389,0.30
435,389,0.30
436,389,0.30
437,366,0.30
438,366,0.30
439,366,0.30
440,366,0.30
441,366,0.30
442,366,0.30
443,366,0.30
444,366,0.30
445,366,0.30
446,366,0.30
447,366,0.30
448,366,0.30
449,366,0.30
450,366,0.30
451,366,0.60
452,366,0.60
453,366,0.60
454,366,0.60
455,366,0.60
456,366,0.68
457,366,0.75
437,367,0.30
438,367,0.30
439,367,0.30
440,367,0.30
441,367,0.30
442,367,0.30
443,367,0.32
444,367,0.37
445,367,0.41
446,367,0.43
447,367,0.44
448,367,0.43
449,367,0.41
450,367,0.37
451,367,0.62
452,367,0.60
453,367,0.60
454,367,0.61
455,367,0.71
456,367,0.80
457,367,0.87
437,368,0.30
438,368,0.30
439,368,0.30
440,368,0.30
441,368,0.30
442,368,0.38
443,368,0.45
444,368,0.50
445,368,0.55
446,368,0.57
447,368,0.58
448,368,0.57
449,368,0.55
450,368,0.50
451,368,0.75
452,368,0.68
453,368,0.60
454,368,0.71
455,368,0.81
456,368,0.91
457,368,0.99
437,369,0.30
438,369,0.30
439,369,0.30
440,369,0.31
441,369,0.41
442,369,0.50
443,369,0.57
444,369,0.63
445,369,0.68
446,369,0.71
447,369,0.72
448,369,0.71
449,369,0.68
450,369,0.63
451,369,0.87
452,369,0.80
453,369,0.79
454,369,0.81
455,369,0.91
456,369,1.00
457,369,1.00
437,370,0.30
438,370,0.30
439,370,0.30
440,370,0.41
441,370,0.51
442,370,0.61
443,370,0.69
444,370,0.76
445,370,0.81
446,370,0.85
447,370,0.86
448,370,0.85
449,370,0.81
450,370,0.76
451,370,0.99
452,370,0.93
453,370,0.96
454,370,0.98
455,370,0.99
456,370,1.00
457,370,1.00
437,371,0.30
438,371,0.30
439,371,0.38
440,371,0.50
441,371,0.61
442,371,0.71
443,371,0.80
444,371,0.88
445,371,0.95
446,371,0.99
447,371,1.00
448,371,0.99
449,371,0.95
450,371,0.88
451,371,1.00
452,371,1.00
453,371,1.00
454,371,1.00
455,371,1.00
456,371,1.00
457,371,1.00
437,372,0.30
438,372,0.32
439,372,0.45
440,372,0.57
441,372,0.69
442,372,0.80
443,372,0.91
444,372,1.00
445,372,1.00
446,372,1.00
447,372,1.00
448,372,1.00
449,372,1.00
450,372,1.00
451,372,1.00
452,372,1.00
453,372,1.00
454,372,1.00
455,372,1.00
456,372,1.00
457,372,1.00
437,373,0.30
438,373,0.37
439,373,0.50
440,373,0.63
441,373,0.76
442,373,0.88
443,373,1.00
444,373,1.00
445,373,1.00
446,373,1.00
447,373,1.00
448,373,1.00
449,373,1.00
450,373,1.00
451,373,1.00
452,373,1.00
453,373,1.00
454,373,1.00
455,373,1.00
456,373,1.00
457,373,1.00
437,374,0.30
438,374,0.41
439,374,0.55
440,374,0.68
441,374,0.81
442,374,0.95
443,374,1.00
444,374,1.00
445,374,1.00
446,374,1.00
447,374,1.00
448,374,1.00
449,374,1.00
450,374,1.00
451,374,1.00
452,374,1.00
453,374,1.00
454,374,1.00
455,374,1.00
456,374,1.00
457,374,1.00
437,375,0.30
438,375,0.43
439,375,0.57
440,375,0.71
441,375,0.85
442,375,0.99
443,375,1.00
444,375,1.00
445,375,1.00
446,375,1.00
447,375,1.00
448,375,1.00
449,375,1.00
450,375,1.00
451,375,1.00
452,375,1.00
453,375,1.00
454,375,1.00
455,375,1.00
456,375,1.00
457,375,1.00
437,376,0.30
438,376,0.44
439,376,0.58
440,376,0.72
441,376,0.86
442,376,1.00
443,376,1.00
444,376,1.00
445,376,1.00
446,376,1.00
447,376,1.00
448,376,1.00
449,376,1.00
450,376,1.00
451,376,1.00
452,376,1.00
453,376,1.00
454,376,1.00
455,376,1.00
456,376,1.00
457,376,1.00
437,377,0.30
438,377,0.43
439,377,0.57
440,377,0.71
441,377,0.85
442,377,0.99
443,377,1.00
444,377,1.00
445,377,1.00
446,377,1.00
447,377,1.00
448,377,1.00
449,377,1.00
450,377,1.00
451,377,1.00
452,377,1.00
453,377,1.00
454,377,1.00
455,377,1.00
456,377,1.00
457,377,1.00
437,378,0.30
438,378,0.41
439,378,0.55
440,378,0.68
441,378,0.81
442,378,0.95
443,378,1.00
444,378,1.00
445,378,1.00
446,378,1.00
447,378,1.00
448,378,1.00
449,378,1.00
450,378,1.00
451,378,1.00
452,378,1.00
453,378,1.00
454,378,1.00
455,378,1.00
456,378,1.00
457,378,1.00
437,379,0.30
438,379,0.37
439,379,0.50
440,379,0.63
441,379,0.76
442,379,0.88
443,379,1.00
444,379,1.00
445,379,1.00
446,379,1.00
447,379,1.00
448,379,1.00
449,379,1.00
450,379,1.00
451,379,1.00
452,379,1.00
453,379,1.00
454,379,1.00
455,379,1.00
456,379,1.00
457,379,1.00
437,380,0.30
438,380,0.32
439,380,0.45
440,380,0.57
441,380,0.69
442,380,0.80
443,380,0.91
444,380,1.00
445,380,1.00
446,380,1.00
447,380,1.00
448,380,1.00
449,380,1.00
450,380,1.00
451,380,1.00
452,380,1.00
453,380,0.99
454,380,0.98
455,380,0.96
456,380,0.93
457,380,0.99
437,381,0.30
438,381,0.30
439,381,0.38
440,381,0.50
441,381,0.61
442,381,0.71
443,381,0.80
444,381,0.88
445,381,0.95
446,381,0.99
447,381,1.00
448,381,0.99
449,381,0.95
450,381,0.88
451,381,1.00
452,381,1.00
453,381,0.91
454,381,0.81
455,381,0.79
456,381,0.80
457,381,0.87
437,382,0.30
438,382,0.30
439,382,0.30
440,382,0.41
441,382,0.51
442,382,0.61
443,382,0.69
444,382,0.76
445,382,0.81
446,382,0.85
447,382,0.86
448,382,0.85
449,382,0.81
450,382,0.76
451,382,0.99
452,382,0.91
453,382,0.81
454,382,0.71
455,382,0.60
456,382,0.68
457,382,0.75
437,383,0.30
438,383,0.30
439,383,0.30
440,383,0.31
441,383,0.41
442,383,0.50
443,383,0.57
444,383,0.63
445,383,0.68
446,383,0.71
447,383,0.72
448,383,0.71
449,383,0.68
450,383,0.63
451,383,0.87
452,383,0.80
453,383,0.71
454,383,0.61
455,383,0.60
456,383,0.60
457,383,0.62
437,384,0.30
438,384,0.30
439,384,0.30
440,384,0.30
441,384,0.30
442,384,0.38
443,384,0.45
444,384,0.50
445,384,0.55
446,384,0.57
447,384,0.58
448,384,0.57
449,384,0.55
450,384,0.50
451,384,0.75
452,384,0.68
453,384,0.60
454,384,0.60
455,384,0.60
456,384,0.60
457,384,0.60
437,385,0.30
438,385,0.30
439,385,0.30
440,385,0.30
441,385,0.30
442,385,0.30
443,385,0.32
444,385,0.37
445,385,0.41
446,385,0.43
447,385,0.44
448,385,0.43
449,385,0.41
450,385,0.37
451,385,0.32
452,385,0.30
453,385,0.30
454,385,0.30
455,385,0.30
456,385,0.30
457,385,0.30
437,386,0.30
438,386,0.30
439,386,0.30
440,386,0.30
441,386,0.30
442,386,0.30
443,386,0.30
444,386,0.30
445,386,0.30
446,386,0.30
447,386,0.30
448,386,0.30
449,386,0.30
450,386,0.30
451,386,0.30
452,386,0.30
453,386,0.30
454,386,0.30
455,386,0.30
456,386,0.30
457,386,0.30
451,364,0.30
452,364,0.30
453,364,0.30
454,364,0.30
455,364,0.30
456,364,0.30
457,364,0.30
458,364,0.30
459,364,0.30
460,364,0.30
461,364,0.30
462,364,0.30
463,364,0.60
464,364,0.60
465,364,0.60
466,364,0.60
467,364,0.60
468,364,0.60
469,364,0.62
470,364,0.67
471,364,0.71
451,365,0.30
452,365,0.30
453,365,0.30
454,365,0.30
455,365,0.30
456,365,0.30
457,365,0.32
458,365,0.37
459,365,0.41
460,365,0.43
461,365,0.44
462,365,0.43
463,365,0.71
464,365,0.67
465,365,0.62
466,365,0.60
467,365,0.60
468,365,0.68
469,365,0.75
470,365,0.80
471,365,0.85
458,366,0.50
459,366,0.55
460,366,0.57
461,366,0.58
462,366,0.57
463,366,0.85
464,366,0.80
465,366,0.75
466,366,0.69
467,366,0.71
468,366,0.80
469,366,0.87
470,366,0.93
471,366,0.98
458,367,0.63
459,367,0.68
460,367,0.71
461,367,0.72
462,367,0.71
463,367,0.98
464,367,0.93
465,367,0.87
466,367,0.90
467,367,0.92
468,367,0.92
469,367,0.99
470,367,1.00
471,367,1.00
458,368,0.76
459,368,0.81
460,368,0.85
461,368,0.86
462,368,0.85
463,368,1.00
464,368,1.00
465,368,1.00
466,368,1.00
467,368,1.00
468,368,1.00
469,368,1.00
470,368,1.00
471,368,1.00
458,369,0.88
459,369,0.95
460,369,0.99
461,369,1.00
462,369,0.99
463,369,1.00
464,369,1.00
465,369,1.00
466,369,1.00
467,369,1.00
468,369,1.00
469,369,1.00
470,369,1.00
471,369,1.00
458,370,1.00
459,370,1.00
460,370,1.00
461,370,1.00
462,370,1.00
463,370,1.00
464,370,1.00
465,370,1.00
466,370,1.00
467,370,1.00
468,370,1.00
469,370,1.00
470,370,1.00
471,370,1.00
458,371,1.00
459,371,1.00
460,371,1.00
461,371,1.00
462,371,1.00
463,371,1.00
464,371,1.00
465,371,1.00
466,371,1.00
467,371,1.00
468,371,1.00
469,371,1.00
470,371,1.00
471,371,1.00
458,372,1.00
459,372,1.00
460,372,1.00
461,372,1.00
462,372,1.00
463,372,1.00
464,372,1.00
465,372,1.00
466,372,1.00
467,372,1.00
468,372,1.00
469,372,1.00
470,372,1.00
471,372,1.00
458,373,1.00
459,373,1.00
460,373,1.00
461,373,1.00
462,373,1.00
463,373,1.00
464,373,1.00
465,373,1.00
466,373,1.00
467,373,1.00
468,373,1.00
469,373,1.00
470,373,1.00
471,373,1.00
458,374,1.00
459,374,1.00
460,374,1.00
461,374,1.00
462,374,1.00
463,374,1.00
464,374,1.00
465,374,1.00
466,374,1.00
467,374,1.00
468,374,1.00
469,374,1.00
470,374,1.00
471,374,1.00
458,375,1.00
459,375,1.00
460,375,1.00
461,375,1.00
462,375,1.00
463,375,1.00
464,375,1.00
465,375,1.00
466,375,1.00
467,375,1.00
468,375,1.00
469,375,1.00
470,375,1.00
471,375,1.00
458,376,1.00
459,376,1.00
460,376,1.00
461,376,1.00
462,376,1.00
463,376,1.00
464,376,1.00
465,376,1.00
466,376,1.00
467,376,1.00
468,376,1.00
469,376,1.00
470,376,1.00
471,376,1.00
458,377,1.00
459,377,1.00
460,377,1.00
461,377,1.00
462,377,1.00
463,377,1.00
464,377,1.00
465,377,1.00
466,377,1.00
467,377,1.00
468,377,1.00
469,377,1.00
470,377,1.00
471,377,1.00
458,378,1.00
459,378,1.00
460,378,1.00
461,378,1.00
462,378,1.00
463,378,1.00
464,378,1.00
465,378,1.00
466,378,1.00
467,378,1.00
468,378,1.00
469,378,1.00
470,378,1.00
471,378,1.00
458,379,0.88
459,379,0.95
460,379,0.99
461,379,1.00
462,379,0.99
463,379,1.00
464,379,1.00
465,379,1.00
466,379,1.00
467,379,1.00
468,379,1.00
469,379,1.00
470,379,1.00
471,379,1.00
458,380,0.76
459,380,0.81
460,380,0.85
461,380,0.86
462,380,0.85
463,380,1.00
464,380,1.00
465,380,0.99
466,380,0.92
467,380,0.92
468,380,0.90
469,380,0.87
470,380,0.93
471,380,0.98
458,381,0.63
459,381,0.68
460,381,0.71
461,381,0.72
462,381,0.71
463,381,0.98
464,381,0.93
465,381,0.87
466,381,0.80
467,381,0.71
468,381,0.69
469,381,0.75
470,381,0.80
471,381,0.85
458,382,0.50
459,382,0.55
460,382,0.57
461,382,0.58
462,382,0.57
463,382,0.85
464,382,0.80
465,382,0.75
466,382,0.68
467,382,0.60
468,382,0.60
469,382,0.62
470,382,0.67
471,382,0.71
458,383,0.37
459,383,0.41
460,383,0.43
461,383,0.44
462,383,0.43
463,383,0.71
464,383,0.67
465,383,0.62
466,383,0.60
467,383,0.60
468,383,0.60
469,383,0.60
470,383,0.60
471,383,0.60
458,384,0.30
459,384,0.30
460,384,0.30
461,384,0.30
462,384,0.30
463,384,0.30
464,384,0.30
465,384,0.30
466,384,0.30
467,384,0.30
468,384,0.30
469,384,0.30
470,384,0.30
471,384,0.30
463,363,0.30
464,363,0.30
465,363,0.30
466,363,0.30
467,363,0.30
468,363,0.30
469,363,0.30
470,363,0.30
471,363,0.30
472,363,0.30
473,363,0.30
474,363,0.30
475,363,0.30
476,363,0.30
477,363,0.30
478,363,0.60
479,363,0.60
480,363,0.60
481,363,0.60
482,363,0.60
483,363,0.60
472,364,0.43
473,364,0.44
474,364,0.43
475,364,0.41
476,364,0.37
477,364,0.32
478,364,0.60
479,364,0.60
480,364,0.60
481,364,0.60
482,364,0.60
483,364,0.68
472,365,0.57
473,365,0.58
474,365,0.57
475,365,0.55
476,365,0.50
477,365,0.45
478,365,0.68
479,365,0.60
480,365,0.60
481,365,0.61
482,365,0.71
483,365,0.80
472,366,0.71
473,366,0.72
474,366,0.71
475,366,0.68
476,366,0.63
477,366,0.57
478,366,0.80
479,366,0.71
480,366,0.61
481,366,0.71
482,366,0.81
483,366,0.91
472,367,0.85
473,367,0.86
474,367,0.85
475,367,0.81
476,367,0.76
477,367,0.69
478,367,0.91
479,367,0.81
480,367,0.79
481,367,0.80
482,367,0.91
483,367,1.00
472,368,0.99
473,368,1.00
474,368,0.99
475,368,0.95
476,368,0.88
477,368,0.80
478,368,1.00
479,368,0.93
480,368,0.94
481,368,0.95
482,368,0.99
483,368,1.00
472,369,1.00
473,369,1.00
474,369,1.00
475,369,1.00
476,369,1.00
477,369,0.91
478,369,1.00
479,369,1.00
480,369,1.00
481,369,1.00
482,369,1.00
483,369,1.00
472,370,1.00
473,370,1.00
474,370,1.00
475,370,1.00
476,370,1.00
477,370,1.00
478,370,1.00
479,370,1.00
480,370,1.00
481,370,1.00
482,370,1.00
483,370,1.00
472,371,1.00
473,371,1.00
474,371,1.00
475,371,1.00
476,371,1.00
477,371,1.00
478,371,1.00
479,371,1.00
480,371,1.00
481,371,1.00
482,371,1.00
483,371,1.00
472,372,1.00
473,372,1.00
474,372,1.00
475,372,1.00
476,372,1.00
477,372,1.00
478,372,1.00
479,372,1.00
480,372,1.00
481,372,1.00
482,372,1.00
483,372,1.00
472,373,1.00
473,373,1.00
474,373,1.00
475,373,1.00
476,373,1.00
477,373,1.00
478,373,1.00
479,373,1.00
480,373,1.00
481,373,1.00
482,373,1.00
483,373,1.00
472,374,1.00
473,374,1.00
474,374,1.00
475,374,1.00
476,374,1.00
477,374,1.00
478,374,1.00
479,374,1.00
480,374,1.00
481,374,1.00
482,374,1.00
483,374,1.00
472,375,1.00
473,375,1.00
474,375,1.00
475,375,1.00
476,375,1.00
477,375,1.00
478,375,1.00
479,375,1.00
480,375,1.00
481,375,1.00
482,375,1.00
483,375,1.00
472,376,1.00
473,376,1.00
474,376,1.00
475,376,1.00
476,376,1.00
477,376,1.00
478,376,1.00
479,376,1.00
480,376,1.00
481,376,1.00
482,376,1.00
483,376,1.00
472,377,1.00
473,377,1.00
474,377,1.00
475,377,1.00
476,377,1.00
477,377,0.91
478,377,1.00
479,377,0.99
480,377,0.95
481,377,0.94
482,377,0.93
483,377,1.00
472,378,0.99
473,378,1.00
474,378,0.99
475,378,0.95
476,378,0.88
477,378,0.80
478,378,1.00
479,378,0.91
480,378,0.80
481,378,0.79
482,378,0.81
483,378,0.91
472,379,0.85
473,379,0.86
474,379,0.85
475,379,0.81
476,379,0.76
477,379,0.69
478,379,0.91
479,379,0.81
480,379,0.71
481,379,0.61
482,379,0.71
483,379,0.80
472,380,0.71
473,380,0.72
474,380,0.71
475,380,0.68
476,380,0.63
477,380,0.57
478,380,0.80
479,380,0.71
480,380,0.61
481,380,0.60
482,380,0.60
483,380,0.68
472,381,0.57
473,381,0.58
474,381,0.57
475,381,0.55
476,381,0.50
477,381,0.45
478,381,0.68
479,381,0.60
480,381,0.60
481,381,0.60
482,381,0.60
483,381,0.60
472,382,0.43
473,382,0.44
474,382,0.43
475,382,0.41
476,382,0.37
477,382,0.32
478,382,0.60
479,382,0.60
480,382,0.60
481,382,0.60
482,382,0.60
483,382,0.60
472,383,0.30
473,383,0.30
474,383,0.30
475,383,0.30
476,383,0.30
477,383,0.30
478,383,0.30
479,383,0.30
480,383,0.30
481,383,0.30
482,383,0.30
483,383,0.30
478,362,0.30
479,362,0.30
480,362,0.30
481,362,0.30
482,362,0.30
483,362,0.30
484,362,0.30
485,362,0.30
486,362,0.30
487,362,0.30
488,362,0.30
489,362,0.30
490,362,0.60
491,362,0.60
492,362,0.60
493,362,0.61
494,362,0.71
495,362,0.80
496,362,0.87
497,362,0.93
498,362,0.98
484,363,0.32
485,363,0.37
486,363,0.41
487,363,0.43
488,363,0.44
489,363,0.43
490,363,0.71
491,363,0.67
492,363,0.62
493,363,0.71
494,363,0.81
495,363,0.91
496,363,0.99
497,363,1.00
498,363,1.00
484,364,0.45
485,364,0.50
486,364,0.55
487,364,0.57
488,364,0.58
489,364,0.57
490,364,0.85
491,364,0.80
492,364,0.83
493,364,0.87
494,364,0.91
495,364,1.00
496,364,1.00
497,364,1.00
498,364,1.00
484,365,0.57
485,365,0.63
486,365,0.68
487,365,0.71
488,365,0.72
489,365,0.71
490,365,0.98
491,365,0.95
492,365,1.00
493,365,1.00
494,365,1.00
495,365,1.00
496,365,1.00
497,365,1.00
498,365,1.00
484,366,0.69
485,366,0.76
486,366,0.81
487,366,0.85
488,366,0.86
489,366,0.85
490,366,1.00
491,366,1.00
492,366,1.00
493,366,1.00
494,366,1.00
495,366,1.00
496,366,1.00
497,366,1.00
498,366,1.00
484,367,0.80
485,367,0.88
486,367,0.95
487,367,0.99
488,367,1.00
489,367,0.99
490,367,1.00
491,367,1.00
492,367,1.00
493,367,1.00
494,367,1.00
495,367,1.00
496,367,1.00
497,367,1.00
498,367,1.00
484,368,0.91
485,368,1.00
486,368,1.00
487,368,1.00
488,368,1.00
489,368,1.00
490,368,1.00
491,368,1.00
492,368,1.00
493,368,1.00
494,368,1.00
495,368,1.00
496,368,1.00
497,368,1.00
498,368,1.00
484,369,1.00
485,369,1.00
486,369,1.00
487,369,1.00
488,369,1.00
489,369,1.00
490,369,1.00
491,369,1.00
492,369,1.00
493,369,1.00
494,369,1.00
495,369,1.00
496,369,1.00
497,369,1.00
498,369,1.00
484,370,1.00
485,370,1.00
486,370,1.00
487,370,1.00
488,370,1.00
489,370,1.00
490,370,1.00
491,370,1.00
492,370,1.00
493,370,1.00
494,370,1.00
495,370,1.00
496,370,1.00
497,370,1.00
498,370,1.00
484,371,1.00
485,371,1.00
486,371,1.00
487,371,1.00
488,371,1.00
489,371,1.00
490,371,1.00
491,371,1.00
492,371,1.00
493,371,1.00
494,371,1.00
495,371,1.00
496,371,1.00
497,371,1.00
498,371,1.00
484,372,1.00
485,372,1.00
486,372,1.00
487,372,1.00
488,372,1.00
489,372,1.00
490,372,1.00
491,372,1.00
492,372,1.00
493,372,1.00
494,372,1.00
495,372,1.00
496,372,1.00
497,372,1.00
498,372,1.00
484,373,1.00
485,373,1.00
486,373,1.00
487,373,1.00
488,373,1.00
489,373,1.00
490,373,1.00
491,373,1.00
492,373,1.00
493,373,1.00
494,373,1.00
495,373,1.00
496,373,1.00
497,373,1.00
498,373,1.00
484,374,1.00
485,374,1.00
486,374,1.00
487,374,1.00
488,374,1.00
489,374,1.00
490,374,1.00
491,374,1.00
492,374,1.00
493,374,1.00
494,374,1.00
495,374,1.00
496,374,1.00
497,374,1.00
498,374,1.00
484,375,1.00
485,375,1.00
486,375,1.00
487,375,1.00
488,375,1.00
489,375,1.00
490,375,1.00
491,375,1.00
492,375,1.00
493,375,1.00
494,375,1.00
495,375,1.00
496,375,1.00
497,375,1.00
498,375,1.00
484,376,0.91
485,376,1.00
486,376,1.00
487,376,1.00
488,376,1.00
489,376,1.00
490,376,1.00
491,376,1.00
492,376,1.00
493,376,1.00
494,376,1.00
495,376,1.00
496,376,1.00
497,376,0.95
498,376,0.98
484,377,0.80
485,377,0.88
486,377,0.95
487,377,0.99
488,377,1.00
489,377,0.99
490,377,1.00
491,377,1.00
492,377,1.00
493,377,1.00
494,377,0.91
495,377,0.87
496,377,0.83
497,377,0.80
498,377,0.85
484,378,0.69
485,378,0.76
486,378,0.81
487,378,0.85
488,378,0.86
489,378,0.85
490,378,1.00
491,378,1.00
492,378,0.99
493,378,0.91
494,378,0.81
495,378,0.71
496,378,0.62
497,378,0.67
498,378,0.71
484,379,0.57
485,379,0.63
486,379,0.68
487,379,0.71
488,379,0.72
489,379,0.71
490,379,0.98
491,379,0.93
492,379,0.87
493,379,0.80
494,379,0.71
495,379,0.61
496,379,0.60
497,379,0.60
498,379,0.60
484,380,0.45
485,380,0.50
486,380,0.55
487,380,0.57
488,380,0.58
489,380,0.57
490,380,0.55
491,380,0.50
492,380,0.45
493,380,0.38
494,380,0.30
495,380,0.30
496,380,0.30
497,380,0.30
498,380,0.30
484,381,0.32
485,381,0.37
486,381,0.41
487,381,0.43
488,381,0.44
489,381,0.43
490,381,0.41
491,381,0.37
492,381,0.32
493,381,0.30
494,381,0.30
495,381,0.30
496,381,0.30
497,381,0.30
498,381,0.30
484,382,0.30
485,382,0.30
486,382,0.30
487,382,0.30
488,382,0.30
489,382,0.30
490,382,0.30
491,382,0.30
492,382,0.30
493,382,0.30
494,382,0.30
495,382,0.30
496,382,0.30
497,382,0.30
498,382,0.30
490,359,0.30
491,359,0.30
492,359,0.30
493,359,0.30
494,359,0.30
495,359,0.30
496,359,0.30
497,359,0.30
498,359,0.30
499,359,0.30
500,359,0.30
501,359,0.60
502,359,0.60
503,359,0.60
504,359,0.61
505,359,0.71
506,359,0.80
507,359,0.87
508,359,0.93
509,359,0.98
510,359,1.00
490,360,0.30
491,360,0.30
492,360,0.30
493,360,0.30
494,360,0.30
495,360,0.30
496,360,0.32
497,360,0.37
498,360,0.41
499,360,0.43
500,360,0.44
501,360,0.73
502,360,0.71
503,360,0.67
504,360,0.73
505,360,0.81
506,360,0.91
507,360,0.99
508,360,1.00
509,360,1.00
510,360,1.00
490,361,0.30
491,361,0.30
492,361,0.30
493,361,0.30
494,361,0.30
495,361,0.38
496,361,0.45
497,361,0.50
498,361,0.55
499,361,0.57
500,361,0.58
501,361,0.87
502,361,0.85
503,361,0.88
504,361,0.94
505,361,0.99
506,361,1.00
507,361,1.00
508,361,1.00
509,361,1.00
510,361,1.00
499,362,0.71
500,362,0.72
501,362,1.00
502,362,1.00
503,362,1.00
504,362,1.00
505,362,1.00
506,362,1.00
507,362,1.00
508,362,1.00
509,362,1.00
510,362,1.00
499,363,0.85
500,363,0.86
501,363,1.00
502,363,1.00
503,363,1.00
504,363,1.00
505,363,1.00
506,363,1.00
507,363,1.00
508,363,1.00
509,363,1.00
510,363,1.00
499,364,0.99
500,364,1.00
501,364,1.00
502,364,1.00
503,364,1.00
504,364,1.00
505,364,1.00
506,364,1.00
507,364,1.00
508,364,1.00
509,364,1.00
510,364,1.00
499,365,1.00
500,365,1.00
501,365,1.00
502,365,1.00
503,365,1.00
504,365,1.00
505,365,1.00
506,365,1.00
507,365,1.00
508,365,1.00
509,365,1.00
510,365,1.00
499,366,1.00
500,366,1.00
501,366,1.00
502,366,1.00
503,366,1.00
504,366,1.00
505,366,1.00
506,366,1.00
507,366,1.00
508,366,1.00
509,366,1.00
510,366,1.00
499,367,1.00
500,367,1.00
501,367,1.00
502,367,1.00
503,367,1.00
504,367,1.00
505,367,1.00
506,367,1.00
507,367,1.00
508,367,1.00
509,367,1.00
510,367,1.00
499,368,1.00
500,368,1.00
501,368,1.00
502,368,1.00
503,368,1.00
504,368,1.00
505,368,1.00
506,368,1.00
507,368,1.00
508,368,1.00
509,368,1.00
510,368,1.00
499,369,1.00
500,369,1.00
501,369,1.00
502,369,1.00
503,369,1.00
504,369,1.00
505,369,1.00
506,369,1.00
507,369,1.00
508,369,1.00
509,369,1.00
510,369,1.00
499,370,1.00
500,370,1.00
501,370,1.00
502,370,1.00
503,370,1.00
504,370,1.00
505,370,1.00
506,370,1.00
507,370,1.00
508,370,1.00
509,370,1.00
510,370,1.00
499,371,1.00
500,371,1.00
501,371,1.00
502,371,1.00
503,371,1.00
504,371,1.00
505,371,1.00
506,371,1.00
507,371,1.00
508,371,1.00
509,371,1.00
510,371,1.00
499,372,1.00
500,372,1.00
501,372,1.00
502,372,1.00
503,372,1.00
504,372,1.00
505,372,1.00
506,372,1.00
507,372,1.00
508,372,1.00
509,372,1.00
510,372,1.00
499,373,1.00
500,373,1.00
501,373,1.00
502,373,1.00
503,373,1.00
504,373,1.00
505,373,1.00
506,373,1.00
507,373,1.00
508,373,1.00
509,373,1.00
510,373,1.00
499,374,0.99
500,374,1.00
501,374,1.00
502,374,1.00
503,374,1.00
504,374,1.00
505,374,1.00
506,374,0.99
507,374,0.94
508,374,0.88
509,374,0.85
510,374,0.87
499,375,0.85
500,375,0.86
501,375,1.00
502,375,1.00
503,375,1.00
504,375,0.99
505,375,0.91
506,375,0.81
507,375,0.73
508,375,0.67
509,375,0.71
510,375,0.73
499,376,0.71
500,376,0.72
501,376,1.00
502,376,0.98
503,376,0.93
504,376,0.87
505,376,0.80
506,376,0.71
507,376,0.61
508,376,0.60
509,376,0.60
510,376,0.60
499,377,0.57
500,377,0.58
501,377,0.57
502,377,0.55
503,377,0.50
504,377,0.45
505,377,0.38
506,377,0.30
507,377,0.30
508,377,0.30
509,377,0.30
510,377,0.30
499,378,0.43
500,378,0.44
501,378,0.43
502,378,0.41
503,378,0.37
504,378,0.32
505,378,0.30
506,378,0.30
507,378,0.30
508,378,0.30
509,378,0.30
510,378,0.30
499,379,0.30
500,379,0.30
501,379,0.30
502,379,0.30
503,379,0.30
504,379,0.30
505,379,0.30
506,379,0.30
507,379,0.30
508,379,0.30
509,379,0.30
510,379,0.30
501,356,0.30
502,356,0.30
503,356,0.30
504,356,0.30
505,356,0.30
506,356,0.30
507,356,0.30
508,356,0.30
509,356,0.30
510,356,0.30
511,356,0.30
512,356,0.30
513,356,0.60
514,356,0.60
515,356,0.60
516,356,0.60
517,356,0.60
518,356,0.68
519,356,0.75
520,356,0.80
521,356,0.85
501,357,0.30
502,357,0.30
503,357,0.30
504,357,0.30
505,357,0.30
506,357,0.30
507,357,0.32
508,357,0.37
509,357,0.41
510,357,0.43
511,357,0.44
512,357,0.43
513,357,0.71
514,357,0.67
515,357,0.62
516,357,0.61
517,357,0.71
518,357,0.80
519,357,0.87
520,357,0.93
521,357,0.98
501,358,0.30
502,358,0.30
503,358,0.30
504,358,0.30
505,358,0.30
506,358,0.38
507,358,0.45
508,358,0.50
509,358,0.55
510,358,0.57
511,358,0.58
512,358,0.57
513,358,0.85
514,358,0.80
515,358,0.75
516,358,0.79
517,358,0.81
518,358,0.91
519,358,0.99
520,358,1.00
521,358,1.00
511,359,0.72
512,359,0.71
513,359,0.98
514,359,0.93
515,359,0.95
516,359,0.99
517,359,1.00
518,359,1.00
519,359,1.00
520,359,1.00
521,359,1.00
511,360,0.86
512,360,0.85
513,360,1.00
514,360,1.00
515,360,1.00
516,360,1.00
517,360,1.00
518,360,1.00
519,360,1.00
520,360,1.00
521,360,1.00
511,361,1.00
512,361,0.99
513,361,1.00
514,361,1.00
515,361,1.00
516,361,1.00
517,361,1.00
518,361,1.00
519,361,1.00
520,361,1.00
521,361,1.00
511,362,1.00
512,362,1.00
513,362,1.00
514,362,1.00
515,362,1.00
516,362,1.00
517,362,1.00
518,362,1.00
519,362,1.00
520,362,1.00
521,362,1.00
511,363,1.00
512,363,1.00
513,363,1.00
514,363,1.00
515,363,1.00
516,363,1.00
517,363,1.00
518,363,1.00
519,363,1.00
520,363,1.00
521,363,1.00
511,364,1.00
512,364,1.00
513,364,1.00
514,364,1.00
515,364,1.00
516,364,1.00
517,364,1.00
518,364,1.00
519,364,1.00
520,364,1.00
521,364,1.00
511,365,1.00
512,365,1.00
513,365,1.00
514,365,1.00
515,365,1.00
516,365,1.00
517,365,1.00
518,365,1.00
519,365,1.00
520,365,1.00
521,365,1.00
511,366,1.00
512,366,1.00
513,366,1.00
514,366,1.00
515,366,1.00
516,366,1.00
517,366,1.00
518,366,1.00
519,366,1.00
520,366,1.00
521,366,1.00
511,367,1.00
512,367,1.00
513,367,1.00
514,367,1.00
515,367,1.00
516,367,1.00
517,367,1.00
518,367,1.00
519,367,1.00
520,367,1.00
521,367,1.00
511,368,1.00
512,368,1.00
513,368,1.00
514,368,1.00
515,368,1.00
516,368,1.00
517,368,1.00
518,368,1.00
519,368,1.00
520,368,1.00
521,368,1.00
511,369,1.00
512,369,1.00
513,369,1.00
514,369,1.00
515,369,1.00
516,369,1.00
517,369,1.00
518,369,1.00
519,369,1.00
520,369,1.00
521,369,1.00
511,370,1.00
512,370,1.00
513,370,1.00
514,370,1.00
515,370,1.00
516,370,1.00
517,370,1.00
518,370,1.00
519,370,1.00
520,370,1.00
521,370,1.00
511,371,1.00
512,371,0.99
513,371,1.00
514,371,1.00
515,371,1.00
516,371,1.00
517,371,1.00
518,371,0.99
519,371,0.95
520,371,0.93
521,371,0.98
511,372,0.86
512,372,0.85
513,372,1.00
514,372,1.00
515,372,0.99
516,372,0.91
517,372,0.81
518,372,0.79
519,372,0.75
520,372,0.80
521,372,0.85
511,373,0.72
512,373,0.71
513,373,0.98
514,373,0.93
515,373,0.87
516,373,0.80
517,373,0.71
518,373,0.61
519,373,0.62
520,373,0.67
521,373,0.71
511,374,0.58
512,374,0.57
513,374,0.85
514,374,0.80
515,374,0.75
516,374,0.68
517,374,0.60
518,374,0.60
519,374,0.60
520,374,0.60
521,374,0.60
511,375,0.44
512,375,0.43
513,375,0.41
514,375,0.37
515,375,0.32
516,375,0.30
517,375,0.30
518,375,0.30
519,375,0.30
520,375,0.30
521,375,0.30
511,376,0.30
512,376,0.30
513,376,0.30
514,376,0.30
515,376,0.30
516,376,0.30
517,376,0.30
518,376,0.30
519,376,0.30
520,376,0.30
521,376,0.30
526,354,0.60
527,354,0.60
528,354,0.90
529,354,0.92
530,354,0.97
531,354,1.00
532,354,1.00
533,354,1.00
513,355,0.30
514,355,0.30
515,355,0.30
516,355,0.30
517,355,0.30
518,355,0.30
519,355,0.32
520,355,0.37
521,355,0.41
522,355,0.43
523,355,0.74
524,355,0.73
525,355,0.71
526,355,0.67
527,355,0.62
528,355,0.98
529,355,1.00
530,355,1.00
531,355,1.00
532,355,1.00
533,355,1.00
522,356,0.57
523,356,0.88
524,356,0.87
525,356,0.85
526,356,0.82
527,356,0.86
528,356,1.00
529,356,1.00
530,356,1.00
531,356,1.00
532,356,1.00
533,356,1.00
522,357,0.71
523,357,1.00
524,357,1.00
525,357,0.98
526,357,1.00
527,357,1.00
528,357,1.00
529,357,1.00
530,357,1.00
531,357,1.00
532,357,1.00
533,357,1.00
522,358,0.85
523,358,1.00
524,358,1.00
525,358,1.00
526,358,1.00
527,358,1.00
528,358,1.00
529,358,1.00
530,358,1.00
531,358,1.00
532,358,1.00
533,358,1.00
522,359,0.99
523,359,1.00
524,359,1.00
525,359,1.00
526,359,1.00
527,359,1.00
528,359,1.00
529,359,1.00
530,359,1.00
531,359,1.00
532,359,1.00
533,359,1.00
522,360,1.00
523,360,1.00
524,360,1.00
525,360,1.00
526,360,1.00
527,360,1.00
528,360,1.00
529,360,1.00
530,360,1.00
531,360,1.00
532,360,1.00
533,360,1.00
522,361,1.00
523,361,1.00
524,361,1.00
525,361,1.00
526,361,1.00
527,361,1.00
528,361,1.00
529,361,1.00
530,361,1.00
531,361,1.00
532,361,1.00
533,361,1.00
522,362,1.00
523,362,1.00
524,362,1.00
525,362,1.00
526,362,1.00
527,362,1.00
528,362,1.00
529,362,1.00
530,362,1.00
531,362,1.00
532,362,1.00
533,362,1.00
522,363,1.00
523,363,1.00
524,363,1.00
525,363,1.00
526,363,1.00
527,363,1.00
528,363,1.00
529,363,1.00
530,363,1.00
531,363,1.00
532,363,1.00
533,363,1.00
522,364,1.00
523,364,1.00
524,364,1.00
525,364,1.00
526,364,1.00
527,364,1.00
528,364,1.00
529,364,1.00
530,364,1.00
531,364,1.00
532,364,1.00
533,364,1.00
522,365,1.00
523,365,1.00
524,365,1.00
525,365,1.00
526,365,1.00
527,365,1.00
528,365,1.00
529,365,1.00
530,365,1.00
531,365,1.00
532,365,1.00
533,365,1.00
522,366,1.00
523,366,1.00
524,366,1.00
525,366,1.00
526,366,1.00
527,366,1.00
528,366,1.00
529,366,1.00
530,366,1.00
531,366,1.00
532,366,1.00
533,366,1.00
522,367,1.00
523,367,1.00
524,367,1.00
525,367,1.00
526,367,1.00
527,367,1.00
528,367,1.00
529,367,1.00
530,367,1.00
531,367,1.00
532,367,1.00
533,367,1.00
522,368,1.00
523,368,1.00
524,368,1.00
525,368,1.00
526,368,1.00
527,368,1.00
528,368,1.00
529,368,1.00
530,368,1.00
531,368,1.00
532,368,1.00
533,368,1.00
522,369,0.99
523,369,1.00
524,369,1.00
525,369,1.00
526,369,1.00
527,369,1.00
528,369,1.00
529,369,1.00
530,369,1.00
531,369,1.00
532,369,1.00
533,369,1.00
522,370,0.85
523,370,1.00
524,370,1.00
525,370,1.00
526,370,1.00
527,370,1.00
528,370,1.00
529,370,1.00
530,370,1.00
531,370,1.00
532,370,1.00
533,370,1.00
522,371,0.71
523,371,1.00
524,371,1.00
525,371,0.98
526,371,0.93
527,371,0.87
528,371,1.00
529,371,1.00
530,371,1.00
531,371,1.00
532,371,1.00
533,371,1.00
522,372,0.57
523,372,0.88
524,372,0.87
525,372,0.85
526,372,0.80
527,372,0.75
528,372,0.98
529,372,0.92
530,372,0.97
531,372,1.00
532,372,1.00
533,372,1.00
522,373,0.43
523,373,0.74
524,373,0.73
525,373,0.71
526,373,0.67
527,373,0.62
528,373,0.90
529,373,0.90
530,373,0.90
531,373,1.00
532,373,1.00
533,373,1.00
522,374,0.30
523,374,0.30
524,374,0.30
525,374,0.30
526,374,0.30
527,374,0.30
528,374,0.30
529,374,0.30
530,374,0.30
531,374,0.30
532,374,0.30
533,374,0.30
534,353,0.90
535,353,0.90
536,353,0.90
537,353,0.90
538,353,0.90
539,353,0.90
540,353,0.90
541,353,0.90
542,353,0.90
543,353,0.90
534,354,1.00
535,354,1.00
536,354,1.00
537,354,1.00
538,354,1.00
539,354,1.00
540,354,1.00
541,354,1.00
542,354,1.00
543,354,1.00
534,355,1.00
535,355,1.00
536,355,1.00
537,355,1.00
538,355,1.00
539,355,1.00
540,355,1.00
541,355,1.00
542,355,1.00
543,355,1.00
534,356,1.00
535,356,1.00
536,356,1.00
537,356,1.00
538,356,1.00
539,356,1.00
540,356,1.00
541,356,1.00
542,356,1.00
543,356,1.00
534,357,1.00
535,357,1.00
536,357,1.00
537,357,1.00
538,357,1.00
539,357,1.00
540,357,1.00
541,357,1.00
542,357,1.00
543,357,1.00
534,358,1.00
535,358,1.00
536,358,1.00
537,358,1.00
538,358,1.00
539,358,1.00
540,358,1.00
541,358,1.00
542,358,1.00
543,358,1.00
534,359,1.00
535,359,1.00
536,359,1.00
537,359,1.00
538,359,1.00
539,359,1.00
540,359,1.00
541,359,1.00
542,359,1.00
543,359,1.00
534,360,1.00
535,360,1.00
536,360,1.00
537,360,1.00
538,360,1.00
539,360,1.00
540,360,1.00
541,360,1.00
542,360,1.00
543,360,1.00
534,361,1.00
535,361,1.00
536,361,1.00
537,361,1.00
538,361,1.00
539,361,1.00
540,361,1.00
541,361,1.00
542,361,1.00
543,361,1.00
534,362,1.00
535,362,1.00
536,362,1.00
537,362,1.00
538,362,1.00
539,362,1.00
540,362,1.00
541,362,1.00
542,362,1.00
543,362,1.00
534,363,1.00
535,363,1.00
536,363,1.00
537,363,1.00
538,363,1.00
539,363,1.00
540,363,1.00
541,363,1.00
542,363,1.00
543,363,1.00
534,364,1.00
535,364,1.00
536,364,1.00
537,364,1.00
538,364,1.00
539,364,1.00
540,364,1.00
541,364,1.00
542,364,1.00
543,364,1.00
534,365,1.00
535,365,1.00
536,365,1.00
537,365,1.00
538,365,1.00
539,365,1.00
540,365,1.00
541,365,1.00
542,365,1.00
543,365,1.00
534,366,1.00
535,366,1.00
536,366,1.00
537,366,1.00
538,366,1.00
539,366,1.00
540,366,1.00
541,366,1.00
542,366,1.00
543,366,1.00
534,367,1.00
535,367,1.00
536,367,1.00
537,367,1.00
538,367,1.00
539,367,1.00
540,367,1.00
541,367,1.00
542,367,1.00
543,367,1.00
534,368,1.00
535,368,1.00
536,368,1.00
537,368,1.00
538,368,1.00
539,368,1.00
540,368,1.00
541,368,1.00
542,368,1.00
543,368,1.00
534,369,1.00
535,369,1.00
536,369,1.00
537,369,1.00
538,369,1.00
539,369,1.00
540,369,1.00
541,369,1.00
542,369,1.00
543,369,1.00
534,370,1.00
535,370,1.00
536,370,1.00
537,370,1.00
538,370,1.00
539,370,1.00
540,370,1.00
541,370,1.00
542,370,1.00
543,370,1.00
534,371,1.00
535,371,1.00
536,371,1.00
537,371,1.00
538,371,1.00
539,371,1.00
540,371,1.00
541,371,1.00
542,371,1.00
543,371,1.00
534,372,1.00
535,372,1.00
536,372,1.00
537,372,1.00
538,372,1.00
539,372,1.00
540,372,1.00
541,372,1.00
542,372,1.00
543,372,1.00
534,373,0.90
535,373,1.00
536,373,1.00
537,373,1.00
538,373,1.00
539,373,1.00
540,373,1.00
541,373,1.00
542,373,1.00
543,373,1.00
544,353,0.60
545,353,0.60
546,353,0.60
547,353,0.60
548,353,0.60
544,354,0.97
545,354,0.92
546,354,0.90
547,354,0.90
548,354,0.90
544,355,1.00
545,355,1.00
546,355,1.00
547,355,1.00
548,355,0.97
544,356,1.00
545,356,1.00
546,356,1.00
547,356,1.00
548,356,1.00
544,357,1.00
545,357,1.00
546,357,1.00
547,357,1.00
548,357,1.00
544,358,1.00
545,358,1.00
546,358,1.00
547,358,1.00
548,358,1.00
544,359,1.00
545,359,1.00
546,359,1.00
547,359,1.00
548,359,1.00
544,360,1.00
545,360,1.00
546,360,1.00
547,360,1.00
548,360,1.00
544,361,1.00
545,361,1.00
546,361,1.00
547,361,1.00
548,361,1.00
544,362,1.00
545,362,1.00
546,362,1.00
547,362,1.00
548,362,1.00
544,363,1.00
545,363,1.00
546,363,1.00
547,363,1.00
548,363,1.00
544,364,1.00
545,364,1.00
546,364,1.00
547,364,1.00
548,364,1.00
544,365,1.00
545,365,1.00
546,365,1.00
547,365,1.00
548,365,1.00
544,366,1.00
545,366,1.00
546,366,1.00
547,366,1.00
548,366,1.00
544,367,1.00
545,367,1.00
546,367,1.00
547,367,1.00
548,367,1.00
544,368,1.00
545,368,1.00
546,368,1.00
547,368,1.00
548,368,1.00
544,369,1.00
545,369,1.00
546,369,1.00
547,369,1.00
548,369,1.00
544,370,1.00
545,370,1.00
546,370,1.00
547,370,1.00
548,370,1.00
544,371,1.00
545,371,1.00
546,371,1.00
547,371,1.00
548,371,1.00
544,372,1.00
545,372,1.00
546,372,1.00
547,372,1.00
548,372,1.00
544,373,1.00
545,373,1.00
546,373,1.00
547,373,1.00
548,373,1.00
549,353,0.30
550,353,0.30
551,353,0.30
549,354,0.60
550,354,0.60
551,354,0.60
549,355,0.62
550,355,0.60
551,355,0.60
549,356,0.75
550,356,0.68
551,356,0.60
549,357,0.87
550,357,0.80
551,357,0.71
549,358,1.00
550,358,1.00
551,358,1.00
549,359,1.00
550,359,1.00
551,359,1.00
549,360,1.00
550,360,1.00
551,360,1.00
549,361,1.00
550,361,1.00
551,361,1.00
549,362,1.00
550,362,1.00
551,362,1.00
549,363,1.00
550,363,1.00
551,363,1.00
549,364,1.00
550,364,1.00
551,364,1.00
549,365,1.00
550,365,1.00
551,365,1.00
549,366,1.00
550,366,1.00
551,366,1.00
549,367,1.00
550,367,1.00
551,367,1.00
549,368,1.00
550,368,1.00
551,368,1.00
549,369,1.00
550,369,1.00
551,369,1.00
549,370,1.00
550,370,1.00
551,370,1.00
549,371,1.00
550,371,1.00
551,371,1.00
549,372,1.00
550,372,1.00
551,372,1.00
549,373,1.00
550,373,1.00
551,373,1.00
552,354,0.30
553,354,0.30
554,354,0.30
555,354,0.30
552,355,0.30
553,355,0.30
554,355,0.30
555,355,0.30
552,356,0.30
553,356,0.30
554,356,0.30
555,356,0.30
552,357,0.31
553,357,0.30
554,357,0.30
555,357,0.30
552,358,0.71
553,358,0.60
554,358,0.60
555,358,0.60
552,359,0.93
553,359,0.79
554,359,0.67
555,359,0.62
552,360,1.00
553,360,0.99
554,360,0.82
555,360,0.75
552,361,1.00
553,361,1.00
554,361,1.00
555,361,1.00
552,362,1.00
553,362,1.00
554,362,1.00
555,362,1.00
552,363,1.00
553,363,1.00
554,363,1.00
555,363,1.00
552,364,1.00
553,364,1.00
554,364,1.00
555,364,1.00
552,365,1.00
553,365,1.00
554,365,1.00
555,365,1.00
552,366,1.00
553,366,1.00
554,366,1.00
555,366,1.00
552,367,1.00
553,367,1.00
554,367,1.00
555,367,1.00
552,368,1.00
553,368,1.00
554,368,1.00
555,368,1.00
552,369,1.00
553,369,1.00
554,369,1.00
555,369,1.00
552,370,1.00
553,370,1.00
554,370,1.00
555,370,1.00
552,371,1.00
553,371,1.00
554,371,1.00
555,371,1.00
552,372,1.00
553,372,1.00
554,372,1.00
555,372,1.00
552,373,1.00
553,373,1.00
554,373,1.00
555,373,1.00
535,374,0.30
536,374,0.30
537,374,0.30
538,374,0.30
539,374,0.30
540,374,0.30
541,374,0.60
542,374,0.60
543,374,0.90
544,374,1.00
545,374,1.00
546,374,1.00
547,374,1.00
548,374,1.00
549,374,1.00
550,374,1.00
551,374,1.00
552,374,1.00
553,374,1.00
554,374,1.00
555,374,1.00
556,358,0.30
557,358,0.30
558,358,0.30
559,358,0.30
560,358,0.30
561,358,0.30
556,359,0.30
557,359,0.30
558,359,0.30
559,359,0.30
560,359,0.30
561,359,0.30
556,360,0.38
557,360,0.30
558,360,0.30
559,360,0.30
560,360,0.30
561,360,0.30
556,361,0.80
557,361,0.71
558,361,0.61
559,361,0.60
560,361,0.60
561,361,0.60
556,362,0.98
557,362,0.83
558,362,0.71
559,362,0.60
560,362,0.60
561,362,0.60
556,363,1.00
557,363,1.00
558,363,0.87
559,363,0.68
560,363,0.60
561,363,0.60
556,364,1.00
557,364,1.00
558,364,1.00
559,364,1.00
560,364,0.94
561,364,0.90
556,365,1.00
557,365,1.00
558,365,1.00
559,365,1.00
560,365,1.00
561,365,0.90
556,366,1.00
557,366,1.00
558,366,1.00
559,366,1.00
560,366,1.00
561,366,0.98
556,367,1.00
557,367,1.00
558,367,1.00
559,367,1.00
560,367,1.00
561,367,1.00
556,368,1.00
557,368,1.00
558,368,1.00
559,368,1.00
560,368,1.00
561,368,1.00
556,369,1.00
557,369,1.00
558,369,1.00
559,369,1.00
560,369,1.00
561,369,1.00
556,370,1.00
557,370,1.00
558,370,1.00
559,370,1.00
560,370,1.00
561,370,1.00
556,371,1.00
557,371,1.00
558,371,1.00
559,371,1.00
560,371,1.00
561,371,1.00
556,372,1.00
557,372,1.00
558,372,1.00
559,372,1.00
560,372,1.00
561,372,1.00
556,373,1.00
557,373,1.00
558,373,1.00
559,373,1.00
560,373,1.00
561,373,1.00
556,374,1.00
557,374,1.00
558,374,1.00
559,374,1.00
560,374,1.00
561,374,1.00
541,375,0.30
542,375,0.30
543,375,0.60
544,375,0.94
545,375,1.00
546,375,1.00
547,375,1.00
548,375,1.00
549,375,1.00
550,375,1.00
551,375,1.00
552,375,1.00
553,375,1.00
554,375,1.00
555,375,1.00
556,375,1.00
557,375,1.00
558,375,1.00
559,375,1.00
560,375,1.00
561,375,1.00
541,376,0.30
542,376,0.30
543,376,0.60
544,376,0.90
545,376,1.00
546,376,1.00
547,376,1.00
548,376,1.00
549,376,1.00
550,376,1.00
551,376,1.00
552,376,1.00
553,376,1.00
554,376,1.00
555,376,1.00
556,376,1.00
557,376,1.00
558,376,1.00
559,376,1.00
560,376,1.00
561,376,1.00
541,377,0.30
542,377,0.30
543,377,0.60
544,377,0.90
545,377,0.97
546,377,1.00
547,377,1.00
548,377,1.00
549,377,1.00
550,377,1.00
551,377,1.00
552,377,1.00
553,377,1.00
554,377,1.00
555,377,1.00
556,377,1.00
557,377,1.00
558,377,1.00
559,377,1.00
560,377,1.00
561,377,1.00
541,378,0.30
542,378,0.30
543,378,0.60
544,378,0.90
545,378,0.92
546,378,1.00
547,378,1.00
548,378,1.00
549,378,1.00
550,378,1.00
551,378,1.00
552,378,1.00
553,378,1.00
554,378,1.00
555,378,1.00
556,378,1.00
557,378,1.00
558,378,1.00
559,378,1.00
560,378,1.00
561,378,1.00
562,361,0.30
563,361,0.30
562,362,0.30
563,362,0.30
562,363,0.30
563,363,0.30
562,364,0.60
563,364,0.60
562,365,0.60
563,365,0.60
562,366,0.60
563,366,0.60
562,367,0.62
563,367,0.60
562,368,0.67
563,368,0.60
562,369,0.79
563,369,0.60
562,370,1.00
563,370,0.92
562,371,1.00
563,371,0.97
562,372,1.00
563,372,1.00
562,373,1.00
563,373,1.00
562,374,1.00
563,374,1.00
562,375,1.00
563,375,1.00
562,376,1.00
563,376,1.00
562,377,1.00
563,377,1.00
562,378,1.00
563,378,1.00
543,379,0.30
544,379,0.60
545,379,0.60
546,379,1.00
547,379,1.00
548,379,1.00
549,379,1.00
550,379,1.00
551,379,1.00
552,379,1.00
553,379,1.00
554,379,1.00
555,379,1.00
556,379,1.00
557,379,1.00
558,379,1.00
559,379,1.00
560,379,1.00
561,379,1.00
562,379,1.00
563,379,1.00
543,380,0.30
544,380,0.60
545,380,0.60
546,380,1.00
547,380,1.00
548,380,1.00
549,380,1.00
550,380,1.00
551,380,1.00
552,380,1.00
553,380,1.00
554,380,1.00
555,380,1.00
556,380,1.00
557,380,1.00
558,380,1.00
559,380,1.00
560,380,1.00
561,380,1.00
562,380,1.00
563,380,1.00
543,381,0.30
544,381,0.60
545,381,0.60
546,381,1.00
547,381,1.00
548,381,1.00
549,381,1.00
550,381,1.00
551,381,1.00
552,381,1.00
553,381,1.00
554,381,1.00
555,381,1.00
556,381,1.00
557,381,1.00
558,381,1.00
559,381,1.00
560,381,1.00
561,381,1.00
562,381,1.00
563,381,1.00
564,364,0.30
564,365,0.30
564,366,0.30
564,367,0.30
564,368,0.30
564,369,0.30
564,370,0.60
564,371,0.60
564,372,0.60
564,373,0.60
564,374,0.60
564,375,0.68
564,376,1.00
564,377,1.00
564,378,1.00
564,379,1.00
564,380,1.00
564,381,1.00
544,382,0.30
545,382,0.30
546,382,1.00
547,382,1.00
548,382,1.00
549,382,1.00
550,382,1.00
551,382,1.00
552,382,1.00
553,382,1.00
554,382,1.00
555,382,1.00
556,382,1.00
557,382,1.00
558,382,1.00
559,382,1.00
560,382,1.00
561,382,1.00
562,382,1.00
563,382,1.00
564,382,1.00
544,383,0.30
545,383,0.30
546,383,1.00
547,383,1.00
548,383,1.00
549,383,1.00
550,383,1.00
551,383,1.00
552,383,1.00
553,383,1.00
554,383,1.00
555,383,1.00
556,383,1.00
557,383,1.00
558,383,1.00
559,383,1.00
560,383,1.00
561,383,1.00
562,383,1.00
563,383,1.00
564,383,1.00
544,384,0.60
545,384,0.60
546,384,1.00
547,384,1.00
548,384,1.00
549,384,1.00
550,384,1.00
551,384,1.00
552,384,1.00
553,384,1.00
554,384,1.00
555,384,1.00
556,384,1.00
557,384,1.00
558,384,1.00
559,384,1.00
560,384,1.00
561,384,1.00
562,384,1.00
563,384,1.00
564,384,1.00
565,370,0.30
566,370,0.30
565,371,0.30
566,371,0.30
565,372,0.30
566,372,0.30
565,373,0.30
566,373,0.30
565,374,0.30
566,374,0.30
565,375,0.30
566,375,0.30
565,376,0.62
566,376,0.60
565,377,0.67
566,377,0.60
565,378,0.71
566,378,0.60
565,379,0.73
566,379,0.60
565,380,1.00
566,380,0.90
565,381,1.00
566,381,0.90
565,382,1.00
566,382,1.00
565,383,1.00
566,383,1.00
565,384,1.00
566,384,1.00
546,385,1.00
547,385,1.00
548,385,1.00
549,385,1.00
550,385,1.00
551,385,1.00
552,385,1.00
553,385,1.00
554,385,1.00
555,385,1.00
556,385,1.00
557,385,1.00
558,385,1.00
559,385,1.00
560,385,1.00
561,385,1.00
562,385,1.00
563,385,1.00
564,385,1.00
565,385,1.00
566,385,1.00
546,386,1.00
547,386,1.00
548,386,1.00
549,386,1.00
550,386,1.00
551,386,1.00
552,386,1.00
553,386,1.00
554,386,1.00
555,386,1.00
556,386,1.00
557,386,1.00
558,386,1.00
559,386,1.00
560,386,1.00
561,386,1.00
562,386,1.00
563,386,1.00
564,386,1.00
565,386,1.00
566,386,1.00
546,387,1.00
547,387,1.00
548,387,1.00
549,387,1.00
550,387,1.00
551,387,1.00
552,387,1.00
553,387,1.00
554,387,1.00
555,387,1.00
556,387,1.00
557,387,1.00
558,387,1.00
559,387,1.00
560,387,1.00
561,387,1.00
562,387,1.00
563,387,1.00
564,387,1.00
565,387,1.00
566,387,1.00
546,388,1.00
547,388,1.00
548,388,1.00
549,388,1.00
550,388,1.00
551,388,1.00
552,388,1.00
553,388,1.00
554,388,1.00
555,388,1.00
556,388,1.00
557,388,1.00
558,388,1.00
559,388,1.00
560,388,1.00
561,388,1.00
562,388,1.00
563,388,1.00
564,388,1.00
565,388,1.00
566,388,1.00
546,389,1.00
547,389,1.00
548,389,1.00
549,389,1.00
550,389,1.00
551,389,1.00
552,389,1.00
553,389,1.00
554,389,1.00
555,389,1.00
556,389,1.00
557,389,1.00
558,389,1.00
559,389,1.00
560,389,1.00
561,389,1.00
562,389,1.00
563,389,1.00
564,389,1.00
565,389,1.00
566,389,1.00
546,390,1.00
547,390,1.00
548,390,1.00
549,390,1.00
550,390,1.00
551,390,1.00
552,390,1.00
553,390,1.00
554,390,1.00
555,390,1.00
556,390,1.00
557,390,1.00
558,390,1.00
559,390,1.00
560,390,1.00
561,390,1.00
562,390,1.00
563,390,1.00
564,390,1.00
565,390,1.00
566,390,1.00
546,391,1.00
547,391,1.00
548,391,1.00
549,391,1.00
550,391,1.00
551,391,1.00
552,391,1.00
553,391,1.00
554,391,1.00
555,391,1.00
556,391,1.00
557,391,1.00
558,391,1.00
559,391,1.00
560,391,1.00
561,391,1.00
562,391,1.00
563,391,1.00
564,391,1.00
565,391,1.00
566,391,1.00
546,392,1.00
547,392,1.00
548,392,1.00
549,392,1.00
550,392,1.00
551,392,1.00
552,392,1.00
553,392,1.00
554,392,1.00
555,392,1.00
556,392,1.00
557,392,1.00
558,392,1.00
559,392,1.00
560,392,1.00
561,392,1.00
562,392,1.00
563,392,1.00
564,392,1.00
565,392,1.00
566,392,1.00
546,393,1.00
547,393,1.00
548,393,1.00
549,393,1.00
550,393,1.00
551,393,1.00
552,393,1.00
553,393,1.00
554,393,1.00
555,393,1.00
556,393,1.00
557,393,1.00
558,393,1.00
559,393,1.00
560,393,1.00
561,393,1.00
562,393,1.00
563,393,1.00
564,393,1.00
565,393,1.00
566,393,0.97
546,394,1.00
547,394,1.00
548,394,1.00
549,394,1.00
550,394,1.00
551,394,1.00
552,394,1.00
553,394,1.00
554,394,1.00
555,394,1.00
556,394,1.00
557,394,1.00
558,394,1.00
559,394,1.00
560,394,1.00
561,394,1.00
562,394,1.00
563,394,1.00
564,394,1.00
565,394,1.00
566,394,0.92
546,395,1.00
547,395,1.00
548,395,1.00
549,395,1.00
550,395,1.00
551,395,1.00
552,395,1.00
553,395,1.00
554,395,1.00
555,395,1.00
556,395,1.00
557,395,1.00
558,395,1.00
559,395,1.00
560,395,1.00
561,395,1.00
562,395,1.00
563,395,1.00
564,395,1.00
565,395,1.00
566,395,0.90
546,396,1.00
547,396,1.00
548,396,1.00
549,396,1.00
550,396,1.00
551,396,1.00
552,396,1.00
553,396,1.00
554,396,1.00
555,396,1.00
556,396,1.00
557,396,1.00
558,396,1.00
559,396,1.00
560,396,1.00
561,396,1.00
562,396,1.00
563,396,1.00
564,396,1.00
565,396,0.92
566,396,0.90
567,380,0.30
567,381,0.30
567,382,0.30
567,383,0.30
567,384,0.30
567,385,0.30
567,386,0.30
567,387,0.30
567,388,0.30
567,389,0.30
567,390,0.30
567,391,0.30
567,392,0.30
567,393,0.30
567,394,0.30
567,395,0.30
567,396,0.30
547,397,1.00
548,397,1.00
549,397,1.00
550,397,1.00
551,397,1.00
552,397,1.00
553,397,1.00
554,397,1.00
555,397,1.00
556,397,1.00
557,397,1.00
558,397,1.00
559,397,1.00
560,397,1.00
561,397,1.00
562,397,1.00
563,397,0.90
564,397,0.69
565,397,0.60
566,397,0.60
567,397,0.30
547,398,1.00
548,398,1.00
549,398,1.00
550,398,1.00
551,398,1.00
552,398,1.00
553,398,1.00
554,398,1.00
555,398,1.00
556,398,1.00
557,398,1.00
558,398,1.00
559,398,1.00
560,398,1.00
561,398,1.00
562,398,0.89
563,398,0.71
564,398,0.60
565,398,0.60
566,398,0.60
567,398,0.30
547,399,1.00
548,399,1.00
549,399,1.00
550,399,1.00
551,399,1.00
552,399,1.00
553,399,1.00
554,399,1.00
555,399,1.00
556,399,1.00
557,399,1.00
558,399,1.00
559,399,1.00
560,399,1.00
561,399,0.82
562,399,0.71
563,399,0.61
564,399,0.60
565,399,0.60
566,399,0.60
567,399,0.30
547,400,1.00
548,400,1.00
549,400,1.00
550,400,1.00
551,400,1.00
552,400,1.00
553,400,1.00
554,400,1.00
555,400,1.00
556,400,1.00
557,400,1.00
558,400,1.00
559,400,1.00
560,400,1.00
561,400,0.68
562,400,0.60
563,400,0.60
564,400,0.60
565,400,0.60
566,400,0.60
567,400,0.30
546,397,1.00
546,398,1.00
546,399,1.00
546,400,1.00
546,401,1.00
547,401,1.00
548,401,1.00
549,401,1.00
550,401,1.00
551,401,1.00
552,401,1.00
553,401,1.00
554,401,1.00
555,401,0.93
556,401,0.85
557,401,0.75
558,401,0.71
559,401,0.67
560,401,0.62
561,401,0.30
562,401,0.30
563,401,0.30
564,401,0.30
565,401,0.30
566,401,0.30
546,402,1.00
547,402,1.00
548,402,1.00
549,402,1.00
550,402,1.00
551,402,1.00
552,402,1.00
553,402,1.00
554,402,1.00
555,402,0.68
556,402,0.60
557,402,0.60
558,402,0.60
559,402,0.60
560,402,0.60
561,402,0.30
562,402,0.30
563,402,0.30
564,402,0.30
565,402,0.30
566,402,0.30
540,384,0.30
541,384,0.30
542,384,0.30
543,384,0.30
540,385,0.60
541,385,0.60
542,385,0.60
543,385,0.60
544,385,0.60
545,385,0.60
540,386,0.62
541,386,0.67
542,386,0.71
543,386,0.73
544,386,0.74
545,386,0.81
540,387,0.75
541,387,0.80
542,387,0.85
543,387,0.89
544,387,0.99
545,387,1.00
540,388,0.87
541,388,0.93
542,388,0.98
543,388,1.00
544,388,1.00
545,388,1.00
540,389,0.99
541,389,1.00
542,389,1.00
543,389,1.00
544,389,1.00
545,389,1.00
540,390,1.00
541,390,1.00
542,390,1.00
543,390,1.00
544,390,1.00
545,390,1.00
540,391,1.00
541,391,1.00
542,391,1.00
543,391,1.00
544,391,1.00
545,391,1.00
540,392,1.00
541,392,1.00
542,392,1.00
543,392,1.00
544,392,1.00
545,392,1.00
540,393,1.00
541,393,1.00
542,393,1.00
543,393,1.00
544,393,1.00
545,393,1.00
540,394,1.00
541,394,1.00
542,394,1.00
543,394,1.00
544,394,1.00
545,394,1.00
540,395,1.00
541,395,1.00
542,395,1.00
543,395,1.00
544,395,1.00
545,395,1.00
540,396,1.00
541,396,1.00
542,396,1.00
543,396,1.00
544,396,1.00
545,396,1.00
540,397,1.00
541,397,1.00
542,397,1.00
543,397,1.00
544,397,1.00
545,397,1.00
540,398,1.00
541,398,1.00
542,398,1.00
543,398,1.00
544,398,1.00
545,398,1.00
540,399,1.00
541,399,1.00
542,399,1.00
543,399,1.00
544,399,1.00
545,399,1.00
540,400,1.00
541,400,1.00
542,400,1.00
543,400,1.00
544,400,1.00
545,400,1.00
540,401,0.99
541,401,1.00
542,401,1.00
543,401,1.00
544,401,1.00
545,401,1.00
540,402,0.87
541,402,0.93
542,402,0.98
543,402,1.00
544,402,1.00
545,402,1.00
540,403,0.75
541,403,0.80
542,403,0.85
543,403,0.87
544,403,0.88
545,403,0.87
546,403,0.87
547,403,0.88
548,403,0.86
549,403,1.00
550,403,1.00
551,403,1.00
552,403,1.00
553,403,1.00
554,403,1.00
555,403,1.00
556,403,1.00
557,403,1.00
558,403,1.00
559,403,1.00
560,403,1.00
540,404,0.92
541,404,0.97
542,404,1.00
543,404,1.00
544,404,1.00
545,404,1.00
546,404,1.00
547,404,1.00
548,404,1.00
549,404,1.00
550,404,1.00
551,404,1.00
552,404,1.00
553,404,1.00
554,404,1.00
555,404,1.00
556,404,1.00
557,404,1.00
558,404,1.00
559,404,1.00
560,404,1.00
534,385,0.30
535,385,0.30
536,385,0.30
537,385,0.30
538,385,0.30
539,385,0.30
534,386,0.60
535,386,0.60
536,386,0.60
537,386,0.60
538,386,0.30
539,386,0.30
534,387,0.60
535,387,0.60
536,387,0.60
537,387,0.60
538,387,0.30
539,387,0.38
534,388,0.60
535,388,0.60
536,388,0.60
537,388,0.61
538,388,0.41
539,388,0.50
534,389,0.61
535,389,0.60
536,389,0.60
537,389,0.71
538,389,0.51
539,389,0.61
534,390,0.71
535,390,0.60
536,390,0.68
537,390,0.80
538,390,0.61
539,390,0.71
534,391,0.80
535,391,0.70
536,391,0.75
537,391,0.87
538,391,0.69
539,391,0.80
534,392,0.87
535,392,0.82
536,392,0.82
537,392,0.93
538,392,0.76
539,392,0.88
534,393,0.93
535,393,0.91
536,393,0.92
537,393,0.98
538,393,0.81
539,393,0.95
534,394,0.98
535,394,0.98
536,394,0.98
537,394,1.00
538,394,0.85
539,394,0.99
534,395,1.00
535,395,1.00
536,395,1.00
537,395,1.00
538,395,0.86
539,395,1.00
534,396,1.00
535,396,1.00
536,396,1.00
537,396,1.00
538,396,0.85
539,396,0.99
534,397,1.00
535,397,0.98
536,397,0.98
537,397,0.98
538,397,0.81
539,397,0.95
534,398,0.98
535,398,0.92
536,398,0.91
537,398,0.93
538,398,0.76
539,398,0.88
534,399,0.93
535,399,0.82
536,399,0.82
537,399,0.87
538,399,0.69
539,399,0.80
534,400,0.87
535,400,0.75
536,400,0.70
537,400,0.80
538,400,0.61
539,400,0.71
534,401,0.80
535,401,0.68
536,401,0.60
537,401,0.71
538,401,0.51
539,401,0.61
534,402,0.71
535,402,0.60
536,402,0.60
537,402,0.61
538,402,0.41
539,402,0.50
534,403,0.61
535,403,0.60
536,403,0.60
537,403,0.60
538,403,0.30
539,403,0.38
534,404,0.60
535,404,0.60
536,404,0.60
537,404,0.60
538,404,0.60
539,404,0.60
534,405,0.90
535,405,0.90
536,405,0.90
537,405,0.90
538,405,0.90
539,405,0.90
540,405,0.90
541,405,0.90
542,405,1.00
543,405,1.00
544,405,1.00
545,405,1.00
546,405,1.00
547,405,1.00
548,405,1.00
549,405,1.00
550,405,1.00
551,405,1.00
552,405,1.00
553,405,1.00
554,405,1.00
517,386,0.30
518,386,0.30
519,386,0.30
520,386,0.30
521,386,0.30
522,386,0.30
523,386,0.30
524,386,0.30
525,386,0.30
526,386,0.30
527,386,0.30
528,386,0.30
529,386,0.30
530,386,0.30
531,386,0.30
532,386,0.30
533,386,0.30
517,387,0.30
518,387,0.30
519,387,0.30
520,387,0.30
521,387,0.30
522,387,0.30
523,387,0.32
524,387,0.37
525,387,0.41
526,387,0.43
527,387,0.44
528,387,0.43
529,387,0.41
530,387,0.37
531,387,0.32
532,387,0.30
533,387,0.30
517,388,0.30
518,388,0.30
519,388,0.30
520,388,0.30
521,388,0.30
522,388,0.38
523,388,0.45
524,388,0.50
525,388,0.55
526,388,0.57
527,388,0.58
528,388,0.57
529,388,0.55
530,388,0.50
531,388,0.45
532,388,0.38
533,388,0.30
517,389,0.30
518,389,0.30
519,389,0.30
520,389,0.31
521,389,0.41
522,389,0.50
523,389,0.57
524,389,0.63
525,389,0.68
526,389,0.71
527,389,0.72
528,389,0.71
529,389,0.68
530,389,0.63
531,389,0.57
532,389,0.50
533,389,0.41
517,390,0.30
518,390,0.30
519,390,0.30
520,390,0.41
521,390,0.51
522,390,0.61
523,390,0.69
524,390,0.76
525,390,0.81
526,390,0.85
527,390,0.86
528,390,0.85
529,390,0.81
530,390,0.76
531,390,0.69
532,390,0.61
533,390,0.51
517,391,0.30
518,391,0.30
519,391,0.38
520,391,0.50
521,391,0.61
522,391,0.71
523,391,0.80
524,391,0.88
525,391,0.95
526,391,0.99
527,391,1.00
528,391,0.99
529,391,0.95
530,391,0.88
531,391,0.80
532,391,0.71
533,391,0.61
517,392,0.30
518,392,0.32
519,392,0.45
520,392,0.57
521,392,0.69
522,392,0.80
523,392,0.91
524,392,1.00
525,392,1.00
526,392,1.00
527,392,1.00
528,392,1.00
529,392,1.00
530,392,1.00
531,392,0.91
532,392,0.80
533,392,0.69
517,393,0.30
518,393,0.37
519,393,0.50
520,393,0.63
521,393,0.76
522,393,0.88
523,393,1.00
524,393,1.00
525,393,1.00
526,393,1.00
527,393,1.00
528,393,1.00
529,393,1.00
530,393,1.00
531,393,1.00
532,393,0.88
533,393,0.76
517,394,0.30
518,394,0.41
519,394,0.55
520,394,0.68
521,394,0.81
522,394,0.95
523,394,1.00
524,394,1.00
525,394,1.00
526,394,1.00
527,394,1.00
528,394,1.00
529,394,1.00
530,394,1.00
531,394,1.00
532,394,0.95
533,394,0.81
517,395,0.30
518,395,0.43
519,395,0.57
520,395,0.71
521,395,0.85
522,395,0.99
523,395,1.00
524,395,1.00
525,395,1.00
526,395,1.00
527,395,1.00
528,395,1.00
529,395,1.00
530,395,1.00
531,395,1.00
532,395,0.99
533,395,0.85
517,396,0.30
518,396,0.44
519,396,0.58
520,396,0.72
521,396,0.86
522,396,1.00
523,396,1.00
524,396,1.00
525,396,1.00
526,396,1.00
527,396,1.00
528,396,1.00
529,396,1.00
530,396,1.00
531,396,1.00
532,396,1.00
533,396,0.86
517,397,0.30
518,397,0.43
519,397,0.57
520,397,0.71
521,397,0.85
522,397,0.99
523,397,1.00
524,397,1.00
525,397,1.00
526,397,1.00
527,397,1.00
528,397,1.00
529,397,1.00
530,397,1.00
531,397,1.00
532,397,0.99
533,397,0.85
517,398,0.30
518,398,0.41
519,398,0.55
520,398,0.68
521,398,0.81
522,398,0.95
523,398,1.00
524,398,1.00
525,398,1.00
526,398,1.00
527,398,1.00
528,398,1.00
529,398,1.00
530,398,1.00
531,398,1.00
532,398,0.95
533,398,0.81
517,399,0.30
518,399,0.37
519,399,0.50
520,399,0.63
521,399,0.76
522,399,0.88
523,399,1.00
524,399,1.00
525,399,1.00
526,399,1.00
527,399,1.00
528,399,1.00
529,399,1.00
530,399,1.00
531,399,1.00
532,399,0.88
533,399,0.76
517,400,0.30
518,400,0.32
519,400,0.45
520,400,0.57
521,400,0.69
522,400,0.80
523,400,0.91
524,400,1.00
525,400,1.00
526,400,1.00
527,400,1.00
528,400,1.00
529,400,1.00
530,400,1.00
531,400,0.91
532,400,0.80
533,400,0.69
517,401,0.30
518,401,0.30
519,401,0.38
520,401,0.50
521,401,0.61
522,401,0.71
523,401,0.80
524,401,0.88
525,401,0.95
526,401,0.99
527,401,1.00
528,401,0.99
529,401,0.95
530,401,0.88
531,401,0.80
532,401,0.71
533,401,0.61
517,402,0.30
518,402,0.30
519,402,0.30
520,402,0.41
521,402,0.51
522,402,0.61
523,402,0.69
524,402,0.76
525,402,0.81
526,402,0.85
527,402,0.86
528,402,0.85
529,402,0.81
530,402,0.76
531,402,0.69
532,402,0.61
533,402,0.51
517,403,0.30
518,403,0.30
519,403,0.30
520,403,0.31
521,403,0.41
522,403,0.50
523,403,0.57
524,403,0.63
525,403,0.68
526,403,0.71
527,403,0.72
528,403,0.71
529,403,0.68
530,403,0.63
531,403,0.57
532,403,0.50
533,403,0.41
517,404,0.30
518,404,0.30
519,404,0.30
520,404,0.30
521,404,0.30
522,404,0.38
523,404,0.45
524,404,0.50
525,404,0.55
526,404,0.57
527,404,0.58
528,404,0.57
529,404,0.55
530,404,0.50
531,404,0.45
532,404,0.38
533,404,0.30
517,405,0.30
518,405,0.30
519,405,0.30
520,405,0.30
521,405,0.30
522,405,0.30
523,405,0.32
524,405,0.37
525,405,0.41
526,405,0.43
527,405,0.44
528,405,0.43
529,405,0.41
530,405,0.37
531,405,0.32
532,405,0.30
533,405,0.60
517,406,0.30
518,406,0.30
519,406,0.30
520,406,0.30
521,406,0.30
522,406,0.30
523,406,0.30
524,406,0.30
525,406,0.30
526,406,0.30
527,406,0.30
528,406,0.30
529,406,0.30
530,406,0.30
531,406,0.30
532,406,0.30
533,406,0.60
534,406,0.60
535,406,0.60
536,406,0.60
537,406,0.60
495,386,0.60
496,386,0.60
497,386,0.60
498,386,0.60
499,386,0.60
500,386,0.60
501,386,0.60
502,386,0.60
503,386,0.60
504,386,0.60
505,386,0.60
506,386,0.60
507,386,0.60
508,386,0.60
509,386,0.60
510,386,0.60
511,386,0.60
512,386,0.60
513,386,0.60
514,386,0.30
515,386,0.30
495,387,0.60
496,387,0.60
497,387,0.60
498,387,0.60
499,387,0.62
500,387,0.67
501,387,0.73
502,387,0.80
503,387,0.85
504,387,0.86
505,387,0.85
506,387,0.80
507,387,0.73
508,387,0.67
509,387,0.62
510,387,0.60
511,387,0.60
512,387,0.60
513,387,0.60
514,387,0.30
515,387,0.30
495,388,0.90
496,388,0.90
497,388,0.60
498,388,0.68
499,388,0.75
500,388,0.88
501,388,0.99
502,388,1.00
503,388,1.00
504,388,1.00
505,388,1.00
506,388,1.00
507,388,0.99
508,388,0.88
509,388,0.75
510,388,0.68
511,388,0.60
512,388,0.60
513,388,0.60
514,388,0.30
515,388,0.30
495,389,0.90
496,389,0.91
497,389,0.71
498,389,0.81
499,389,0.98
500,389,1.00
501,389,1.00
502,389,1.00
503,389,1.00
504,389,1.00
505,389,1.00
506,389,1.00
507,389,1.00
508,389,1.00
509,389,0.98
510,389,0.81
511,389,0.71
512,389,0.61
513,389,0.60
514,389,0.30
515,389,0.30
495,390,0.90
496,390,1.00
497,390,0.81
498,390,1.00
499,390,1.00
500,390,1.00
501,390,1.00
502,390,1.00
503,390,1.00
504,390,1.00
505,390,1.00
506,390,1.00
507,390,1.00
508,390,1.00
509,390,1.00
510,390,1.00
511,390,0.81
512,390,0.71
513,390,0.60
514,390,0.30
515,390,0.30
495,391,0.98
496,391,1.00
497,391,0.99
498,391,1.00
499,391,1.00
500,391,1.00
501,391,1.00
502,391,1.00
503,391,1.00
504,391,1.00
505,391,1.00
506,391,1.00
507,391,1.00
508,391,1.00
509,391,1.00
510,391,1.00
511,391,0.99
512,391,0.80
513,391,0.68
514,391,0.30
515,391,0.30
495,392,1.00
496,392,1.00
497,392,1.00
498,392,1.00
499,392,1.00
500,392,1.00
501,392,1.00
502,392,1.00
503,392,1.00
504,392,1.00
505,392,1.00
506,392,1.00
507,392,1.00
508,392,1.00
509,392,1.00
510,392,1.00
511,392,1.00
512,392,0.89
513,392,0.75
514,392,0.32
515,392,0.30
495,393,1.00
496,393,1.00
497,393,1.00
498,393,1.00
499,393,1.00
500,393,1.00
501,393,1.00
502,393,1.00
503,393,1.00
504,393,1.00
505,393,1.00
506,393,1.00
507,393,1.00
508,393,1.00
509,393,1.00
510,393,1.00
511,393,1.00
512,393,1.00
513,393,0.80
514,393,0.37
515,393,0.30
495,394,1.00
496,394,1.00
497,394,1.00
498,394,1.00
499,394,1.00
500,394,1.00
501,394,1.00
502,394,1.00
503,394,1.00
504,394,1.00
505,394,1.00
506,394,1.00
507,394,1.00
508,394,1.00
509,394,1.00
510,394,1.00
511,394,1.00
512,394,1.00
513,394,0.85
514,394,0.41
515,394,0.30
495,395,1.00
496,395,1.00
497,395,1.00
498,395,1.00
499,395,1.00
500,395,1.00
501,395,1.00
502,395,1.00
503,395,1.00
504,395,1.00
505,395,1.00
506,395,1.00
507,395,1.00
508,395,1.00
509,395,1.00
510,395,1.00
511,395,1.00
512,395,1.00
513,395,0.87
514,395,0.43
515,395,0.30
495,396,1.00
496,396,1.00
497,396,1.00
498,396,1.00
499,396,1.00
500,396,1.00
501,396,1.00
502,396,1.00
503,396,1.00
504,396,1.00
505,396,1.00
506,396,1.00
507,396,1.00
508,396,1.00
509,396,1.00
510,396,1.00
511,396,1.00
512,396,1.00
513,396,0.88
514,396,0.44
515,396,0.30
495,397,1.00
496,397,1.00
497,397,1.00
498,397,1.00
499,397,1.00
500,397,1.00
501,397,1.00
502,397,1.00
503,397,1.00
504,397,1.00
505,397,1.00
506,397,1.00
507,397,1.00
508,397,1.00
509,397,1.00
510,397,1.00
511,397,1.00
512,397,1.00
513,397,0.87
514,397,0.43
515,397,0.30
495,398,1.00
496,398,1.00
497,398,1.00
498,398,1.00
499,398,1.00
500,398,1.00
501,398,1.00
502,398,1.00
503,398,1.00
504,398,1.00
505,398,1.00
506,398,1.00
507,398,1.00
508,398,1.00
509,398,1.00
510,398,1.00
511,398,1.00
512,398,1.00
513,398,0.85
514,398,0.41
515,398,0.30
495,399,1.00
496,399,1.00
497,399,1.00
498,399,1.00
499,399,1.00
500,399,1.00
501,399,1.00
502,399,1.00
503,399,1.00
504,399,1.00
505,399,1.00
506,399,1.00
507,399,1.00
508,399,1.00
509,399,1.00
510,399,1.00
511,399,1.00
512,399,1.00
513,399,0.80
514,399,0.37
515,399,0.30
495,400,1.00
496,400,1.00
497,400,1.00
498,400,1.00
499,400,1.00
500,400,1.00
501,400,1.00
502,400,1.00
503,400,1.00
504,400,1.00
505,400,1.00
506,400,1.00
507,400,1.00
508,400,1.00
509,400,1.00
510,400,1.00
511,400,1.00
512,400,0.89
513,400,0.75
514,400,0.32
515,400,0.30
495,401,1.00
496,401,1.00
497,401,0.99
498,401,1.00
499,401,1.00
500,401,1.00
501,401,1.00
502,401,1.00
503,401,1.00
504,401,1.00
505,401,1.00
506,401,1.00
507,401,1.00
508,401,1.00
509,401,1.00
510,401,1.00
511,401,0.99
512,401,0.80
513,401,0.68
514,401,0.30
515,401,0.30
495,402,0.92
496,402,1.00
497,402,0.81
498,402,1.00
499,402,1.00
500,402,1.00
501,402,1.00
502,402,1.00
503,402,1.00
504,402,1.00
505,402,1.00
506,402,1.00
507,402,1.00
508,402,1.00
509,402,1.00
510,402,1.00
511,402,0.81
512,402,0.71
513,402,0.60
514,402,0.30
515,402,0.30
495,403,0.90
496,403,0.91
497,403,0.71
498,403,0.81
499,403,0.98
500,403,1.00
501,403,1.00
502,403,1.00
503,403,1.00
504,403,1.00
505,403,1.00
506,403,1.00
507,403,1.00
508,403,1.00
509,403,0.98
510,403,0.81
511,403,0.71
512,403,0.61
513,403,0.60
514,403,0.30
515,403,0.30
495,404,0.90
496,404,0.90
497,404,0.60
498,404,0.68
499,404,0.75
500,404,0.88
501,404,0.99
502,404,1.00
503,404,1.00
504,404,1.00
505,404,1.00
506,404,1.00
507,404,0.99
508,404,0.88
509,404,0.75
510,404,0.68
511,404,0.60
512,404,0.60
513,404,0.60
514,404,0.30
515,404,0.30
495,405,0.90
496,405,0.90
497,405,0.60
498,405,0.60
499,405,0.62
500,405,0.67
501,405,0.73
502,405,0.80
503,405,0.85
504,405,0.86
505,405,0.85
506,405,0.80
507,405,0.73
508,405,0.67
509,405,0.62
510,405,0.60
511,405,0.60
512,405,0.60
513,405,0.60
514,405,0.30
515,405,0.30
495,406,0.90
496,406,0.90
497,406,0.60
498,406,0.60
499,406,0.60
500,406,0.60
501,406,0.60
502,406,0.60
503,406,0.60
504,406,0.60
505,406,0.60
506,406,0.60
507,406,0.60
508,406,0.60
509,406,0.60
510,406,0.60
511,406,0.60
512,406,0.60
513,406,0.60
514,406,0.30
515,406,0.30
493,386,0.30
494,386,0.30
493,387,0.30
494,387,0.30
493,388,0.60
494,388,0.60
493,389,0.60
494,389,0.60
493,390,0.60
494,390,0.60
493,391,0.61
494,391,0.60
493,392,0.71
494,392,0.62
493,393,0.80
494,393,0.75
493,394,0.87
494,394,0.86
493,395,0.93
494,395,0.94
493,396,0.98
494,396,0.99
493,397,1.00
494,397,1.00
493,398,1.00
494,398,0.99
493,399,1.00
494,399,0.94
493,400,0.98
494,400,0.87
493,401,0.93
494,401,0.80
493,402,0.87
494,402,0.75
493,403,0.80
494,403,0.68
493,404,0.71
494,404,0.60
493,405,0.61
494,405,0.60
493,406,0.60
494,406,0.60
476,388,0.30
477,388,0.30
478,388,0.30
479,388,0.30
480,388,0.30
481,388,0.30
482,388,0.30
483,388,0.30
484,388,0.30
485,388,0.30
486,388,0.30
487,388,0.30
488,388,0.30
489,388,0.30
490,388,0.30
491,388,0.30
492,388,0.30
476,389,0.30
477,389,0.30
478,389,0.30
479,389,0.30
480,389,0.30
481,389,0.30
482,389,0.32
483,389,0.37
484,389,0.41
485,389,0.43
486,389,0.44
487,389,0.43
488,389,0.41
489,389,0.37
490,389,0.32
491,389,0.30
492,389,0.30
476,390,0.60
477,390,0.60
478,390,0.60
479,390,0.60
480,390,0.60
481,390,0.68
482,390,0.75
483,390,0.80
484,390,0.85
485,390,0.87
486,390,0.88
487,390,0.57
488,390,0.55
489,390,0.50
490,390,0.45
491,390,0.38
492,390,0.30
476,391,0.74
477,391,0.73
478,391,0.71
479,391,0.69
480,391,0.73
481,391,0.80
482,391,0.87
483,391,0.93
484,391,0.98
485,391,1.00
486,391,1.00
487,391,0.71
488,391,0.68
489,391,0.63
490,391,0.57
491,391,0.50
492,391,0.41
476,392,0.88
477,392,0.87
478,392,0.85
479,392,0.91
480,392,0.96
481,392,0.99
482,392,0.99
483,392,1.00
484,392,1.00
485,392,1.00
486,392,1.00
487,392,0.85
488,392,0.81
489,392,0.76
490,392,0.69
491,392,0.61
492,392,0.51
476,393,1.00
477,393,1.00
478,393,1.00
479,393,1.00
480,393,1.00
481,393,1.00
482,393,1.00
483,393,1.00
484,393,1.00
485,393,1.00
486,393,1.00
487,393,0.99
488,393,0.95
489,393,0.88
490,393,0.80
491,393,0.71
492,393,0.61
476,394,1.00
477,394,1.00
478,394,1.00
479,394,1.00
480,394,1.00
481,394,1.00
482,394,1.00
483,394,1.00
484,394,1.00
485,394,1.00
486,394,1.00
487,394,1.00
488,394,1.00
489,394,1.00
490,394,0.91
491,394,0.80
492,394,0.69
476,395,1.00
477,395,1.00
478,395,1.00
479,395,1.00
480,395,1.00
481,395,1.00
482,395,1.00
483,395,1.00
484,395,1.00
485,395,1.00
486,395,1.00
487,395,1.00
488,395,1.00
489,395,1.00
490,395,1.00
491,395,0.88
492,395,0.76
476,396,1.00
477,396,1.00
478,396,1.00
479,396,1.00
480,396,1.00
481,396,1.00
482,396,1.00
483,396,1.00
484,396,1.00
485,396,1.00
486,396,1.00
487,396,1.00
488,396,1.00
489,396,1.00
490,396,1.00
491,396,0.95
492,396,0.81
476,397,1.00
477,397,1.00
478,397,1.00
479,397,1.00
480,397,1.00
481,397,1.00
482,397,1.00
483,397,1.00
484,397,1.00
485,397,1.00
486,397,1.00
487,397,1.00
488,397,1.00
489,397,1.00
490,397,1.00
491,397,0.99
492,397,0.85
476,398,1.00
477,398,1.00
478,398,1.00
479,398,1.00
480,398,1.00
481,398,1.00
482,398,1.00
483,398,1.00
484,398,1.00
485,398,1.00
486,398,1.00
487,398,1.00
488,398,1.00
489,398,1.00
490,398,1.00
491,398,1.00
492,398,0.86
476,399,1.00
477,399,1.00
478,399,1.00
479,399,1.00
480,399,1.00
481,399,1.00
482,399,1.00
483,399,1.00
484,399,1.00
485,399,1.00
486,399,1.00
487,399,1.00
488,399,1.00
489,399,1.00
490,399,1.00
491,399,0.99
492,399,0.85
476,400,1.00
477,400,1.00
478,400,1.00
479,400,1.00
480,400,1.00
481,400,1.00
482,400,1.00
483,400,1.00
484,400,1.00
485,400,1.00
486,400,1.00
487,400,1.00
488,400,1.00
489,400,1.00
490,400,1.00
491,400,0.95
492,400,0.81
476,401,1.00
477,401,1.00
478,401,1.00
479,401,1.00
480,401,1.00
481,401,1.00
482,401,1.00
483,401,1.00
484,401,1.00
485,401,1.00
486,401,1.00
487,401,1.00
488,401,1.00
489,401,1.00
490,401,1.00
491,401,0.88
492,401,0.76
476,402,1.00
477,402,1.00
478,402,1.00
479,402,1.00
480,402,1.00
481,402,1.00
482,402,1.00
483,402,1.00
484,402,1.00
485,402,1.00
486,402,1.00
487,402,1.00
488,402,1.00
489,402,1.00
490,402,0.91
491,402,0.80
492,402,0.69
476,403,1.00
477,403,1.00
478,403,1.00
479,403,1.00
480,403,1.00
481,403,1.00
482,403,1.00
483,403,1.00
484,403,1.00
485,403,1.00
486,403,1.00
487,403,0.99
488,403,0.95
489,403,0.88
490,403,0.80
491,403,0.71
492,403,0.61
476,404,1.00
477,404,1.00
478,404,1.00
479,404,1.00
480,404,1.00
481,404,1.00
482,404,1.00
483,404,1.00
484,404,1.00
485,404,1.00
486,404,1.00
487,404,0.85
488,404,0.81
489,404,0.76
490,404,0.69
491,404,0.61
492,404,0.51
476,405,1.00
477,405,1.00
478,405,1.00
479,405,1.00
480,405,1.00
481,405,1.00
482,405,1.00
483,405,1.00
484,405,1.00
485,405,1.00
486,405,1.00
487,405,0.71
488,405,0.68
489,405,0.63
490,405,0.57
491,405,0.50
492,405,0.41
476,406,1.00
477,406,1.00
478,406,1.00
479,406,1.00
480,406,0.99
481,406,0.99
482,406,0.96
483,406,0.91
484,406,0.85
485,406,0.87
486,406,0.88
487,406,0.57
488,406,0.55
489,406,0.50
490,406,0.45
491,406,0.38
492,406,0.30
476,407,1.00
477,407,1.00
478,407,0.98
479,407,0.93
480,407,0.87
481,407,0.80
482,407,0.73
483,407,0.69
484,407,0.71
485,407,0.73
486,407,0.74
487,407,0.43
488,407,0.41
489,407,0.37
490,407,0.32
491,407,0.30
492,407,0.30
493,407,0.30
494,407,0.30
495,407,0.30
496,407,0.30
476,408,0.88
477,408,0.87
478,408,0.85
479,408,0.80
480,408,0.75
481,408,0.68
482,408,0.60
483,408,0.60
484,408,0.60
485,408,0.60
486,408,0.60
487,408,0.30
488,408,0.30
489,408,0.30
490,408,0.30
491,408,0.30
492,408,0.30
493,408,0.30
494,408,0.30
495,408,0.30
496,408,0.30
466,390,0.30
467,390,0.30
468,390,0.30
469,390,0.30
470,390,0.30
471,390,0.30
472,390,0.30
473,390,0.30
474,390,0.30
475,390,0.30
466,391,0.30
467,391,0.30
468,391,0.30
469,391,0.30
470,391,0.30
471,391,0.30
472,391,0.32
473,391,0.37
474,391,0.41
475,391,0.43
466,392,0.30
467,392,0.30
468,392,0.30
469,392,0.30
470,392,0.30
471,392,0.38
472,392,0.45
473,392,0.50
474,392,0.55
475,392,0.57
466,393,0.60
467,393,0.60
468,393,0.30
469,393,0.31
470,393,0.41
471,393,0.50
472,393,0.57
473,393,0.63
474,393,0.68
475,393,0.71
466,394,0.60
467,394,0.60
468,394,0.30
469,394,0.41
470,394,0.51
471,394,0.61
472,394,0.69
473,394,0.76
474,394,0.81
475,394,0.85
466,395,0.60
467,395,0.60
468,395,0.38
469,395,0.50
470,395,0.61
471,395,0.71
472,395,0.80
473,395,0.88
474,395,0.95
475,395,0.99
466,396,0.60
467,396,0.62
468,396,0.45
469,396,0.57
470,396,0.69
471,396,0.80
472,396,0.91
473,396,1.00
474,396,1.00
475,396,1.00
466,397,0.60
467,397,0.67
468,397,0.50
469,397,0.63
470,397,0.76
471,397,0.88
472,397,1.00
473,397,1.00
474,397,1.00
475,397,1.00
466,398,0.60
467,398,0.71
468,398,0.55
469,398,0.68
470,398,0.81
471,398,0.95
472,398,1.00
473,398,1.00
474,398,1.00
475,398,1.00
466,399,0.62
467,399,0.73
468,399,0.57
469,399,0.71
470,399,0.85
471,399,0.99
472,399,1.00
473,399,1.00
474,399,1.00
475,399,1.00
466,400,0.67
467,400,0.74
468,400,0.58
469,400,0.72
470,400,0.86
471,400,1.00
472,400,1.00
473,400,1.00
474,400,1.00
475,400,1.00
466,401,0.71
467,401,0.73
468,401,0.57
469,401,0.71
470,401,0.85
471,401,0.99
472,401,1.00
473,401,1.00
474,401,1.00
475,401,1.00
466,402,0.73
467,402,0.71
468,402,0.55
469,402,0.68
470,402,0.81
471,402,0.95
472,402,1.00
473,402,1.00
474,402,1.00
475,402,1.00
466,403,0.74
467,403,0.67
468,403,0.50
469,403,0.63
470,403,0.76
471,403,0.88
472,403,1.00
473,403,1.00
474,403,1.00
475,403,1.00
466,404,0.73
467,404,0.62
468,404,0.45
469,404,0.57
470,404,0.69
471,404,0.80
472,404,0.91
473,404,1.00
474,404,1.00
475,404,1.00
466,405,0.71
467,405,0.60
468,405,0.38
469,405,0.50
470,405,0.61
471,405,0.71
472,405,0.80
473,405,0.88
474,405,0.95
475,405,0.99
466,406,0.67
467,406,0.60
468,406,0.30
469,406,0.41
470,406,0.51
471,406,0.61
472,406,0.69
473,406,0.76
474,406,0.81
475,406,0.85
466,407,0.62
467,407,0.60
468,407,0.30
469,407,0.31
470,407,0.41
471,407,0.50
472,407,0.57
473,407,0.63
474,407,0.68
475,407,0.71
466,408,0.60
467,408,0.60
468,408,0.30
469,408,0.30
470,408,0.30
471,408,0.38
472,408,0.45
473,408,0.50
474,408,0.55
475,408,0.57
466,409,0.60
467,409,0.60
468,409,0.30
469,409,0.30
470,409,0.30
471,409,0.30
472,409,0.32
473,409,0.37
474,409,0.41
475,409,0.43
476,409,0.44
477,409,0.43
478,409,0.41
479,409,0.37
480,409,0.32
481,409,0.30
482,409,0.30
483,409,0.30
484,409,0.30
485,409,0.30
486,409,0.30
466,410,0.60
467,410,0.60
468,410,0.30
469,410,0.30
470,410,0.30
471,410,0.30
472,410,0.30
473,410,0.30
474,410,0.30
475,410,0.30
476,410,0.30
477,410,0.30
478,410,0.30
479,410,0.30
480,410,0.30
481,410,0.30
482,410,0.30
483,410,0.30
484,410,0.30
485,410,0.30
486,410,0.30
447,393,0.30
448,393,0.30
449,393,0.30
450,393,0.30
451,393,0.30
452,393,0.30
453,393,0.30
454,393,0.30
455,393,0.30
456,393,0.30
457,393,0.30
458,393,0.30
459,393,0.30
460,393,0.30
461,393,0.30
462,393,0.30
463,393,0.30
464,393,0.30
465,393,0.30
447,394,0.30
448,394,0.30
449,394,0.30
450,394,0.30
451,394,0.30
452,394,0.30
453,394,0.32
454,394,0.37
455,394,0.41
456,394,0.43
457,394,0.44
458,394,0.43
459,394,0.41
460,394,0.37
461,394,0.32
462,394,0.30
463,394,0.30
464,394,0.30
465,394,0.30
447,395,0.30
448,395,0.30
449,395,0.30
450,395,0.30
451,395,0.30
452,395,0.38
453,395,0.45
454,395,0.50
455,395,0.55
456,395,0.57
457,395,0.58
458,395,0.57
459,395,0.55
460,395,0.50
461,395,0.45
462,395,0.38
463,395,0.30
464,395,0.30
465,395,0.30
447,396,0.30
448,396,0.30
449,396,0.30
450,396,0.31
451,396,0.41
452,396,0.50
453,396,0.57
454,396,0.63
455,396,0.68
456,396,0.71
457,396,0.72
458,396,0.71
459,396,0.68
460,396,0.63
461,396,0.57
462,396,0.50
463,396,0.41
464,396,0.31
465,396,0.30
447,397,0.30
448,397,0.30
449,397,0.30
450,397,0.41
451,397,0.51
452,397,0.61
453,397,0.69
454,397,0.76
455,397,0.81
456,397,0.85
457,397,0.86
458,397,0.85
459,397,0.81
460,397,0.76
461,397,0.69
462,397,0.61
463,397,0.51
464,397,0.41
465,397,0.30
447,398,0.30
448,398,0.30
449,398,0.38
450,398,0.50
451,398,0.61
452,398,0.71
453,398,0.80
454,398,0.88
455,398,0.95
456,398,0.99
457,398,1.00
458,398,0.99
459,398,0.95
460,398,0.88
461,398,0.80
462,398,0.71
463,398,0.61
464,398,0.50
465,398,0.38
447,399,0.30
448,399,0.32
449,399,0.45
450,399,0.57
451,399,0.69
452,399,0.80
453,399,0.91
454,399,1.00
455,399,1.00
456,399,1.00
457,399,1.00
458,399,1.00
459,399,1.00
460,399,1.00
461,399,0.91
462,399,0.80
463,399,0.69
464,399,0.57
465,399,0.45
447,400,0.30
448,400,0.37
449,400,0.50
450,400,0.63
451,400,0.76
452,400,0.88
453,400,1.00
454,400,1.00
455,400,1.00
456,400,1.00
457,400,1.00
458,400,1.00
459,400,1.00
460,400,1.00
461,400,1.00
462,400,0.88
463,400,0.76
464,400,0.63
465,400,0.50
447,401,0.30
448,401,0.41
449,401,0.55
450,401,0.68
451,401,0.81
452,401,0.95
453,401,1.00
454,401,1.00
455,401,1.00
456,401,1.00
457,401,1.00
458,401,1.00
459,401,1.00
460,401,1.00
461,401,1.00
462,401,0.95
463,401,0.81
464,401,0.68
465,401,0.55
447,402,0.30
448,402,0.43
449,402,0.57
450,402,0.71
451,402,0.85
452,402,0.99
453,402,1.00
454,402,1.00
455,402,1.00
456,402,1.00
457,402,1.00
458,402,1.00
459,402,1.00
460,402,1.00
461,402,1.00
462,402,0.99
463,402,0.85
464,402,0.71
465,402,0.57
447,403,0.30
448,403,0.44
449,403,0.58
450,403,0.72
451,403,0.86
452,403,1.00
453,403,1.00
454,403,1.00
455,403,1.00
456,403,1.00
457,403,1.00
458,403,1.00
459,403,1.00
460,403,1.00
461,403,1.00
462,403,1.00
463,403,0.86
464,403,0.72
465,403,0.58
447,404,0.30
448,404,0.43
449,404,0.57
450,404,0.71
451,404,0.85
452,404,0.99
453,404,1.00
454,404,1.00
455,404,1.00
456,404,1.00
457,404,1.00
458,404,1.00
459,404,1.00
460,404,1.00
461,404,1.00
462,404,0.99
463,404,0.85
464,404,0.71
465,404,0.57
447,405,0.30
448,405,0.41
449,405,0.55
450,405,0.68
451,405,0.81
452,405,0.95
453,405,1.00
454,405,1.00
455,405,1.00
456,405,1.00
457,405,1.00
458,405,1.00
459,405,1.00
460,405,1.00
461,405,1.00
462,405,0.95
463,405,0.81
464,405,0.68
465,405,0.55
447,406,0.30
448,406,0.37
449,406,0.50
450,406,0.63
451,406,0.76
452,406,0.88
453,406,1.00
454,406,1.00
455,406,1.00
456,406,1.00
457,406,1.00
458,406,1.00
459,406,1.00
460,406,1.00
461,406,1.00
462,406,0.88
463,406,0.76
464,406,0.63
465,406,0.50
447,407,0.30
448,407,0.32
449,407,0.45
450,407,0.57
451,407,0.69
452,407,0.80
453,407,0.91
454,407,1.00
455,407,1.00
456,407,1.00
457,407,1.00
458,407,1.00
459,407,1.00
460,407,1.00
461,407,0.91
462,407,0.80
463,407,0.69
464,407,0.57
465,407,0.45
447,408,0.30
448,408,0.30
449,408,0.38
450,408,0.50
451,408,0.61
452,408,0.71
453,408,0.80
454,408,0.88
455,408,0.95
456,408,0.99
457,408,1.00
458,408,0.99
459,408,0.95
460,408,0.88
461,408,0.80
462,408,0.71
463,408,0.61
464,408,0.50
465,408,0.38
447,409,0.30
448,409,0.30
449,409,0.30
450,409,0.41
451,409,0.51
452,409,0.61
453,409,0.69
454,409,0.76
455,409,0.81
456,409,0.85
457,409,0.86
458,409,0.85
459,409,0.81
460,409,0.76
461,409,0.69
462,409,0.61
463,409,0.51
464,409,0.41
465,409,0.30
447,410,0.30
448,410,0.30
449,410,0.30
450,410,0.31
451,410,0.41
452,410,0.50
453,410,0.57
454,410,0.63
455,410,0.68
456,410,0.71
457,410,0.72
458,410,0.71
459,410,0.68
460,410,0.63
461,410,0.57
462,410,0.50
463,410,0.41
464,410,0.31
465,410,0.30
447,411,0.30
448,411,0.30
449,411,0.30
450,411,0.30
451,411,0.30
452,411,0.38
453,411,0.45
454,411,0.50
455,411,0.55
456,411,0.57
457,411,0.58
458,411,0.57
459,411,0.55
460,411,0.50
461,411,0.45
462,411,0.38
463,411,0.30
464,411,0.30
465,411,0.30
466,411,0.30
467,411,0.30
447,412,0.30
448,412,0.30
449,412,0.30
450,412,0.30
451,412,0.30
452,412,0.30
453,412,0.32
454,412,0.37
455,412,0.41
456,412,0.43
457,412,0.44
458,412,0.43
459,412,0.41
460,412,0.37
461,412,0.32
462,412,0.30
463,412,0.30
464,412,0.30
465,412,0.30
466,412,0.30
467,412,0.30
447,413,0.30
448,413,0.30
449,413,0.30
450,413,0.30
451,413,0.30
452,413,0.30
453,413,0.30
454,413,0.30
455,413,0.30
456,413,0.30
457,413,0.30
458,413,0.30
459,413,0.30
460,413,0.30
461,413,0.30
462,413,0.30
463,413,0.30
464,413,0.30
465,413,0.30
466,413,0.30
467,413,0.30
414,399,0.60
415,399,0.60
416,399,0.60
417,399,0.60
418,399,0.60
419,399,0.30
420,399,0.30
421,399,0.30
422,399,0.30
423,399,0.30
424,399,0.30
425,399,0.30
426,399,0.30
427,399,0.30
428,399,0.30
429,399,0.30
430,399,0.30
431,399,0.30
432,399,0.30
433,399,0.30
434,399,0.30
414,400,0.60
415,400,0.60
416,400,0.60
417,400,0.60
418,400,0.60
419,400,0.30
420,400,0.32
421,400,0.37
422,400,0.41
423,400,0.43
424,400,0.44
425,400,0.43
426,400,0.41
427,400,0.37
428,400,0.32
429,400,0.30
430,400,0.30
431,400,0.30
432,400,0.30
433,400,0.30
434,400,0.30
414,401,0.60
415,401,0.60
416,401,0.60
417,401,0.60
418,401,0.60
419,401,0.38
420,401,0.45
421,401,0.50
422,401,0.55
423,401,0.57
424,401,0.58
425,401,0.57
426,401,0.55
427,401,0.50
428,401,0.45
429,401,0.38
430,401,0.30
431,401,0.30
432,401,0.30
433,401,0.30
434,401,0.30
414,402,0.71
415,402,0.61
416,402,0.60
417,402,0.61
418,402,0.71
419,402,0.50
420,402,0.57
421,402,0.63
422,402,0.68
423,402,0.71
424,402,0.72
425,402,0.71
426,402,0.68
427,402,0.63
428,402,0.57
429,402,0.50
430,402,0.41
431,402,0.31
432,402,0.30
433,402,0.30
434,402,0.30
414,403,0.81
415,403,0.71
416,403,0.60
417,403,0.71
418,403,0.81
419,403,0.61
420,403,0.69
421,403,0.76
422,403,0.81
423,403,0.85
424,403,0.86
425,403,0.85
426,403,0.81
427,403,0.76
428,403,0.69
429,403,0.61
430,403,0.51
431,403,0.41
432,403,0.30
433,403,0.30
434,403,0.30
414,404,0.91
415,404,0.80
416,404,0.76
417,404,0.80
418,404,0.91
419,404,0.71
420,404,0.80
421,404,0.88
422,404,0.95
423,404,0.99
424,404,1.00
425,404,0.99
426,404,0.95
427,404,0.88
428,404,0.80
429,404,0.71
430,404,0.61
431,404,0.50
432,404,0.38
433,404,0.30
434,404,0.30
414,405,0.99
415,405,0.89
416,405,0.90
417,405,0.89
418,405,0.99
419,405,0.80
420,405,0.91
421,405,1.00
422,405,1.00
423,405,1.00
424,405,1.00
425,405,1.00
426,405,1.00
427,405,1.00
428,405,0.91
429,405,0.80
430,405,0.69
431,405,0.57
432,405,0.45
433,405,0.32
434,405,0.30
414,406,1.00
415,406,1.00
416,406,1.00
417,406,1.00
418,406,1.00
419,406,0.88
420,406,1.00
421,406,1.00
422,406,1.00
423,406,1.00
424,406,1.00
425,406,1.00
426,406,1.00
427,406,1.00
428,406,1.00
429,406,0.88
430,406,0.76
431,406,0.63
432,406,0.50
433,406,0.37
434,406,0.30
414,407,1.00
415,407,1.00
416,407,1.00
417,407,1.00
418,407,1.00
419,407,0.95
420,407,1.00
421,407,1.00
422,407,1.00
423,407,1.00
424,407,1.00
425,407,1.00
426,407,1.00
427,407,1.00
428,407,1.00
429,407,0.95
430,407,0.81
431,407,0.68
432,407,0.55
433,407,0.41
434,407,0.30
414,408,1.00
415,408,1.00
416,408,1.00
417,408,1.00
418,408,1.00
419,408,0.99
420,408,1.00
421,408,1.00
422,408,1.00
423,408,1.00
424,408,1.00
425,408,1.00
426,408,1.00
427,408,1.00
428,408,1.00
429,408,0.99
430,408,0.85
431,408,0.71
432,408,0.57
433,408,0.43
434,408,0.30
414,409,1.00
415,409,1.00
416,409,1.00
417,409,1.00
418,409,1.00
419,409,1.00
420,409,1.00
421,409,1.00
422,409,1.00
423,409,1.00
424,409,1.00
425,409,1.00
426,409,1.00
427,409,1.00
428,409,1.00
429,409,1.00
430,409,0.86
431,409,0.72
432,409,0.58
433,409,0.44
434,409,0.30
414,410,1.00
415,410,1.00
416,410,1.00
417,410,1.00
418,410,1.00
419,410,0.99
420,410,1.00
421,410,1.00
422,410,1.00
423,410,1.00
424,410,1.00
425,410,1.00
426,410,1.00
427,410,1.00
428,410,1.00
429,410,0.99
430,410,0.85
431,410,0.71
432,410,0.57
433,410,0.43
434,410,0.30
414,411,1.00
415,411,1.00
416,411,1.00
417,411,1.00
418,411,1.00
419,411,0.95
420,411,1.00
421,411,1.00
422,411,1.00
423,411,1.00
424,411,1.00
425,411,1.00
426,411,1.00
427,411,1.00
428,411,1.00
429,411,0.95
430,411,0.81
431,411,0.68
432,411,0.55
433,411,0.41
434,411,0.30
414,412,1.00
415,412,1.00
416,412,1.00
417,412,1.00
418,412,1.00
419,412,0.88
420,412,1.00
421,412,1.00
422,412,1.00
423,412,1.00
424,412,1.00
425,412,1.00
426,412,1.00
427,412,1.00
428,412,1.00
429,412,0.88
430,412,0.76
431,412,0.63
432,412,0.50
433,412,0.37
434,412,0.30
414,413,0.99
415,413,0.89
416,413,0.90
417,413,0.89
418,413,0.99
419,413,0.80
420,413,0.91
421,413,1.00
422,413,1.00
423,413,1.00
424,413,1.00
425,413,1.00
426,413,1.00
427,413,1.00
428,413,0.91
429,413,0.80
430,413,0.69
431,413,0.57
432,413,0.45
433,413,0.32
434,413,0.30
414,414,0.91
415,414,0.80
416,414,0.76
417,414,0.80
418,414,0.91
419,414,0.71
420,414,0.80
421,414,0.88
422,414,0.95
423,414,0.99
424,414,1.00
425,414,0.99
426,414,0.95
427,414,0.88
428,414,0.80
429,414,0.71
430,414,0.61
431,414,0.50
432,414,0.38
433,414,0.30
434,414,0.30
414,415,0.81
415,415,0.71
416,415,0.60
417,415,0.71
418,415,0.81
419,415,0.61
420,415,0.69
421,415,0.76
422,415,0.81
423,415,0.85
424,415,0.86
425,415,0.85
426,415,0.81
427,415,0.76
428,415,0.69
429,415,0.61
430,415,0.51
431,415,0.41
432,415,0.30
433,415,0.30
434,415,0.30
414,416,0.71
415,416,0.61
416,416,0.60
417,416,0.61
418,416,0.71
419,416,0.50
420,416,0.57
421,416,0.63
422,416,0.68
423,416,0.71
424,416,0.72
425,416,0.71
426,416,0.68
427,416,0.63
428,416,0.57
429,416,0.50
430,416,0.41
431,416,0.31
432,416,0.30
433,416,0.30
434,416,0.30
414,417,0.60
415,417,0.60
416,417,0.60
417,417,0.60
418,417,0.60
419,417,0.38
420,417,0.45
421,417,0.50
422,417,0.55
423,417,0.57
424,417,0.58
425,417,0.57
426,417,0.55
427,417,0.50
428,417,0.45
429,417,0.38
430,417,0.30
431,417,0.30
432,417,0.30
433,417,0.30
434,417,0.30
414,418,0.60
415,418,0.60
416,418,0.60
417,418,0.60
418,418,0.60
419,418,0.30
420,418,0.32
421,418,0.37
422,418,0.41
423,418,0.43
424,418,0.44
425,418,0.43
426,418,0.41
427,418,0.37
428,418,0.32
429,418,0.30
430,418,0.30
431,418,0.30
432,418,0.30
433,418,0.30
434,418,0.30
414,419,0.60
415,419,0.60
416,419,0.60
417,419,0.60
418,419,0.60
419,419,0.30
420,419,0.30
421,419,0.30
422,419,0.30
423,419,0.30
424,419,0.30
425,419,0.30
426,419,0.30
427,419,0.30
428,419,0.30
429,419,0.30
430,419,0.30
431,419,0.30
432,419,0.30
433,419,0.30
434,419,0.30
398,399,0.30
399,399,0.30
400,399,0.30
401,399,0.30
402,399,0.30
403,399,0.30
404,399,0.30
405,399,0.30
406,399,0.30
407,399,0.30
408,399,0.30
409,399,0.30
410,399,0.30
411,399,0.30
412,399,0.30
413,399,0.30
398,400,0.60
399,400,0.60
400,400,0.60
401,400,0.60
402,400,0.60
403,400,0.60
404,400,0.62
405,400,0.67
406,400,0.71
407,400,0.73
408,400,0.74
409,400,0.73
410,400,0.71
411,400,0.67
412,400,0.32
413,400,0.30
398,401,0.97
399,401,1.00
400,401,1.00
401,401,1.00
402,401,1.00
403,401,1.00
404,401,1.00
405,401,1.00
406,401,1.00
407,401,0.87
408,401,0.88
409,401,0.87
410,401,0.85
411,401,0.80
412,401,0.45
413,401,0.38
398,402,1.00
399,402,1.00
400,402,1.00
401,402,1.00
402,402,1.00
403,402,1.00
404,402,1.00
405,402,1.00
406,402,1.00
407,402,1.00
408,402,1.00
409,402,1.00
410,402,0.98
411,402,0.93
412,402,0.57
413,402,0.50
398,403,1.00
399,403,1.00
400,403,1.00
401,403,1.00
402,403,1.00
403,403,1.00
404,403,1.00
405,403,1.00
406,403,1.00
407,403,1.00
408,403,1.00
409,403,1.00
410,403,1.00
411,403,1.00
412,403,0.69
413,403,0.61
398,404,1.00
399,404,1.00
400,404,1.00
401,404,1.00
402,404,1.00
403,404,1.00
404,404,1.00
405,404,1.00
406,404,1.00
407,404,1.00
408,404,1.00
409,404,1.00
410,404,1.00
411,404,1.00
412,404,0.80
413,404,0.71
398,405,1.00
399,405,1.00
400,405,1.00
401,405,1.00
402,405,1.00
403,405,1.00
404,405,1.00
405,405,1.00
406,405,1.00
407,405,1.00
408,405,1.00
409,405,1.00
410,405,1.00
411,405,1.00
412,405,0.91
413,405,0.80
398,406,1.00
399,406,1.00
400,406,1.00
401,406,1.00
402,406,1.00
403,406,1.00
404,406,1.00
405,406,1.00
406,406,1.00
407,406,1.00
408,406,1.00
409,406,1.00
410,406,1.00
411,406,1.00
412,406,1.00
413,406,0.88
398,407,1.00
399,407,1.00
400,407,1.00
401,407,1.00
402,407,1.00
403,407,1.00
404,407,1.00
405,407,1.00
406,407,1.00
407,407,1.00
408,407,1.00
409,407,1.00
410,407,1.00
411,407,1.00
412,407,1.00
413,407,0.95
398,408,1.00
399,408,1.00
400,408,1.00
401,408,1.00
402,408,1.00
403,408,1.00
404,408,1.00
405,408,1.00
406,408,1.00
407,408,1.00
408,408,1.00
409,408,1.00
410,408,1.00
411,408,1.00
412,408,1.00
413,408,0.99
398,409,1.00
399,409,1.00
400,409,1.00
401,409,1.00
402,409,1.00
403,409,1.00
404,409,1.00
405,409,1.00
406,409,1.00
407,409,1.00
408,409,1.00
409,409,1.00
410,409,1.00
411,409,1.00
412,409,1.00
413,409,1.00
398,410,1.00
399,410,1.00
400,410,1.00
401,410,1.00
402,410,1.00
403,410,1.00
404,410,1.00
405,410,1.00
406,410,1.00
407,410,1.00
408,410,1.00
409,410,1.00
410,410,1.00
411,410,1.00
412,410,1.00
413,410,0.99
398,411,1.00
399,411,1.00
400,411,1.00
401,411,1.00
402,411,1.00
403,411,1.00
404,411,1.00
405,411,1.00
406,411,1.00
407,411,1.00
408,411,1.00
409,411,1.00
410,411,1.00
411,411,1.00
412,411,1.00
413,411,0.95
398,412,1.00
399,412,1.00
400,412,1.00
401,412,1.00
402,412,1.00
403,412,1.00
404,412,1.00
405,412,1.00
406,412,1.00
407,412,1.00
408,412,1.00
409,412,1.00
410,412,1.00
411,412,1.00
412,412,1.00
413,412,0.88
398,413,1.00
399,413,1.00
400,413,1.00
401,413,1.00
402,413,1.00
403,413,1.00
404,413,1.00
405,413,1.00
406,413,1.00
407,413,1.00
408,413,1.00
409,413,1.00
410,413,1.00
411,413,1.00
412,413,0.91
413,413,0.80
398,414,1.00
399,414,1.00
400,414,1.00
401,414,1.00
402,414,1.00
403,414,1.00
404,414,1.00
405,414,1.00
406,414,1.00
407,414,1.00
408,414,1.00
409,414,1.00
410,414,1.00
411,414,1.00
412,414,0.80
413,414,0.71
398,415,1.00
399,415,1.00
400,415,1.00
401,415,1.00
402,415,1.00
403,415,1.00
404,415,1.00
405,415,1.00
406,415,1.00
407,415,1.00
408,415,1.00
409,415,1.00
410,415,1.00
411,415,1.00
412,415,0.69
413,415,0.61
398,416,1.00
399,416,1.00
400,416,1.00
401,416,1.00
402,416,1.00
403,416,1.00
404,416,1.00
405,416,1.00
406,416,1.00
407,416,1.00
408,416,1.00
409,416,1.00
410,416,0.98
411,416,0.93
412,416,0.57
413,416,0.50
398,417,1.00
399,417,1.00
400,417,1.00
401,417,1.00
402,417,1.00
403,417,1.00
404,417,1.00
405,417,1.00
406,417,1.00
407,417,0.98
408,417,0.89
409,417,0.87
410,417,0.85
411,417,0.80
412,417,0.45
413,417,0.38
398,418,1.00
399,418,1.00
400,418,1.00
401,418,1.00
402,418,1.00
403,418,1.00
404,418,1.00
405,418,1.00
406,418,1.00
407,418,0.73
408,418,0.74
409,418,0.73
410,418,0.71
411,418,0.67
412,418,0.32
413,418,0.30
398,419,1.00
399,419,1.00
400,419,1.00
401,419,1.00
402,419,1.00
403,419,1.00
404,419,0.97
405,419,0.92
406,419,0.90
407,419,0.60
408,419,0.60
409,419,0.60
410,419,0.60
411,419,0.60
412,419,0.30
413,419,0.30
391,400,0.30
392,400,0.30
393,400,0.30
394,400,0.30
395,400,0.30
396,400,0.30
397,400,0.30
391,401,0.90
392,401,0.90
393,401,0.90
394,401,0.90
395,401,0.90
396,401,0.90
397,401,0.62
391,402,0.90
392,402,0.92
393,402,0.97
394,402,1.00
395,402,1.00
396,402,1.00
397,402,0.88
391,403,1.00
392,403,1.00
393,403,1.00
394,403,1.00
395,403,1.00
396,403,1.00
397,403,1.00
391,404,1.00
392,404,1.00
393,404,1.00
394,404,1.00
395,404,1.00
396,404,1.00
397,404,1.00
391,405,1.00
392,405,1.00
393,405,1.00
394,405,1.00
395,405,1.00
396,405,1.00
397,405,1.00
391,406,1.00
392,406,1.00
393,406,1.00
394,406,1.00
395,406,1.00
396,406,1.00
397,406,1.00
391,407,1.00
392,407,1.00
393,407,1.00
394,407,1.00
395,407,1.00
396,407,1.00
397,407,1.00
391,408,1.00
392,408,1.00
393,408,1.00
394,408,1.00
395,408,1.00
396,408,1.00
397,408,1.00
391,409,1.00
392,409,1.00
393,409,1.00
394,409,1.00
395,409,1.00
396,409,1.00
397,409,1.00
391,410,1.00
392,410,1.00
393,410,1.00
394,410,1.00
395,410,1.00
396,410,1.00
397,410,1.00
391,411,1.00
392,411,1.00
393,411,1.00
394,411,1.00
395,411,1.00
396,411,1.00
397,411,1.00
391,412,1.00
392,412,1.00
393,412,1.00
394,412,1.00
395,412,1.00
396,412,1.00
397,412,1.00
391,413,1.00
392,413,1.00
393,413,1.00
394,413,1.00
395,413,1.00
396,413,1.00
397,413,1.00
391,414,1.00
392,414,1.00
393,414,1.00
394,414,1.00
395,414,1.00
396,414,1.00
397,414,1.00
391,415,1.00
392,415,1.00
393,415,1.00
394,415,1.00
395,415,1.00
396,415,1.00
397,415,1.00
391,416,1.00
392,416,1.00
393,416,1.00
394,416,1.00
395,416,1.00
396,416,1.00
397,416,1.00
391,417,1.00
392,417,1.00
393,417,1.00
394,417,1.00
395,417,1.00
396,417,1.00
397,417,1.00
391,418,1.00
392,418,1.00
393,418,1.00
394,418,1.00
395,418,1.00
396,418,1.00
397,418,1.00
391,419,1.00
392,419,1.00
393,419,1.00
394,419,1.00
395,419,1.00
396,419,1.00
397,419,0.89
391,420,0.90
392,420,0.92
393,420,0.97
394,420,1.00
395,420,1.00
396,420,1.00
397,420,0.73
398,420,0.71
399,420,0.67
400,420,0.62
401,420,0.60
402,420,0.60
403,420,0.60
404,420,0.60
405,420,0.60
406,420,0.60
407,420,0.30
408,420,0.30
409,420,0.30
410,420,0.30
411,420,0.30
386,401,0.60
387,401,0.60
388,401,0.60
389,401,0.60
390,401,0.60
386,402,0.74
387,402,0.73
388,402,0.71
389,402,0.67
390,402,0.62
386,403,0.88
387,403,0.87
388,403,0.85
389,403,0.80
390,403,0.75
386,404,1.00
387,404,1.00
388,404,0.98
389,404,0.95
390,404,0.98
386,405,1.00
387,405,1.00
388,405,1.00
389,405,1.00
390,405,1.00
386,406,1.00
387,406,1.00
388,406,1.00
389,406,1.00
390,406,1.00
386,407,1.00
387,407,1.00
388,407,1.00
389,407,1.00
390,407,1.00
386,408,1.00
387,408,1.00
388,408,1.00
389,408,1.00
390,408,1.00
386,409,1.00
387,409,1.00
388,409,1.00
389,409,1.00
390,409,1.00
386,410,1.00
387,410,1.00
388,410,1.00
389,410,1.00
390,410,1.00
386,411,1.00
387,411,1.00
388,411,1.00
389,411,1.00
390,411,1.00
386,412,1.00
387,412,1.00
388,412,1.00
389,412,1.00
390,412,1.00
386,413,1.00
387,413,1.00
388,413,1.00
389,413,1.00
390,413,1.00
386,414,1.00
387,414,1.00
388,414,1.00
389,414,1.00
390,414,1.00
386,415,1.00
387,415,1.00
388,415,1.00
389,415,1.00
390,415,1.00
386,416,1.00
387,416,1.00
388,416,1.00
389,416,1.00
390,416,1.00
386,417,1.00
387,417,1.00
388,417,1.00
389,417,1.00
390,417,1.00
386,418,1.00
387,418,1.00
388,418,0.98
389,418,0.95
390,418,0.98
386,419,0.88
387,419,0.87
388,419,0.85
389,419,0.80
390,419,0.75
386,420,0.74
387,420,0.73
388,420,0.71
389,420,0.67
390,420,0.62
386,421,0.60
387,421,0.60
388,421,0.60
389,421,0.60
390,421,0.60
391,421,0.60
392,421,0.60
393,421,0.60
394,421,0.60
395,421,0.60
396,421,0.60
397,421,0.30
398,421,0.30
399,421,0.30
400,421,0.30
401,421,0.30
402,421,0.30
403,421,0.30
404,421,0.30
405,421,0.30
406,421,0.30
376,401,0.60
377,401,0.60
378,401,0.60
379,401,0.60
380,401,0.60
381,401,0.60
382,401,0.60
383,401,0.60
384,401,0.30
385,401,0.30
376,402,0.67
377,402,0.62
378,402,0.60
379,402,0.60
380,402,0.60
381,402,0.60
382,402,0.62
383,402,0.67
384,402,0.41
385,402,0.43
376,403,0.80
377,403,0.75
378,403,0.68
379,403,0.60
380,403,0.60
381,403,0.68
382,403,0.75
383,403,0.80
384,403,0.55
385,403,0.57
376,404,0.93
377,404,0.87
378,404,0.80
379,404,0.72
380,404,0.72
381,404,0.80
382,404,0.87
383,404,0.93
384,404,0.68
385,404,0.71
376,405,1.00
377,405,0.99
378,405,0.91
379,405,0.92
380,405,0.92
381,405,0.91
382,405,0.99
383,405,1.00
384,405,0.81
385,405,0.85
376,406,1.00
377,406,1.00
378,406,1.00
379,406,1.00
380,406,1.00
381,406,1.00
382,406,1.00
383,406,1.00
384,406,0.95
385,406,0.99
376,407,1.00
377,407,1.00
378,407,1.00
379,407,1.00
380,407,1.00
381,407,1.00
382,407,1.00
383,407,1.00
384,407,1.00
385,407,1.00
376,408,1.00
377,408,1.00
378,408,1.00
379,408,1.00
380,408,1.00
381,408,1.00
382,408,1.00
383,408,1.00
384,408,1.00
385,408,1.00
376,409,1.00
377,409,1.00
378,409,1.00
379,409,1.00
380,409,1.00
381,409,1.00
382,409,1.00
383,409,1.00
384,409,1.00
385,409,1.00
376,410,1.00
377,410,1.00
378,410,1.00
379,410,1.00
380,410,1.00
381,410,1.00
382,410,1.00
383,410,1.00
384,410,1.00
385,410,1.00
376,411,1.00
377,411,1.00
378,411,1.00
379,411,1.00
380,411,1.00
381,411,1.00
382,411,1.00
383,411,1.00
384,411,1.00
385,411,1.00
376,412,1.00
377,412,1.00
378,412,1.00
379,412,1.00
380,412,1.00
381,412,1.00
382,412,1.00
383,412,1.00
384,412,1.00
385,412,1.00
376,413,1.00
377,413,1.00
378,413,1.00
379,413,1.00
380,413,1.00
381,413,1.00
382,413,1.00
383,413,1.00
384,413,1.00
385,413,1.00
376,414,1.00
377,414,1.00
378,414,1.00
379,414,1.00
380,414,1.00
381,414,1.00
382,414,1.00
383,414,1.00
384,414,1.00
385,414,1.00
376,415,1.00
377,415,1.00
378,415,1.00
379,415,1.00
380,415,1.00
381,415,1.00
382,415,1.00
383,415,1.00
384,415,1.00
385,415,1.00
376,416,1.00
377,416,1.00
378,416,1.00
379,416,1.00
380,416,1.00
381,416,1.00
382,416,1.00
383,416,1.00
384,416,0.95
385,416,0.99
376,417,1.00
377,417,0.99
378,417,0.91
379,417,0.92
380,417,0.92
381,417,0.91
382,417,0.99
383,417,1.00
384,417,0.81
385,417,0.85
376,418,0.93
377,418,0.87
378,418,0.80
379,418,0.72
380,418,0.72
381,418,0.80
382,418,0.87
383,418,0.93
384,418,0.68
385,418,0.71
376,419,0.80
377,419,0.75
378,419,0.68
379,419,0.60
380,419,0.60
381,419,0.68
382,419,0.75
383,419,0.80
384,419,0.55
385,419,0.57
376,420,0.67
377,420,0.62
378,420,0.60
379,420,0.60
380,420,0.60
381,420,0.60
382,420,0.62
383,420,0.67
384,420,0.41
385,420,0.43
376,421,0.60
377,421,0.60
378,421,0.60
379,421,0.60
380,421,0.60
381,421,0.60
382,421,0.60
383,421,0.60
384,421,0.30
385,421,0.30
363,401,0.30
364,401,0.30
365,401,0.30
366,401,0.30
367,401,0.30
368,401,0.30
369,401,0.30
370,401,0.30
371,401,0.30
372,401,0.30
373,401,0.30
374,401,0.30
375,401,0.30
363,402,0.60
364,402,0.60
365,402,0.60
366,402,0.60
367,402,0.60
368,402,0.60
369,402,0.62
370,402,0.67
371,402,0.41
372,402,0.43
373,402,0.44
374,402,0.43
375,402,0.41
363,403,0.67
364,403,0.62
365,403,0.60
366,403,0.60
367,403,0.60
368,403,0.68
369,403,0.75
370,403,0.80
371,403,0.55
372,403,0.57
373,403,0.58
374,403,0.57
375,403,0.55
363,404,0.80
364,404,0.75
365,404,0.68
366,404,0.61
367,404,0.71
368,404,0.80
369,404,0.87
370,404,0.93
371,404,0.68
372,404,0.71
373,404,0.72
374,404,0.71
375,404,0.68
363,405,0.93
364,405,0.87
365,405,0.80
366,405,0.82
367,405,0.83
368,405,0.91
369,405,0.99
370,405,1.00
371,405,0.81
372,405,0.85
373,405,0.86
374,405,0.85
375,405,0.81
363,406,1.00
364,406,0.99
365,406,0.99
366,406,1.00
367,406,1.00
368,406,1.00
369,406,1.00
370,406,1.00
371,406,0.95
372,406,0.99
373,406,1.00
374,406,0.99
375,406,0.95
363,407,1.00
364,407,1.00
365,407,1.00
366,407,1.00
367,407,1.00
368,407,1.00
369,407,1.00
370,407,1.00
371,407,1.00
372,407,1.00
373,407,1.00
374,407,1.00
375,407,1.00
363,408,1.00
364,408,1.00
365,408,1.00
366,408,1.00
367,408,1.00
368,408,1.00
369,408,1.00
370,408,1.00
371,408,1.00
372,408,1.00
373,408,1.00
374,408,1.00
375,408,1.00
363,409,1.00
364,409,1.00
365,409,1.00
366,409,1.00
367,409,1.00
368,409,1.00
369,409,1.00
370,409,1.00
371,409,1.00
372,409,1.00
373,409,1.00
374,409,1.00
375,409,1.00
363,410,1.00
364,410,1.00
365,410,1.00
366,410,1.00
367,410,1.00
368,410,1.00
369,410,1.00
370,410,1.00
371,410,1.00
372,410,1.00
373,410,1.00
374,410,1.00
375,410,1.00
363,411,1.00
364,411,1.00
365,411,1.00
366,411,1.00
367,411,1.00
368,411,1.00
369,411,1.00
370,411,1.00
371,411,1.00
372,411,1.00
373,411,1.00
374,411,1.00
375,411,1.00
363,412,1.00
364,412,1.00
365,412,1.00
366,412,1.00
367,412,1.00
368,412,1.00
369,412,1.00
370,412,1.00
371,412,1.00
372,412,1.00
373,412,1.00
374,412,1.00
375,412,1.00
363,413,1.00
364,413,1.00
365,413,1.00
366,413,1.00
367,413,1.00
368,413,1.00
369,413,1.00
370,413,1.00
371,413,1.00
372,413,1.00
373,413,1.00
374,413,1.00
375,413,1.00
363,414,1.00
364,414,1.00
365,414,1.00
366,414,1.00
367,414,1.00
368,414,1.00
369,414,1.00
370,414,1.00
371,414,1.00
372,414,1.00
373,414,1.00
374,414,1.00
375,414,1.00
363,415,1.00
364,415,1.00
365,415,1.00
366,415,1.00
367,415,1.00
368,415,1.00
369,415,1.00
370,415,1.00
371,415,1.00
372,415,1.00
373,415,1.00
374,415,1.00
375,415,1.00
363,416,1.00
364,416,1.00
365,416,1.00
366,416,1.00
367,416,1.00
368,416,1.00
369,416,1.00
370,416,1.00
371,416,0.95
372,416,0.99
373,416,1.00
374,416,0.99
375,416,0.95
363,417,1.00
364,417,1.00
365,417,1.00
366,417,1.00
367,417,1.00
368,417,0.99
369,417,0.99
370,417,1.00
371,417,0.81
372,417,0.85
373,417,0.86
374,417,0.85
375,417,0.81
363,418,1.00
364,418,0.99
365,418,0.91
366,418,0.83
367,418,0.82
368,418,0.80
369,418,0.87
370,418,0.93
371,418,0.68
372,418,0.71
373,418,0.72
374,418,0.71
375,418,0.68
363,419,0.93
364,419,0.87
365,419,0.80
366,419,0.71
367,419,0.61
368,419,0.68
369,419,0.75
370,419,0.80
371,419,0.55
372,419,0.57
373,419,0.58
374,419,0.57
375,419,0.55
363,420,0.80
364,420,0.75
365,420,0.68
366,420,0.60
367,420,0.60
368,420,0.60
369,420,0.62
370,420,0.67
371,420,0.41
372,420,0.43
373,420,0.44
374,420,0.43
375,420,0.41
363,421,0.67
364,421,0.62
365,421,0.60
366,421,0.60
367,421,0.60
368,421,0.60
369,421,0.60
370,421,0.60
371,421,0.30
372,421,0.30
373,421,0.30
374,421,0.30
375,421,0.30
350,402,0.90
351,402,0.90
352,402,0.90
353,402,0.90
354,402,0.90
355,402,0.60
356,402,0.60
357,402,0.60
358,402,0.60
359,402,0.60
360,402,0.60
361,402,0.60
362,402,0.60
350,403,1.00
351,403,1.00
352,403,1.00
353,403,1.00
354,403,1.00
355,403,0.67
356,403,0.64
357,403,0.67
358,403,0.71
359,403,0.73
360,403,0.74
361,403,0.73
362,403,0.71
350,404,1.00
351,404,1.00
352,404,1.00
353,404,1.00
354,404,1.00
355,404,0.88
356,404,0.90
357,404,0.88
358,404,0.85
359,404,0.87
360,404,0.88
361,404,0.87
362,404,0.85
350,405,1.00
351,405,1.00
352,405,1.00
353,405,1.00
354,405,1.00
355,405,1.00
356,405,1.00
357,405,1.00
358,405,1.00
359,405,1.00
360,405,1.00
361,405,1.00
362,405,0.98
350,406,1.00
351,406,1.00
352,406,1.00
353,406,1.00
354,406,1.00
355,406,1.00
356,406,1.00
357,406,1.00
358,406,1.00
359,406,1.00
360,406,1.00
361,406,1.00
362,406,1.00
350,407,1.00
351,407,1.00
352,407,1.00
353,407,1.00
354,407,1.00
355,407,1.00
356,407,1.00
357,407,1.00
358,407,1.00
359,407,1.00
360,407,1.00
361,407,1.00
362,407,1.00
350,408,1.00
351,408,1.00
352,408,1.00
353,408,1.00
354,408,1.00
355,408,1.00
356,408,1.00
357,408,1.00
358,408,1.00
359,408,1.00
360,408,1.00
361,408,1.00
362,408,1.00
350,409,1.00
351,409,1.00
352,409,1.00
353,409,1.00
354,409,1.00
355,409,1.00
356,409,1.00
357,409,1.00
358,409,1.00
359,409,1.00
360,409,1.00
361,409,1.00
362,409,1.00
350,410,1.00
351,410,1.00
352,410,1.00
353,410,1.00
354,410,1.00
355,410,1.00
356,410,1.00
357,410,1.00
358,410,1.00
359,410,1.00
360,410,1.00
361,410,1.00
362,410,1.00
350,411,1.00
351,411,1.00
352,411,1.00
353,411,1.00
354,411,1.00
355,411,1.00
356,411,1.00
357,411,1.00
358,411,1.00
359,411,1.00
360,411,1.00
361,411,1.00
362,411,1.00
350,412,1.00
351,412,1.00
352,412,1.00
353,412,1.00
354,412,1.00
355,412,1.00
356,412,1.00
357,412,1.00
358,412,1.00
359,412,1.00
360,412,1.00
361,412,1.00
362,412,1.00
350,413,1.00
351,413,1.00
352,413,1.00
353,413,1.00
354,413,1.00
355,413,1.00
356,413,1.00
357,413,1.00
358,413,1.00
359,413,1.00
360,413,1.00
361,413,1.00
362,413,1.00
350,414,1.00
351,414,1.00
352,414,1.00
353,414,1.00
354,414,1.00
355,414,1.00
356,414,1.00
357,414,1.00
358,414,1.00
359,414,1.00
360,414,1.00
361,414,1.00
362,414,1.00
350,415,1.00
351,415,1.00
352,415,1.00
353,415,1.00
354,415,1.00
355,415,1.00
356,415,1.00
357,415,1.00
358,415,1.00
359,415,1.00
360,415,1.00
361,415,1.00
362,415,1.00
350,416,1.00
351,416,1.00
352,416,1.00
353,416,1.00
354,416,1.00
355,416,1.00
356,416,1.00
357,416,1.00
358,416,1.00
359,416,1.00
360,416,1.00
361,416,1.00
362,416,1.00
350,417,1.00
351,417,1.00
352,417,1.00
353,417,1.00
354,417,1.00
355,417,1.00
356,417,1.00
357,417,1.00
358,417,1.00
359,417,1.00
360,417,1.00
361,417,1.00
362,417,1.00
350,418,1.00
351,418,1.00
352,418,1.00
353,418,1.00
354,418,1.00
355,418,1.00
356,418,1.00
357,418,1.00
358,418,1.00
359,418,1.00
360,418,1.00
361,418,1.00
362,418,1.00
350,419,1.00
351,419,1.00
352,419,1.00
353,419,1.00
354,419,1.00
355,419,1.00
356,419,1.00
357,419,1.00
358,419,1.00
359,419,1.00
360,419,1.00
361,419,1.00
362,419,0.98
350,420,1.00
351,420,1.00
352,420,1.00
353,420,1.00
354,420,1.00
355,420,0.88
356,420,0.90
357,420,0.88
358,420,0.85
359,420,0.87
360,420,0.88
361,420,0.87
362,420,0.85
350,421,1.00
351,421,1.00
352,421,1.00
353,421,1.00
354,421,1.00
355,421,0.67
356,421,0.64
357,421,0.67
358,421,0.71
359,421,0.73
360,421,0.74
361,421,0.73
362,421,0.71
350,422,0.90
351,422,0.90
352,422,0.90
353,422,0.90
354,422,0.90
355,422,0.60
356,422,0.60
357,422,0.60
358,422,0.60
359,422,0.60
360,422,0.60
361,422,0.60
362,422,0.60
363,422,0.30
364,422,0.30
365,422,0.30
366,422,0.30
367,422,0.30
368,422,0.30
369,422,0.30
370,422,0.30
342,402,0.90
343,402,0.60
344,402,0.60
345,402,0.60
346,402,0.60
347,402,0.60
348,402,0.60
349,402,0.60
342,403,1.00
343,403,0.73
344,403,0.74
345,403,0.73
346,403,0.71
347,403,0.67
348,403,0.64
349,403,0.67
342,404,1.00
343,404,0.87
344,404,0.88
345,404,0.87
346,404,0.85
347,404,0.88
348,404,0.90
349,404,0.88
342,405,1.00
343,405,1.00
344,405,1.00
345,405,1.00
346,405,1.00
347,405,1.00
348,405,1.00
349,405,1.00
342,406,1.00
343,406,1.00
344,406,1.00
345,406,1.00
346,406,1.00
347,406,1.00
348,406,1.00
349,406,1.00
342,407,1.00
343,407,1.00
344,407,1.00
345,407,1.00
346,407,1.00
347,407,1.00
348,407,1.00
349,407,1.00
342,408,1.00
343,408,1.00
344,408,1.00
345,408,1.00
346,408,1.00
347,408,1.00
348,408,1.00
349,408,1.00
342,409,1.00
343,409,1.00
344,409,1.00
345,409,1.00
346,409,1.00
347,409,1.00
348,409,1.00
349,409,1.00
342,410,1.00
343,410,1.00
344,410,1.00
345,410,1.00
346,410,1.00
347,410,1.00
348,410,1.00
349,410,1.00
342,411,1.00
343,411,1.00
344,411,1.00
345,411,1.00
346,411,1.00
347,411,1.00
348,411,1.00
349,411,1.00
342,412,1.00
343,412,1.00
344,412,1.00
345,412,1.00
346,412,1.00
347,412,1.00
348,412,1.00
349,412,1.00
342,413,1.00
343,413,1.00
344,413,1.00
345,413,1.00
346,413,1.00
347,413,1.00
348,413,1.00
349,413,1.00
342,414,1.00
343,414,1.00
344,414,1.00
345,414,1.00
346,414,1.00
347,414,1.00
348,414,1.00
349,414,1.00
342,415,1.00
343,415,1.00
344,415,1.00
345,415,1.00
346,415,1.00
347,415,1.00
348,415,1.00
349,415,1.00
342,416,1.00
343,416,1.00
344,416,1.00
345,416,1.00
346,416,1.00
347,416,1.00
348,416,1.00
349,416,1.00
342,417,1.00
343,417,1.00
344,417,1.00
345,417,1.00
346,417,1.00
347,417,1.00
348,417,1.00
349,417,1.00
342,418,1.00
343,418,1.00
344,418,1.00
345,418,1.00
346,418,1.00
347,418,1.00
348,418,1.00
349,418,1.00
342,419,1.00
343,419,1.00
344,419,1.00
345,419,1.00
346,419,1.00
347,419,1.00
348,419,1.00
349,419,1.00
342,420,1.00
343,420,0.87
344,420,0.88
345,420,0.87
346,420,0.85
347,420,0.88
348,420,0.90
349,420,0.88
342,421,1.00
343,421,0.73
344,421,0.74
345,421,0.73
346,421,0.71
347,421,0.67
348,421,0.64
349,421,0.67
342,422,0.90
343,422,0.60
344,422,0.60
345,422,0.60
346,422,0.60
347,422,0.60
348,422,0.60
349,422,0.60
334,402,0.90
335,402,0.90
336,402,0.90
337,402,0.90
338,402,0.60
339,402,0.60
340,402,0.60
341,402,0.60
334,403,1.00
335,403,0.97
336,403,0.92
337,403,0.90
338,403,0.60
339,403,0.60
340,403,0.62
341,403,0.67
334,404,1.00
335,404,1.00
336,404,1.00
337,404,0.98
338,404,0.60
339,404,0.68
340,404,0.75
341,404,0.80
334,405,1.00
335,405,1.00
336,405,1.00
337,405,1.00
338,405,0.82
339,405,0.81
340,405,0.87
341,405,0.93
334,406,1.00
335,406,1.00
336,406,1.00
337,406,1.00
338,406,1.00
339,406,1.00
340,406,0.99
341,406,1.00
334,407,1.00
335,407,1.00
336,407,1.00
337,407,1.00
338,407,1.00
339,407,1.00
340,407,1.00
341,407,1.00
334,408,1.00
335,408,1.00
336,408,1.00
337,408,1.00
338,408,1.00
339,408,1.00
340,408,1.00
341,408,1.00
334,409,1.00
335,409,1.00
336,409,1.00
337,409,1.00
338,409,1.00
339,409,1.00
340,409,1.00
341,409,1.00
334,410,1.00
335,410,1.00
336,410,1.00
337,410,1.00
338,410,1.00
339,410,1.00
340,410,1.00
341,410,1.00
334,411,1.00
335,411,1.00
336,411,1.00
337,411,1.00
338,411,1.00
339,411,1.00
340,411,1.00
341,411,1.00
334,412,1.00
335,412,1.00
336,412,1.00
337,412,1.00
338,412,1.00
339,412,1.00
340,412,1.00
341,412,1.00
334,413,1.00
335,413,1.00
336,413,1.00
337,413,1.00
338,413,1.00
339,413,1.00
340,413,1.00
341,413,1.00
334,414,1.00
335,414,1.00
336,414,1.00
337,414,1.00
338,414,1.00
339,414,1.00
340,414,1.00
341,414,1.00
334,415,1.00
335,415,1.00
336,415,1.00
337,415,1.00
338,415,1.00
339,415,1.00
340,415,1.00
341,415,1.00
334,416,1.00
335,416,1.00
336,416,1.00
337,416,1.00
338,416,1.00
339,416,1.00
340,416,1.00
341,416,1.00
334,417,1.00
335,417,1.00
336,417,1.00
337,417,1.00
338,417,1.00
339,417,1.00
340,417,1.00
341,417,1.00
334,418,1.00
335,418,1.00
336,418,1.00
337,418,1.00
338,418,1.00
339,418,1.00
340,418,0.99
341,418,1.00
334,419,1.00
335,419,1.00
336,419,1.00
337,419,1.00
338,419,0.82
339,419,0.81
340,419,0.87
341,419,0.93
334,420,1.00
335,420,1.00
336,420,1.00
337,420,1.00
338,420,0.60
339,420,0.68
340,420,0.75
341,420,0.80
334,421,1.00
335,421,1.00
336,421,1.00
337,421,1.00
338,421,0.60
339,421,0.60
340,421,0.62
341,421,0.67
334,422,1.00
335,422,1.00
336,422,1.00
337,422,1.00
338,422,0.60
339,422,0.60
340,422,0.60
341,422,0.60
322,402,0.60
323,402,0.60
324,402,0.60
325,402,0.60
326,402,0.60
327,402,0.60
328,402,0.60
329,402,0.60
330,402,0.60
331,402,0.60
332,402,0.60
333,402,0.60
322,403,0.90
323,403,0.92
324,403,0.97
325,403,1.00
326,403,1.00
327,403,1.00
328,403,1.00
329,403,1.00
330,403,1.00
331,403,1.00
332,403,1.00
333,403,1.00
322,404,1.00
323,404,1.00
324,404,1.00
325,404,1.00
326,404,1.00
327,404,1.00
328,404,1.00
329,404,1.00
330,404,1.00
331,404,1.00
332,404,1.00
333,404,1.00
322,405,1.00
323,405,1.00
324,405,1.00
325,405,1.00
326,405,1.00
327,405,1.00
328,405,1.00
329,405,1.00
330,405,1.00
331,405,1.00
332,405,1.00
333,405,1.00
322,406,1.00
323,406,1.00
324,406,1.00
325,406,1.00
326,406,1.00
327,406,1.00
328,406,1.00
329,406,1.00
330,406,1.00
331,406,1.00
332,406,1.00
333,406,1.00
322,407,1.00
323,407,1.00
324,407,1.00
325,407,1.00
326,407,1.00
327,407,1.00
328,407,1.00
329,407,1.00
330,407,1.00
331,407,1.00
332,407,1.00
333,407,1.00
322,408,1.00
323,408,1.00
324,408,1.00
325,408,1.00
326,408,1.00
327,408,1.00
328,408,1.00
329,408,1.00
330,408,1.00
331,408,1.00
332,408,1.00
333,408,1.00
322,409,1.00
323,409,1.00
324,409,1.00
325,409,1.00
326,409,1.00
327,409,1.00
328,409,1.00
329,409,1.00
330,409,1.00
331,409,1.00
332,409,1.00
333,409,1.00
322,410,1.00
323,410,1.00
324,410,1.00
325,410,1.00
326,410,1.00
327,410,1.00
328,410,1.00
329,410,1.00
330,410,1.00
331,410,1.00
332,410,1.00
333,410,1.00
322,411,1.00
323,411,1.00
324,411,1.00
325,411,1.00
326,411,1.00
327,411,1.00
328,411,1.00
329,411,1.00
330,411,1.00
331,411,1.00
332,411,1.00
333,411,1.00
322,412,1.00
323,412,1.00
324,412,1.00
325,412,1.00
326,412,1.00
327,412,1.00
328,412,1.00
329,412,1.00
330,412,1.00
331,412,1.00
332,412,1.00
333,412,1.00
322,413,1.00
323,413,1.00
324,413,1.00
325,413,1.00
326,413,1.00
327,413,1.00
328,413,1.00
329,413,1.00
330,413,1.00
331,413,1.00
332,413,1.00
333,413,1.00
322,414,1.00
323,414,1.00
324,414,1.00
325,414,1.00
326,414,1.00
327,414,1.00
328,414,1.00
329,414,1.00
330,414,1.00
331,414,1.00
332,414,1.00
333,414,1.00
322,415,1.00
323,415,1.00
324,415,1.00
325,415,1.00
326,415,1.00
327,415,1.00
328,415,1.00
329,415,1.00
330,415,1.00
331,415,1.00
332,415,1.00
333,415,1.00
322,416,1.00
323,416,1.00
324,416,1.00
325,416,1.00
326,416,1.00
327,416,1.00
328,416,1.00
329,416,1.00
330,416,1.00
331,416,1.00
332,416,1.00
333,416,1.00
322,417,1.00
323,417,1.00
324,417,1.00
325,417,1.00
326,417,1.00
327,417,1.00
328,417,1.00
329,417,1.00
330,417,1.00
331,417,1.00
332,417,1.00
333,417,1.00
322,418,1.00
323,418,1.00
324,418,1.00
325,418,1.00
326,418,1.00
327,418,1.00
328,418,1.00
329,418,1.00
330,418,1.00
331,418,1.00
332,418,1.00
333,418,1.00
322,419,1.00
323,419,1.00
324,419,1.00
325,419,1.00
326,419,1.00
327,419,1.00
328,419,1.00
329,419,1.00
330,419,1.00
331,419,1.00
332,419,1.00
333,419,1.00
322,420,1.00
323,420,1.00
324,420,1.00
325,420,1.00
326,420,1.00
327,420,1.00
328,420,1.00
329,420,1.00
330,420,1.00
331,420,1.00
332,420,1.00
333,420,1.00
322,421,1.00
323,421,1.00
324,421,1.00
325,421,1.00
326,421,1.00
327,421,1.00
328,421,1.00
329,421,1.00
330,421,1.00
331,421,1.00
332,421,1.00
333,421,1.00
322,422,1.00
323,422,1.00
324,422,1.00
325,422,1.00
326,422,1.00
327,422,1.00
328,422,1.00
329,422,1.00
330,422,1.00
331,422,1.00
332,422,1.00
333,422,1.00
317,402,0.30
318,402,0.30
319,402,0.30
320,402,0.30
321,402,0.30
317,403,0.60
318,403,0.60
319,403,0.60
320,403,0.60
321,403,0.60
317,404,0.90
318,404,0.90
319,404,0.90
320,404,0.92
321,404,0.97
317,405,1.00
318,405,1.00
319,405,1.00
320,405,1.00
321,405,1.00
317,406,1.00
318,406,1.00
319,406,1.00
320,406,1.00
321,406,1.00
317,407,1.00
318,407,1.00
319,407,1.00
320,407,1.00
321,407,1.00
317,408,1.00
318,408,1.00
319,408,1.00
320,408,1.00
321,408,1.00
317,409,1.00
318,409,1.00
319,409,1.00
320,409,1.00
321,409,1.00
317,410,1.00
318,410,1.00
319,410,1.00
320,410,1.00
321,410,1.00
317,411,1.00
318,411,1.00
319,411,1.00
320,411,1.00
321,411,1.00
317,412,1.00
318,412,1.00
319,412,1.00
320,412,1.00
321,412,1.00
317,413,1.00
318,413,1.00
319,413,1.00
320,413,1.00
321,413,1.00
317,414,1.00
318,414,1.00
319,414,1.00
320,414,1.00
321,414,1.00
317,415,1.00
318,415,1.00
319,415,1.00
320,415,1.00
321,415,1.00
317,416,1.00
318,416,1.00
319,416,1.00
320,416,1.00
321,416,1.00
317,417,1.00
318,417,1.00
319,417,1.00
320,417,1.00
321,417,1.00
317,418,1.00
318,418,1.00
319,418,1.00
320,418,1.00
321,418,1.00
317,419,1.00
318,419,1.00
319,419,1.00
320,419,1.00
321,419,1.00
317,420,1.00
318,420,1.00
319,420,1.00
320,420,1.00
321,420,1.00
317,421,1.00
318,421,1.00
319,421,1.00
320,421,1.00
321,421,1.00
317,422,1.00
318,422,1.00
319,422,1.00
320,422,1.00
321,422,1.00
314,403,0.30
315,403,0.30
316,403,0.30
314,404,0.60
315,404,0.60
316,404,0.60
314,405,0.90
315,405,0.90
316,405,0.90
314,406,1.00
315,406,1.00
316,406,1.00
314,407,1.00
315,407,1.00
316,407,1.00
314,408,1.00
315,408,1.00
316,408,1.00
314,409,1.00
315,409,1.00
316,409,1.00
314,410,1.00
315,410,1.00
316,410,1.00
314,411,1.00
315,411,1.00
316,411,1.00
314,412,1.00
315,412,1.00
316,412,1.00
314,413,1.00
315,413,1.00
316,413,1.00
314,414,1.00
315,414,1.00
316,414,1.00
314,415,1.00
315,415,1.00
316,415,1.00
314,416,1.00
315,416,1.00
316,416,1.00
314,417,1.00
315,417,1.00
316,417,1.00
314,418,1.00
315,418,1.00
316,418,1.00
314,419,1.00
315,419,1.00
316,419,1.00
314,420,1.00
315,420,1.00
316,420,1.00
314,421,1.00
315,421,1.00
316,421,1.00
314,422,1.00
315,422,1.00
316,422,1.00
314,423,1.00
315,423,1.00
316,423,1.00
317,423,1.00
318,423,1.00
319,423,1.00
320,423,1.00
321,423,1.00
322,423,1.00
323,423,1.00
324,423,1.00
325,423,1.00
326,423,1.00
327,423,1.00
328,423,1.00
329,423,1.00
330,423,1.00
331,423,1.00
332,423,1.00
333,423,1.00
334,423,1.00
311,404,0.30
312,404,0.30
313,404,0.30
311,405,0.60
312,405,0.60
313,405,0.60
311,406,1.00
312,406,1.00
313,406,1.00
311,407,1.00
312,407,1.00
313,407,1.00
311,408,1.00
312,408,1.00
313,408,1.00
311,409,1.00
312,409,1.00
313,409,1.00
311,410,1.00
312,410,1.00
313,410,1.00
311,411,1.00
312,411,1.00
313,411,1.00
311,412,1.00
312,412,1.00
313,412,1.00
311,413,1.00
312,413,1.00
313,413,1.00
311,414,1.00
312,414,1.00
313,414,1.00
311,415,1.00
312,415,1.00
313,415,1.00
311,416,1.00
312,416,1.00
313,416,1.00
311,417,1.00
312,417,1.00
313,417,1.00
311,418,1.00
312,418,1.00
313,418,1.00
311,419,1.00
312,419,1.00
313,419,1.00
311,420,1.00
312,420,1.00
313,420,1.00
311,421,1.00
312,421,1.00
313,421,1.00
311,422,1.00
312,422,1.00
313,422,1.00
311,423,1.00
312,423,1.00
313,423,1.00
311,424,1.00
312,424,1.00
313,424,1.00
314,424,1.00
315,424,1.00
316,424,1.00
317,424,1.00
318,424,1.00
319,424,1.00
320,424,1.00
321,424,1.00
322,424,1.00
323,424,1.00
324,424,1.00
325,424,1.00
326,424,1.00
327,424,1.00
328,424,1.00
329,424,1.00
330,424,1.00
331,424,1.00
311,425,1.00
312,425,1.00
313,425,1.00
314,425,1.00
315,425,1.00
316,425,1.00
317,425,1.00
318,425,1.00
319,425,1.00
320,425,1.00
321,425,1.00
322,425,1.00
323,425,1.00
324,425,1.00
325,425,1.00
326,425,1.00
327,425,1.00
328,425,1.00
329,425,1.00
330,425,1.00
331,425,1.00
311,426,0.90
312,426,0.90
313,426,0.90
314,426,1.00
315,426,1.00
316,426,1.00
317,426,1.00
318,426,1.00
319,426,1.00
320,426,1.00
321,426,1.00
322,426,1.00
323,426,1.00
324,426,1.00
325,426,1.00
326,426,1.00
327,426,1.00
328,426,1.00
329,426,1.00
330,426,1.00
331,426,1.00
310,406,0.30
310,407,0.30
310,408,0.30
310,409,0.30
310,410,0.30
310,411,0.30
310,412,0.30
310,413,0.30
310,414,0.30
310,415,0.30
310,416,0.30
310,417,0.30
310,418,0.30
310,419,0.30
310,420,0.30
310,421,0.30
310,422,0.30
310,423,0.30
310,424,0.30
310,425,0.30
310,426,0.30
311,427,0.30
312,427,0.30
313,427,0.30
314,427,0.60
315,427,0.60
316,427,0.90
317,427,1.00
318,427,1.00
319,427,1.00
320,427,1.00
321,427,1.00
322,427,1.00
323,427,1.00
324,427,1.00
325,427,1.00
326,427,1.00
327,427,1.00
328,427,1.00
329,427,1.00
330,427,1.00
331,427,1.00
332,424,1.00
333,424,1.00
334,424,1.00
332,425,1.00
333,425,1.00
334,425,1.00
332,426,1.00
333,426,1.00
334,426,1.00
332,427,1.00
333,427,1.00
334,427,1.00
314,428,0.30
315,428,0.30
316,428,0.60
317,428,0.99
318,428,1.00
319,428,1.00
320,428,1.00
321,428,1.00
322,428,1.00
323,428,1.00
324,428,1.00
325,428,1.00
326,428,1.00
327,428,1.00
328,428,1.00
329,428,1.00
330,428,1.00
331,428,1.00
332,428,1.00
333,428,1.00
334,428,1.00
314,429,0.30
315,429,0.30
316,429,0.60
317,429,0.92
318,429,1.00
319,429,1.00
320,429,1.00
321,429,1.00
322,429,1.00
323,429,1.00
324,429,1.00
325,429,1.00
326,429,1.00
327,429,1.00
328,429,1.00
329,429,1.00
330,429,1.00
331,429,1.00
332,429,1.00
333,429,1.00
334,429,1.00
314,430,0.30
315,430,0.30
316,430,0.60
317,430,0.90
318,430,1.00
319,430,1.00
320,430,1.00
321,430,1.00
322,430,1.00
323,430,1.00
324,430,1.00
325,430,1.00
326,430,1.00
327,430,1.00
328,430,1.00
329,430,1.00
330,430,1.00
331,430,1.00
332,430,1.00
333,430,1.00
334,430,1.00
314,431,0.30
315,431,0.30
316,431,0.60
317,431,0.90
318,431,1.00
319,431,1.00
320,431,1.00
321,431,1.00
322,431,1.00
323,431,1.00
324,431,1.00
325,431,1.00
326,431,1.00
327,431,1.00
328,431,1.00
329,431,1.00
330,431,1.00
331,431,1.00
332,431,1.00
333,431,1.00
334,431,1.00
335,423,1.00
336,423,0.90
335,424,1.00
336,424,0.90
335,425,1.00
336,425,0.92
335,426,1.00
336,426,0.97
335,427,1.00
336,427,1.00
335,428,1.00
336,428,1.00
335,429,1.00
336,429,1.00
335,430,1.00
336,430,1.00
335,431,1.00
336,431,1.00
316,432,0.30
317,432,0.60
318,432,0.97
319,432,1.00
320,432,1.00
321,432,1.00
322,432,1.00
323,432,1.00
324,432,1.00
325,432,1.00
326,432,1.00
327,432,1.00
328,432,1.00
329,432,1.00
330,432,1.00
331,432,1.00
332,432,1.00
333,432,1.00
334,432,1.00
335,432,1.00
336,432,1.00
316,433,0.30
317,433,0.60
318,433,0.92
319,433,1.00
320,433,1.00
321,433,1.00
322,433,1.00
323,433,1.00
324,433,1.00
325,433,1.00
326,433,1.00
327,433,1.00
328,433,1.00
329,433,1.00
330,433,1.00
331,433,1.00
332,433,1.00
333,433,1.00
334,433,1.00
335,433,1.00
336,433,1.00
316,434,0.30
317,434,0.60
318,434,0.90
319,434,1.00
320,434,1.00
321,434,1.00
322,434,1.00
323,434,1.00
324,434,1.00
325,434,1.00
326,434,1.00
327,434,1.00
328,434,1.00
329,434,1.00
330,434,1.00
331,434,1.00
332,434,1.00
333,434,1.00
334,434,1.00
335,434,1.00
336,434,1.00
316,435,0.30
317,435,0.60
318,435,0.90
319,435,1.00
320,435,1.00
321,435,1.00
322,435,1.00
323,435,1.00
324,435,1.00
325,435,1.00
326,435,1.00
327,435,1.00
328,435,1.00
329,435,1.00
330,435,1.00
331,435,1.00
332,435,1.00
333,435,1.00
334,435,1.00
335,435,1.00
336,435,1.00
337,423,0.60
337,424,0.60
337,425,0.60
337,426,0.60
337,427,0.90
337,428,0.90
337,429,0.92
337,430,1.00
337,431,1.00
337,432,1.00
337,433,1.00
337,434,1.00
337,435,1.00
317,436,0.30
318,436,0.60
319,436,0.97
320,436,1.00
321,436,1.00
322,436,1.00
323,436,1.00
324,436,1.00
325,436,1.00
326,436,1.00
327,436,1.00
328,436,1.00
329,436,1.00
330,436,1.00
331,436,1.00
332,436,1.00
333,436,1.00
334,436,1.00
335,436,1.00
336,436,1.00
337,436,1.00
317,437,0.30
318,437,0.60
319,437,0.92
320,437,1.00
321,437,1.00
322,437,1.00
323,437,1.00
324,437,1.00
325,437,1.00
326,437,1.00
327,437,1.00
328,437,1.00
329,437,1.00
330,437,1.00
331,437,1.00
332,437,1.00
333,437,1.00
334,437,1.00
335,437,1.00
336,437,1.00
337,437,1.00
317,438,0.30
318,438,0.60
319,438,0.90
320,438,1.00
321,438,1.00
322,438,1.00
323,438,1.00
324,438,1.00
325,438,1.00
326,438,1.00
327,438,1.00
328,438,1.00
329,438,1.00
330,438,1.00
331,438,1.00
332,438,1.00
333,438,1.00
334,438,1.00
335,438,1.00
336,438,1.00
337,438,1.00
317,439,0.30
318,439,0.60
319,439,0.90
320,439,1.00
321,439,1.00
322,439,1.00
323,439,1.00
324,439,1.00
325,439,1.00
326,439,1.00
327,439,1.00
328,439,1.00
329,439,1.00
330,439,1.00
331,439,1.00
332,439,1.00
333,439,1.00
334,439,1.00
335,439,1.00
336,439,1.00
337,439,1.00
338,423,0.30
338,424,0.30
338,425,0.30
338,426,0.30
338,427,0.60
338,428,0.60
338,429,0.60
338,430,0.90
338,431,1.00
338,432,1.00
338,433,1.00
338,434,1.00
338,435,1.00
338,436,1.00
338,437,1.00
338,438,1.00
338,439,1.00
318,440,0.30
319,440,0.60
320,440,1.00
321,440,1.00
322,440,1.00
323,440,1.00
324,440,1.00
325,440,1.00
326,440,1.00
327,440,1.00
328,440,1.00
329,440,1.00
330,440,1.00
331,440,1.00
332,440,1.00
333,440,1.00
334,440,1.00
335,440,1.00
336,440,1.00
337,440,1.00
338,440,1.00
318,441,0.30
319,441,0.60
320,441,1.00
321,441,1.00
322,441,1.00
323,441,1.00
324,441,1.00
325,441,1.00
326,441,1.00
327,441,1.00
328,441,1.00
329,441,1.00
330,441,1.00
331,441,1.00
332,441,1.00
333,441,1.00
334,441,1.00
335,441,1.00
336,441,1.00
337,441,1.00
338,441,1.00
318,442,0.30
319,442,0.60
320,442,1.00
321,442,1.00
322,442,1.00
323,442,1.00
324,442,1.00
325,442,1.00
326,442,1.00
327,442,1.00
328,442,1.00
329,442,1.00
330,442,1.00
331,442,1.00
332,442,1.00
333,442,1.00
334,442,1.00
335,442,1.00
336,442,1.00
337,442,1.00
338,442,1.00
318,443,0.30
319,443,0.60
320,443,1.00
321,443,1.00
322,443,1.00
323,443,1.00
324,443,1.00
325,443,1.00
326,443,1.00
327,443,1.00
328,443,1.00
329,443,1.00
330,443,1.00
331,443,1.00
332,443,1.00
333,443,1.00
334,443,1.00
335,443,1.00
336,443,1.00
337,443,1.00
338,443,1.00
339,427,0.30
339,428,0.30
339,429,0.30
339,430,0.60
339,431,1.00
339,432,1.00
339,433,1.00
339,434,1.00
339,435,1.00
339,436,1.00
339,437,1.00
339,438,1.00
339,439,1.00
339,440,1.00
339,441,1.00
339,442,1.00
339,443,1.00
319,444,0.30
320,444,0.90
321,444,1.00
322,444,1.00
323,444,1.00
324,444,1.00
325,444,1.00
326,444,1.00
327,444,1.00
328,444,1.00
329,444,1.00
330,444,1.00
331,444,1.00
332,444,1.00
333,444,1.00
334,444,1.00
335,444,1.00
336,444,1.00
337,444,1.00
338,444,1.00
339,444,1.00
319,445,0.30
320,445,0.90
321,445,1.00
322,445,1.00
323,445,1.00
324,445,1.00
325,445,1.00
326,445,1.00
327,445,1.00
328,445,1.00
329,445,1.00
330,445,1.00
331,445,1.00
332,445,1.00
333,445,1.00
334,445,1.00
335,445,1.00
336,445,1.00
337,445,1.00
338,445,1.00
339,445,1.00
319,446,0.30
320,446,0.90
321,446,1.00
322,446,1.00
323,446,1.00
324,446,1.00
325,446,1.00
326,446,1.00
327,446,1.00
328,446,1.00
329,446,1.00
330,446,1.00
331,446,1.00
332,446,1.00
333,446,1.00
334,446,1.00
335,446,1.00
336,446,1.00
337,446,1.00
338,446,1.00
339,446,1.00
319,447,0.30
320,447,0.90
321,447,1.00
322,447,1.00
323,447,1.00
324,447,1.00
325,447,1.00
326,447,1.00
327,447,1.00
328,447,1.00
329,447,1.00
330,447,1.00
331,447,1.00
332,447,1.00
333,447,1.00
334,447,1.00
335,447,1.00
336,447,1.00
337,447,1.00
338,447,1.00
339,447,1.00
340,430,0.30
340,431,0.90
340,432,0.90
340,433,0.90
340,434,1.00
340,435,1.00
340,436,1.00
340,437,1.00
340,438,1.00
340,439,1.00
340,440,1.00
340,441,1.00
340,442,1.00
340,443,1.00
340,444,1.00
340,445,1.00
340,446,1.00
340,447,1.00
320,448,0.60
321,448,0.90
322,448,0.90
323,448,1.00
324,448,1.00
325,448,1.00
326,448,1.00
327,448,1.00
328,448,1.00
329,448,1.00
330,448,1.00
331,448,1.00
332,448,1.00
333,448,1.00
334,448,1.00
335,448,1.00
336,448,1.00
337,448,1.00
338,448,1.00
339,448,1.00
340,448,1.00
320,449,0.60
321,449,0.90
322,449,0.90
323,449,1.00
324,449,1.00
325,449,1.00
326,449,1.00
327,449,1.00
328,449,1.00
329,449,1.00
330,449,1.00
331,449,1.00
332,449,1.00
333,449,1.00
334,449,1.00
335,449,1.00
336,449,1.00
337,449,1.00
338,449,1.00
339,449,1.00
340,449,1.00
320,450,0.60
321,450,0.90
322,450,0.90
323,450,1.00
324,450,1.00
325,450,1.00
326,450,1.00
327,450,1.00
328,450,1.00
329,450,1.00
330,450,1.00
331,450,1.00
332,450,1.00
333,450,1.00
334,450,1.00
335,450,1.00
336,450,1.00
337,450,1.00
338,450,1.00
339,450,1.00
340,450,1.00
320,451,0.30
321,451,0.60
322,451,0.60
323,451,0.90
324,451,0.90
325,451,0.90
326,451,1.00
327,451,1.00
328,451,1.00
329,451,1.00
330,451,1.00
331,451,1.00
332,451,1.00
333,451,1.00
334,451,1.00
335,451,1.00
336,451,1.00
337,451,1.00
338,451,1.00
339,451,1.00
340,451,1.00
341,431,0.30
341,432,0.30
341,433,0.30
341,434,0.60
341,435,0.90
341,436,1.00
341,437,1.00
341,438,1.00
341,439,1.00
341,440,1.00
341,441,1.00
341,442,1.00
341,443,1.00
341,444,1.00
341,445,1.00
341,446,1.00
341,447,1.00
341,448,1.00
341,449,1.00
341,450,1.00
341,451,1.00
342,434,0.30
343,434,0.30
342,435,0.60
343,435,0.60
342,436,1.00
343,436,1.00
342,437,1.00
343,437,1.00
342,438,1.00
343,438,1.00
342,439,1.00
343,439,1.00
342,440,1.00
343,440,1.00
342,441,1.00
343,441,1.00
342,442,1.00
343,442,1.00
342,443,1.00
343,443,1.00
342,444,1.00
343,444,1.00
342,445,1.00
343,445,1.00
342,446,1.00
343,446,1.00
342,447,1.00
343,447,1.00
342,448,1.00
343,448,1.00
342,449,1.00
343,449,1.00
342,450,1.00
343,450,1.00
342,451,1.00
343,451,1.00
323,452,0.30
324,452,0.30
325,452,0.30
326,452,0.60
327,452,0.90
328,452,0.98
329,452,1.00
330,452,1.00
331,452,1.00
332,452,1.00
333,452,1.00
334,452,1.00
335,452,1.00
336,452,1.00
337,452,1.00
338,452,1.00
339,452,1.00
340,452,1.00
341,452,1.00
342,452,1.00
343,452,1.00
323,453,0.30
324,453,0.30
325,453,0.30
326,453,0.60
327,453,0.90
328,453,0.90
329,453,0.94
330,453,1.00
331,453,1.00
332,453,1.00
333,453,1.00
334,453,1.00
335,453,1.00
336,453,1.00
337,453,1.00
338,453,1.00
339,453,1.00
340,453,1.00
341,453,1.00
342,453,1.00
343,453,1.00
323,454,0.30
324,454,0.30
325,454,0.30
326,454,0.60
327,454,0.90
328,454,0.90
329,454,0.90
330,454,0.90
331,454,1.00
332,454,1.00
333,454,1.00
334,454,1.00
335,454,1.00
336,454,1.00
337,454,1.00
338,454,1.00
339,454,1.00
340,454,1.00
341,454,1.00
342,454,1.00
343,454,1.00
344,436,1.00
345,436,1.00
346,436,1.00
344,437,1.00
345,437,1.00
346,437,1.00
344,438,1.00
345,438,1.00
346,438,1.00
344,439,1.00
345,439,1.00
346,439,1.00
344,440,1.00
345,440,1.00
346,440,1.00
344,441,1.00
345,441,1.00
346,441,1.00
344,442,1.00
345,442,1.00
346,442,1.00
344,443,1.00
345,443,1.00
346,443,1.00
344,444,1.00
345,444,1.00
346,444,1.00
344,445,1.00
345,445,1.00
346,445,1.00
344,446,1.00
345,446,1.00
346,446,1.00
344,447,1.00
345,447,1.00
346,447,1.00
344,448,1.00
345,448,1.00
346,448,1.00
344,449,1.00
345,449,1.00
346,449,1.00
344,450,1.00
345,450,1.00
346,450,1.00
344,451,1.00
345,451,1.00
346,451,1.00
344,452,1.00
345,452,1.00
346,452,1.00
344,453,1.00
345,453,1.00
346,453,1.00
344,454,1.00
345,454,1.00
346,454,1.00
326,455,0.30
327,455,0.60
328,455,0.60
329,455,0.60
330,455,0.60
331,455,0.90
332,455,0.92
333,455,0.99
334,455,1.00
335,455,1.00
336,455,1.00
337,455,1.00
338,455,1.00
339,455,1.00
340,455,1.00
341,455,1.00
342,455,1.00
343,455,1.00
344,455,1.00
345,455,1.00
346,455,1.00
326,456,0.30
327,456,0.60
328,456,0.60
329,456,0.60
330,456,0.60
331,456,0.90
332,456,0.90
333,456,0.90
334,456,0.90
335,456,0.90
336,456,0.90
337,456,0.90
338,456,0.90
339,456,0.90
340,456,0.90
341,456,0.90
342,456,0.90
343,456,0.90
344,456,0.90
345,456,0.90
346,456,0.90
347,436,1.00
347,437,1.00
347,438,1.00
347,439,1.00
347,440,1.00
347,441,1.00
347,442,1.00
347,443,1.00
347,444,1.00
347,445,1.00
347,446,1.00
347,447,1.00
347,448,1.00
347,449,1.00
347,450,1.00
347,451,1.00
347,452,1.00
347,453,1.00
347,454,1.00
347,455,0.90
347,456,0.60
348,436,1.00
349,436,1.00
350,436,1.00
351,436,1.00
348,437,1.00
349,437,1.00
350,437,1.00
351,437,1.00
348,438,1.00
349,438,1.00
350,438,1.00
351,438,1.00
348,439,1.00
349,439,1.00
350,439,1.00
351,439,1.00
348,440,1.00
349,440,1.00
350,440,1.00
351,440,1.00
348,441,1.00
349,441,1.00
350,441,1.00
351,441,1.00
348,442,1.00
349,442,1.00
350,442,1.00
351,442,1.00
348,443,1.00
349,443,1.00
350,443,1.00
351,443,1.00
348,444,1.00
349,444,1.00
350,444,1.00
351,444,1.00
348,445,1.00
349,445,1.00
350,445,1.00
351,445,1.00
348,446,1.00
349,446,1.00
350,446,1.00
351,446,1.00
348,447,1.00
349,447,1.00
350,447,1.00
351,447,1.00
348,448,1.00
349,448,1.00
350,448,1.00
351,448,1.00
348,449,1.00
349,449,1.00
350,449,1.00
351,449,1.00
348,450,1.00
349,450,1.00
350,450,1.00
351,450,1.00
348,451,1.00
349,451,1.00
350,451,1.00
351,451,1.00
348,452,1.00
349,452,1.00
350,452,1.00
351,452,1.00
348,453,1.00
349,453,1.00
350,453,1.00
351,453,1.00
348,454,0.74
349,454,0.73
350,454,0.71
351,454,0.67
348,455,0.60
349,455,0.60
350,455,0.60
351,455,0.60
348,456,0.30
349,456,0.30
350,456,0.30
351,456,0.30
344,435,0.30
345,435,0.30
346,435,0.60
347,435,0.60
348,435,0.60
349,435,0.60
350,435,0.60
351,435,0.98
352,435,1.00
353,435,1.00
354,435,1.00
355,435,1.00
356,435,1.00
357,435,1.00
358,435,1.00
352,436,1.00
353,436,1.00
354,436,1.00
355,436,1.00
356,436,1.00
357,436,1.00
358,436,1.00
352,437,1.00
353,437,1.00
354,437,1.00
355,437,1.00
356,437,1.00
357,437,1.00
358,437,1.00
352,438,1.00
353,438,1.00
354,438,1.00
355,438,1.00
356,438,1.00
357,438,1.00
358,438,1.00
352,439,1.00
353,439,1.00
354,439,1.00
355,439,1.00
356,439,1.00
357,439,1.00
358,439,1.00
352,440,1.00
353,440,1.00
354,440,1.00
355,440,1.00
356,440,1.00
357,440,1.00
358,440,1.00
352,441,1.00
353,441,1.00
354,441,1.00
355,441,1.00
356,441,1.00
357,441,1.00
358,441,1.00
352,442,1.00
353,442,1.00
354,442,1.00
355,442,1.00
356,442,1.00
357,442,1.00
358,442,1.00
352,443,1.00
353,443,1.00
354,443,1.00
355,443,1.00
356,443,1.00
357,443,1.00
358,443,1.00
352,444,1.00
353,444,1.00
354,444,1.00
355,444,1.00
356,444,1.00
357,444,1.00
358,444,1.00
352,445,1.00
353,445,1.00
354,445,1.00
355,445,1.00
356,445,1.00
357,445,1.00
358,445,1.00
352,446,1.00
353,446,1.00
354,446,1.00
355,446,1.00
356,446,1.00
357,446,1.00
358,446,1.00
352,447,1.00
353,447,1.00
354,447,1.00
355,447,1.00
356,447,1.00
357,447,1.00
358,447,1.00
352,448,1.00
353,448,1.00
354,448,1.00
355,448,1.00
356,448,1.00
357,448,1.00
358,448,1.00
352,449,1.00
353,449,1.00
354,449,1.00
355,449,1.00
356,449,1.00
357,449,1.00
358,449,1.00
352,450,1.00
353,450,1.00
354,450,1.00
355,450,1.00
356,450,1.00
357,450,1.00
358,450,1.00
352,451,1.00
353,451,1.00
354,451,1.00
355,451,1.00
356,451,1.00
357,451,1.00
358,451,1.00
352,452,1.00
353,452,1.00
354,452,1.00
355,452,1.00
356,452,1.00
357,452,1.00
358,452,1.00
352,453,0.75
353,453,0.68
354,453,0.60
355,453,0.60
356,453,0.60
357,453,0.60
358,453,0.60
352,454,0.32
353,454,0.30
354,454,0.30
355,454,0.30
356,454,0.30
357,454,0.30
358,454,0.30
352,455,0.30
353,455,0.30
354,455,0.30
355,455,0.30
356,455,0.30
357,455,0.30
358,455,0.30
346,433,0.30
347,433,0.30
348,433,0.30
349,433,0.30
350,433,0.30
351,433,0.60
352,433,0.60
353,433,0.60
354,433,0.60
355,433,0.60
356,433,0.60
357,433,0.62
358,433,0.97
359,433,1.00
360,433,1.00
361,433,1.00
362,433,1.00
363,433,1.00
364,433,1.00
365,433,1.00
366,433,1.00
346,434,0.30
347,434,0.30
348,434,0.30
349,434,0.30
350,434,0.30
351,434,0.60
352,434,0.62
353,434,0.67
354,434,0.71
355,434,0.73
356,434,0.82
357,434,0.88
358,434,1.00
359,434,1.00
360,434,1.00
361,434,1.00
362,434,1.00
363,434,1.00
364,434,1.00
365,434,1.00
366,434,1.00
359,435,1.00
360,435,1.00
361,435,1.00
362,435,1.00
363,435,1.00
364,435,1.00
365,435,1.00
366,435,1.00
359,436,1.00
360,436,1.00
361,436,1.00
362,436,1.00
363,436,1.00
364,436,1.00
365,436,1.00
366,436,1.00
359,437,1.00
360,437,1.00
361,437,1.00
362,437,1.00
363,437,1.00
364,437,1.00
365,437,1.00
366,437,1.00
359,438,1.00
360,438,1.00
361,438,1.00
362,438,1.00
363,438,1.00
364,438,1.00
365,438,1.00
366,438,1.00
359,439,1.00
360,439,1.00
361,439,1.00
362,439,1.00
363,439,1.00
364,439,1.00
365,439,1.00
366,439,1.00
359,440,1.00
360,440,1.00
361,440,1.00
362,440,1.00
363,440,1.00
364,440,1.00
365,440,1.00
366,440,1.00
359,441,1.00
360,441,1.00
361,441,1.00
362,441,1.00
363,441,1.00
364,441,1.00
365,441,1.00
366,441,1.00
359,442,1.00
360,442,1.00
361,442,1.00
362,442,1.00
363,442,1.00
364,442,1.00
365,442,1.00
366,442,1.00
359,443,1.00
360,443,1.00
361,443,1.00
362,443,1.00
363,443,1.00
364,443,1.00
365,443,1.00
366,443,1.00
359,444,1.00
360,444,1.00
361,444,1.00
362,444,1.00
363,444,1.00
364,444,1.00
365,444,1.00
366,444,1.00
359,445,1.00
360,445,1.00
361,445,1.00
362,445,1.00
363,445,1.00
364,445,1.00
365,445,1.00
366,445,1.00
359,446,1.00
360,446,1.00
361,446,1.00
362,446,1.00
363,446,1.00
364,446,1.00
365,446,1.00
366,446,1.00
359,447,1.00
360,447,1.00
361,447,1.00
362,447,1.00
363,447,1.00
364,447,1.00
365,447,1.00
366,447,1.00
359,448,1.00
360,448,1.00
361,448,1.00
362,448,1.00
363,448,1.00
364,448,1.00
365,448,1.00
366,448,1.00
359,449,1.00
360,449,1.00
361,449,1.00
362,449,1.00
363,449,1.00
364,449,1.00
365,449,1.00
366,449,1.00
359,450,1.00
360,450,1.00
361,450,1.00
362,450,1.00
363,450,1.00
364,450,1.00
365,450,1.00
366,450,1.00
359,451,1.00
360,451,1.00
361,451,1.00
362,451,1.00
363,451,1.00
364,451,0.97
365,451,0.92
366,451,0.90
359,452,0.67
360,452,0.62
361,452,0.60
362,452,0.60
363,452,0.60
364,452,0.60
365,452,0.60
366,452,0.60
359,453,0.30
360,453,0.30
361,453,0.30
362,453,0.30
363,453,0.30
364,453,0.30
365,453,0.30
366,453,0.30
351,432,0.30
352,432,0.30
353,432,0.30
354,432,0.30
355,432,0.30
356,432,0.30
357,432,0.30
358,432,0.60
359,432,0.60
360,432,0.60
361,432,0.60
362,432,0.60
363,432,0.60
364,432,0.62
365,432,0.97
366,432,1.00
367,432,1.00
368,432,1.00
369,432,1.00
370,432,1.00
371,432,1.00
367,433,1.00
368,433,1.00
369,433,1.00
370,433,1.00
371,433,1.00
367,434,1.00
368,434,1.00
369,434,1.00
370,434,1.00
371,434,1.00
367,435,1.00
368,435,1.00
369,435,1.00
370,435,1.00
371,435,1.00
367,436,1.00
368,436,1.00
369,436,1.00
370,436,1.00
371,436,1.00
367,437,1.00
368,437,1.00
369,437,1.00
370,437,1.00
371,437,1.00
367,438,1.00
368,438,1.00
369,438,1.00
370,438,1.00
371,438,1.00
367,439,1.00
368,439,1.00
369,439,1.00
370,439,1.00
371,439,1.00
367,440,1.00
368,440,1.00
369,440,1.00
370,440,1.00
371,440,1.00
367,441,1.00
368,441,1.00
369,441,1.00
370,441,1.00
371,441,1.00
367,442,1.00
368,442,1.00
369,442,1.00
370,442,1.00
371,442,1.00
367,443,1.00
368,443,1.00
369,443,1.00
370,443,1.00
371,443,1.00
367,444,1.00
368,444,1.00
369,444,1.00
370,444,1.00
371,444,1.00
367,445,1.00
368,445,1.00
369,445,1.00
370,445,1.00
371,445,1.00
367,446,1.00
368,446,1.00
369,446,1.00
370,446,1.00
371,446,1.00
367,447,1.00
368,447,1.00
369,447,1.00
370,447,1.00
371,447,1.00
367,448,1.00
368,448,1.00
369,448,1.00
370,448,1.00
371,448,1.00
367,449,1.00
368,449,1.00
369,449,1.00
370,449,1.00
371,449,1.00
367,450,1.00
368,450,1.00
369,450,1.00
370,450,1.00
371,450,0.97
367,451,0.60
368,451,0.60
369,451,0.60
370,451,0.60
371,451,0.60
367,452,0.30
368,452,0.30
369,452,0.30
370,452,0.30
371,452,0.30
358,431,0.30
359,431,0.30
360,431,0.30
361,431,0.30
362,431,0.30
363,431,0.30
364,431,0.30
365,431,0.60
366,431,0.60
367,431,0.60
368,431,0.60
369,431,0.60
370,431,0.60
371,431,0.62
372,431,0.67
373,431,0.71
374,431,0.73
375,431,1.00
376,431,1.00
377,431,1.00
378,431,0.97
372,432,0.82
373,432,0.85
374,432,0.87
375,432,1.00
376,432,1.00
377,432,1.00
378,432,1.00
372,433,1.00
373,433,1.00
374,433,1.00
375,433,1.00
376,433,1.00
377,433,1.00
378,433,1.00
372,434,1.00
373,434,1.00
374,434,1.00
375,434,1.00
376,434,1.00
377,434,1.00
378,434,1.00
372,435,1.00
373,435,1.00
374,435,1.00
375,435,1.00
376,435,1.00
377,435,1.00
378,435,1.00
372,436,1.00
373,436,1.00
374,436,1.00
375,436,1.00
376,436,1.00
377,436,1.00
378,436,1.00
372,437,1.00
373,437,1.00
374,437,1.00
375,437,1.00
376,437,1.00
377,437,1.00
378,437,1.00
372,438,1.00
373,438,1.00
374,438,1.00
375,438,1.00
376,438,1.00
377,438,1.00
378,438,1.00
372,439,1.00
373,439,1.00
374,439,1.00
375,439,1.00
376,439,1.00
377,439,1.00
378,439,1.00
372,440,1.00
373,440,1.00
374,440,1.00
375,440,1.00
376,440,1.00
377,440,1.00
378,440,1.00
372,441,1.00
373,441,1.00
374,441,1.00
375,441,1.00
376,441,1.00
377,441,1.00
378,441,1.00
372,442,1.00
373,442,1.00
374,442,1.00
375,442,1.00
376,442,1.00
377,442,1.00
378,442,1.00
372,443,1.00
373,443,1.00
374,443,1.00
375,443,1.00
376,443,1.00
377,443,1.00
378,443,1.00
372,444,1.00
373,444,1.00
374,444,1.00
375,444,1.00
376,444,1.00
377,444,1.00
378,444,1.00
372,445,1.00
373,445,1.00
374,445,1.00
375,445,1.00
376,445,1.00
377,445,1.00
378,445,1.00
372,446,1.00
373,446,1.00
374,446,1.00
375,446,1.00
376,446,1.00
377,446,1.00
378,446,1.00
372,447,1.00
373,447,1.00
374,447,1.00
375,447,1.00
376,447,1.00
377,447,1.00
378,447,1.00
372,448,1.00
373,448,1.00
374,448,0.98
375,448,1.00
376,448,1.00
377,448,1.00
378,448,1.00
372,449,0.82
373,449,0.79
374,449,0.73
375,449,1.00
376,449,1.00
377,449,1.00
378,449,0.97
372,450,0.62
373,450,0.60
374,450,0.60
375,450,0.60
376,450,0.60
377,450,0.60
378,450,0.60
372,451,0.30
373,451,0.30
374,451,0.30
375,451,0.30
376,451,0.30
377,451,0.30
378,451,0.30
365,430,0.30
366,430,0.30
367,430,0.30
368,430,0.30
369,430,0.30
370,430,0.30
371,430,0.30
372,430,0.30
373,430,0.30
374,430,0.30
375,430,0.60
376,430,0.60
377,430,0.60
378,430,0.60
379,430,0.60
380,430,0.60
381,430,0.62
382,430,0.67
383,430,0.71
384,430,0.73
385,430,0.74
379,431,0.62
380,431,0.68
381,431,0.75
382,431,0.80
383,431,0.85
384,431,0.87
385,431,0.88
379,432,0.86
380,432,0.87
381,432,0.87
382,432,0.93
383,432,0.98
384,432,1.00
385,432,1.00
379,433,1.00
380,433,1.00
381,433,1.00
382,433,1.00
383,433,1.00
384,433,1.00
385,433,1.00
379,434,1.00
380,434,1.00
381,434,1.00
382,434,1.00
383,434,1.00
384,434,1.00
385,434,1.00
379,435,1.00
380,435,1.00
381,435,1.00
382,435,1.00
383,435,1.00
384,435,1.00
385,435,1.00
379,436,1.00
380,436,1.00
381,436,1.00
382,436,1.00
383,436,1.00
384,436,1.00
385,436,1.00
379,437,1.00
380,437,1.00
381,437,1.00
382,437,1.00
383,437,1.00
384,437,1.00
385,437,1.00
379,438,1.00
380,438,1.00
381,438,1.00
382,438,1.00
383,438,1.00
384,438,1.00
385,438,1.00
379,439,1.00
380,439,1.00
381,439,1.00
382,439,1.00
383,439,1.00
384,439,1.00
385,439,1.00
379,440,1.00
380,440,1.00
381,440,1.00
382,440,1.00
383,440,1.00
384,440,1.00
385,440,1.00
379,441,1.00
380,441,1.00
381,441,1.00
382,441,1.00
383,441,1.00
384,441,1.00
385,441,1.00
379,442,1.00
380,442,1.00
381,442,1.00
382,442,1.00
383,442,1.00
384,442,1.00
385,442,1.00
379,443,1.00
380,443,1.00
381,443,1.00
382,443,1.00
383,443,1.00
384,443,1.00
385,443,1.00
379,444,1.00
380,444,1.00
381,444,1.00
382,444,1.00
383,444,1.00
384,444,1.00
385,444,1.00
379,445,1.00
380,445,1.00
381,445,1.00
382,445,1.00
383,445,1.00
384,445,1.00
385,445,1.00
379,446,1.00
380,446,1.00
381,446,1.00
382,446,1.00
383,446,0.98
384,446,1.00
385,446,1.00
379,447,0.87
380,447,0.87
381,447,0.86
382,447,0.82
383,447,0.85
384,447,0.87
385,447,0.88
379,448,0.75
380,448,0.68
381,448,0.62
382,448,0.67
383,448,0.71
384,448,0.73
385,448,0.74
379,449,0.62
380,449,0.60
381,449,0.60
382,449,0.60
383,449,0.60
384,449,0.60
385,449,0.60
379,450,0.30
380,450,0.30
381,450,0.30
382,450,0.30
383,450,0.30
384,450,0.30
385,450,0.30
375,429,0.30
376,429,0.30
377,429,0.30
378,429,0.30
379,429,0.30
380,429,0.30
381,429,0.30
382,429,0.30
383,429,0.30
384,429,0.30
385,429,0.30
386,429,0.60
387,429,0.60
388,429,0.60
389,429,0.60
390,429,0.60
391,429,0.68
392,429,0.75
393,429,0.80
394,429,0.85
395,429,0.87
386,430,0.73
387,430,0.71
388,430,0.67
389,430,0.64
390,430,0.71
391,430,0.80
392,430,0.87
393,430,0.93
394,430,0.98
395,430,1.00
386,431,0.87
387,431,0.85
388,431,0.80
389,431,0.86
390,431,0.89
391,431,0.91
392,431,0.99
393,431,1.00
394,431,1.00
395,431,1.00
386,432,1.00
387,432,0.98
388,432,1.00
389,432,1.00
390,432,1.00
391,432,1.00
392,432,1.00
393,432,1.00
394,432,1.00
395,432,1.00
386,433,1.00
387,433,1.00
388,433,1.00
389,433,1.00
390,433,1.00
391,433,1.00
392,433,1.00
393,433,1.00
394,433,1.00
395,433,1.00
386,434,1.00
387,434,1.00
388,434,1.00
389,434,1.00
390,434,1.00
391,434,1.00
392,434,1.00
393,434,1.00
394,434,1.00
395,434,1.00
386,435,1.00
387,435,1.00
388,435,1.00
389,435,1.00
390,435,1.00
391,435,1.00
392,435,1.00
393,435,1.00
394,435,1.00
395,435,1.00
386,436,1.00
387,436,1.00
388,436,1.00
389,436,1.00
390,436,1.00
391,436,1.00
392,436,1.00
393,436,1.00
394,436,1.00
395,436,1.00
386,437,1.00
387,437,1.00
388,437,1.00
389,437,1.00
390,437,1.00
391,437,1.00
392,437,1.00
393,437,1.00
394,437,1.00
395,437,1.00
386,438,1.00
387,438,1.00
388,438,1.00
389,438,1.00
390,438,1.00
391,438,1.00
392,438,1.00
393,438,1.00
394,438,1.00
395,438,1.00
386,439,1.00
387,439,1.00
388,439,1.00
389,439,1.00
390,439,1.00
391,439,1.00
392,439,1.00
393,439,1.00
394,439,1.00
395,439,1.00
386,440,1.00
387,440,1.00
388,440,1.00
389,440,1.00
390,440,1.00
391,440,1.00
392,440,1.00
393,440,1.00
394,440,1.00
395,440,1.00
386,441,1.00
387,441,1.00
388,441,1.00
389,441,1.00
390,441,1.00
391,441,1.00
392,441,1.00
393,441,1.00
394,441,1.00
395,441,1.00
386,442,1.00
387,442,1.00
388,442,1.00
389,442,1.00
390,442,1.00
391,442,1.00
392,442,1.00
393,442,1.00
394,442,1.00
395,442,1.00
386,443,1.00
387,443,1.00
388,443,1.00
389,443,1.00
390,443,1.00
391,443,1.00
392,443,1.00
393,443,1.00
394,443,1.00
395,443,1.00
386,444,1.00
387,444,1.00
388,444,1.00
389,444,1.00
390,444,1.00
391,444,1.00
392,444,1.00
393,444,1.00
394,444,0.98
395,444,1.00
386,445,1.00
387,445,1.00
388,445,1.00
389,445,0.99
390,445,0.91
391,445,0.89
392,445,0.86
393,445,0.80
394,445,0.85
395,445,0.87
386,446,1.00
387,446,0.98
388,446,0.93
389,446,0.87
390,446,0.80
391,446,0.71
392,446,0.64
393,446,0.67
394,446,0.71
395,446,0.73
386,447,0.87
387,447,0.85
388,447,0.80
389,447,0.75
390,447,0.68
391,447,0.60
392,447,0.60
393,447,0.60
394,447,0.60
395,447,0.60
386,448,0.43
387,448,0.41
388,448,0.37
389,448,0.32
390,448,0.30
391,448,0.30
392,448,0.30
393,448,0.30
394,448,0.30
395,448,0.30
386,449,0.30
387,449,0.30
388,449,0.30
389,449,0.30
390,449,0.30
391,449,0.30
392,449,0.30
393,449,0.30
394,449,0.30
395,449,0.30
386,427,0.30
387,427,0.30
388,427,0.30
389,427,0.30
390,427,0.30
391,427,0.30
392,427,0.30
393,427,0.30
394,427,0.30
395,427,0.30
396,427,0.30
397,427,0.30
398,427,0.30
399,427,0.60
400,427,0.60
401,427,0.60
402,427,0.61
403,427,0.71
404,427,0.80
405,427,0.87
406,427,0.93
386,428,0.30
387,428,0.30
388,428,0.30
389,428,0.30
390,428,0.30
391,428,0.30
392,428,0.32
393,428,0.37
394,428,0.41
395,428,0.43
396,428,0.44
397,428,0.43
398,428,0.41
399,428,0.67
400,428,0.62
401,428,0.60
402,428,0.71
403,428,0.81
404,428,0.91
405,428,0.99
406,428,1.00
396,429,0.58
397,429,0.57
398,429,0.55
399,429,0.80
400,429,0.75
401,429,0.76
402,429,0.80
403,429,0.91
404,429,1.00
405,429,1.00
406,429,1.00
396,430,0.72
397,430,0.71
398,430,0.68
399,430,0.93
400,430,0.89
401,430,0.94
402,430,0.98
403,430,1.00
404,430,1.00
405,430,1.00
406,430,1.00
396,431,0.86
397,431,0.85
398,431,0.81
399,431,1.00
400,431,1.00
401,431,1.00
402,431,1.00
403,431,1.00
404,431,1.00
405,431,1.00
406,431,1.00
396,432,1.00
397,432,0.99
398,432,0.95
399,432,1.00
400,432,1.00
401,432,1.00
402,432,1.00
403,432,1.00
404,432,1.00
405,432,1.00
406,432,1.00
396,433,1.00
397,433,1.00
398,433,1.00
399,433,1.00
400,433,1.00
401,433,1.00
402,433,1.00
403,433,1.00
404,433,1.00
405,433,1.00
406,433,1.00
396,434,1.00
397,434,1.00
398,434,1.00
399,434,1.00
400,434,1.00
401,434,1.00
402,434,1.00
403,434,1.00
404,434,1.00
405,434,1.00
406,434,1.00
396,435,1.00
397,435,1.00
398,435,1.00
399,435,1.00
400,435,1.00
401,435,1.00
402,435,1.00
403,435,1.00
404,435,1.00
405,435,1.00
406,435,1.00
396,436,1.00
397,436,1.00
398,436,1.00
399,436,1.00
400,436,1.00
401,436,1.00
402,436,1.00
403,436,1.00
404,436,1.00
405,436,1.00
406,436,1.00
396,437,1.00
397,437,1.00
398,437,1.00
399,437,1.00
400,437,1.00
401,437,1.00
402,437,1.00
403,437,1.00
404,437,1.00
405,437,1.00
406,437,1.00
396,438,1.00
397,438,1.00
398,438,1.00
399,438,1.00
400,438,1.00
401,438,1.00
402,438,1.00
403,438,1.00
404,438,1.00
405,438,1.00
406,438,1.00
396,439,1.00
397,439,1.00
398,439,1.00
399,439,1.00
400,439,1.00
401,439,1.00
402,439,1.00
403,439,1.00
404,439,1.00
405,439,1.00
406,439,1.00
396,440,1.00
397,440,1.00
398,440,1.00
399,440,1.00
400,440,1.00
401,440,1.00
402,440,1.00
403,440,1.00
404,440,1.00
405,440,1.00
406,440,1.00
396,441,1.00
397,441,1.00
398,441,1.00
399,441,1.00
400,441,1.00
401,441,1.00
402,441,1.00
403,441,0.98
404,441,0.94
405,441,0.89
406,441,0.93
396,442,1.00
397,442,0.99
398,442,0.95
399,442,1.00
400,442,1.00
401,442,1.00
402,442,0.91
403,442,0.80
404,442,0.76
405,442,0.75
406,442,0.80
396,443,0.86
397,443,0.85
398,443,0.81
399,443,1.00
400,443,0.99
401,443,0.91
402,443,0.81
403,443,0.71
404,443,0.60
405,443,0.62
406,443,0.67
396,444,0.72
397,444,0.71
398,444,0.68
399,444,0.93
400,444,0.87
401,444,0.80
402,444,0.71
403,444,0.61
404,444,0.60
405,444,0.60
406,444,0.60
396,445,0.58
397,445,0.57
398,445,0.55
399,445,0.50
400,445,0.45
401,445,0.38
402,445,0.30
403,445,0.30
404,445,0.30
405,445,0.30
406,445,0.30
396,446,0.44
397,446,0.43
398,446,0.41
399,446,0.37
400,446,0.32
401,446,0.30
402,446,0.30
403,446,0.30
404,446,0.30
405,446,0.30
406,446,0.30
396,447,0.30
397,447,0.30
398,447,0.30
399,447,0.30
400,447,0.30
401,447,0.30
402,447,0.30
403,447,0.30
404,447,0.30
405,447,0.30
406,447,0.30
399,424,0.30
400,424,0.30
401,424,0.30
402,424,0.30
403,424,0.30
404,424,0.30
405,424,0.30
406,424,0.30
407,424,0.30
408,424,0.30
409,424,0.30
410,424,0.30
411,424,0.30
412,424,0.30
413,424,0.30
414,424,0.60
415,424,0.60
416,424,0.60
417,424,0.61
418,424,0.71
419,424,0.80
399,425,0.30
400,425,0.30
401,425,0.30
402,425,0.30
403,425,0.30
404,425,0.30
405,425,0.32
406,425,0.37
407,425,0.41
408,425,0.43
409,425,0.44
410,425,0.43
411,425,0.41
412,425,0.37
413,425,0.32
414,425,0.60
415,425,0.60
416,425,0.60
417,425,0.71
418,425,0.81
419,425,0.91
399,426,0.30
400,426,0.30
401,426,0.30
402,426,0.30
403,426,0.30
404,426,0.38
405,426,0.45
406,426,0.50
407,426,0.55
408,426,0.57
409,426,0.58
410,426,0.57
411,426,0.55
412,426,0.50
413,426,0.45
414,426,0.68
415,426,0.60
416,426,0.68
417,426,0.80
418,426,0.91
419,426,1.00
407,427,0.68
408,427,0.71
409,427,0.72
410,427,0.71
411,427,0.68
412,427,0.63
413,427,0.57
414,427,0.80
415,427,0.73
416,427,0.76
417,427,0.87
418,427,0.99
419,427,1.00
407,428,0.81
408,428,0.85
409,428,0.86
410,428,0.85
411,428,0.81
412,428,0.76
413,428,0.69
414,428,0.91
415,428,0.88
416,428,0.91
417,428,0.93
418,428,1.00
419,428,1.00
407,429,0.95
408,429,0.99
409,429,1.00
410,429,0.99
411,429,0.95
412,429,0.88
413,429,0.80
414,429,1.00
415,429,1.00
416,429,1.00
417,429,1.00
418,429,1.00
419,429,1.00
407,430,1.00
408,430,1.00
409,430,1.00
410,430,1.00
411,430,1.00
412,430,1.00
413,430,0.91
414,430,1.00
415,430,1.00
416,430,1.00
417,430,1.00
418,430,1.00
419,430,1.00
407,431,1.00
408,431,1.00
409,431,1.00
410,431,1.00
411,431,1.00
412,431,1.00
413,431,1.00
414,431,1.00
415,431,1.00
416,431,1.00
417,431,1.00
418,431,1.00
419,431,1.00
407,432,1.00
408,432,1.00
409,432,1.00
410,432,1.00
411,432,1.00
412,432,1.00
413,432,1.00
414,432,1.00
415,432,1.00
416,432,1.00
417,432,1.00
418,432,1.00
419,432,1.00
407,433,1.00
408,433,1.00
409,433,1.00
410,433,1.00
411,433,1.00
412,433,1.00
413,433,1.00
414,433,1.00
415,433,1.00
416,433,1.00
417,433,1.00
418,433,1.00
419,433,1.00
407,434,1.00
408,434,1.00
409,434,1.00
410,434,1.00
411,434,1.00
412,434,1.00
413,434,1.00
414,434,1.00
415,434,1.00
416,434,1.00
417,434,1.00
418,434,1.00
419,434,1.00
407,435,1.00
408,435,1.00
409,435,1.00
410,435,1.00
411,435,1.00
412,435,1.00
413,435,1.00
414,435,1.00
415,435,1.00
416,435,1.00
417,435,1.00
418,435,1.00
419,435,1.00
407,436,1.00
408,436,1.00
409,436,1.00
410,436,1.00
411,436,1.00
412,436,1.00
413,436,1.00
414,436,1.00
415,436,1.00
416,436,1.00
417,436,1.00
418,436,1.00
419,436,1.00
407,437,1.00
408,437,1.00
409,437,1.00
410,437,1.00
411,437,1.00
412,437,1.00
413,437,1.00
414,437,1.00
415,437,1.00
416,437,0.93
417,437,0.91
418,437,0.88
419,437,0.91
407,438,1.00
408,438,1.00
409,438,1.00
410,438,1.00
411,438,1.00
412,438,1.00
413,438,0.91
414,438,1.00
415,438,0.99
416,438,0.87
417,438,0.76
418,438,0.73
419,438,0.80
407,439,0.95
408,439,0.99
409,439,1.00
410,439,0.99
411,439,0.95
412,439,0.88
413,439,0.80
414,439,1.00
415,439,0.91
416,439,0.80
417,439,0.68
418,439,0.60
419,439,0.68
407,440,0.81
408,440,0.85
409,440,0.86
410,440,0.85
411,440,0.81
412,440,0.76
413,440,0.69
414,440,0.91
415,440,0.81
416,440,0.71
417,440,0.60
418,440,0.60
419,440,0.60
407,441,0.68
408,441,0.71
409,441,0.72
410,441,0.71
411,441,0.68
412,441,0.63
413,441,0.57
414,441,0.80
415,441,0.71
416,441,0.61
417,441,0.60
418,441,0.60
419,441,0.60
407,442,0.55
408,442,0.57
409,442,0.58
410,442,0.57
411,442,0.55
412,442,0.50
413,442,0.45
414,442,0.38
415,442,0.30
416,442,0.30
417,442,0.30
418,442,0.30
419,442,0.30
407,443,0.41
408,443,0.43
409,443,0.44
410,443,0.43
411,443,0.41
412,443,0.37
413,443,0.32
414,443,0.30
415,443,0.30
416,443,0.30
417,443,0.30
418,443,0.30
419,443,0.30
407,444,0.30
408,444,0.30
409,444,0.30
410,444,0.30
411,444,0.30
412,444,0.30
413,444,0.30
414,444,0.30
415,444,0.30
416,444,0.30
417,444,0.30
418,444,0.30
419,444,0.30
414,421,0.30
415,421,0.30
416,421,0.30
417,421,0.30
418,421,0.30
419,421,0.30
420,421,0.30
421,421,0.30
422,421,0.30
423,421,0.30
424,421,0.30
425,421,0.30
426,421,0.30
427,421,0.30
428,421,0.30
429,421,0.30
430,421,0.30
431,421,0.30
432,421,0.30
433,421,0.30
434,421,0.30
414,422,0.30
415,422,0.30
416,422,0.30
417,422,0.30
418,422,0.30
419,422,0.30
420,422,0.32
421,422,0.37
422,422,0.41
423,422,0.43
424,422,0.44
425,422,0.43
426,422,0.41
427,422,0.37
428,422,0.32
429,422,0.30
430,422,0.30
431,422,0.30
432,422,0.30
433,422,0.30
434,422,0.30
414,423,0.30
415,423,0.30
416,423,0.30
417,423,0.30
418,423,0.30
419,423,0.38
420,423,0.45
421,423,0.50
422,423,0.55
423,423,0.57
424,423,0.58
425,423,0.57
426,423,0.55
427,423,0.50
428,423,0.45
429,423,0.38
430,423,0.30
431,423,0.30
432,423,0.30
433,423,0.30
434,423,0.30
420,424,0.57
421,424,0.63
422,424,0.68
423,424,0.71
424,424,0.72
425,424,0.71
426,424,0.68
427,424,0.63
428,424,0.57
429,424,0.50
430,424,0.41
431,424,0.31
432,424,0.30
433,424,0.30
434,424,0.30
420,425,0.69
421,425,0.76
422,425,0.81
423,425,0.85
424,425,0.86
425,425,0.85
426,425,0.81
427,425,0.76
428,425,0.69
429,425,0.61
430,425,0.51
431,425,0.41
432,425,0.30
433,425,0.30
434,425,0.30
420,426,0.80
421,426,0.88
422,426,0.95
423,426,0.99
424,426,1.00
425,426,0.99
426,426,0.95
427,426,0.88
428,426,0.80
429,426,0.71
430,426,0.61
431,426,0.50
432,426,0.38
433,426,0.30
434,426,0.30
420,427,0.91
421,427,1.00
422,427,1.00
423,427,1.00
424,427,1.00
425,427,1.00
426,427,1.00
427,427,1.00
428,427,0.91
429,427,0.80
430,427,0.69
431,427,0.57
432,427,0.45
433,427,0.32
434,427,0.30
420,428,1.00
421,428,1.00
422,428,1.00
423,428,1.00
424,428,1.00
425,428,1.00
426,428,1.00
427,428,1.00
428,428,1.00
429,428,0.88
430,428,0.76
431,428,0.63
432,428,0.50
433,428,0.37
434,428,0.30
420,429,1.00
421,429,1.00
422,429,1.00
423,429,1.00
424,429,1.00
425,429,1.00
426,429,1.00
427,429,1.00
428,429,1.00
429,429,0.95
430,429,0.81
431,429,0.68
432,429,0.55
433,429,0.41
434,429,0.30
420,430,1.00
421,430,1.00
422,430,1.00
423,430,1.00
424,430,1.00
425,430,1.00
426,430,1.00
427,430,1.00
428,430,1.00
429,430,0.99
430,430,0.85
431,430,0.71
432,430,0.57
433,430,0.43
434,430,0.30
420,431,1.00
421,431,1.00
422,431,1.00
423,431,1.00
424,431,1.00
425,431,1.00
426,431,1.00
427,431,1.00
428,431,1.00
429,431,1.00
430,431,0.86
431,431,0.72
432,431,0.58
433,431,0.44
434,431,0.30
420,432,1.00
421,432,1.00
422,432,1.00
423,432,1.00
424,432,1.00
425,432,1.00
426,432,1.00
427,432,1.00
428,432,1.00
429,432,0.99
430,432,0.85
431,432,0.71
432,432,0.57
433,432,0.43
434,432,0.30
420,433,1.00
421,433,1.00
422,433,1.00
423,433,1.00
424,433,1.00
425,433,1.00
426,433,1.00
427,433,1.00
428,433,1.00
429,433,0.95
430,433,0.81
431,433,0.68
432,433,0.55
433,433,0.41
434,433,0.30
420,434,1.00
421,434,1.00
422,434,1.00
423,434,1.00
424,434,1.00
425,434,1.00
426,434,1.00
427,434,1.00
428,434,1.00
429,434,0.88
430,434,0.76
431,434,0.63
432,434,0.50
433,434,0.37
434,434,0.30
420,435,0.91
421,435,1.00
422,435,1.00
423,435,1.00
424,435,1.00
425,435,1.00
426,435,1.00
427,435,1.00
428,435,0.91
429,435,0.80
430,435,0.69
431,435,0.57
432,435,0.45
433,435,0.32
434,435,0.30
420,436,0.80
421,436,0.88
422,436,0.95
423,436,0.99
424,436,1.00
425,436,0.99
426,436,0.95
427,436,0.88
428,436,0.80
429,436,0.71
430,436,0.61
431,436,0.50
432,436,0.38
433,436,0.30
434,436,0.30
420,437,0.69
421,437,0.76
422,437,0.81
423,437,0.85
424,437,0.86
425,437,0.85
426,437,0.81
427,437,0.76
428,437,0.69
429,437,0.61
430,437,0.51
431,437,0.41
432,437,0.30
433,437,0.30
434,437,0.30
420,438,0.57
421,438,0.63
422,438,0.68
423,438,0.71
424,438,0.72
425,438,0.71
426,438,0.68
427,438,0.63
428,438,0.57
429,438,0.50
430,438,0.41
431,438,0.31
432,438,0.30
433,438,0.30
434,438,0.30
420,439,0.45
421,439,0.50
422,439,0.55
423,439,0.57
424,439,0.58
425,439,0.57
426,439,0.55
427,439,0.50
428,439,0.45
429,439,0.38
430,439,0.30
431,439,0.30
432,439,0.30
433,439,0.30
434,439,0.30
420,440,0.32
421,440,0.37
422,440,0.41
423,440,0.43
424,440,0.44
425,440,0.43
426,440,0.41
427,440,0.37
428,440,0.32
429,440,0.30
430,440,0.30
431,440,0.30
432,440,0.30
433,440,0.30
434,440,0.30
420,441,0.30
421,441,0.30
422,441,0.30
423,441,0.30
424,441,0.30
425,441,0.30
426,441,0.30
427,441,0.30
428,441,0.30
429,441,0.30
430,441,0.30
431,441,0.30
432,441,0.30
433,441,0.30
434,441,0.30
437,418,0.30
438,418,0.30
439,418,0.30
440,418,0.30
441,418,0.30
442,418,0.30
443,418,0.30
444,418,0.30
445,418,0.30
446,418,0.30
447,418,0.30
448,418,0.30
449,418,0.30
450,418,0.30
451,418,0.60
452,418,0.60
453,418,0.60
454,418,0.61
455,418,0.71
456,418,0.80
457,418,0.87
437,419,0.30
438,419,0.30
439,419,0.30
440,419,0.30
441,419,0.30
442,419,0.30
443,419,0.32
444,419,0.37
445,419,0.41
446,419,0.43
447,419,0.44
448,419,0.43
449,419,0.41
450,419,0.37
451,419,0.62
452,419,0.60
453,419,0.60
454,419,0.71
455,419,0.81
456,419,0.91
457,419,0.99
437,420,0.30
438,420,0.30
439,420,0.30
440,420,0.30
441,420,0.30
442,420,0.38
443,420,0.45
444,420,0.50
445,420,0.55
446,420,0.57
447,420,0.58
448,420,0.57
449,420,0.55
450,420,0.50
451,420,0.75
452,420,0.68
453,420,0.68
454,420,0.80
455,420,0.91
456,420,1.00
457,420,1.00
437,421,0.30
438,421,0.30
439,421,0.30
440,421,0.31
441,421,0.41
442,421,0.50
443,421,0.57
444,421,0.63
445,421,0.68
446,421,0.71
447,421,0.72
448,421,0.71
449,421,0.68
450,421,0.63
451,421,0.87
452,421,0.82
453,421,0.86
454,421,0.89
455,421,0.99
456,421,1.00
457,421,1.00
437,422,0.30
438,422,0.30
439,422,0.30
440,422,0.41
441,422,0.51
442,422,0.61
443,422,0.69
444,422,0.76
445,422,0.81
446,422,0.85
447,422,0.86
448,422,0.85
449,422,0.81
450,422,0.76
451,422,0.99
452,422,0.98
453,422,1.00
454,422,1.00
455,422,1.00
456,422,1.00
457,422,1.00
437,423,0.30
438,423,0.30
439,423,0.38
440,423,0.50
441,423,0.61
442,423,0.71
443,423,0.80
444,423,0.88
445,423,0.95
446,423,0.99
447,423,1.00
448,423,0.99
449,423,0.95
450,423,0.88
451,423,1.00
452,423,1.00
453,423,1.00
454,423,1.00
455,423,1.00
456,423,1.00
457,423,1.00
437,424,0.30
438,424,0.32
439,424,0.45
440,424,0.57
441,424,0.69
442,424,0.80
443,424,0.91
444,424,1.00
445,424,1.00
446,424,1.00
447,424,1.00
448,424,1.00
449,424,1.00
450,424,1.00
451,424,1.00
452,424,1.00
453,424,1.00
454,424,1.00
455,424,1.00
456,424,1.00
457,424,1.00
437,425,0.30
438,425,0.37
439,425,0.50
440,425,0.63
441,425,0.76
442,425,0.88
443,425,1.00
444,425,1.00
445,425,1.00
446,425,1.00
447,425,1.00
448,425,1.00
449,425,1.00
450,425,1.00
451,425,1.00
452,425,1.00
453,425,1.00
454,425,1.00
455,425,1.00
456,425,1.00
457,425,1.00
437,426,0.30
438,426,0.41
439,426,0.55
440,426,0.68
441,426,0.81
442,426,0.95
443,426,1.00
444,426,1.00
445,426,1.00
446,426,1.00
447,426,1.00
448,426,1.00
449,426,1.00
450,426,1.00
451,426,1.00
452,426,1.00
453,426,1.00
454,426,1.00
455,426,1.00
456,426,1.00
457,426,1.00
437,427,0.30
438,427,0.43
439,427,0.57
440,427,0.71
441,427,0.85
442,427,0.99
443,427,1.00
444,427,1.00
445,427,1.00
446,427,1.00
447,427,1.00
448,427,1.00
449,427,1.00
450,427,1.00
451,427,1.00
452,427,1.00
453,427,1.00
454,427,1.00
455,427,1.00
456,427,1.00
457,427,1.00
437,428,0.30
438,428,0.44
439,428,0.58
440,428,0.72
441,428,0.86
442,428,1.00
443,428,1.00
444,428,1.00
445,428,1.00
446,428,1.00
447,428,1.00
448,428,1.00
449,428,1.00
450,428,1.00
451,428,1.00
452,428,1.00
453,428,1.00
454,428,1.00
455,428,1.00
456,428,1.00
457,428,1.00
437,429,0.30
438,429,0.43
439,429,0.57
440,429,0.71
441,429,0.85
442,429,0.99
443,429,1.00
444,429,1.00
445,429,1.00
446,429,1.00
447,429,1.00
448,429,1.00
449,429,1.00
450,429,1.00
451,429,1.00
452,429,1.00
453,429,1.00
454,429,1.00
455,429,1.00
456,429,1.00
457,429,1.00
437,430,0.30
438,430,0.41
439,430,0.55
440,430,0.68
441,430,0.81
442,430,0.95
443,430,1.00
444,430,1.00
445,430,1.00
446,430,1.00
447,430,1.00
448,430,1.00
449,430,1.00
450,430,1.00
451,430,1.00
452,430,1.00
453,430,1.00
454,430,1.00
455,430,1.00
456,430,1.00
457,430,1.00
437,431,0.30
438,431,0.37
439,431,0.50
440,431,0.63
441,431,0.76
442,431,0.88
443,431,1.00
444,431,1.00
445,431,1.00
446,431,1.00
447,431,1.00
448,431,1.00
449,431,1.00
450,431,1.00
451,431,1.00
452,431,1.00
453,431,1.00
454,431,1.00
455,431,1.00
456,431,0.98
457,431,0.99
437,432,0.30
438,432,0.32
439,432,0.45
440,432,0.57
441,432,0.69
442,432,0.80
443,432,0.91
444,432,1.00
445,432,1.00
446,432,1.00
447,432,1.00
448,432,1.00
449,432,1.00
450,432,1.00
451,432,1.00
452,432,1.00
453,432,0.99
454,432,0.89
455,432,0.86
456,432,0.82
457,432,0.87
437,433,0.30
438,433,0.30
439,433,0.38
440,433,0.50
441,433,0.61
442,433,0.71
443,433,0.80
444,433,0.88
445,433,0.95
446,433,0.99
447,433,1.00
448,433,0.99
449,433,0.95
450,433,0.88
451,433,1.00
452,433,1.00
453,433,0.91
454,433,0.80
455,433,0.68
456,433,0.68
457,433,0.75
437,434,0.30
438,434,0.30
439,434,0.30
440,434,0.41
441,434,0.51
442,434,0.61
443,434,0.69
444,434,0.76
445,434,0.81
446,434,0.85
447,434,0.86
448,434,0.85
449,434,0.81
450,434,0.76
451,434,0.99
452,434,0.91
453,434,0.81
454,434,0.71
455,434,0.60
456,434,0.60
457,434,0.62
437,435,0.30
438,435,0.30
439,435,0.30
440,435,0.31
441,435,0.41
442,435,0.50
443,435,0.57
444,435,0.63
445,435,0.68
446,435,0.71
447,435,0.72
448,435,0.71
449,435,0.68
450,435,0.63
451,435,0.87
452,435,0.80
453,435,0.71
454,435,0.61
455,435,0.60
456,435,0.60
457,435,0.60
437,436,0.30
438,436,0.30
439,436,0.30
440,436,0.30
441,436,0.30
442,436,0.38
443,436,0.45
444,436,0.50
445,436,0.55
446,436,0.57
447,436,0.58
448,436,0.57
449,436,0.55
450,436,0.50
451,436,0.45
452,436,0.38
453,436,0.30
454,436,0.30
455,436,0.30
456,436,0.30
457,436,0.30
437,437,0.30
438,437,0.30
439,437,0.30
440,437,0.30
441,437,0.30
442,437,0.30
443,437,0.32
444,437,0.37
445,437,0.41
446,437,0.43
447,437,0.44
448,437,0.43
449,437,0.41
450,437,0.37
451,437,0.32
452,437,0.30
453,437,0.30
454,437,0.30
455,437,0.30
456,437,0.30
457,437,0.30
437,438,0.30
438,438,0.30
439,438,0.30
440,438,0.30
441,438,0.30
442,438,0.30
443,438,0.30
444,438,0.30
445,438,0.30
446,438,0.30
447,438,0.30
448,438,0.30
449,438,0.30
450,438,0.30
451,438,0.30
452,438,0.30
453,438,0.30
454,438,0.30
455,438,0.30
456,438,0.30
457,438,0.30
451,415,0.30
452,415,0.30
453,415,0.30
454,415,0.30
455,415,0.30
456,415,0.30
457,415,0.30
458,415,0.30
459,415,0.30
460,415,0.30
461,415,0.30
462,415,0.30
463,415,0.30
464,415,0.30
465,415,0.30
466,415,0.30
467,415,0.30
468,415,0.60
469,415,0.60
470,415,0.60
471,415,0.60
451,416,0.30
452,416,0.30
453,416,0.30
454,416,0.30
455,416,0.30
456,416,0.30
457,416,0.32
458,416,0.37
459,416,0.41
460,416,0.43
461,416,0.44
462,416,0.43
463,416,0.41
464,416,0.37
465,416,0.32
466,416,0.30
467,416,0.30
468,416,0.60
469,416,0.60
470,416,0.60
471,416,0.61
451,417,0.30
452,417,0.30
453,417,0.30
454,417,0.30
455,417,0.30
456,417,0.38
457,417,0.45
458,417,0.50
459,417,0.55
460,417,0.57
461,417,0.58
462,417,0.57
463,417,0.55
464,417,0.50
465,417,0.45
466,417,0.38
467,417,0.30
468,417,0.60
469,417,0.60
470,417,0.60
471,417,0.71
458,418,0.63
459,418,0.68
460,418,0.71
461,418,0.72
462,418,0.71
463,418,0.68
464,418,0.63
465,418,0.57
466,418,0.50
467,418,0.41
468,418,0.61
469,418,0.60
470,418,0.68
471,418,0.80
458,419,0.76
459,419,0.81
460,419,0.85
461,419,0.86
462,419,0.85
463,419,0.81
464,419,0.76
465,419,0.69
466,419,0.61
467,419,0.51
468,419,0.71
469,419,0.62
470,419,0.75
471,419,0.87
458,420,0.88
459,420,0.95
460,420,0.99
461,420,1.00
462,420,0.99
463,420,0.95
464,420,0.88
465,420,0.80
466,420,0.71
467,420,0.61
468,420,0.80
469,420,0.75
470,420,0.80
471,420,0.93
458,421,1.00
459,421,1.00
460,421,1.00
461,421,1.00
462,421,1.00
463,421,1.00
464,421,1.00
465,421,0.91
466,421,0.80
467,421,0.69
468,421,0.87
469,421,0.86
470,421,0.87
471,421,0.98
458,422,1.00
459,422,1.00
460,422,1.00
461,422,1.00
462,422,1.00
463,422,1.00
464,422,1.00
465,422,1.00
466,422,0.88
467,422,0.76
468,422,0.93
469,422,0.94
470,422,0.94
471,422,1.00
458,423,1.00
459,423,1.00
460,423,1.00
461,423,1.00
462,423,1.00
463,423,1.00
464,423,1.00
465,423,1.00
466,423,0.95
467,423,0.81
468,423,0.98
469,423,0.99
470,423,0.99
471,423,1.00
458,424,1.00
459,424,1.00
460,424,1.00
461,424,1.00
462,424,1.00
463,424,1.00
464,424,1.00
465,424,1.00
466,424,0.99
467,424,0.85
468,424,1.00
469,424,1.00
470,424,1.00
471,424,1.00
458,425,1.00
459,425,1.00
460,425,1.00
461,425,1.00
462,425,1.00
463,425,1.00
464,425,1.00
465,425,1.00
466,425,1.00
467,425,0.86
468,425,1.00
469,425,0.99
470,425,0.99
471,425,0.98
458,426,1.00
459,426,1.00
460,426,1.00
461,426,1.00
462,426,1.00
463,426,1.00
464,426,1.00
465,426,1.00
466,426,0.99
467,426,0.85
468,426,1.00
469,426,0.94
470,426,0.94
471,426,0.93
458,427,1.00
459,427,1.00
460,427,1.00
461,427,1.00
462,427,1.00
463,427,1.00
464,427,1.00
465,427,1.00
466,427,0.95
467,427,0.81
468,427,0.98
469,427,0.87
470,427,0.86
471,427,0.87
458,428,1.00
459,428,1.00
460,428,1.00
461,428,1.00
462,428,1.00
463,428,1.00
464,428,1.00
465,428,1.00
466,428,0.88
467,428,0.76
468,428,0.93
469,428,0.80
470,428,0.75
471,428,0.80
458,429,1.00
459,429,1.00
460,429,1.00
461,429,1.00
462,429,1.00
463,429,1.00
464,429,1.00
465,429,0.91
466,429,0.80
467,429,0.69
468,429,0.87
469,429,0.75
470,429,0.62
471,429,0.71
458,430,0.88
459,430,0.95
460,430,0.99
461,430,1.00
462,430,0.99
463,430,0.95
464,430,0.88
465,430,0.80
466,430,0.71
467,430,0.61
468,430,0.80
469,430,0.68
470,430,0.60
471,430,0.61
458,431,0.76
459,431,0.81
460,431,0.85
461,431,0.86
462,431,0.85
463,431,0.81
464,431,0.76
465,431,0.69
466,431,0.61
467,431,0.51
468,431,0.71
469,431,0.60
470,431,0.60
471,431,0.60
458,432,0.63
459,432,0.68
460,432,0.71
461,432,0.72
462,432,0.71
463,432,0.68
464,432,0.63
465,432,0.57
466,432,0.50
467,432,0.41
468,432,0.61
469,432,0.60
470,432,0.60
471,432,0.60
458,433,0.50
459,433,0.55
460,433,0.57
461,433,0.58
462,433,0.57
463,433,0.55
464,433,0.50
465,433,0.45
466,433,0.38
467,433,0.30
468,433,0.60
469,433,0.60
470,433,0.60
471,433,0.60
458,434,0.37
459,434,0.41
460,434,0.43
461,434,0.44
462,434,0.43
463,434,0.41
464,434,0.37
465,434,0.32
466,434,0.30
467,434,0.30
468,434,0.30
469,434,0.30
470,434,0.30
471,434,0.30
458,435,0.30
459,435,0.30
460,435,0.30
461,435,0.30
462,435,0.30
463,435,0.30
464,435,0.30
465,435,0.30
466,435,0.30
467,435,0.30
468,435,0.30
469,435,0.30
470,435,0.30
471,435,0.30
468,413,0.30
469,413,0.30
470,413,0.30
471,413,0.30
472,413,0.30
473,413,0.30
474,413,0.30
475,413,0.30
476,413,0.30
477,413,0.30
478,413,0.60
479,413,0.60
480,413,0.60
481,413,0.60
482,413,0.60
483,413,0.60
484,413,0.62
485,413,0.67
486,413,0.71
487,413,0.73
488,413,0.74
468,414,0.30
469,414,0.30
470,414,0.30
471,414,0.30
472,414,0.30
473,414,0.30
474,414,0.32
475,414,0.37
476,414,0.41
477,414,0.43
478,414,0.74
479,414,0.73
480,414,0.71
481,414,0.67
482,414,0.62
483,414,0.68
484,414,0.75
485,414,0.80
486,414,0.85
487,414,0.87
488,414,0.88
472,415,0.30
473,415,0.38
474,415,0.45
475,415,0.50
476,415,0.55
477,415,0.57
478,415,0.88
479,415,0.87
480,415,0.85
481,415,0.82
482,415,0.86
483,415,0.87
484,415,0.87
485,415,0.93
486,415,0.98
487,415,1.00
488,415,1.00
472,416,0.41
473,416,0.50
474,416,0.57
475,416,0.63
476,416,0.68
477,416,0.71
478,416,1.00
479,416,1.00
480,416,0.98
481,416,1.00
482,416,1.00
483,416,1.00
484,416,1.00
485,416,1.00
486,416,1.00
487,416,1.00
488,416,1.00
472,417,0.51
473,417,0.61
474,417,0.69
475,417,0.76
476,417,0.81
477,417,0.85
478,417,1.00
479,417,1.00
480,417,1.00
481,417,1.00
482,417,1.00
483,417,1.00
484,417,1.00
485,417,1.00
486,417,1.00
487,417,1.00
488,417,1.00
472,418,0.61
473,418,0.71
474,418,0.80
475,418,0.88
476,418,0.95
477,418,0.99
478,418,1.00
479,418,1.00
480,418,1.00
481,418,1.00
482,418,1.00
483,418,1.00
484,418,1.00
485,418,1.00
486,418,1.00
487,418,1.00
488,418,1.00
472,419,0.69
473,419,0.80
474,419,0.91
475,419,1.00
476,419,1.00
477,419,1.00
478,419,1.00
479,419,1.00
480,419,1.00
481,419,1.00
482,419,1.00
483,419,1.00
484,419,1.00
485,419,1.00
486,419,1.00
487,419,1.00
488,419,1.00
472,420,0.76
473,420,0.88
474,420,1.00
475,420,1.00
476,420,1.00
477,420,1.00
478,420,1.00
479,420,1.00
480,420,1.00
481,420,1.00
482,420,1.00
483,420,1.00
484,420,1.00
485,420,1.00
486,420,1.00
487,420,1.00
488,420,1.00
472,421,0.81
473,421,0.95
474,421,1.00
475,421,1.00
476,421,1.00
477,421,1.00
478,421,1.00
479,421,1.00
480,421,1.00
481,421,1.00
482,421,1.00
483,421,1.00
484,421,1.00
485,421,1.00
486,421,1.00
487,421,1.00
488,421,1.00
472,422,0.85
473,422,0.99
474,422,1.00
475,422,1.00
476,422,1.00
477,422,1.00
478,422,1.00
479,422,1.00
480,422,1.00
481,422,1.00
482,422,1.00
483,422,1.00
484,422,1.00
485,422,1.00
486,422,1.00
487,422,1.00
488,422,1.00
472,423,0.86
473,423,1.00
474,423,1.00
475,423,1.00
476,423,1.00
477,423,1.00
478,423,1.00
479,423,1.00
480,423,1.00
481,423,1.00
482,423,1.00
483,423,1.00
484,423,1.00
485,423,1.00
486,423,1.00
487,423,1.00
488,423,1.00
472,424,0.85
473,424,0.99
474,424,1.00
475,424,1.00
476,424,1.00
477,424,1.00
478,424,1.00
479,424,1.00
480,424,1.00
481,424,1.00
482,424,1.00
483,424,1.00
484,424,1.00
485,424,1.00
486,424,1.00
487,424,1.00
488,424,1.00
472,425,0.81
473,425,0.95
474,425,1.00
475,425,1.00
476,425,1.00
477,425,1.00
478,425,1.00
479,425,1.00
480,425,1.00
481,425,1.00
482,425,1.00
483,425,1.00
484,425,1.00
485,425,1.00
486,425,1.00
487,425,1.00
488,425,1.00
472,426,0.76
473,426,0.88
474,426,1.00
475,426,1.00
476,426,1.00
477,426,1.00
478,426,1.00
479,426,1.00
480,426,1.00
481,426,1.00
482,426,1.00
483,426,1.00
484,426,1.00
485,426,1.00
486,426,1.00
487,426,1.00
488,426,1.00
472,427,0.69
473,427,0.80
474,427,0.91
475,427,1.00
476,427,1.00
477,427,1.00
478,427,1.00
479,427,1.00
480,427,1.00
481,427,1.00
482,427,1.00
483,427,1.00
484,427,1.00
485,427,1.00
486,427,1.00
487,427,1.00
488,427,1.00
472,428,0.61
473,428,0.71
474,428,0.80
475,428,0.88
476,428,0.95
477,428,0.99
478,428,1.00
479,428,1.00
480,428,1.00
481,428,1.00
482,428,1.00
483,428,1.00
484,428,1.00
485,428,1.00
486,428,1.00
487,428,1.00
488,428,1.00
472,429,0.51
473,429,0.61
474,429,0.69
475,429,0.76
476,429,0.81
477,429,0.85
478,429,1.00
479,429,1.00
480,429,1.00
481,429,1.00
482,429,1.00
483,429,1.00
484,429,1.00
485,429,1.00
486,429,0.98
487,429,1.00
488,429,1.00
472,430,0.41
473,430,0.50
474,430,0.57
475,430,0.63
476,430,0.68
477,430,0.71
478,430,1.00
479,430,1.00
480,430,0.98
481,430,0.93
482,430,0.87
483,430,0.87
484,430,0.86
485,430,0.82
486,430,0.85
487,430,0.87
488,430,0.88
472,431,0.30
473,431,0.38
474,431,0.45
475,431,0.50
476,431,0.55
477,431,0.57
478,431,0.88
479,431,0.87
480,431,0.85
481,431,0.80
482,431,0.75
483,431,0.68
484,431,0.62
485,431,0.67
486,431,0.71
487,431,0.73
488,431,0.74
472,432,0.30
473,432,0.30
474,432,0.32
475,432,0.37
476,432,0.41
477,432,0.43
478,432,0.74
479,432,0.73
480,432,0.71
481,432,0.67
482,432,0.62
483,432,0.60
484,432,0.60
485,432,0.60
486,432,0.60
487,432,0.60
488,432,0.60
472,433,0.30
473,433,0.30
474,433,0.30
475,433,0.30
476,433,0.30
477,433,0.30
478,433,0.30
479,433,0.30
480,433,0.30
481,433,0.30
482,433,0.30
483,433,0.30
484,433,0.30
485,433,0.30
486,433,0.30
487,433,0.30
488,433,0.30
478,412,0.30
479,412,0.30
480,412,0.30
481,412,0.30
482,412,0.30
483,412,0.30
484,412,0.30
485,412,0.30
486,412,0.30
487,412,0.30
488,412,0.30
489,412,0.30
490,412,0.30
491,412,0.30
492,412,0.60
493,412,0.60
494,412,0.60
495,412,0.60
496,412,0.90
497,412,0.90
498,412,0.90
489,413,0.43
490,413,0.41
491,413,0.37
492,413,0.62
493,413,0.60
494,413,0.60
495,413,0.60
496,413,0.90
497,413,0.90
498,413,0.92
489,414,0.57
490,414,0.55
491,414,0.50
492,414,0.75
493,414,0.68
494,414,0.60
495,414,0.60
496,414,0.90
497,414,0.98
498,414,1.00
489,415,0.71
490,415,0.68
491,415,0.63
492,415,0.87
493,415,0.80
494,415,0.71
495,415,0.63
496,415,1.00
497,415,1.00
498,415,1.00
489,416,0.85
490,416,0.81
491,416,0.76
492,416,0.99
493,416,0.91
494,416,0.81
495,416,0.82
496,416,1.00
497,416,1.00
498,416,1.00
489,417,0.99
490,417,0.95
491,417,0.88
492,417,1.00
493,417,1.00
494,417,0.99
495,417,0.99
496,417,1.00
497,417,1.00
498,417,1.00
489,418,1.00
490,418,1.00
491,418,1.00
492,418,1.00
493,418,1.00
494,418,1.00
495,418,1.00
496,418,1.00
497,418,1.00
498,418,1.00
489,419,1.00
490,419,1.00
491,419,1.00
492,419,1.00
493,419,1.00
494,419,1.00
495,419,1.00
496,419,1.00
497,419,1.00
498,419,1.00
489,420,1.00
490,420,1.00
491,420,1.00
492,420,1.00
493,420,1.00
494,420,1.00
495,420,1.00
496,420,1.00
497,420,1.00
498,420,1.00
489,421,1.00
490,421,1.00
491,421,1.00
492,421,1.00
493,421,1.00
494,421,1.00
495,421,1.00
496,421,1.00
497,421,1.00
498,421,1.00
489,422,1.00
490,422,1.00
491,422,1.00
492,422,1.00
493,422,1.00
494,422,1.00
495,422,1.00
496,422,1.00
497,422,1.00
498,422,1.00
489,423,1.00
490,423,1.00
491,423,1.00
492,423,1.00
493,423,1.00
494,423,1.00
495,423,1.00
496,423,1.00
497,423,1.00
498,423,1.00
489,424,1.00
490,424,1.00
491,424,1.00
492,424,1.00
493,424,1.00
494,424,1.00
495,424,1.00
496,424,1.00
497,424,1.00
498,424,1.00
489,425,1.00
490,425,1.00
491,425,1.00
492,425,1.00
493,425,1.00
494,425,1.00
495,425,1.00
496,425,1.00
497,425,1.00
498,425,1.00
489,426,1.00
490,426,1.00
491,426,1.00
492,426,1.00
493,426,1.00
494,426,1.00
495,426,1.00
496,426,1.00
497,426,1.00
498,426,1.00
489,427,0.99
490,427,0.95
491,427,0.88
492,427,1.00
493,427,1.00
494,427,0.99
495,427,0.99
496,427,1.00
497,427,1.00
498,427,1.00
489,428,0.85
490,428,0.81
491,428,0.76
492,428,0.99
493,428,0.91
494,428,0.81
495,428,0.82
496,428,1.00
497,428,1.00
498,428,1.00
489,429,0.71
490,429,0.68
491,429,0.63
492,429,0.87
493,429,0.80
494,429,0.71
495,429,0.63
496,429,1.00
497,429,1.00
498,429,1.00
489,430,0.57
490,430,0.55
491,430,0.50
492,430,0.75
493,430,0.68
494,430,0.60
495,430,0.60
496,430,0.90
497,430,0.98
498,430,1.00
489,431,0.43
490,431,0.41
491,431,0.37
492,431,0.62
493,431,0.60
494,431,0.60
495,431,0.60
496,431,0.90
497,431,0.90
498,431,0.92
489,432,0.30
490,432,0.30
491,432,0.30
492,432,0.60
493,432,0.60
494,432,0.60
495,432,0.60
496,432,0.90
497,432,0.90
498,432,0.90
499,412,0.60
500,412,0.60
501,412,0.60
502,412,0.60
503,412,0.60
504,412,0.60
505,412,0.60
506,412,0.90
507,412,0.90
508,412,0.90
509,412,0.90
510,412,0.90
511,412,0.98
512,412,1.00
499,413,0.67
500,413,0.71
501,413,0.73
502,413,0.76
503,413,0.80
504,413,0.82
505,413,0.80
506,413,1.00
507,413,1.00
508,413,1.00
509,413,0.99
510,413,1.00
511,413,1.00
512,413,1.00
499,414,0.80
500,414,0.85
501,414,0.95
502,414,1.00
503,414,1.00
504,414,1.00
505,414,1.00
506,414,1.00
507,414,1.00
508,414,1.00
509,414,1.00
510,414,1.00
511,414,1.00
512,414,1.00
499,415,0.95
500,415,1.00
501,415,1.00
502,415,1.00
503,415,1.00
504,415,1.00
505,415,1.00
506,415,1.00
507,415,1.00
508,415,1.00
509,415,1.00
510,415,1.00
511,415,1.00
512,415,1.00
499,416,1.00
500,416,1.00
501,416,1.00
502,416,1.00
503,416,1.00
504,416,1.00
505,416,1.00
506,416,1.00
507,416,1.00
508,416,1.00
509,416,1.00
510,416,1.00
511,416,1.00
512,416,1.00
499,417,1.00
500,417,1.00
501,417,1.00
502,417,1.00
503,417,1.00
504,417,1.00
505,417,1.00
506,417,1.00
507,417,1.00
508,417,1.00
509,417,1.00
510,417,1.00
511,417,1.00
512,417,1.00
499,418,1.00
500,418,1.00
501,418,1.00
502,418,1.00
503,418,1.00
504,418,1.00
505,418,1.00
506,418,1.00
507,418,1.00
508,418,1.00
509,418,1.00
510,418,1.00
511,418,1.00
512,418,1.00
499,419,1.00
500,419,1.00
501,419,1.00
502,419,1.00
503,419,1.00
504,419,1.00
505,419,1.00
506,419,1.00
507,419,1.00
508,419,1.00
509,419,1.00
510,419,1.00
511,419,1.00
512,419,1.00
499,420,1.00
500,420,1.00
501,420,1.00
502,420,1.00
503,420,1.00
504,420,1.00
505,420,1.00
506,420,1.00
507,420,1.00
508,420,1.00
509,420,1.00
510,420,1.00
511,420,1.00
512,420,1.00
499,421,1.00
500,421,1.00
501,421,1.00
502,421,1.00
503,421,1.00
504,421,1.00
505,421,1.00
506,421,1.00
507,421,1.00
508,421,1.00
509,421,1.00
510,421,1.00
511,421,1.00
512,421,1.00
499,422,1.00
500,422,1.00
501,422,1.00
502,422,1.00
503,422,1.00
504,422,1.00
505,422,1.00
506,422,1.00
507,422,1.00
508,422,1.00
509,422,1.00
510,422,1.00
511,422,1.00
512,422,1.00
499,423,1.00
500,423,1.00
501,423,1.00
502,423,1.00
503,423,1.00
504,423,1.00
505,423,1.00
506,423,1.00
507,423,1.00
508,423,1.00
509,423,1.00
510,423,1.00
511,423,1.00
512,423,1.00
499,424,1.00
500,424,1.00
501,424,1.00
502,424,1.00
503,424,1.00
504,424,1.00
505,424,1.00
506,424,1.00
507,424,1.00
508,424,1.00
509,424,1.00
510,424,1.00
511,424,1.00
512,424,1.00
499,425,1.00
500,425,1.00
501,425,1.00
502,425,1.00
503,425,1.00
504,425,1.00
505,425,1.00
506,425,1.00
507,425,1.00
508,425,1.00
509,425,1.00
510,425,1.00
511,425,1.00
512,425,1.00
499,426,1.00
500,426,1.00
501,426,1.00
502,426,1.00
503,426,1.00
504,426,1.00
505,426,1.00
506,426,1.00
507,426,1.00
508,426,1.00
509,426,1.00
510,426,1.00
511,426,1.00
512,426,1.00
499,427,1.00
500,427,1.00
501,427,1.00
502,427,1.00
503,427,1.00
504,427,1.00
505,427,1.00
506,427,1.00
507,427,1.00
508,427,1.00
509,427,1.00
510,427,1.00
511,427,1.00
512,427,1.00
499,428,1.00
500,428,1.00
501,428,1.00
502,428,1.00
503,428,1.00
504,428,1.00
505,428,1.00
506,428,1.00
507,428,1.00
508,428,1.00
509,428,1.00
510,428,1.00
511,428,1.00
512,428,1.00
499,429,0.95
500,429,1.00
501,429,1.00
502,429,1.00
503,429,1.00
504,429,1.00
505,429,1.00
506,429,1.00
507,429,1.00
508,429,1.00
509,429,1.00
510,429,1.00
511,429,1.00
512,429,1.00
499,430,0.80
500,430,0.85
501,430,0.95
502,430,1.00
503,430,1.00
504,430,1.00
505,430,1.00
506,430,1.00
507,430,1.00
508,430,1.00
509,430,1.00
510,430,1.00
511,430,0.98
512,430,0.90
499,431,0.67
500,431,0.71
501,431,0.73
502,431,0.76
503,431,0.80
504,431,0.82
505,431,0.80
506,431,0.76
507,431,0.73
508,431,0.71
509,431,0.67
510,431,0.62
511,431,0.60
512,431,0.60
499,432,0.60
500,432,0.60
501,432,0.60
502,432,0.60
503,432,0.60
504,432,0.60
505,432,0.60
506,432,0.60
507,432,0.60
508,432,0.60
509,432,0.60
510,432,0.60
511,432,0.60
512,432,0.60
513,412,1.00
514,412,1.00
515,412,1.00
516,412,1.00
513,413,1.00
514,413,1.00
515,413,1.00
516,413,1.00
513,414,1.00
514,414,1.00
515,414,1.00
516,414,1.00
513,415,1.00
514,415,1.00
515,415,1.00
516,415,1.00
513,416,1.00
514,416,1.00
515,416,1.00
516,416,1.00
513,417,1.00
514,417,1.00
515,417,1.00
516,417,1.00
513,418,1.00
514,418,1.00
515,418,1.00
516,418,1.00
513,419,1.00
514,419,1.00
515,419,1.00
516,419,1.00
513,420,1.00
514,420,1.00
515,420,1.00
516,420,1.00
513,421,1.00
514,421,1.00
515,421,1.00
516,421,1.00
513,422,1.00
514,422,1.00
515,422,1.00
516,422,1.00
513,423,1.00
514,423,1.00
515,423,1.00
516,423,1.00
513,424,1.00
514,424,1.00
515,424,1.00
516,424,1.00
513,425,1.00
514,425,1.00
515,425,1.00
516,425,1.00
513,426,1.00
514,426,1.00
515,426,1.00
516,426,1.00
513,427,1.00
514,427,1.00
515,427,1.00
516,427,1.00
513,428,1.00
514,428,1.00
515,428,1.00
516,428,1.00
513,429,0.99
514,429,1.00
515,429,1.00
516,429,1.00
513,430,0.60
514,430,0.60
515,430,0.60
516,430,0.60
513,431,0.30
514,431,0.30
515,431,0.30
516,431,0.30
513,432,0.30
514,432,0.30
515,432,0.30
516,432,0.30
506,410,0.30
507,410,0.30
508,410,0.30
509,410,0.30
510,410,0.30
511,410,0.30
512,410,0.30
513,410,0.60
514,410,0.60
515,410,0.60
516,410,0.60
517,410,0.60
518,410,0.60
519,410,0.62
520,410,0.97
521,410,1.00
522,410,1.00
523,410,1.00
524,410,1.00
525,410,1.00
526,410,1.00
506,411,0.30
507,411,0.30
508,411,0.30
509,411,0.30
510,411,0.30
511,411,0.30
512,411,0.32
513,411,0.67
514,411,0.71
515,411,0.73
516,411,0.74
517,411,0.73
518,411,0.79
519,411,0.82
520,411,1.00
521,411,1.00
522,411,1.00
523,411,1.00
524,411,1.00
525,411,1.00
526,411,1.00
517,412,0.98
518,412,1.00
519,412,1.00
520,412,1.00
521,412,1.00
522,412,1.00
523,412,1.00
524,412,1.00
525,412,1.00
526,412,1.00
517,413,1.00
518,413,1.00
519,413,1.00
520,413,1.00
521,413,1.00
522,413,1.00
523,413,1.00
524,413,1.00
525,413,1.00
526,413,1.00
517,414,1.00
518,414,1.00
519,414,1.00
520,414,1.00
521,414,1.00
522,414,1.00
523,414,1.00
524,414,1.00
525,414,1.00
526,414,1.00
517,415,1.00
518,415,1.00
519,415,1.00
520,415,1.00
521,415,1.00
522,415,1.00
523,415,1.00
524,415,1.00
525,415,1.00
526,415,1.00
517,416,1.00
518,416,1.00
519,416,1.00
520,416,1.00
521,416,1.00
522,416,1.00
523,416,1.00
524,416,1.00
525,416,1.00
526,416,1.00
517,417,1.00
518,417,1.00
519,417,1.00
520,417,1.00
521,417,1.00
522,417,1.00
523,417,1.00
524,417,1.00
525,417,1.00
526,417,1.00
517,418,1.00
518,418,1.00
519,418,1.00
520,418,1.00
521,418,1.00
522,418,1.00
523,418,1.00
524,418,1.00
525,418,1.00
526,418,1.00
517,419,1.00
518,419,1.00
519,419,1.00
520,419,1.00
521,419,1.00
522,419,1.00
523,419,1.00
524,419,1.00
525,419,1.00
526,419,1.00
517,420,1.00
518,420,1.00
519,420,1.00
520,420,1.00
521,420,1.00
522,420,1.00
523,420,1.00
524,420,1.00
525,420,1.00
526,420,1.00
517,421,1.00
518,421,1.00
519,421,1.00
520,421,1.00
521,421,1.00
522,421,1.00
523,421,1.00
524,421,1.00
525,421,1.00
526,421,1.00
517,422,1.00
518,422,1.00
519,422,1.00
520,422,1.00
521,422,1.00
522,422,1.00
523,422,1.00
524,422,1.00
525,422,1.00
526,422,1.00
517,423,1.00
518,423,1.00
519,423,1.00
520,423,1.00
521,423,1.00
522,423,1.00
523,423,1.00
524,423,1.00
525,423,1.00
526,423,1.00
517,424,1.00
518,424,1.00
519,424,1.00
520,424,1.00
521,424,1.00
522,424,1.00
523,424,1.00
524,424,1.00
525,424,1.00
526,424,1.00
517,425,1.00
518,425,1.00
519,425,1.00
520,425,1.00
521,425,1.00
522,425,1.00
523,425,1.00
524,425,1.00
525,425,1.00
526,425,1.00
517,426,1.00
518,426,1.00
519,426,1.00
520,426,1.00
521,426,1.00
522,426,1.00
523,426,1.00
524,426,1.00
525,426,1.00
526,426,1.00
517,427,1.00
518,427,1.00
519,427,1.00
520,427,1.00
521,427,1.00
522,427,1.00
523,427,1.00
524,427,1.00
525,427,1.00
526,427,1.00
517,428,0.87
518,428,0.85
519,428,0.82
520,428,1.00
521,428,1.00
522,428,1.00
523,428,1.00
524,428,1.00
525,428,1.00
526,428,0.97
517,429,0.73
518,429,0.71
519,429,0.67
520,429,0.62
521,429,0.60
522,429,0.60
523,429,0.60
524,429,0.60
525,429,0.60
526,429,0.60
517,430,0.30
518,430,0.30
519,430,0.30
520,430,0.30
521,430,0.30
522,430,0.30
523,430,0.30
524,430,0.30
525,430,0.30
526,430,0.30
513,409,0.30
514,409,0.30
515,409,0.30
516,409,0.30
517,409,0.30
518,409,0.30
519,409,0.30
520,409,0.60
521,409,0.60
522,409,0.60
523,409,0.60
524,409,0.60
525,409,0.60
526,409,0.92
527,409,0.97
528,409,1.00
529,409,1.00
530,409,1.00
531,409,1.00
532,409,1.00
533,409,1.00
527,410,1.00
528,410,1.00
529,410,1.00
530,410,1.00
531,410,1.00
532,410,1.00
533,410,1.00
527,411,1.00
528,411,1.00
529,411,1.00
530,411,1.00
531,411,1.00
532,411,1.00
533,411,1.00
527,412,1.00
528,412,1.00
529,412,1.00
530,412,1.00
531,412,1.00
532,412,1.00
533,412,1.00
527,413,1.00
528,413,1.00
529,413,1.00
530,413,1.00
531,413,1.00
532,413,1.00
533,413,1.00
527,414,1.00
528,414,1.00
529,414,1.00
530,414,1.00
531,414,1.00
532,414,1.00
533,414,1.00
527,415,1.00
528,415,1.00
529,415,1.00
530,415,1.00
531,415,1.00
532,415,1.00
533,415,1.00
527,416,1.00
528,416,1.00
529,416,1.00
530,416,1.00
531,416,1.00
532,416,1.00
533,416,1.00
527,417,1.00
528,417,1.00
529,417,1.00
530,417,1.00
531,417,1.00
532,417,1.00
533,417,1.00
527,418,1.00
528,418,1.00
529,418,1.00
530,418,1.00
531,418,1.00
532,418,1.00
533,418,1.00
527,419,1.00
528,419,1.00
529,419,1.00
530,419,1.00
531,419,1.00
532,419,1.00
533,419,1.00
527,420,1.00
528,420,1.00
529,420,1.00
530,420,1.00
531,420,1.00
532,420,1.00
533,420,1.00
527,421,1.00
528,421,1.00
529,421,1.00
530,421,1.00
531,421,1.00
532,421,1.00
533,421,1.00
527,422,1.00
528,422,1.00
529,422,1.00
530,422,1.00
531,422,1.00
532,422,1.00
533,422,1.00
527,423,1.00
528,423,1.00
529,423,1.00
530,423,1.00
531,423,1.00
532,423,1.00
533,423,1.00
527,424,1.00
528,424,1.00
529,424,1.00
530,424,1.00
531,424,1.00
532,424,1.00
533,424,1.00
527,425,1.00
528,425,1.00
529,425,1.00
530,425,1.00
531,425,1.00
532,425,1.00
533,425,1.00
527,426,1.00
528,426,1.00
529,426,1.00
530,426,1.00
531,426,1.00
532,426,1.00
533,426,1.00
527,427,1.00
528,427,1.00
529,427,1.00
530,427,1.00
531,427,1.00
532,427,1.00
533,427,0.97
527,428,0.62
528,428,0.60
529,428,0.60
530,428,0.60
531,428,0.60
532,428,0.60
533,428,0.60
527,429,0.30
528,429,0.30
529,429,0.30
530,429,0.30
531,429,0.30
532,429,0.30
533,429,0.30
520,408,0.30
521,408,0.30
522,408,0.30
523,408,0.30
524,408,0.30
525,408,0.30
526,408,0.60
527,408,0.60
528,408,0.60
529,408,0.60
530,408,0.60
531,408,0.60
532,408,0.62
533,408,0.97
534,408,1.00
535,408,1.00
536,408,1.00
537,408,1.00
538,408,1.00
539,408,1.00
540,408,1.00
534,409,1.00
535,409,1.00
536,409,1.00
537,409,1.00
538,409,1.00
539,409,1.00
540,409,1.00
534,410,1.00
535,410,1.00
536,410,1.00
537,410,1.00
538,410,1.00
539,410,1.00
540,410,1.00
534,411,1.00
535,411,1.00
536,411,1.00
537,411,1.00
538,411,1.00
539,411,1.00
540,411,1.00
534,412,1.00
535,412,1.00
536,412,1.00
537,412,1.00
538,412,1.00
539,412,1.00
540,412,1.00
534,413,1.00
535,413,1.00
536,413,1.00
537,413,1.00
538,413,1.00
539,413,1.00
540,413,1.00
534,414,1.00
535,414,1.00
536,414,1.00
537,414,1.00
538,414,1.00
539,414,1.00
540,414,1.00
534,415,1.00
535,415,1.00
536,415,1.00
537,415,1.00
538,415,1.00
539,415,1.00
540,415,1.00
534,416,1.00
535,416,1.00
536,416,1.00
537,416,1.00
538,416,1.00
539,416,1.00
540,416,1.00
534,417,1.00
535,417,1.00
536,417,1.00
537,417,1.00
538,417,1.00
539,417,1.00
540,417,1.00
534,418,1.00
535,418,1.00
536,418,1.00
537,418,1.00
538,418,1.00
539,418,1.00
540,418,1.00
534,419,1.00
535,419,1.00
536,419,1.00
537,419,1.00
538,419,1.00
539,419,1.00
540,419,1.00
534,420,1.00
535,420,1.00
536,420,1.00
537,420,1.00
538,420,1.00
539,420,1.00
540,420,1.00
534,421,1.00
535,421,1.00
536,421,1.00
537,421,1.00
538,421,1.00
539,421,1.00
540,421,1.00
534,422,1.00
535,422,1.00
536,422,1.00
537,422,1.00
538,422,1.00
539,422,1.00
540,422,1.00
534,423,1.00
535,423,1.00
536,423,1.00
537,423,1.00
538,423,1.00
539,423,1.00
540,423,1.00
534,424,1.00
535,424,1.00
536,424,1.00
537,424,1.00
538,424,1.00
539,424,1.00
540,424,1.00
534,425,1.00
535,425,1.00
536,425,1.00
537,425,1.00
538,425,1.00
539,425,1.00
540,425,1.00
534,426,0.86
535,426,0.81
536,426,0.74
537,426,0.73
538,426,0.71
539,426,0.67
540,426,0.62
534,427,0.62
535,427,0.60
536,427,0.60
537,427,0.60
538,427,0.60
539,427,0.60
540,427,0.60
534,428,0.30
535,428,0.30
536,428,0.30
537,428,0.30
538,428,0.30
539,428,0.30
540,428,0.30
526,407,0.30
527,407,0.30
528,407,0.30
529,407,0.30
530,407,0.30
531,407,0.30
532,407,0.30
533,407,0.60
534,407,0.60
535,407,0.60
536,407,0.60
537,407,0.60
538,407,0.98
539,407,1.00
540,407,1.00
541,407,1.00
542,407,1.00
543,407,1.00
544,407,1.00
545,407,1.00
546,407,1.00
541,408,1.00
542,408,1.00
543,408,1.00
544,408,1.00
545,408,1.00
546,408,1.00
541,409,1.00
542,409,1.00
543,409,1.00
544,409,1.00
545,409,1.00
546,409,1.00
541,410,1.00
542,410,1.00
543,410,1.00
544,410,1.00
545,410,1.00
546,410,1.00
541,411,1.00
542,411,1.00
543,411,1.00
544,411,1.00
545,411,1.00
546,411,1.00
541,412,1.00
542,412,1.00
543,412,1.00
544,412,1.00
545,412,1.00
546,412,1.00
541,413,1.00
542,413,1.00
543,413,1.00
544,413,1.00
545,413,1.00
546,413,1.00
541,414,1.00
542,414,1.00
543,414,1.00
544,414,1.00
545,414,1.00
546,414,1.00
541,415,1.00
542,415,1.00
543,415,1.00
544,415,1.00
545,415,1.00
546,415,1.00
541,416,1.00
542,416,1.00
543,416,1.00
544,416,1.00
545,416,1.00
546,416,1.00
541,417,1.00
542,417,1.00
543,417,1.00
544,417,1.00
545,417,1.00
546,417,1.00
541,418,1.00
542,418,1.00
543,418,1.00
544,418,1.00
545,418,1.00
546,418,1.00
541,419,1.00
542,419,1.00
543,419,1.00
544,419,1.00
545,419,1.00
546,419,1.00
541,420,1.00
542,420,1.00
543,420,1.00
544,420,1.00
545,420,1.00
546,420,1.00
541,421,1.00
542,421,1.00
543,421,1.00
544,421,1.00
545,421,1.00
546,421,1.00
541,422,1.00
542,422,1.00
543,422,1.00
544,422,1.00
545,422,1.00
546,422,1.00
541,423,1.00
542,423,1.00
543,423,1.00
544,423,1.00
545,423,1.00
546,423,1.00
541,424,1.00
542,424,1.00
543,424,1.00
544,424,1.00
545,424,1.00
546,424,1.00
541,425,0.68
542,425,0.60
543,425,0.60
544,425,0.60
545,425,0.60
546,425,0.60
541,426,0.30
542,426,0.30
543,426,0.30
544,426,0.30
545,426,0.30
546,426,0.30
541,427,0.30
542,427,0.30
543,427,0.30
544,427,0.30
545,427,0.30
546,427,0.30
538,406,0.60
539,406,0.62
540,406,0.67
541,406,0.71
542,406,1.00
543,406,1.00
544,406,1.00
545,406,1.00
546,406,1.00
547,406,1.00
548,406,1.00
549,406,1.00
550,406,1.00
551,406,1.00
552,406,1.00
553,406,1.00
547,407,1.00
548,407,1.00
549,407,1.00
550,407,1.00
551,407,1.00
552,407,1.00
553,407,1.00
547,408,1.00
548,408,1.00
549,408,1.00
550,408,1.00
551,408,1.00
552,408,1.00
553,408,1.00
547,409,1.00
548,409,1.00
549,409,1.00
550,409,1.00
551,409,1.00
552,409,1.00
553,409,1.00
547,410,1.00
548,410,1.00
549,410,1.00
550,410,1.00
551,410,1.00
552,410,1.00
553,410,1.00
547,411,1.00
548,411,1.00
549,411,1.00
550,411,1.00
551,411,1.00
552,411,1.00
553,411,1.00
547,412,1.00
548,412,1.00
549,412,1.00
550,412,1.00
551,412,1.00
552,412,1.00
553,412,1.00
547,413,1.00
548,413,1.00
549,413,1.00
550,413,1.00
551,413,1.00
552,413,1.00
553,413,1.00
547,414,1.00
548,414,1.00
549,414,1.00
550,414,1.00
551,414,1.00
552,414,1.00
553,414,1.00
547,415,1.00
548,415,1.00
549,415,1.00
550,415,1.00
551,415,1.00
552,415,1.00
553,415,1.00
547,416,1.00
548,416,1.00
549,416,1.00
550,416,1.00
551,416,1.00
552,416,1.00
553,416,1.00
547,417,1.00
548,417,1.00
549,417,1.00
550,417,1.00
551,417,1.00
552,417,1.00
553,417,1.00
547,418,1.00
548,418,1.00
549,418,1.00
550,418,1.00
551,418,1.00
552,418,1.00
553,418,1.00
547,419,1.00
548,419,1.00
549,419,1.00
550,419,1.00
551,419,1.00
552,419,1.00
553,419,1.00
547,420,1.00
548,420,1.00
549,420,1.00
550,420,1.00
551,420,1.00
552,420,1.00
553,420,1.00
547,421,1.00
548,421,1.00
549,421,1.00
550,421,1.00
551,421,1.00
552,421,1.00
553,421,1.00
547,422,1.00
548,422,1.00
549,422,1.00
550,422,1.00
551,422,1.00
552,422,1.00
553,422,1.00
547,423,1.00
548,423,1.00
549,423,1.00
550,423,1.00
551,423,1.00
552,423,1.00
553,423,1.00
547,424,1.00
548,424,1.00
549,424,1.00
550,424,1.00
551,424,1.00
552,424,1.00
553,424,1.00
547,425,0.30
548,425,0.30
549,425,0.30
550,425,0.30
551,425,0.30
552,425,0.30
553,425,0.30
555,405,1.00
556,405,1.00
557,405,1.00
558,405,1.00
554,406,1.00
555,406,1.00
556,406,1.00
557,406,1.00
558,406,1.00
554,407,1.00
555,407,1.00
556,407,1.00
557,407,1.00
558,407,1.00
554,408,1.00
555,408,1.00
556,408,1.00
557,408,1.00
558,408,1.00
554,409,1.00
555,409,1.00
556,409,1.00
557,409,1.00
558,409,1.00
554,410,1.00
555,410,1.00
556,410,1.00
557,410,1.00
558,410,1.00
554,411,1.00
555,411,1.00
556,411,1.00
557,411,1.00
558,411,1.00
554,412,1.00
555,412,1.00
556,412,1.00
557,412,1.00
558,412,1.00
554,413,1.00
555,413,1.00
556,413,1.00
557,413,1.00
558,413,1.00
554,414,1.00
555,414,1.00
556,414,1.00
557,414,1.00
558,414,1.00
554,415,1.00
555,415,1.00
556,415,1.00
557,415,1.00
558,415,1.00
554,416,1.00
555,416,1.00
556,416,1.00
557,416,1.00
558,416,1.00
554,417,1.00
555,417,1.00
556,417,1.00
557,417,1.00
558,417,1.00
554,418,1.00
555,418,1.00
556,418,1.00
557,418,1.00
558,418,1.00
554,419,1.00
555,419,1.00
556,419,1.00
557,419,1.00
558,419,1.00
554,420,1.00
555,420,1.00
556,420,1.00
557,420,1.00
558,420,1.00
554,421,1.00
555,421,1.00
556,421,1.00
557,421,1.00
558,421,1.00
554,422,1.00
555,422,1.00
556,422,1.00
557,422,1.00
558,422,1.00
554,423,1.00
555,423,1.00
556,423,1.00
557,423,1.00
558,423,1.00
554,424,0.90
555,424,0.90
556,424,0.90
557,424,0.90
558,424,0.90
561,404,1.00
562,404,1.00
559,405,1.00
560,405,1.00
561,405,1.00
562,405,1.00
559,406,1.00
560,406,1.00
561,406,1.00
562,406,1.00
559,407,1.00
560,407,1.00
561,407,1.00
562,407,1.00
559,408,1.00
560,408,1.00
561,408,1.00
562,408,1.00
559,409,1.00
560,409,1.00
561,409,1.00
562,409,1.00
559,410,1.00
560,410,1.00
561,410,1.00
562,410,1.00
559,411,1.00
560,411,1.00
561,411,1.00
562,411,1.00
559,412,1.00
560,412,1.00
561,412,1.00
562,412,1.00
559,413,1.00
560,413,1.00
561,413,1.00
562,413,1.00
559,414,1.00
560,414,1.00
561,414,1.00
562,414,1.00
559,415,1.00
560,415,1.00
561,415,1.00
562,415,1.00
559,416,1.00
560,416,1.00
561,416,1.00
562,416,1.00
559,417,1.00
560,417,1.00
561,417,1.00
562,417,1.00
559,418,1.00
560,418,1.00
561,418,1.00
562,418,1.00
559,419,1.00
560,419,1.00
561,419,1.00
562,419,1.00
559,420,1.00
560,420,1.00
561,420,1.00
562,420,1.00
559,421,1.00
560,421,1.00
561,421,1.00
562,421,1.00
559,422,1.00
560,422,1.00
561,422,1.00
562,422,1.00
559,423,1.00
560,423,1.00
561,423,1.00
562,423,1.00
559,424,0.60
560,424,0.60
561,424,0.60
562,424,0.60
563,404,1.00
564,404,1.00
565,404,1.00
566,404,1.00
563,405,1.00
564,405,1.00
565,405,1.00
566,405,1.00
563,406,1.00
564,406,1.00
565,406,1.00
566,406,1.00
563,407,1.00
564,407,1.00
565,407,1.00
566,407,1.00
563,408,1.00
564,408,1.00
565,408,1.00
566,408,1.00
563,409,1.00
564,409,1.00
565,409,1.00
566,409,1.00
563,410,1.00
564,410,1.00
565,410,1.00
566,410,1.00
563,411,1.00
564,411,1.00
565,411,1.00
566,411,1.00
563,412,1.00
564,412,1.00
565,412,1.00
566,412,1.00
563,413,1.00
564,413,1.00
565,413,1.00
566,413,1.00
563,414,1.00
564,414,1.00
565,414,1.00
566,414,1.00
563,415,1.00
564,415,1.00
565,415,1.00
566,415,1.00
563,416,1.00
564,416,1.00
565,416,1.00
566,416,1.00
563,417,1.00
564,417,1.00
565,417,1.00
566,417,1.00
563,418,1.00
564,418,1.00
565,418,1.00
566,418,1.00
563,419,1.00
564,419,1.00
565,419,1.00
566,419,1.00
563,420,1.00
564,420,1.00
565,420,1.00
566,420,1.00
563,421,1.00
564,421,1.00
565,421,1.00
566,421,1.00
563,422,1.00
564,422,1.00
565,422,1.00
566,422,1.00
563,423,1.00
564,423,1.00
565,423,1.00
566,423,1.00
563,424,0.30
564,424,0.30
565,424,0.30
566,424,0.30
561,403,0.90
562,403,0.90
563,403,0.90
564,403,0.90
565,403,0.90
566,403,0.90
567,403,0.90
568,403,0.90
569,403,0.90
567,404,0.90
568,404,0.90
569,404,0.90
567,405,0.90
568,405,0.90
569,405,0.90
567,406,0.93
568,406,0.90
569,406,0.90
567,407,1.00
568,407,0.90
569,407,0.90
567,408,1.00
568,408,1.00
569,408,0.90
567,409,1.00
568,409,1.00
569,409,0.94
567,410,1.00
568,410,1.00
569,410,1.00
567,411,1.00
568,411,1.00
569,411,1.00
567,412,1.00
568,412,1.00
569,412,1.00
567,413,1.00
568,413,1.00
569,413,1.00
567,414,1.00
568,414,1.00
569,414,1.00
567,415,1.00
568,415,1.00
569,415,1.00
567,416,1.00
568,416,1.00
569,416,1.00
567,417,1.00
568,417,1.00
569,417,0.94
567,418,1.00
568,418,1.00
569,418,0.90
567,419,1.00
568,419,0.90
569,419,0.90
567,420,0.93
568,420,0.90
569,420,0.90
567,421,0.90
568,421,0.90
569,421,0.90
567,422,0.90
568,422,0.90
569,422,0.90
567,423,0.90
568,423,0.90
569,423,0.90
570,403,0.60
570,404,0.60
570,405,0.60
570,406,0.60
570,407,0.60
570,408,0.60
570,409,0.60
570,410,0.60
570,411,0.60
570,412,0.60
570,413,0.60
570,414,0.60
570,415,0.60
570,416,0.60
570,417,0.60
570,418,0.60
570,419,0.60
570,420,0.60
570,421,0.60
570,422,0.60
570,423,0.60

