562,512,1.00
563,512,1.00
564,512,1.00
565,512,1.00
566,512,1.00
567,512,1.00
568,512,1.00
569,512,1.00
570,512,1.00
571,512,1.00
572,512,1.00
573,512,1.00
574,512,1.00
575,512,1.00
576,512,1.00
577,512,1.00
578,512,0.69
562,513,1.00
563,513,1.00
564,513,1.00
565,513,1.00
566,513,1.00
567,513,1.00
568,513,1.00
569,513,1.00
570,513,1.00
571,513,1.00
572,513,1.00
573,513,1.00
574,513,1.00
575,513,1.00
576,513,1.00
577,513,1.00
578,513,0.69
562,514,1.00
563,514,1.00
564,514,1.00
565,514,1.00
566,514,1.00
567,514,1.00
568,514,1.00
569,514,1.00
570,514,1.00
571,514,1.00
572,514,1.00
573,514,1.00
574,514,1.00
575,514,1.00
576,514,1.00
577,514,1.00
578,514,0.69
562,515,1.00
563,515,1.00
564,515,1.00
565,515,1.00
566,515,1.00
567,515,1.00
568,515,1.00
569,515,1.00
570,515,1.00
571,515,1.00
572,515,1.00
573,515,1.00
574,515,1.00
575,515,1.00
576,515,1.00
577,515,1.00
578,515,0.69
562,516,1.00
563,516,1.00
564,516,1.00
565,516,1.00
566,516,1.00
567,516,1.00
568,516,1.00
569,516,1.00
570,516,1.00
571,516,1.00
572,516,1.00
573,516,1.00
574,516,1.00
575,516,1.00
576,516,1.00
577,516,1.00
578,516,0.69
562,517,1.00
563,517,1.00
564,517,1.00
565,517,1.00
566,517,1.00
567,517,1.00
568,517,1.00
569,517,1.00
570,517,1.00
571,517,1.00
572,517,1.00
573,517,1.00
574,517,1.00
575,517,1.00
576,517,1.00
577,517,1.00
578,517,0.69
562,518,1.00
563,518,1.00
564,518,1.00
565,518,1.00
566,518,1.00
567,518,1.00
568,518,1.00
569,518,1.00
570,518,1.00
571,518,1.00
572,518,1.00
573,518,1.00
574,518,1.00
575,518,1.00
576,518,1.00
577,518,1.00
578,518,0.69
562,519,1.00
563,519,1.00
564,519,1.00
565,519,1.00
566,519,1.00
567,519,1.00
568,519,1.00
569,519,1.00
570,519,1.00
571,519,1.00
572,519,1.00
573,519,1.00
574,519,1.00
575,519,1.00
576,519,1.00
577,519,1.00
578,519,0.69
562,520,1.00
563,520,1.00
564,520,1.00
565,520,1.00
566,520,1.00
567,520,1.00
568,520,1.00
569,520,1.00
570,520,1.00
571,520,1.00
572,520,1.00
573,520,1.00
574,520,1.00
575,520,1.00
576,520,1.00
577,520,1.00
578,520,0.69
562,521,1.00
563,521,1.00
564,521,1.00
565,521,1.00
566,521,1.00
567,521,1.00
568,521,1.00
569,521,1.00
570,521,1.00
571,521,1.00
572,521,1.00
573,521,1.00
574,521,1.00
575,521,1.00
576,521,1.00
577,521,1.00
578,521,0.69
562,522,1.00
563,522,1.00
564,522,1.00
565,522,1.00
566,522,1.00
567,522,1.00
568,522,1.00
569,522,1.00
570,522,1.00
571,522,1.00
572,522,1.00
573,522,1.00
574,522,1.00
575,522,1.00
576,522,1.00
577,522,1.00
578,522,0.69
562,523,1.00
563,523,1.00
564,523,1.00
565,523,1.00
566,523,1.00
567,523,1.00
568,523,1.00
569,523,1.00
570,523,1.00
571,523,1.00
572,523,1.00
573,523,1.00
574,523,1.00
575,523,1.00
576,523,1.00
577,523,1.00
578,523,0.69
562,524,1.00
563,524,1.00
564,524,1.00
565,524,1.00
566,524,1.00
567,524,1.00
568,524,1.00
569,524,1.00
570,524,1.00
571,524,1.00
572,524,1.00
573,524,1.00
574,524,1.00
575,524,1.00
576,524,1.00
577,524,1.00
578,524,0.69
562,525,1.00
563,525,1.00
564,525,1.00
565,525,1.00
566,525,1.00
567,525,1.00
568,525,1.00
569,525,1.00
570,525,1.00
571,525,1.00
572,525,1.00
573,525,1.00
574,525,1.00
575,525,1.00
576,525,1.00
577,525,1.00
578,525,0.69
562,526,1.00
563,526,1.00
564,526,1.00
565,526,1.00
566,526,1.00
567,526,1.00
568,526,1.00
569,526,1.00
570,526,1.00
571,526,1.00
572,526,1.00
573,526,1.00
574,526,1.00
575,526,1.00
576,526,1.00
577,526,1.00
578,526,0.69
562,527,1.00
563,527,1.00
564,527,1.00
565,527,1.00
566,527,1.00
567,527,1.00
568,527,1.00
569,527,1.00
570,527,1.00
571,527,1.00
572,527,1.00
573,527,1.00
574,527,1.00
575,527,1.00
576,527,1.00
577,527,1.00
578,527,0.69
562,528,1.00
563,528,1.00
564,528,1.00
565,528,1.00
566,528,1.00
567,528,1.00
568,528,1.00
569,528,1.00
570,528,1.00
571,528,1.00
572,528,1.00
573,528,1.00
574,528,1.00
575,528,1.00
576,528,1.00
577,528,1.00
578,528,0.69
561,512,1.00
561,513,1.00
561,514,1.00
561,515,1.00
561,516,1.00
561,517,1.00
561,518,1.00
561,519,1.00
561,520,1.00
561,521,1.00
561,522,1.00
561,523,1.00
561,524,1.00
561,525,1.00
561,526,1.00
561,527,1.00
561,528,1.00
559,512,1.00
560,512,1.00
559,513,1.00
560,513,1.00
559,514,1.00
560,514,1.00
559,515,1.00
560,515,1.00
559,516,1.00
560,516,1.00
559,517,1.00
560,517,1.00
559,518,1.00
560,518,1.00
559,519,1.00
560,519,1.00
559,520,1.00
560,520,1.00
559,521,1.00
560,521,1.00
559,522,1.00
560,522,1.00
559,523,1.00
560,523,1.00
559,524,1.00
560,524,1.00
559,525,1.00
560,525,1.00
559,526,1.00
560,526,1.00
559,527,1.00
560,527,1.00
559,528,1.00
560,528,1.00
558,512,1.00
558,513,1.00
558,514,1.00
558,515,1.00
558,516,1.00
558,517,1.00
558,518,1.00
558,519,1.00
558,520,1.00
558,521,1.00
558,522,1.00
558,523,1.00
558,524,1.00
558,525,1.00
558,526,1.00
558,527,1.00
558,528,1.00
557,512,1.00
557,513,1.00
557,514,1.00
557,515,1.00
557,516,1.00
557,517,1.00
557,518,1.00
557,519,1.00
557,520,1.00
557,521,1.00
557,522,1.00
557,523,1.00
557,524,1.00
557,525,1.00
557,526,1.00
557,527,1.00
557,528,1.00
556,512,1.00
556,513,1.00
556,514,1.00
556,515,1.00
556,516,1.00
556,517,1.00
556,518,1.00
556,519,1.00
556,520,1.00
556,521,1.00
556,522,1.00
556,523,1.00
556,524,1.00
556,525,1.00
556,526,1.00
556,527,1.00
556,528,0.69
555,511,1.00
556,511,1.00
557,511,1.00
558,511,1.00
559,511,1.00
560,511,1.00
561,511,1.00
562,511,1.00
563,511,1.00
564,511,1.00
565,511,1.00
566,511,1.00
567,511,1.00
568,511,1.00
569,511,1.00
570,511,1.00
571,511,0.69
555,512,1.00
555,513,1.00
555,514,1.00
555,515,1.00
555,516,1.00
555,517,1.00
555,518,1.00
555,519,1.00
555,520,1.00
555,521,1.00
555,522,1.00
555,523,1.00
555,524,1.00
555,525,1.00
555,526,1.00
555,527,1.00
554,511,1.00
554,512,1.00
554,513,1.00
554,514,1.00
554,515,1.00
554,516,1.00
554,517,1.00
554,518,1.00
554,519,1.00
554,520,1.00
554,521,1.00
554,522,1.00
554,523,1.00
554,524,1.00
554,525,1.00
554,526,1.00
554,527,0.69
553,510,1.00
554,510,1.00
555,510,1.00
556,510,1.00
557,510,1.00
558,510,1.00
559,510,1.00
560,510,1.00
561,510,1.00
562,510,1.00
563,510,1.00
564,510,1.00
565,510,1.00
566,510,1.00
567,510,1.00
568,510,1.00
569,510,0.69
553,511,1.00
553,512,1.00
553,513,1.00
553,514,1.00
553,515,1.00
553,516,1.00
553,517,1.00
553,518,1.00
553,519,1.00
553,520,1.00
553,521,1.00
553,522,1.00
553,523,1.00
553,524,1.00
553,525,1.00
553,526,0.69
552,509,1.00
553,509,1.00
554,509,1.00
555,509,1.00
556,509,1.00
557,509,1.00
558,509,1.00
559,509,1.00
560,509,1.00
561,509,1.00
562,509,1.00
563,509,1.00
564,509,1.00
565,509,1.00
566,509,1.00
567,509,1.00
568,509,0.69
552,510,1.00
552,511,1.00
552,512,1.00
552,513,1.00
552,514,1.00
552,515,1.00
552,516,1.00
552,517,1.00
552,518,1.00
552,519,1.00
552,520,1.00
552,521,1.00
552,522,1.00
552,523,1.00
552,524,1.00
552,525,1.00
551,509,1.00
551,510,1.00
551,511,1.00
551,512,1.00
551,513,1.00
551,514,1.00
551,515,1.00
551,516,1.00
551,517,1.00
551,518,1.00
551,519,1.00
551,520,1.00
551,521,1.00
551,522,1.00
551,523,1.00
551,524,1.00
551,525,0.69
550,508,1.00
551,508,1.00
552,508,1.00
553,508,1.00
554,508,1.00
555,508,1.00
556,508,1.00
557,508,1.00
558,508,1.00
559,508,1.00
560,508,1.00
561,508,1.00
562,508,1.00
563,508,1.00
564,508,1.00
565,508,0.69
566,508,0.69
550,509,1.00
550,510,1.00
550,511,1.00
550,512,1.00
550,513,1.00
550,514,1.00
550,515,1.00
550,516,1.00
550,517,1.00
550,518,1.00
550,519,1.00
550,520,1.00
550,521,1.00
550,522,1.00
550,523,1.00
550,524,0.69
548,507,1.00
549,507,1.00
550,507,1.00
551,507,1.00
552,507,1.00
553,507,1.00
554,507,1.00
555,507,1.00
556,507,1.00
557,507,1.00
558,507,1.00
559,507,1.00
560,507,1.00
561,507,1.00
562,507,1.00
563,507,1.00
564,507,1.00
548,508,1.00
549,508,1.00
548,509,1.00
549,509,1.00
548,510,1.00
549,510,1.00
548,511,1.00
549,511,1.00
548,512,1.00
549,512,1.00
548,513,1.00
549,513,1.00
548,514,1.00
549,514,1.00
548,515,1.00
549,515,1.00
548,516,1.00
549,516,1.00
548,517,1.00
549,517,1.00
548,518,1.00
549,518,1.00
548,519,1.00
549,519,1.00
548,520,1.00
549,520,1.00
548,521,1.00
549,521,1.00
548,522,1.00
549,522,1.00
548,523,1.00
549,523,1.00
547,507,1.00
547,508,1.00
547,509,1.00
547,510,1.00
547,511,1.00
547,512,1.00
547,513,1.00
547,514,1.00
547,515,1.00
547,516,1.00
547,517,1.00
547,518,1.00
547,519,1.00
547,520,1.00
547,521,1.00
547,522,1.00
547,523,1.00
546,507,1.00
546,508,1.00
546,509,1.00
546,510,1.00
546,511,1.00
546,512,1.00
546,513,1.00
546,514,1.00
546,515,1.00
546,516,1.00
546,517,1.00
546,518,1.00
546,519,1.00
546,520,1.00
546,521,1.00
546,522,1.00
546,523,0.69
544,506,1.00
545,506,1.00
546,506,1.00
547,506,1.00
548,506,1.00
549,506,1.00
550,506,1.00
551,506,1.00
552,506,1.00
553,506,1.00
554,506,1.00
555,506,1.00
556,506,1.00
557,506,1.00
558,506,1.00
559,506,1.00
560,506,0.69
544,507,1.00
545,507,1.00
544,508,1.00
545,508,1.00
544,509,1.00
545,509,1.00
544,510,1.00
545,510,1.00
544,511,1.00
545,511,1.00
544,512,1.00
545,512,1.00
544,513,1.00
545,513,1.00
544,514,1.00
545,514,1.00
544,515,1.00
545,515,1.00
544,516,1.00
545,516,1.00
544,517,1.00
545,517,1.00
544,518,1.00
545,518,1.00
544,519,1.00
545,519,1.00
544,520,1.00
545,520,1.00
544,521,0.69
545,521,0.69
544,522,0.69
545,522,0.69
543,504,1.00
544,504,1.00
545,504,1.00
546,504,1.00
547,504,1.00
548,504,1.00
549,504,1.00
550,504,1.00
551,504,1.00
552,504,1.00
553,504,1.00
554,504,1.00
555,504,1.00
556,504,1.00
557,504,1.00
558,504,1.00
559,504,0.69
543,505,1.00
544,505,1.00
545,505,1.00
546,505,1.00
547,505,1.00
548,505,1.00
549,505,1.00
550,505,1.00
551,505,1.00
552,505,1.00
553,505,1.00
554,505,1.00
555,505,1.00
556,505,1.00
557,505,1.00
558,505,1.00
559,505,0.69
543,506,1.00
543,507,1.00
543,508,1.00
543,509,1.00
543,510,1.00
543,511,1.00
543,512,1.00
543,513,1.00
543,514,1.00
543,515,1.00
543,516,1.00
543,517,1.00
543,518,1.00
543,519,1.00
543,520,0.69
542,503,1.00
543,503,1.00
544,503,1.00
545,503,1.00
546,503,1.00
547,503,1.00
548,503,1.00
549,503,1.00
550,503,1.00
551,503,1.00
552,503,1.00
553,503,1.00
554,503,1.00
555,503,1.00
556,503,1.00
557,503,0.69
558,503,0.69
542,504,1.00
542,505,1.00
542,506,1.00
542,507,1.00
542,508,1.00
542,509,1.00
542,510,1.00
542,511,1.00
542,512,1.00
542,513,1.00
542,514,1.00
542,515,1.00
542,516,1.00
542,517,1.00
542,518,1.00
542,519,1.00
540,503,1.00
541,503,1.00
540,504,1.00
541,504,1.00
540,505,1.00
541,505,1.00
540,506,1.00
541,506,1.00
540,507,1.00
541,507,1.00
540,508,1.00
541,508,1.00
540,509,1.00
541,509,1.00
540,510,1.00
541,510,1.00
540,511,1.00
541,511,1.00
540,512,1.00
541,512,1.00
540,513,1.00
541,513,1.00
540,514,1.00
541,514,1.00
540,515,1.00
541,515,1.00
540,516,1.00
541,516,1.00
540,517,1.00
541,517,1.00
540,518,1.00
541,518,1.00
540,519,0.69
541,519,0.69
539,502,1.00
540,502,1.00
541,502,1.00
542,502,1.00
543,502,1.00
544,502,1.00
545,502,1.00
546,502,1.00
547,502,1.00
548,502,1.00
549,502,1.00
550,502,1.00
551,502,1.00
552,502,1.00
553,502,1.00
554,502,1.00
555,502,1.00
539,503,1.00
539,504,1.00
539,505,1.00
539,506,1.00
539,507,1.00
539,508,1.00
539,509,1.00
539,510,1.00
539,511,1.00
539,512,1.00
539,513,1.00
539,514,1.00
539,515,1.00
539,516,1.00
539,517,1.00
539,518,0.69
539,501,1.00
540,501,1.00
541,501,1.00
542,501,1.00
543,501,1.00
544,501,1.00
545,501,1.00
546,501,1.00
547,501,1.00
548,501,1.00
549,501,1.00
550,501,1.00
551,501,1.00
552,501,1.00
553,501,1.00
554,501,1.00
555,501,0.69
538,500,1.00
539,500,1.00
540,500,1.00
541,500,1.00
542,500,1.00
543,500,1.00
544,500,1.00
545,500,1.00
546,500,1.00
547,500,1.00
548,500,1.00
549,500,1.00
550,500,1.00
551,500,1.00
552,500,1.00
553,500,1.00
554,500,0.69
538,501,1.00
538,502,1.00
538,503,1.00
538,504,1.00
538,505,1.00
538,506,1.00
538,507,1.00
538,508,1.00
538,509,1.00
538,510,1.00
538,511,1.00
538,512,1.00
538,513,1.00
538,514,1.00
538,515,1.00
538,516,1.00
537,500,1.00
537,501,1.00
537,502,1.00
537,503,1.00
537,504,1.00
537,505,1.00
537,506,1.00
537,507,1.00
537,508,1.00
537,509,1.00
537,510,1.00
537,511,1.00
537,512,1.00
537,513,1.00
537,514,1.00
537,515,1.00
537,516,0.69
536,499,1.00
537,499,1.00
538,499,1.00
539,499,1.00
540,499,1.00
541,499,1.00
542,499,1.00
543,499,1.00
544,499,1.00
545,499,1.00
546,499,1.00
547,499,1.00
548,499,1.00
549,499,1.00
550,499,1.00
551,499,1.00
552,499,0.69
536,500,1.00
536,501,1.00
536,502,1.00
536,503,1.00
536,504,1.00
536,505,1.00
536,506,1.00
536,507,1.00
536,508,1.00
536,509,1.00
536,510,1.00
536,511,1.00
536,512,1.00
536,513,1.00
536,514,1.00
536,515,1.00
535,499,1.00
535,500,1.00
535,501,1.00
535,502,1.00
535,503,1.00
535,504,1.00
535,505,1.00
535,506,1.00
535,507,1.00
535,508,1.00
535,509,1.00
535,510,1.00
535,511,1.00
535,512,1.00
535,513,1.00
535,514,1.00
535,515,0.69
535,498,1.00
536,498,1.00
537,498,1.00
538,498,1.00
539,498,1.00
540,498,1.00
541,498,1.00
542,498,1.00
543,498,1.00
544,498,1.00
545,498,1.00
546,498,1.00
547,498,1.00
548,498,1.00
549,498,1.00
550,498,1.00
551,498,0.69
534,498,1.00
534,499,1.00
534,500,1.00
534,501,1.00
534,502,1.00
534,503,1.00
534,504,1.00
534,505,1.00
534,506,1.00
534,507,1.00
534,508,1.00
534,509,1.00
534,510,1.00
534,511,1.00
534,512,1.00
534,513,1.00
534,514,1.00
533,498,1.00
533,499,1.00
533,500,1.00
533,501,1.00
533,502,1.00
533,503,1.00
533,504,1.00
533,505,1.00
533,506,1.00
533,507,1.00
533,508,1.00
533,509,1.00
533,510,1.00
533,511,1.00
533,512,1.00
533,513,1.00
533,514,0.69
532,497,1.00
533,497,1.00
534,497,1.00
535,497,1.00
536,497,1.00
537,497,1.00
538,497,1.00
539,497,1.00
540,497,1.00
541,497,1.00
542,497,1.00
543,497,1.00
544,497,1.00
545,497,1.00
546,497,1.00
547,497,0.69
548,497,0.69
532,498,1.00
532,499,1.00
532,500,1.00
532,501,1.00
532,502,1.00
532,503,1.00
532,504,1.00
532,505,1.00
532,506,1.00
532,507,1.00
532,508,1.00
532,509,1.00
532,510,1.00
532,511,1.00
532,512,1.00
532,513,0.69
530,496,1.00
531,496,1.00
532,496,1.00
533,496,1.00
534,496,1.00
535,496,1.00
536,496,1.00
537,496,1.00
538,496,1.00
539,496,1.00
540,496,1.00
541,496,1.00
542,496,1.00
543,496,1.00
544,496,1.00
545,496,1.00
546,496,0.69
530,497,1.00
531,497,1.00
530,498,1.00
531,498,1.00
530,499,1.00
531,499,1.00
530,500,1.00
531,500,1.00
530,501,1.00
531,501,1.00
530,502,1.00
531,502,1.00
530,503,1.00
531,503,1.00
530,504,1.00
531,504,1.00
530,505,1.00
531,505,1.00
530,506,1.00
531,506,1.00
530,507,1.00
531,507,1.00
530,508,1.00
531,508,1.00
530,509,1.00
531,509,1.00
530,510,1.00
531,510,1.00
530,511,1.00
531,511,1.00
530,512,0.69
531,512,0.69
529,495,1.00
530,495,1.00
531,495,1.00
532,495,1.00
533,495,1.00
534,495,1.00
535,495,1.00
536,495,1.00
537,495,1.00
538,495,1.00
539,495,1.00
540,495,1.00
541,495,1.00
542,495,1.00
543,495,1.00
544,495,1.00
545,495,0.69
529,496,1.00
529,497,1.00
529,498,1.00
529,499,1.00
529,500,1.00
529,501,1.00
529,502,1.00
529,503,1.00
529,504,1.00
529,505,1.00
529,506,1.00
529,507,1.00
529,508,1.00
529,509,1.00
529,510,1.00
529,511,1.00
528,495,1.00
528,496,1.00
528,497,1.00
528,498,1.00
528,499,1.00
528,500,1.00
528,501,1.00
528,502,1.00
528,503,1.00
528,504,1.00
528,505,1.00
528,506,1.00
528,507,1.00
528,508,1.00
528,509,1.00
528,510,1.00
528,511,0.69
526,494,1.00
527,494,1.00
528,494,1.00
529,494,1.00
530,494,1.00
531,494,1.00
532,494,1.00
533,494,1.00
534,494,1.00
535,494,1.00
536,494,1.00
537,494,1.00
538,494,1.00
539,494,1.00
540,494,1.00
541,494,1.00
542,494,0.69
526,495,1.00
527,495,1.00
526,496,1.00
527,496,1.00
526,497,1.00
527,497,1.00
526,498,1.00
527,498,1.00
526,499,1.00
527,499,1.00
526,500,1.00
527,500,1.00
526,501,1.00
527,501,1.00
526,502,1.00
527,502,1.00
526,503,1.00
527,503,1.00
526,504,1.00
527,504,1.00
526,505,1.00
527,505,1.00
526,506,1.00
527,506,1.00
526,507,1.00
527,507,1.00
526,508,1.00
527,508,1.00
526,509,1.00
527,509,1.00
526,510,1.00
527,510,1.00
525,494,1.00
525,495,1.00
525,496,1.00
525,497,1.00
525,498,1.00
525,499,1.00
525,500,1.00
525,501,1.00
525,502,1.00
525,503,1.00
525,504,1.00
525,505,1.00
525,506,1.00
525,507,1.00
525,508,1.00
525,509,1.00
525,510,1.00
524,493,1.00
525,493,1.00
526,493,1.00
527,493,1.00
528,493,1.00
529,493,1.00
530,493,1.00
531,493,1.00
532,493,1.00
533,493,1.00
534,493,1.00
535,493,1.00
536,493,1.00
537,493,1.00
538,493,1.00
539,493,1.00
540,493,0.69
524,494,1.00
524,495,1.00
524,496,1.00
524,497,1.00
524,498,1.00
524,499,1.00
524,500,1.00
524,501,1.00
524,502,1.00
524,503,1.00
524,504,1.00
524,505,1.00
524,506,1.00
524,507,1.00
524,508,1.00
524,509,1.00
523,493,1.00
523,494,1.00
523,495,1.00
523,496,1.00
523,497,1.00
523,498,1.00
523,499,1.00
523,500,1.00
523,501,1.00
523,502,1.00
523,503,1.00
523,504,1.00
523,505,1.00
523,506,1.00
523,507,1.00
523,508,1.00
523,509,0.69
522,492,1.00
523,492,1.00
524,492,1.00
525,492,1.00
526,492,1.00
527,492,1.00
528,492,1.00
529,492,1.00
530,492,1.00
531,492,1.00
532,492,1.00
533,492,1.00
534,492,1.00
535,492,1.00
536,492,1.00
537,492,1.00
538,492,0.69
522,493,1.00
522,494,1.00
522,495,1.00
522,496,1.00
522,497,1.00
522,498,1.00
522,499,1.00
522,500,1.00
522,501,1.00
522,502,1.00
522,503,1.00
522,504,1.00
522,505,1.00
522,506,1.00
522,507,1.00
522,508,1.00
521,492,1.00
521,493,1.00
521,494,1.00
521,495,1.00
521,496,1.00
521,497,1.00
521,498,1.00
521,499,1.00
521,500,1.00
521,501,1.00
521,502,1.00
521,503,1.00
521,504,1.00
521,505,1.00
521,506,1.00
521,507,1.00
521,508,0.69
520,491,1.00
521,491,1.00
522,491,1.00
523,491,1.00
524,491,1.00
525,491,1.00
526,491,1.00
527,491,1.00
528,491,1.00
529,491,1.00
530,491,1.00
531,491,1.00
532,491,1.00
533,491,1.00
534,491,1.00
535,491,0.69
536,491,0.69
520,492,1.00
520,493,1.00
520,494,1.00
520,495,1.00
520,496,1.00
520,497,1.00
520,498,1.00
520,499,1.00
520,500,1.00
520,501,1.00
520,502,1.00
520,503,1.00
520,504,1.00
520,505,1.00
520,506,1.00
520,507,0.69
518,490,1.00
519,490,1.00
520,490,1.00
521,490,1.00
522,490,1.00
523,490,1.00
524,490,1.00
525,490,1.00
526,490,1.00
527,490,1.00
528,490,1.00
529,490,1.00
530,490,1.00
531,490,1.00
532,490,1.00
533,490,1.00
534,490,0.69
518,491,1.00
519,491,1.00
518,492,1.00
519,492,1.00
518,493,1.00
519,493,1.00
518,494,1.00
519,494,1.00
518,495,1.00
519,495,1.00
518,496,1.00
519,496,1.00
518,497,1.00
519,497,1.00
518,498,1.00
519,498,1.00
518,499,1.00
519,499,1.00
518,500,1.00
519,500,1.00
518,501,1.00
519,501,1.00
518,502,1.00
519,502,1.00
518,503,1.00
519,503,1.00
518,504,1.00
519,504,1.00
518,505,1.00
519,505,1.00
518,506,0.69
519,506,0.69
517,489,1.00
518,489,1.00
519,489,1.00
520,489,1.00
521,489,1.00
522,489,1.00
523,489,1.00
524,489,1.00
525,489,1.00
526,489,1.00
527,489,1.00
528,489,1.00
529,489,1.00
530,489,1.00
531,489,1.00
532,489,1.00
533,489,0.69
517,490,1.00
517,491,1.00
517,492,1.00
517,493,1.00
517,494,1.00
517,495,1.00
517,496,1.00
517,497,1.00
517,498,1.00
517,499,1.00
517,500,1.00
517,501,1.00
517,502,1.00
517,503,1.00
517,504,1.00
517,505,1.00
516,489,1.00
516,490,1.00
516,491,1.00
516,492,1.00
516,493,1.00
516,494,1.00
516,495,1.00
516,496,1.00
516,497,1.00
516,498,1.00
516,499,1.00
516,500,1.00
516,501,1.00
516,502,1.00
516,503,1.00
516,504,1.00
516,505,0.69
514,488,1.00
515,488,1.00
516,488,1.00
517,488,1.00
518,488,1.00
519,488,1.00
520,488,1.00
521,488,1.00
522,488,1.00
523,488,1.00
524,488,1.00
525,488,1.00
526,488,1.00
527,488,1.00
528,488,1.00
529,488,0.69
530,488,0.69
514,489,1.00
515,489,1.00
514,490,1.00
515,490,1.00
514,491,1.00
515,491,1.00
514,492,1.00
515,492,1.00
514,493,1.00
515,493,1.00
514,494,1.00
515,494,1.00
514,495,1.00
515,495,1.00
514,496,1.00
515,496,1.00
514,497,1.00
515,497,1.00
514,498,1.00
515,498,1.00
514,499,1.00
515,499,1.00
514,500,1.00
515,500,1.00
514,501,1.00
515,501,1.00
514,502,1.00
515,502,1.00
514,503,1.00
515,503,1.00
514,504,0.69
515,504,0.69
512,487,1.00
513,487,1.00
514,487,1.00
515,487,1.00
516,487,1.00
517,487,1.00
518,487,1.00
519,487,1.00
520,487,1.00
521,487,1.00
522,487,1.00
523,487,1.00
524,487,1.00
525,487,1.00
526,487,1.00
527,487,1.00
528,487,1.00
512,488,1.00
513,488,1.00
512,489,1.00
513,489,1.00
512,490,1.00
513,490,1.00
512,491,1.00
513,491,1.00
512,492,1.00
513,492,1.00
512,493,1.00
513,493,1.00
512,494,1.00
513,494,1.00
512,495,1.00
513,495,1.00
512,496,1.00
513,496,1.00
512,497,1.00
513,497,1.00
512,498,1.00
513,498,1.00
512,499,1.00
513,499,1.00
512,500,1.00
513,500,1.00
512,501,1.00
513,501,1.00
512,502,1.00
513,502,1.00
512,503,0.69
513,503,0.69
512,486,1.00
513,486,1.00
514,486,1.00
515,486,1.00
516,486,1.00
517,486,1.00
518,486,1.00
519,486,1.00
520,486,1.00
521,486,1.00
522,486,1.00
523,486,1.00
524,486,1.00
525,486,1.00
526,486,1.00
527,486,0.69
528,486,0.69
510,485,1.00
511,485,1.00
512,485,1.00
513,485,1.00
514,485,1.00
515,485,1.00
516,485,1.00
517,485,1.00
518,485,1.00
519,485,1.00
520,485,1.00
521,485,1.00
522,485,1.00
523,485,1.00
524,485,1.00
525,485,0.69
526,485,0.69
510,486,1.00
511,486,1.00
510,487,1.00
511,487,1.00
510,488,1.00
511,488,1.00
510,489,1.00
511,489,1.00
510,490,1.00
511,490,1.00
510,491,1.00
511,491,1.00
510,492,1.00
511,492,1.00
510,493,1.00
511,493,1.00
510,494,1.00
511,494,1.00
510,495,1.00
511,495,1.00
510,496,1.00
511,496,1.00
510,497,1.00
511,497,1.00
510,498,1.00
511,498,1.00
510,499,1.00
511,499,1.00
510,500,1.00
511,500,1.00
510,501,1.00
511,501,1.00
508,485,1.00
509,485,1.00
508,486,1.00
509,486,1.00
508,487,1.00
509,487,1.00
508,488,1.00
509,488,1.00
508,489,1.00
509,489,1.00
508,490,1.00
509,490,1.00
508,491,1.00
509,491,1.00
508,492,1.00
509,492,1.00
508,493,1.00
509,493,1.00
508,494,1.00
509,494,1.00
508,495,1.00
509,495,1.00
508,496,1.00
509,496,1.00
508,497,1.00
509,497,1.00
508,498,1.00
509,498,1.00
508,499,1.00
509,499,1.00
508,500,1.00
509,500,1.00
508,501,1.00
509,501,1.00
507,485,1.00
507,486,1.00
507,487,1.00
507,488,1.00
507,489,1.00
507,490,1.00
507,491,1.00
507,492,1.00
507,493,1.00
507,494,1.00
507,495,1.00
507,496,1.00
507,497,1.00
507,498,1.00
507,499,1.00
507,500,1.00
507,501,0.69
506,484,1.00
507,484,1.00
508,484,1.00
509,484,1.00
510,484,1.00
511,484,1.00
512,484,1.00
513,484,1.00
514,484,1.00
515,484,1.00
516,484,1.00
517,484,1.00
518,484,1.00
519,484,1.00
520,484,1.00
521,484,1.00
522,484,0.69
506,485,1.00
506,486,1.00
506,487,1.00
506,488,1.00
506,489,1.00
506,490,1.00
506,491,1.00
506,492,1.00
506,493,1.00
506,494,1.00
506,495,1.00
506,496,1.00
506,497,1.00
506,498,1.00
506,499,1.00
506,500,0.69
505,483,1.00
506,483,1.00
507,483,1.00
508,483,1.00
509,483,1.00
510,483,1.00
511,483,1.00
512,483,1.00
513,483,1.00
514,483,1.00
515,483,1.00
516,483,1.00
517,483,1.00
518,483,1.00
519,483,1.00
520,483,0.69
521,483,0.69
505,484,1.00
505,485,1.00
505,486,1.00
505,487,1.00
505,488,1.00
505,489,1.00
505,490,1.00
505,491,1.00
505,492,1.00
505,493,1.00
505,494,1.00
505,495,1.00
505,496,1.00
505,497,1.00
505,498,1.00
505,499,0.69
503,482,1.00
504,482,1.00
505,482,1.00
506,482,1.00
507,482,1.00
508,482,1.00
509,482,1.00
510,482,1.00
511,482,1.00
512,482,1.00
513,482,1.00
514,482,1.00
515,482,1.00
516,482,1.00
517,482,1.00
518,482,1.00
519,482,0.69
503,483,1.00
504,483,1.00
503,484,1.00
504,484,1.00
503,485,1.00
504,485,1.00
503,486,1.00
504,486,1.00
503,487,1.00
504,487,1.00
503,488,1.00
504,488,1.00
503,489,1.00
504,489,1.00
503,490,1.00
504,490,1.00
503,491,1.00
504,491,1.00
503,492,1.00
504,492,1.00
503,493,1.00
504,493,1.00
503,494,1.00
504,494,1.00
503,495,1.00
504,495,1.00
503,496,1.00
504,496,1.00
503,497,1.00
504,497,1.00
503,498,0.69
504,498,0.69
502,481,1.00
503,481,1.00
504,481,1.00
505,481,1.00
506,481,1.00
507,481,1.00
508,481,1.00
509,481,1.00
510,481,1.00
511,481,1.00
512,481,1.00
513,481,1.00
514,481,1.00
515,481,1.00
516,481,1.00
517,481,1.00
518,481,0.69
502,482,1.00
502,483,1.00
502,484,1.00
502,485,1.00
502,486,1.00
502,487,1.00
502,488,1.00
502,489,1.00
502,490,1.00
502,491,1.00
502,492,1.00
502,493,1.00
502,494,1.00
502,495,1.00
502,496,1.00
502,497,0.69
501,480,1.00
502,480,1.00
503,480,1.00
504,480,1.00
505,480,1.00
506,480,1.00
507,480,1.00
508,480,1.00
509,480,1.00
510,480,1.00
511,480,1.00
512,480,1.00
513,480,1.00
514,480,1.00
515,480,1.00
516,480,1.00
517,480,0.69
501,481,1.00
501,482,1.00
501,483,1.00
501,484,1.00
501,485,1.00
501,486,1.00
501,487,1.00
501,488,1.00
501,489,1.00
501,490,1.00
501,491,1.00
501,492,1.00
501,493,1.00
501,494,1.00
501,495,1.00
501,496,1.00
500,480,1.00
500,481,1.00
500,482,1.00
500,483,1.00
500,484,1.00
500,485,1.00
500,486,1.00
500,487,1.00
500,488,1.00
500,489,1.00
500,490,1.00
500,491,1.00
500,492,1.00
500,493,1.00
500,494,1.00
500,495,1.00
500,496,1.00
498,480,1.00
499,480,1.00
498,481,1.00
499,481,1.00
498,482,1.00
499,482,1.00
498,483,1.00
499,483,1.00
498,484,1.00
499,484,1.00
498,485,1.00
499,485,1.00
498,486,1.00
499,486,1.00
498,487,1.00
499,487,1.00
498,488,1.00
499,488,1.00
498,489,1.00
499,489,1.00
498,490,1.00
499,490,1.00
498,491,1.00
499,491,1.00
498,492,1.00
499,492,1.00
498,493,1.00
499,493,1.00
498,494,1.00
499,494,1.00
498,495,1.00
499,495,1.00
498,496,0.69
499,496,0.69
498,479,1.00
499,479,1.00
500,479,1.00
501,479,1.00
502,479,1.00
503,479,1.00
504,479,1.00
505,479,1.00
506,479,1.00
507,479,1.00
508,479,1.00
509,479,1.00
510,479,1.00
511,479,1.00
512,479,1.00
513,479,1.00
514,479,0.69
497,479,1.00
497,480,1.00
497,481,1.00
497,482,1.00
497,483,1.00
497,484,1.00
497,485,1.00
497,486,1.00
497,487,1.00
497,488,1.00
497,489,1.00
497,490,1.00
497,491,1.00
497,492,1.00
497,493,1.00
497,494,1.00
497,495,0.69
496,478,1.00
497,478,1.00
498,478,1.00
499,478,1.00
500,478,1.00
501,478,1.00
502,478,1.00
503,478,1.00
504,478,1.00
505,478,1.00
506,478,1.00
507,478,1.00
508,478,1.00
509,478,1.00
510,478,1.00
511,478,1.00
512,478,0.69
496,479,1.00
496,480,1.00
496,481,1.00
496,482,1.00
496,483,1.00
496,484,1.00
496,485,1.00
496,486,1.00
496,487,1.00
496,488,1.00
496,489,1.00
496,490,1.00
496,491,1.00
496,492,1.00
496,493,1.00
496,494,1.00
495,478,1.00
495,479,1.00
495,480,1.00
495,481,1.00
495,482,1.00
495,483,1.00
495,484,1.00
495,485,1.00
495,486,1.00
495,487,1.00
495,488,1.00
495,489,1.00
495,490,1.00
495,491,1.00
495,492,1.00
495,493,1.00
495,494,0.69
494,477,1.00
495,477,1.00
496,477,1.00
497,477,1.00
498,477,1.00
499,477,1.00
500,477,1.00
501,477,1.00
502,477,1.00
503,477,1.00
504,477,1.00
505,477,1.00
506,477,1.00
507,477,1.00
508,477,1.00
509,477,1.00
510,477,1.00
494,478,1.00
494,479,1.00
494,480,1.00
494,481,1.00
494,482,1.00
494,483,1.00
494,484,1.00
494,485,1.00
494,486,1.00
494,487,1.00
494,488,1.00
494,489,1.00
494,490,1.00
494,491,1.00
494,492,1.00
494,493,0.69
494,476,1.00
495,476,1.00
496,476,1.00
497,476,1.00
498,476,1.00
499,476,1.00
500,476,1.00
501,476,1.00
502,476,1.00
503,476,1.00
504,476,1.00
505,476,1.00
506,476,1.00
507,476,1.00
508,476,1.00
509,476,1.00
510,476,0.69
493,476,1.00
493,477,1.00
493,478,1.00
493,479,1.00
493,480,1.00
493,481,1.00
493,482,1.00
493,483,1.00
493,484,1.00
493,485,1.00
493,486,1.00
493,487,1.00
493,488,1.00
493,489,1.00
493,490,1.00
493,491,1.00
493,492,1.00
492,476,1.00
492,477,1.00
492,478,1.00
492,479,1.00
492,480,1.00
492,481,1.00
492,482,1.00
492,483,1.00
492,484,1.00
492,485,1.00
492,486,1.00
492,487,1.00
492,488,1.00
492,489,1.00
492,490,1.00
492,491,1.00
492,492,1.00
491,476,1.00
491,477,1.00
491,478,1.00
491,479,1.00
491,480,1.00
491,481,1.00
491,482,1.00
491,483,1.00
491,484,1.00
491,485,1.00
491,486,1.00
491,487,1.00
491,488,1.00
491,489,1.00
491,490,1.00
491,491,1.00
491,492,0.69
491,475,1.00
492,475,1.00
493,475,1.00
494,475,1.00
495,475,1.00
496,475,1.00
497,475,1.00
498,475,1.00
499,475,1.00
500,475,1.00
501,475,1.00
502,475,1.00
503,475,1.00
504,475,1.00
505,475,1.00
506,475,1.00
507,475,1.00

546,526,1.00
547,526,1.00
548,526,1.00
549,526,1.00
550,526,1.00
551,526,1.00
552,526,1.00
553,526,1.00
554,526,1.00
555,526,1.00
556,526,1.00
557,526,1.00
558,526,1.00
559,526,1.00
560,526,1.00
561,526,1.00
562,526,1.00
546,527,1.00
547,527,1.00
548,527,1.00
549,527,1.00
550,527,1.00
551,527,1.00
552,527,1.00
553,527,1.00
554,527,1.00
555,527,1.00
556,527,1.00
557,527,1.00
558,527,1.00
559,527,1.00
560,527,1.00
561,527,1.00
562,527,1.00
546,528,1.00
547,528,1.00
548,528,1.00
549,528,1.00
550,528,1.00
551,528,1.00
552,528,1.00
553,528,1.00
554,528,1.00
555,528,1.00
556,528,1.00
557,528,1.00
558,528,1.00
559,528,1.00
560,528,1.00
561,528,1.00
562,528,1.00
546,529,1.00
547,529,1.00
548,529,1.00
549,529,1.00
550,529,1.00
551,529,1.00
552,529,1.00
553,529,1.00
554,529,1.00
555,529,1.00
556,529,1.00
557,529,1.00
558,529,1.00
559,529,1.00
560,529,1.00
561,529,1.00
562,529,1.00
546,530,1.00
547,530,1.00
548,530,1.00
549,530,1.00
550,530,1.00
551,530,1.00
552,530,1.00
553,530,1.00
554,530,1.00
555,530,1.00
556,530,1.00
557,530,1.00
558,530,1.00
559,530,1.00
560,530,1.00
561,530,1.00
562,530,1.00
546,531,1.00
547,531,1.00
548,531,1.00
549,531,1.00
550,531,1.00
551,531,1.00
552,531,1.00
553,531,1.00
554,531,1.00
555,531,1.00
556,531,1.00
557,531,1.00
558,531,1.00
559,531,1.00
560,531,1.00
561,531,1.00
562,531,1.00
546,532,1.00
547,532,1.00
548,532,1.00
549,532,1.00
550,532,1.00
551,532,1.00
552,532,1.00
553,532,1.00
554,532,1.00
555,532,1.00
556,532,1.00
557,532,1.00
558,532,1.00
559,532,1.00
560,532,1.00
561,532,1.00
562,532,1.00
546,533,1.00
547,533,1.00
548,533,1.00
549,533,1.00
550,533,1.00
551,533,1.00
552,533,1.00
553,533,1.00
554,533,1.00
555,533,1.00
556,533,1.00
557,533,1.00
558,533,1.00
559,533,1.00
560,533,1.00
561,533,1.00
562,533,1.00
546,534,1.00
547,534,1.00
548,534,1.00
549,534,1.00
550,534,1.00
551,534,1.00
552,534,1.00
553,534,1.00
554,534,1.00
555,534,1.00
556,534,1.00
557,534,1.00
558,534,1.00
559,534,1.00
560,534,1.00
561,534,1.00
562,534,1.00
546,535,1.00
547,535,1.00
548,535,1.00
549,535,1.00
550,535,1.00
551,535,1.00
552,535,1.00
553,535,1.00
554,535,1.00
555,535,1.00
556,535,1.00
557,535,1.00
558,535,1.00
559,535,1.00
560,535,1.00
561,535,1.00
562,535,1.00
546,536,1.00
547,536,1.00
548,536,1.00
549,536,1.00
550,536,1.00
551,536,1.00
552,536,1.00
553,536,1.00
554,536,1.00
555,536,1.00
556,536,1.00
557,536,1.00
558,536,1.00
559,536,1.00
560,536,1.00
561,536,1.00
562,536,1.00
546,537,1.00
547,537,1.00
548,537,1.00
549,537,1.00
550,537,1.00
551,537,1.00
552,537,1.00
553,537,1.00
554,537,1.00
555,537,1.00
556,537,1.00
557,537,1.00
558,537,1.00
559,537,1.00
560,537,1.00
561,537,1.00
562,537,1.00
546,538,1.00
547,538,1.00
548,538,1.00
549,538,1.00
550,538,1.00
551,538,1.00
552,538,1.00
553,538,1.00
554,538,1.00
555,538,1.00
556,538,1.00
557,538,1.00
558,538,1.00
559,538,1.00
560,538,1.00
561,538,1.00
562,538,1.00
546,539,1.00
547,539,1.00
548,539,1.00
549,539,1.00
550,539,1.00
551,539,1.00
552,539,1.00
553,539,1.00
554,539,1.00
555,539,1.00
556,539,1.00
557,539,1.00
558,539,1.00
559,539,1.00
560,539,1.00
561,539,1.00
562,539,1.00
546,540,1.00
547,540,1.00
548,540,1.00
549,540,1.00
550,540,1.00
551,540,1.00
552,540,1.00
553,540,1.00
554,540,1.00
555,540,1.00
556,540,1.00
557,540,1.00
558,540,1.00
559,540,1.00
560,540,1.00
561,540,1.00
562,540,1.00
546,541,1.00
547,541,1.00
548,541,1.00
549,541,1.00
550,541,1.00
551,541,1.00
552,541,1.00
553,541,1.00
554,541,1.00
555,541,1.00
556,541,1.00
557,541,1.00
558,541,1.00
559,541,1.00
560,541,1.00
561,541,1.00
562,541,1.00
546,542,1.00
547,542,1.00
548,542,1.00
549,542,1.00
550,542,1.00
551,542,1.00
552,542,1.00
553,542,1.00
554,542,1.00
555,542,1.00
556,542,1.00
557,542,1.00
558,542,1.00
559,542,1.00
560,542,1.00
561,542,1.00
562,542,1.00
545,526,1.00
545,527,1.00
545,528,1.00
545,529,1.00
545,530,1.00
545,531,1.00
545,532,1.00
545,533,1.00
545,534,1.00
545,535,1.00
545,536,1.00
545,537,1.00
545,538,1.00
545,539,1.00
545,540,1.00
545,541,1.00
545,542,1.00
544,526,0.69
544,527,1.00
544,528,1.00
544,529,1.00
544,530,1.00
544,531,1.00
544,532,1.00
544,533,1.00
544,534,1.00
544,535,1.00
544,536,1.00
544,537,1.00
544,538,1.00
544,539,1.00
544,540,1.00
544,541,1.00
544,542,1.00
544,543,1.00
545,543,1.00
546,543,1.00
547,543,1.00
548,543,1.00
549,543,1.00
550,543,1.00
551,543,1.00
552,543,1.00
553,543,1.00
554,543,1.00
555,543,1.00
556,543,1.00
557,543,1.00
558,543,1.00
559,543,1.00
560,543,0.69
543,527,0.69
543,528,1.00
543,529,1.00
543,530,1.00
543,531,1.00
543,532,1.00
543,533,1.00
543,534,1.00
543,535,1.00
543,536,1.00
543,537,1.00
543,538,1.00
543,539,1.00
543,540,1.00
543,541,1.00
543,542,1.00
543,543,1.00
542,528,0.69
542,529,1.00
542,530,1.00
542,531,1.00
542,532,1.00
542,533,1.00
542,534,1.00
542,535,1.00
542,536,1.00
542,537,1.00
542,538,1.00
542,539,1.00
542,540,1.00
542,541,1.00
542,542,1.00
542,543,1.00
542,544,1.00
543,544,1.00
544,544,1.00
545,544,1.00
546,544,1.00
547,544,1.00
548,544,1.00
549,544,1.00
550,544,1.00
551,544,1.00
552,544,1.00
553,544,1.00
554,544,1.00
555,544,1.00
556,544,1.00
557,544,0.69
558,544,0.69
540,529,0.69
541,529,0.69
540,530,1.00
541,530,1.00
540,531,1.00
541,531,1.00
540,532,1.00
541,532,1.00
540,533,1.00
541,533,1.00
540,534,1.00
541,534,1.00
540,535,1.00
541,535,1.00
540,536,1.00
541,536,1.00
540,537,1.00
541,537,1.00
540,538,1.00
541,538,1.00
540,539,1.00
541,539,1.00
540,540,1.00
541,540,1.00
540,541,1.00
541,541,1.00
540,542,1.00
541,542,1.00
540,543,1.00
541,543,1.00
540,544,1.00
541,544,1.00
540,545,1.00
541,545,1.00
542,545,1.00
543,545,1.00
544,545,1.00
545,545,1.00
546,545,1.00
547,545,1.00
548,545,1.00
549,545,1.00
550,545,1.00
551,545,1.00
552,545,1.00
553,545,1.00
554,545,1.00
555,545,1.00
556,545,0.69
539,530,0.69
539,531,1.00
539,532,1.00
539,533,1.00
539,534,1.00
539,535,1.00
539,536,1.00
539,537,1.00
539,538,1.00
539,539,1.00
539,540,1.00
539,541,1.00
539,542,1.00
539,543,1.00
539,544,1.00
539,545,1.00
539,546,1.00
540,546,1.00
541,546,1.00
542,546,1.00
543,546,1.00
544,546,1.00
545,546,1.00
546,546,1.00
547,546,1.00
548,546,1.00
549,546,1.00
550,546,1.00
551,546,1.00
552,546,1.00
553,546,1.00
554,546,0.69
555,546,0.69
537,531,0.69
538,531,0.69
537,532,0.69
538,532,0.69
537,533,1.00
538,533,1.00
537,534,1.00
538,534,1.00
537,535,1.00
538,535,1.00
537,536,1.00
538,536,1.00
537,537,1.00
538,537,1.00
537,538,1.00
538,538,1.00
537,539,1.00
538,539,1.00
537,540,1.00
538,540,1.00
537,541,1.00
538,541,1.00
537,542,1.00
538,542,1.00
537,543,1.00
538,543,1.00
537,544,1.00
538,544,1.00
537,545,1.00
538,545,1.00
537,546,1.00
538,546,1.00
537,547,1.00
538,547,1.00
539,547,1.00
540,547,1.00
541,547,1.00
542,547,1.00
543,547,1.00
544,547,1.00
545,547,1.00
546,547,1.00
547,547,1.00
548,547,1.00
549,547,1.00
550,547,1.00
551,547,1.00
552,547,0.69
553,547,0.69
535,533,0.69
536,533,0.69
535,534,1.00
536,534,1.00
535,535,1.00
536,535,1.00
535,536,1.00
536,536,1.00
535,537,1.00
536,537,1.00
535,538,1.00
536,538,1.00
535,539,1.00
536,539,1.00
535,540,1.00
536,540,1.00
535,541,1.00
536,541,1.00
535,542,1.00
536,542,1.00
535,543,1.00
536,543,1.00
535,544,1.00
536,544,1.00
535,545,1.00
536,545,1.00
535,546,1.00
536,546,1.00
535,547,1.00
536,547,1.00
535,548,1.00
536,548,1.00
537,548,1.00
538,548,1.00
539,548,1.00
540,548,1.00
541,548,1.00
542,548,1.00
543,548,1.00
544,548,1.00
545,548,1.00
546,548,1.00
547,548,1.00
548,548,1.00
549,548,0.69
550,548,0.69
551,548,0.69
535,549,1.00
536,549,1.00
537,549,1.00
538,549,1.00
539,549,1.00
540,549,1.00
541,549,1.00
542,549,1.00
543,549,1.00
544,549,1.00
545,549,1.00
546,549,1.00
547,549,1.00
548,549,1.00
549,549,0.69
550,549,0.69
551,549,0.69
532,534,0.69
533,534,0.69
534,534,0.69
532,535,1.00
533,535,1.00
534,535,1.00
532,536,1.00
533,536,1.00
534,536,1.00
532,537,1.00
533,537,1.00
534,537,1.00
532,538,1.00
533,538,1.00
534,538,1.00
532,539,1.00
533,539,1.00
534,539,1.00
532,540,1.00
533,540,1.00
534,540,1.00
532,541,1.00
533,541,1.00
534,541,1.00
532,542,1.00
533,542,1.00
534,542,1.00
532,543,1.00
533,543,1.00
534,543,1.00
532,544,1.00
533,544,1.00
534,544,1.00
532,545,1.00
533,545,1.00
534,545,1.00
532,546,1.00
533,546,1.00
534,546,1.00
532,547,1.00
533,547,1.00
534,547,1.00
532,548,1.00
533,548,1.00
534,548,1.00
532,549,1.00
533,549,1.00
534,549,1.00
532,550,1.00
533,550,1.00
534,550,1.00
535,550,1.00
536,550,1.00
537,550,1.00
538,550,1.00
539,550,1.00
540,550,1.00
541,550,1.00
542,550,1.00
543,550,1.00
544,550,1.00
545,550,1.00
546,550,1.00
547,550,0.69
548,550,0.69
530,535,0.69
531,535,0.69
530,536,1.00
531,536,1.00
530,537,1.00
531,537,1.00
530,538,1.00
531,538,1.00
530,539,1.00
531,539,1.00
530,540,1.00
531,540,1.00
530,541,1.00
531,541,1.00
530,542,1.00
531,542,1.00
530,543,1.00
531,543,1.00
530,544,1.00
531,544,1.00
530,545,1.00
531,545,1.00
530,546,1.00
531,546,1.00
530,547,1.00
531,547,1.00
530,548,1.00
531,548,1.00
530,549,1.00
531,549,1.00
530,550,1.00
531,550,1.00
530,551,1.00
531,551,1.00
532,551,1.00
533,551,1.00
534,551,1.00
535,551,1.00
536,551,1.00
537,551,1.00
538,551,1.00
539,551,1.00
540,551,1.00
541,551,1.00
542,551,1.00
543,551,1.00
544,551,0.69
545,551,0.69
546,551,0.69
527,536,0.69
528,536,0.69
529,536,0.69
527,537,1.00
528,537,1.00
529,537,1.00
527,538,1.00
528,538,1.00
529,538,1.00
527,539,1.00
528,539,1.00
529,539,1.00
527,540,1.00
528,540,1.00
529,540,1.00
527,541,1.00
528,541,1.00
529,541,1.00
527,542,1.00
528,542,1.00
529,542,1.00
527,543,1.00
528,543,1.00
529,543,1.00
527,544,1.00
528,544,1.00
529,544,1.00
527,545,1.00
528,545,1.00
529,545,1.00
527,546,1.00
528,546,1.00
529,546,1.00
527,547,1.00
528,547,1.00
529,547,1.00
527,548,1.00
528,548,1.00
529,548,1.00
527,549,1.00
528,549,1.00
529,549,1.00
527,550,1.00
528,550,1.00
529,550,1.00
527,551,1.00
528,551,1.00
529,551,1.00
527,552,1.00
528,552,1.00
529,552,1.00
530,552,1.00
531,552,1.00
532,552,1.00
533,552,1.00
534,552,1.00
535,552,1.00
536,552,1.00
537,552,1.00
538,552,1.00
539,552,1.00
540,552,1.00
541,552,1.00
542,552,0.69
543,552,0.69
525,537,0.69
526,537,0.69
525,538,0.69
526,538,0.69
525,539,1.00
526,539,1.00
525,540,1.00
526,540,1.00
525,541,1.00
526,541,1.00
525,542,1.00
526,542,1.00
525,543,1.00
526,543,1.00
525,544,1.00
526,544,1.00
525,545,1.00
526,545,1.00
525,546,1.00
526,546,1.00
525,547,1.00
526,547,1.00
525,548,1.00
526,548,1.00
525,549,1.00
526,549,1.00
525,550,1.00
526,550,1.00
525,551,1.00
526,551,1.00
525,552,1.00
526,552,1.00
525,553,1.00
526,553,1.00
527,553,1.00
528,553,1.00
529,553,1.00
530,553,1.00
531,553,1.00
532,553,1.00
533,553,1.00
534,553,1.00
535,553,1.00
536,553,1.00
537,553,1.00
538,553,0.69
539,553,0.69
540,553,0.69
541,553,0.69
521,539,0.69
522,539,0.69
523,539,0.69
524,539,0.69
521,540,0.69
522,540,0.69
523,540,0.69
524,540,0.69
521,541,1.00
522,541,1.00
523,541,1.00
524,541,1.00
521,542,1.00
522,542,1.00
523,542,1.00
524,542,1.00
521,543,1.00
522,543,1.00
523,543,1.00
524,543,1.00
521,544,1.00
522,544,1.00
523,544,1.00
524,544,1.00
521,545,1.00
522,545,1.00
523,545,1.00
524,545,1.00
521,546,1.00
522,546,1.00
523,546,1.00
524,546,1.00
521,547,1.00
522,547,1.00
523,547,1.00
524,547,1.00
521,548,1.00
522,548,1.00
523,548,1.00
524,548,1.00
521,549,1.00
522,549,1.00
523,549,1.00
524,549,1.00
521,550,1.00
522,550,1.00
523,550,1.00
524,550,1.00
521,551,1.00
522,551,1.00
523,551,1.00
524,551,1.00
521,552,1.00
522,552,1.00
523,552,1.00
524,552,1.00
521,553,1.00
522,553,1.00
523,553,1.00
524,553,1.00
521,554,1.00
522,554,1.00
523,554,1.00
524,554,1.00
525,554,1.00
526,554,1.00
527,554,1.00
528,554,1.00
529,554,1.00
530,554,1.00
531,554,1.00
532,554,1.00
533,554,1.00
534,554,0.69
535,554,0.69
536,554,0.69
537,554,0.69
521,555,1.00
522,555,1.00
523,555,1.00
524,555,1.00
525,555,1.00
526,555,1.00
527,555,1.00
528,555,1.00
529,555,1.00
530,555,1.00
531,555,1.00
532,555,1.00
533,555,1.00
534,555,0.69
535,555,0.69
536,555,0.69
537,555,0.69
517,541,0.69
518,541,0.69
519,541,0.69
520,541,0.69
517,542,1.00
518,542,1.00
519,542,1.00
520,542,1.00
517,543,1.00
518,543,1.00
519,543,1.00
520,543,1.00
517,544,1.00
518,544,1.00
519,544,1.00
520,544,1.00
517,545,1.00
518,545,1.00
519,545,1.00
520,545,1.00
517,546,1.00
518,546,1.00
519,546,1.00
520,546,1.00
517,547,1.00
518,547,1.00
519,547,1.00
520,547,1.00
517,548,1.00
518,548,1.00
519,548,1.00
520,548,1.00
517,549,1.00
518,549,1.00
519,549,1.00
520,549,1.00
517,550,1.00
518,550,1.00
519,550,1.00
520,550,1.00
517,551,1.00
518,551,1.00
519,551,1.00
520,551,1.00
517,552,1.00
518,552,1.00
519,552,1.00
520,552,1.00
517,553,1.00
518,553,1.00
519,553,1.00
520,553,1.00
517,554,1.00
518,554,1.00
519,554,1.00
520,554,1.00
517,555,1.00
518,555,1.00
519,555,1.00
520,555,1.00
517,556,1.00
518,556,1.00
519,556,1.00
520,556,1.00
521,556,1.00
522,556,1.00
523,556,1.00
524,556,1.00
525,556,1.00
526,556,1.00
527,556,1.00
528,556,1.00
529,556,1.00
530,556,1.00
531,556,0.69
532,556,0.69
533,556,0.69
517,557,1.00
518,557,1.00
519,557,1.00
520,557,1.00
521,557,1.00
522,557,1.00
523,557,1.00
524,557,1.00
525,557,1.00
526,557,1.00
527,557,1.00
528,557,1.00
529,557,1.00
530,557,1.00
531,557,0.69
532,557,0.69
533,557,0.69
514,542,0.69
515,542,0.69
516,542,0.69
514,543,0.69
515,543,0.69
516,543,0.69
514,544,1.00
515,544,1.00
516,544,1.00
514,545,1.00
515,545,1.00
516,545,1.00
514,546,1.00
515,546,1.00
516,546,1.00
514,547,1.00
515,547,1.00
516,547,1.00
514,548,1.00
515,548,1.00
516,548,1.00
514,549,1.00
515,549,1.00
516,549,1.00
514,550,1.00
515,550,1.00
516,550,1.00
514,551,1.00
515,551,1.00
516,551,1.00
514,552,1.00
515,552,1.00
516,552,1.00
514,553,1.00
515,553,1.00
516,553,1.00
514,554,1.00
515,554,1.00
516,554,1.00
514,555,1.00
515,555,1.00
516,555,1.00
514,556,1.00
515,556,1.00
516,556,1.00
514,557,1.00
515,557,1.00
516,557,1.00
514,558,1.00
515,558,1.00
516,558,1.00
517,558,1.00
518,558,1.00
519,558,1.00
520,558,1.00
521,558,1.00
522,558,1.00
523,558,1.00
524,558,1.00
525,558,1.00
526,558,1.00
527,558,1.00
528,558,0.69
529,558,0.69
530,558,0.69
511,544,1.00
512,544,1.00
513,544,1.00
511,545,1.00
512,545,1.00
513,545,1.00
511,546,1.00
512,546,1.00
513,546,1.00
511,547,1.00
512,547,1.00
513,547,1.00
511,548,1.00
512,548,1.00
513,548,1.00
511,549,1.00
512,549,1.00
513,549,1.00
511,550,1.00
512,550,1.00
513,550,1.00
511,551,1.00
512,551,1.00
513,551,1.00
511,552,1.00
512,552,1.00
513,552,1.00
511,553,1.00
512,553,1.00
513,553,1.00
511,554,1.00
512,554,1.00
513,554,1.00
511,555,1.00
512,555,1.00
513,555,1.00
511,556,1.00
512,556,1.00
513,556,1.00
511,557,1.00
512,557,1.00
513,557,1.00
511,558,1.00
512,558,1.00
513,558,1.00
511,559,1.00
512,559,1.00
513,559,1.00
514,559,1.00
515,559,1.00
516,559,1.00
517,559,1.00
518,559,1.00
519,559,1.00
520,559,1.00
521,559,1.00
522,559,1.00
523,559,1.00
524,559,0.69
525,559,0.69
526,559,0.69
527,559,0.69
511,560,1.00
512,560,1.00
513,560,1.00
514,560,1.00
515,560,1.00
516,560,1.00
517,560,1.00
518,560,1.00
519,560,1.00
520,560,1.00
521,560,1.00
522,560,1.00
523,560,1.00
524,560,0.69
525,560,0.69
526,560,0.69
527,560,0.69
507,544,0.69
508,544,0.69
509,544,0.69
510,544,0.69
507,545,0.69
508,545,0.69
509,545,0.69
510,545,0.69
507,546,1.00
508,546,1.00
509,546,1.00
510,546,1.00
507,547,1.00
508,547,1.00
509,547,1.00
510,547,1.00
507,548,1.00
508,548,1.00
509,548,1.00
510,548,1.00
507,549,1.00
508,549,1.00
509,549,1.00
510,549,1.00
507,550,1.00
508,550,1.00
509,550,1.00
510,550,1.00
507,551,1.00
508,551,1.00
509,551,1.00
510,551,1.00
507,552,1.00
508,552,1.00
509,552,1.00
510,552,1.00
507,553,1.00
508,553,1.00
509,553,1.00
510,553,1.00
507,554,1.00
508,554,1.00
509,554,1.00
510,554,1.00
507,555,1.00
508,555,1.00
509,555,1.00
510,555,1.00
507,556,1.00
508,556,1.00
509,556,1.00
510,556,1.00
507,557,1.00
508,557,1.00
509,557,1.00
510,557,1.00
507,558,1.00
508,558,1.00
509,558,1.00
510,558,1.00
507,559,1.00
508,559,1.00
509,559,1.00
510,559,1.00
507,560,1.00
508,560,1.00
509,560,1.00
510,560,1.00
505,546,0.69
506,546,0.69
505,547,1.00
506,547,1.00
505,548,1.00
506,548,1.00
505,549,1.00
506,549,1.00
505,550,1.00
506,550,1.00
505,551,1.00
506,551,1.00
505,552,1.00
506,552,1.00
505,553,1.00
506,553,1.00
505,554,1.00
506,554,1.00
505,555,1.00
506,555,1.00
505,556,1.00
506,556,1.00
505,557,1.00
506,557,1.00
505,558,1.00
506,558,1.00
505,559,1.00
506,559,1.00
505,560,1.00
506,560,1.00
505,561,1.00
506,561,1.00
507,561,1.00
508,561,1.00
509,561,1.00
510,561,1.00
511,561,1.00
512,561,1.00
513,561,1.00
514,561,1.00
515,561,1.00
516,561,1.00
517,561,1.00
518,561,1.00
519,561,1.00
520,561,0.69
521,561,0.69
505,562,1.00
506,562,1.00
507,562,1.00
508,562,1.00
509,562,1.00
510,562,1.00
511,562,1.00
512,562,1.00
513,562,1.00
514,562,1.00
515,562,1.00
516,562,1.00
517,562,1.00
518,562,1.00
519,562,1.00
520,562,0.69
521,562,0.69
503,547,0.69
504,547,0.69
503,548,1.00
504,548,1.00
503,549,1.00
504,549,1.00
503,550,1.00
504,550,1.00
503,551,1.00
504,551,1.00
503,552,1.00
504,552,1.00
503,553,1.00
504,553,1.00
503,554,1.00
504,554,1.00
503,555,1.00
504,555,1.00
503,556,1.00
504,556,1.00
503,557,1.00
504,557,1.00
503,558,1.00
504,558,1.00
503,559,1.00
504,559,1.00
503,560,1.00
504,560,1.00
503,561,1.00
504,561,1.00
503,562,1.00
504,562,1.00
503,563,1.00
504,563,1.00
505,563,1.00
506,563,1.00
507,563,1.00
508,563,1.00
509,563,1.00
510,563,1.00
511,563,1.00
512,563,1.00
513,563,1.00
514,563,1.00
515,563,1.00
516,563,1.00
517,563,0.69
518,563,0.69
519,563,0.69
500,548,1.00
501,548,1.00
502,548,1.00
500,549,1.00
501,549,1.00
502,549,1.00
500,550,1.00
501,550,1.00
502,550,1.00
500,551,1.00
501,551,1.00
502,551,1.00
500,552,1.00
501,552,1.00
502,552,1.00
500,553,1.00
501,553,1.00
502,553,1.00
500,554,1.00
501,554,1.00
502,554,1.00
500,555,1.00
501,555,1.00
502,555,1.00
500,556,1.00
501,556,1.00
502,556,1.00
500,557,1.00
501,557,1.00
502,557,1.00
500,558,1.00
501,558,1.00
502,558,1.00
500,559,1.00
501,559,1.00
502,559,1.00
500,560,1.00
501,560,1.00
502,560,1.00
500,561,1.00
501,561,1.00
502,561,1.00
500,562,1.00
501,562,1.00
502,562,1.00
500,563,1.00
501,563,1.00
502,563,1.00
500,564,1.00
501,564,1.00
502,564,1.00
503,564,1.00
504,564,1.00
505,564,1.00
506,564,1.00
507,564,1.00
508,564,1.00
509,564,1.00
510,564,1.00
511,564,1.00
512,564,1.00
513,564,1.00
514,564,0.69
515,564,0.69
516,564,0.69
497,548,0.69
498,548,0.69
499,548,0.69
497,549,1.00
498,549,1.00
499,549,1.00
497,550,1.00
498,550,1.00
499,550,1.00
497,551,1.00
498,551,1.00
499,551,1.00
497,552,1.00
498,552,1.00
499,552,1.00
497,553,1.00
498,553,1.00
499,553,1.00
497,554,1.00
498,554,1.00
499,554,1.00
497,555,1.00
498,555,1.00
499,555,1.00
497,556,1.00
498,556,1.00
499,556,1.00
497,557,1.00
498,557,1.00
499,557,1.00
497,558,1.00
498,558,1.00
499,558,1.00
497,559,1.00
498,559,1.00
499,559,1.00
497,560,1.00
498,560,1.00
499,560,1.00
497,561,1.00
498,561,1.00
499,561,1.00
497,562,1.00
498,562,1.00
499,562,1.00
497,563,1.00
498,563,1.00
499,563,1.00
497,564,1.00
498,564,1.00
499,564,1.00
494,549,0.69
495,549,0.69
496,549,0.69
494,550,1.00
495,550,1.00
496,550,1.00
494,551,1.00
495,551,1.00
496,551,1.00
494,552,1.00
495,552,1.00
496,552,1.00
494,553,1.00
495,553,1.00
496,553,1.00
494,554,1.00
495,554,1.00
496,554,1.00
494,555,1.00
495,555,1.00
496,555,1.00
494,556,1.00
495,556,1.00
496,556,1.00
494,557,1.00
495,557,1.00
496,557,1.00
494,558,1.00
495,558,1.00
496,558,1.00
494,559,1.00
495,559,1.00
496,559,1.00
494,560,1.00
495,560,1.00
496,560,1.00
494,561,1.00
495,561,1.00
496,561,1.00
494,562,1.00
495,562,1.00
496,562,1.00
494,563,1.00
495,563,1.00
496,563,1.00
494,564,1.00
495,564,1.00
496,564,1.00
494,565,1.00
495,565,1.00
496,565,1.00
497,565,1.00
498,565,1.00
499,565,1.00
500,565,1.00
501,565,1.00
502,565,1.00
503,565,1.00
504,565,1.00
505,565,1.00
506,565,1.00
507,565,1.00
508,565,0.69
509,565,0.69
510,565,0.69
491,550,0.69
492,550,0.69
493,550,0.69
491,551,1.00
492,551,1.00
493,551,1.00
491,552,1.00
492,552,1.00
493,552,1.00
491,553,1.00
492,553,1.00
493,553,1.00
491,554,1.00
492,554,1.00
493,554,1.00
491,555,1.00
492,555,1.00
493,555,1.00
491,556,1.00
492,556,1.00
493,556,1.00
491,557,1.00
492,557,1.00
493,557,1.00
491,558,1.00
492,558,1.00
493,558,1.00
491,559,1.00
492,559,1.00
493,559,1.00
491,560,1.00
492,560,1.00
493,560,1.00
491,561,1.00
492,561,1.00
493,561,1.00
491,562,1.00
492,562,1.00
493,562,1.00
491,563,1.00
492,563,1.00
493,563,1.00
491,564,1.00
492,564,1.00
493,564,1.00
491,565,1.00
492,565,1.00
493,565,1.00
491,566,1.00
492,566,1.00
493,566,1.00
494,566,1.00
495,566,1.00
496,566,1.00
497,566,1.00
498,566,1.00
499,566,1.00
500,566,1.00
501,566,1.00
502,566,1.00
503,566,1.00
504,566,1.00
505,566,1.00
506,566,0.69
507,566,0.69
489,551,0.69
490,551,0.69
489,552,1.00
490,552,1.00
489,553,1.00
490,553,1.00
489,554,1.00
490,554,1.00
489,555,1.00
490,555,1.00
489,556,1.00
490,556,1.00
489,557,1.00
490,557,1.00
489,558,1.00
490,558,1.00
489,559,1.00
490,559,1.00
489,560,1.00
490,560,1.00
489,561,1.00
490,561,1.00
489,562,1.00
490,562,1.00
489,563,1.00
490,563,1.00
489,564,1.00
490,564,1.00
489,565,1.00
490,565,1.00
489,566,1.00
490,566,1.00
489,567,1.00
490,567,1.00
491,567,1.00
492,567,1.00
493,567,1.00
494,567,1.00
495,567,1.00
496,567,1.00
497,567,1.00
498,567,1.00
499,567,1.00
500,567,1.00
501,567,1.00
502,567,1.00
503,567,0.69
504,567,0.69
505,567,0.69
486,552,0.69
487,552,0.69
488,552,0.69
486,553,1.00
487,553,1.00
488,553,1.00
486,554,1.00
487,554,1.00
488,554,1.00
486,555,1.00
487,555,1.00
488,555,1.00
486,556,1.00
487,556,1.00
488,556,1.00
486,557,1.00
487,557,1.00
488,557,1.00
486,558,1.00
487,558,1.00
488,558,1.00
486,559,1.00
487,559,1.00
488,559,1.00
486,560,1.00
487,560,1.00
488,560,1.00
486,561,1.00
487,561,1.00
488,561,1.00
486,562,1.00
487,562,1.00
488,562,1.00
486,563,1.00
487,563,1.00
488,563,1.00
486,564,1.00
487,564,1.00
488,564,1.00
486,565,1.00
487,565,1.00
488,565,1.00
486,566,1.00
487,566,1.00
488,566,1.00
486,567,1.00
487,567,1.00
488,567,1.00
486,568,1.00
487,568,1.00
488,568,1.00
489,568,1.00
490,568,1.00
491,568,1.00
492,568,1.00
493,568,1.00
494,568,1.00
495,568,1.00
496,568,1.00
497,568,1.00
498,568,1.00
499,568,1.00
500,568,0.69
501,568,0.69
502,568,0.69
483,553,0.69
484,553,0.69
485,553,0.69
483,554,1.00
484,554,1.00
485,554,1.00
483,555,1.00
484,555,1.00
485,555,1.00
483,556,1.00
484,556,1.00
485,556,1.00
483,557,1.00
484,557,1.00
485,557,1.00
483,558,1.00
484,558,1.00
485,558,1.00
483,559,1.00
484,559,1.00
485,559,1.00
483,560,1.00
484,560,1.00
485,560,1.00
483,561,1.00
484,561,1.00
485,561,1.00
483,562,1.00
484,562,1.00
485,562,1.00
483,563,1.00
484,563,1.00
485,563,1.00
483,564,1.00
484,564,1.00
485,564,1.00
483,565,1.00
484,565,1.00
485,565,1.00
483,566,1.00
484,566,1.00
485,566,1.00
483,567,1.00
484,567,1.00
485,567,1.00
483,568,1.00
484,568,1.00
485,568,1.00
483,569,1.00
484,569,1.00
485,569,1.00
486,569,1.00
487,569,1.00
488,569,1.00
489,569,1.00
490,569,1.00
491,569,1.00
492,569,1.00
493,569,1.00
494,569,1.00
495,569,1.00
496,569,1.00
497,569,0.69
498,569,0.69
499,569,0.69
480,554,0.69
481,554,0.69
482,554,0.69
480,555,1.00
481,555,1.00
482,555,1.00
480,556,1.00
481,556,1.00
482,556,1.00
480,557,1.00
481,557,1.00
482,557,1.00
480,558,1.00
481,558,1.00
482,558,1.00
480,559,1.00
481,559,1.00
482,559,1.00
480,560,1.00
481,560,1.00
482,560,1.00
480,561,1.00
481,561,1.00
482,561,1.00
480,562,1.00
481,562,1.00
482,562,1.00
480,563,1.00
481,563,1.00
482,563,1.00
480,564,1.00
481,564,1.00
482,564,1.00
480,565,1.00
481,565,1.00
482,565,1.00
480,566,1.00
481,566,1.00
482,566,1.00
480,567,1.00
481,567,1.00
482,567,1.00
480,568,1.00
481,568,1.00
482,568,1.00
480,569,1.00
481,569,1.00
482,569,1.00
480,570,1.00
481,570,1.00
482,570,1.00
483,570,1.00
484,570,1.00
485,570,1.00
486,570,1.00
487,570,1.00
488,570,1.00
489,570,1.00
490,570,1.00
491,570,1.00
492,570,1.00
493,570,0.69
494,570,0.69
495,570,0.69
496,570,0.69
476,555,0.69
477,555,0.69
478,555,0.69
479,555,0.69
476,556,1.00
477,556,1.00
478,556,1.00
479,556,1.00
476,557,1.00
477,557,1.00
478,557,1.00
479,557,1.00
476,558,1.00
477,558,1.00
478,558,1.00
479,558,1.00
476,559,1.00
477,559,1.00
478,559,1.00
479,559,1.00
476,560,1.00
477,560,1.00
478,560,1.00
479,560,1.00
476,561,1.00
477,561,1.00
478,561,1.00
479,561,1.00
476,562,1.00
477,562,1.00
478,562,1.00
479,562,1.00
476,563,1.00
477,563,1.00
478,563,1.00
479,563,1.00
476,564,1.00
477,564,1.00
478,564,1.00
479,564,1.00
476,565,1.00
477,565,1.00
478,565,1.00
479,565,1.00
476,566,1.00
477,566,1.00
478,566,1.00
479,566,1.00
476,567,1.00
477,567,1.00
478,567,1.00
479,567,1.00
476,568,1.00
477,568,1.00
478,568,1.00
479,568,1.00
476,569,1.00
477,569,1.00
478,569,1.00
479,569,1.00
476,570,1.00
477,570,1.00
478,570,1.00
479,570,1.00
476,571,1.00
477,571,1.00
478,571,1.00
479,571,1.00
480,571,1.00
481,571,1.00
482,571,1.00
483,571,1.00
484,571,1.00
485,571,1.00
486,571,1.00
487,571,1.00
488,571,1.00
489,571,1.00
490,571,0.69
491,571,0.69
492,571,0.69
473,556,0.69
474,556,0.69
475,556,0.69
473,557,1.00
474,557,1.00
475,557,1.00
473,558,1.00
474,558,1.00
475,558,1.00
473,559,1.00
474,559,1.00
475,559,1.00
473,560,1.00
474,560,1.00
475,560,1.00
473,561,1.00
474,561,1.00
475,561,1.00
473,562,1.00
474,562,1.00
475,562,1.00
473,563,1.00
474,563,1.00
475,563,1.00
473,564,1.00
474,564,1.00
475,564,1.00
473,565,1.00
474,565,1.00
475,565,1.00
473,566,1.00
474,566,1.00
475,566,1.00
473,567,1.00
474,567,1.00
475,567,1.00
473,568,1.00
474,568,1.00
475,568,1.00
473,569,1.00
474,569,1.00
475,569,1.00
473,570,1.00
474,570,1.00
475,570,1.00
473,571,1.00
474,571,1.00
475,571,1.00
473,572,1.00
474,572,1.00
475,572,1.00
476,572,1.00
477,572,1.00
478,572,1.00
479,572,1.00
480,572,1.00
481,572,1.00
482,572,1.00
483,572,1.00
484,572,1.00
485,572,1.00
486,572,1.00
487,572,1.00
488,572,0.69
489,572,0.69
471,557,0.69
472,557,0.69
471,558,1.00
472,558,1.00
471,559,1.00
472,559,1.00
471,560,1.00
472,560,1.00
471,561,1.00
472,561,1.00
471,562,1.00
472,562,1.00
471,563,1.00
472,563,1.00
471,564,1.00
472,564,1.00
471,565,1.00
472,565,1.00
471,566,1.00
472,566,1.00
471,567,1.00
472,567,1.00
471,568,1.00
472,568,1.00
471,569,1.00
472,569,1.00
471,570,1.00
472,570,1.00
471,571,1.00
472,571,1.00
471,572,1.00
472,572,1.00
471,573,1.00
472,573,1.00
473,573,1.00
474,573,1.00
475,573,1.00
476,573,1.00
477,573,1.00
478,573,1.00
479,573,1.00
480,573,1.00
481,573,1.00
482,573,1.00
483,573,0.69
484,573,0.69
485,573,0.69
486,573,0.69
487,573,0.69
466,558,0.69
467,558,0.69
468,558,0.69
469,558,0.69
470,558,0.69
466,559,0.69
467,559,0.69
468,559,0.69
469,559,0.69
470,559,0.69
466,560,1.00
467,560,1.00
468,560,1.00
469,560,1.00
470,560,1.00
466,561,1.00
467,561,1.00
468,561,1.00
469,561,1.00
470,561,1.00
466,562,1.00
467,562,1.00
468,562,1.00
469,562,1.00
470,562,1.00
466,563,1.00
467,563,1.00
468,563,1.00
469,563,1.00
470,563,1.00
466,564,1.00
467,564,1.00
468,564,1.00
469,564,1.00
470,564,1.00
466,565,1.00
467,565,1.00
468,565,1.00
469,565,1.00
470,565,1.00
466,566,1.00
467,566,1.00
468,566,1.00
469,566,1.00
470,566,1.00
466,567,1.00
467,567,1.00
468,567,1.00
469,567,1.00
470,567,1.00
466,568,1.00
467,568,1.00
468,568,1.00
469,568,1.00
470,568,1.00
466,569,1.00
467,569,1.00
468,569,1.00
469,569,1.00
470,569,1.00
466,570,1.00
467,570,1.00
468,570,1.00
469,570,1.00
470,570,1.00
466,571,1.00
467,571,1.00
468,571,1.00
469,571,1.00
470,571,1.00
466,572,1.00
467,572,1.00
468,572,1.00
469,572,1.00
470,572,1.00
466,573,1.00
467,573,1.00
468,573,1.00
469,573,1.00
470,573,1.00
466,574,1.00
467,574,1.00
468,574,1.00
469,574,1.00
470,574,1.00
471,574,1.00
472,574,1.00
473,574,1.00
474,574,1.00
475,574,1.00
476,574,1.00
477,574,1.00
478,574,1.00
479,574,0.69
480,574,0.69
481,574,0.69
482,574,0.69
462,560,0.69
463,560,0.69
464,560,0.69
465,560,0.69
462,561,0.69
463,561,0.69
464,561,0.69
465,561,0.69
462,562,1.00
463,562,1.00
464,562,1.00
465,562,1.00
462,563,1.00
463,563,1.00
464,563,1.00
465,563,1.00
462,564,1.00
463,564,1.00
464,564,1.00
465,564,1.00
462,565,1.00
463,565,1.00
464,565,1.00
465,565,1.00
462,566,1.00
463,566,1.00
464,566,1.00
465,566,1.00
462,567,1.00
463,567,1.00
464,567,1.00
465,567,1.00
462,568,1.00
463,568,1.00
464,568,1.00
465,568,1.00
462,569,1.00
463,569,1.00
464,569,1.00
465,569,1.00
462,570,1.00
463,570,1.00
464,570,1.00
465,570,1.00
462,571,1.00
463,571,1.00
464,571,1.00
465,571,1.00
462,572,1.00
463,572,1.00
464,572,1.00
465,572,1.00
462,573,1.00
463,573,1.00
464,573,1.00
465,573,1.00
462,574,1.00
463,574,1.00
464,574,1.00
465,574,1.00
462,575,1.00
463,575,1.00
464,575,1.00
465,575,1.00
466,575,1.00
467,575,1.00
468,575,1.00
469,575,1.00
470,575,1.00
471,575,1.00
472,575,1.00
473,575,1.00
474,575,1.00
475,575,1.00
476,575,0.69
477,575,0.69
478,575,0.69
462,576,1.00
463,576,1.00
464,576,1.00
465,576,1.00
466,576,1.00
467,576,1.00
468,576,1.00
469,576,1.00
470,576,1.00
471,576,1.00
472,576,1.00
473,576,1.00
474,576,1.00
475,576,1.00
476,576,0.69
477,576,0.69
478,576,0.69
459,562,1.00
460,562,1.00
461,562,1.00
459,563,1.00
460,563,1.00
461,563,1.00
459,564,1.00
460,564,1.00
461,564,1.00
459,565,1.00
460,565,1.00
461,565,1.00
459,566,1.00
460,566,1.00
461,566,1.00
459,567,1.00
460,567,1.00
461,567,1.00
459,568,1.00
460,568,1.00
461,568,1.00
459,569,1.00
460,569,1.00
461,569,1.00
459,570,1.00
460,570,1.00
461,570,1.00
459,571,1.00
460,571,1.00
461,571,1.00
459,572,1.00
460,572,1.00
461,572,1.00
459,573,1.00
460,573,1.00
461,573,1.00
459,574,1.00
460,574,1.00
461,574,1.00
459,575,1.00
460,575,1.00
461,575,1.00
459,576,1.00
460,576,1.00
461,576,1.00
459,577,1.00
460,577,1.00
461,577,1.00
462,577,1.00
463,577,1.00
464,577,1.00
465,577,1.00
466,577,1.00
467,577,1.00
468,577,1.00
469,577,1.00
470,577,1.00
471,577,1.00
472,577,0.69
473,577,0.69
474,577,0.69
475,577,0.69
459,578,1.00
460,578,1.00
461,578,1.00
462,578,1.00
463,578,1.00
464,578,1.00
465,578,1.00
466,578,1.00
467,578,1.00
468,578,1.00
469,578,1.00
470,578,1.00
471,578,1.00
472,578,0.69
473,578,0.69
474,578,0.69
475,578,0.69
455,562,0.69
456,562,0.69
457,562,0.69
458,562,0.69
455,563,0.69
456,563,0.69
457,563,0.69
458,563,0.69
455,564,1.00
456,564,1.00
457,564,1.00
458,564,1.00
455,565,1.00
456,565,1.00
457,565,1.00
458,565,1.00
455,566,1.00
456,566,1.00
457,566,1.00
458,566,1.00
455,567,1.00
456,567,1.00
457,567,1.00
458,567,1.00
455,568,1.00
456,568,1.00
457,568,1.00
458,568,1.00
455,569,1.00
456,569,1.00
457,569,1.00
458,569,1.00
455,570,1.00
456,570,1.00
457,570,1.00
458,570,1.00
455,571,1.00
456,571,1.00
457,571,1.00
458,571,1.00
455,572,1.00
456,572,1.00
457,572,1.00
458,572,1.00
455,573,1.00
456,573,1.00
457,573,1.00
458,573,1.00
455,574,1.00
456,574,1.00
457,574,1.00
458,574,1.00
455,575,1.00
456,575,1.00
457,575,1.00
458,575,1.00
455,576,1.00
456,576,1.00
457,576,1.00
458,576,1.00
455,577,1.00
456,577,1.00
457,577,1.00
458,577,1.00
455,578,1.00
456,578,1.00
457,578,1.00
458,578,1.00
452,564,0.69
453,564,0.69
454,564,0.69
452,565,1.00
453,565,1.00
454,565,1.00
452,566,1.00
453,566,1.00
454,566,1.00
452,567,1.00
453,567,1.00
454,567,1.00
452,568,1.00
453,568,1.00
454,568,1.00
452,569,1.00
453,569,1.00
454,569,1.00
452,570,1.00
453,570,1.00
454,570,1.00
452,571,1.00
453,571,1.00
454,571,1.00
452,572,1.00
453,572,1.00
454,572,1.00
452,573,1.00
453,573,1.00
454,573,1.00
452,574,1.00
453,574,1.00
454,574,1.00
452,575,1.00
453,575,1.00
454,575,1.00
452,576,1.00
453,576,1.00
454,576,1.00
452,577,1.00
453,577,1.00
454,577,1.00
452,578,1.00
453,578,1.00
454,578,1.00
452,579,1.00
453,579,1.00
454,579,1.00
455,579,1.00
456,579,1.00
457,579,1.00
458,579,1.00
459,579,1.00
460,579,1.00
461,579,1.00
462,579,1.00
463,579,1.00
464,579,1.00
465,579,0.69
466,579,0.69
467,579,0.69
468,579,0.69
452,580,1.00
453,580,1.00
454,580,1.00
455,580,1.00
456,580,1.00
457,580,1.00
458,580,1.00
459,580,1.00
460,580,1.00
461,580,1.00
462,580,1.00
463,580,1.00
464,580,1.00
465,580,0.69
466,580,0.69
467,580,0.69
468,580,0.69
448,565,0.69
449,565,0.69
450,565,0.69
451,565,0.69
448,566,1.00
449,566,1.00
450,566,1.00
451,566,1.00
448,567,1.00
449,567,1.00
450,567,1.00
451,567,1.00
448,568,1.00
449,568,1.00
450,568,1.00
451,568,1.00
448,569,1.00
449,569,1.00
450,569,1.00
451,569,1.00
448,570,1.00
449,570,1.00
450,570,1.00
451,570,1.00
448,571,1.00
449,571,1.00
450,571,1.00
451,571,1.00
448,572,1.00
449,572,1.00
450,572,1.00
451,572,1.00
448,573,1.00
449,573,1.00
450,573,1.00
451,573,1.00
448,574,1.00
449,574,1.00
450,574,1.00
451,574,1.00
448,575,1.00
449,575,1.00
450,575,1.00
451,575,1.00
448,576,1.00
449,576,1.00
450,576,1.00
451,576,1.00
448,577,1.00
449,577,1.00
450,577,1.00
451,577,1.00
448,578,1.00
449,578,1.00
450,578,1.00
451,578,1.00
448,579,1.00
449,579,1.00
450,579,1.00
451,579,1.00
448,580,1.00
449,580,1.00
450,580,1.00
451,580,1.00
448,581,1.00
449,581,1.00
450,581,1.00
451,581,1.00
452,581,1.00
453,581,1.00
454,581,1.00
455,581,1.00
456,581,1.00
457,581,1.00
458,581,1.00
459,581,1.00
460,581,1.00
461,581,1.00
462,581,1.00
463,581,1.00
464,581,0.69
447,566,1.00
447,567,1.00
447,568,1.00
447,569,1.00
447,570,1.00
447,571,1.00
447,572,1.00
447,573,1.00
447,574,1.00
447,575,1.00
447,576,1.00
447,577,1.00
447,578,1.00
447,579,1.00
447,580,1.00
447,581,1.00
447,582,1.00
448,582,1.00
449,582,1.00
450,582,1.00
451,582,1.00
452,582,1.00
453,582,1.00
454,582,1.00
455,582,1.00
456,582,1.00
457,582,1.00
458,582,1.00
459,582,1.00
460,582,1.00
461,582,1.00
462,582,0.69
463,582,0.69
445,566,1.00
446,566,1.00
445,567,1.00
446,567,1.00
445,568,1.00
446,568,1.00
445,569,1.00
446,569,1.00
445,570,1.00
446,570,1.00
445,571,1.00
446,571,1.00
445,572,1.00
446,572,1.00
445,573,1.00
446,573,1.00
445,574,1.00
446,574,1.00
445,575,1.00
446,575,1.00
445,576,1.00
446,576,1.00
445,577,1.00
446,577,1.00
445,578,1.00
446,578,1.00
445,579,1.00
446,579,1.00
445,580,1.00
446,580,1.00
445,581,1.00
446,581,1.00
445,582,1.00
446,582,1.00
444,566,0.69
444,567,1.00
444,568,1.00
444,569,1.00
444,570,1.00
444,571,1.00
444,572,1.00
444,573,1.00
444,574,1.00
444,575,1.00
444,576,1.00
444,577,1.00
444,578,1.00
444,579,1.00
444,580,1.00
444,581,1.00
444,582,1.00
442,567,0.69
443,567,0.69
442,568,1.00
443,568,1.00
442,569,1.00
443,569,1.00
442,570,1.00
443,570,1.00
442,571,1.00
443,571,1.00
442,572,1.00
443,572,1.00
442,573,1.00
443,573,1.00
442,574,1.00
443,574,1.00
442,575,1.00
443,575,1.00
442,576,1.00
443,576,1.00
442,577,1.00
443,577,1.00
442,578,1.00
443,578,1.00
442,579,1.00
443,579,1.00
442,580,1.00
443,580,1.00
442,581,1.00
443,581,1.00
442,582,1.00
443,582,1.00
442,583,1.00
443,583,1.00
444,583,1.00
445,583,1.00
446,583,1.00
447,583,1.00
448,583,1.00
449,583,1.00
450,583,1.00
451,583,1.00
452,583,1.00
453,583,1.00
454,583,1.00
455,583,1.00
456,583,1.00
457,583,0.69
458,583,0.69
440,568,0.69
441,568,0.69
440,569,1.00
441,569,1.00
440,570,1.00
441,570,1.00
440,571,1.00
441,571,1.00
440,572,1.00
441,572,1.00
440,573,1.00
441,573,1.00
440,574,1.00
441,574,1.00
440,575,1.00
441,575,1.00
440,576,1.00
441,576,1.00
440,577,1.00
441,577,1.00
440,578,1.00
441,578,1.00
440,579,1.00
441,579,1.00
440,580,1.00
441,580,1.00
440,581,1.00
441,581,1.00
440,582,1.00
441,582,1.00
440,583,1.00
441,583,1.00
440,584,1.00
441,584,1.00
442,584,1.00
443,584,1.00
444,584,1.00
445,584,1.00
446,584,1.00
447,584,1.00
448,584,1.00
449,584,1.00
450,584,1.00
451,584,1.00
452,584,1.00
453,584,1.00
454,584,1.00
455,584,1.00
456,584,0.69
439,569,0.69
439,570,1.00
439,571,1.00
439,572,1.00
439,573,1.00
439,574,1.00
439,575,1.00
439,576,1.00
439,577,1.00
439,578,1.00
439,579,1.00
439,580,1.00
439,581,1.00
439,582,1.00
439,583,1.00
439,584,1.00
439,585,1.00
440,585,1.00
441,585,1.00
442,585,1.00
443,585,1.00
444,585,1.00
445,585,1.00
446,585,1.00
447,585,1.00
448,585,1.00
449,585,1.00
450,585,1.00
451,585,1.00
452,585,0.69
453,585,0.69
454,585,0.69
455,585,0.69
435,570,0.69
436,570,0.69
437,570,0.69
438,570,0.69
435,571,1.00
436,571,1.00
437,571,1.00
438,571,1.00
435,572,1.00
436,572,1.00
437,572,1.00
438,572,1.00
435,573,1.00
436,573,1.00
437,573,1.00
438,573,1.00
435,574,1.00
436,574,1.00
437,574,1.00
438,574,1.00
435,575,1.00
436,575,1.00
437,575,1.00
438,575,1.00
435,576,1.00
436,576,1.00
437,576,1.00
438,576,1.00
435,577,1.00
436,577,1.00
437,577,1.00
438,577,1.00
435,578,1.00
436,578,1.00
437,578,1.00
438,578,1.00
435,579,1.00
436,579,1.00
437,579,1.00
438,579,1.00
435,580,1.00
436,580,1.00
437,580,1.00
438,580,1.00
435,581,1.00
436,581,1.00
437,581,1.00
438,581,1.00
435,582,1.00
436,582,1.00
437,582,1.00
438,582,1.00
435,583,1.00
436,583,1.00
437,583,1.00
438,583,1.00
435,584,1.00
436,584,1.00
437,584,1.00
438,584,1.00
435,585,1.00
436,585,1.00
437,585,1.00
438,585,1.00
435,586,1.00
436,586,1.00
437,586,1.00
438,586,1.00
439,586,1.00
440,586,1.00
441,586,1.00
442,586,1.00
443,586,1.00
444,586,1.00
445,586,1.00
446,586,1.00
447,586,1.00
448,586,1.00
449,586,0.69
450,586,0.69
451,586,0.69
432,571,0.69
433,571,0.69
434,571,0.69
432,572,1.00
433,572,1.00
434,572,1.00
432,573,1.00
433,573,1.00
434,573,1.00
432,574,1.00
433,574,1.00
434,574,1.00
432,575,1.00
433,575,1.00
434,575,1.00
432,576,1.00
433,576,1.00
434,576,1.00
432,577,1.00
433,577,1.00
434,577,1.00
432,578,1.00
433,578,1.00
434,578,1.00
432,579,1.00
433,579,1.00
434,579,1.00
432,580,1.00
433,580,1.00
434,580,1.00
432,581,1.00
433,581,1.00
434,581,1.00
432,582,1.00
433,582,1.00
434,582,1.00
432,583,1.00
433,583,1.00
434,583,1.00
432,584,1.00
433,584,1.00
434,584,1.00
432,585,1.00
433,585,1.00
434,585,1.00
432,586,1.00
433,586,1.00
434,586,1.00
432,587,1.00
433,587,1.00
434,587,1.00
435,587,1.00
436,587,1.00
437,587,1.00
438,587,1.00
439,587,1.00
440,587,1.00
441,587,1.00
442,587,1.00
443,587,1.00
444,587,1.00
445,587,1.00
446,587,1.00
447,587,0.69
448,587,0.69
430,572,0.69
431,572,0.69
430,573,0.69
431,573,0.69
430,574,1.00
431,574,1.00
430,575,1.00
431,575,1.00
430,576,1.00
431,576,1.00
430,577,1.00
431,577,1.00
430,578,1.00
431,578,1.00
430,579,1.00
431,579,1.00
430,580,1.00
431,580,1.00
430,581,1.00
431,581,1.00
430,582,1.00
431,582,1.00
430,583,1.00
431,583,1.00
430,584,1.00
431,584,1.00
430,585,1.00
431,585,1.00
430,586,1.00
431,586,1.00
430,587,1.00
431,587,1.00
430,588,1.00
431,588,1.00
432,588,1.00
433,588,1.00
434,588,1.00
435,588,1.00
436,588,1.00
437,588,1.00
438,588,1.00
439,588,1.00
440,588,1.00
441,588,1.00
442,588,1.00
443,588,1.00
444,588,0.69
445,588,0.69
446,588,0.69
427,574,0.69
428,574,0.69
429,574,0.69
427,575,1.00
428,575,1.00
429,575,1.00
427,576,1.00
428,576,1.00
429,576,1.00
427,577,1.00
428,577,1.00
429,577,1.00
427,578,1.00
428,578,1.00
429,578,1.00
427,579,1.00
428,579,1.00
429,579,1.00
427,580,1.00
428,580,1.00
429,580,1.00
427,581,1.00
428,581,1.00
429,581,1.00
427,582,1.00
428,582,1.00
429,582,1.00
427,583,1.00
428,583,1.00
429,583,1.00
427,584,1.00
428,584,1.00
429,584,1.00
427,585,1.00
428,585,1.00
429,585,1.00
427,586,1.00
428,586,1.00
429,586,1.00
427,587,1.00
428,587,1.00
429,587,1.00
427,588,1.00
428,588,1.00
429,588,1.00
427,589,1.00
428,589,1.00
429,589,1.00
430,589,1.00
431,589,1.00
432,589,1.00
433,589,1.00
434,589,1.00
435,589,1.00
436,589,1.00
437,589,1.00
438,589,1.00
439,589,1.00
440,589,1.00
441,589,1.00
442,589,0.69
443,589,0.69
427,590,1.00
428,590,1.00
429,590,1.00
430,590,1.00
431,590,1.00
432,590,1.00
433,590,1.00
434,590,1.00
435,590,1.00
436,590,1.00
437,590,1.00
438,590,1.00
439,590,1.00
440,590,1.00
441,590,1.00
442,590,0.69
443,590,0.69
425,575,0.69
426,575,0.69
425,576,1.00
426,576,1.00
425,577,1.00
426,577,1.00
425,578,1.00
426,578,1.00
425,579,1.00
426,579,1.00
425,580,1.00
426,580,1.00
425,581,1.00
426,581,1.00
425,582,1.00
426,582,1.00
425,583,1.00
426,583,1.00
425,584,1.00
426,584,1.00
425,585,1.00
426,585,1.00
425,586,1.00
426,586,1.00
425,587,1.00
426,587,1.00
425,588,1.00
426,588,1.00
425,589,1.00
426,589,1.00
425,590,1.00
426,590,1.00
425,591,1.00
426,591,1.00
427,591,1.00
428,591,1.00
429,591,1.00
430,591,1.00
431,591,1.00
432,591,1.00
433,591,1.00
434,591,1.00
435,591,1.00
436,591,1.00
437,591,1.00
438,591,1.00
439,591,1.00
440,591,0.69
441,591,0.69
423,576,1.00
424,576,1.00
423,577,1.00
424,577,1.00
423,578,1.00
424,578,1.00
423,579,1.00
424,579,1.00
423,580,1.00
424,580,1.00
423,581,1.00
424,581,1.00
423,582,1.00
424,582,1.00
423,583,1.00
424,583,1.00
423,584,1.00
424,584,1.00
423,585,1.00
424,585,1.00
423,586,1.00
424,586,1.00
423,587,1.00
424,587,1.00
423,588,1.00
424,588,1.00
423,589,1.00
424,589,1.00
423,590,1.00
424,590,1.00
423,591,1.00
424,591,1.00
423,592,1.00
424,592,1.00
425,592,1.00
426,592,1.00
427,592,1.00
428,592,1.00
429,592,1.00
430,592,1.00
431,592,1.00
432,592,1.00
433,592,1.00
434,592,1.00
435,592,1.00
436,592,1.00
437,592,1.00
438,592,0.69
439,592,0.69
421,576,0.69
422,576,0.69
421,577,1.00
422,577,1.00
421,578,1.00
422,578,1.00
421,579,1.00
422,579,1.00
421,580,1.00
422,580,1.00
421,581,1.00
422,581,1.00
421,582,1.00
422,582,1.00
421,583,1.00
422,583,1.00
421,584,1.00
422,584,1.00
421,585,1.00
422,585,1.00
421,586,1.00
422,586,1.00
421,587,1.00
422,587,1.00
421,588,1.00
422,588,1.00
421,589,1.00
422,589,1.00
421,590,1.00
422,590,1.00
421,591,1.00
422,591,1.00
421,592,1.00
422,592,1.00
420,577,1.00
420,578,1.00
420,579,1.00
420,580,1.00
420,581,1.00
420,582,1.00
420,583,1.00
420,584,1.00
420,585,1.00
420,586,1.00
420,587,1.00
420,588,1.00
420,589,1.00
420,590,1.00
420,591,1.00
420,592,1.00
420,593,1.00
421,593,1.00
422,593,1.00
423,593,1.00
424,593,1.00
425,593,1.00
426,593,1.00
427,593,1.00
428,593,1.00
429,593,1.00
430,593,1.00
431,593,1.00
432,593,1.00
433,593,1.00
434,593,1.00
435,593,0.69
436,593,0.69
418,577,0.69
419,577,0.69
418,578,1.00
419,578,1.00
418,579,1.00
419,579,1.00
418,580,1.00
419,580,1.00
418,581,1.00
419,581,1.00
418,582,1.00
419,582,1.00
418,583,1.00
419,583,1.00
418,584,1.00
419,584,1.00
418,585,1.00
419,585,1.00
418,586,1.00
419,586,1.00
418,587,1.00
419,587,1.00
418,588,1.00
419,588,1.00
418,589,1.00
419,589,1.00
418,590,1.00
419,590,1.00
418,591,1.00
419,591,1.00
418,592,1.00
419,592,1.00
418,593,1.00
419,593,1.00
417,578,1.00
417,579,1.00
417,580,1.00
417,581,1.00
417,582,1.00
417,583,1.00
417,584,1.00
417,585,1.00
417,586,1.00
417,587,1.00
417,588,1.00
417,589,1.00
417,590,1.00
417,591,1.00
417,592,1.00
417,593,1.00
417,594,1.00
418,594,1.00
419,594,1.00
420,594,1.00
421,594,1.00
422,594,1.00
423,594,1.00
424,594,1.00
425,594,1.00
426,594,1.00
427,594,1.00
428,594,1.00
429,594,1.00
430,594,1.00
431,594,1.00
432,594,1.00
433,594,0.69
416,578,1.00
416,579,1.00
416,580,1.00
416,581,1.00
416,582,1.00
416,583,1.00
416,584,1.00
416,585,1.00
416,586,1.00
416,587,1.00
416,588,1.00
416,589,1.00
416,590,1.00
416,591,1.00
416,592,1.00
416,593,1.00
416,594,1.00
415,578,0.69
415,579,1.00
415,580,1.00
415,581,1.00
415,582,1.00
415,583,1.00
415,584,1.00
415,585,1.00
415,586,1.00
415,587,1.00
415,588,1.00
415,589,1.00
415,590,1.00
415,591,1.00
415,592,1.00
415,593,1.00
415,594,1.00
414,579,1.00
414,580,1.00
414,581,1.00
414,582,1.00
414,583,1.00
414,584,1.00
414,585,1.00
414,586,1.00
414,587,1.00
414,588,1.00
414,589,1.00
414,590,1.00
414,591,1.00
414,592,1.00
414,593,1.00
414,594,1.00
414,595,1.00
415,595,1.00
416,595,1.00
417,595,1.00
418,595,1.00
419,595,1.00
420,595,1.00
421,595,1.00
422,595,1.00
423,595,1.00
424,595,1.00
425,595,1.00
426,595,1.00
427,595,1.00
428,595,1.00
429,595,1.00
430,595,0.69
413,579,0.69
413,580,1.00
413,581,1.00
413,582,1.00
413,583,1.00
413,584,1.00
413,585,1.00
413,586,1.00
413,587,1.00
413,588,1.00
413,589,1.00
413,590,1.00
413,591,1.00
413,592,1.00
413,593,1.00
413,594,1.00
413,595,1.00
412,580,1.00
412,581,1.00
412,582,1.00
412,583,1.00
412,584,1.00
412,585,1.00
412,586,1.00
412,587,1.00
412,588,1.00
412,589,1.00
412,590,1.00
412,591,1.00
412,592,1.00
412,593,1.00
412,594,1.00
412,595,1.00
412,596,1.00
413,596,1.00
414,596,1.00
415,596,1.00
416,596,1.00
417,596,1.00
418,596,1.00
419,596,1.00
420,596,1.00
421,596,1.00
422,596,1.00
423,596,1.00
424,596,1.00
425,596,1.00
426,596,1.00
427,596,1.00
428,596,1.00
411,580,1.00
411,581,1.00
411,582,1.00
411,583,1.00
411,584,1.00
411,585,1.00
411,586,1.00
411,587,1.00
411,588,1.00
411,589,1.00
411,590,1.00
411,591,1.00
411,592,1.00
411,593,1.00
411,594,1.00
411,595,1.00
411,596,1.00
410,580,1.00
410,581,1.00
410,582,1.00
410,583,1.00
410,584,1.00
410,585,1.00
410,586,1.00
410,587,1.00
410,588,1.00
410,589,1.00
410,590,1.00
410,591,1.00
410,592,1.00
410,593,1.00
410,594,1.00
410,595,1.00
410,596,1.00
409,580,1.00
409,581,1.00
409,582,1.00
409,583,1.00
409,584,1.00
409,585,1.00
409,586,1.00
409,587,1.00
409,588,1.00
409,589,1.00
409,590,1.00
409,591,1.00
409,592,1.00
409,593,1.00
409,594,1.00
409,595,1.00
409,596,1.00
408,580,1.00
408,581,1.00
408,582,1.00
408,583,1.00
408,584,1.00
408,585,1.00
408,586,1.00
408,587,1.00
408,588,1.00
408,589,1.00
408,590,1.00
408,591,1.00
408,592,1.00
408,593,1.00
408,594,1.00
408,595,1.00
408,596,1.00
407,580,1.00
407,581,1.00
407,582,1.00
407,583,1.00
407,584,1.00
407,585,1.00
407,586,1.00
407,587,1.00
407,588,1.00
407,589,1.00
407,590,1.00
407,591,1.00
407,592,1.00
407,593,1.00
407,594,1.00
407,595,1.00
407,596,1.00
406,580,0.69
406,581,1.00
406,582,1.00
406,583,1.00
406,584,1.00
406,585,1.00
406,586,1.00
406,587,1.00
406,588,1.00
406,589,1.00
406,590,1.00
406,591,1.00
406,592,1.00
406,593,1.00
406,594,1.00
406,595,1.00
406,596,1.00
406,597,1.00
407,597,1.00
408,597,1.00
409,597,1.00
410,597,1.00
411,597,1.00
412,597,1.00
413,597,1.00
414,597,1.00
415,597,1.00
416,597,1.00
417,597,1.00
418,597,1.00
419,597,1.00
420,597,1.00
421,597,1.00
422,597,0.69
405,581,0.69
405,582,0.69
405,583,0.69
405,584,0.69
405,585,0.69
405,586,0.69
405,587,0.69
405,588,0.69
405,589,0.69
405,590,0.69
405,591,0.69
405,592,0.69
405,593,0.69
405,594,0.69
405,595,0.69
405,596,0.69
405,597,0.69

398,579,1.00
399,579,1.00
400,579,1.00
401,579,1.00
402,579,1.00
403,579,1.00
404,579,1.00
405,579,1.00
406,579,1.00
407,579,1.00
408,579,1.00
409,579,1.00
410,579,1.00
411,579,1.00
412,579,1.00
413,579,1.00
414,579,1.00
398,580,1.00
399,580,1.00
400,580,1.00
401,580,1.00
402,580,1.00
403,580,1.00
404,580,1.00
405,580,1.00
406,580,1.00
407,580,1.00
408,580,1.00
409,580,1.00
410,580,1.00
411,580,1.00
412,580,1.00
413,580,1.00
414,580,1.00
398,581,1.00
399,581,1.00
400,581,1.00
401,581,1.00
402,581,1.00
403,581,1.00
404,581,1.00
405,581,1.00
406,581,1.00
407,581,1.00
408,581,1.00
409,581,1.00
410,581,1.00
411,581,1.00
412,581,1.00
413,581,1.00
414,581,1.00
398,582,1.00
399,582,1.00
400,582,1.00
401,582,1.00
402,582,1.00
403,582,1.00
404,582,1.00
405,582,1.00
406,582,1.00
407,582,1.00
408,582,1.00
409,582,1.00
410,582,1.00
411,582,1.00
412,582,1.00
413,582,1.00
414,582,1.00
398,583,1.00
399,583,1.00
400,583,1.00
401,583,1.00
402,583,1.00
403,583,1.00
404,583,1.00
405,583,1.00
406,583,1.00
407,583,1.00
408,583,1.00
409,583,1.00
410,583,1.00
411,583,1.00
412,583,1.00
413,583,1.00
414,583,1.00
398,584,1.00
399,584,1.00
400,584,1.00
401,584,1.00
402,584,1.00
403,584,1.00
404,584,1.00
405,584,1.00
406,584,1.00
407,584,1.00
408,584,1.00
409,584,1.00
410,584,1.00
411,584,1.00
412,584,1.00
413,584,1.00
414,584,1.00
398,585,1.00
399,585,1.00
400,585,1.00
401,585,1.00
402,585,1.00
403,585,1.00
404,585,1.00
405,585,1.00
406,585,1.00
407,585,1.00
408,585,1.00
409,585,1.00
410,585,1.00
411,585,1.00
412,585,1.00
413,585,1.00
414,585,1.00
398,586,1.00
399,586,1.00
400,586,1.00
401,586,1.00
402,586,1.00
403,586,1.00
404,586,1.00
405,586,1.00
406,586,1.00
407,586,1.00
408,586,1.00
409,586,1.00
410,586,1.00
411,586,1.00
412,586,1.00
413,586,1.00
414,586,1.00
398,587,1.00
399,587,1.00
400,587,1.00
401,587,1.00
402,587,1.00
403,587,1.00
404,587,1.00
405,587,1.00
406,587,1.00
407,587,1.00
408,587,1.00
409,587,1.00
410,587,1.00
411,587,1.00
412,587,1.00
413,587,1.00
414,587,1.00
398,588,1.00
399,588,1.00
400,588,1.00
401,588,1.00
402,588,1.00
403,588,1.00
404,588,1.00
405,588,1.00
406,588,1.00
407,588,1.00
408,588,1.00
409,588,1.00
410,588,1.00
411,588,1.00
412,588,1.00
413,588,1.00
414,588,1.00
398,589,1.00
399,589,1.00
400,589,1.00
401,589,1.00
402,589,1.00
403,589,1.00
404,589,1.00
405,589,1.00
406,589,1.00
407,589,1.00
408,589,1.00
409,589,1.00
410,589,1.00
411,589,1.00
412,589,1.00
413,589,1.00
414,589,1.00
398,590,1.00
399,590,1.00
400,590,1.00
401,590,1.00
402,590,1.00
403,590,1.00
404,590,1.00
405,590,1.00
406,590,1.00
407,590,1.00
408,590,1.00
409,590,1.00
410,590,1.00
411,590,1.00
412,590,1.00
413,590,1.00
414,590,1.00
398,591,1.00
399,591,1.00
400,591,1.00
401,591,1.00
402,591,1.00
403,591,1.00
404,591,1.00
405,591,1.00
406,591,1.00
407,591,1.00
408,591,1.00
409,591,1.00
410,591,1.00
411,591,1.00
412,591,1.00
413,591,1.00
414,591,1.00
398,592,1.00
399,592,1.00
400,592,1.00
401,592,1.00
402,592,1.00
403,592,1.00
404,592,1.00
405,592,1.00
406,592,1.00
407,592,1.00
408,592,1.00
409,592,1.00
410,592,1.00
411,592,1.00
412,592,1.00
413,592,1.00
414,592,1.00
398,593,1.00
399,593,1.00
400,593,1.00
401,593,1.00
402,593,1.00
403,593,1.00
404,593,1.00
405,593,1.00
406,593,1.00
407,593,1.00
408,593,1.00
409,593,1.00
410,593,1.00
411,593,1.00
412,593,1.00
413,593,1.00
414,593,1.00
398,594,1.00
399,594,1.00
400,594,1.00
401,594,1.00
402,594,1.00
403,594,1.00
404,594,1.00
405,594,1.00
406,594,1.00
407,594,1.00
408,594,1.00
409,594,1.00
410,594,1.00
411,594,1.00
412,594,1.00
413,594,1.00
414,594,1.00
398,595,1.00
399,595,1.00
400,595,1.00
401,595,1.00
402,595,1.00
403,595,1.00
404,595,1.00
405,595,1.00
406,595,1.00
407,595,1.00
408,595,1.00
409,595,1.00
410,595,1.00
411,595,1.00
412,595,1.00
413,595,1.00
414,595,1.00
398,578,1.00
399,578,1.00
400,578,1.00
401,578,1.00
402,578,1.00
403,578,1.00
404,578,1.00
405,578,1.00
406,578,1.00
407,578,1.00
408,578,1.00
409,578,1.00
410,578,1.00
411,578,1.00
412,578,1.00
413,578,1.00
414,578,1.00
396,578,1.00
397,578,1.00
396,579,1.00
397,579,1.00
396,580,1.00
397,580,1.00
396,581,1.00
397,581,1.00
396,582,1.00
397,582,1.00
396,583,1.00
397,583,1.00
396,584,1.00
397,584,1.00
396,585,1.00
397,585,1.00
396,586,1.00
397,586,1.00
396,587,1.00
397,587,1.00
396,588,1.00
397,588,1.00
396,589,1.00
397,589,1.00
396,590,1.00
397,590,1.00
396,591,1.00
397,591,1.00
396,592,1.00
397,592,1.00
396,593,1.00
397,593,1.00
396,594,1.00
397,594,1.00
394,578,1.00
395,578,1.00
394,579,1.00
395,579,1.00
394,580,1.00
395,580,1.00
394,581,1.00
395,581,1.00
394,582,1.00
395,582,1.00
394,583,1.00
395,583,1.00
394,584,1.00
395,584,1.00
394,585,1.00
395,585,1.00
394,586,1.00
395,586,1.00
394,587,1.00
395,587,1.00
394,588,1.00
395,588,1.00
394,589,1.00
395,589,1.00
394,590,1.00
395,590,1.00
394,591,1.00
395,591,1.00
394,592,1.00
395,592,1.00
394,593,1.00
395,593,1.00
394,594,1.00
395,594,1.00
390,578,1.00
391,578,1.00
392,578,1.00
393,578,1.00
390,579,1.00
391,579,1.00
392,579,1.00
393,579,1.00
390,580,1.00
391,580,1.00
392,580,1.00
393,580,1.00
390,581,1.00
391,581,1.00
392,581,1.00
393,581,1.00
390,582,1.00
391,582,1.00
392,582,1.00
393,582,1.00
390,583,1.00
391,583,1.00
392,583,1.00
393,583,1.00
390,584,1.00
391,584,1.00
392,584,1.00
393,584,1.00
390,585,1.00
391,585,1.00
392,585,1.00
393,585,1.00
390,586,1.00
391,586,1.00
392,586,1.00
393,586,1.00
390,587,1.00
391,587,1.00
392,587,1.00
393,587,1.00
390,588,1.00
391,588,1.00
392,588,1.00
393,588,1.00
390,589,1.00
391,589,1.00
392,589,1.00
393,589,1.00
390,590,1.00
391,590,1.00
392,590,1.00
393,590,1.00
390,591,1.00
391,591,1.00
392,591,1.00
393,591,1.00
390,592,1.00
391,592,1.00
392,592,1.00
393,592,1.00
390,593,1.00
391,593,1.00
392,593,1.00
393,593,1.00
390,594,1.00
391,594,1.00
392,594,1.00
393,594,1.00
389,578,1.00
389,579,1.00
389,580,1.00
389,581,1.00
389,582,1.00
389,583,1.00
389,584,1.00
389,585,1.00
389,586,1.00
389,587,1.00
389,588,1.00
389,589,1.00
389,590,1.00
389,591,1.00
389,592,1.00
389,593,1.00
389,594,0.69
387,577,1.00
388,577,1.00
389,577,1.00
390,577,1.00
391,577,1.00
392,577,1.00
393,577,1.00
394,577,1.00
395,577,1.00
396,577,1.00
397,577,1.00
398,577,1.00
399,577,1.00
400,577,1.00
401,577,1.00
402,577,0.69
403,577,0.69
387,578,1.00
388,578,1.00
387,579,1.00
388,579,1.00
387,580,1.00
388,580,1.00
387,581,1.00
388,581,1.00
387,582,1.00
388,582,1.00
387,583,1.00
388,583,1.00
387,584,1.00
388,584,1.00
387,585,1.00
388,585,1.00
387,586,1.00
388,586,1.00
387,587,1.00
388,587,1.00
387,588,1.00
388,588,1.00
387,589,1.00
388,589,1.00
387,590,1.00
388,590,1.00
387,591,1.00
388,591,1.00
387,592,1.00
388,592,1.00
387,593,0.69
388,593,0.69
385,576,1.00
386,576,1.00
387,576,1.00
388,576,1.00
389,576,1.00
390,576,1.00
391,576,1.00
392,576,1.00
393,576,1.00
394,576,1.00
395,576,1.00
396,576,1.00
397,576,0.69
398,576,0.69
399,576,0.69
400,576,0.69
401,576,0.69
385,577,1.00
386,577,1.00
385,578,1.00
386,578,1.00
385,579,1.00
386,579,1.00
385,580,1.00
386,580,1.00
385,581,1.00
386,581,1.00
385,582,1.00
386,582,1.00
385,583,1.00
386,583,1.00
385,584,1.00
386,584,1.00
385,585,1.00
386,585,1.00
385,586,1.00
386,586,1.00
385,587,1.00
386,587,1.00
385,588,1.00
386,588,1.00
385,589,1.00
386,589,1.00
385,590,1.00
386,590,1.00
385,591,1.00
386,591,1.00
385,592,0.69
386,592,0.69
380,575,1.00
381,575,1.00
382,575,1.00
383,575,1.00
384,575,1.00
385,575,1.00
386,575,1.00
387,575,1.00
388,575,1.00
389,575,1.00
390,575,1.00
391,575,1.00
392,575,1.00
393,575,1.00
394,575,1.00
395,575,1.00
396,575,1.00
380,576,1.00
381,576,1.00
382,576,1.00
383,576,1.00
384,576,1.00
380,577,1.00
381,577,1.00
382,577,1.00
383,577,1.00
384,577,1.00
380,578,1.00
381,578,1.00
382,578,1.00
383,578,1.00
384,578,1.00
380,579,1.00
381,579,1.00
382,579,1.00
383,579,1.00
384,579,1.00
380,580,1.00
381,580,1.00
382,580,1.00
383,580,1.00
384,580,1.00
380,581,1.00
381,581,1.00
382,581,1.00
383,581,1.00
384,581,1.00
380,582,1.00
381,582,1.00
382,582,1.00
383,582,1.00
384,582,1.00
380,583,1.00
381,583,1.00
382,583,1.00
383,583,1.00
384,583,1.00
380,584,1.00
381,584,1.00
382,584,1.00
383,584,1.00
384,584,1.00
380,585,1.00
381,585,1.00
382,585,1.00
383,585,1.00
384,585,1.00
380,586,1.00
381,586,1.00
382,586,1.00
383,586,1.00
384,586,1.00
380,587,1.00
381,587,1.00
382,587,1.00
383,587,1.00
384,587,1.00
380,588,1.00
381,588,1.00
382,588,1.00
383,588,1.00
384,588,1.00
380,589,1.00
381,589,1.00
382,589,1.00
383,589,1.00
384,589,1.00
380,590,0.69
381,590,0.69
382,590,0.69
383,590,0.69
384,590,0.69
380,591,0.69
381,591,0.69
382,591,0.69
383,591,0.69
384,591,0.69
376,573,1.00
377,573,1.00
378,573,1.00
379,573,1.00
380,573,1.00
381,573,1.00
382,573,1.00
383,573,1.00
384,573,1.00
385,573,1.00
386,573,1.00
387,573,1.00
388,573,1.00
389,573,1.00
390,573,1.00
391,573,1.00
392,573,1.00
376,574,1.00
377,574,1.00
378,574,1.00
379,574,1.00
380,574,1.00
381,574,1.00
382,574,1.00
383,574,1.00
384,574,1.00
385,574,1.00
386,574,1.00
387,574,1.00
388,574,1.00
389,574,1.00
390,574,1.00
391,574,1.00
392,574,1.00
376,575,1.00
377,575,1.00
378,575,1.00
379,575,1.00
376,576,1.00
377,576,1.00
378,576,1.00
379,576,1.00
376,577,1.00
377,577,1.00
378,577,1.00
379,577,1.00
376,578,1.00
377,578,1.00
378,578,1.00
379,578,1.00
376,579,1.00
377,579,1.00
378,579,1.00
379,579,1.00
376,580,1.00
377,580,1.00
378,580,1.00
379,580,1.00
376,581,1.00
377,581,1.00
378,581,1.00
379,581,1.00
376,582,1.00
377,582,1.00
378,582,1.00
379,582,1.00
376,583,1.00
377,583,1.00
378,583,1.00
379,583,1.00
376,584,1.00
377,584,1.00
378,584,1.00
379,584,1.00
376,585,1.00
377,585,1.00
378,585,1.00
379,585,1.00
376,586,1.00
377,586,1.00
378,586,1.00
379,586,1.00
376,587,1.00
377,587,1.00
378,587,1.00
379,587,1.00
376,588,0.69
377,588,0.69
378,588,0.69
379,588,0.69
376,589,0.69
377,589,0.69
378,589,0.69
379,589,0.69
374,571,1.00
375,571,1.00
376,571,1.00
377,571,1.00
378,571,1.00
379,571,1.00
380,571,1.00
381,571,1.00
382,571,1.00
383,571,1.00
384,571,1.00
385,571,1.00
386,571,1.00
387,571,1.00
388,571,1.00
389,571,1.00
390,571,1.00
374,572,1.00
375,572,1.00
376,572,1.00
377,572,1.00
378,572,1.00
379,572,1.00
380,572,1.00
381,572,1.00
382,572,1.00
383,572,1.00
384,572,1.00
385,572,1.00
386,572,1.00
387,572,1.00
388,572,1.00
389,572,1.00
390,572,1.00
374,573,1.00
375,573,1.00
374,574,1.00
375,574,1.00
374,575,1.00
375,575,1.00
374,576,1.00
375,576,1.00
374,577,1.00
375,577,1.00
374,578,1.00
375,578,1.00
374,579,1.00
375,579,1.00
374,580,1.00
375,580,1.00
374,581,1.00
375,581,1.00
374,582,1.00
375,582,1.00
374,583,1.00
375,583,1.00
374,584,1.00
375,584,1.00
374,585,1.00
375,585,1.00
374,586,1.00
375,586,1.00
374,587,1.00
375,587,1.00
372,571,1.00
373,571,1.00
372,572,1.00
373,572,1.00
372,573,1.00
373,573,1.00
372,574,1.00
373,574,1.00
372,575,1.00
373,575,1.00
372,576,1.00
373,576,1.00
372,577,1.00
373,577,1.00
372,578,1.00
373,578,1.00
372,579,1.00
373,579,1.00
372,580,1.00
373,580,1.00
372,581,1.00
373,581,1.00
372,582,1.00
373,582,1.00
372,583,1.00
373,583,1.00
372,584,1.00
373,584,1.00
372,585,1.00
373,585,1.00
372,586,0.69
373,586,0.69
372,587,0.69
373,587,0.69
370,569,1.00
371,569,1.00
372,569,1.00
373,569,1.00
374,569,1.00
375,569,1.00
376,569,1.00
377,569,1.00
378,569,1.00
379,569,1.00
380,569,1.00
381,569,1.00
382,569,1.00
383,569,1.00
384,569,1.00
385,569,1.00
386,569,1.00
370,570,1.00
371,570,1.00
372,570,1.00
373,570,1.00
374,570,1.00
375,570,1.00
376,570,1.00
377,570,1.00
378,570,1.00
379,570,1.00
380,570,1.00
381,570,1.00
382,570,1.00
383,570,1.00
384,570,1.00
385,570,1.00
386,570,1.00
370,571,1.00
371,571,1.00
370,572,1.00
371,572,1.00
370,573,1.00
371,573,1.00
370,574,1.00
371,574,1.00
370,575,1.00
371,575,1.00
370,576,1.00
371,576,1.00
370,577,1.00
371,577,1.00
370,578,1.00
371,578,1.00
370,579,1.00
371,579,1.00
370,580,1.00
371,580,1.00
370,581,1.00
371,581,1.00
370,582,1.00
371,582,1.00
370,583,1.00
371,583,1.00
370,584,1.00
371,584,1.00
370,585,1.00
371,585,1.00
369,568,1.00
370,568,1.00
371,568,1.00
372,568,1.00
373,568,1.00
374,568,1.00
375,568,1.00
376,568,1.00
377,568,1.00
378,568,1.00
379,568,1.00
380,568,1.00
381,568,1.00
382,568,1.00
383,568,1.00
384,568,1.00
385,568,1.00
369,569,1.00
369,570,1.00
369,571,1.00
369,572,1.00
369,573,1.00
369,574,1.00
369,575,1.00
369,576,1.00
369,577,1.00
369,578,1.00
369,579,1.00
369,580,1.00
369,581,1.00
369,582,1.00
369,583,1.00
369,584,1.00
368,567,1.00
369,567,1.00
370,567,1.00
371,567,1.00
372,567,1.00
373,567,1.00
374,567,1.00
375,567,1.00
376,567,1.00
377,567,1.00
378,567,1.00
379,567,1.00
380,567,1.00
381,567,1.00
382,567,1.00
383,567,1.00
384,567,1.00
368,568,1.00
368,569,1.00
368,570,1.00
368,571,1.00
368,572,1.00
368,573,1.00
368,574,1.00
368,575,1.00
368,576,1.00
368,577,1.00
368,578,1.00
368,579,1.00
368,580,1.00
368,581,1.00
368,582,1.00
368,583,1.00
367,566,1.00
368,566,1.00
369,566,1.00
370,566,1.00
371,566,1.00
372,566,1.00
373,566,1.00
374,566,1.00
375,566,1.00
376,566,1.00
377,566,1.00
378,566,1.00
379,566,1.00
380,566,1.00
381,566,1.00
382,566,1.00
383,566,1.00
367,567,1.00
367,568,1.00
367,569,1.00
367,570,1.00
367,571,1.00
367,572,1.00
367,573,1.00
367,574,1.00
367,575,1.00
367,576,1.00
367,577,1.00
367,578,1.00
367,579,1.00
367,580,1.00
367,581,1.00
367,582,1.00
366,564,1.00
367,564,1.00
368,564,1.00
369,564,1.00
370,564,1.00
371,564,1.00
372,564,1.00
373,564,1.00
374,564,1.00
375,564,1.00
376,564,1.00
377,564,1.00
378,564,1.00
379,564,1.00
380,564,1.00
381,564,1.00
382,564,1.00
366,565,1.00
367,565,1.00
368,565,1.00
369,565,1.00
370,565,1.00
371,565,1.00
372,565,1.00
373,565,1.00
374,565,1.00
375,565,1.00
376,565,1.00
377,565,1.00
378,565,1.00
379,565,1.00
380,565,1.00
381,565,1.00
382,565,1.00
366,566,1.00
366,567,1.00
366,568,1.00
366,569,1.00
366,570,1.00
366,571,1.00
366,572,1.00
366,573,1.00
366,574,1.00
366,575,1.00
366,576,1.00
366,577,1.00
366,578,1.00
366,579,1.00
366,580,1.00
366,563,1.00
367,563,1.00
368,563,1.00
369,563,1.00
370,563,1.00
371,563,1.00
372,563,1.00
373,563,1.00
374,563,1.00
375,563,1.00
376,563,1.00
377,563,1.00
378,563,1.00
379,563,1.00
380,563,1.00
381,563,1.00
382,563,1.00
365,562,1.00
366,562,1.00
367,562,1.00
368,562,1.00
369,562,1.00
370,562,1.00
371,562,1.00
372,562,1.00
373,562,1.00
374,562,1.00
375,562,1.00
376,562,1.00
377,562,1.00
378,562,1.00
379,562,1.00
380,562,1.00
381,562,1.00
365,563,1.00
365,564,1.00
365,565,1.00
365,566,1.00
365,567,1.00
365,568,1.00
365,569,1.00
365,570,1.00
365,571,1.00
365,572,1.00
365,573,1.00
365,574,1.00
365,575,1.00
365,576,1.00
365,577,1.00
365,578,1.00
364,561,1.00
365,561,1.00
366,561,1.00
367,561,1.00
368,561,1.00
369,561,1.00
370,561,1.00
371,561,1.00
372,561,1.00
373,561,1.00
374,561,1.00
375,561,1.00
376,561,1.00
377,561,1.00
378,561,1.00
379,561,1.00
380,561,1.00
364,562,1.00
364,563,1.00
364,564,1.00
364,565,1.00
364,566,1.00
364,567,1.00
364,568,1.00
364,569,1.00
364,570,1.00
364,571,1.00
364,572,1.00
364,573,1.00
364,574,1.00
364,575,1.00
364,576,1.00
364,577,1.00
362,559,1.00
363,559,1.00
364,559,1.00
365,559,1.00
366,559,1.00
367,559,1.00
368,559,1.00
369,559,1.00
370,559,1.00
371,559,1.00
372,559,1.00
373,559,1.00
374,559,1.00
375,559,1.00
376,559,1.00
377,559,1.00
378,559,1.00
362,560,1.00
363,560,1.00
364,560,1.00
365,560,1.00
366,560,1.00
367,560,1.00
368,560,1.00
369,560,1.00
370,560,1.00
371,560,1.00
372,560,1.00
373,560,1.00
374,560,1.00
375,560,1.00
376,560,1.00
377,560,1.00
378,560,1.00
362,561,1.00
363,561,1.00
362,562,1.00
363,562,1.00
362,563,1.00
363,563,1.00
362,564,1.00
363,564,1.00
362,565,1.00
363,565,1.00
362,566,1.00
363,566,1.00
362,567,1.00
363,567,1.00
362,568,1.00
363,568,1.00
362,569,1.00
363,569,1.00
362,570,1.00
363,570,1.00
362,571,1.00
363,571,1.00
362,572,1.00
363,572,1.00
362,573,1.00
363,573,1.00
362,574,1.00
363,574,1.00
362,575,1.00
363,575,1.00
362,557,1.00
363,557,1.00
364,557,1.00
365,557,1.00
366,557,1.00
367,557,1.00
368,557,1.00
369,557,1.00
370,557,1.00
371,557,1.00
372,557,1.00
373,557,1.00
374,557,1.00
375,557,1.00
376,557,1.00
377,557,1.00
378,557,1.00
362,558,1.00
363,558,1.00
364,558,1.00
365,558,1.00
366,558,1.00
367,558,1.00
368,558,1.00
369,558,1.00
370,558,1.00
371,558,1.00
372,558,1.00
373,558,1.00
374,558,1.00
375,558,1.00
376,558,1.00
377,558,1.00
378,558,1.00
359,556,1.00
360,556,1.00
361,556,1.00
362,556,1.00
363,556,1.00
364,556,1.00
365,556,1.00
366,556,1.00
367,556,1.00
368,556,1.00
369,556,1.00
370,556,1.00
371,556,1.00
372,556,1.00
373,556,1.00
374,556,1.00
375,556,0.69
359,557,1.00
360,557,1.00
361,557,1.00
359,558,1.00
360,558,1.00
361,558,1.00
359,559,1.00
360,559,1.00
361,559,1.00
359,560,1.00
360,560,1.00
361,560,1.00
359,561,1.00
360,561,1.00
361,561,1.00
359,562,1.00
360,562,1.00
361,562,1.00
359,563,1.00
360,563,1.00
361,563,1.00
359,564,1.00
360,564,1.00
361,564,1.00
359,565,1.00
360,565,1.00
361,565,1.00
359,566,1.00
360,566,1.00
361,566,1.00
359,567,1.00
360,567,1.00
361,567,1.00
359,568,1.00
360,568,1.00
361,568,1.00
359,569,1.00
360,569,1.00
361,569,1.00
359,570,1.00
360,570,1.00
361,570,1.00
359,571,1.00
360,571,1.00
361,571,1.00
359,572,1.00
360,572,1.00
361,572,1.00
358,555,1.00
359,555,1.00
360,555,1.00
361,555,1.00
362,555,1.00
363,555,1.00
364,555,1.00
365,555,1.00
366,555,1.00
367,555,1.00
368,555,1.00
369,555,1.00
370,555,1.00
371,555,1.00
372,555,1.00
373,555,1.00
374,555,0.69
358,556,1.00
358,557,1.00
358,558,1.00
358,559,1.00
358,560,1.00
358,561,1.00
358,562,1.00
358,563,1.00
358,564,1.00
358,565,1.00
358,566,1.00
358,567,1.00
358,568,1.00
358,569,1.00
358,570,1.00
358,571,1.00
357,555,1.00
357,556,1.00
357,557,1.00
357,558,1.00
357,559,1.00
357,560,1.00
357,561,1.00
357,562,1.00
357,563,1.00
357,564,1.00
357,565,1.00
357,566,1.00
357,567,1.00
357,568,1.00
357,569,1.00
357,570,1.00
357,571,1.00
356,554,1.00
357,554,1.00
358,554,1.00
359,554,1.00
360,554,1.00
361,554,1.00
362,554,1.00
363,554,1.00
364,554,1.00
365,554,1.00
366,554,1.00
367,554,1.00
368,554,1.00
369,554,1.00
370,554,1.00
371,554,1.00
372,554,1.00
356,555,1.00
356,556,1.00
356,557,1.00
356,558,1.00
356,559,1.00
356,560,1.00
356,561,1.00
356,562,1.00
356,563,1.00
356,564,1.00
356,565,1.00
356,566,1.00
356,567,1.00
356,568,1.00
356,569,1.00
356,570,1.00
355,554,1.00
355,555,1.00
355,556,1.00
355,557,1.00
355,558,1.00
355,559,1.00
355,560,1.00
355,561,1.00
355,562,1.00
355,563,1.00
355,564,1.00
355,565,1.00
355,566,1.00
355,567,1.00
355,568,1.00
355,569,1.00
355,570,1.00
354,553,1.00
355,553,1.00
356,553,1.00
357,553,1.00
358,553,1.00
359,553,1.00
360,553,1.00
361,553,1.00
362,553,1.00
363,553,1.00
364,553,1.00
365,553,1.00
366,553,1.00
367,553,1.00
368,553,1.00
369,553,1.00
370,553,1.00
354,554,1.00
354,555,1.00
354,556,1.00
354,557,1.00
354,558,1.00
354,559,1.00
354,560,1.00
354,561,1.00
354,562,1.00
354,563,1.00
354,564,1.00
354,565,1.00
354,566,1.00
354,567,1.00
354,568,1.00
354,569,1.00
353,553,1.00
353,554,1.00
353,555,1.00
353,556,1.00
353,557,1.00
353,558,1.00
353,559,1.00
353,560,1.00
353,561,1.00
353,562,1.00
353,563,1.00
353,564,1.00
353,565,1.00
353,566,1.00
353,567,1.00
353,568,1.00
353,569,1.00
352,553,1.00
352,554,1.00
352,555,1.00
352,556,1.00
352,557,1.00
352,558,1.00
352,559,1.00
352,560,1.00
352,561,1.00
352,562,1.00
352,563,1.00
352,564,1.00
352,565,1.00
352,566,1.00
352,567,1.00
352,568,0.69
352,569,0.69
351,551,1.00
352,551,1.00
353,551,1.00
354,551,1.00
355,551,1.00
356,551,1.00
357,551,1.00
358,551,1.00
359,551,1.00
360,551,1.00
361,551,1.00
362,551,1.00
363,551,1.00
364,551,1.00
365,551,1.00
366,551,1.00
367,551,1.00
351,552,1.00
352,552,1.00
353,552,1.00
354,552,1.00
355,552,1.00
356,552,1.00
357,552,1.00
358,552,1.00
359,552,1.00
360,552,1.00
361,552,1.00
362,552,1.00
363,552,1.00
364,552,1.00
365,552,1.00
366,552,1.00
367,552,1.00
351,553,1.00
351,554,1.00
351,555,1.00
351,556,1.00
351,557,1.00
351,558,1.00
351,559,1.00
351,560,1.00
351,561,1.00
351,562,1.00
351,563,1.00
351,564,1.00
351,565,1.00
351,566,1.00
351,567,0.69
350,550,1.00
351,550,1.00
352,550,1.00
353,550,1.00
354,550,1.00
355,550,1.00
356,550,1.00
357,550,1.00
358,550,1.00
359,550,1.00
360,550,1.00
361,550,1.00
362,550,1.00
363,550,1.00
364,550,1.00
365,550,1.00
366,550,1.00
350,551,1.00
350,552,1.00
350,553,1.00
350,554,1.00
350,555,1.00
350,556,1.00
350,557,1.00
350,558,1.00
350,559,1.00
350,560,1.00
350,561,1.00
350,562,1.00
350,563,1.00
350,564,1.00
350,565,1.00
350,566,1.00
354,548,0.69
355,548,0.69
356,548,0.69
357,548,1.00
358,548,1.00
359,548,1.00
360,548,1.00
361,548,1.00
362,548,1.00
363,548,1.00
364,548,1.00
365,548,1.00
366,548,1.00
367,548,1.00
368,548,1.00
369,548,1.00
370,548,1.00
354,549,0.69
355,549,0.69
356,549,0.69
357,549,1.00
358,549,1.00
359,549,1.00
360,549,1.00
361,549,1.00
362,549,1.00
363,549,1.00
364,549,1.00
365,549,1.00
366,549,1.00
367,549,1.00
368,549,1.00
369,549,1.00
370,549,1.00
367,550,1.00
368,550,1.00
369,550,1.00
370,550,1.00
368,551,1.00
369,551,1.00
370,551,1.00
368,552,1.00
369,552,1.00
370,552,1.00
357,545,0.69
358,545,0.69
359,545,0.69
360,545,0.69
361,545,0.69
362,545,0.69
363,545,0.69
364,545,0.69
365,545,0.69
366,545,0.69
367,545,0.69
368,545,0.69
369,545,1.00
370,545,1.00
371,545,1.00
372,545,1.00
373,545,1.00
357,546,0.69
358,546,0.69
359,546,0.69
360,546,0.69
361,546,0.69
362,546,0.72
363,546,0.75
364,546,0.76
365,546,0.77
366,546,0.76
367,546,0.75
368,546,0.72
369,546,1.00
370,546,1.00
371,546,1.00
372,546,1.00
373,546,1.00
357,547,0.69
358,547,0.69
359,547,0.69
360,547,0.70
361,547,0.75
362,547,0.79
363,547,0.82
364,547,0.84
365,547,0.84
366,547,0.84
367,547,0.82
368,547,0.79
369,547,1.00
370,547,1.00
371,547,1.00
372,547,1.00
373,547,1.00
371,548,1.00
372,548,1.00
373,548,1.00
371,549,1.00
372,549,1.00
373,549,1.00
371,550,1.00
372,550,1.00
373,550,1.00
371,551,1.00
372,551,1.00
373,551,1.00
371,552,1.00
372,552,1.00
373,552,1.00
371,553,1.00
372,553,1.00
373,553,1.00
373,554,0.69
369,537,0.69
370,537,0.69
371,537,0.69
372,537,0.69
373,537,0.69
374,537,0.69
375,537,1.00
376,537,1.00
377,537,1.00
378,537,1.00
379,537,1.00
380,537,1.00
381,537,1.00
382,537,1.00
383,537,1.00
384,537,1.00
385,537,1.00
369,538,0.69
370,538,0.69
371,538,0.69
372,538,0.69
373,538,0.69
374,538,0.72
375,538,1.00
376,538,1.00
377,538,1.00
378,538,1.00
379,538,1.00
380,538,1.00
381,538,1.00
382,538,1.00
383,538,1.00
384,538,1.00
385,538,1.00
369,539,0.69
370,539,0.69
371,539,0.69
372,539,0.70
373,539,0.75
374,539,0.79
375,539,1.00
376,539,1.00
377,539,1.00
378,539,1.00
379,539,1.00
380,539,1.00
381,539,1.00
382,539,1.00
383,539,1.00
384,539,1.00
385,539,1.00
369,540,0.69
370,540,0.69
371,540,0.70
372,540,0.76
373,540,0.81
374,540,0.86
375,540,1.00
376,540,1.00
377,540,1.00
378,540,1.00
379,540,1.00
380,540,1.00
381,540,1.00
382,540,1.00
383,540,1.00
384,540,1.00
385,540,1.00
369,541,0.69
370,541,0.69
371,541,0.75
372,541,0.81
373,541,0.87
374,541,0.92
375,541,1.00
376,541,1.00
377,541,1.00
378,541,1.00
379,541,1.00
380,541,1.00
381,541,1.00
382,541,1.00
383,541,1.00
384,541,1.00
385,541,1.00
369,542,0.69
370,542,0.72
371,542,0.79
372,542,0.86
373,542,0.92
374,542,0.98
375,542,1.00
376,542,1.00
377,542,1.00
378,542,1.00
379,542,1.00
380,542,1.00
381,542,1.00
382,542,1.00
383,542,1.00
384,542,1.00
385,542,1.00
369,543,0.69
370,543,0.75
371,543,0.82
372,543,0.89
373,543,0.96
374,543,1.00
375,543,1.00
376,543,1.00
377,543,1.00
378,543,1.00
379,543,1.00
380,543,1.00
381,543,1.00
382,543,1.00
383,543,1.00
384,543,1.00
385,543,1.00
369,544,0.69
370,544,0.76
371,544,0.84
372,544,0.91
373,544,0.99
374,544,1.00
375,544,1.00
376,544,1.00
377,544,1.00
378,544,1.00
379,544,1.00
380,544,1.00
381,544,1.00
382,544,1.00
383,544,1.00
384,544,1.00
385,544,1.00
374,545,1.00
375,545,1.00
376,545,1.00
377,545,1.00
378,545,1.00
379,545,1.00
380,545,1.00
381,545,1.00
382,545,1.00
383,545,1.00
384,545,1.00
385,545,1.00
374,546,1.00
375,546,1.00
376,546,1.00
377,546,1.00
378,546,1.00
379,546,1.00
380,546,1.00
381,546,1.00
382,546,1.00
383,546,1.00
384,546,1.00
385,546,1.00
374,547,1.00
375,547,1.00
376,547,1.00
377,547,1.00
378,547,1.00
379,547,1.00
380,547,1.00
381,547,1.00
382,547,1.00
383,547,1.00
384,547,1.00
385,547,1.00
374,548,0.98
375,548,1.00
376,548,1.00
377,548,1.00
378,548,1.00
379,548,1.00
380,548,1.00
381,548,1.00
382,548,1.00
383,548,1.00
384,548,1.00
385,548,1.00
374,549,0.92
375,549,1.00
376,549,1.00
377,549,1.00
378,549,1.00
379,549,1.00
380,549,1.00
381,549,1.00
382,549,1.00
383,549,1.00
384,549,1.00
385,549,1.00
374,550,0.86
375,550,0.89
376,550,0.91
377,550,0.92
378,550,0.91
379,550,0.89
380,550,0.86
381,550,0.81
382,550,0.76
383,550,0.70
384,550,0.69
385,550,0.69
374,551,0.79
375,551,0.82
376,551,0.84
377,551,0.84
378,551,0.84
379,551,0.82
380,551,0.79
381,551,0.75
382,551,0.70
383,551,0.69
384,551,0.69
385,551,0.69
374,552,0.72
375,552,0.75
376,552,0.76
377,552,0.77
378,552,0.76
379,552,0.75
380,552,0.72
381,552,0.69
382,552,0.69
383,552,0.69
384,552,0.69
385,552,0.69
374,553,0.69
375,553,0.69
376,553,0.69
377,553,0.69
378,553,0.69
379,553,0.69
380,553,0.69
381,553,0.69
382,553,0.69
383,553,0.69
384,553,0.69
385,553,0.69
375,533,0.69
376,533,0.69
377,533,0.69
378,533,0.69
379,533,0.69
380,533,0.69
381,533,0.69
382,533,0.69
383,533,0.69
384,533,0.69
385,533,1.00
386,533,1.00
387,533,1.00
388,533,1.00
389,533,1.00
390,533,1.00
391,533,1.00
375,534,0.69
376,534,0.69
377,534,0.69
378,534,0.69
379,534,0.69
380,534,0.72
381,534,0.75
382,534,0.76
383,534,0.77
384,534,0.76
385,534,1.00
386,534,1.00
387,534,1.00
388,534,1.00
389,534,1.00
390,534,1.00
391,534,1.00
375,535,0.69
376,535,0.69
377,535,0.69
378,535,0.70
379,535,0.75
380,535,0.79
381,535,0.82
382,535,0.84
383,535,0.84
384,535,0.84
385,535,1.00
386,535,1.00
387,535,1.00
388,535,1.00
389,535,1.00
390,535,1.00
391,535,1.00
375,536,0.69
376,536,0.69
377,536,0.70
378,536,0.76
379,536,0.81
380,536,0.86
381,536,0.89
382,536,0.91
383,536,0.92
384,536,0.91
385,536,1.00
386,536,1.00
387,536,1.00
388,536,1.00
389,536,1.00
390,536,1.00
391,536,1.00
386,537,1.00
387,537,1.00
388,537,1.00
389,537,1.00
390,537,1.00
391,537,1.00
386,538,1.00
387,538,1.00
388,538,1.00
389,538,1.00
390,538,1.00
391,538,1.00
386,539,1.00
387,539,1.00
388,539,1.00
389,539,1.00
390,539,1.00
391,539,1.00
386,540,1.00
387,540,1.00
388,540,1.00
389,540,1.00
390,540,1.00
391,540,1.00
386,541,1.00
387,541,1.00
388,541,1.00
389,541,1.00
390,541,1.00
391,541,1.00
386,542,1.00
387,542,0.99
388,542,0.91
389,542,0.84
390,542,0.76
391,542,0.69
386,543,1.00
387,543,0.96
388,543,0.89
389,543,0.82
390,543,0.75
391,543,0.69
386,544,0.98
387,544,0.92
388,544,0.86
389,544,0.79
390,544,0.72
391,544,0.69
386,545,0.92
387,545,0.87
388,545,0.81
389,545,0.75
390,545,0.69
391,545,0.69
386,546,0.86
387,546,0.81
388,546,0.76
389,546,0.70
390,546,0.69
391,546,0.69
386,547,0.79
387,547,0.75
388,547,0.70
389,547,0.69
390,547,0.69
391,547,0.69
386,548,0.72
387,548,0.69
388,548,0.69
389,548,0.69
390,548,0.69
391,548,0.69
386,549,0.69
387,549,0.69
388,549,0.69
389,549,0.69
390,549,0.69
391,549,0.69
385,525,0.69
386,525,0.69
387,525,0.69
388,525,0.69
389,525,1.00
390,525,1.00
391,525,1.00
392,525,1.00
393,525,1.00
394,525,1.00
395,525,1.00
396,525,1.00
397,525,1.00
398,525,1.00
399,525,1.00
400,525,1.00
401,525,1.00
385,526,0.69
386,526,0.69
387,526,0.69
388,526,0.69
389,526,1.00
390,526,1.00
391,526,1.00
392,526,1.00
393,526,1.00
394,526,1.00
395,526,1.00
396,526,1.00
397,526,1.00
398,526,1.00
399,526,1.00
400,526,1.00
401,526,1.00
385,527,0.69
386,527,0.69
387,527,0.69
388,527,0.70
389,527,1.00
390,527,1.00
391,527,1.00
392,527,1.00
393,527,1.00
394,527,1.00
395,527,1.00
396,527,1.00
397,527,1.00
398,527,1.00
399,527,1.00
400,527,1.00
401,527,1.00
385,528,0.69
386,528,0.69
387,528,0.70
388,528,0.76
389,528,1.00
390,528,1.00
391,528,1.00
392,528,1.00
393,528,1.00
394,528,1.00
395,528,1.00
396,528,1.00
397,528,1.00
398,528,1.00
399,528,1.00
400,528,1.00
401,528,1.00
385,529,0.69
386,529,0.69
387,529,0.75
388,529,0.81
389,529,1.00
390,529,1.00
391,529,1.00
392,529,1.00
393,529,1.00
394,529,1.00
395,529,1.00
396,529,1.00
397,529,1.00
398,529,1.00
399,529,1.00
400,529,1.00
401,529,1.00
385,530,0.69
386,530,0.72
387,530,0.79
388,530,0.86
389,530,1.00
390,530,1.00
391,530,1.00
392,530,1.00
393,530,1.00
394,530,1.00
395,530,1.00
396,530,1.00
397,530,1.00
398,530,1.00
399,530,1.00
400,530,1.00
401,530,1.00
385,531,0.69
386,531,0.75
387,531,0.82
388,531,0.89
389,531,1.00
390,531,1.00
391,531,1.00
392,531,1.00
393,531,1.00
394,531,1.00
395,531,1.00
396,531,1.00
397,531,1.00
398,531,1.00
399,531,1.00
400,531,1.00
401,531,1.00
385,532,0.69
386,532,0.76
387,532,0.84
388,532,0.91
389,532,1.00
390,532,1.00
391,532,1.00
392,532,1.00
393,532,1.00
394,532,1.00
395,532,1.00
396,532,1.00
397,532,1.00
398,532,1.00
399,532,1.00
400,532,1.00
401,532,1.00
392,533,1.00
393,533,1.00
394,533,1.00
395,533,1.00
396,533,1.00
397,533,1.00
398,533,1.00
399,533,1.00
400,533,1.00
401,533,1.00
392,534,1.00
393,534,1.00
394,534,1.00
395,534,1.00
396,534,1.00
397,534,1.00
398,534,1.00
399,534,1.00
400,534,1.00
401,534,1.00
392,535,1.00
393,535,1.00
394,535,1.00
395,535,1.00
396,535,1.00
397,535,1.00
398,535,1.00
399,535,1.00
400,535,1.00
401,535,1.00
392,536,1.00
393,536,1.00
394,536,1.00
395,536,1.00
396,536,1.00
397,536,1.00
398,536,1.00
399,536,1.00
400,536,1.00
401,536,1.00
392,537,1.00
393,537,1.00
394,537,1.00
395,537,1.00
396,537,1.00
397,537,1.00
398,537,1.00
399,537,1.00
400,537,1.00
401,537,1.00
392,538,1.00
393,538,1.00
394,538,1.00
395,538,1.00
396,538,1.00
397,538,1.00
398,538,1.00
399,538,1.00
400,538,1.00
401,538,1.00
392,539,0.84
393,539,0.84
394,539,0.84
395,539,0.82
396,539,0.79
397,539,0.75
398,539,0.70
399,539,1.00
400,539,1.00
401,539,1.00
392,540,0.76
393,540,0.77
394,540,0.76
395,540,0.75
396,540,0.72
397,540,0.69
398,540,0.69
399,540,1.00
400,540,1.00
401,540,1.00
392,541,0.69
393,541,0.69
394,541,0.69
395,541,0.69
396,541,0.69
397,541,0.69
398,541,0.69
399,541,1.00
400,541,1.00
401,541,1.00
394,519,1.00
395,519,1.00
396,519,1.00
397,519,1.00
398,519,1.00
399,519,1.00
400,519,1.00
401,519,1.00
402,519,1.00
403,519,1.00
404,519,1.00
405,519,1.00
406,519,1.00
407,519,1.00
408,519,1.00
409,519,1.00
410,519,1.00
394,520,1.00
395,520,1.00
396,520,1.00
397,520,1.00
398,520,1.00
399,520,1.00
400,520,1.00
401,520,1.00
402,520,1.00
403,520,1.00
404,520,1.00
405,520,1.00
406,520,1.00
407,520,1.00
408,520,1.00
409,520,1.00
410,520,1.00
394,521,1.00
395,521,1.00
396,521,1.00
397,521,1.00
398,521,1.00
399,521,1.00
400,521,1.00
401,521,1.00
402,521,1.00
403,521,1.00
404,521,1.00
405,521,1.00
406,521,1.00
407,521,1.00
408,521,1.00
409,521,1.00
410,521,1.00
394,522,1.00
395,522,1.00
396,522,1.00
397,522,1.00
398,522,1.00
399,522,1.00
400,522,1.00
401,522,1.00
402,522,1.00
403,522,1.00
404,522,1.00
405,522,1.00
406,522,1.00
407,522,1.00
408,522,1.00
409,522,1.00
410,522,1.00
394,523,1.00
395,523,1.00
396,523,1.00
397,523,1.00
398,523,1.00
399,523,1.00
400,523,1.00
401,523,1.00
402,523,1.00
403,523,1.00
404,523,1.00
405,523,1.00
406,523,1.00
407,523,1.00
408,523,1.00
409,523,1.00
410,523,1.00
394,524,1.00
395,524,1.00
396,524,1.00
397,524,1.00
398,524,1.00
399,524,1.00
400,524,1.00
401,524,1.00
402,524,1.00
403,524,1.00
404,524,1.00
405,524,1.00
406,524,1.00
407,524,1.00
408,524,1.00
409,524,1.00
410,524,1.00
402,525,1.00
403,525,1.00
404,525,1.00
405,525,1.00
406,525,1.00
407,525,1.00
408,525,1.00
409,525,1.00
410,525,1.00
402,526,1.00
403,526,1.00
404,526,1.00
405,526,1.00
406,526,1.00
407,526,1.00
408,526,1.00
409,526,1.00
410,526,1.00
402,527,1.00
403,527,1.00
404,527,1.00
405,527,1.00
406,527,1.00
407,527,1.00
408,527,1.00
409,527,1.00
410,527,1.00
402,528,1.00
403,528,1.00
404,528,1.00
405,528,1.00
406,528,1.00
407,528,1.00
408,528,1.00
409,528,1.00
410,528,1.00
402,529,1.00
403,529,1.00
404,529,1.00
405,529,1.00
406,529,1.00
407,529,1.00
408,529,1.00
409,529,1.00
410,529,1.00
402,530,1.00
403,530,1.00
404,530,1.00
405,530,1.00
406,530,1.00
407,530,1.00
408,530,1.00
409,530,1.00
410,530,1.00
402,531,1.00
403,531,1.00
404,531,1.00
405,531,1.00
406,531,1.00
407,531,1.00
408,531,1.00
409,531,1.00
410,531,1.00
402,532,1.00
403,532,1.00
404,532,1.00
405,532,1.00
406,532,1.00
407,532,1.00
408,532,1.00
409,532,1.00
410,532,1.00
402,533,1.00
403,533,1.00
404,533,1.00
405,533,1.00
406,533,0.75
407,533,1.00
408,533,1.00
409,533,1.00
410,533,1.00
402,534,1.00
403,534,1.00
404,534,1.00
405,534,1.00
406,534,0.69
407,534,1.00
408,534,1.00
409,534,1.00
410,534,1.00
402,535,1.00
403,535,1.00
404,535,1.00
405,535,1.00
406,535,1.00
407,535,1.00
408,535,1.00
409,535,1.00
410,535,1.00
398,516,1.00
399,516,1.00
400,516,1.00
401,516,1.00
402,516,1.00
403,516,1.00
404,516,1.00
405,516,1.00
406,516,1.00
407,516,1.00
408,516,1.00
409,516,1.00
410,516,1.00
411,516,1.00
412,516,1.00
413,516,1.00
414,516,1.00
398,517,1.00
399,517,1.00
400,517,1.00
401,517,1.00
402,517,1.00
403,517,1.00
404,517,1.00
405,517,1.00
406,517,1.00
407,517,1.00
408,517,1.00
409,517,1.00
410,517,1.00
411,517,1.00
412,517,1.00
413,517,1.00
414,517,1.00
398,518,1.00
399,518,1.00
400,518,1.00
401,518,1.00
402,518,1.00
403,518,1.00
404,518,1.00
405,518,1.00
406,518,1.00
407,518,1.00
408,518,1.00
409,518,1.00
410,518,1.00
411,518,1.00
412,518,1.00
413,518,1.00
414,518,1.00
411,519,1.00
412,519,1.00
413,519,1.00
414,519,1.00
411,520,1.00
412,520,1.00
413,520,1.00
414,520,1.00
411,521,1.00
412,521,1.00
413,521,1.00
414,521,1.00
411,522,1.00
412,522,1.00
413,522,1.00
414,522,1.00
411,523,1.00
412,523,1.00
413,523,1.00
414,523,1.00
411,524,1.00
412,524,1.00
413,524,1.00
414,524,1.00
411,525,1.00
412,525,1.00
413,525,1.00
414,525,1.00
411,526,1.00
412,526,1.00
413,526,1.00
414,526,1.00
411,527,1.00
412,527,1.00
413,527,1.00
414,527,1.00
411,528,1.00
412,528,1.00
413,528,1.00
414,528,1.00
411,529,0.76
412,529,0.70
413,529,0.69
414,529,0.69
411,530,1.00
412,530,1.00
413,530,1.00
414,530,1.00
411,531,1.00
412,531,1.00
413,531,1.00
414,531,1.00
411,532,1.00
412,532,1.00
413,532,1.00
414,532,1.00
407,512,1.00
408,512,1.00
409,512,1.00
410,512,1.00
411,512,1.00
412,512,1.00
413,512,1.00
414,512,1.00
415,512,1.00
416,512,1.00
417,512,1.00
418,512,1.00
419,512,1.00
420,512,1.00
421,512,1.00
422,512,1.00
423,512,1.00
407,513,1.00
408,513,1.00
409,513,1.00
410,513,1.00
411,513,1.00
412,513,1.00
413,513,1.00
414,513,1.00
415,513,1.00
416,513,1.00
417,513,1.00
418,513,1.00
419,513,1.00
420,513,1.00
421,513,1.00
422,513,1.00
423,513,1.00
407,514,1.00
408,514,1.00
409,514,1.00
410,514,1.00
411,514,1.00
412,514,1.00
413,514,1.00
414,514,1.00
415,514,1.00
416,514,1.00
417,514,1.00
418,514,1.00
419,514,1.00
420,514,1.00
421,514,1.00
422,514,1.00
423,514,1.00
407,515,1.00
408,515,1.00
409,515,1.00
410,515,1.00
411,515,1.00
412,515,1.00
413,515,1.00
414,515,1.00
415,515,1.00
416,515,1.00
417,515,1.00
418,515,1.00
419,515,1.00
420,515,1.00
421,515,1.00
422,515,1.00
423,515,1.00
415,516,1.00
416,516,1.00
417,516,1.00
418,516,1.00
419,516,1.00
420,516,1.00
421,516,1.00
422,516,1.00
423,516,1.00
415,517,1.00
416,517,1.00
417,517,1.00
418,517,1.00
419,517,1.00
420,517,1.00
421,517,1.00
422,517,1.00
423,517,1.00
415,518,1.00
416,518,1.00
417,518,1.00
418,518,1.00
419,518,1.00
420,518,1.00
421,518,1.00
422,518,1.00
423,518,1.00
415,519,1.00
416,519,1.00
417,519,1.00
418,519,1.00
419,519,1.00
420,519,1.00
421,519,1.00
422,519,1.00
423,519,1.00
415,520,1.00
416,520,1.00
417,520,1.00
418,520,1.00
419,520,1.00
420,520,1.00
421,520,1.00
422,520,1.00
423,520,1.00
415,521,1.00
416,521,1.00
417,521,1.00
418,521,1.00
419,521,1.00
420,521,1.00
421,521,1.00
422,521,1.00
423,521,1.00
415,522,1.00
416,522,1.00
417,522,1.00
418,522,1.00
419,522,1.00
420,522,1.00
421,522,1.00
422,522,1.00
423,522,1.00
415,523,1.00
416,523,1.00
417,523,1.00
418,523,0.98
419,523,0.92
420,523,0.86
421,523,0.79
422,523,0.72
423,523,0.69
415,524,1.00
416,524,0.99
417,524,0.96
418,524,0.92
419,524,0.87
420,524,0.81
421,524,0.75
422,524,0.69
423,524,0.69
415,525,0.92
416,525,0.91
417,525,0.89
418,525,0.86
419,525,0.81
420,525,0.76
421,525,0.70
422,525,0.69
423,525,0.69
415,526,0.84
416,526,0.84
417,526,0.82
418,526,0.79
419,526,0.75
420,526,0.70
421,526,0.69
422,526,0.69
423,526,0.69
415,527,1.00
416,527,1.00
417,527,1.00
418,527,1.00
419,527,1.00
420,527,1.00
421,527,1.00
422,527,1.00
423,527,1.00
415,528,1.00
416,528,1.00
417,528,1.00
418,528,1.00
419,528,1.00
420,528,1.00
421,528,1.00
422,528,1.00
423,528,1.00
415,506,1.00
416,506,1.00
417,506,1.00
418,506,1.00
419,506,1.00
420,506,1.00
421,506,1.00
422,506,1.00
423,506,1.00
424,506,1.00
425,506,1.00
426,506,1.00
427,506,1.00
428,506,1.00
429,506,1.00
430,506,1.00
431,506,1.00
415,507,1.00
416,507,1.00
417,507,1.00
418,507,1.00
419,507,1.00
420,507,1.00
421,507,1.00
422,507,1.00
423,507,1.00
424,507,1.00
425,507,1.00
426,507,1.00
427,507,1.00
428,507,1.00
429,507,1.00
430,507,1.00
431,507,1.00
415,508,1.00
416,508,1.00
417,508,1.00
418,508,1.00
419,508,1.00
420,508,1.00
421,508,1.00
422,508,1.00
423,508,1.00
424,508,1.00
425,508,1.00
426,508,1.00
427,508,1.00
428,508,1.00
429,508,1.00
430,508,1.00
431,508,1.00
415,509,1.00
416,509,1.00
417,509,1.00
418,509,1.00
419,509,1.00
420,509,1.00
421,509,1.00
422,509,1.00
423,509,1.00
424,509,1.00
425,509,1.00
426,509,1.00
427,509,1.00
428,509,1.00
429,509,1.00
430,509,1.00
431,509,1.00
415,510,1.00
416,510,1.00
417,510,1.00
418,510,1.00
419,510,1.00
420,510,1.00
421,510,1.00
422,510,1.00
423,510,1.00
424,510,1.00
425,510,1.00
426,510,1.00
427,510,1.00
428,510,1.00
429,510,1.00
430,510,1.00
431,510,1.00
415,511,1.00
416,511,1.00
417,511,1.00
418,511,1.00
419,511,1.00
420,511,1.00
421,511,1.00
422,511,1.00
423,511,1.00
424,511,1.00
425,511,1.00
426,511,1.00
427,511,1.00
428,511,1.00
429,511,1.00
430,511,1.00
431,511,1.00
424,512,1.00
425,512,1.00
426,512,1.00
427,512,1.00
428,512,1.00
429,512,1.00
430,512,1.00
431,512,1.00
424,513,1.00
425,513,1.00
426,513,1.00
427,513,1.00
428,513,1.00
429,513,1.00
430,513,1.00
431,513,1.00
424,514,1.00
425,514,1.00
426,514,1.00
427,514,1.00
428,514,1.00
429,514,1.00
430,514,1.00
431,514,1.00
424,515,1.00
425,515,1.00
426,515,1.00
427,515,1.00
428,515,1.00
429,515,1.00
430,515,1.00
431,515,1.00
424,516,1.00
425,516,1.00
426,516,1.00
427,516,1.00
428,516,1.00
429,516,1.00
430,516,1.00
431,516,1.00
424,517,1.00
425,517,1.00
426,517,1.00
427,517,1.00
428,517,1.00
429,517,1.00
430,517,1.00
431,517,1.00
424,518,1.00
425,518,1.00
426,518,1.00
427,518,1.00
428,518,1.00
429,518,1.00
430,518,1.00
431,518,1.00
424,519,1.00
425,519,1.00
426,519,1.00
427,519,1.00
428,519,1.00
429,519,1.00
430,519,1.00
431,519,1.00
424,520,0.84
425,520,0.82
426,520,0.79
427,520,0.75
428,520,0.70
429,520,0.69
430,520,0.69
431,520,1.00
424,521,0.76
425,521,0.75
426,521,0.72
427,521,0.69
428,521,0.69
429,521,0.69
430,521,0.69
431,521,1.00
424,522,0.69
425,522,0.69
426,522,0.69
427,522,0.69
428,522,0.69
429,522,0.69
430,522,0.69
431,522,1.00
419,503,1.00
420,503,1.00
421,503,1.00
422,503,1.00
423,503,1.00
424,503,1.00
425,503,1.00
426,503,1.00
427,503,1.00
428,503,1.00
429,503,1.00
430,503,1.00
431,503,1.00
432,503,1.00
433,503,1.00
434,503,1.00
435,503,1.00
419,504,1.00
420,504,1.00
421,504,1.00
422,504,1.00
423,504,1.00
424,504,1.00
425,504,1.00
426,504,1.00
427,504,1.00
428,504,1.00
429,504,1.00
430,504,1.00
431,504,1.00
432,504,1.00
433,504,1.00
434,504,1.00
435,504,1.00
419,505,1.00
420,505,1.00
421,505,1.00
422,505,1.00
423,505,1.00
424,505,1.00
425,505,1.00
426,505,1.00
427,505,1.00
428,505,1.00
429,505,1.00
430,505,1.00
431,505,1.00
432,505,1.00
433,505,1.00
434,505,1.00
435,505,1.00
432,506,1.00
433,506,1.00
434,506,1.00
435,506,1.00
432,507,1.00
433,507,1.00
434,507,1.00
435,507,1.00
432,508,1.00
433,508,1.00
434,508,1.00
435,508,1.00
432,509,1.00
433,509,1.00
434,509,1.00
435,509,1.00
432,510,1.00
433,510,1.00
434,510,1.00
435,510,1.00
432,511,1.00
433,511,1.00
434,511,1.00
435,511,1.00
432,512,1.00
433,512,1.00
434,512,1.00
435,512,1.00
432,513,1.00
433,513,1.00
434,513,1.00
435,513,1.00
432,514,0.86
433,514,0.79
434,514,0.72
435,514,0.69
432,515,0.81
433,515,0.75
434,515,0.69
435,515,0.69
432,516,0.76
433,516,0.70
434,516,0.69
435,516,0.69
432,517,0.70
433,517,0.69
434,517,0.69
435,517,0.69
432,518,0.69
433,518,0.69
434,518,0.69
435,518,0.69
432,519,1.00
433,519,1.00
434,519,1.00
435,519,1.00
426,497,1.00
427,497,1.00
428,497,1.00
429,497,1.00
430,497,1.00
431,497,1.00
432,497,1.00
433,497,1.00
434,497,1.00
435,497,1.00
436,497,1.00
437,497,1.00
438,497,1.00
439,497,1.00
440,497,1.00
441,497,1.00
442,497,1.00
426,498,1.00
427,498,1.00
428,498,1.00
429,498,1.00
430,498,1.00
431,498,1.00
432,498,1.00
433,498,1.00
434,498,1.00
435,498,1.00
436,498,1.00
437,498,1.00
438,498,1.00
439,498,1.00
440,498,1.00
441,498,1.00
442,498,1.00
426,499,1.00
427,499,1.00
428,499,1.00
429,499,1.00
430,499,1.00
431,499,1.00
432,499,1.00
433,499,1.00
434,499,1.00
435,499,1.00
436,499,1.00
437,499,1.00
438,499,1.00
439,499,1.00
440,499,1.00
441,499,1.00
442,499,1.00
426,500,1.00
427,500,1.00
428,500,1.00
429,500,1.00
430,500,1.00
431,500,1.00
432,500,1.00
433,500,1.00
434,500,1.00
435,500,1.00
436,500,1.00
437,500,1.00
438,500,1.00
439,500,1.00
440,500,1.00
441,500,1.00
442,500,1.00
426,501,1.00
427,501,1.00
428,501,1.00
429,501,1.00
430,501,1.00
431,501,1.00
432,501,1.00
433,501,1.00
434,501,1.00
435,501,1.00
436,501,1.00
437,501,1.00
438,501,1.00
439,501,1.00
440,501,1.00
441,501,1.00
442,501,1.00
426,502,1.00
427,502,1.00
428,502,1.00
429,502,1.00
430,502,1.00
431,502,1.00
432,502,1.00
433,502,1.00
434,502,1.00
435,502,1.00
436,502,1.00
437,502,1.00
438,502,1.00
439,502,1.00
440,502,1.00
441,502,1.00
442,502,1.00
436,503,1.00
437,503,1.00
438,503,1.00
439,503,1.00
440,503,1.00
441,503,1.00
442,503,1.00
436,504,1.00
437,504,1.00
438,504,1.00
439,504,1.00
440,504,1.00
441,504,1.00
442,504,1.00
436,505,1.00
437,505,1.00
438,505,1.00
439,505,1.00
440,505,1.00
441,505,1.00
442,505,1.00
436,506,1.00
437,506,1.00
438,506,0.99
439,506,0.91
440,506,0.84
441,506,0.76
442,506,0.69
436,507,1.00
437,507,1.00
438,507,0.96
439,507,0.89
440,507,0.82
441,507,0.75
442,507,0.69
436,508,1.00
437,508,0.98
438,508,0.92
439,508,0.86
440,508,0.79
441,508,0.72
442,508,0.69
436,509,0.96
437,509,0.92
438,509,0.87
439,509,0.81
440,509,0.75
441,509,0.69
442,509,0.69
436,510,0.89
437,510,0.86
438,510,0.81
439,510,0.76
440,510,0.70
441,510,0.69
442,510,0.69
436,511,0.82
437,511,0.79
438,511,0.75
439,511,0.70
440,511,0.69
441,511,0.69
442,511,0.69
436,512,0.75
437,512,0.72
438,512,0.69
439,512,0.69
440,512,0.69
441,512,0.69
442,512,0.69
436,513,0.69
437,513,0.69
438,513,0.69
439,513,0.69
440,513,0.69
441,513,0.69
442,513,0.69
432,489,1.00
433,489,1.00
434,489,1.00
435,489,1.00
436,489,1.00
437,489,1.00
438,489,1.00
439,489,1.00
440,489,1.00
441,489,1.00
442,489,1.00
443,489,1.00
444,489,1.00
445,489,1.00
446,489,1.00
447,489,1.00
448,489,1.00
432,490,1.00
433,490,1.00
434,490,1.00
435,490,1.00
436,490,1.00
437,490,1.00
438,490,1.00
439,490,1.00
440,490,1.00
441,490,1.00
442,490,1.00
443,490,1.00
444,490,1.00
445,490,1.00
446,490,1.00
447,490,1.00
448,490,1.00
432,491,1.00
433,491,1.00
434,491,1.00
435,491,1.00
436,491,1.00
437,491,1.00
438,491,1.00
439,491,1.00
440,491,1.00
441,491,1.00
442,491,1.00
443,491,1.00
444,491,1.00
445,491,1.00
446,491,1.00
447,491,1.00
448,491,1.00
432,492,1.00
433,492,1.00
434,492,1.00
435,492,1.00
436,492,1.00
437,492,1.00
438,492,1.00
439,492,1.00
440,492,1.00
441,492,1.00
442,492,1.00
443,492,1.00
444,492,1.00
445,492,1.00
446,492,1.00
447,492,1.00
448,492,1.00
432,493,1.00
433,493,1.00
434,493,1.00
435,493,1.00
436,493,1.00
437,493,1.00
438,493,1.00
439,493,1.00
440,493,1.00
441,493,1.00
442,493,1.00
443,493,1.00
444,493,1.00
445,493,1.00
446,493,1.00
447,493,1.00
448,493,1.00
432,494,1.00
433,494,1.00
434,494,1.00
435,494,1.00
436,494,1.00
437,494,1.00
438,494,1.00
439,494,1.00
440,494,1.00
441,494,1.00
442,494,1.00
443,494,1.00
444,494,1.00
445,494,1.00
446,494,1.00
447,494,1.00
448,494,1.00
432,495,1.00
433,495,1.00
434,495,1.00
435,495,1.00
436,495,1.00
437,495,1.00
438,495,1.00
439,495,1.00
440,495,1.00
441,495,1.00
442,495,1.00
443,495,1.00
444,495,1.00
445,495,1.00
446,495,1.00
447,495,1.00
448,495,1.00
432,496,1.00
433,496,1.00
434,496,1.00
435,496,1.00
436,496,1.00
437,496,1.00
438,496,1.00
439,496,1.00
440,496,1.00
441,496,1.00
442,496,1.00
443,496,1.00
444,496,1.00
445,496,1.00
446,496,1.00
447,496,1.00
448,496,1.00
443,497,1.00
444,497,1.00
445,497,1.00
446,497,1.00
447,497,1.00
448,497,1.00
443,498,1.00
444,498,1.00
445,498,1.00
446,498,1.00
447,498,1.00
448,498,1.00
443,499,1.00
444,499,1.00
445,499,1.00
446,499,1.00
447,499,1.00
448,499,1.00
443,500,0.98
444,500,0.92
445,500,0.86
446,500,0.79
447,500,0.72
448,500,0.69
443,501,0.92
444,501,0.87
445,501,0.81
446,501,0.75
447,501,0.69
448,501,0.69
443,502,0.86
444,502,0.81
445,502,0.76
446,502,0.70
447,502,0.69
448,502,0.69
443,503,0.79
444,503,0.75
445,503,0.70
446,503,0.69
447,503,0.69
448,503,0.69
443,504,0.72
444,504,0.69
445,504,0.69
446,504,0.69
447,504,0.69
448,504,0.69
443,505,0.69
444,505,0.69
445,505,0.69
446,505,0.69
447,505,0.69
448,505,0.69
438,483,1.00
439,483,1.00
440,483,1.00
441,483,1.00
442,483,1.00
443,483,1.00
444,483,1.00
445,483,1.00
446,483,1.00
447,483,1.00
448,483,1.00
449,483,1.00
450,483,1.00
451,483,1.00
452,483,1.00
453,483,1.00
454,483,1.00
438,484,1.00
439,484,1.00
440,484,1.00
441,484,1.00
442,484,1.00
443,484,1.00
444,484,1.00
445,484,1.00
446,484,1.00
447,484,1.00
448,484,1.00
449,484,1.00
450,484,1.00
451,484,1.00
452,484,1.00
453,484,1.00
454,484,1.00
438,485,1.00
439,485,1.00
440,485,1.00
441,485,1.00
442,485,1.00
443,485,1.00
444,485,1.00
445,485,1.00
446,485,1.00
447,485,1.00
448,485,1.00
449,485,1.00
450,485,1.00
451,485,1.00
452,485,1.00
453,485,1.00
454,485,1.00
438,486,1.00
439,486,1.00
440,486,1.00
441,486,1.00
442,486,1.00
443,486,1.00
444,486,1.00
445,486,1.00
446,486,1.00
447,486,1.00
448,486,1.00
449,486,1.00
450,486,1.00
451,486,1.00
452,486,1.00
453,486,1.00
454,486,1.00
438,487,1.00
439,487,1.00
440,487,1.00
441,487,1.00
442,487,1.00
443,487,1.00
444,487,1.00
445,487,1.00
446,487,1.00
447,487,1.00
448,487,1.00
449,487,1.00
450,487,1.00
451,487,1.00
452,487,1.00
453,487,1.00
454,487,1.00
438,488,1.00
439,488,1.00
440,488,1.00
441,488,1.00
442,488,1.00
443,488,1.00
444,488,1.00
445,488,1.00
446,488,1.00
447,488,1.00
448,488,1.00
449,488,1.00
450,488,1.00
451,488,1.00
452,488,1.00
453,488,1.00
454,488,1.00
449,489,1.00
450,489,1.00
451,489,1.00
452,489,1.00
453,489,1.00
454,489,1.00
449,490,1.00
450,490,1.00
451,490,1.00
452,490,1.00
453,490,1.00
454,490,1.00
449,491,1.00
450,491,1.00
451,491,1.00
452,491,1.00
453,491,1.00
454,491,1.00
449,492,1.00
450,492,1.00
451,492,1.00
452,492,1.00
453,492,1.00
454,492,1.00
449,493,1.00
450,493,1.00
451,493,1.00
452,493,1.00
453,493,1.00
454,493,1.00
449,494,1.00
450,494,1.00
451,494,1.00
452,494,1.00
453,494,1.00
454,494,1.00
449,495,1.00
450,495,1.00
451,495,1.00
452,495,1.00
453,495,1.00
454,495,1.00
449,496,1.00
450,496,1.00
451,496,1.00
452,496,1.00
453,496,1.00
454,496,1.00
449,497,0.79
450,497,0.75
451,497,0.70
452,497,0.69
453,497,0.69
454,497,0.69
449,498,0.72
450,498,0.69
451,498,0.69
452,498,0.69
453,498,0.69
454,498,0.69
449,499,0.69
450,499,0.69
451,499,0.69
452,499,0.69
453,499,0.69
454,499,0.69
439,480,1.00
440,480,1.00
441,480,1.00
442,480,1.00
443,480,1.00
444,480,1.00
445,480,1.00
446,480,1.00
447,480,1.00
448,480,1.00
449,480,1.00
450,480,1.00
451,480,1.00
452,480,1.00
453,480,1.00
454,480,1.00
455,480,1.00
439,481,1.00
440,481,1.00
441,481,1.00
442,481,1.00
443,481,1.00
444,481,1.00
445,481,1.00
446,481,1.00
447,481,1.00
448,481,1.00
449,481,1.00
450,481,1.00
451,481,1.00
452,481,1.00
453,481,1.00
454,481,1.00
455,481,1.00
439,482,1.00
440,482,1.00
441,482,1.00
442,482,1.00
443,482,1.00
444,482,1.00
445,482,1.00
446,482,1.00
447,482,1.00
448,482,1.00
449,482,1.00
450,482,1.00
451,482,1.00
452,482,1.00
453,482,1.00
454,482,1.00
455,482,1.00
455,483,1.00
455,484,1.00
455,485,1.00
455,486,1.00
455,487,1.00
455,488,1.00
455,489,1.00
455,490,1.00
455,491,1.00
455,492,1.00
455,493,1.00
455,494,1.00
455,495,1.00
455,496,0.69
441,479,1.00
442,479,1.00
443,479,1.00
444,479,1.00
445,479,1.00
446,479,1.00
447,479,1.00
448,479,1.00
449,479,1.00
450,479,1.00
451,479,1.00
452,479,1.00
453,479,1.00
454,479,1.00
455,479,1.00
456,479,1.00
457,479,1.00
456,480,1.00
457,480,1.00
456,481,1.00
457,481,1.00
456,482,1.00
457,482,1.00
456,483,1.00
457,483,1.00
456,484,1.00
457,484,1.00
456,485,1.00
457,485,1.00
456,486,1.00
457,486,1.00
456,487,1.00
457,487,1.00
456,488,1.00
457,488,1.00
456,489,1.00
457,489,1.00
456,490,1.00
457,490,1.00
456,491,1.00
457,491,1.00
456,492,1.00
457,492,1.00
456,493,1.00
457,493,1.00
456,494,1.00
457,494,1.00
456,495,1.00
457,495,1.00
458,479,1.00
458,480,1.00
458,481,1.00
458,482,1.00
458,483,1.00
458,484,1.00
458,485,1.00
458,486,1.00
458,487,1.00
458,488,1.00
458,489,1.00
458,490,1.00
458,491,1.00
458,492,1.00
458,493,1.00
458,494,1.00
458,495,1.00
444,476,1.00
445,476,1.00
446,476,1.00
447,476,1.00
448,476,1.00
449,476,1.00
450,476,1.00
451,476,1.00
452,476,1.00
453,476,1.00
454,476,1.00
455,476,1.00
456,476,1.00
457,476,1.00
458,476,1.00
459,476,1.00
460,476,1.00
444,477,1.00
445,477,1.00
446,477,1.00
447,477,1.00
448,477,1.00
449,477,1.00
450,477,1.00
451,477,1.00
452,477,1.00
453,477,1.00
454,477,1.00
455,477,1.00
456,477,1.00
457,477,1.00
458,477,1.00
459,477,1.00
460,477,1.00
444,478,1.00
445,478,1.00
446,478,1.00
447,478,1.00
448,478,1.00
449,478,1.00
450,478,1.00
451,478,1.00
452,478,1.00
453,478,1.00
454,478,1.00
455,478,1.00
456,478,1.00
457,478,1.00
458,478,1.00
459,478,1.00
460,478,1.00
459,479,1.00
460,479,1.00
459,480,1.00
460,480,1.00
459,481,1.00
460,481,1.00
459,482,1.00
460,482,1.00
459,483,1.00
460,483,1.00
459,484,1.00
460,484,1.00
459,485,1.00
460,485,1.00
459,486,1.00
460,486,1.00
459,487,1.00
460,487,1.00
459,488,1.00
460,488,1.00
459,489,0.69
460,489,1.00
459,490,0.69
460,490,1.00
459,491,0.69
460,491,1.00
459,492,0.69
460,492,1.00
446,472,1.00
447,472,1.00
448,472,1.00
449,472,1.00
450,472,1.00
451,472,1.00
452,472,1.00
453,472,1.00
454,472,1.00
455,472,1.00
456,472,1.00
457,472,1.00
458,472,1.00
459,472,1.00
460,472,1.00
461,472,1.00
462,472,1.00
446,473,1.00
447,473,1.00
448,473,1.00
449,473,1.00
450,473,1.00
451,473,1.00
452,473,1.00
453,473,1.00
454,473,1.00
455,473,1.00
456,473,1.00
457,473,1.00
458,473,1.00
459,473,1.00
460,473,1.00
461,473,1.00
462,473,1.00
446,474,1.00
447,474,1.00
448,474,1.00
449,474,1.00
450,474,1.00
451,474,1.00
452,474,1.00
453,474,1.00
454,474,1.00
455,474,1.00
456,474,1.00
457,474,1.00
458,474,1.00
459,474,1.00
460,474,1.00
461,474,1.00
462,474,1.00
446,475,1.00
447,475,1.00
448,475,1.00
449,475,1.00
450,475,1.00
451,475,1.00
452,475,1.00
453,475,1.00
454,475,1.00
455,475,1.00
456,475,1.00
457,475,1.00
458,475,1.00
459,475,1.00
460,475,1.00
461,475,1.00
462,475,1.00
461,476,1.00
462,476,1.00
461,477,1.00
462,477,1.00
461,478,1.00
462,478,1.00
461,479,0.76
462,479,0.69
461,480,0.77
462,480,0.69
461,481,0.76
462,481,0.69
461,482,0.75
462,482,0.69
461,483,0.72
462,483,0.69
461,484,0.69
462,484,0.69
461,485,1.00
462,485,1.00
461,486,1.00
462,486,1.00
461,487,1.00
462,487,1.00
461,488,1.00
462,488,1.00
453,462,1.00
454,462,1.00
455,462,1.00
456,462,1.00
457,462,1.00
458,462,1.00
459,462,1.00
460,462,1.00
461,462,1.00
462,462,1.00
463,462,1.00
464,462,1.00
465,462,1.00
466,462,1.00
467,462,1.00
468,462,1.00
469,462,1.00
453,463,1.00
454,463,1.00
455,463,1.00
456,463,1.00
457,463,1.00
458,463,1.00
459,463,1.00
460,463,1.00
461,463,1.00
462,463,1.00
463,463,1.00
464,463,1.00
465,463,1.00
466,463,1.00
467,463,1.00
468,463,1.00
469,463,1.00
453,464,1.00
454,464,1.00
455,464,1.00
456,464,1.00
457,464,1.00
458,464,1.00
459,464,1.00
460,464,1.00
461,464,1.00
462,464,1.00
463,464,1.00
464,464,1.00
465,464,1.00
466,464,1.00
467,464,1.00
468,464,1.00
469,464,1.00
453,465,1.00
454,465,1.00
455,465,1.00
456,465,1.00
457,465,1.00
458,465,1.00
459,465,1.00
460,465,1.00
461,465,1.00
462,465,1.00
463,465,1.00
464,465,1.00
465,465,1.00
466,465,1.00
467,465,1.00
468,465,1.00
469,465,1.00
453,466,1.00
454,466,1.00
455,466,1.00
456,466,1.00
457,466,1.00
458,466,1.00
459,466,1.00
460,466,1.00
461,466,1.00
462,466,1.00
463,466,1.00
464,466,1.00
465,466,1.00
466,466,1.00
467,466,1.00
468,466,1.00
469,466,1.00
453,467,1.00
454,467,1.00
455,467,1.00
456,467,1.00
457,467,1.00
458,467,1.00
459,467,1.00
460,467,1.00
461,467,1.00
462,467,1.00
463,467,1.00
464,467,1.00
465,467,1.00
466,467,1.00
467,467,1.00
468,467,1.00
469,467,1.00
453,468,1.00
454,468,1.00
455,468,1.00
456,468,1.00
457,468,1.00
458,468,1.00
459,468,1.00
460,468,1.00
461,468,1.00
462,468,1.00
463,468,1.00
464,468,1.00
465,468,1.00
466,468,1.00
467,468,1.00
468,468,1.00
469,468,1.00
453,469,1.00
454,469,1.00
455,469,1.00
456,469,1.00
457,469,1.00
458,469,1.00
459,469,1.00
460,469,1.00
461,469,1.00
462,469,1.00
463,469,1.00
464,469,1.00
465,469,1.00
466,469,1.00
467,469,1.00
468,469,1.00
469,469,1.00
453,470,1.00
454,470,1.00
455,470,1.00
456,470,1.00
457,470,1.00
458,470,1.00
459,470,1.00
460,470,1.00
461,470,1.00
462,470,1.00
463,470,1.00
464,470,1.00
465,470,1.00
466,470,1.00
467,470,1.00
468,470,1.00
469,470,1.00
453,471,1.00
454,471,1.00
455,471,1.00
456,471,1.00
457,471,1.00
458,471,1.00
459,471,1.00
460,471,1.00
461,471,1.00
462,471,1.00
463,471,1.00
464,471,1.00
465,471,1.00
466,471,1.00
467,471,1.00
468,471,1.00
469,471,1.00
463,472,1.00
464,472,1.00
465,472,1.00
466,472,1.00
467,472,1.00
468,472,1.00
469,472,1.00
463,473,1.00
464,473,1.00
465,473,1.00
466,473,1.00
467,473,1.00
468,473,1.00
469,473,1.00
463,474,1.00
464,474,1.00
465,474,1.00
466,474,1.00
467,474,1.00
468,474,1.00
469,474,1.00
463,475,1.00
464,475,1.00
465,475,1.00
466,475,1.00
467,475,1.00
468,475,1.00
469,475,1.00
463,476,0.82
464,476,0.79
465,476,0.75
466,476,1.00
467,476,1.00
468,476,1.00
469,476,1.00
463,477,0.75
464,477,0.72
465,477,0.69
466,477,1.00
467,477,1.00
468,477,1.00
469,477,1.00
463,478,0.69
464,478,0.69
465,478,0.69
466,478,1.00
467,478,1.00
468,478,1.00
469,478,1.00
459,456,1.00
460,456,1.00
461,456,1.00
462,456,1.00
463,456,1.00
464,456,1.00
465,456,1.00
466,456,1.00
467,456,1.00
468,456,1.00
469,456,1.00
470,456,1.00
471,456,1.00
472,456,1.00
473,456,1.00
474,456,1.00
475,456,1.00
459,457,1.00
460,457,1.00
461,457,1.00
462,457,1.00
463,457,1.00
464,457,1.00
465,457,1.00
466,457,1.00
467,457,1.00
468,457,1.00
469,457,1.00
470,457,1.00
471,457,1.00
472,457,1.00
473,457,1.00
474,457,1.00
475,457,1.00
459,458,1.00
460,458,1.00
461,458,1.00
462,458,1.00
463,458,1.00
464,458,1.00
465,458,1.00
466,458,1.00
467,458,1.00
468,458,1.00
469,458,1.00
470,458,1.00
471,458,1.00
472,458,1.00
473,458,1.00
474,458,1.00
475,458,1.00
459,459,1.00
460,459,1.00
461,459,1.00
462,459,1.00
463,459,1.00
464,459,1.00
465,459,1.00
466,459,1.00
467,459,1.00
468,459,1.00
469,459,1.00
470,459,1.00
471,459,1.00
472,459,1.00
473,459,1.00
474,459,1.00
475,459,1.00
459,460,1.00
460,460,1.00
461,460,1.00
462,460,1.00
463,460,1.00
464,460,1.00
465,460,1.00
466,460,1.00
467,460,1.00
468,460,1.00
469,460,1.00
470,460,1.00
471,460,1.00
472,460,1.00
473,460,1.00
474,460,1.00
475,460,1.00
459,461,1.00
460,461,1.00
461,461,1.00
462,461,1.00
463,461,1.00
464,461,1.00
465,461,1.00
466,461,1.00
467,461,1.00
468,461,1.00
469,461,1.00
470,461,1.00
471,461,1.00
472,461,1.00
473,461,1.00
474,461,1.00
475,461,1.00
470,462,1.00
471,462,1.00
472,462,1.00
473,462,1.00
474,462,1.00
475,462,1.00
470,463,1.00
471,463,1.00
472,463,1.00
473,463,1.00
474,463,1.00
475,463,1.00
470,464,1.00
471,464,1.00
472,464,1.00
473,464,1.00
474,464,1.00
475,464,1.00
470,465,1.00
471,465,1.00
472,465,1.00
473,465,1.00
474,465,1.00
475,465,1.00
470,466,1.00
471,466,1.00
472,466,1.00
473,466,1.00
474,466,1.00
475,466,1.00
470,467,1.00
471,467,1.00
472,467,1.00
473,467,1.00
474,467,1.00
475,467,1.00
470,468,1.00
471,468,1.00
472,468,1.00
473,468,1.00
474,468,1.00
475,468,1.00
470,469,1.00
471,469,1.00
472,469,1.00
473,469,1.00
474,469,1.00
475,469,1.00
470,470,1.00
471,470,1.00
472,470,1.00
473,470,1.00
474,470,1.00
475,470,1.00
470,471,1.00
471,471,1.00
472,471,1.00
473,471,1.00
474,471,1.00
475,471,1.00
470,472,1.00
471,472,1.00
472,472,1.00
473,472,1.00
474,472,1.00
475,472,1.00
460,454,1.00
461,454,1.00
462,454,1.00
463,454,1.00
464,454,1.00
465,454,1.00
466,454,1.00
467,454,1.00
468,454,1.00
469,454,1.00
470,454,1.00
471,454,1.00
472,454,1.00
473,454,1.00
474,454,1.00
475,454,1.00
476,454,1.00
460,455,1.00
461,455,1.00
462,455,1.00
463,455,1.00
464,455,1.00
465,455,1.00
466,455,1.00
467,455,1.00
468,455,1.00
469,455,1.00
470,455,1.00
471,455,1.00
472,455,1.00
473,455,1.00
474,455,1.00
475,455,1.00
476,455,1.00
476,456,1.00
476,457,1.00
476,458,1.00
476,459,1.00
476,460,1.00
476,461,1.00
476,462,1.00
476,463,1.00
476,464,1.00
476,465,1.00
476,466,1.00
476,467,1.00
476,468,1.00
476,469,1.00
476,470,1.00
457,456,1.00
458,456,1.00
457,457,1.00
458,457,1.00
457,458,1.00
458,458,1.00
457,459,1.00
458,459,1.00
457,460,1.00
458,460,1.00
457,461,1.00
458,461,1.00
453,459,1.00
454,459,1.00
455,459,1.00
456,459,1.00
453,460,1.00
454,460,1.00
455,460,1.00
456,460,1.00
453,461,1.00
454,461,1.00
455,461,1.00
456,461,1.00
443,466,1.00
444,466,1.00
445,466,1.00
446,466,1.00
447,466,0.69
448,466,0.69
449,466,0.69
450,466,0.69
451,466,0.69
452,466,0.69
443,467,1.00
444,467,1.00
445,467,1.00
446,467,1.00
447,467,0.69
448,467,0.72
449,467,0.75
450,467,0.76
451,467,0.77
452,467,0.76
443,468,1.00
444,468,1.00
445,468,1.00
446,468,1.00
447,468,0.75
448,468,0.79
449,468,0.82
450,468,0.84
451,468,0.84
452,468,0.84
443,469,1.00
444,469,1.00
445,469,1.00
446,469,1.00
447,469,0.81
448,469,0.86
449,469,0.89
450,469,0.91
451,469,0.92
452,469,0.91
443,470,1.00
444,470,1.00
445,470,1.00
446,470,1.00
447,470,0.87
448,470,0.92
449,470,0.96
450,470,0.99
451,470,1.00
452,470,0.99
443,471,1.00
444,471,1.00
445,471,1.00
446,471,1.00
447,471,1.00
448,471,1.00
449,471,1.00
450,471,1.00
451,471,1.00
452,471,1.00
443,472,1.00
444,472,1.00
445,472,1.00
443,473,1.00
444,473,1.00
445,473,1.00
443,474,1.00
444,474,1.00
445,474,1.00
443,475,1.00
444,475,1.00
445,475,1.00
443,476,1.00
443,477,1.00
443,478,1.00
437,471,1.00
438,471,1.00
439,471,1.00
440,471,1.00
441,471,1.00
442,471,1.00
437,472,1.00
438,472,1.00
439,472,1.00
440,472,1.00
441,472,1.00
442,472,1.00
437,473,1.00
438,473,1.00
439,473,1.00
440,473,1.00
441,473,1.00
442,473,1.00
437,474,1.00
438,474,1.00
439,474,1.00
440,474,1.00
441,474,1.00
442,474,1.00
437,475,1.00
438,475,1.00
439,475,1.00
440,475,1.00
441,475,1.00
442,475,1.00
437,476,1.00
438,476,1.00
439,476,1.00
440,476,1.00
441,476,1.00
442,476,1.00
437,477,1.00
438,477,1.00
439,477,1.00
440,477,1.00
441,477,1.00
442,477,1.00
437,478,1.00
438,478,1.00
439,478,1.00
440,478,1.00
441,478,1.00
442,478,1.00
437,479,1.00
438,479,1.00
439,479,1.00
440,479,1.00
437,480,1.00
438,480,1.00
437,481,1.00
438,481,1.00
437,482,1.00
438,482,1.00
437,483,1.00
437,484,1.00
437,485,1.00
437,486,1.00
437,487,1.00
432,476,1.00
433,476,1.00
434,476,1.00
435,476,1.00
436,476,1.00
432,477,1.00
433,477,1.00
434,477,1.00
435,477,1.00
436,477,1.00
432,478,1.00
433,478,1.00
434,478,1.00
435,478,1.00
436,478,1.00
432,479,1.00
433,479,1.00
434,479,1.00
435,479,1.00
436,479,1.00
432,480,1.00
433,480,1.00
434,480,1.00
435,480,1.00
436,480,1.00
432,481,1.00
433,481,1.00
434,481,1.00
435,481,1.00
436,481,1.00
432,482,1.00
433,482,1.00
434,482,1.00
435,482,1.00
436,482,1.00
432,483,1.00
433,483,1.00
434,483,1.00
435,483,1.00
436,483,1.00
432,484,1.00
433,484,1.00
434,484,1.00
435,484,1.00
436,484,1.00
432,485,1.00
433,485,1.00
434,485,1.00
435,485,1.00
436,485,1.00
432,486,1.00
433,486,1.00
434,486,1.00
435,486,1.00
436,486,1.00
432,487,1.00
433,487,1.00
434,487,1.00
435,487,1.00
436,487,1.00
432,488,1.00
433,488,1.00
434,488,1.00
435,488,1.00
436,488,1.00
437,488,1.00
426,480,1.00
427,480,1.00
428,480,0.69
429,480,0.69
430,480,0.69
431,480,0.69
426,481,1.00
427,481,1.00
428,481,0.69
429,481,0.69
430,481,0.69
431,481,0.72
426,482,1.00
427,482,1.00
428,482,0.69
429,482,0.70
430,482,0.75
431,482,0.79
426,483,1.00
427,483,1.00
428,483,0.70
429,483,0.76
430,483,0.81
431,483,0.86
426,484,1.00
427,484,1.00
428,484,0.75
429,484,0.81
430,484,0.87
431,484,0.92
426,485,1.00
427,485,1.00
428,485,0.79
429,485,0.86
430,485,0.92
431,485,0.98
426,486,1.00
427,486,1.00
428,486,0.82
429,486,0.89
430,486,0.96
431,486,1.00
426,487,1.00
427,487,1.00
428,487,1.00
429,487,1.00
430,487,1.00
431,487,1.00
426,488,1.00
427,488,1.00
428,488,1.00
429,488,1.00
430,488,1.00
431,488,1.00
426,489,1.00
427,489,1.00
428,489,1.00
429,489,1.00
430,489,1.00
431,489,1.00
426,490,1.00
427,490,1.00
428,490,1.00
429,490,1.00
430,490,1.00
431,490,1.00
426,491,1.00
427,491,1.00
428,491,1.00
429,491,1.00
430,491,1.00
431,491,1.00
426,492,1.00
427,492,1.00
428,492,1.00
429,492,1.00
430,492,1.00
431,492,1.00
426,493,1.00
427,493,1.00
428,493,1.00
429,493,1.00
430,493,1.00
431,493,1.00
426,494,1.00
427,494,1.00
428,494,1.00
429,494,1.00
430,494,1.00
431,494,1.00
426,495,1.00
427,495,1.00
428,495,1.00
429,495,1.00
430,495,1.00
431,495,1.00
426,496,1.00
427,496,1.00
428,496,1.00
429,496,1.00
430,496,1.00
431,496,1.00
418,487,1.00
419,487,1.00
420,487,1.00
421,487,1.00
422,487,1.00
423,487,1.00
424,487,1.00
425,487,1.00
418,488,1.00
419,488,1.00
420,488,1.00
421,488,1.00
422,488,1.00
423,488,1.00
424,488,1.00
425,488,1.00
418,489,1.00
419,489,1.00
420,489,1.00
421,489,1.00
422,489,1.00
423,489,1.00
424,489,1.00
425,489,1.00
418,490,1.00
419,490,1.00
420,490,1.00
421,490,1.00
422,490,1.00
423,490,1.00
424,490,1.00
425,490,1.00
418,491,1.00
419,491,1.00
420,491,1.00
421,491,1.00
422,491,1.00
423,491,1.00
424,491,1.00
425,491,1.00
418,492,1.00
419,492,1.00
420,492,1.00
421,492,1.00
422,492,1.00
423,492,1.00
424,492,1.00
425,492,1.00
418,493,1.00
419,493,1.00
420,493,1.00
421,493,1.00
422,493,1.00
423,493,1.00
424,493,1.00
425,493,1.00
418,494,1.00
419,494,1.00
420,494,1.00
421,494,1.00
422,494,1.00
423,494,1.00
424,494,1.00
425,494,1.00
418,495,1.00
419,495,1.00
420,495,1.00
421,495,1.00
422,495,1.00
423,495,1.00
424,495,1.00
425,495,1.00
418,496,1.00
419,496,1.00
420,496,1.00
421,496,1.00
422,496,1.00
423,496,1.00
424,496,1.00
425,496,1.00
418,497,1.00
419,497,1.00
420,497,1.00
421,497,1.00
422,497,1.00
423,497,1.00
424,497,1.00
425,497,1.00
418,498,1.00
419,498,1.00
420,498,1.00
421,498,1.00
422,498,1.00
423,498,1.00
424,498,1.00
425,498,1.00
418,499,1.00
419,499,1.00
420,499,1.00
421,499,1.00
422,499,1.00
423,499,1.00
424,499,1.00
425,499,1.00
418,500,1.00
419,500,1.00
420,500,1.00
421,500,1.00
422,500,1.00
423,500,1.00
424,500,1.00
425,500,1.00
418,501,1.00
419,501,1.00
420,501,1.00
421,501,1.00
422,501,1.00
423,501,1.00
424,501,1.00
425,501,1.00
418,502,1.00
419,502,1.00
420,502,1.00
421,502,1.00
422,502,1.00
423,502,1.00
424,502,1.00
425,502,1.00
418,503,1.00
409,494,1.00
410,494,1.00
411,494,1.00
412,494,1.00
413,494,1.00
414,494,1.00
415,494,1.00
416,494,1.00
417,494,1.00
409,495,1.00
410,495,1.00
411,495,1.00
412,495,1.00
413,495,1.00
414,495,1.00
415,495,1.00
416,495,1.00
417,495,1.00
409,496,1.00
410,496,1.00
411,496,1.00
412,496,1.00
413,496,1.00
414,496,1.00
415,496,1.00
416,496,1.00
417,496,1.00
409,497,1.00
410,497,1.00
411,497,1.00
412,497,1.00
413,497,1.00
414,497,1.00
415,497,1.00
416,497,1.00
417,497,1.00
409,498,1.00
410,498,1.00
411,498,1.00
412,498,1.00
413,498,1.00
414,498,1.00
415,498,1.00
416,498,1.00
417,498,1.00
409,499,1.00
410,499,1.00
411,499,1.00
412,499,1.00
413,499,1.00
414,499,1.00
415,499,1.00
416,499,1.00
417,499,1.00
409,500,1.00
410,500,1.00
411,500,1.00
412,500,1.00
413,500,1.00
414,500,1.00
415,500,1.00
416,500,1.00
417,500,1.00
409,501,1.00
410,501,1.00
411,501,1.00
412,501,1.00
413,501,1.00
414,501,1.00
415,501,1.00
416,501,1.00
417,501,1.00
409,502,1.00
410,502,1.00
411,502,1.00
412,502,1.00
413,502,1.00
414,502,1.00
415,502,1.00
416,502,1.00
417,502,1.00
409,503,1.00
410,503,1.00
411,503,1.00
412,503,1.00
413,503,1.00
414,503,1.00
415,503,1.00
416,503,1.00
417,503,1.00
409,504,1.00
410,504,1.00
411,504,1.00
412,504,1.00
413,504,1.00
414,504,1.00
415,504,1.00
416,504,1.00
417,504,1.00
418,504,1.00
409,505,1.00
410,505,1.00
411,505,1.00
412,505,1.00
413,505,1.00
414,505,1.00
415,505,1.00
416,505,1.00
417,505,1.00
418,505,1.00
409,506,1.00
410,506,1.00
411,506,1.00
412,506,1.00
413,506,1.00
414,506,1.00
409,507,1.00
410,507,1.00
411,507,1.00
412,507,1.00
413,507,1.00
414,507,1.00
409,508,1.00
410,508,1.00
411,508,1.00
412,508,1.00
413,508,1.00
414,508,1.00
409,509,1.00
410,509,1.00
411,509,1.00
412,509,1.00
413,509,1.00
414,509,1.00
409,510,1.00
410,510,1.00
411,510,1.00
412,510,1.00
413,510,1.00
414,510,1.00
402,501,1.00
403,501,1.00
404,501,1.00
405,501,1.00
406,501,1.00
407,501,1.00
408,501,1.00
402,502,1.00
403,502,1.00
404,502,1.00
405,502,1.00
406,502,1.00
407,502,1.00
408,502,1.00
402,503,1.00
403,503,1.00
404,503,1.00
405,503,1.00
406,503,1.00
407,503,1.00
408,503,1.00
402,504,1.00
403,504,1.00
404,504,1.00
405,504,1.00
406,504,1.00
407,504,1.00
408,504,1.00
402,505,1.00
403,505,1.00
404,505,1.00
405,505,1.00
406,505,1.00
407,505,1.00
408,505,1.00
402,506,1.00
403,506,1.00
404,506,1.00
405,506,1.00
406,506,1.00
407,506,1.00
408,506,1.00
402,507,1.00
403,507,1.00
404,507,1.00
405,507,1.00
406,507,1.00
407,507,1.00
408,507,1.00
402,508,1.00
403,508,1.00
404,508,1.00
405,508,1.00
406,508,1.00
407,508,1.00
408,508,1.00
402,509,1.00
403,509,1.00
404,509,1.00
405,509,1.00
406,509,1.00
407,509,1.00
408,509,1.00
402,510,1.00
403,510,1.00
404,510,1.00
405,510,1.00
406,510,1.00
407,510,1.00
408,510,1.00
402,511,1.00
403,511,1.00
404,511,1.00
405,511,1.00
406,511,1.00
407,511,1.00
408,511,1.00
409,511,1.00
410,511,1.00
411,511,1.00
412,511,1.00
413,511,1.00
414,511,0.96
402,512,1.00
403,512,1.00
404,512,1.00
405,512,1.00
406,512,1.00
402,513,1.00
403,513,1.00
404,513,1.00
405,513,1.00
406,513,1.00
402,514,1.00
403,514,1.00
404,514,1.00
405,514,1.00
406,514,1.00
402,515,1.00
403,515,1.00
404,515,1.00
405,515,1.00
406,515,1.00
394,507,1.00
395,507,1.00
396,507,1.00
397,507,1.00
398,507,1.00
399,507,1.00
400,507,1.00
401,507,1.00
394,508,1.00
395,508,1.00
396,508,1.00
397,508,1.00
398,508,1.00
399,508,1.00
400,508,1.00
401,508,1.00
394,509,1.00
395,509,1.00
396,509,1.00
397,509,1.00
398,509,1.00
399,509,1.00
400,509,1.00
401,509,1.00
394,510,1.00
395,510,1.00
396,510,1.00
397,510,1.00
398,510,1.00
399,510,1.00
400,510,1.00
401,510,1.00
394,511,1.00
395,511,1.00
396,511,1.00
397,511,1.00
398,511,1.00
399,511,1.00
400,511,1.00
401,511,1.00
394,512,1.00
395,512,1.00
396,512,1.00
397,512,1.00
398,512,1.00
399,512,1.00
400,512,1.00
401,512,1.00
394,513,1.00
395,513,1.00
396,513,1.00
397,513,1.00
398,513,1.00
399,513,1.00
400,513,1.00
401,513,1.00
394,514,1.00
395,514,1.00
396,514,1.00
397,514,1.00
398,514,1.00
399,514,1.00
400,514,1.00
401,514,1.00
394,515,1.00
395,515,1.00
396,515,1.00
397,515,1.00
398,515,1.00
399,515,1.00
400,515,1.00
401,515,1.00
394,516,1.00
395,516,1.00
396,516,1.00
397,516,1.00
394,517,1.00
395,517,1.00
396,517,1.00
397,517,1.00
394,518,1.00
395,518,1.00
396,518,1.00
397,518,1.00
394,505,0.69
395,505,0.69
396,505,1.00
397,505,1.00
398,505,1.00
399,505,1.00
400,505,1.00
401,505,1.00
394,506,0.69
395,506,0.69
396,506,1.00
397,506,1.00
398,506,1.00
399,506,1.00
400,506,1.00
401,506,1.00
396,498,0.69
397,498,0.69
398,498,0.69
399,498,0.69
400,498,0.69
401,498,0.69
402,498,0.69
403,498,0.69
404,498,0.69
405,498,0.69
406,498,0.69
407,498,0.69
408,498,0.69
396,499,0.69
397,499,0.69
398,499,0.69
399,499,0.69
400,499,0.69
401,499,0.72
402,499,0.75
403,499,0.76
404,499,0.77
405,499,0.76
406,499,0.75
407,499,0.72
408,499,0.69
396,500,0.69
397,500,0.69
398,500,0.69
399,500,0.70
400,500,0.75
401,500,0.79
402,500,0.82
403,500,0.84
404,500,0.84
405,500,0.84
406,500,0.82
407,500,0.79
408,500,0.75
396,501,0.69
397,501,0.69
398,501,0.70
399,501,0.76
400,501,0.81
401,501,0.86
396,502,0.69
397,502,0.69
398,502,0.75
399,502,0.81
400,502,0.87
401,502,0.92
396,503,0.69
397,503,0.72
398,503,0.79
399,503,0.86
400,503,0.92
401,503,0.98
396,504,0.69
397,504,0.75
398,504,0.82
399,504,0.89
400,504,0.96
401,504,1.00
411,479,0.69
412,479,0.69
413,479,0.69
414,479,0.69
415,479,0.69
416,479,0.69
417,479,0.69
418,479,0.69
419,479,0.69
420,479,0.69
421,479,0.69
422,479,0.69
423,479,0.69
424,479,1.00
425,479,1.00
426,479,1.00
427,479,1.00
411,480,0.69
412,480,0.69
413,480,0.69
414,480,0.69
415,480,0.69
416,480,0.72
417,480,0.75
418,480,0.76
419,480,0.77
420,480,0.76
421,480,0.75
422,480,0.72
423,480,0.69
424,480,0.69
425,480,0.69
411,481,0.69
412,481,0.69
413,481,0.69
414,481,0.70
415,481,0.75
416,481,0.79
417,481,0.82
418,481,0.84
419,481,0.84
420,481,0.84
421,481,0.82
422,481,0.79
423,481,0.75
424,481,0.70
425,481,0.69
411,482,0.69
412,482,0.69
413,482,0.70
414,482,0.76
415,482,0.81
416,482,0.86
417,482,0.89
418,482,0.91
419,482,0.92
420,482,0.91
421,482,0.89
422,482,0.86
423,482,0.81
424,482,0.76
425,482,0.70
411,483,0.69
412,483,0.69
413,483,0.75
414,483,0.81
415,483,0.87
416,483,0.92
417,483,0.96
418,483,0.99
419,483,1.00
420,483,0.99
421,483,0.96
422,483,0.92
423,483,0.87
424,483,0.81
425,483,0.75
411,484,0.69
412,484,0.72
413,484,0.79
414,484,0.86
415,484,0.92
416,484,0.98
417,484,1.00
418,484,1.00
419,484,1.00
420,484,1.00
421,484,1.00
422,484,0.98
423,484,0.92
424,484,0.86
425,484,0.79
411,485,0.69
412,485,0.75
413,485,0.82
414,485,0.89
415,485,0.96
416,485,1.00
417,485,1.00
418,485,1.00
419,485,1.00
420,485,1.00
421,485,1.00
422,485,1.00
423,485,0.96
424,485,0.89
425,485,0.82
411,486,0.69
412,486,0.76
413,486,0.84
414,486,0.91
415,486,0.99
416,486,1.00
417,486,1.00
418,486,1.00
419,486,1.00
420,486,1.00
421,486,1.00
422,486,1.00
423,486,0.99
424,486,0.91
425,486,0.84
411,487,0.69
412,487,0.77
413,487,0.84
414,487,0.92
415,487,1.00
416,487,1.00
417,487,1.00
411,488,0.69
412,488,0.76
413,488,0.84
414,488,0.91
415,488,0.99
416,488,1.00
417,488,1.00
411,489,0.69
412,489,0.75
413,489,0.82
414,489,0.89
415,489,0.96
416,489,1.00
417,489,1.00
411,490,0.69
412,490,0.72
413,490,0.79
414,490,0.86
415,490,0.92
416,490,0.98
417,490,1.00
411,491,0.69
412,491,0.69
413,491,0.75
414,491,0.81
415,491,0.87
416,491,0.92
417,491,0.96
411,492,1.00
412,492,1.00
413,492,1.00
414,492,1.00
415,492,1.00
416,492,1.00
417,492,1.00
411,493,1.00
412,493,1.00
413,493,1.00
414,493,1.00
415,493,1.00
416,493,1.00
417,493,1.00
424,463,0.69
425,463,0.69
426,463,0.69
427,463,0.69
428,463,0.69
429,463,0.69
430,463,1.00
431,463,1.00
432,463,1.00
433,463,1.00
434,463,1.00
435,463,1.00
436,463,1.00
437,463,1.00
438,463,1.00
439,463,1.00
440,463,1.00
424,464,0.69
425,464,0.69
426,464,0.69
427,464,0.69
428,464,0.69
429,464,0.72
430,464,1.00
431,464,1.00
432,464,1.00
433,464,1.00
434,464,1.00
435,464,1.00
436,464,1.00
437,464,1.00
438,464,1.00
439,464,1.00
440,464,1.00
424,465,0.69
425,465,0.69
426,465,0.69
427,465,0.70
428,465,0.75
429,465,0.79
430,465,1.00
431,465,1.00
432,465,1.00
433,465,1.00
434,465,1.00
435,465,1.00
436,465,1.00
437,465,1.00
438,465,1.00
439,465,1.00
440,465,1.00
424,466,0.69
425,466,0.69
426,466,0.70
427,466,0.76
428,466,0.81
429,466,0.86
430,466,1.00
431,466,1.00
432,466,1.00
433,466,1.00
434,466,1.00
435,466,1.00
436,466,1.00
437,466,1.00
438,466,1.00
439,466,1.00
440,466,1.00
424,467,0.69
425,467,0.69
426,467,0.75
427,467,0.81
428,467,0.87
429,467,0.92
430,467,1.00
431,467,1.00
432,467,1.00
433,467,1.00
434,467,1.00
435,467,1.00
436,467,1.00
437,467,1.00
438,467,1.00
439,467,1.00
440,467,1.00
424,468,0.69
425,468,0.72
426,468,0.79
427,468,0.86
428,468,0.92
429,468,0.98
430,468,1.00
431,468,1.00
432,468,1.00
433,468,1.00
434,468,1.00
435,468,1.00
436,468,1.00
437,468,1.00
438,468,1.00
439,468,1.00
440,468,1.00
424,469,0.69
425,469,0.75
426,469,0.82
427,469,0.89
428,469,0.96
429,469,1.00
430,469,1.00
431,469,1.00
432,469,1.00
433,469,1.00
434,469,1.00
435,469,1.00
436,469,1.00
437,469,1.00
438,469,1.00
439,469,1.00
440,469,1.00
424,470,0.69
425,470,0.76
426,470,0.84
427,470,0.91
428,470,0.99
429,470,1.00
430,470,1.00
431,470,1.00
432,470,1.00
433,470,1.00
434,470,1.00
435,470,1.00
436,470,1.00
437,470,1.00
438,470,1.00
439,470,1.00
440,470,1.00
424,471,0.69
425,471,0.77
426,471,0.84
427,471,0.92
428,471,1.00
429,471,1.00
430,471,1.00
431,471,1.00
432,471,1.00
433,471,1.00
434,471,1.00
435,471,1.00
436,471,1.00
424,472,0.69
425,472,0.76
426,472,0.84
427,472,0.91
428,472,0.99
429,472,1.00
430,472,1.00
431,472,1.00
432,472,1.00
433,472,1.00
434,472,1.00
435,472,1.00
436,472,1.00
424,473,0.69
425,473,0.75
426,473,0.82
427,473,0.89
428,473,0.96
429,473,1.00
430,473,1.00
431,473,1.00
432,473,1.00
433,473,1.00
434,473,1.00
435,473,1.00
436,473,1.00
424,474,0.69
425,474,0.72
426,474,0.79
427,474,0.86
428,474,0.92
429,474,0.98
430,474,1.00
431,474,1.00
432,474,1.00
433,474,1.00
434,474,1.00
435,474,1.00
436,474,1.00
424,475,0.69
425,475,0.69
426,475,0.75
427,475,0.81
428,475,0.87
429,475,0.92
430,475,1.00
431,475,1.00
432,475,1.00
433,475,1.00
434,475,1.00
435,475,1.00
436,475,1.00
424,476,0.69
425,476,0.69
426,476,0.70
427,476,0.76
428,476,0.81
429,476,0.86
430,476,1.00
431,476,1.00
424,477,0.69
425,477,0.69
426,477,0.69
427,477,0.70
428,477,0.75
429,477,0.79
430,477,0.82
431,477,0.84
424,478,0.69
425,478,0.69
426,478,0.69
427,478,0.69
428,478,0.69
429,478,0.72
430,478,0.75
431,478,0.76
428,479,0.69
429,479,0.69
430,479,0.69
431,479,0.69
430,458,0.69
431,458,0.69
432,458,0.69
433,458,0.69
434,458,0.69
435,458,0.69
436,458,0.69
437,458,0.69
438,458,0.69
439,458,0.69
440,458,0.69
441,458,0.69
442,458,0.69
443,458,0.69
444,458,0.69
445,458,0.69
446,458,0.69
430,459,0.69
431,459,0.69
432,459,0.69
433,459,0.69
434,459,0.69
435,459,0.72
436,459,0.75
437,459,0.76
438,459,0.77
439,459,0.76
440,459,0.75
441,459,0.72
442,459,0.69
443,459,0.69
444,459,0.69
445,459,0.69
446,459,0.69
430,460,1.00
431,460,1.00
432,460,1.00
433,460,1.00
434,460,1.00
435,460,1.00
436,460,1.00
437,460,1.00
438,460,1.00
439,460,1.00
440,460,1.00
441,460,1.00
442,460,1.00
443,460,1.00
444,460,1.00
445,460,1.00
446,460,1.00
430,461,1.00
431,461,1.00
432,461,1.00
433,461,1.00
434,461,1.00
435,461,1.00
436,461,1.00
437,461,1.00
438,461,1.00
439,461,1.00
440,461,1.00
441,461,1.00
442,461,1.00
443,461,1.00
444,461,1.00
445,461,1.00
446,461,1.00
430,462,1.00
431,462,1.00
432,462,1.00
433,462,1.00
434,462,1.00
435,462,1.00
436,462,1.00
437,462,1.00
438,462,1.00
439,462,1.00
440,462,1.00
441,462,1.00
442,462,1.00
443,462,1.00
444,462,1.00
445,462,1.00
446,462,1.00
441,463,1.00
442,463,1.00
443,463,1.00
444,463,1.00
445,463,1.00
446,463,1.00
441,464,1.00
442,464,1.00
443,464,1.00
444,464,1.00
445,464,1.00
446,464,1.00
441,465,1.00
442,465,1.00
443,465,1.00
444,465,1.00
445,465,1.00
446,465,1.00
441,466,1.00
442,466,1.00
441,467,1.00
442,467,1.00
441,468,1.00
442,468,1.00
441,469,1.00
442,469,1.00
441,470,1.00
442,470,1.00
409,492,0.69
410,492,0.69
409,493,0.69
410,493,0.69
389,522,0.69
390,522,0.69
391,522,0.69
392,522,0.69
393,522,0.69
389,523,0.69
390,523,0.69
391,523,0.69
392,523,0.69
393,523,0.69
389,524,0.69
390,524,0.69
391,524,0.69
392,524,0.70
393,524,0.75
402,536,1.00
403,536,1.00
404,536,1.00
405,536,1.00
402,537,1.00
403,537,1.00
404,537,1.00
405,537,1.00
402,538,1.00
403,538,1.00
404,538,1.00
405,538,1.00
379,557,0.69
380,557,0.69
379,558,0.69
380,558,0.69
379,559,0.69
380,559,1.00
379,560,0.69
380,560,1.00
355,571,1.00
356,571,1.00
355,572,1.00
356,572,1.00
357,572,1.00
358,572,1.00
355,573,1.00
356,573,1.00
357,573,1.00
358,573,1.00
359,573,1.00
360,573,1.00
361,573,1.00
355,574,1.00
356,574,1.00
357,574,1.00
358,574,1.00
359,574,1.00
360,574,1.00
361,574,1.00
355,575,1.00
356,575,1.00
357,575,1.00
358,575,1.00
359,575,1.00
360,575,1.00
361,575,1.00
355,576,1.00
356,576,1.00
357,576,1.00
358,576,1.00
359,576,1.00
360,576,1.00
361,576,1.00
362,576,1.00
363,576,1.00
355,577,1.00
356,577,1.00
357,577,1.00
358,577,1.00
359,577,1.00
360,577,1.00
361,577,1.00
362,577,1.00
363,577,1.00
355,578,1.00
356,578,1.00
357,578,1.00
358,578,1.00
359,578,1.00
360,578,1.00
361,578,1.00
362,578,1.00
363,578,1.00
364,578,1.00
355,579,1.00
356,579,1.00
357,579,1.00
358,579,1.00
359,579,1.00
360,579,1.00
361,579,1.00
362,579,1.00
363,579,1.00
364,579,1.00
365,579,1.00
355,580,1.00
356,580,1.00
357,580,1.00
358,580,1.00
359,580,1.00
360,580,1.00
361,580,1.00
362,580,1.00
363,580,1.00
364,580,1.00
365,580,1.00
355,581,1.00
356,581,1.00
357,581,1.00
358,581,1.00
359,581,1.00
360,581,1.00
361,581,1.00
362,581,1.00
363,581,1.00
364,581,1.00
365,581,1.00
366,581,1.00
355,582,1.00
356,582,1.00
357,582,1.00
358,582,1.00
359,582,1.00
360,582,1.00
361,582,1.00
362,582,1.00
363,582,1.00
364,582,1.00
365,582,1.00
366,582,1.00
355,583,1.00
356,583,1.00
357,583,1.00
358,583,1.00
359,583,1.00
360,583,1.00
361,583,1.00
362,583,1.00
363,583,1.00
364,583,1.00
365,583,1.00
366,583,1.00
367,583,1.00
355,584,1.00
356,584,1.00
357,584,1.00
358,584,1.00
359,584,1.00
360,584,1.00
361,584,1.00
362,584,1.00
363,584,1.00
364,584,1.00
365,584,1.00
366,584,1.00
367,584,1.00
368,584,1.00
355,585,1.00
356,585,1.00
357,585,1.00
358,585,1.00
359,585,1.00
360,585,1.00
361,585,1.00
362,585,1.00
363,585,1.00
364,585,1.00
365,585,1.00
366,585,1.00
367,585,1.00
368,585,1.00
369,585,1.00
354,570,0.69
354,571,0.69
354,572,0.69
354,573,0.69
354,574,0.69
354,575,0.69
354,576,0.69
354,577,0.69
354,578,0.69
354,579,0.69
354,580,0.69
354,581,0.69
354,582,0.69
354,583,0.69
354,584,0.69
354,585,0.69
354,586,0.69
355,586,0.69
356,586,0.69
357,586,0.69
358,586,0.69
359,586,0.69
360,586,0.69
361,586,0.69
362,586,0.69
363,586,0.69
364,586,0.69
365,586,0.69
366,586,0.69
367,586,0.69
368,586,0.69
369,586,0.69
370,586,0.69
381,559,0.69
382,559,0.69
383,559,0.69
384,559,0.69
385,559,0.69
386,559,0.69
387,559,0.69
388,559,0.69
389,559,0.69
390,559,0.69
391,559,0.69
392,559,0.69
393,559,0.69
394,559,0.69
395,559,0.69
396,559,0.69
381,560,0.69
382,560,0.69
383,560,0.69
384,560,0.69
385,560,0.72
386,560,0.75
387,560,0.76
388,560,0.77
389,560,0.76
390,560,0.75
391,560,0.72
392,560,0.69
393,560,0.69
394,560,0.69
395,560,0.69
396,560,0.69
381,561,0.69
382,561,0.69
383,561,0.70
384,561,0.75
385,561,0.79
386,561,0.82
387,561,0.84
388,561,0.84
389,561,0.84
390,561,0.82
391,561,0.79
392,561,0.75
393,561,0.70
394,561,0.69
395,561,0.69
396,561,0.69
382,562,0.70
383,562,0.76
384,562,0.81
385,562,0.86
386,562,0.89
387,562,0.91
388,562,0.92
389,562,0.91
390,562,0.89
391,562,0.86
392,562,0.81
393,562,0.76
394,562,0.70
395,562,0.69
396,562,0.69
383,563,0.81
384,563,0.87
385,563,0.92
386,563,0.96
387,563,0.99
388,563,1.00
389,563,0.99
390,563,0.96
391,563,0.92
392,563,0.87
393,563,0.81
394,563,0.75
395,563,0.69
396,563,0.69
383,564,0.86
384,564,0.92
385,564,0.98
386,564,1.00
387,564,1.00
388,564,1.00
389,564,1.00
390,564,1.00
391,564,0.98
392,564,0.92
393,564,0.86
394,564,0.79
395,564,0.72
396,564,0.69
383,565,0.89
384,565,0.96
385,565,1.00
386,565,1.00
387,565,1.00
388,565,1.00
389,565,1.00
390,565,1.00
391,565,1.00
392,565,0.96
393,565,0.89
394,565,0.82
395,565,0.75
396,565,0.69
384,566,0.99
385,566,1.00
386,566,1.00
387,566,1.00
388,566,1.00
389,566,1.00
390,566,1.00
391,566,1.00
392,566,0.99
393,566,0.91
394,566,0.84
395,566,0.76
396,566,0.69
385,567,1.00
386,567,1.00
387,567,1.00
388,567,1.00
389,567,1.00
390,567,1.00
391,567,1.00
392,567,1.00
393,567,0.92
394,567,0.84
395,567,0.77
396,567,0.69
386,568,1.00
387,568,1.00
388,568,1.00
389,568,1.00
390,568,1.00
391,568,1.00
392,568,0.99
393,568,0.91
394,568,0.84
395,568,0.76
396,568,0.69
387,569,1.00
388,569,1.00
389,569,1.00
390,569,1.00
391,569,1.00
392,569,0.96
393,569,0.89
394,569,0.82
395,569,0.75
396,569,0.69
387,570,1.00
388,570,1.00
389,570,1.00
390,570,1.00
391,570,0.98
392,570,0.92
393,570,0.86
394,570,0.79
395,570,0.72
396,570,0.69
391,571,0.92
392,571,0.87
393,571,0.81
394,571,0.75
395,571,0.69
396,571,0.69
391,572,0.86
392,572,0.81
393,572,0.76
394,572,0.70
395,572,0.69
396,572,0.69
393,573,0.70
394,573,0.69
395,573,0.69
396,573,0.69
393,574,0.69
394,574,0.69
395,574,0.69
396,574,0.69
409,551,1.00
410,551,1.00
411,551,1.00
412,551,1.00
413,551,1.00
414,551,1.00
415,551,1.00
416,551,0.69
417,551,1.00
418,551,1.00
419,551,1.00
420,551,1.00
421,551,1.00
422,551,1.00
423,551,1.00
424,551,1.00
425,551,1.00
409,552,0.69
410,552,0.69
411,552,0.69
412,552,0.69
413,552,0.69
414,552,0.72
415,552,0.75
416,552,0.76
417,552,1.00
418,552,1.00
419,552,1.00
420,552,1.00
421,552,1.00
422,552,1.00
423,552,1.00
424,552,1.00
425,552,1.00
409,553,0.69
410,553,0.69
411,553,0.69
412,553,0.70
413,553,0.75
414,553,0.79
415,553,0.82
416,553,0.84
417,553,1.00
418,553,1.00
419,553,1.00
420,553,1.00
421,553,1.00
422,553,1.00
423,553,1.00
424,553,1.00
425,553,1.00
409,554,0.69
410,554,0.69
411,554,0.70
412,554,0.76
413,554,0.81
414,554,0.86
415,554,0.89
416,554,0.91
417,554,1.00
418,554,1.00
419,554,1.00
420,554,1.00
421,554,1.00
422,554,1.00
423,554,1.00
424,554,1.00
425,554,1.00
409,555,0.69
410,555,0.69
411,555,0.75
412,555,0.81
413,555,0.87
414,555,0.92
415,555,0.96
416,555,0.99
417,555,1.00
418,555,1.00
419,555,1.00
420,555,1.00
421,555,1.00
422,555,1.00
423,555,1.00
424,555,1.00
425,555,1.00
409,556,0.69
410,556,0.72
411,556,0.79
412,556,0.86
413,556,0.92
414,556,0.98
415,556,1.00
416,556,1.00
417,556,1.00
418,556,1.00
419,556,1.00
420,556,1.00
421,556,1.00
422,556,1.00
423,556,1.00
424,556,1.00
425,556,1.00
409,557,0.69
410,557,0.75
411,557,0.82
412,557,0.89
413,557,0.96
414,557,1.00
415,557,1.00
416,557,1.00
417,557,1.00
418,557,1.00
419,557,1.00
420,557,1.00
421,557,1.00
422,557,1.00
423,557,1.00
424,557,1.00
425,557,1.00
409,558,0.69
410,558,0.76
411,558,0.84
412,558,0.91
413,558,0.99
414,558,1.00
415,558,1.00
416,558,1.00
417,558,1.00
418,558,1.00
419,558,1.00
420,558,1.00
421,558,1.00
422,558,1.00
423,558,1.00
424,558,1.00
425,558,1.00
409,559,0.69
410,559,0.77
411,559,0.84
412,559,0.92
413,559,1.00
414,559,1.00
415,559,1.00
416,559,1.00
417,559,1.00
418,559,1.00
419,559,1.00
420,559,1.00
421,559,1.00
422,559,1.00
423,559,1.00
424,559,1.00
425,559,1.00
409,560,0.69
410,560,0.76
411,560,0.84
412,560,0.91
413,560,0.99
414,560,1.00
415,560,1.00
416,560,1.00
417,560,1.00
418,560,1.00
419,560,1.00
420,560,1.00
421,560,1.00
422,560,1.00
423,560,1.00
424,560,1.00
425,560,1.00
409,561,0.69
410,561,0.75
411,561,0.82
412,561,0.89
413,561,0.96
414,561,1.00
415,561,1.00
416,561,1.00
417,561,1.00
418,561,1.00
419,561,1.00
420,561,1.00
421,561,1.00
422,561,1.00
423,561,1.00
424,561,1.00
425,561,1.00
409,562,0.69
410,562,0.72
411,562,0.79
412,562,0.86
413,562,0.92
414,562,0.98
415,562,1.00
416,562,1.00
417,562,1.00
418,562,1.00
419,562,1.00
420,562,1.00
421,562,1.00
422,562,1.00
423,562,1.00
424,562,1.00
425,562,1.00
409,563,0.69
410,563,0.69
411,563,0.75
412,563,0.81
413,563,0.87
414,563,0.92
415,563,0.96
416,563,0.99
417,563,1.00
418,563,1.00
419,563,1.00
420,563,1.00
421,563,1.00
422,563,1.00
423,563,1.00
424,563,1.00
425,563,1.00
409,564,0.69
410,564,0.69
411,564,0.70
412,564,0.76
413,564,0.81
414,564,0.86
415,564,0.89
416,564,0.91
417,564,1.00
418,564,1.00
419,564,1.00
420,564,1.00
421,564,1.00
422,564,1.00
423,564,1.00
424,564,1.00
425,564,1.00
409,565,0.69
410,565,0.69
411,565,0.69
412,565,0.70
413,565,0.75
414,565,0.79
415,565,0.82
416,565,0.84
417,565,1.00
418,565,1.00
419,565,1.00
420,565,1.00
421,565,1.00
422,565,1.00
423,565,1.00
424,565,1.00
425,565,1.00
409,566,0.69
410,566,0.69
411,566,0.69
412,566,0.69
413,566,0.69
414,566,0.72
415,566,0.75
416,566,0.76
417,566,1.00
418,566,1.00
419,566,1.00
420,566,1.00
421,566,1.00
422,566,1.00
423,566,1.00
424,566,1.00
425,566,1.00
409,567,0.69
410,567,0.69
411,567,0.69
412,567,0.69
413,567,0.69
414,567,0.69
415,567,0.69
416,567,0.69
417,567,0.69
418,567,0.69
419,567,0.69
420,567,0.69
421,567,0.69
422,567,0.69
423,567,0.69
424,567,0.69
425,567,0.69
449,541,1.00
450,541,1.00
451,541,1.00
452,541,1.00
453,541,1.00
454,541,1.00
455,541,1.00
456,541,1.00
457,541,1.00
458,541,1.00
459,541,1.00
460,541,1.00
461,541,1.00
462,541,1.00
463,541,1.00
464,541,1.00
465,541,1.00
449,542,1.00
450,542,1.00
451,542,1.00
452,542,1.00
453,542,0.69
454,542,0.72
455,542,0.75
456,542,0.76
457,542,0.77
458,542,0.76
459,542,0.75
460,542,0.72
461,542,0.69
462,542,1.00
463,542,1.00
464,542,1.00
465,542,1.00
449,543,1.00
450,543,1.00
451,543,1.00
452,543,1.00
453,543,0.75
454,543,0.79
455,543,0.82
456,543,0.84
457,543,0.84
458,543,0.84
459,543,0.82
460,543,0.79
461,543,0.75
462,543,1.00
463,543,1.00
464,543,1.00
465,543,1.00
449,544,1.00
450,544,1.00
451,544,1.00
452,544,1.00
453,544,0.81
454,544,0.86
455,544,0.89
456,544,0.91
457,544,0.92
458,544,0.91
459,544,0.89
460,544,0.86
461,544,0.81
462,544,1.00
463,544,1.00
464,544,1.00
465,544,1.00
449,545,1.00
450,545,1.00
451,545,1.00
452,545,1.00
453,545,0.87
454,545,0.92
455,545,0.96
456,545,0.99
457,545,1.00
458,545,0.99
459,545,0.96
460,545,0.92
461,545,0.87
462,545,1.00
463,545,1.00
464,545,1.00
465,545,1.00
449,546,1.00
450,546,1.00
451,546,1.00
452,546,1.00
453,546,0.92
454,546,0.98
455,546,1.00
456,546,1.00
457,546,1.00
458,546,1.00
459,546,1.00
460,546,0.98
461,546,0.92
462,546,1.00
463,546,1.00
464,546,1.00
465,546,1.00
449,547,1.00
450,547,1.00
451,547,1.00
452,547,1.00
453,547,0.96
454,547,1.00
455,547,1.00
456,547,1.00
457,547,1.00
458,547,1.00
459,547,1.00
460,547,1.00
461,547,0.96
462,547,1.00
463,547,1.00
464,547,1.00
465,547,1.00
449,548,1.00
450,548,1.00
451,548,1.00
452,548,1.00
453,548,0.99
454,548,1.00
455,548,1.00
456,548,1.00
457,548,1.00
458,548,1.00
459,548,1.00
460,548,1.00
461,548,0.99
462,548,1.00
463,548,1.00
464,548,1.00
465,548,1.00
449,549,1.00
450,549,1.00
451,549,1.00
452,549,1.00
453,549,1.00
454,549,1.00
455,549,1.00
456,549,1.00
457,549,1.00
458,549,1.00
459,549,1.00
460,549,1.00
461,549,1.00
462,549,1.00
463,549,1.00
464,549,1.00
465,549,1.00
449,550,1.00
450,550,1.00
451,550,1.00
452,550,1.00
453,550,0.99
454,550,1.00
455,550,1.00
456,550,1.00
457,550,1.00
458,550,1.00
459,550,1.00
460,550,1.00
461,550,0.99
462,550,1.00
463,550,1.00
464,550,1.00
465,550,1.00
449,551,1.00
450,551,1.00
451,551,1.00
452,551,1.00
453,551,0.96
454,551,1.00
455,551,1.00
456,551,1.00
457,551,1.00
458,551,1.00
459,551,1.00
460,551,1.00
461,551,0.96
462,551,1.00
463,551,1.00
464,551,1.00
465,551,1.00
449,552,1.00
450,552,1.00
451,552,1.00
452,552,1.00
453,552,0.92
454,552,0.98
455,552,1.00
456,552,1.00
457,552,1.00
458,552,1.00
459,552,1.00
460,552,0.98
461,552,0.92
462,552,1.00
463,552,1.00
464,552,1.00
465,552,1.00
449,553,0.69
450,553,0.69
451,553,0.75
452,553,0.81
453,553,0.87
454,553,0.92
455,553,0.96
456,553,0.99
457,553,1.00
458,553,0.99
459,553,0.96
460,553,0.92
461,553,0.87
462,553,1.00
463,553,1.00
464,553,1.00
465,553,1.00
449,554,0.69
450,554,0.69
451,554,0.70
452,554,0.76
453,554,0.81
454,554,0.86
455,554,0.89
456,554,0.91
457,554,0.92
458,554,0.91
459,554,0.89
460,554,0.86
461,554,0.81
462,554,1.00
463,554,1.00
464,554,1.00
465,554,1.00
449,555,0.69
450,555,0.69
451,555,0.69
452,555,0.70
453,555,0.75
454,555,0.79
455,555,0.82
456,555,0.84
457,555,0.84
458,555,0.84
459,555,0.82
460,555,0.79
461,555,0.75
462,555,0.70
463,555,0.69
464,555,0.69
465,555,0.69
449,556,0.69
450,556,0.69
451,556,0.69
452,556,0.69
453,556,0.69
454,556,0.72
455,556,0.75
456,556,0.76
457,556,0.77
458,556,0.76
459,556,0.75
460,556,0.72
461,556,0.69
462,556,0.69
463,556,0.69
464,556,0.69
465,556,0.69
449,557,0.69
450,557,0.69
451,557,0.69
452,557,0.69
453,557,0.69
454,557,0.69
455,557,0.69
456,557,0.69
457,557,0.69
458,557,0.69
459,557,0.69
460,557,0.69
461,557,0.69
462,557,0.69
463,557,0.69
464,557,0.69
465,557,0.69
462,538,0.69
463,538,0.69
464,538,0.69
465,538,0.69
466,538,0.69
467,538,0.69
468,538,0.69
469,538,0.69
470,538,0.69
471,538,0.69
472,538,1.00
473,538,1.00
474,538,1.00
475,538,1.00
476,538,1.00
477,538,1.00
478,538,1.00
462,539,0.69
463,539,0.69
464,539,0.69
465,539,0.69
466,539,0.69
467,539,0.72
468,539,0.75
469,539,0.76
470,539,0.77
471,539,0.76
472,539,1.00
473,539,1.00
474,539,1.00
475,539,1.00
476,539,1.00
477,539,1.00
478,539,1.00
462,540,0.69
463,540,0.69
464,540,0.69
465,540,0.70
466,540,0.75
467,540,0.79
468,540,0.82
469,540,0.84
470,540,0.84
471,540,0.84
472,540,1.00
473,540,1.00
474,540,1.00
475,540,1.00
476,540,1.00
477,540,1.00
478,540,1.00
466,541,0.81
467,541,0.86
468,541,0.89
469,541,0.91
470,541,0.92
471,541,0.91
472,541,1.00
473,541,1.00
474,541,1.00
475,541,1.00
476,541,1.00
477,541,1.00
478,541,1.00
466,542,0.87
467,542,0.92
468,542,0.96
469,542,0.99
470,542,1.00
471,542,0.99
472,542,1.00
473,542,1.00
474,542,1.00
475,542,1.00
476,542,1.00
477,542,1.00
478,542,1.00
466,543,0.92
467,543,0.98
468,543,1.00
469,543,1.00
470,543,1.00
471,543,1.00
472,543,1.00
473,543,1.00
474,543,1.00
475,543,1.00
476,543,1.00
477,543,1.00
478,543,1.00
466,544,0.96
467,544,1.00
468,544,1.00
469,544,1.00
470,544,1.00
471,544,1.00
472,544,1.00
473,544,1.00
474,544,1.00
475,544,1.00
476,544,1.00
477,544,1.00
478,544,1.00
466,545,0.99
467,545,1.00
468,545,1.00
469,545,1.00
470,545,1.00
471,545,1.00
472,545,1.00
473,545,1.00
474,545,1.00
475,545,1.00
476,545,1.00
477,545,1.00
478,545,1.00
466,546,1.00
467,546,1.00
468,546,1.00
469,546,1.00
470,546,1.00
471,546,1.00
472,546,1.00
473,546,1.00
474,546,1.00
475,546,1.00
476,546,1.00
477,546,1.00
478,546,1.00
466,547,0.99
467,547,1.00
468,547,1.00
469,547,1.00
470,547,1.00
471,547,1.00
472,547,1.00
473,547,1.00
474,547,1.00
475,547,1.00
476,547,1.00
477,547,1.00
478,547,1.00
466,548,0.96
467,548,1.00
468,548,1.00
469,548,1.00
470,548,1.00
471,548,1.00
472,548,1.00
473,548,1.00
474,548,1.00
475,548,1.00
476,548,1.00
477,548,1.00
478,548,1.00
466,549,0.92
467,549,0.98
468,549,1.00
469,549,1.00
470,549,1.00
471,549,1.00
472,549,1.00
473,549,1.00
474,549,1.00
475,549,1.00
476,549,1.00
477,549,1.00
478,549,1.00
466,550,0.87
467,550,0.92
468,550,0.96
469,550,0.99
470,550,1.00
471,550,0.99
472,550,1.00
473,550,1.00
474,550,1.00
475,550,1.00
476,550,1.00
477,550,1.00
478,550,1.00
466,551,0.81
467,551,0.86
468,551,0.89
469,551,0.91
470,551,0.92
471,551,0.91
472,551,1.00
473,551,1.00
474,551,1.00
475,551,1.00
476,551,1.00
477,551,1.00
478,551,1.00
466,552,0.75
467,552,0.79
468,552,0.82
469,552,0.84
470,552,0.84
471,552,0.84
472,552,0.82
473,552,0.79
474,552,0.75
475,552,0.70
476,552,0.69
477,552,0.69
478,552,0.69
466,553,0.69
467,553,0.72
468,553,0.75
469,553,0.76
470,553,0.77
471,553,0.76
472,553,0.75
473,553,0.72
474,553,0.69
475,553,0.69
476,553,0.69
477,553,0.69
478,553,0.69
466,554,0.69
467,554,0.69
468,554,0.69
469,554,0.69
470,554,0.69
471,554,0.69
472,554,0.69
473,554,0.69
474,554,0.69
475,554,0.69
476,554,0.69
477,554,0.69
478,554,0.69
472,535,0.69
473,535,0.69
474,535,0.69
475,535,0.69
476,535,0.69
477,535,0.69
478,535,0.69
479,535,0.69
480,535,1.00
481,535,1.00
482,535,1.00
483,535,1.00
484,535,1.00
485,535,1.00
486,535,1.00
487,535,1.00
488,535,1.00
472,536,0.69
473,536,0.69
474,536,0.69
475,536,0.69
476,536,0.69
477,536,0.72
478,536,0.75
479,536,0.76
480,536,1.00
481,536,1.00
482,536,1.00
483,536,1.00
484,536,1.00
485,536,1.00
486,536,1.00
487,536,1.00
488,536,1.00
472,537,0.69
473,537,0.69
474,537,0.69
475,537,0.70
476,537,0.75
477,537,0.79
478,537,0.82
479,537,0.84
480,537,1.00
481,537,1.00
482,537,1.00
483,537,1.00
484,537,1.00
485,537,1.00
486,537,1.00
487,537,1.00
488,537,1.00
479,538,0.91
480,538,1.00
481,538,1.00
482,538,1.00
483,538,1.00
484,538,1.00
485,538,1.00
486,538,1.00
487,538,1.00
488,538,1.00
479,539,0.99
480,539,1.00
481,539,1.00
482,539,1.00
483,539,1.00
484,539,1.00
485,539,1.00
486,539,1.00
487,539,1.00
488,539,1.00
479,540,1.00
480,540,1.00
481,540,1.00
482,540,1.00
483,540,1.00
484,540,1.00
485,540,1.00
486,540,1.00
487,540,1.00
488,540,1.00
479,541,1.00
480,541,1.00
481,541,1.00
482,541,1.00
483,541,1.00
484,541,1.00
485,541,1.00
486,541,1.00
487,541,1.00
488,541,1.00
479,542,1.00
480,542,1.00
481,542,1.00
482,542,1.00
483,542,1.00
484,542,1.00
485,542,1.00
486,542,1.00
487,542,1.00
488,542,1.00
479,543,1.00
480,543,1.00
481,543,1.00
482,543,1.00
483,543,1.00
484,543,1.00
485,543,1.00
486,543,1.00
487,543,1.00
488,543,1.00
479,544,1.00
480,544,1.00
481,544,1.00
482,544,1.00
483,544,1.00
484,544,1.00
485,544,1.00
486,544,1.00
487,544,1.00
488,544,1.00
479,545,1.00
480,545,1.00
481,545,1.00
482,545,1.00
483,545,1.00
484,545,1.00
485,545,1.00
486,545,1.00
487,545,1.00
488,545,1.00
479,546,1.00
480,546,1.00
481,546,1.00
482,546,1.00
483,546,1.00
484,546,1.00
485,546,1.00
486,546,1.00
487,546,1.00
488,546,1.00
479,547,0.99
480,547,1.00
481,547,1.00
482,547,1.00
483,547,1.00
484,547,1.00
485,547,1.00
486,547,1.00
487,547,1.00
488,547,1.00
479,548,0.91
480,548,1.00
481,548,1.00
482,548,1.00
483,548,1.00
484,548,1.00
485,548,1.00
486,548,1.00
487,548,1.00
488,548,1.00
479,549,0.84
480,549,1.00
481,549,1.00
482,549,1.00
483,549,1.00
484,549,1.00
485,549,1.00
486,549,1.00
487,549,1.00
488,549,1.00
479,550,0.76
480,550,0.77
481,550,0.76
482,550,0.75
483,550,0.72
484,550,0.69
485,550,0.69
486,550,0.69
487,550,0.69
488,550,0.69
479,551,0.69
480,551,0.69
481,551,0.69
482,551,0.69
483,551,0.69
484,551,0.69
485,551,0.69
486,551,0.69
487,551,0.69
488,551,0.69
480,533,0.69
481,533,0.69
482,533,0.69
483,533,0.69
484,533,0.69
485,533,0.69
486,533,0.69
487,533,0.69
488,533,0.69
489,533,0.69
490,533,0.69
491,533,0.69
492,533,1.00
493,533,1.00
494,533,1.00
495,533,1.00
496,533,1.00
480,534,0.69
481,534,0.69
482,534,0.69
483,534,0.69
484,534,0.69
485,534,0.72
486,534,0.75
487,534,0.76
488,534,0.77
489,534,0.76
490,534,0.75
491,534,0.72
492,534,1.00
493,534,1.00
494,534,1.00
495,534,1.00
496,534,1.00
489,535,0.84
490,535,0.82
491,535,0.79
492,535,1.00
493,535,1.00
494,535,1.00
495,535,1.00
496,535,1.00
489,536,0.91
490,536,0.89
491,536,0.86
492,536,1.00
493,536,1.00
494,536,1.00
495,536,1.00
496,536,1.00
489,537,0.99
490,537,0.96
491,537,0.92
492,537,1.00
493,537,1.00
494,537,1.00
495,537,1.00
496,537,1.00
489,538,1.00
490,538,1.00
491,538,0.98
492,538,1.00
493,538,1.00
494,538,1.00
495,538,1.00
496,538,1.00
489,539,1.00
490,539,1.00
491,539,1.00
492,539,1.00
493,539,1.00
494,539,1.00
495,539,1.00
496,539,1.00
489,540,1.00
490,540,1.00
491,540,1.00
492,540,1.00
493,540,1.00
494,540,1.00
495,540,1.00
496,540,1.00
489,541,1.00
490,541,1.00
491,541,1.00
492,541,1.00
493,541,1.00
494,541,1.00
495,541,1.00
496,541,1.00
489,542,1.00
490,542,1.00
491,542,1.00
492,542,1.00
493,542,1.00
494,542,1.00
495,542,1.00
496,542,1.00
489,543,1.00
490,543,1.00
491,543,1.00
492,543,1.00
493,543,1.00
494,543,1.00
495,543,1.00
496,543,1.00
489,544,1.00
490,544,1.00
491,544,0.98
492,544,1.00
493,544,1.00
494,544,1.00
495,544,1.00
496,544,1.00
489,545,0.99
490,545,0.96
491,545,0.92
492,545,1.00
493,545,1.00
494,545,1.00
495,545,1.00
496,545,1.00
489,546,0.91
490,546,0.89
491,546,0.86
492,546,1.00
493,546,1.00
494,546,1.00
495,546,1.00
496,546,1.00
489,547,0.84
490,547,0.82
491,547,0.79
492,547,1.00
493,547,1.00
494,547,1.00
495,547,1.00
496,547,1.00
489,548,0.76
490,548,0.75
491,548,0.72
492,548,1.00
493,548,1.00
494,548,1.00
495,548,1.00
496,548,1.00
489,549,0.69
490,549,0.69
491,549,0.69
492,549,1.00
493,549,1.00
494,549,1.00
495,549,1.00
496,549,1.00
497,533,0.69
498,533,0.69
499,533,1.00
500,533,1.00
501,533,1.00
502,533,1.00
503,533,1.00
504,533,1.00
505,533,1.00
506,533,1.00
507,533,1.00
508,533,1.00
497,534,0.72
498,534,0.75
499,534,1.00
500,534,1.00
501,534,1.00
502,534,1.00
503,534,1.00
504,534,1.00
505,534,1.00
506,534,1.00
507,534,1.00
508,534,1.00
497,535,0.79
498,535,0.82
499,535,1.00
500,535,1.00
501,535,1.00
502,535,1.00
503,535,1.00
504,535,1.00
505,535,1.00
506,535,1.00
507,535,1.00
508,535,1.00
497,536,0.86
498,536,0.89
499,536,1.00
500,536,1.00
501,536,1.00
502,536,1.00
503,536,1.00
504,536,1.00
505,536,1.00
506,536,1.00
507,536,1.00
508,536,1.00
497,537,0.92
498,537,0.96
499,537,1.00
500,537,1.00
501,537,1.00
502,537,1.00
503,537,1.00
504,537,1.00
505,537,1.00
506,537,1.00
507,537,1.00
508,537,1.00
497,538,0.98
498,538,1.00
499,538,1.00
500,538,1.00
501,538,1.00
502,538,1.00
503,538,1.00
504,538,1.00
505,538,1.00
506,538,1.00
507,538,1.00
508,538,1.00
497,539,1.00
498,539,1.00
499,539,1.00
500,539,1.00
501,539,1.00
502,539,1.00
503,539,1.00
504,539,1.00
505,539,1.00
506,539,1.00
507,539,1.00
508,539,1.00
497,540,1.00
498,540,1.00
499,540,1.00
500,540,1.00
501,540,1.00
502,540,1.00
503,540,1.00
504,540,1.00
505,540,1.00
506,540,1.00
507,540,1.00
508,540,1.00
497,541,1.00
498,541,1.00
499,541,1.00
500,541,1.00
501,541,1.00
502,541,1.00
503,541,1.00
504,541,1.00
505,541,1.00
506,541,1.00
507,541,1.00
508,541,1.00
497,542,1.00
498,542,1.00
499,542,1.00
500,542,1.00
501,542,1.00
502,542,1.00
503,542,1.00
504,542,1.00
505,542,1.00
506,542,1.00
507,542,1.00
508,542,1.00
497,543,1.00
498,543,1.00
499,543,1.00
500,543,1.00
501,543,1.00
502,543,1.00
503,543,1.00
504,543,1.00
505,543,1.00
506,543,1.00
507,543,1.00
508,543,1.00
497,544,0.98
498,544,1.00
499,544,1.00
500,544,1.00
501,544,1.00
502,544,1.00
503,544,1.00
504,544,1.00
505,544,1.00
506,544,1.00
507,544,1.00
508,544,1.00
497,545,0.92
498,545,0.96
499,545,1.00
500,545,1.00
501,545,1.00
502,545,1.00
503,545,1.00
504,545,1.00
505,545,1.00
506,545,1.00
507,545,1.00
508,545,1.00
497,546,0.86
498,546,0.89
499,546,1.00
500,546,1.00
501,546,1.00
502,546,1.00
503,546,1.00
504,546,1.00
505,546,1.00
506,546,1.00
507,546,1.00
508,546,1.00
497,547,0.79
498,547,0.82
499,547,1.00
500,547,1.00
501,547,1.00
502,547,1.00
503,547,1.00
504,547,1.00
505,547,1.00
506,547,1.00
507,547,1.00
508,547,1.00
497,548,0.72
498,548,0.75
499,548,0.76
500,548,0.77
501,548,0.76
502,548,0.75
503,548,0.72
504,548,0.69
505,548,0.69
506,548,0.69
507,548,0.69
508,548,0.69
497,549,0.69
498,549,0.69
499,549,0.69
500,549,0.69
501,549,0.69
502,549,0.69
503,549,0.69
504,549,0.69
505,549,0.69
506,549,0.69
507,549,0.69
508,549,0.69
499,531,0.69
500,531,0.69
501,531,0.69
502,531,0.69
503,531,0.69
504,531,0.69
505,531,0.69
506,531,1.00
507,531,1.00
508,531,1.00
509,531,1.00
510,531,1.00
511,531,1.00
512,531,1.00
513,531,1.00
514,531,1.00
515,531,1.00
499,532,0.69
500,532,0.69
501,532,0.69
502,532,0.69
503,532,0.69
504,532,0.72
505,532,0.75
506,532,1.00
507,532,1.00
508,532,1.00
509,532,1.00
510,532,1.00
511,532,1.00
512,532,1.00
513,532,1.00
514,532,1.00
515,532,1.00
509,533,1.00
510,533,1.00
511,533,1.00
512,533,1.00
513,533,1.00
514,533,1.00
515,533,1.00
509,534,1.00
510,534,1.00
511,534,1.00
512,534,1.00
513,534,1.00
514,534,1.00
515,534,1.00
509,535,1.00
510,535,1.00
511,535,1.00
512,535,1.00
513,535,1.00
514,535,1.00
515,535,1.00
509,536,1.00
510,536,0.98
511,536,0.92
512,536,1.00
513,536,1.00
514,536,1.00
515,536,1.00
509,537,1.00
510,537,1.00
511,537,0.96
512,537,1.00
513,537,1.00
514,537,1.00
515,537,1.00
509,538,1.00
510,538,1.00
511,538,0.99
512,538,1.00
513,538,1.00
514,538,1.00
515,538,1.00
509,539,1.00
510,539,1.00
511,539,1.00
512,539,1.00
513,539,1.00
514,539,1.00
515,539,1.00
509,540,1.00
510,540,1.00
511,540,0.99
512,540,1.00
513,540,1.00
514,540,1.00
515,540,1.00
509,541,1.00
510,541,1.00
511,541,0.96
512,541,1.00
513,541,1.00
514,541,1.00
515,541,1.00
509,542,1.00
510,542,0.98
511,542,0.92
512,542,1.00
513,542,1.00
514,542,1.00
515,542,1.00
509,543,0.96
510,543,0.92
511,543,0.87
512,543,1.00
513,543,1.00
514,543,1.00
515,543,1.00
509,544,0.89
510,544,0.86
511,544,0.81
512,544,1.00
513,544,1.00
514,544,1.00
515,544,1.00
509,545,0.82
510,545,0.79
511,545,0.75
512,545,0.70
513,545,0.69
514,545,0.69
515,545,0.69
509,546,0.75
510,546,0.72
511,546,0.69
512,546,0.69
513,546,0.69
514,546,0.69
515,546,0.69
509,547,0.69
510,547,0.69
511,547,0.69
512,547,0.69
513,547,0.69
514,547,0.69
515,547,0.69
512,528,1.00
513,528,1.00
514,528,1.00
515,528,1.00
516,528,1.00
517,528,1.00
518,528,1.00
519,528,1.00
520,528,1.00
521,528,1.00
522,528,1.00
523,528,1.00
524,528,1.00
525,528,1.00
526,528,1.00
527,528,1.00
528,528,1.00
512,529,1.00
513,529,1.00
514,529,1.00
515,529,1.00
516,529,1.00
517,529,1.00
518,529,1.00
519,529,1.00
520,529,1.00
521,529,1.00
522,529,1.00
523,529,1.00
524,529,1.00
525,529,1.00
526,529,1.00
527,529,1.00
528,529,1.00
512,530,1.00
513,530,1.00
514,530,1.00
515,530,1.00
516,530,1.00
517,530,1.00
518,530,1.00
519,530,1.00
520,530,1.00
521,530,1.00
522,530,1.00
523,530,1.00
524,530,1.00
525,530,1.00
526,530,1.00
527,530,1.00
528,530,1.00
516,531,1.00
517,531,1.00
518,531,1.00
519,531,1.00
520,531,1.00
521,531,1.00
522,531,1.00
523,531,1.00
524,531,1.00
525,531,1.00
526,531,1.00
527,531,1.00
528,531,1.00
516,532,1.00
517,532,1.00
518,532,1.00
519,532,1.00
520,532,1.00
521,532,1.00
522,532,1.00
523,532,1.00
524,532,1.00
525,532,1.00
526,532,1.00
527,532,1.00
528,532,1.00
516,533,1.00
517,533,1.00
518,533,1.00
519,533,1.00
520,533,1.00
521,533,1.00
522,533,1.00
523,533,1.00
524,533,1.00
525,533,1.00
526,533,1.00
527,533,1.00
528,533,1.00
516,534,1.00
517,534,1.00
518,534,1.00
519,534,1.00
520,534,1.00
521,534,1.00
522,534,1.00
523,534,1.00
524,534,1.00
525,534,1.00
526,534,1.00
527,534,1.00
528,534,1.00
516,535,1.00
517,535,1.00
518,535,1.00
519,535,1.00
520,535,1.00
521,535,1.00
522,535,1.00
523,535,1.00
524,535,1.00
525,535,1.00
526,535,1.00
527,535,1.00
528,535,1.00
516,536,1.00
517,536,1.00
518,536,1.00
519,536,1.00
520,536,1.00
521,536,1.00
522,536,1.00
523,536,1.00
524,536,1.00
525,536,1.00
526,536,1.00
527,536,1.00
528,536,1.00
516,537,1.00
517,537,1.00
518,537,1.00
519,537,1.00
520,537,1.00
521,537,1.00
522,537,1.00
523,537,1.00
524,537,1.00
525,537,1.00
526,537,1.00
527,537,1.00
528,537,1.00
516,538,0.96
517,538,1.00
518,538,1.00
519,538,1.00
520,538,1.00
521,538,1.00
522,538,1.00
523,538,1.00
524,538,1.00
525,538,1.00
526,538,1.00
527,538,1.00
528,538,1.00
516,539,0.92
517,539,0.98
518,539,1.00
519,539,1.00
520,539,1.00
521,539,1.00
522,539,1.00
523,539,1.00
524,539,1.00
525,539,1.00
526,539,1.00
527,539,1.00
528,539,1.00
516,540,0.87
517,540,0.92
518,540,0.96
519,540,0.99
520,540,1.00
521,540,1.00
522,540,1.00
523,540,1.00
524,540,1.00
525,540,1.00
526,540,1.00
527,540,1.00
528,540,1.00
516,541,0.81
517,541,0.86
518,541,0.89
519,541,0.91
520,541,1.00
521,541,1.00
522,541,1.00
523,541,1.00
524,541,1.00
525,541,1.00
526,541,1.00
527,541,1.00
528,541,1.00
516,542,0.75
517,542,0.79
518,542,0.82
519,542,0.84
520,542,0.84
521,542,0.84
522,542,0.82
523,542,0.79
524,542,0.75
525,542,0.70
526,542,0.69
527,542,0.69
528,542,0.69
516,543,0.69
517,543,0.72
518,543,0.75
519,543,0.76
520,543,0.77
521,543,0.76
522,543,0.75
523,543,0.72
524,543,0.69
525,543,0.69
526,543,0.69
527,543,0.69
528,543,0.69
516,544,0.69
517,544,0.69
518,544,0.69
519,544,0.69
520,544,0.69
521,544,0.69
522,544,0.69
523,544,0.69
524,544,0.69
525,544,0.69
526,544,0.69
527,544,0.69
528,544,0.69
520,525,1.00
521,525,1.00
522,525,1.00
523,525,1.00
524,525,1.00
525,525,1.00
526,525,1.00
527,525,1.00
528,525,1.00
529,525,1.00
530,525,1.00
531,525,1.00
532,525,1.00
533,525,1.00
534,525,1.00
535,525,1.00
536,525,1.00
520,526,1.00
521,526,1.00
522,526,1.00
523,526,1.00
524,526,1.00
525,526,1.00
526,526,1.00
527,526,1.00
528,526,1.00
529,526,1.00
530,526,1.00
531,526,1.00
532,526,1.00
533,526,1.00
534,526,1.00
535,526,1.00
536,526,1.00
520,527,1.00
521,527,1.00
522,527,1.00
523,527,1.00
524,527,1.00
525,527,1.00
526,527,1.00
527,527,1.00
528,527,1.00
529,527,1.00
530,527,1.00
531,527,1.00
532,527,1.00
533,527,1.00
534,527,1.00
535,527,1.00
536,527,1.00
529,528,1.00
530,528,1.00
531,528,1.00
532,528,1.00
533,528,1.00
534,528,1.00
535,528,1.00
536,528,1.00
529,529,0.99
530,529,1.00
531,529,1.00
532,529,1.00
533,529,1.00
534,529,1.00
535,529,1.00
536,529,1.00
529,530,1.00
530,530,1.00
531,530,1.00
532,530,1.00
533,530,1.00
534,530,1.00
535,530,1.00
536,530,1.00
529,531,1.00
530,531,1.00
531,531,1.00
532,531,1.00
533,531,1.00
534,531,1.00
535,531,1.00
536,531,1.00
529,532,1.00
530,532,1.00
531,532,1.00
532,532,1.00
533,532,1.00
534,532,1.00
535,532,1.00
536,532,1.00
529,533,1.00
530,533,1.00
531,533,1.00
532,533,1.00
533,533,1.00
534,533,1.00
535,533,1.00
536,533,1.00
529,534,1.00
530,534,1.00
531,534,1.00
532,534,1.00
533,534,1.00
534,534,1.00
535,534,1.00
536,534,1.00
529,535,1.00
530,535,1.00
531,535,1.00
532,535,1.00
533,535,1.00
534,535,1.00
535,535,1.00
536,535,1.00
529,536,1.00
530,536,1.00
531,536,1.00
532,536,1.00
533,536,1.00
534,536,1.00
535,536,1.00
536,536,1.00
529,537,0.99
530,537,1.00
531,537,1.00
532,537,1.00
533,537,1.00
534,537,1.00
535,537,1.00
536,537,1.00
529,538,0.91
530,538,0.89
531,538,0.86
532,538,0.81
533,538,0.76
534,538,0.70
535,538,0.69
536,538,0.69
529,539,0.84
530,539,0.82
531,539,0.79
532,539,0.75
533,539,0.70
534,539,0.69
535,539,0.69
536,539,0.69
529,540,0.76
530,540,0.75
531,540,0.72
532,540,0.69
533,540,0.69
534,540,0.69
535,540,0.69
536,540,0.69
529,541,0.69
530,541,0.69
531,541,0.69
532,541,0.69
533,541,0.69
534,541,0.69
535,541,0.69
536,541,0.69
530,521,1.00
531,521,1.00
532,521,1.00
533,521,1.00
534,521,1.00
535,521,1.00
536,521,1.00
537,521,1.00
538,521,1.00
539,521,1.00
540,521,1.00
541,521,1.00
542,521,1.00
543,521,1.00
544,521,1.00
545,521,1.00
546,521,1.00
530,522,1.00
531,522,1.00
532,522,1.00
533,522,1.00
534,522,1.00
535,522,1.00
536,522,1.00
537,522,1.00
538,522,1.00
539,522,1.00
540,522,1.00
541,522,1.00
542,522,1.00
543,522,1.00
544,522,1.00
545,522,1.00
546,522,1.00
530,523,1.00
531,523,1.00
532,523,1.00
533,523,1.00
534,523,1.00
535,523,1.00
536,523,1.00
537,523,1.00
538,523,1.00
539,523,1.00
540,523,1.00
541,523,1.00
542,523,1.00
543,523,1.00
544,523,1.00
545,523,1.00
546,523,1.00
530,524,1.00
531,524,1.00
532,524,1.00
533,524,1.00
534,524,1.00
535,524,1.00
536,524,1.00
537,524,1.00
538,524,1.00
539,524,1.00
540,524,1.00
541,524,1.00
542,524,1.00
543,524,1.00
544,524,1.00
545,524,1.00
546,524,1.00
537,525,1.00
538,525,1.00
539,525,1.00
540,525,1.00
541,525,1.00
542,525,1.00
543,525,1.00
544,525,1.00
545,525,1.00
546,525,1.00
537,526,1.00
538,526,1.00
539,526,1.00
540,526,1.00
541,526,1.00
542,526,1.00
543,526,1.00
544,526,1.00
545,526,1.00
546,526,1.00
537,527,1.00
538,527,1.00
539,527,1.00
540,527,1.00
541,527,1.00
542,527,1.00
543,527,1.00
544,527,1.00
545,527,1.00
546,527,1.00
537,528,1.00
538,528,1.00
539,528,1.00
540,528,1.00
541,528,1.00
542,528,1.00
543,528,1.00
544,528,1.00
545,528,1.00
546,528,1.00
537,529,1.00
538,529,1.00
539,529,1.00
540,529,1.00
541,529,1.00
542,529,1.00
543,529,1.00
544,529,1.00
545,529,1.00
546,529,1.00
537,530,1.00
538,530,1.00
539,530,1.00
540,530,1.00
541,530,1.00
542,530,1.00
543,530,1.00
544,530,1.00
545,530,1.00
546,530,1.00
537,531,1.00
538,531,1.00
539,531,1.00
540,531,1.00
541,531,1.00
542,531,1.00
543,531,1.00
544,531,1.00
545,531,1.00
546,531,1.00
537,532,1.00
538,532,1.00
539,532,1.00
540,532,1.00
541,532,1.00
542,532,1.00
543,532,1.00
544,532,1.00
545,532,1.00
546,532,1.00
537,533,1.00
538,533,1.00
539,533,1.00
540,533,1.00
541,533,1.00
542,533,1.00
543,533,1.00
544,533,1.00
545,533,1.00
546,533,1.00
537,534,1.00
538,534,1.00
539,534,1.00
540,534,1.00
541,534,1.00
542,534,1.00
543,534,1.00
544,534,1.00
545,534,1.00
546,534,1.00
537,535,0.84
538,535,0.84
539,535,0.84
540,535,0.82
541,535,0.79
542,535,0.75
543,535,0.70
544,535,0.69
545,535,0.69
546,535,0.69
537,536,0.76
538,536,0.77
539,536,0.76
540,536,0.75
541,536,0.72
542,536,0.69
543,536,0.69
544,536,0.69
545,536,0.69
546,536,0.69
537,537,0.69
538,537,0.69
539,537,0.69
540,537,0.69
541,537,0.69
542,537,0.69
543,537,0.69
544,537,0.69
545,537,0.69
546,537,0.69
535,518,1.00
536,518,1.00
537,518,1.00
538,518,1.00
539,518,1.00
540,518,1.00
541,518,1.00
542,518,1.00
543,518,1.00
544,518,1.00
545,518,1.00
546,518,1.00
547,518,1.00
548,518,1.00
549,518,1.00
550,518,1.00
551,518,1.00
535,519,1.00
536,519,1.00
537,519,1.00
538,519,1.00
539,519,1.00
540,519,1.00
541,519,1.00
542,519,1.00
543,519,1.00
544,519,1.00
545,519,1.00
546,519,1.00
547,519,1.00
548,519,1.00
549,519,1.00
550,519,1.00
551,519,1.00
535,520,1.00
536,520,1.00
537,520,1.00
538,520,1.00
539,520,1.00
540,520,1.00
541,520,1.00
542,520,1.00
543,520,1.00
544,520,1.00
545,520,1.00
546,520,1.00
547,520,1.00
548,520,1.00
549,520,1.00
550,520,1.00
551,520,1.00
547,521,1.00
548,521,1.00
549,521,1.00
550,521,1.00
551,521,1.00
547,522,1.00
548,522,1.00
549,522,1.00
550,522,1.00
551,522,1.00
547,523,1.00
548,523,1.00
549,523,1.00
550,523,1.00
551,523,1.00
547,524,1.00
548,524,1.00
549,524,1.00
550,524,1.00
551,524,1.00
547,525,1.00
548,525,1.00
549,525,1.00
550,525,1.00
551,525,1.00
547,526,1.00
548,526,1.00
549,526,1.00
550,526,1.00
551,526,1.00
547,527,1.00
548,527,1.00
549,527,1.00
550,527,1.00
551,527,1.00
547,528,1.00
548,528,1.00
549,528,1.00
550,528,1.00
551,528,1.00
547,529,1.00
548,529,1.00
549,529,1.00
550,529,1.00
551,529,1.00
547,530,1.00
548,530,1.00
549,530,1.00
550,530,1.00
551,530,1.00
547,531,1.00
548,531,1.00
549,531,1.00
550,531,1.00
551,531,1.00
547,532,1.00
548,532,1.00
549,532,1.00
550,532,1.00
551,532,1.00
547,533,0.69
548,533,0.69
549,533,0.69
550,533,0.69
551,533,0.69
547,534,0.69
548,534,0.69
549,534,0.69
550,534,0.69
551,534,0.69
541,516,1.00
542,516,1.00
543,516,1.00
544,516,1.00
545,516,1.00
546,516,1.00
547,516,1.00
548,516,1.00
549,516,1.00
550,516,1.00
551,516,1.00
552,516,1.00
553,516,1.00
554,516,1.00
555,516,1.00
556,516,1.00
557,516,1.00
541,517,1.00
542,517,1.00
543,517,1.00
544,517,1.00
545,517,1.00
546,517,1.00
547,517,1.00
548,517,1.00
549,517,1.00
550,517,1.00
551,517,1.00
552,517,1.00
553,517,1.00
554,517,1.00
555,517,1.00
556,517,1.00
557,517,1.00
552,518,1.00
553,518,1.00
554,518,1.00
555,518,1.00
556,518,1.00
557,518,1.00
552,519,1.00
553,519,1.00
554,519,1.00
555,519,1.00
556,519,1.00
557,519,1.00
552,520,1.00
553,520,1.00
554,520,1.00
555,520,1.00
556,520,1.00
557,520,1.00
552,521,1.00
553,521,1.00
554,521,1.00
555,521,1.00
556,521,1.00
557,521,1.00
552,522,1.00
553,522,1.00
554,522,1.00
555,522,1.00
556,522,1.00
557,522,1.00
552,523,1.00
553,523,1.00
554,523,1.00
555,523,1.00
556,523,1.00
557,523,1.00
552,524,1.00
553,524,1.00
554,524,1.00
555,524,1.00
556,524,1.00
557,524,1.00
552,525,1.00
553,525,1.00
554,525,1.00
555,525,1.00
556,525,1.00
557,525,1.00
552,526,1.00
553,526,1.00
554,526,1.00
555,526,1.00
556,526,1.00
557,526,1.00
552,527,1.00
553,527,1.00
554,527,1.00
555,527,1.00
556,527,1.00
557,527,1.00
552,528,1.00
553,528,1.00
554,528,1.00
555,528,1.00
556,528,1.00
557,528,1.00
552,529,1.00
553,529,1.00
554,529,1.00
555,529,1.00
556,529,1.00
557,529,1.00
552,530,1.00
553,530,1.00
554,530,1.00
555,530,1.00
556,530,1.00
557,530,1.00
552,531,1.00
553,531,1.00
554,531,1.00
555,531,1.00
556,531,1.00
557,531,1.00
552,532,1.00
553,532,1.00
554,532,1.00
555,532,1.00
556,532,1.00
557,532,1.00
536,513,1.00
537,513,1.00
538,513,1.00
539,513,1.00
540,513,1.00
541,513,1.00
542,513,1.00
543,513,1.00
544,513,1.00
545,513,1.00
546,513,0.69
547,513,0.69
548,513,0.69
549,513,0.69
550,513,0.69
551,513,0.69
552,513,0.69
536,514,1.00
537,514,1.00
538,514,1.00
539,514,1.00
540,514,1.00
541,514,1.00
542,514,1.00
543,514,1.00
544,514,1.00
545,514,1.00
546,514,0.75
547,514,0.72
548,514,0.69
549,514,0.69
550,514,0.69
551,514,0.69
552,514,0.69
536,515,1.00
537,515,1.00
538,515,1.00
539,515,1.00
540,515,1.00
541,515,1.00
542,515,1.00
543,515,1.00
544,515,1.00
545,515,1.00
546,515,0.82
547,515,0.79
548,515,0.75
549,515,0.70
550,515,0.69
551,515,0.69
552,515,0.69
536,516,1.00
537,516,1.00
538,516,1.00
539,516,1.00
540,516,1.00
536,517,1.00
537,517,1.00
538,517,1.00
539,517,1.00
540,517,1.00
520,504,1.00
521,504,1.00
522,504,1.00
523,504,1.00
524,504,1.00
525,504,1.00
526,504,1.00
527,504,1.00
528,504,1.00
529,504,1.00
530,504,1.00
531,504,1.00
532,504,1.00
533,504,1.00
534,504,1.00
535,504,1.00
536,504,0.69
520,505,1.00
521,505,1.00
522,505,1.00
523,505,1.00
524,505,1.00
525,505,1.00
526,505,1.00
527,505,1.00
528,505,1.00
529,505,1.00
530,505,1.00
531,505,1.00
532,505,1.00
533,505,1.00
534,505,1.00
535,505,1.00
536,505,0.69
520,506,1.00
521,506,1.00
522,506,1.00
523,506,1.00
524,506,1.00
525,506,1.00
526,506,1.00
527,506,1.00
528,506,1.00
529,506,1.00
530,506,1.00
531,506,1.00
532,506,1.00
533,506,1.00
534,506,1.00
535,506,1.00
536,506,0.69
520,507,1.00
521,507,1.00
522,507,1.00
523,507,1.00
524,507,1.00
525,507,1.00
526,507,1.00
527,507,1.00
528,507,1.00
529,507,1.00
530,507,1.00
531,507,1.00
532,507,1.00
533,507,1.00
534,507,1.00
535,507,1.00
536,507,0.69
520,508,1.00
521,508,1.00
522,508,1.00
523,508,1.00
524,508,1.00
525,508,1.00
526,508,1.00
527,508,1.00
528,508,1.00
529,508,1.00
530,508,1.00
531,508,1.00
532,508,1.00
533,508,1.00
534,508,1.00
535,508,1.00
536,508,1.00
520,509,1.00
521,509,1.00
522,509,1.00
523,509,1.00
524,509,1.00
525,509,1.00
526,509,1.00
527,509,1.00
528,509,1.00
529,509,1.00
530,509,1.00
531,509,1.00
532,509,1.00
533,509,1.00
534,509,1.00
535,509,1.00
536,509,1.00
520,510,1.00
521,510,1.00
522,510,1.00
523,510,1.00
524,510,1.00
525,510,1.00
526,510,1.00
527,510,1.00
528,510,1.00
529,510,1.00
530,510,1.00
531,510,1.00
532,510,1.00
533,510,1.00
534,510,1.00
535,510,1.00
536,510,1.00
520,511,1.00
521,511,1.00
522,511,1.00
523,511,1.00
524,511,1.00
525,511,1.00
526,511,1.00
527,511,1.00
528,511,1.00
529,511,1.00
530,511,1.00
531,511,1.00
532,511,1.00
533,511,1.00
534,511,1.00
535,511,1.00
536,511,1.00
520,512,1.00
521,512,1.00
522,512,1.00
523,512,1.00
524,512,1.00
525,512,1.00
526,512,1.00
527,512,1.00
528,512,1.00
529,512,1.00
530,512,1.00
531,512,1.00
532,512,1.00
533,512,1.00
534,512,1.00
535,512,1.00
536,512,1.00
520,513,1.00
521,513,1.00
522,513,1.00
523,513,1.00
524,513,1.00
525,513,1.00
526,513,1.00
527,513,1.00
528,513,1.00
529,513,1.00
530,513,1.00
531,513,1.00
532,513,1.00
533,513,1.00
534,513,1.00
535,513,1.00
520,514,1.00
521,514,1.00
522,514,1.00
523,514,1.00
524,514,1.00
525,514,1.00
526,514,1.00
527,514,1.00
528,514,1.00
529,514,1.00
530,514,1.00
531,514,1.00
532,514,1.00
533,514,1.00
534,514,1.00
535,514,1.00
520,515,1.00
521,515,1.00
522,515,1.00
523,515,1.00
524,515,1.00
525,515,1.00
526,515,1.00
527,515,1.00
528,515,1.00
529,515,1.00
530,515,1.00
531,515,1.00
532,515,1.00
533,515,1.00
534,515,1.00
535,515,1.00
520,516,1.00
521,516,1.00
522,516,1.00
523,516,1.00
524,516,1.00
525,516,1.00
526,516,1.00
527,516,1.00
528,516,1.00
529,516,1.00
530,516,1.00
531,516,1.00
532,516,1.00
533,516,1.00
534,516,1.00
535,516,1.00
520,517,1.00
521,517,1.00
522,517,1.00
523,517,1.00
524,517,1.00
525,517,1.00
526,517,1.00
527,517,1.00
528,517,1.00
529,517,1.00
530,517,1.00
531,517,1.00
532,517,1.00
533,517,1.00
534,517,1.00
535,517,1.00
520,518,1.00
521,518,1.00
522,518,1.00
523,518,1.00
524,518,1.00
525,518,1.00
526,518,1.00
527,518,1.00
528,518,1.00
529,518,1.00
530,518,1.00
531,518,1.00
532,518,1.00
533,518,1.00
534,518,1.00
520,519,1.00
521,519,1.00
522,519,1.00
523,519,1.00
524,519,1.00
525,519,1.00
526,519,1.00
527,519,1.00
528,519,1.00
529,519,1.00
530,519,1.00
531,519,1.00
532,519,1.00
533,519,1.00
534,519,1.00
520,520,1.00
521,520,1.00
522,520,1.00
523,520,1.00
524,520,1.00
525,520,1.00
526,520,1.00
527,520,1.00
528,520,1.00
529,520,1.00
530,520,1.00
531,520,1.00
532,520,1.00
533,520,1.00
534,520,1.00
510,497,1.00
511,497,1.00
512,497,1.00
513,497,1.00
514,497,1.00
515,497,1.00
516,497,1.00
517,497,1.00
518,497,1.00
519,497,1.00
520,497,1.00
521,497,1.00
522,497,1.00
523,497,1.00
524,497,1.00
525,497,1.00
526,497,1.00
510,498,1.00
511,498,1.00
512,498,1.00
513,498,1.00
514,498,1.00
515,498,1.00
516,498,1.00
517,498,1.00
518,498,1.00
519,498,1.00
520,498,1.00
521,498,1.00
522,498,1.00
523,498,1.00
524,498,1.00
525,498,1.00
526,498,1.00
510,499,1.00
511,499,1.00
512,499,1.00
513,499,1.00
514,499,1.00
515,499,1.00
516,499,1.00
517,499,1.00
518,499,1.00
519,499,1.00
520,499,1.00
521,499,1.00
522,499,1.00
523,499,1.00
524,499,1.00
525,499,1.00
526,499,1.00
510,500,1.00
511,500,1.00
512,500,1.00
513,500,1.00
514,500,1.00
515,500,1.00
516,500,1.00
517,500,1.00
518,500,1.00
519,500,1.00
520,500,1.00
521,500,1.00
522,500,1.00
523,500,1.00
524,500,1.00
525,500,1.00
526,500,1.00
510,501,1.00
511,501,1.00
512,501,1.00
513,501,1.00
514,501,1.00
515,501,1.00
516,501,1.00
517,501,1.00
518,501,1.00
519,501,1.00
520,501,1.00
521,501,1.00
522,501,1.00
523,501,1.00
524,501,1.00
525,501,1.00
526,501,1.00
510,502,1.00
511,502,1.00
512,502,1.00
513,502,1.00
514,502,1.00
515,502,1.00
516,502,1.00
517,502,1.00
518,502,1.00
519,502,1.00
520,502,1.00
521,502,1.00
522,502,1.00
523,502,1.00
524,502,1.00
525,502,1.00
526,502,1.00
510,503,1.00
511,503,1.00
512,503,1.00
513,503,1.00
514,503,1.00
515,503,1.00
516,503,1.00
517,503,1.00
518,503,1.00
519,503,1.00
520,503,1.00
521,503,1.00
522,503,1.00
523,503,1.00
524,503,1.00
525,503,1.00
526,503,1.00
510,504,1.00
511,504,1.00
512,504,1.00
513,504,1.00
514,504,1.00
515,504,1.00
516,504,1.00
517,504,1.00
518,504,1.00
519,504,1.00
510,505,1.00
511,505,1.00
512,505,1.00
513,505,1.00
514,505,1.00
515,505,1.00
516,505,1.00
517,505,1.00
518,505,1.00
519,505,1.00
510,506,1.00
511,506,1.00
512,506,1.00
513,506,1.00
514,506,1.00
515,506,1.00
516,506,1.00
517,506,1.00
518,506,1.00
519,506,1.00
510,507,1.00
511,507,1.00
512,507,1.00
513,507,1.00
514,507,1.00
515,507,1.00
516,507,1.00
517,507,1.00
518,507,1.00
519,507,1.00
510,508,1.00
511,508,1.00
512,508,1.00
513,508,1.00
514,508,1.00
515,508,1.00
516,508,1.00
517,508,1.00
518,508,1.00
519,508,1.00
510,509,1.00
511,509,1.00
512,509,1.00
513,509,1.00
514,509,1.00
515,509,1.00
516,509,1.00
517,509,1.00
518,509,1.00
519,509,1.00
510,510,1.00
511,510,1.00
512,510,1.00
513,510,1.00
514,510,1.00
515,510,1.00
516,510,1.00
517,510,1.00
518,510,1.00
519,510,1.00
510,511,1.00
511,511,1.00
512,511,1.00
513,511,1.00
514,511,1.00
515,511,1.00
516,511,1.00
517,511,1.00
518,511,1.00
519,511,1.00
510,512,1.00
511,512,1.00
512,512,1.00
513,512,1.00
514,512,1.00
515,512,1.00
516,512,1.00
517,512,1.00
518,512,1.00
519,512,1.00
510,513,1.00
511,513,1.00
512,513,1.00
513,513,1.00
514,513,1.00
515,513,1.00
516,513,1.00
517,513,1.00
518,513,1.00
519,513,1.00
492,485,1.00
493,485,1.00
494,485,1.00
495,485,1.00
496,485,1.00
497,485,1.00
498,485,1.00
499,485,1.00
500,485,1.00
501,485,1.00
502,485,1.00
503,485,1.00
504,485,1.00
505,485,1.00
506,485,1.00
507,485,1.00
508,485,1.00
492,486,1.00
493,486,1.00
494,486,1.00
495,486,1.00
496,486,1.00
497,486,1.00
498,486,1.00
499,486,1.00
500,486,1.00
501,486,1.00
502,486,1.00
503,486,1.00
504,486,1.00
505,486,1.00
506,486,1.00
507,486,1.00
508,486,1.00
492,487,1.00
493,487,1.00
494,487,1.00
495,487,1.00
496,487,1.00
497,487,1.00
498,487,1.00
499,487,1.00
500,487,1.00
501,487,1.00
502,487,1.00
503,487,1.00
504,487,1.00
505,487,1.00
506,487,1.00
507,487,1.00
508,487,1.00
492,488,1.00
493,488,1.00
494,488,1.00
495,488,1.00
496,488,1.00
497,488,1.00
498,488,1.00
499,488,1.00
500,488,1.00
501,488,1.00
502,488,1.00
503,488,1.00
504,488,1.00
505,488,1.00
506,488,1.00
507,488,1.00
508,488,1.00
492,489,1.00
493,489,1.00
494,489,1.00
495,489,1.00
496,489,1.00
497,489,1.00
498,489,1.00
499,489,1.00
500,489,1.00
501,489,1.00
502,489,1.00
503,489,1.00
504,489,1.00
505,489,1.00
506,489,1.00
507,489,1.00
508,489,1.00
492,490,1.00
493,490,1.00
494,490,1.00
495,490,1.00
496,490,1.00
497,490,1.00
498,490,1.00
499,490,1.00
500,490,1.00
501,490,1.00
502,490,1.00
503,490,1.00
504,490,1.00
505,490,1.00
506,490,1.00
507,490,1.00
508,490,1.00
492,491,1.00
493,491,1.00
494,491,1.00
495,491,1.00
496,491,1.00
497,491,1.00
498,491,1.00
499,491,1.00
500,491,1.00
501,491,1.00
502,491,1.00
503,491,1.00
504,491,1.00
505,491,1.00
506,491,1.00
507,491,1.00
508,491,1.00
492,492,1.00
493,492,1.00
494,492,1.00
495,492,1.00
496,492,1.00
497,492,1.00
498,492,1.00
499,492,1.00
500,492,1.00
501,492,1.00
502,492,1.00
503,492,1.00
504,492,1.00
505,492,1.00
506,492,1.00
507,492,1.00
508,492,1.00
492,493,1.00
493,493,1.00
494,493,1.00
495,493,1.00
496,493,1.00
497,493,1.00
498,493,1.00
499,493,1.00
500,493,1.00
501,493,1.00
502,493,1.00
503,493,1.00
504,493,1.00
505,493,1.00
506,493,1.00
507,493,1.00
508,493,1.00
492,494,1.00
493,494,1.00
494,494,1.00
495,494,1.00
496,494,1.00
497,494,1.00
498,494,1.00
499,494,1.00
500,494,1.00
501,494,1.00
502,494,1.00
503,494,1.00
504,494,1.00
505,494,1.00
506,494,1.00
507,494,1.00
508,494,1.00
492,495,1.00
493,495,1.00
494,495,1.00
495,495,1.00
496,495,1.00
497,495,1.00
498,495,1.00
499,495,1.00
500,495,1.00
501,495,1.00
502,495,1.00
503,495,1.00
504,495,1.00
505,495,1.00
506,495,1.00
507,495,1.00
508,495,1.00
492,496,1.00
493,496,1.00
494,496,1.00
495,496,1.00
496,496,1.00
497,496,1.00
498,496,1.00
499,496,1.00
500,496,1.00
501,496,1.00
502,496,1.00
503,496,1.00
504,496,1.00
505,496,1.00
506,496,1.00
507,496,1.00
508,496,1.00
492,497,1.00
493,497,1.00
494,497,1.00
495,497,1.00
496,497,1.00
497,497,1.00
498,497,1.00
499,497,1.00
500,497,1.00
501,497,1.00
502,497,1.00
503,497,1.00
504,497,1.00
505,497,1.00
506,497,1.00
507,497,1.00
508,497,1.00
492,498,1.00
493,498,1.00
494,498,1.00
495,498,1.00
496,498,1.00
497,498,1.00
498,498,1.00
499,498,1.00
500,498,1.00
501,498,1.00
502,498,1.00
503,498,1.00
504,498,1.00
505,498,1.00
506,498,1.00
507,498,1.00
508,498,1.00
492,499,1.00
493,499,1.00
494,499,1.00
495,499,1.00
496,499,1.00
497,499,1.00
498,499,1.00
499,499,1.00
500,499,1.00
501,499,1.00
502,499,1.00
503,499,1.00
504,499,1.00
505,499,1.00
506,499,1.00
507,499,1.00
508,499,1.00
492,500,1.00
493,500,1.00
494,500,1.00
495,500,1.00
496,500,1.00
497,500,1.00
498,500,1.00
499,500,1.00
500,500,1.00
501,500,1.00
502,500,1.00
503,500,1.00
504,500,1.00
505,500,1.00
506,500,1.00
507,500,1.00
508,500,1.00
492,501,1.00
493,501,1.00
494,501,1.00
495,501,1.00
496,501,1.00
497,501,1.00
498,501,1.00
499,501,1.00
500,501,1.00
501,501,1.00
502,501,1.00
503,501,1.00
504,501,1.00
505,501,1.00
506,501,1.00
507,501,1.00
508,501,1.00
479,475,1.00
480,475,1.00
481,475,1.00
482,475,1.00
483,475,1.00
484,475,1.00
485,475,1.00
486,475,1.00
487,475,1.00
488,475,1.00
489,475,1.00
490,475,1.00
491,475,1.00
492,475,1.00
493,475,1.00
494,475,1.00
495,475,1.00
479,476,1.00
480,476,1.00
481,476,1.00
482,476,1.00
483,476,1.00
484,476,1.00
485,476,1.00
486,476,1.00
487,476,1.00
488,476,1.00
489,476,1.00
490,476,1.00
491,476,1.00
492,476,1.00
493,476,1.00
494,476,1.00
495,476,1.00
479,477,1.00
480,477,1.00
481,477,1.00
482,477,1.00
483,477,1.00
484,477,1.00
485,477,1.00
486,477,1.00
487,477,1.00
488,477,1.00
489,477,1.00
490,477,1.00
491,477,1.00
492,477,1.00
493,477,1.00
494,477,1.00
495,477,1.00
479,478,1.00
480,478,1.00
481,478,1.00
482,478,1.00
483,478,1.00
484,478,1.00
485,478,1.00
486,478,1.00
487,478,1.00
488,478,1.00
489,478,1.00
490,478,1.00
491,478,1.00
492,478,1.00
493,478,1.00
494,478,1.00
495,478,1.00
479,479,1.00
480,479,1.00
481,479,1.00
482,479,1.00
483,479,1.00
484,479,1.00
485,479,1.00
486,479,1.00
487,479,1.00
488,479,1.00
489,479,1.00
490,479,1.00
491,479,1.00
492,479,1.00
493,479,1.00
494,479,1.00
495,479,1.00
479,480,1.00
480,480,1.00
481,480,1.00
482,480,1.00
483,480,1.00
484,480,1.00
485,480,1.00
486,480,1.00
487,480,1.00
488,480,1.00
489,480,1.00
490,480,1.00
491,480,1.00
492,480,1.00
493,480,1.00
494,480,1.00
495,480,1.00
479,481,1.00
480,481,1.00
481,481,1.00
482,481,1.00
483,481,1.00
484,481,1.00
485,481,1.00
486,481,1.00
487,481,1.00
488,481,1.00
489,481,1.00
490,481,1.00
491,481,1.00
492,481,1.00
493,481,1.00
494,481,1.00
495,481,1.00
479,482,1.00
480,482,1.00
481,482,1.00
482,482,1.00
483,482,1.00
484,482,1.00
485,482,1.00
486,482,1.00
487,482,1.00
488,482,1.00
489,482,1.00
490,482,1.00
491,482,1.00
492,482,1.00
493,482,1.00
494,482,1.00
495,482,1.00
479,483,1.00
480,483,1.00
481,483,1.00
482,483,1.00
483,483,1.00
484,483,1.00
485,483,1.00
486,483,1.00
487,483,1.00
488,483,1.00
489,483,1.00
490,483,1.00
491,483,1.00
492,483,1.00
493,483,1.00
494,483,1.00
495,483,1.00
479,484,1.00
480,484,1.00
481,484,1.00
482,484,1.00
483,484,1.00
484,484,1.00
485,484,1.00
486,484,1.00
487,484,1.00
488,484,1.00
489,484,1.00
490,484,1.00
491,484,1.00
492,484,1.00
493,484,1.00
494,484,1.00
495,484,1.00
479,485,1.00
480,485,1.00
481,485,1.00
482,485,1.00
483,485,1.00
484,485,1.00
485,485,1.00
486,485,1.00
487,485,1.00
488,485,1.00
489,485,1.00
490,485,1.00
491,485,1.00
479,486,1.00
480,486,1.00
481,486,1.00
482,486,1.00
483,486,1.00
484,486,1.00
485,486,1.00
486,486,1.00
487,486,1.00
488,486,1.00
489,486,1.00
490,486,1.00
491,486,1.00
479,487,1.00
480,487,1.00
481,487,1.00
482,487,1.00
483,487,1.00
484,487,1.00
485,487,1.00
486,487,1.00
487,487,1.00
488,487,1.00
489,487,1.00
490,487,1.00
491,487,1.00
479,488,1.00
480,488,1.00
481,488,1.00
482,488,1.00
483,488,1.00
484,488,1.00
485,488,1.00
486,488,1.00
487,488,1.00
488,488,1.00
489,488,1.00
490,488,1.00
491,488,1.00
479,489,1.00
480,489,1.00
481,489,1.00
482,489,1.00
483,489,1.00
484,489,1.00
485,489,1.00
486,489,1.00
487,489,1.00
488,489,1.00
489,489,1.00
490,489,1.00
491,489,1.00
479,490,1.00
480,490,1.00
481,490,1.00
482,490,1.00
483,490,1.00
484,490,1.00
485,490,1.00
486,490,1.00
487,490,1.00
488,490,1.00
489,490,1.00
490,490,1.00
491,490,1.00
479,491,1.00
480,491,1.00
481,491,1.00
482,491,1.00
483,491,1.00
484,491,1.00
485,491,1.00
486,491,1.00
487,491,1.00
488,491,1.00
489,491,1.00
490,491,1.00
491,491,1.00
477,465,1.00
478,465,1.00
479,465,1.00
480,465,1.00
481,465,1.00
482,465,1.00
477,466,1.00
478,466,1.00
479,466,1.00
480,466,1.00
481,466,1.00
482,466,1.00
477,467,1.00
478,467,1.00
479,467,1.00
480,467,1.00
481,467,1.00
482,467,1.00
477,468,1.00
478,468,1.00
479,468,1.00
480,468,1.00
481,468,1.00
482,468,1.00
477,469,1.00
478,469,1.00
479,469,1.00
480,469,1.00
481,469,1.00
482,469,1.00
477,470,1.00
478,470,1.00
479,470,1.00
480,470,1.00
481,470,1.00
482,470,1.00
476,471,1.00
477,471,1.00
478,471,1.00
479,471,1.00
480,471,1.00
481,471,1.00
482,471,1.00
476,472,1.00
477,472,1.00
478,472,1.00
479,472,1.00
480,472,1.00
481,472,1.00
482,472,1.00
470,473,1.00
471,473,1.00
472,473,1.00
473,473,1.00
474,473,1.00
475,473,1.00
476,473,1.00
477,473,1.00
478,473,1.00
479,473,1.00
480,473,1.00
481,473,1.00
482,473,1.00
470,474,1.00
471,474,1.00
472,474,1.00
473,474,1.00
474,474,1.00
475,474,1.00
476,474,1.00
477,474,1.00
478,474,1.00
479,474,1.00
480,474,1.00
481,474,1.00
482,474,1.00
470,475,0.96
471,475,1.00
472,475,1.00
473,475,1.00
474,475,1.00
475,475,1.00
476,475,1.00
477,475,1.00
478,475,1.00
470,476,0.92
471,476,1.00
472,476,1.00
473,476,1.00
474,476,1.00
475,476,1.00
476,476,1.00
477,476,1.00
478,476,1.00
470,477,0.87
471,477,1.00
472,477,1.00
473,477,1.00
474,477,1.00
475,477,1.00
476,477,1.00
477,477,1.00
478,477,1.00
470,478,0.81
471,478,1.00
472,478,1.00
473,478,1.00
474,478,1.00
475,478,1.00
476,478,1.00
477,478,1.00
478,478,1.00
466,479,0.69
467,479,0.69
468,479,0.69
469,479,0.70
470,479,0.75
471,479,0.79
472,479,0.82
473,479,1.00
474,479,1.00
475,479,1.00
476,479,1.00
477,479,1.00
478,479,1.00
466,480,0.69
467,480,0.69
468,480,0.69
469,480,0.69
470,480,0.69
471,480,0.72
472,480,0.75
473,480,1.00
474,480,1.00
475,480,1.00
476,480,1.00
477,480,1.00
478,480,1.00
466,481,0.69
467,481,0.69
468,481,0.69
469,481,0.69
470,481,0.69
471,481,0.69
472,481,0.69
473,481,1.00
474,481,1.00
475,481,1.00
476,481,1.00
477,481,1.00
478,481,1.00
455,454,1.00
456,454,1.00
457,454,1.00
458,454,1.00
459,454,1.00
455,455,1.00
456,455,1.00
457,455,1.00
458,455,1.00
459,455,1.00
455,456,1.00
456,456,1.00
455,457,1.00
456,457,1.00
455,458,1.00
456,458,1.00
483,473,1.00
484,473,1.00
485,473,1.00
486,473,1.00
487,473,1.00
488,473,1.00
489,473,1.00
483,474,1.00
484,474,1.00
485,474,1.00
486,474,1.00
487,474,1.00
488,474,1.00
489,474,1.00
473,482,0.69
474,482,1.00
475,482,1.00
476,482,1.00
477,482,1.00
478,482,1.00
473,483,0.69
474,483,1.00
475,483,1.00
476,483,1.00
477,483,1.00
478,483,1.00
473,484,0.69
474,484,1.00
475,484,1.00
476,484,1.00
477,484,1.00
478,484,1.00
473,485,1.00
474,485,1.00
475,485,1.00
476,485,1.00
477,485,1.00
478,485,1.00
473,486,1.00
474,486,1.00
475,486,1.00
476,486,1.00
477,486,1.00
478,486,1.00
473,487,1.00
474,487,1.00
475,487,1.00
476,487,1.00
477,487,1.00
478,487,1.00
473,488,1.00
474,488,1.00
475,488,1.00
476,488,1.00
477,488,1.00
478,488,1.00
473,489,1.00
474,489,1.00
475,489,1.00
476,489,1.00
477,489,1.00
478,489,1.00
485,492,1.00
486,492,1.00
487,492,1.00
488,492,1.00
489,492,1.00
490,492,1.00
491,492,1.00
485,493,1.00
486,493,1.00
487,493,1.00
488,493,1.00
489,493,1.00
490,493,1.00
491,493,1.00
485,494,1.00
486,494,1.00
487,494,1.00
488,494,1.00
489,494,1.00
490,494,1.00
491,494,1.00
485,495,1.00
486,495,1.00
487,495,1.00
488,495,1.00
489,495,1.00
490,495,1.00
491,495,1.00
485,496,1.00
486,496,1.00
487,496,1.00
488,496,1.00
489,496,1.00
490,496,1.00
491,496,1.00
485,497,1.00
486,497,1.00
487,497,1.00
488,497,1.00
489,497,1.00
490,497,1.00
491,497,1.00
485,498,1.00
486,498,1.00
487,498,1.00
488,498,1.00
489,498,1.00
490,498,1.00
491,498,1.00
485,499,1.00
486,499,1.00
487,499,1.00
488,499,1.00
489,499,1.00
490,499,1.00
491,499,1.00
485,500,1.00
486,500,1.00
487,500,1.00
488,500,1.00
489,500,1.00
490,500,1.00
491,500,1.00
485,501,1.00
486,501,1.00
487,501,1.00
488,501,1.00
489,501,1.00
490,501,1.00
491,501,1.00
485,502,1.00
486,502,1.00
487,502,1.00
488,502,1.00
489,502,1.00
490,502,1.00
491,502,1.00
492,502,1.00
493,502,1.00
494,502,1.00
495,502,1.00
496,502,1.00
497,502,1.00
498,502,1.00
499,502,1.00
500,502,1.00
501,502,1.00
485,503,1.00
486,503,1.00
487,503,1.00
488,503,1.00
489,503,1.00
490,503,1.00
491,503,1.00
492,503,1.00
493,503,1.00
494,503,1.00
495,503,1.00
496,503,1.00
497,503,1.00
498,503,1.00
499,503,1.00
500,503,1.00
501,503,1.00
485,504,1.00
486,504,1.00
487,504,1.00
488,504,1.00
489,504,1.00
490,504,1.00
491,504,1.00
492,504,1.00
493,504,1.00
494,504,1.00
495,504,1.00
496,504,1.00
497,504,1.00
498,504,1.00
499,504,1.00
500,504,1.00
501,504,1.00
485,505,1.00
486,505,1.00
487,505,1.00
488,505,1.00
489,505,1.00
490,505,1.00
491,505,1.00
492,505,1.00
493,505,1.00
494,505,1.00
495,505,1.00
496,505,1.00
497,505,1.00
498,505,1.00
499,505,1.00
500,505,1.00
501,505,1.00
502,503,1.00
503,503,1.00
504,503,1.00
505,503,1.00
506,503,1.00
507,503,1.00
508,503,1.00
509,503,1.00
502,504,1.00
503,504,1.00
504,504,1.00
505,504,1.00
506,504,1.00
507,504,1.00
508,504,1.00
509,504,1.00
502,505,1.00
503,505,1.00
504,505,0.82
505,505,0.79
506,505,0.75
507,505,0.70
508,505,0.69
509,505,0.69
494,506,1.00
495,506,1.00
496,506,1.00
497,506,1.00
498,506,1.00
499,506,1.00
500,506,1.00
501,506,1.00
502,506,1.00
503,506,1.00
504,506,0.89
505,506,0.86
506,506,0.81
507,506,0.76
508,506,0.70
509,506,0.69
494,507,1.00
495,507,1.00
496,507,1.00
497,507,1.00
498,507,1.00
499,507,1.00
500,507,1.00
501,507,1.00
502,507,1.00
503,507,1.00
504,507,0.96
505,507,0.92
506,507,0.87
507,507,0.81
508,507,0.75
509,507,0.69
494,508,1.00
495,508,1.00
496,508,1.00
497,508,1.00
498,508,1.00
499,508,1.00
500,508,1.00
501,508,1.00
502,508,1.00
503,508,1.00
504,508,1.00
505,508,1.00
506,508,1.00
507,508,1.00
508,508,1.00
509,508,1.00
494,509,1.00
495,509,1.00
496,509,1.00
497,509,1.00
498,509,1.00
499,509,1.00
500,509,1.00
501,509,1.00
502,509,1.00
503,509,1.00
504,509,1.00
505,509,1.00
506,509,1.00
507,509,1.00
508,509,1.00
509,509,1.00
494,510,1.00
495,510,1.00
496,510,1.00
497,510,1.00
498,510,1.00
499,510,1.00
500,510,1.00
501,510,1.00
502,510,1.00
503,510,1.00
504,510,1.00
505,510,1.00
506,510,1.00
507,510,1.00
508,510,1.00
509,510,1.00
494,511,1.00
495,511,1.00
496,511,1.00
497,511,1.00
498,511,1.00
499,511,1.00
500,511,1.00
501,511,1.00
502,511,1.00
503,511,1.00
504,511,1.00
505,511,1.00
506,511,1.00
507,511,1.00
508,511,1.00
509,511,1.00
494,512,1.00
495,512,1.00
496,512,1.00
497,512,1.00
498,512,1.00
499,512,1.00
500,512,1.00
501,512,1.00
502,512,1.00
503,512,1.00
504,512,1.00
505,512,1.00
506,512,1.00
507,512,1.00
508,512,1.00
509,512,1.00
494,513,1.00
495,513,1.00
496,513,1.00
497,513,1.00
498,513,1.00
499,513,1.00
500,513,1.00
501,513,1.00
502,513,1.00
503,513,1.00
504,513,1.00
505,513,1.00
506,513,1.00
507,513,1.00
508,513,1.00
509,513,1.00
494,514,1.00
495,514,1.00
496,514,1.00
497,514,1.00
498,514,1.00
499,514,1.00
500,514,1.00
501,514,1.00
502,514,1.00
503,514,1.00
504,514,1.00
505,514,1.00
506,514,1.00
507,514,1.00
508,514,1.00
509,514,1.00
510,514,1.00
494,515,0.69
495,515,0.69
496,515,0.75
497,515,0.81
498,515,1.00
499,515,1.00
500,515,1.00
501,515,1.00
502,515,1.00
503,515,1.00
504,515,1.00
505,515,1.00
506,515,1.00
507,515,1.00
508,515,1.00
509,515,1.00
510,515,1.00
494,516,0.69
495,516,0.69
496,516,0.70
497,516,0.76
498,516,1.00
499,516,1.00
500,516,1.00
501,516,1.00
502,516,1.00
503,516,1.00
504,516,1.00
505,516,1.00
506,516,1.00
507,516,1.00
508,516,1.00
509,516,1.00
510,516,1.00
494,517,0.69
495,517,0.69
496,517,0.69
497,517,0.70
498,517,1.00
499,517,1.00
500,517,1.00
501,517,1.00
502,517,1.00
503,517,1.00
504,517,1.00
505,517,1.00
506,517,1.00
507,517,1.00
508,517,1.00
509,517,1.00
510,517,1.00
494,518,0.69
495,518,0.69
496,518,0.69
497,518,0.69
498,518,1.00
499,518,1.00
500,518,1.00
501,518,1.00
502,518,1.00
503,518,1.00
504,518,1.00
505,518,1.00
506,518,1.00
507,518,1.00
508,518,1.00
509,518,1.00
510,518,1.00
494,519,0.69
495,519,0.69
496,519,0.69
497,519,0.69
498,519,1.00
499,519,1.00
500,519,1.00
501,519,1.00
502,519,1.00
503,519,1.00
504,519,1.00
505,519,1.00
506,519,1.00
507,519,1.00
508,519,1.00
509,519,1.00
510,519,1.00
511,514,1.00
512,514,1.00
513,514,1.00
514,514,1.00
515,514,1.00
516,514,1.00
517,514,1.00
511,515,1.00
512,515,1.00
513,515,1.00
514,515,1.00
515,515,1.00
516,515,1.00
517,515,1.00
511,516,1.00
512,516,1.00
513,516,1.00
514,516,1.00
515,516,1.00
516,516,1.00
517,516,1.00
511,517,1.00
512,517,1.00
513,517,1.00
514,517,1.00
515,517,1.00
516,517,1.00
517,517,1.00
511,518,1.00
512,518,1.00
513,518,1.00
514,518,1.00
515,518,1.00
516,518,1.00
517,518,1.00
511,519,1.00
512,519,1.00
513,519,1.00
514,519,1.00
515,519,1.00
516,519,1.00
517,519,1.00
501,520,1.00
502,520,1.00
503,520,1.00
504,520,1.00
505,520,1.00
506,520,1.00
507,520,1.00
508,520,1.00
509,520,1.00
510,520,1.00
511,520,1.00
512,520,1.00
513,520,1.00
514,520,1.00
515,520,1.00
516,520,1.00
517,520,1.00
501,521,1.00
502,521,1.00
503,521,1.00
504,521,1.00
505,521,1.00
506,521,1.00
507,521,1.00
508,521,1.00
509,521,1.00
510,521,1.00
511,521,1.00
512,521,1.00
513,521,1.00
514,521,1.00
515,521,1.00
516,521,1.00
517,521,1.00
501,522,1.00
502,522,1.00
503,522,1.00
504,522,1.00
505,522,1.00
506,522,1.00
507,522,1.00
508,522,1.00
509,522,1.00
510,522,1.00
511,522,1.00
512,522,1.00
513,522,1.00
514,522,1.00
515,522,1.00
516,522,1.00
517,522,1.00
501,523,1.00
502,523,1.00
503,523,1.00
504,523,1.00
505,523,1.00
506,523,1.00
507,523,1.00
508,523,1.00
509,523,1.00
510,523,1.00
511,523,1.00
512,523,1.00
513,523,1.00
514,523,1.00
515,523,1.00
516,523,1.00
517,523,1.00
501,524,1.00
502,524,1.00
503,524,1.00
504,524,1.00
505,524,1.00
506,524,1.00
507,524,1.00
508,524,1.00
509,524,1.00
510,524,1.00
511,524,1.00
512,524,1.00
513,524,1.00
514,524,1.00
515,524,1.00
516,524,1.00
517,524,1.00
501,525,0.69
502,525,0.69
503,525,0.70
504,525,0.76
505,525,0.81
506,525,1.00
507,525,1.00
508,525,1.00
509,525,1.00
510,525,1.00
511,525,1.00
512,525,1.00
513,525,1.00
514,525,1.00
515,525,1.00
516,525,1.00
517,525,1.00
501,526,0.69
502,526,0.69
503,526,0.69
504,526,0.70
505,526,0.75
506,526,1.00
507,526,1.00
508,526,1.00
509,526,1.00
510,526,1.00
511,526,1.00
512,526,1.00
513,526,1.00
514,526,1.00
515,526,1.00
516,526,1.00
517,526,1.00
501,527,0.69
502,527,0.69
503,527,0.69
504,527,0.69
505,527,0.69
506,527,1.00
507,527,1.00
508,527,1.00
509,527,1.00
510,527,1.00
511,527,1.00
512,527,1.00
513,527,1.00
514,527,1.00
515,527,1.00
516,527,1.00
517,527,1.00
501,528,0.69
502,528,0.69
503,528,0.69
504,528,0.69
505,528,0.69
506,528,1.00
507,528,1.00
508,528,1.00
509,528,1.00
510,528,1.00
511,528,1.00
518,519,1.00
519,519,1.00
518,520,1.00
519,520,1.00
518,521,1.00
519,521,1.00
520,521,1.00
521,521,1.00
522,521,1.00
523,521,1.00
524,521,1.00
518,522,1.00
519,522,1.00
520,522,1.00
521,522,1.00
522,522,1.00
523,522,1.00
524,522,1.00
518,523,1.00
519,523,1.00
520,523,1.00
521,523,1.00
522,523,1.00
523,523,1.00
524,523,1.00
518,524,1.00
519,524,1.00
520,524,1.00
521,524,1.00
522,524,1.00
523,524,1.00
524,524,1.00
518,525,1.00
519,525,1.00
518,526,1.00
519,526,1.00
518,527,1.00
519,527,1.00
508,529,1.00
509,529,1.00
510,529,1.00
511,529,1.00
508,530,1.00
509,530,1.00
510,530,1.00
511,530,1.00
525,521,1.00
526,521,1.00
527,521,1.00
528,521,1.00
525,522,1.00
526,522,1.00
527,522,1.00
528,522,1.00
525,523,1.00
526,523,1.00
527,523,1.00
528,523,1.00
525,524,1.00
526,524,1.00
527,524,1.00
528,524,1.00
518,516,1.00
519,516,1.00
518,517,1.00
519,517,1.00
518,518,1.00
519,518,1.00
506,529,0.69
507,529,0.69
506,530,0.69
507,530,0.69
498,520,0.69
499,520,0.69
500,520,0.75
498,521,0.69
499,521,0.69
500,521,0.70
498,522,0.69
499,522,0.69
500,522,0.69
498,523,0.69
499,523,0.69
500,523,0.69
498,524,0.69
499,524,0.69
500,524,0.69
502,502,1.00
503,502,1.00
487,506,1.00
488,506,1.00
489,506,1.00
490,506,1.00
491,506,1.00
492,506,1.00
493,506,1.00
487,507,0.69
488,507,0.76
489,507,0.84
490,507,0.91
491,507,0.99
492,507,1.00
493,507,1.00
487,508,0.69
488,508,0.75
489,508,0.82
490,508,0.89
491,508,0.96
492,508,1.00
493,508,1.00
487,509,0.69
488,509,0.72
489,509,0.79
490,509,0.86
491,509,0.92
492,509,0.98
493,509,1.00
487,510,0.69
488,510,0.69
489,510,0.75
490,510,0.81
491,510,0.87
492,510,0.92
493,510,0.96
487,511,0.69
488,511,0.69
489,511,0.70
490,511,0.76
491,511,0.81
492,511,0.86
493,511,0.89
487,512,1.00
488,512,1.00
489,512,1.00
490,512,1.00
491,512,1.00
492,512,1.00
493,512,0.82
487,513,1.00
488,513,1.00
489,513,1.00
490,513,1.00
491,513,1.00
492,513,1.00
493,513,0.75
487,514,1.00
488,514,1.00
489,514,1.00
490,514,1.00
491,514,1.00
492,514,1.00
493,514,0.69
481,492,1.00
482,492,1.00
483,492,1.00
484,492,1.00
481,493,1.00
482,493,1.00
483,493,1.00
484,493,1.00
481,494,1.00
482,494,1.00
483,494,1.00
484,494,1.00
481,495,0.69
482,495,0.72
483,495,0.79
484,495,0.86
481,496,0.69
482,496,0.75
483,496,0.82
484,496,0.89
481,497,0.69
482,497,0.76
483,497,0.84
484,497,0.91
481,498,0.69
482,498,0.77
483,498,0.84
484,498,0.92
481,499,0.69
482,499,0.76
483,499,0.84
484,499,0.91
481,500,0.69
482,500,0.75
483,500,0.82
484,500,0.89
481,501,0.69
482,501,0.72
483,501,0.79
484,501,0.86
481,502,0.69
482,502,0.69
483,502,0.75
484,502,0.81
481,503,0.69
482,503,0.69
483,503,0.70
484,503,0.76
481,504,0.69
482,504,0.69
483,504,0.69
484,504,0.70
481,505,0.69
482,505,0.69
483,505,0.69
484,505,0.69
481,506,0.69
482,506,0.69
483,506,0.69
484,506,0.69
485,506,0.69
486,506,0.69
477,490,0.69
478,490,0.69
477,491,0.69
478,491,0.69
477,492,1.00
478,492,1.00
479,492,0.69
480,492,0.70
477,493,1.00
478,493,1.00
479,493,0.69
480,493,0.69
477,494,1.00
478,494,1.00
479,494,0.69
480,494,0.69
483,468,1.00
484,468,1.00
485,468,1.00
486,468,1.00
487,468,1.00
488,468,0.69
489,468,0.69
490,468,0.69
483,469,1.00
484,469,1.00
485,469,1.00
486,469,1.00
487,469,1.00
488,469,0.69
489,469,0.69
490,469,0.69
483,470,1.00
484,470,1.00
485,470,1.00
486,470,1.00
487,470,1.00
488,470,1.00
489,470,1.00
490,470,1.00
483,471,1.00
484,471,1.00
485,471,1.00
486,471,1.00
487,471,1.00
488,471,1.00
489,471,1.00
490,471,1.00
483,472,1.00
484,472,1.00
485,472,1.00
486,472,1.00
487,472,1.00
488,472,1.00
489,472,1.00
490,472,1.00
490,473,1.00
490,474,1.00
477,462,1.00
478,462,1.00
479,462,1.00
480,462,1.00
481,462,1.00
482,462,1.00
483,462,1.00
484,462,1.00
485,462,1.00
486,462,1.00
487,462,1.00
477,463,1.00
478,463,1.00
479,463,1.00
480,463,1.00
481,463,1.00
482,463,1.00
483,463,1.00
484,463,1.00
485,463,1.00
486,463,1.00
487,463,1.00
477,464,1.00
478,464,1.00
479,464,1.00
480,464,1.00
481,464,1.00
482,464,1.00
483,464,1.00
484,464,1.00
485,464,1.00
486,464,1.00
487,464,1.00
483,465,1.00
484,465,1.00
485,465,1.00
486,465,1.00
487,465,1.00
483,466,1.00
484,466,1.00
485,466,1.00
486,466,1.00
487,466,1.00
483,467,1.00
484,467,1.00
485,467,1.00
486,467,1.00
487,467,1.00
477,457,1.00
478,457,1.00
479,457,1.00
480,457,1.00
481,457,0.69
482,457,0.69
483,457,0.69
477,458,1.00
478,458,1.00
479,458,1.00
480,458,1.00
481,458,0.69
482,458,0.69
483,458,0.69
477,459,1.00
478,459,1.00
479,459,1.00
480,459,1.00
481,459,0.69
482,459,0.69
483,459,0.69
477,460,1.00
478,460,1.00
479,460,1.00
480,460,1.00
481,460,0.70
482,460,0.69
483,460,0.69
477,461,1.00
478,461,1.00
479,461,1.00
480,461,1.00
481,461,0.75
482,461,0.69
483,461,0.69
477,454,0.69
478,454,0.69
479,454,0.69
480,454,0.69
477,455,0.69
478,455,0.69
479,455,0.69
480,455,0.69
477,456,0.70
478,456,0.69
479,456,0.69
480,456,0.69
458,450,1.00
459,450,1.00
460,450,1.00
461,450,1.00
462,450,1.00
463,450,1.00
464,450,1.00
465,450,1.00
466,450,1.00
467,450,1.00
468,450,1.00
469,450,1.00
470,450,0.69
471,450,0.69
472,450,0.69
473,450,0.69
474,450,0.69
458,451,1.00
459,451,1.00
460,451,1.00
461,451,1.00
462,451,1.00
463,451,1.00
464,451,1.00
465,451,1.00
466,451,1.00
467,451,1.00
468,451,1.00
469,451,1.00
470,451,1.00
471,451,1.00
472,451,0.69
473,451,0.69
474,451,0.69
458,452,1.00
459,452,1.00
460,452,1.00
461,452,1.00
462,452,1.00
463,452,1.00
464,452,1.00
465,452,1.00
466,452,1.00
467,452,1.00
468,452,1.00
469,452,1.00
470,452,1.00
471,452,1.00
472,452,0.69
473,452,0.69
474,452,0.69
458,453,1.00
459,453,1.00
460,453,1.00
461,453,1.00
462,453,1.00
463,453,1.00
464,453,1.00
465,453,1.00
466,453,1.00
467,453,1.00
468,453,1.00
469,453,1.00
470,453,1.00
471,453,1.00
472,453,0.70
473,453,0.69
474,453,0.69
453,447,1.00
454,447,1.00
455,447,1.00
456,447,1.00
457,447,1.00
458,447,1.00
459,447,1.00
460,447,1.00
461,447,1.00
462,447,1.00
463,447,1.00
464,447,1.00
465,447,1.00
466,447,1.00
467,447,1.00
468,447,1.00
469,447,0.69
453,448,1.00
454,448,1.00
455,448,1.00
456,448,1.00
457,448,1.00
458,448,1.00
459,448,1.00
460,448,1.00
461,448,1.00
462,448,1.00
463,448,1.00
464,448,1.00
465,448,1.00
466,448,1.00
467,448,1.00
468,448,1.00
469,448,0.69
453,449,1.00
454,449,1.00
455,449,1.00
456,449,1.00
457,449,1.00
458,449,1.00
459,449,1.00
460,449,1.00
461,449,1.00
462,449,1.00
463,449,1.00
464,449,1.00
465,449,1.00
466,449,1.00
467,449,1.00
468,449,1.00
469,449,0.69
453,450,1.00
454,450,1.00
455,450,1.00
456,450,1.00
457,450,1.00
453,451,1.00
454,451,1.00
455,451,1.00
456,451,1.00
457,451,1.00
453,452,1.00
454,452,1.00
455,452,1.00
456,452,1.00
457,452,1.00
453,453,1.00
454,453,1.00
455,453,1.00
456,453,1.00
457,453,1.00
453,454,1.00
454,454,1.00
453,455,1.00
454,455,1.00
453,456,1.00
454,456,1.00
453,457,1.00
454,457,1.00
453,458,1.00
454,458,1.00
452,446,1.00
453,446,1.00
454,446,1.00
455,446,1.00
456,446,1.00
457,446,1.00
458,446,1.00
459,446,1.00
460,446,1.00
461,446,1.00
462,446,1.00
463,446,1.00
464,446,1.00
465,446,1.00
466,446,1.00
467,446,1.00
468,446,0.69
452,447,1.00
452,448,1.00
452,449,1.00
452,450,1.00
452,451,1.00
452,452,1.00
452,453,1.00
452,454,1.00
452,455,1.00
452,456,1.00
452,457,1.00
452,458,1.00
452,459,1.00
452,460,1.00
452,461,1.00
452,462,1.00
451,446,1.00
451,447,1.00
451,448,1.00
451,449,1.00
451,450,1.00
451,451,1.00
451,452,1.00
451,453,1.00
451,454,1.00
451,455,1.00
451,456,1.00
451,457,1.00
451,458,1.00
451,459,1.00
451,460,1.00
451,461,1.00
451,462,1.00
450,447,1.00
450,448,1.00
450,449,1.00
450,450,1.00
450,451,1.00
450,452,1.00
450,453,1.00
450,454,1.00
450,455,1.00
450,456,1.00
450,457,1.00
450,458,1.00
450,459,1.00
450,460,1.00
450,461,1.00
450,462,1.00
450,463,1.00
451,463,1.00
452,463,1.00
448,447,1.00
449,447,1.00
448,448,1.00
449,448,1.00
448,449,1.00
449,449,1.00
448,450,1.00
449,450,1.00
448,451,1.00
449,451,1.00
448,452,1.00
449,452,1.00
448,453,1.00
449,453,1.00
448,454,1.00
449,454,1.00
448,455,1.00
449,455,1.00
448,456,1.00
449,456,1.00
448,457,1.00
449,457,1.00
448,458,1.00
449,458,1.00
448,459,1.00
449,459,1.00
448,460,1.00
449,460,1.00
448,461,1.00
449,461,1.00
448,462,1.00
449,462,1.00
448,463,1.00
449,463,1.00
491,470,0.69
492,470,0.69
493,470,0.69
494,470,0.69
495,470,0.69
496,470,0.69
497,470,0.69
491,471,0.75
492,471,0.72
493,471,0.69
494,471,0.69
495,471,0.69
496,471,0.69
497,471,0.69
491,472,0.82
492,472,0.79
493,472,0.75
494,472,0.70
495,472,0.69
496,472,0.69
497,472,0.69
491,473,0.89
492,473,0.86
493,473,0.81
494,473,0.76
495,473,0.70
496,473,0.69
497,473,0.69
491,474,1.00
492,474,1.00
493,474,1.00
494,474,1.00
495,474,1.00
496,474,1.00
497,474,1.00
496,475,1.00
497,475,1.00
496,476,1.00
497,476,1.00
496,477,1.00
497,477,1.00
496,478,1.00
497,478,1.00
496,479,1.00
497,479,1.00
496,480,1.00
497,480,1.00
496,481,1.00
497,481,1.00
496,482,1.00
497,482,1.00
496,483,1.00
497,483,1.00
496,484,1.00
497,484,1.00
498,474,0.69
499,474,0.69
500,474,0.69
501,474,0.69
502,474,0.69
498,475,0.69
499,475,0.69
500,475,0.69
501,475,0.69
502,475,0.69
498,476,0.75
499,476,0.70
500,476,0.69
501,476,0.69
502,476,0.69
498,477,0.81
499,477,0.76
500,477,0.70
501,477,0.69
502,477,0.69
498,478,0.87
499,478,0.81
500,478,0.75
501,478,0.69
502,478,0.69
498,479,1.00
499,479,1.00
500,479,1.00
501,479,1.00
502,479,1.00
498,480,1.00
499,480,1.00
500,480,1.00
501,480,1.00
502,480,1.00
498,481,1.00
499,481,1.00
500,481,1.00
501,481,1.00
502,481,1.00
498,482,1.00
499,482,1.00
500,482,1.00
501,482,1.00
502,482,1.00
498,483,1.00
499,483,1.00
500,483,1.00
501,483,1.00
502,483,1.00
498,484,1.00
499,484,1.00
500,484,1.00
501,484,1.00
502,484,1.00
503,479,0.69
504,479,0.69
505,479,0.69
506,479,0.69
507,479,0.69
503,480,0.69
504,480,0.69
505,480,0.69
506,480,0.69
507,480,0.69
503,481,1.00
504,481,1.00
505,481,1.00
506,481,1.00
507,481,1.00
503,482,1.00
504,482,1.00
505,482,1.00
506,482,1.00
507,482,1.00
503,483,1.00
504,483,1.00
505,483,1.00
506,483,1.00
507,483,1.00
503,484,1.00
504,484,1.00
505,484,1.00
506,484,1.00
507,484,1.00
508,481,1.00
509,481,1.00
508,482,1.00
509,482,1.00
508,483,1.00
509,483,1.00
508,484,1.00
509,484,1.00
509,485,1.00
509,486,1.00
509,487,1.00
509,488,1.00
509,489,1.00
509,490,1.00
509,491,1.00
509,492,1.00
509,493,1.00
509,494,1.00
509,495,1.00
509,496,1.00
509,497,1.00
510,481,0.69
510,482,1.00
510,483,1.00
510,484,1.00
510,485,1.00
510,486,1.00
510,487,1.00
510,488,1.00
510,489,1.00
510,490,1.00
510,491,1.00
510,492,1.00
510,493,1.00
510,494,1.00
510,495,1.00
510,496,1.00
509,498,1.00
511,484,0.69
512,484,0.69
511,485,0.69
512,485,0.69
511,486,0.69
512,486,0.69
511,487,0.69
512,487,0.69
511,488,1.00
512,488,1.00
511,489,1.00
512,489,1.00
511,490,1.00
512,490,1.00
511,491,1.00
512,491,1.00
511,492,1.00
512,492,1.00
511,493,1.00
512,493,1.00
511,494,1.00
512,494,1.00
511,495,1.00
512,495,1.00
511,496,1.00
512,496,1.00
509,499,1.00
509,500,1.00
513,488,0.69
514,488,0.69
515,488,0.69
516,488,0.69
517,488,0.69
518,488,0.69
513,489,0.72
514,489,0.69
515,489,0.69
516,489,0.69
517,489,0.69
518,489,0.69
513,490,0.79
514,490,0.75
515,490,0.70
516,490,0.69
517,490,0.69
518,490,0.69
513,491,0.86
514,491,0.81
515,491,0.76
516,491,0.70
517,491,0.69
518,491,0.69
513,492,0.92
514,492,0.87
515,492,0.81
516,492,0.75
517,492,0.69
518,492,0.69
513,493,0.98
514,493,0.92
515,493,0.86
516,493,0.79
517,493,0.72
518,493,0.69
513,494,1.00
514,494,1.00
515,494,1.00
516,494,1.00
517,494,1.00
518,494,1.00
513,495,1.00
514,495,1.00
515,495,1.00
516,495,1.00
517,495,1.00
518,495,1.00
513,496,1.00
514,496,1.00
515,496,1.00
516,496,1.00
517,496,1.00
518,496,1.00
509,501,0.91
504,502,0.69
505,502,0.70
506,502,0.75
507,502,0.79
508,502,0.82
509,502,0.84
519,494,0.69
520,494,0.69
521,494,0.69
522,494,0.69
523,494,0.69
524,494,0.69
525,494,0.69
526,494,0.69
519,495,1.00
520,495,1.00
521,495,1.00
522,495,1.00
523,495,1.00
524,495,1.00
525,495,1.00
526,495,1.00
519,496,1.00
520,496,1.00
521,496,1.00
522,496,1.00
523,496,1.00
524,496,1.00
525,496,1.00
526,496,1.00
527,495,0.69
528,495,0.69
527,496,0.69
528,496,0.69
527,497,1.00
528,497,1.00
527,498,1.00
528,498,1.00
527,499,1.00
528,499,1.00
527,500,1.00
528,500,1.00
527,501,1.00
528,501,1.00
527,502,1.00
528,502,1.00
527,503,1.00
528,503,1.00
529,497,0.69
530,497,0.69
529,498,0.69
530,498,0.69
529,499,1.00
530,499,1.00
529,500,1.00
530,500,1.00
529,501,1.00
530,501,1.00
529,502,1.00
530,502,1.00
529,503,1.00
530,503,1.00
531,499,0.69
532,499,0.69
531,500,1.00
532,500,1.00
531,501,1.00
532,501,1.00
531,502,1.00
532,502,1.00
531,503,1.00
532,503,1.00
518,514,1.00
519,514,1.00
518,515,1.00
519,515,1.00
533,500,0.69
533,501,1.00
533,502,1.00
533,503,1.00
537,508,0.69
538,508,0.69
539,508,0.69
540,508,0.69
537,509,0.69
538,509,0.69
539,509,0.69
540,509,0.69
537,510,1.00
538,510,1.00
539,510,1.00
540,510,1.00
537,511,1.00
538,511,1.00
539,511,1.00
540,511,1.00
537,512,1.00
538,512,1.00
539,512,1.00
540,512,1.00
529,521,1.00
529,522,1.00
529,523,1.00
529,524,1.00
541,510,0.69
542,510,0.69
543,510,0.69
541,511,1.00
542,511,1.00
543,511,1.00
541,512,1.00
542,512,1.00
543,512,1.00
544,511,0.69
544,512,1.00
545,512,0.69
476,512,1.00
477,512,1.00
478,512,1.00
479,512,1.00
480,512,1.00
481,512,0.69
482,512,0.69
483,512,0.69
484,512,0.69
485,512,0.69
486,512,0.69
476,513,1.00
477,513,1.00
478,513,1.00
479,513,1.00
480,513,1.00
481,513,0.72
482,513,0.75
483,513,0.76
484,513,0.77
485,513,0.76
486,513,0.75
476,514,1.00
477,514,1.00
478,514,1.00
479,514,1.00
480,514,1.00
481,514,0.79
482,514,0.82
483,514,0.84
484,514,0.84
485,514,0.84
486,514,0.82
476,515,1.00
477,515,1.00
478,515,1.00
479,515,1.00
480,515,1.00
481,515,0.86
482,515,0.89
483,515,0.91
484,515,0.92
485,515,0.91
486,515,0.89
487,515,0.86
488,515,0.81
489,515,0.76
490,515,0.70
491,515,0.69
492,515,0.69
476,516,1.00
477,516,1.00
478,516,1.00
479,516,1.00
480,516,1.00
481,516,0.92
482,516,0.96
483,516,0.99
484,516,1.00
485,516,0.99
486,516,0.96
487,516,0.92
488,516,0.87
489,516,0.81
490,516,0.75
491,516,0.69
492,516,0.69
476,517,1.00
477,517,1.00
478,517,1.00
479,517,1.00
480,517,1.00
481,517,0.98
482,517,1.00
483,517,1.00
484,517,1.00
485,517,1.00
486,517,1.00
487,517,0.98
488,517,0.92
489,517,0.86
490,517,0.79
491,517,0.72
492,517,0.69
476,518,1.00
477,518,1.00
478,518,1.00
479,518,1.00
480,518,1.00
481,518,1.00
482,518,1.00
483,518,1.00
484,518,1.00
485,518,1.00
486,518,1.00
487,518,1.00
488,518,0.96
489,518,0.89
490,518,0.82
491,518,0.75
492,518,0.69
476,519,1.00
477,519,1.00
478,519,1.00
479,519,1.00
480,519,1.00
481,519,1.00
482,519,1.00
483,519,1.00
484,519,1.00
485,519,1.00
486,519,1.00
487,519,1.00
488,519,0.99
489,519,0.91
490,519,0.84
491,519,0.76
492,519,0.69
476,520,1.00
477,520,1.00
478,520,1.00
479,520,1.00
480,520,1.00
481,520,1.00
482,520,1.00
483,520,1.00
484,520,1.00
485,520,1.00
486,520,1.00
487,520,1.00
488,520,1.00
489,520,0.92
490,520,0.84
491,520,0.77
492,520,0.69
476,521,1.00
477,521,1.00
478,521,1.00
479,521,1.00
480,521,1.00
481,521,1.00
482,521,1.00
483,521,1.00
484,521,1.00
485,521,1.00
486,521,1.00
487,521,1.00
488,521,0.99
489,521,0.91
490,521,0.84
491,521,0.76
492,521,0.69
476,522,1.00
477,522,1.00
478,522,1.00
479,522,1.00
480,522,1.00
481,522,1.00
482,522,1.00
483,522,1.00
484,522,1.00
485,522,1.00
486,522,1.00
487,522,1.00
488,522,0.96
489,522,0.89
490,522,0.82
491,522,0.75
492,522,0.69
476,523,1.00
477,523,1.00
478,523,1.00
479,523,1.00
480,523,1.00
481,523,0.98
482,523,1.00
483,523,1.00
484,523,1.00
485,523,1.00
486,523,1.00
487,523,0.98
488,523,0.92
489,523,0.86
490,523,0.79
491,523,0.72
492,523,0.69
476,524,1.00
477,524,1.00
478,524,1.00
479,524,1.00
480,524,0.87
481,524,0.92
482,524,0.96
483,524,0.99
484,524,1.00
485,524,0.99
486,524,0.96
487,524,0.92
488,524,0.87
489,524,0.81
490,524,0.75
491,524,0.69
492,524,0.69
476,525,1.00
477,525,1.00
478,525,1.00
479,525,1.00
480,525,0.81
481,525,0.86
482,525,0.89
483,525,0.91
484,525,0.92
485,525,0.91
486,525,0.89
487,525,0.86
488,525,0.81
489,525,0.76
490,525,0.70
491,525,0.69
492,525,0.69
476,526,1.00
477,526,1.00
478,526,1.00
479,526,0.70
480,526,0.75
481,526,0.79
482,526,0.82
483,526,0.84
484,526,0.84
485,526,0.84
486,526,0.82
487,526,0.79
488,526,0.75
489,526,0.70
490,526,0.69
491,526,0.69
492,526,0.69
476,527,0.69
477,527,0.69
478,527,0.69
479,527,0.69
480,527,0.69
481,527,0.72
482,527,0.75
483,527,0.76
484,527,0.77
485,527,0.76
486,527,0.75
487,527,0.72
488,527,0.69
489,527,0.69
490,527,0.69
491,527,0.69
492,527,0.69
476,528,0.69
477,528,0.69
478,528,0.69
479,528,0.69
480,528,0.69
481,528,0.69
482,528,0.69
483,528,0.69
484,528,0.69
485,528,0.69
486,528,0.69
487,528,0.69
488,528,0.69
489,528,0.69
490,528,0.69
491,528,0.69
492,528,0.69
454,512,0.69
455,512,0.69
456,512,0.69
457,512,0.69
458,512,0.69
459,512,0.69
460,512,0.69
461,512,0.69
462,512,1.00
463,512,1.00
464,512,1.00
465,512,1.00
466,512,1.00
467,512,1.00
468,512,1.00
469,512,1.00
470,512,1.00
454,513,0.69
455,513,0.69
456,513,0.69
457,513,0.69
458,513,0.69
459,513,0.72
460,513,0.75
461,513,0.76
462,513,1.00
463,513,1.00
464,513,1.00
465,513,1.00
466,513,1.00
467,513,1.00
468,513,1.00
469,513,1.00
470,513,1.00
454,514,1.00
455,514,1.00
456,514,1.00
457,514,1.00
458,514,1.00
459,514,1.00
460,514,1.00
461,514,1.00
462,514,1.00
463,514,1.00
464,514,1.00
465,514,1.00
466,514,1.00
467,514,1.00
468,514,1.00
469,514,1.00
470,514,1.00
454,515,1.00
455,515,1.00
456,515,1.00
457,515,1.00
458,515,1.00
459,515,1.00
460,515,1.00
461,515,1.00
462,515,1.00
463,515,1.00
464,515,1.00
465,515,1.00
466,515,1.00
467,515,1.00
468,515,1.00
469,515,1.00
470,515,1.00
454,516,1.00
455,516,1.00
456,516,1.00
457,516,1.00
458,516,1.00
459,516,1.00
460,516,1.00
461,516,1.00
462,516,1.00
463,516,1.00
464,516,1.00
465,516,1.00
466,516,1.00
467,516,1.00
468,516,1.00
469,516,1.00
470,516,1.00
454,517,1.00
455,517,1.00
456,517,1.00
457,517,1.00
458,517,1.00
459,517,1.00
460,517,1.00
461,517,1.00
462,517,1.00
463,517,1.00
464,517,1.00
465,517,1.00
466,517,1.00
467,517,1.00
468,517,1.00
469,517,1.00
470,517,1.00
454,518,1.00
455,518,1.00
456,518,1.00
457,518,1.00
458,518,1.00
459,518,1.00
460,518,1.00
461,518,1.00
462,518,1.00
463,518,1.00
464,518,1.00
465,518,1.00
466,518,1.00
467,518,1.00
468,518,1.00
469,518,1.00
470,518,1.00
454,519,1.00
455,519,1.00
456,519,1.00
457,519,1.00
458,519,1.00
459,519,1.00
460,519,1.00
461,519,1.00
462,519,1.00
463,519,1.00
464,519,1.00
465,519,1.00
466,519,1.00
467,519,1.00
468,519,1.00
469,519,1.00
470,519,1.00
454,520,1.00
455,520,1.00
456,520,1.00
457,520,1.00
458,520,1.00
459,520,1.00
460,520,1.00
461,520,1.00
462,520,1.00
463,520,1.00
464,520,1.00
465,520,1.00
466,520,1.00
467,520,1.00
468,520,1.00
469,520,1.00
470,520,1.00
454,521,1.00
455,521,1.00
456,521,1.00
457,521,1.00
458,521,1.00
459,521,1.00
460,521,1.00
461,521,1.00
462,521,1.00
463,521,1.00
464,521,1.00
465,521,1.00
466,521,1.00
467,521,1.00
468,521,1.00
469,521,1.00
470,521,1.00
454,522,1.00
455,522,1.00
456,522,1.00
457,522,1.00
458,522,1.00
459,522,1.00
460,522,1.00
461,522,1.00
462,522,1.00
463,522,1.00
464,522,1.00
465,522,1.00
466,522,1.00
467,522,1.00
468,522,1.00
469,522,1.00
470,522,1.00
454,523,1.00
455,523,1.00
456,523,1.00
457,523,1.00
458,523,1.00
459,523,1.00
460,523,1.00
461,523,1.00
462,523,1.00
463,523,1.00
464,523,1.00
465,523,1.00
466,523,1.00
467,523,1.00
468,523,1.00
469,523,1.00
470,523,1.00
454,524,1.00
455,524,1.00
456,524,1.00
457,524,1.00
458,524,1.00
459,524,1.00
460,524,1.00
461,524,1.00
462,524,1.00
463,524,1.00
464,524,1.00
465,524,1.00
466,524,1.00
467,524,1.00
468,524,1.00
469,524,1.00
470,524,1.00
454,525,1.00
455,525,1.00
456,525,1.00
457,525,1.00
458,525,1.00
459,525,1.00
460,525,1.00
461,525,1.00
462,525,1.00
463,525,1.00
464,525,1.00
465,525,1.00
466,525,1.00
467,525,1.00
468,525,1.00
469,525,1.00
470,525,1.00
454,526,1.00
455,526,1.00
456,526,1.00
457,526,1.00
458,526,1.00
459,526,1.00
460,526,1.00
461,526,1.00
462,526,1.00
463,526,1.00
464,526,1.00
465,526,1.00
466,526,1.00
467,526,1.00
468,526,1.00
469,526,1.00
470,526,1.00
454,527,1.00
455,527,1.00
456,527,1.00
457,527,1.00
458,527,1.00
459,527,1.00
460,527,1.00
461,527,1.00
462,527,1.00
463,527,1.00
464,527,1.00
465,527,1.00
466,527,1.00
467,527,1.00
468,527,1.00
469,527,1.00
470,527,1.00
454,528,1.00
455,528,1.00
456,528,1.00
457,528,1.00
458,528,1.00
459,528,1.00
460,528,1.00
461,528,1.00
462,528,1.00
463,528,1.00
464,528,1.00
465,528,1.00
466,528,1.00
467,528,1.00
468,528,1.00
469,528,1.00
470,528,1.00
436,519,0.69
437,519,0.69
438,519,0.69
439,519,0.69
440,519,0.69
441,519,0.69
442,519,0.69
443,519,1.00
444,519,1.00
445,519,1.00
446,519,1.00
447,519,1.00
432,520,0.69
433,520,0.69
434,520,0.69
435,520,0.69
436,520,0.72
437,520,0.75
438,520,0.76
439,520,0.77
440,520,0.76
441,520,0.75
442,520,0.72
443,520,1.00
444,520,1.00
445,520,1.00
446,520,1.00
447,520,1.00
432,521,0.69
433,521,0.69
434,521,0.70
435,521,0.75
436,521,0.79
437,521,0.82
438,521,0.84
439,521,0.84
440,521,0.84
441,521,0.82
442,521,0.79
443,521,1.00
444,521,1.00
445,521,1.00
446,521,1.00
447,521,1.00
432,522,0.69
433,522,0.70
434,522,0.76
435,522,0.81
436,522,0.86
437,522,0.89
438,522,0.91
439,522,0.92
440,522,0.91
441,522,0.89
442,522,0.86
443,522,1.00
444,522,1.00
445,522,1.00
446,522,1.00
447,522,1.00
431,523,0.69
432,523,0.69
433,523,0.75
434,523,0.81
435,523,0.87
436,523,0.92
437,523,0.96
438,523,0.99
439,523,1.00
440,523,0.99
441,523,0.96
442,523,0.92
443,523,1.00
444,523,1.00
445,523,1.00
446,523,1.00
447,523,1.00
431,524,0.69
432,524,0.72
433,524,0.79
434,524,0.86
435,524,0.92
436,524,0.98
437,524,1.00
438,524,1.00
439,524,1.00
440,524,1.00
441,524,1.00
442,524,0.98
443,524,1.00
444,524,1.00
445,524,1.00
446,524,1.00
447,524,1.00
431,525,0.69
432,525,0.75
433,525,0.82
434,525,0.89
435,525,0.96
436,525,1.00
437,525,1.00
438,525,1.00
439,525,1.00
440,525,1.00
441,525,1.00
442,525,1.00
443,525,1.00
444,525,1.00
445,525,1.00
446,525,1.00
447,525,1.00
431,526,0.69
432,526,0.76
433,526,0.84
434,526,0.91
435,526,0.99
436,526,1.00
437,526,1.00
438,526,1.00
439,526,1.00
440,526,1.00
441,526,1.00
442,526,1.00
443,526,1.00
444,526,1.00
445,526,1.00
446,526,1.00
447,526,1.00
431,527,1.00
432,527,0.77
433,527,0.84
434,527,0.92
435,527,1.00
436,527,1.00
437,527,1.00
438,527,1.00
439,527,1.00
440,527,1.00
441,527,1.00
442,527,1.00
443,527,1.00
444,527,1.00
445,527,1.00
446,527,1.00
447,527,1.00
431,528,1.00
432,528,0.76
433,528,0.84
434,528,0.91
435,528,0.99
436,528,1.00
437,528,1.00
438,528,1.00
439,528,1.00
440,528,1.00
441,528,1.00
442,528,1.00
443,528,1.00
444,528,1.00
445,528,1.00
446,528,1.00
447,528,1.00
431,529,1.00
432,529,0.75
433,529,0.82
434,529,0.89
435,529,0.96
436,529,1.00
437,529,1.00
438,529,1.00
439,529,1.00
440,529,1.00
441,529,1.00
442,529,1.00
443,529,1.00
444,529,1.00
445,529,1.00
446,529,1.00
447,529,1.00
431,530,1.00
432,530,0.72
433,530,0.79
434,530,0.86
435,530,0.92
436,530,0.98
437,530,1.00
438,530,1.00
439,530,1.00
440,530,1.00
441,530,1.00
442,530,0.98
443,530,1.00
444,530,1.00
445,530,1.00
446,530,1.00
447,530,1.00
431,531,1.00
432,531,0.69
433,531,0.75
434,531,0.81
435,531,0.87
436,531,0.92
437,531,0.96
438,531,0.99
439,531,1.00
440,531,0.99
441,531,0.96
442,531,0.92
443,531,1.00
444,531,1.00
445,531,1.00
446,531,1.00
447,531,1.00
431,532,1.00
432,532,0.69
433,532,0.70
434,532,0.76
435,532,0.81
436,532,0.86
437,532,0.89
438,532,0.91
439,532,0.92
440,532,0.91
441,532,0.89
442,532,0.86
443,532,1.00
444,532,1.00
445,532,1.00
446,532,1.00
447,532,1.00
431,533,1.00
432,533,0.69
433,533,0.69
434,533,0.70
435,533,0.75
436,533,0.79
437,533,0.82
438,533,0.84
439,533,0.84
440,533,0.84
441,533,0.82
442,533,0.79
443,533,1.00
444,533,1.00
445,533,1.00
446,533,1.00
447,533,1.00
431,534,1.00
432,534,0.69
433,534,0.69
434,534,0.69
435,534,0.69
436,534,0.72
437,534,0.75
438,534,0.76
439,534,0.77
440,534,0.76
441,534,0.75
442,534,0.72
443,534,1.00
444,534,1.00
445,534,1.00
446,534,1.00
447,534,1.00
431,535,1.00
432,535,0.69
433,535,0.69
434,535,0.69
435,535,0.69
436,535,0.69
437,535,0.69
438,535,0.69
439,535,0.69
440,535,0.69
441,535,0.69
442,535,0.69
443,535,0.69
444,535,0.69
445,535,1.00
446,535,1.00
447,535,1.00
415,531,1.00
416,531,1.00
417,531,1.00
418,531,1.00
419,531,1.00
420,531,1.00
421,531,1.00
422,531,1.00
423,531,1.00
415,532,1.00
416,532,1.00
417,532,1.00
418,532,1.00
419,532,1.00
420,532,1.00
421,532,1.00
422,532,1.00
423,532,1.00
411,533,1.00
412,533,1.00
413,533,1.00
414,533,1.00
415,533,1.00
416,533,1.00
417,533,1.00
418,533,1.00
419,533,1.00
420,533,1.00
421,533,1.00
422,533,1.00
423,533,1.00
411,534,1.00
412,534,1.00
413,534,1.00
414,534,1.00
415,534,1.00
416,534,1.00
417,534,1.00
418,534,1.00
419,534,1.00
420,534,1.00
421,534,1.00
422,534,1.00
423,534,1.00
411,535,1.00
412,535,1.00
413,535,1.00
414,535,1.00
415,535,1.00
416,535,1.00
417,535,1.00
418,535,1.00
419,535,1.00
420,535,1.00
421,535,1.00
422,535,1.00
423,535,1.00
407,536,1.00
408,536,1.00
409,536,1.00
410,536,1.00
411,536,1.00
412,536,1.00
413,536,1.00
414,536,1.00
415,536,1.00
416,536,1.00
417,536,1.00
418,536,1.00
419,536,1.00
420,536,1.00
421,536,1.00
422,536,1.00
423,536,1.00
407,537,1.00
408,537,1.00
409,537,1.00
410,537,1.00
411,537,1.00
412,537,1.00
413,537,1.00
414,537,1.00
415,537,1.00
416,537,1.00
417,537,1.00
418,537,1.00
419,537,1.00
420,537,1.00
421,537,1.00
422,537,1.00
423,537,1.00
407,538,1.00
408,538,1.00
409,538,1.00
410,538,1.00
411,538,1.00
412,538,1.00
413,538,1.00
414,538,1.00
415,538,1.00
416,538,1.00
417,538,1.00
418,538,1.00
419,538,1.00
420,538,1.00
421,538,1.00
422,538,1.00
423,538,1.00
407,539,1.00
408,539,1.00
409,539,1.00
410,539,1.00
411,539,1.00
412,539,1.00
413,539,1.00
414,539,1.00
415,539,1.00
416,539,1.00
417,539,1.00
418,539,1.00
419,539,1.00
420,539,1.00
421,539,1.00
422,539,1.00
423,539,1.00
407,540,1.00
408,540,1.00
409,540,1.00
410,540,1.00
411,540,1.00
412,540,1.00
413,540,1.00
414,540,1.00
415,540,1.00
416,540,1.00
417,540,1.00
418,540,1.00
419,540,1.00
420,540,1.00
421,540,1.00
422,540,1.00
423,540,1.00
407,541,1.00
408,541,1.00
409,541,1.00
410,541,1.00
411,541,1.00
412,541,1.00
413,541,1.00
414,541,1.00
415,541,1.00
416,541,1.00
417,541,1.00
418,541,1.00
419,541,1.00
420,541,1.00
421,541,1.00
422,541,1.00
423,541,1.00
407,542,1.00
408,542,1.00
409,542,1.00
410,542,1.00
411,542,1.00
412,542,1.00
413,542,1.00
414,542,1.00
415,542,1.00
416,542,1.00
417,542,1.00
418,542,1.00
419,542,1.00
420,542,1.00
421,542,1.00
422,542,1.00
423,542,1.00
407,543,1.00
408,543,1.00
409,543,1.00
410,543,1.00
411,543,1.00
412,543,1.00
413,543,1.00
414,543,1.00
415,543,1.00
416,543,1.00
417,543,1.00
418,543,1.00
419,543,1.00
420,543,1.00
421,543,1.00
422,543,1.00
423,543,1.00
407,544,1.00
408,544,1.00
409,544,1.00
410,544,1.00
411,544,1.00
412,544,1.00
413,544,1.00
414,544,1.00
415,544,1.00
416,544,1.00
417,544,1.00
418,544,1.00
419,544,1.00
420,544,1.00
421,544,1.00
422,544,1.00
423,544,1.00
407,545,1.00
408,545,1.00
409,545,1.00
410,545,1.00
411,545,1.00
412,545,1.00
413,545,1.00
414,545,1.00
415,545,1.00
416,545,1.00
417,545,1.00
418,545,1.00
419,545,1.00
420,545,1.00
421,545,1.00
422,545,1.00
423,545,1.00
407,546,1.00
408,546,1.00
409,546,1.00
410,546,1.00
411,546,1.00
412,546,1.00
413,546,1.00
414,546,1.00
415,546,1.00
416,546,1.00
417,546,1.00
418,546,1.00
419,546,1.00
420,546,1.00
421,546,1.00
422,546,1.00
423,546,1.00
407,547,1.00
408,547,1.00
409,547,1.00
410,547,1.00
411,547,1.00
412,547,1.00
413,547,1.00
414,547,1.00
415,547,1.00
416,547,0.69
417,547,0.69
418,547,0.69
419,547,0.69
420,547,0.69
421,547,0.69
422,547,0.69
423,547,0.69
406,536,0.76
406,537,0.84
406,538,0.91
402,539,0.81
403,539,0.87
404,539,0.92
405,539,0.96
406,539,0.99
402,540,0.86
403,540,0.92
404,540,0.98
405,540,1.00
406,540,1.00
402,541,0.89
403,541,0.96
404,541,1.00
405,541,1.00
406,541,1.00
399,542,0.69
400,542,0.76
401,542,0.84
402,542,0.91
403,542,0.99
404,542,1.00
405,542,1.00
406,542,1.00
399,543,0.69
400,543,0.77
401,543,0.84
402,543,0.92
403,543,1.00
404,543,1.00
405,543,1.00
406,543,1.00
399,544,0.69
400,544,0.76
401,544,0.84
402,544,0.91
403,544,0.99
404,544,1.00
405,544,1.00
406,544,1.00
399,545,0.69
400,545,0.75
401,545,0.82
402,545,0.89
403,545,0.96
404,545,1.00
405,545,1.00
406,545,1.00
399,546,0.69
400,546,0.72
401,546,0.79
402,546,0.86
403,546,0.92
404,546,0.98
405,546,1.00
406,546,1.00
399,547,0.69
400,547,0.69
401,547,0.75
402,547,0.81
403,547,0.87
404,547,0.92
405,547,0.96
406,547,0.99
399,548,0.69
400,548,0.69
401,548,0.70
402,548,0.76
403,548,0.81
404,548,0.86
405,548,0.89
406,548,0.91
407,548,0.92
408,548,0.91
409,548,0.89
410,548,0.86
411,548,0.81
412,548,0.76
413,548,0.70
414,548,0.69
415,548,0.69
399,549,0.69
400,549,0.69
401,549,0.69
402,549,0.70
403,549,0.75
404,549,0.79
405,549,0.82
406,549,0.84
407,549,0.84
408,549,0.84
409,549,0.82
410,549,0.79
411,549,0.75
412,549,0.70
413,549,0.69
414,549,0.69
415,549,0.69
399,550,0.69
400,550,0.69
401,550,0.69
402,550,0.69
403,550,0.69
404,550,0.72
405,550,0.75
406,550,0.76
407,550,0.77
408,550,0.76
409,550,0.75
410,550,0.72
411,550,0.69
412,550,0.69
413,550,0.69
414,550,0.69
415,550,0.69
399,551,0.69
400,551,0.69
401,551,0.69
402,551,0.69
403,551,0.69
404,551,0.69
405,551,0.69
406,551,0.69
407,551,0.69
408,551,0.69
415,530,1.00
416,530,1.00
417,530,1.00
418,530,1.00
419,530,1.00
420,530,1.00
421,530,1.00
422,530,1.00
423,530,1.00
424,527,0.69
425,527,0.69
426,527,0.69
427,527,0.69
428,527,0.69
429,527,0.69
430,527,0.69
424,528,0.76
425,528,0.75
426,528,0.72
427,528,0.69
428,528,0.69
429,528,0.69
430,528,0.69
415,529,0.69
416,529,0.69
417,529,0.69
418,529,0.70
419,529,0.75
420,529,0.79
421,529,0.82
422,529,0.84
423,529,0.84
424,529,0.84
425,529,0.82
426,529,0.79
427,529,0.75
428,529,0.70
429,529,0.69
430,529,0.69
424,530,0.91
425,530,0.89
426,530,0.86
427,530,0.81
428,530,0.76
429,530,0.70
430,530,0.69
424,531,0.99
425,531,0.96
426,531,0.92
427,531,0.87
428,531,0.81
429,531,0.75
430,531,0.69
424,532,1.00
425,532,1.00
426,532,0.98
427,532,0.92
428,532,0.86
429,532,0.79
430,532,0.72
424,533,1.00
425,533,1.00
426,533,1.00
427,533,0.96
428,533,0.89
429,533,0.82
430,533,0.75
424,534,1.00
425,534,1.00
426,534,1.00
427,534,0.99
428,534,0.91
429,534,0.84
430,534,0.76
424,535,1.00
425,535,1.00
426,535,1.00
427,535,1.00
428,535,0.92
429,535,0.84
430,535,0.77
424,536,1.00
425,536,1.00
426,536,1.00
427,536,0.99
428,536,0.91
429,536,0.84
430,536,0.76
431,536,0.69
424,537,1.00
425,537,1.00
426,537,1.00
427,537,0.96
428,537,0.89
429,537,0.82
430,537,0.75
431,537,0.69
424,538,1.00
425,538,1.00
426,538,0.98
427,538,0.92
428,538,0.86
429,538,0.79
430,538,0.72
431,538,0.69
424,539,0.99
425,539,0.96
426,539,0.92
427,539,0.87
428,539,0.81
429,539,0.75
430,539,1.00
431,539,1.00
424,540,0.91
425,540,0.89
426,540,0.86
427,540,0.81
428,540,0.76
429,540,0.70
430,540,1.00
431,540,1.00
424,541,0.84
425,541,0.82
426,541,0.79
427,541,0.75
428,541,0.70
429,541,0.69
430,541,1.00
431,541,1.00
424,542,0.76
425,542,0.75
426,542,0.72
427,542,0.69
428,542,0.69
429,542,0.69
430,542,1.00
431,542,1.00
424,543,1.00
425,543,1.00
426,543,1.00
427,543,1.00
428,543,1.00
429,543,1.00
430,543,1.00
431,543,1.00
443,518,0.69
444,518,0.69
445,518,0.69
446,518,0.69
447,518,0.69
448,518,0.69
449,518,0.69
450,518,0.69
451,518,0.69
452,518,0.69
453,518,1.00
448,519,0.72
449,519,0.75
450,519,0.76
451,519,0.77
452,519,0.76
453,519,1.00
448,520,0.79
449,520,0.82
450,520,0.84
451,520,0.84
452,520,0.84
453,520,1.00
448,521,0.86
449,521,0.89
450,521,0.91
451,521,1.00
452,521,1.00
453,521,1.00
448,522,0.92
449,522,0.96
450,522,0.99
451,522,1.00
452,522,1.00
453,522,1.00
448,523,0.98
449,523,1.00
450,523,1.00
451,523,1.00
452,523,1.00
453,523,1.00
448,524,1.00
449,524,1.00
450,524,1.00
451,524,1.00
452,524,1.00
453,524,1.00
448,525,1.00
449,525,1.00
450,525,1.00
451,525,1.00
452,525,1.00
453,525,1.00
448,526,1.00
449,526,1.00
450,526,1.00
451,526,1.00
452,526,1.00
453,526,1.00
448,527,1.00
449,527,1.00
450,527,1.00
451,527,1.00
452,527,1.00
453,527,1.00
448,528,1.00
449,528,1.00
450,528,1.00
451,528,1.00
452,528,1.00
453,528,1.00
448,529,1.00
449,529,1.00
450,529,1.00
451,529,1.00
452,529,1.00
453,529,1.00
454,529,1.00
455,529,1.00
456,529,1.00
457,529,1.00
458,529,1.00
459,529,1.00
448,530,1.00
449,530,1.00
450,530,1.00
451,530,1.00
452,530,1.00
453,530,1.00
454,530,1.00
455,530,1.00
456,530,1.00
457,530,1.00
458,530,1.00
459,530,1.00
448,531,1.00
449,531,1.00
450,531,1.00
451,531,1.00
452,531,1.00
453,531,1.00
454,531,1.00
455,531,1.00
456,531,1.00
457,531,1.00
458,531,1.00
459,531,1.00
448,532,1.00
449,532,1.00
450,532,1.00
451,532,1.00
452,532,1.00
453,532,1.00
454,532,1.00
455,532,1.00
456,532,1.00
457,532,1.00
458,532,1.00
459,532,1.00
448,533,1.00
449,533,1.00
450,533,1.00
451,533,1.00
452,533,1.00
453,533,1.00
454,533,1.00
455,533,1.00
456,533,1.00
457,533,1.00
458,533,1.00
459,533,1.00
448,534,1.00
449,534,1.00
450,534,1.00
451,534,1.00
452,534,1.00
453,534,1.00
454,534,1.00
455,534,1.00
456,534,1.00
457,534,1.00
458,534,1.00
459,534,1.00
453,514,0.69
453,515,0.69
453,516,0.69
453,517,0.69
460,529,1.00
461,529,1.00
462,529,1.00
463,529,1.00
464,529,1.00
465,529,1.00
466,529,1.00
467,529,1.00
468,529,1.00
469,529,1.00
460,530,1.00
461,530,1.00
462,530,1.00
463,530,1.00
464,530,1.00
465,530,1.00
466,530,1.00
467,530,1.00
468,530,1.00
469,530,1.00
471,514,1.00
471,515,1.00
471,516,1.00
471,517,1.00
471,518,1.00
471,519,1.00
471,520,1.00
471,521,1.00
471,522,1.00
471,523,1.00
471,524,1.00
471,525,1.00
471,526,1.00
471,527,1.00
471,528,1.00
470,529,1.00
471,529,1.00
470,530,1.00
471,530,1.00
460,531,1.00
461,531,1.00
460,532,1.00
461,532,1.00
460,533,1.00
461,533,1.00
460,534,1.00
461,534,1.00
448,535,0.89
449,535,0.96
450,535,1.00
451,535,1.00
452,535,1.00
453,535,1.00
454,535,1.00
455,535,1.00
456,535,1.00
457,535,1.00
458,535,1.00
459,535,1.00
460,535,1.00
461,535,1.00
445,536,1.00
446,536,1.00
447,536,1.00
448,536,1.00
449,536,1.00
450,536,1.00
451,536,1.00
452,536,1.00
453,536,1.00
454,536,1.00
455,536,1.00
456,536,1.00
457,536,1.00
458,536,1.00
459,536,1.00
460,536,1.00
461,536,1.00
445,537,1.00
446,537,1.00
447,537,1.00
448,537,1.00
449,537,1.00
450,537,1.00
451,537,1.00
452,537,1.00
453,537,1.00
454,537,1.00
455,537,1.00
456,537,1.00
457,537,1.00
458,537,1.00
459,537,1.00
460,537,1.00
461,537,1.00
445,538,1.00
446,538,1.00
447,538,1.00
448,538,1.00
449,538,1.00
450,538,1.00
451,538,1.00
452,538,1.00
453,538,0.92
454,538,0.91
455,538,0.89
456,538,0.86
457,538,0.81
458,538,0.76
459,538,0.70
460,538,0.69
461,538,0.69
445,539,1.00
446,539,1.00
447,539,1.00
448,539,1.00
449,539,1.00
450,539,1.00
451,539,1.00
452,539,1.00
453,539,0.84
454,539,0.84
455,539,0.82
456,539,0.79
457,539,0.75
458,539,0.70
459,539,0.69
460,539,0.69
461,539,0.69
445,540,1.00
446,540,1.00
447,540,1.00
448,540,1.00
449,540,1.00
450,540,1.00
451,540,1.00
452,540,1.00
453,540,0.77
454,540,0.76
455,540,0.75
456,540,0.72
457,540,0.69
458,540,0.69
459,540,0.69
460,540,0.69
461,540,0.69
445,541,1.00
446,541,1.00
447,541,1.00
448,541,1.00
420,548,0.69
421,548,0.69
422,548,0.69
423,548,0.69
424,548,1.00
425,548,1.00
426,548,1.00
427,548,1.00
428,548,1.00
429,548,1.00
430,548,1.00
431,548,1.00
432,548,1.00
433,548,1.00
434,548,1.00
435,548,1.00
436,548,1.00
420,549,0.69
421,549,0.69
422,549,0.69
423,549,0.69
424,549,1.00
425,549,1.00
426,549,1.00
427,549,1.00
428,549,1.00
429,549,1.00
430,549,1.00
431,549,1.00
432,549,1.00
433,549,1.00
434,549,1.00
435,549,1.00
436,549,1.00
420,550,1.00
421,550,1.00
422,550,1.00
423,550,1.00
424,550,1.00
425,550,1.00
426,550,1.00
427,550,1.00
428,550,1.00
429,550,1.00
430,550,1.00
431,550,1.00
432,550,1.00
433,550,1.00
434,550,1.00
435,550,1.00
436,550,1.00
426,551,1.00
427,551,1.00
428,551,1.00
429,551,1.00
430,551,1.00
431,551,1.00
432,551,1.00
433,551,1.00
434,551,1.00
435,551,1.00
436,551,1.00
426,552,1.00
427,552,1.00
428,552,1.00
429,552,1.00
430,552,1.00
431,552,1.00
432,552,1.00
433,552,1.00
434,552,1.00
435,552,1.00
436,552,1.00
426,553,1.00
427,553,1.00
428,553,1.00
429,553,1.00
430,553,1.00
431,553,1.00
432,553,1.00
433,553,1.00
434,553,1.00
435,553,1.00
436,553,1.00
426,554,1.00
427,554,1.00
428,554,1.00
429,554,1.00
430,554,1.00
431,554,1.00
432,554,1.00
433,554,1.00
434,554,1.00
435,554,1.00
436,554,1.00
426,555,1.00
427,555,1.00
428,555,1.00
429,555,1.00
430,555,1.00
431,555,1.00
432,555,1.00
433,555,1.00
434,555,1.00
435,555,1.00
436,555,1.00
426,556,1.00
427,556,1.00
428,556,1.00
429,556,1.00
430,556,1.00
431,556,1.00
432,556,1.00
433,556,1.00
434,556,1.00
435,556,1.00
436,556,1.00
426,557,1.00
427,557,1.00
428,557,1.00
429,557,1.00
430,557,1.00
431,557,1.00
432,557,1.00
433,557,1.00
434,557,1.00
435,557,1.00
436,557,1.00
426,558,1.00
427,558,1.00
428,558,1.00
429,558,1.00
430,558,1.00
431,558,1.00
432,558,1.00
433,558,1.00
434,558,1.00
435,558,1.00
436,558,1.00
426,559,1.00
427,559,1.00
428,559,1.00
429,559,1.00
430,559,1.00
431,559,1.00
432,559,1.00
433,559,1.00
434,559,1.00
435,559,1.00
436,559,1.00
426,560,1.00
427,560,1.00
428,560,1.00
429,560,1.00
430,560,1.00
431,560,1.00
432,560,1.00
433,560,1.00
434,560,1.00
435,560,1.00
436,560,1.00
426,561,1.00
427,561,1.00
428,561,1.00
429,561,1.00
430,561,1.00
431,561,1.00
432,561,1.00
433,561,1.00
434,561,1.00
435,561,1.00
436,561,1.00
426,562,1.00
427,562,1.00
428,562,1.00
429,562,1.00
430,562,1.00
431,562,1.00
432,562,1.00
433,562,1.00
434,562,1.00
435,562,1.00
436,562,1.00
426,563,1.00
427,563,1.00
428,563,1.00
429,563,1.00
430,563,1.00
431,563,1.00
432,563,1.00
433,563,1.00
434,563,0.69
435,563,0.69
436,563,0.69
426,564,1.00
427,564,1.00
428,564,1.00
429,564,1.00
430,564,1.00
431,564,1.00
432,564,1.00
433,564,1.00
434,564,0.69
435,564,0.69
436,564,0.69
417,550,0.69
418,550,0.69
419,550,0.69
426,565,0.76
427,565,0.75
428,565,0.72
429,565,0.69
430,565,0.69
431,565,0.69
432,565,0.69
433,565,0.69
426,566,0.69
427,566,0.69
428,566,0.69
429,566,0.69
430,566,0.69
431,566,0.69
432,566,0.69
433,566,0.69
432,543,1.00
433,543,1.00
434,543,1.00
435,543,1.00
436,543,1.00
437,543,1.00
438,543,1.00
439,543,1.00
440,543,1.00
424,544,0.69
425,544,0.69
426,544,0.69
427,544,0.69
428,544,0.69
429,544,0.72
430,544,1.00
431,544,1.00
432,544,1.00
433,544,1.00
434,544,1.00
435,544,1.00
436,544,1.00
437,544,1.00
438,544,1.00
439,544,1.00
440,544,1.00
424,545,0.69
425,545,0.69
426,545,0.69
427,545,0.70
428,545,0.75
429,545,0.79
430,545,1.00
431,545,1.00
432,545,1.00
433,545,1.00
434,545,1.00
435,545,1.00
436,545,1.00
437,545,1.00
438,545,1.00
439,545,1.00
440,545,1.00
424,546,0.69
425,546,1.00
426,546,1.00
427,546,1.00
428,546,1.00
429,546,1.00
430,546,1.00
431,546,1.00
432,546,1.00
433,546,1.00
434,546,1.00
435,546,1.00
436,546,1.00
437,546,1.00
438,546,1.00
439,546,1.00
440,546,1.00
424,547,0.69
425,547,1.00
426,547,1.00
427,547,1.00
428,547,1.00
429,547,1.00
430,547,1.00
431,547,1.00
432,547,1.00
433,547,1.00
434,547,1.00
435,547,1.00
436,547,1.00
437,547,1.00
438,547,1.00
439,547,1.00
440,547,1.00
437,548,1.00
438,548,1.00
439,548,1.00
440,548,1.00
437,549,1.00
438,549,1.00
439,549,1.00
440,549,1.00
437,550,1.00
438,550,1.00
439,550,1.00
440,550,1.00
437,551,1.00
438,551,1.00
439,551,1.00
440,551,1.00
437,552,1.00
438,552,1.00
439,552,1.00
440,552,1.00
437,553,1.00
438,553,1.00
439,553,1.00
440,553,1.00
437,554,1.00
438,554,1.00
439,554,1.00
440,554,1.00
437,555,1.00
438,555,1.00
439,555,1.00
440,555,1.00
437,556,1.00
438,556,1.00
439,556,1.00
440,556,1.00
437,557,1.00
438,557,1.00
439,557,1.00
440,557,1.00
437,558,1.00
438,558,1.00
439,558,1.00
440,558,1.00
437,559,1.00
438,559,1.00
439,559,1.00
440,559,1.00
462,531,1.00
463,531,1.00
464,531,1.00
465,531,1.00
466,531,1.00
467,531,1.00
468,531,0.76
469,531,0.70
470,531,0.69
471,531,0.69
462,532,1.00
463,532,1.00
464,532,1.00
465,532,1.00
466,532,1.00
467,532,1.00
468,532,0.70
469,532,0.69
470,532,0.69
471,532,0.69
462,533,1.00
463,533,1.00
464,533,1.00
465,533,1.00
466,533,1.00
467,533,1.00
468,533,0.69
469,533,0.69
470,533,0.69
471,533,0.69
462,534,1.00
463,534,1.00
464,534,1.00
465,534,1.00
466,534,1.00
467,534,1.00
468,534,0.69
469,534,0.69
470,534,0.69
471,534,0.69
436,536,0.69
437,536,0.69
438,536,0.69
439,536,0.69
440,536,0.69
441,536,0.69
442,536,0.69
443,536,0.69
444,536,0.69
436,537,0.69
437,537,0.69
438,537,0.69
439,537,0.69
440,537,0.69
441,537,0.72
442,537,0.75
443,537,0.76
444,537,0.77
436,538,0.69
437,538,0.69
438,538,0.69
439,538,0.70
440,538,0.75
441,538,0.79
442,538,0.82
443,538,0.84
444,538,0.84
436,539,1.00
437,539,1.00
438,539,1.00
439,539,1.00
440,539,1.00
441,539,1.00
442,539,1.00
443,539,1.00
444,539,1.00
436,540,1.00
437,540,1.00
438,540,1.00
439,540,1.00
440,540,1.00
441,540,1.00
442,540,1.00
443,540,1.00
444,540,1.00
436,541,1.00
437,541,1.00
438,541,1.00
439,541,1.00
440,541,1.00
441,541,1.00
442,541,1.00
443,541,1.00
444,541,1.00
436,542,1.00
437,542,1.00
438,542,1.00
439,542,1.00
440,542,1.00
441,542,1.00
442,542,1.00
443,542,1.00
444,542,1.00
445,542,1.00
446,542,1.00
447,542,1.00
448,542,0.96
441,543,1.00
442,543,1.00
443,543,1.00
444,543,1.00
445,543,1.00
446,543,1.00
447,543,1.00
448,543,0.99
441,544,1.00
442,544,1.00
443,544,1.00
444,544,1.00
445,544,1.00
446,544,1.00
447,544,1.00
448,544,1.00
441,545,1.00
442,545,1.00
443,545,1.00
444,545,1.00
445,545,1.00
446,545,1.00
447,545,1.00
448,545,0.99
441,546,1.00
442,546,1.00
443,546,1.00
444,546,1.00
445,546,1.00
446,546,1.00
447,546,1.00
448,546,0.96
441,547,1.00
442,547,1.00
443,547,1.00
444,547,1.00
445,547,1.00
446,547,1.00
447,547,0.98
448,547,0.92
441,548,1.00
442,548,1.00
443,548,1.00
444,548,1.00
445,548,1.00
446,548,1.00
447,548,0.92
448,548,0.87
441,549,1.00
442,549,1.00
443,549,1.00
444,549,1.00
445,549,1.00
446,549,1.00
447,549,0.86
448,549,0.81
441,550,1.00
442,550,1.00
443,550,1.00
444,550,1.00
445,550,1.00
446,550,1.00
447,550,0.79
448,550,0.75
441,551,1.00
442,551,1.00
443,551,1.00
444,551,1.00
445,551,1.00
446,551,1.00
447,551,0.72
448,551,0.69
441,552,1.00
442,552,1.00
443,552,1.00
444,552,1.00
445,552,1.00
446,552,1.00
447,552,0.69
448,552,0.69
441,553,1.00
441,554,1.00
441,555,1.00
441,556,0.69
441,557,0.69
441,558,0.69
441,559,0.69
437,560,0.75
438,560,0.70
439,560,0.69
440,560,0.69
441,560,0.69
437,561,0.69
438,561,0.69
439,561,0.69
440,561,0.69
441,561,0.69
437,562,0.69
438,562,0.69
439,562,0.69
440,562,0.69
441,562,0.69
432,539,0.69
433,539,0.69
434,539,0.69
435,539,0.69
432,540,0.69
433,540,0.69
434,540,0.69
435,540,0.72
432,541,0.69
433,541,0.70
434,541,0.75
435,541,0.79
432,542,0.70
433,542,0.76
434,542,0.81
435,542,0.86
442,553,0.75
443,553,0.70
444,553,0.69
445,553,0.69
446,553,0.69
442,554,0.69
443,554,0.69
444,554,0.69
445,554,0.69
446,554,0.69
442,555,0.69
443,555,0.69
444,555,0.69
445,555,0.69
446,555,0.69
462,535,0.79
463,535,0.75
464,535,0.70
465,535,0.69
466,535,0.69
467,535,0.69
462,536,0.72
463,536,0.69
464,536,0.69
465,536,0.69
466,536,0.69
467,536,0.69
462,537,0.69
463,537,0.69
464,537,0.69
465,537,0.69
466,537,0.69
467,537,0.69
462,510,0.69
463,510,1.00
464,510,1.00
465,510,1.00
466,510,1.00
467,510,1.00
468,510,1.00
469,510,1.00
470,510,1.00
471,510,1.00
472,510,1.00
473,510,1.00
474,510,1.00
475,510,1.00
476,510,1.00
477,510,1.00
478,510,1.00
462,511,0.69
463,511,1.00
464,511,1.00
465,511,1.00
466,511,1.00
467,511,1.00
468,511,1.00
469,511,1.00
470,511,1.00
471,511,1.00
472,511,1.00
473,511,1.00
474,511,1.00
475,511,1.00
476,511,1.00
477,511,1.00
478,511,1.00
471,512,1.00
472,512,1.00
473,512,1.00
474,512,1.00
475,512,1.00
471,513,1.00
472,513,1.00
473,513,1.00
474,513,1.00
475,513,1.00
472,514,1.00
473,514,1.00
474,514,1.00
475,514,1.00
472,515,1.00
473,515,1.00
474,515,1.00
475,515,1.00
472,516,1.00
473,516,1.00
474,516,1.00
475,516,1.00
472,517,1.00
473,517,1.00
474,517,1.00
475,517,1.00
472,518,1.00
473,518,1.00
474,518,1.00
475,518,1.00
472,519,1.00
473,519,1.00
474,519,1.00
475,519,1.00
472,520,1.00
473,520,1.00
474,520,1.00
475,520,1.00
472,521,1.00
473,521,1.00
474,521,1.00
475,521,1.00
472,522,1.00
473,522,1.00
474,522,1.00
475,522,1.00
472,523,1.00
473,523,1.00
474,523,1.00
475,523,1.00
472,524,1.00
473,524,1.00
474,524,1.00
475,524,1.00
472,525,1.00
473,525,1.00
474,525,1.00
475,525,1.00
472,526,0.69
473,526,0.69
474,526,0.69
475,526,0.69
463,509,1.00
464,509,1.00
465,509,1.00
466,509,1.00
467,509,1.00
468,509,1.00
469,509,1.00
470,509,1.00
471,509,1.00
472,509,1.00
473,509,1.00
474,509,1.00
475,509,1.00
476,509,1.00
477,509,1.00
478,509,1.00
479,509,1.00
479,510,1.00
479,511,1.00
464,507,1.00
465,507,1.00
466,507,1.00
467,507,1.00
468,507,1.00
469,507,1.00
470,507,1.00
471,507,1.00
472,507,1.00
473,507,1.00
474,507,1.00
475,507,1.00
476,507,1.00
477,507,1.00
478,507,1.00
479,507,1.00
480,507,1.00
464,508,1.00
465,508,1.00
466,508,1.00
467,508,1.00
468,508,1.00
469,508,1.00
470,508,1.00
471,508,1.00
472,508,1.00
473,508,1.00
474,508,1.00
475,508,1.00
476,508,1.00
477,508,1.00
478,508,1.00
479,508,1.00
480,508,1.00
480,509,1.00
480,510,1.00
480,511,1.00
464,504,1.00
465,504,1.00
466,504,1.00
467,504,1.00
468,504,1.00
469,504,1.00
470,504,1.00
471,504,1.00
472,504,1.00
473,504,1.00
474,504,1.00
475,504,1.00
476,504,1.00
477,504,1.00
478,504,1.00
479,504,1.00
480,504,1.00
464,505,1.00
465,505,1.00
466,505,1.00
467,505,1.00
468,505,1.00
469,505,1.00
470,505,1.00
471,505,1.00
472,505,1.00
473,505,1.00
474,505,1.00
475,505,1.00
476,505,1.00
477,505,1.00
478,505,1.00
479,505,1.00
480,505,1.00
464,506,1.00
465,506,1.00
466,506,1.00
467,506,1.00
468,506,1.00
469,506,1.00
470,506,1.00
471,506,1.00
472,506,1.00
473,506,1.00
474,506,1.00
475,506,1.00
476,506,1.00
477,506,1.00
478,506,1.00
479,506,1.00
480,506,1.00
464,503,1.00
465,503,1.00
466,503,1.00
467,503,1.00
468,503,1.00
469,503,1.00
470,503,1.00
471,503,1.00
472,503,1.00
473,503,1.00
474,503,1.00
475,503,1.00
476,503,1.00
477,503,1.00
478,503,1.00
479,503,1.00
480,503,0.69
463,502,1.00
464,502,1.00
465,502,1.00
466,502,1.00
467,502,1.00
468,502,1.00
469,502,1.00
470,502,1.00
471,502,1.00
472,502,1.00
473,502,1.00
474,502,1.00
475,502,1.00
476,502,1.00
477,502,1.00
478,502,1.00
479,502,1.00
463,503,1.00
463,504,1.00
463,505,1.00
463,506,1.00
463,507,1.00
463,508,1.00
463,495,1.00
464,495,1.00
465,495,1.00
466,495,1.00
467,495,1.00
468,495,1.00
469,495,1.00
470,495,1.00
471,495,1.00
472,495,1.00
473,495,1.00
474,495,1.00
475,495,1.00
476,495,1.00
477,495,1.00
478,495,1.00
479,495,0.69
463,496,1.00
464,496,1.00
465,496,1.00
466,496,1.00
467,496,1.00
468,496,1.00
469,496,1.00
470,496,1.00
471,496,1.00
472,496,1.00
473,496,1.00
474,496,1.00
475,496,1.00
476,496,1.00
477,496,1.00
478,496,1.00
479,496,0.69
463,497,1.00
464,497,1.00
465,497,1.00
466,497,1.00
467,497,1.00
468,497,1.00
469,497,1.00
470,497,1.00
471,497,1.00
472,497,1.00
473,497,1.00
474,497,1.00
475,497,1.00
476,497,1.00
477,497,1.00
478,497,1.00
479,497,0.69
463,498,1.00
464,498,1.00
465,498,1.00
466,498,1.00
467,498,1.00
468,498,1.00
469,498,1.00
470,498,1.00
471,498,1.00
472,498,1.00
473,498,1.00
474,498,1.00
475,498,1.00
476,498,1.00
477,498,1.00
478,498,1.00
479,498,0.69
463,499,1.00
464,499,1.00
465,499,1.00
466,499,1.00
467,499,1.00
468,499,1.00
469,499,1.00
470,499,1.00
471,499,1.00
472,499,1.00
473,499,1.00
474,499,1.00
475,499,1.00
476,499,1.00
477,499,1.00
478,499,1.00
479,499,0.69
463,500,1.00
464,500,1.00
465,500,1.00
466,500,1.00
467,500,1.00
468,500,1.00
469,500,1.00
470,500,1.00
471,500,1.00
472,500,1.00
473,500,1.00
474,500,1.00
475,500,1.00
476,500,1.00
477,500,1.00
478,500,1.00
479,500,0.69
463,501,1.00
464,501,1.00
465,501,1.00
466,501,1.00
467,501,1.00
468,501,1.00
469,501,1.00
470,501,1.00
471,501,1.00
472,501,1.00
473,501,1.00
474,501,1.00
475,501,1.00
476,501,1.00
477,501,1.00
478,501,1.00
479,501,0.69
462,493,1.00
463,493,1.00
464,493,1.00
465,493,1.00
466,493,1.00
467,493,1.00
468,493,1.00
469,493,1.00
470,493,1.00
471,493,1.00
472,493,1.00
473,493,1.00
474,493,1.00
475,493,1.00
476,493,1.00
462,494,1.00
463,494,1.00
464,494,1.00
465,494,1.00
466,494,1.00
467,494,1.00
468,494,1.00
469,494,1.00
470,494,1.00
471,494,1.00
472,494,1.00
473,494,1.00
474,494,1.00
475,494,1.00
476,494,1.00
462,495,1.00
462,496,1.00
462,497,1.00
462,498,1.00
462,499,1.00
462,500,1.00
462,501,1.00
462,502,1.00
462,503,1.00
462,504,1.00
462,505,1.00
462,506,1.00
462,507,1.00
462,508,1.00
462,509,0.69
462,492,1.00
463,492,1.00
464,492,1.00
465,492,1.00
466,492,1.00
467,492,1.00
468,492,1.00
469,492,1.00
470,492,1.00
471,492,1.00
472,492,1.00
473,492,1.00
474,492,1.00
475,492,1.00
476,492,1.00
463,488,1.00
464,488,1.00
465,488,1.00
466,488,1.00
467,488,1.00
468,488,1.00
469,488,1.00
470,488,1.00
471,488,1.00
472,488,1.00
461,489,1.00
462,489,1.00
463,489,1.00
464,489,1.00
465,489,1.00
466,489,1.00
467,489,1.00
468,489,1.00
469,489,1.00
470,489,1.00
471,489,1.00
472,489,1.00
461,490,1.00
462,490,1.00
463,490,1.00
464,490,1.00
465,490,1.00
466,490,1.00
467,490,1.00
468,490,1.00
469,490,1.00
470,490,1.00
471,490,1.00
472,490,1.00
473,490,1.00
474,490,1.00
475,490,1.00
476,490,1.00
461,491,1.00
462,491,1.00
463,491,1.00
464,491,1.00
465,491,1.00
466,491,1.00
467,491,1.00
468,491,1.00
469,491,1.00
470,491,1.00
471,491,1.00
472,491,1.00
473,491,1.00
474,491,1.00
475,491,1.00
476,491,1.00
461,492,1.00
460,493,1.00
461,493,1.00
460,494,1.00
461,494,1.00
460,495,1.00
461,495,1.00
460,496,1.00
461,496,1.00
460,497,1.00
461,497,1.00
460,498,1.00
461,498,1.00
460,499,1.00
461,499,1.00
460,500,1.00
461,500,1.00
460,501,1.00
461,501,1.00
460,502,0.69
461,502,0.69
460,503,0.69
461,503,0.69
460,504,0.69
461,504,0.69
463,485,0.69
464,485,0.69
465,485,0.69
466,485,0.69
467,485,0.69
468,485,0.69
469,485,0.69
470,485,0.69
471,485,0.69
472,485,0.69
463,486,0.69
464,486,0.69
465,486,0.72
466,486,0.75
467,486,0.76
468,486,0.77
469,486,0.76
470,486,0.75
471,486,0.72
472,486,0.69
463,487,0.70
464,487,0.75
465,487,0.79
466,487,0.82
467,487,0.84
468,487,0.84
469,487,0.84
470,487,0.82
471,487,0.79
472,487,0.75

430,433,0.69
431,433,0.69
432,433,0.69
433,433,0.69
434,433,0.69
435,433,0.69
436,433,0.69
437,433,0.69
438,433,0.69
439,433,0.69
440,433,0.69
441,433,0.69
442,433,0.69
443,433,0.69
444,433,0.69
445,433,0.69
446,433,0.69
430,434,1.00
431,434,1.00
432,434,1.00
433,434,1.00
434,434,1.00
435,434,1.00
436,434,1.00
437,434,1.00
438,434,1.00
439,434,1.00
440,434,1.00
441,434,1.00
442,434,1.00
443,434,1.00
444,434,1.00
445,434,1.00
446,434,1.00
430,435,1.00
431,435,1.00
432,435,1.00
433,435,1.00
434,435,1.00
435,435,1.00
436,435,1.00
437,435,1.00
438,435,1.00
439,435,1.00
440,435,1.00
441,435,1.00
442,435,1.00
443,435,1.00
444,435,1.00
445,435,1.00
446,435,1.00
430,436,1.00
431,436,1.00
432,436,1.00
433,436,1.00
434,436,1.00
435,436,1.00
436,436,1.00
437,436,1.00
438,436,1.00
439,436,1.00
440,436,1.00
441,436,1.00
442,436,1.00
443,436,1.00
444,436,1.00
445,436,1.00
446,436,1.00
430,437,1.00
431,437,1.00
432,437,1.00
433,437,1.00
434,437,1.00
435,437,1.00
436,437,1.00
437,437,1.00
438,437,1.00
439,437,1.00
440,437,1.00
441,437,1.00
442,437,1.00
443,437,1.00
444,437,1.00
445,437,1.00
446,437,1.00
430,438,1.00
431,438,1.00
432,438,1.00
433,438,1.00
434,438,1.00
435,438,1.00
436,438,1.00
437,438,1.00
438,438,1.00
439,438,1.00
440,438,1.00
441,438,1.00
442,438,1.00
443,438,1.00
444,438,1.00
445,438,1.00
446,438,1.00
430,439,1.00
431,439,1.00
432,439,1.00
433,439,1.00
434,439,1.00
435,439,1.00
436,439,1.00
437,439,1.00
438,439,1.00
439,439,1.00
440,439,1.00
441,439,1.00
442,439,1.00
443,439,1.00
444,439,1.00
445,439,1.00
446,439,1.00
430,440,1.00
431,440,1.00
432,440,1.00
433,440,1.00
434,440,1.00
435,440,1.00
436,440,1.00
437,440,1.00
438,440,1.00
439,440,1.00
440,440,1.00
441,440,1.00
442,440,1.00
443,440,1.00
444,440,1.00
445,440,1.00
446,440,1.00
430,441,1.00
431,441,1.00
432,441,1.00
433,441,1.00
434,441,1.00
435,441,1.00
436,441,1.00
437,441,1.00
438,441,1.00
439,441,1.00
440,441,1.00
441,441,1.00
442,441,1.00
443,441,1.00
444,441,1.00
445,441,1.00
446,441,1.00
430,442,1.00
431,442,1.00
432,442,1.00
433,442,1.00
434,442,1.00
435,442,1.00
436,442,1.00
437,442,1.00
438,442,1.00
439,442,1.00
440,442,1.00
441,442,1.00
442,442,1.00
443,442,1.00
444,442,1.00
445,442,1.00
446,442,1.00
430,443,1.00
431,443,1.00
432,443,1.00
433,443,1.00
434,443,1.00
435,443,1.00
436,443,1.00
437,443,1.00
438,443,1.00
439,443,1.00
440,443,1.00
441,443,1.00
442,443,1.00
443,443,1.00
444,443,1.00
445,443,1.00
446,443,1.00
430,444,1.00
431,444,1.00
432,444,1.00
433,444,1.00
434,444,1.00
435,444,1.00
436,444,1.00
437,444,1.00
438,444,1.00
439,444,1.00
440,444,1.00
441,444,1.00
442,444,1.00
443,444,1.00
444,444,1.00
445,444,1.00
446,444,1.00
430,445,1.00
431,445,1.00
432,445,1.00
433,445,1.00
434,445,1.00
435,445,1.00
436,445,1.00
437,445,1.00
438,445,1.00
439,445,1.00
440,445,1.00
441,445,1.00
442,445,1.00
443,445,1.00
444,445,1.00
445,445,1.00
446,445,1.00
430,446,1.00
431,446,1.00
432,446,1.00
433,446,1.00
434,446,1.00
435,446,1.00
436,446,1.00
437,446,1.00
438,446,1.00
439,446,1.00
440,446,1.00
441,446,1.00
442,446,1.00
443,446,1.00
444,446,1.00
445,446,1.00
446,446,1.00
430,447,1.00
431,447,1.00
432,447,1.00
433,447,1.00
434,447,1.00
435,447,1.00
436,447,1.00
437,447,1.00
438,447,1.00
439,447,1.00
440,447,1.00
441,447,1.00
442,447,1.00
443,447,1.00
444,447,1.00
445,447,1.00
446,447,1.00
430,448,1.00
431,448,1.00
432,448,1.00
433,448,1.00
434,448,1.00
435,448,1.00
436,448,1.00
437,448,1.00
438,448,1.00
439,448,1.00
440,448,1.00
441,448,1.00
442,448,1.00
443,448,1.00
444,448,1.00
445,448,1.00
446,448,1.00
430,449,1.00
431,449,1.00
432,449,1.00
433,449,1.00
434,449,1.00
435,449,1.00
436,449,1.00
437,449,1.00
438,449,1.00
439,449,1.00
440,449,1.00
441,449,1.00
442,449,1.00
443,449,1.00
444,449,1.00
445,449,1.00
446,449,1.00
430,450,1.00
431,450,1.00
432,450,1.00
433,450,1.00
434,450,1.00
435,450,1.00
436,450,1.00
437,450,1.00
438,450,1.00
439,450,1.00
440,450,1.00
441,450,1.00
442,450,1.00
443,450,1.00
444,450,0.69
445,450,0.69
446,450,0.69
427,439,0.69
428,439,0.69
429,439,0.69
427,440,0.69
428,440,0.69
429,440,0.69
427,441,0.69
428,441,0.69
429,441,0.69
427,442,0.69
428,442,0.69
429,442,0.70
427,443,0.69
428,443,0.69
429,443,0.75
427,444,1.00
428,444,1.00
429,444,1.00
427,445,1.00
428,445,1.00
429,445,1.00
427,446,1.00
428,446,1.00
429,446,1.00
427,447,1.00
428,447,1.00
429,447,1.00
427,448,1.00
428,448,1.00
429,448,1.00
427,449,1.00
428,449,1.00
429,449,1.00
427,450,1.00
428,450,1.00
429,450,1.00
427,451,1.00
428,451,1.00
429,451,1.00
430,451,1.00
431,451,1.00
432,451,1.00
433,451,1.00
434,451,1.00
435,451,1.00
436,451,1.00
437,451,1.00
438,451,1.00
439,451,1.00
440,451,0.81
441,451,0.75
442,451,0.69
443,451,0.69
427,452,1.00
428,452,1.00
429,452,1.00
430,452,1.00
431,452,1.00
432,452,1.00
433,452,1.00
434,452,1.00
435,452,1.00
436,452,1.00
437,452,1.00
438,452,1.00
439,452,1.00
440,452,0.76
441,452,0.70
442,452,0.69
443,452,0.69
427,453,1.00
428,453,1.00
429,453,1.00
430,453,1.00
431,453,1.00
432,453,1.00
433,453,1.00
434,453,1.00
435,453,1.00
436,453,1.00
437,453,1.00
438,453,1.00
439,453,1.00
440,453,0.70
441,453,0.69
442,453,0.69
443,453,0.69
427,454,1.00
428,454,1.00
429,454,1.00
430,454,1.00
431,454,1.00
432,454,1.00
433,454,1.00
434,454,1.00
435,454,1.00
436,454,1.00
437,454,1.00
438,454,1.00
439,454,1.00
440,454,0.69
441,454,0.69
442,454,0.69
443,454,0.69
427,455,1.00
428,455,1.00
429,455,1.00
430,455,1.00
431,455,1.00
432,455,1.00
433,455,1.00
434,455,1.00
435,455,1.00
436,455,1.00
437,455,1.00
438,455,1.00
439,455,1.00
440,455,0.69
441,455,0.69
442,455,0.69
443,455,0.69
423,444,0.69
424,444,0.69
425,444,0.69
426,444,0.69
423,445,0.69
424,445,0.69
425,445,0.69
426,445,0.69
423,446,0.69
424,446,0.69
425,446,0.69
426,446,0.70
423,447,0.69
424,447,0.69
425,447,0.70
426,447,0.76
423,448,1.00
424,448,1.00
425,448,1.00
426,448,1.00
423,449,1.00
424,449,1.00
425,449,1.00
426,449,1.00
423,450,1.00
424,450,1.00
425,450,1.00
426,450,1.00
423,451,1.00
424,451,1.00
425,451,1.00
426,451,1.00
423,452,1.00
424,452,1.00
425,452,1.00
426,452,1.00
423,453,1.00
424,453,1.00
425,453,1.00
426,453,1.00
423,454,1.00
424,454,1.00
425,454,1.00
426,454,1.00
423,455,1.00
424,455,1.00
425,455,1.00
426,455,1.00
423,456,1.00
424,456,1.00
425,456,1.00
426,456,1.00
427,456,1.00
428,456,1.00
429,456,1.00
430,456,1.00
431,456,1.00
432,456,1.00
433,456,1.00
434,456,1.00
435,456,1.00
436,456,0.81
437,456,0.75
438,456,0.69
439,456,0.69
423,457,1.00
424,457,1.00
425,457,1.00
426,457,1.00
427,457,1.00
428,457,1.00
429,457,1.00
430,457,1.00
431,457,1.00
432,457,1.00
433,457,1.00
434,457,1.00
435,457,1.00
436,457,0.76
437,457,0.70
438,457,0.69
439,457,0.69
423,458,1.00
424,458,1.00
425,458,1.00
426,458,1.00
427,458,1.00
428,458,1.00
429,458,1.00
430,458,1.00
431,458,1.00
432,458,1.00
433,458,1.00
434,458,1.00
435,458,1.00
436,458,0.70
437,458,0.69
438,458,0.69
439,458,0.69
423,459,1.00
424,459,1.00
425,459,1.00
426,459,1.00
427,459,1.00
428,459,1.00
429,459,1.00
430,459,1.00
431,459,1.00
432,459,1.00
433,459,1.00
434,459,1.00
435,459,1.00
436,459,0.69
437,459,0.69
438,459,0.69
439,459,0.69
423,460,1.00
424,460,1.00
425,460,1.00
426,460,1.00
427,460,1.00
428,460,1.00
429,460,1.00
430,460,1.00
431,460,1.00
432,460,1.00
433,460,1.00
434,460,1.00
435,460,1.00
436,460,0.69
437,460,0.69
438,460,0.69
439,460,0.69
419,448,0.69
420,448,0.69
421,448,0.69
422,448,0.69
419,449,0.69
420,449,0.69
421,449,0.69
422,449,0.69
419,450,0.69
420,450,0.69
421,450,0.69
422,450,0.70
419,451,0.69
420,451,0.69
421,451,0.70
422,451,0.76
419,452,0.69
420,452,0.69
421,452,0.75
422,452,0.81
419,453,0.69
420,453,0.72
421,453,0.79
422,453,0.86
419,454,0.69
420,454,0.75
421,454,0.82
422,454,0.89
419,455,1.00
420,455,1.00
421,455,1.00
422,455,1.00
419,456,1.00
420,456,1.00
421,456,1.00
422,456,1.00
419,457,1.00
420,457,1.00
421,457,1.00
422,457,1.00
419,458,1.00
420,458,1.00
421,458,1.00
422,458,1.00
419,459,1.00
420,459,1.00
421,459,1.00
422,459,1.00
419,460,1.00
420,460,1.00
421,460,1.00
422,460,1.00
419,461,1.00
420,461,1.00
421,461,1.00
422,461,1.00
423,461,1.00
424,461,1.00
425,461,1.00
426,461,1.00
427,461,1.00
428,461,0.91
429,461,0.89
430,461,0.86
431,461,0.81
432,461,0.76
433,461,0.70
434,461,0.69
435,461,0.69
419,462,1.00
420,462,1.00
421,462,1.00
422,462,1.00
423,462,1.00
424,462,1.00
425,462,1.00
426,462,1.00
427,462,1.00
428,462,0.84
429,462,0.82
430,462,0.79
431,462,0.75
432,462,0.70
433,462,0.69
434,462,0.69
435,462,0.69
419,463,1.00
420,463,1.00
421,463,1.00
422,463,1.00
423,463,1.00
424,463,1.00
425,463,1.00
426,463,1.00
427,463,1.00
428,463,0.76
429,463,0.75
430,463,0.72
431,463,0.69
432,463,0.69
433,463,0.69
434,463,0.69
435,463,0.69
419,464,1.00
420,464,1.00
421,464,1.00
422,464,1.00
423,464,1.00
424,464,1.00
425,464,1.00
426,464,1.00
427,464,1.00
428,464,0.69
429,464,0.69
430,464,0.69
431,464,0.69
432,464,0.69
433,464,0.69
434,464,0.69
435,464,0.69
411,455,0.69
412,455,0.69
413,455,0.69
414,455,0.69
415,455,0.69
416,455,0.69
417,455,0.69
418,455,0.69
411,456,0.69
412,456,0.69
413,456,0.69
414,456,0.69
415,456,0.69
416,456,0.72
417,456,0.75
418,456,0.76
411,457,0.69
412,457,0.69
413,457,0.69
414,457,0.70
415,457,0.75
416,457,0.79
417,457,0.82
418,457,0.84
411,458,0.69
412,458,0.69
413,458,0.70
414,458,0.76
415,458,0.81
416,458,0.86
417,458,0.89
418,458,0.91
411,459,1.00
412,459,1.00
413,459,1.00
414,459,1.00
415,459,1.00
416,459,1.00
417,459,1.00
418,459,1.00
411,460,1.00
412,460,1.00
413,460,1.00
414,460,1.00
415,460,1.00
416,460,1.00
417,460,1.00
418,460,1.00
411,461,1.00
412,461,1.00
413,461,1.00
414,461,1.00
415,461,1.00
416,461,1.00
417,461,1.00
418,461,1.00
411,462,1.00
412,462,1.00
413,462,1.00
414,462,1.00
415,462,1.00
416,462,1.00
417,462,1.00
418,462,1.00
411,463,1.00
412,463,1.00
413,463,1.00
414,463,1.00
415,463,1.00
416,463,1.00
417,463,1.00
418,463,1.00
411,464,1.00
412,464,1.00
413,464,1.00
414,464,1.00
415,464,1.00
416,464,1.00
417,464,1.00
418,464,1.00
411,465,1.00
412,465,1.00
413,465,1.00
414,465,1.00
415,465,1.00
416,465,1.00
417,465,1.00
418,465,1.00
419,465,1.00
420,465,1.00
421,465,1.00
422,465,1.00
423,465,0.96
424,465,0.89
425,465,0.82
426,465,0.75
427,465,0.69
411,466,1.00
412,466,1.00
413,466,1.00
414,466,1.00
415,466,1.00
416,466,1.00
417,466,1.00
418,466,1.00
419,466,1.00
420,466,1.00
421,466,1.00
422,466,0.98
423,466,0.92
424,466,0.86
425,466,0.79
426,466,0.72
427,466,0.69
411,467,1.00
412,467,1.00
413,467,1.00
414,467,1.00
415,467,1.00
416,467,1.00
417,467,1.00
418,467,1.00
419,467,1.00
420,467,1.00
421,467,1.00
422,467,0.92
423,467,0.87
424,467,0.81
425,467,0.75
426,467,0.69
427,467,0.69
411,468,1.00
412,468,1.00
413,468,1.00
414,468,1.00
415,468,1.00
416,468,1.00
417,468,1.00
418,468,1.00
419,468,1.00
420,468,1.00
421,468,1.00
422,468,0.86
423,468,0.81
424,468,0.76
425,468,0.70
426,468,0.69
427,468,0.69
411,469,1.00
412,469,1.00
413,469,1.00
414,469,1.00
415,469,1.00
416,469,1.00
417,469,1.00
418,469,1.00
419,469,1.00
420,469,1.00
421,469,1.00
422,469,0.79
423,469,0.75
424,469,0.70
425,469,0.69
426,469,0.69
427,469,0.69
411,470,1.00
412,470,1.00
413,470,1.00
414,470,1.00
415,470,1.00
416,470,1.00
417,470,1.00
418,470,1.00
419,470,1.00
420,470,1.00
421,470,1.00
422,470,0.72
423,470,0.69
424,470,0.69
425,470,0.69
426,470,0.69
427,470,0.69
411,471,1.00
412,471,1.00
413,471,1.00
414,471,1.00
415,471,1.00
416,471,1.00
417,471,1.00
418,471,1.00
419,471,1.00
420,471,1.00
421,471,1.00
422,471,0.69
423,471,0.69
424,471,0.69
425,471,0.69
426,471,0.69
427,471,0.69
405,459,0.69
406,459,0.69
407,459,0.69
408,459,0.69
409,459,0.69
410,459,0.69
405,460,0.69
406,460,0.69
407,460,0.69
408,460,0.69
409,460,0.69
410,460,0.72
405,461,0.69
406,461,0.69
407,461,0.69
408,461,0.70
409,461,0.75
410,461,0.79
405,462,0.69
406,462,0.69
407,462,0.70
408,462,0.76
409,462,0.81
410,462,0.86
405,463,0.69
406,463,0.69
407,463,0.75
408,463,0.81
409,463,0.87
410,463,0.92
405,464,1.00
406,464,1.00
407,464,1.00
408,464,1.00
409,464,1.00
410,464,1.00
405,465,1.00
406,465,1.00
407,465,1.00
408,465,1.00
409,465,1.00
410,465,1.00
405,466,1.00
406,466,1.00
407,466,1.00
408,466,1.00
409,466,1.00
410,466,1.00
405,467,1.00
406,467,1.00
407,467,1.00
408,467,1.00
409,467,1.00
410,467,1.00
405,468,1.00
406,468,1.00
407,468,1.00
408,468,1.00
409,468,1.00
410,468,1.00
405,469,1.00
406,469,1.00
407,469,1.00
408,469,1.00
409,469,1.00
410,469,1.00
405,470,1.00
406,470,1.00
407,470,1.00
408,470,1.00
409,470,1.00
410,470,1.00
405,471,1.00
406,471,1.00
407,471,1.00
408,471,1.00
409,471,1.00
410,471,1.00
405,472,1.00
406,472,1.00
407,472,1.00
408,472,1.00
409,472,1.00
410,472,1.00
411,472,1.00
412,472,1.00
413,472,0.92
414,472,0.91
415,472,0.89
416,472,0.86
417,472,0.81
418,472,0.76
419,472,0.70
420,472,0.69
421,472,0.69
405,473,1.00
406,473,1.00
407,473,1.00
408,473,1.00
409,473,1.00
410,473,1.00
411,473,1.00
412,473,1.00
413,473,0.84
414,473,0.84
415,473,0.82
416,473,0.79
417,473,0.75
418,473,0.70
419,473,0.69
420,473,0.69
421,473,0.69
405,474,1.00
406,474,1.00
407,474,1.00
408,474,1.00
409,474,1.00
410,474,1.00
411,474,1.00
412,474,1.00
413,474,0.77
414,474,0.76
415,474,0.75
416,474,0.72
417,474,0.69
418,474,0.69
419,474,0.69
420,474,0.69
421,474,0.69
405,475,1.00
406,475,1.00
407,475,1.00
408,475,1.00
409,475,1.00
410,475,1.00
411,475,1.00
412,475,1.00
413,475,0.69
414,475,0.69
415,475,0.69
416,475,0.69
417,475,0.69
418,475,0.69
419,475,0.69
420,475,0.69
421,475,0.69
396,464,0.69
397,464,0.69
398,464,0.69
399,464,0.69
400,464,0.69
401,464,0.69
402,464,0.69
403,464,0.69
404,464,0.69
396,465,0.69
397,465,0.69
398,465,0.69
399,465,0.69
400,465,0.69
401,465,0.72
402,465,0.75
403,465,0.76
404,465,0.77
396,466,0.69
397,466,0.69
398,466,0.69
399,466,0.70
400,466,0.75
401,466,0.79
402,466,0.82
403,466,0.84
404,466,0.84
396,467,1.00
397,467,1.00
398,467,1.00
399,467,1.00
400,467,1.00
401,467,1.00
402,467,1.00
403,467,1.00
404,467,1.00
396,468,1.00
397,468,1.00
398,468,1.00
399,468,1.00
400,468,1.00
401,468,1.00
402,468,1.00
403,468,1.00
404,468,1.00
396,469,1.00
397,469,1.00
398,469,1.00
399,469,1.00
400,469,1.00
401,469,1.00
402,469,1.00
403,469,1.00
404,469,1.00
396,470,1.00
397,470,1.00
398,470,1.00
399,470,1.00
400,470,1.00
401,470,1.00
402,470,1.00
403,470,1.00
404,470,1.00
396,471,1.00
397,471,1.00
398,471,1.00
399,471,1.00
400,471,1.00
401,471,1.00
402,471,1.00
403,471,1.00
404,471,1.00
396,472,1.00
397,472,1.00
398,472,1.00
399,472,1.00
400,472,1.00
401,472,1.00
402,472,1.00
403,472,1.00
404,472,1.00
396,473,1.00
397,473,1.00
398,473,1.00
399,473,1.00
400,473,1.00
401,473,1.00
402,473,1.00
403,473,1.00
404,473,1.00
396,474,1.00
397,474,1.00
398,474,1.00
399,474,1.00
400,474,1.00
401,474,1.00
402,474,1.00
403,474,1.00
404,474,1.00
396,475,1.00
397,475,1.00
398,475,1.00
399,475,1.00
400,475,1.00
401,475,1.00
402,475,1.00
403,475,1.00
404,475,1.00
396,476,1.00
397,476,1.00
398,476,1.00
399,476,1.00
400,476,1.00
401,476,1.00
402,476,1.00
403,476,1.00
404,476,1.00
405,476,1.00
406,476,1.00
407,476,1.00
408,476,1.00
409,476,1.00
410,476,0.75
411,476,0.69
412,476,0.69
396,477,1.00
397,477,1.00
398,477,1.00
399,477,1.00
400,477,1.00
401,477,1.00
402,477,1.00
403,477,1.00
404,477,1.00
405,477,1.00
406,477,1.00
407,477,1.00
408,477,1.00
409,477,1.00
410,477,0.70
411,477,0.69
412,477,0.69
396,478,1.00
397,478,1.00
398,478,1.00
399,478,1.00
400,478,1.00
401,478,1.00
402,478,1.00
403,478,1.00
404,478,1.00
405,478,1.00
406,478,1.00
407,478,1.00
408,478,1.00
409,478,1.00
410,478,0.69
411,478,0.69
412,478,0.69
396,479,1.00
397,479,1.00
398,479,1.00
399,479,1.00
400,479,1.00
401,479,1.00
402,479,1.00
403,479,1.00
404,479,1.00
405,479,1.00
406,479,1.00
407,479,1.00
408,479,1.00
409,479,1.00
410,479,0.69
411,479,0.69
412,479,0.69
396,480,1.00
397,480,1.00
398,480,1.00
399,480,1.00
400,480,1.00
401,480,1.00
402,480,1.00
403,480,1.00
404,480,1.00
405,480,1.00
406,480,1.00
407,480,1.00
408,480,1.00
409,480,1.00
410,480,0.69
411,480,0.69
412,480,0.69
393,467,0.69
394,467,0.69
395,467,0.69
393,468,0.69
394,468,0.69
395,468,0.69
393,469,0.69
394,469,0.69
395,469,0.69
393,470,0.69
394,470,0.69
395,470,0.70
393,471,1.00
394,471,1.00
395,471,1.00
393,472,1.00
394,472,1.00
395,472,1.00
393,473,1.00
394,473,1.00
395,473,1.00
393,474,1.00
394,474,1.00
395,474,1.00
393,475,1.00
394,475,1.00
395,475,1.00
393,476,1.00
394,476,1.00
395,476,1.00
393,477,1.00
394,477,1.00
395,477,1.00
393,478,1.00
394,478,1.00
395,478,1.00
393,479,1.00
394,479,1.00
395,479,1.00
393,480,1.00
394,480,1.00
395,480,1.00
393,481,1.00
394,481,1.00
395,481,1.00
396,481,1.00
397,481,1.00
398,481,1.00
399,481,1.00
400,481,1.00
401,481,1.00
402,481,1.00
403,481,1.00
404,481,1.00
405,481,0.75
406,481,0.70
407,481,0.69
408,481,0.69
409,481,0.69
393,482,1.00
394,482,1.00
395,482,1.00
396,482,1.00
397,482,1.00
398,482,1.00
399,482,1.00
400,482,1.00
401,482,1.00
402,482,1.00
403,482,1.00
404,482,1.00
405,482,0.69
406,482,0.69
407,482,0.69
408,482,0.69
409,482,0.69
393,483,1.00
394,483,1.00
395,483,1.00
396,483,1.00
397,483,1.00
398,483,1.00
399,483,1.00
400,483,1.00
401,483,1.00
402,483,1.00
403,483,1.00
404,483,1.00
405,483,0.69
406,483,0.69
407,483,0.69
408,483,0.69
409,483,0.69
388,471,0.69
389,471,0.69
390,471,0.69
391,471,0.69
392,471,0.69
388,472,0.69
389,472,0.69
390,472,0.69
391,472,0.69
392,472,0.69
388,473,0.69
389,473,0.69
390,473,0.69
391,473,0.70
392,473,0.75
388,474,0.69
389,474,0.69
390,474,0.70
391,474,0.76
392,474,0.81
388,475,0.69
389,475,0.69
390,475,0.75
391,475,0.81
392,475,0.87
388,476,1.00
389,476,1.00
390,476,1.00
391,476,1.00
392,476,1.00
388,477,1.00
389,477,1.00
390,477,1.00
391,477,1.00
392,477,1.00
388,478,1.00
389,478,1.00
390,478,1.00
391,478,1.00
392,478,1.00
388,479,1.00
389,479,1.00
390,479,1.00
391,479,1.00
392,479,1.00
388,480,1.00
389,480,1.00
390,480,1.00
391,480,1.00
392,480,1.00
388,481,1.00
389,481,1.00
390,481,1.00
391,481,1.00
392,481,1.00
388,482,1.00
389,482,1.00
390,482,1.00
391,482,1.00
392,482,1.00
388,483,1.00
389,483,1.00
390,483,1.00
391,483,1.00
392,483,1.00
388,484,1.00
389,484,1.00
390,484,1.00
391,484,1.00
392,484,1.00
393,484,1.00
394,484,1.00
395,484,1.00
396,484,1.00
397,484,1.00
398,484,1.00
399,484,0.86
400,484,0.81
401,484,0.76
402,484,0.70
403,484,0.69
404,484,0.69
388,485,1.00
389,485,1.00
390,485,1.00
391,485,1.00
392,485,1.00
393,485,1.00
394,485,1.00
395,485,1.00
396,485,1.00
397,485,1.00
398,485,1.00
399,485,0.79
400,485,0.75
401,485,0.70
402,485,0.69
403,485,0.69
404,485,0.69
388,486,1.00
389,486,1.00
390,486,1.00
391,486,1.00
392,486,1.00
393,486,1.00
394,486,1.00
395,486,1.00
396,486,1.00
397,486,1.00
398,486,1.00
399,486,0.72
400,486,0.69
401,486,0.69
402,486,0.69
403,486,0.69
404,486,0.69
388,487,1.00
389,487,1.00
390,487,1.00
391,487,1.00
392,487,1.00
393,487,1.00
394,487,1.00
395,487,1.00
396,487,1.00
397,487,1.00
398,487,1.00
399,487,0.69
400,487,0.69
401,487,0.69
402,487,0.69
403,487,0.69
404,487,0.69
382,476,0.69
383,476,0.69
384,476,0.69
385,476,0.69
386,476,0.69
387,476,0.69
382,477,0.69
383,477,0.69
384,477,0.69
385,477,0.69
386,477,0.69
387,477,0.72
382,478,0.69
383,478,0.69
384,478,0.69
385,478,0.70
386,478,0.75
387,478,0.79
382,479,0.69
383,479,0.69
384,479,0.70
385,479,0.76
386,479,0.81
387,479,0.86
382,480,1.00
383,480,1.00
384,480,1.00
385,480,1.00
386,480,1.00
387,480,1.00
382,481,1.00
383,481,1.00
384,481,1.00
385,481,1.00
386,481,1.00
387,481,1.00
382,482,1.00
383,482,1.00
384,482,1.00
385,482,1.00
386,482,1.00
387,482,1.00
382,483,1.00
383,483,1.00
384,483,1.00
385,483,1.00
386,483,1.00
387,483,1.00
382,484,1.00
383,484,1.00
384,484,1.00
385,484,1.00
386,484,1.00
387,484,1.00
382,485,1.00
383,485,1.00
384,485,1.00
385,485,1.00
386,485,1.00
387,485,1.00
382,486,1.00
383,486,1.00
384,486,1.00
385,486,1.00
386,486,1.00
387,486,1.00
382,487,1.00
383,487,1.00
384,487,1.00
385,487,1.00
386,487,1.00
387,487,1.00
382,488,1.00
383,488,1.00
384,488,1.00
385,488,1.00
386,488,1.00
387,488,1.00
388,488,1.00
389,488,1.00
390,488,1.00
391,488,1.00
392,488,1.00
393,488,1.00
394,488,0.87
395,488,0.81
396,488,0.75
397,488,0.69
398,488,0.69
382,489,1.00
383,489,1.00
384,489,1.00
385,489,1.00
386,489,1.00
387,489,1.00
388,489,1.00
389,489,1.00
390,489,1.00
391,489,1.00
392,489,1.00
393,489,1.00
394,489,0.81
395,489,0.76
396,489,0.70
397,489,0.69
398,489,0.69
382,490,1.00
383,490,1.00
384,490,1.00
385,490,1.00
386,490,1.00
387,490,1.00
388,490,1.00
389,490,1.00
390,490,1.00
391,490,1.00
392,490,1.00
393,490,1.00
394,490,0.75
395,490,0.70
396,490,0.69
397,490,0.69
398,490,0.69
382,491,1.00
383,491,1.00
384,491,1.00
385,491,1.00
386,491,1.00
387,491,1.00
388,491,1.00
389,491,1.00
390,491,1.00
391,491,1.00
392,491,1.00
393,491,1.00
394,491,0.69
395,491,0.69
396,491,0.69
397,491,0.69
398,491,0.69
382,492,1.00
383,492,1.00
384,492,1.00
385,492,1.00
386,492,1.00
387,492,1.00
388,492,1.00
389,492,1.00
390,492,1.00
391,492,1.00
392,492,1.00
393,492,1.00
394,492,0.69
395,492,0.69
396,492,0.69
397,492,0.69
398,492,0.69
377,480,0.69
378,480,0.69
379,480,0.69
380,480,0.69
381,480,0.69
377,481,0.69
378,481,0.69
379,481,0.69
380,481,0.69
381,481,0.69
377,482,0.69
378,482,0.69
379,482,0.69
380,482,0.70
381,482,0.75
377,483,0.69
378,483,0.69
379,483,0.70
380,483,0.76
381,483,0.81
377,484,0.69
378,484,0.69
379,484,0.75
380,484,0.81
381,484,0.87
377,485,0.69
378,485,0.72
379,485,0.79
380,485,0.86
381,485,0.92
377,486,0.69
378,486,0.75
379,486,0.82
380,486,0.89
381,486,0.96
377,487,1.00
378,487,1.00
379,487,1.00
380,487,1.00
381,487,1.00
377,488,1.00
378,488,1.00
379,488,1.00
380,488,1.00
381,488,1.00
377,489,1.00
378,489,1.00
379,489,1.00
380,489,1.00
381,489,1.00
377,490,1.00
378,490,1.00
379,490,1.00
380,490,1.00
381,490,1.00
377,491,1.00
378,491,1.00
379,491,1.00
380,491,1.00
381,491,1.00
377,492,1.00
378,492,1.00
379,492,1.00
380,492,1.00
381,492,1.00
377,493,1.00
378,493,1.00
379,493,1.00
380,493,1.00
381,493,1.00
382,493,1.00
383,493,1.00
384,493,1.00
385,493,1.00
386,493,1.00
387,493,1.00
388,493,1.00
389,493,0.81
390,493,0.76
391,493,0.70
392,493,0.69
393,493,0.69
377,494,1.00
378,494,1.00
379,494,1.00
380,494,1.00
381,494,1.00
382,494,1.00
383,494,1.00
384,494,1.00
385,494,1.00
386,494,1.00
387,494,1.00
388,494,1.00
389,494,0.75
390,494,0.70
391,494,0.69
392,494,0.69
393,494,0.69
377,495,1.00
378,495,1.00
379,495,1.00
380,495,1.00
381,495,1.00
382,495,1.00
383,495,1.00
384,495,1.00
385,495,1.00
386,495,1.00
387,495,1.00
388,495,1.00
389,495,0.69
390,495,0.69
391,495,0.69
392,495,0.69
393,495,0.69
377,496,1.00
378,496,1.00
379,496,1.00
380,496,1.00
381,496,1.00
382,496,1.00
383,496,1.00
384,496,1.00
385,496,1.00
386,496,1.00
387,496,1.00
388,496,1.00
389,496,0.69
390,496,0.69
391,496,0.69
392,496,0.69
393,496,0.69
372,487,0.69
373,487,0.69
374,487,0.69
375,487,0.69
376,487,0.69
372,488,0.69
373,488,0.69
374,488,0.69
375,488,0.69
376,488,0.69
372,489,0.69
373,489,0.69
374,489,0.69
375,489,0.70
376,489,0.75
372,490,0.69
373,490,0.69
374,490,0.70
375,490,0.76
376,490,0.81
372,491,0.69
373,491,0.69
374,491,0.75
375,491,0.81
376,491,0.87
372,492,1.00
373,492,1.00
374,492,1.00
375,492,1.00
376,492,1.00
372,493,1.00
373,493,1.00
374,493,1.00
375,493,1.00
376,493,1.00
372,494,1.00
373,494,1.00
374,494,1.00
375,494,1.00
376,494,1.00
372,495,1.00
373,495,1.00
374,495,1.00
375,495,1.00
376,495,1.00
372,496,1.00
373,496,1.00
374,496,1.00
375,496,1.00
376,496,1.00
372,497,1.00
373,497,1.00
374,497,1.00
375,497,1.00
376,497,1.00
377,497,1.00
378,497,1.00
379,497,1.00
380,497,1.00
381,497,1.00
382,497,1.00
383,497,1.00
384,497,1.00
385,497,0.89
386,497,0.82
387,497,0.75
388,497,0.69
372,498,1.00
373,498,1.00
374,498,1.00
375,498,1.00
376,498,1.00
377,498,1.00
378,498,1.00
379,498,1.00
380,498,1.00
381,498,1.00
382,498,1.00
383,498,1.00
384,498,1.00
385,498,0.86
386,498,0.79
387,498,0.72
388,498,0.69
372,499,1.00
373,499,1.00
374,499,1.00
375,499,1.00
376,499,1.00
377,499,1.00
378,499,1.00
379,499,1.00
380,499,1.00
381,499,1.00
382,499,1.00
383,499,1.00
384,499,1.00
385,499,0.81
386,499,0.75
387,499,0.69
388,499,0.69
372,500,1.00
373,500,1.00
374,500,1.00
375,500,1.00
376,500,1.00
377,500,1.00
378,500,1.00
379,500,1.00
380,500,1.00
381,500,1.00
382,500,1.00
383,500,1.00
384,500,1.00
385,500,0.76
386,500,0.70
387,500,0.69
388,500,0.69
372,501,1.00
373,501,1.00
374,501,1.00
375,501,1.00
376,501,1.00
377,501,1.00
378,501,1.00
379,501,1.00
380,501,1.00
381,501,1.00
382,501,1.00
383,501,1.00
384,501,1.00
385,501,0.70
386,501,0.69
387,501,0.69
388,501,0.69
372,502,1.00
373,502,1.00
374,502,1.00
375,502,1.00
376,502,1.00
377,502,1.00
378,502,1.00
379,502,1.00
380,502,1.00
381,502,1.00
382,502,1.00
383,502,1.00
384,502,1.00
385,502,0.69
386,502,0.69
387,502,0.69
388,502,0.69
372,503,1.00
373,503,1.00
374,503,1.00
375,503,1.00
376,503,1.00
377,503,1.00
378,503,1.00
379,503,1.00
380,503,1.00
381,503,1.00
382,503,1.00
383,503,1.00
384,503,1.00
385,503,0.69
386,503,0.69
387,503,0.69
388,503,0.69
368,492,0.69
369,492,0.69
370,492,0.69
371,492,0.69
368,493,0.69
369,493,0.69
370,493,0.69
371,493,0.69
368,494,0.69
369,494,0.69
370,494,0.69
371,494,0.70
368,495,0.69
369,495,0.69
370,495,0.70
371,495,0.76
368,496,0.69
369,496,0.69
370,496,0.75
371,496,0.81
368,497,1.00
369,497,1.00
370,497,1.00
371,497,1.00
368,498,1.00
369,498,1.00
370,498,1.00
371,498,1.00
368,499,1.00
369,499,1.00
370,499,1.00
371,499,1.00
368,500,1.00
369,500,1.00
370,500,1.00
371,500,1.00
368,501,1.00
369,501,1.00
370,501,1.00
371,501,1.00
368,502,1.00
369,502,1.00
370,502,1.00
371,502,1.00
368,503,1.00
369,503,1.00
370,503,1.00
371,503,1.00
368,504,1.00
369,504,1.00
370,504,1.00
371,504,1.00
372,504,1.00
373,504,1.00
374,504,1.00
375,504,1.00
376,504,1.00
377,504,1.00
378,504,1.00
379,504,1.00
380,504,1.00
381,504,0.81
382,504,0.75
383,504,0.69
384,504,0.69
368,505,1.00
369,505,1.00
370,505,1.00
371,505,1.00
372,505,1.00
373,505,1.00
374,505,1.00
375,505,1.00
376,505,1.00
377,505,1.00
378,505,1.00
379,505,1.00
380,505,1.00
381,505,0.76
382,505,0.70
383,505,0.69
384,505,0.69
368,506,1.00
369,506,1.00
370,506,1.00
371,506,1.00
372,506,1.00
373,506,1.00
374,506,1.00
375,506,1.00
376,506,1.00
377,506,1.00
378,506,1.00
379,506,1.00
380,506,1.00
381,506,0.70
382,506,0.69
383,506,0.69
384,506,0.69
368,507,1.00
369,507,1.00
370,507,1.00
371,507,1.00
372,507,1.00
373,507,1.00
374,507,1.00
375,507,1.00
376,507,1.00
377,507,1.00
378,507,1.00
379,507,1.00
380,507,1.00
381,507,0.69
382,507,0.69
383,507,0.69
384,507,0.69
368,508,1.00
369,508,1.00
370,508,1.00
371,508,1.00
372,508,1.00
373,508,1.00
374,508,1.00
375,508,1.00
376,508,1.00
377,508,1.00
378,508,1.00
379,508,1.00
380,508,1.00
381,508,0.69
382,508,0.69
383,508,0.69
384,508,0.69
364,497,0.69
365,497,0.69
366,497,0.69
367,497,0.69
364,498,0.69
365,498,0.69
366,498,0.69
367,498,0.69
364,499,0.69
365,499,0.69
366,499,0.69
367,499,0.70
364,500,0.69
365,500,0.69
366,500,0.70
367,500,0.76
364,501,0.69
365,501,0.69
366,501,0.75
367,501,0.81
364,502,0.69
365,502,0.72
366,502,0.79
367,502,0.86
364,503,0.69
365,503,0.75
366,503,0.82
367,503,0.89
364,504,1.00
365,504,1.00
366,504,1.00
367,504,1.00
364,505,1.00
365,505,1.00
366,505,1.00
367,505,1.00
364,506,1.00
365,506,1.00
366,506,1.00
367,506,1.00
364,507,1.00
365,507,1.00
366,507,1.00
367,507,1.00
364,508,1.00
365,508,1.00
366,508,1.00
367,508,1.00
364,509,1.00
365,509,1.00
366,509,1.00
367,509,1.00
368,509,1.00
369,509,1.00
370,509,1.00
371,509,1.00
372,509,1.00
373,509,1.00
374,509,0.96
375,509,0.92
376,509,0.87
377,509,0.81
378,509,0.75
379,509,0.69
380,509,0.69
364,510,1.00
365,510,1.00
366,510,1.00
367,510,1.00
368,510,1.00
369,510,1.00
370,510,1.00
371,510,1.00
372,510,1.00
373,510,1.00
374,510,0.89
375,510,0.86
376,510,0.81
377,510,0.76
378,510,0.70
379,510,0.69
380,510,0.69
364,511,1.00
365,511,1.00
366,511,1.00
367,511,1.00
368,511,1.00
369,511,1.00
370,511,1.00
371,511,1.00
372,511,1.00
373,511,1.00
374,511,0.82
375,511,0.79
376,511,0.75
377,511,0.70
378,511,0.69
379,511,0.69
380,511,0.69
364,512,1.00
365,512,1.00
366,512,1.00
367,512,1.00
368,512,1.00
369,512,1.00
370,512,1.00
371,512,1.00
372,512,1.00
373,512,1.00
374,512,0.75
375,512,0.72
376,512,0.69
377,512,0.69
378,512,0.69
379,512,0.69
380,512,0.69
364,513,1.00
365,513,1.00
366,513,1.00
367,513,1.00
368,513,1.00
369,513,1.00
370,513,1.00
371,513,1.00
372,513,1.00
373,513,1.00
374,513,0.69
375,513,0.69
376,513,0.69
377,513,0.69
378,513,0.69
379,513,0.69
380,513,0.69
357,504,0.69
358,504,0.69
359,504,0.69
360,504,0.69
361,504,0.69
362,504,0.69
363,504,0.69
357,505,0.69
358,505,0.69
359,505,0.69
360,505,0.69
361,505,0.69
362,505,0.72
363,505,0.75
357,506,0.69
358,506,0.69
359,506,0.69
360,506,0.70
361,506,0.75
362,506,0.79
363,506,0.82
357,507,0.69
358,507,0.69
359,507,0.70
360,507,0.76
361,507,0.81
362,507,0.86
363,507,0.89
357,508,0.69
358,508,0.69
359,508,0.75
360,508,0.81
361,508,0.87
362,508,0.92
363,508,0.96
357,509,0.69
358,509,0.72
359,509,0.79
360,509,0.86
361,509,0.92
362,509,0.98
363,509,1.00
357,510,1.00
358,510,1.00
359,510,1.00
360,510,1.00
361,510,1.00
362,510,1.00
363,510,1.00
357,511,1.00
358,511,1.00
359,511,1.00
360,511,1.00
361,511,1.00
362,511,1.00
363,511,1.00
357,512,1.00
358,512,1.00
359,512,1.00
360,512,1.00
361,512,1.00
362,512,1.00
363,512,1.00
357,513,1.00
358,513,1.00
359,513,1.00
360,513,1.00
361,513,1.00
362,513,1.00
363,513,1.00
357,514,1.00
358,514,1.00
359,514,1.00
360,514,1.00
361,514,1.00
362,514,1.00
363,514,1.00
364,514,1.00
365,514,1.00
366,514,1.00
367,514,1.00
368,514,1.00
369,514,1.00
370,514,0.89
371,514,0.82
372,514,0.75
373,514,0.69
357,515,1.00
358,515,1.00
359,515,1.00
360,515,1.00
361,515,1.00
362,515,1.00
363,515,1.00
364,515,1.00
365,515,1.00
366,515,1.00
367,515,1.00
368,515,1.00
369,515,1.00
370,515,0.86
371,515,0.79
372,515,0.72
373,515,0.69
357,516,1.00
358,516,1.00
359,516,1.00
360,516,1.00
361,516,1.00
362,516,1.00
363,516,1.00
364,516,1.00
365,516,1.00
366,516,1.00
367,516,1.00
368,516,1.00
369,516,1.00
370,516,0.81
371,516,0.75
372,516,0.69
373,516,0.69
357,517,1.00
358,517,1.00
359,517,1.00
360,517,1.00
361,517,1.00
362,517,1.00
363,517,1.00
364,517,1.00
365,517,1.00
366,517,1.00
367,517,1.00
368,517,1.00
369,517,1.00
370,517,0.76
371,517,0.70
372,517,0.69
373,517,0.69
357,518,1.00
358,518,1.00
359,518,1.00
360,518,1.00
361,518,1.00
362,518,1.00
363,518,1.00
364,518,1.00
365,518,1.00
366,518,1.00
367,518,1.00
368,518,1.00
369,518,1.00
370,518,0.70
371,518,0.69
372,518,0.69
373,518,0.69
357,519,1.00
358,519,1.00
359,519,1.00
360,519,1.00
361,519,1.00
362,519,1.00
363,519,1.00
364,519,1.00
365,519,1.00
366,519,1.00
367,519,1.00
368,519,1.00
369,519,1.00
370,519,0.69
371,519,0.69
372,519,0.69
373,519,0.69
357,520,1.00
358,520,1.00
359,520,1.00
360,520,1.00
361,520,1.00
362,520,1.00
363,520,1.00
364,520,1.00
365,520,1.00
366,520,1.00
367,520,1.00
368,520,1.00
369,520,1.00
370,520,0.69
371,520,0.69
372,520,0.69
373,520,0.69
353,510,0.69
354,510,0.69
355,510,0.69
356,510,0.69
353,511,0.69
354,511,0.69
355,511,0.69
356,511,0.69
353,512,0.69
354,512,0.69
355,512,0.69
356,512,0.70
353,513,1.00
354,513,1.00
355,513,1.00
356,513,1.00
353,514,1.00
354,514,1.00
355,514,1.00
356,514,1.00
353,515,1.00
354,515,1.00
355,515,1.00
356,515,1.00
353,516,1.00
354,516,1.00
355,516,1.00
356,516,1.00
353,517,1.00
354,517,1.00
355,517,1.00
356,517,1.00
353,518,1.00
354,518,1.00
355,518,1.00
356,518,1.00
353,519,1.00
354,519,1.00
355,519,1.00
356,519,1.00
353,520,1.00
354,520,1.00
355,520,1.00
356,520,1.00
353,521,1.00
354,521,1.00
355,521,1.00
356,521,1.00
357,521,1.00
358,521,1.00
359,521,1.00
360,521,1.00
361,521,1.00
362,521,1.00
363,521,1.00
364,521,1.00
365,521,1.00
366,521,1.00
367,521,1.00
368,521,0.72
369,521,0.69
353,522,1.00
354,522,1.00
355,522,1.00
356,522,1.00
357,522,1.00
358,522,1.00
359,522,1.00
360,522,1.00
361,522,1.00
362,522,1.00
363,522,1.00
364,522,1.00
365,522,1.00
366,522,1.00
367,522,1.00
368,522,0.69
369,522,0.69
353,523,1.00
354,523,1.00
355,523,1.00
356,523,1.00
357,523,1.00
358,523,1.00
359,523,1.00
360,523,1.00
361,523,1.00
362,523,1.00
363,523,1.00
364,523,1.00
365,523,1.00
366,523,1.00
367,523,1.00
368,523,0.69
369,523,0.69
353,524,1.00
354,524,1.00
355,524,1.00
356,524,1.00
357,524,1.00
358,524,1.00
359,524,1.00
360,524,1.00
361,524,1.00
362,524,1.00
363,524,1.00
364,524,1.00
365,524,1.00
366,524,1.00
367,524,1.00
368,524,0.69
369,524,0.69
353,525,1.00
354,525,1.00
355,525,1.00
356,525,1.00
357,525,1.00
358,525,1.00
359,525,1.00
360,525,1.00
361,525,1.00
362,525,1.00
363,525,1.00
364,525,1.00
365,525,1.00
366,525,1.00
367,525,1.00
368,525,0.69
369,525,0.69
353,526,1.00
354,526,1.00
355,526,1.00
356,526,1.00
357,526,1.00
358,526,1.00
359,526,1.00
360,526,1.00
361,526,1.00
362,526,1.00
363,526,1.00
364,526,1.00
365,526,1.00
366,526,1.00
367,526,1.00
368,526,0.69
369,526,0.69
351,513,0.69
352,513,0.69
351,514,0.69
352,514,0.69
351,515,0.69
352,515,0.69
351,516,0.69
352,516,0.69
351,517,0.69
352,517,0.69
351,518,1.00
352,518,1.00
351,519,1.00
352,519,1.00
351,520,1.00
352,520,1.00
351,521,1.00
352,521,1.00
351,522,1.00
352,522,1.00
351,523,1.00
352,523,1.00
351,524,1.00
352,524,1.00
351,525,1.00
352,525,1.00
351,526,1.00
352,526,1.00
351,527,1.00
352,527,1.00
353,527,1.00
354,527,1.00
355,527,1.00
356,527,1.00
357,527,1.00
358,527,1.00
359,527,1.00
360,527,1.00
361,527,1.00
362,527,1.00
363,527,0.75
364,527,0.70
365,527,0.69
366,527,0.69
367,527,0.69
351,528,1.00
352,528,1.00
353,528,1.00
354,528,1.00
355,528,1.00
356,528,1.00
357,528,1.00
358,528,1.00
359,528,1.00
360,528,1.00
361,528,1.00
362,528,1.00
363,528,0.69
364,528,0.69
365,528,0.69
366,528,0.69
367,528,0.69
351,529,1.00
352,529,1.00
353,529,1.00
354,529,1.00
355,529,1.00
356,529,1.00
357,529,1.00
358,529,1.00
359,529,1.00
360,529,1.00
361,529,1.00
362,529,1.00
363,529,0.69
364,529,0.69
365,529,0.69
366,529,0.69
367,529,0.69
346,518,0.69
347,518,0.69
348,518,0.69
349,518,0.69
350,518,0.69
346,519,0.69
347,519,0.69
348,519,0.69
349,519,0.69
350,519,0.69
346,520,0.69
347,520,0.69
348,520,0.69
349,520,0.70
350,520,0.75
346,521,0.69
347,521,0.69
348,521,0.70
349,521,0.76
350,521,0.81
346,522,1.00
347,522,1.00
348,522,1.00
349,522,1.00
350,522,1.00
346,523,1.00
347,523,1.00
348,523,1.00
349,523,1.00
350,523,1.00
346,524,1.00
347,524,1.00
348,524,1.00
349,524,1.00
350,524,1.00
346,525,1.00
347,525,1.00
348,525,1.00
349,525,1.00
350,525,1.00
346,526,1.00
347,526,1.00
348,526,1.00
349,526,1.00
350,526,1.00
346,527,1.00
347,527,1.00
348,527,1.00
349,527,1.00
350,527,1.00
346,528,1.00
347,528,1.00
348,528,1.00
349,528,1.00
350,528,1.00
346,529,1.00
347,529,1.00
348,529,1.00
349,529,1.00
350,529,1.00
346,530,1.00
347,530,1.00
348,530,1.00
349,530,1.00
350,530,1.00
351,530,1.00
352,530,1.00
353,530,1.00
354,530,1.00
355,530,1.00
356,530,1.00
357,530,1.00
358,530,1.00
359,530,1.00
360,530,0.75
361,530,0.69
362,530,0.69
346,531,1.00
347,531,1.00
348,531,1.00
349,531,1.00
350,531,1.00
351,531,1.00
352,531,1.00
353,531,1.00
354,531,1.00
355,531,1.00
356,531,1.00
357,531,1.00
358,531,1.00
359,531,1.00
360,531,0.70
361,531,0.69
362,531,0.69
346,532,1.00
347,532,1.00
348,532,1.00
349,532,1.00
350,532,1.00
351,532,1.00
352,532,1.00
353,532,1.00
354,532,1.00
355,532,1.00
356,532,1.00
357,532,1.00
358,532,1.00
359,532,1.00
360,532,0.69
361,532,0.69
362,532,0.69
346,533,1.00
347,533,1.00
348,533,1.00
349,533,1.00
350,533,1.00
351,533,1.00
352,533,1.00
353,533,1.00
354,533,1.00
355,533,1.00
356,533,1.00
357,533,1.00
358,533,1.00
359,533,1.00
360,533,0.69
361,533,0.69
362,533,0.69
346,534,1.00
347,534,1.00
348,534,1.00
349,534,1.00
350,534,1.00
351,534,1.00
352,534,1.00
353,534,1.00
354,534,1.00
355,534,1.00
356,534,1.00
357,534,1.00
358,534,1.00
359,534,1.00
360,534,0.69
361,534,0.69
362,534,0.69
343,522,0.69
344,522,0.69
345,522,0.69
343,523,0.69
344,523,0.69
345,523,0.69
343,524,0.69
344,524,0.69
345,524,0.69
343,525,0.69
344,525,0.69
345,525,0.70
343,526,1.00
344,526,1.00
345,526,1.00
343,527,1.00
344,527,1.00
345,527,1.00
343,528,1.00
344,528,1.00
345,528,1.00
343,529,1.00
344,529,1.00
345,529,1.00
343,530,1.00
344,530,1.00
345,530,1.00
343,531,1.00
344,531,1.00
345,531,1.00
343,532,1.00
344,532,1.00
345,532,1.00
343,533,1.00
344,533,1.00
345,533,1.00
343,534,1.00
344,534,1.00
345,534,1.00
343,535,1.00
344,535,1.00
345,535,1.00
346,535,1.00
347,535,1.00
348,535,1.00
349,535,1.00
350,535,1.00
351,535,1.00
352,535,1.00
353,535,1.00
354,535,1.00
355,535,1.00
356,535,0.76
357,535,0.70
358,535,0.69
359,535,0.69
343,536,1.00
344,536,1.00
345,536,1.00
346,536,1.00
347,536,1.00
348,536,1.00
349,536,1.00
350,536,1.00
351,536,1.00
352,536,1.00
353,536,1.00
354,536,1.00
355,536,1.00
356,536,0.70
357,536,0.69
358,536,0.69
359,536,0.69
343,537,1.00
344,537,1.00
345,537,1.00
346,537,1.00
347,537,1.00
348,537,1.00
349,537,1.00
350,537,1.00
351,537,1.00
352,537,1.00
353,537,1.00
354,537,1.00
355,537,1.00
356,537,0.69
357,537,0.69
358,537,0.69
359,537,0.69
343,538,1.00
344,538,1.00
345,538,1.00
346,538,1.00
347,538,1.00
348,538,1.00
349,538,1.00
350,538,1.00
351,538,1.00
352,538,1.00
353,538,1.00
354,538,1.00
355,538,1.00
356,538,0.69
357,538,0.69
358,538,0.69
359,538,0.69
339,526,0.69
340,526,0.69
341,526,0.69
342,526,0.69
339,527,1.00
340,527,1.00
341,527,1.00
342,527,1.00
339,528,1.00
340,528,1.00
341,528,1.00
342,528,1.00
339,529,1.00
340,529,1.00
341,529,1.00
342,529,1.00
339,530,1.00
340,530,1.00
341,530,1.00
342,530,1.00
339,531,1.00
340,531,1.00
341,531,1.00
342,531,1.00
339,532,1.00
340,532,1.00
341,532,1.00
342,532,1.00
339,533,1.00
340,533,1.00
341,533,1.00
342,533,1.00
339,534,1.00
340,534,1.00
341,534,1.00
342,534,1.00
339,535,1.00
340,535,1.00
341,535,1.00
342,535,1.00
339,536,1.00
340,536,1.00
341,536,1.00
342,536,1.00
339,537,1.00
340,537,1.00
341,537,1.00
342,537,1.00
339,538,1.00
340,538,1.00
341,538,1.00
342,538,1.00
339,539,1.00
340,539,1.00
341,539,1.00
342,539,1.00
343,539,1.00
344,539,1.00
345,539,1.00
346,539,1.00
347,539,1.00
348,539,1.00
349,539,1.00
350,539,1.00
351,539,1.00
352,539,1.00
353,539,1.00
354,539,0.69
355,539,0.69
339,540,1.00
340,540,1.00
341,540,1.00
342,540,1.00
343,540,1.00
344,540,1.00
345,540,1.00
346,540,1.00
347,540,1.00
348,540,1.00
349,540,1.00
350,540,1.00
351,540,1.00
352,540,1.00
353,540,1.00
354,540,0.69
355,540,0.69
339,541,1.00
340,541,1.00
341,541,1.00
342,541,1.00
343,541,1.00
344,541,1.00
345,541,1.00
346,541,1.00
347,541,1.00
348,541,1.00
349,541,1.00
350,541,1.00
351,541,1.00
352,541,1.00
353,541,1.00
354,541,0.69
355,541,0.69
339,542,1.00
340,542,1.00
341,542,1.00
342,542,1.00
343,542,1.00
344,542,1.00
345,542,1.00
346,542,1.00
347,542,1.00
348,542,1.00
349,542,1.00
350,542,1.00
351,542,1.00
352,542,1.00
353,542,1.00
354,542,0.69
355,542,0.69
337,527,0.69
338,527,0.69
337,528,0.69
338,528,0.69
337,529,0.69
338,529,0.69
337,530,1.00
338,530,1.00
337,531,1.00
338,531,1.00
337,532,1.00
338,532,1.00
337,533,1.00
338,533,1.00
337,534,1.00
338,534,1.00
337,535,1.00
338,535,1.00
337,536,1.00
338,536,1.00
337,537,1.00
338,537,1.00
337,538,1.00
338,538,1.00
337,539,1.00
338,539,1.00
337,540,1.00
338,540,1.00
337,541,1.00
338,541,1.00
337,542,1.00
338,542,1.00
337,543,1.00
338,543,1.00
339,543,1.00
340,543,1.00
341,543,1.00
342,543,1.00
343,543,1.00
344,543,1.00
345,543,1.00
346,543,1.00
347,543,1.00
348,543,1.00
349,543,1.00
350,543,1.00
351,543,1.00
352,543,0.69
353,543,0.69
335,530,0.69
336,530,0.69
335,531,0.69
336,531,0.69
335,532,0.69
336,532,0.69
335,533,0.69
336,533,0.69
335,534,0.69
336,534,0.69
335,535,1.00
336,535,1.00
335,536,1.00
336,536,1.00
335,537,1.00
336,537,1.00
335,538,1.00
336,538,1.00
335,539,1.00
336,539,1.00
335,540,1.00
336,540,1.00
335,541,1.00
336,541,1.00
335,542,1.00
336,542,1.00
335,543,1.00
336,543,1.00
335,544,1.00
336,544,1.00
337,544,1.00
338,544,1.00
339,544,1.00
340,544,1.00
341,544,1.00
342,544,1.00
343,544,1.00
344,544,1.00
345,544,1.00
346,544,0.79
347,544,0.75
348,544,0.70
349,544,0.69
350,544,0.69
351,544,0.69
335,545,1.00
336,545,1.00
337,545,1.00
338,545,1.00
339,545,1.00
340,545,1.00
341,545,1.00
342,545,1.00
343,545,1.00
344,545,1.00
345,545,1.00
346,545,0.72
347,545,0.69
348,545,0.69
349,545,0.69
350,545,0.69
351,545,0.69
335,546,1.00
336,546,1.00
337,546,1.00
338,546,1.00
339,546,1.00
340,546,1.00
341,546,1.00
342,546,1.00
343,546,1.00
344,546,1.00
345,546,1.00
346,546,0.69
347,546,0.69
348,546,0.69
349,546,0.69
350,546,0.69
351,546,0.69
329,535,0.69
330,535,0.69
331,535,0.69
332,535,0.69
333,535,0.69
334,535,0.69
329,536,0.69
330,536,0.69
331,536,0.69
332,536,0.69
333,536,0.69
334,536,0.72
329,537,0.69
330,537,0.69
331,537,0.69
332,537,0.70
333,537,0.75
334,537,0.79
329,538,0.69
330,538,0.69
331,538,0.70
332,538,0.76
333,538,0.81
334,538,0.86
329,539,0.69
330,539,0.69
331,539,0.75
332,539,0.81
333,539,0.87
334,539,0.92
329,540,1.00
330,540,1.00
331,540,1.00
332,540,1.00
333,540,1.00
334,540,1.00
329,541,1.00
330,541,1.00
331,541,1.00
332,541,1.00
333,541,1.00
334,541,1.00
329,542,1.00
330,542,1.00
331,542,1.00
332,542,1.00
333,542,1.00
334,542,1.00
329,543,1.00
330,543,1.00
331,543,1.00
332,543,1.00
333,543,1.00
334,543,1.00
329,544,1.00
330,544,1.00
331,544,1.00
332,544,1.00
333,544,1.00
334,544,1.00
329,545,1.00
330,545,1.00
331,545,1.00
332,545,1.00
333,545,1.00
334,545,1.00
329,546,1.00
330,546,1.00
331,546,1.00
332,546,1.00
333,546,1.00
334,546,1.00
329,547,1.00
330,547,1.00
331,547,1.00
332,547,1.00
333,547,1.00
334,547,1.00
335,547,1.00
336,547,1.00
337,547,1.00
338,547,1.00
339,547,1.00
340,547,0.92
341,547,0.87
342,547,0.81
343,547,0.75
344,547,0.69
345,547,0.69
329,548,1.00
330,548,1.00
331,548,1.00
332,548,1.00
333,548,1.00
334,548,1.00
335,548,1.00
336,548,1.00
337,548,1.00
338,548,1.00
339,548,1.00
340,548,0.86
341,548,0.81
342,548,0.76
343,548,0.70
344,548,0.69
345,548,0.69
329,549,1.00
330,549,1.00
331,549,1.00
332,549,1.00
333,549,1.00
334,549,1.00
335,549,1.00
336,549,1.00
337,549,1.00
338,549,1.00
339,549,1.00
340,549,0.79
341,549,0.75
342,549,0.70
343,549,0.69
344,549,0.69
345,549,0.69
329,550,1.00
330,550,1.00
331,550,1.00
332,550,1.00
333,550,1.00
334,550,1.00
335,550,1.00
336,550,1.00
337,550,1.00
338,550,1.00
339,550,1.00
340,550,0.72
341,550,0.69
342,550,0.69
343,550,0.69
344,550,0.69
345,550,0.69
329,551,1.00
330,551,1.00
331,551,1.00
332,551,1.00
333,551,1.00
334,551,1.00
335,551,1.00
336,551,1.00
337,551,1.00
338,551,1.00
339,551,1.00
340,551,0.69
341,551,0.69
342,551,0.69
343,551,0.69
344,551,0.69
345,551,0.69
323,540,0.69
324,540,0.69
325,540,0.69
326,540,0.69
327,540,0.69
328,540,0.69
323,541,0.69
324,541,0.69
325,541,0.69
326,541,0.69
327,541,0.69
328,541,0.72
323,542,0.69
324,542,0.69
325,542,0.69
326,542,0.70
327,542,0.75
328,542,0.79
323,543,0.69
324,543,0.69
325,543,0.70
326,543,0.76
327,543,0.81
328,543,0.86
323,544,1.00
324,544,1.00
325,544,1.00
326,544,1.00
327,544,1.00
328,544,1.00
323,545,1.00
324,545,1.00
325,545,1.00
326,545,1.00
327,545,1.00
328,545,1.00
323,546,1.00
324,546,1.00
325,546,1.00
326,546,1.00
327,546,1.00
328,546,1.00
323,547,1.00
324,547,1.00
325,547,1.00
326,547,1.00
327,547,1.00
328,547,1.00
323,548,1.00
324,548,1.00
325,548,1.00
326,548,1.00
327,548,1.00
328,548,1.00
323,549,1.00
324,549,1.00
325,549,1.00
326,549,1.00
327,549,1.00
328,549,1.00
323,550,1.00
324,550,1.00
325,550,1.00
326,550,1.00
327,550,1.00
328,550,1.00
323,551,1.00
324,551,1.00
325,551,1.00
326,551,1.00
327,551,1.00
328,551,1.00
323,552,1.00
324,552,1.00
325,552,1.00
326,552,1.00
327,552,1.00
328,552,1.00
329,552,1.00
330,552,1.00
331,552,1.00
332,552,1.00
333,552,1.00
334,552,1.00
335,552,1.00
336,552,1.00
337,552,0.75
338,552,0.69
339,552,0.69
323,553,1.00
324,553,1.00
325,553,1.00
326,553,1.00
327,553,1.00
328,553,1.00
329,553,1.00
330,553,1.00
331,553,1.00
332,553,1.00
333,553,1.00
334,553,1.00
335,553,1.00
336,553,1.00
337,553,0.70
338,553,0.69
339,553,0.69
323,554,1.00
324,554,1.00
325,554,1.00
326,554,1.00
327,554,1.00
328,554,1.00
329,554,1.00
330,554,1.00
331,554,1.00
332,554,1.00
333,554,1.00
334,554,1.00
335,554,1.00
336,554,1.00
337,554,0.69
338,554,0.69
339,554,0.69
323,555,1.00
324,555,1.00
325,555,1.00
326,555,1.00
327,555,1.00
328,555,1.00
329,555,1.00
330,555,1.00
331,555,1.00
332,555,1.00
333,555,1.00
334,555,1.00
335,555,1.00
336,555,1.00
337,555,0.69
338,555,0.69
339,555,0.69
323,556,1.00
324,556,1.00
325,556,1.00
326,556,1.00
327,556,1.00
328,556,1.00
329,556,1.00
330,556,1.00
331,556,1.00
332,556,1.00
333,556,1.00
334,556,1.00
335,556,1.00
336,556,1.00
337,556,0.69
338,556,0.69
339,556,0.69
320,544,0.69
321,544,0.69
322,544,0.69
320,545,0.69
321,545,0.69
322,545,0.69
320,546,0.69
321,546,0.69
322,546,0.69
320,547,0.69
321,547,0.69
322,547,0.70
320,548,1.00
321,548,1.00
322,548,1.00
320,549,1.00
321,549,1.00
322,549,1.00
320,550,1.00
321,550,1.00
322,550,1.00
320,551,1.00
321,551,1.00
322,551,1.00
320,552,1.00
321,552,1.00
322,552,1.00
320,553,1.00
321,553,1.00
322,553,1.00
320,554,1.00
321,554,1.00
322,554,1.00
320,555,1.00
321,555,1.00
322,555,1.00
320,556,1.00
321,556,1.00
322,556,1.00
320,557,1.00
321,557,1.00
322,557,1.00
323,557,1.00
324,557,1.00
325,557,1.00
326,557,1.00
327,557,1.00
328,557,1.00
329,557,1.00
330,557,1.00
331,557,1.00
332,557,1.00
333,557,1.00
334,557,0.70
335,557,0.69
336,557,0.69
320,558,1.00
321,558,1.00
322,558,1.00
323,558,1.00
324,558,1.00
325,558,1.00
326,558,1.00
327,558,1.00
328,558,1.00
329,558,1.00
330,558,1.00
331,558,1.00
332,558,1.00
333,558,1.00
334,558,0.69
335,558,0.69
336,558,0.69
320,559,1.00
321,559,1.00
322,559,1.00
323,559,1.00
324,559,1.00
325,559,1.00
326,559,1.00
327,559,1.00
328,559,1.00
329,559,1.00
330,559,1.00
331,559,1.00
332,559,1.00
333,559,1.00
334,559,1.00
335,559,1.00
336,559,0.69
320,560,1.00
321,560,1.00
322,560,1.00
323,560,1.00
324,560,1.00
325,560,1.00
326,560,1.00
327,560,1.00
328,560,1.00
329,560,1.00
330,560,1.00
331,560,1.00
332,560,1.00
333,560,1.00
334,560,1.00
335,560,1.00
336,560,0.69
317,548,0.69
318,548,0.69
319,548,0.69
317,549,1.00
318,549,1.00
319,549,1.00
317,550,1.00
318,550,1.00
319,550,1.00
317,551,1.00
318,551,1.00
319,551,1.00
317,552,1.00
318,552,1.00
319,552,1.00
317,553,1.00
318,553,1.00
319,553,1.00
317,554,1.00
318,554,1.00
319,554,1.00
317,555,1.00
318,555,1.00
319,555,1.00
317,556,1.00
318,556,1.00
319,556,1.00
317,557,1.00
318,557,1.00
319,557,1.00
317,558,1.00
318,558,1.00
319,558,1.00
317,559,1.00
318,559,1.00
319,559,1.00
317,560,1.00
318,560,1.00
319,560,1.00
317,561,1.00
318,561,1.00
319,561,1.00
320,561,1.00
321,561,1.00
322,561,1.00
323,561,1.00
324,561,1.00
325,561,1.00
326,561,1.00
327,561,1.00
328,561,1.00
329,561,1.00
330,561,1.00
331,561,1.00
332,561,1.00
333,561,1.00
317,562,1.00
318,562,1.00
319,562,1.00
320,562,1.00
321,562,1.00
322,562,1.00
323,562,1.00
324,562,1.00
325,562,1.00
326,562,1.00
327,562,1.00
328,562,1.00
329,562,1.00
330,562,1.00
331,562,1.00
332,562,1.00
333,562,1.00
317,563,1.00
318,563,1.00
319,563,1.00
320,563,1.00
321,563,1.00
322,563,1.00
323,563,1.00
324,563,1.00
325,563,1.00
326,563,1.00
327,563,1.00
328,563,1.00
329,563,1.00
330,563,1.00
331,563,1.00
332,563,1.00
333,563,1.00
317,564,1.00
318,564,1.00
319,564,1.00
320,564,1.00
321,564,1.00
322,564,1.00
323,564,1.00
324,564,1.00
325,564,1.00
326,564,1.00
327,564,1.00
328,564,1.00
329,564,1.00
330,564,1.00
331,564,1.00
332,564,1.00
333,564,1.00
316,549,1.00
316,550,1.00
316,551,1.00
316,552,1.00
316,553,1.00
316,554,1.00
316,555,1.00
316,556,1.00
316,557,1.00
316,558,1.00
316,559,1.00
316,560,1.00
316,561,1.00
316,562,1.00
316,563,1.00
316,564,1.00
316,565,1.00
317,565,1.00
318,565,1.00
319,565,1.00
320,565,1.00
321,565,1.00
322,565,1.00
323,565,1.00
324,565,1.00
325,565,1.00
326,565,1.00
327,565,1.00
328,565,1.00
329,565,1.00
330,565,1.00
331,565,1.00
332,565,1.00
312,550,1.00
313,550,1.00
314,550,1.00
315,550,1.00
312,551,1.00
313,551,1.00
314,551,1.00
315,551,1.00
312,552,1.00
313,552,1.00
314,552,1.00
315,552,1.00
312,553,1.00
313,553,1.00
314,553,1.00
315,553,1.00
312,554,1.00
313,554,1.00
314,554,1.00
315,554,1.00
312,555,1.00
313,555,1.00
314,555,1.00
315,555,1.00
312,556,1.00
313,556,1.00
314,556,1.00
315,556,1.00
312,557,1.00
313,557,1.00
314,557,1.00
315,557,1.00
312,558,1.00
313,558,1.00
314,558,1.00
315,558,1.00
312,559,1.00
313,559,1.00
314,559,1.00
315,559,1.00
312,560,1.00
313,560,1.00
314,560,1.00
315,560,1.00
312,561,1.00
313,561,1.00
314,561,1.00
315,561,1.00
312,562,1.00
313,562,1.00
314,562,1.00
315,562,1.00
312,563,1.00
313,563,1.00
314,563,1.00
315,563,1.00
312,564,1.00
313,564,1.00
314,564,1.00
315,564,1.00
312,565,1.00
313,565,1.00
314,565,1.00
315,565,1.00
312,566,1.00
313,566,1.00
314,566,1.00
315,566,1.00
316,566,1.00
317,566,1.00
318,566,1.00
319,566,1.00
320,566,1.00
321,566,1.00
322,566,1.00
323,566,1.00
324,566,1.00
325,566,1.00
326,566,1.00
327,566,1.00
328,566,1.00
329,566,1.00
313,567,0.69
314,567,1.00
315,567,1.00
316,567,1.00
317,567,1.00
318,567,1.00
319,567,1.00
320,567,1.00
321,567,1.00
322,567,1.00
323,567,1.00
324,567,1.00
325,567,1.00
326,567,1.00
327,567,1.00
328,567,1.00
329,567,1.00
313,568,0.69
314,568,1.00
315,568,1.00
316,568,1.00
317,568,1.00
318,568,1.00
319,568,1.00
320,568,1.00
321,568,1.00
322,568,1.00
323,568,1.00
324,568,1.00
325,568,1.00
326,568,1.00
327,568,1.00
328,568,1.00
329,568,1.00
330,566,1.00
330,567,1.00
330,568,1.00
314,569,1.00
315,569,1.00
316,569,1.00
317,569,1.00
318,569,1.00
319,569,1.00
320,569,1.00
321,569,1.00
322,569,1.00
323,569,1.00
324,569,1.00
325,569,1.00
326,569,1.00
327,569,1.00
328,569,1.00
329,569,1.00
330,569,1.00
314,570,0.69
315,570,0.69
316,570,1.00
317,570,1.00
318,570,1.00
319,570,1.00
320,570,1.00
321,570,1.00
322,570,1.00
323,570,1.00
324,570,1.00
325,570,1.00
326,570,1.00
327,570,1.00
328,570,1.00
329,570,1.00
330,570,1.00
331,566,1.00
332,566,1.00
331,567,1.00
332,567,1.00
331,568,1.00
332,568,1.00
331,569,1.00
332,569,1.00
331,570,1.00
332,570,1.00
316,571,0.69
317,571,0.69
318,571,0.69
319,571,1.00
320,571,1.00
321,571,1.00
322,571,1.00
323,571,1.00
324,571,1.00
325,571,1.00
326,571,1.00
327,571,1.00
328,571,1.00
329,571,1.00
330,571,1.00
331,571,1.00
332,571,1.00
316,572,0.69
317,572,0.69
318,572,0.69
319,572,1.00
320,572,1.00
321,572,1.00
322,572,1.00
323,572,1.00
324,572,1.00
325,572,1.00
326,572,1.00
327,572,1.00
328,572,1.00
329,572,1.00
330,572,1.00
331,572,1.00
332,572,1.00
334,561,1.00
335,561,1.00
334,562,1.00
335,562,1.00
334,563,1.00
335,563,1.00
334,564,1.00
335,564,1.00
333,565,1.00
334,565,1.00
335,565,1.00
333,566,1.00
334,566,1.00
335,566,1.00
333,567,1.00
334,567,1.00
335,567,1.00
333,568,1.00
334,568,1.00
335,568,1.00
333,569,1.00
334,569,1.00
335,569,1.00
333,570,1.00
334,570,1.00
335,570,1.00
333,571,1.00
334,571,1.00
335,571,1.00
333,572,1.00
334,572,1.00
335,572,1.00
319,573,0.69
320,573,0.69
321,573,0.69
322,573,1.00
323,573,1.00
324,573,1.00
325,573,1.00
326,573,1.00
327,573,1.00
328,573,1.00
329,573,1.00
330,573,1.00
331,573,1.00
332,573,1.00
333,573,1.00
334,573,1.00
335,573,1.00
319,574,0.69
320,574,0.69
321,574,0.69
322,574,1.00
323,574,1.00
324,574,1.00
325,574,1.00
326,574,1.00
327,574,1.00
328,574,1.00
329,574,1.00
330,574,1.00
331,574,1.00
332,574,1.00
333,574,1.00
334,574,1.00
335,574,1.00
319,575,0.69
320,575,0.69
321,575,0.69
322,575,1.00
323,575,1.00
324,575,1.00
325,575,1.00
326,575,1.00
327,575,1.00
328,575,1.00
329,575,1.00
330,575,1.00
331,575,1.00
332,575,1.00
333,575,1.00
334,575,1.00
335,575,1.00
336,561,0.69
337,561,0.69
338,561,0.69
336,562,0.69
337,562,0.69
338,562,0.69
336,563,0.69
337,563,0.69
338,563,0.69
336,564,1.00
337,564,1.00
338,564,1.00
336,565,1.00
337,565,1.00
338,565,1.00
336,566,1.00
337,566,1.00
338,566,1.00
336,567,1.00
337,567,1.00
338,567,1.00
336,568,1.00
337,568,1.00
338,568,1.00
336,569,1.00
337,569,1.00
338,569,1.00
336,570,1.00
337,570,1.00
338,570,1.00
336,571,1.00
337,571,1.00
338,571,1.00
336,572,1.00
337,572,1.00
338,572,1.00
336,573,1.00
337,573,1.00
338,573,1.00
336,574,1.00
337,574,1.00
338,574,1.00
336,575,1.00
337,575,1.00
338,575,1.00
322,576,0.69
323,576,0.69
324,576,0.69
325,576,0.69
326,576,1.00
327,576,1.00
328,576,1.00
329,576,1.00
330,576,1.00
331,576,1.00
332,576,1.00
333,576,1.00
334,576,1.00
335,576,1.00
336,576,1.00
337,576,1.00
338,576,1.00
322,577,0.69
323,577,0.69
324,577,0.69
325,577,0.69
326,577,1.00
327,577,1.00
328,577,1.00
329,577,1.00
330,577,1.00
331,577,1.00
332,577,1.00
333,577,1.00
334,577,1.00
335,577,1.00
336,577,1.00
337,577,1.00
338,577,1.00
339,564,0.69
340,564,0.69
341,564,0.69
342,564,0.69
339,565,0.69
340,565,0.69
341,565,0.69
342,565,0.69
339,566,1.00
340,566,1.00
341,566,1.00
342,566,1.00
339,567,1.00
340,567,1.00
341,567,1.00
342,567,1.00
339,568,1.00
340,568,1.00
341,568,1.00
342,568,1.00
339,569,1.00
340,569,1.00
341,569,1.00
342,569,1.00
339,570,1.00
340,570,1.00
341,570,1.00
342,570,1.00
339,571,1.00
340,571,1.00
341,571,1.00
342,571,1.00
339,572,1.00
340,572,1.00
341,572,1.00
342,572,1.00
339,573,1.00
340,573,1.00
341,573,1.00
342,573,1.00
339,574,1.00
340,574,1.00
341,574,1.00
342,574,1.00
339,575,1.00
340,575,1.00
341,575,1.00
342,575,1.00
339,576,1.00
340,576,1.00
341,576,1.00
342,576,1.00
339,577,1.00
340,577,1.00
341,577,1.00
342,577,1.00
326,578,0.69
327,578,0.69
328,578,0.69
329,578,0.70
330,578,1.00
331,578,1.00
332,578,1.00
333,578,1.00
334,578,1.00
335,578,1.00
336,578,1.00
337,578,1.00
338,578,1.00
339,578,1.00
340,578,1.00
341,578,1.00
342,578,1.00
326,579,0.69
327,579,0.69
328,579,0.69
329,579,0.69
330,579,1.00
331,579,1.00
332,579,1.00
333,579,1.00
334,579,1.00
335,579,1.00
336,579,1.00
337,579,1.00
338,579,1.00
339,579,1.00
340,579,1.00
341,579,1.00
342,579,1.00
326,580,0.69
327,580,0.69
328,580,0.69
329,580,0.69
330,580,1.00
331,580,1.00
332,580,1.00
333,580,1.00
334,580,1.00
335,580,1.00
336,580,1.00
337,580,1.00
338,580,1.00
339,580,1.00
340,580,1.00
341,580,1.00
342,580,1.00
343,566,0.69
344,566,0.69
345,566,0.69
346,566,0.69
343,567,0.69
344,567,0.69
345,567,0.69
346,567,0.69
343,568,1.00
344,568,1.00
345,568,1.00
346,568,1.00
343,569,1.00
344,569,1.00
345,569,1.00
346,569,1.00
343,570,1.00
344,570,1.00
345,570,1.00
346,570,1.00
343,571,1.00
344,571,1.00
345,571,1.00
346,571,1.00
343,572,1.00
344,572,1.00
345,572,1.00
346,572,1.00
343,573,1.00
344,573,1.00
345,573,1.00
346,573,1.00
343,574,1.00
344,574,1.00
345,574,1.00
346,574,1.00
343,575,1.00
344,575,1.00
345,575,1.00
346,575,1.00
343,576,1.00
344,576,1.00
345,576,1.00
346,576,1.00
343,577,1.00
344,577,1.00
345,577,1.00
346,577,1.00
343,578,1.00
344,578,1.00
345,578,1.00
346,578,1.00
343,579,1.00
344,579,1.00
345,579,1.00
346,579,1.00
343,580,1.00
344,580,1.00
345,580,1.00
346,580,1.00
330,581,0.69
331,581,0.69
332,581,0.69
333,581,1.00
334,581,1.00
335,581,1.00
336,581,1.00
337,581,1.00
338,581,1.00
339,581,1.00
340,581,1.00
341,581,1.00
342,581,1.00
343,581,1.00
344,581,1.00
345,581,1.00
346,581,1.00
330,582,0.69
331,582,0.69
332,582,0.69
333,582,1.00
334,582,1.00
335,582,1.00
336,582,1.00
337,582,1.00
338,582,1.00
339,582,1.00
340,582,1.00
341,582,1.00
342,582,1.00
343,582,1.00
344,582,1.00
345,582,1.00
346,582,1.00
347,568,0.69
348,568,0.69
349,568,0.69
347,569,1.00
348,569,1.00
349,569,1.00
347,570,1.00
348,570,1.00
349,570,1.00
347,571,1.00
348,571,1.00
349,571,1.00
347,572,1.00
348,572,1.00
349,572,1.00
347,573,1.00
348,573,1.00
349,573,1.00
347,574,1.00
348,574,1.00
349,574,1.00
347,575,1.00
348,575,1.00
349,575,1.00
347,576,1.00
348,576,1.00
349,576,1.00
347,577,1.00
348,577,1.00
349,577,1.00
347,578,1.00
348,578,1.00
349,578,1.00
347,579,1.00
348,579,1.00
349,579,1.00
347,580,1.00
348,580,1.00
349,580,1.00
347,581,1.00
348,581,1.00
349,581,1.00
347,582,1.00
348,582,1.00
349,582,1.00
333,583,0.69
334,583,0.69
335,583,1.00
336,583,1.00
337,583,1.00
338,583,1.00
339,583,1.00
340,583,1.00
341,583,1.00
342,583,1.00
343,583,1.00
344,583,1.00
345,583,1.00
346,583,1.00
347,583,1.00
348,583,1.00
349,583,1.00
333,584,0.69
334,584,0.69
335,584,1.00
336,584,1.00
337,584,1.00
338,584,1.00
339,584,1.00
340,584,1.00
341,584,1.00
342,584,1.00
343,584,1.00
344,584,1.00
345,584,1.00
346,584,1.00
347,584,1.00
348,584,1.00
349,584,1.00
350,569,0.69
351,569,0.69
350,570,0.69
351,570,0.69
350,571,1.00
351,571,1.00
350,572,1.00
351,572,1.00
350,573,1.00
351,573,1.00
350,574,1.00
351,574,1.00
350,575,1.00
351,575,1.00
350,576,1.00
351,576,1.00
350,577,1.00
351,577,1.00
350,578,1.00
351,578,1.00
350,579,1.00
351,579,1.00
350,580,1.00
351,580,1.00
350,581,1.00
351,581,1.00
350,582,1.00
351,582,1.00
350,583,1.00
351,583,1.00
350,584,1.00
351,584,1.00
335,585,0.69
336,585,1.00
337,585,1.00
338,585,1.00
339,585,1.00
340,585,1.00
341,585,1.00
342,585,1.00
343,585,1.00
344,585,1.00
345,585,1.00
346,585,1.00
347,585,1.00
348,585,1.00
349,585,1.00
350,585,1.00
351,585,1.00
352,571,0.69
352,572,0.69
352,573,1.00
352,574,1.00
352,575,1.00
352,576,1.00
352,577,1.00
352,578,1.00
352,579,1.00
352,580,1.00
352,581,1.00
352,582,1.00
352,583,1.00
352,584,1.00
352,585,1.00
336,586,0.69
337,586,0.69
338,586,0.69
339,586,1.00
340,586,1.00
341,586,1.00
342,586,1.00
343,586,1.00
344,586,1.00
345,586,1.00
346,586,1.00
347,586,1.00
348,586,1.00
349,586,1.00
350,586,1.00
351,586,1.00
352,586,1.00
336,587,0.69
337,587,0.69
338,587,0.69
339,587,1.00
340,587,1.00
341,587,1.00
342,587,1.00
343,587,1.00
344,587,1.00
345,587,1.00
346,587,1.00
347,587,1.00
348,587,1.00
349,587,1.00
350,587,1.00
351,587,1.00
352,587,1.00
353,573,0.69
354,573,0.69
355,573,0.69
353,574,0.69
354,574,0.69
355,574,0.69
353,575,0.69
354,575,0.69
355,575,0.69
353,576,1.00
354,576,1.00
355,576,1.00
353,577,1.00
354,577,1.00
355,577,1.00
353,578,1.00
354,578,1.00
355,578,1.00
353,579,1.00
354,579,1.00
355,579,1.00
353,580,1.00
354,580,1.00
355,580,1.00
353,581,1.00
354,581,1.00
355,581,1.00
353,582,1.00
354,582,1.00
355,582,1.00
353,583,1.00
354,583,1.00
355,583,1.00
353,584,1.00
354,584,1.00
355,584,1.00
353,585,1.00
354,585,1.00
355,585,1.00
353,586,1.00
354,586,1.00
355,586,1.00
353,587,1.00
354,587,1.00
355,587,1.00
339,588,0.69
340,588,0.69
341,588,0.69
342,588,1.00
343,588,1.00
344,588,1.00
345,588,1.00
346,588,1.00
347,588,1.00
348,588,1.00
349,588,1.00
350,588,1.00
351,588,1.00
352,588,1.00
353,588,1.00
354,588,1.00
355,588,1.00
339,589,0.69
340,589,0.69
341,589,0.69
342,589,1.00
343,589,1.00
344,589,1.00
345,589,1.00
346,589,1.00
347,589,1.00
348,589,1.00
349,589,1.00
350,589,1.00
351,589,1.00
352,589,1.00
353,589,1.00
354,589,1.00
355,589,1.00
356,576,0.69
357,576,0.69
358,576,0.69
356,577,1.00
357,577,1.00
358,577,1.00
356,578,1.00
357,578,1.00
358,578,1.00
356,579,1.00
357,579,1.00
358,579,1.00
356,580,1.00
357,580,1.00
358,580,1.00
356,581,1.00
357,581,1.00
358,581,1.00
356,582,1.00
357,582,1.00
358,582,1.00
356,583,1.00
357,583,1.00
358,583,1.00
356,584,1.00
357,584,1.00
358,584,1.00
356,585,1.00
357,585,1.00
358,585,1.00
356,586,1.00
357,586,1.00
358,586,1.00
356,587,1.00
357,587,1.00
358,587,1.00
356,588,1.00
357,588,1.00
358,588,1.00
356,589,1.00
357,589,1.00
358,589,1.00
342,590,0.69
343,590,0.69
344,590,1.00
345,590,1.00
346,590,1.00
347,590,1.00
348,590,1.00
349,590,1.00
350,590,1.00
351,590,1.00
352,590,1.00
353,590,1.00
354,590,1.00
355,590,1.00
356,590,1.00
357,590,1.00
358,590,1.00
342,591,0.69
343,591,0.69
344,591,1.00
345,591,1.00
346,591,1.00
347,591,1.00
348,591,1.00
349,591,1.00
350,591,1.00
351,591,1.00
352,591,1.00
353,591,1.00
354,591,1.00
355,591,1.00
356,591,1.00
357,591,1.00
358,591,1.00
342,592,0.69
343,592,0.69
344,592,1.00
345,592,1.00
346,592,1.00
347,592,1.00
348,592,1.00
349,592,1.00
350,592,1.00
351,592,1.00
352,592,1.00
353,592,1.00
354,592,1.00
355,592,1.00
356,592,1.00
357,592,1.00
358,592,1.00
359,577,0.69
360,577,0.69
359,578,0.69
360,578,0.69
359,579,0.69
360,579,0.69
359,580,1.00
360,580,1.00
359,581,1.00
360,581,1.00
359,582,1.00
360,582,1.00
359,583,1.00
360,583,1.00
359,584,1.00
360,584,1.00
359,585,1.00
360,585,1.00
359,586,1.00
360,586,1.00
359,587,1.00
360,587,1.00
359,588,1.00
360,588,1.00
359,589,1.00
360,589,1.00
359,590,1.00
360,590,1.00
359,591,1.00
360,591,1.00
359,592,1.00
360,592,1.00
344,593,0.69
345,593,0.69
346,593,1.00
347,593,1.00
348,593,1.00
349,593,1.00
350,593,1.00
351,593,1.00
352,593,1.00
353,593,1.00
354,593,1.00
355,593,1.00
356,593,1.00
357,593,1.00
358,593,1.00
359,593,1.00
360,593,1.00
361,580,0.69
362,580,0.69
361,581,0.69
362,581,0.69
361,582,0.69
362,582,0.69
361,583,0.69
362,583,0.69
361,584,1.00
362,584,1.00
361,585,1.00
362,585,1.00
361,586,1.00
362,586,1.00
361,587,1.00
362,587,1.00
361,588,1.00
362,588,1.00
361,589,1.00
362,589,1.00
361,590,1.00
362,590,1.00
361,591,1.00
362,591,1.00
361,592,1.00
362,592,1.00
361,593,1.00
362,593,1.00
346,594,0.69
347,594,0.69
348,594,0.69
349,594,0.70
350,594,0.75
351,594,1.00
352,594,1.00
353,594,1.00
354,594,1.00
355,594,1.00
356,594,1.00
357,594,1.00
358,594,1.00
359,594,1.00
360,594,1.00
361,594,1.00
362,594,1.00
346,595,0.69
347,595,0.69
348,595,0.69
349,595,0.69
350,595,0.69
351,595,1.00
352,595,1.00
353,595,1.00
354,595,1.00
355,595,1.00
356,595,1.00
357,595,1.00
358,595,1.00
359,595,1.00
360,595,1.00
361,595,1.00
362,595,1.00
346,596,0.69
347,596,0.69
348,596,0.69
349,596,0.69
350,596,0.69
351,596,1.00
352,596,1.00
353,596,1.00
354,596,1.00
355,596,1.00
356,596,1.00
357,596,1.00
358,596,1.00
359,596,1.00
360,596,1.00
361,596,1.00
362,596,1.00
363,584,0.69
364,584,0.69
365,584,0.69
366,584,0.69
367,584,0.69
363,585,0.69
364,585,0.69
365,585,0.69
366,585,0.69
367,585,0.69
363,586,1.00
364,586,1.00
365,586,1.00
366,586,1.00
367,586,1.00
363,587,1.00
364,587,1.00
365,587,1.00
366,587,1.00
367,587,1.00
363,588,1.00
364,588,1.00
365,588,1.00
366,588,1.00
367,588,1.00
363,589,1.00
364,589,1.00
365,589,1.00
366,589,1.00
367,589,1.00
363,590,1.00
364,590,1.00
365,590,1.00
366,590,1.00
367,590,1.00
363,591,1.00
364,591,1.00
365,591,1.00
366,591,1.00
367,591,1.00
363,592,1.00
364,592,1.00
365,592,1.00
366,592,1.00
367,592,1.00
363,593,1.00
364,593,1.00
365,593,1.00
366,593,1.00
367,593,1.00
363,594,1.00
364,594,1.00
365,594,1.00
366,594,1.00
367,594,1.00
363,595,1.00
364,595,1.00
365,595,1.00
366,595,1.00
367,595,1.00
363,596,1.00
364,596,1.00
365,596,1.00
366,596,1.00
367,596,1.00
351,597,0.69
352,597,0.69
353,597,1.00
354,597,1.00
355,597,1.00
356,597,1.00
357,597,1.00
358,597,1.00
359,597,1.00
360,597,1.00
361,597,1.00
362,597,1.00
363,597,1.00
364,597,1.00
365,597,1.00
366,597,1.00
367,597,1.00
351,598,0.69
352,598,0.69
353,598,1.00
354,598,1.00
355,598,1.00
356,598,1.00
357,598,1.00
358,598,1.00
359,598,1.00
360,598,1.00
361,598,1.00
362,598,1.00
363,598,1.00
364,598,1.00
365,598,1.00
366,598,1.00
367,598,1.00
351,599,0.69
352,599,0.69
353,599,1.00
354,599,1.00
355,599,1.00
356,599,1.00
357,599,1.00
358,599,1.00
359,599,1.00
360,599,1.00
361,599,1.00
362,599,1.00
363,599,1.00
364,599,1.00
365,599,1.00
366,599,1.00
367,599,1.00
351,600,0.69
352,600,0.69
353,600,1.00
354,600,1.00
355,600,1.00
356,600,1.00
357,600,1.00
358,600,1.00
359,600,1.00
360,600,1.00
361,600,1.00
362,600,1.00
363,600,1.00
364,600,1.00
365,600,1.00
366,600,1.00
367,600,1.00
368,586,0.69
369,586,0.69
368,587,1.00
369,587,1.00
368,588,1.00
369,588,1.00
368,589,1.00
369,589,1.00
368,590,1.00
369,590,1.00
368,591,1.00
369,591,1.00
368,592,1.00
369,592,1.00
368,593,1.00
369,593,1.00
368,594,1.00
369,594,1.00
368,595,1.00
369,595,1.00
368,596,1.00
369,596,1.00
368,597,1.00
369,597,1.00
368,598,1.00
369,598,1.00
368,599,1.00
369,599,1.00
368,600,1.00
369,600,1.00
353,601,0.69
354,601,0.69
355,601,1.00
356,601,1.00
357,601,1.00
358,601,1.00
359,601,1.00
360,601,1.00
361,601,1.00
362,601,1.00
363,601,1.00
364,601,1.00
365,601,1.00
366,601,1.00
367,601,1.00
368,601,1.00
369,601,1.00
353,602,0.69
354,602,0.69
355,602,1.00
356,602,1.00
357,602,1.00
358,602,1.00
359,602,1.00
360,602,1.00
361,602,1.00
362,602,1.00
363,602,1.00
364,602,1.00
365,602,1.00
366,602,1.00
367,602,1.00
368,602,1.00
369,602,1.00
370,587,0.69
371,587,0.69
370,588,1.00
371,588,1.00
370,589,1.00
371,589,1.00
370,590,1.00
371,590,1.00
370,591,1.00
371,591,1.00
370,592,1.00
371,592,1.00
370,593,1.00
371,593,1.00
370,594,1.00
371,594,1.00
370,595,1.00
371,595,1.00
370,596,1.00
371,596,1.00
370,597,1.00
371,597,1.00
370,598,1.00
371,598,1.00
370,599,1.00
371,599,1.00
370,600,1.00
371,600,1.00
370,601,1.00
371,601,1.00
370,602,1.00
371,602,1.00
355,603,0.69
356,603,1.00
357,603,1.00
358,603,1.00
359,603,1.00
360,603,1.00
361,603,1.00
362,603,1.00
363,603,1.00
364,603,1.00
365,603,1.00
366,603,1.00
367,603,1.00
368,603,1.00
369,603,1.00
370,603,1.00
371,603,1.00
372,588,0.69
372,589,1.00
372,590,1.00
372,591,1.00
372,592,1.00
372,593,1.00
372,594,1.00
372,595,1.00
372,596,1.00
372,597,1.00
372,598,1.00
372,599,1.00
372,600,1.00
372,601,1.00
372,602,1.00
372,603,1.00
356,604,0.69
357,604,1.00
358,604,1.00
359,604,1.00
360,604,1.00
361,604,1.00
362,604,1.00
363,604,1.00
364,604,1.00
365,604,1.00
366,604,1.00
367,604,1.00
368,604,1.00
369,604,1.00
370,604,1.00
371,604,1.00
372,604,1.00
373,589,1.00
373,590,1.00
373,591,1.00
373,592,1.00
373,593,1.00
373,594,1.00
373,595,1.00
373,596,1.00
373,597,1.00
373,598,1.00
373,599,1.00
373,600,1.00
373,601,1.00
373,602,1.00
373,603,1.00
373,604,1.00
357,605,1.00
358,605,1.00
359,605,1.00
360,605,1.00
361,605,1.00
362,605,1.00
363,605,1.00
364,605,1.00
365,605,1.00
366,605,1.00
367,605,1.00
368,605,1.00
369,605,1.00
370,605,1.00
371,605,1.00
372,605,1.00
373,605,1.00
374,590,0.69
375,590,0.69
374,591,1.00
375,591,1.00
374,592,1.00
375,592,1.00
374,593,1.00
375,593,1.00
374,594,1.00
375,594,1.00
374,595,1.00
375,595,1.00
374,596,1.00
375,596,1.00
374,597,1.00
375,597,1.00
374,598,1.00
375,598,1.00
374,599,1.00
375,599,1.00
374,600,1.00
375,600,1.00
374,601,1.00
375,601,1.00
374,602,1.00
375,602,1.00
374,603,1.00
375,603,1.00
374,604,1.00
375,604,1.00
374,605,1.00
375,605,1.00
359,606,0.69
360,606,1.00
361,606,1.00
362,606,1.00
363,606,1.00
364,606,1.00
365,606,1.00
366,606,1.00
367,606,1.00
368,606,1.00
369,606,1.00
370,606,1.00
371,606,1.00
372,606,1.00
373,606,1.00
374,606,1.00
375,606,1.00
376,591,1.00
376,592,1.00
376,593,1.00
376,594,1.00
376,595,1.00
376,596,1.00
376,597,1.00
376,598,1.00
376,599,1.00
376,600,1.00
376,601,1.00
376,602,1.00
376,603,1.00
376,604,1.00
376,605,1.00
376,606,1.00
360,607,0.69
361,607,1.00
362,607,1.00
363,607,1.00
364,607,1.00
365,607,1.00
366,607,1.00
367,607,1.00
368,607,1.00
369,607,1.00
370,607,1.00
371,607,1.00
372,607,1.00
373,607,1.00
374,607,1.00
375,607,1.00
376,607,1.00
377,591,1.00
377,592,1.00
377,593,1.00
377,594,1.00
377,595,1.00
377,596,1.00
377,597,1.00
377,598,1.00
377,599,1.00
377,600,1.00
377,601,1.00
377,602,1.00
377,603,1.00
377,604,1.00
377,605,1.00
377,606,1.00
377,607,1.00
378,593,1.00
378,594,1.00
378,595,1.00
378,596,1.00
378,597,1.00
378,598,1.00
378,599,1.00
378,600,1.00
378,601,1.00
378,602,1.00
378,603,1.00
378,604,1.00
378,605,1.00
378,606,1.00
378,607,1.00
362,608,1.00
363,608,1.00
364,608,1.00
365,608,1.00
366,608,1.00
367,608,1.00
368,608,1.00
369,608,1.00
370,608,1.00
371,608,1.00
372,608,1.00
373,608,1.00
374,608,1.00
375,608,1.00
376,608,1.00
377,608,1.00
378,608,1.00
362,609,1.00
363,609,1.00
364,609,1.00
365,609,1.00
366,609,1.00
367,609,1.00
368,609,1.00
369,609,1.00
370,609,1.00
371,609,1.00
372,609,1.00
373,609,1.00
374,609,1.00
375,609,1.00
376,609,1.00
377,609,1.00
378,609,1.00
379,593,1.00
379,594,1.00
379,595,1.00
379,596,1.00
379,597,1.00
379,598,1.00
379,599,1.00
379,600,1.00
379,601,1.00
379,602,1.00
379,603,1.00
379,604,1.00
379,605,1.00
379,606,1.00
379,607,1.00
379,608,1.00
379,609,1.00
380,593,1.00
381,593,1.00
382,593,1.00
383,593,1.00
380,594,1.00
381,594,1.00
382,594,1.00
383,594,1.00
380,595,1.00
381,595,1.00
382,595,1.00
383,595,1.00
380,596,1.00
381,596,1.00
382,596,1.00
383,596,1.00
380,597,1.00
381,597,1.00
382,597,1.00
383,597,1.00
380,598,1.00
381,598,1.00
382,598,1.00
383,598,1.00
380,599,1.00
381,599,1.00
382,599,1.00
383,599,1.00
380,600,1.00
381,600,1.00
382,600,1.00
383,600,1.00
380,601,1.00
381,601,1.00
382,601,1.00
383,601,1.00
380,602,1.00
381,602,1.00
382,602,1.00
383,602,1.00
380,603,1.00
381,603,1.00
382,603,1.00
383,603,1.00
380,604,1.00
381,604,1.00
382,604,1.00
383,604,1.00
380,605,1.00
381,605,1.00
382,605,1.00
383,605,1.00
380,606,1.00
381,606,1.00
382,606,1.00
383,606,1.00
380,607,1.00
381,607,1.00
382,607,1.00
383,607,1.00
380,608,0.69
381,608,0.69
382,608,0.69
383,608,0.69
380,609,0.69
381,609,0.69
382,609,0.69
383,609,0.69
378,591,0.69
379,591,0.69
380,591,1.00
381,591,1.00
382,591,1.00
383,591,1.00
384,591,1.00
385,591,1.00
386,591,1.00
387,591,1.00
388,591,1.00
389,591,1.00
390,591,1.00
391,591,1.00
378,592,0.69
379,592,0.69
380,592,1.00
381,592,1.00
382,592,1.00
383,592,1.00
384,592,1.00
385,592,1.00
386,592,1.00
387,592,1.00
388,592,1.00
389,592,1.00
390,592,1.00
391,592,1.00
384,593,1.00
385,593,1.00
386,593,1.00
387,593,1.00
388,593,1.00
389,593,1.00
390,593,1.00
391,593,1.00
384,594,1.00
385,594,1.00
386,594,1.00
387,594,1.00
388,594,1.00
389,594,1.00
390,594,1.00
391,594,1.00
384,595,1.00
385,595,1.00
386,595,1.00
387,595,1.00
388,595,1.00
389,595,1.00
390,595,1.00
391,595,1.00
384,596,1.00
385,596,1.00
386,596,1.00
387,596,1.00
388,596,1.00
389,596,1.00
390,596,1.00
391,596,1.00
384,597,1.00
385,597,1.00
386,597,1.00
387,597,1.00
388,597,1.00
389,597,1.00
390,597,1.00
391,597,1.00
384,598,1.00
385,598,1.00
386,598,1.00
387,598,1.00
388,598,1.00
389,598,1.00
390,598,1.00
391,598,1.00
384,599,1.00
385,599,1.00
386,599,1.00
387,599,1.00
388,599,1.00
389,599,1.00
390,599,1.00
391,599,1.00
384,600,1.00
385,600,1.00
386,600,1.00
387,600,1.00
388,600,1.00
389,600,1.00
390,600,1.00
391,600,1.00
384,601,1.00
385,601,1.00
386,601,1.00
387,601,1.00
388,601,1.00
389,601,1.00
390,601,1.00
391,601,1.00
384,602,1.00
385,602,1.00
386,602,1.00
387,602,1.00
388,602,1.00
389,602,1.00
390,602,1.00
391,602,1.00
384,603,1.00
385,603,1.00
386,603,1.00
387,603,1.00
388,603,1.00
389,603,1.00
390,603,1.00
391,603,1.00
384,604,1.00
385,604,1.00
386,604,1.00
387,604,1.00
388,604,1.00
389,604,1.00
390,604,1.00
391,604,1.00
384,605,1.00
385,605,1.00
386,605,1.00
387,605,1.00
388,605,1.00
389,605,1.00
390,605,1.00
391,605,1.00
384,606,0.76
385,606,0.75
386,606,0.72
387,606,0.69
388,606,0.69
389,606,0.69
390,606,0.69
391,606,0.69
384,607,0.69
385,607,0.69
386,607,0.69
387,607,0.69
388,607,0.69
389,607,0.69
390,607,0.69
391,607,0.69
380,589,0.69
381,589,0.69
382,589,0.69
383,589,0.69
384,589,1.00
385,589,1.00
386,589,1.00
387,589,1.00
388,589,1.00
389,589,1.00
390,589,1.00
391,589,1.00
392,589,1.00
393,589,1.00
394,589,1.00
395,589,1.00
396,589,1.00
380,590,0.69
381,590,0.69
382,590,0.69
383,590,0.69
384,590,1.00
385,590,1.00
386,590,1.00
387,590,1.00
388,590,1.00
389,590,1.00
390,590,1.00
391,590,1.00
392,590,1.00
393,590,1.00
394,590,1.00
395,590,1.00
396,590,1.00
392,591,1.00
393,591,1.00
394,591,1.00
395,591,1.00
396,591,1.00
392,592,1.00
393,592,1.00
394,592,1.00
395,592,1.00
396,592,1.00
392,593,1.00
393,593,1.00
394,593,1.00
395,593,1.00
396,593,1.00
392,594,1.00
393,594,1.00
394,594,1.00
395,594,1.00
396,594,1.00
392,595,1.00
393,595,1.00
394,595,1.00
395,595,1.00
396,595,1.00
392,596,1.00
393,596,1.00
394,596,1.00
395,596,1.00
396,596,1.00
392,597,1.00
393,597,1.00
394,597,1.00
395,597,1.00
396,597,1.00
392,598,1.00
393,598,1.00
394,598,1.00
395,598,1.00
396,598,1.00
392,599,1.00
393,599,1.00
394,599,1.00
395,599,1.00
396,599,1.00
392,600,1.00
393,600,1.00
394,600,1.00
395,600,1.00
396,600,1.00
392,601,1.00
393,601,1.00
394,601,1.00
395,601,1.00
396,601,1.00
392,602,1.00
393,602,1.00
394,602,1.00
395,602,1.00
396,602,1.00
392,603,0.75
393,603,0.70
394,603,0.69
395,603,0.69
396,603,0.69
392,604,0.69
393,604,0.69
394,604,0.69
395,604,0.69
396,604,0.69
392,605,0.69
393,605,0.69
394,605,0.69
395,605,0.69
396,605,0.69
384,586,0.69
385,586,0.69
386,586,0.69
387,586,1.00
388,586,1.00
389,586,1.00
390,586,1.00
391,586,1.00
392,586,1.00
393,586,1.00
394,586,1.00
395,586,1.00
396,586,1.00
397,586,1.00
398,586,1.00
399,586,1.00
400,586,1.00
384,587,0.69
385,587,0.69
386,587,0.69
387,587,1.00
388,587,1.00
389,587,1.00
390,587,1.00
391,587,1.00
392,587,1.00
393,587,1.00
394,587,1.00
395,587,1.00
396,587,1.00
397,587,1.00
398,587,1.00
399,587,1.00
400,587,1.00
384,588,0.69
385,588,0.69
386,588,0.69
387,588,1.00
388,588,1.00
389,588,1.00
390,588,1.00
391,588,1.00
392,588,1.00
393,588,1.00
394,588,1.00
395,588,1.00
396,588,1.00
397,588,1.00
398,588,1.00
399,588,1.00
400,588,1.00
397,589,1.00
398,589,1.00
399,589,1.00
400,589,1.00
397,590,1.00
398,590,1.00
399,590,1.00
400,590,1.00
397,591,1.00
398,591,1.00
399,591,1.00
400,591,1.00
397,592,1.00
398,592,1.00
399,592,1.00
400,592,1.00
397,593,1.00
398,593,1.00
399,593,1.00
400,593,1.00
397,594,1.00
398,594,1.00
399,594,1.00
400,594,1.00
397,595,1.00
398,595,1.00
399,595,1.00
400,595,1.00
397,596,1.00
398,596,1.00
399,596,1.00
400,596,1.00
397,597,1.00
398,597,1.00
399,597,1.00
400,597,1.00
397,598,1.00
398,598,1.00
399,598,1.00
400,598,1.00
397,599,1.00
398,599,1.00
399,599,1.00
400,599,1.00
397,600,1.00
398,600,1.00
399,600,1.00
400,600,1.00
397,601,1.00
398,601,1.00
399,601,1.00
400,601,1.00
397,602,0.69
398,602,0.69
399,602,0.69
400,602,0.69
387,585,1.00
388,585,1.00
389,585,1.00
390,585,1.00
391,585,1.00
392,585,1.00
393,585,1.00
394,585,1.00
395,585,1.00
396,585,1.00
397,585,1.00
398,585,1.00
399,585,1.00
400,585,1.00
401,585,1.00
402,585,1.00
403,585,1.00
401,586,1.00
402,586,1.00
403,586,1.00
401,587,1.00
402,587,1.00
403,587,1.00
401,588,1.00
402,588,1.00
403,588,1.00
401,589,1.00
402,589,1.00
403,589,1.00
401,590,1.00
402,590,1.00
403,590,1.00
401,591,1.00
402,591,1.00
403,591,1.00
401,592,1.00
402,592,1.00
403,592,1.00
401,593,1.00
402,593,1.00
403,593,1.00
401,594,1.00
402,594,1.00
403,594,1.00
401,595,1.00
402,595,1.00
403,595,1.00
401,596,1.00
402,596,1.00
403,596,1.00
401,597,1.00
402,597,1.00
403,597,1.00
401,598,1.00
402,598,1.00
403,598,1.00
401,599,1.00
402,599,1.00
403,599,1.00
401,600,1.00
402,600,1.00
403,600,1.00
401,601,1.00
402,601,1.00
403,601,1.00
390,583,0.69
391,583,0.69
392,583,0.69
393,583,0.69
394,583,0.69
395,583,0.69
396,583,0.69
397,583,0.69
398,583,0.69
399,583,0.69
400,583,0.69
401,583,0.69
402,583,0.69
403,583,1.00
404,583,1.00
405,583,1.00
406,583,1.00
390,584,0.69
391,584,0.69
392,584,0.69
393,584,0.69
394,584,0.69
395,584,0.72
396,584,0.75
397,584,0.76
398,584,0.77
399,584,0.76
400,584,0.75
401,584,0.72
402,584,0.69
403,584,1.00
404,584,1.00
405,584,1.00
406,584,1.00
404,585,1.00
405,585,1.00
406,585,1.00
404,586,1.00
405,586,1.00
406,586,1.00
404,587,1.00
405,587,1.00
406,587,1.00
404,588,1.00
405,588,1.00
406,588,1.00
404,589,1.00
405,589,1.00
406,589,1.00
404,590,1.00
405,590,1.00
406,590,1.00
404,591,1.00
405,591,1.00
406,591,1.00
404,592,1.00
405,592,1.00
406,592,1.00
404,593,0.82
405,593,0.75
406,593,0.69
404,594,0.79
405,594,0.72
406,594,0.69
404,595,0.75
405,595,0.69
406,595,0.69
404,596,0.70
405,596,0.69
406,596,0.69
404,597,0.69
405,597,0.69
406,597,0.69
404,598,0.69
405,598,0.69
406,598,0.69
404,599,0.69
405,599,0.69
406,599,0.69
403,576,0.69
404,576,0.69
405,576,0.69
406,576,0.69
407,576,0.69
408,576,1.00
409,576,1.00
410,576,1.00
411,576,1.00
412,576,1.00
413,576,1.00
414,576,1.00
415,576,1.00
416,576,1.00
417,576,1.00
418,576,1.00
419,576,1.00
403,577,0.69
404,577,0.69
405,577,0.69
406,577,0.69
407,577,0.69
408,577,1.00
409,577,1.00
410,577,1.00
411,577,1.00
412,577,1.00
413,577,1.00
414,577,1.00
415,577,1.00
416,577,1.00
417,577,1.00
418,577,1.00
419,577,1.00
403,578,0.69
404,578,0.69
405,578,0.69
406,578,0.70
407,578,0.75
408,578,1.00
409,578,1.00
410,578,1.00
411,578,1.00
412,578,1.00
413,578,1.00
414,578,1.00
415,578,1.00
416,578,1.00
417,578,1.00
418,578,1.00
419,578,1.00
403,579,0.69
404,579,0.69
405,579,0.70
406,579,0.76
407,579,0.81
408,579,1.00
409,579,1.00
410,579,1.00
411,579,1.00
412,579,1.00
413,579,1.00
414,579,1.00
415,579,1.00
416,579,1.00
417,579,1.00
418,579,1.00
419,579,1.00
403,580,0.69
404,580,0.69
405,580,0.75
406,580,0.81
407,580,0.87
408,580,1.00
409,580,1.00
410,580,1.00
411,580,1.00
412,580,1.00
413,580,1.00
414,580,1.00
415,580,1.00
416,580,1.00
417,580,1.00
418,580,1.00
419,580,1.00
403,581,0.69
404,581,0.72
405,581,0.79
406,581,0.86
407,581,0.92
408,581,1.00
409,581,1.00
410,581,1.00
411,581,1.00
412,581,1.00
413,581,1.00
414,581,1.00
415,581,1.00
416,581,1.00
417,581,1.00
418,581,1.00
419,581,1.00
403,582,0.69
404,582,0.75
405,582,0.82
406,582,0.89
407,582,0.96
408,582,1.00
409,582,1.00
410,582,1.00
411,582,1.00
412,582,1.00
413,582,1.00
414,582,1.00
415,582,1.00
416,582,1.00
417,582,1.00
418,582,1.00
419,582,1.00
407,583,0.99
408,583,1.00
409,583,1.00
410,583,1.00
411,583,1.00
412,583,1.00
413,583,1.00
414,583,1.00
415,583,1.00
416,583,1.00
417,583,1.00
418,583,1.00
419,583,1.00
407,584,1.00
408,584,1.00
409,584,1.00
410,584,1.00
411,584,1.00
412,584,1.00
413,584,1.00
414,584,1.00
415,584,1.00
416,584,1.00
417,584,1.00
418,584,1.00
419,584,1.00
407,585,0.99
408,585,1.00
409,585,1.00
410,585,1.00
411,585,1.00
412,585,1.00
413,585,1.00
414,585,1.00
415,585,1.00
416,585,1.00
417,585,1.00
418,585,1.00
419,585,1.00
407,586,0.96
408,586,1.00
409,586,1.00
410,586,1.00
411,586,1.00
412,586,1.00
413,586,1.00
414,586,1.00
415,586,1.00
416,586,1.00
417,586,1.00
418,586,1.00
419,586,1.00
407,587,0.92
408,587,1.00
409,587,1.00
410,587,1.00
411,587,1.00
412,587,1.00
413,587,1.00
414,587,1.00
415,587,1.00
416,587,1.00
417,587,1.00
418,587,1.00
419,587,1.00
407,588,0.87
408,588,1.00
409,588,1.00
410,588,1.00
411,588,1.00
412,588,1.00
413,588,1.00
414,588,1.00
415,588,1.00
416,588,1.00
417,588,1.00
418,588,1.00
419,588,1.00
407,589,0.81
408,589,1.00
409,589,1.00
410,589,1.00
411,589,1.00
412,589,1.00
413,589,1.00
414,589,1.00
415,589,1.00
416,589,1.00
417,589,1.00
418,589,1.00
419,589,1.00
407,590,0.75
408,590,0.79
409,590,0.82
410,590,0.84
411,590,0.84
412,590,0.84
413,590,0.82
414,590,0.79
415,590,0.75
416,590,0.70
417,590,0.69
418,590,0.69
419,590,0.69
407,591,0.69
408,591,0.72
409,591,0.75
410,591,0.76
411,591,0.77
412,591,0.76
413,591,0.75
414,591,0.72
415,591,0.69
416,591,0.69
417,591,0.69
418,591,0.69
419,591,0.69
407,592,0.69
408,592,0.69
409,592,0.69
410,592,0.69
411,592,0.69
412,592,0.69
413,592,0.69
414,592,0.69
415,592,0.69
416,592,0.69
417,592,0.69
418,592,0.69
419,592,0.69
408,573,0.69
409,573,0.69
410,573,0.69
411,573,0.69
412,573,0.69
413,573,1.00
414,573,1.00
415,573,1.00
416,573,1.00
417,573,1.00
418,573,1.00
419,573,1.00
420,573,1.00
421,573,1.00
422,573,1.00
423,573,1.00
424,573,1.00
408,574,0.69
409,574,0.69
410,574,0.69
411,574,0.69
412,574,0.69
413,574,1.00
414,574,1.00
415,574,1.00
416,574,1.00
417,574,1.00
418,574,1.00
419,574,1.00
420,574,1.00
421,574,1.00
422,574,1.00
423,574,1.00
424,574,1.00
408,575,0.69
409,575,0.69
410,575,0.69
411,575,0.70
412,575,0.75
413,575,1.00
414,575,1.00
415,575,1.00
416,575,1.00
417,575,1.00
418,575,1.00
419,575,1.00
420,575,1.00
421,575,1.00
422,575,1.00
423,575,1.00
424,575,1.00
420,576,1.00
421,576,1.00
422,576,1.00
423,576,1.00
424,576,1.00
420,577,1.00
421,577,1.00
422,577,1.00
423,577,1.00
424,577,1.00
420,578,1.00
421,578,1.00
422,578,1.00
423,578,1.00
424,578,1.00
420,579,1.00
421,579,1.00
422,579,1.00
423,579,1.00
424,579,1.00
420,580,1.00
421,580,1.00
422,580,1.00
423,580,1.00
424,580,1.00
420,581,1.00
421,581,1.00
422,581,1.00
423,581,1.00
424,581,1.00
420,582,1.00
421,582,1.00
422,582,1.00
423,582,1.00
424,582,1.00
420,583,1.00
421,583,1.00
422,583,1.00
423,583,1.00
424,583,1.00
420,584,1.00
421,584,1.00
422,584,1.00
423,584,1.00
424,584,1.00
420,585,1.00
421,585,1.00
422,585,1.00
423,585,1.00
424,585,1.00
420,586,1.00
421,586,1.00
422,586,1.00
423,586,1.00
424,586,1.00
420,587,1.00
421,587,1.00
422,587,1.00
423,587,1.00
424,587,1.00
420,588,0.69
421,588,0.69
422,588,0.69
423,588,0.69
424,588,0.69
420,589,0.69
421,589,0.69
422,589,0.69
423,589,0.69
424,589,0.69
413,571,0.69
414,571,0.69
415,571,0.69
416,571,0.69
417,571,0.69
418,571,0.69
419,571,0.69
420,571,0.69
421,571,0.69
422,571,0.69
423,571,0.69
424,571,1.00
425,571,1.00
426,571,1.00
427,571,1.00
428,571,1.00
429,571,1.00
413,572,0.69
414,572,0.69
415,572,0.69
416,572,0.69
417,572,0.69
418,572,0.72
419,572,0.75
420,572,0.76
421,572,0.77
422,572,0.76
423,572,0.75
424,572,1.00
425,572,1.00
426,572,1.00
427,572,1.00
428,572,1.00
429,572,1.00
425,573,1.00
426,573,1.00
427,573,1.00
428,573,1.00
429,573,1.00
425,574,1.00
426,574,1.00
427,574,1.00
428,574,1.00
429,574,1.00
425,575,1.00
426,575,1.00
427,575,1.00
428,575,1.00
429,575,1.00
425,576,1.00
426,576,1.00
427,576,1.00
428,576,1.00
429,576,1.00
425,577,1.00
426,577,1.00
427,577,1.00
428,577,1.00
429,577,1.00
425,578,1.00
426,578,1.00
427,578,1.00
428,578,1.00
429,578,1.00
425,579,1.00
426,579,1.00
427,579,1.00
428,579,1.00
429,579,1.00
425,580,1.00
426,580,1.00
427,580,1.00
428,580,1.00
429,580,1.00
425,581,1.00
426,581,1.00
427,581,1.00
428,581,1.00
429,581,1.00
425,582,1.00
426,582,1.00
427,582,1.00
428,582,1.00
429,582,1.00
425,583,1.00
426,583,1.00
427,583,1.00
428,583,1.00
429,583,1.00
425,584,1.00
426,584,1.00
427,584,1.00
428,584,1.00
429,584,1.00
425,585,0.75
426,585,0.70
427,585,0.69
428,585,0.69
429,585,0.69
425,586,0.69
426,586,0.69
427,586,0.69
428,586,0.69
429,586,0.69
425,587,0.69
426,587,0.69
427,587,0.69
428,587,0.69
429,587,0.69
424,568,0.69
425,568,0.69
426,568,0.69
427,568,0.69
428,568,0.69
429,568,0.69
430,568,1.00
431,568,1.00
432,568,1.00
433,568,1.00
434,568,1.00
435,568,1.00
436,568,1.00
437,568,1.00
438,568,1.00
439,568,1.00
440,568,1.00
424,569,0.69
425,569,0.69
426,569,0.69
427,569,0.69
428,569,0.69
429,569,0.72
430,569,1.00
431,569,1.00
432,569,1.00
433,569,1.00
434,569,1.00
435,569,1.00
436,569,1.00
437,569,1.00
438,569,1.00
439,569,1.00
440,569,1.00
424,570,0.69
425,570,0.69
426,570,0.69
427,570,0.70
428,570,0.75
429,570,0.79
430,570,1.00
431,570,1.00
432,570,1.00
433,570,1.00
434,570,1.00
435,570,1.00
436,570,1.00
437,570,1.00
438,570,1.00
439,570,1.00
440,570,1.00
430,571,1.00
431,571,1.00
432,571,1.00
433,571,1.00
434,571,1.00
435,571,1.00
436,571,1.00
437,571,1.00
438,571,1.00
439,571,1.00
440,571,1.00
430,572,1.00
431,572,1.00
432,572,1.00
433,572,1.00
434,572,1.00
435,572,1.00
436,572,1.00
437,572,1.00
438,572,1.00
439,572,1.00
440,572,1.00
430,573,1.00
431,573,1.00
432,573,1.00
433,573,1.00
434,573,1.00
435,573,1.00
436,573,1.00
437,573,1.00
438,573,1.00
439,573,1.00
440,573,1.00
430,574,1.00
431,574,1.00
432,574,1.00
433,574,1.00
434,574,1.00
435,574,1.00
436,574,1.00
437,574,1.00
438,574,1.00
439,574,1.00
440,574,1.00
430,575,1.00
431,575,1.00
432,575,1.00
433,575,1.00
434,575,1.00
435,575,1.00
436,575,1.00
437,575,1.00
438,575,1.00
439,575,1.00
440,575,1.00
430,576,1.00
431,576,1.00
432,576,1.00
433,576,1.00
434,576,1.00
435,576,1.00
436,576,1.00
437,576,1.00
438,576,1.00
439,576,1.00
440,576,1.00
430,577,1.00
431,577,1.00
432,577,1.00
433,577,1.00
434,577,1.00
435,577,1.00
436,577,1.00
437,577,1.00
438,577,1.00
439,577,1.00
440,577,1.00
430,578,1.00
431,578,1.00
432,578,1.00
433,578,1.00
434,578,1.00
435,578,1.00
436,578,1.00
437,578,1.00
438,578,1.00
439,578,1.00
440,578,1.00
430,579,1.00
431,579,1.00
432,579,1.00
433,579,1.00
434,579,1.00
435,579,1.00
436,579,1.00
437,579,1.00
438,579,1.00
439,579,1.00
440,579,1.00
430,580,1.00
431,580,1.00
432,580,1.00
433,580,1.00
434,580,1.00
435,580,1.00
436,580,1.00
437,580,1.00
438,580,1.00
439,580,1.00
440,580,1.00
430,581,1.00
431,581,1.00
432,581,1.00
433,581,1.00
434,581,1.00
435,581,1.00
436,581,1.00
437,581,1.00
438,581,1.00
439,581,1.00
440,581,1.00
430,582,1.00
431,582,1.00
432,582,1.00
433,582,1.00
434,582,1.00
435,582,1.00
436,582,1.00
437,582,1.00
438,582,1.00
439,582,1.00
440,582,1.00
430,583,0.75
431,583,0.76
432,583,0.77
433,583,0.76
434,583,0.75
435,583,0.72
436,583,0.69
437,583,0.69
438,583,0.69
439,583,0.69
440,583,0.69
430,584,0.69
431,584,0.69
432,584,0.69
433,584,0.69
434,584,0.69
435,584,0.69
436,584,0.69
437,584,0.69
438,584,0.69
439,584,0.69
440,584,0.69
430,566,0.69
431,566,0.69
432,566,0.69
433,566,0.69
434,566,0.69
435,566,0.69
436,566,0.69
437,566,0.69
438,566,0.69
439,566,0.69
440,566,0.69
441,566,0.69
442,566,0.69
443,566,0.69
444,566,0.69
445,566,0.69
446,566,0.69
430,567,0.69
431,567,0.69
432,567,0.69
433,567,0.69
434,567,0.69
435,567,0.72
436,567,0.75
437,567,0.76
438,567,0.77
439,567,0.76
440,567,0.75
441,567,0.72
442,567,0.69
443,567,0.69
444,567,0.69
445,567,0.69
446,567,0.69
441,568,0.79
442,568,0.75
443,568,0.70
444,568,0.69
445,568,0.69
446,568,0.69
441,569,0.86
442,569,0.81
443,569,0.76
444,569,0.70
445,569,0.69
446,569,0.69
441,570,0.92
442,570,0.87
443,570,0.81
444,570,0.75
445,570,0.69
446,570,0.69
441,571,0.98
442,571,0.92
443,571,0.86
444,571,0.79
445,571,0.72
446,571,0.69
441,572,1.00
442,572,0.96
443,572,0.89
444,572,0.82
445,572,0.75
446,572,0.69
441,573,1.00
442,573,0.99
443,573,0.91
444,573,0.84
445,573,0.76
446,573,0.69
441,574,1.00
442,574,1.00
443,574,0.92
444,574,0.84
445,574,0.77
446,574,0.69
441,575,1.00
442,575,0.99
443,575,0.91
444,575,0.84
445,575,0.76
446,575,0.69
441,576,1.00
442,576,0.96
443,576,0.89
444,576,0.82
445,576,0.75
446,576,0.69
441,577,0.98
442,577,0.92
443,577,0.86
444,577,0.79
445,577,0.72
446,577,0.69
441,578,0.92
442,578,0.87
443,578,0.81
444,578,0.75
445,578,0.69
446,578,0.69
441,579,0.86
442,579,0.81
443,579,0.76
444,579,0.70
445,579,0.69
446,579,0.69
441,580,0.79
442,580,0.75
443,580,0.70
444,580,0.69
445,580,0.69
446,580,0.69
441,581,0.72
442,581,0.69
443,581,0.69
444,581,0.69
445,581,0.69
446,581,0.69
441,582,0.69
442,582,0.69
443,582,0.69
444,582,0.69
445,582,0.69
446,582,0.69

365,462,1.00
366,462,1.00
367,462,1.00
368,462,1.00
369,462,1.00
370,462,1.00
371,462,1.00
372,462,1.00
373,462,1.00
374,462,1.00
375,462,1.00
376,462,1.00
377,462,1.00
378,462,1.00
379,462,1.00
380,462,1.00
381,462,0.69
365,463,1.00
366,463,1.00
367,463,1.00
368,463,1.00
369,463,1.00
370,463,1.00
371,463,1.00
372,463,1.00
373,463,1.00
374,463,1.00
375,463,1.00
376,463,1.00
377,463,1.00
378,463,1.00
379,463,1.00
380,463,1.00
381,463,0.69
365,464,1.00
366,464,1.00
367,464,1.00
368,464,1.00
369,464,1.00
370,464,1.00
371,464,1.00
372,464,1.00
373,464,1.00
374,464,1.00
375,464,1.00
376,464,1.00
377,464,1.00
378,464,1.00
379,464,1.00
380,464,1.00
381,464,0.69
365,465,1.00
366,465,1.00
367,465,1.00
368,465,1.00
369,465,1.00
370,465,1.00
371,465,1.00
372,465,1.00
373,465,1.00
374,465,1.00
375,465,1.00
376,465,1.00
377,465,1.00
378,465,1.00
379,465,1.00
380,465,1.00
381,465,0.69
365,466,1.00
366,466,1.00
367,466,1.00
368,466,1.00
369,466,1.00
370,466,1.00
371,466,1.00
372,466,1.00
373,466,1.00
374,466,1.00
375,466,1.00
376,466,1.00
377,466,1.00
378,466,1.00
379,466,1.00
380,466,1.00
381,466,0.69
365,467,1.00
366,467,1.00
367,467,1.00
368,467,1.00
369,467,1.00
370,467,1.00
371,467,1.00
372,467,1.00
373,467,1.00
374,467,1.00
375,467,1.00
376,467,1.00
377,467,1.00
378,467,1.00
379,467,1.00
380,467,1.00
381,467,0.69
365,468,1.00
366,468,1.00
367,468,1.00
368,468,1.00
369,468,1.00
370,468,1.00
371,468,1.00
372,468,1.00
373,468,1.00
374,468,1.00
375,468,1.00
376,468,1.00
377,468,1.00
378,468,1.00
379,468,1.00
380,468,1.00
381,468,0.69
365,469,1.00
366,469,1.00
367,469,1.00
368,469,1.00
369,469,1.00
370,469,1.00
371,469,1.00
372,469,1.00
373,469,1.00
374,469,1.00
375,469,1.00
376,469,1.00
377,469,1.00
378,469,1.00
379,469,1.00
380,469,1.00
381,469,0.69
365,470,1.00
366,470,1.00
367,470,1.00
368,470,1.00
369,470,1.00
370,470,1.00
371,470,1.00
372,470,1.00
373,470,1.00
374,470,1.00
375,470,1.00
376,470,1.00
377,470,1.00
378,470,1.00
379,470,1.00
380,470,1.00
381,470,0.69
365,471,1.00
366,471,1.00
367,471,1.00
368,471,1.00
369,471,1.00
370,471,1.00
371,471,1.00
372,471,1.00
373,471,1.00
374,471,1.00
375,471,1.00
376,471,1.00
377,471,1.00
378,471,1.00
379,471,1.00
380,471,1.00
381,471,0.69
365,472,1.00
366,472,1.00
367,472,1.00
368,472,1.00
369,472,1.00
370,472,1.00
371,472,1.00
372,472,1.00
373,472,1.00
374,472,1.00
375,472,1.00
376,472,1.00
377,472,1.00
378,472,1.00
379,472,1.00
380,472,1.00
381,472,0.69
365,473,1.00
366,473,1.00
367,473,1.00
368,473,1.00
369,473,1.00
370,473,1.00
371,473,1.00
372,473,1.00
373,473,1.00
374,473,1.00
375,473,1.00
376,473,1.00
377,473,1.00
378,473,1.00
379,473,1.00
380,473,1.00
381,473,0.69
365,474,1.00
366,474,1.00
367,474,1.00
368,474,1.00
369,474,1.00
370,474,1.00
371,474,1.00
372,474,1.00
373,474,1.00
374,474,1.00
375,474,1.00
376,474,1.00
377,474,1.00
378,474,1.00
379,474,1.00
380,474,1.00
381,474,0.69
365,475,1.00
366,475,1.00
367,475,1.00
368,475,1.00
369,475,1.00
370,475,1.00
371,475,1.00
372,475,1.00
373,475,1.00
374,475,1.00
375,475,1.00
376,475,1.00
377,475,1.00
378,475,1.00
379,475,1.00
380,475,1.00
381,475,0.69
365,476,1.00
366,476,1.00
367,476,1.00
368,476,1.00
369,476,1.00
370,476,1.00
371,476,1.00
372,476,1.00
373,476,1.00
374,476,1.00
375,476,1.00
376,476,1.00
377,476,1.00
378,476,1.00
379,476,1.00
380,476,1.00
381,476,0.69
365,477,1.00
366,477,1.00
367,477,1.00
368,477,1.00
369,477,1.00
370,477,1.00
371,477,1.00
372,477,1.00
373,477,1.00
374,477,1.00
375,477,1.00
376,477,1.00
377,477,1.00
378,477,1.00
379,477,1.00
380,477,1.00
381,477,0.69
365,478,1.00
366,478,1.00
367,478,1.00
368,478,1.00
369,478,1.00
370,478,1.00
371,478,1.00
372,478,1.00
373,478,1.00
374,478,1.00
375,478,1.00
376,478,1.00
377,478,1.00
378,478,1.00
379,478,1.00
380,478,1.00
381,478,0.69
364,462,0.69
364,463,1.00
364,464,1.00
364,465,1.00
364,466,1.00
364,467,1.00
364,468,1.00
364,469,1.00
364,470,1.00
364,471,1.00
364,472,1.00
364,473,1.00
364,474,1.00
364,475,1.00
364,476,1.00
364,477,1.00
364,478,1.00
361,463,0.69
362,463,0.69
363,463,0.69
361,464,0.69
362,464,0.69
363,464,0.69
361,465,0.69
362,465,0.69
363,465,0.69
361,466,0.69
362,466,0.69
363,466,0.70
361,467,0.69
362,467,0.69
363,467,0.75
361,468,0.69
362,468,0.72
363,468,0.79
361,469,0.69
362,469,0.75
363,469,0.82
361,470,0.69
362,470,0.76
363,470,0.84
361,471,0.69
362,471,0.77
363,471,0.84
361,472,0.69
362,472,0.76
363,472,0.84
361,473,0.69
362,473,0.75
363,473,0.82
361,474,1.00
362,474,1.00
363,474,1.00
361,475,1.00
362,475,1.00
363,475,1.00
361,476,1.00
362,476,1.00
363,476,1.00
361,477,1.00
362,477,1.00
363,477,1.00
361,478,1.00
362,478,1.00
363,478,1.00
361,479,1.00
362,479,1.00
363,479,1.00
364,479,1.00
365,479,0.69
366,479,0.69
367,479,0.69
368,479,0.69
369,479,0.69
370,479,0.69
371,479,0.69
372,479,0.69
373,479,0.69
374,479,0.69
375,479,0.69
376,479,0.69
377,479,0.69
348,474,0.69
349,474,0.69
350,474,0.69
351,474,0.69
352,474,0.69
353,474,0.69
354,474,0.69
355,474,0.69
356,474,0.69
357,474,0.69
358,474,0.69
359,474,0.69
360,474,0.69
348,475,0.69
349,475,0.69
350,475,0.69
351,475,0.69
352,475,0.69
353,475,0.72
354,475,0.75
355,475,0.76
356,475,0.77
357,475,0.76
358,475,0.75
359,475,0.72
360,475,0.69
348,476,0.69
349,476,0.69
350,476,0.69
351,476,0.70
352,476,0.75
353,476,0.79
354,476,0.82
355,476,0.84
356,476,0.84
357,476,0.84
358,476,0.82
359,476,0.79
360,476,0.75
348,477,0.69
349,477,0.69
350,477,0.70
351,477,0.76
352,477,0.81
353,477,0.86
354,477,0.89
355,477,0.91
356,477,0.92
357,477,0.91
358,477,0.89
359,477,0.86
360,477,0.81
348,478,0.69
349,478,0.69
350,478,0.75
351,478,0.81
352,478,0.87
353,478,0.92
354,478,0.96
355,478,0.99
356,478,1.00
357,478,0.99
358,478,0.96
359,478,0.92
360,478,0.87
348,479,0.69
349,479,0.72
350,479,0.79
351,479,0.86
352,479,0.92
353,479,0.98
354,479,1.00
355,479,1.00
356,479,1.00
357,479,1.00
358,479,1.00
359,479,0.98
360,479,0.92
348,480,0.69
349,480,0.75
350,480,0.82
351,480,0.89
352,480,0.96
353,480,1.00
354,480,1.00
355,480,1.00
356,480,1.00
357,480,1.00
358,480,1.00
359,480,1.00
360,480,0.96
361,480,0.89
362,480,0.82
363,480,0.75
364,480,0.69
348,481,0.69
349,481,0.76
350,481,0.84
351,481,0.91
352,481,0.99
353,481,1.00
354,481,1.00
355,481,1.00
356,481,1.00
357,481,1.00
358,481,1.00
359,481,1.00
360,481,0.99
361,481,0.91
362,481,0.84
363,481,0.76
364,481,0.69
348,482,0.69
349,482,0.77
350,482,0.84
351,482,0.92
352,482,1.00
353,482,1.00
354,482,1.00
355,482,1.00
356,482,1.00
357,482,1.00
358,482,1.00
359,482,1.00
360,482,1.00
361,482,0.92
362,482,0.84
363,482,0.77
364,482,0.69
348,483,0.69
349,483,0.76
350,483,0.84
351,483,0.91
352,483,0.99
353,483,1.00
354,483,1.00
355,483,1.00
356,483,1.00
357,483,1.00
358,483,1.00
359,483,1.00
360,483,0.99
361,483,0.91
362,483,0.84
363,483,0.76
364,483,0.69
348,484,1.00
349,484,1.00
350,484,1.00
351,484,1.00
352,484,1.00
353,484,1.00
354,484,1.00
355,484,1.00
356,484,1.00
357,484,1.00
358,484,1.00
359,484,1.00
360,484,0.96
361,484,0.89
362,484,0.82
363,484,0.75
364,484,0.69
348,485,1.00
349,485,1.00
350,485,1.00
351,485,1.00
352,485,1.00
353,485,1.00
354,485,1.00
355,485,1.00
356,485,1.00
357,485,1.00
358,485,1.00
359,485,0.98
360,485,0.92
361,485,0.86
362,485,0.79
363,485,0.72
364,485,0.69
348,486,1.00
349,486,1.00
350,486,1.00
351,486,1.00
352,486,1.00
353,486,1.00
354,486,1.00
355,486,1.00
356,486,1.00
357,486,0.99
358,486,0.96
359,486,0.92
360,486,0.87
361,486,0.81
362,486,0.75
363,486,0.69
364,486,0.69
348,487,1.00
349,487,1.00
350,487,1.00
351,487,1.00
352,487,1.00
353,487,1.00
354,487,1.00
355,487,1.00
356,487,0.92
357,487,0.91
358,487,0.89
359,487,0.86
360,487,0.81
361,487,0.76
362,487,0.70
363,487,0.69
364,487,0.69
348,488,1.00
349,488,1.00
350,488,1.00
351,488,1.00
352,488,1.00
353,488,1.00
354,488,1.00
355,488,1.00
356,488,0.84
357,488,0.84
358,488,0.82
359,488,0.79
360,488,0.75
361,488,0.70
362,488,0.69
363,488,0.69
364,488,0.69
348,489,1.00
349,489,1.00
350,489,1.00
351,489,1.00
352,489,1.00
353,489,1.00
354,489,1.00
355,489,1.00
356,489,0.77
357,489,0.76
358,489,0.75
359,489,0.72
360,489,0.69
361,489,0.69
362,489,0.69
363,489,0.69
364,489,0.69
348,490,1.00
349,490,1.00
350,490,1.00
351,490,1.00
352,490,1.00
353,490,1.00
354,490,1.00
355,490,1.00
356,490,0.69
357,490,0.69
358,490,0.69
359,490,0.69
360,490,0.69
361,490,0.69
362,490,0.69
363,490,0.69
364,490,0.69
339,484,0.69
340,484,0.69
341,484,0.69
342,484,0.69
343,484,0.69
344,484,0.69
345,484,0.69
346,484,0.69
347,484,0.69
339,485,0.69
340,485,0.69
341,485,0.69
342,485,0.69
343,485,0.69
344,485,0.72
345,485,0.75
346,485,0.76
347,485,0.77
339,486,0.69
340,486,0.69
341,486,0.69
342,486,0.70
343,486,0.75
344,486,0.79
345,486,0.82
346,486,0.84
347,486,0.84
339,487,0.69
340,487,0.69
341,487,0.70
342,487,0.76
343,487,0.81
344,487,0.86
345,487,0.89
346,487,0.91
347,487,0.92
339,488,0.69
340,488,0.69
341,488,0.75
342,488,0.81
343,488,0.87
344,488,0.92
345,488,0.96
346,488,0.99
347,488,1.00
339,489,0.69
340,489,0.72
341,489,0.79
342,489,0.86
343,489,0.92
344,489,0.98
345,489,1.00
346,489,1.00
347,489,1.00
339,490,0.69
340,490,0.75
341,490,0.82
342,490,0.89
343,490,0.96
344,490,1.00
345,490,1.00
346,490,1.00
347,490,1.00
339,491,1.00
340,491,1.00
341,491,1.00
342,491,1.00
343,491,1.00
344,491,1.00
345,491,1.00
346,491,1.00
347,491,1.00
348,491,1.00
349,491,1.00
350,491,1.00
351,491,0.99
352,491,0.91
353,491,0.84
354,491,0.76
355,491,0.69
339,492,1.00
340,492,1.00
341,492,1.00
342,492,1.00
343,492,1.00
344,492,1.00
345,492,1.00
346,492,1.00
347,492,1.00
348,492,1.00
349,492,1.00
350,492,1.00
351,492,1.00
352,492,0.92
353,492,0.84
354,492,0.77
355,492,0.69
339,493,1.00
340,493,1.00
341,493,1.00
342,493,1.00
343,493,1.00
344,493,1.00
345,493,1.00
346,493,1.00
347,493,1.00
348,493,1.00
349,493,1.00
350,493,1.00
351,493,0.99
352,493,0.91
353,493,0.84
354,493,0.76
355,493,0.69
339,494,1.00
340,494,1.00
341,494,1.00
342,494,1.00
343,494,1.00
344,494,1.00
345,494,1.00
346,494,1.00
347,494,1.00
348,494,1.00
349,494,1.00
350,494,1.00
351,494,0.96
352,494,0.89
353,494,0.82
354,494,0.75
355,494,0.69
339,495,1.00
340,495,1.00
341,495,1.00
342,495,1.00
343,495,1.00
344,495,1.00
345,495,1.00
346,495,1.00
347,495,1.00
348,495,1.00
349,495,1.00
350,495,0.98
351,495,0.92
352,495,0.86
353,495,0.79
354,495,0.72
355,495,0.69
339,496,1.00
340,496,1.00
341,496,1.00
342,496,1.00
343,496,1.00
344,496,1.00
345,496,1.00
346,496,1.00
347,496,1.00
348,496,0.99
349,496,0.96
350,496,0.92
351,496,0.87
352,496,0.81
353,496,0.75
354,496,0.69
355,496,0.69
339,497,1.00
340,497,1.00
341,497,1.00
342,497,1.00
343,497,1.00
344,497,1.00
345,497,1.00
346,497,1.00
347,497,0.92
348,497,0.91
349,497,0.89
350,497,0.86
351,497,0.81
352,497,0.76
353,497,0.70
354,497,0.69
355,497,0.69
339,498,1.00
340,498,1.00
341,498,1.00
342,498,1.00
343,498,1.00
344,498,1.00
345,498,1.00
346,498,1.00
347,498,0.84
348,498,0.84
349,498,0.82
350,498,0.79
351,498,0.75
352,498,0.70
353,498,0.69
354,498,0.69
355,498,0.69
339,499,1.00
340,499,1.00
341,499,1.00
342,499,1.00
343,499,1.00
344,499,1.00
345,499,1.00
346,499,1.00
347,499,0.77
348,499,0.76
349,499,0.75
350,499,0.72
351,499,0.69
352,499,0.69
353,499,0.69
354,499,0.69
355,499,0.69
339,500,1.00
340,500,1.00
341,500,1.00
342,500,1.00
343,500,1.00
344,500,1.00
345,500,1.00
346,500,1.00
347,500,0.69
348,500,0.69
349,500,0.69
350,500,0.69
351,500,0.69
352,500,0.69
353,500,0.69
354,500,0.69
355,500,0.69
330,491,0.69
331,491,0.69
332,491,0.69
333,491,0.69
334,491,0.69
335,491,0.69
336,491,0.69
337,491,0.69
338,491,0.69
330,492,0.69
331,492,0.69
332,492,0.69
333,492,0.69
334,492,0.69
335,492,0.72
336,492,0.75
337,492,0.76
338,492,0.77
330,493,0.69
331,493,0.69
332,493,0.69
333,493,0.70
334,493,0.75
335,493,0.79
336,493,0.82
337,493,0.84
338,493,0.84
330,494,0.69
331,494,0.69
332,494,0.70
333,494,0.76
334,494,0.81
335,494,0.86
336,494,0.89
337,494,0.91
338,494,0.92
330,495,0.69
331,495,0.69
332,495,0.75
333,495,0.81
334,495,0.87
335,495,0.92
336,495,0.96
337,495,0.99
338,495,1.00
330,496,0.69
331,496,0.72
332,496,0.79
333,496,0.86
334,496,0.92
335,496,0.98
336,496,1.00
337,496,1.00
338,496,1.00
330,497,0.69
331,497,0.75
332,497,0.82
333,497,0.89
334,497,0.96
335,497,1.00
336,497,1.00
337,497,1.00
338,497,1.00
330,498,0.69
331,498,0.76
332,498,0.84
333,498,0.91
334,498,0.99
335,498,1.00
336,498,1.00
337,498,1.00
338,498,1.00
330,499,0.69
331,499,0.77
332,499,0.84
333,499,0.92
334,499,1.00
335,499,1.00
336,499,1.00
337,499,1.00
338,499,1.00
330,500,0.69
331,500,0.76
332,500,0.84
333,500,0.91
334,500,0.99
335,500,1.00
336,500,1.00
337,500,1.00
338,500,1.00
330,501,1.00
331,501,1.00
332,501,1.00
333,501,0.89
334,501,0.96
335,501,1.00
336,501,1.00
337,501,1.00
338,501,1.00
339,501,1.00
340,501,1.00
341,501,1.00
342,501,0.96
343,501,0.89
344,501,0.82
345,501,0.75
346,501,0.69
330,502,1.00
331,502,1.00
332,502,1.00
333,502,0.86
334,502,0.92
335,502,0.98
336,502,1.00
337,502,1.00
338,502,1.00
339,502,1.00
340,502,1.00
341,502,0.98
342,502,0.92
343,502,0.86
344,502,0.79
345,502,0.72
346,502,0.69
330,503,1.00
331,503,1.00
332,503,1.00
333,503,0.81
334,503,0.87
335,503,0.92
336,503,0.96
337,503,0.99
338,503,1.00
339,503,0.99
340,503,0.96
341,503,0.92
342,503,0.87
343,503,0.81
344,503,0.75
345,503,0.69
346,503,0.69
330,504,1.00
331,504,1.00
332,504,1.00
333,504,0.76
334,504,0.81
335,504,0.86
336,504,0.89
337,504,0.91
338,504,0.92
339,504,0.91
340,504,0.89
341,504,0.86
342,504,0.81
343,504,0.76
344,504,0.70
345,504,0.69
346,504,0.69
330,505,1.00
331,505,1.00
332,505,1.00
333,505,0.70
334,505,0.75
335,505,0.79
336,505,0.82
337,505,0.84
338,505,0.84
339,505,0.84
340,505,0.82
341,505,0.79
342,505,0.75
343,505,0.70
344,505,0.69
345,505,0.69
346,505,0.69
330,506,1.00
331,506,1.00
332,506,1.00
333,506,0.69
334,506,0.69
335,506,0.72
336,506,0.75
337,506,0.76
338,506,0.77
339,506,0.76
340,506,0.75
341,506,0.72
342,506,0.69
343,506,0.69
344,506,0.69
345,506,0.69
346,506,0.69
330,507,1.00
331,507,1.00
332,507,1.00
333,507,0.69
334,507,0.69
335,507,0.69
336,507,0.69
337,507,0.69
338,507,0.69
339,507,0.69
340,507,0.69
341,507,0.69
342,507,0.69
343,507,0.69
344,507,0.69
345,507,0.69
346,507,0.69
316,501,0.69
317,501,0.69
318,501,0.69
319,501,0.69
320,501,0.69
321,501,0.69
322,501,0.69
323,501,0.69
324,501,0.69
325,501,0.69
326,501,0.69
327,501,0.69
328,501,0.69
329,501,0.69
316,502,0.69
317,502,0.69
318,502,0.69
319,502,0.69
320,502,0.69
321,502,0.72
322,502,0.75
323,502,0.76
324,502,0.77
325,502,0.76
326,502,0.75
327,502,0.72
328,502,0.69
329,502,0.69
316,503,0.69
317,503,0.69
318,503,0.69
319,503,0.70
320,503,0.75
321,503,0.79
322,503,0.82
323,503,0.84
324,503,0.84
325,503,0.84
326,503,0.82
327,503,0.79
328,503,0.75
329,503,0.70
316,504,1.00
317,504,1.00
318,504,1.00
319,504,1.00
320,504,1.00
321,504,1.00
322,504,1.00
323,504,1.00
324,504,1.00
325,504,1.00
326,504,1.00
327,504,1.00
328,504,0.81
329,504,0.76
316,505,1.00
317,505,1.00
318,505,1.00
319,505,1.00
320,505,1.00
321,505,1.00
322,505,1.00
323,505,1.00
324,505,1.00
325,505,1.00
326,505,1.00
327,505,1.00
328,505,0.87
329,505,0.81
316,506,1.00
317,506,1.00
318,506,1.00
319,506,1.00
320,506,1.00
321,506,1.00
322,506,1.00
323,506,1.00
324,506,1.00
325,506,1.00
326,506,1.00
327,506,1.00
328,506,0.92
329,506,0.86
316,507,1.00
317,507,1.00
318,507,1.00
319,507,1.00
320,507,1.00
321,507,1.00
322,507,1.00
323,507,1.00
324,507,1.00
325,507,1.00
326,507,1.00
327,507,1.00
328,507,0.96
329,507,0.89
316,508,1.00
317,508,1.00
318,508,1.00
319,508,1.00
320,508,1.00
321,508,1.00
322,508,1.00
323,508,1.00
324,508,1.00
325,508,1.00
326,508,1.00
327,508,1.00
328,508,0.99
329,508,0.91
330,508,0.84
331,508,0.76
332,508,0.69
316,509,1.00
317,509,1.00
318,509,1.00
319,509,1.00
320,509,1.00
321,509,1.00
322,509,1.00
323,509,1.00
324,509,1.00
325,509,1.00
326,509,1.00
327,509,1.00
328,509,1.00
329,509,0.92
330,509,0.84
331,509,0.77
332,509,0.69
316,510,1.00
317,510,1.00
318,510,1.00
319,510,1.00
320,510,1.00
321,510,1.00
322,510,1.00
323,510,1.00
324,510,1.00
325,510,1.00
326,510,1.00
327,510,1.00
328,510,0.99
329,510,0.91
330,510,0.84
331,510,0.76
332,510,0.69
316,511,1.00
317,511,1.00
318,511,1.00
319,511,1.00
320,511,1.00
321,511,1.00
322,511,1.00
323,511,1.00
324,511,1.00
325,511,1.00
326,511,1.00
327,511,1.00
328,511,0.96
329,511,0.89
330,511,0.82
331,511,0.75
332,511,0.69
316,512,1.00
317,512,1.00
318,512,1.00
319,512,1.00
320,512,1.00
321,512,1.00
322,512,1.00
323,512,1.00
324,512,1.00
325,512,1.00
326,512,1.00
327,512,1.00
328,512,0.92
329,512,0.86
330,512,0.79
331,512,0.72
332,512,0.69
316,513,1.00
317,513,1.00
318,513,1.00
319,513,1.00
320,513,1.00
321,513,1.00
322,513,1.00
323,513,1.00
324,513,1.00
325,513,1.00
326,513,1.00
327,513,1.00
328,513,0.87
329,513,0.81
330,513,0.75
331,513,0.69
332,513,0.69
316,514,1.00
317,514,1.00
318,514,1.00
319,514,1.00
320,514,1.00
321,514,1.00
322,514,1.00
323,514,1.00
324,514,1.00
325,514,1.00
326,514,1.00
327,514,1.00
328,514,0.81
329,514,0.76
330,514,0.70
331,514,0.69
332,514,0.69
316,515,1.00
317,515,1.00
318,515,1.00
319,515,1.00
320,515,1.00
321,515,1.00
322,515,1.00
323,515,1.00
324,515,1.00
325,515,1.00
326,515,1.00
327,515,1.00
328,515,0.75
329,515,0.70
330,515,0.69
331,515,0.69
332,515,0.69
316,516,1.00
317,516,1.00
318,516,1.00
319,516,1.00
320,516,1.00
321,516,1.00
322,516,1.00
323,516,1.00
324,516,1.00
325,516,1.00
326,516,1.00
327,516,1.00
328,516,0.69
329,516,0.69
330,516,0.69
331,516,0.69
332,516,0.69
316,517,1.00
317,517,1.00
318,517,1.00
319,517,1.00
320,517,1.00
321,517,1.00
322,517,1.00
323,517,1.00
324,517,1.00
325,517,1.00
326,517,1.00
327,517,1.00
328,517,0.69
329,517,0.69
330,517,0.69
331,517,0.69
332,517,0.69
311,504,0.69
312,504,0.69
313,504,0.69
314,504,0.69
315,504,0.69
311,505,0.69
312,505,0.69
313,505,0.69
314,505,0.69
315,505,0.69
311,506,0.69
312,506,0.69
313,506,0.69
314,506,0.70
315,506,0.75
311,507,1.00
312,507,1.00
313,507,1.00
314,507,1.00
315,507,1.00
311,508,1.00
312,508,1.00
313,508,1.00
314,508,1.00
315,508,1.00
311,509,1.00
312,509,1.00
313,509,1.00
314,509,1.00
315,509,1.00
311,510,1.00
312,510,1.00
313,510,1.00
314,510,1.00
315,510,1.00
311,511,1.00
312,511,1.00
313,511,1.00
314,511,1.00
315,511,1.00
311,512,1.00
312,512,1.00
313,512,1.00
314,512,1.00
315,512,1.00
311,513,1.00
312,513,1.00
313,513,1.00
314,513,1.00
315,513,1.00
311,514,1.00
312,514,1.00
313,514,1.00
314,514,1.00
315,514,1.00
311,515,1.00
312,515,1.00
313,515,1.00
314,515,1.00
315,515,1.00
311,516,1.00
312,516,1.00
313,516,1.00
314,516,1.00
315,516,1.00
311,517,1.00
312,517,1.00
313,517,1.00
314,517,1.00
315,517,1.00
311,518,1.00
312,518,1.00
313,518,1.00
314,518,1.00
315,518,1.00
316,518,1.00
317,518,1.00
318,518,1.00
319,518,1.00
320,518,1.00
321,518,1.00
322,518,1.00
323,518,1.00
324,518,0.70
325,518,0.69
326,518,0.69
327,518,0.69
311,519,1.00
312,519,1.00
313,519,1.00
314,519,1.00
315,519,1.00
316,519,1.00
317,519,1.00
318,519,1.00
319,519,1.00
320,519,1.00
321,519,1.00
322,519,1.00
323,519,1.00
324,519,0.69
325,519,0.69
326,519,0.69
327,519,0.69
311,520,1.00
312,520,1.00
313,520,1.00
314,520,1.00
315,520,1.00
316,520,1.00
317,520,1.00
318,520,1.00
319,520,1.00
320,520,1.00
321,520,1.00
322,520,1.00
323,520,1.00
324,520,0.69
325,520,0.69
326,520,0.69
327,520,0.69
307,507,0.69
308,507,0.69
309,507,0.69
310,507,0.69
307,508,0.69
308,508,0.69
309,508,0.69
310,508,0.69
307,509,0.69
308,509,0.69
309,509,0.69
310,509,0.70
307,510,1.00
308,510,1.00
309,510,1.00
310,510,1.00
307,511,1.00
308,511,1.00
309,511,1.00
310,511,1.00
307,512,1.00
308,512,1.00
309,512,1.00
310,512,1.00
307,513,1.00
308,513,1.00
309,513,1.00
310,513,1.00
307,514,1.00
308,514,1.00
309,514,1.00
310,514,1.00
307,515,1.00
308,515,1.00
309,515,1.00
310,515,1.00
307,516,1.00
308,516,1.00
309,516,1.00
310,516,1.00
307,517,1.00
308,517,1.00
309,517,1.00
310,517,1.00
307,518,1.00
308,518,1.00
309,518,1.00
310,518,1.00
307,519,1.00
308,519,1.00
309,519,1.00
310,519,1.00
307,520,1.00
308,520,1.00
309,520,1.00
310,520,1.00
307,521,1.00
308,521,1.00
309,521,1.00
310,521,1.00
311,521,1.00
312,521,1.00
313,521,1.00
314,521,1.00
315,521,1.00
316,521,1.00
317,521,1.00
318,521,1.00
319,521,1.00
320,521,1.00
321,521,0.69
322,521,0.69
323,521,0.69
307,522,1.00
308,522,1.00
309,522,1.00
310,522,1.00
311,522,1.00
312,522,1.00
313,522,1.00
314,522,1.00
315,522,1.00
316,522,1.00
317,522,1.00
318,522,1.00
319,522,1.00
320,522,1.00
321,522,0.69
322,522,0.69
323,522,0.69
307,523,1.00
308,523,1.00
309,523,1.00
310,523,1.00
311,523,1.00
312,523,1.00
313,523,1.00
314,523,1.00
315,523,1.00
316,523,1.00
317,523,1.00
318,523,1.00
319,523,1.00
320,523,1.00
321,523,0.69
322,523,0.69
323,523,0.69
304,510,0.69
305,510,0.69
306,510,0.69
304,511,1.00
305,511,1.00
306,511,1.00
304,512,1.00
305,512,1.00
306,512,1.00
304,513,1.00
305,513,1.00
306,513,1.00
304,514,1.00
305,514,1.00
306,514,1.00
304,515,1.00
305,515,1.00
306,515,1.00
304,516,1.00
305,516,1.00
306,516,1.00
304,517,1.00
305,517,1.00
306,517,1.00
304,518,1.00
305,518,1.00
306,518,1.00
304,519,1.00
305,519,1.00
306,519,1.00
304,520,1.00
305,520,1.00
306,520,1.00
304,521,1.00
305,521,1.00
306,521,1.00
304,522,1.00
305,522,1.00
306,522,1.00
304,523,1.00
305,523,1.00
306,523,1.00
304,524,1.00
305,524,1.00
306,524,1.00
307,524,1.00
308,524,1.00
309,524,1.00
310,524,1.00
311,524,1.00
312,524,1.00
313,524,1.00
314,524,1.00
315,524,1.00
316,524,1.00
317,524,1.00
318,524,1.00
319,524,1.00
320,524,0.69
304,525,1.00
305,525,1.00
306,525,1.00
307,525,1.00
308,525,1.00
309,525,1.00
310,525,1.00
311,525,1.00
312,525,1.00
313,525,1.00
314,525,1.00
315,525,1.00
316,525,1.00
317,525,1.00
318,525,1.00
319,525,1.00
320,525,0.69
304,526,1.00
305,526,1.00
306,526,1.00
307,526,1.00
308,526,1.00
309,526,1.00
310,526,1.00
311,526,1.00
312,526,1.00
313,526,1.00
314,526,1.00
315,526,1.00
316,526,1.00
317,526,1.00
318,526,1.00
319,526,1.00
320,526,0.69
303,511,0.69
303,512,0.69
303,513,0.69
303,514,0.69
303,515,0.69
303,516,0.69
303,517,1.00
303,518,1.00
303,519,1.00
303,520,1.00
303,521,1.00
303,522,1.00
303,523,1.00
303,524,1.00
303,525,1.00
303,526,1.00
303,527,1.00
304,527,1.00
305,527,1.00
306,527,1.00
307,527,1.00
308,527,1.00
309,527,1.00
310,527,1.00
311,527,1.00
312,527,1.00
313,527,1.00
314,527,1.00
315,527,0.69
316,527,0.69
317,527,0.69
318,527,0.69
319,527,0.69
298,517,0.69
299,517,0.69
300,517,0.69
301,517,0.69
302,517,0.69
298,518,0.69
299,518,0.69
300,518,0.69
301,518,0.69
302,518,0.69
298,519,0.69
299,519,0.69
300,519,0.69
301,519,0.70
302,519,0.75
298,520,0.69
299,520,0.69
300,520,0.70
301,520,0.76
302,520,0.81
298,521,1.00
299,521,1.00
300,521,1.00
301,521,1.00
302,521,1.00
298,522,1.00
299,522,1.00
300,522,1.00
301,522,1.00
302,522,1.00
298,523,1.00
299,523,1.00
300,523,1.00
301,523,1.00
302,523,1.00
298,524,1.00
299,524,1.00
300,524,1.00
301,524,1.00
302,524,1.00
298,525,1.00
299,525,1.00
300,525,1.00
301,525,1.00
302,525,1.00
298,526,1.00
299,526,1.00
300,526,1.00
301,526,1.00
302,526,1.00
298,527,1.00
299,527,1.00
300,527,1.00
301,527,1.00
302,527,1.00
298,528,1.00
299,528,1.00
300,528,1.00
301,528,1.00
302,528,1.00
303,528,1.00
304,528,1.00
305,528,1.00
306,528,1.00
307,528,1.00
308,528,1.00
309,528,1.00
310,528,1.00
311,528,1.00
312,528,0.79
313,528,0.72
314,528,0.69
298,529,1.00
299,529,1.00
300,529,1.00
301,529,1.00
302,529,1.00
303,529,1.00
304,529,1.00
305,529,1.00
306,529,1.00
307,529,1.00
308,529,1.00
309,529,1.00
310,529,1.00
311,529,1.00
312,529,0.75
313,529,0.69
314,529,0.69
298,530,1.00
299,530,1.00
300,530,1.00
301,530,1.00
302,530,1.00
303,530,1.00
304,530,1.00
305,530,1.00
306,530,1.00
307,530,1.00
308,530,1.00
309,530,1.00
310,530,1.00
311,530,1.00
312,530,0.70
313,530,0.69
314,530,0.69
298,531,1.00
299,531,1.00
300,531,1.00
301,531,1.00
302,531,1.00
303,531,1.00
304,531,1.00
305,531,1.00
306,531,1.00
307,531,1.00
308,531,1.00
309,531,1.00
310,531,1.00
311,531,1.00
312,531,0.69
313,531,0.69
314,531,0.69
298,532,1.00
299,532,1.00
300,532,1.00
301,532,1.00
302,532,1.00
303,532,1.00
304,532,1.00
305,532,1.00
306,532,1.00
307,532,1.00
308,532,1.00
309,532,1.00
310,532,1.00
311,532,1.00
312,532,0.69
313,532,0.69
314,532,0.69
298,533,1.00
299,533,1.00
300,533,1.00
301,533,1.00
302,533,1.00
303,533,1.00
304,533,1.00
305,533,1.00
306,533,1.00
307,533,1.00
308,533,1.00
309,533,1.00
310,533,1.00
311,533,1.00
312,533,0.69
313,533,0.69
314,533,0.69
295,521,0.69
296,521,0.69
297,521,0.69
295,522,0.69
296,522,0.69
297,522,0.69
295,523,0.69
296,523,0.69
297,523,0.69
295,524,0.69
296,524,0.69
297,524,0.70
295,525,0.69
296,525,0.69
297,525,0.75
295,526,1.00
296,526,1.00
297,526,1.00
295,527,1.00
296,527,1.00
297,527,1.00
295,528,1.00
296,528,1.00
297,528,1.00
295,529,1.00
296,529,1.00
297,529,1.00
295,530,1.00
296,530,1.00
297,530,1.00
295,531,1.00
296,531,1.00
297,531,1.00
295,532,1.00
296,532,1.00
297,532,1.00
295,533,1.00
296,533,1.00
297,533,1.00
295,534,1.00
296,534,1.00
297,534,1.00
298,534,1.00
299,534,1.00
300,534,1.00
301,534,1.00
302,534,1.00
303,534,1.00
304,534,1.00
305,534,1.00
306,534,1.00
307,534,1.00
308,534,1.00
309,534,1.00
310,534,0.69
311,534,0.69
295,535,1.00
296,535,1.00
297,535,1.00
298,535,1.00
299,535,1.00
300,535,1.00
301,535,1.00
302,535,1.00
303,535,1.00
304,535,1.00
305,535,1.00
306,535,1.00
307,535,1.00
308,535,1.00
309,535,1.00
310,535,0.69
311,535,0.69
295,536,1.00
296,536,1.00
297,536,1.00
298,536,1.00
299,536,1.00
300,536,1.00
301,536,1.00
302,536,1.00
303,536,1.00
304,536,1.00
305,536,1.00
306,536,1.00
307,536,1.00
308,536,1.00
309,536,1.00
310,536,0.69
311,536,0.69
295,537,1.00
296,537,1.00
297,537,1.00
298,537,1.00
299,537,1.00
300,537,1.00
301,537,1.00
302,537,1.00
303,537,1.00
304,537,1.00
305,537,1.00
306,537,1.00
307,537,1.00
308,537,1.00
309,537,1.00
310,537,0.69
311,537,0.69
293,526,0.69
294,526,0.69
293,527,0.69
294,527,0.69
293,528,0.69
294,528,0.69
293,529,1.00
294,529,1.00
293,530,1.00
294,530,1.00
293,531,1.00
294,531,1.00
293,532,1.00
294,532,1.00
293,533,1.00
294,533,1.00
293,534,1.00
294,534,1.00
293,535,1.00
294,535,1.00
293,536,1.00
294,536,1.00
293,537,1.00
294,537,1.00
293,538,1.00
294,538,1.00
295,538,1.00
296,538,1.00
297,538,1.00
298,538,1.00
299,538,1.00
300,538,1.00
301,538,1.00
302,538,1.00
303,538,1.00
304,538,1.00
305,538,1.00
306,538,1.00
307,538,1.00
308,538,0.69
309,538,0.69
293,539,1.00
294,539,1.00
295,539,1.00
296,539,1.00
297,539,1.00
298,539,1.00
299,539,1.00
300,539,1.00
301,539,1.00
302,539,1.00
303,539,1.00
304,539,1.00
305,539,1.00
306,539,1.00
307,539,1.00
308,539,0.69
309,539,0.69
293,540,1.00
294,540,1.00
295,540,1.00
296,540,1.00
297,540,1.00
298,540,1.00
299,540,1.00
300,540,1.00
301,540,1.00
302,540,1.00
303,540,1.00
304,540,1.00
305,540,1.00
306,540,1.00
307,540,1.00
308,540,0.69
309,540,0.69
293,541,1.00
294,541,1.00
295,541,1.00
296,541,1.00
297,541,1.00
298,541,1.00
299,541,1.00
300,541,1.00
301,541,1.00
302,541,1.00
303,541,1.00
304,541,1.00
305,541,1.00
306,541,1.00
307,541,1.00
308,541,0.69
309,541,0.69
293,542,1.00
294,542,1.00
295,542,1.00
296,542,1.00
297,542,1.00
298,542,1.00
299,542,1.00
300,542,1.00
301,542,1.00
302,542,1.00
303,542,1.00
304,542,1.00
305,542,1.00
306,542,1.00
307,542,1.00
308,542,1.00
309,542,1.00
290,529,0.69
291,529,0.69
292,529,0.69
290,530,1.00
291,530,1.00
292,530,1.00
290,531,1.00
291,531,1.00
292,531,1.00
290,532,1.00
291,532,1.00
292,532,1.00
290,533,1.00
291,533,1.00
292,533,1.00
290,534,1.00
291,534,1.00
292,534,1.00
290,535,1.00
291,535,1.00
292,535,1.00
290,536,1.00
291,536,1.00
292,536,1.00
290,537,1.00
291,537,1.00
292,537,1.00
290,538,1.00
291,538,1.00
292,538,1.00
290,539,1.00
291,539,1.00
292,539,1.00
290,540,1.00
291,540,1.00
292,540,1.00
290,541,1.00
291,541,1.00
292,541,1.00
290,542,1.00
291,542,1.00
292,542,1.00
290,543,1.00
291,543,1.00
292,543,1.00
293,543,1.00
294,543,1.00
295,543,1.00
296,543,1.00
297,543,1.00
298,543,1.00
299,543,1.00
300,543,1.00
301,543,1.00
302,543,1.00
303,543,1.00
304,543,1.00
305,543,1.00
306,543,1.00
290,544,1.00
291,544,1.00
292,544,1.00
293,544,1.00
294,544,1.00
295,544,1.00
296,544,1.00
297,544,1.00
298,544,1.00
299,544,1.00
300,544,1.00
301,544,1.00
302,544,1.00
303,544,1.00
304,544,1.00
305,544,1.00
306,544,1.00
290,545,1.00
291,545,1.00
292,545,1.00
293,545,1.00
294,545,1.00
295,545,1.00
296,545,1.00
297,545,1.00
298,545,1.00
299,545,1.00
300,545,1.00
301,545,1.00
302,545,1.00
303,545,1.00
304,545,1.00
305,545,1.00
306,545,1.00
289,530,1.00
289,531,1.00
289,532,1.00
289,533,1.00
289,534,1.00
289,535,1.00
289,536,1.00
289,537,1.00
289,538,1.00
289,539,1.00
289,540,1.00
289,541,1.00
289,542,1.00
289,543,1.00
289,544,1.00
289,545,1.00
289,546,1.00
290,546,1.00
291,546,1.00
292,546,1.00
293,546,1.00
294,546,1.00
295,546,1.00
296,546,1.00
297,546,1.00
298,546,1.00
299,546,1.00
300,546,1.00
301,546,1.00
302,546,1.00
303,546,1.00
304,546,1.00
305,546,1.00
307,543,1.00
307,544,1.00
307,545,1.00
306,546,1.00
307,546,1.00
291,547,0.69
292,547,0.69
293,547,0.69
294,547,0.69
295,547,0.69
296,547,0.69
297,547,0.69
298,547,0.69
299,547,0.69
300,547,0.69
301,547,0.69
302,547,0.69
303,547,1.00
304,547,1.00
305,547,1.00
306,547,1.00
307,547,1.00
310,542,0.69
311,542,0.69
312,542,0.69
313,542,0.69
314,542,0.69
315,542,0.69
316,542,0.69
317,542,0.69
318,542,0.69
319,542,0.69
308,543,0.72
309,543,0.75
310,543,0.76
311,543,0.77
312,543,0.76
313,543,0.75
314,543,0.72
315,543,0.69
316,543,0.69
317,543,0.69
318,543,0.69
319,543,0.69
308,544,0.79
309,544,0.82
310,544,0.84
311,544,0.84
312,544,0.84
313,544,0.82
314,544,0.79
315,544,0.75
316,544,0.70
317,544,0.69
318,544,0.69
319,544,0.69
308,545,0.86
309,545,0.89
310,545,0.91
311,545,0.92
312,545,0.91
313,545,0.89
314,545,0.86
315,545,0.81
316,545,0.76
317,545,0.70
318,545,0.69
319,545,0.69
308,546,0.92
309,546,0.96
310,546,0.99
311,546,1.00
312,546,0.99
313,546,0.96
314,546,0.92
315,546,0.87
316,546,0.81
317,546,0.75
318,546,0.69
319,546,0.69
308,547,1.00
309,547,1.00
310,547,1.00
311,547,1.00
312,547,1.00
313,547,1.00
314,547,1.00
315,547,1.00
316,547,1.00
317,547,1.00
318,547,1.00
319,547,1.00
303,548,0.69
304,548,0.75
305,548,0.82
306,548,0.89
307,548,0.96
308,548,1.00
309,548,1.00
310,548,1.00
311,548,1.00
312,548,1.00
313,548,1.00
314,548,1.00
315,548,1.00
316,548,1.00
317,548,1.00
318,548,1.00
319,548,1.00
303,549,0.69
304,549,0.76
305,549,0.84
306,549,0.91
307,549,0.99
308,549,1.00
309,549,1.00
310,549,1.00
311,549,1.00
312,549,1.00
313,549,1.00
314,549,1.00
315,549,1.00
316,549,1.00
317,549,1.00
318,549,1.00
319,549,1.00
303,550,0.69
304,550,0.77
305,550,0.84
306,550,0.92
307,550,1.00
308,550,1.00
309,550,1.00
310,550,1.00
311,550,1.00
312,550,1.00
313,550,1.00
314,550,1.00
315,550,1.00
316,550,1.00
317,550,1.00
318,550,1.00
319,550,1.00
303,551,0.69
304,551,0.76
305,551,0.84
306,551,0.91
307,551,0.99
308,551,1.00
309,551,1.00
310,551,1.00
311,551,1.00
312,551,1.00
313,551,1.00
314,551,1.00
315,551,1.00
316,551,1.00
317,551,1.00
318,551,1.00
319,551,1.00
303,552,0.69
304,552,0.75
305,552,0.82
306,552,0.89
307,552,0.96
308,552,1.00
309,552,1.00
310,552,1.00
311,552,1.00
312,552,1.00
313,552,1.00
314,552,1.00
315,552,1.00
316,552,1.00
317,552,1.00
318,552,1.00
319,552,1.00
303,553,0.69
304,553,0.72
305,553,0.79
306,553,0.86
307,553,0.92
308,553,1.00
309,553,1.00
310,553,1.00
311,553,1.00
312,553,1.00
313,553,1.00
314,553,1.00
315,553,1.00
316,553,1.00
317,553,1.00
318,553,1.00
319,553,1.00
303,554,0.69
304,554,0.69
305,554,0.75
306,554,0.81
307,554,0.87
308,554,1.00
309,554,1.00
310,554,1.00
311,554,1.00
312,554,1.00
313,554,1.00
314,554,1.00
315,554,1.00
316,554,1.00
317,554,1.00
318,554,1.00
319,554,1.00
303,555,0.69
304,555,0.69
305,555,0.70
306,555,0.76
307,555,0.81
308,555,1.00
309,555,1.00
310,555,1.00
311,555,1.00
312,555,1.00
313,555,1.00
314,555,1.00
315,555,1.00
316,555,1.00
317,555,1.00
318,555,1.00
319,555,1.00
303,556,0.69
304,556,0.69
305,556,0.69
306,556,0.70
307,556,0.75
308,556,1.00
309,556,1.00
310,556,1.00
311,556,1.00
312,556,1.00
313,556,1.00
314,556,1.00
315,556,1.00
316,556,1.00
317,556,1.00
318,556,1.00
319,556,1.00
303,557,0.69
304,557,0.69
305,557,0.69
306,557,0.69
307,557,0.69
308,557,1.00
309,557,1.00
310,557,1.00
311,557,1.00
312,557,1.00
313,557,1.00
314,557,1.00
315,557,1.00
316,557,1.00
317,557,1.00
318,557,1.00
319,557,1.00
303,558,0.69
304,558,0.69
305,558,0.69
306,558,0.69
307,558,0.69
308,558,1.00
309,558,1.00
310,558,1.00
311,558,1.00
312,558,1.00
313,558,1.00
314,558,1.00
315,558,1.00
316,558,1.00
317,558,1.00
318,558,1.00
319,558,1.00
320,547,0.69
321,547,0.69
322,547,0.69
323,547,0.69
324,547,0.69
320,548,1.00
321,548,1.00
322,548,1.00
323,548,1.00
324,548,1.00
320,549,1.00
321,549,1.00
322,549,1.00
323,549,1.00
324,549,1.00
320,550,1.00
321,550,1.00
322,550,1.00
323,550,1.00
324,550,1.00
320,551,1.00
321,551,1.00
322,551,1.00
323,551,1.00
324,551,1.00
320,552,1.00
321,552,1.00
322,552,1.00
323,552,1.00
324,552,1.00
320,553,1.00
321,553,1.00
322,553,1.00
323,553,1.00
324,553,1.00
320,554,1.00
321,554,1.00
322,554,1.00
323,554,1.00
324,554,1.00
320,555,1.00
321,555,1.00
322,555,1.00
323,555,1.00
324,555,1.00
320,556,1.00
321,556,1.00
322,556,1.00
323,556,1.00
324,556,1.00
320,557,1.00
321,557,1.00
322,557,1.00
323,557,1.00
324,557,1.00
320,558,1.00
321,558,1.00
322,558,1.00
323,558,1.00
324,558,1.00
308,559,0.69
309,559,0.69
310,559,1.00
311,559,1.00
312,559,1.00
313,559,1.00
314,559,1.00
315,559,1.00
316,559,1.00
317,559,1.00
318,559,1.00
319,559,1.00
320,559,1.00
321,559,1.00
322,559,1.00
323,559,1.00
324,559,1.00
308,560,0.69
309,560,0.69
310,560,1.00
311,560,1.00
312,560,1.00
313,560,1.00
314,560,1.00
315,560,1.00
316,560,1.00
317,560,1.00
318,560,1.00
319,560,1.00
320,560,1.00
321,560,1.00
322,560,1.00
323,560,1.00
324,560,1.00
308,561,0.69
309,561,0.69
310,561,1.00
311,561,1.00
312,561,1.00
313,561,1.00
314,561,1.00
315,561,1.00
316,561,1.00
317,561,1.00
318,561,1.00
319,561,1.00
320,561,1.00
321,561,1.00
322,561,1.00
323,561,1.00
324,561,1.00
308,562,0.69
309,562,0.69
310,562,1.00
311,562,1.00
312,562,1.00
313,562,1.00
314,562,1.00
315,562,1.00
316,562,1.00
317,562,1.00
318,562,1.00
319,562,1.00
320,562,1.00
321,562,1.00
322,562,1.00
323,562,1.00
324,562,1.00
308,563,0.69
309,563,0.69
310,563,1.00
311,563,1.00
312,563,1.00
313,563,1.00
314,563,1.00
315,563,1.00
316,563,1.00
317,563,1.00
318,563,1.00
319,563,1.00
320,563,1.00
321,563,1.00
322,563,1.00
323,563,1.00
324,563,1.00
325,548,0.69
326,548,0.69
325,549,0.69
326,549,0.69
325,550,0.69
326,550,0.69
325,551,0.69
326,551,0.69
325,552,0.69
326,552,0.69
325,553,0.72
326,553,0.69
325,554,0.75
326,554,0.69
325,555,0.76
326,555,0.69
325,556,0.77
326,556,0.69
325,557,0.76
326,557,0.69
325,558,0.75
326,558,0.69
325,559,0.72
326,559,0.69
325,560,0.69
326,560,0.69
325,561,0.69
326,561,0.69
325,562,0.69
326,562,0.69
325,563,0.69
326,563,0.69
310,564,0.69
311,564,0.69
312,564,0.69
313,564,0.69
314,564,0.69
315,564,0.69
316,564,0.69
317,564,0.69
318,564,0.69
319,564,0.69
320,564,0.69
321,564,0.69
322,564,0.69
323,564,0.69
324,564,0.69
325,564,0.69
326,564,0.69

