319,599,1.00
320,599,1.00
321,599,1.00
322,599,1.00
323,599,1.00
324,599,1.00
325,599,1.00
326,599,1.00
327,599,1.00
328,599,1.00
329,599,1.00
330,599,1.00
331,599,1.00
319,600,1.00
320,600,1.00
321,600,1.00
322,600,1.00
323,600,1.00
324,600,1.00
325,600,1.00
326,600,1.00
327,600,1.00
328,600,1.00
329,600,1.00
330,600,1.00
331,600,1.00
319,601,1.00
320,601,1.00
321,601,1.00
322,601,1.00
323,601,1.00
324,601,1.00
325,601,1.00
326,601,1.00
327,601,1.00
328,601,1.00
329,601,1.00
330,601,1.00
331,601,1.00
319,602,1.00
320,602,1.00
321,602,1.00
322,602,1.00
323,602,1.00
324,602,1.00
325,602,1.00
326,602,1.00
327,602,1.00
328,602,1.00
329,602,1.00
330,602,1.00
331,602,1.00
319,603,1.00
320,603,1.00
321,603,1.00
322,603,1.00
323,603,1.00
324,603,1.00
325,603,1.00
326,603,1.00
327,603,1.00
328,603,1.00
329,603,1.00
330,603,1.00
331,603,1.00
319,604,1.00
320,604,1.00
321,604,1.00
322,604,1.00
323,604,1.00
324,604,1.00
325,604,1.00
326,604,1.00
327,604,1.00
328,604,1.00
329,604,1.00
330,604,1.00
331,604,1.00
319,605,1.00
320,605,1.00
321,605,1.00
322,605,1.00
323,605,1.00
324,605,1.00
325,605,1.00
326,605,1.00
327,605,1.00
328,605,1.00
329,605,1.00
330,605,1.00
331,605,1.00
319,606,1.00
320,606,1.00
321,606,1.00
322,606,1.00
323,606,1.00
324,606,1.00
325,606,1.00
326,606,1.00
327,606,1.00
328,606,1.00
329,606,1.00
330,606,1.00
331,606,1.00
319,607,1.00
320,607,1.00
321,607,1.00
322,607,1.00
323,607,1.00
324,607,1.00
325,607,1.00
326,607,1.00
327,607,1.00
328,607,1.00
329,607,1.00
330,607,1.00
331,607,1.00
319,608,1.00
320,608,1.00
321,608,1.00
322,608,1.00
323,608,1.00
324,608,1.00
325,608,1.00
326,608,1.00
327,608,1.00
328,608,1.00
329,608,1.00
330,608,1.00
331,608,1.00
319,609,1.00
320,609,1.00
321,609,1.00
322,609,1.00
323,609,1.00
324,609,1.00
325,609,1.00
326,609,1.00
327,609,1.00
328,609,1.00
329,609,1.00
330,609,1.00
331,609,1.00
319,610,1.00
320,610,1.00
321,610,1.00
322,610,1.00
323,610,1.00
324,610,1.00
325,610,1.00
326,610,1.00
327,610,1.00
328,610,1.00
329,610,1.00
330,610,1.00
331,610,1.00
319,611,1.00
320,611,1.00
321,611,1.00
322,611,1.00
323,611,1.00
324,611,1.00
325,611,1.00
326,611,1.00
327,611,1.00
328,611,1.00
329,611,1.00
330,611,1.00
331,611,1.00
319,597,1.00
320,597,1.00
321,597,1.00
322,597,1.00
323,597,1.00
324,597,1.00
325,597,1.00
326,597,1.00
327,597,1.00
328,597,1.00
329,597,1.00
330,597,1.00
331,597,1.00
319,598,1.00
320,598,1.00
321,598,1.00
322,598,1.00
323,598,1.00
324,598,1.00
325,598,1.00
326,598,1.00
327,598,1.00
328,598,1.00
329,598,1.00
330,598,1.00
331,598,1.00
319,595,1.00
320,595,1.00
321,595,1.00
322,595,1.00
323,595,1.00
324,595,1.00
325,595,1.00
326,595,1.00
327,595,1.00
328,595,1.00
329,595,1.00
330,595,1.00
331,595,1.00
319,596,1.00
320,596,1.00
321,596,1.00
322,596,1.00
323,596,1.00
324,596,1.00
325,596,1.00
326,596,1.00
327,596,1.00
328,596,1.00
329,596,1.00
330,596,1.00
331,596,1.00
319,592,1.00
320,592,1.00
321,592,1.00
322,592,1.00
323,592,1.00
324,592,1.00
325,592,1.00
326,592,1.00
327,592,1.00
328,592,1.00
329,592,1.00
330,592,1.00
331,592,1.00
319,593,1.00
320,593,1.00
321,593,1.00
322,593,1.00
323,593,1.00
324,593,1.00
325,593,1.00
326,593,1.00
327,593,1.00
328,593,1.00
329,593,1.00
330,593,1.00
331,593,1.00
319,594,1.00
320,594,1.00
321,594,1.00
322,594,1.00
323,594,1.00
324,594,1.00
325,594,1.00
326,594,1.00
327,594,1.00
328,594,1.00
329,594,1.00
330,594,1.00
331,594,1.00
319,589,1.00
320,589,1.00
321,589,1.00
322,589,1.00
323,589,1.00
324,589,1.00
325,589,1.00
326,589,1.00
327,589,1.00
328,589,1.00
329,589,1.00
330,589,1.00
331,589,1.00
319,590,1.00
320,590,1.00
321,590,1.00
322,590,1.00
323,590,1.00
324,590,1.00
325,590,1.00
326,590,1.00
327,590,1.00
328,590,1.00
329,590,1.00
330,590,1.00
331,590,1.00
319,591,1.00
320,591,1.00
321,591,1.00
322,591,1.00
323,591,1.00
324,591,1.00
325,591,1.00
326,591,1.00
327,591,1.00
328,591,1.00
329,591,1.00
330,591,1.00
331,591,1.00
319,587,0.90
320,587,1.00
321,587,1.00
322,587,1.00
323,587,1.00
324,587,1.00
325,587,1.00
326,587,1.00
327,587,1.00
328,587,1.00
329,587,1.00
330,587,1.00
331,587,1.00
319,588,0.90
320,588,1.00
321,588,1.00
322,588,1.00
323,588,1.00
324,588,1.00
325,588,1.00
326,588,1.00
327,588,1.00
328,588,1.00
329,588,1.00
330,588,1.00
331,588,1.00
319,584,0.60
320,584,0.90
321,584,1.00
322,584,1.00
323,584,1.00
324,584,1.00
325,584,1.00
326,584,1.00
327,584,1.00
328,584,1.00
329,584,1.00
330,584,1.00
331,584,1.00
319,585,0.60
320,585,0.94
321,585,1.00
322,585,1.00
323,585,1.00
324,585,1.00
325,585,1.00
326,585,1.00
327,585,1.00
328,585,1.00
329,585,1.00
330,585,1.00
331,585,1.00
319,586,0.60
320,586,1.00
321,586,1.00
322,586,1.00
323,586,1.00
324,586,1.00
325,586,1.00
326,586,1.00
327,586,1.00
328,586,1.00
329,586,1.00
330,586,1.00
331,586,1.00
319,582,0.30
320,582,0.60
321,582,0.64
322,582,1.00
323,582,1.00
324,582,1.00
325,582,1.00
326,582,1.00
327,582,1.00
328,582,1.00
329,582,1.00
330,582,1.00
331,582,1.00
319,583,0.30
320,583,0.60
321,583,0.74
322,583,1.00
323,583,1.00
324,583,1.00
325,583,1.00
326,583,1.00
327,583,1.00
328,583,1.00
329,583,1.00
330,583,1.00
331,583,1.00
320,579,0.30
321,579,0.30
322,579,0.60
323,579,0.90
324,579,1.00
325,579,1.00
326,579,1.00
327,579,1.00
328,579,1.00
329,579,1.00
330,579,1.00
331,579,1.00
332,579,1.00
320,580,0.30
321,580,0.30
322,580,0.60
323,580,0.98
324,580,1.00
325,580,1.00
326,580,1.00
327,580,1.00
328,580,1.00
329,580,1.00
330,580,1.00
331,580,1.00
332,580,1.00
320,581,0.30
321,581,0.30
322,581,0.68
323,581,1.00
324,581,1.00
325,581,1.00
326,581,1.00
327,581,1.00
328,581,1.00
329,581,1.00
330,581,1.00
331,581,1.00
332,581,1.00
332,582,1.00
332,583,1.00
332,584,1.00
332,585,1.00
332,586,1.00
332,587,0.68
332,588,0.60
332,589,0.60
332,590,0.30
332,591,0.30
322,577,0.30
323,577,0.60
324,577,0.64
325,577,0.83
326,577,1.00
327,577,1.00
328,577,1.00
329,577,1.00
330,577,1.00
331,577,1.00
332,577,1.00
333,577,1.00
334,577,1.00
322,578,0.30
323,578,0.60
324,578,0.74
325,578,1.00
326,578,1.00
327,578,1.00
328,578,1.00
329,578,1.00
330,578,1.00
331,578,1.00
332,578,1.00
333,578,1.00
334,578,1.00
333,579,1.00
334,579,1.00
333,580,1.00
334,580,1.00
333,581,1.00
334,581,1.00
333,582,1.00
334,582,1.00
333,583,1.00
334,583,1.00
333,584,1.00
334,584,0.90
333,585,0.74
334,585,0.60
333,586,0.64
334,586,0.60
333,587,0.30
334,587,0.30
333,588,0.30
334,588,0.30
333,589,0.30
334,589,0.30
323,574,0.30
324,574,0.30
325,574,0.30
326,574,0.30
327,574,0.60
328,574,0.60
329,574,0.98
330,574,1.00
331,574,1.00
332,574,1.00
333,574,1.00
334,574,1.00
335,574,1.00
323,575,0.30
324,575,0.30
325,575,0.30
326,575,0.34
327,575,0.74
328,575,0.85
329,575,1.00
330,575,1.00
331,575,1.00
332,575,1.00
333,575,1.00
334,575,1.00
335,575,1.00
323,576,0.30
324,576,0.30
325,576,0.38
326,576,0.53
327,576,0.96
328,576,1.00
329,576,1.00
330,576,1.00
331,576,1.00
332,576,1.00
333,576,1.00
334,576,1.00
335,576,1.00
335,577,1.00
335,578,1.00
335,579,1.00
335,580,1.00
335,581,1.00
335,582,1.00
335,583,0.74
335,584,0.60
335,585,0.30
335,586,0.30
327,572,0.30
328,572,0.30
329,572,0.60
330,572,0.60
331,572,0.98
332,572,1.00
333,572,1.00
334,572,1.00
335,572,1.00
336,572,1.00
337,572,1.00
338,572,1.00
339,572,1.00
327,573,0.30
328,573,0.30
329,573,0.60
330,573,0.68
331,573,1.00
332,573,1.00
333,573,1.00
334,573,1.00
335,573,1.00
336,573,1.00
337,573,1.00
338,573,1.00
339,573,1.00
336,574,1.00
337,574,1.00
338,574,1.00
339,574,1.00
336,575,1.00
337,575,1.00
338,575,1.00
339,575,1.00
336,576,1.00
337,576,1.00
338,576,1.00
339,576,1.00
336,577,1.00
337,577,1.00
338,577,1.00
339,577,1.00
336,578,1.00
337,578,1.00
338,578,1.00
339,578,1.00
336,579,1.00
337,579,1.00
338,579,1.00
339,579,1.00
336,580,1.00
337,580,1.00
338,580,1.00
339,580,0.98
336,581,1.00
337,581,0.98
338,581,0.68
339,581,0.60
336,582,0.83
337,582,0.68
338,582,0.60
339,582,0.60
336,583,0.34
337,583,0.30
338,583,0.30
339,583,0.30
336,584,0.30
337,584,0.30
338,584,0.30
339,584,0.30
329,570,0.30
330,570,0.30
331,570,0.60
332,570,0.60
333,570,1.00
334,570,1.00
335,570,1.00
336,570,1.00
337,570,1.00
338,570,1.00
339,570,1.00
340,570,1.00
341,570,1.00
329,571,0.30
330,571,0.30
331,571,0.60
332,571,0.68
333,571,1.00
334,571,1.00
335,571,1.00
336,571,1.00
337,571,1.00
338,571,1.00
339,571,1.00
340,571,1.00
341,571,1.00
340,572,1.00
341,572,1.00
340,573,1.00
341,573,1.00
340,574,1.00
341,574,1.00
340,575,1.00
341,575,1.00
340,576,1.00
341,576,1.00
340,577,1.00
341,577,1.00
340,578,1.00
341,578,1.00
340,579,0.98
341,579,0.90
340,580,0.60
341,580,0.60
340,581,0.30
341,581,0.30
340,582,0.30
341,582,0.30
331,568,0.30
332,568,0.30
333,568,0.90
334,568,1.00
335,568,1.00
336,568,1.00
337,568,1.00
338,568,1.00
339,568,1.00
340,568,1.00
341,568,1.00
342,568,1.00
343,568,1.00
331,569,0.30
332,569,0.30
333,569,0.90
334,569,1.00
335,569,1.00
336,569,1.00
337,569,1.00
338,569,1.00
339,569,1.00
340,569,1.00
341,569,1.00
342,569,1.00
343,569,1.00
342,570,1.00
343,570,1.00
342,571,1.00
343,571,1.00
342,572,1.00
343,572,1.00
342,573,1.00
343,573,1.00
342,574,1.00
343,574,1.00
342,575,1.00
343,575,1.00
342,576,1.00
343,576,1.00
342,577,1.00
343,577,1.00
342,578,1.00
343,578,1.00
342,579,0.60
343,579,0.60
342,580,0.30
343,580,0.30
333,567,0.60
334,567,0.90
335,567,0.90
336,567,1.00
337,567,1.00
338,567,1.00
339,567,1.00
340,567,1.00
341,567,1.00
342,567,1.00
343,567,1.00
344,567,1.00
345,567,1.00
344,568,1.00
345,568,1.00
344,569,1.00
345,569,1.00
344,570,1.00
345,570,1.00
344,571,1.00
345,571,1.00
344,572,1.00
345,572,1.00
344,573,1.00
345,573,1.00
344,574,1.00
345,574,1.00
344,575,1.00
345,575,1.00
344,576,1.00
345,576,1.00
344,577,1.00
345,577,1.00
344,578,0.90
345,578,0.90
344,579,0.30
345,579,0.30
333,566,0.30
334,566,0.60
335,566,0.60
336,566,0.90
337,566,0.90
338,566,1.00
339,566,1.00
340,566,1.00
341,566,1.00
342,566,1.00
343,566,1.00
344,566,1.00
345,566,1.00
346,566,1.00
346,567,1.00
346,568,1.00
346,569,1.00
346,570,1.00
346,571,1.00
346,572,1.00
346,573,1.00
346,574,1.00
346,575,1.00
346,576,1.00
346,577,1.00
346,578,0.30
336,565,0.30
337,565,0.30
338,565,0.60
339,565,0.60
340,565,0.90
341,565,0.90
342,565,1.00
343,565,1.00
344,565,1.00
345,565,1.00
346,565,1.00
347,565,1.00
348,565,1.00
347,566,1.00
348,566,1.00
347,567,1.00
348,567,1.00
347,568,1.00
348,568,1.00
347,569,1.00
348,569,1.00
347,570,1.00
348,570,1.00
347,571,1.00
348,571,1.00
347,572,1.00
348,572,1.00
347,573,1.00
348,573,1.00
347,574,1.00
348,574,1.00
347,575,1.00
348,575,1.00
347,576,1.00
348,576,1.00
347,577,1.00
348,577,1.00
349,565,1.00
350,565,1.00
349,566,1.00
350,566,1.00
349,567,1.00
350,567,1.00
349,568,1.00
350,568,1.00
349,569,1.00
350,569,1.00
349,570,1.00
350,570,1.00
349,571,1.00
350,571,1.00
349,572,1.00
350,572,1.00
349,573,1.00
350,573,1.00
349,574,1.00
350,574,1.00
349,575,1.00
350,575,1.00
349,576,1.00
350,576,1.00
349,577,1.00
350,577,1.00
351,565,1.00
352,565,1.00
351,566,1.00
352,566,1.00
351,567,1.00
352,567,1.00
351,568,1.00
352,568,1.00
351,569,1.00
352,569,1.00
351,570,1.00
352,570,1.00
351,571,1.00
352,571,1.00
351,572,1.00
352,572,1.00
351,573,1.00
352,573,1.00
351,574,1.00
352,574,1.00
351,575,1.00
352,575,1.00
351,576,1.00
352,576,1.00
351,577,1.00
352,577,1.00
353,565,1.00
354,565,1.00
353,566,1.00
354,566,1.00
353,567,1.00
354,567,1.00
353,568,1.00
354,568,1.00
353,569,1.00
354,569,1.00
353,570,1.00
354,570,1.00
353,571,1.00
354,571,1.00
353,572,1.00
354,572,1.00
353,573,1.00
354,573,1.00
353,574,1.00
354,574,1.00
353,575,1.00
354,575,1.00
353,576,1.00
354,576,1.00
353,577,1.00
354,577,1.00
355,565,1.00
356,565,1.00
357,565,1.00
355,566,1.00
356,566,1.00
357,566,1.00
355,567,1.00
356,567,1.00
357,567,1.00
355,568,1.00
356,568,1.00
357,568,1.00
355,569,1.00
356,569,1.00
357,569,1.00
355,570,1.00
356,570,1.00
357,570,1.00
355,571,1.00
356,571,1.00
357,571,1.00
355,572,1.00
356,572,1.00
357,572,1.00
355,573,1.00
356,573,1.00
357,573,1.00
355,574,1.00
356,574,1.00
357,574,1.00
355,575,1.00
356,575,1.00
357,575,1.00
355,576,1.00
356,576,1.00
357,576,1.00
355,577,1.00
356,577,1.00
357,577,1.00
358,565,1.00
359,565,1.00
360,565,1.00
358,566,1.00
359,566,1.00
360,566,1.00
358,567,1.00
359,567,1.00
360,567,1.00
358,568,1.00
359,568,1.00
360,568,1.00
358,569,1.00
359,569,1.00
360,569,1.00
358,570,1.00
359,570,1.00
360,570,1.00
358,571,1.00
359,571,1.00
360,571,1.00
358,572,1.00
359,572,1.00
360,572,1.00
358,573,1.00
359,573,1.00
360,573,1.00
358,574,1.00
359,574,1.00
360,574,1.00
358,575,1.00
359,575,1.00
360,575,1.00
358,576,1.00
359,576,1.00
360,576,1.00
358,577,1.00
359,577,1.00
360,577,1.00
361,565,0.90
362,565,0.90
363,565,0.90
361,566,1.00
362,566,1.00
363,566,1.00
361,567,1.00
362,567,1.00
363,567,1.00
361,568,1.00
362,568,1.00
363,568,1.00
361,569,1.00
362,569,1.00
363,569,1.00
361,570,1.00
362,570,1.00
363,570,1.00
361,571,1.00
362,571,1.00
363,571,1.00
361,572,1.00
362,572,1.00
363,572,1.00
361,573,1.00
362,573,1.00
363,573,1.00
361,574,1.00
362,574,1.00
363,574,1.00
361,575,1.00
362,575,1.00
363,575,1.00
361,576,1.00
362,576,1.00
363,576,1.00
361,577,1.00
362,577,1.00
363,577,1.00
364,565,0.60
365,565,0.60
366,565,0.60
367,565,0.60
364,566,1.00
365,566,1.00
366,566,1.00
367,566,0.94
364,567,1.00
365,567,1.00
366,567,1.00
367,567,1.00
364,568,1.00
365,568,1.00
366,568,1.00
367,568,1.00
364,569,1.00
365,569,1.00
366,569,1.00
367,569,1.00
364,570,1.00
365,570,1.00
366,570,1.00
367,570,1.00
364,571,1.00
365,571,1.00
366,571,1.00
367,571,1.00
364,572,1.00
365,572,1.00
366,572,1.00
367,572,1.00
364,573,1.00
365,573,1.00
366,573,1.00
367,573,1.00
364,574,1.00
365,574,1.00
366,574,1.00
367,574,1.00
364,575,1.00
365,575,1.00
366,575,1.00
367,575,1.00
364,576,1.00
365,576,1.00
366,576,1.00
367,576,1.00
364,577,1.00
365,577,1.00
366,577,1.00
367,577,1.00
368,565,0.30
369,565,0.30
370,565,0.30
368,566,0.60
369,566,0.60
370,566,0.60
368,567,1.00
369,567,0.94
370,567,0.90
368,568,1.00
369,568,1.00
370,568,1.00
368,569,1.00
369,569,1.00
370,569,1.00
368,570,1.00
369,570,1.00
370,570,1.00
368,571,1.00
369,571,1.00
370,571,1.00
368,572,1.00
369,572,1.00
370,572,1.00
368,573,1.00
369,573,1.00
370,573,1.00
368,574,1.00
369,574,1.00
370,574,1.00
368,575,1.00
369,575,1.00
370,575,1.00
368,576,1.00
369,576,1.00
370,576,1.00
368,577,1.00
369,577,1.00
370,577,1.00
371,566,0.30
372,566,0.30
371,567,0.60
372,567,0.60
371,568,0.74
372,568,0.64
371,569,1.00
372,569,1.00
371,570,1.00
372,570,1.00
371,571,1.00
372,571,1.00
371,572,1.00
372,572,1.00
371,573,1.00
372,573,1.00
371,574,1.00
372,574,1.00
371,575,1.00
372,575,1.00
371,576,1.00
372,576,1.00
371,577,1.00
372,577,1.00
360,578,0.30
361,578,0.30
362,578,0.30
363,578,0.60
364,578,0.60
365,578,0.90
366,578,0.98
367,578,1.00
368,578,1.00
369,578,1.00
370,578,1.00
371,578,1.00
372,578,1.00
373,567,0.30
374,567,0.30
375,567,0.30
373,568,0.30
374,568,0.30
375,568,0.30
373,569,0.68
374,569,0.60
375,569,0.60
373,570,1.00
374,570,0.98
375,570,0.90
373,571,1.00
374,571,1.00
375,571,1.00
373,572,1.00
374,572,1.00
375,572,1.00
373,573,1.00
374,573,1.00
375,573,1.00
373,574,1.00
374,574,1.00
375,574,1.00
373,575,1.00
374,575,1.00
375,575,1.00
373,576,1.00
374,576,1.00
375,576,1.00
373,577,1.00
374,577,1.00
375,577,1.00
373,578,1.00
374,578,1.00
375,578,1.00
363,579,0.30
364,579,0.30
365,579,0.60
366,579,0.60
367,579,0.98
368,579,1.00
369,579,1.00
370,579,1.00
371,579,1.00
372,579,1.00
373,579,1.00
374,579,1.00
375,579,1.00
376,569,0.30
377,569,0.30
376,570,0.60
377,570,0.60
376,571,0.64
377,571,0.60
376,572,0.87
377,572,0.68
376,573,1.00
377,573,1.00
376,574,1.00
377,574,1.00
376,575,1.00
377,575,1.00
376,576,1.00
377,576,1.00
376,577,1.00
377,577,1.00
376,578,1.00
377,578,1.00
376,579,1.00
377,579,1.00
365,580,0.30
366,580,0.30
367,580,0.60
368,580,0.64
369,580,1.00
370,580,1.00
371,580,1.00
372,580,1.00
373,580,1.00
374,580,1.00
375,580,1.00
376,580,1.00
377,580,1.00
365,581,0.30
366,581,0.30
367,581,0.60
368,581,0.60
369,581,0.90
370,581,1.00
371,581,1.00
372,581,1.00
373,581,1.00
374,581,1.00
375,581,1.00
376,581,1.00
377,581,1.00
378,570,0.30
379,570,0.30
378,571,0.30
379,571,0.30
378,572,0.30
379,572,0.30
378,573,0.64
379,573,0.60
378,574,0.78
379,574,0.60
378,575,1.00
379,575,0.98
378,576,1.00
379,576,1.00
378,577,1.00
379,577,1.00
378,578,1.00
379,578,1.00
378,579,1.00
379,579,1.00
378,580,1.00
379,580,1.00
378,581,1.00
379,581,1.00
367,582,0.30
368,582,0.30
369,582,0.60
370,582,0.64
371,582,1.00
372,582,1.00
373,582,1.00
374,582,1.00
375,582,1.00
376,582,1.00
377,582,1.00
378,582,1.00
379,582,1.00
380,573,0.30
381,573,0.30
380,574,0.30
381,574,0.30
380,575,0.60
381,575,0.60
380,576,0.68
381,576,0.60
380,577,0.98
381,577,0.68
380,578,1.00
381,578,0.83
380,579,1.00
381,579,1.00
380,580,1.00
381,580,1.00
380,581,1.00
381,581,1.00
380,582,1.00
381,582,1.00
369,583,0.30
370,583,0.30
371,583,0.68
372,583,1.00
373,583,1.00
374,583,1.00
375,583,1.00
376,583,1.00
377,583,1.00
378,583,1.00
379,583,1.00
380,583,1.00
381,583,1.00
369,584,0.30
370,584,0.30
371,584,0.60
372,584,0.98
373,584,1.00
374,584,1.00
375,584,1.00
376,584,1.00
377,584,1.00
378,584,1.00
379,584,1.00
380,584,1.00
381,584,1.00
369,585,0.30
370,585,0.30
371,585,0.60
372,585,0.90
373,585,1.00
374,585,1.00
375,585,1.00
376,585,1.00
377,585,1.00
378,585,1.00
379,585,1.00
380,585,1.00
381,585,1.00
382,575,0.30
383,575,0.30
382,576,0.30
383,576,0.30
382,577,0.30
383,577,0.30
382,578,0.34
383,578,0.30
382,579,0.74
383,579,0.60
382,580,0.81
383,580,0.60
382,581,0.91
383,581,0.60
382,582,1.00
383,582,0.64
382,583,1.00
383,583,1.00
382,584,1.00
383,584,1.00
382,585,1.00
383,585,1.00
371,586,0.30
372,586,0.60
373,586,1.00
374,586,1.00
375,586,1.00
376,586,1.00
377,586,1.00
378,586,1.00
379,586,1.00
380,586,1.00
381,586,1.00
382,586,1.00
383,586,1.00
371,587,0.30
372,587,0.60
373,587,1.00
374,587,1.00
375,587,1.00
376,587,1.00
377,587,1.00
378,587,1.00
379,587,1.00
380,587,1.00
381,587,1.00
382,587,1.00
383,587,1.00
384,579,0.30
384,580,0.30
384,581,0.30
384,582,0.30
384,583,0.60
384,584,0.60
384,585,0.60
384,586,0.64
384,587,0.74
372,588,0.30
373,588,0.64
374,588,1.00
375,588,1.00
376,588,1.00
377,588,1.00
378,588,1.00
379,588,1.00
380,588,1.00
381,588,1.00
382,588,1.00
383,588,1.00
384,588,1.00
372,589,0.30
373,589,0.60
374,589,0.91
375,589,1.00
376,589,1.00
377,589,1.00
378,589,1.00
379,589,1.00
380,589,1.00
381,589,1.00
382,589,1.00
383,589,1.00
384,589,1.00
372,590,0.30
373,590,0.60
374,590,0.81
375,590,1.00
376,590,1.00
377,590,1.00
378,590,1.00
379,590,1.00
380,590,1.00
381,590,1.00
382,590,1.00
383,590,1.00
384,590,1.00
372,591,0.30
373,591,0.60
374,591,0.74
375,591,1.00
376,591,1.00
377,591,1.00
378,591,1.00
379,591,1.00
380,591,1.00
381,591,1.00
382,591,1.00
383,591,1.00
384,591,1.00
385,583,0.30
385,584,0.30
385,585,0.30
385,586,0.30
385,587,0.30
385,588,0.60
385,589,0.60
385,590,0.68
385,591,0.83
373,592,0.30
374,592,0.34
375,592,0.83
376,592,1.00
377,592,1.00
378,592,1.00
379,592,1.00
380,592,1.00
381,592,1.00
382,592,1.00
383,592,1.00
384,592,1.00
385,592,1.00
373,593,0.30
374,593,0.30
375,593,0.68
376,593,1.00
377,593,1.00
378,593,1.00
379,593,1.00
380,593,1.00
381,593,1.00
382,593,1.00
383,593,1.00
384,593,1.00
385,593,1.00
373,594,0.30
374,594,0.30
375,594,0.60
376,594,1.00
377,594,1.00
378,594,1.00
379,594,1.00
380,594,1.00
381,594,1.00
382,594,1.00
383,594,1.00
384,594,1.00
385,594,1.00
373,595,0.30
374,595,0.30
375,595,0.60
376,595,1.00
377,595,1.00
378,595,1.00
379,595,1.00
380,595,1.00
381,595,1.00
382,595,1.00
383,595,1.00
384,595,1.00
385,595,1.00
386,588,0.30
387,588,0.30
386,589,0.30
387,589,0.30
386,590,0.30
387,590,0.30
386,591,0.34
387,591,0.30
386,592,0.74
387,592,0.60
386,593,0.81
387,593,0.60
386,594,0.91
387,594,0.60
386,595,1.00
387,595,0.94
375,596,0.30
376,596,0.74
377,596,1.00
378,596,1.00
379,596,1.00
380,596,1.00
381,596,1.00
382,596,1.00
383,596,1.00
384,596,1.00
385,596,1.00
386,596,1.00
387,596,1.00
375,597,0.30
376,597,0.64
377,597,1.00
378,597,1.00
379,597,1.00
380,597,1.00
381,597,1.00
382,597,1.00
383,597,1.00
384,597,1.00
385,597,1.00
386,597,1.00
387,597,1.00
375,598,0.30
376,598,0.60
377,598,1.00
378,598,1.00
379,598,1.00
380,598,1.00
381,598,1.00
382,598,1.00
383,598,1.00
384,598,1.00
385,598,1.00
386,598,1.00
387,598,1.00
375,599,0.30
376,599,0.60
377,599,1.00
378,599,1.00
379,599,1.00
380,599,1.00
381,599,1.00
382,599,1.00
383,599,1.00
384,599,1.00
385,599,1.00
386,599,1.00
387,599,1.00
375,600,0.30
376,600,0.60
377,600,1.00
378,600,1.00
379,600,1.00
380,600,1.00
381,600,1.00
382,600,1.00
383,600,1.00
384,600,1.00
385,600,1.00
386,600,1.00
387,600,1.00
388,592,0.30
388,593,0.30
388,594,0.30
388,595,0.60
388,596,0.60
388,597,0.60
388,598,0.94
388,599,1.00
388,600,1.00
376,601,0.30
377,601,0.64
378,601,1.00
379,601,1.00
380,601,1.00
381,601,1.00
382,601,1.00
383,601,1.00
384,601,1.00
385,601,1.00
386,601,1.00
387,601,1.00
388,601,1.00
376,602,0.30
377,602,0.60
378,602,1.00
379,602,1.00
380,602,1.00
381,602,1.00
382,602,1.00
383,602,1.00
384,602,1.00
385,602,1.00
386,602,1.00
387,602,1.00
388,602,1.00
376,603,0.30
377,603,0.60
378,603,1.00
379,603,1.00
380,603,1.00
381,603,1.00
382,603,1.00
383,603,1.00
384,603,1.00
385,603,1.00
386,603,1.00
387,603,1.00
388,603,1.00
376,604,0.30
377,604,0.60
378,604,1.00
379,604,1.00
380,604,1.00
381,604,1.00
382,604,1.00
383,604,1.00
384,604,1.00
385,604,1.00
386,604,1.00
387,604,1.00
388,604,1.00
389,595,0.30
389,596,0.30
389,597,0.30
389,598,0.60
389,599,0.60
389,600,0.60
389,601,0.64
389,602,1.00
389,603,1.00
389,604,1.00
377,605,0.30
378,605,0.90
379,605,1.00
380,605,1.00
381,605,1.00
382,605,1.00
383,605,1.00
384,605,1.00
385,605,1.00
386,605,1.00
387,605,1.00
388,605,1.00
389,605,1.00
377,606,0.30
378,606,0.90
379,606,1.00
380,606,1.00
381,606,1.00
382,606,1.00
383,606,1.00
384,606,1.00
385,606,1.00
386,606,1.00
387,606,1.00
388,606,1.00
389,606,1.00
377,607,0.30
378,607,0.90
379,607,1.00
380,607,1.00
381,607,1.00
382,607,1.00
383,607,1.00
384,607,1.00
385,607,1.00
386,607,1.00
387,607,1.00
388,607,1.00
389,607,1.00
390,598,0.30
390,599,0.30
390,600,0.30
390,601,0.30
390,602,0.60
390,603,0.60
390,604,0.60
390,605,0.60
390,606,0.60
390,607,0.60
378,608,0.60
379,608,1.00
380,608,1.00
381,608,1.00
382,608,1.00
383,608,1.00
384,608,1.00
385,608,1.00
386,608,1.00
387,608,1.00
388,608,1.00
389,608,1.00
390,608,0.90
378,609,0.60
379,609,1.00
380,609,1.00
381,609,1.00
382,609,1.00
383,609,1.00
384,609,1.00
385,609,1.00
386,609,1.00
387,609,1.00
388,609,1.00
389,609,1.00
390,609,0.90
378,610,0.60
379,610,1.00
380,610,1.00
381,610,1.00
382,610,1.00
383,610,1.00
384,610,1.00
385,610,1.00
386,610,1.00
387,610,1.00
388,610,1.00
389,610,1.00
390,610,0.90
378,611,0.30
379,611,0.64
380,611,0.87
381,611,1.00
382,611,1.00
383,611,1.00
384,611,1.00
385,611,1.00
386,611,1.00
387,611,1.00
388,611,1.00
389,611,0.87
390,611,0.64
378,612,0.30
379,612,0.60
380,612,0.82
381,612,1.00
382,612,1.00
383,612,1.00
384,612,1.00
385,612,1.00
386,612,1.00
387,612,1.00
388,612,1.00
389,612,0.96
390,612,0.74
378,613,0.30
379,613,0.60
380,613,0.81
381,613,1.00
382,613,1.00
383,613,1.00
384,613,1.00
385,613,1.00
386,613,1.00
387,613,1.00
388,613,1.00
389,613,1.00
390,613,0.81
378,614,0.30
379,614,0.60
380,614,0.83
381,614,1.00
382,614,1.00
383,614,1.00
384,614,1.00
385,614,1.00
386,614,1.00
387,614,1.00
388,614,1.00
389,614,1.00
390,614,0.83
391,608,0.30
391,609,0.30
391,610,0.30
391,611,0.30
391,612,0.30
391,613,0.30
391,614,0.30
379,615,0.60
380,615,0.81
381,615,1.00
382,615,1.00
383,615,1.00
384,615,1.00
385,615,1.00
386,615,1.00
387,615,1.00
388,615,1.00
389,615,1.00
390,615,0.81
391,615,0.60
379,616,0.60
380,616,0.74
381,616,0.96
382,616,1.00
383,616,1.00
384,616,1.00
385,616,1.00
386,616,1.00
387,616,1.00
388,616,1.00
389,616,0.96
390,616,0.74
391,616,0.60
379,617,0.60
380,617,0.64
381,617,0.91
382,617,1.00
383,617,1.00
384,617,1.00
385,617,1.00
386,617,1.00
387,617,1.00
388,617,1.00
389,617,0.91
390,617,0.64
391,617,0.60
379,618,0.60
380,618,0.64
381,618,0.91
382,618,1.00
383,618,1.00
384,618,1.00
385,618,1.00
386,618,1.00
387,618,1.00
388,618,1.00
389,618,0.91
390,618,0.64
391,618,0.60
379,619,0.60
380,619,0.74
381,619,0.96
382,619,1.00
383,619,1.00
384,619,1.00
385,619,1.00
386,619,1.00
387,619,1.00
388,619,1.00
389,619,0.96
390,619,0.74
391,619,0.60
379,620,0.60
380,620,0.81
381,620,1.00
382,620,1.00
383,620,1.00
384,620,1.00
385,620,1.00
386,620,1.00
387,620,1.00
388,620,1.00
389,620,1.00
390,620,0.81
391,620,0.60
379,621,0.30
380,621,0.53
381,621,0.77
382,621,1.00
383,621,1.00
384,621,1.00
385,621,1.00
386,621,1.00
387,621,1.00
388,621,1.00
389,621,0.77
390,621,0.53
391,621,0.30
379,622,0.30
380,622,0.51
381,622,0.74
382,622,0.96
383,622,1.00
384,622,1.00
385,622,1.00
386,622,1.00
387,622,1.00
388,622,0.96
389,622,0.74
390,622,0.51
391,622,0.30
379,623,0.30
380,623,0.44
381,623,0.66
382,623,0.86
383,623,1.00
384,623,1.00
385,623,1.00
386,623,1.00
387,623,1.00
388,623,0.86
389,623,0.66
390,623,0.44
391,623,0.30
379,624,0.60
380,624,0.64
381,624,0.83
382,624,1.00
383,624,1.00
384,624,1.00
385,624,1.00
386,624,1.00
387,624,1.00
388,624,1.00
389,624,0.83
390,624,0.64
391,624,0.60
379,625,0.60
380,625,0.60
381,625,0.68
382,625,0.87
383,625,1.00
384,625,1.00
385,625,1.00
386,625,1.00
387,625,1.00
388,625,0.87
389,625,0.68
390,625,0.60
391,625,0.60
379,626,0.60
380,626,0.60
381,626,0.68
382,626,0.87
383,626,1.00
384,626,1.00
385,626,1.00
386,626,1.00
387,626,1.00
388,626,0.87
389,626,0.68
390,626,0.60
391,626,0.60
379,627,0.60
380,627,0.64
381,627,0.83
382,627,1.00
383,627,1.00
384,627,1.00
385,627,1.00
386,627,1.00
387,627,1.00
388,627,1.00
389,627,0.83
390,627,0.64
391,627,0.60
379,628,0.30
380,628,0.44
381,628,0.66
382,628,0.86
383,628,1.00
384,628,1.00
385,628,1.00
386,628,1.00
387,628,1.00
388,628,0.86
389,628,0.66
390,628,0.44
391,628,0.30
379,629,0.30
380,629,0.51
381,629,0.74
382,629,0.96
383,629,1.00
384,629,1.00
385,629,1.00
386,629,1.00
387,629,1.00
388,629,0.96
389,629,0.74
390,629,0.51
391,629,0.30
379,630,0.30
380,630,0.53
381,630,0.77
382,630,1.00
383,630,1.00
384,630,1.00
385,630,1.00
386,630,1.00
387,630,1.00
388,630,1.00
389,630,0.77
390,630,0.53
391,630,0.30
379,631,0.30
380,631,0.51
381,631,0.74
382,631,0.96
383,631,1.00
384,631,1.00
385,631,1.00
386,631,1.00
387,631,1.00
388,631,0.96
389,631,0.74
390,631,0.51
391,631,0.30
379,632,0.30
380,632,0.44
381,632,0.66
382,632,0.86
383,632,1.00
384,632,1.00
385,632,1.00
386,632,1.00
387,632,1.00
388,632,0.86
389,632,0.66
390,632,0.44
391,632,0.30
379,633,0.60
380,633,0.64
381,633,0.83
382,633,1.00
383,633,1.00
384,633,1.00
385,633,1.00
386,633,1.00
387,633,1.00
388,633,1.00
389,633,0.83
390,633,0.64
391,633,0.60
379,634,0.60
380,634,0.60
381,634,0.68
382,634,0.87
383,634,1.00
384,634,1.00
385,634,1.00
386,634,1.00
387,634,1.00
388,634,0.87
389,634,0.68
390,634,0.60
391,634,0.60
379,635,0.60
380,635,0.60
381,635,0.68
382,635,0.87
383,635,1.00
384,635,1.00
385,635,1.00
386,635,1.00
387,635,1.00
388,635,0.87
389,635,0.68
390,635,0.60
391,635,0.60
379,636,0.60
380,636,0.64
381,636,0.83
382,636,1.00
383,636,1.00
384,636,1.00
385,636,1.00
386,636,1.00
387,636,1.00
388,636,1.00
389,636,0.83
390,636,0.64
391,636,0.60
379,637,0.30
380,637,0.44
381,637,0.66
382,637,0.86
383,637,1.00
384,637,1.00
385,637,1.00
386,637,1.00
387,637,1.00
388,637,0.86
389,637,0.66
390,637,0.44
391,637,0.30
379,638,0.30
380,638,0.51
381,638,0.74
382,638,0.96
383,638,1.00
384,638,1.00
385,638,1.00
386,638,1.00
387,638,1.00
388,638,0.96
389,638,0.74
390,638,0.51
391,638,0.30
379,639,0.30
380,639,0.53
381,639,0.77
382,639,1.00
383,639,1.00
384,639,1.00
385,639,1.00
386,639,1.00
387,639,1.00
388,639,1.00
389,639,0.77
390,639,0.53
391,639,0.30
379,640,0.60
380,640,0.81
381,640,1.00
382,640,1.00
383,640,1.00
384,640,1.00
385,640,1.00
386,640,1.00
387,640,1.00
388,640,1.00
389,640,1.00
390,640,0.81
391,640,0.60
379,641,0.60
380,641,0.74
381,641,0.96
382,641,1.00
383,641,1.00
384,641,1.00
385,641,1.00
386,641,1.00
387,641,1.00
388,641,1.00
389,641,0.96
390,641,0.74
391,641,0.60
379,642,0.60
380,642,0.64
381,642,0.91
382,642,1.00
383,642,1.00
384,642,1.00
385,642,1.00
386,642,1.00
387,642,1.00
388,642,1.00
389,642,0.91
390,642,0.64
391,642,0.60
379,643,0.60
380,643,0.64
381,643,0.91
382,643,1.00
383,643,1.00
384,643,1.00
385,643,1.00
386,643,1.00
387,643,1.00
388,643,1.00
389,643,0.91
390,643,0.64
391,643,0.60
379,644,0.60
380,644,0.74
381,644,0.96
382,644,1.00
383,644,1.00
384,644,1.00
385,644,1.00
386,644,1.00
387,644,1.00
388,644,1.00
389,644,0.96
390,644,0.74
391,644,0.60
379,645,0.60
380,645,0.81
381,645,1.00
382,645,1.00
383,645,1.00
384,645,1.00
385,645,1.00
386,645,1.00
387,645,1.00
388,645,1.00
389,645,1.00
390,645,0.81
391,645,0.60
379,646,0.30
380,646,0.53
381,646,0.77
382,646,1.00
383,646,1.00
384,646,1.00
385,646,1.00
386,646,1.00
387,646,1.00
388,646,1.00
389,646,0.77
390,646,0.53
391,646,0.30
379,647,0.60
380,647,0.81
381,647,1.00
382,647,1.00
383,647,1.00
384,647,1.00
385,647,1.00
386,647,1.00
387,647,1.00
388,647,1.00
389,647,1.00
390,647,0.81
391,647,0.60
379,648,0.60
380,648,0.74
381,648,0.96
382,648,1.00
383,648,1.00
384,648,1.00
385,648,1.00
386,648,1.00
387,648,1.00
388,648,1.00
389,648,0.96
390,648,0.74
391,648,0.60
379,649,0.60
380,649,0.64
381,649,0.91
382,649,1.00
383,649,1.00
384,649,1.00
385,649,1.00
386,649,1.00
387,649,1.00
388,649,1.00
389,649,0.91
390,649,0.64
391,649,0.60
379,650,0.60
380,650,0.64
381,650,0.91
382,650,1.00
383,650,1.00
384,650,1.00
385,650,1.00
386,650,1.00
387,650,1.00
388,650,1.00
389,650,0.91
390,650,0.64
391,650,0.60
379,651,0.60
380,651,0.74
381,651,0.96
382,651,1.00
383,651,1.00
384,651,1.00
385,651,1.00
386,651,1.00
387,651,1.00
388,651,1.00
389,651,0.96
390,651,0.74
391,651,0.60
379,652,0.90
380,652,1.00
381,652,1.00
382,652,1.00
383,652,1.00
384,652,1.00
385,652,1.00
386,652,1.00
387,652,1.00
388,652,1.00
389,652,1.00
390,652,1.00
391,652,0.90
379,653,0.60
380,653,0.83
381,653,1.00
382,653,1.00
383,653,1.00
384,653,1.00
385,653,1.00
386,653,1.00
387,653,1.00
388,653,1.00
389,653,1.00
390,653,0.83
391,653,0.60
379,654,0.60
380,654,0.81
381,654,1.00
382,654,1.00
383,654,1.00
384,654,1.00
385,654,1.00
386,654,1.00
387,654,1.00
388,654,1.00
389,654,1.00
390,654,0.81
391,654,0.60
379,655,0.60
380,655,0.78
381,655,1.00
382,655,1.00
383,655,1.00
384,655,1.00
385,655,1.00
386,655,1.00
387,655,1.00
388,655,1.00
389,655,1.00
390,655,0.78
391,655,0.60
379,656,0.60
380,656,0.78
381,656,1.00
382,656,1.00
383,656,1.00
384,656,1.00
385,656,1.00
386,656,1.00
387,656,1.00
388,656,1.00
389,656,1.00
390,656,0.78
391,656,0.60
379,657,0.90
380,657,1.00
381,657,1.00
382,657,1.00
383,657,1.00
384,657,1.00
385,657,1.00
386,657,1.00
387,657,1.00
388,657,1.00
389,657,1.00
390,657,1.00
391,657,0.60
379,658,0.90
380,658,1.00
381,658,1.00
382,658,1.00
383,658,1.00
384,658,1.00
385,658,1.00
386,658,1.00
387,658,1.00
388,658,1.00
389,658,1.00
390,658,1.00
391,658,0.60
379,659,0.90
380,659,1.00
381,659,1.00
382,659,1.00
383,659,1.00
384,659,1.00
385,659,1.00
386,659,1.00
387,659,1.00
388,659,1.00
389,659,1.00
390,659,1.00
391,659,0.60
379,660,0.64
380,660,0.98
381,660,1.00
382,660,1.00
383,660,1.00
384,660,1.00
385,660,1.00
386,660,1.00
387,660,1.00
388,660,1.00
389,660,1.00
390,660,0.74
391,660,0.30
379,661,0.74
380,661,1.00
381,661,1.00
382,661,1.00
383,661,1.00
384,661,1.00
385,661,1.00
386,661,1.00
387,661,1.00
388,661,1.00
389,661,0.98
390,661,0.64
391,661,0.30
379,662,0.81
380,662,1.00
381,662,1.00
382,662,1.00
383,662,1.00
384,662,1.00
385,662,1.00
386,662,1.00
387,662,1.00
388,662,1.00
389,662,0.89
390,662,0.60
391,662,0.30
379,663,1.00
380,663,1.00
381,663,1.00
382,663,1.00
383,663,1.00
384,663,1.00
385,663,1.00
386,663,1.00
387,663,1.00
388,663,1.00
389,663,0.83
390,663,0.60
391,663,0.30
379,664,1.00
380,664,1.00
381,664,1.00
382,664,1.00
383,664,1.00
384,664,1.00
385,664,1.00
386,664,1.00
387,664,1.00
388,664,1.00
389,664,0.81
390,664,0.60
391,664,0.30
378,657,0.30
378,658,0.30
378,659,0.30
378,660,0.30
378,661,0.30
378,662,0.30
378,663,0.60
378,664,0.64
378,665,0.83
379,665,1.00
380,665,1.00
381,665,1.00
382,665,1.00
383,665,1.00
384,665,1.00
385,665,1.00
386,665,1.00
387,665,1.00
388,665,0.66
389,665,0.44
390,665,0.30
378,666,1.00
379,666,1.00
380,666,1.00
381,666,1.00
382,666,1.00
383,666,1.00
384,666,1.00
385,666,1.00
386,666,1.00
387,666,1.00
388,666,0.53
389,666,0.34
390,666,0.30
378,667,1.00
379,667,1.00
380,667,1.00
381,667,1.00
382,667,1.00
383,667,1.00
384,667,1.00
385,667,1.00
386,667,1.00
387,667,0.83
388,667,0.38
389,667,0.30
390,667,0.30
378,668,1.00
379,668,1.00
380,668,1.00
381,668,1.00
382,668,1.00
383,668,1.00
384,668,1.00
385,668,1.00
386,668,0.95
387,668,0.64
388,668,0.30
389,668,0.30
390,668,0.30
378,669,1.00
379,669,1.00
380,669,1.00
381,669,1.00
382,669,1.00
383,669,1.00
384,669,1.00
385,669,1.00
386,669,0.83
387,669,0.60
388,669,0.30
389,669,0.30
390,669,0.30
375,663,0.30
376,663,0.30
377,663,0.30
375,664,0.30
376,664,0.30
377,664,0.30
375,665,0.30
376,665,0.30
377,665,0.38
375,666,0.30
376,666,0.34
377,666,0.53
375,667,0.30
376,667,0.44
377,667,0.66
375,668,0.30
376,668,0.51
377,668,0.74
375,669,0.30
376,669,0.53
377,669,0.77
375,670,0.60
376,670,0.81
377,670,1.00
378,670,1.00
379,670,1.00
380,670,1.00
381,670,1.00
382,670,1.00
383,670,1.00
384,670,1.00
385,670,0.74
386,670,0.51
387,670,0.30
375,671,0.64
376,671,0.89
377,671,1.00
378,671,1.00
379,671,1.00
380,671,1.00
381,671,1.00
382,671,1.00
383,671,1.00
384,671,1.00
385,671,0.66
386,671,0.44
387,671,0.30
375,672,0.83
376,672,1.00
377,672,1.00
378,672,1.00
379,672,1.00
380,672,1.00
381,672,1.00
382,672,1.00
383,672,1.00
384,672,1.00
385,672,0.53
386,672,0.34
387,672,0.30
375,673,1.00
376,673,1.00
377,673,1.00
378,673,1.00
379,673,1.00
380,673,1.00
381,673,1.00
382,673,1.00
383,673,1.00
384,673,0.83
385,673,0.38
386,673,0.30
387,673,0.30
375,674,1.00
376,674,1.00
377,674,1.00
378,674,1.00
379,674,1.00
380,674,1.00
381,674,1.00
382,674,1.00
383,674,0.89
384,674,0.64
385,674,0.30
386,674,0.30
387,674,0.30
375,675,1.00
376,675,1.00
377,675,1.00
378,675,1.00
379,675,1.00
380,675,1.00
381,675,1.00
382,675,1.00
383,675,0.81
384,675,0.60
385,675,0.30
386,675,0.30
387,675,0.30
372,670,0.30
373,670,0.30
374,670,0.30
372,671,0.30
373,671,0.30
374,671,0.30
372,672,0.30
373,672,0.30
374,672,0.38
372,673,0.30
373,673,0.34
374,673,0.53
372,674,0.60
373,674,0.74
374,674,0.96
372,675,0.64
373,675,0.95
374,675,1.00
372,676,0.83
373,676,1.00
374,676,1.00
375,676,1.00
376,676,1.00
377,676,1.00
378,676,1.00
379,676,1.00
380,676,1.00
381,676,1.00
382,676,0.77
383,676,0.53
384,676,0.30
372,677,1.00
373,677,1.00
374,677,1.00
375,677,1.00
376,677,1.00
377,677,1.00
378,677,1.00
379,677,1.00
380,677,1.00
381,677,1.00
382,677,0.74
383,677,0.51
384,677,0.30
372,678,1.00
373,678,1.00
374,678,1.00
375,678,1.00
376,678,1.00
377,678,1.00
378,678,1.00
379,678,1.00
380,678,1.00
381,678,1.00
382,678,0.66
383,678,0.44
384,678,0.30
372,679,1.00
373,679,1.00
374,679,1.00
375,679,1.00
376,679,1.00
377,679,1.00
378,679,1.00
379,679,1.00
380,679,1.00
381,679,1.00
382,679,0.53
383,679,0.34
384,679,0.30
372,680,1.00
373,680,1.00
374,680,1.00
375,680,1.00
376,680,1.00
377,680,1.00
378,680,1.00
379,680,1.00
380,680,1.00
381,680,0.83
382,680,0.38
383,680,0.30
384,680,0.30
372,681,1.00
373,681,1.00
374,681,1.00
375,681,1.00
376,681,1.00
377,681,1.00
378,681,1.00
379,681,1.00
380,681,0.95
381,681,0.64
382,681,0.30
383,681,0.30
384,681,0.30
372,682,1.00
373,682,1.00
374,682,1.00
375,682,1.00
376,682,1.00
377,682,1.00
378,682,1.00
379,682,0.96
380,682,0.74
381,682,0.60
382,682,0.30
383,682,0.30
384,682,0.30
369,674,0.30
370,674,0.30
371,674,0.30
369,675,0.30
370,675,0.30
371,675,0.30
369,676,0.30
370,676,0.30
371,676,0.38
369,677,0.30
370,677,0.34
371,677,0.53
369,678,0.30
370,678,0.44
371,678,0.66
369,679,0.60
370,679,0.81
371,679,1.00
369,680,0.64
370,680,0.98
371,680,1.00
369,681,0.83
370,681,1.00
371,681,1.00
369,682,1.00
370,682,1.00
371,682,1.00
369,683,1.00
370,683,1.00
371,683,1.00
372,683,1.00
373,683,1.00
374,683,1.00
375,683,1.00
376,683,1.00
377,683,1.00
378,683,1.00
379,683,0.53
380,683,0.34
381,683,0.30
369,684,1.00
370,684,1.00
371,684,1.00
372,684,1.00
373,684,1.00
374,684,1.00
375,684,1.00
376,684,1.00
377,684,1.00
378,684,0.83
379,684,0.38
380,684,0.30
381,684,0.30
369,685,1.00
370,685,1.00
371,685,1.00
372,685,1.00
373,685,1.00
374,685,1.00
375,685,1.00
376,685,1.00
377,685,0.98
378,685,0.64
379,685,0.30
380,685,0.30
381,685,0.30
369,686,1.00
370,686,1.00
371,686,1.00
372,686,1.00
373,686,1.00
374,686,1.00
375,686,1.00
376,686,1.00
377,686,0.81
378,686,0.60
379,686,0.30
380,686,0.30
381,686,0.30
366,679,0.30
367,679,0.30
368,679,0.30
366,680,0.30
367,680,0.30
368,680,0.30
366,681,0.30
367,681,0.30
368,681,0.38
366,682,0.30
367,682,0.34
368,682,0.53
366,683,0.30
367,683,0.44
368,683,0.66
366,684,0.30
367,684,0.51
368,684,0.74
366,685,0.30
367,685,0.53
368,685,0.77
366,686,0.60
367,686,0.81
368,686,1.00
366,687,0.64
367,687,0.89
368,687,1.00
369,687,1.00
370,687,1.00
371,687,1.00
372,687,1.00
373,687,1.00
374,687,1.00
375,687,1.00
376,687,0.66
377,687,0.44
378,687,0.30
366,688,0.83
367,688,1.00
368,688,1.00
369,688,1.00
370,688,1.00
371,688,1.00
372,688,1.00
373,688,1.00
374,688,1.00
375,688,1.00
376,688,0.53
377,688,0.34
378,688,0.60
366,689,1.00
367,689,1.00
368,689,1.00
369,689,1.00
370,689,1.00
371,689,1.00
372,689,1.00
373,689,1.00
374,689,1.00
375,689,1.00
376,689,0.68
377,689,0.60
378,689,0.90
366,690,1.00
367,690,1.00
368,690,1.00
369,690,1.00
370,690,1.00
371,690,1.00
372,690,1.00
373,690,1.00
374,690,1.00
375,690,0.94
376,690,0.60
377,690,0.64
378,690,1.00
366,691,1.00
367,691,1.00
368,691,1.00
369,691,1.00
370,691,1.00
371,691,1.00
372,691,1.00
373,691,1.00
374,691,1.00
375,691,0.90
376,691,0.68
377,691,0.83
378,691,1.00
363,686,0.30
364,686,0.30
365,686,0.30
363,687,0.30
364,687,0.30
365,687,0.30
363,688,0.30
364,688,0.30
365,688,0.38
363,689,0.30
364,689,0.34
365,689,0.53
363,690,0.30
364,690,0.44
365,690,0.66
363,691,0.60
364,691,0.81
365,691,1.00
363,692,0.64
364,692,0.98
365,692,1.00
366,692,1.00
367,692,1.00
368,692,1.00
369,692,1.00
370,692,1.00
371,692,1.00
372,692,1.00
373,692,1.00
374,692,1.00
375,692,0.94
363,693,0.83
364,693,1.00
365,693,1.00
366,693,1.00
367,693,1.00
368,693,1.00
369,693,1.00
370,693,1.00
371,693,1.00
372,693,1.00
373,693,1.00
374,693,1.00
375,693,1.00
363,694,1.00
364,694,1.00
365,694,1.00
366,694,1.00
367,694,1.00
368,694,1.00
369,694,1.00
370,694,1.00
371,694,1.00
372,694,1.00
373,694,1.00
374,694,1.00
375,694,1.00
363,695,1.00
364,695,1.00
365,695,1.00
366,695,1.00
367,695,1.00
368,695,1.00
369,695,1.00
370,695,1.00
371,695,1.00
372,695,1.00
373,695,1.00
374,695,1.00
375,695,1.00
363,696,1.00
364,696,1.00
365,696,1.00
366,696,1.00
367,696,1.00
368,696,1.00
369,696,1.00
370,696,1.00
371,696,1.00
372,696,1.00
373,696,1.00
374,696,1.00
375,696,1.00
363,697,1.00
364,697,1.00
365,697,1.00
366,697,1.00
367,697,1.00
368,697,1.00
369,697,1.00
370,697,1.00
371,697,1.00
372,697,1.00
373,697,1.00
374,697,1.00
375,697,1.00
363,698,1.00
364,698,1.00
365,698,1.00
366,698,1.00
367,698,1.00
368,698,1.00
369,698,1.00
370,698,1.00
371,698,1.00
372,698,1.00
373,698,1.00
374,698,1.00
375,698,1.00
360,691,0.30
361,691,0.30
362,691,0.30
360,692,0.30
361,692,0.30
362,692,0.30
360,693,0.30
361,693,0.30
362,693,0.38
360,694,0.30
361,694,0.34
362,694,0.53
360,695,0.60
361,695,0.74
362,695,0.96
360,696,0.60
361,696,0.85
362,696,1.00
360,697,0.68
361,697,1.00
362,697,1.00
360,698,0.83
361,698,1.00
362,698,1.00
360,699,1.00
361,699,1.00
362,699,1.00
363,699,1.00
364,699,1.00
365,699,1.00
366,699,1.00
367,699,1.00
368,699,1.00
369,699,1.00
370,699,1.00
371,699,1.00
372,699,1.00
360,700,1.00
361,700,1.00
362,700,1.00
363,700,1.00
364,700,1.00
365,700,1.00
366,700,1.00
367,700,1.00
368,700,1.00
369,700,1.00
370,700,1.00
371,700,1.00
372,700,1.00
360,701,1.00
361,701,1.00
362,701,1.00
363,701,1.00
364,701,1.00
365,701,1.00
366,701,1.00
367,701,1.00
368,701,1.00
369,701,1.00
370,701,1.00
371,701,1.00
372,701,1.00
360,702,1.00
361,702,1.00
362,702,1.00
363,702,1.00
364,702,1.00
365,702,1.00
366,702,1.00
367,702,1.00
368,702,1.00
369,702,1.00
370,702,1.00
371,702,1.00
372,702,1.00
360,703,1.00
361,703,1.00
362,703,1.00
363,703,1.00
364,703,1.00
365,703,1.00
366,703,1.00
367,703,1.00
368,703,1.00
369,703,1.00
370,703,1.00
371,703,1.00
372,703,1.00
358,695,0.30
359,695,0.30
358,696,0.30
359,696,0.30
358,697,0.30
359,697,0.30
358,698,0.30
359,698,0.34
358,699,0.60
359,699,0.74
358,700,0.60
359,700,0.85
358,701,1.00
359,701,1.00
358,702,1.00
359,702,1.00
358,703,1.00
359,703,1.00
358,704,1.00
359,704,1.00
360,704,1.00
361,704,1.00
362,704,1.00
363,704,1.00
364,704,1.00
365,704,1.00
366,704,1.00
367,704,1.00
368,704,1.00
369,704,1.00
370,704,1.00
358,705,1.00
359,705,1.00
360,705,1.00
361,705,1.00
362,705,1.00
363,705,1.00
364,705,1.00
365,705,1.00
366,705,1.00
367,705,1.00
368,705,1.00
369,705,1.00
370,705,1.00
358,706,1.00
359,706,1.00
360,706,1.00
361,706,1.00
362,706,1.00
363,706,1.00
364,706,1.00
365,706,1.00
366,706,1.00
367,706,1.00
368,706,1.00
369,706,1.00
370,706,1.00
358,707,1.00
359,707,1.00
360,707,1.00
361,707,1.00
362,707,1.00
363,707,1.00
364,707,1.00
365,707,1.00
366,707,1.00
367,707,1.00
368,707,1.00
369,707,1.00
370,707,1.00
356,699,0.30
357,699,0.30
356,700,0.30
357,700,0.30
356,701,0.60
357,701,0.60
356,702,0.60
357,702,0.64
356,703,0.90
357,703,1.00
356,704,1.00
357,704,1.00
356,705,1.00
357,705,1.00
356,706,1.00
357,706,1.00
356,707,1.00
357,707,1.00
356,708,1.00
357,708,1.00
358,708,1.00
359,708,1.00
360,708,1.00
361,708,1.00
362,708,1.00
363,708,1.00
364,708,1.00
365,708,1.00
366,708,1.00
367,708,1.00
368,708,1.00
356,709,1.00
357,709,1.00
358,709,1.00
359,709,1.00
360,709,1.00
361,709,1.00
362,709,1.00
363,709,1.00
364,709,1.00
365,709,1.00
366,709,1.00
367,709,1.00
368,709,1.00
356,710,1.00
357,710,1.00
358,710,1.00
359,710,1.00
360,710,1.00
361,710,1.00
362,710,1.00
363,710,1.00
364,710,1.00
365,710,1.00
366,710,1.00
367,710,1.00
368,710,0.83
356,711,1.00
357,711,1.00
358,711,1.00
359,711,1.00
360,711,1.00
361,711,1.00
362,711,1.00
363,711,1.00
364,711,1.00
365,711,1.00
366,711,1.00
367,711,1.00
368,711,0.68
355,701,0.30
355,702,0.30
355,703,0.60
355,704,0.90
355,705,1.00
355,706,1.00
355,707,1.00
355,708,1.00
355,709,1.00
355,710,1.00
355,711,1.00
355,712,1.00
356,712,1.00
357,712,1.00
358,712,1.00
359,712,1.00
360,712,1.00
361,712,1.00
362,712,1.00
363,712,1.00
364,712,1.00
365,712,1.00
366,712,1.00
367,712,1.00
355,713,1.00
356,713,1.00
357,713,1.00
358,713,1.00
359,713,1.00
360,713,1.00
361,713,1.00
362,713,1.00
363,713,1.00
364,713,1.00
365,713,1.00
366,713,1.00
367,713,1.00
355,714,1.00
356,714,1.00
357,714,1.00
358,714,1.00
359,714,1.00
360,714,1.00
361,714,1.00
362,714,1.00
363,714,1.00
364,714,1.00
365,714,1.00
366,714,1.00
367,714,0.60
355,715,1.00
356,715,1.00
357,715,1.00
358,715,1.00
359,715,1.00
360,715,1.00
361,715,1.00
362,715,1.00
363,715,1.00
364,715,1.00
365,715,1.00
366,715,1.00
367,715,0.60
354,705,0.60
354,706,1.00
354,707,1.00
354,708,1.00
354,709,1.00
354,710,1.00
354,711,1.00
354,712,1.00
354,713,1.00
354,714,1.00
354,715,1.00
354,716,1.00
355,716,1.00
356,716,1.00
357,716,1.00
358,716,1.00
359,716,1.00
360,716,1.00
361,716,1.00
362,716,1.00
363,716,1.00
364,716,1.00
365,716,1.00
366,716,0.90
354,717,1.00
355,717,1.00
356,717,1.00
357,717,1.00
358,717,1.00
359,717,1.00
360,717,1.00
361,717,1.00
362,717,1.00
363,717,1.00
364,717,1.00
365,717,1.00
366,717,0.60
353,706,1.00
353,707,1.00
353,708,1.00
353,709,1.00
353,710,1.00
353,711,1.00
353,712,1.00
353,713,1.00
353,714,1.00
353,715,1.00
353,716,1.00
353,717,1.00
353,718,1.00
354,718,1.00
355,718,1.00
356,718,1.00
357,718,1.00
358,718,1.00
359,718,1.00
360,718,1.00
361,718,1.00
362,718,1.00
363,718,1.00
364,718,1.00
365,718,1.00
367,716,0.30
369,708,1.00
370,708,0.74
369,709,0.74
370,709,0.60
369,710,0.34
370,710,0.30
369,711,0.30
370,711,0.30
368,712,0.30
369,712,0.30
370,712,0.30
368,713,0.30
369,713,0.30
370,713,0.30
373,699,1.00
374,699,1.00
373,700,1.00
374,700,1.00
373,701,1.00
374,701,1.00
373,702,1.00
374,702,1.00
373,703,1.00
374,703,1.00
371,704,1.00
372,704,1.00
373,704,1.00
374,704,1.00
371,705,1.00
372,705,1.00
373,705,0.95
374,705,0.74
371,706,1.00
372,706,0.83
373,706,0.64
374,706,0.60
371,707,0.53
372,707,0.38
373,707,0.30
374,707,0.30
371,708,0.34
372,708,0.30
373,708,0.30
374,708,0.30
371,709,0.30
372,709,0.30
373,709,0.30
374,709,0.30
376,694,1.00
377,694,1.00
378,694,1.00
376,695,1.00
377,695,1.00
378,695,1.00
376,696,1.00
377,696,1.00
378,696,1.00
376,697,1.00
377,697,1.00
378,697,1.00
376,698,1.00
377,698,1.00
378,698,1.00
375,699,1.00
376,699,1.00
377,699,1.00
378,699,1.00
375,700,1.00
376,700,1.00
377,700,1.00
378,700,1.00
375,701,1.00
376,701,1.00
377,701,1.00
378,701,1.00
375,702,1.00
376,702,1.00
377,702,1.00
378,702,0.96
375,703,1.00
376,703,1.00
377,703,0.85
378,703,0.74
375,704,0.83
376,704,0.68
377,704,0.60
378,704,0.60
375,705,0.34
376,705,0.30
377,705,0.30
378,705,0.30
375,706,0.30
376,706,0.30
377,706,0.30
378,706,0.30
376,692,0.83
377,692,1.00
378,692,1.00
379,692,1.00
380,692,1.00
381,692,1.00
382,692,1.00
376,693,1.00
377,693,1.00
378,693,1.00
379,693,1.00
380,693,1.00
381,693,1.00
382,693,1.00
379,694,1.00
380,694,1.00
381,694,1.00
382,694,1.00
379,695,1.00
380,695,1.00
381,695,1.00
382,695,1.00
379,696,1.00
380,696,1.00
381,696,1.00
382,696,1.00
379,697,1.00
380,697,1.00
381,697,1.00
382,697,1.00
379,698,1.00
380,698,1.00
381,698,1.00
382,698,1.00
379,699,1.00
380,699,1.00
381,699,1.00
382,699,1.00
379,700,1.00
380,700,1.00
381,700,1.00
382,700,1.00
379,701,1.00
380,701,0.83
381,701,0.64
382,701,0.60
379,702,0.53
380,702,0.38
381,702,0.30
382,702,0.30
379,703,0.34
380,703,0.30
381,703,0.30
382,703,0.30
379,704,0.30
380,704,0.30
381,704,0.30
382,704,0.30
379,689,0.60
380,689,0.60
381,689,0.64
382,689,1.00
383,689,1.00
384,689,1.00
385,689,1.00
386,689,1.00
379,690,0.81
380,690,0.91
381,690,1.00
382,690,1.00
383,690,1.00
384,690,1.00
385,690,1.00
386,690,1.00
379,691,1.00
380,691,1.00
381,691,1.00
382,691,1.00
383,691,1.00
384,691,1.00
385,691,1.00
386,691,1.00
383,692,1.00
384,692,1.00
385,692,1.00
386,692,1.00
383,693,1.00
384,693,1.00
385,693,1.00
386,693,1.00
383,694,1.00
384,694,1.00
385,694,1.00
386,694,1.00
383,695,1.00
384,695,1.00
385,695,1.00
386,695,1.00
383,696,1.00
384,696,1.00
385,696,1.00
386,696,1.00
383,697,1.00
384,697,1.00
385,697,1.00
386,697,1.00
383,698,1.00
384,698,1.00
385,698,1.00
386,698,1.00
383,699,1.00
384,699,1.00
385,699,1.00
386,699,1.00
383,700,0.64
384,700,0.60
385,700,0.60
386,700,0.60
383,701,0.30
384,701,0.30
385,701,0.30
386,701,0.30
379,688,0.30
380,688,0.30
381,688,0.30
382,688,0.60
383,688,0.60
384,688,0.60
385,688,0.64
386,688,1.00
387,688,1.00
388,688,1.00
389,688,1.00
390,688,1.00
387,689,1.00
388,689,1.00
389,689,1.00
390,689,1.00
387,690,1.00
388,690,1.00
389,690,1.00
390,690,1.00
387,691,1.00
388,691,1.00
389,691,1.00
390,691,1.00
387,692,1.00
388,692,1.00
389,692,1.00
390,692,1.00
387,693,1.00
388,693,1.00
389,693,1.00
390,693,1.00
387,694,1.00
388,694,1.00
389,694,1.00
390,694,1.00
387,695,1.00
388,695,1.00
389,695,1.00
390,695,1.00
387,696,1.00
388,696,1.00
389,696,1.00
390,696,1.00
387,697,1.00
388,697,1.00
389,697,1.00
390,697,1.00
387,698,1.00
388,698,1.00
389,698,1.00
390,698,1.00
387,699,0.64
388,699,0.60
389,699,0.60
390,699,0.60
387,700,0.30
388,700,0.30
389,700,0.30
390,700,0.30
382,687,0.30
383,687,0.30
384,687,0.30
385,687,0.30
386,687,0.60
387,687,0.60
388,687,0.60
389,687,0.64
390,687,1.00
391,687,1.00
392,687,1.00
393,687,1.00
394,687,1.00
391,688,1.00
392,688,1.00
393,688,1.00
394,688,1.00
391,689,1.00
392,689,1.00
393,689,1.00
394,689,1.00
391,690,1.00
392,690,1.00
393,690,1.00
394,690,1.00
391,691,1.00
392,691,1.00
393,691,1.00
394,691,1.00
391,692,1.00
392,692,1.00
393,692,1.00
394,692,1.00
391,693,1.00
392,693,1.00
393,693,1.00
394,693,1.00
391,694,1.00
392,694,1.00
393,694,1.00
394,694,1.00
391,695,1.00
392,695,1.00
393,695,1.00
394,695,1.00
391,696,1.00
392,696,1.00
393,696,1.00
394,696,1.00
391,697,1.00
392,697,0.91
393,697,0.81
394,697,0.74
391,698,0.64
392,698,0.60
393,698,0.60
394,698,0.60
391,699,0.30
392,699,0.30
393,699,0.30
394,699,0.30
386,686,0.30
387,686,0.30
388,686,0.30
389,686,0.30
390,686,0.60
391,686,0.60
392,686,0.68
393,686,0.83
394,686,0.96
395,686,1.00
396,686,1.00
397,686,1.00
398,686,1.00
395,687,1.00
396,687,1.00
397,687,1.00
398,687,1.00
395,688,1.00
396,688,1.00
397,688,1.00
398,688,1.00
395,689,1.00
396,689,1.00
397,689,1.00
398,689,1.00
395,690,1.00
396,690,1.00
397,690,1.00
398,690,1.00
395,691,1.00
396,691,1.00
397,691,1.00
398,691,1.00
395,692,1.00
396,692,1.00
397,692,1.00
398,692,1.00
395,693,1.00
396,693,1.00
397,693,1.00
398,693,1.00
395,694,1.00
396,694,1.00
397,694,1.00
398,694,1.00
395,695,1.00
396,695,1.00
397,695,1.00
398,695,1.00
395,696,0.83
396,696,0.68
397,696,0.60
398,696,0.60
395,697,0.34
396,697,0.30
397,697,0.30
398,697,0.30
395,698,0.30
396,698,0.30
397,698,0.30
398,698,0.30
390,684,0.30
391,684,0.30
392,684,0.30
393,684,0.30
394,684,0.30
395,684,0.60
396,684,0.60
397,684,0.60
398,684,0.64
399,684,0.74
400,684,0.81
401,684,1.00
402,684,1.00
390,685,0.30
391,685,0.30
392,685,0.30
393,685,0.34
394,685,0.44
395,685,0.81
396,685,0.83
397,685,0.89
398,685,0.98
399,685,1.00
400,685,1.00
401,685,1.00
402,685,1.00
399,686,1.00
400,686,1.00
401,686,1.00
402,686,1.00
399,687,1.00
400,687,1.00
401,687,1.00
402,687,1.00
399,688,1.00
400,688,1.00
401,688,1.00
402,688,1.00
399,689,1.00
400,689,1.00
401,689,1.00
402,689,1.00
399,690,1.00
400,690,1.00
401,690,1.00
402,690,1.00
399,691,1.00
400,691,1.00
401,691,1.00
402,691,1.00
399,692,1.00
400,692,1.00
401,692,1.00
402,692,1.00
399,693,1.00
400,693,1.00
401,693,1.00
402,693,1.00
399,694,0.98
400,694,0.89
401,694,0.83
402,694,0.81
399,695,0.64
400,695,0.60
401,695,0.60
402,695,0.60
399,696,0.30
400,696,0.30
401,696,0.30
402,696,0.30
395,683,0.30
396,683,0.30
397,683,0.30
398,683,0.30
399,683,0.30
400,683,0.30
401,683,0.60
402,683,0.64
403,683,0.83
404,683,1.00
405,683,1.00
406,683,1.00
407,683,1.00
403,684,1.00
404,684,1.00
405,684,1.00
406,684,1.00
407,684,1.00
403,685,1.00
404,685,1.00
405,685,1.00
406,685,1.00
407,685,1.00
403,686,1.00
404,686,1.00
405,686,1.00
406,686,1.00
407,686,1.00
403,687,1.00
404,687,1.00
405,687,1.00
406,687,1.00
407,687,1.00
403,688,1.00
404,688,1.00
405,688,1.00
406,688,1.00
407,688,1.00
403,689,1.00
404,689,1.00
405,689,1.00
406,689,1.00
407,689,1.00
403,690,1.00
404,690,1.00
405,690,1.00
406,690,1.00
407,690,1.00
403,691,1.00
404,691,1.00
405,691,1.00
406,691,1.00
407,691,1.00
403,692,1.00
404,692,1.00
405,692,0.83
406,692,0.64
407,692,0.60
403,693,0.66
404,693,0.53
405,693,0.38
406,693,0.30
407,693,0.30
403,694,0.44
404,694,0.34
405,694,0.30
406,694,0.30
407,694,0.30
403,695,0.30
404,695,0.30
405,695,0.30
406,695,0.30
407,695,0.30
401,680,0.30
402,680,0.30
403,680,0.30
404,680,0.30
405,680,0.60
406,680,0.60
407,680,0.60
408,680,0.64
409,680,0.74
410,680,1.00
411,680,1.00
412,680,1.00
413,680,1.00
401,681,0.30
402,681,0.30
403,681,0.30
404,681,0.34
405,681,0.74
406,681,0.81
407,681,0.91
408,681,1.00
409,681,1.00
410,681,1.00
411,681,1.00
412,681,1.00
413,681,1.00
401,682,0.30
402,682,0.30
403,682,0.38
404,682,0.53
405,682,0.96
406,682,1.00
407,682,1.00
408,682,1.00
409,682,1.00
410,682,1.00
411,682,1.00
412,682,1.00
413,682,1.00
408,683,1.00
409,683,1.00
410,683,1.00
411,683,1.00
412,683,1.00
413,683,1.00
408,684,1.00
409,684,1.00
410,684,1.00
411,684,1.00
412,684,1.00
413,684,1.00
408,685,1.00
409,685,1.00
410,685,1.00
411,685,1.00
412,685,1.00
413,685,1.00
408,686,1.00
409,686,1.00
410,686,1.00
411,686,1.00
412,686,1.00
413,686,1.00
408,687,1.00
409,687,1.00
410,687,1.00
411,687,1.00
412,687,1.00
413,687,1.00
408,688,1.00
409,688,1.00
410,688,1.00
411,688,1.00
412,688,1.00
413,688,1.00
408,689,1.00
409,689,1.00
410,689,1.00
411,689,1.00
412,689,1.00
413,689,1.00
408,690,1.00
409,690,1.00
410,690,1.00
411,690,0.91
412,690,0.81
413,690,0.74
408,691,0.81
409,691,0.74
410,691,0.64
411,691,0.60
412,691,0.60
413,691,0.60
408,692,0.30
409,692,0.30
410,692,0.30
411,692,0.30
412,692,0.30
413,692,0.30
405,679,0.30
406,679,0.30
407,679,0.30
408,679,0.30
409,679,0.30
410,679,0.60
411,679,0.60
412,679,0.68
413,679,0.83
414,679,1.00
415,679,1.00
416,679,1.00
417,679,1.00
414,680,1.00
415,680,1.00
416,680,1.00
417,680,1.00
414,681,1.00
415,681,1.00
416,681,1.00
417,681,1.00
414,682,1.00
415,682,1.00
416,682,1.00
417,682,1.00
414,683,1.00
415,683,1.00
416,683,1.00
417,683,1.00
414,684,1.00
415,684,1.00
416,684,1.00
417,684,1.00
414,685,1.00
415,685,1.00
416,685,1.00
417,685,1.00
414,686,1.00
415,686,1.00
416,686,1.00
417,686,1.00
414,687,1.00
415,687,1.00
416,687,1.00
417,687,1.00
414,688,1.00
415,688,1.00
416,688,0.87
417,688,0.81
414,689,0.83
415,689,0.68
416,689,0.60
417,689,0.60
414,690,0.34
415,690,0.30
416,690,0.30
417,690,0.30
414,691,0.30
415,691,0.30
416,691,0.30
417,691,0.30
410,677,0.30
411,677,0.30
412,677,0.30
413,677,0.30
414,677,0.60
415,677,0.60
416,677,0.68
417,677,0.83
418,677,1.00
419,677,1.00
420,677,1.00
421,677,1.00
422,677,1.00
410,678,0.30
411,678,0.30
412,678,0.30
413,678,0.34
414,678,0.74
415,678,0.85
416,678,1.00
417,678,1.00
418,678,1.00
419,678,1.00
420,678,1.00
421,678,1.00
422,678,1.00
418,679,1.00
419,679,1.00
420,679,1.00
421,679,1.00
422,679,1.00
418,680,1.00
419,680,1.00
420,680,1.00
421,680,1.00
422,680,1.00
418,681,1.00
419,681,1.00
420,681,1.00
421,681,1.00
422,681,1.00
418,682,1.00
419,682,1.00
420,682,1.00
421,682,1.00
422,682,1.00
418,683,1.00
419,683,1.00
420,683,1.00
421,683,1.00
422,683,1.00
418,684,1.00
419,684,1.00
420,684,1.00
421,684,1.00
422,684,1.00
418,685,1.00
419,685,1.00
420,685,1.00
421,685,1.00
422,685,1.00
418,686,1.00
419,686,1.00
420,686,1.00
421,686,1.00
422,686,1.00
418,687,0.96
419,687,0.83
420,687,0.68
421,687,0.60
422,687,0.60
418,688,0.44
419,688,0.34
420,688,0.30
421,688,0.30
422,688,0.30
418,689,0.30
419,689,0.30
420,689,0.30
421,689,0.30
422,689,0.30
414,675,0.30
415,675,0.30
416,675,0.30
417,675,0.30
418,675,0.60
419,675,0.60
420,675,0.90
421,675,1.00
422,675,1.00
423,675,1.00
424,675,1.00
425,675,1.00
426,675,1.00
414,676,0.30
415,676,0.30
416,676,0.30
417,676,0.34
418,676,0.74
419,676,0.81
420,676,1.00
421,676,1.00
422,676,1.00
423,676,1.00
424,676,1.00
425,676,1.00
426,676,1.00
423,677,1.00
424,677,1.00
425,677,1.00
426,677,1.00
423,678,1.00
424,678,1.00
425,678,1.00
426,678,1.00
423,679,1.00
424,679,1.00
425,679,1.00
426,679,1.00
423,680,1.00
424,680,1.00
425,680,1.00
426,680,1.00
423,681,1.00
424,681,1.00
425,681,1.00
426,681,1.00
423,682,1.00
424,682,1.00
425,682,1.00
426,682,1.00
423,683,1.00
424,683,1.00
425,683,1.00
426,683,1.00
423,684,1.00
424,684,1.00
425,684,1.00
426,684,1.00
423,685,1.00
424,685,1.00
425,685,1.00
426,685,1.00
423,686,1.00
424,686,1.00
425,686,1.00
426,686,1.00
423,687,0.30
424,687,0.30
425,687,0.30
426,687,0.30
418,674,0.30
419,674,0.30
420,674,0.60
421,674,1.00
422,674,1.00
423,674,1.00
424,674,1.00
425,674,1.00
426,674,1.00
427,674,1.00
428,674,1.00
429,674,1.00
430,674,1.00
427,675,1.00
428,675,1.00
429,675,1.00
430,675,1.00
427,676,1.00
428,676,1.00
429,676,1.00
430,676,1.00
427,677,1.00
428,677,1.00
429,677,1.00
430,677,1.00
427,678,1.00
428,678,1.00
429,678,1.00
430,678,1.00
427,679,1.00
428,679,1.00
429,679,1.00
430,679,1.00
427,680,1.00
428,680,1.00
429,680,1.00
430,680,1.00
427,681,1.00
428,681,1.00
429,681,1.00
430,681,1.00
427,682,1.00
428,682,1.00
429,682,1.00
430,682,1.00
427,683,1.00
428,683,1.00
429,683,1.00
430,683,1.00
427,684,1.00
428,684,1.00
429,684,1.00
430,684,1.00
427,685,1.00
428,685,1.00
429,685,1.00
430,685,1.00
427,686,1.00
428,686,1.00
429,686,1.00
430,686,1.00
431,674,1.00
432,674,1.00
431,675,1.00
432,675,1.00
431,676,1.00
432,676,1.00
431,677,1.00
432,677,1.00
431,678,1.00
432,678,1.00
431,679,1.00
432,679,1.00
431,680,1.00
432,680,1.00
431,681,1.00
432,681,1.00
431,682,1.00
432,682,1.00
431,683,1.00
432,683,1.00
431,684,1.00
432,684,1.00
431,685,1.00
432,685,1.00
431,686,1.00
432,686,1.00
433,674,1.00
433,675,1.00
433,676,1.00
433,677,1.00
433,678,1.00
433,679,1.00
433,680,1.00
433,681,1.00
433,682,1.00
433,683,1.00
433,684,1.00
433,685,1.00
433,686,1.00
434,674,1.00
434,675,1.00
434,676,1.00
434,677,1.00
434,678,1.00
434,679,1.00
434,680,1.00
434,681,1.00
434,682,1.00
434,683,1.00
434,684,1.00
434,685,1.00
434,686,1.00
435,674,1.00
435,675,1.00
435,676,1.00
435,677,1.00
435,678,1.00
435,679,1.00
435,680,1.00
435,681,1.00
435,682,1.00
435,683,1.00
435,684,1.00
435,685,1.00
435,686,1.00
436,674,0.90
436,675,0.90
436,676,0.94
436,677,1.00
436,678,1.00
436,679,1.00
436,680,1.00
436,681,1.00
436,682,0.94
436,683,0.90
436,684,0.90
436,685,0.90
436,686,0.30
424,673,0.30
425,673,0.60
426,673,0.60
427,673,0.60
428,673,0.60
429,673,0.60
430,673,0.60
431,673,0.60
432,673,0.60
433,673,0.60
434,673,0.60
435,673,0.60
436,673,0.60
437,673,0.30
437,674,0.30
437,675,0.30
437,676,0.30
437,677,0.30
437,678,0.30
437,679,0.30
437,680,0.30
437,681,0.30
437,682,0.30
437,683,0.30
437,684,0.30
437,685,0.30

509,529,0.90
510,529,0.90
511,529,0.90
512,529,0.90
513,529,0.90
514,529,0.90
515,529,0.90
516,529,0.90
517,529,0.90
518,529,0.60
519,529,0.60
520,529,0.60
521,529,0.60
509,530,1.00
510,530,1.00
511,530,1.00
512,530,1.00
513,530,1.00
514,530,1.00
515,530,1.00
516,530,1.00
517,530,1.00
518,530,0.68
519,530,0.60
520,530,0.60
521,530,0.60
509,531,1.00
510,531,1.00
511,531,1.00
512,531,1.00
513,531,1.00
514,531,1.00
515,531,1.00
516,531,1.00
517,531,1.00
518,531,1.00
519,531,0.76
520,531,0.60
521,531,0.60
509,532,1.00
510,532,1.00
511,532,1.00
512,532,1.00
513,532,1.00
514,532,1.00
515,532,1.00
516,532,1.00
517,532,1.00
518,532,1.00
519,532,1.00
520,532,0.68
521,532,0.60
509,533,1.00
510,533,1.00
511,533,1.00
512,533,1.00
513,533,1.00
514,533,1.00
515,533,1.00
516,533,1.00
517,533,1.00
518,533,1.00
519,533,1.00
520,533,0.89
521,533,0.60
509,534,1.00
510,534,1.00
511,534,1.00
512,534,1.00
513,534,1.00
514,534,1.00
515,534,1.00
516,534,1.00
517,534,1.00
518,534,1.00
519,534,1.00
520,534,1.00
521,534,0.60
509,535,1.00
510,535,1.00
511,535,1.00
512,535,1.00
513,535,1.00
514,535,1.00
515,535,1.00
516,535,1.00
517,535,1.00
518,535,1.00
519,535,1.00
520,535,1.00
521,535,0.60
509,536,1.00
510,536,1.00
511,536,1.00
512,536,1.00
513,536,1.00
514,536,1.00
515,536,1.00
516,536,1.00
517,536,1.00
518,536,1.00
519,536,1.00
520,536,1.00
521,536,0.60
509,537,1.00
510,537,1.00
511,537,1.00
512,537,1.00
513,537,1.00
514,537,1.00
515,537,1.00
516,537,1.00
517,537,1.00
518,537,1.00
519,537,1.00
520,537,0.89
521,537,0.60
509,538,1.00
510,538,1.00
511,538,1.00
512,538,1.00
513,538,1.00
514,538,1.00
515,538,1.00
516,538,1.00
517,538,1.00
518,538,1.00
519,538,1.00
520,538,0.68
521,538,0.60
509,539,1.00
510,539,1.00
511,539,1.00
512,539,1.00
513,539,1.00
514,539,1.00
515,539,1.00
516,539,1.00
517,539,1.00
518,539,1.00
519,539,0.76
520,539,0.60
521,539,0.60
509,540,1.00
510,540,1.00
511,540,1.00
512,540,1.00
513,540,1.00
514,540,1.00
515,540,1.00
516,540,1.00
517,540,1.00
518,540,0.68
519,540,0.60
520,540,0.60
521,540,0.60
509,541,1.00
510,541,1.00
511,541,1.00
512,541,1.00
513,541,0.90
514,541,0.90
515,541,0.90
516,541,0.90
517,541,0.90
518,541,0.60
519,541,0.60
520,541,0.60
521,541,0.60
505,529,0.30
506,529,0.30
507,529,0.30
508,529,0.30
505,530,0.30
506,530,0.30
507,530,0.30
508,530,0.34
505,531,0.60
506,531,0.60
507,531,0.68
508,531,0.83
505,532,0.81
506,532,0.87
507,532,1.00
508,532,1.00
505,533,1.00
506,533,1.00
507,533,1.00
508,533,1.00
505,534,1.00
506,534,1.00
507,534,1.00
508,534,1.00
505,535,1.00
506,535,1.00
507,535,1.00
508,535,1.00
505,536,1.00
506,536,1.00
507,536,1.00
508,536,1.00
505,537,1.00
506,537,1.00
507,537,1.00
508,537,1.00
505,538,1.00
506,538,1.00
507,538,1.00
508,538,1.00
505,539,1.00
506,539,1.00
507,539,1.00
508,539,1.00
505,540,1.00
506,540,1.00
507,540,1.00
508,540,1.00
505,541,1.00
506,541,1.00
507,541,1.00
508,541,0.96
500,531,0.30
501,531,0.30
502,531,0.30
503,531,0.30
504,531,0.30
500,532,0.30
501,532,0.30
502,532,0.30
503,532,0.34
504,532,0.44
500,533,0.60
501,533,0.60
502,533,0.68
503,533,0.83
504,533,0.96
500,534,0.74
501,534,0.68
502,534,0.83
503,534,1.00
504,534,1.00
500,535,0.96
501,535,0.98
502,535,1.00
503,535,1.00
504,535,1.00
500,536,1.00
501,536,1.00
502,536,1.00
503,536,1.00
504,536,1.00
500,537,1.00
501,537,1.00
502,537,1.00
503,537,1.00
504,537,1.00
500,538,1.00
501,538,1.00
502,538,1.00
503,538,1.00
504,538,1.00
500,539,1.00
501,539,1.00
502,539,1.00
503,539,1.00
504,539,1.00
500,540,1.00
501,540,1.00
502,540,1.00
503,540,1.00
504,540,1.00
500,541,1.00
501,541,1.00
502,541,1.00
503,541,0.98
504,541,0.96
500,542,1.00
501,542,1.00
502,542,0.83
503,542,0.68
504,542,0.74
505,542,0.51
506,542,0.53
507,542,0.51
508,542,0.44
509,542,0.34
510,542,0.30
511,542,0.30
512,542,0.30
500,543,0.96
501,543,0.83
502,543,0.68
503,543,0.60
504,543,0.60
505,543,0.30
506,543,0.30
507,543,0.30
508,543,0.30
509,543,0.30
510,543,0.30
511,543,0.30
512,543,0.30
492,533,0.30
493,533,0.30
494,533,0.30
495,533,0.30
496,533,0.30
497,533,0.30
498,533,0.30
499,533,0.30
492,534,0.60
493,534,0.60
494,534,0.60
495,534,0.64
496,534,0.74
497,534,0.51
498,534,0.53
499,534,0.51
492,535,0.74
493,535,0.64
494,535,0.68
495,535,0.83
496,535,0.96
497,535,0.74
498,535,0.77
499,535,0.74
492,536,0.96
493,536,0.87
494,536,0.91
495,536,1.00
496,536,1.00
497,536,0.96
498,536,1.00
499,536,0.96
492,537,1.00
493,537,1.00
494,537,1.00
495,537,1.00
496,537,1.00
497,537,1.00
498,537,1.00
499,537,1.00
492,538,1.00
493,538,1.00
494,538,1.00
495,538,1.00
496,538,1.00
497,538,1.00
498,538,1.00
499,538,1.00
492,539,1.00
493,539,1.00
494,539,1.00
495,539,1.00
496,539,1.00
497,539,1.00
498,539,1.00
499,539,1.00
492,540,1.00
493,540,1.00
494,540,1.00
495,540,1.00
496,540,1.00
497,540,1.00
498,540,1.00
499,540,1.00
492,541,1.00
493,541,1.00
494,541,1.00
495,541,1.00
496,541,1.00
497,541,1.00
498,541,1.00
499,541,1.00
492,542,1.00
493,542,1.00
494,542,1.00
495,542,1.00
496,542,1.00
497,542,0.96
498,542,1.00
499,542,0.96
492,543,1.00
493,543,1.00
494,543,0.91
495,543,0.87
496,543,0.96
497,543,0.74
498,543,0.77
499,543,0.74
492,544,0.96
493,544,0.83
494,544,0.68
495,544,0.64
496,544,0.74
497,544,0.51
498,544,0.53
499,544,0.51
500,544,0.44
501,544,0.34
502,544,0.30
503,544,0.30
504,544,0.30
492,545,0.74
493,545,0.64
494,545,0.60
495,545,0.60
496,545,0.60
497,545,0.30
498,545,0.30
499,545,0.30
500,545,0.30
501,545,0.30
502,545,0.30
503,545,0.30
504,545,0.30
484,534,0.30
485,534,0.30
486,534,0.30
487,534,0.30
488,534,0.30
489,534,0.30
490,534,0.30
491,534,0.30
484,535,0.30
485,535,0.30
486,535,0.30
487,535,0.34
488,535,0.44
489,535,0.51
490,535,0.53
491,535,0.51
484,536,0.60
485,536,0.60
486,536,0.68
487,536,0.83
488,536,0.66
489,536,0.74
490,536,0.77
491,536,0.74
484,537,0.64
485,537,0.64
486,537,0.83
487,537,1.00
488,537,0.86
489,537,0.96
490,537,1.00
491,537,0.96
484,538,0.83
485,538,0.82
486,538,0.96
487,538,1.00
488,538,1.00
489,538,1.00
490,538,1.00
491,538,1.00
484,539,1.00
485,539,1.00
486,539,1.00
487,539,1.00
488,539,1.00
489,539,1.00
490,539,1.00
491,539,1.00
484,540,1.00
485,540,1.00
486,540,1.00
487,540,1.00
488,540,1.00
489,540,1.00
490,540,1.00
491,540,1.00
484,541,1.00
485,541,1.00
486,541,1.00
487,541,1.00
488,541,1.00
489,541,1.00
490,541,1.00
491,541,1.00
484,542,1.00
485,542,1.00
486,542,1.00
487,542,1.00
488,542,1.00
489,542,1.00
490,542,1.00
491,542,1.00
484,543,1.00
485,543,1.00
486,543,1.00
487,543,1.00
488,543,0.86
489,543,0.96
490,543,1.00
491,543,0.96
484,544,1.00
485,544,0.96
486,544,0.82
487,544,0.83
488,544,0.66
489,544,0.74
490,544,0.77
491,544,0.74
484,545,1.00
485,545,0.83
486,545,0.64
487,545,0.64
488,545,0.44
489,545,0.51
490,545,0.53
491,545,0.51
484,546,0.83
485,546,0.68
486,546,0.60
487,546,0.60
488,546,0.30
489,546,0.30
490,546,0.30
491,546,0.30
492,546,0.30
493,546,0.30
494,546,0.30
495,546,0.30
496,546,0.30
475,536,0.30
476,536,0.30
477,536,0.30
478,536,0.30
479,536,0.30
480,536,0.30
481,536,0.30
482,536,0.30
483,536,0.30
475,537,0.60
476,537,0.60
477,537,0.60
478,537,0.64
479,537,0.74
480,537,0.81
481,537,0.53
482,537,0.51
483,537,0.44
475,538,0.81
476,538,0.74
477,538,0.72
478,538,0.83
479,538,0.96
480,538,1.00
481,538,0.77
482,538,0.74
483,538,0.66
475,539,1.00
476,539,1.00
477,539,1.00
478,539,1.00
479,539,1.00
480,539,1.00
481,539,1.00
482,539,0.96
483,539,0.86
475,540,1.00
476,540,1.00
477,540,1.00
478,540,1.00
479,540,1.00
480,540,1.00
481,540,1.00
482,540,1.00
483,540,1.00
475,541,1.00
476,541,1.00
477,541,1.00
478,541,1.00
479,541,1.00
480,541,1.00
481,541,1.00
482,541,1.00
483,541,1.00
475,542,1.00
476,542,1.00
477,542,1.00
478,542,1.00
479,542,1.00
480,542,1.00
481,542,1.00
482,542,1.00
483,542,1.00
475,543,1.00
476,543,1.00
477,543,1.00
478,543,1.00
479,543,1.00
480,543,1.00
481,543,1.00
482,543,1.00
483,543,1.00
475,544,1.00
476,544,1.00
477,544,1.00
478,544,1.00
479,544,1.00
480,544,1.00
481,544,1.00
482,544,1.00
483,544,1.00
475,545,1.00
476,545,1.00
477,545,1.00
478,545,1.00
479,545,1.00
480,545,1.00
481,545,1.00
482,545,0.96
483,545,0.86
475,546,1.00
476,546,1.00
477,546,1.00
478,546,1.00
479,546,1.00
480,546,1.00
481,546,0.77
482,546,0.74
483,546,0.66
475,547,1.00
476,547,0.96
477,547,0.83
478,547,0.72
479,547,0.74
480,547,0.81
481,547,0.53
482,547,0.51
483,547,0.44
484,547,0.34
485,547,0.30
486,547,0.30
487,547,0.30
475,548,0.81
476,548,0.74
477,548,0.64
478,548,0.60
479,548,0.60
480,548,0.60
481,548,0.30
482,548,0.30
483,548,0.30
484,548,0.30
485,548,0.30
486,548,0.30
487,548,0.30
468,537,0.30
469,537,0.30
470,537,0.30
471,537,0.30
472,537,0.30
473,537,0.30
474,537,0.30
468,538,0.30
469,538,0.30
470,538,0.30
471,538,0.34
472,538,0.44
473,538,0.51
474,538,0.53
468,539,0.60
469,539,0.30
470,539,0.38
471,539,0.53
472,539,0.66
473,539,0.74
474,539,0.77
468,540,0.60
469,540,0.34
470,540,0.53
471,540,0.71
472,540,0.86
473,540,0.96
474,540,1.00
468,541,0.60
469,541,0.44
470,541,0.66
471,541,0.86
472,541,1.00
473,541,1.00
474,541,1.00
468,542,0.60
469,542,0.51
470,542,0.74
471,542,0.96
472,542,1.00
473,542,1.00
474,542,1.00
468,543,0.60
469,543,0.53
470,543,0.77
471,543,1.00
472,543,1.00
473,543,1.00
474,543,1.00
468,544,0.60
469,544,0.51
470,544,0.74
471,544,0.96
472,544,1.00
473,544,1.00
474,544,1.00
468,545,0.60
469,545,0.44
470,545,0.66
471,545,0.86
472,545,1.00
473,545,1.00
474,545,1.00
468,546,0.60
469,546,0.34
470,546,0.53
471,546,0.71
472,546,0.86
473,546,0.96
474,546,1.00
468,547,0.60
469,547,0.30
470,547,0.38
471,547,0.53
472,547,0.66
473,547,0.74
474,547,0.77
468,548,0.60
469,548,0.30
470,548,0.30
471,548,0.34
472,548,0.44
473,548,0.51
474,548,0.53
468,549,0.60
469,549,0.30
470,549,0.30
471,549,0.30
472,549,0.30
473,549,0.30
474,549,0.30
475,549,0.30
476,549,0.30
477,549,0.30
478,549,0.30
479,549,0.30
480,549,0.30
456,539,0.30
457,539,0.30
458,539,0.30
459,539,0.30
460,539,0.30
461,539,0.30
462,539,0.30
463,539,0.30
464,539,0.30
465,539,0.30
466,539,0.30
467,539,0.30
456,540,0.30
457,540,0.30
458,540,0.30
459,540,0.34
460,540,0.44
461,540,0.51
462,540,0.53
463,540,0.51
464,540,0.44
465,540,0.34
466,540,0.30
467,540,0.30
456,541,0.30
457,541,0.30
458,541,0.38
459,541,0.53
460,541,0.66
461,541,0.74
462,541,0.77
463,541,0.74
464,541,0.66
465,541,0.53
466,541,0.38
467,541,0.30
456,542,0.60
457,542,0.64
458,542,0.83
459,542,1.00
460,542,1.00
461,542,1.00
462,542,1.00
463,542,1.00
464,542,1.00
465,542,0.71
466,542,0.53
467,542,0.34
456,543,1.00
457,543,1.00
458,543,1.00
459,543,1.00
460,543,1.00
461,543,1.00
462,543,1.00
463,543,1.00
464,543,1.00
465,543,0.86
466,543,0.66
467,543,0.44
456,544,1.00
457,544,1.00
458,544,1.00
459,544,1.00
460,544,1.00
461,544,1.00
462,544,1.00
463,544,1.00
464,544,1.00
465,544,0.96
466,544,0.74
467,544,0.51
456,545,1.00
457,545,1.00
458,545,1.00
459,545,1.00
460,545,1.00
461,545,1.00
462,545,1.00
463,545,1.00
464,545,1.00
465,545,1.00
466,545,0.77
467,545,0.53
456,546,1.00
457,546,1.00
458,546,1.00
459,546,1.00
460,546,1.00
461,546,1.00
462,546,1.00
463,546,1.00
464,546,1.00
465,546,0.96
466,546,0.74
467,546,0.51
456,547,1.00
457,547,1.00
458,547,1.00
459,547,1.00
460,547,1.00
461,547,1.00
462,547,1.00
463,547,1.00
464,547,1.00
465,547,0.86
466,547,0.66
467,547,0.44
456,548,1.00
457,548,1.00
458,548,1.00
459,548,1.00
460,548,1.00
461,548,1.00
462,548,1.00
463,548,1.00
464,548,1.00
465,548,0.71
466,548,0.53
467,548,0.34
456,549,1.00
457,549,1.00
458,549,1.00
459,549,1.00
460,549,1.00
461,549,1.00
462,549,1.00
463,549,1.00
464,549,0.96
465,549,0.53
466,549,0.38
467,549,0.30
456,550,1.00
457,550,1.00
458,550,1.00
459,550,1.00
460,550,1.00
461,550,1.00
462,550,1.00
463,550,0.95
464,550,0.74
465,550,0.34
466,550,0.30
467,550,0.30
468,550,0.30
456,551,1.00
457,551,1.00
458,551,1.00
459,551,1.00
460,551,1.00
461,551,1.00
462,551,0.83
463,551,0.64
464,551,0.60
465,551,0.30
466,551,0.30
467,551,0.30
468,551,0.30
452,542,0.30
453,542,0.30
454,542,0.30
455,542,0.30
452,543,0.60
453,543,0.60
454,543,0.60
455,543,0.64
452,544,0.64
453,544,0.74
454,544,0.89
455,544,1.00
452,545,1.00
453,545,1.00
454,545,1.00
455,545,1.00
452,546,1.00
453,546,1.00
454,546,1.00
455,546,1.00
452,547,1.00
453,547,1.00
454,547,1.00
455,547,1.00
452,548,1.00
453,548,1.00
454,548,1.00
455,548,1.00
452,549,1.00
453,549,1.00
454,549,1.00
455,549,1.00
452,550,1.00
453,550,1.00
454,550,1.00
455,550,1.00
452,551,1.00
453,551,1.00
454,551,1.00
455,551,1.00
452,552,1.00
453,552,1.00
454,552,1.00
455,552,1.00
456,552,1.00
457,552,1.00
458,552,1.00
459,552,1.00
460,552,1.00
461,552,0.83
462,552,0.38
463,552,0.30
464,552,0.30
452,553,1.00
453,553,1.00
454,553,1.00
455,553,1.00
456,553,1.00
457,553,1.00
458,553,1.00
459,553,0.89
460,553,0.74
461,553,0.64
462,553,0.30
463,553,0.30
464,553,0.30
452,554,1.00
453,554,1.00
454,554,1.00
455,554,1.00
456,554,1.00
457,554,1.00
458,554,0.94
459,554,0.60
460,554,0.60
461,554,0.60
462,554,0.30
463,554,0.30
464,554,0.30
449,543,0.30
450,543,0.30
451,543,0.30
449,544,0.30
450,544,0.30
451,544,0.30
449,545,0.60
450,545,0.60
451,545,0.68
449,546,0.94
450,546,1.00
451,546,1.00
449,547,1.00
450,547,1.00
451,547,1.00
449,548,1.00
450,548,1.00
451,548,1.00
449,549,1.00
450,549,1.00
451,549,1.00
449,550,1.00
450,550,1.00
451,550,1.00
449,551,1.00
450,551,1.00
451,551,1.00
449,552,1.00
450,552,1.00
451,552,1.00
449,553,1.00
450,553,1.00
451,553,1.00
449,554,1.00
450,554,1.00
451,554,1.00
449,555,1.00
450,555,1.00
451,555,1.00
452,555,1.00
453,555,1.00
454,555,1.00
455,555,1.00
456,555,0.98
457,555,0.60
458,555,0.60
459,555,0.30
460,555,0.30
461,555,0.30
446,545,0.30
447,545,0.30
448,545,0.30
446,546,0.60
447,546,0.60
448,546,0.60
446,547,1.00
447,547,1.00
448,547,1.00
446,548,1.00
447,548,1.00
448,548,1.00
446,549,1.00
447,549,1.00
448,549,1.00
446,550,1.00
447,550,1.00
448,550,1.00
446,551,1.00
447,551,1.00
448,551,1.00
446,552,1.00
447,552,1.00
448,552,1.00
446,553,1.00
447,553,1.00
448,553,1.00
446,554,1.00
447,554,1.00
448,554,1.00
446,555,1.00
447,555,1.00
448,555,1.00
446,556,1.00
447,556,1.00
448,556,1.00
449,556,1.00
450,556,1.00
451,556,1.00
452,556,1.00
453,556,1.00
454,556,1.00
455,556,0.94
456,556,0.60
457,556,0.30
458,556,0.30
446,557,1.00
447,557,1.00
448,557,1.00
449,557,1.00
450,557,1.00
451,557,1.00
452,557,1.00
453,557,1.00
454,557,1.00
455,557,0.90
456,557,0.60
457,557,0.30
458,557,0.30
444,546,0.30
445,546,0.30
444,547,0.90
445,547,0.90
444,548,0.90
445,548,0.94
444,549,1.00
445,549,1.00
444,550,1.00
445,550,1.00
444,551,1.00
445,551,1.00
444,552,1.00
445,552,1.00
444,553,1.00
445,553,1.00
444,554,1.00
445,554,1.00
444,555,1.00
445,555,1.00
444,556,1.00
445,556,1.00
444,557,1.00
445,557,1.00
444,558,1.00
445,558,1.00
446,558,1.00
447,558,1.00
448,558,1.00
449,558,1.00
450,558,1.00
451,558,1.00
452,558,1.00
453,558,0.90
454,558,0.90
455,558,0.60
456,558,0.30
443,547,0.60
443,548,0.60
443,549,0.90
443,550,1.00
443,551,1.00
443,552,1.00
443,553,1.00
443,554,1.00
443,555,1.00
443,556,1.00
443,557,1.00
443,558,1.00
443,559,1.00
444,559,1.00
445,559,1.00
446,559,1.00
447,559,1.00
448,559,1.00
449,559,1.00
450,559,1.00
451,559,1.00
452,559,1.00
453,559,0.60
454,559,0.60
455,559,0.30
442,547,0.30
442,548,0.30
442,549,0.60
442,550,1.00
442,551,1.00
442,552,1.00
442,553,1.00
442,554,1.00
442,555,1.00
442,556,1.00
442,557,1.00
442,558,1.00
442,559,1.00
440,549,0.30
441,549,0.30
440,550,0.90
441,550,0.90
440,551,1.00
441,551,1.00
440,552,1.00
441,552,1.00
440,553,1.00
441,553,1.00
440,554,1.00
441,554,1.00
440,555,1.00
441,555,1.00
440,556,1.00
441,556,1.00
440,557,1.00
441,557,1.00
440,558,1.00
441,558,1.00
440,559,1.00
441,559,1.00
440,560,1.00
441,560,1.00
442,560,1.00
443,560,1.00
444,560,1.00
445,560,1.00
446,560,1.00
447,560,1.00
448,560,1.00
449,560,1.00
450,560,0.98
451,560,0.90
452,560,0.60
440,561,1.00
441,561,1.00
442,561,1.00
443,561,1.00
444,561,1.00
445,561,1.00
446,561,1.00
447,561,1.00
448,561,1.00
449,561,1.00
450,561,1.00
451,561,0.94
452,561,0.60
439,550,0.60
439,551,1.00
439,552,1.00
439,553,1.00
439,554,1.00
439,555,1.00
439,556,1.00
439,557,1.00
439,558,1.00
439,559,1.00
439,560,1.00
439,561,1.00
439,562,1.00
440,562,1.00
441,562,1.00
442,562,1.00
443,562,1.00
444,562,1.00
445,562,1.00
446,562,1.00
447,562,1.00
448,562,1.00
449,562,1.00
450,562,0.96
451,562,0.74
437,550,0.30
438,550,0.30
437,551,1.00
438,551,1.00
437,552,1.00
438,552,1.00
437,553,1.00
438,553,1.00
437,554,1.00
438,554,1.00
437,555,1.00
438,555,1.00
437,556,1.00
438,556,1.00
437,557,1.00
438,557,1.00
437,558,1.00
438,558,1.00
437,559,1.00
438,559,1.00
437,560,1.00
438,560,1.00
437,561,1.00
438,561,1.00
437,562,1.00
438,562,1.00
437,563,1.00
438,563,1.00
439,563,1.00
440,563,1.00
441,563,1.00
442,563,1.00
443,563,1.00
444,563,1.00
445,563,1.00
446,563,1.00
447,563,1.00
448,563,1.00
449,563,1.00
436,551,0.60
436,552,0.60
436,553,0.60
436,554,0.60
436,555,0.60
436,556,0.60
436,557,0.60
436,558,0.60
436,559,0.60
436,560,0.60
436,561,0.60
436,562,0.60
436,563,0.60
452,562,0.30
450,563,0.74
451,563,0.51
452,563,0.30
440,564,0.30
441,564,0.53
442,564,0.77
443,564,1.00
444,564,1.00
445,564,1.00
446,564,1.00
447,564,1.00
448,564,1.00
449,564,1.00
450,564,1.00
451,564,0.83
452,564,0.60
440,565,0.30
441,565,0.51
442,565,0.74
443,565,1.00
444,565,1.00
445,565,1.00
446,565,1.00
447,565,1.00
448,565,1.00
449,565,1.00
450,565,1.00
451,565,0.95
452,565,0.64
440,566,0.30
441,566,0.44
442,566,0.66
443,566,1.00
444,566,1.00
445,566,1.00
446,566,1.00
447,566,1.00
448,566,1.00
449,566,1.00
450,566,1.00
451,566,1.00
452,566,0.83
440,567,0.30
441,567,0.34
442,567,0.53
443,567,1.00
444,567,1.00
445,567,1.00
446,567,1.00
447,567,1.00
448,567,1.00
449,567,1.00
450,567,1.00
451,567,1.00
452,567,1.00
440,568,0.30
441,568,0.30
442,568,0.38
443,568,0.83
444,568,1.00
445,568,1.00
446,568,1.00
447,568,1.00
448,568,1.00
449,568,1.00
450,568,1.00
451,568,1.00
452,568,1.00
440,569,0.30
441,569,0.30
442,569,0.30
443,569,0.64
444,569,0.95
445,569,1.00
446,569,1.00
447,569,1.00
448,569,1.00
449,569,1.00
450,569,1.00
451,569,1.00
452,569,1.00
440,570,0.30
441,570,0.30
442,570,0.30
443,570,0.60
444,570,0.83
445,570,1.00
446,570,1.00
447,570,1.00
448,570,1.00
449,570,1.00
450,570,1.00
451,570,1.00
452,570,1.00
453,564,0.30
454,564,0.30
455,564,0.30
453,565,0.30
454,565,0.30
455,565,0.30
453,566,0.38
454,566,0.30
455,566,0.30
453,567,0.53
454,567,0.34
455,567,0.30
453,568,0.66
454,568,0.44
455,568,0.30
453,569,0.74
454,569,0.51
455,569,0.30
453,570,1.00
454,570,0.83
455,570,0.60
443,571,0.30
444,571,0.51
445,571,0.74
446,571,0.96
447,571,1.00
448,571,1.00
449,571,1.00
450,571,1.00
451,571,1.00
452,571,1.00
453,571,1.00
454,571,1.00
455,571,0.74
443,572,0.30
444,572,0.44
445,572,0.66
446,572,0.86
447,572,1.00
448,572,1.00
449,572,1.00
450,572,1.00
451,572,1.00
452,572,1.00
453,572,1.00
454,572,1.00
455,572,0.96
443,573,0.30
444,573,0.34
445,573,0.53
446,573,0.71
447,573,1.00
448,573,1.00
449,573,1.00
450,573,1.00
451,573,1.00
452,573,1.00
453,573,1.00
454,573,1.00
455,573,1.00
443,574,0.30
444,574,0.30
445,574,0.38
446,574,0.53
447,574,0.96
448,574,1.00
449,574,1.00
450,574,1.00
451,574,1.00
452,574,1.00
453,574,1.00
454,574,1.00
455,574,1.00
443,575,0.30
444,575,0.30
445,575,0.30
446,575,0.34
447,575,0.74
448,575,1.00
449,575,1.00
450,575,1.00
451,575,1.00
452,575,1.00
453,575,1.00
454,575,1.00
455,575,1.00
443,576,0.30
444,576,0.30
445,576,0.30
446,576,0.30
447,576,0.60
448,576,0.83
449,576,1.00
450,576,1.00
451,576,1.00
452,576,1.00
453,576,1.00
454,576,1.00
455,576,1.00
456,570,0.30
457,570,0.30
458,570,0.30
459,570,0.30
456,571,0.34
457,571,0.30
458,571,0.30
459,571,0.30
456,572,0.53
457,572,0.38
458,572,0.30
459,572,0.30
456,573,0.71
457,573,0.53
458,573,0.34
459,573,0.30
456,574,0.86
457,574,0.66
458,574,0.44
459,574,0.30
456,575,0.96
457,575,0.74
458,575,0.51
459,575,0.30
456,576,1.00
457,576,0.77
458,576,0.53
459,576,0.30
447,577,0.30
448,577,0.51
449,577,0.74
450,577,0.96
451,577,1.00
452,577,1.00
453,577,1.00
454,577,1.00
455,577,1.00
456,577,1.00
457,577,1.00
458,577,0.81
459,577,0.60
447,578,0.30
448,578,0.44
449,578,0.66
450,578,0.86
451,578,1.00
452,578,1.00
453,578,1.00
454,578,1.00
455,578,1.00
456,578,1.00
457,578,1.00
458,578,0.95
459,578,0.74
447,579,0.30
448,579,0.34
449,579,0.53
450,579,0.71
451,579,1.00
452,579,1.00
453,579,1.00
454,579,1.00
455,579,1.00
456,579,1.00
457,579,1.00
458,579,1.00
459,579,0.96
447,580,0.30
448,580,0.30
449,580,0.38
450,580,0.53
451,580,0.96
452,580,1.00
453,580,1.00
454,580,1.00
455,580,1.00
456,580,1.00
457,580,1.00
458,580,1.00
459,580,1.00
447,581,0.30
448,581,0.30
449,581,0.30
450,581,0.34
451,581,0.74
452,581,0.95
453,581,1.00
454,581,1.00
455,581,1.00
456,581,1.00
457,581,1.00
458,581,1.00
459,581,1.00
447,582,0.30
448,582,0.30
449,582,0.30
450,582,0.30
451,582,0.60
452,582,1.00
453,582,1.00
454,582,1.00
455,582,1.00
456,582,1.00
457,582,1.00
458,582,1.00
459,582,1.00
460,577,0.30
461,577,0.30
462,577,0.30
463,577,0.30
460,578,0.34
461,578,0.30
462,578,0.30
463,578,0.30
460,579,0.53
461,579,0.38
462,579,0.30
463,579,0.30
460,580,0.71
461,580,0.53
462,580,0.34
463,580,0.30
460,581,0.86
461,581,0.66
462,581,0.44
463,581,0.30
460,582,1.00
461,582,1.00
462,582,0.81
463,582,0.60
451,583,0.30
452,583,0.83
453,583,1.00
454,583,1.00
455,583,1.00
456,583,1.00
457,583,1.00
458,583,1.00
459,583,1.00
460,583,1.00
461,583,1.00
462,583,0.83
463,583,0.60
451,584,0.30
452,584,0.81
453,584,1.00
454,584,1.00
455,584,1.00
456,584,1.00
457,584,1.00
458,584,1.00
459,584,1.00
460,584,1.00
461,584,1.00
462,584,0.89
463,584,0.60
451,585,0.30
452,585,0.74
453,585,1.00
454,585,1.00
455,585,1.00
456,585,1.00
457,585,1.00
458,585,1.00
459,585,1.00
460,585,1.00
461,585,1.00
462,585,0.98
463,585,0.64
451,586,0.30
452,586,0.64
453,586,0.98
454,586,1.00
455,586,1.00
456,586,1.00
457,586,1.00
458,586,1.00
459,586,1.00
460,586,1.00
461,586,1.00
462,586,1.00
463,586,1.00
451,587,0.30
452,587,0.60
453,587,0.89
454,587,1.00
455,587,1.00
456,587,1.00
457,587,1.00
458,587,1.00
459,587,1.00
460,587,1.00
461,587,1.00
462,587,1.00
463,587,1.00
451,588,0.30
452,588,0.60
453,588,0.83
454,588,1.00
455,588,1.00
456,588,1.00
457,588,1.00
458,588,1.00
459,588,1.00
460,588,1.00
461,588,1.00
462,588,1.00
463,588,1.00
451,589,0.30
452,589,0.60
453,589,0.81
454,589,1.00
455,589,1.00
456,589,1.00
457,589,1.00
458,589,1.00
459,589,1.00
460,589,1.00
461,589,1.00
462,589,1.00
463,589,1.00
464,582,0.30
464,583,0.30
464,584,0.30
464,585,0.30
464,586,0.60
464,587,0.60
464,588,0.68
464,589,1.00
452,590,0.30
453,590,0.44
454,590,0.96
455,590,1.00
456,590,1.00
457,590,1.00
458,590,1.00
459,590,1.00
460,590,1.00
461,590,1.00
462,590,1.00
463,590,1.00
464,590,1.00
452,591,0.30
453,591,0.34
454,591,0.83
455,591,1.00
456,591,1.00
457,591,1.00
458,591,1.00
459,591,1.00
460,591,1.00
461,591,1.00
462,591,1.00
463,591,1.00
464,591,1.00
452,592,0.30
453,592,0.30
454,592,0.68
455,592,1.00
456,592,1.00
457,592,1.00
458,592,1.00
459,592,1.00
460,592,1.00
461,592,1.00
462,592,1.00
463,592,1.00
464,592,1.00
452,593,0.30
453,593,0.30
454,593,0.60
455,593,1.00
456,593,1.00
457,593,1.00
458,593,1.00
459,593,1.00
460,593,1.00
461,593,1.00
462,593,1.00
463,593,1.00
464,593,1.00
452,594,0.30
453,594,0.30
454,594,0.60
455,594,1.00
456,594,1.00
457,594,1.00
458,594,1.00
459,594,1.00
460,594,1.00
461,594,1.00
462,594,1.00
463,594,1.00
464,594,1.00
465,586,0.30
466,586,0.30
465,587,0.30
466,587,0.30
465,588,0.30
466,588,0.30
465,589,0.64
466,589,0.60
465,590,0.74
466,590,0.60
465,591,1.00
466,591,0.90
465,592,1.00
466,592,1.00
465,593,1.00
466,593,1.00
465,594,1.00
466,594,1.00
454,595,0.30
455,595,1.00
456,595,1.00
457,595,1.00
458,595,1.00
459,595,1.00
460,595,1.00
461,595,1.00
462,595,1.00
463,595,1.00
464,595,1.00
465,595,1.00
466,595,1.00
454,596,0.30
455,596,1.00
456,596,1.00
457,596,1.00
458,596,1.00
459,596,1.00
460,596,1.00
461,596,1.00
462,596,1.00
463,596,1.00
464,596,1.00
465,596,1.00
466,596,1.00
454,597,0.30
455,597,1.00
456,597,1.00
457,597,1.00
458,597,1.00
459,597,1.00
460,597,1.00
461,597,1.00
462,597,1.00
463,597,1.00
464,597,1.00
465,597,1.00
466,597,1.00
454,598,0.30
455,598,1.00
456,598,1.00
457,598,1.00
458,598,1.00
459,598,1.00
460,598,1.00
461,598,1.00
462,598,1.00
463,598,1.00
464,598,1.00
465,598,1.00
466,598,1.00
467,589,0.30
467,590,0.30
467,591,0.60
467,592,0.90
467,593,0.90
467,594,0.90
467,595,1.00
467,596,1.00
467,597,1.00
467,598,1.00
455,599,1.00
456,599,1.00
457,599,1.00
458,599,1.00
459,599,1.00
460,599,1.00
461,599,1.00
462,599,1.00
463,599,1.00
464,599,1.00
465,599,1.00
466,599,1.00
467,599,1.00
455,600,1.00
456,600,1.00
457,600,1.00
458,600,1.00
459,600,1.00
460,600,1.00
461,600,1.00
462,600,1.00
463,600,1.00
464,600,1.00
465,600,1.00
466,600,1.00
467,600,1.00
455,601,1.00
456,601,1.00
457,601,1.00
458,601,1.00
459,601,1.00
460,601,1.00
461,601,1.00
462,601,1.00
463,601,1.00
464,601,1.00
465,601,1.00
466,601,1.00
467,601,1.00
455,602,1.00
456,602,1.00
457,602,1.00
458,602,1.00
459,602,1.00
460,602,1.00
461,602,1.00
462,602,1.00
463,602,1.00
464,602,1.00
465,602,1.00
466,602,1.00
467,602,1.00
455,603,1.00
456,603,1.00
457,603,1.00
458,603,1.00
459,603,1.00
460,603,1.00
461,603,1.00
462,603,1.00
463,603,1.00
464,603,1.00
465,603,1.00
466,603,1.00
467,603,1.00
455,604,1.00
456,604,1.00
457,604,1.00
458,604,1.00
459,604,1.00
460,604,1.00
461,604,1.00
462,604,1.00
463,604,1.00
464,604,1.00
465,604,1.00
466,604,1.00
467,604,1.00
455,605,1.00
456,605,1.00
457,605,1.00
458,605,1.00
459,605,1.00
460,605,1.00
461,605,1.00
462,605,1.00
463,605,1.00
464,605,1.00
465,605,1.00
466,605,1.00
467,605,0.90
455,606,1.00
456,606,1.00
457,606,1.00
458,606,1.00
459,606,1.00
460,606,1.00
461,606,1.00
462,606,1.00
463,606,1.00
464,606,1.00
465,606,1.00
466,606,1.00
467,606,0.90
455,607,1.00
456,607,1.00
457,607,1.00
458,607,1.00
459,607,1.00
460,607,1.00
461,607,1.00
462,607,1.00
463,607,1.00
464,607,1.00
465,607,1.00
466,607,1.00
467,607,0.90
455,608,1.00
456,608,1.00
457,608,1.00
458,608,1.00
459,608,1.00
460,608,1.00
461,608,1.00
462,608,1.00
463,608,1.00
464,608,1.00
465,608,1.00
466,608,1.00
467,608,0.60
455,609,1.00
456,609,1.00
457,609,1.00
458,609,1.00
459,609,1.00
460,609,1.00
461,609,1.00
462,609,1.00
463,609,1.00
464,609,1.00
465,609,1.00
466,609,1.00
467,609,0.90
455,610,1.00
456,610,1.00
457,610,1.00
458,610,1.00
459,610,1.00
460,610,1.00
461,610,1.00
462,610,1.00
463,610,1.00
464,610,1.00
465,610,1.00
466,610,1.00
467,610,0.81
455,611,1.00
456,611,1.00
457,611,1.00
458,611,1.00
459,611,1.00
460,611,1.00
461,611,1.00
462,611,1.00
463,611,1.00
464,611,1.00
465,611,1.00
466,611,1.00
467,611,1.00
454,602,0.30
454,603,0.30
454,604,0.30
454,605,0.30
454,606,0.60
454,607,0.60
454,608,0.60
454,609,0.90
454,610,0.90
454,611,0.90
454,612,1.00
455,612,1.00
456,612,1.00
457,612,1.00
458,612,1.00
459,612,1.00
460,612,1.00
461,612,1.00
462,612,1.00
463,612,1.00
464,612,1.00
465,612,1.00
466,612,1.00
454,613,1.00
455,613,1.00
456,613,1.00
457,613,1.00
458,613,1.00
459,613,1.00
460,613,1.00
461,613,1.00
462,613,1.00
463,613,1.00
464,613,1.00
465,613,1.00
466,613,1.00
454,614,1.00
455,614,1.00
456,614,1.00
457,614,1.00
458,614,1.00
459,614,1.00
460,614,1.00
461,614,1.00
462,614,1.00
463,614,1.00
464,614,1.00
465,614,1.00
466,614,1.00
454,615,0.90
455,615,1.00
456,615,1.00
457,615,1.00
458,615,1.00
459,615,1.00
460,615,1.00
461,615,1.00
462,615,1.00
463,615,1.00
464,615,1.00
465,615,1.00
466,615,1.00
454,616,0.90
455,616,1.00
456,616,1.00
457,616,1.00
458,616,1.00
459,616,1.00
460,616,1.00
461,616,1.00
462,616,1.00
463,616,1.00
464,616,1.00
465,616,1.00
466,616,1.00
454,617,0.90
455,617,1.00
456,617,1.00
457,617,1.00
458,617,1.00
459,617,1.00
460,617,1.00
461,617,1.00
462,617,1.00
463,617,1.00
464,617,1.00
465,617,1.00
466,617,1.00
454,618,0.90
455,618,1.00
456,618,1.00
457,618,1.00
458,618,1.00
459,618,1.00
460,618,1.00
461,618,1.00
462,618,1.00
463,618,1.00
464,618,1.00
465,618,1.00
466,618,1.00
454,619,0.60
455,619,1.00
456,619,1.00
457,619,1.00
458,619,1.00
459,619,1.00
460,619,1.00
461,619,1.00
462,619,1.00
463,619,1.00
464,619,1.00
465,619,1.00
466,619,1.00
454,620,0.60
455,620,1.00
456,620,1.00
457,620,1.00
458,620,1.00
459,620,1.00
460,620,1.00
461,620,1.00
462,620,1.00
463,620,1.00
464,620,1.00
465,620,1.00
466,620,1.00
454,621,0.60
455,621,1.00
456,621,1.00
457,621,1.00
458,621,1.00
459,621,1.00
460,621,1.00
461,621,1.00
462,621,1.00
463,621,1.00
464,621,1.00
465,621,1.00
466,621,1.00
454,622,0.30
455,622,1.00
456,622,1.00
457,622,1.00
458,622,1.00
459,622,1.00
460,622,1.00
461,622,1.00
462,622,1.00
463,622,1.00
464,622,1.00
465,622,1.00
466,622,1.00
454,623,0.30
455,623,1.00
456,623,1.00
457,623,1.00
458,623,1.00
459,623,1.00
460,623,1.00
461,623,1.00
462,623,1.00
463,623,1.00
464,623,1.00
465,623,1.00
466,623,1.00
454,624,0.30
455,624,1.00
456,624,1.00
457,624,1.00
458,624,1.00
459,624,1.00
460,624,1.00
461,624,1.00
462,624,1.00
463,624,1.00
464,624,1.00
465,624,1.00
466,624,1.00
467,615,1.00
467,616,1.00
467,617,1.00
467,618,1.00
467,619,1.00
467,620,1.00
467,621,1.00
467,622,1.00
467,623,1.00
467,624,1.00
455,625,1.00
456,625,1.00
457,625,1.00
458,625,1.00
459,625,1.00
460,625,1.00
461,625,1.00
462,625,1.00
463,625,1.00
464,625,1.00
465,625,1.00
466,625,1.00
467,625,1.00
455,626,1.00
456,626,1.00
457,626,1.00
458,626,1.00
459,626,1.00
460,626,1.00
461,626,1.00
462,626,1.00
463,626,1.00
464,626,1.00
465,626,1.00
466,626,1.00
467,626,1.00
455,627,1.00
456,627,1.00
457,627,1.00
458,627,1.00
459,627,1.00
460,627,1.00
461,627,1.00
462,627,1.00
463,627,1.00
464,627,1.00
465,627,1.00
466,627,1.00
467,627,1.00
455,628,1.00
456,628,1.00
457,628,1.00
458,628,1.00
459,628,1.00
460,628,1.00
461,628,1.00
462,628,1.00
463,628,1.00
464,628,1.00
465,628,1.00
466,628,1.00
467,628,1.00
455,629,1.00
456,629,1.00
457,629,1.00
458,629,1.00
459,629,1.00
460,629,1.00
461,629,1.00
462,629,1.00
463,629,1.00
464,629,1.00
465,629,1.00
466,629,1.00
467,629,1.00
455,630,1.00
456,630,1.00
457,630,1.00
458,630,1.00
459,630,1.00
460,630,1.00
461,630,1.00
462,630,1.00
463,630,1.00
464,630,1.00
465,630,1.00
466,630,1.00
467,630,1.00
455,631,0.90
456,631,0.90
457,631,0.90
458,631,0.90
459,631,0.90
460,631,0.90
461,631,0.90
462,631,0.90
463,631,0.90
464,631,0.90
465,631,0.90
466,631,0.90
467,631,0.90
468,616,1.00
468,617,1.00
468,618,1.00
468,619,1.00
468,620,1.00
468,621,1.00
468,622,0.83
468,623,0.68
468,624,0.60
468,625,0.60
468,626,0.30
468,627,0.30
468,628,0.30
467,613,1.00
468,613,1.00
469,613,1.00
470,613,1.00
467,614,1.00
468,614,1.00
469,614,1.00
470,614,1.00
468,615,1.00
469,615,1.00
470,615,1.00
469,616,1.00
470,616,1.00
469,617,1.00
470,617,1.00
469,618,1.00
470,618,1.00
469,619,1.00
470,619,0.96
469,620,1.00
470,620,0.74
469,621,0.74
470,621,0.60
469,622,0.34
470,622,0.30
469,623,0.30
470,623,0.30
469,624,0.30
470,624,0.30
469,625,0.30
470,625,0.30
468,609,0.30
469,609,0.30
470,609,0.30
471,609,0.30
472,609,0.30
473,609,0.30
474,609,0.30
468,610,0.53
469,610,0.51
470,610,0.44
471,610,0.34
472,610,0.30
473,610,0.30
474,610,0.30
468,611,0.77
469,611,0.74
470,611,0.66
471,611,0.53
472,611,0.38
473,611,0.30
474,611,0.30
467,612,0.96
468,612,1.00
469,612,0.96
470,612,0.86
471,612,0.71
472,612,0.53
473,612,0.34
474,612,0.30
471,613,0.86
472,613,0.66
473,613,0.44
474,613,0.30
471,614,0.96
472,614,0.74
473,614,0.51
474,614,0.30
471,615,1.00
472,615,0.77
473,615,0.53
474,615,0.30
471,616,0.96
472,616,0.74
473,616,0.51
474,616,0.30
471,617,0.86
472,617,0.66
473,617,0.44
474,617,0.30
471,618,0.71
472,618,0.53
473,618,0.34
474,618,0.30
471,619,0.53
472,619,0.38
473,619,0.30
474,619,0.30
471,620,0.34
472,620,0.30
473,620,0.30
474,620,0.30
471,621,0.30
472,621,0.30
473,621,0.30
474,621,0.30
475,599,0.30
476,599,0.30
477,599,0.30
478,599,0.30
479,599,0.30
480,599,0.30
481,599,0.30
482,599,0.30
483,599,0.30
484,599,0.60
485,599,0.74
486,599,0.96
487,599,1.00
475,600,0.30
476,600,0.30
477,600,0.30
478,600,0.34
479,600,0.44
480,600,0.51
481,600,0.53
482,600,0.51
483,600,0.44
484,600,0.64
485,600,0.81
486,600,1.00
487,600,1.00
475,601,0.30
476,601,0.30
477,601,0.38
478,601,0.53
479,601,0.66
480,601,0.74
481,601,0.77
482,601,0.74
483,601,0.66
484,601,0.83
485,601,0.91
486,601,1.00
487,601,1.00
475,602,0.30
476,602,0.34
477,602,0.53
478,602,0.71
479,602,0.86
480,602,0.96
481,602,1.00
482,602,0.96
483,602,0.86
484,602,1.00
485,602,1.00
486,602,1.00
487,602,1.00
475,603,0.30
476,603,0.44
477,603,0.66
478,603,0.86
479,603,1.00
480,603,1.00
481,603,1.00
482,603,1.00
483,603,1.00
484,603,1.00
485,603,1.00
486,603,1.00
487,603,1.00
475,604,0.30
476,604,0.51
477,604,0.74
478,604,0.96
479,604,1.00
480,604,1.00
481,604,1.00
482,604,1.00
483,604,1.00
484,604,1.00
485,604,1.00
486,604,1.00
487,604,1.00
475,605,0.30
476,605,0.53
477,605,0.77
478,605,1.00
479,605,1.00
480,605,1.00
481,605,1.00
482,605,1.00
483,605,1.00
484,605,1.00
485,605,1.00
486,605,0.91
487,605,0.83
475,606,0.30
476,606,0.51
477,606,0.74
478,606,0.96
479,606,1.00
480,606,1.00
481,606,1.00
482,606,1.00
483,606,1.00
484,606,1.00
485,606,1.00
486,606,0.81
487,606,0.64
475,607,0.30
476,607,0.44
477,607,0.66
478,607,0.86
479,607,1.00
480,607,1.00
481,607,1.00
482,607,1.00
483,607,1.00
484,607,1.00
485,607,0.96
486,607,0.74
487,607,0.60
475,608,0.30
476,608,0.34
477,608,0.53
478,608,0.71
479,608,0.86
480,608,0.96
481,608,1.00
482,608,0.96
483,608,0.86
484,608,0.71
485,608,0.53
486,608,0.34
487,608,0.30
475,609,0.30
476,609,0.30
477,609,0.38
478,609,0.53
479,609,0.66
480,609,0.74
481,609,0.77
482,609,0.74
483,609,0.66
484,609,0.53
485,609,0.38
486,609,0.30
487,609,0.30
475,610,0.30
476,610,0.30
477,610,0.30
478,610,0.34
479,610,0.44
480,610,0.51
481,610,0.53
482,610,0.51
483,610,0.44
484,610,0.34
485,610,0.30
486,610,0.30
487,610,0.30
475,611,0.30
476,611,0.30
477,611,0.30
478,611,0.30
479,611,0.30
480,611,0.30
481,611,0.30
482,611,0.30
483,611,0.30
484,611,0.30
485,611,0.30
486,611,0.30
487,611,0.30
484,595,0.30
485,595,0.30
486,595,0.30
487,595,0.30
488,595,0.30
489,595,0.30
490,595,0.30
491,595,0.30
492,595,0.30
493,595,0.30
494,595,0.60
495,595,0.64
496,595,0.83
484,596,0.30
485,596,0.30
486,596,0.30
487,596,0.34
488,596,0.44
489,596,0.51
490,596,0.53
491,596,0.51
492,596,0.44
493,596,0.34
494,596,0.60
495,596,0.74
496,596,0.96
484,597,0.30
485,597,0.30
486,597,0.38
487,597,0.53
488,597,0.66
489,597,0.74
490,597,0.77
491,597,0.74
492,597,0.66
493,597,0.53
494,597,0.68
495,597,0.81
496,597,1.00
484,598,0.30
485,598,0.34
486,598,0.53
487,598,0.71
488,598,0.86
489,598,0.96
490,598,1.00
491,598,0.96
492,598,0.86
493,598,0.71
494,598,0.83
495,598,0.87
496,598,1.00
488,599,1.00
489,599,1.00
490,599,1.00
491,599,1.00
492,599,1.00
493,599,0.86
494,599,0.96
495,599,0.95
496,599,1.00
488,600,1.00
489,600,1.00
490,600,1.00
491,600,1.00
492,600,1.00
493,600,0.96
494,600,1.00
495,600,0.95
496,600,0.96
488,601,1.00
489,601,1.00
490,601,1.00
491,601,1.00
492,601,1.00
493,601,1.00
494,601,1.00
495,601,0.87
496,601,0.83
488,602,1.00
489,602,1.00
490,602,1.00
491,602,1.00
492,602,1.00
493,602,0.96
494,602,1.00
495,602,0.81
496,602,0.68
488,603,1.00
489,603,1.00
490,603,1.00
491,603,1.00
492,603,1.00
493,603,0.86
494,603,0.96
495,603,0.74
496,603,0.60
488,604,0.86
489,604,0.96
490,604,1.00
491,604,0.96
492,604,0.86
493,604,0.71
494,604,0.83
495,604,0.64
496,604,0.60
488,605,0.66
489,605,0.74
490,605,0.77
491,605,0.74
492,605,0.66
493,605,0.53
494,605,0.38
495,605,0.30
496,605,0.30
488,606,0.44
489,606,0.51
490,606,0.53
491,606,0.51
492,606,0.44
493,606,0.34
494,606,0.30
495,606,0.30
496,606,0.30
488,607,0.30
489,607,0.30
490,607,0.30
491,607,0.30
492,607,0.30
493,607,0.30
494,607,0.30
495,607,0.30
496,607,0.30
494,592,0.30
495,592,0.30
496,592,0.30
497,592,0.30
498,592,0.30
499,592,0.30
500,592,0.30
501,592,0.30
502,592,0.30
503,592,0.30
504,592,0.60
505,592,0.60
506,592,0.60
494,593,0.30
495,593,0.30
496,593,0.30
497,593,0.34
498,593,0.44
499,593,0.51
500,593,0.53
501,593,0.51
502,593,0.44
503,593,0.34
504,593,0.60
505,593,0.60
506,593,0.68
494,594,0.30
495,594,0.30
496,594,0.38
497,594,0.53
498,594,0.66
499,594,0.74
500,594,0.77
501,594,0.74
502,594,0.66
503,594,0.53
504,594,0.68
505,594,0.64
506,594,0.83
497,595,0.71
498,595,0.86
499,595,0.96
500,595,1.00
501,595,0.96
502,595,0.86
503,595,0.71
504,595,0.83
505,595,0.78
506,595,0.96
497,596,0.86
498,596,1.00
499,596,1.00
500,596,1.00
501,596,1.00
502,596,1.00
503,596,0.86
504,596,0.96
505,596,0.95
506,596,1.00
497,597,0.96
498,597,1.00
499,597,1.00
500,597,1.00
501,597,1.00
502,597,1.00
503,597,0.96
504,597,1.00
505,597,1.00
506,597,1.00
497,598,1.00
498,598,1.00
499,598,1.00
500,598,1.00
501,598,1.00
502,598,1.00
503,598,1.00
504,598,1.00
505,598,1.00
506,598,1.00
497,599,0.96
498,599,1.00
499,599,1.00
500,599,1.00
501,599,1.00
502,599,1.00
503,599,0.96
504,599,1.00
505,599,0.95
506,599,0.96
497,600,0.86
498,600,1.00
499,600,1.00
500,600,1.00
501,600,1.00
502,600,1.00
503,600,0.86
504,600,0.96
505,600,0.78
506,600,0.83
497,601,0.71
498,601,0.86
499,601,0.96
500,601,1.00
501,601,0.96
502,601,0.86
503,601,0.71
504,601,0.83
505,601,0.64
506,601,0.68
497,602,0.53
498,602,0.66
499,602,0.74
500,602,0.77
501,602,0.74
502,602,0.66
503,602,0.53
504,602,0.68
505,602,0.60
506,602,0.60
497,603,0.34
498,603,0.44
499,603,0.51
500,603,0.53
501,603,0.51
502,603,0.44
503,603,0.34
504,603,0.60
505,603,0.60
506,603,0.60
497,604,0.30
498,604,0.30
499,604,0.30
500,604,0.30
501,604,0.30
502,604,0.30
503,604,0.30
504,604,0.30
505,604,0.30
506,604,0.30
504,591,0.30
505,591,0.30
506,591,0.30
507,591,0.30
508,591,0.30
509,591,0.30
510,591,0.30
511,591,0.30
512,591,0.60
513,591,0.60
514,591,0.60
515,591,0.64
516,591,0.74
507,592,0.34
508,592,0.44
509,592,0.51
510,592,0.53
511,592,0.51
512,592,0.74
513,592,0.64
514,592,0.68
515,592,0.83
516,592,0.96
507,593,0.53
508,593,0.66
509,593,0.74
510,593,0.77
511,593,0.74
512,593,0.96
513,593,0.87
514,593,0.91
515,593,1.00
516,593,1.00
507,594,0.71
508,594,0.86
509,594,0.96
510,594,1.00
511,594,0.96
512,594,1.00
513,594,1.00
514,594,1.00
515,594,1.00
516,594,1.00
507,595,0.86
508,595,1.00
509,595,1.00
510,595,1.00
511,595,1.00
512,595,1.00
513,595,1.00
514,595,1.00
515,595,1.00
516,595,1.00
507,596,0.96
508,596,1.00
509,596,1.00
510,596,1.00
511,596,1.00
512,596,1.00
513,596,1.00
514,596,1.00
515,596,1.00
516,596,1.00
507,597,1.00
508,597,1.00
509,597,1.00
510,597,1.00
511,597,1.00
512,597,1.00
513,597,1.00
514,597,1.00
515,597,1.00
516,597,1.00
507,598,0.96
508,598,1.00
509,598,1.00
510,598,1.00
511,598,1.00
512,598,1.00
513,598,1.00
514,598,1.00
515,598,1.00
516,598,1.00
507,599,0.86
508,599,1.00
509,599,1.00
510,599,1.00
511,599,1.00
512,599,1.00
513,599,1.00
514,599,1.00
515,599,1.00
516,599,1.00
507,600,0.71
508,600,0.86
509,600,0.96
510,600,1.00
511,600,0.96
512,600,1.00
513,600,1.00
514,600,0.91
515,600,0.87
516,600,0.96
507,601,0.53
508,601,0.66
509,601,0.74
510,601,0.77
511,601,0.74
512,601,0.96
513,601,0.83
514,601,0.68
515,601,0.64
516,601,0.74
507,602,0.34
508,602,0.44
509,602,0.51
510,602,0.53
511,602,0.51
512,602,0.74
513,602,0.64
514,602,0.60
515,602,0.60
516,602,0.60
507,603,0.30
508,603,0.30
509,603,0.30
510,603,0.30
511,603,0.30
512,603,0.30
513,603,0.30
514,603,0.30
515,603,0.30
516,603,0.30
512,590,0.30
513,590,0.30
514,590,0.30
515,590,0.30
516,590,0.30
517,590,0.30
518,590,0.30
519,590,0.30
520,590,0.30
521,590,0.30
522,590,0.30
523,590,0.30
524,590,0.30
517,591,0.51
518,591,0.53
519,591,0.51
520,591,0.44
521,591,0.34
522,591,0.30
523,591,0.30
524,591,0.30
517,592,0.74
518,592,0.77
519,592,0.74
520,592,0.66
521,592,0.53
522,592,0.38
523,592,0.30
524,592,0.30
517,593,0.96
518,593,1.00
519,593,0.96
520,593,0.86
521,593,0.71
522,593,0.53
523,593,0.34
524,593,0.30
517,594,1.00
518,594,1.00
519,594,1.00
520,594,1.00
521,594,0.86
522,594,0.66
523,594,0.44
524,594,0.30
517,595,1.00
518,595,1.00
519,595,1.00
520,595,1.00
521,595,0.96
522,595,0.74
523,595,0.51
524,595,0.30
517,596,1.00
518,596,1.00
519,596,1.00
520,596,1.00
521,596,1.00
522,596,0.77
523,596,0.53
524,596,0.30
517,597,1.00
518,597,1.00
519,597,1.00
520,597,1.00
521,597,0.96
522,597,0.74
523,597,0.51
524,597,0.30
517,598,1.00
518,598,1.00
519,598,1.00
520,598,1.00
521,598,0.86
522,598,0.66
523,598,0.44
524,598,0.30
517,599,0.96
518,599,1.00
519,599,0.96
520,599,0.86
521,599,0.71
522,599,0.53
523,599,0.34
524,599,0.30
517,600,0.74
518,600,0.77
519,600,0.74
520,600,0.66
521,600,0.53
522,600,0.38
523,600,0.30
524,600,0.30
517,601,0.51
518,601,0.53
519,601,0.51
520,601,0.44
521,601,0.34
522,601,0.30
523,601,0.30
524,601,0.30
517,602,0.30
518,602,0.30
519,602,0.30
520,602,0.30
521,602,0.30
522,602,0.30
523,602,0.30
524,602,0.30
527,590,0.30
528,590,0.30
529,590,0.30
530,590,0.30
531,590,0.30
532,590,0.30
533,590,0.30
534,590,0.30
535,590,0.30
536,590,0.30
537,590,0.30
538,590,0.30
539,590,0.30
527,591,0.30
528,591,0.30
529,591,0.30
530,591,0.34
531,591,0.44
532,591,0.81
533,591,0.83
534,591,0.81
535,591,0.74
536,591,0.64
537,591,0.60
538,591,0.60
539,591,0.60
527,592,0.30
528,592,0.30
529,592,0.38
530,592,0.53
531,592,0.66
532,592,1.00
533,592,1.00
534,592,1.00
535,592,1.00
536,592,0.98
537,592,1.00
538,592,1.00
539,592,1.00
527,593,0.30
528,593,0.34
529,593,0.53
530,593,0.71
531,593,0.86
532,593,1.00
533,593,1.00
534,593,1.00
535,593,1.00
536,593,1.00
537,593,1.00
538,593,1.00
539,593,1.00
527,594,0.30
528,594,0.44
529,594,0.66
530,594,0.86
531,594,1.00
532,594,1.00
533,594,1.00
534,594,1.00
535,594,1.00
536,594,1.00
537,594,1.00
538,594,1.00
539,594,1.00
527,595,0.30
528,595,0.51
529,595,0.74
530,595,0.96
531,595,1.00
532,595,1.00
533,595,1.00
534,595,1.00
535,595,1.00
536,595,1.00
537,595,1.00
538,595,1.00
539,595,1.00
527,596,0.30
528,596,0.53
529,596,0.77
530,596,1.00
531,596,1.00
532,596,1.00
533,596,1.00
534,596,1.00
535,596,1.00
536,596,1.00
537,596,1.00
538,596,1.00
539,596,1.00
527,597,0.30
528,597,0.51
529,597,0.74
530,597,0.96
531,597,1.00
532,597,1.00
533,597,1.00
534,597,1.00
535,597,1.00
536,597,1.00
537,597,1.00
538,597,1.00
539,597,1.00
527,598,0.30
528,598,0.44
529,598,0.66
530,598,0.86
531,598,1.00
532,598,1.00
533,598,1.00
534,598,1.00
535,598,1.00
536,598,1.00
537,598,1.00
538,598,1.00
539,598,1.00
527,599,0.30
528,599,0.34
529,599,0.53
530,599,0.71
531,599,0.86
532,599,1.00
533,599,1.00
534,599,1.00
535,599,1.00
536,599,1.00
537,599,1.00
538,599,1.00
539,599,1.00
527,600,0.30
528,600,0.30
529,600,0.38
530,600,0.53
531,600,0.66
532,600,1.00
533,600,1.00
534,600,1.00
535,600,1.00
536,600,1.00
537,600,1.00
538,600,1.00
539,600,1.00
527,601,0.30
528,601,0.30
529,601,0.30
530,601,0.34
531,601,0.44
532,601,0.81
533,601,0.83
534,601,0.89
535,601,0.98
536,601,1.00
537,601,1.00
538,601,1.00
539,601,1.00
527,602,0.30
528,602,0.30
529,602,0.30
530,602,0.30
531,602,0.30
532,602,0.60
533,602,0.60
534,602,0.60
535,602,0.64
536,602,0.74
537,602,1.00
538,602,1.00
539,602,1.00
540,591,0.30
541,591,0.30
542,591,0.30
543,591,0.30
544,591,0.30
540,592,0.74
541,592,0.64
542,592,0.60
543,592,0.60
544,592,0.60
540,593,1.00
541,593,0.98
542,593,0.89
543,593,0.83
544,593,0.81
540,594,1.00
541,594,1.00
542,594,1.00
543,594,1.00
544,594,1.00
540,595,1.00
541,595,1.00
542,595,1.00
543,595,1.00
544,595,1.00
540,596,1.00
541,596,1.00
542,596,1.00
543,596,1.00
544,596,1.00
540,597,1.00
541,597,1.00
542,597,1.00
543,597,1.00
544,597,1.00
540,598,1.00
541,598,1.00
542,598,1.00
543,598,1.00
544,598,1.00
540,599,1.00
541,599,1.00
542,599,1.00
543,599,1.00
544,599,1.00
540,600,1.00
541,600,1.00
542,600,1.00
543,600,1.00
544,600,1.00
540,601,1.00
541,601,1.00
542,601,1.00
543,601,1.00
544,601,1.00
540,602,1.00
541,602,1.00
542,602,1.00
543,602,1.00
544,602,1.00
532,603,0.30
533,603,0.30
534,603,0.30
535,603,0.30
536,603,0.30
537,603,0.60
538,603,0.60
539,603,0.60
540,603,0.94
541,603,1.00
542,603,1.00
543,603,1.00
544,603,1.00
545,592,0.30
546,592,0.30
547,592,0.30
548,592,0.30
549,592,0.30
545,593,0.44
546,593,0.34
547,593,0.30
548,593,0.30
549,593,0.30
545,594,0.66
546,594,0.53
547,594,0.38
548,594,0.30
549,594,0.30
545,595,1.00
546,595,1.00
547,595,0.83
548,595,0.64
549,595,0.60
545,596,1.00
546,596,1.00
547,596,1.00
548,596,0.89
549,596,0.64
545,597,1.00
546,597,1.00
547,597,1.00
548,597,1.00
549,597,0.83
545,598,1.00
546,598,1.00
547,598,1.00
548,598,1.00
549,598,1.00
545,599,1.00
546,599,1.00
547,599,1.00
548,599,1.00
549,599,1.00
545,600,1.00
546,600,1.00
547,600,1.00
548,600,1.00
549,600,1.00
545,601,1.00
546,601,1.00
547,601,1.00
548,601,1.00
549,601,1.00
545,602,1.00
546,602,1.00
547,602,1.00
548,602,1.00
549,602,1.00
545,603,1.00
546,603,1.00
547,603,1.00
548,603,1.00
549,603,1.00
537,604,0.30
538,604,0.30
539,604,0.30
540,604,0.60
541,604,0.64
542,604,0.83
543,604,1.00
544,604,1.00
545,604,1.00
546,604,1.00
547,604,1.00
548,604,1.00
549,604,1.00
550,595,0.30
551,595,0.30
552,595,0.30
550,596,0.30
551,596,0.30
552,596,0.30
550,597,0.38
551,597,0.30
552,597,0.30
550,598,0.53
551,598,0.34
552,598,0.30
550,599,0.66
551,599,0.44
552,599,0.30
550,600,0.74
551,600,0.51
552,600,0.30
550,601,0.77
551,601,0.53
552,601,0.30
550,602,0.74
551,602,0.51
552,602,0.30
550,603,0.96
551,603,0.74
552,603,0.60
550,604,0.87
551,604,0.78
552,604,0.81
540,605,0.30
541,605,0.30
542,605,0.38
543,605,0.53
544,605,0.66
545,605,0.74
546,605,0.77
547,605,1.00
548,605,0.96
549,605,0.91
550,605,0.91
551,605,0.96
552,605,1.00
540,606,0.30
541,606,0.30
542,606,0.30
543,606,0.34
544,606,0.44
545,606,0.51
546,606,0.53
547,606,0.81
548,606,0.78
549,606,0.87
550,606,1.00
551,606,1.00
552,606,1.00
540,607,0.30
541,607,0.30
542,607,0.30
543,607,0.30
544,607,0.30
545,607,0.30
546,607,0.30
547,607,0.60
548,607,0.74
549,607,0.96
550,607,1.00
551,607,1.00
552,607,1.00
553,603,0.30
554,603,0.30
555,603,0.30
556,603,0.30
557,603,0.30
558,603,0.30
559,603,0.30
553,604,0.53
554,604,0.51
555,604,0.44
556,604,0.34
557,604,0.30
558,604,0.30
559,604,0.30
553,605,0.77
554,605,0.74
555,605,0.66
556,605,0.53
557,605,0.38
558,605,0.30
559,605,0.30
553,606,1.00
554,606,0.96
555,606,0.86
556,606,0.71
557,606,0.53
558,606,0.34
559,606,0.30
553,607,1.00
554,607,1.00
555,607,1.00
556,607,1.00
557,607,0.96
558,607,0.74
559,607,0.60
547,608,0.30
548,608,0.51
549,608,0.74
550,608,1.00
551,608,1.00
552,608,1.00
553,608,1.00
554,608,1.00
555,608,1.00
556,608,1.00
557,608,1.00
558,608,0.95
559,608,0.64
547,609,0.30
548,609,0.53
549,609,0.77
550,609,1.00
551,609,1.00
552,609,1.00
553,609,1.00
554,609,1.00
555,609,1.00
556,609,1.00
557,609,1.00
558,609,1.00
559,609,0.83
547,610,0.30
548,610,0.51
549,610,0.74
550,610,1.00
551,610,1.00
552,610,1.00
553,610,1.00
554,610,1.00
555,610,1.00
556,610,1.00
557,610,1.00
558,610,1.00
559,610,1.00
547,611,0.30
548,611,0.44
549,611,0.66
550,611,1.00
551,611,1.00
552,611,1.00
553,611,1.00
554,611,1.00
555,611,1.00
556,611,1.00
557,611,1.00
558,611,1.00
559,611,1.00
547,612,0.30
548,612,0.34
549,612,0.53
550,612,1.00
551,612,1.00
552,612,1.00
553,612,1.00
554,612,1.00
555,612,1.00
556,612,1.00
557,612,1.00
558,612,1.00
559,612,1.00
547,613,0.30
548,613,0.30
549,613,0.38
550,613,0.83
551,613,1.00
552,613,1.00
553,613,1.00
554,613,1.00
555,613,1.00
556,613,1.00
557,613,1.00
558,613,1.00
559,613,1.00
547,614,0.30
548,614,0.30
549,614,0.30
550,614,0.64
551,614,0.95
552,614,1.00
553,614,1.00
554,614,1.00
555,614,1.00
556,614,1.00
557,614,1.00
558,614,1.00
559,614,1.00
547,615,0.30
548,615,0.30
549,615,0.30
550,615,0.60
551,615,0.74
552,615,0.96
553,615,1.00
554,615,1.00
555,615,1.00
556,615,1.00
557,615,1.00
558,615,1.00
559,615,1.00
560,607,0.30
561,607,0.30
562,607,0.30
560,608,0.30
561,608,0.30
562,608,0.30
560,609,0.38
561,609,0.30
562,609,0.30
560,610,0.53
561,610,0.34
562,610,0.30
560,611,0.66
561,611,0.44
562,611,0.30
560,612,0.74
561,612,0.51
562,612,0.30
560,613,0.77
561,613,0.53
562,613,0.30
560,614,0.74
561,614,0.51
562,614,0.30
560,615,0.96
561,615,0.74
562,615,0.60
550,616,0.30
551,616,0.34
552,616,0.53
553,616,1.00
554,616,1.00
555,616,1.00
556,616,1.00
557,616,1.00
558,616,1.00
559,616,1.00
560,616,1.00
561,616,0.78
562,616,0.64
550,617,0.30
551,617,0.30
552,617,0.38
553,617,0.83
554,617,0.96
555,617,1.00
556,617,1.00
557,617,1.00
558,617,1.00
559,617,1.00
560,617,1.00
561,617,0.96
562,617,0.83
550,618,0.30
551,618,0.30
552,618,0.30
553,618,0.64
554,618,0.78
555,618,1.00
556,618,1.00
557,618,1.00
558,618,1.00
559,618,1.00
560,618,1.00
561,618,1.00
562,618,1.00
550,619,0.30
551,619,0.30
552,619,0.30
553,619,0.60
554,619,1.00
555,619,1.00
556,619,1.00
557,619,1.00
558,619,1.00
559,619,1.00
560,619,1.00
561,619,1.00
562,619,1.00
563,615,0.30
564,615,0.30
565,615,0.30
563,616,0.30
564,616,0.30
565,616,0.30
563,617,0.38
564,617,0.30
565,617,0.30
563,618,0.53
564,618,0.34
565,618,0.30
563,619,0.96
564,619,0.74
565,619,0.60
553,620,0.30
554,620,0.81
555,620,1.00
556,620,1.00
557,620,1.00
558,620,1.00
559,620,1.00
560,620,1.00
561,620,1.00
562,620,1.00
563,620,1.00
564,620,0.81
565,620,0.60
553,621,0.30
554,621,0.83
555,621,1.00
556,621,1.00
557,621,1.00
558,621,1.00
559,621,1.00
560,621,1.00
561,621,1.00
562,621,1.00
563,621,1.00
564,621,1.00
565,621,0.90
553,622,0.30
554,622,0.81
555,622,1.00
556,622,1.00
557,622,1.00
558,622,1.00
559,622,1.00
560,622,1.00
561,622,1.00
562,622,1.00
563,622,1.00
564,622,1.00
565,622,0.94
553,623,0.30
554,623,0.74
555,623,1.00
556,623,1.00
557,623,1.00
558,623,1.00
559,623,1.00
560,623,1.00
561,623,1.00
562,623,1.00
563,623,1.00
564,623,1.00
565,623,1.00
553,624,0.30
554,624,0.64
555,624,1.00
556,624,1.00
557,624,1.00
558,624,1.00
559,624,1.00
560,624,1.00
561,624,1.00
562,624,1.00
563,624,1.00
564,624,1.00
565,624,1.00
553,625,0.30
554,625,0.60
555,625,1.00
556,625,1.00
557,625,1.00
558,625,1.00
559,625,1.00
560,625,1.00
561,625,1.00
562,625,1.00
563,625,1.00
564,625,1.00
565,625,1.00
553,626,0.30
554,626,0.60
555,626,1.00
556,626,1.00
557,626,1.00
558,626,1.00
559,626,1.00
560,626,1.00
561,626,1.00
562,626,1.00
563,626,1.00
564,626,1.00
565,626,1.00
553,627,0.30
554,627,0.60
555,627,1.00
556,627,1.00
557,627,1.00
558,627,1.00
559,627,1.00
560,627,1.00
561,627,1.00
562,627,1.00
563,627,1.00
564,627,1.00
565,627,1.00
566,619,0.30
566,620,0.30
566,621,0.60
566,622,0.60
566,623,0.60
566,624,0.94
566,625,1.00
566,626,1.00
566,627,1.00
554,628,0.30
555,628,1.00
556,628,1.00
557,628,1.00
558,628,1.00
559,628,1.00
560,628,1.00
561,628,1.00
562,628,1.00
563,628,1.00
564,628,1.00
565,628,1.00
566,628,1.00
554,629,0.30
555,629,1.00
556,629,1.00
557,629,1.00
558,629,1.00
559,629,1.00
560,629,1.00
561,629,1.00
562,629,1.00
563,629,1.00
564,629,1.00
565,629,1.00
566,629,1.00
554,630,0.30
555,630,1.00
556,630,1.00
557,630,1.00
558,630,1.00
559,630,1.00
560,630,1.00
561,630,1.00
562,630,1.00
563,630,1.00
564,630,1.00
565,630,1.00
566,630,1.00
554,631,0.30
555,631,1.00
556,631,1.00
557,631,1.00
558,631,1.00
559,631,1.00
560,631,1.00
561,631,1.00
562,631,1.00
563,631,1.00
564,631,1.00
565,631,1.00
566,631,1.00
567,621,0.30
567,622,0.30
567,623,0.30
567,624,0.60
567,625,0.60
567,626,0.90
567,627,0.90
567,628,0.90
567,629,0.90
567,630,0.90
567,631,1.00
555,632,1.00
556,632,1.00
557,632,1.00
558,632,1.00
559,632,1.00
560,632,1.00
561,632,1.00
562,632,1.00
563,632,1.00
564,632,1.00
565,632,1.00
566,632,1.00
567,632,1.00
555,633,1.00
556,633,1.00
557,633,1.00
558,633,1.00
559,633,1.00
560,633,1.00
561,633,1.00
562,633,1.00
563,633,1.00
564,633,1.00
565,633,1.00
566,633,1.00
567,633,1.00
555,634,1.00
556,634,1.00
557,634,1.00
558,634,1.00
559,634,1.00
560,634,1.00
561,634,1.00
562,634,1.00
563,634,1.00
564,634,1.00
565,634,1.00
566,634,1.00
567,634,1.00
555,635,1.00
556,635,1.00
557,635,1.00
558,635,1.00
559,635,1.00
560,635,1.00
561,635,1.00
562,635,1.00
563,635,1.00
564,635,1.00
565,635,1.00
566,635,1.00
567,635,1.00
555,636,1.00
556,636,1.00
557,636,1.00
558,636,1.00
559,636,1.00
560,636,1.00
561,636,1.00
562,636,1.00
563,636,1.00
564,636,1.00
565,636,1.00
566,636,1.00
567,636,1.00
555,637,1.00
556,637,1.00
557,637,1.00
558,637,1.00
559,637,1.00
560,637,1.00
561,637,1.00
562,637,1.00
563,637,1.00
564,637,1.00
565,637,1.00
566,637,1.00
567,637,0.90
555,638,1.00
556,638,1.00
557,638,1.00
558,638,1.00
559,638,1.00
560,638,1.00
561,638,1.00
562,638,1.00
563,638,1.00
564,638,1.00
565,638,1.00
566,638,1.00
567,638,0.90
555,639,0.98
556,639,1.00
557,639,1.00
558,639,1.00
559,639,1.00
560,639,1.00
561,639,1.00
562,639,1.00
563,639,1.00
564,639,1.00
565,639,1.00
566,639,0.95
567,639,0.60
555,640,1.00
556,640,1.00
557,640,1.00
558,640,1.00
559,640,1.00
560,640,1.00
561,640,1.00
562,640,1.00
563,640,1.00
564,640,1.00
565,640,1.00
566,640,0.87
567,640,0.60
555,641,1.00
556,641,1.00
557,641,1.00
558,641,1.00
559,641,1.00
560,641,1.00
561,641,1.00
562,641,1.00
563,641,1.00
564,641,1.00
565,641,1.00
566,641,0.81
567,641,0.60
555,642,1.00
556,642,1.00
557,642,1.00
558,642,1.00
559,642,1.00
560,642,1.00
561,642,1.00
562,642,1.00
563,642,1.00
564,642,1.00
565,642,1.00
566,642,0.74
567,642,0.60
555,643,1.00
556,643,1.00
557,643,1.00
558,643,1.00
559,643,1.00
560,643,1.00
561,643,1.00
562,643,1.00
563,643,1.00
564,643,1.00
565,643,1.00
566,643,0.64
567,643,0.60
555,644,1.00
556,644,1.00
557,644,1.00
558,644,1.00
559,644,1.00
560,644,1.00
561,644,1.00
562,644,1.00
563,644,1.00
564,644,1.00
565,644,0.68
566,644,0.30
567,644,0.30
555,645,1.00
556,645,1.00
557,645,1.00
558,645,1.00
559,645,1.00
560,645,1.00
561,645,1.00
562,645,1.00
563,645,1.00
564,645,0.78
565,645,0.60
566,645,0.30
567,645,0.30
555,646,1.00
556,646,1.00
557,646,1.00
558,646,1.00
559,646,1.00
560,646,1.00
561,646,1.00
562,646,1.00
563,646,0.83
564,646,0.64
565,646,0.60
566,646,0.30
567,646,0.30
553,637,0.30
554,637,0.30
553,638,0.30
554,638,0.30
553,639,0.30
554,639,0.30
553,640,0.30
554,640,0.34
553,641,0.30
554,641,0.44
553,642,0.30
554,642,0.51
553,643,0.60
554,643,0.83
553,644,0.64
554,644,0.95
553,645,0.83
554,645,1.00
553,646,1.00
554,646,1.00
553,647,1.00
554,647,1.00
555,647,1.00
556,647,1.00
557,647,1.00
558,647,1.00
559,647,1.00
560,647,1.00
561,647,1.00
562,647,0.83
563,647,0.38
564,647,0.30
565,647,0.30
553,648,1.00
554,648,1.00
555,648,1.00
556,648,1.00
557,648,1.00
558,648,1.00
559,648,1.00
560,648,1.00
561,648,0.95
562,648,0.64
563,648,0.30
564,648,0.30
565,648,0.30
553,649,1.00
554,649,1.00
555,649,1.00
556,649,1.00
557,649,1.00
558,649,1.00
559,649,1.00
560,649,1.00
561,649,0.83
562,649,0.60
563,649,0.30
564,649,0.30
565,649,0.30
550,643,0.30
551,643,0.30
552,643,0.30
550,644,0.30
551,644,0.30
552,644,0.30
550,645,0.30
551,645,0.30
552,645,0.38
550,646,0.60
551,646,0.64
552,646,0.83
550,647,0.60
551,647,0.78
552,647,1.00
550,648,0.68
551,648,1.00
552,648,1.00
550,649,0.83
551,649,1.00
552,649,1.00
550,650,0.96
551,650,1.00
552,650,1.00
553,650,1.00
554,650,1.00
555,650,1.00
556,650,1.00
557,650,1.00
558,650,1.00
559,650,1.00
560,650,1.00
561,650,0.51
562,650,0.30
550,651,1.00
551,651,1.00
552,651,1.00
553,651,1.00
554,651,1.00
555,651,1.00
556,651,1.00
557,651,1.00
558,651,1.00
559,651,1.00
560,651,0.96
561,651,0.44
562,651,0.30
550,652,1.00
551,652,1.00
552,652,1.00
553,652,1.00
554,652,1.00
555,652,1.00
556,652,1.00
557,652,1.00
558,652,1.00
559,652,1.00
560,652,0.83
561,652,0.34
562,652,0.30
550,653,1.00
551,653,1.00
552,653,1.00
553,653,1.00
554,653,1.00
555,653,1.00
556,653,1.00
557,653,1.00
558,653,1.00
559,653,1.00
560,653,0.68
561,653,0.30
562,653,0.30
550,654,1.00
551,654,1.00
552,654,1.00
553,654,1.00
554,654,1.00
555,654,1.00
556,654,1.00
557,654,1.00
558,654,1.00
559,654,0.78
560,654,0.60
561,654,0.30
562,654,0.30
550,655,1.00
551,655,1.00
552,655,1.00
553,655,1.00
554,655,1.00
555,655,1.00
556,655,1.00
557,655,1.00
558,655,1.00
559,655,0.64
560,655,0.60
561,655,0.30
562,655,0.30
548,646,0.30
549,646,0.30
548,647,0.30
549,647,0.30
548,648,0.30
549,648,0.30
548,649,0.30
549,649,0.34
548,650,0.30
549,650,0.44
548,651,0.60
549,651,0.81
548,652,0.90
549,652,1.00
548,653,1.00
549,653,1.00
548,654,1.00
549,654,1.00
548,655,1.00
549,655,1.00
548,656,1.00
549,656,1.00
550,656,1.00
551,656,1.00
552,656,1.00
553,656,1.00
554,656,1.00
555,656,1.00
556,656,1.00
557,656,1.00
558,656,0.68
559,656,0.30
560,656,0.30
548,657,1.00
549,657,1.00
550,657,1.00
551,657,1.00
552,657,1.00
553,657,1.00
554,657,1.00
555,657,1.00
556,657,1.00
557,657,0.87
558,657,0.60
559,657,0.30
560,657,0.30
548,658,1.00
549,658,1.00
550,658,1.00
551,658,1.00
552,658,1.00
553,658,1.00
554,658,1.00
555,658,1.00
556,658,1.00
557,658,0.81
558,658,0.60
559,658,0.30
560,658,0.30
546,651,0.30
547,651,0.30
546,652,0.60
547,652,0.60
546,653,0.60
547,653,0.64
546,654,0.68
547,654,0.87
546,655,0.83
547,655,1.00
546,656,1.00
547,656,1.00
546,657,1.00
547,657,1.00
546,658,1.00
547,658,1.00
546,659,1.00
547,659,1.00
548,659,1.00
549,659,1.00
550,659,1.00
551,659,1.00
552,659,1.00
553,659,1.00
554,659,1.00
555,659,1.00
556,659,0.96
557,659,0.44
558,659,0.30
546,660,1.00
547,660,1.00
548,660,1.00
549,660,1.00
550,660,1.00
551,660,1.00
552,660,1.00
553,660,1.00
554,660,1.00
555,660,1.00
556,660,0.83
557,660,0.34
558,660,0.30
546,661,1.00
547,661,1.00
548,661,1.00
549,661,1.00
550,661,1.00
551,661,1.00
552,661,1.00
553,661,1.00
554,661,1.00
555,661,0.87
556,661,0.68
557,661,0.30
558,661,0.30
546,662,1.00
547,662,1.00
548,662,1.00
549,662,1.00
550,662,1.00
551,662,1.00
552,662,1.00
553,662,1.00
554,662,0.82
555,662,0.64
556,662,0.60
557,662,0.30
558,662,0.30
546,663,1.00
547,663,1.00
548,663,1.00
549,663,1.00
550,663,1.00
551,663,1.00
552,663,1.00
553,663,0.94
554,663,0.60
555,663,0.60
556,663,0.60
557,663,0.30
558,663,0.30
544,652,0.30
545,652,0.30
544,653,0.30
545,653,0.30
544,654,0.30
545,654,0.30
544,655,0.30
545,655,0.34
544,656,0.60
545,656,0.74
544,657,0.64
545,657,0.95
544,658,0.83
545,658,1.00
544,659,1.00
545,659,1.00
544,660,1.00
545,660,1.00
544,661,1.00
545,661,1.00
544,662,1.00
545,662,1.00
544,663,1.00
545,663,1.00
544,664,1.00
545,664,1.00
546,664,1.00
547,664,1.00
548,664,1.00
549,664,1.00
550,664,1.00
551,664,0.96
552,664,0.74
553,664,0.60
554,664,0.30
555,664,0.30
556,664,0.30
541,656,0.30
542,656,0.30
543,656,0.30
541,657,0.30
542,657,0.30
543,657,0.30
541,658,0.30
542,658,0.30
543,658,0.38
541,659,0.30
542,659,0.34
543,659,0.53
541,660,0.60
542,660,0.74
543,660,0.96
541,661,0.83
542,661,1.00
543,661,1.00
541,662,1.00
542,662,1.00
543,662,1.00
541,663,1.00
542,663,1.00
543,663,1.00
541,664,1.00
542,664,1.00
543,664,1.00
541,665,1.00
542,665,1.00
543,665,1.00
544,665,1.00
545,665,1.00
546,665,1.00
547,665,1.00
548,665,0.96
549,665,0.86
550,665,0.71
551,665,0.53
552,665,0.34
553,665,0.30
541,666,1.00
542,666,1.00
543,666,1.00
544,666,1.00
545,666,1.00
546,666,1.00
547,666,1.00
548,666,0.74
549,666,0.66
550,666,0.53
551,666,0.38
552,666,0.30
553,666,0.30
541,667,1.00
542,667,1.00
543,667,1.00
544,667,1.00
545,667,1.00
546,667,1.00
547,667,0.83
548,667,0.51
549,667,0.44
550,667,0.34
551,667,0.30
552,667,0.30
553,667,0.30
541,668,1.00
542,668,1.00
543,668,1.00
544,668,1.00
545,668,0.96
546,668,0.74
547,668,0.60
548,668,0.30
549,668,0.30
550,668,0.30
551,668,0.30
552,668,0.30
553,668,0.30
535,660,0.30
536,660,0.30
537,660,0.30
538,660,0.30
539,660,0.30
540,660,0.30
535,661,0.30
536,661,0.30
537,661,0.30
538,661,0.34
539,661,0.44
540,661,0.51
535,662,0.30
536,662,0.30
537,662,0.38
538,662,0.53
539,662,0.66
540,662,0.74
535,663,0.30
536,663,0.34
537,663,0.53
538,663,0.71
539,663,0.86
540,663,0.96
535,664,0.30
536,664,0.44
537,664,0.66
538,664,0.86
539,664,1.00
540,664,1.00
535,665,1.00
536,665,1.00
537,665,1.00
538,665,1.00
539,665,1.00
540,665,1.00
535,666,1.00
536,666,1.00
537,666,1.00
538,666,1.00
539,666,1.00
540,666,1.00
535,667,1.00
536,667,1.00
537,667,1.00
538,667,1.00
539,667,1.00
540,667,1.00
535,668,1.00
536,668,1.00
537,668,1.00
538,668,1.00
539,668,1.00
540,668,1.00
535,669,1.00
536,669,1.00
537,669,1.00
538,669,1.00
539,669,1.00
540,669,1.00
541,669,1.00
542,669,0.96
543,669,0.86
544,669,0.71
545,669,0.53
546,669,0.34
547,669,0.30
535,670,1.00
536,670,1.00
537,670,1.00
538,670,1.00
539,670,1.00
540,670,1.00
541,670,0.77
542,670,0.74
543,670,0.66
544,670,0.53
545,670,0.38
546,670,0.30
547,670,0.30
535,671,1.00
536,671,1.00
537,671,1.00
538,671,1.00
539,671,0.98
540,671,0.81
541,671,0.53
542,671,0.51
543,671,0.44
544,671,0.34
545,671,0.30
546,671,0.30
547,671,0.30
535,672,1.00
536,672,1.00
537,672,1.00
538,672,1.00
539,672,0.81
540,672,0.60
541,672,0.30
542,672,0.30
543,672,0.30
544,672,0.30
545,672,0.30
546,672,0.30
547,672,0.30
528,665,1.00
529,665,1.00
530,665,1.00
531,665,1.00
532,665,1.00
533,665,1.00
534,665,1.00
528,666,1.00
529,666,1.00
530,666,1.00
531,666,1.00
532,666,1.00
533,666,1.00
534,666,1.00
528,667,1.00
529,667,1.00
530,667,1.00
531,667,1.00
532,667,1.00
533,667,1.00
534,667,1.00
528,668,1.00
529,668,1.00
530,668,1.00
531,668,1.00
532,668,1.00
533,668,1.00
534,668,1.00
528,669,1.00
529,669,1.00
530,669,1.00
531,669,1.00
532,669,1.00
533,669,1.00
534,669,1.00
528,670,1.00
529,670,1.00
530,670,1.00
531,670,1.00
532,670,1.00
533,670,1.00
534,670,1.00
528,671,1.00
529,671,1.00
530,671,1.00
531,671,1.00
532,671,1.00
533,671,1.00
534,671,1.00
528,672,1.00
529,672,1.00
530,672,1.00
531,672,1.00
532,672,1.00
533,672,1.00
534,672,1.00
528,673,1.00
529,673,1.00
530,673,1.00
531,673,1.00
532,673,1.00
533,673,1.00
534,673,1.00
535,673,1.00
536,673,1.00
537,673,1.00
538,673,0.96
539,673,0.44
540,673,0.30
528,674,1.00
529,674,1.00
530,674,1.00
531,674,1.00
532,674,1.00
533,674,1.00
534,674,1.00
535,674,1.00
536,674,1.00
537,674,1.00
538,674,0.83
539,674,0.34
540,674,0.30
528,675,1.00
529,675,1.00
530,675,1.00
531,675,1.00
532,675,1.00
533,675,1.00
534,675,1.00
535,675,1.00
536,675,1.00
537,675,0.83
538,675,0.68
539,675,0.30
540,675,0.30
528,676,1.00
529,676,1.00
530,676,1.00
531,676,1.00
532,676,1.00
533,676,1.00
534,676,1.00
535,676,1.00
536,676,1.00
537,676,0.64
538,676,0.60
539,676,0.30
540,676,0.30
528,677,1.00
529,677,1.00
530,677,1.00
531,677,1.00
532,677,1.00
533,677,1.00
534,677,1.00
535,677,1.00
536,677,0.90
537,677,0.60
538,677,0.60
539,677,0.30
540,677,0.30
526,665,1.00
527,665,1.00
526,666,1.00
527,666,1.00
526,667,1.00
527,667,1.00
526,668,1.00
527,668,1.00
526,669,1.00
527,669,1.00
526,670,1.00
527,670,1.00
526,671,1.00
527,671,1.00
526,672,1.00
527,672,1.00
526,673,1.00
527,673,1.00
526,674,1.00
527,674,1.00
526,675,1.00
527,675,1.00
526,676,1.00
527,676,1.00
526,677,1.00
527,677,1.00
524,665,0.90
525,665,0.90
524,666,1.00
525,666,1.00
524,667,1.00
525,667,1.00
524,668,1.00
525,668,1.00
524,669,1.00
525,669,1.00
524,670,1.00
525,670,1.00
524,671,1.00
525,671,1.00
524,672,1.00
525,672,1.00
524,673,1.00
525,673,1.00
524,674,1.00
525,674,1.00
524,675,1.00
525,675,1.00
524,676,1.00
525,676,1.00
524,677,1.00
525,677,1.00
523,665,0.60
523,666,1.00
523,667,1.00
523,668,1.00
523,669,1.00
523,670,1.00
523,671,1.00
523,672,1.00
523,673,1.00
523,674,1.00
523,675,1.00
523,676,1.00
523,677,1.00
521,665,0.30
522,665,0.30
521,666,1.00
522,666,1.00
521,667,1.00
522,667,1.00
521,668,1.00
522,668,1.00
521,669,1.00
522,669,1.00
521,670,1.00
522,670,1.00
521,671,1.00
522,671,1.00
521,672,1.00
522,672,1.00
521,673,1.00
522,673,1.00
521,674,1.00
522,674,1.00
521,675,1.00
522,675,1.00
521,676,1.00
522,676,1.00
521,677,1.00
522,677,1.00
519,666,1.00
520,666,1.00
519,667,1.00
520,667,1.00
519,668,1.00
520,668,1.00
519,669,1.00
520,669,1.00
519,670,1.00
520,670,1.00
519,671,1.00
520,671,1.00
519,672,1.00
520,672,1.00
519,673,1.00
520,673,1.00
519,674,1.00
520,674,1.00
519,675,1.00
520,675,1.00
519,676,1.00
520,676,1.00
519,677,1.00
520,677,1.00
519,678,1.00
520,678,1.00
521,678,1.00
522,678,1.00
523,678,0.90
524,678,0.90
525,678,0.90
526,678,0.90
527,678,0.60
528,678,0.30
529,678,0.30
530,678,0.30
531,678,0.30
515,666,1.00
516,666,1.00
517,666,1.00
518,666,1.00
515,667,1.00
516,667,1.00
517,667,1.00
518,667,1.00
515,668,1.00
516,668,1.00
517,668,1.00
518,668,1.00
515,669,1.00
516,669,1.00
517,669,1.00
518,669,1.00
515,670,1.00
516,670,1.00
517,670,1.00
518,670,1.00
515,671,1.00
516,671,1.00
517,671,1.00
518,671,1.00
515,672,1.00
516,672,1.00
517,672,1.00
518,672,1.00
515,673,1.00
516,673,1.00
517,673,1.00
518,673,1.00
515,674,1.00
516,674,1.00
517,674,1.00
518,674,1.00
515,675,1.00
516,675,1.00
517,675,1.00
518,675,1.00
515,676,1.00
516,676,1.00
517,676,1.00
518,676,1.00
515,677,1.00
516,677,1.00
517,677,1.00
518,677,1.00
515,678,1.00
516,678,1.00
517,678,1.00
518,678,1.00
514,666,1.00
514,667,1.00
514,668,1.00
514,669,1.00
514,670,1.00
514,671,1.00
514,672,1.00
514,673,1.00
514,674,1.00
514,675,1.00
514,676,1.00
514,677,1.00
514,678,1.00
510,666,1.00
511,666,1.00
512,666,1.00
513,666,1.00
510,667,1.00
511,667,1.00
512,667,1.00
513,667,1.00
510,668,1.00
511,668,1.00
512,668,1.00
513,668,1.00
510,669,1.00
511,669,1.00
512,669,1.00
513,669,1.00
510,670,1.00
511,670,1.00
512,670,1.00
513,670,1.00
510,671,1.00
511,671,1.00
512,671,1.00
513,671,1.00
510,672,1.00
511,672,1.00
512,672,1.00
513,672,1.00
510,673,1.00
511,673,1.00
512,673,1.00
513,673,1.00
510,674,1.00
511,674,1.00
512,674,1.00
513,674,1.00
510,675,1.00
511,675,1.00
512,675,1.00
513,675,1.00
510,676,1.00
511,676,1.00
512,676,1.00
513,676,1.00
510,677,1.00
511,677,1.00
512,677,1.00
513,677,1.00
510,678,1.00
511,678,1.00
512,678,1.00
513,678,1.00
507,666,1.00
508,666,1.00
509,666,1.00
507,667,1.00
508,667,1.00
509,667,1.00
507,668,1.00
508,668,1.00
509,668,1.00
507,669,1.00
508,669,1.00
509,669,1.00
507,670,1.00
508,670,1.00
509,670,1.00
507,671,1.00
508,671,1.00
509,671,1.00
507,672,1.00
508,672,1.00
509,672,1.00
507,673,1.00
508,673,1.00
509,673,1.00
507,674,1.00
508,674,1.00
509,674,1.00
507,675,1.00
508,675,1.00
509,675,1.00
507,676,1.00
508,676,1.00
509,676,1.00
507,677,1.00
508,677,1.00
509,677,1.00
507,678,1.00
508,678,1.00
509,678,1.00
505,666,1.00
506,666,1.00
505,667,1.00
506,667,1.00
505,668,1.00
506,668,1.00
505,669,1.00
506,669,1.00
505,670,1.00
506,670,1.00
505,671,1.00
506,671,1.00
505,672,1.00
506,672,1.00
505,673,1.00
506,673,1.00
505,674,1.00
506,674,1.00
505,675,1.00
506,675,1.00
505,676,1.00
506,676,1.00
505,677,1.00
506,677,1.00
505,678,1.00
506,678,1.00
502,666,1.00
503,666,1.00
504,666,1.00
502,667,1.00
503,667,1.00
504,667,1.00
502,668,1.00
503,668,1.00
504,668,1.00
502,669,1.00
503,669,1.00
504,669,1.00
502,670,1.00
503,670,1.00
504,670,1.00
502,671,1.00
503,671,1.00
504,671,1.00
502,672,1.00
503,672,1.00
504,672,1.00
502,673,1.00
503,673,1.00
504,673,1.00
502,674,1.00
503,674,1.00
504,674,1.00
502,675,1.00
503,675,1.00
504,675,1.00
502,676,1.00
503,676,1.00
504,676,1.00
502,677,1.00
503,677,1.00
504,677,1.00
502,678,1.00
503,678,1.00
504,678,1.00
500,666,0.90
501,666,0.90
500,667,1.00
501,667,1.00
500,668,1.00
501,668,1.00
500,669,1.00
501,669,1.00
500,670,1.00
501,670,1.00
500,671,1.00
501,671,1.00
500,672,1.00
501,672,1.00
500,673,1.00
501,673,1.00
500,674,1.00
501,674,1.00
500,675,1.00
501,675,1.00
500,676,1.00
501,676,1.00
500,677,1.00
501,677,1.00
500,678,0.90
501,678,0.90
496,666,0.60
497,666,0.60
498,666,0.60
499,666,0.60
496,667,0.60
497,667,0.60
498,667,0.60
499,667,0.68
496,668,0.60
497,668,0.60
498,668,0.76
499,668,1.00
496,669,0.60
497,669,0.68
498,669,1.00
499,669,1.00
496,670,0.60
497,670,0.89
498,670,1.00
499,670,1.00
496,671,0.60
497,671,1.00
498,671,1.00
499,671,1.00
496,672,0.60
497,672,1.00
498,672,1.00
499,672,1.00
496,673,0.60
497,673,1.00
498,673,1.00
499,673,1.00
496,674,0.60
497,674,0.89
498,674,1.00
499,674,1.00
496,675,0.60
497,675,0.68
498,675,1.00
499,675,1.00
496,676,0.60
497,676,0.60
498,676,0.76
499,676,1.00
496,677,0.60
497,677,0.60
498,677,0.60
499,677,0.68
496,678,0.60
497,678,0.60
498,678,0.60
499,678,0.60

