351,601,1.00
352,601,1.00
353,601,1.00
354,601,1.00
355,601,1.00
356,601,1.00
357,601,0.90
358,601,0.90
359,601,0.60
351,602,1.00
352,602,1.00
353,602,1.00
354,602,1.00
355,602,1.00
356,602,1.00
357,602,1.00
358,602,0.90
359,602,0.60
351,603,1.00
352,603,1.00
353,603,1.00
354,603,1.00
355,603,1.00
356,603,1.00
357,603,1.00
358,603,1.00
359,603,0.60
351,604,1.00
352,604,1.00
353,604,1.00
354,604,1.00
355,604,1.00
356,604,1.00
357,604,1.00
358,604,1.00
359,604,0.60
351,605,1.00
352,605,1.00
353,605,1.00
354,605,1.00
355,605,1.00
356,605,1.00
357,605,1.00
358,605,1.00
359,605,0.60
351,606,1.00
352,606,1.00
353,606,1.00
354,606,1.00
355,606,1.00
356,606,1.00
357,606,1.00
358,606,1.00
359,606,0.60
351,607,1.00
352,607,1.00
353,607,1.00
354,607,1.00
355,607,1.00
356,607,1.00
357,607,1.00
358,607,1.00
359,607,0.60
351,608,1.00
352,608,1.00
353,608,1.00
354,608,1.00
355,608,1.00
356,608,1.00
357,608,1.00
358,608,0.90
359,608,0.60
351,609,0.90
352,609,0.90
353,609,0.90
354,609,0.90
355,609,0.90
356,609,0.90
357,609,0.90
358,609,0.90
359,609,0.60
350,601,1.00
350,602,1.00
350,603,1.00
350,604,1.00
350,605,1.00
350,606,1.00
350,607,1.00
350,608,0.60
350,609,0.30
348,600,1.00
349,600,1.00
350,600,1.00
351,600,1.00
352,600,0.74
353,600,0.60
354,600,0.60
355,600,0.30
356,600,0.30
348,601,1.00
349,601,1.00
348,602,1.00
349,602,1.00
348,603,1.00
349,603,1.00
348,604,1.00
349,604,1.00
348,605,1.00
349,605,1.00
348,606,1.00
349,606,1.00
348,607,1.00
349,607,0.90
348,608,0.30
349,608,0.30
346,599,1.00
347,599,0.90
348,599,0.90
349,599,0.60
350,599,0.60
351,599,0.60
352,599,0.30
353,599,0.30
354,599,0.30
346,600,1.00
347,600,1.00
346,601,1.00
347,601,1.00
346,602,1.00
347,602,1.00
346,603,1.00
347,603,1.00
346,604,1.00
347,604,1.00
346,605,1.00
347,605,1.00
346,606,1.00
347,606,1.00
346,607,1.00
347,607,0.90
343,599,1.00
344,599,0.90
345,599,0.90
343,600,1.00
344,600,1.00
345,600,1.00
343,601,1.00
344,601,1.00
345,601,1.00
343,602,1.00
344,602,1.00
345,602,1.00
343,603,1.00
344,603,1.00
345,603,1.00
343,604,1.00
344,604,1.00
345,604,1.00
343,605,1.00
344,605,1.00
345,605,1.00
343,606,1.00
344,606,1.00
345,606,1.00
343,607,1.00
344,607,0.90
345,607,0.90
340,599,1.00
341,599,0.90
342,599,0.90
340,600,1.00
341,600,1.00
342,600,1.00
340,601,1.00
341,601,1.00
342,601,1.00
340,602,1.00
341,602,1.00
342,602,1.00
340,603,1.00
341,603,1.00
342,603,1.00
340,604,1.00
341,604,1.00
342,604,1.00
340,605,1.00
341,605,1.00
342,605,1.00
340,606,1.00
341,606,1.00
342,606,1.00
340,607,1.00
341,607,0.90
342,607,0.90
338,599,0.90
339,599,0.90
338,600,1.00
339,600,1.00
338,601,1.00
339,601,1.00
338,602,1.00
339,602,1.00
338,603,1.00
339,603,1.00
338,604,1.00
339,604,1.00
338,605,1.00
339,605,1.00
338,606,1.00
339,606,1.00
338,607,0.90
339,607,0.90
335,599,1.00
336,599,1.00
337,599,0.90
335,600,1.00
336,600,1.00
337,600,1.00
335,601,1.00
336,601,1.00
337,601,1.00
335,602,1.00
336,602,1.00
337,602,1.00
335,603,1.00
336,603,1.00
337,603,1.00
335,604,1.00
336,604,1.00
337,604,1.00
335,605,1.00
336,605,1.00
337,605,1.00
335,606,1.00
336,606,1.00
337,606,1.00
335,607,1.00
336,607,1.00
337,607,0.90
332,599,1.00
333,599,1.00
334,599,0.90
332,600,1.00
333,600,1.00
334,600,1.00
332,601,1.00
333,601,1.00
334,601,1.00
332,602,1.00
333,602,1.00
334,602,1.00
332,603,1.00
333,603,1.00
334,603,1.00
332,604,1.00
333,604,1.00
334,604,1.00
332,605,1.00
333,605,1.00
334,605,1.00
332,606,1.00
333,606,1.00
334,606,1.00
332,607,1.00
333,607,1.00
334,607,0.90
329,599,1.00
330,599,1.00
331,599,1.00
329,600,1.00
330,600,1.00
331,600,1.00
329,601,1.00
330,601,1.00
331,601,1.00
329,602,1.00
330,602,1.00
331,602,1.00
329,603,1.00
330,603,1.00
331,603,1.00
329,604,1.00
330,604,1.00
331,604,1.00
329,605,1.00
330,605,1.00
331,605,1.00
329,606,1.00
330,606,1.00
331,606,1.00
329,607,1.00
330,607,1.00
331,607,1.00
328,599,1.00
328,600,1.00
328,601,1.00
328,602,1.00
328,603,1.00
328,604,1.00
328,605,1.00
328,606,1.00
328,607,1.00
325,599,1.00
326,599,1.00
327,599,1.00
325,600,1.00
326,600,1.00
327,600,1.00
325,601,1.00
326,601,1.00
327,601,1.00
325,602,1.00
326,602,1.00
327,602,1.00
325,603,1.00
326,603,1.00
327,603,1.00
325,604,1.00
326,604,1.00
327,604,1.00
325,605,1.00
326,605,1.00
327,605,1.00
325,606,1.00
326,606,1.00
327,606,1.00
325,607,1.00
326,607,1.00
327,607,1.00
323,599,1.00
324,599,1.00
323,600,1.00
324,600,1.00
323,601,1.00
324,601,1.00
323,602,1.00
324,602,1.00
323,603,1.00
324,603,1.00
323,604,1.00
324,604,1.00
323,605,1.00
324,605,1.00
323,606,1.00
324,606,1.00
323,607,1.00
324,607,1.00
321,599,1.00
322,599,1.00
321,600,1.00
322,600,1.00
321,601,1.00
322,601,1.00
321,602,1.00
322,602,1.00
321,603,1.00
322,603,1.00
321,604,1.00
322,604,1.00
321,605,1.00
322,605,1.00
321,606,1.00
322,606,1.00
321,607,1.00
322,607,1.00
320,599,0.90
320,600,1.00
320,601,1.00
320,602,1.00
320,603,1.00
320,604,1.00
320,605,1.00
320,606,1.00
320,607,1.00
319,599,0.60
319,600,1.00
319,601,1.00
319,602,1.00
319,603,1.00
319,604,1.00
319,605,1.00
319,606,1.00
319,607,1.00
317,599,0.30
318,599,0.30
317,600,0.60
318,600,0.60
317,601,0.90
318,601,1.00
317,602,1.00
318,602,1.00
317,603,1.00
318,603,1.00
317,604,1.00
318,604,1.00
317,605,1.00
318,605,1.00
317,606,1.00
318,606,1.00
317,607,1.00
318,607,1.00
316,600,0.30
316,601,0.60
316,602,0.90
316,603,1.00
316,604,1.00
316,605,1.00
316,606,1.00
316,607,1.00
316,608,1.00
317,608,1.00
318,608,1.00
319,608,1.00
320,608,1.00
321,608,1.00
322,608,0.90
323,608,0.60
324,608,0.30
315,601,0.30
315,602,0.60
315,603,1.00
315,604,1.00
315,605,1.00
315,606,1.00
315,607,1.00
315,608,1.00
315,609,1.00
316,609,1.00
317,609,1.00
318,609,1.00
319,609,1.00
320,609,1.00
321,609,0.90
322,609,0.60
323,609,0.30
314,602,0.30
314,603,0.90
314,604,1.00
314,605,1.00
314,606,1.00
314,607,1.00
314,608,1.00
314,609,1.00
314,610,1.00
315,610,1.00
316,610,1.00
317,610,1.00
318,610,1.00
319,610,1.00
320,610,0.90
321,610,0.60
322,610,0.30
313,603,0.60
313,604,0.60
313,605,1.00
313,606,1.00
313,607,1.00
313,608,1.00
313,609,1.00
313,610,1.00
313,611,1.00
314,611,1.00
315,611,1.00
316,611,1.00
317,611,1.00
318,611,1.00
319,611,0.90
320,611,0.60
321,611,0.30
312,603,0.30
312,604,0.30
312,605,0.60
312,606,0.60
312,607,1.00
312,608,1.00
312,609,1.00
312,610,1.00
312,611,1.00
311,605,0.30
311,606,0.30
311,607,0.60
311,608,0.90
311,609,1.00
311,610,1.00
311,611,1.00
311,612,1.00
312,612,1.00
313,612,1.00
314,612,1.00
315,612,1.00
316,612,1.00
317,612,1.00
318,612,0.60
319,612,0.30
311,613,1.00
312,613,1.00
313,613,1.00
314,613,1.00
315,613,1.00
316,613,1.00
317,613,1.00
318,613,0.60
319,613,0.30
310,607,0.30
310,608,0.60
310,609,0.60
310,610,1.00
310,611,1.00
310,612,1.00
310,613,1.00
310,614,1.00
311,614,1.00
312,614,1.00
313,614,1.00
314,614,1.00
315,614,1.00
316,614,1.00
317,614,0.60
318,614,0.30
310,615,1.00
311,615,1.00
312,615,1.00
313,615,1.00
314,615,1.00
315,615,1.00
316,615,0.90
317,615,0.60
318,615,0.30
309,608,0.30
309,609,0.30
309,610,0.60
309,611,0.60
309,612,1.00
309,613,1.00
309,614,1.00
309,615,1.00
309,616,1.00
310,616,1.00
311,616,1.00
312,616,1.00
313,616,1.00
314,616,1.00
315,616,1.00
316,616,0.60
317,616,0.30
308,610,0.30
308,611,0.30
308,612,0.60
308,613,0.90
308,614,1.00
308,615,1.00
308,616,1.00
308,617,1.00
309,617,1.00
310,617,1.00
311,617,1.00
312,617,1.00
313,617,1.00
314,617,1.00
315,617,0.90
316,617,0.30
308,618,1.00
309,618,1.00
310,618,1.00
311,618,1.00
312,618,1.00
313,618,1.00
314,618,1.00
315,618,0.90
316,618,0.30
307,612,0.30
307,613,0.60
307,614,0.60
307,615,0.90
307,616,0.90
307,617,1.00
307,618,1.00
307,619,1.00
308,619,1.00
309,619,1.00
310,619,1.00
311,619,1.00
312,619,1.00
313,619,1.00
314,619,1.00
315,619,0.60
307,620,1.00
308,620,1.00
309,620,1.00
310,620,1.00
311,620,1.00
312,620,1.00
313,620,1.00
314,620,0.90
315,620,0.60
307,621,1.00
308,621,1.00
309,621,1.00
310,621,1.00
311,621,1.00
312,621,1.00
313,621,1.00
314,621,0.60
315,621,0.30
306,615,0.30
306,616,0.30
306,617,0.60
306,618,0.60
306,619,0.74
306,620,1.00
306,621,1.00
306,622,1.00
307,622,1.00
308,622,1.00
309,622,1.00
310,622,1.00
311,622,1.00
312,622,1.00
313,622,0.90
314,622,0.30
306,623,1.00
307,623,1.00
308,623,1.00
309,623,1.00
310,623,1.00
311,623,1.00
312,623,1.00
313,623,0.90
314,623,0.30
305,617,0.30
305,618,0.30
305,619,0.30
305,620,0.60
305,621,0.60
305,622,0.90
305,623,0.90
305,624,1.00
306,624,1.00
307,624,1.00
308,624,1.00
309,624,1.00
310,624,1.00
311,624,1.00
312,624,1.00
313,624,0.60
305,625,1.00
306,625,1.00
307,625,1.00
308,625,1.00
309,625,1.00
310,625,1.00
311,625,1.00
312,625,1.00
313,625,0.60
305,626,1.00
306,626,1.00
307,626,1.00
308,626,1.00
309,626,1.00
310,626,1.00
311,626,1.00
312,626,0.74
313,626,0.30
305,627,1.00
306,627,1.00
307,627,1.00
308,627,1.00
309,627,1.00
310,627,1.00
311,627,1.00
312,627,0.60
313,627,0.30
305,628,1.00
306,628,1.00
307,628,1.00
308,628,1.00
309,628,1.00
310,628,1.00
311,628,1.00
312,628,0.60
313,628,0.30
304,622,0.30
304,623,0.30
304,624,0.30
304,625,0.60
304,626,0.60
304,627,0.74
304,628,1.00
304,629,1.00
305,629,1.00
306,629,1.00
307,629,1.00
308,629,1.00
309,629,1.00
310,629,1.00
311,629,0.90
312,629,0.30
304,630,1.00
305,630,1.00
306,630,1.00
307,630,1.00
308,630,1.00
309,630,1.00
310,630,1.00
311,630,0.90
312,630,0.30
303,625,0.30
303,626,0.30
303,627,0.30
303,628,0.60
303,629,0.60
303,630,0.60
303,631,0.90
304,631,1.00
305,631,1.00
306,631,1.00
307,631,1.00
308,631,1.00
309,631,1.00
310,631,1.00
311,631,0.60
303,632,0.90
304,632,1.00
305,632,1.00
306,632,1.00
307,632,1.00
308,632,1.00
309,632,1.00
310,632,1.00
311,632,0.60
303,633,1.00
304,633,1.00
305,633,1.00
306,633,1.00
307,633,1.00
308,633,1.00
309,633,1.00
310,633,1.00
311,633,0.60
303,634,1.00
304,634,1.00
305,634,1.00
306,634,1.00
307,634,1.00
308,634,1.00
309,634,1.00
310,634,1.00
311,634,0.30
303,635,1.00
304,635,1.00
305,635,1.00
306,635,1.00
307,635,1.00
308,635,1.00
309,635,1.00
310,635,1.00
311,635,0.30
303,636,1.00
304,636,1.00
305,636,1.00
306,636,1.00
307,636,1.00
308,636,1.00
309,636,1.00
310,636,1.00
311,636,0.30
302,631,0.30
302,632,0.30
302,633,0.60
302,634,0.60
302,635,0.90
302,636,0.90
302,637,0.90
303,637,1.00
304,637,1.00
305,637,1.00
306,637,1.00
307,637,1.00
308,637,1.00
309,637,1.00
310,637,0.90
302,638,1.00
303,638,1.00
304,638,1.00
305,638,1.00
306,638,1.00
307,638,1.00
308,638,1.00
309,638,1.00
310,638,1.00
302,639,1.00
303,639,1.00
304,639,1.00
305,639,1.00
306,639,1.00
307,639,1.00
308,639,1.00
309,639,1.00
310,639,1.00
302,640,1.00
303,640,1.00
304,640,1.00
305,640,1.00
306,640,1.00
307,640,1.00
308,640,1.00
309,640,1.00
310,640,1.00
302,641,1.00
303,641,1.00
304,641,1.00
305,641,1.00
306,641,1.00
307,641,1.00
308,641,1.00
309,641,1.00
310,641,1.00
302,642,1.00
303,642,1.00
304,642,1.00
305,642,1.00
306,642,1.00
307,642,1.00
308,642,1.00
309,642,1.00
310,642,1.00
302,643,1.00
303,643,1.00
304,643,1.00
305,643,1.00
306,643,1.00
307,643,1.00
308,643,1.00
309,643,1.00
310,643,1.00
302,644,1.00
303,644,1.00
304,644,1.00
305,644,1.00
306,644,1.00
307,644,1.00
308,644,1.00
309,644,1.00
310,644,1.00
302,645,1.00
303,645,1.00
304,645,1.00
305,645,1.00
306,645,1.00
307,645,1.00
308,645,1.00
309,645,1.00
310,645,1.00
302,646,1.00
303,646,1.00
304,646,1.00
305,646,1.00
306,646,1.00
307,646,1.00
308,646,1.00
309,646,1.00
310,646,1.00
302,647,1.00
303,647,1.00
304,647,1.00
305,647,1.00
306,647,1.00
307,647,1.00
308,647,1.00
309,647,1.00
310,647,1.00
302,648,1.00
303,648,1.00
304,648,1.00
305,648,1.00
306,648,1.00
307,648,1.00
308,648,1.00
309,648,1.00
310,648,1.00
302,649,1.00
303,649,1.00
304,649,1.00
305,649,1.00
306,649,1.00
307,649,1.00
308,649,1.00
309,649,1.00
310,649,1.00
302,650,1.00
303,650,1.00
304,650,1.00
305,650,1.00
306,650,1.00
307,650,1.00
308,650,1.00
309,650,1.00
310,650,1.00
302,651,0.90
303,651,1.00
304,651,1.00
305,651,1.00
306,651,1.00
307,651,1.00
308,651,1.00
309,651,1.00
310,651,1.00
302,652,0.60
303,652,1.00
304,652,1.00
305,652,1.00
306,652,1.00
307,652,1.00
308,652,1.00
309,652,1.00
310,652,1.00
311,645,0.30
311,646,0.30
311,647,0.60
311,648,0.90
311,649,1.00
311,650,1.00
311,651,1.00
311,652,1.00
303,653,0.60
304,653,1.00
305,653,1.00
306,653,1.00
307,653,1.00
308,653,1.00
309,653,1.00
310,653,1.00
311,653,1.00
303,654,0.30
304,654,0.60
305,654,0.88
306,654,1.00
307,654,1.00
308,654,1.00
309,654,1.00
310,654,1.00
311,654,1.00
303,655,0.30
304,655,0.60
305,655,0.60
306,655,1.00
307,655,1.00
308,655,1.00
309,655,1.00
310,655,1.00
311,655,1.00
312,648,0.30
312,649,0.60
312,650,1.00
312,651,1.00
312,652,1.00
312,653,1.00
312,654,1.00
312,655,1.00
304,656,0.30
305,656,0.30
306,656,0.90
307,656,1.00
308,656,1.00
309,656,1.00
310,656,1.00
311,656,1.00
312,656,1.00
313,649,0.30
314,649,0.30
313,650,0.60
314,650,0.60
313,651,1.00
314,651,1.00
313,652,1.00
314,652,1.00
313,653,1.00
314,653,1.00
313,654,1.00
314,654,1.00
313,655,1.00
314,655,1.00
313,656,1.00
314,656,1.00
306,657,0.60
307,657,1.00
308,657,1.00
309,657,1.00
310,657,1.00
311,657,1.00
312,657,1.00
313,657,1.00
314,657,1.00
306,658,0.30
307,658,0.90
308,658,1.00
309,658,1.00
310,658,1.00
311,658,1.00
312,658,1.00
313,658,1.00
314,658,1.00
315,651,0.60
315,652,0.90
315,653,1.00
315,654,1.00
315,655,1.00
315,656,1.00
315,657,1.00
315,658,1.00
307,659,0.60
308,659,0.90
309,659,1.00
310,659,1.00
311,659,1.00
312,659,1.00
313,659,1.00
314,659,1.00
315,659,1.00
316,652,0.30
316,653,1.00
316,654,1.00
316,655,1.00
316,656,1.00
316,657,1.00
316,658,1.00
316,659,1.00
308,660,0.30
309,660,0.60
310,660,0.60
311,660,1.00
312,660,1.00
313,660,1.00
314,660,1.00
315,660,1.00
316,660,1.00
317,653,1.00
317,654,1.00
317,655,1.00
317,656,1.00
317,657,1.00
317,658,1.00
317,659,1.00
317,660,1.00
309,661,0.30
310,661,0.30
311,661,0.90
312,661,0.90
313,661,1.00
314,661,1.00
315,661,1.00
316,661,1.00
317,661,1.00
318,653,1.00
319,653,1.00
318,654,1.00
319,654,1.00
318,655,1.00
319,655,1.00
318,656,1.00
319,656,1.00
318,657,1.00
319,657,1.00
318,658,1.00
319,658,1.00
318,659,1.00
319,659,1.00
318,660,1.00
319,660,1.00
318,661,1.00
319,661,1.00
320,653,1.00
321,653,1.00
320,654,1.00
321,654,1.00
320,655,1.00
321,655,1.00
320,656,1.00
321,656,1.00
320,657,1.00
321,657,1.00
320,658,1.00
321,658,1.00
320,659,1.00
321,659,1.00
320,660,1.00
321,660,1.00
320,661,1.00
321,661,1.00
322,653,1.00
323,653,1.00
322,654,1.00
323,654,1.00
322,655,1.00
323,655,1.00
322,656,1.00
323,656,1.00
322,657,1.00
323,657,1.00
322,658,1.00
323,658,1.00
322,659,1.00
323,659,1.00
322,660,1.00
323,660,1.00
322,661,1.00
323,661,1.00
324,653,1.00
325,653,1.00
324,654,1.00
325,654,1.00
324,655,1.00
325,655,1.00
324,656,1.00
325,656,1.00
324,657,1.00
325,657,1.00
324,658,1.00
325,658,1.00
324,659,1.00
325,659,1.00
324,660,1.00
325,660,1.00
324,661,1.00
325,661,1.00
326,653,1.00
327,653,1.00
326,654,1.00
327,654,1.00
326,655,1.00
327,655,1.00
326,656,1.00
327,656,1.00
326,657,1.00
327,657,1.00
326,658,1.00
327,658,1.00
326,659,1.00
327,659,1.00
326,660,1.00
327,660,1.00
326,661,1.00
327,661,1.00
328,653,1.00
329,653,1.00
328,654,1.00
329,654,1.00
328,655,1.00
329,655,1.00
328,656,1.00
329,656,1.00
328,657,1.00
329,657,1.00
328,658,1.00
329,658,1.00
328,659,1.00
329,659,1.00
328,660,1.00
329,660,1.00
328,661,1.00
329,661,1.00
330,653,1.00
331,653,1.00
330,654,1.00
331,654,1.00
330,655,1.00
331,655,1.00
330,656,1.00
331,656,1.00
330,657,1.00
331,657,1.00
330,658,1.00
331,658,1.00
330,659,1.00
331,659,1.00
330,660,1.00
331,660,1.00
330,661,1.00
331,661,1.00
332,653,0.90
333,653,0.90
332,654,1.00
333,654,1.00
332,655,1.00
333,655,1.00
332,656,1.00
333,656,1.00
332,657,1.00
333,657,1.00
332,658,1.00
333,658,1.00
332,659,1.00
333,659,1.00
332,660,1.00
333,660,1.00
332,661,0.90
333,661,1.00
334,653,0.60
335,653,0.60
334,654,1.00
335,654,1.00
334,655,1.00
335,655,1.00
334,656,1.00
335,656,1.00
334,657,1.00
335,657,1.00
334,658,1.00
335,658,1.00
334,659,1.00
335,659,1.00
334,660,1.00
335,660,1.00
334,661,0.90
335,661,1.00
336,653,0.30
337,653,0.30
336,654,0.60
337,654,0.60
336,655,1.00
337,655,1.00
336,656,1.00
337,656,1.00
336,657,1.00
337,657,1.00
336,658,1.00
337,658,1.00
336,659,1.00
337,659,1.00
336,660,1.00
337,660,1.00
336,661,1.00
337,661,1.00
338,654,0.30
339,654,0.30
340,654,0.30
341,654,0.30
338,655,0.89
339,655,0.74
340,655,0.60
341,655,0.60
338,656,1.00
339,656,1.00
340,656,1.00
341,656,1.00
338,657,1.00
339,657,1.00
340,657,1.00
341,657,1.00
338,658,1.00
339,658,1.00
340,658,1.00
341,658,1.00
338,659,1.00
339,659,1.00
340,659,1.00
341,659,1.00
338,660,1.00
339,660,1.00
340,660,1.00
341,660,1.00
338,661,1.00
339,661,1.00
340,661,1.00
341,661,1.00
333,662,0.30
334,662,0.30
335,662,0.30
336,662,0.60
337,662,0.60
338,662,0.74
339,662,0.89
340,662,1.00
341,662,1.00
342,655,0.30
343,655,0.30
344,655,0.30
342,656,0.74
343,656,0.60
344,656,0.60
342,657,1.00
343,657,1.00
344,657,0.95
342,658,1.00
343,658,1.00
344,658,1.00
342,659,1.00
343,659,1.00
344,659,1.00
342,660,1.00
343,660,1.00
344,660,1.00
342,661,1.00
343,661,1.00
344,661,1.00
342,662,1.00
343,662,1.00
344,662,1.00
336,663,0.30
337,663,0.30
338,663,0.30
339,663,0.30
340,663,0.60
341,663,0.60
342,663,0.74
343,663,0.89
344,663,0.95
345,656,0.30
346,656,0.30
347,656,0.30
348,656,0.30
345,657,0.59
346,657,0.44
347,657,0.30
348,657,0.30
345,658,1.00
346,658,1.00
347,658,0.74
348,658,0.60
345,659,1.00
346,659,1.00
347,659,1.00
348,659,0.89
345,660,1.00
346,660,1.00
347,660,1.00
348,660,1.00
345,661,1.00
346,661,1.00
347,661,1.00
348,661,1.00
345,662,1.00
346,662,1.00
347,662,1.00
348,662,1.00
345,663,0.89
346,663,1.00
347,663,1.00
348,663,1.00
340,664,0.30
341,664,0.30
342,664,0.30
343,664,0.30
344,664,0.30
345,664,0.60
346,664,0.74
347,664,1.00
348,664,1.00
349,658,0.30
350,658,0.30
351,658,0.30
352,658,0.30
353,658,0.30
349,659,0.95
350,659,0.89
351,659,0.74
352,659,0.60
353,659,0.60
349,660,1.00
350,660,1.00
351,660,1.00
352,660,1.00
353,660,1.00
349,661,1.00
350,661,1.00
351,661,1.00
352,661,1.00
353,661,1.00
349,662,1.00
350,662,1.00
351,662,1.00
352,662,1.00
353,662,1.00
349,663,1.00
350,663,1.00
351,663,1.00
352,663,1.00
353,663,1.00
349,664,1.00
350,664,1.00
351,664,1.00
352,664,1.00
353,664,1.00
345,665,0.30
346,665,0.30
347,665,0.44
348,665,0.59
349,665,0.95
350,665,1.00
351,665,1.00
352,665,1.00
353,665,1.00
345,666,0.30
346,666,0.30
347,666,0.30
348,666,0.30
349,666,0.60
350,666,0.60
351,666,0.74
352,666,0.89
353,666,1.00
354,659,0.30
355,659,0.30
356,659,0.30
357,659,0.30
354,660,0.89
355,660,0.74
356,660,0.60
357,660,0.60
354,661,1.00
355,661,1.00
356,661,1.00
357,661,0.95
354,662,1.00
355,662,1.00
356,662,1.00
357,662,1.00
354,663,1.00
355,663,1.00
356,663,1.00
357,663,1.00
354,664,1.00
355,664,1.00
356,664,1.00
357,664,1.00
354,665,1.00
355,665,1.00
356,665,1.00
357,665,1.00
354,666,1.00
355,666,1.00
356,666,1.00
357,666,1.00
349,667,0.30
350,667,0.30
351,667,0.30
352,667,0.30
353,667,0.60
354,667,0.60
355,667,0.74
356,667,1.00
357,667,1.00
358,660,0.30
359,660,0.30
360,660,0.30
361,660,0.30
358,661,0.59
359,661,0.44
360,661,0.30
361,661,0.30
358,662,1.00
359,662,1.00
360,662,0.74
361,662,0.60
358,663,1.00
359,663,1.00
360,663,1.00
361,663,1.00
358,664,1.00
359,664,1.00
360,664,1.00
361,664,1.00
358,665,1.00
359,665,1.00
360,665,1.00
361,665,1.00
358,666,1.00
359,666,1.00
360,666,1.00
361,666,1.00
358,667,1.00
359,667,1.00
360,667,1.00
361,667,1.00
353,668,0.30
354,668,0.30
355,668,0.30
356,668,0.60
357,668,0.74
358,668,1.00
359,668,1.00
360,668,1.00
361,668,1.00
362,662,0.30
363,662,0.30
364,662,0.30
362,663,0.74
363,663,0.60
364,663,0.60
362,664,1.00
363,664,1.00
364,664,0.89
362,665,1.00
363,665,1.00
364,665,1.00
362,666,1.00
363,666,1.00
364,666,1.00
362,667,1.00
363,667,1.00
364,667,1.00
362,668,1.00
363,668,1.00
364,668,1.00
356,669,0.30
357,669,0.30
358,669,0.44
359,669,0.89
360,669,1.00
361,669,1.00
362,669,1.00
363,669,1.00
364,669,1.00
356,670,0.30
357,670,0.30
358,670,0.30
359,670,0.60
360,670,0.60
361,670,0.74
362,670,1.00
363,670,1.00
364,670,1.00
365,663,0.30
366,663,0.30
367,663,0.30
365,664,0.44
366,664,0.30
367,664,0.30
365,665,0.71
366,665,0.44
367,665,0.30
365,666,1.00
366,666,0.89
367,666,0.60
365,667,1.00
366,667,1.00
367,667,1.00
365,668,1.00
366,668,1.00
367,668,1.00
365,669,1.00
366,669,1.00
367,669,1.00
365,670,1.00
366,670,1.00
367,670,1.00
359,671,0.30
360,671,0.30
361,671,0.30
362,671,0.60
363,671,0.89
364,671,1.00
365,671,1.00
366,671,1.00
367,671,1.00
368,666,0.30
369,666,0.30
370,666,0.30
368,667,0.74
369,667,0.60
370,667,0.60
368,668,1.00
369,668,1.00
370,668,0.95
368,669,1.00
369,669,1.00
370,669,1.00
368,670,1.00
369,670,1.00
370,670,1.00
368,671,1.00
369,671,1.00
370,671,1.00
362,672,0.30
363,672,0.44
364,672,0.71
365,672,0.92
366,672,1.00
367,672,1.00
368,672,1.00
369,672,1.00
370,672,1.00
362,673,0.30
363,673,0.30
364,673,0.44
365,673,0.59
366,673,0.95
367,673,1.00
368,673,1.00
369,673,1.00
370,673,1.00
362,674,0.30
363,674,0.30
364,674,0.30
365,674,0.30
366,674,0.60
367,674,0.60
368,674,1.00
369,674,1.00
370,674,1.00
371,667,0.30
372,667,0.30
373,667,0.30
374,667,0.30
371,668,0.59
372,668,0.44
373,668,0.30
374,668,0.30
371,669,0.92
372,669,0.71
373,669,0.44
374,669,0.30
371,670,1.00
372,670,1.00
373,670,0.89
374,670,0.60
371,671,1.00
372,671,1.00
373,671,1.00
374,671,0.74
371,672,1.00
372,672,1.00
373,672,1.00
374,672,1.00
371,673,1.00
372,673,1.00
373,673,1.00
374,673,1.00
371,674,1.00
372,674,1.00
373,674,1.00
374,674,1.00
366,675,0.30
367,675,0.30
368,675,0.60
369,675,0.89
370,675,1.00
371,675,1.00
372,675,1.00
373,675,1.00
374,675,1.00
375,670,0.30
376,670,0.30
375,671,0.30
376,671,0.30
375,672,0.74
376,672,0.60
375,673,1.00
376,673,0.74
375,674,1.00
376,674,1.00
375,675,1.00
376,675,1.00
368,676,0.30
369,676,0.44
370,676,1.00
371,676,1.00
372,676,1.00
373,676,1.00
374,676,1.00
375,676,1.00
376,676,1.00
368,677,0.30
369,677,0.30
370,677,0.74
371,677,1.00
372,677,1.00
373,677,1.00
374,677,1.00
375,677,1.00
376,677,1.00
368,678,0.30
369,678,0.30
370,678,0.60
371,678,0.74
372,678,1.00
373,678,1.00
374,678,1.00
375,678,1.00
376,678,1.00
377,672,0.30
378,672,0.30
377,673,0.30
378,673,0.30
377,674,0.74
378,674,0.60
377,675,1.00
378,675,0.74
377,676,1.00
378,676,1.00
377,677,1.00
378,677,1.00
377,678,1.00
378,678,1.00
370,679,0.30
371,679,0.30
372,679,0.74
373,679,1.00
374,679,1.00
375,679,1.00
376,679,1.00
377,679,1.00
378,679,1.00
370,680,0.30
371,680,0.30
372,680,0.60
373,680,0.74
374,680,1.00
375,680,1.00
376,680,1.00
377,680,1.00
378,680,1.00
379,674,0.30
380,674,0.30
379,675,0.30
380,675,0.30
379,676,1.00
380,676,0.90
379,677,1.00
380,677,1.00
379,678,1.00
380,678,1.00
379,679,1.00
380,679,1.00
379,680,1.00
380,680,1.00
372,681,0.30
373,681,0.30
374,681,0.74
375,681,1.00
376,681,1.00
377,681,1.00
378,681,1.00
379,681,1.00
380,681,1.00
372,682,0.30
373,682,0.30
374,682,0.60
375,682,1.00
376,682,1.00
377,682,1.00
378,682,1.00
379,682,1.00
380,682,1.00
381,676,0.60
382,676,0.60
381,677,1.00
382,677,0.90
381,678,1.00
382,678,1.00
381,679,1.00
382,679,1.00
381,680,1.00
382,680,1.00
381,681,1.00
382,681,1.00
381,682,1.00
382,682,1.00
374,683,0.30
375,683,1.00
376,683,1.00
377,683,1.00
378,683,1.00
379,683,1.00
380,683,1.00
381,683,1.00
382,683,1.00
374,684,0.30
375,684,1.00
376,684,1.00
377,684,1.00
378,684,1.00
379,684,1.00
380,684,1.00
381,684,1.00
382,684,1.00
383,676,0.30
383,677,0.60
383,678,0.60
383,679,0.90
383,680,0.90
383,681,1.00
383,682,1.00
383,683,1.00
383,684,1.00
375,685,0.60
376,685,0.74
377,685,1.00
378,685,1.00
379,685,1.00
380,685,1.00
381,685,1.00
382,685,1.00
383,685,1.00
375,686,0.30
376,686,0.30
377,686,0.74
378,686,1.00
379,686,1.00
380,686,1.00
381,686,1.00
382,686,1.00
383,686,1.00
375,687,0.30
376,687,0.30
377,687,0.60
378,687,1.00
379,687,1.00
380,687,1.00
381,687,1.00
382,687,1.00
383,687,1.00
384,681,0.30
385,681,0.30
384,682,0.60
385,682,0.60
384,683,0.88
385,683,0.60
384,684,1.00
385,684,0.74
384,685,1.00
385,685,1.00
384,686,1.00
385,686,1.00
384,687,1.00
385,687,1.00
377,688,0.30
378,688,0.60
379,688,1.00
380,688,1.00
381,688,1.00
382,688,1.00
383,688,1.00
384,688,1.00
385,688,1.00
377,689,0.30
378,689,0.60
379,689,1.00
380,689,1.00
381,689,1.00
382,689,1.00
383,689,1.00
384,689,1.00
385,689,1.00
386,682,0.30
386,683,0.30
386,684,0.30
386,685,0.60
386,686,0.90
386,687,1.00
386,688,1.00
386,689,1.00
378,690,0.30
379,690,1.00
380,690,1.00
381,690,1.00
382,690,1.00
383,690,1.00
384,690,1.00
385,690,1.00
386,690,1.00
387,685,0.30
387,686,0.60
387,687,0.90
387,688,0.90
387,689,1.00
387,690,1.00
379,691,1.00
380,691,1.00
381,691,1.00
382,691,1.00
383,691,1.00
384,691,1.00
385,691,1.00
386,691,1.00
387,691,1.00
379,692,1.00
380,692,1.00
381,692,1.00
382,692,1.00
383,692,1.00
384,692,1.00
385,692,1.00
386,692,1.00
387,692,1.00
379,693,1.00
380,693,1.00
381,693,1.00
382,693,1.00
383,693,1.00
384,693,1.00
385,693,1.00
386,693,1.00
387,693,1.00
379,694,1.00
380,694,1.00
381,694,1.00
382,694,1.00
383,694,1.00
384,694,1.00
385,694,1.00
386,694,1.00
387,694,1.00
379,695,1.00
380,695,1.00
381,695,1.00
382,695,1.00
383,695,1.00
384,695,1.00
385,695,1.00
386,695,1.00
387,695,1.00
379,696,1.00
380,696,1.00
381,696,1.00
382,696,1.00
383,696,1.00
384,696,1.00
385,696,1.00
386,696,1.00
387,696,1.00
379,697,1.00
380,697,1.00
381,697,1.00
382,697,1.00
383,697,1.00
384,697,1.00
385,697,1.00
386,697,1.00
387,697,1.00
379,698,1.00
380,698,1.00
381,698,1.00
382,698,1.00
383,698,1.00
384,698,1.00
385,698,1.00
386,698,1.00
387,698,1.00
379,699,1.00
380,699,1.00
381,699,1.00
382,699,1.00
383,699,1.00
384,699,1.00
385,699,1.00
386,699,1.00
387,699,1.00
379,700,1.00
380,700,1.00
381,700,1.00
382,700,1.00
383,700,1.00
384,700,1.00
385,700,1.00
386,700,1.00
387,700,1.00
379,701,1.00
380,701,1.00
381,701,1.00
382,701,1.00
383,701,1.00
384,701,1.00
385,701,1.00
386,701,1.00
387,701,1.00
379,702,1.00
380,702,1.00
381,702,1.00
382,702,1.00
383,702,1.00
384,702,1.00
385,702,1.00
386,702,1.00
387,702,1.00
379,703,1.00
380,703,1.00
381,703,1.00
382,703,1.00
383,703,1.00
384,703,1.00
385,703,1.00
386,703,1.00
387,703,1.00
379,704,1.00
380,704,1.00
381,704,1.00
382,704,1.00
383,704,1.00
384,704,1.00
385,704,1.00
386,704,1.00
387,704,1.00
379,705,1.00
380,705,1.00
381,705,1.00
382,705,1.00
383,705,1.00
384,705,1.00
385,705,1.00
386,705,1.00
387,705,1.00
379,706,1.00
380,706,1.00
381,706,1.00
382,706,1.00
383,706,1.00
384,706,1.00
385,706,1.00
386,706,1.00
387,706,0.90
379,707,1.00
380,707,1.00
381,707,1.00
382,707,1.00
383,707,1.00
384,707,1.00
385,707,1.00
386,707,1.00
387,707,0.90
379,708,1.00
380,708,1.00
381,708,1.00
382,708,1.00
383,708,1.00
384,708,1.00
385,708,1.00
386,708,1.00
387,708,0.60
379,709,1.00
380,709,1.00
381,709,1.00
382,709,1.00
383,709,1.00
384,709,1.00
385,709,1.00
386,709,0.60
387,709,0.30
379,710,1.00
380,710,1.00
381,710,1.00
382,710,1.00
383,710,1.00
384,710,1.00
385,710,0.90
386,710,0.60
387,710,0.30
378,703,0.60
378,704,0.90
378,705,1.00
378,706,1.00
378,707,1.00
378,708,1.00
378,709,1.00
378,710,1.00
378,711,1.00
379,711,1.00
380,711,1.00
381,711,1.00
382,711,1.00
383,711,1.00
384,711,0.90
385,711,0.60
386,711,0.30
377,703,0.30
377,704,0.60
377,705,0.60
377,706,1.00
377,707,1.00
377,708,1.00
377,709,1.00
377,710,1.00
377,711,1.00
376,704,0.30
376,705,0.30
376,706,0.60
376,707,0.90
376,708,1.00
376,709,1.00
376,710,1.00
376,711,1.00
376,712,1.00
377,712,1.00
378,712,1.00
379,712,1.00
380,712,1.00
381,712,1.00
382,712,1.00
383,712,0.90
384,712,0.30
375,706,0.30
375,707,0.60
375,708,1.00
375,709,1.00
375,710,1.00
375,711,1.00
375,712,1.00
375,713,1.00
376,713,1.00
377,713,1.00
378,713,1.00
379,713,1.00
380,713,1.00
381,713,1.00
382,713,0.74
383,713,0.60
375,714,1.00
376,714,1.00
377,714,1.00
378,714,1.00
379,714,1.00
380,714,1.00
381,714,1.00
382,714,0.60
383,714,0.60
375,715,1.00
376,715,1.00
377,715,1.00
378,715,1.00
379,715,1.00
380,715,0.90
381,715,0.60
382,715,0.30
383,715,0.30
373,708,0.60
374,708,0.60
373,709,0.60
374,709,0.74
373,710,1.00
374,710,1.00
373,711,1.00
374,711,1.00
373,712,1.00
374,712,1.00
373,713,1.00
374,713,1.00
373,714,1.00
374,714,1.00
373,715,1.00
374,715,1.00
373,716,1.00
374,716,1.00
375,716,1.00
376,716,1.00
377,716,1.00
378,716,0.90
379,716,0.60
380,716,0.60
381,716,0.30
372,708,0.30
372,709,0.30
372,710,0.60
372,711,1.00
372,712,1.00
372,713,1.00
372,714,1.00
372,715,1.00
372,716,1.00
370,710,0.30
371,710,0.30
370,711,0.60
371,711,0.60
370,712,1.00
371,712,1.00
370,713,1.00
371,713,1.00
370,714,1.00
371,714,1.00
370,715,1.00
371,715,1.00
370,716,1.00
371,716,1.00
370,717,1.00
371,717,1.00
372,717,1.00
373,717,1.00
374,717,1.00
375,717,1.00
376,717,0.88
377,717,0.60
378,717,0.30
370,718,1.00
371,718,1.00
372,718,1.00
373,718,1.00
374,718,1.00
375,718,1.00
376,718,0.60
377,718,0.60
378,718,0.30
369,711,0.30
369,712,0.90
369,713,1.00
369,714,1.00
369,715,1.00
369,716,1.00
369,717,1.00
369,718,1.00
369,719,1.00
370,719,1.00
371,719,1.00
372,719,1.00
373,719,1.00
374,719,0.90
375,719,0.60
376,719,0.30
377,719,0.30
367,712,0.60
368,712,0.60
367,713,0.90
368,713,1.00
367,714,1.00
368,714,1.00
367,715,1.00
368,715,1.00
367,716,1.00
368,716,1.00
367,717,1.00
368,717,1.00
367,718,1.00
368,718,1.00
367,719,1.00
368,719,1.00
367,720,1.00
368,720,1.00
369,720,0.90
370,720,0.90
371,720,0.60
372,720,0.60
373,720,0.60
374,720,0.60
375,720,0.30
366,712,0.30
366,713,0.60
366,714,1.00
366,715,1.00
366,716,1.00
366,717,1.00
366,718,1.00
366,719,1.00
366,720,1.00
362,713,0.30
363,713,0.30
364,713,0.30
365,713,0.30
362,714,0.60
363,714,0.60
364,714,0.74
365,714,0.89
362,715,1.00
363,715,1.00
364,715,1.00
365,715,1.00
362,716,1.00
363,716,1.00
364,716,1.00
365,716,1.00
362,717,1.00
363,717,1.00
364,717,1.00
365,717,1.00
362,718,1.00
363,718,1.00
364,718,1.00
365,718,1.00
362,719,1.00
363,719,1.00
364,719,1.00
365,719,1.00
362,720,1.00
363,720,1.00
364,720,1.00
365,720,1.00
362,721,1.00
363,721,1.00
364,721,1.00
365,721,1.00
366,721,0.74
367,721,0.60
368,721,0.60
369,721,0.30
370,721,0.30
360,714,0.30
361,714,0.30
360,715,0.90
361,715,0.90
360,716,1.00
361,716,1.00
360,717,1.00
361,717,1.00
360,718,1.00
361,718,1.00
360,719,1.00
361,719,1.00
360,720,1.00
361,720,1.00
360,721,1.00
361,721,1.00
360,722,1.00
361,722,1.00
362,722,0.89
363,722,0.74
364,722,0.60
365,722,0.60
366,722,0.30
367,722,0.30
368,722,0.30
357,715,0.60
358,715,0.60
359,715,0.60
357,716,1.00
358,716,1.00
359,716,1.00
357,717,1.00
358,717,1.00
359,717,1.00
357,718,1.00
358,718,1.00
359,718,1.00
357,719,1.00
358,719,1.00
359,719,1.00
357,720,1.00
358,720,1.00
359,720,1.00
357,721,1.00
358,721,1.00
359,721,1.00
357,722,1.00
358,722,1.00
359,722,1.00
357,723,1.00
358,723,0.90
359,723,0.90
360,723,0.60
361,723,0.60
362,723,0.30
363,723,0.30
364,723,0.30
365,723,0.30
353,715,0.30
354,715,0.30
355,715,0.30
356,715,0.30
353,716,1.00
354,716,0.90
355,716,1.00
356,716,1.00
353,717,1.00
354,717,1.00
355,717,1.00
356,717,1.00
353,718,1.00
354,718,1.00
355,718,1.00
356,718,1.00
353,719,1.00
354,719,1.00
355,719,1.00
356,719,1.00
353,720,1.00
354,720,1.00
355,720,1.00
356,720,1.00
353,721,1.00
354,721,1.00
355,721,1.00
356,721,1.00
353,722,1.00
354,722,1.00
355,722,1.00
356,722,1.00
353,723,1.00
354,723,1.00
355,723,1.00
356,723,1.00
351,716,1.00
352,716,0.90
351,717,1.00
352,717,1.00
351,718,1.00
352,718,1.00
351,719,1.00
352,719,1.00
351,720,1.00
352,720,1.00
351,721,1.00
352,721,1.00
351,722,1.00
352,722,1.00
351,723,1.00
352,723,1.00
351,724,1.00
352,724,0.90
353,724,0.90
354,724,0.60
355,724,0.60
356,724,0.60
357,724,0.30
358,724,0.30
359,724,0.30
348,716,1.00
349,716,1.00
350,716,0.90
348,717,1.00
349,717,1.00
350,717,1.00
348,718,1.00
349,718,1.00
350,718,1.00
348,719,1.00
349,719,1.00
350,719,1.00
348,720,1.00
349,720,1.00
350,720,1.00
348,721,1.00
349,721,1.00
350,721,1.00
348,722,1.00
349,722,1.00
350,722,1.00
348,723,1.00
349,723,1.00
350,723,1.00
348,724,0.90
349,724,0.90
350,724,0.90
345,716,1.00
346,716,1.00
347,716,1.00
345,717,1.00
346,717,1.00
347,717,1.00
345,718,1.00
346,718,1.00
347,718,1.00
345,719,1.00
346,719,1.00
347,719,1.00
345,720,1.00
346,720,1.00
347,720,1.00
345,721,1.00
346,721,1.00
347,721,1.00
345,722,1.00
346,722,1.00
347,722,1.00
345,723,1.00
346,723,1.00
347,723,1.00
345,724,0.60
346,724,0.60
347,724,0.60
343,716,1.00
344,716,1.00
343,717,1.00
344,717,1.00
343,718,1.00
344,718,1.00
343,719,1.00
344,719,1.00
343,720,1.00
344,720,1.00
343,721,1.00
344,721,1.00
343,722,1.00
344,722,1.00
343,723,0.90
344,723,0.90
343,724,0.30
344,724,0.30
341,715,1.00
342,715,1.00
343,715,1.00
344,715,1.00
345,715,0.90
346,715,0.60
347,715,0.60
348,715,0.30
349,715,0.30
341,716,1.00
342,716,1.00
341,717,1.00
342,717,1.00
341,718,1.00
342,718,1.00
341,719,1.00
342,719,1.00
341,720,1.00
342,720,1.00
341,721,1.00
342,721,1.00
341,722,0.74
342,722,0.89
341,723,0.60
342,723,0.60
339,715,1.00
340,715,1.00
339,716,1.00
340,716,1.00
339,717,1.00
340,717,1.00
339,718,1.00
340,718,1.00
339,719,1.00
340,719,1.00
339,720,1.00
340,720,1.00
339,721,0.60
340,721,0.74
339,722,0.30
340,722,0.30
339,723,0.30
340,723,0.30
337,713,1.00
338,713,1.00
339,713,0.89
340,713,0.74
341,713,0.60
342,713,0.60
343,713,0.30
344,713,0.30
345,713,0.30
337,714,1.00
338,714,1.00
339,714,1.00
340,714,1.00
341,714,1.00
342,714,0.89
343,714,0.44
344,714,0.30
345,714,0.30
337,715,1.00
338,715,1.00
337,716,1.00
338,716,1.00
337,717,1.00
338,717,1.00
337,718,1.00
338,718,1.00
337,719,0.89
338,719,1.00
337,720,0.60
338,720,0.60
337,721,0.30
338,721,0.30
334,712,1.00
335,712,1.00
336,712,1.00
337,712,0.89
338,712,0.60
339,712,0.30
340,712,0.30
341,712,0.30
342,712,0.30
334,713,1.00
335,713,1.00
336,713,1.00
334,714,1.00
335,714,1.00
336,714,1.00
334,715,1.00
335,715,1.00
336,715,1.00
334,716,1.00
335,716,1.00
336,716,1.00
334,717,0.60
335,717,0.89
336,717,1.00
334,718,0.30
335,718,0.44
336,718,0.71
334,719,0.30
335,719,0.30
336,719,0.44
334,720,0.30
335,720,0.30
336,720,0.30
330,709,1.00
331,709,1.00
332,709,1.00
333,709,1.00
334,709,0.60
335,709,0.60
336,709,0.30
337,709,0.30
338,709,0.30
330,710,1.00
331,710,1.00
332,710,1.00
333,710,1.00
334,710,1.00
335,710,0.89
336,710,0.44
337,710,0.30
338,710,0.30
330,711,1.00
331,711,1.00
332,711,1.00
333,711,1.00
334,711,1.00
335,711,1.00
336,711,0.71
337,711,0.44
338,711,0.30
330,712,1.00
331,712,1.00
332,712,1.00
333,712,1.00
330,713,1.00
331,713,1.00
332,713,1.00
333,713,1.00
330,714,1.00
331,714,1.00
332,714,1.00
333,714,1.00
330,715,0.89
331,715,1.00
332,715,1.00
333,715,1.00
330,716,0.60
331,716,0.60
332,716,0.74
333,716,0.89
330,717,0.30
331,717,0.30
332,717,0.30
333,717,0.30
327,708,1.00
328,708,1.00
329,708,1.00
330,708,1.00
331,708,1.00
332,708,1.00
333,708,0.60
334,708,0.30
335,708,0.30
327,709,1.00
328,709,1.00
329,709,1.00
327,710,1.00
328,710,1.00
329,710,1.00
327,711,1.00
328,711,1.00
329,711,1.00
327,712,1.00
328,712,1.00
329,712,1.00
327,713,1.00
328,713,1.00
329,713,1.00
327,714,0.60
328,714,0.74
329,714,1.00
327,715,0.30
328,715,0.30
329,715,0.44
327,716,0.30
328,716,0.30
329,716,0.30
325,706,1.00
326,706,1.00
327,706,1.00
328,706,1.00
329,706,1.00
330,706,1.00
331,706,0.90
332,706,0.60
333,706,0.30
325,707,1.00
326,707,1.00
327,707,1.00
328,707,1.00
329,707,1.00
330,707,1.00
331,707,1.00
332,707,0.60
333,707,0.30
325,708,1.00
326,708,1.00
325,709,1.00
326,709,1.00
325,710,1.00
326,710,1.00
325,711,1.00
326,711,1.00
325,712,0.90
326,712,1.00
325,713,0.60
326,713,0.60
325,714,0.30
326,714,0.30
324,705,1.00
325,705,1.00
326,705,1.00
327,705,1.00
328,705,1.00
329,705,1.00
330,705,0.90
331,705,0.60
332,705,0.30
324,706,1.00
324,707,1.00
324,708,1.00
324,709,1.00
324,710,1.00
324,711,1.00
324,712,0.60
324,713,0.30
323,704,1.00
324,704,1.00
325,704,1.00
326,704,1.00
327,704,1.00
328,704,1.00
329,704,1.00
330,704,0.60
331,704,0.30
323,705,1.00
323,706,1.00
323,707,1.00
323,708,1.00
323,709,1.00
323,710,1.00
323,711,1.00
323,712,0.30
322,703,1.00
323,703,1.00
324,703,1.00
325,703,1.00
326,703,1.00
327,703,1.00
328,703,1.00
329,703,0.90
330,703,0.30
322,704,1.00
322,705,1.00
322,706,1.00
322,707,1.00
322,708,1.00
322,709,1.00
322,710,1.00
322,711,1.00
321,703,1.00
321,704,1.00
321,705,1.00
321,706,1.00
321,707,1.00
321,708,1.00
321,709,1.00
321,710,1.00
321,711,1.00
320,703,1.00
320,704,1.00
320,705,1.00
320,706,1.00
320,707,1.00
320,708,1.00
320,709,1.00
320,710,1.00
320,711,0.60
320,702,0.60
321,702,0.60
322,702,0.60
323,702,0.60
324,702,0.60
325,702,0.60
326,702,0.60
327,702,0.60
328,702,0.60

447,568,1.00
448,568,1.00
449,568,1.00
450,568,1.00
451,568,1.00
452,568,1.00
453,568,0.90
454,568,0.90
455,568,0.30
447,569,1.00
448,569,1.00
449,569,1.00
450,569,1.00
451,569,1.00
452,569,1.00
453,569,1.00
454,569,0.90
455,569,0.30
447,570,1.00
448,570,1.00
449,570,1.00
450,570,1.00
451,570,1.00
452,570,1.00
453,570,1.00
454,570,1.00
455,570,0.30
447,571,1.00
448,571,1.00
449,571,1.00
450,571,1.00
451,571,1.00
452,571,1.00
453,571,1.00
454,571,1.00
455,571,0.30
447,572,1.00
448,572,1.00
449,572,1.00
450,572,1.00
451,572,1.00
452,572,1.00
453,572,1.00
454,572,1.00
455,572,0.30
447,573,1.00
448,573,1.00
449,573,1.00
450,573,1.00
451,573,1.00
452,573,1.00
453,573,1.00
454,573,1.00
455,573,0.30
447,574,1.00
448,574,1.00
449,574,1.00
450,574,1.00
451,574,1.00
452,574,1.00
453,574,1.00
454,574,1.00
455,574,0.30
447,575,1.00
448,575,1.00
449,575,1.00
450,575,1.00
451,575,1.00
452,575,1.00
453,575,1.00
454,575,0.90
455,575,0.30
447,576,1.00
448,576,1.00
449,576,1.00
450,576,1.00
451,576,1.00
452,576,1.00
453,576,0.90
454,576,0.90
455,576,0.30
446,568,1.00
446,569,1.00
446,570,1.00
446,571,1.00
446,572,1.00
446,573,1.00
446,574,1.00
446,575,1.00
446,576,1.00
444,568,0.90
445,568,0.90
444,569,1.00
445,569,1.00
444,570,1.00
445,570,1.00
444,571,1.00
445,571,1.00
444,572,1.00
445,572,1.00
444,573,1.00
445,573,1.00
444,574,1.00
445,574,1.00
444,575,1.00
445,575,1.00
444,576,0.90
445,576,0.90
442,568,0.60
443,568,0.60
442,569,0.89
443,569,0.95
442,570,1.00
443,570,1.00
442,571,1.00
443,571,1.00
442,572,1.00
443,572,1.00
442,573,1.00
443,573,1.00
442,574,1.00
443,574,1.00
442,575,0.89
443,575,0.95
442,576,0.60
443,576,0.60
439,568,0.60
440,568,0.60
441,568,0.30
439,569,0.60
440,569,0.60
441,569,0.44
439,570,0.74
440,570,0.74
441,570,0.71
439,571,0.89
440,571,0.89
441,571,0.92
439,572,0.95
440,572,0.95
441,572,1.00
439,573,0.89
440,573,0.89
441,573,0.92
439,574,0.74
440,574,0.74
441,574,0.71
439,575,0.60
440,575,0.60
441,575,0.44
439,576,0.60
440,576,0.60
441,576,0.30
432,568,0.60
433,568,0.60
434,568,0.60
435,568,0.60
436,568,0.60
437,568,0.30
438,568,0.30
432,569,0.95
433,569,0.89
434,569,0.88
435,569,0.89
436,569,0.95
437,569,0.59
438,569,0.44
432,570,1.00
433,570,1.00
434,570,1.00
435,570,1.00
436,570,1.00
437,570,0.92
438,570,0.71
432,571,1.00
433,571,1.00
434,571,1.00
435,571,1.00
436,571,1.00
437,571,1.00
438,571,0.92
432,572,1.00
433,572,1.00
434,572,1.00
435,572,1.00
436,572,1.00
437,572,1.00
438,572,1.00
432,573,1.00
433,573,1.00
434,573,1.00
435,573,1.00
436,573,1.00
437,573,1.00
438,573,0.92
432,574,1.00
433,574,1.00
434,574,1.00
435,574,1.00
436,574,1.00
437,574,0.92
438,574,0.71
432,575,0.95
433,575,0.89
434,575,0.88
435,575,0.89
436,575,0.95
437,575,0.59
438,575,0.44
432,576,0.60
433,576,0.60
434,576,0.60
435,576,0.60
436,576,0.60
437,576,0.30
438,576,0.30
428,568,0.60
429,568,0.60
430,568,0.60
431,568,0.30
428,569,0.74
429,569,0.60
430,569,0.74
431,569,0.59
428,570,1.00
429,570,0.88
430,570,1.00
431,570,0.92
428,571,1.00
429,571,1.00
430,571,1.00
431,571,1.00
428,572,1.00
429,572,1.00
430,572,1.00
431,572,1.00
428,573,1.00
429,573,1.00
430,573,1.00
431,573,1.00
428,574,1.00
429,574,0.88
430,574,1.00
431,574,0.92
428,575,0.74
429,575,0.60
430,575,0.74
431,575,0.59
428,576,0.90
429,576,0.60
430,576,0.60
431,576,0.30
422,568,0.30
423,568,0.30
424,568,0.30
425,568,0.30
426,568,0.30
427,568,0.30
422,569,0.60
423,569,0.60
424,569,0.74
425,569,0.59
426,569,0.65
427,569,0.59
422,570,0.74
423,570,0.74
424,570,1.00
425,570,0.92
426,570,1.00
427,570,0.92
422,571,1.00
423,571,1.00
424,571,1.00
425,571,1.00
426,571,1.00
427,571,1.00
422,572,1.00
423,572,1.00
424,572,1.00
425,572,1.00
426,572,1.00
427,572,1.00
422,573,1.00
423,573,1.00
424,573,1.00
425,573,1.00
426,573,1.00
427,573,1.00
422,574,1.00
423,574,1.00
424,574,1.00
425,574,0.92
426,574,1.00
427,574,0.92
422,575,1.00
423,575,0.74
424,575,0.74
425,575,0.59
426,575,0.65
427,575,0.59
422,576,1.00
423,576,1.00
424,576,1.00
425,576,1.00
426,576,1.00
427,576,0.90
416,569,0.30
417,569,0.30
418,569,0.30
419,569,0.30
420,569,0.30
421,569,0.30
416,570,0.30
417,570,0.30
418,570,0.44
419,570,0.59
420,570,0.65
421,570,0.59
416,571,0.60
417,571,0.74
418,571,1.00
419,571,1.00
420,571,1.00
421,571,0.92
416,572,0.89
417,572,1.00
418,572,1.00
419,572,1.00
420,572,1.00
421,572,1.00
416,573,1.00
417,573,1.00
418,573,1.00
419,573,1.00
420,573,1.00
421,573,1.00
416,574,1.00
417,574,1.00
418,574,1.00
419,574,1.00
420,574,1.00
421,574,1.00
416,575,1.00
417,575,1.00
418,575,1.00
419,575,1.00
420,575,1.00
421,575,0.92
416,576,1.00
417,576,1.00
418,576,1.00
419,576,1.00
420,576,1.00
421,576,1.00
416,577,1.00
417,577,1.00
418,577,1.00
419,577,1.00
420,577,1.00
421,577,1.00
422,577,1.00
423,577,1.00
424,577,1.00
411,571,0.30
412,571,0.30
413,571,0.30
414,571,0.30
415,571,0.30
411,572,0.60
412,572,0.60
413,572,0.74
414,572,0.89
415,572,0.95
411,573,0.95
412,573,1.00
413,573,1.00
414,573,1.00
415,573,1.00
411,574,1.00
412,574,1.00
413,574,1.00
414,574,1.00
415,574,1.00
411,575,1.00
412,575,1.00
413,575,1.00
414,575,1.00
415,575,1.00
411,576,1.00
412,576,1.00
413,576,1.00
414,576,1.00
415,576,1.00
411,577,1.00
412,577,1.00
413,577,1.00
414,577,1.00
415,577,1.00
411,578,1.00
412,578,1.00
413,578,1.00
414,578,1.00
415,578,1.00
416,578,1.00
417,578,1.00
418,578,1.00
419,578,1.00
411,579,1.00
412,579,1.00
413,579,1.00
414,579,1.00
415,579,1.00
416,579,1.00
417,579,1.00
418,579,1.00
419,579,1.00
407,572,0.30
408,572,0.30
409,572,0.30
410,572,0.30
407,573,0.30
408,573,0.30
409,573,0.44
410,573,0.59
407,574,0.60
408,574,0.74
409,574,1.00
410,574,1.00
407,575,0.89
408,575,1.00
409,575,1.00
410,575,1.00
407,576,1.00
408,576,1.00
409,576,1.00
410,576,1.00
407,577,1.00
408,577,1.00
409,577,1.00
410,577,1.00
407,578,1.00
408,578,1.00
409,578,1.00
410,578,1.00
407,579,1.00
408,579,1.00
409,579,1.00
410,579,1.00
407,580,1.00
408,580,1.00
409,580,1.00
410,580,1.00
411,580,1.00
412,580,1.00
413,580,1.00
414,580,1.00
415,580,1.00
402,574,0.30
403,574,0.30
404,574,0.30
405,574,0.30
406,574,0.30
402,575,0.30
403,575,0.30
404,575,0.44
405,575,0.59
406,575,0.65
402,576,0.90
403,576,1.00
404,576,1.00
405,576,1.00
406,576,1.00
402,577,1.00
403,577,1.00
404,577,1.00
405,577,1.00
406,577,1.00
402,578,1.00
403,578,1.00
404,578,1.00
405,578,1.00
406,578,1.00
402,579,1.00
403,579,1.00
404,579,1.00
405,579,1.00
406,579,1.00
402,580,1.00
403,580,1.00
404,580,1.00
405,580,1.00
406,580,1.00
402,581,1.00
403,581,1.00
404,581,1.00
405,581,1.00
406,581,1.00
407,581,1.00
408,581,1.00
409,581,1.00
410,581,1.00
402,582,1.00
403,582,1.00
404,582,1.00
405,582,1.00
406,582,1.00
407,582,1.00
408,582,1.00
409,582,1.00
410,582,1.00
398,576,0.30
399,576,0.30
400,576,0.60
401,576,0.60
398,577,0.90
399,577,0.90
400,577,1.00
401,577,1.00
398,578,1.00
399,578,1.00
400,578,1.00
401,578,1.00
398,579,1.00
399,579,1.00
400,579,1.00
401,579,1.00
398,580,1.00
399,580,1.00
400,580,1.00
401,580,1.00
398,581,1.00
399,581,1.00
400,581,1.00
401,581,1.00
398,582,1.00
399,582,1.00
400,582,1.00
401,582,1.00
398,583,1.00
399,583,1.00
400,583,1.00
401,583,1.00
402,583,1.00
403,583,1.00
404,583,1.00
405,583,1.00
406,583,1.00
398,584,1.00
399,584,1.00
400,584,1.00
401,584,1.00
402,584,1.00
403,584,0.90
404,584,0.90
405,584,0.90
406,584,0.90
393,578,0.90
394,578,1.00
395,578,1.00
396,578,1.00
397,578,1.00
393,579,1.00
394,579,1.00
395,579,1.00
396,579,1.00
397,579,1.00
393,580,1.00
394,580,1.00
395,580,1.00
396,580,1.00
397,580,1.00
393,581,1.00
394,581,1.00
395,581,1.00
396,581,1.00
397,581,1.00
393,582,1.00
394,582,1.00
395,582,1.00
396,582,1.00
397,582,1.00
393,583,1.00
394,583,1.00
395,583,1.00
396,583,1.00
397,583,1.00
393,584,1.00
394,584,1.00
395,584,1.00
396,584,1.00
397,584,1.00
393,585,1.00
394,585,1.00
395,585,1.00
396,585,1.00
397,585,1.00
398,585,1.00
399,585,1.00
400,585,0.90
401,585,0.60
393,586,1.00
394,586,1.00
395,586,1.00
396,586,1.00
397,586,0.60
398,586,0.30
399,586,0.30
400,586,0.30
401,586,0.30
389,580,1.00
390,580,1.00
391,580,1.00
392,580,1.00
389,581,1.00
390,581,1.00
391,581,1.00
392,581,1.00
389,582,1.00
390,582,1.00
391,582,1.00
392,582,1.00
389,583,1.00
390,583,1.00
391,583,1.00
392,583,1.00
389,584,1.00
390,584,1.00
391,584,1.00
392,584,1.00
389,585,1.00
390,585,1.00
391,585,1.00
392,585,1.00
389,586,1.00
390,586,1.00
391,586,1.00
392,586,1.00
389,587,1.00
390,587,1.00
391,587,1.00
392,587,1.00
393,587,1.00
394,587,0.89
395,587,0.44
396,587,0.30
397,587,0.30
389,588,1.00
390,588,1.00
391,588,1.00
392,588,1.00
393,588,0.60
394,588,0.60
395,588,0.30
396,588,0.30
397,588,0.30
386,581,1.00
387,581,1.00
388,581,1.00
386,582,1.00
387,582,1.00
388,582,1.00
386,583,1.00
387,583,1.00
388,583,1.00
386,584,1.00
387,584,1.00
388,584,1.00
386,585,1.00
387,585,1.00
388,585,1.00
386,586,1.00
387,586,1.00
388,586,1.00
386,587,1.00
387,587,1.00
388,587,1.00
386,588,1.00
387,588,1.00
388,588,1.00
386,589,1.00
387,589,1.00
388,589,1.00
389,589,1.00
390,589,1.00
391,589,1.00
392,589,0.60
393,589,0.30
394,589,0.30
384,581,1.00
385,581,1.00
384,582,1.00
385,582,1.00
384,583,1.00
385,583,1.00
384,584,1.00
385,584,1.00
384,585,1.00
385,585,1.00
384,586,1.00
385,586,1.00
384,587,1.00
385,587,1.00
384,588,1.00
385,588,1.00
384,589,1.00
385,589,1.00
383,581,1.00
383,582,1.00
383,583,1.00
383,584,1.00
383,585,1.00
383,586,1.00
383,587,1.00
383,588,1.00
383,589,1.00
382,581,1.00
382,582,1.00
382,583,1.00
382,584,1.00
382,585,1.00
382,586,1.00
382,587,1.00
382,588,1.00
382,589,1.00
381,581,1.00
381,582,1.00
381,583,1.00
381,584,1.00
381,585,1.00
381,586,1.00
381,587,1.00
381,588,1.00
381,589,1.00
384,580,0.30
385,580,0.30
386,580,0.30
387,580,0.30
388,580,0.60
388,578,0.30
389,578,0.30
390,578,0.30
391,578,0.30
392,578,0.60
388,579,0.30
389,579,0.30
390,579,0.44
391,579,0.59
392,579,0.95
392,577,0.30
393,577,0.30
394,577,0.30
395,577,0.30
396,577,0.60
397,577,0.60
402,585,0.30
403,585,0.30
404,585,0.30
407,583,1.00
408,583,1.00
407,584,0.90
408,584,0.90
411,581,1.00
412,581,1.00
413,581,1.00
411,582,1.00
412,582,1.00
413,582,1.00
409,583,1.00
410,583,1.00
411,583,1.00
412,583,1.00
413,583,1.00
409,584,0.60
410,584,0.90
411,584,1.00
412,584,1.00
413,584,1.00
414,581,1.00
415,581,1.00
414,582,1.00
415,582,1.00
414,583,1.00
415,583,1.00
414,584,1.00
415,584,1.00
416,580,1.00
417,580,1.00
418,580,1.00
416,581,1.00
417,581,1.00
418,581,1.00
416,582,1.00
417,582,1.00
418,582,1.00
416,583,1.00
417,583,1.00
418,583,1.00
416,584,1.00
417,584,1.00
418,584,1.00
419,580,1.00
419,581,1.00
419,582,1.00
419,583,1.00
419,584,1.00
420,578,1.00
421,578,1.00
420,579,1.00
421,579,1.00
420,580,1.00
421,580,1.00
420,581,1.00
421,581,1.00
420,582,1.00
421,582,1.00
420,583,1.00
421,583,1.00
420,584,1.00
421,584,1.00
422,578,1.00
423,578,1.00
422,579,1.00
423,579,1.00
422,580,1.00
423,580,1.00
422,581,1.00
423,581,1.00
422,582,1.00
423,582,1.00
422,583,1.00
423,583,1.00
422,584,1.00
423,584,1.00
424,578,1.00
424,579,1.00
424,580,1.00
424,581,1.00
424,582,1.00
424,583,1.00
424,584,1.00
425,577,1.00
426,577,1.00
425,578,1.00
426,578,1.00
425,579,1.00
426,579,1.00
425,580,1.00
426,580,1.00
425,581,1.00
426,581,1.00
425,582,1.00
426,582,1.00
425,583,1.00
426,583,1.00
425,584,1.00
426,584,1.00
427,577,1.00
427,578,1.00
427,579,1.00
427,580,1.00
427,581,1.00
427,582,1.00
427,583,1.00
427,584,1.00
428,577,0.90
428,578,1.00
428,579,1.00
428,580,1.00
428,581,1.00
428,582,1.00
428,583,1.00
428,584,1.00
429,577,0.60
429,578,0.90
429,579,1.00
429,580,1.00
429,581,1.00
429,582,1.00
429,583,1.00
429,584,1.00
421,585,0.30
422,585,0.90
423,585,1.00
424,585,1.00
425,585,1.00
426,585,1.00
427,585,1.00
428,585,1.00
429,585,1.00
430,577,0.30
430,578,0.60
430,579,0.90
430,580,1.00
430,581,1.00
430,582,1.00
430,583,1.00
430,584,1.00
430,585,1.00
422,586,0.30
423,586,0.60
424,586,1.00
425,586,1.00
426,586,1.00
427,586,1.00
428,586,1.00
429,586,1.00
430,586,1.00
431,579,0.30
431,580,0.90
431,581,1.00
431,582,1.00
431,583,1.00
431,584,1.00
431,585,1.00
431,586,1.00
423,587,0.30
424,587,0.90
425,587,1.00
426,587,1.00
427,587,1.00
428,587,1.00
429,587,1.00
430,587,1.00
431,587,1.00
432,580,0.60
432,581,0.90
432,582,0.90
432,583,1.00
432,584,1.00
432,585,1.00
432,586,1.00
432,587,1.00
424,588,0.60
425,588,1.00
426,588,1.00
427,588,1.00
428,588,1.00
429,588,1.00
430,588,1.00
431,588,1.00
432,588,1.00
433,581,0.30
433,582,0.30
433,583,0.60
433,584,0.60
433,585,0.90
433,586,1.00
433,587,1.00
433,588,1.00
425,589,0.90
426,589,1.00
427,589,1.00
428,589,1.00
429,589,1.00
430,589,1.00
431,589,1.00
432,589,1.00
433,589,1.00
425,590,0.60
426,590,1.00
427,590,1.00
428,590,1.00
429,590,1.00
430,590,1.00
431,590,1.00
432,590,1.00
433,590,1.00
425,591,0.60
426,591,1.00
427,591,1.00
428,591,1.00
429,591,1.00
430,591,1.00
431,591,1.00
432,591,1.00
433,591,1.00
425,592,0.30
426,592,1.00
427,592,1.00
428,592,1.00
429,592,1.00
430,592,1.00
431,592,1.00
432,592,1.00
433,592,1.00
425,593,0.30
426,593,1.00
427,593,1.00
428,593,1.00
429,593,1.00
430,593,1.00
431,593,1.00
432,593,1.00
433,593,1.00
434,586,0.30
434,587,0.30
434,588,0.30
434,589,0.30
434,590,0.60
434,591,0.60
434,592,0.90
434,593,0.90
426,594,1.00
427,594,1.00
428,594,1.00
429,594,1.00
430,594,1.00
431,594,1.00
432,594,1.00
433,594,1.00
434,594,1.00
426,595,0.90
427,595,1.00
428,595,1.00
429,595,1.00
430,595,1.00
431,595,1.00
432,595,1.00
433,595,1.00
434,595,0.90
426,596,0.90
427,596,1.00
428,596,1.00
429,596,1.00
430,596,1.00
431,596,1.00
432,596,1.00
433,596,1.00
434,596,0.90
426,597,0.90
427,597,1.00
428,597,1.00
429,597,1.00
430,597,1.00
431,597,1.00
432,597,1.00
433,597,1.00
434,597,0.90
426,598,1.00
427,598,1.00
428,598,1.00
429,598,1.00
430,598,1.00
431,598,1.00
432,598,1.00
433,598,1.00
434,598,1.00
426,599,0.90
427,599,1.00
428,599,1.00
429,599,1.00
430,599,1.00
431,599,1.00
432,599,1.00
433,599,1.00
434,599,0.90
426,600,0.90
427,600,1.00
428,600,1.00
429,600,1.00
430,600,1.00
431,600,1.00
432,600,1.00
433,600,1.00
434,600,0.90
426,601,0.90
427,601,1.00
428,601,1.00
429,601,1.00
430,601,1.00
431,601,1.00
432,601,1.00
433,601,1.00
434,601,0.90
426,602,0.90
427,602,1.00
428,602,1.00
429,602,1.00
430,602,1.00
431,602,1.00
432,602,1.00
433,602,1.00
434,602,0.90
426,603,0.60
427,603,1.00
428,603,1.00
429,603,1.00
430,603,1.00
431,603,1.00
432,603,1.00
433,603,1.00
434,603,0.60
426,604,0.90
427,604,1.00
428,604,1.00
429,604,1.00
430,604,1.00
431,604,1.00
432,604,1.00
433,604,1.00
434,604,0.90
426,605,0.90
427,605,1.00
428,605,1.00
429,605,1.00
430,605,1.00
431,605,1.00
432,605,1.00
433,605,1.00
434,605,0.90
426,606,0.90
427,606,1.00
428,606,1.00
429,606,1.00
430,606,1.00
431,606,1.00
432,606,1.00
433,606,1.00
434,606,0.90
426,607,0.60
427,607,1.00
428,607,1.00
429,607,1.00
430,607,1.00
431,607,1.00
432,607,1.00
433,607,1.00
434,607,0.60
426,608,0.90
427,608,1.00
428,608,1.00
429,608,1.00
430,608,1.00
431,608,1.00
432,608,1.00
433,608,1.00
434,608,0.90
426,609,0.90
427,609,1.00
428,609,1.00
429,609,1.00
430,609,1.00
431,609,1.00
432,609,1.00
433,609,1.00
434,609,0.90
426,610,0.60
427,610,0.88
428,610,1.00
429,610,1.00
430,610,1.00
431,610,1.00
432,610,1.00
433,610,0.88
434,610,0.60
426,611,0.60
427,611,0.89
428,611,1.00
429,611,1.00
430,611,1.00
431,611,1.00
432,611,1.00
433,611,0.89
434,611,0.60
426,612,0.90
427,612,1.00
428,612,1.00
429,612,1.00
430,612,1.00
431,612,1.00
432,612,1.00
433,612,1.00
434,612,0.90
426,613,0.60
427,613,0.89
428,613,1.00
429,613,1.00
430,613,1.00
431,613,1.00
432,613,1.00
433,613,0.89
434,613,0.60
426,614,0.60
427,614,0.88
428,614,1.00
429,614,1.00
430,614,1.00
431,614,1.00
432,614,1.00
433,614,0.88
434,614,0.60
426,615,0.60
427,615,0.89
428,615,1.00
429,615,1.00
430,615,1.00
431,615,1.00
432,615,1.00
433,615,0.89
434,615,0.60
426,616,0.60
427,616,1.00
428,616,1.00
429,616,1.00
430,616,1.00
431,616,1.00
432,616,1.00
433,616,1.00
434,616,0.90
426,617,0.30
427,617,0.89
428,617,1.00
429,617,1.00
430,617,1.00
431,617,1.00
432,617,1.00
433,617,1.00
434,617,0.60
426,618,0.30
427,618,0.74
428,618,1.00
429,618,1.00
430,618,1.00
431,618,1.00
432,618,1.00
433,618,1.00
434,618,0.74
426,619,0.30
427,619,0.90
428,619,1.00
429,619,1.00
430,619,1.00
431,619,1.00
432,619,1.00
433,619,1.00
434,619,1.00
426,620,0.30
427,620,0.90
428,620,1.00
429,620,1.00
430,620,1.00
431,620,1.00
432,620,1.00
433,620,1.00
434,620,1.00
435,616,0.30
435,617,0.30
435,618,0.30
435,619,0.60
435,620,0.60
427,621,0.60
428,621,1.00
429,621,1.00
430,621,1.00
431,621,1.00
432,621,1.00
433,621,1.00
434,621,1.00
435,621,0.60
427,622,0.60
428,622,1.00
429,622,1.00
430,622,1.00
431,622,1.00
432,622,1.00
433,622,1.00
434,622,1.00
435,622,0.60
427,623,0.90
428,623,1.00
429,623,1.00
430,623,1.00
431,623,1.00
432,623,1.00
433,623,1.00
434,623,1.00
435,623,0.90
427,624,0.90
428,624,1.00
429,624,1.00
430,624,1.00
431,624,1.00
432,624,1.00
433,624,1.00
434,624,1.00
435,624,0.90
427,625,0.60
428,625,0.88
429,625,1.00
430,625,1.00
431,625,1.00
432,625,1.00
433,625,1.00
434,625,0.88
435,625,0.60
427,626,0.60
428,626,0.89
429,626,1.00
430,626,1.00
431,626,1.00
432,626,1.00
433,626,1.00
434,626,0.89
435,626,0.60
427,627,0.60
428,627,1.00
429,627,1.00
430,627,1.00
431,627,1.00
432,627,1.00
433,627,1.00
434,627,1.00
435,627,0.90
427,628,0.30
428,628,0.89
429,628,1.00
430,628,1.00
431,628,1.00
432,628,1.00
433,628,1.00
434,628,1.00
435,628,0.60
427,629,0.30
428,629,0.74
429,629,1.00
430,629,1.00
431,629,1.00
432,629,1.00
433,629,1.00
434,629,1.00
435,629,0.74
427,630,0.30
428,630,0.60
429,630,1.00
430,630,1.00
431,630,1.00
432,630,1.00
433,630,1.00
434,630,1.00
435,630,0.89
427,631,0.30
428,631,0.60
429,631,1.00
430,631,1.00
431,631,1.00
432,631,1.00
433,631,1.00
434,631,1.00
435,631,1.00
436,627,0.30
436,628,0.30
436,629,0.30
436,630,0.30
436,631,0.60
428,632,0.30
429,632,0.89
430,632,1.00
431,632,1.00
432,632,1.00
433,632,1.00
434,632,1.00
435,632,1.00
436,632,0.60
428,633,0.30
429,633,0.74
430,633,1.00
431,633,1.00
432,633,1.00
433,633,1.00
434,633,1.00
435,633,1.00
436,633,0.74
428,634,0.30
429,634,0.60
430,634,1.00
431,634,1.00
432,634,1.00
433,634,1.00
434,634,1.00
435,634,1.00
436,634,0.89
428,635,0.30
429,635,0.90
430,635,1.00
431,635,1.00
432,635,1.00
433,635,1.00
434,635,1.00
435,635,1.00
436,635,1.00
437,631,0.30
437,632,0.30
437,633,0.30
437,634,0.30
437,635,0.60
429,636,0.60
430,636,0.89
431,636,1.00
432,636,1.00
433,636,1.00
434,636,1.00
435,636,1.00
436,636,0.89
437,636,0.60
429,637,0.60
430,637,0.88
431,637,1.00
432,637,1.00
433,637,1.00
434,637,1.00
435,637,1.00
436,637,0.88
437,637,0.60
429,638,0.60
430,638,0.89
431,638,1.00
432,638,1.00
433,638,1.00
434,638,1.00
435,638,1.00
436,638,0.89
437,638,0.60
429,639,0.60
430,639,1.00
431,639,1.00
432,639,1.00
433,639,1.00
434,639,1.00
435,639,1.00
436,639,1.00
437,639,0.90
429,640,0.30
430,640,0.89
431,640,1.00
432,640,1.00
433,640,1.00
434,640,1.00
435,640,1.00
436,640,1.00
437,640,0.60
429,641,0.30
430,641,0.74
431,641,1.00
432,641,1.00
433,641,1.00
434,641,1.00
435,641,1.00
436,641,1.00
437,641,0.74
429,642,0.30
430,642,0.60
431,642,1.00
432,642,1.00
433,642,1.00
434,642,1.00
435,642,1.00
436,642,1.00
437,642,1.00
429,643,0.30
430,643,0.60
431,643,1.00
432,643,1.00
433,643,1.00
434,643,1.00
435,643,1.00
436,643,1.00
437,643,1.00
438,639,0.30
438,640,0.30
438,641,0.30
438,642,0.60
438,643,0.60
430,644,0.30
431,644,0.89
432,644,1.00
433,644,1.00
434,644,1.00
435,644,1.00
436,644,1.00
437,644,1.00
438,644,0.74
430,645,0.30
431,645,0.74
432,645,1.00
433,645,1.00
434,645,1.00
435,645,1.00
436,645,1.00
437,645,1.00
438,645,1.00
430,646,0.30
431,646,0.60
432,646,1.00
433,646,1.00
434,646,1.00
435,646,1.00
436,646,1.00
437,646,1.00
438,646,1.00
430,647,0.30
431,647,0.60
432,647,1.00
433,647,1.00
434,647,1.00
435,647,1.00
436,647,1.00
437,647,1.00
438,647,1.00
439,642,0.30
439,643,0.30
439,644,0.30
439,645,0.60
439,646,0.60
439,647,0.74
431,648,0.30
432,648,0.74
433,648,1.00
434,648,1.00
435,648,1.00
436,648,1.00
437,648,1.00
438,648,1.00
439,648,0.89
431,649,0.30
432,649,0.60
433,649,1.00
434,649,1.00
435,649,1.00
436,649,1.00
437,649,1.00
438,649,1.00
439,649,1.00
431,650,0.30
432,650,0.60
433,650,1.00
434,650,1.00
435,650,1.00
436,650,1.00
437,650,1.00
438,650,1.00
439,650,1.00
440,645,0.30
440,646,0.30
440,647,0.30
440,648,0.30
440,649,0.60
440,650,0.60
432,651,0.30
433,651,0.74
434,651,1.00
435,651,1.00
436,651,1.00
437,651,1.00
438,651,1.00
439,651,1.00
440,651,0.74
432,652,0.30
433,652,0.60
434,652,1.00
435,652,1.00
436,652,1.00
437,652,1.00
438,652,1.00
439,652,1.00
440,652,0.89
432,653,0.30
433,653,0.60
434,653,1.00
435,653,1.00
436,653,1.00
437,653,1.00
438,653,1.00
439,653,1.00
440,653,1.00
441,649,0.30
441,650,0.30
441,651,0.30
441,652,0.30
441,653,0.60
433,654,0.30
434,654,0.89
435,654,1.00
436,654,1.00
437,654,1.00
438,654,1.00
439,654,1.00
440,654,1.00
441,654,0.60
433,655,0.30
434,655,0.74
435,655,1.00
436,655,1.00
437,655,1.00
438,655,1.00
439,655,1.00
440,655,1.00
441,655,0.74
433,656,0.30
434,656,0.60
435,656,1.00
436,656,1.00
437,656,1.00
438,656,1.00
439,656,1.00
440,656,1.00
441,656,0.89
433,657,0.30
434,657,0.60
435,657,1.00
436,657,1.00
437,657,1.00
438,657,1.00
439,657,1.00
440,657,1.00
441,657,1.00
442,653,0.30
442,654,0.30
442,655,0.30
442,656,0.30
442,657,0.60
434,658,0.30
435,658,0.89
436,658,1.00
437,658,1.00
438,658,1.00
439,658,1.00
440,658,1.00
441,658,1.00
442,658,0.60
434,659,0.30
435,659,0.74
436,659,1.00
437,659,1.00
438,659,1.00
439,659,1.00
440,659,1.00
441,659,1.00
442,659,0.74
434,660,0.30
435,660,0.60
436,660,1.00
437,660,1.00
438,660,1.00
439,660,1.00
440,660,1.00
441,660,1.00
442,660,1.00
434,661,0.30
435,661,0.60
436,661,1.00
437,661,1.00
438,661,1.00
439,661,1.00
440,661,1.00
441,661,1.00
442,661,1.00
443,657,0.30
443,658,0.30
443,659,0.30
443,660,0.60
443,661,0.60
435,662,0.30
436,662,0.89
437,662,1.00
438,662,1.00
439,662,1.00
440,662,1.00
441,662,1.00
442,662,1.00
443,662,1.00
435,663,0.30
436,663,0.74
437,663,1.00
438,663,1.00
439,663,1.00
440,663,1.00
441,663,1.00
442,663,1.00
443,663,1.00
435,664,0.30
436,664,0.60
437,664,1.00
438,664,1.00
439,664,1.00
440,664,1.00
441,664,1.00
442,664,1.00
443,664,1.00
435,665,0.30
436,665,0.60
437,665,1.00
438,665,1.00
439,665,1.00
440,665,1.00
441,665,1.00
442,665,1.00
443,665,1.00
444,660,0.30
444,661,0.30
444,662,0.60
444,663,0.60
444,664,0.74
444,665,1.00
436,666,0.30
437,666,0.74
438,666,1.00
439,666,1.00
440,666,1.00
441,666,1.00
442,666,1.00
443,666,1.00
444,666,1.00
436,667,0.30
437,667,0.60
438,667,1.00
439,667,1.00
440,667,1.00
441,667,1.00
442,667,1.00
443,667,1.00
444,667,1.00
436,668,0.30
437,668,0.60
438,668,1.00
439,668,1.00
440,668,1.00
441,668,1.00
442,668,1.00
443,668,1.00
444,668,1.00
445,662,0.30
445,663,0.30
445,664,0.30
445,665,0.60
445,666,0.60
445,667,1.00
445,668,1.00
437,669,0.30
438,669,0.90
439,669,1.00
440,669,1.00
441,669,1.00
442,669,1.00
443,669,1.00
444,669,1.00
445,669,1.00
437,670,0.30
438,670,1.00
439,670,1.00
440,670,1.00
441,670,1.00
442,670,1.00
443,670,1.00
444,670,1.00
445,670,1.00
446,665,0.30
446,666,0.30
446,667,0.60
446,668,0.60
446,669,0.60
446,670,0.90
438,671,0.90
439,671,1.00
440,671,1.00
441,671,1.00
442,671,1.00
443,671,1.00
444,671,1.00
445,671,1.00
446,671,1.00
438,672,0.90
439,672,1.00
440,672,1.00
441,672,1.00
442,672,1.00
443,672,1.00
444,672,1.00
445,672,1.00
446,672,1.00
438,673,0.90
439,673,1.00
440,673,1.00
441,673,1.00
442,673,1.00
443,673,1.00
444,673,1.00
445,673,1.00
446,673,1.00
438,674,0.60
439,674,1.00
440,674,1.00
441,674,1.00
442,674,1.00
443,674,1.00
444,674,1.00
445,674,1.00
446,674,1.00
438,675,0.60
439,675,1.00
440,675,1.00
441,675,1.00
442,675,1.00
443,675,1.00
444,675,1.00
445,675,1.00
446,675,1.00
438,676,0.30
439,676,0.74
440,676,1.00
441,676,1.00
442,676,1.00
443,676,1.00
444,676,1.00
445,676,1.00
446,676,1.00
438,677,0.30
439,677,0.60
440,677,1.00
441,677,1.00
442,677,1.00
443,677,1.00
444,677,1.00
445,677,1.00
446,677,1.00
438,678,0.30
439,678,0.60
440,678,1.00
441,678,1.00
442,678,1.00
443,678,1.00
444,678,1.00
445,678,1.00
446,678,1.00
447,671,0.30
447,672,0.30
447,673,0.60
447,674,0.60
447,675,1.00
447,676,1.00
447,677,1.00
447,678,1.00
439,679,0.30
440,679,0.90
441,679,1.00
442,679,1.00
443,679,1.00
444,679,1.00
445,679,1.00
446,679,1.00
447,679,1.00
448,673,0.30
448,674,0.30
448,675,0.60
448,676,1.00
448,677,1.00
448,678,1.00
448,679,1.00
440,680,0.60
441,680,1.00
442,680,1.00
443,680,1.00
444,680,1.00
445,680,1.00
446,680,1.00
447,680,1.00
448,680,1.00
440,681,0.60
441,681,1.00
442,681,1.00
443,681,1.00
444,681,1.00
445,681,1.00
446,681,1.00
447,681,1.00
448,681,1.00
440,682,0.30
441,682,1.00
442,682,1.00
443,682,1.00
444,682,1.00
445,682,1.00
446,682,1.00
447,682,1.00
448,682,1.00
440,683,0.30
441,683,1.00
442,683,1.00
443,683,1.00
444,683,1.00
445,683,1.00
446,683,1.00
447,683,1.00
448,683,1.00
449,676,0.60
449,677,0.90
449,678,1.00
449,679,1.00
449,680,1.00
449,681,1.00
449,682,1.00
449,683,1.00
441,684,0.90
442,684,1.00
443,684,1.00
444,684,1.00
445,684,1.00
446,684,1.00
447,684,1.00
448,684,1.00
449,684,1.00
441,685,0.30
442,685,0.60
443,685,1.00
444,685,1.00
445,685,1.00
446,685,1.00
447,685,1.00
448,685,1.00
449,685,1.00
450,678,0.30
450,679,0.30
450,680,0.60
450,681,1.00
450,682,1.00
450,683,1.00
450,684,1.00
450,685,1.00
442,686,0.60
443,686,1.00
444,686,1.00
445,686,1.00
446,686,1.00
447,686,1.00
448,686,1.00
449,686,1.00
450,686,1.00
451,680,0.30
451,681,1.00
451,682,1.00
451,683,1.00
451,684,1.00
451,685,1.00
451,686,1.00
443,687,1.00
444,687,1.00
445,687,1.00
446,687,1.00
447,687,1.00
448,687,1.00
449,687,1.00
450,687,1.00
451,687,1.00
443,688,1.00
444,688,1.00
445,688,1.00
446,688,1.00
447,688,1.00
448,688,1.00
449,688,1.00
450,688,1.00
451,688,1.00
443,689,1.00
444,689,1.00
445,689,1.00
446,689,1.00
447,689,1.00
448,689,1.00
449,689,1.00
450,689,1.00
451,689,1.00
452,681,1.00
452,682,1.00
452,683,1.00
452,684,1.00
452,685,1.00
452,686,1.00
452,687,1.00
452,688,1.00
452,689,1.00
453,681,1.00
453,682,1.00
453,683,1.00
453,684,1.00
453,685,1.00
453,686,1.00
453,687,1.00
453,688,1.00
453,689,1.00
454,681,1.00
454,682,1.00
454,683,1.00
454,684,1.00
454,685,1.00
454,686,1.00
454,687,1.00
454,688,1.00
454,689,1.00
455,681,1.00
456,681,1.00
455,682,1.00
456,682,1.00
455,683,1.00
456,683,1.00
455,684,1.00
456,684,1.00
455,685,1.00
456,685,1.00
455,686,1.00
456,686,1.00
455,687,1.00
456,687,1.00
455,688,1.00
456,688,1.00
455,689,1.00
456,689,1.00
457,681,1.00
458,681,1.00
457,682,1.00
458,682,1.00
457,683,1.00
458,683,1.00
457,684,1.00
458,684,1.00
457,685,1.00
458,685,1.00
457,686,1.00
458,686,1.00
457,687,1.00
458,687,1.00
457,688,1.00
458,688,1.00
457,689,1.00
458,689,1.00
459,681,1.00
460,681,1.00
459,682,1.00
460,682,1.00
459,683,1.00
460,683,1.00
459,684,1.00
460,684,1.00
459,685,1.00
460,685,1.00
459,686,1.00
460,686,1.00
459,687,1.00
460,687,1.00
459,688,1.00
460,688,1.00
459,689,1.00
460,689,1.00
461,681,1.00
462,681,1.00
461,682,1.00
462,682,1.00
461,683,1.00
462,683,1.00
461,684,1.00
462,684,1.00
461,685,1.00
462,685,1.00
461,686,1.00
462,686,1.00
461,687,1.00
462,687,1.00
461,688,1.00
462,688,1.00
461,689,1.00
462,689,1.00
463,681,1.00
464,681,1.00
463,682,1.00
464,682,1.00
463,683,1.00
464,683,1.00
463,684,1.00
464,684,1.00
463,685,1.00
464,685,1.00
463,686,1.00
464,686,1.00
463,687,1.00
464,687,1.00
463,688,1.00
464,688,1.00
463,689,0.90
464,689,0.90
457,680,0.60
458,680,0.60
459,680,0.90
460,680,1.00
461,680,1.00
462,680,1.00
463,680,1.00
464,680,1.00
465,680,1.00
465,681,1.00
465,682,1.00
465,683,1.00
465,684,1.00
465,685,1.00
465,686,1.00
465,687,1.00
465,688,1.00
466,680,1.00
467,680,1.00
466,681,1.00
467,681,1.00
466,682,1.00
467,682,1.00
466,683,1.00
467,683,1.00
466,684,1.00
467,684,1.00
466,685,1.00
467,685,1.00
466,686,1.00
467,686,1.00
466,687,1.00
467,687,1.00
466,688,1.00
467,688,0.90
468,680,1.00
468,681,1.00
468,682,1.00
468,683,1.00
468,684,1.00
468,685,1.00
468,686,1.00
468,687,1.00
468,688,0.60
461,679,1.00
462,679,1.00
463,679,1.00
464,679,1.00
465,679,1.00
466,679,1.00
467,679,1.00
468,679,1.00
469,679,1.00
469,680,1.00
469,681,1.00
469,682,1.00
469,683,1.00
469,684,1.00
469,685,1.00
469,686,1.00
469,687,1.00
465,689,0.30
466,689,0.30
452,690,1.00
453,690,1.00
454,690,1.00
455,690,1.00
456,690,1.00
457,690,0.89
458,690,0.44
459,690,0.30
460,690,0.30
452,691,1.00
453,691,1.00
454,691,1.00
455,691,0.74
456,691,0.60
457,691,0.60
458,691,0.30
459,691,0.30
460,691,0.30
449,690,1.00
450,690,1.00
451,690,1.00
449,691,1.00
450,691,1.00
451,691,1.00
449,692,1.00
450,692,1.00
451,692,1.00
452,692,0.74
453,692,0.60
454,692,0.60
455,692,0.30
456,692,0.30
457,692,0.30
446,690,1.00
447,690,1.00
448,690,1.00
446,691,1.00
447,691,1.00
448,691,1.00
446,692,1.00
447,692,1.00
448,692,1.00
446,693,1.00
447,693,0.90
448,693,0.90
449,693,0.60
450,693,0.60
451,693,0.60
452,693,0.30
453,693,0.30
454,693,0.30
443,690,1.00
444,690,1.00
445,690,1.00
443,691,1.00
444,691,1.00
445,691,1.00
443,692,1.00
444,692,1.00
445,692,1.00
443,693,1.00
444,693,1.00
445,693,1.00
440,686,0.30
441,686,0.30
440,687,0.60
441,687,0.60
442,687,0.74
440,688,1.00
441,688,1.00
442,688,1.00
440,689,1.00
441,689,1.00
442,689,1.00
440,690,1.00
441,690,1.00
442,690,1.00
440,691,1.00
441,691,1.00
442,691,1.00
440,692,1.00
441,692,1.00
442,692,1.00
440,693,1.00
441,693,1.00
442,693,1.00
440,694,1.00
441,694,1.00
442,694,1.00
443,694,1.00
444,694,0.74
445,694,0.60
446,694,0.60
447,694,0.30
448,694,0.30
438,687,0.30
439,687,0.30
438,688,0.60
439,688,0.60
438,689,1.00
439,689,1.00
438,690,1.00
439,690,1.00
438,691,1.00
439,691,1.00
438,692,1.00
439,692,1.00
438,693,1.00
439,693,1.00
438,694,1.00
439,694,1.00
438,695,1.00
439,695,1.00
440,695,1.00
441,695,1.00
442,695,0.90
443,695,0.60
444,695,0.30
445,695,0.30
446,695,0.30
435,688,0.30
436,688,0.30
437,688,0.30
435,689,0.90
436,689,0.90
437,689,1.00
435,690,1.00
436,690,1.00
437,690,1.00
435,691,1.00
436,691,1.00
437,691,1.00
435,692,1.00
436,692,1.00
437,692,1.00
435,693,1.00
436,693,1.00
437,693,1.00
435,694,1.00
436,694,1.00
437,694,1.00
435,695,1.00
436,695,1.00
437,695,1.00
435,696,1.00
436,696,1.00
437,696,1.00
438,696,1.00
439,696,1.00
440,696,0.74
441,696,0.60
442,696,0.60
443,696,0.30
434,689,0.60
434,690,1.00
434,691,1.00
434,692,1.00
434,693,1.00
434,694,1.00
434,695,1.00
434,696,1.00
434,697,1.00
435,697,1.00
436,697,1.00
437,697,1.00
438,697,0.60
439,697,0.60
440,697,0.30
441,697,0.30
442,697,0.30
431,689,0.30
432,689,0.30
433,689,0.30
431,690,1.00
432,690,1.00
433,690,1.00
431,691,1.00
432,691,1.00
433,691,1.00
431,692,1.00
432,692,1.00
433,692,1.00
431,693,1.00
432,693,1.00
433,693,1.00
431,694,1.00
432,694,1.00
433,694,1.00
431,695,1.00
432,695,1.00
433,695,1.00
431,696,1.00
432,696,1.00
433,696,1.00
431,697,1.00
432,697,1.00
433,697,1.00
429,690,1.00
430,690,1.00
429,691,1.00
430,691,1.00
429,692,1.00
430,692,1.00
429,693,1.00
430,693,1.00
429,694,1.00
430,694,1.00
429,695,1.00
430,695,1.00
429,696,1.00
430,696,1.00
429,697,1.00
430,697,1.00
429,698,1.00
430,698,1.00
431,698,1.00
432,698,1.00
433,698,1.00
434,698,0.90
435,698,0.90
436,698,0.60
437,698,0.60
427,690,0.90
428,690,0.90
427,691,1.00
428,691,1.00
427,692,1.00
428,692,1.00
427,693,1.00
428,693,1.00
427,694,1.00
428,694,1.00
427,695,1.00
428,695,1.00
427,696,1.00
428,696,1.00
427,697,1.00
428,697,1.00
427,698,1.00
428,698,1.00
425,690,0.60
426,690,0.60
425,691,1.00
426,691,1.00
425,692,1.00
426,692,1.00
425,693,1.00
426,693,1.00
425,694,1.00
426,694,1.00
425,695,1.00
426,695,1.00
425,696,1.00
426,696,1.00
425,697,1.00
426,697,1.00
425,698,1.00
426,698,1.00
425,699,1.00
426,699,1.00
427,699,1.00
428,699,1.00
429,699,0.90
430,699,0.60
431,699,0.60
432,699,0.30
433,699,0.30
423,691,0.30
424,691,0.30
423,692,1.00
424,692,1.00
423,693,1.00
424,693,1.00
423,694,1.00
424,694,1.00
423,695,1.00
424,695,1.00
423,696,1.00
424,696,1.00
423,697,1.00
424,697,1.00
423,698,1.00
424,698,1.00
423,699,1.00
424,699,1.00
421,692,1.00
422,692,1.00
421,693,1.00
422,693,1.00
421,694,1.00
422,694,1.00
421,695,1.00
422,695,1.00
421,696,1.00
422,696,1.00
421,697,1.00
422,697,1.00
421,698,1.00
422,698,1.00
421,699,1.00
422,699,1.00
421,700,1.00
422,700,1.00
423,700,1.00
424,700,1.00
425,700,1.00
426,700,1.00
427,700,0.90
428,700,0.60
429,700,0.30
420,692,1.00
420,693,1.00
420,694,1.00
420,695,1.00
420,696,1.00
420,697,1.00
420,698,1.00
420,699,1.00
420,700,1.00
419,692,1.00
419,693,1.00
419,694,1.00
419,695,1.00
419,696,1.00
419,697,1.00
419,698,1.00
419,699,1.00
419,700,1.00
418,692,1.00
418,693,1.00
418,694,1.00
418,695,1.00
418,696,1.00
418,697,1.00
418,698,1.00
418,699,1.00
418,700,1.00
417,692,0.30
417,693,0.60
417,694,0.60
417,695,0.60
417,696,0.60
417,697,0.60
417,698,0.60
417,699,0.60
417,700,0.60
417,701,0.30
418,701,0.90
419,701,0.90
420,701,0.90
421,701,0.90
422,701,0.90
423,701,0.90
424,701,0.90
425,701,0.90
426,701,0.60

533,567,1.00
534,567,1.00
535,567,1.00
536,567,1.00
537,567,1.00
538,567,1.00
539,567,0.90
540,567,0.90
541,567,0.60
533,568,1.00
534,568,1.00
535,568,1.00
536,568,1.00
537,568,1.00
538,568,1.00
539,568,1.00
540,568,0.90
541,568,0.60
533,569,1.00
534,569,1.00
535,569,1.00
536,569,1.00
537,569,1.00
538,569,1.00
539,569,1.00
540,569,1.00
541,569,0.60
533,570,1.00
534,570,1.00
535,570,1.00
536,570,1.00
537,570,1.00
538,570,1.00
539,570,1.00
540,570,1.00
541,570,0.60
533,571,1.00
534,571,1.00
535,571,1.00
536,571,1.00
537,571,1.00
538,571,1.00
539,571,1.00
540,571,1.00
541,571,0.60
533,572,1.00
534,572,1.00
535,572,1.00
536,572,1.00
537,572,1.00
538,572,1.00
539,572,1.00
540,572,1.00
541,572,0.60
533,573,1.00
534,573,1.00
535,573,1.00
536,573,1.00
537,573,1.00
538,573,1.00
539,573,1.00
540,573,1.00
541,573,0.60
533,574,1.00
534,574,1.00
535,574,1.00
536,574,1.00
537,574,1.00
538,574,1.00
539,574,1.00
540,574,0.90
541,574,0.60
533,575,1.00
534,575,1.00
535,575,1.00
536,575,1.00
537,575,1.00
538,575,1.00
539,575,0.90
540,575,0.90
541,575,0.60
532,567,1.00
532,568,1.00
532,569,1.00
532,570,1.00
532,571,1.00
532,572,1.00
532,573,1.00
532,574,1.00
532,575,1.00
530,567,1.00
531,567,1.00
530,568,1.00
531,568,1.00
530,569,1.00
531,569,1.00
530,570,1.00
531,570,1.00
530,571,1.00
531,571,1.00
530,572,1.00
531,572,1.00
530,573,1.00
531,573,1.00
530,574,1.00
531,574,1.00
530,575,1.00
531,575,1.00
529,567,1.00
529,568,1.00
529,569,1.00
529,570,1.00
529,571,1.00
529,572,1.00
529,573,1.00
529,574,1.00
529,575,1.00
527,567,1.00
528,567,1.00
527,568,1.00
528,568,1.00
527,569,1.00
528,569,1.00
527,570,1.00
528,570,1.00
527,571,1.00
528,571,1.00
527,572,1.00
528,572,1.00
527,573,1.00
528,573,1.00
527,574,1.00
528,574,1.00
527,575,1.00
528,575,1.00
525,567,1.00
526,567,1.00
525,568,1.00
526,568,1.00
525,569,1.00
526,569,1.00
525,570,1.00
526,570,1.00
525,571,1.00
526,571,1.00
525,572,1.00
526,572,1.00
525,573,1.00
526,573,1.00
525,574,1.00
526,574,1.00
525,575,1.00
526,575,1.00
523,567,1.00
524,567,1.00
523,568,1.00
524,568,1.00
523,569,1.00
524,569,1.00
523,570,1.00
524,570,1.00
523,571,1.00
524,571,1.00
523,572,1.00
524,572,1.00
523,573,1.00
524,573,1.00
523,574,1.00
524,574,1.00
523,575,1.00
524,575,1.00
520,567,1.00
521,567,1.00
522,567,1.00
520,568,1.00
521,568,1.00
522,568,1.00
520,569,1.00
521,569,1.00
522,569,1.00
520,570,1.00
521,570,1.00
522,570,1.00
520,571,1.00
521,571,1.00
522,571,1.00
520,572,1.00
521,572,1.00
522,572,1.00
520,573,1.00
521,573,1.00
522,573,1.00
520,574,1.00
521,574,1.00
522,574,1.00
520,575,1.00
521,575,1.00
522,575,1.00
518,567,1.00
519,567,1.00
518,568,1.00
519,568,1.00
518,569,1.00
519,569,1.00
518,570,1.00
519,570,1.00
518,571,1.00
519,571,1.00
518,572,1.00
519,572,1.00
518,573,1.00
519,573,1.00
518,574,1.00
519,574,1.00
518,575,1.00
519,575,1.00
516,567,0.90
517,567,0.90
516,568,1.00
517,568,1.00
516,569,1.00
517,569,1.00
516,570,1.00
517,570,1.00
516,571,1.00
517,571,1.00
516,572,1.00
517,572,1.00
516,573,1.00
517,573,1.00
516,574,1.00
517,574,1.00
516,575,1.00
517,575,1.00
514,567,0.60
515,567,0.60
514,568,1.00
515,568,1.00
514,569,1.00
515,569,1.00
514,570,1.00
515,570,1.00
514,571,1.00
515,571,1.00
514,572,1.00
515,572,1.00
514,573,1.00
515,573,1.00
514,574,1.00
515,574,1.00
514,575,1.00
515,575,1.00
512,567,0.30
513,567,0.30
512,568,0.60
513,568,0.60
512,569,0.90
513,569,1.00
512,570,1.00
513,570,1.00
512,571,1.00
513,571,1.00
512,572,1.00
513,572,1.00
512,573,1.00
513,573,1.00
512,574,1.00
513,574,1.00
512,575,1.00
513,575,1.00
511,568,0.30
511,569,0.60
511,570,1.00
511,571,1.00
511,572,1.00
511,573,1.00
511,574,1.00
511,575,1.00
511,576,1.00
512,576,1.00
513,576,1.00
514,576,1.00
515,576,1.00
516,576,0.60
517,576,0.60
518,576,0.30
519,576,0.30
509,569,0.30
510,569,0.30
509,570,0.60
510,570,0.60
509,571,1.00
510,571,1.00
509,572,1.00
510,572,1.00
509,573,1.00
510,573,1.00
509,574,1.00
510,574,1.00
509,575,1.00
510,575,1.00
509,576,1.00
510,576,1.00
509,577,1.00
510,577,1.00
511,577,1.00
512,577,1.00
513,577,1.00
514,577,1.00
515,577,0.90
516,577,0.30
517,577,0.30
507,570,0.30
508,570,0.30
507,571,0.60
508,571,0.60
507,572,0.90
508,572,1.00
507,573,1.00
508,573,1.00
507,574,1.00
508,574,1.00
507,575,1.00
508,575,1.00
507,576,1.00
508,576,1.00
507,577,1.00
508,577,1.00
507,578,1.00
508,578,1.00
509,578,1.00
510,578,1.00
511,578,1.00
512,578,1.00
513,578,1.00
514,578,0.60
515,578,0.60
507,579,1.00
508,579,1.00
509,579,1.00
510,579,1.00
511,579,1.00
512,579,0.90
513,579,0.60
514,579,0.30
515,579,0.30
505,572,0.30
506,572,0.30
505,573,0.60
506,573,0.60
505,574,0.60
506,574,0.88
505,575,1.00
506,575,1.00
505,576,1.00
506,576,1.00
505,577,1.00
506,577,1.00
505,578,1.00
506,578,1.00
505,579,1.00
506,579,1.00
505,580,1.00
506,580,1.00
507,580,1.00
508,580,1.00
509,580,1.00
510,580,1.00
511,580,0.60
512,580,0.60
513,580,0.30
504,573,0.30
504,574,0.30
504,575,0.60
504,576,1.00
504,577,1.00
504,578,1.00
504,579,1.00
504,580,1.00
504,581,1.00
505,581,1.00
506,581,1.00
507,581,1.00
508,581,1.00
509,581,1.00
510,581,0.90
511,581,0.30
512,581,0.30
502,575,0.30
503,575,0.30
502,576,0.60
503,576,0.60
502,577,0.90
503,577,1.00
502,578,1.00
503,578,1.00
502,579,1.00
503,579,1.00
502,580,1.00
503,580,1.00
502,581,1.00
503,581,1.00
502,582,1.00
503,582,1.00
504,582,1.00
505,582,1.00
506,582,1.00
507,582,1.00
508,582,1.00
509,582,0.74
510,582,0.60
502,583,1.00
503,583,1.00
504,583,1.00
505,583,1.00
506,583,1.00
507,583,1.00
508,583,1.00
509,583,0.60
510,583,0.60
502,584,1.00
503,584,1.00
504,584,1.00
505,584,1.00
506,584,1.00
507,584,0.60
508,584,0.60
509,584,0.30
510,584,0.30
500,577,0.30
501,577,0.30
500,578,0.30
501,578,0.30
500,579,0.60
501,579,0.74
500,580,0.74
501,580,1.00
500,581,1.00
501,581,1.00
500,582,1.00
501,582,1.00
500,583,1.00
501,583,1.00
500,584,1.00
501,584,1.00
500,585,1.00
501,585,1.00
502,585,1.00
503,585,1.00
504,585,1.00
505,585,1.00
506,585,0.90
507,585,0.30
508,585,0.30
498,579,0.30
499,579,0.30
498,580,0.30
499,580,0.30
498,581,0.60
499,581,0.74
498,582,0.60
499,582,0.89
498,583,0.90
499,583,1.00
498,584,1.00
499,584,1.00
498,585,1.00
499,585,1.00
498,586,1.00
499,586,1.00
500,586,1.00
501,586,1.00
502,586,1.00
503,586,1.00
504,586,1.00
505,586,0.89
506,586,0.60
498,587,1.00
499,587,1.00
500,587,1.00
501,587,1.00
502,587,1.00
503,587,1.00
504,587,1.00
505,587,0.74
506,587,0.60
498,588,1.00
499,588,1.00
500,588,1.00
501,588,1.00
502,588,1.00
503,588,1.00
504,588,0.74
505,588,0.30
506,588,0.30
498,589,1.00
499,589,1.00
500,589,1.00
501,589,1.00
502,589,1.00
503,589,0.74
504,589,0.60
505,589,0.30
506,589,0.30
496,583,0.30
497,583,0.30
496,584,0.30
497,584,0.30
496,585,0.30
497,585,0.44
496,586,0.30
497,586,0.59
496,587,0.30
497,587,0.65
496,588,0.30
497,588,0.59
496,589,0.60
497,589,0.74
496,590,0.89
497,590,0.95
498,590,1.00
499,590,1.00
500,590,0.95
501,590,0.89
502,590,0.44
503,590,0.30
504,590,0.30
496,591,1.00
497,591,1.00
498,591,1.00
499,591,1.00
500,591,1.00
501,591,0.90
502,591,0.30
503,591,0.30
504,591,0.30
493,589,0.30
494,589,0.30
495,589,0.30
493,590,0.30
494,590,0.30
495,590,0.44
493,591,0.60
494,591,0.74
495,591,1.00
493,592,0.60
494,592,0.89
495,592,1.00
496,592,1.00
497,592,1.00
498,592,1.00
499,592,1.00
500,592,0.89
501,592,0.60
493,593,0.90
494,593,1.00
495,593,1.00
496,593,1.00
497,593,1.00
498,593,1.00
499,593,1.00
500,593,1.00
501,593,0.60
493,594,0.90
494,594,1.00
495,594,1.00
496,594,1.00
497,594,1.00
498,594,1.00
499,594,1.00
500,594,1.00
501,594,0.60
493,595,1.00
494,595,1.00
495,595,1.00
496,595,1.00
497,595,1.00
498,595,1.00
499,595,1.00
500,595,1.00
501,595,0.60
493,596,1.00
494,596,1.00
495,596,1.00
496,596,1.00
497,596,1.00
498,596,1.00
499,596,1.00
500,596,1.00
501,596,0.60
493,597,1.00
494,597,1.00
495,597,1.00
496,597,1.00
497,597,1.00
498,597,1.00
499,597,1.00
500,597,1.00
501,597,0.60
493,598,1.00
494,598,1.00
495,598,1.00
496,598,1.00
497,598,1.00
498,598,1.00
499,598,1.00
500,598,0.90
501,598,0.30
493,599,1.00
494,599,1.00
495,599,1.00
496,599,1.00
497,599,1.00
498,599,1.00
499,599,1.00
500,599,0.90
501,599,0.30
492,593,0.30
492,594,0.30
492,595,0.60
492,596,0.60
492,597,0.60
492,598,0.60
492,599,0.60
492,600,0.90
493,600,1.00
494,600,1.00
495,600,1.00
496,600,1.00
497,600,1.00
498,600,1.00
499,600,1.00
500,600,0.60
492,601,0.90
493,601,1.00
494,601,1.00
495,601,1.00
496,601,1.00
497,601,1.00
498,601,1.00
499,601,1.00
500,601,0.60
492,602,0.74
493,602,1.00
494,602,1.00
495,602,1.00
496,602,1.00
497,602,1.00
498,602,0.88
499,602,0.60
500,602,0.30
492,603,1.00
493,603,1.00
494,603,1.00
495,603,1.00
496,603,1.00
497,603,1.00
498,603,1.00
499,603,0.90
500,603,0.30
491,600,0.30
491,601,0.30
491,602,0.30
491,603,0.60
491,604,0.60
492,604,0.95
493,604,1.00
494,604,1.00
495,604,1.00
496,604,1.00
497,604,1.00
498,604,0.95
499,604,0.60
491,605,0.60
492,605,1.00
493,605,1.00
494,605,1.00
495,605,1.00
496,605,1.00
497,605,1.00
498,605,1.00
499,605,0.60
491,606,0.90
492,606,1.00
493,606,1.00
494,606,1.00
495,606,1.00
496,606,1.00
497,606,1.00
498,606,1.00
499,606,0.60
491,607,0.90
492,607,1.00
493,607,1.00
494,607,1.00
495,607,1.00
496,607,1.00
497,607,1.00
498,607,1.00
499,607,0.60
491,608,1.00
492,608,1.00
493,608,1.00
494,608,1.00
495,608,1.00
496,608,1.00
497,608,1.00
498,608,1.00
499,608,0.60
491,609,1.00
492,609,1.00
493,609,1.00
494,609,1.00
495,609,1.00
496,609,1.00
497,609,1.00
498,609,1.00
499,609,0.30
491,610,1.00
492,610,1.00
493,610,1.00
494,610,1.00
495,610,1.00
496,610,1.00
497,610,1.00
498,610,0.90
499,610,0.30
491,611,1.00
492,611,1.00
493,611,1.00
494,611,1.00
495,611,1.00
496,611,1.00
497,611,1.00
498,611,0.90
499,611,0.30
490,606,0.30
490,607,0.30
490,608,0.30
490,609,0.60
490,610,0.60
490,611,0.60
490,612,0.90
491,612,1.00
492,612,1.00
493,612,1.00
494,612,1.00
495,612,1.00
496,612,1.00
497,612,1.00
498,612,0.90
490,613,0.90
491,613,1.00
492,613,1.00
493,613,1.00
494,613,1.00
495,613,1.00
496,613,1.00
497,613,1.00
498,613,0.90
490,614,0.90
491,614,1.00
492,614,1.00
493,614,1.00
494,614,1.00
495,614,1.00
496,614,1.00
497,614,1.00
498,614,0.90
490,615,0.90
491,615,1.00
492,615,1.00
493,615,1.00
494,615,1.00
495,615,1.00
496,615,1.00
497,615,1.00
498,615,0.90
490,616,0.90
491,616,1.00
492,616,1.00
493,616,1.00
494,616,1.00
495,616,1.00
496,616,1.00
497,616,1.00
498,616,0.90
490,617,1.00
491,617,1.00
492,617,1.00
493,617,1.00
494,617,1.00
495,617,1.00
496,617,1.00
497,617,1.00
498,617,1.00
490,618,0.90
491,618,1.00
492,618,1.00
493,618,1.00
494,618,1.00
495,618,1.00
496,618,1.00
497,618,1.00
498,618,0.90
490,619,0.90
491,619,1.00
492,619,1.00
493,619,1.00
494,619,1.00
495,619,1.00
496,619,1.00
497,619,1.00
498,619,0.90
490,620,0.90
491,620,1.00
492,620,1.00
493,620,1.00
494,620,1.00
495,620,1.00
496,620,1.00
497,620,1.00
498,620,0.90
490,621,0.90
491,621,1.00
492,621,1.00
493,621,1.00
494,621,1.00
495,621,1.00
496,621,1.00
497,621,1.00
498,621,0.90
490,622,0.90
491,622,1.00
492,622,1.00
493,622,1.00
494,622,1.00
495,622,1.00
496,622,1.00
497,622,1.00
498,622,0.90
490,623,0.90
491,623,1.00
492,623,1.00
493,623,1.00
494,623,1.00
495,623,1.00
496,623,1.00
497,623,1.00
498,623,0.90
490,624,0.90
491,624,1.00
492,624,1.00
493,624,1.00
494,624,1.00
495,624,1.00
496,624,1.00
497,624,1.00
498,624,0.90
490,625,0.90
491,625,1.00
492,625,1.00
493,625,1.00
494,625,1.00
495,625,1.00
496,625,1.00
497,625,1.00
498,625,0.90
490,626,0.60
491,626,1.00
492,626,1.00
493,626,1.00
494,626,1.00
495,626,1.00
496,626,1.00
497,626,1.00
498,626,0.60
490,627,0.60
491,627,1.00
492,627,1.00
493,627,1.00
494,627,1.00
495,627,1.00
496,627,1.00
497,627,1.00
498,627,0.60
490,628,0.60
491,628,0.95
492,628,1.00
493,628,1.00
494,628,1.00
495,628,1.00
496,628,1.00
497,628,0.95
498,628,0.60
490,629,0.60
491,629,0.89
492,629,1.00
493,629,1.00
494,629,1.00
495,629,1.00
496,629,1.00
497,629,0.89
498,629,0.60
490,630,0.30
491,630,0.74
492,630,1.00
493,630,1.00
494,630,1.00
495,630,1.00
496,630,1.00
497,630,0.74
498,630,0.60
490,631,0.30
491,631,0.60
492,631,0.74
493,631,1.00
494,631,1.00
495,631,1.00
496,631,1.00
497,631,0.74
498,631,0.60
490,632,0.30
491,632,0.60
492,632,1.00
493,632,1.00
494,632,1.00
495,632,1.00
496,632,1.00
497,632,1.00
498,632,1.00
499,630,0.30
499,631,0.30
499,632,0.60
491,633,0.30
492,633,0.89
493,633,1.00
494,633,1.00
495,633,1.00
496,633,1.00
497,633,1.00
498,633,1.00
499,633,0.60
491,634,0.30
492,634,0.95
493,634,1.00
494,634,1.00
495,634,1.00
496,634,1.00
497,634,1.00
498,634,1.00
499,634,1.00
491,635,0.30
492,635,0.89
493,635,1.00
494,635,1.00
495,635,1.00
496,635,1.00
497,635,1.00
498,635,1.00
499,635,1.00
491,636,0.30
492,636,0.74
493,636,1.00
494,636,1.00
495,636,1.00
496,636,1.00
497,636,1.00
498,636,1.00
499,636,1.00
491,637,0.30
492,637,0.60
493,637,1.00
494,637,1.00
495,637,1.00
496,637,1.00
497,637,1.00
498,637,1.00
499,637,1.00
491,638,0.30
492,638,0.60
493,638,1.00
494,638,1.00
495,638,1.00
496,638,1.00
497,638,1.00
498,638,1.00
499,638,1.00
500,632,0.30
500,633,0.30
500,634,0.60
500,635,0.60
500,636,1.00
500,637,1.00
500,638,1.00
492,639,0.30
493,639,0.90
494,639,1.00
495,639,1.00
496,639,1.00
497,639,1.00
498,639,1.00
499,639,1.00
500,639,1.00
492,640,0.30
493,640,0.90
494,640,1.00
495,640,1.00
496,640,1.00
497,640,1.00
498,640,1.00
499,640,1.00
500,640,1.00
501,634,0.30
501,635,0.30
501,636,0.60
501,637,0.60
501,638,0.60
501,639,0.60
501,640,0.90
493,641,0.60
494,641,1.00
495,641,1.00
496,641,1.00
497,641,1.00
498,641,1.00
499,641,1.00
500,641,1.00
501,641,0.90
493,642,0.60
494,642,1.00
495,642,1.00
496,642,1.00
497,642,1.00
498,642,1.00
499,642,1.00
500,642,1.00
501,642,1.00
493,643,0.30
494,643,0.60
495,643,1.00
496,643,1.00
497,643,1.00
498,643,1.00
499,643,1.00
500,643,1.00
501,643,1.00
493,644,0.30
494,644,0.60
495,644,0.95
496,644,1.00
497,644,1.00
498,644,1.00
499,644,1.00
500,644,1.00
501,644,1.00
502,640,0.30
502,641,0.30
502,642,0.60
502,643,0.74
502,644,1.00
494,645,0.30
495,645,0.59
496,645,1.00
497,645,1.00
498,645,1.00
499,645,1.00
500,645,1.00
501,645,1.00
502,645,1.00
494,646,0.30
495,646,0.44
496,646,1.00
497,646,1.00
498,646,1.00
499,646,1.00
500,646,1.00
501,646,1.00
502,646,1.00
494,647,0.30
495,647,0.30
496,647,0.74
497,647,1.00
498,647,1.00
499,647,1.00
500,647,1.00
501,647,1.00
502,647,1.00
494,648,0.30
495,648,0.30
496,648,0.60
497,648,1.00
498,648,1.00
499,648,1.00
500,648,1.00
501,648,1.00
502,648,1.00
503,642,0.30
504,642,0.30
503,643,0.30
504,643,0.30
503,644,0.44
504,644,0.30
503,645,0.89
504,645,0.60
503,646,1.00
504,646,0.60
503,647,1.00
504,647,0.74
503,648,1.00
504,648,1.00
496,649,0.30
497,649,0.60
498,649,1.00
499,649,1.00
500,649,1.00
501,649,1.00
502,649,1.00
503,649,1.00
504,649,1.00
496,650,0.30
497,650,0.60
498,650,1.00
499,650,1.00
500,650,1.00
501,650,1.00
502,650,1.00
503,650,1.00
504,650,1.00
505,645,0.30
505,646,0.30
505,647,0.30
505,648,0.60
505,649,0.60
505,650,1.00
497,651,0.30
498,651,0.74
499,651,1.00
500,651,1.00
501,651,1.00
502,651,1.00
503,651,1.00
504,651,1.00
505,651,1.00
497,652,0.30
498,652,0.60
499,652,1.00
500,652,1.00
501,652,1.00
502,652,1.00
503,652,1.00
504,652,1.00
505,652,1.00
497,653,0.30
498,653,0.60
499,653,0.89
500,653,1.00
501,653,1.00
502,653,1.00
503,653,1.00
504,653,1.00
505,653,1.00
506,648,0.30
506,649,0.30
506,650,0.60
506,651,0.74
506,652,1.00
506,653,1.00
498,654,0.30
499,654,0.44
500,654,1.00
501,654,1.00
502,654,1.00
503,654,1.00
504,654,1.00
505,654,1.00
506,654,1.00
498,655,0.30
499,655,0.30
500,655,0.74
501,655,1.00
502,655,1.00
503,655,1.00
504,655,1.00
505,655,1.00
506,655,1.00
498,656,0.30
499,656,0.30
500,656,0.60
501,656,0.74
502,656,1.00
503,656,1.00
504,656,1.00
505,656,1.00
506,656,1.00
507,650,0.30
508,650,0.30
507,651,0.30
508,651,0.30
507,652,0.44
508,652,0.30
507,653,0.89
508,653,0.60
507,654,1.00
508,654,0.74
507,655,1.00
508,655,1.00
507,656,1.00
508,656,1.00
500,657,0.30
501,657,0.30
502,657,0.74
503,657,1.00
504,657,1.00
505,657,1.00
506,657,1.00
507,657,1.00
508,657,1.00
500,658,0.30
501,658,0.30
502,658,0.60
503,658,1.00
504,658,1.00
505,658,1.00
506,658,1.00
507,658,1.00
508,658,1.00
509,653,0.30
510,653,0.30
509,654,0.30
510,654,0.30
509,655,0.74
510,655,0.60
509,656,1.00
510,656,0.60
509,657,1.00
510,657,0.74
509,658,1.00
510,658,1.00
502,659,0.30
503,659,0.74
504,659,1.00
505,659,1.00
506,659,1.00
507,659,1.00
508,659,1.00
509,659,1.00
510,659,1.00
502,660,0.30
503,660,0.60
504,660,1.00
505,660,1.00
506,660,1.00
507,660,1.00
508,660,1.00
509,660,1.00
510,660,1.00
502,661,0.30
503,661,0.60
504,661,0.74
505,661,1.00
506,661,1.00
507,661,1.00
508,661,1.00
509,661,1.00
510,661,1.00
511,655,0.30
511,656,0.30
511,657,0.30
511,658,0.60
511,659,1.00
511,660,1.00
511,661,1.00
503,662,0.30
504,662,0.30
505,662,0.44
506,662,0.89
507,662,1.00
508,662,1.00
509,662,1.00
510,662,1.00
511,662,1.00
503,663,0.30
504,663,0.30
505,663,0.30
506,663,0.60
507,663,1.00
508,663,1.00
509,663,1.00
510,663,1.00
511,663,1.00
512,658,0.30
513,658,0.30
514,658,0.30
512,659,0.74
513,659,0.60
514,659,0.60
512,660,1.00
513,660,1.00
514,660,0.90
512,661,1.00
513,661,1.00
514,661,1.00
512,662,1.00
513,662,1.00
514,662,1.00
512,663,1.00
513,663,1.00
514,663,1.00
506,664,0.30
507,664,1.00
508,664,1.00
509,664,1.00
510,664,1.00
511,664,1.00
512,664,1.00
513,664,1.00
514,664,1.00
506,665,0.30
507,665,0.90
508,665,1.00
509,665,1.00
510,665,1.00
511,665,1.00
512,665,1.00
513,665,1.00
514,665,1.00
506,666,0.30
507,666,0.90
508,666,1.00
509,666,1.00
510,666,1.00
511,666,1.00
512,666,1.00
513,666,1.00
514,666,1.00
515,659,0.30
515,660,0.60
515,661,0.90
515,662,1.00
515,663,1.00
515,664,1.00
515,665,1.00
515,666,1.00
507,667,0.60
508,667,0.90
509,667,1.00
510,667,1.00
511,667,1.00
512,667,1.00
513,667,1.00
514,667,1.00
515,667,1.00
507,668,0.30
508,668,0.60
509,668,0.90
510,668,1.00
511,668,1.00
512,668,1.00
513,668,1.00
514,668,1.00
515,668,1.00
516,661,0.30
516,662,0.90
516,663,1.00
516,664,1.00
516,665,1.00
516,666,1.00
516,667,1.00
516,668,1.00
508,669,0.30
509,669,0.60
510,669,0.90
511,669,1.00
512,669,1.00
513,669,1.00
514,669,1.00
515,669,1.00
516,669,1.00
517,662,0.60
517,663,0.90
517,664,1.00
517,665,1.00
517,666,1.00
517,667,1.00
517,668,1.00
517,669,1.00
509,670,0.30
510,670,0.60
511,670,0.90
512,670,1.00
513,670,1.00
514,670,1.00
515,670,1.00
516,670,1.00
517,670,1.00
518,662,0.30
518,663,0.60
518,664,0.60
518,665,1.00
518,666,1.00
518,667,1.00
518,668,1.00
518,669,1.00
518,670,1.00
519,663,0.30
519,664,0.30
519,665,0.60
519,666,0.90
519,667,1.00
519,668,1.00
519,669,1.00
519,670,1.00
511,671,0.30
512,671,0.60
513,671,0.74
514,671,1.00
515,671,1.00
516,671,1.00
517,671,1.00
518,671,1.00
519,671,1.00
520,665,0.30
520,666,0.60
520,667,1.00
520,668,1.00
520,669,1.00
520,670,1.00
520,671,1.00
512,672,0.30
513,672,0.30
514,672,0.44
515,672,0.89
516,672,1.00
517,672,1.00
518,672,1.00
519,672,1.00
520,672,1.00
512,673,0.30
513,673,0.30
514,673,0.30
515,673,0.60
516,673,0.90
517,673,1.00
518,673,1.00
519,673,1.00
520,673,1.00
521,666,0.30
522,666,0.30
523,666,0.30
521,667,0.74
522,667,0.60
523,667,0.60
521,668,1.00
522,668,1.00
523,668,0.90
521,669,1.00
522,669,1.00
523,669,1.00
521,670,1.00
522,670,1.00
523,670,1.00
521,671,1.00
522,671,1.00
523,671,1.00
521,672,1.00
522,672,1.00
523,672,1.00
521,673,1.00
522,673,1.00
523,673,1.00
515,674,0.30
516,674,0.60
517,674,0.60
518,674,1.00
519,674,1.00
520,674,1.00
521,674,1.00
522,674,1.00
523,674,1.00
524,667,0.30
524,668,0.60
524,669,1.00
524,670,1.00
524,671,1.00
524,672,1.00
524,673,1.00
524,674,1.00
516,675,0.30
517,675,0.30
518,675,0.60
519,675,0.60
520,675,0.74
521,675,0.89
522,675,1.00
523,675,1.00
524,675,1.00
525,668,0.30
526,668,0.30
525,669,0.60
526,669,0.60
525,670,1.00
526,670,1.00
525,671,1.00
526,671,1.00
525,672,1.00
526,672,1.00
525,673,1.00
526,673,1.00
525,674,1.00
526,674,1.00
525,675,1.00
526,675,1.00
518,676,0.30
519,676,0.30
520,676,0.30
521,676,0.30
522,676,0.60
523,676,0.60
524,676,0.74
525,676,1.00
526,676,1.00
527,669,0.30
528,669,0.30
529,669,0.30
530,669,0.30
527,670,0.89
528,670,0.74
529,670,0.60
530,670,0.60
527,671,1.00
528,671,1.00
529,671,1.00
530,671,1.00
527,672,1.00
528,672,1.00
529,672,1.00
530,672,1.00
527,673,1.00
528,673,1.00
529,673,1.00
530,673,1.00
527,674,1.00
528,674,1.00
529,674,1.00
530,674,1.00
527,675,1.00
528,675,1.00
529,675,1.00
530,675,1.00
527,676,1.00
528,676,1.00
529,676,1.00
530,676,1.00
522,677,0.30
523,677,0.30
524,677,0.30
525,677,0.60
526,677,0.60
527,677,1.00
528,677,1.00
529,677,1.00
530,677,1.00
531,670,0.30
532,670,0.30
533,670,0.30
531,671,1.00
532,671,1.00
533,671,1.00
531,672,1.00
532,672,1.00
533,672,1.00
531,673,1.00
532,673,1.00
533,673,1.00
531,674,1.00
532,674,1.00
533,674,1.00
531,675,1.00
532,675,1.00
533,675,1.00
531,676,1.00
532,676,1.00
533,676,1.00
531,677,1.00
532,677,1.00
533,677,1.00
525,678,0.30
526,678,0.30
527,678,0.60
528,678,0.60
529,678,1.00
530,678,1.00
531,678,1.00
532,678,1.00
533,678,1.00
534,671,1.00
535,671,1.00
534,672,1.00
535,672,1.00
534,673,1.00
535,673,1.00
534,674,1.00
535,674,1.00
534,675,1.00
535,675,1.00
534,676,1.00
535,676,1.00
534,677,1.00
535,677,1.00
534,678,1.00
535,678,1.00
527,679,0.30
528,679,0.30
529,679,0.60
530,679,0.60
531,679,0.90
532,679,0.90
533,679,0.90
534,679,1.00
535,679,1.00
536,671,1.00
537,671,1.00
536,672,1.00
537,672,1.00
536,673,1.00
537,673,1.00
536,674,1.00
537,674,1.00
536,675,1.00
537,675,1.00
536,676,1.00
537,676,1.00
536,677,1.00
537,677,1.00
536,678,1.00
537,678,1.00
536,679,1.00
537,679,1.00
538,671,0.90
539,671,1.00
538,672,1.00
539,672,1.00
538,673,1.00
539,673,1.00
538,674,1.00
539,674,1.00
538,675,1.00
539,675,1.00
538,676,1.00
539,676,1.00
538,677,1.00
539,677,1.00
538,678,1.00
539,678,1.00
538,679,0.90
539,679,1.00
540,671,0.90
541,671,0.90
542,671,1.00
540,672,1.00
541,672,1.00
542,672,1.00
540,673,1.00
541,673,1.00
542,673,1.00
540,674,1.00
541,674,1.00
542,674,1.00
540,675,1.00
541,675,1.00
542,675,1.00
540,676,1.00
541,676,1.00
542,676,1.00
540,677,1.00
541,677,1.00
542,677,1.00
540,678,1.00
541,678,1.00
542,678,1.00
540,679,0.90
541,679,0.90
542,679,1.00
543,671,0.90
544,671,0.90
543,672,1.00
544,672,1.00
543,673,1.00
544,673,1.00
543,674,1.00
544,674,1.00
543,675,1.00
544,675,1.00
543,676,1.00
544,676,1.00
543,677,1.00
544,677,1.00
543,678,1.00
544,678,1.00
543,679,0.90
544,679,0.90
545,671,0.90
546,671,0.90
547,671,1.00
545,672,1.00
546,672,1.00
547,672,1.00
545,673,1.00
546,673,1.00
547,673,1.00
545,674,1.00
546,674,1.00
547,674,1.00
545,675,1.00
546,675,1.00
547,675,1.00
545,676,1.00
546,676,1.00
547,676,1.00
545,677,1.00
546,677,1.00
547,677,1.00
545,678,1.00
546,678,1.00
547,678,1.00
545,679,0.60
546,679,0.60
547,679,0.60
548,671,0.89
549,671,0.95
550,671,1.00
548,672,1.00
549,672,1.00
550,672,1.00
548,673,1.00
549,673,1.00
550,673,1.00
548,674,1.00
549,674,1.00
550,674,1.00
548,675,1.00
549,675,1.00
550,675,1.00
548,676,1.00
549,676,1.00
550,676,1.00
548,677,1.00
549,677,1.00
550,677,0.89
548,678,0.74
549,678,0.60
550,678,0.60
548,679,0.30
549,679,0.30
550,679,0.30
545,670,0.30
546,670,0.30
547,670,0.30
548,670,0.30
549,670,0.30
550,670,0.60
551,670,0.74
552,670,1.00
553,670,1.00
551,671,1.00
552,671,1.00
553,671,1.00
551,672,1.00
552,672,1.00
553,672,1.00
551,673,1.00
552,673,1.00
553,673,1.00
551,674,1.00
552,674,1.00
553,674,1.00
551,675,1.00
552,675,1.00
553,675,1.00
551,676,1.00
552,676,0.74
553,676,0.60
551,677,0.44
552,677,0.30
553,677,0.30
551,678,0.30
552,678,0.30
553,678,0.30
550,668,0.30
551,668,0.30
552,668,0.60
553,668,0.60
554,668,1.00
555,668,1.00
556,668,1.00
557,668,1.00
558,668,1.00
550,669,0.30
551,669,0.30
552,669,0.74
553,669,1.00
554,669,1.00
555,669,1.00
556,669,1.00
557,669,1.00
558,669,1.00
554,670,1.00
555,670,1.00
556,670,1.00
557,670,1.00
558,670,1.00
554,671,1.00
555,671,1.00
556,671,1.00
557,671,1.00
558,671,1.00
554,672,1.00
555,672,1.00
556,672,1.00
557,672,1.00
558,672,1.00
554,673,1.00
555,673,1.00
556,673,1.00
557,673,1.00
558,673,1.00
554,674,1.00
555,674,1.00
556,674,1.00
557,674,1.00
558,674,1.00
554,675,1.00
555,675,1.00
556,675,1.00
557,675,0.90
558,675,0.90
554,676,0.30
555,676,0.30
556,676,0.30
557,676,0.30
558,676,0.30
552,667,0.30
553,667,0.30
554,667,0.60
555,667,0.60
556,667,0.90
557,667,1.00
558,667,1.00
559,667,1.00
560,667,1.00
559,668,1.00
560,668,1.00
559,669,1.00
560,669,1.00
559,670,1.00
560,670,1.00
559,671,1.00
560,671,1.00
559,672,1.00
560,672,1.00
559,673,1.00
560,673,1.00
559,674,1.00
560,674,1.00
559,675,0.60
560,675,0.60
561,667,1.00
562,667,1.00
561,668,1.00
562,668,1.00
561,669,1.00
562,669,1.00
561,670,1.00
562,670,1.00
561,671,1.00
562,671,1.00
561,672,1.00
562,672,1.00
561,673,1.00
562,673,1.00
561,674,0.60
562,674,0.60
561,675,0.30
562,675,0.30
556,666,0.30
557,666,0.60
558,666,0.90
559,666,1.00
560,666,1.00
561,666,1.00
562,666,1.00
563,666,1.00
564,666,1.00
563,667,1.00
564,667,1.00
563,668,1.00
564,668,1.00
563,669,1.00
564,669,1.00
563,670,1.00
564,670,1.00
563,671,1.00
564,671,1.00
563,672,1.00
564,672,0.90
563,673,0.60
564,673,0.60
563,674,0.30
564,674,0.30
557,665,0.30
558,665,0.60
559,665,0.60
560,665,1.00
561,665,1.00
562,665,1.00
563,665,1.00
564,665,1.00
565,665,1.00
565,666,1.00
565,667,1.00
565,668,1.00
565,669,1.00
565,670,1.00
565,671,0.90
565,672,0.60
565,673,0.30
558,664,0.30
559,664,0.30
560,664,0.60
561,664,0.90
562,664,1.00
563,664,1.00
564,664,1.00
565,664,1.00
566,664,1.00
566,665,1.00
566,666,1.00
566,667,1.00
566,668,1.00
566,669,1.00
566,670,1.00
566,671,0.60
566,672,0.30
560,663,0.30
561,663,0.60
562,663,0.90
563,663,1.00
564,663,1.00
565,663,1.00
566,663,1.00
567,663,1.00
568,663,1.00
567,664,1.00
568,664,1.00
567,665,1.00
568,665,1.00
567,666,1.00
568,666,1.00
567,667,1.00
568,667,1.00
567,668,1.00
568,668,1.00
567,669,1.00
568,669,1.00
567,670,0.90
568,670,0.90
567,671,0.30
568,671,0.30
561,662,0.30
562,662,0.60
563,662,0.90
564,662,1.00
565,662,1.00
566,662,1.00
567,662,1.00
568,662,1.00
569,662,1.00
569,663,1.00
569,664,1.00
569,665,1.00
569,666,1.00
569,667,1.00
569,668,1.00
569,669,0.90
569,670,0.60
570,662,1.00
570,663,1.00
570,664,1.00
570,665,1.00
570,666,1.00
570,667,1.00
570,668,0.90
570,669,0.60
570,670,0.30
563,661,0.30
564,661,0.60
565,661,0.90
566,661,1.00
567,661,1.00
568,661,1.00
569,661,1.00
570,661,1.00
571,661,1.00
571,662,1.00
571,663,1.00
571,664,1.00
571,665,1.00
571,666,1.00
571,667,0.90
571,668,0.60
571,669,0.30
564,660,0.30
565,660,0.60
566,660,1.00
567,660,1.00
568,660,1.00
569,660,1.00
570,660,1.00
571,660,1.00
572,660,1.00
572,661,1.00
572,662,1.00
572,663,1.00
572,664,1.00
572,665,1.00
572,666,0.90
572,667,0.60
572,668,0.30
565,659,0.30
566,659,0.90
567,659,1.00
568,659,1.00
569,659,1.00
570,659,1.00
571,659,1.00
572,659,1.00
573,659,1.00
573,660,1.00
573,661,1.00
573,662,1.00
573,663,1.00
573,664,1.00
573,665,0.90
573,666,0.60
573,667,0.30
566,658,0.60
567,658,0.90
568,658,1.00
569,658,1.00
570,658,1.00
571,658,1.00
572,658,1.00
573,658,1.00
574,658,1.00
574,659,1.00
574,660,1.00
574,661,1.00
574,662,1.00
574,663,0.90
574,664,0.90
574,665,0.60
574,666,0.30
566,657,0.30
567,657,0.60
568,657,0.60
569,657,1.00
570,657,1.00
571,657,1.00
572,657,1.00
573,657,1.00
574,657,1.00
567,656,0.30
568,656,0.30
569,656,1.00
570,656,1.00
571,656,1.00
572,656,1.00
573,656,1.00
574,656,1.00
575,656,1.00
575,657,1.00
575,658,1.00
575,659,1.00
575,660,0.74
575,661,0.60
575,662,0.30
575,663,0.30
575,664,0.30
569,653,1.00
570,653,1.00
571,653,1.00
572,653,1.00
573,653,1.00
574,653,1.00
575,653,1.00
576,653,1.00
577,653,1.00
569,654,1.00
570,654,1.00
571,654,1.00
572,654,1.00
573,654,1.00
574,654,1.00
575,654,1.00
576,654,1.00
577,654,1.00
569,655,1.00
570,655,1.00
571,655,1.00
572,655,1.00
573,655,1.00
574,655,1.00
575,655,1.00
576,655,1.00
577,655,1.00
576,656,1.00
577,656,1.00
576,657,1.00
577,657,1.00
576,658,1.00
577,658,0.90
576,659,0.74
577,659,0.60
576,660,0.30
577,660,0.30
576,661,0.30
577,661,0.30
569,651,1.00
570,651,1.00
571,651,1.00
572,651,1.00
573,651,1.00
574,651,1.00
575,651,1.00
576,651,1.00
577,651,1.00
569,652,0.90
570,652,1.00
571,652,1.00
572,652,1.00
573,652,1.00
574,652,1.00
575,652,1.00
576,652,1.00
577,652,0.90
569,650,0.90
570,650,0.90
571,650,1.00
572,650,1.00
573,650,1.00
574,650,1.00
575,650,1.00
576,650,0.90
577,650,0.90
569,649,0.60
570,649,0.74
571,649,1.00
572,649,1.00
573,649,1.00
574,649,1.00
575,649,1.00
576,649,0.74
577,649,0.60
569,643,0.90
570,643,1.00
571,643,1.00
572,643,1.00
573,643,1.00
574,643,1.00
575,643,1.00
576,643,1.00
577,643,0.90
569,644,0.90
570,644,1.00
571,644,1.00
572,644,1.00
573,644,1.00
574,644,1.00
575,644,1.00
576,644,1.00
577,644,0.90
569,645,0.90
570,645,1.00
571,645,1.00
572,645,1.00
573,645,1.00
574,645,1.00
575,645,1.00
576,645,1.00
577,645,0.90
569,646,0.60
570,646,1.00
571,646,1.00
572,646,1.00
573,646,1.00
574,646,1.00
575,646,1.00
576,646,1.00
577,646,0.60
569,647,0.60
570,647,0.95
571,647,1.00
572,647,1.00
573,647,1.00
574,647,1.00
575,647,1.00
576,647,0.95
577,647,0.60
569,648,0.60
570,648,0.89
571,648,1.00
572,648,1.00
573,648,1.00
574,648,1.00
575,648,1.00
576,648,0.89
577,648,0.60
569,640,1.00
570,640,1.00
571,640,1.00
572,640,1.00
573,640,1.00
574,640,1.00
575,640,1.00
576,640,1.00
577,640,0.60
569,641,0.90
570,641,1.00
571,641,1.00
572,641,1.00
573,641,1.00
574,641,1.00
575,641,1.00
576,641,1.00
577,641,0.60
569,642,0.90
570,642,1.00
571,642,1.00
572,642,1.00
573,642,1.00
574,642,1.00
575,642,1.00
576,642,1.00
577,642,0.60
569,637,1.00
570,637,1.00
571,637,1.00
572,637,1.00
573,637,1.00
574,637,1.00
575,637,1.00
576,637,1.00
577,637,0.30
569,638,1.00
570,638,1.00
571,638,1.00
572,638,1.00
573,638,1.00
574,638,1.00
575,638,1.00
576,638,1.00
577,638,0.30
569,639,1.00
570,639,1.00
571,639,1.00
572,639,1.00
573,639,1.00
574,639,1.00
575,639,1.00
576,639,1.00
577,639,0.30
568,634,1.00
569,634,1.00
570,634,1.00
571,634,1.00
572,634,1.00
573,634,1.00
574,634,1.00
575,634,1.00
576,634,0.90
568,635,1.00
569,635,1.00
570,635,1.00
571,635,1.00
572,635,1.00
573,635,1.00
574,635,1.00
575,635,1.00
576,635,0.90
568,636,1.00
569,636,1.00
570,636,1.00
571,636,1.00
572,636,1.00
573,636,1.00
574,636,1.00
575,636,1.00
576,636,0.90
568,637,0.90
568,638,0.90
568,639,0.60
568,640,0.30
568,641,0.30
568,642,0.30
568,631,1.00
569,631,1.00
570,631,1.00
571,631,1.00
572,631,1.00
573,631,1.00
574,631,1.00
575,631,1.00
576,631,0.60
568,632,1.00
569,632,1.00
570,632,1.00
571,632,1.00
572,632,1.00
573,632,1.00
574,632,1.00
575,632,1.00
576,632,0.60
568,633,1.00
569,633,1.00
570,633,1.00
571,633,1.00
572,633,1.00
573,633,1.00
574,633,1.00
575,633,1.00
576,633,0.60
568,630,1.00
569,630,1.00
570,630,1.00
571,630,1.00
572,630,1.00
573,630,1.00
574,630,1.00
575,630,0.90
576,630,0.30
567,628,1.00
568,628,1.00
569,628,1.00
570,628,1.00
571,628,1.00
572,628,1.00
573,628,1.00
574,628,1.00
575,628,0.60
567,629,1.00
568,629,1.00
569,629,1.00
570,629,1.00
571,629,1.00
572,629,1.00
573,629,1.00
574,629,1.00
575,629,0.60
567,630,1.00
567,631,1.00
567,632,0.90
567,633,0.90
567,634,0.60
567,635,0.30
567,636,0.30
567,626,1.00
568,626,1.00
569,626,1.00
570,626,1.00
571,626,1.00
572,626,1.00
573,626,1.00
574,626,0.90
575,626,0.30
567,627,1.00
568,627,1.00
569,627,1.00
570,627,1.00
571,627,1.00
572,627,1.00
573,627,1.00
574,627,0.90
575,627,0.30
566,625,1.00
567,625,1.00
568,625,1.00
569,625,1.00
570,625,1.00
571,625,1.00
572,625,1.00
573,625,1.00
574,625,0.60
566,626,1.00
566,627,1.00
566,628,1.00
566,629,0.90
566,630,0.60
566,631,0.30
566,632,0.30
566,633,0.30
566,622,1.00
567,622,1.00
568,622,1.00
569,622,1.00
570,622,1.00
571,622,1.00
572,622,1.00
573,622,0.90
574,622,0.30
566,623,1.00
567,623,1.00
568,623,1.00
569,623,1.00
570,623,1.00
571,623,1.00
572,623,1.00
573,623,0.90
574,623,0.30
566,624,1.00
567,624,1.00
568,624,1.00
569,624,1.00
570,624,1.00
571,624,1.00
572,624,1.00
573,624,1.00
574,624,0.30
565,621,1.00
566,621,1.00
567,621,1.00
568,621,1.00
569,621,1.00
570,621,1.00
571,621,1.00
572,621,0.90
573,621,0.60
565,622,1.00
565,623,1.00
565,624,1.00
565,625,1.00
565,626,1.00
565,627,0.90
565,628,0.60
565,629,0.30
565,620,1.00
566,620,1.00
567,620,1.00
568,620,1.00
569,620,1.00
570,620,1.00
571,620,1.00
572,620,0.60
573,620,0.30
564,619,1.00
565,619,1.00
566,619,1.00
567,619,1.00
568,619,1.00
569,619,1.00
570,619,1.00
571,619,0.90
572,619,0.30
564,620,1.00
564,621,1.00
564,622,1.00
564,623,1.00
564,624,1.00
564,625,1.00
564,626,0.60
564,627,0.30
563,618,1.00
564,618,1.00
565,618,1.00
566,618,1.00
567,618,1.00
568,618,1.00
569,618,1.00
570,618,0.90
571,618,0.60
563,619,1.00
563,620,1.00
563,621,1.00
563,622,1.00
563,623,1.00
563,624,0.90
563,625,0.90
563,626,0.30
563,617,1.00
564,617,1.00
565,617,1.00
566,617,1.00
567,617,1.00
568,617,1.00
569,617,0.90
570,617,0.60
571,617,0.30
562,617,1.00
562,618,1.00
562,619,1.00
562,620,1.00
562,621,1.00
562,622,1.00
562,623,1.00
562,624,0.30
562,625,0.30
561,615,1.00
562,615,1.00
563,615,1.00
564,615,1.00
565,615,1.00
566,615,1.00
567,615,1.00
568,615,0.90
569,615,0.30
561,616,1.00
562,616,1.00
563,616,1.00
564,616,1.00
565,616,1.00
566,616,1.00
567,616,1.00
568,616,0.90
569,616,0.30
561,617,1.00
561,618,1.00
561,619,1.00
561,620,1.00
561,621,1.00
561,622,1.00
561,623,0.90
560,615,1.00
560,616,1.00
560,617,1.00
560,618,1.00
560,619,1.00
560,620,1.00
560,621,1.00
560,622,1.00
560,623,0.90
559,614,1.00
560,614,1.00
561,614,1.00
562,614,1.00
563,614,1.00
564,614,1.00
565,614,1.00
566,614,0.60
567,614,0.30
559,615,1.00
559,616,1.00
559,617,1.00
559,618,1.00
559,619,1.00
559,620,1.00
559,621,1.00
559,622,1.00
558,614,1.00
558,615,1.00
558,616,1.00
558,617,1.00
558,618,1.00
558,619,1.00
558,620,1.00
558,621,1.00
558,622,1.00
557,614,0.90
557,615,1.00
557,616,1.00
557,617,1.00
557,618,1.00
557,619,1.00
557,620,1.00
557,621,1.00
557,622,1.00
553,614,0.30
554,614,0.30
555,614,0.30
556,614,0.30
553,615,1.00
554,615,1.00
555,615,1.00
556,615,1.00
553,616,1.00
554,616,1.00
555,616,1.00
556,616,1.00
553,617,1.00
554,617,1.00
555,617,1.00
556,617,1.00
553,618,1.00
554,618,1.00
555,618,1.00
556,618,1.00
553,619,1.00
554,619,1.00
555,619,1.00
556,619,1.00
553,620,1.00
554,620,1.00
555,620,1.00
556,620,1.00
553,621,1.00
554,621,1.00
555,621,1.00
556,621,1.00
553,622,1.00
554,622,1.00
555,622,1.00
556,622,1.00
552,615,0.90
552,616,1.00
552,617,1.00
552,618,1.00
552,619,1.00
552,620,1.00
552,621,1.00
552,622,1.00
552,623,1.00
553,623,1.00
554,623,1.00
555,623,1.00
556,623,0.90
557,623,0.90
558,623,0.60
559,623,0.60
551,615,0.60
551,616,0.74
551,617,1.00
551,618,1.00
551,619,1.00
551,620,1.00
551,621,1.00
551,622,1.00
551,623,1.00
549,615,0.30
550,615,0.30
549,616,0.30
550,616,0.30
549,617,1.00
550,617,1.00
549,618,1.00
550,618,1.00
549,619,1.00
550,619,1.00
549,620,1.00
550,620,1.00
549,621,1.00
550,621,1.00
549,622,1.00
550,622,1.00
549,623,1.00
550,623,1.00
547,617,0.90
548,617,0.90
547,618,1.00
548,618,1.00
547,619,1.00
548,619,1.00
547,620,1.00
548,620,1.00
547,621,1.00
548,621,1.00
547,622,1.00
548,622,1.00
547,623,1.00
548,623,1.00
547,624,1.00
548,624,1.00
549,624,1.00
550,624,1.00
551,624,1.00
552,624,0.89
553,624,0.74
554,624,0.30
555,624,0.30
547,625,1.00
548,625,1.00
549,625,1.00
550,625,1.00
551,625,0.90
552,625,0.60
553,625,0.60
554,625,0.30
555,625,0.30
545,617,0.60
546,617,0.60
545,618,1.00
546,618,1.00
545,619,1.00
546,619,1.00
545,620,1.00
546,620,1.00
545,621,1.00
546,621,1.00
545,622,1.00
546,622,1.00
545,623,1.00
546,623,1.00
545,624,1.00
546,624,1.00
545,625,1.00
546,625,1.00
543,617,0.30
544,617,0.30
543,618,0.60
544,618,0.60
543,619,0.60
544,619,0.88
543,620,1.00
544,620,1.00
543,621,1.00
544,621,1.00
543,622,1.00
544,622,1.00
543,623,1.00
544,623,1.00
543,624,1.00
544,624,1.00
543,625,1.00
544,625,1.00
542,618,0.30
542,619,0.30
542,620,0.90
542,621,1.00
542,622,1.00
542,623,1.00
542,624,1.00
542,625,1.00
542,626,1.00
543,626,1.00
544,626,1.00
545,626,0.74
546,626,0.60
547,626,0.30
548,626,0.30
549,626,0.30
550,626,0.30
538,620,0.60
539,620,0.60
540,620,0.60
541,620,0.60
538,621,1.00
539,621,1.00
540,621,1.00
541,621,1.00
538,622,1.00
539,622,1.00
540,622,1.00
541,622,1.00
538,623,1.00
539,623,1.00
540,623,1.00
541,623,1.00
538,624,1.00
539,624,1.00
540,624,1.00
541,624,1.00
538,625,1.00
539,625,1.00
540,625,1.00
541,625,1.00
538,626,1.00
539,626,1.00
540,626,1.00
541,626,1.00
538,627,1.00
539,627,1.00
540,627,1.00
541,627,1.00
542,627,1.00
543,627,0.89
544,627,0.44
545,627,0.30
546,627,0.30
538,628,1.00
539,628,1.00
540,628,1.00
541,628,0.90
542,628,0.90
543,628,0.60
544,628,0.30
545,628,0.30
546,628,0.30
535,620,0.30
536,620,0.30
537,620,0.30
535,621,0.90
536,621,0.90
537,621,1.00
535,622,1.00
536,622,1.00
537,622,1.00
535,623,1.00
536,623,1.00
537,623,1.00
535,624,1.00
536,624,1.00
537,624,1.00
535,625,1.00
536,625,1.00
537,625,1.00
535,626,1.00
536,626,1.00
537,626,1.00
535,627,1.00
536,627,1.00
537,627,1.00
535,628,1.00
536,628,1.00
537,628,1.00
534,621,0.60
534,622,1.00
534,623,1.00
534,624,1.00
534,625,1.00
534,626,1.00
534,627,1.00
534,628,1.00
534,629,1.00
535,629,1.00
536,629,1.00
537,629,0.90
538,629,0.60
539,629,0.60
540,629,0.60
541,629,0.30
542,629,0.30
532,621,0.30
533,621,0.30
532,622,0.60
533,622,0.60
532,623,1.00
533,623,1.00
532,624,1.00
533,624,1.00
532,625,1.00
533,625,1.00
532,626,1.00
533,626,1.00
532,627,1.00
533,627,1.00
532,628,1.00
533,628,1.00
532,629,1.00
533,629,1.00
529,622,0.30
530,622,0.30
531,622,0.30
529,623,0.90
530,623,0.90
531,623,1.00
529,624,1.00
530,624,1.00
531,624,1.00
529,625,1.00
530,625,1.00
531,625,1.00
529,626,1.00
530,626,1.00
531,626,1.00
529,627,1.00
530,627,1.00
531,627,1.00
529,628,1.00
530,628,1.00
531,628,1.00
529,629,1.00
530,629,1.00
531,629,1.00
529,630,1.00
530,630,1.00
531,630,1.00
532,630,1.00
533,630,1.00
534,630,1.00
535,630,0.60
536,630,0.60
537,630,0.30
528,623,0.60
528,624,1.00
528,625,1.00
528,626,1.00
528,627,1.00
528,628,1.00
528,629,1.00
528,630,1.00
528,631,1.00
529,631,1.00
530,631,1.00
531,631,1.00
532,631,0.90
533,631,0.90
534,631,0.60
535,631,0.30
536,631,0.30
526,623,0.30
527,623,0.30
526,624,0.60
527,624,0.60
526,625,1.00
527,625,1.00
526,626,1.00
527,626,1.00
526,627,1.00
527,627,1.00
526,628,1.00
527,628,1.00
526,629,1.00
527,629,1.00
526,630,1.00
527,630,1.00
526,631,1.00
527,631,1.00
525,624,0.30
525,625,1.00
525,626,1.00
525,627,1.00
525,628,1.00
525,629,1.00
525,630,1.00
525,631,1.00
525,632,1.00
526,632,1.00
527,632,1.00
528,632,1.00
529,632,1.00
530,632,0.90
531,632,0.60
532,632,0.30
533,632,0.30
523,625,0.90
524,625,0.90
523,626,1.00
524,626,1.00
523,627,1.00
524,627,1.00
523,628,1.00
524,628,1.00
523,629,1.00
524,629,1.00
523,630,1.00
524,630,1.00
523,631,1.00
524,631,1.00
523,632,1.00
524,632,1.00
523,633,1.00
524,633,1.00
525,633,1.00
526,633,1.00
527,633,1.00
528,633,1.00
529,633,0.60
530,633,0.60
531,633,0.30
522,625,0.60
522,626,1.00
522,627,1.00
522,628,1.00
522,629,1.00
522,630,1.00
522,631,1.00
522,632,1.00
522,633,1.00
520,625,0.30
521,625,0.30
520,626,1.00
521,626,1.00
520,627,1.00
521,627,1.00
520,628,1.00
521,628,1.00
520,629,1.00
521,629,1.00
520,630,1.00
521,630,1.00
520,631,1.00
521,631,1.00
520,632,1.00
521,632,1.00
520,633,1.00
521,633,1.00
520,634,0.90
521,634,0.90
522,634,0.90
523,634,0.90
524,634,0.90
525,634,0.90
526,634,0.90
527,634,0.90
528,634,0.30
519,626,0.60
519,627,0.60
519,628,0.60
519,629,0.60
519,630,0.60
519,631,0.60
519,632,0.60
519,633,0.60
519,634,0.60

