176,586,1.00
175,587,1.00
176,587,1.00
177,587,1.00
174,588,1.00
175,588,1.00
176,588,1.00
177,588,1.00
178,588,1.00
173,589,1.00
174,589,1.00
175,589,1.00
176,589,1.00
177,589,1.00
178,589,1.00
179,589,1.00
172,590,1.00
173,590,1.00
174,590,1.00
175,590,1.00
176,590,1.00
177,590,1.00
178,590,1.00
179,590,1.00
180,590,1.00
171,591,1.00
172,591,1.00
173,591,1.00
174,591,1.00
175,591,1.00
176,591,1.00
177,591,1.00
178,591,1.00
179,591,1.00
180,591,1.00
181,591,1.00
170,592,0.57
171,592,1.00
172,592,1.00
173,592,1.00
174,592,1.00
175,592,1.00
176,592,1.00
177,592,1.00
178,592,1.00
179,592,1.00
180,592,1.00
181,592,1.00
182,592,0.57
171,593,0.57
172,593,1.00
173,593,1.00
174,593,1.00
175,593,1.00
176,593,1.00
177,593,1.00
178,593,1.00
179,593,1.00
180,593,1.00
181,593,0.57
172,594,0.57
173,594,1.00
174,594,1.00
175,594,1.00
176,594,1.00
177,594,1.00
178,594,1.00
179,594,1.00
180,594,0.57
173,595,0.57
174,595,1.00
175,595,1.00
176,595,1.00
177,595,1.00
178,595,1.00
179,595,0.57
174,596,0.57
175,596,1.00
176,596,1.00
177,596,1.00
178,596,0.57
175,597,0.57
176,597,1.00
177,597,0.57
176,598,0.57
176,585,1.00
175,586,1.00
177,586,1.00
174,587,1.00
178,587,1.00
173,588,1.00
179,588,1.00
172,589,1.00
180,589,1.00
171,590,1.00
181,590,1.00
170,591,0.29
182,591,0.29
176,584,1.00
175,585,1.00
177,585,1.00
174,586,1.00
178,586,1.00
173,587,1.00
179,587,1.00
172,588,1.00
180,588,1.00
171,589,0.86
181,589,0.86
170,590,0.57
182,590,0.57
176,582,1.00
175,583,1.00
176,583,1.00
177,583,1.00
174,584,1.00
175,584,1.00
177,584,1.00
178,584,1.00
173,585,1.00
174,585,1.00
178,585,1.00
179,585,1.00
172,586,1.00
173,586,1.00
179,586,1.00
180,586,0.86
171,587,1.00
172,587,1.00
180,587,0.86
181,587,0.29
170,588,0.29
171,588,0.86
181,588,0.57
182,588,0.29
175,580,1.00
174,581,1.00
175,581,1.00
176,581,1.00
173,582,1.00
174,582,1.00
175,582,1.00
177,582,1.00
172,583,1.00
173,583,1.00
174,583,1.00
178,583,1.00
171,584,1.00
172,584,1.00
173,584,1.00
179,584,0.86
170,585,1.00
171,585,1.00
172,585,1.00
180,585,0.29
169,586,0.29
170,586,1.00
171,586,1.00
181,586,0.29
170,587,0.29
174,578,1.00
173,579,1.00
174,579,1.00
175,579,1.00
172,580,1.00
173,580,1.00
174,580,1.00
176,580,1.00
171,581,1.00
172,581,1.00
173,581,1.00
177,581,0.86
170,582,1.00
171,582,1.00
172,582,1.00
178,582,0.57
169,583,1.00
170,583,1.00
171,583,1.00
179,583,0.57
168,584,0.57
169,584,1.00
170,584,1.00
180,584,0.29
169,585,0.57
173,577,1.00
172,578,1.00
173,578,1.00
171,579,1.00
172,579,1.00
170,580,1.00
171,580,1.00
169,581,1.00
170,581,1.00
168,582,0.86
169,582,1.00
167,583,0.29
168,583,0.57
172,574,1.00
171,575,1.00
172,575,1.00
173,575,1.00
170,576,1.00
171,576,1.00
172,576,1.00
173,576,1.00
174,576,1.00
169,577,1.00
170,577,1.00
171,577,1.00
172,577,1.00
174,577,1.00
175,577,0.57
168,578,1.00
169,578,1.00
170,578,1.00
171,578,1.00
175,578,1.00
176,578,0.57
167,579,1.00
168,579,1.00
169,579,1.00
170,579,1.00
176,579,0.57
177,579,0.29
166,580,0.57
167,580,1.00
168,580,1.00
169,580,1.00
177,580,0.57
178,580,0.29
167,581,0.57
168,581,1.00
170,572,1.00
169,573,1.00
170,573,1.00
171,573,1.00
168,574,1.00
169,574,1.00
170,574,1.00
171,574,1.00
167,575,1.00
168,575,1.00
169,575,1.00
170,575,1.00
166,576,1.00
167,576,1.00
168,576,1.00
169,576,1.00
165,577,0.86
166,577,1.00
167,577,1.00
168,577,1.00
164,578,0.29
165,578,0.86
166,578,1.00
167,578,1.00
165,579,0.29
166,579,0.86
169,570,1.00
168,571,1.00
169,571,1.00
170,571,1.00
167,572,1.00
168,572,1.00
169,572,1.00
171,572,1.00
166,573,1.00
167,573,1.00
168,573,1.00
172,573,1.00
165,574,1.00
166,574,1.00
167,574,1.00
173,574,1.00
164,575,0.57
165,575,1.00
166,575,1.00
174,575,0.57
163,576,0.29
164,576,0.57
165,576,1.00
175,576,0.29
164,577,0.29
169,568,1.00
168,569,1.00
169,569,1.00
170,569,1.00
167,570,1.00
168,570,1.00
170,570,1.00
171,570,1.00
166,571,1.00
167,571,1.00
171,571,1.00
172,571,1.00
165,572,1.00
166,572,1.00
172,572,1.00
173,572,1.00
164,573,1.00
165,573,1.00
173,573,0.86
174,573,0.29
163,574,0.29
164,574,0.86
174,574,0.57
175,574,0.29
168,566,1.00
167,567,1.00
168,567,1.00
169,567,1.00
166,568,1.00
167,568,1.00
168,568,1.00
170,568,1.00
165,569,1.00
166,569,1.00
167,569,1.00
171,569,1.00
164,570,1.00
165,570,1.00
166,570,1.00
172,570,1.00
163,571,1.00
164,571,1.00
165,571,1.00
173,571,0.86
162,572,0.29
163,572,1.00
164,572,1.00
174,572,0.29
163,573,0.29
168,565,1.00
167,566,1.00
169,566,1.00
166,567,1.00
170,567,1.00
165,568,1.00
171,568,1.00
164,569,1.00
172,569,0.86
163,570,1.00
173,570,0.57
162,571,0.86
174,571,0.29
167,564,1.00
166,565,1.00
167,565,1.00
165,566,1.00
166,566,1.00
164,567,1.00
165,567,1.00
163,568,1.00
164,568,1.00
162,569,1.00
163,569,1.00
161,570,0.57
162,570,1.00
166,563,1.00
165,564,1.00
166,564,1.00
164,565,1.00
165,565,1.00
163,566,1.00
164,566,1.00
162,567,1.00
163,567,1.00
161,568,1.00
162,568,1.00
160,569,0.29
161,569,0.57
166,561,1.00
165,562,1.00
166,562,1.00
167,562,1.00
164,563,1.00
165,563,1.00
167,563,1.00
168,563,1.00
163,564,1.00
164,564,1.00
168,564,1.00
169,564,1.00
162,565,1.00
163,565,1.00
169,565,1.00
170,565,1.00
161,566,1.00
162,566,1.00
170,566,1.00
171,566,0.57
160,567,0.86
161,567,1.00
171,567,0.57
172,567,0.29
165,560,1.00
164,561,1.00
165,561,1.00
163,562,1.00
164,562,1.00
162,563,1.00
163,563,1.00
161,564,1.00
162,564,1.00
160,565,1.00
161,565,1.00
159,566,0.57
160,566,1.00
165,559,1.00
164,560,1.00
166,560,1.00
163,561,1.00
167,561,1.00
162,562,1.00
168,562,1.00
161,563,1.00
169,563,1.00
160,564,1.00
170,564,1.00
159,565,1.00
171,565,0.57
164,559,1.00
163,560,1.00
162,561,1.00
161,562,1.00
160,563,1.00
159,564,1.00
158,565,0.29
164,558,1.00
163,559,1.00
162,560,1.00
161,561,1.00
160,562,1.00
159,563,1.00
158,564,0.57
164,557,1.00
163,558,1.00
165,558,1.00
162,559,1.00
166,559,1.00
161,560,1.00
167,560,1.00
160,561,1.00
168,561,1.00
159,562,1.00
169,562,0.86
158,563,0.86
170,563,0.57
163,556,1.00
162,557,1.00
163,557,1.00
161,558,1.00
162,558,1.00
160,559,1.00
161,559,1.00
159,560,1.00
160,560,1.00
158,561,1.00
159,561,1.00
157,562,0.29
158,562,1.00
163,555,1.00
162,556,1.00
164,556,1.00
161,557,1.00
165,557,1.00
160,558,1.00
166,558,1.00
159,559,1.00
167,559,1.00
158,560,1.00
168,560,1.00
157,561,0.57
169,561,0.57
163,554,1.00
162,555,1.00
164,555,1.00
161,556,1.00
165,556,1.00
160,557,1.00
166,557,1.00
159,558,1.00
167,558,1.00
158,559,1.00
168,559,1.00
157,560,0.29
169,560,0.29
163,553,1.00
162,554,1.00
164,554,1.00
161,555,1.00
165,555,1.00
160,556,1.00
166,556,1.00
159,557,1.00
167,557,1.00
158,558,1.00
168,558,1.00
157,559,0.29
169,559,0.29
163,552,1.00
162,553,1.00
164,553,1.00
161,554,1.00
165,554,1.00
160,555,1.00
166,555,1.00
159,556,1.00
167,556,1.00
158,557,0.86
168,557,0.86
157,558,0.29
169,558,0.29
163,551,1.00
162,552,1.00
164,552,1.00
161,553,1.00
165,553,1.00
160,554,1.00
166,554,1.00
159,555,1.00
167,555,1.00
158,556,0.57
168,556,0.57
157,557,0.29
169,557,0.29
163,549,1.00
162,550,1.00
163,550,1.00
164,550,1.00
161,551,1.00
162,551,1.00
164,551,1.00
165,551,1.00
160,552,1.00
161,552,1.00
165,552,1.00
166,552,1.00
159,553,1.00
160,553,1.00
166,553,1.00
167,553,1.00
158,554,0.57
159,554,1.00
167,554,1.00
168,554,0.57
157,555,0.29
158,555,0.57
168,555,0.57
169,555,0.29
163,547,1.00
162,548,1.00
163,548,1.00
164,548,1.00
161,549,1.00
162,549,1.00
164,549,1.00
165,549,1.00
160,550,1.00
161,550,1.00
165,550,1.00
166,550,1.00
159,551,1.00
160,551,1.00
166,551,1.00
167,551,1.00
158,552,0.57
159,552,1.00
167,552,1.00
168,552,0.57
157,553,0.29
158,553,0.57
168,553,0.57
169,553,0.29
163,545,1.00
162,546,1.00
163,546,1.00
164,546,1.00
161,547,1.00
162,547,1.00
164,547,1.00
165,547,1.00
160,548,1.00
161,548,1.00
165,548,1.00
166,548,1.00
159,549,0.57
160,549,1.00
166,549,1.00
167,549,0.57
158,550,0.29
159,550,0.57
167,550,0.57
168,550,0.29
157,551,0.29
158,551,0.57
168,551,0.57
169,551,0.29
163,541,1.00
162,542,1.00
163,542,1.00
164,542,1.00
161,543,1.00
162,543,1.00
163,543,1.00
164,543,1.00
165,543,1.00
160,544,1.00
161,544,1.00
162,544,1.00
163,544,1.00
164,544,1.00
165,544,1.00
166,544,1.00
159,545,0.86
160,545,1.00
161,545,1.00
162,545,1.00
164,545,1.00
165,545,1.00
166,545,1.00
167,545,0.86
158,546,0.29
159,546,0.86
160,546,1.00
161,546,1.00
165,546,1.00
166,546,1.00
167,546,0.86
168,546,0.29
157,547,0.29
158,547,0.57
159,547,0.86
160,547,1.00
166,547,1.00
167,547,0.86
168,547,0.57
169,547,0.29
158,548,0.29
159,548,0.57
167,548,0.57
168,548,0.29
163,538,1.00
162,539,1.00
163,539,1.00
164,539,1.00
161,540,1.00
162,540,1.00
163,540,1.00
164,540,1.00
165,540,1.00
160,541,1.00
161,541,1.00
162,541,1.00
164,541,1.00
165,541,1.00
166,541,0.86
159,542,0.86
160,542,1.00
161,542,1.00
165,542,1.00
166,542,0.86
167,542,0.29
158,543,0.29
159,543,0.86
160,543,1.00
166,543,0.86
167,543,0.57
168,543,0.29
157,544,0.29
158,544,0.57
159,544,0.86
167,544,0.86
168,544,0.57
169,544,0.29
158,545,0.29
168,545,0.29
162,534,1.00
161,535,1.00
162,535,1.00
163,535,1.00
160,536,1.00
161,536,1.00
162,536,1.00
163,536,1.00
164,536,1.00
159,537,1.00
160,537,1.00
161,537,1.00
162,537,1.00
163,537,1.00
164,537,1.00
165,537,1.00
158,538,1.00
159,538,1.00
160,538,1.00
161,538,1.00
162,538,1.00
164,538,1.00
165,538,1.00
166,538,1.00
157,539,0.57
158,539,1.00
159,539,1.00
160,539,1.00
161,539,1.00
165,539,1.00
166,539,1.00
167,539,0.57
156,540,0.29
157,540,0.57
158,540,1.00
159,540,1.00
160,540,1.00
166,540,1.00
167,540,0.57
168,540,0.29
157,541,0.29
158,541,0.57
159,541,1.00
167,541,0.29
158,542,0.29
162,532,1.00
161,533,1.00
162,533,1.00
163,533,1.00
160,534,1.00
161,534,1.00
163,534,1.00
164,534,1.00
159,535,1.00
160,535,1.00
164,535,1.00
165,535,1.00
158,536,1.00
159,536,1.00
165,536,1.00
166,536,0.86
157,537,0.29
158,537,1.00
166,537,0.86
167,537,0.29
156,538,0.29
157,538,0.57
167,538,0.57
168,538,0.29
162,529,1.00
161,530,1.00
162,530,1.00
163,530,1.00
160,531,1.00
161,531,1.00
162,531,1.00
163,531,1.00
164,531,1.00
159,532,1.00
160,532,1.00
161,532,1.00
163,532,1.00
164,532,1.00
165,532,1.00
158,533,1.00
159,533,1.00
160,533,1.00
164,533,1.00
165,533,1.00
166,533,1.00
157,534,1.00
158,534,1.00
159,534,1.00
165,534,1.00
166,534,1.00
167,534,0.57
156,535,0.57
157,535,1.00
158,535,1.00
166,535,1.00
167,535,0.57
168,535,0.29
157,536,0.57
167,536,0.29
161,528,1.00
160,529,1.00
161,529,1.00
159,530,1.00
160,530,1.00
158,531,1.00
159,531,1.00
157,532,1.00
158,532,1.00
156,533,0.86
157,533,1.00
155,534,0.29
156,534,0.86
161,527,1.00
160,528,1.00
162,528,1.00
159,529,1.00
163,529,1.00
158,530,1.00
164,530,1.00
157,531,1.00
165,531,1.00
156,532,1.00
166,532,0.57
155,533,0.29
167,533,0.29
161,525,0.86
160,526,1.00
161,526,1.00
162,526,0.86
159,527,1.00
160,527,1.00
162,527,1.00
163,527,0.86
158,528,1.00
159,528,1.00
163,528,1.00
164,528,0.86
157,529,1.00
158,529,1.00
164,529,1.00
165,529,0.86
156,530,1.00
157,530,1.00
165,530,1.00
166,530,0.86
155,531,0.86
156,531,1.00
166,531,0.57
167,531,0.29
160,524,0.57
159,525,0.57
160,525,1.00
158,526,0.57
159,526,1.00
157,527,0.57
158,527,1.00
156,528,0.57
157,528,1.00
155,529,0.57
156,529,1.00
154,530,0.57
155,530,1.00

370,684,0.86
369,685,1.00
370,685,1.00
371,685,0.86
368,686,1.00
369,686,1.00
370,686,1.00
371,686,1.00
372,686,0.86
367,687,1.00
368,687,1.00
369,687,1.00
370,687,1.00
371,687,1.00
372,687,1.00
373,687,0.86
366,688,1.00
367,688,1.00
368,688,1.00
369,688,1.00
370,688,1.00
371,688,1.00
372,688,1.00
373,688,1.00
374,688,0.86
365,689,1.00
366,689,1.00
367,689,1.00
368,689,1.00
369,689,1.00
370,689,1.00
371,689,1.00
372,689,1.00
373,689,1.00
374,689,1.00
375,689,0.86
364,690,1.00
365,690,1.00
366,690,1.00
367,690,1.00
368,690,1.00
369,690,1.00
370,690,1.00
371,690,1.00
372,690,1.00
373,690,1.00
374,690,1.00
375,690,1.00
376,690,0.86
365,691,1.00
366,691,1.00
367,691,1.00
368,691,1.00
369,691,1.00
370,691,1.00
371,691,1.00
372,691,1.00
373,691,1.00
374,691,1.00
375,691,0.86
366,692,1.00
367,692,1.00
368,692,1.00
369,692,1.00
370,692,1.00
371,692,1.00
372,692,1.00
373,692,1.00
374,692,0.86
367,693,1.00
368,693,1.00
369,693,1.00
370,693,1.00
371,693,1.00
372,693,1.00
373,693,0.86
368,694,1.00
369,694,1.00
370,694,1.00
371,694,1.00
372,694,0.86
369,695,1.00
370,695,1.00
371,695,0.86
370,696,0.86
369,684,0.57
368,685,1.00
367,686,1.00
366,687,1.00
365,688,1.00
364,689,1.00
363,690,1.00
364,691,1.00
365,692,1.00
366,693,1.00
367,694,1.00
368,695,1.00
369,696,0.57
368,684,0.29
367,685,0.57
366,686,1.00
365,687,1.00
364,688,1.00
363,689,1.00
362,690,1.00
363,691,1.00
364,692,1.00
365,693,1.00
366,694,1.00
367,695,0.57
368,696,0.29
366,684,0.29
365,685,0.57
366,685,0.57
364,686,1.00
365,686,1.00
363,687,1.00
364,687,1.00
362,688,1.00
363,688,1.00
361,689,1.00
362,689,1.00
360,690,1.00
361,690,1.00
361,691,1.00
362,691,1.00
362,692,1.00
363,692,1.00
363,693,1.00
364,693,1.00
364,694,1.00
365,694,1.00
365,695,0.57
366,695,0.57
366,696,0.29
364,684,0.29
363,685,0.86
364,685,0.57
362,686,1.00
363,686,1.00
361,687,1.00
362,687,1.00
360,688,1.00
361,688,1.00
359,689,1.00
360,689,1.00
358,690,1.00
359,690,1.00
359,691,1.00
360,691,1.00
360,692,1.00
361,692,1.00
361,693,1.00
362,693,1.00
362,694,1.00
363,694,1.00
363,695,0.57
364,695,0.57
364,696,0.29
362,684,0.57
361,685,1.00
362,685,1.00
360,686,1.00
361,686,1.00
359,687,1.00
360,687,1.00
358,688,1.00
359,688,1.00
357,689,1.00
358,689,1.00
356,690,1.00
357,690,1.00
357,691,1.00
358,691,1.00
358,692,1.00
359,692,1.00
359,693,1.00
360,693,1.00
360,694,1.00
361,694,1.00
361,695,0.57
362,695,0.57
362,696,0.29
361,683,0.29
360,684,1.00
361,684,1.00
359,685,1.00
360,685,1.00
358,686,1.00
359,686,1.00
357,687,1.00
358,687,1.00
356,688,1.00
357,688,1.00
355,689,1.00
356,689,1.00
360,683,1.00
359,684,1.00
358,685,1.00
357,686,1.00
356,687,1.00
355,688,1.00
354,689,1.00
355,690,1.00
356,691,1.00
357,692,1.00
358,693,1.00
359,694,1.00
360,695,0.29
359,683,1.00
358,684,1.00
357,685,1.00
356,686,1.00
355,687,1.00
354,688,1.00
353,689,1.00
354,690,1.00
355,691,1.00
356,692,0.86
357,693,0.86
358,694,0.57
359,695,0.29
359,682,0.86
358,683,1.00
357,684,1.00
356,685,1.00
355,686,1.00
354,687,1.00
353,688,1.00
358,682,1.00
357,683,1.00
356,684,1.00
355,685,1.00
354,686,1.00
353,687,1.00
352,688,1.00
357,681,1.00
356,682,1.00
357,682,1.00
355,683,1.00
356,683,1.00
354,684,1.00
355,684,1.00
353,685,1.00
354,685,1.00
352,686,1.00
353,686,1.00
351,687,1.00
352,687,1.00
357,680,0.29
356,681,0.86
358,681,0.29
355,682,1.00
354,683,1.00
353,684,1.00
352,685,1.00
351,686,1.00
355,679,0.29
354,680,1.00
355,680,0.57
356,680,0.29
353,681,1.00
354,681,1.00
355,681,1.00
352,682,1.00
353,682,1.00
354,682,1.00
351,683,1.00
352,683,1.00
353,683,1.00
350,684,1.00
351,684,1.00
352,684,1.00
349,685,1.00
350,685,1.00
351,685,1.00
350,686,1.00
353,679,1.00
352,680,1.00
353,680,1.00
351,681,1.00
352,681,1.00
350,682,1.00
351,682,1.00
349,683,1.00
350,683,1.00
348,684,1.00
349,684,1.00
347,685,1.00
348,685,1.00
348,686,1.00
349,686,1.00
349,687,1.00
350,687,1.00
350,688,1.00
351,688,1.00
351,689,1.00
352,689,1.00
352,690,1.00
353,690,0.57
353,691,0.29
352,678,0.86
351,679,1.00
352,679,1.00
350,680,1.00
351,680,1.00
349,681,1.00
350,681,1.00
348,682,1.00
349,682,1.00
347,683,1.00
348,683,1.00
346,684,1.00
347,684,1.00
351,678,0.86
350,679,1.00
349,680,1.00
348,681,1.00
347,682,1.00
346,683,1.00
345,684,1.00
346,685,1.00
347,686,1.00
348,687,1.00
349,688,1.00
350,689,1.00
351,690,0.86
350,678,0.29
349,679,1.00
348,680,1.00
347,681,1.00
346,682,1.00
345,683,1.00
344,684,1.00
345,685,1.00
346,686,1.00
347,687,0.86
348,688,0.86
349,689,0.29
350,690,0.29
348,677,0.29
347,678,1.00
348,678,0.86
349,678,0.29
346,679,1.00
347,679,1.00
348,679,1.00
345,680,1.00
346,680,1.00
347,680,1.00
344,681,1.00
345,681,1.00
346,681,1.00
343,682,1.00
344,682,1.00
345,682,1.00
342,683,1.00
343,683,1.00
344,683,1.00
343,684,1.00
344,685,1.00
345,686,0.86
346,687,0.29
347,688,0.29
348,689,0.29
345,675,0.29
344,676,1.00
345,676,0.86
346,676,0.29
343,677,1.00
344,677,1.00
345,677,1.00
346,677,0.86
347,677,0.29
342,678,1.00
343,678,1.00
344,678,1.00
345,678,1.00
346,678,1.00
341,679,1.00
342,679,1.00
343,679,1.00
344,679,1.00
345,679,1.00
340,680,1.00
341,680,1.00
342,680,1.00
343,680,1.00
344,680,1.00
339,681,1.00
340,681,1.00
341,681,1.00
342,681,1.00
343,681,1.00
340,682,1.00
341,682,1.00
342,682,1.00
341,683,1.00
342,684,1.00
343,685,0.86
344,686,0.29
345,687,0.29
343,674,0.29
342,675,1.00
343,675,1.00
344,675,0.29
341,676,1.00
342,676,1.00
343,676,1.00
340,677,1.00
341,677,1.00
342,677,1.00
339,678,1.00
340,678,1.00
341,678,1.00
338,679,1.00
339,679,1.00
340,679,1.00
337,680,1.00
338,680,1.00
339,680,1.00
338,681,1.00
339,682,1.00
340,683,1.00
341,684,1.00
342,685,0.29
343,686,0.29
341,673,0.57
340,674,1.00
341,674,1.00
342,674,0.57
339,675,1.00
340,675,1.00
341,675,1.00
338,676,1.00
339,676,1.00
340,676,1.00
337,677,1.00
338,677,1.00
339,677,1.00
336,678,1.00
337,678,1.00
338,678,1.00
335,679,1.00
336,679,1.00
337,679,1.00
336,680,1.00
337,681,1.00
338,682,1.00
339,683,1.00
340,684,1.00
341,685,0.29
340,673,1.00
339,674,1.00
338,675,1.00
337,676,1.00
336,677,1.00
335,678,1.00
334,679,1.00
335,680,1.00
336,681,1.00
337,682,1.00
338,683,1.00
339,684,0.86
340,685,0.57
340,672,0.29
339,673,1.00
338,674,1.00
337,675,1.00
336,676,1.00
335,677,1.00
334,678,1.00
339,672,0.57
338,673,1.00
337,674,1.00
336,675,1.00
335,676,1.00
334,677,1.00
333,678,1.00
338,671,0.29
337,672,0.57
338,672,0.57
336,673,1.00
337,673,1.00
335,674,1.00
336,674,1.00
334,675,1.00
335,675,1.00
333,676,1.00
334,676,1.00
332,677,1.00
333,677,1.00
336,671,0.29
335,672,1.00
336,672,1.00
334,673,1.00
335,673,1.00
333,674,1.00
334,674,1.00
332,675,1.00
333,675,1.00
331,676,1.00
332,676,1.00
330,677,1.00
331,677,1.00
331,678,0.86
332,678,1.00
332,679,0.86
333,679,0.86
333,680,0.29
334,680,0.57
334,681,0.29
335,681,0.57
335,682,0.29
336,682,0.57
336,683,0.29
332,668,0.57
331,669,1.00
332,669,1.00
333,669,0.57
330,670,1.00
331,670,1.00
332,670,1.00
333,670,1.00
334,670,0.57
329,671,1.00
330,671,1.00
331,671,1.00
332,671,1.00
333,671,1.00
334,671,1.00
335,671,0.57
328,672,1.00
329,672,1.00
330,672,1.00
331,672,1.00
332,672,1.00
333,672,1.00
334,672,1.00
327,673,1.00
328,673,1.00
329,673,1.00
330,673,1.00
331,673,1.00
332,673,1.00
333,673,1.00
326,674,1.00
327,674,1.00
328,674,1.00
329,674,1.00
330,674,1.00
331,674,1.00
332,674,1.00
327,675,1.00
328,675,1.00
329,675,1.00
330,675,1.00
331,675,1.00
328,676,1.00
329,676,1.00
330,676,1.00
329,677,0.57
330,678,0.57
331,679,0.29
332,680,0.29
330,666,0.29
329,667,1.00
330,667,0.86
331,667,0.29
328,668,1.00
329,668,1.00
330,668,1.00
331,668,0.86
327,669,1.00
328,669,1.00
329,669,1.00
330,669,1.00
326,670,1.00
327,670,1.00
328,670,1.00
329,670,1.00
325,671,1.00
326,671,1.00
327,671,1.00
328,671,1.00
324,672,1.00
325,672,1.00
326,672,1.00
327,672,1.00
325,673,1.00
326,673,1.00
328,665,0.29
327,666,1.00
328,666,1.00
329,666,0.29
326,667,1.00
327,667,1.00
328,667,1.00
325,668,1.00
326,668,1.00
327,668,1.00
324,669,1.00
325,669,1.00
326,669,1.00
323,670,1.00
324,670,1.00
325,670,1.00
322,671,1.00
323,671,1.00
324,671,1.00
323,672,1.00
324,673,1.00
325,674,1.00
326,675,0.86
327,676,0.29
328,677,0.29
326,664,1.00
325,665,1.00
326,665,1.00
327,665,1.00
324,666,1.00
325,666,1.00
326,666,1.00
323,667,1.00
324,667,1.00
325,667,1.00
322,668,1.00
323,668,1.00
324,668,1.00
321,669,1.00
322,669,1.00
323,669,1.00
320,670,1.00
321,670,1.00
322,670,1.00
321,671,1.00
322,672,1.00
323,673,1.00
324,674,0.86
325,675,0.57
326,676,0.29
325,663,1.00
324,664,1.00
325,664,1.00
323,665,1.00
324,665,1.00
322,666,1.00
323,666,1.00
321,667,1.00
322,667,1.00
320,668,1.00
321,668,1.00
319,669,1.00
320,669,1.00
324,662,0.86
323,663,1.00
324,663,1.00
322,664,1.00
323,664,1.00
321,665,1.00
322,665,1.00
320,666,1.00
321,666,1.00
319,667,1.00
320,667,1.00
318,668,1.00
319,668,1.00
323,661,0.57
322,662,1.00
323,662,1.00
321,663,1.00
322,663,1.00
320,664,1.00
321,664,1.00
319,665,1.00
320,665,1.00
318,666,1.00
319,666,1.00
317,667,1.00
318,667,1.00
322,660,0.29
321,661,1.00
322,661,1.00
320,662,1.00
321,662,1.00
319,663,1.00
320,663,1.00
318,664,1.00
319,664,1.00
317,665,1.00
318,665,1.00
316,666,1.00
317,666,1.00
320,659,1.00
319,660,1.00
320,660,1.00
321,660,1.00
318,661,1.00
319,661,1.00
320,661,1.00
317,662,1.00
318,662,1.00
319,662,1.00
316,663,1.00
317,663,1.00
318,663,1.00
315,664,1.00
316,664,1.00
317,664,1.00
314,665,1.00
315,665,1.00
316,665,1.00
315,666,1.00
316,667,1.00
317,668,1.00
318,669,1.00
319,670,1.00
320,671,0.29
319,659,1.00
318,660,1.00
317,661,1.00
316,662,1.00
315,663,1.00
314,664,1.00
313,665,1.00
314,666,1.00
315,667,0.86
316,668,0.57
317,669,0.29
318,670,0.29
319,671,0.29
319,658,0.86
318,659,1.00
317,660,1.00
316,661,1.00
315,662,1.00
314,663,1.00
313,664,1.00
318,657,0.57
317,658,1.00
318,658,1.00
316,659,1.00
317,659,1.00
315,660,1.00
316,660,1.00
314,661,1.00
315,661,1.00
313,662,1.00
314,662,1.00
312,663,1.00
313,663,1.00
317,656,0.29
316,657,1.00
317,657,1.00
315,658,1.00
316,658,1.00
314,659,1.00
315,659,1.00
313,660,1.00
314,660,1.00
312,661,1.00
313,661,1.00
311,662,1.00
312,662,1.00
316,656,1.00
315,657,1.00
314,658,1.00
313,659,1.00
312,660,1.00
311,661,1.00
310,662,1.00
311,663,1.00
312,664,1.00
315,655,1.00
314,656,1.00
315,656,1.00
313,657,1.00
314,657,1.00
312,658,1.00
313,658,1.00
311,659,1.00
312,659,1.00
310,660,1.00
311,660,1.00
309,661,1.00
310,661,1.00
314,654,0.86
313,655,1.00
314,655,1.00
312,656,1.00
313,656,1.00
311,657,1.00
312,657,1.00
310,658,1.00
311,658,1.00
309,659,1.00
310,659,1.00
308,660,1.00
309,660,1.00
313,653,0.57
312,654,1.00
313,654,1.00
311,655,1.00
312,655,1.00
310,656,1.00
311,656,1.00
309,657,1.00
310,657,1.00
308,658,1.00
309,658,1.00
307,659,1.00
308,659,1.00
312,653,1.00
311,654,1.00
310,655,1.00
309,656,1.00
308,657,1.00
307,658,1.00
306,659,1.00
307,660,1.00
308,661,1.00
309,662,1.00
310,663,1.00
311,664,0.86
312,665,0.29
311,652,1.00
310,653,1.00
311,653,1.00
309,654,1.00
310,654,1.00
308,655,1.00
309,655,1.00
307,656,1.00
308,656,1.00
306,657,1.00
307,657,1.00
305,658,1.00
306,658,1.00
310,651,1.00
309,652,1.00
310,652,1.00
308,653,1.00
309,653,1.00
307,654,1.00
308,654,1.00
306,655,1.00
307,655,1.00
305,656,1.00
306,656,1.00
304,657,1.00
305,657,1.00
309,650,0.86
308,651,1.00
309,651,1.00
307,652,1.00
308,652,1.00
306,653,1.00
307,653,1.00
305,654,1.00
306,654,1.00
304,655,1.00
305,655,1.00
303,656,1.00
304,656,1.00
308,650,1.00
307,651,1.00
306,652,1.00
305,653,1.00
304,654,1.00
303,655,1.00
302,656,1.00
303,657,1.00
304,658,1.00
305,659,1.00
306,660,1.00
307,661,1.00
308,662,0.57
307,649,1.00
306,650,1.00
307,650,1.00
305,651,1.00
306,651,1.00
304,652,1.00
305,652,1.00
303,653,1.00
304,653,1.00
302,654,1.00
303,654,1.00
301,655,1.00
302,655,1.00
307,648,0.57
306,649,1.00
308,649,0.57
305,650,1.00
304,651,1.00
303,652,1.00
302,653,1.00
301,654,1.00
306,648,1.00
305,649,1.00
304,650,1.00
303,651,1.00
302,652,1.00
301,653,1.00
300,654,1.00
305,647,0.86
304,648,1.00
305,648,1.00
303,649,1.00
304,649,1.00
302,650,1.00
303,650,1.00
301,651,1.00
302,651,1.00
300,652,1.00
301,652,1.00
299,653,1.00
300,653,1.00
304,646,0.29
303,647,1.00
304,647,1.00
302,648,1.00
303,648,1.00
301,649,1.00
302,649,1.00
300,650,1.00
301,650,1.00
299,651,1.00
300,651,1.00
298,652,1.00
299,652,1.00
303,646,0.57
302,647,1.00
301,648,1.00
300,649,1.00
299,650,1.00
298,651,1.00
297,652,1.00
298,653,1.00
299,654,1.00
300,655,1.00
301,656,1.00
302,657,1.00
303,658,0.57
302,646,1.00
301,647,1.00
300,648,1.00
299,649,1.00
298,650,1.00
297,651,1.00
296,652,1.00
297,653,1.00
298,654,1.00
299,655,1.00
300,656,1.00
301,657,1.00
302,658,0.29
301,646,1.00
300,647,1.00
299,648,1.00
298,649,1.00
297,650,1.00
296,651,1.00
295,652,1.00
296,653,1.00
297,654,1.00
298,655,1.00
299,656,0.86
300,657,0.57
301,658,0.29
301,645,0.86
300,646,1.00
299,647,1.00
298,648,1.00
297,649,1.00
296,650,1.00
295,651,1.00
300,645,0.57
299,646,1.00
298,647,1.00
297,648,1.00
296,649,1.00
295,650,1.00
294,651,1.00
299,644,0.29
298,645,1.00
299,645,1.00
297,646,1.00
298,646,1.00
296,647,1.00
297,647,1.00
295,648,1.00
296,648,1.00
294,649,1.00
295,649,1.00
293,650,1.00
294,650,1.00
298,644,0.57
297,645,1.00
296,646,1.00
295,647,1.00
294,648,1.00
293,649,1.00
292,650,1.00
293,651,1.00
294,652,1.00
295,653,1.00
296,654,1.00
297,655,0.57
298,656,0.29
297,643,0.29
296,644,1.00
297,644,0.86
295,645,1.00
296,645,1.00
294,646,1.00
295,646,1.00
293,647,1.00
294,647,1.00
292,648,1.00
293,648,1.00
291,649,1.00
292,649,1.00
296,643,0.29
295,644,1.00
294,645,1.00
293,646,1.00
292,647,1.00
291,648,1.00
290,649,1.00
291,650,1.00
292,651,1.00
293,652,1.00
294,653,1.00
295,654,0.29
296,655,0.29
294,642,0.29
293,643,1.00
294,643,0.86
295,643,0.29
292,644,1.00
293,644,1.00
294,644,1.00
291,645,1.00
292,645,1.00
293,645,1.00
290,646,1.00
291,646,1.00
292,646,1.00
289,647,1.00
290,647,1.00
291,647,1.00
288,648,1.00
289,648,1.00
290,648,1.00
289,649,1.00
290,650,1.00
291,651,1.00
292,652,1.00
293,653,0.86
294,654,0.29
293,642,0.29
292,643,1.00
291,644,1.00
290,645,1.00
289,646,1.00
288,647,1.00
287,648,1.00
288,649,1.00
289,650,1.00
290,651,1.00
291,652,1.00
292,653,0.29
293,654,0.29
291,641,0.29
290,642,1.00
291,642,0.86
292,642,0.29
289,643,1.00
290,643,1.00
291,643,1.00
288,644,1.00
289,644,1.00
290,644,1.00
287,645,1.00
288,645,1.00
289,645,1.00
286,646,1.00
287,646,1.00
288,646,1.00
285,647,1.00
286,647,1.00
287,647,1.00
286,648,1.00
287,649,1.00
288,650,1.00
289,651,1.00
290,652,0.86
291,653,0.29
290,641,0.29
289,642,1.00
288,643,1.00
287,644,1.00
286,645,1.00
285,646,1.00
284,647,1.00
285,648,1.00
286,649,1.00
287,650,1.00
288,651,1.00
289,652,0.29
290,653,0.29
288,640,0.29
287,641,1.00
288,641,0.86
289,641,0.29
286,642,1.00
287,642,1.00
288,642,1.00
285,643,1.00
286,643,1.00
287,643,1.00
284,644,1.00
285,644,1.00
286,644,1.00
283,645,1.00
284,645,1.00
285,645,1.00
282,646,1.00
283,646,1.00
284,646,1.00
283,647,1.00
284,648,1.00
285,649,1.00
286,650,1.00
287,651,1.00
288,652,0.29
287,640,0.29
286,641,1.00
285,642,1.00
284,643,1.00
283,644,1.00
282,645,1.00
281,646,1.00
282,647,1.00
283,648,1.00
284,649,1.00
285,650,1.00
286,651,0.86
287,652,0.29
286,640,0.29
285,641,1.00
284,642,1.00
283,643,1.00
282,644,1.00
281,645,1.00
280,646,1.00
281,647,1.00
282,648,1.00
283,649,1.00
284,650,0.86
285,651,0.29
286,652,0.29
284,639,0.29
283,640,1.00
284,640,0.86
285,640,0.29
282,641,1.00
283,641,1.00
284,641,1.00
281,642,1.00
282,642,1.00
283,642,1.00
280,643,1.00
281,643,1.00
282,643,1.00
279,644,1.00
280,644,1.00
281,644,1.00
278,645,1.00
279,645,1.00
280,645,1.00
279,646,1.00
280,647,1.00
281,648,1.00
282,649,1.00
283,650,0.57
284,651,0.29
282,639,1.00
281,640,1.00
282,640,1.00
280,641,1.00
281,641,1.00
279,642,1.00
280,642,1.00
278,643,1.00
279,643,1.00
277,644,1.00
278,644,1.00
276,645,1.00
277,645,1.00
277,646,1.00
278,646,1.00
278,647,1.00
279,647,1.00
279,648,0.86
280,648,1.00
280,649,0.57
281,649,0.86
281,650,0.29
282,650,0.86
282,651,0.29
282,638,0.29
281,639,0.86
283,639,0.29
280,640,1.00
279,641,1.00
278,642,1.00
277,643,1.00
276,644,1.00
280,637,0.29
279,638,1.00
280,638,0.57
281,638,0.29
278,639,1.00
279,639,1.00
280,639,1.00
277,640,1.00
278,640,1.00
279,640,1.00
276,641,1.00
277,641,1.00
278,641,1.00
275,642,1.00
276,642,1.00
277,642,1.00
274,643,1.00
275,643,1.00
276,643,1.00
275,644,1.00
278,637,1.00
277,638,1.00
278,638,1.00
276,639,1.00
277,639,1.00
275,640,1.00
276,640,1.00
274,641,1.00
275,641,1.00
273,642,1.00
274,642,1.00
272,643,1.00
273,643,1.00
273,644,1.00
274,644,1.00
274,645,1.00
275,645,1.00
275,646,1.00
276,646,1.00
276,647,0.86
277,647,1.00
277,648,0.57
278,648,0.57
278,649,0.29
277,636,0.86
276,637,1.00
277,637,1.00
275,638,1.00
276,638,1.00
274,639,1.00
275,639,1.00
273,640,1.00
274,640,1.00
272,641,1.00
273,641,1.00
271,642,1.00
272,642,1.00
276,635,0.57
275,636,1.00
276,636,1.00
274,637,1.00
275,637,1.00
273,638,1.00
274,638,1.00
272,639,1.00
273,639,1.00
271,640,1.00
272,640,1.00
270,641,1.00
271,641,1.00
275,634,0.29
274,635,0.57
275,635,0.57
273,636,1.00
274,636,1.00
272,637,1.00
273,637,1.00
271,638,1.00
272,638,1.00
270,639,1.00
271,639,1.00
269,640,1.00
270,640,1.00
273,634,0.29
272,635,1.00
273,635,0.86
271,636,1.00
272,636,1.00
270,637,1.00
271,637,1.00
269,638,1.00
270,638,1.00
268,639,1.00
269,639,1.00
267,640,1.00
268,640,1.00
268,641,1.00
269,641,1.00
269,642,1.00
270,642,1.00
270,643,1.00
271,643,1.00
271,644,1.00
272,644,1.00
272,645,0.86
273,645,0.86
273,646,0.29
272,634,0.29
271,635,1.00
270,636,1.00
269,637,1.00
268,638,1.00
267,639,1.00
266,640,1.00
267,641,1.00
268,642,1.00
269,643,1.00
270,644,1.00
271,645,0.29
272,646,0.29
270,633,0.29
269,634,1.00
270,634,1.00
271,634,0.29
268,635,1.00
269,635,1.00
270,635,1.00
267,636,1.00
268,636,1.00
269,636,1.00
266,637,1.00
267,637,1.00
268,637,1.00
265,638,1.00
266,638,1.00
267,638,1.00
264,639,1.00
265,639,1.00
266,639,1.00
265,640,1.00
266,641,1.00
267,642,1.00
268,643,1.00
269,644,0.86
270,645,0.29
269,633,0.57
268,634,1.00
267,635,1.00
266,636,1.00
265,637,1.00
264,638,1.00
263,639,1.00
264,640,1.00
265,641,1.00
266,642,1.00
267,643,1.00
268,644,0.57
269,645,0.29
268,632,0.29
267,633,1.00
268,633,1.00
266,634,1.00
267,634,1.00
265,635,1.00
266,635,1.00
264,636,1.00
265,636,1.00
263,637,1.00
264,637,1.00
262,638,1.00
263,638,1.00
267,632,0.57
266,633,1.00
265,634,1.00
264,635,1.00
263,636,1.00
262,637,1.00
261,638,1.00
262,639,1.00
263,640,1.00
264,641,1.00
265,642,1.00
266,643,0.57
267,644,0.29
266,631,0.29
265,632,1.00
266,632,1.00
264,633,1.00
265,633,1.00
263,634,1.00
264,634,1.00
262,635,1.00
263,635,1.00
261,636,1.00
262,636,1.00
260,637,1.00
261,637,1.00
265,631,1.00
264,632,1.00
263,633,1.00
262,634,1.00
261,635,1.00
260,636,1.00
259,637,1.00
260,638,1.00
261,639,1.00
262,640,1.00
263,641,1.00
264,642,0.57
265,643,0.29
264,630,0.86
263,631,1.00
264,631,1.00
262,632,1.00
263,632,1.00
261,633,1.00
262,633,1.00
260,634,1.00
261,634,1.00
259,635,1.00
260,635,1.00
258,636,1.00
259,636,1.00
263,630,1.00
262,631,1.00
261,632,1.00
260,633,1.00
259,634,1.00
258,635,1.00
257,636,1.00
258,637,1.00
259,638,1.00
260,639,1.00
261,640,0.86
262,641,0.57
263,642,0.29
263,629,0.57
262,630,1.00
261,631,1.00
260,632,1.00
259,633,1.00
258,634,1.00
257,635,1.00
262,629,0.57
261,630,1.00
260,631,1.00
259,632,1.00
258,633,1.00
257,634,1.00
256,635,1.00
261,628,0.29
260,629,1.00
261,629,0.86
259,630,1.00
260,630,1.00
258,631,1.00
259,631,1.00
257,632,1.00
258,632,1.00
256,633,1.00
257,633,1.00
255,634,1.00
256,634,1.00
260,628,0.29
259,629,1.00
258,630,1.00
257,631,1.00
256,632,1.00
255,633,1.00
254,634,1.00
255,635,1.00
256,636,1.00
257,637,1.00
258,638,1.00
259,639,1.00
260,640,0.29
259,628,0.29
258,629,1.00
257,630,1.00
256,631,1.00
255,632,1.00
254,633,1.00
253,634,1.00
254,635,1.00
255,636,1.00
256,637,1.00
257,638,1.00
258,639,0.86
259,640,0.29
258,628,1.00
257,629,1.00
256,630,1.00
255,631,1.00
254,632,1.00
253,633,1.00
252,634,1.00
253,635,1.00
254,636,1.00
255,637,1.00
256,638,1.00
257,639,0.86
258,640,0.29
257,627,0.86
256,628,1.00
257,628,1.00
255,629,1.00
256,629,1.00
254,630,1.00
255,630,1.00
253,631,1.00
254,631,1.00
252,632,1.00
253,632,1.00
251,633,1.00
252,633,1.00
256,626,0.29
255,627,1.00
256,627,1.00
254,628,1.00
255,628,1.00
253,629,1.00
254,629,1.00
252,630,1.00
253,630,1.00
251,631,1.00
252,631,1.00
250,632,1.00
251,632,1.00
255,626,0.57
254,627,1.00
253,628,1.00
252,629,1.00
251,630,1.00
250,631,1.00
249,632,1.00
250,633,1.00
251,634,1.00
252,635,1.00
253,636,1.00
254,637,0.57
255,638,0.29
254,625,0.29
253,626,1.00
254,626,1.00
252,627,1.00
253,627,1.00
251,628,1.00
252,628,1.00
250,629,1.00
251,629,1.00
249,630,1.00
250,630,1.00
248,631,1.00
249,631,1.00
253,625,1.00
252,626,1.00
251,627,1.00
250,628,1.00
249,629,1.00
248,630,1.00
247,631,1.00
248,632,1.00
249,633,1.00
250,634,1.00
251,635,1.00
252,636,0.57
253,637,0.29
252,624,0.86
251,625,1.00
252,625,1.00
250,626,1.00
251,626,1.00
249,627,1.00
250,627,1.00
248,628,1.00
249,628,1.00
247,629,1.00
248,629,1.00
246,630,1.00
247,630,1.00
251,624,1.00
250,625,1.00
249,626,1.00
248,627,1.00
247,628,1.00
246,629,1.00
245,630,1.00
246,631,1.00
247,632,1.00
248,633,0.86
249,634,0.57
250,635,0.29
251,636,0.29
251,623,0.57
250,624,1.00
249,625,1.00
248,626,1.00
247,627,1.00
246,628,1.00
245,629,1.00
250,622,0.29
249,623,1.00
250,623,1.00
248,624,1.00
249,624,1.00
247,625,1.00
248,625,1.00
246,626,1.00
247,626,1.00
245,627,1.00
246,627,1.00
244,628,1.00
245,628,1.00
249,622,1.00
248,623,1.00
247,624,1.00
246,625,1.00
245,626,1.00
244,627,1.00
243,628,1.00
244,629,1.00
248,621,1.00
247,622,1.00
248,622,1.00
246,623,1.00
247,623,1.00
245,624,1.00
246,624,1.00
244,625,1.00
245,625,1.00
243,626,1.00
244,626,1.00
242,627,1.00
243,627,1.00
247,621,1.00
246,622,1.00
245,623,1.00
244,624,1.00
243,625,1.00
242,626,1.00
241,627,1.00
242,628,1.00
243,629,1.00
244,630,1.00
245,631,1.00
246,632,0.86
247,633,0.29
246,620,1.00
245,621,1.00
246,621,1.00
244,622,1.00
245,622,1.00
243,623,1.00
244,623,1.00
242,624,1.00
243,624,1.00
241,625,1.00
242,625,1.00
240,626,1.00
241,626,1.00
245,619,1.00
244,620,1.00
245,620,1.00
243,621,1.00
244,621,1.00
242,622,1.00
243,622,1.00
241,623,1.00
242,623,1.00
240,624,1.00
241,624,1.00
239,625,1.00
240,625,1.00
244,619,1.00
243,620,1.00
242,621,1.00
241,622,1.00
240,623,1.00
239,624,1.00
238,625,0.29
239,626,0.29
240,627,0.29
241,628,0.29
242,629,0.29
243,630,0.29
244,631,0.29
244,618,1.00
243,619,1.00
242,620,1.00
241,621,1.00
240,622,1.00
239,623,1.00
238,624,1.00
244,617,1.00
243,618,1.00
245,618,1.00
242,619,1.00
246,619,1.00
241,620,1.00
247,620,1.00
240,621,1.00
239,622,1.00
238,623,1.00
243,616,1.00
242,617,1.00
243,617,1.00
241,618,1.00
242,618,1.00
240,619,1.00
241,619,1.00
239,620,1.00
240,620,1.00
238,621,1.00
239,621,1.00
237,622,1.00
238,622,1.00
243,615,0.29
242,616,1.00
244,616,0.29
241,617,1.00
245,617,0.29
240,618,1.00
246,618,0.29
239,619,1.00
247,619,0.29
238,620,1.00
248,620,0.29
237,621,1.00
249,621,0.29
242,615,1.00
241,616,1.00
240,617,1.00
239,618,1.00
238,619,1.00
237,620,1.00
236,621,1.00
241,615,1.00
240,616,1.00
239,617,1.00
238,618,1.00
237,619,1.00
236,620,1.00
235,621,1.00
236,622,1.00
237,623,1.00
241,614,1.00
240,615,1.00
239,616,1.00
238,617,1.00
237,618,1.00
236,619,1.00
235,620,1.00
240,614,1.00
239,615,1.00
238,616,1.00
237,617,1.00
236,618,1.00
235,619,1.00
234,620,1.00
239,613,1.00
238,614,1.00
239,614,1.00
237,615,1.00
238,615,1.00
236,616,1.00
237,616,1.00
235,617,1.00
236,617,1.00
234,618,1.00
235,618,1.00
233,619,1.00
234,619,1.00
239,612,1.00
238,613,1.00
240,613,1.00
237,614,1.00
236,615,1.00
235,616,1.00
234,617,1.00
233,618,1.00
238,612,1.00
237,613,1.00
236,614,1.00
235,615,1.00
234,616,1.00
233,617,1.00
232,618,1.00
238,611,1.00
237,612,1.00
236,613,1.00
235,614,1.00
234,615,1.00
233,616,1.00
232,617,1.00
237,610,1.00
236,611,1.00
237,611,1.00
235,612,1.00
236,612,1.00
234,613,1.00
235,613,1.00
233,614,1.00
234,614,1.00
232,615,1.00
233,615,1.00
231,616,1.00
232,616,1.00
236,609,0.57
235,610,1.00
236,610,1.00
234,611,1.00
235,611,1.00
233,612,1.00
234,612,1.00
232,613,1.00
233,613,1.00
231,614,1.00
232,614,1.00
230,615,1.00
231,615,1.00
235,609,0.57
234,610,1.00
233,611,1.00
232,612,1.00
231,613,1.00
230,614,1.00
229,615,1.00
230,616,1.00
231,617,1.00
234,609,1.00
233,610,1.00
232,611,1.00
231,612,1.00
230,613,1.00
229,614,1.00
228,615,1.00
229,616,1.00
230,617,1.00
231,618,1.00
232,619,1.00
233,620,1.00
234,621,0.29
233,609,1.00
232,610,1.00
231,611,1.00
230,612,1.00
229,613,1.00
228,614,1.00
227,615,1.00
228,616,1.00
229,617,1.00
230,618,1.00
231,619,1.00
232,620,0.86
233,621,0.29
233,608,0.86
232,609,1.00
231,610,1.00
230,611,1.00
229,612,1.00
228,613,1.00
227,614,1.00
232,608,1.00
231,609,1.00
230,610,1.00
229,611,1.00
228,612,1.00
227,613,1.00
226,614,1.00
232,607,0.57
231,608,1.00
230,609,1.00
229,610,1.00
228,611,1.00
227,612,1.00
226,613,1.00
231,607,1.00
230,608,1.00
229,609,1.00
228,610,1.00
227,611,1.00
226,612,1.00
225,613,1.00
231,606,0.29
230,607,1.00
229,608,1.00
228,609,1.00
227,610,1.00
226,611,1.00
225,612,1.00
230,606,1.00
229,607,1.00
228,608,1.00
227,609,1.00
226,610,1.00
225,611,1.00
224,612,1.00
229,605,0.86
228,606,1.00
229,606,1.00
227,607,1.00
228,607,1.00
226,608,1.00
227,608,1.00
225,609,1.00
226,609,1.00
224,610,1.00
225,610,1.00
223,611,1.00
224,611,1.00
228,604,0.29
227,605,1.00
228,605,1.00
226,606,1.00
227,606,1.00
225,607,1.00
226,607,1.00
224,608,1.00
225,608,1.00
223,609,1.00
224,609,1.00
222,610,1.00
223,610,1.00
227,604,1.00
226,605,1.00
225,606,1.00
224,607,1.00
223,608,1.00
222,609,1.00
221,610,1.00
222,611,1.00
223,612,1.00
224,613,1.00
225,614,1.00
226,615,1.00
227,616,0.57
226,603,1.00
225,604,1.00
226,604,1.00
224,605,1.00
225,605,1.00
223,606,1.00
224,606,1.00
222,607,1.00
223,607,1.00
221,608,1.00
222,608,1.00
220,609,1.00
221,609,1.00
225,602,1.00
224,603,1.00
225,603,1.00
223,604,1.00
224,604,1.00
222,605,1.00
223,605,1.00
221,606,1.00
222,606,1.00
220,607,1.00
221,607,1.00
219,608,1.00
220,608,1.00
224,601,1.00
223,602,1.00
224,602,1.00
222,603,1.00
223,603,1.00
221,604,1.00
222,604,1.00
220,605,1.00
221,605,1.00
219,606,1.00
220,606,1.00
218,607,1.00
219,607,1.00
223,600,1.00
222,601,1.00
223,601,1.00
221,602,1.00
222,602,1.00
220,603,1.00
221,603,1.00
219,604,1.00
220,604,1.00
218,605,1.00
219,605,1.00
217,606,1.00
218,606,1.00
222,599,1.00
221,600,1.00
222,600,1.00
220,601,1.00
221,601,1.00
219,602,1.00
220,602,1.00
218,603,1.00
219,603,1.00
217,604,1.00
218,604,1.00
216,605,1.00
217,605,1.00
221,598,1.00
220,599,1.00
221,599,1.00
219,600,1.00
220,600,1.00
218,601,1.00
219,601,1.00
217,602,1.00
218,602,1.00
216,603,1.00
217,603,1.00
215,604,1.00
216,604,1.00
221,597,1.00
220,598,1.00
222,598,1.00
219,599,1.00
223,599,1.00
218,600,1.00
224,600,1.00
217,601,1.00
225,601,0.86
216,602,1.00
226,602,0.57
215,603,1.00
227,603,0.29
220,597,1.00
219,598,1.00
218,599,1.00
217,600,1.00
216,601,1.00
215,602,1.00
214,603,0.86
220,596,1.00
219,597,1.00
218,598,1.00
217,599,1.00
216,600,1.00
215,601,1.00
214,602,1.00
219,596,1.00
218,597,1.00
217,598,1.00
216,599,1.00
215,600,1.00
214,601,1.00
213,602,0.57
219,595,1.00
218,596,1.00
217,597,1.00
216,598,1.00
215,599,1.00
214,600,1.00
213,601,1.00
218,594,1.00
217,595,1.00
218,595,1.00
216,596,1.00
217,596,1.00
215,597,1.00
216,597,1.00
214,598,1.00
215,598,1.00
213,599,1.00
214,599,1.00
212,600,1.00
213,600,1.00
217,593,1.00
216,594,1.00
217,594,1.00
215,595,1.00
216,595,1.00
214,596,1.00
215,596,1.00
213,597,1.00
214,597,1.00
212,598,1.00
213,598,1.00
211,599,0.57
212,599,1.00
217,592,1.00
216,593,1.00
218,593,1.00
215,594,1.00
219,594,1.00
214,595,1.00
220,595,1.00
213,596,1.00
221,596,1.00
212,597,1.00
222,597,0.57
211,598,1.00
223,598,0.29
216,592,1.00
215,593,1.00
214,594,1.00
213,595,1.00
212,596,1.00
211,597,1.00
210,598,0.29
216,591,1.00
215,592,1.00
214,593,1.00
213,594,1.00
212,595,1.00
211,596,1.00
210,597,1.00
215,590,1.00
214,591,1.00
215,591,1.00
213,592,1.00
214,592,1.00
212,593,1.00
213,593,1.00
211,594,1.00
212,594,1.00
210,595,1.00
211,595,1.00
209,596,1.00
210,596,1.00
214,589,1.00
213,590,1.00
214,590,1.00
212,591,1.00
213,591,1.00
211,592,1.00
212,592,1.00
210,593,1.00
211,593,1.00
209,594,1.00
210,594,1.00
208,595,0.86
209,595,1.00
213,588,1.00
212,589,1.00
213,589,1.00
211,590,1.00
212,590,1.00
210,591,1.00
211,591,1.00
209,592,1.00
210,592,1.00
208,593,1.00
209,593,1.00
207,594,0.29
208,594,0.86
213,587,1.00
212,588,1.00
214,588,1.00
211,589,1.00
215,589,1.00
210,590,1.00
216,590,1.00
209,591,1.00
217,591,1.00
208,592,1.00
218,592,1.00
207,593,0.29
219,593,0.29
213,586,1.00
212,587,1.00
214,587,1.00
211,588,1.00
215,588,1.00
210,589,1.00
216,589,1.00
209,590,1.00
217,590,1.00
208,591,1.00
218,591,1.00
207,592,0.29
219,592,0.29
213,585,1.00
212,586,1.00
214,586,1.00
211,587,1.00
215,587,1.00
210,588,1.00
216,588,1.00
209,589,1.00
217,589,1.00
208,590,1.00
218,590,1.00
207,591,0.29
219,591,0.29
213,584,1.00
212,585,1.00
214,585,1.00
211,586,1.00
215,586,1.00
210,587,1.00
216,587,1.00
209,588,1.00
217,588,1.00
208,589,1.00
218,589,0.86
207,590,0.29
219,590,0.29
213,583,1.00
212,584,1.00
214,584,1.00
211,585,1.00
215,585,1.00
210,586,1.00
216,586,1.00
209,587,1.00
217,587,1.00
208,588,1.00
218,588,0.57
207,589,0.57
219,589,0.29
212,582,1.00
211,583,1.00
212,583,1.00
210,584,1.00
211,584,1.00
209,585,1.00
210,585,1.00
208,586,1.00
209,586,1.00
207,587,1.00
208,587,1.00
206,588,0.29
207,588,0.86
212,581,1.00
211,582,1.00
213,582,1.00
210,583,1.00
214,583,1.00
209,584,1.00
215,584,1.00
208,585,1.00
216,585,1.00
207,586,1.00
217,586,1.00
206,587,0.29
218,587,0.29
212,580,1.00
211,581,1.00
213,581,1.00
210,582,1.00
214,582,1.00
209,583,1.00
215,583,1.00
208,584,1.00
216,584,1.00
207,585,1.00
217,585,1.00
206,586,0.29
218,586,0.29
212,579,1.00
211,580,1.00
213,580,1.00
210,581,1.00
214,581,1.00
209,582,1.00
215,582,1.00
208,583,1.00
216,583,1.00
207,584,1.00
217,584,1.00
206,585,0.29
218,585,0.29
212,578,1.00
211,579,1.00
213,579,1.00
210,580,1.00
214,580,1.00
209,581,1.00
215,581,1.00
208,582,1.00
216,582,1.00
207,583,1.00
217,583,0.86
206,584,0.86
218,584,0.57
211,577,1.00
210,578,1.00
211,578,1.00
209,579,1.00
210,579,1.00
208,580,1.00
209,580,1.00
207,581,1.00
208,581,1.00
206,582,1.00
207,582,1.00
205,583,0.29
206,583,0.86
211,576,1.00
210,577,1.00
212,577,1.00
209,578,1.00
213,578,1.00
208,579,1.00
214,579,1.00
207,580,1.00
215,580,1.00
206,581,1.00
216,581,1.00
205,582,0.29
217,582,0.29
211,575,1.00
210,576,1.00
212,576,1.00
209,577,1.00
213,577,1.00
208,578,1.00
214,578,1.00
207,579,1.00
215,579,1.00
206,580,1.00
216,580,1.00
205,581,0.29
217,581,0.29
211,574,1.00
210,575,1.00
212,575,1.00
209,576,1.00
213,576,1.00
208,577,1.00
214,577,1.00
207,578,1.00
215,578,1.00
206,579,1.00
216,579,1.00
205,580,0.29
217,580,0.29
211,573,1.00
210,574,1.00
212,574,1.00
209,575,1.00
213,575,1.00
208,576,1.00
214,576,1.00
207,577,1.00
215,577,1.00
206,578,1.00
216,578,1.00
205,579,0.57
217,579,0.57
211,572,1.00
210,573,1.00
212,573,1.00
209,574,1.00
213,574,1.00
208,575,1.00
214,575,1.00
207,576,1.00
215,576,1.00
206,577,1.00
216,577,1.00
205,578,1.00
217,578,0.29
210,571,1.00
209,572,1.00
210,572,1.00
208,573,1.00
209,573,1.00
207,574,1.00
208,574,1.00
206,575,1.00
207,575,1.00
205,576,1.00
206,576,1.00
204,577,1.00
205,577,1.00
209,570,1.00
208,571,1.00
209,571,1.00
207,572,1.00
208,572,1.00
206,573,1.00
207,573,1.00
205,574,1.00
206,574,1.00
204,575,1.00
205,575,1.00
203,576,0.57
204,576,1.00
209,569,1.00
208,570,1.00
210,570,1.00
207,571,1.00
211,571,1.00
206,572,1.00
212,572,1.00
205,573,1.00
213,573,1.00
204,574,1.00
214,574,0.86
203,575,0.86
215,575,0.57
208,568,1.00
207,569,1.00
208,569,1.00
206,570,1.00
207,570,1.00
205,571,1.00
206,571,1.00
204,572,1.00
205,572,1.00
203,573,1.00
204,573,1.00
202,574,0.29
203,574,1.00
208,567,1.00
207,568,1.00
209,568,1.00
206,569,1.00
210,569,1.00
205,570,1.00
211,570,1.00
204,571,1.00
212,571,1.00
203,572,1.00
213,572,1.00
202,573,0.57
214,573,0.57
208,566,1.00
207,567,1.00
209,567,1.00
206,568,1.00
210,568,1.00
205,569,1.00
211,569,1.00
204,570,1.00
212,570,1.00
203,571,1.00
213,571,1.00
202,572,0.57
214,572,0.29
208,565,1.00
207,566,1.00
209,566,1.00
206,567,1.00
210,567,1.00
205,568,1.00
211,568,1.00
204,569,1.00
212,569,1.00
203,570,1.00
213,570,0.86
202,571,1.00
214,571,0.29
207,565,1.00
206,566,1.00
205,567,1.00
204,568,1.00
203,569,1.00
202,570,1.00
201,571,0.29
207,564,1.00
206,565,1.00
205,566,1.00
204,567,1.00
203,568,1.00
202,569,1.00
201,570,0.57
207,563,1.00
206,564,1.00
208,564,1.00
205,565,1.00
209,565,1.00
204,566,1.00
210,566,1.00
203,567,1.00
211,567,1.00
202,568,1.00
212,568,1.00
201,569,0.29
213,569,0.29
207,562,1.00
206,563,1.00
208,563,1.00
205,564,1.00
209,564,1.00
204,565,1.00
210,565,1.00
203,566,1.00
211,566,1.00
202,567,1.00
212,567,1.00
201,568,0.29
213,568,0.29
207,561,1.00
206,562,1.00
208,562,1.00
205,563,1.00
209,563,1.00
204,564,1.00
210,564,1.00
203,565,1.00
211,565,1.00
202,566,1.00
212,566,1.00
201,567,0.57
213,567,0.57
207,560,1.00
206,561,1.00
208,561,1.00
205,562,1.00
209,562,1.00
204,563,1.00
210,563,1.00
203,564,1.00
211,564,1.00
202,565,1.00
212,565,1.00
201,566,0.29
213,566,0.29
207,559,1.00
206,560,1.00
208,560,1.00
205,561,1.00
209,561,1.00
204,562,1.00
210,562,1.00
203,563,1.00
211,563,1.00
202,564,1.00
212,564,1.00
201,565,0.86
213,565,0.86
207,558,1.00
206,559,1.00
208,559,1.00
205,560,1.00
209,560,1.00
204,561,1.00
210,561,1.00
203,562,1.00
211,562,1.00
202,563,1.00
212,563,1.00
201,564,0.57
213,564,0.57
207,557,1.00
206,558,1.00
208,558,1.00
205,559,1.00
209,559,1.00
204,560,1.00
210,560,1.00
203,561,1.00
211,561,1.00
202,562,1.00
212,562,1.00
201,563,0.57
213,563,0.57
207,556,1.00
206,557,1.00
208,557,1.00
205,558,1.00
209,558,1.00
204,559,1.00
210,559,1.00
203,560,1.00
211,560,1.00
202,561,1.00
212,561,1.00
201,562,0.57
213,562,0.57
207,555,1.00
206,556,1.00
208,556,1.00
205,557,1.00
209,557,1.00
204,558,1.00
210,558,1.00
203,559,1.00
211,559,1.00
202,560,1.00
212,560,1.00
201,561,0.29
213,561,0.29
207,554,1.00
206,555,1.00
208,555,1.00
205,556,1.00
209,556,1.00
204,557,1.00
210,557,1.00
203,558,1.00
211,558,1.00
202,559,1.00
212,559,1.00
201,560,0.29
213,560,0.29
207,553,1.00
206,554,1.00
208,554,1.00
205,555,1.00
209,555,1.00
204,556,1.00
210,556,1.00
203,557,1.00
211,557,1.00
202,558,1.00
212,558,1.00
201,559,0.86
213,559,0.86
207,552,1.00
206,553,1.00
208,553,1.00
205,554,1.00
209,554,1.00
204,555,1.00
210,555,1.00
203,556,1.00
211,556,1.00
202,557,1.00
212,557,1.00
201,558,0.29
213,558,0.29
207,551,1.00
206,552,1.00
208,552,1.00
205,553,1.00
209,553,1.00
204,554,1.00
210,554,1.00
203,555,1.00
211,555,1.00
202,556,1.00
212,556,1.00
201,557,0.57
213,557,0.57
207,550,1.00
206,551,1.00
208,551,1.00
205,552,1.00
209,552,1.00
204,553,1.00
210,553,1.00
203,554,1.00
211,554,1.00
202,555,1.00
212,555,1.00
201,556,0.29
213,556,0.29
207,549,1.00
206,550,1.00
208,550,1.00
205,551,1.00
209,551,1.00
204,552,1.00
210,552,1.00
203,553,1.00
211,553,1.00
202,554,1.00
212,554,1.00
201,555,0.57
213,555,0.57
207,548,1.00
206,549,1.00
208,549,1.00
205,550,1.00
209,550,1.00
204,551,1.00
210,551,1.00
203,552,1.00
211,552,1.00
202,553,1.00
212,553,1.00
201,554,0.86
213,554,0.86
207,547,1.00
206,548,1.00
208,548,1.00
205,549,1.00
209,549,1.00
204,550,1.00
210,550,1.00
203,551,1.00
211,551,1.00
202,552,1.00
212,552,1.00
201,553,0.57
213,553,0.57
207,546,1.00
206,547,1.00
208,547,1.00
205,548,1.00
209,548,1.00
204,549,1.00
210,549,1.00
203,550,1.00
211,550,1.00
202,551,1.00
212,551,1.00
201,552,1.00
213,552,1.00
207,545,1.00
206,546,1.00
208,546,1.00
205,547,1.00
209,547,1.00
204,548,1.00
210,548,1.00
203,549,1.00
211,549,1.00
202,550,1.00
212,550,1.00
201,551,0.57
213,551,0.57
207,544,1.00
206,545,1.00
208,545,1.00
205,546,1.00
209,546,1.00
204,547,1.00
210,547,1.00
203,548,1.00
211,548,1.00
202,549,1.00
212,549,1.00
201,550,0.57
213,550,0.57
207,543,1.00
206,544,1.00
208,544,1.00
205,545,1.00
209,545,1.00
204,546,1.00
210,546,1.00
203,547,1.00
211,547,1.00
202,548,1.00
212,548,1.00
201,549,1.00
213,549,1.00

239,609,0.29
238,610,1.00
239,610,1.00
240,610,0.29
237,611,1.00
238,611,1.00
239,611,1.00
240,611,1.00
241,611,0.29
236,612,1.00
237,612,1.00
238,612,1.00
239,612,1.00
240,612,1.00
241,612,1.00
242,612,0.29
235,613,1.00
236,613,1.00
237,613,1.00
238,613,1.00
239,613,1.00
240,613,1.00
241,613,1.00
242,613,1.00
243,613,0.29
234,614,1.00
235,614,1.00
236,614,1.00
237,614,1.00
238,614,1.00
239,614,1.00
240,614,1.00
241,614,1.00
242,614,1.00
243,614,1.00
244,614,0.29
233,615,1.00
234,615,1.00
235,615,1.00
236,615,1.00
237,615,1.00
238,615,1.00
239,615,1.00
240,615,1.00
241,615,1.00
242,615,1.00
243,615,1.00
244,615,1.00
245,615,0.29
234,616,1.00
235,616,1.00
236,616,1.00
237,616,1.00
238,616,1.00
239,616,1.00
240,616,1.00
241,616,1.00
242,616,1.00
243,616,1.00
244,616,0.29
235,617,1.00
236,617,1.00
237,617,1.00
238,617,1.00
239,617,1.00
240,617,1.00
241,617,1.00
242,617,1.00
243,617,0.29
236,618,1.00
237,618,1.00
238,618,1.00
239,618,1.00
240,618,1.00
241,618,1.00
242,618,0.29
237,619,1.00
238,619,1.00
239,619,1.00
240,619,1.00
241,619,0.29
238,620,1.00
239,620,1.00
240,620,0.29
239,621,0.29
238,609,1.00
237,610,1.00
236,611,1.00
235,612,1.00
234,613,1.00
233,614,1.00
232,615,1.00
233,616,1.00
234,617,1.00
235,618,1.00
236,619,1.00
237,620,1.00
238,621,1.00
237,609,0.86
236,610,1.00
235,611,1.00
234,612,1.00
233,613,1.00
232,614,1.00
231,615,1.00
232,616,1.00
233,617,1.00
234,618,1.00
235,619,1.00
236,620,1.00
237,621,0.86
236,609,1.00
235,610,1.00
234,611,1.00
233,612,1.00
232,613,1.00
231,614,1.00
230,615,1.00
231,616,1.00
232,617,1.00
233,618,1.00
234,619,1.00
235,620,1.00
236,621,1.00
235,609,0.86
234,610,1.00
233,611,1.00
232,612,1.00
231,613,1.00
230,614,1.00
229,615,1.00
230,616,1.00
231,617,1.00
232,618,1.00
233,619,1.00
234,620,0.86
235,621,0.57
234,608,0.29
233,609,1.00
234,609,1.00
232,610,1.00
233,610,1.00
231,611,1.00
232,611,1.00
230,612,1.00
231,612,1.00
229,613,1.00
230,613,1.00
228,614,1.00
229,614,1.00
233,608,1.00
232,609,1.00
231,610,1.00
230,611,1.00
229,612,1.00
228,613,1.00
227,614,1.00
228,615,1.00
229,616,1.00
230,617,1.00
231,618,1.00
232,619,1.00
233,620,0.29
232,608,1.00
231,609,1.00
230,610,1.00
229,611,1.00
228,612,1.00
227,613,1.00
226,614,1.00
227,615,1.00
228,616,1.00
229,617,1.00
230,618,1.00
231,619,0.57
232,620,0.29
232,607,0.86
231,608,1.00
230,609,1.00
229,610,1.00
228,611,1.00
227,612,1.00
226,613,1.00
231,606,0.86
230,607,1.00
231,607,1.00
229,608,1.00
230,608,1.00
228,609,1.00
229,609,1.00
227,610,1.00
228,610,1.00
226,611,1.00
227,611,1.00
225,612,1.00
226,612,1.00
230,606,1.00
229,607,1.00
228,608,1.00
227,609,1.00
226,610,1.00
225,611,1.00
224,612,1.00
225,613,1.00
229,606,1.00
228,607,1.00
227,608,1.00
226,609,1.00
225,610,1.00
224,611,1.00
223,612,1.00
224,613,1.00
225,614,1.00
226,615,1.00
227,616,1.00
228,617,1.00
229,618,1.00
229,605,1.00
228,606,1.00
227,607,1.00
226,608,1.00
225,609,1.00
224,610,1.00
223,611,1.00
228,605,1.00
227,606,1.00
226,607,1.00
225,608,1.00
224,609,1.00
223,610,1.00
222,611,1.00
227,604,1.00
226,605,1.00
227,605,1.00
225,606,1.00
226,606,1.00
224,607,1.00
225,607,1.00
223,608,1.00
224,608,1.00
222,609,1.00
223,609,1.00
221,610,1.00
222,610,1.00
226,603,1.00
225,604,1.00
226,604,1.00
224,605,1.00
225,605,1.00
223,606,1.00
224,606,1.00
222,607,1.00
223,607,1.00
221,608,1.00
222,608,1.00
220,609,1.00
221,609,1.00
226,602,1.00
225,603,1.00
227,603,1.00
224,604,1.00
228,604,1.00
223,605,1.00
222,606,1.00
221,607,1.00
220,608,1.00
225,601,1.00
224,602,1.00
225,602,1.00
223,603,1.00
224,603,1.00
222,604,1.00
223,604,1.00
221,605,1.00
222,605,1.00
220,606,1.00
221,606,1.00
219,607,1.00
220,607,1.00
225,600,1.00
224,601,1.00
226,601,1.00
223,602,1.00
227,602,1.00
222,603,1.00
228,603,1.00
221,604,1.00
229,604,1.00
220,605,1.00
230,605,1.00
219,606,1.00
224,599,1.00
223,600,1.00
224,600,1.00
222,601,1.00
223,601,1.00
221,602,1.00
222,602,1.00
220,603,1.00
221,603,1.00
219,604,1.00
220,604,1.00
218,605,1.00
219,605,1.00
224,598,1.00
223,599,1.00
225,599,1.00
222,600,1.00
226,600,1.00
221,601,1.00
227,601,1.00
220,602,1.00
228,602,1.00
219,603,1.00
229,603,1.00
218,604,1.00
230,604,0.57
224,597,1.00
223,598,1.00
225,598,1.00
222,599,1.00
226,599,1.00
221,600,1.00
227,600,1.00
220,601,1.00
228,601,1.00
219,602,1.00
229,602,1.00
218,603,1.00
230,603,0.29
223,597,1.00
222,598,1.00
221,599,1.00
220,600,1.00
219,601,1.00
218,602,1.00
217,603,1.00
223,596,1.00
222,597,1.00
221,598,1.00
220,599,1.00
219,600,1.00
218,601,1.00
217,602,1.00
223,595,1.00
222,596,1.00
224,596,1.00
221,597,1.00
225,597,1.00
220,598,1.00
226,598,1.00
219,599,1.00
227,599,1.00
218,600,1.00
228,600,1.00
217,601,1.00
229,601,0.29
222,595,1.00
221,596,1.00
220,597,1.00
219,598,1.00
218,599,1.00
217,600,1.00
216,601,1.00
222,594,1.00
221,595,1.00
220,596,1.00
219,597,1.00
218,598,1.00
217,599,1.00
216,600,1.00
222,593,1.00
221,594,1.00
223,594,1.00
220,595,1.00
224,595,1.00
219,596,1.00
225,596,1.00
218,597,1.00
226,597,1.00
217,598,1.00
227,598,1.00
216,599,1.00
228,599,0.57
221,593,1.00
220,594,1.00
219,595,1.00
218,596,1.00
217,597,1.00
216,598,1.00
215,599,1.00
221,592,1.00
220,593,1.00
219,594,1.00
218,595,1.00
217,596,1.00
216,597,1.00
215,598,1.00
220,591,1.00
219,592,1.00
220,592,1.00
218,593,1.00
219,593,1.00
217,594,1.00
218,594,1.00
216,595,1.00
217,595,1.00
215,596,1.00
216,596,1.00
214,597,1.00
215,597,1.00
219,590,1.00
218,591,1.00
219,591,1.00
217,592,1.00
218,592,1.00
216,593,1.00
217,593,1.00
215,594,1.00
216,594,1.00
214,595,1.00
215,595,1.00
213,596,1.00
214,596,1.00
219,589,1.00
218,590,1.00
220,590,1.00
217,591,1.00
221,591,1.00
216,592,1.00
222,592,1.00
215,593,1.00
223,593,1.00
214,594,1.00
224,594,1.00
213,595,1.00
225,595,1.00
218,588,1.00
217,589,1.00
218,589,1.00
216,590,1.00
217,590,1.00
215,591,1.00
216,591,1.00
214,592,1.00
215,592,1.00
213,593,1.00
214,593,1.00
212,594,0.57
213,594,1.00
218,587,1.00
217,588,1.00
219,588,1.00
216,589,1.00
220,589,1.00
215,590,1.00
221,590,1.00
214,591,1.00
222,591,1.00
213,592,1.00
223,592,1.00
212,593,0.86
224,593,1.00
218,586,1.00
217,587,1.00
219,587,1.00
216,588,1.00
220,588,1.00
215,589,1.00
221,589,1.00
214,590,1.00
222,590,1.00
213,591,1.00
223,591,1.00
212,592,1.00
224,592,1.00
217,586,1.00
216,587,1.00
215,588,1.00
214,589,1.00
213,590,1.00
212,591,1.00
211,592,0.29
217,585,1.00
216,586,1.00
215,587,1.00
214,588,1.00
213,589,1.00
212,590,1.00
211,591,0.57
217,584,1.00
216,585,1.00
218,585,1.00
215,586,1.00
219,586,1.00
214,587,1.00
220,587,1.00
213,588,1.00
221,588,1.00
212,589,1.00
222,589,1.00
211,590,1.00
223,590,1.00
217,583,1.00
216,584,1.00
218,584,1.00
215,585,1.00
219,585,1.00
214,586,1.00
220,586,1.00
213,587,1.00
221,587,1.00
212,588,1.00
222,588,1.00
211,589,1.00
223,589,1.00
217,582,1.00
216,583,1.00
218,583,1.00
215,584,1.00
219,584,1.00
214,585,1.00
220,585,1.00
213,586,1.00
221,586,1.00
212,587,1.00
222,587,1.00
211,588,1.00
223,588,1.00
216,582,1.00
215,583,1.00
214,584,1.00
213,585,1.00
212,586,1.00
211,587,1.00
210,588,0.57
216,581,1.00
215,582,1.00
214,583,1.00
213,584,1.00
212,585,1.00
211,586,1.00
210,587,0.57
216,580,1.00
215,581,1.00
217,581,1.00
214,582,1.00
218,582,1.00
213,583,1.00
219,583,1.00
212,584,1.00
220,584,1.00
211,585,1.00
221,585,1.00
210,586,1.00
222,586,1.00
216,579,1.00
215,580,1.00
217,580,1.00
214,581,1.00
218,581,1.00
213,582,1.00
219,582,1.00
212,583,1.00
220,583,1.00
211,584,1.00
221,584,1.00
210,585,1.00
222,585,1.00
215,579,1.00
214,580,1.00
213,581,1.00
212,582,1.00
211,583,1.00
210,584,1.00
209,585,0.29
215,578,1.00
214,579,1.00
213,580,1.00
212,581,1.00
211,582,1.00
210,583,1.00
209,584,1.00
215,577,1.00
214,578,1.00
216,578,1.00
213,579,1.00
217,579,1.00
212,580,1.00
218,580,1.00
211,581,1.00
219,581,1.00
210,582,1.00
220,582,1.00
209,583,1.00
221,583,1.00
214,577,1.00
213,578,1.00
212,579,1.00
211,580,1.00
210,581,1.00
209,582,1.00
208,583,0.57
214,576,1.00
213,577,1.00
212,578,1.00
211,579,1.00
210,580,1.00
209,581,1.00
208,582,1.00
213,575,1.00
212,576,1.00
213,576,1.00
211,577,1.00
212,577,1.00
210,578,1.00
211,578,1.00
209,579,1.00
210,579,1.00
208,580,1.00
209,580,1.00
207,581,0.57
208,581,1.00
213,574,1.00
212,575,1.00
214,575,1.00
211,576,1.00
215,576,1.00
210,577,1.00
216,577,1.00
209,578,1.00
217,578,1.00
208,579,1.00
218,579,1.00
207,580,0.57
219,580,1.00
213,573,1.00
212,574,1.00
214,574,1.00
211,575,1.00
215,575,1.00
210,576,1.00
216,576,1.00
209,577,1.00
217,577,1.00
208,578,1.00
218,578,1.00
207,579,0.29
219,579,1.00
213,572,1.00
212,573,1.00
214,573,1.00
211,574,1.00
215,574,1.00
210,575,1.00
216,575,1.00
209,576,1.00
217,576,1.00
208,577,1.00
218,577,1.00
207,578,0.29
219,578,1.00
213,571,1.00
212,572,1.00
214,572,1.00
211,573,1.00
215,573,1.00
210,574,1.00
216,574,1.00
209,575,1.00
217,575,1.00
208,576,1.00
218,576,1.00
207,577,0.86
219,577,1.00
213,570,1.00
212,571,1.00
214,571,1.00
211,572,1.00
215,572,1.00
210,573,1.00
216,573,1.00
209,574,1.00
217,574,1.00
208,575,1.00
218,575,1.00
207,576,0.29
219,576,1.00
213,569,1.00
212,570,1.00
214,570,1.00
211,571,1.00
215,571,1.00
210,572,1.00
216,572,1.00
209,573,1.00
217,573,1.00
208,574,1.00
218,574,1.00
207,575,0.29
219,575,1.00
213,568,1.00
212,569,1.00
214,569,1.00
211,570,1.00
215,570,1.00
210,571,1.00
216,571,1.00
209,572,1.00
217,572,1.00
208,573,1.00
218,573,1.00
207,574,0.29
219,574,1.00
213,567,1.00
212,568,1.00
214,568,1.00
211,569,1.00
215,569,1.00
210,570,1.00
216,570,1.00
209,571,1.00
217,571,1.00
208,572,1.00
218,572,1.00
207,573,0.57
219,573,1.00
213,566,1.00
212,567,1.00
214,567,1.00
211,568,1.00
215,568,1.00
210,569,1.00
216,569,1.00
209,570,1.00
217,570,1.00
208,571,1.00
218,571,1.00
207,572,1.00
219,572,0.86
213,565,1.00
212,566,1.00
214,566,1.00
211,567,1.00
215,567,1.00
210,568,1.00
216,568,1.00
209,569,1.00
217,569,1.00
208,570,1.00
218,570,1.00
207,571,1.00
219,571,1.00
212,565,1.00
211,566,1.00
210,567,1.00
209,568,1.00
208,569,1.00
207,570,1.00
206,571,0.29
212,564,1.00
211,565,1.00
210,566,1.00
209,567,1.00
208,568,1.00
207,569,1.00
206,570,0.29
212,563,1.00
211,564,1.00
213,564,1.00
210,565,1.00
214,565,1.00
209,566,1.00
215,566,1.00
208,567,1.00
216,567,1.00
207,568,1.00
217,568,1.00
206,569,0.29
218,569,1.00
212,562,1.00
211,563,1.00
213,563,1.00
210,564,1.00
214,564,1.00
209,565,1.00
215,565,1.00
208,566,1.00
216,566,1.00
207,567,1.00
217,567,1.00
206,568,0.57
218,568,1.00
211,561,1.00
210,562,1.00
211,562,1.00
209,563,1.00
210,563,1.00
208,564,1.00
209,564,1.00
207,565,1.00
208,565,1.00
206,566,1.00
207,566,1.00
205,567,0.29
206,567,1.00
211,560,1.00
210,561,1.00
212,561,1.00
209,562,1.00
213,562,1.00
208,563,1.00
214,563,1.00
207,564,1.00
215,564,1.00
206,565,1.00
216,565,1.00
205,566,0.57
217,566,1.00
211,559,1.00
210,560,1.00
212,560,1.00
209,561,1.00
213,561,1.00
208,562,1.00
214,562,1.00
207,563,1.00
215,563,1.00
206,564,1.00
216,564,1.00
205,565,1.00
217,565,1.00
210,559,1.00
209,560,1.00
208,561,1.00
207,562,1.00
206,563,1.00
205,564,1.00
204,565,0.29
210,558,1.00
209,559,1.00
208,560,1.00
207,561,1.00
206,562,1.00
205,563,1.00
204,564,0.29
210,557,1.00
209,558,1.00
211,558,1.00
208,559,1.00
212,559,1.00
207,560,1.00
213,560,1.00
206,561,1.00
214,561,1.00
205,562,1.00
215,562,1.00
204,563,1.00
216,563,1.00
210,556,1.00
209,557,1.00
211,557,1.00
208,558,1.00
212,558,1.00
207,559,1.00
213,559,1.00
206,560,1.00
214,560,1.00
205,561,1.00
215,561,1.00
204,562,1.00
216,562,1.00
209,556,1.00
208,557,1.00
207,558,1.00
206,559,1.00
205,560,1.00
204,561,1.00
203,562,0.57
209,555,1.00
208,556,1.00
207,557,1.00
206,558,1.00
205,559,1.00
204,560,1.00
203,561,0.57
209,554,1.00
208,555,1.00
210,555,1.00
207,556,1.00
211,556,1.00
206,557,1.00
212,557,1.00
205,558,1.00
213,558,1.00
204,559,1.00
214,559,1.00
203,560,0.86
215,560,1.00
209,553,1.00
208,554,1.00
210,554,1.00
207,555,1.00
211,555,1.00
206,556,1.00
212,556,1.00
205,557,1.00
213,557,1.00
204,558,1.00
214,558,1.00
203,559,1.00
215,559,1.00
208,553,1.00
207,554,1.00
206,555,1.00
205,556,1.00
204,557,1.00
203,558,1.00
202,559,0.29
208,552,1.00
207,553,1.00
206,554,1.00
205,555,1.00
204,556,1.00
203,557,1.00
202,558,0.29
208,551,1.00
207,552,1.00
209,552,1.00
206,553,1.00
210,553,1.00
205,554,1.00
211,554,1.00
204,555,1.00
212,555,1.00
203,556,1.00
213,556,1.00
202,557,0.57
214,557,1.00
208,550,1.00
207,551,1.00
209,551,1.00
206,552,1.00
210,552,1.00
205,553,1.00
211,553,1.00
204,554,1.00
212,554,1.00
203,555,1.00
213,555,1.00
202,556,0.86
214,556,1.00
207,549,1.00
206,550,1.00
207,550,1.00
205,551,1.00
206,551,1.00
204,552,1.00
205,552,1.00
203,553,1.00
204,553,1.00
202,554,1.00
203,554,1.00
201,555,0.57
202,555,1.00
207,548,1.00
206,549,1.00
208,549,1.00
205,550,1.00
209,550,1.00
204,551,1.00
210,551,1.00
203,552,1.00
211,552,1.00
202,553,1.00
212,553,1.00
201,554,0.29
213,554,1.00
207,547,1.00
206,548,1.00
208,548,1.00
205,549,1.00
209,549,1.00
204,550,1.00
210,550,1.00
203,551,1.00
211,551,1.00
202,552,1.00
212,552,1.00
201,553,0.57
213,553,1.00
207,546,1.00
206,547,1.00
208,547,1.00
205,548,1.00
209,548,1.00
204,549,1.00
210,549,1.00
203,550,1.00
211,550,1.00
202,551,1.00
212,551,1.00
201,552,0.86
213,552,1.00
207,545,1.00
206,546,1.00
208,546,1.00
205,547,1.00
209,547,1.00
204,548,1.00
210,548,1.00
203,549,1.00
211,549,1.00
202,550,1.00
212,550,1.00
201,551,0.29
213,551,1.00
207,544,1.00
206,545,1.00
208,545,1.00
205,546,1.00
209,546,1.00
204,547,1.00
210,547,1.00
203,548,1.00
211,548,1.00
202,549,1.00
212,549,1.00
201,550,0.29
213,550,1.00
207,543,1.00
206,544,1.00
208,544,1.00
205,545,1.00
209,545,1.00
204,546,1.00
210,546,1.00
203,547,1.00
211,547,1.00
202,548,1.00
212,548,1.00
201,549,0.29
213,549,1.00
207,542,1.00
206,543,1.00
208,543,1.00
205,544,1.00
209,544,1.00
204,545,1.00
210,545,1.00
203,546,1.00
211,546,1.00
202,547,1.00
212,547,1.00
201,548,0.57
213,548,1.00
207,541,1.00
206,542,1.00
208,542,1.00
205,543,1.00
209,543,1.00
204,544,1.00
210,544,1.00
203,545,1.00
211,545,1.00
202,546,1.00
212,546,1.00
201,547,1.00
213,547,1.00
207,540,1.00
206,541,1.00
208,541,1.00
205,542,1.00
209,542,1.00
204,543,1.00
210,543,1.00
203,544,1.00
211,544,1.00
202,545,1.00
212,545,1.00
201,546,1.00
213,546,1.00
206,540,1.00
205,541,1.00
204,542,1.00
203,543,1.00
202,544,1.00
201,545,1.00
200,546,0.57
206,539,1.00
205,540,1.00
204,541,1.00
203,542,1.00
202,543,1.00
201,544,1.00
200,545,0.29
206,538,1.00
205,539,1.00
207,539,1.00
204,540,1.00
208,540,1.00
203,541,1.00
209,541,1.00
202,542,1.00
210,542,1.00
201,543,1.00
211,543,1.00
200,544,0.29
212,544,1.00
206,537,1.00
205,538,1.00
207,538,1.00
204,539,1.00
208,539,1.00
203,540,1.00
209,540,1.00
202,541,1.00
210,541,1.00
201,542,1.00
211,542,1.00
200,543,0.57
212,543,1.00
205,536,1.00
204,537,1.00
205,537,1.00
203,538,1.00
204,538,1.00
202,539,1.00
203,539,1.00
201,540,1.00
202,540,1.00
200,541,1.00
201,541,1.00
199,542,0.29
200,542,1.00
205,535,1.00
204,536,1.00
206,536,1.00
203,537,1.00
207,537,1.00
202,538,1.00
208,538,1.00
201,539,1.00
209,539,1.00
200,540,1.00
210,540,1.00
199,541,0.29
211,541,1.00
205,534,1.00
204,535,1.00
206,535,1.00
203,536,1.00
207,536,1.00
202,537,1.00
208,537,1.00
201,538,1.00
209,538,1.00
200,539,1.00
210,539,1.00
199,540,1.00
211,540,1.00
206,534,0.57
207,535,0.57
208,536,0.57
209,537,0.57
210,538,0.57
211,539,0.57
212,540,0.57
212,541,0.57
212,542,1.00
213,543,0.57
213,544,0.57
213,545,1.00
214,548,0.29
214,549,0.86
214,550,0.29
214,551,1.00
214,552,1.00
215,552,0.86
214,553,1.00
215,553,0.57
214,554,1.00
215,554,0.57
214,555,1.00
215,555,1.00
215,556,1.00
216,556,0.57
215,557,1.00
216,557,0.57
215,558,1.00
216,558,0.29
216,559,1.00
216,560,1.00
217,560,0.57
216,561,1.00
217,561,0.57
217,562,0.57
217,563,1.00
218,563,0.29
217,564,1.00
218,564,0.86
218,565,0.86
218,566,0.86
218,567,1.00
219,567,0.29
219,568,0.57
219,569,0.29
219,570,0.29
220,574,0.57
220,575,0.57
220,576,0.57
220,577,1.00
221,577,0.29
220,578,1.00
221,578,0.57
220,579,1.00
221,579,1.00
220,580,1.00
221,580,1.00
222,580,0.57
220,581,1.00
221,581,1.00
222,581,0.29
221,582,1.00
222,582,0.86
222,583,1.00
223,583,0.29
222,584,1.00
223,584,0.86
223,585,0.57
223,586,1.00
224,586,0.29
223,587,1.00
224,587,0.57
224,588,0.29
224,589,0.57
224,590,1.00
225,590,0.29
224,591,1.00
225,591,0.29
225,592,0.29
225,593,0.29
225,594,0.29
213,597,0.29
214,598,1.00
213,598,0.29
214,599,1.00
215,600,1.00
213,599,0.29
214,600,0.86
215,601,1.00
216,602,1.00
213,600,0.29
214,601,0.29
215,602,1.00
216,603,1.00
217,604,1.00
214,602,0.57
215,603,0.86
216,604,1.00
217,605,1.00
218,606,1.00
214,604,0.29
215,604,0.57
215,605,0.57
216,605,1.00
216,606,1.00
217,606,1.00
217,607,1.00
218,607,1.00
218,608,1.00
219,608,1.00
219,609,1.00
220,610,1.00
221,611,1.00
215,606,0.29
216,607,0.86
217,608,1.00
218,609,1.00
219,610,1.00
220,611,1.00
221,612,1.00
215,607,0.29
216,608,0.57
217,609,1.00
218,610,1.00
219,611,1.00
220,612,1.00
222,612,1.00
221,613,1.00
222,613,1.00
223,613,1.00
222,614,1.00
216,609,0.29
217,610,1.00
218,611,1.00
219,612,1.00
220,613,1.00
221,614,1.00
223,614,1.00
222,615,1.00
216,610,0.29
217,611,1.00
218,612,1.00
219,613,1.00
220,614,1.00
224,614,1.00
221,615,1.00
223,615,1.00
222,616,1.00
216,611,0.29
217,612,0.86
218,613,1.00
219,614,1.00
220,615,1.00
224,615,1.00
221,616,1.00
223,616,1.00
222,617,1.00
216,612,0.29
217,613,0.57
218,614,1.00
219,615,1.00
225,615,1.00
220,616,1.00
224,616,1.00
221,617,1.00
223,617,1.00
222,618,1.00
225,616,1.00
226,616,1.00
224,617,1.00
225,617,1.00
223,618,1.00
224,618,1.00
223,619,1.00
217,614,0.57
218,615,1.00
219,616,1.00
220,617,1.00
226,617,1.00
221,618,1.00
225,618,1.00
222,619,1.00
224,619,1.00
223,620,1.00
217,615,0.29
218,616,0.57
219,617,1.00
227,617,1.00
220,618,1.00
226,618,1.00
221,619,1.00
225,619,1.00
222,620,1.00
224,620,1.00
223,621,1.00
227,618,1.00
226,619,1.00
225,620,1.00
224,621,1.00
228,618,1.00
227,619,1.00
226,620,1.00
225,621,1.00
224,622,1.00
218,617,0.29
219,618,0.57
220,619,1.00
228,619,1.00
221,620,1.00
227,620,1.00
222,621,1.00
226,621,1.00
223,622,1.00
225,622,1.00
224,623,1.00
229,619,1.00
230,619,1.00
228,620,1.00
229,620,1.00
227,621,1.00
228,621,1.00
226,622,1.00
227,622,1.00
225,623,1.00
226,623,1.00
225,624,1.00
219,619,0.29
220,620,0.29
230,620,1.00
221,621,1.00
229,621,1.00
222,622,1.00
228,622,1.00
223,623,1.00
227,623,1.00
224,624,1.00
226,624,1.00
225,625,1.00
231,620,0.29
220,621,0.29
230,621,1.00
231,621,0.86
232,621,0.29
221,622,0.86
229,622,1.00
230,622,1.00
231,622,1.00
222,623,1.00
228,623,1.00
229,623,1.00
230,623,1.00
223,624,1.00
227,624,1.00
228,624,1.00
229,624,1.00
224,625,1.00
226,625,1.00
227,625,1.00
228,625,1.00
225,626,1.00
226,626,1.00
227,626,1.00
226,627,1.00
220,622,0.29
232,622,0.29
221,623,0.29
231,623,1.00
222,624,0.86
230,624,1.00
223,625,1.00
229,625,1.00
224,626,1.00
228,626,1.00
225,627,1.00
227,627,1.00
226,628,1.00
232,623,0.29
221,624,0.57
231,624,1.00
232,624,1.00
233,624,0.29
222,625,0.57
230,625,1.00
231,625,1.00
232,625,1.00
223,626,1.00
229,626,1.00
230,626,1.00
231,626,1.00
224,627,1.00
228,627,1.00
229,627,1.00
230,627,1.00
225,628,1.00
227,628,1.00
228,628,1.00
229,628,1.00
226,629,1.00
227,629,1.00
228,629,1.00
227,630,1.00
233,625,0.57
222,626,0.86
232,626,1.00
233,626,1.00
234,626,0.57
223,627,1.00
231,627,1.00
232,627,1.00
233,627,1.00
224,628,0.57
230,628,1.00
231,628,1.00
232,628,1.00
225,629,1.00
229,629,1.00
230,629,1.00
231,629,1.00
226,630,1.00
228,630,1.00
229,630,1.00
230,630,1.00
227,631,1.00
228,631,1.00
229,631,1.00
228,632,1.00
234,627,1.00
235,627,0.29
233,628,1.00
234,628,1.00
232,629,1.00
233,629,1.00
231,630,1.00
232,630,1.00
230,631,1.00
231,631,1.00
229,632,1.00
230,632,1.00
229,633,1.00
235,628,0.57
224,629,0.29
234,629,1.00
235,629,1.00
236,629,0.57
225,630,0.29
233,630,1.00
234,630,1.00
235,630,1.00
226,631,0.57
232,631,1.00
233,631,1.00
234,631,1.00
227,632,0.86
231,632,1.00
232,632,1.00
233,632,1.00
228,633,1.00
230,633,1.00
231,633,1.00
232,633,1.00
229,634,1.00
230,634,1.00
231,634,1.00
230,635,1.00
236,630,0.57
237,630,0.29
235,631,1.00
236,631,1.00
237,631,0.57
238,631,0.29
234,632,1.00
235,632,1.00
236,632,1.00
237,632,1.00
233,633,1.00
234,633,1.00
235,633,1.00
236,633,1.00
232,634,1.00
233,634,1.00
234,634,1.00
235,634,1.00
231,635,1.00
232,635,1.00
233,635,1.00
234,635,1.00
231,636,1.00
232,636,1.00
233,636,1.00
232,637,1.00
226,633,0.29
227,633,0.57
237,633,1.00
238,633,0.86
227,634,0.57
228,634,1.00
236,634,1.00
237,634,1.00
228,635,0.86
229,635,1.00
235,635,1.00
236,635,1.00
229,636,0.86
230,636,1.00
234,636,1.00
235,636,1.00
230,637,1.00
231,637,1.00
233,637,1.00
234,637,1.00
231,638,1.00
232,638,1.00
233,638,1.00
232,639,1.00
238,634,1.00
239,634,0.57
237,635,1.00
238,635,1.00
236,636,1.00
237,636,1.00
235,637,1.00
236,637,1.00
234,638,1.00
235,638,1.00
233,639,1.00
234,639,1.00
233,640,1.00
239,635,0.86
240,635,0.29
238,636,1.00
239,636,1.00
237,637,1.00
238,637,1.00
236,638,1.00
237,638,1.00
235,639,1.00
236,639,1.00
234,640,1.00
235,640,1.00
234,641,1.00
240,636,0.29
229,637,0.29
239,637,1.00
240,637,1.00
241,637,0.29
230,638,0.29
238,638,1.00
239,638,1.00
240,638,1.00
231,639,0.86
237,639,1.00
238,639,1.00
239,639,1.00
232,640,1.00
236,640,1.00
237,640,1.00
238,640,1.00
233,641,1.00
235,641,1.00
236,641,1.00
237,641,1.00
234,642,1.00
235,642,1.00
236,642,1.00
235,643,1.00
241,638,0.57
240,639,1.00
241,639,1.00
242,639,0.57
231,640,1.00
239,640,1.00
240,640,1.00
241,640,1.00
242,640,1.00
243,640,0.57
232,641,1.00
238,641,1.00
239,641,1.00
240,641,1.00
241,641,1.00
242,641,1.00
233,642,1.00
237,642,1.00
238,642,1.00
239,642,1.00
240,642,1.00
241,642,1.00
234,643,1.00
236,643,1.00
237,643,1.00
238,643,1.00
239,643,1.00
240,643,1.00
235,644,1.00
236,644,1.00
237,644,1.00
238,644,1.00
239,644,1.00
236,645,1.00
237,645,1.00
238,645,1.00
237,646,1.00
243,641,1.00
244,641,0.86
242,642,1.00
243,642,1.00
241,643,1.00
242,643,1.00
240,644,1.00
241,644,1.00
239,645,1.00
240,645,1.00
238,646,1.00
239,646,1.00
238,647,1.00
244,642,1.00
243,643,1.00
244,643,1.00
245,643,1.00
234,644,0.86
242,644,1.00
243,644,1.00
244,644,1.00
245,644,1.00
246,644,1.00
235,645,0.86
241,645,1.00
242,645,1.00
243,645,1.00
244,645,1.00
245,645,1.00
236,646,0.57
240,646,1.00
241,646,1.00
242,646,1.00
243,646,1.00
244,646,1.00
237,647,0.57
239,647,1.00
240,647,1.00
241,647,1.00
242,647,1.00
243,647,1.00
238,648,0.57
239,648,1.00
240,648,1.00
241,648,1.00
242,648,1.00
239,649,1.00
240,649,1.00
241,649,1.00
240,650,1.00
246,645,1.00
247,645,1.00
245,646,1.00
246,646,1.00
247,646,1.00
248,646,1.00
244,647,1.00
245,647,1.00
246,647,1.00
247,647,1.00
243,648,1.00
244,648,1.00
245,648,1.00
246,648,1.00
242,649,1.00
243,649,1.00
244,649,1.00
245,649,1.00
241,650,1.00
242,650,1.00
243,650,1.00
244,650,1.00
241,651,1.00
242,651,1.00
243,651,1.00
242,652,1.00
248,647,0.86
247,648,1.00
248,648,1.00
249,648,0.29
238,649,0.29
246,649,1.00
247,649,1.00
248,649,1.00
249,649,1.00
250,649,0.86
239,650,0.29
245,650,1.00
246,650,1.00
247,650,1.00
248,650,1.00
249,650,1.00
240,651,0.29
244,651,1.00
245,651,1.00
246,651,1.00
247,651,1.00
248,651,1.00
241,652,0.86
243,652,1.00
244,652,1.00
245,652,1.00
246,652,1.00
247,652,1.00
242,653,0.86
243,653,1.00
244,653,1.00
245,653,1.00
246,653,1.00
243,654,0.86
244,654,1.00
245,654,1.00
244,655,0.86
250,650,1.00
249,651,1.00
250,651,1.00
251,651,1.00
240,652,0.29
248,652,1.00
249,652,1.00
250,652,1.00
251,652,1.00
252,652,1.00
241,653,0.29
247,653,1.00
248,653,1.00
249,653,1.00
250,653,1.00
251,653,1.00
242,654,0.29
246,654,1.00
247,654,1.00
248,654,1.00
249,654,1.00
250,654,1.00
243,655,0.29
245,655,1.00
246,655,1.00
247,655,1.00
248,655,1.00
249,655,1.00
244,656,0.29
245,656,0.57
246,656,1.00
247,656,1.00
248,656,1.00
245,657,0.29
246,657,0.86
247,657,1.00
246,658,0.29
250,648,0.29
251,649,0.29
251,650,0.57
252,650,0.29
252,651,1.00
253,651,0.86
253,652,1.00
254,652,1.00
252,653,1.00
253,653,1.00
254,653,1.00
255,653,1.00
251,654,1.00
252,654,1.00
253,654,1.00
254,654,1.00
255,654,1.00
256,654,1.00
250,655,1.00
251,655,1.00
252,655,1.00
253,655,1.00
254,655,1.00
255,655,1.00
249,656,1.00
250,656,1.00
251,656,1.00
252,656,1.00
253,656,1.00
254,656,1.00
248,657,1.00
249,657,1.00
250,657,1.00
251,657,1.00
252,657,1.00
253,657,1.00
248,658,0.86
249,658,1.00
250,658,1.00
251,658,1.00
252,658,1.00
249,659,0.86
250,659,1.00
251,659,1.00
250,660,0.86
256,655,1.00
255,656,1.00
256,656,1.00
257,656,1.00
254,657,1.00
255,657,1.00
256,657,1.00
257,657,1.00
258,657,1.00
247,658,0.29
253,658,1.00
254,658,1.00
255,658,1.00
256,658,1.00
257,658,1.00
248,659,0.29
252,659,1.00
253,659,1.00
254,659,1.00
255,659,1.00
256,659,1.00
249,660,0.29
251,660,1.00
252,660,1.00
253,660,1.00
254,660,1.00
255,660,1.00
250,661,0.29
251,661,0.57
252,661,1.00
253,661,1.00
254,661,1.00
251,662,0.29
252,662,0.86
253,662,1.00
252,663,0.29
256,653,1.00
257,654,1.00
257,655,1.00
258,655,1.00
258,656,1.00
259,656,0.57
259,657,0.86
260,657,0.29
258,658,1.00
259,658,1.00
260,658,0.86
261,658,0.29
257,659,1.00
258,659,1.00
259,659,1.00
260,659,1.00
261,659,0.86
262,659,0.29
256,660,1.00
257,660,1.00
258,660,1.00
259,660,1.00
260,660,1.00
261,660,0.86
255,661,1.00
256,661,1.00
257,661,1.00
258,661,1.00
259,661,1.00
260,661,1.00
254,662,1.00
255,662,1.00
256,662,1.00
257,662,1.00
258,662,1.00
259,662,1.00
254,663,0.86
255,663,1.00
256,663,1.00
257,663,1.00
258,663,1.00
255,664,0.86
256,664,1.00
257,664,1.00
256,665,0.86
262,660,0.57
261,661,1.00
262,661,1.00
263,661,1.00
260,662,1.00
261,662,1.00
262,662,1.00
263,662,1.00
264,662,1.00
253,663,0.29
259,663,1.00
260,663,1.00
261,663,1.00
262,663,1.00
263,663,1.00
254,664,0.29
258,664,1.00
259,664,1.00
260,664,1.00
261,664,1.00
262,664,1.00
255,665,0.29
257,665,1.00
258,665,1.00
259,665,1.00
260,665,1.00
261,665,1.00
256,666,0.29
257,666,0.57
258,666,1.00
259,666,1.00
260,666,1.00
257,667,0.29
258,667,0.57
259,667,0.57
258,668,0.29
263,659,0.29
263,660,0.57
264,660,0.29
264,661,0.86
265,661,0.86
265,662,1.00
266,662,1.00
264,663,1.00
265,663,1.00
266,663,1.00
267,663,1.00
263,664,1.00
264,664,1.00
265,664,1.00
266,664,1.00
267,664,1.00
268,664,1.00
262,665,1.00
263,665,1.00
264,665,1.00
265,665,1.00
266,665,1.00
267,665,1.00
268,665,1.00
269,665,1.00
261,666,1.00
262,666,1.00
263,666,1.00
264,666,1.00
265,666,1.00
266,666,1.00
267,666,1.00
268,666,1.00
260,667,0.57
261,667,0.86
262,667,1.00
263,667,1.00
264,667,1.00
265,667,1.00
266,667,1.00
267,667,1.00
260,668,0.29
261,668,0.57
262,668,0.86
263,668,1.00
264,668,1.00
265,668,1.00
266,668,1.00
261,669,0.29
262,669,0.57
263,669,0.86
264,669,0.86
265,669,0.86
262,670,0.29
263,670,0.57
264,670,0.29
263,671,0.29
268,661,1.00
267,662,1.00
268,662,1.00
269,662,1.00
268,663,1.00
269,663,1.00
270,663,1.00
269,664,1.00
270,664,1.00
271,664,1.00
270,665,1.00
271,665,1.00
272,665,0.86
269,666,1.00
270,666,1.00
271,666,1.00
272,666,1.00
273,666,1.00
268,667,1.00
269,667,1.00
270,667,1.00
271,667,1.00
272,667,1.00
273,667,1.00
274,667,1.00
267,668,1.00
268,668,1.00
269,668,1.00
270,668,1.00
271,668,1.00
272,668,1.00
273,668,1.00
266,669,0.86
267,669,1.00
268,669,1.00
269,669,1.00
270,669,1.00
271,669,1.00
272,669,1.00
265,670,0.29
266,670,0.57
267,670,1.00
268,670,1.00
269,670,1.00
270,670,1.00
271,670,1.00
266,671,0.29
267,671,0.57
268,671,1.00
269,671,1.00
270,671,1.00
267,672,0.29
268,672,0.57
269,672,0.57
268,673,0.29
273,664,0.57
273,665,0.57
274,665,0.29
274,666,0.57
275,666,0.29
275,667,0.57
276,667,0.29
274,668,1.00
275,668,0.86
276,668,0.57
277,668,0.57
273,669,1.00
274,669,1.00
275,669,1.00
276,669,1.00
277,669,1.00
278,669,1.00
272,670,1.00
273,670,1.00
274,670,1.00
275,670,1.00
276,670,1.00
277,670,1.00
278,670,1.00
279,670,1.00
271,671,1.00
272,671,1.00
273,671,1.00
274,671,1.00
275,671,1.00
276,671,1.00
277,671,1.00
278,671,1.00
270,672,0.57
271,672,0.86
272,672,1.00
273,672,1.00
274,672,1.00
275,672,1.00
276,672,1.00
277,672,1.00
270,673,0.29
271,673,0.57
272,673,0.86
273,673,1.00
274,673,1.00
275,673,1.00
276,673,1.00
271,674,0.29
272,674,0.57
273,674,0.86
274,674,0.57
275,674,0.57
272,675,0.29
273,675,0.57
274,675,0.29
273,676,0.29
279,666,0.29
278,667,0.29
279,667,0.86
280,667,0.86
278,668,0.86
279,668,1.00
280,668,1.00
281,668,0.86
279,669,1.00
280,669,1.00
281,669,1.00
282,669,0.86
280,670,1.00
281,670,1.00
282,670,1.00
283,670,0.86
279,671,1.00
280,671,1.00
281,671,1.00
282,671,1.00
283,671,1.00
284,671,0.86
278,672,1.00
279,672,1.00
280,672,1.00
281,672,1.00
282,672,1.00
283,672,1.00
284,672,1.00
285,672,0.86
277,673,1.00
278,673,1.00
279,673,1.00
280,673,1.00
281,673,1.00
282,673,1.00
283,673,1.00
284,673,0.86
276,674,0.86
277,674,1.00
278,674,1.00
279,674,1.00
280,674,1.00
281,674,1.00
282,674,1.00
283,674,0.86
276,675,0.29
277,675,0.86
278,675,1.00
279,675,1.00
280,675,1.00
281,675,1.00
282,675,0.86
277,676,0.29
278,676,0.86
279,676,1.00
280,676,1.00
281,676,0.86
278,677,0.29
279,677,0.86
280,677,0.86
279,678,0.29
288,671,0.29
287,672,0.29
288,672,0.57
289,672,0.29
286,673,0.29
287,673,0.57
288,673,0.86
289,673,0.57
290,673,0.29
285,674,0.29
286,674,0.57
287,674,0.86
288,674,1.00
289,674,0.86
290,674,0.57
291,674,0.29
284,675,0.29
285,675,0.57
286,675,0.86
287,675,1.00
288,675,1.00
289,675,1.00
290,675,0.86
291,675,0.57
292,675,0.29
283,676,0.29
284,676,0.57
285,676,0.86
286,676,1.00
287,676,1.00
288,676,1.00
289,676,1.00
290,676,1.00
291,676,1.00
292,676,0.57
293,676,0.29
282,677,0.29
283,677,0.57
284,677,0.86
285,677,1.00
286,677,1.00
287,677,1.00
288,677,1.00
289,677,1.00
290,677,1.00
291,677,1.00
292,677,1.00
293,677,0.86
294,677,0.86
283,678,0.29
284,678,0.57
285,678,0.86
286,678,1.00
287,678,1.00
288,678,1.00
289,678,1.00
290,678,1.00
291,678,1.00
292,678,1.00
293,678,1.00
284,679,0.29
285,679,0.57
286,679,0.86
287,679,1.00
288,679,1.00
289,679,1.00
290,679,1.00
291,679,1.00
292,679,1.00
285,680,0.29
286,680,0.57
287,680,1.00
288,680,1.00
289,680,1.00
290,680,1.00
291,680,1.00
286,681,0.57
287,681,1.00
288,681,1.00
289,681,1.00
290,681,1.00
287,682,1.00
288,682,1.00
289,682,1.00
288,683,1.00
295,675,0.29
294,676,0.29
295,676,0.57
296,676,0.29
295,677,0.86
296,677,0.57
297,677,0.29
294,678,0.86
295,678,1.00
296,678,0.86
297,678,0.57
298,678,0.29
293,679,1.00
294,679,1.00
295,679,1.00
296,679,1.00
297,679,0.86
298,679,0.57
299,679,0.29
292,680,1.00
293,680,1.00
294,680,1.00
295,680,1.00
296,680,1.00
297,680,1.00
298,680,0.86
299,680,0.57
300,680,0.29
291,681,1.00
292,681,1.00
293,681,1.00
294,681,1.00
295,681,1.00
296,681,1.00
297,681,1.00
298,681,1.00
299,681,0.86
300,681,0.57
301,681,0.57
290,682,1.00
291,682,1.00
292,682,1.00
293,682,1.00
294,682,1.00
295,682,1.00
296,682,1.00
297,682,1.00
298,682,0.86
299,682,0.57
300,682,0.57
291,683,1.00
292,683,1.00
293,683,1.00
294,683,1.00
295,683,1.00
296,683,1.00
297,683,0.86
298,683,0.57
299,683,0.57
292,684,1.00
293,684,1.00
294,684,1.00
295,684,1.00
296,684,0.86
297,684,0.57
298,684,0.57
293,685,0.86
294,685,0.86
295,685,0.86
296,685,0.57
297,685,0.57
294,686,0.29
295,686,0.57
296,686,0.29
295,687,0.29
303,679,0.29
302,680,0.29
303,680,0.57
304,680,0.29
302,681,0.57
303,681,0.86
304,681,0.57
305,681,0.29
301,682,0.57
302,682,0.86
303,682,1.00
304,682,0.86
305,682,0.57
306,682,0.29
300,683,0.57
301,683,0.86
302,683,1.00
303,683,1.00
304,683,1.00
305,683,0.86
306,683,0.57
307,683,0.29
299,684,0.57
300,684,0.86
301,684,1.00
302,684,1.00
303,684,1.00
304,684,1.00
305,684,1.00
306,684,0.86
307,684,0.57
308,684,0.29
298,685,0.57
299,685,0.86
300,685,1.00
301,685,1.00
302,685,1.00
303,685,1.00
304,685,1.00
305,685,1.00
306,685,1.00
307,685,0.86
308,685,0.57
309,685,0.29
298,686,0.29
299,686,0.86
300,686,1.00
301,686,1.00
302,686,1.00
303,686,1.00
304,686,1.00
305,686,1.00
306,686,0.86
307,686,0.57
308,686,0.29
299,687,0.86
300,687,1.00
301,687,1.00
302,687,1.00
303,687,1.00
304,687,1.00
305,687,0.86
306,687,0.57
307,687,0.29
300,688,1.00
301,688,1.00
302,688,1.00
303,688,1.00
304,688,1.00
305,688,0.86
306,688,0.29
301,689,1.00
302,689,1.00
303,689,1.00
304,689,1.00
305,689,0.86
302,690,1.00
303,690,1.00
304,690,1.00
303,691,1.00
312,683,0.29
311,684,0.29
312,684,0.57
313,684,0.29
310,685,0.29
311,685,0.57
312,685,0.86
313,685,0.57
314,685,0.29
309,686,0.29
310,686,0.57
311,686,0.86
312,686,1.00
313,686,0.86
314,686,0.57
315,686,0.29
308,687,0.29
309,687,0.57
310,687,0.86
311,687,1.00
312,687,1.00
313,687,1.00
314,687,0.86
315,687,0.57
316,687,0.29
307,688,0.29
308,688,0.57
309,688,0.86
310,688,1.00
311,688,1.00
312,688,1.00
313,688,1.00
314,688,1.00
315,688,0.86
316,688,0.86
317,688,0.86
306,689,0.57
307,689,0.57
308,689,0.86
309,689,1.00
310,689,1.00
311,689,1.00
312,689,1.00
313,689,1.00
314,689,1.00
315,689,1.00
316,689,1.00
317,689,1.00
318,689,1.00
307,690,0.57
308,690,0.57
309,690,0.86
310,690,1.00
311,690,1.00
312,690,1.00
313,690,1.00
314,690,1.00
315,690,1.00
316,690,1.00
317,690,1.00
308,691,0.29
309,691,0.57
310,691,0.86
311,691,1.00
312,691,1.00
313,691,1.00
314,691,1.00
315,691,1.00
316,691,1.00
309,692,0.29
310,692,0.57
311,692,0.86
312,692,1.00
313,692,1.00
314,692,1.00
315,692,1.00
310,693,0.29
311,693,0.57
312,693,0.86
313,693,1.00
314,693,1.00
311,694,0.29
312,694,0.86
313,694,0.86
312,695,0.86
318,686,0.29
317,687,0.29
318,687,0.57
319,687,0.29
318,688,0.86
319,688,0.57
320,688,0.29
319,689,0.86
320,689,0.57
321,689,0.29
318,690,1.00
319,690,1.00
320,690,0.86
321,690,0.57
322,690,0.57
317,691,1.00
318,691,1.00
319,691,1.00
320,691,1.00
321,691,1.00
322,691,1.00
323,691,1.00
316,692,1.00
317,692,1.00
318,692,1.00
319,692,1.00
320,692,1.00
321,692,1.00
322,692,1.00
323,692,1.00
324,692,1.00
315,693,1.00
316,693,1.00
317,693,1.00
318,693,1.00
319,693,1.00
320,693,1.00
321,693,1.00
322,693,1.00
323,693,1.00
314,694,1.00
315,694,1.00
316,694,1.00
317,694,1.00
318,694,1.00
319,694,1.00
320,694,1.00
321,694,1.00
322,694,1.00
315,695,1.00
316,695,1.00
317,695,1.00
318,695,1.00
319,695,1.00
320,695,1.00
321,695,1.00
316,696,1.00
317,696,1.00
318,696,1.00
319,696,1.00
320,696,1.00
317,697,1.00
318,697,1.00
319,697,1.00
318,698,1.00
323,689,0.29
323,690,0.57
324,690,0.29
324,691,0.57
325,691,0.29
325,692,0.57
326,692,0.29
324,693,1.00
325,693,0.86
326,693,0.86
327,693,0.86
323,694,1.00
324,694,1.00
325,694,1.00
326,694,1.00
327,694,1.00
328,694,1.00
322,695,1.00
323,695,1.00
324,695,1.00
325,695,1.00
326,695,1.00
327,695,1.00
328,695,1.00
329,695,1.00
321,696,1.00
322,696,1.00
323,696,1.00
324,696,1.00
325,696,1.00
326,696,1.00
327,696,1.00
328,696,1.00
320,697,1.00
321,697,1.00
322,697,1.00
323,697,1.00
324,697,1.00
325,697,1.00
326,697,1.00
327,697,1.00
320,698,1.00
321,698,1.00
322,698,1.00
323,698,1.00
324,698,1.00
325,698,1.00
326,698,1.00
321,699,1.00
322,699,1.00
323,699,1.00
324,699,1.00
325,699,1.00
322,700,1.00
323,700,1.00
324,700,1.00
323,701,1.00
328,691,0.29
327,692,0.29
328,692,0.57
329,692,0.29
328,693,0.86
329,693,0.57
330,693,0.29
329,694,0.86
330,694,0.57
331,694,0.29
330,695,0.86
331,695,0.57
332,695,0.29
329,696,1.00
330,696,1.00
331,696,0.86
332,696,0.57
333,696,0.29
328,697,1.00
329,697,1.00
330,697,1.00
331,697,1.00
332,697,1.00
333,697,0.57
334,697,0.29
327,698,1.00
328,698,1.00
329,698,1.00
330,698,1.00
331,698,1.00
332,698,1.00
333,698,0.57
326,699,1.00
327,699,1.00
328,699,1.00
329,699,1.00
330,699,1.00
331,699,1.00
332,699,1.00
325,700,1.00
326,700,1.00
327,700,1.00
328,700,1.00
329,700,1.00
330,700,1.00
331,700,1.00
326,701,1.00
327,701,1.00
328,701,1.00
329,701,1.00
330,701,1.00
327,702,1.00
328,702,1.00
329,702,1.00
328,703,1.00
336,696,0.29
335,697,0.29
336,697,0.57
337,697,0.29
334,698,0.29
335,698,0.57
336,698,0.86
337,698,0.86
338,698,0.86
333,699,0.86
334,699,0.86
335,699,0.86
336,699,1.00
337,699,1.00
338,699,1.00
339,699,0.86
332,700,1.00
333,700,1.00
334,700,1.00
335,700,1.00
336,700,1.00
337,700,1.00
338,700,1.00
339,700,1.00
340,700,1.00
331,701,1.00
332,701,1.00
333,701,1.00
334,701,1.00
335,701,1.00
336,701,1.00
337,701,1.00
338,701,1.00
339,701,1.00
340,701,1.00
341,701,1.00
330,702,1.00
331,702,1.00
332,702,1.00
333,702,1.00
334,702,1.00
335,702,1.00
336,702,1.00
337,702,1.00
338,702,1.00
339,702,1.00
340,702,1.00
341,702,1.00
342,702,1.00
331,703,1.00
332,703,1.00
333,703,1.00
334,703,1.00
335,703,1.00
336,703,1.00
337,703,1.00
338,703,1.00
339,703,1.00
340,703,1.00
341,703,1.00
332,704,1.00
333,704,1.00
334,704,1.00
335,704,1.00
336,704,1.00
337,704,1.00
338,704,1.00
339,704,1.00
340,704,1.00
333,705,1.00
334,705,1.00
335,705,1.00
336,705,1.00
337,705,1.00
338,705,1.00
339,705,1.00
334,706,1.00
335,706,1.00
336,706,1.00
337,706,1.00
338,706,1.00
335,707,1.00
336,707,1.00
337,707,1.00
336,708,1.00
338,697,0.29
339,698,0.29
340,699,0.57
341,700,1.00
342,701,1.00
343,702,1.00
342,703,1.00
343,703,1.00
344,703,1.00
341,704,1.00
342,704,1.00
343,704,1.00
340,705,1.00
341,705,1.00
342,705,1.00
339,706,1.00
340,706,1.00
341,706,1.00
338,707,1.00
339,707,1.00
340,707,1.00
337,708,1.00
338,708,1.00
339,708,1.00
338,709,1.00
344,704,1.00
345,704,1.00
343,705,1.00
344,705,1.00
345,705,1.00
346,705,1.00
342,706,1.00
343,706,1.00
344,706,1.00
345,706,1.00
341,707,1.00
342,707,1.00
343,707,1.00
344,707,1.00
340,708,1.00
341,708,1.00
342,708,1.00
343,708,1.00
339,709,1.00
340,709,1.00
341,709,1.00
342,709,1.00
339,710,1.00
340,710,1.00
341,710,1.00
340,711,0.57
341,699,0.29
342,700,1.00
343,701,1.00
344,702,1.00
345,703,1.00
346,704,1.00
347,705,1.00
346,706,1.00
345,707,1.00
344,708,1.00
343,709,1.00
342,710,1.00
341,711,1.00
347,706,1.00
348,706,1.00
346,707,1.00
347,707,1.00
345,708,1.00
346,708,1.00
344,709,1.00
345,709,1.00
343,710,1.00
344,710,1.00
342,711,1.00
343,711,1.00
342,712,1.00
343,700,0.29
344,701,0.29
345,702,0.29
346,703,0.29
347,704,0.29
348,705,0.29
349,706,0.29
348,707,0.29
347,708,0.29
346,709,0.29
345,710,0.29
344,711,0.29
343,712,0.29
333,706,1.00
334,707,1.00
335,708,1.00
336,709,1.00
337,709,1.00
337,710,0.57
338,710,0.57
338,711,0.29
339,711,0.57
339,712,0.29
331,704,1.00
330,705,1.00
331,705,1.00
332,705,1.00
331,706,1.00
332,706,1.00
332,707,1.00
333,707,1.00
333,708,0.57
334,708,0.57
334,709,0.29
335,709,0.57
335,710,0.29
336,710,0.57
336,711,0.29
326,703,1.00
327,703,1.00
329,703,1.00
330,703,1.00
327,704,1.00
328,704,1.00
329,704,1.00
330,704,1.00
328,705,1.00
329,705,1.00
329,706,0.57
330,706,0.57
330,707,0.29
331,707,0.57
331,708,0.29
332,708,0.57
332,709,0.29
322,701,1.00
324,701,1.00
325,701,1.00
321,702,1.00
322,702,1.00
323,702,1.00
324,702,1.00
325,702,1.00
326,702,1.00
322,703,1.00
323,703,1.00
324,703,1.00
325,703,1.00
323,704,0.86
324,704,0.86
325,704,0.86
326,704,1.00
324,705,0.29
325,705,0.57
326,705,0.86
327,705,1.00
325,706,0.29
326,706,0.57
327,706,0.86
328,706,0.57
326,707,0.29
327,707,0.57
328,707,0.29
327,708,0.29
319,698,1.00
317,699,1.00
318,699,1.00
319,699,1.00
320,699,1.00
316,700,1.00
317,700,1.00
318,700,1.00
319,700,1.00
320,700,1.00
321,700,1.00
317,701,0.57
318,701,0.57
319,701,0.86
320,701,1.00
321,701,1.00
318,702,0.29
319,702,0.57
320,702,0.86
319,703,0.29
320,703,0.57
321,703,0.86
320,704,0.29
321,704,0.57
322,704,0.86
321,705,0.29
322,705,0.57
323,705,0.29
322,706,0.29
311,695,0.29
313,695,0.86
314,695,1.00
310,696,0.29
311,696,0.57
312,696,0.86
313,696,1.00
314,696,1.00
315,696,1.00
309,697,0.29
310,697,0.57
311,697,0.86
312,697,1.00
313,697,1.00
314,697,1.00
315,697,1.00
316,697,1.00
310,698,0.29
311,698,0.57
312,698,0.86
313,698,1.00
314,698,1.00
315,698,1.00
316,698,1.00
317,698,1.00
311,699,0.29
312,699,0.57
313,699,0.86
314,699,1.00
315,699,1.00
316,699,1.00
312,700,0.29
313,700,0.57
314,700,0.86
315,700,1.00
313,701,0.29
314,701,0.57
315,701,0.86
316,701,0.57
314,702,0.29
315,702,0.57
316,702,0.29
315,703,0.29
298,687,0.29
297,688,0.29
298,688,0.57
299,688,0.86
296,689,0.29
297,689,0.57
298,689,0.86
299,689,1.00
300,689,1.00
295,690,0.29
296,690,0.57
297,690,0.86
298,690,1.00
299,690,1.00
300,690,1.00
301,690,1.00
305,690,0.86
306,690,0.57
296,691,0.29
297,691,0.57
298,691,0.86
299,691,1.00
300,691,1.00
301,691,1.00
302,691,1.00
304,691,0.86
305,691,0.57
306,691,0.29
297,692,0.29
298,692,0.57
299,692,0.86
300,692,1.00
301,692,1.00
302,692,1.00
303,692,0.86
304,692,0.57
305,692,0.29
298,693,0.29
299,693,0.57
300,693,0.86
301,693,1.00
302,693,0.86
303,693,0.57
304,693,0.29
299,694,0.29
300,694,0.57
301,694,0.86
302,694,0.57
303,694,0.29
300,695,0.29
301,695,0.57
302,695,0.29
301,696,0.29
285,682,0.29
286,682,0.57
286,683,0.29
287,683,0.57
289,683,1.00
290,683,1.00
287,684,0.29
288,684,0.57
289,684,0.86
290,684,1.00
291,684,1.00
288,685,0.29
289,685,0.57
290,685,0.86
291,685,1.00
292,685,0.86
289,686,0.29
290,686,0.57
291,686,0.86
292,686,0.57
293,686,0.29
290,687,0.29
291,687,0.57
292,687,0.29
291,688,0.29
280,666,0.29
281,667,0.29
282,668,0.29
283,669,0.29
284,670,0.29
285,671,0.29
286,672,0.29
285,673,0.29
284,674,0.29
283,675,0.29
282,676,0.29
281,677,0.29
280,678,0.29
268,657,0.29
267,658,0.29
268,658,0.57
269,658,0.29
266,659,0.29
267,659,0.57
268,659,0.86
269,659,0.57
270,659,0.29
265,660,0.29
266,660,0.57
267,660,0.86
268,660,1.00
269,660,0.86
270,660,0.57
271,660,0.29
266,661,0.86
267,661,1.00
269,661,1.00
270,661,0.86
271,661,0.57
272,661,0.29
270,662,1.00
271,662,0.86
272,662,0.57
273,662,0.29
271,663,1.00
272,663,0.86
273,663,0.57
274,663,0.29
272,664,0.57
255,648,0.29
254,649,0.29
255,649,0.57
256,649,0.29
253,650,0.29
254,650,0.57
255,650,0.86
256,650,0.57
257,650,0.29
254,651,0.86
255,651,1.00
256,651,0.86
257,651,0.57
258,651,0.29
255,652,1.00
256,652,1.00
257,652,0.86
258,652,0.57
259,652,0.29
257,653,1.00
258,653,0.86
259,653,0.57
260,653,0.29
258,654,1.00
259,654,0.86
260,654,0.57
261,654,0.29
259,655,0.57
260,655,0.29
244,640,0.29
245,641,0.29
245,642,0.57
246,642,0.29
246,643,0.57
247,643,0.29
247,644,0.57
248,644,0.29
248,645,0.57
249,645,0.29
249,646,0.57
250,646,0.29
249,647,0.29
230,639,0.29
229,640,0.29
230,640,0.57
230,641,0.29
231,641,0.57
231,642,0.29
232,642,0.57
232,643,0.29
233,643,0.57
233,644,0.29
234,645,0.29
235,646,0.29
218,621,0.29
217,622,0.29
218,622,0.57
219,622,0.29
216,623,0.29
217,623,0.57
218,623,0.86
219,623,0.57
220,623,0.29
215,624,0.29
216,624,0.57
217,624,0.86
218,624,1.00
219,624,0.86
220,624,0.57
214,625,0.29
215,625,0.57
216,625,0.86
217,625,1.00
218,625,1.00
219,625,1.00
220,625,0.86
221,625,0.57
213,626,0.29
214,626,0.57
215,626,0.86
216,626,1.00
217,626,1.00
218,626,1.00
219,626,1.00
220,626,1.00
221,626,0.86
212,627,0.29
213,627,0.57
214,627,0.86
215,627,1.00
216,627,1.00
217,627,1.00
218,627,1.00
219,627,1.00
220,627,1.00
221,627,1.00
222,627,0.86
213,628,0.29
214,628,0.57
215,628,0.86
216,628,1.00
217,628,1.00
218,628,1.00
219,628,1.00
220,628,1.00
221,628,0.86
222,628,0.57
223,628,0.29
214,629,0.29
215,629,0.57
216,629,0.86
217,629,1.00
218,629,1.00
219,629,1.00
220,629,0.86
221,629,0.57
222,629,0.29
215,630,0.29
216,630,0.57
217,630,0.86
218,630,1.00
219,630,0.86
220,630,0.57
221,630,0.29
216,631,0.29
217,631,0.57
218,631,0.86
219,631,0.57
220,631,0.29
217,632,0.29
218,632,0.57
219,632,0.29
218,633,0.29
211,615,0.29
210,616,0.29
211,616,0.57
212,616,0.29
209,617,0.29
210,617,0.57
211,617,0.86
212,617,0.57
213,617,0.29
208,618,0.29
209,618,0.57
210,618,0.86
211,618,1.00
212,618,0.86
213,618,0.57
214,618,0.29
207,619,0.29
208,619,0.57
209,619,0.86
210,619,1.00
211,619,1.00
212,619,1.00
213,619,0.86
214,619,0.57
215,619,0.29
206,620,0.29
207,620,0.57
208,620,0.86
209,620,1.00
210,620,1.00
211,620,1.00
212,620,1.00
213,620,1.00
214,620,0.86
215,620,0.57
216,620,0.29
205,621,0.29
206,621,0.57
207,621,0.86
208,621,1.00
209,621,1.00
210,621,1.00
211,621,1.00
212,621,1.00
213,621,1.00
214,621,1.00
215,621,0.86
216,621,0.57
217,621,0.29
206,622,0.29
207,622,0.57
208,622,0.86
209,622,1.00
210,622,1.00
211,622,1.00
212,622,1.00
213,622,1.00
214,622,0.86
215,622,0.57
216,622,0.29
207,623,0.29
208,623,0.57
209,623,0.86
210,623,1.00
211,623,1.00
212,623,1.00
213,623,0.86
214,623,0.57
215,623,0.29
208,624,0.29
209,624,0.57
210,624,0.86
211,624,1.00
212,624,0.86
213,624,0.57
214,624,0.29
209,625,0.29
210,625,0.57
211,625,0.86
212,625,0.57
213,625,0.29
210,626,0.29
211,626,0.57
212,626,0.29
211,627,0.29
196,606,0.29
195,607,0.57
196,607,0.57
197,607,0.29
194,608,1.00
195,608,1.00
196,608,1.00
197,608,0.57
198,608,0.29
193,609,1.00
194,609,1.00
195,609,1.00
196,609,1.00
197,609,1.00
198,609,0.57
199,609,0.29
192,610,1.00
193,610,1.00
194,610,1.00
195,610,1.00
196,610,1.00
197,610,1.00
198,610,0.86
199,610,0.57
200,610,0.29
191,611,1.00
192,611,1.00
193,611,1.00
194,611,1.00
195,611,1.00
196,611,1.00
197,611,1.00
198,611,1.00
199,611,0.86
200,611,0.57
201,611,0.29
190,612,1.00
191,612,1.00
192,612,1.00
193,612,1.00
194,612,1.00
195,612,1.00
196,612,1.00
197,612,1.00
198,612,1.00
199,612,1.00
200,612,0.86
201,612,0.57
202,612,0.29
191,613,1.00
192,613,1.00
193,613,1.00
194,613,1.00
195,613,1.00
196,613,1.00
197,613,1.00
198,613,1.00
199,613,0.86
200,613,0.57
201,613,0.29
192,614,0.57
193,614,0.57
194,614,0.86
195,614,1.00
196,614,1.00
197,614,1.00
198,614,0.86
199,614,0.57
200,614,0.29
193,615,0.29
194,615,0.57
195,615,0.86
196,615,1.00
197,615,0.86
198,615,0.57
199,615,0.29
194,616,0.29
195,616,0.57
196,616,0.86
197,616,0.57
198,616,0.29
195,617,0.29
196,617,0.57
197,617,0.29
196,618,0.29
191,603,0.29
190,604,0.86
191,604,0.86
192,604,0.29
189,605,1.00
190,605,1.00
191,605,1.00
192,605,0.86
193,605,0.29
188,606,1.00
189,606,1.00
190,606,1.00
191,606,1.00
192,606,1.00
193,606,0.86
194,606,0.29
187,607,1.00
188,607,1.00
189,607,1.00
190,607,1.00
191,607,1.00
192,607,1.00
193,607,0.86
194,607,0.57
186,608,1.00
187,608,1.00
188,608,1.00
189,608,1.00
190,608,1.00
191,608,1.00
192,608,1.00
193,608,1.00
185,609,0.86
186,609,1.00
187,609,1.00
188,609,1.00
189,609,1.00
190,609,1.00
191,609,1.00
192,609,1.00
186,610,0.86
187,610,1.00
188,610,1.00
189,610,1.00
190,610,1.00
191,610,1.00
187,611,0.86
188,611,0.86
189,611,0.86
190,611,1.00
188,612,0.29
189,612,0.57
189,613,0.29
190,613,0.57
190,614,0.29
191,614,0.57
191,615,0.29
187,600,0.29
186,601,0.86
187,601,0.86
188,601,0.29
185,602,1.00
186,602,1.00
187,602,1.00
188,602,0.86
189,602,0.29
184,603,1.00
185,603,1.00
186,603,1.00
187,603,1.00
188,603,0.86
189,603,0.57
190,603,0.29
183,604,1.00
184,604,1.00
185,604,1.00
186,604,1.00
187,604,1.00
188,604,1.00
189,604,0.86
182,605,1.00
183,605,1.00
184,605,1.00
185,605,1.00
186,605,1.00
187,605,1.00
188,605,1.00
181,606,0.86
182,606,1.00
183,606,1.00
184,606,1.00
185,606,1.00
186,606,1.00
187,606,1.00
182,607,0.86
183,607,0.86
184,607,0.86
185,607,1.00
186,607,1.00
183,608,0.29
184,608,0.57
185,608,0.86
184,609,0.29
185,610,0.29
186,611,0.29
187,612,0.29
182,596,0.29
181,597,0.29
182,597,0.57
183,597,0.29
180,598,0.29
181,598,0.57
182,598,0.86
183,598,0.57
184,598,0.29
179,599,0.29
180,599,0.57
181,599,0.86
182,599,1.00
183,599,0.86
184,599,0.57
185,599,0.29
178,600,0.29
179,600,0.57
180,600,0.86
181,600,1.00
182,600,1.00
183,600,1.00
184,600,0.86
185,600,0.57
186,600,0.29
177,601,0.29
178,601,0.57
179,601,0.86
180,601,1.00
181,601,1.00
182,601,1.00
183,601,1.00
184,601,1.00
185,601,0.86
176,602,0.29
177,602,0.57
178,602,0.86
179,602,1.00
180,602,1.00
181,602,1.00
182,602,1.00
183,602,1.00
184,602,1.00
177,603,0.29
178,603,0.57
179,603,0.86
180,603,1.00
181,603,1.00
182,603,1.00
183,603,1.00
178,604,0.29
179,604,0.57
180,604,0.86
181,604,1.00
182,604,1.00
179,605,0.29
180,605,0.57
181,605,0.86
180,606,0.29
181,607,0.29
182,608,0.29
174,590,0.29
173,591,0.86
174,591,0.86
175,591,0.29
172,592,1.00
173,592,1.00
174,592,1.00
175,592,0.86
176,592,0.29
171,593,1.00
172,593,1.00
173,593,1.00
174,593,1.00
175,593,0.86
176,593,0.57
177,593,0.29
170,594,1.00
171,594,1.00
172,594,1.00
173,594,1.00
174,594,1.00
175,594,1.00
176,594,0.86
177,594,0.57
178,594,0.29
169,595,1.00
170,595,1.00
171,595,1.00
172,595,1.00
173,595,1.00
174,595,1.00
175,595,1.00
176,595,1.00
177,595,0.86
178,595,0.57
179,595,0.29
168,596,0.86
169,596,1.00
170,596,1.00
171,596,1.00
172,596,1.00
173,596,1.00
174,596,1.00
175,596,1.00
176,596,1.00
177,596,1.00
178,596,0.86
179,596,0.57
180,596,0.29
169,597,0.86
170,597,0.86
171,597,0.86
172,597,1.00
173,597,1.00
174,597,1.00
175,597,1.00
176,597,1.00
177,597,0.86
178,597,0.57
179,597,0.29
170,598,0.29
171,598,0.57
172,598,0.86
173,598,1.00
174,598,1.00
175,598,1.00
176,598,0.86
177,598,0.57
178,598,0.29
171,599,0.29
172,599,0.57
173,599,0.86
174,599,1.00
175,599,0.86
176,599,0.57
177,599,0.29
172,600,0.29
173,600,0.57
174,600,0.86
175,600,0.57
176,600,0.29
173,601,0.29
174,601,0.57
175,601,0.29
174,602,0.29
169,586,0.57
168,587,1.00
169,587,1.00
170,587,0.57
167,588,1.00
168,588,1.00
169,588,1.00
170,588,1.00
171,588,0.57
166,589,1.00
167,589,1.00
168,589,1.00
169,589,1.00
170,589,1.00
171,589,1.00
172,589,0.57
165,590,1.00
166,590,1.00
167,590,1.00
168,590,1.00
169,590,1.00
170,590,1.00
171,590,1.00
172,590,0.57
173,590,0.29
164,591,1.00
165,591,1.00
166,591,1.00
167,591,1.00
168,591,1.00
169,591,1.00
170,591,1.00
171,591,1.00
172,591,0.86
163,592,0.57
164,592,1.00
165,592,1.00
166,592,1.00
167,592,1.00
168,592,1.00
169,592,1.00
170,592,1.00
171,592,1.00
164,593,0.57
165,593,1.00
166,593,1.00
167,593,1.00
168,593,1.00
169,593,1.00
170,593,1.00
165,594,0.57
166,594,1.00
167,594,1.00
168,594,1.00
169,594,1.00
166,595,0.57
167,595,0.57
168,595,0.86
167,596,0.29
168,597,0.29
169,598,0.29
166,583,0.86
165,584,1.00
166,584,1.00
167,584,0.86
164,585,1.00
165,585,1.00
166,585,1.00
167,585,1.00
168,585,0.86
163,586,1.00
164,586,1.00
165,586,1.00
166,586,1.00
167,586,1.00
168,586,0.86
162,587,1.00
163,587,1.00
164,587,1.00
165,587,1.00
166,587,1.00
167,587,1.00
161,588,0.86
162,588,1.00
163,588,1.00
164,588,1.00
165,588,1.00
166,588,1.00
160,589,0.29
161,589,0.86
162,589,1.00
163,589,1.00
164,589,1.00
165,589,1.00
161,590,0.29
162,590,0.86
163,590,1.00
164,590,1.00
162,591,0.29
163,591,0.86
163,579,0.57
162,580,0.57
163,580,0.57
164,580,0.29
161,581,0.57
162,581,0.57
163,581,0.86
164,581,0.57
165,581,0.29
160,582,0.57
161,582,0.57
162,582,0.86
163,582,1.00
164,582,0.86
165,582,0.57
166,582,0.29
159,583,0.57
160,583,0.57
161,583,0.86
162,583,1.00
163,583,1.00
164,583,1.00
165,583,0.86
167,583,0.29
158,584,0.57
159,584,0.57
160,584,0.86
161,584,1.00
162,584,1.00
163,584,1.00
164,584,1.00
168,584,0.29
157,585,0.57
158,585,0.57
159,585,0.86
160,585,1.00
161,585,1.00
162,585,1.00
163,585,1.00
169,585,0.29
158,586,0.29
159,586,0.57
160,586,0.86
161,586,1.00
162,586,1.00
159,587,0.29
160,587,0.57
161,587,0.86
160,588,0.29
157,573,0.29
156,574,1.00
157,574,1.00
158,574,0.29
155,575,1.00
156,575,1.00
157,575,1.00
158,575,0.86
159,575,0.29
154,576,1.00
155,576,1.00
156,576,1.00
157,576,1.00
158,576,1.00
159,576,0.86
160,576,0.29
153,577,1.00
154,577,1.00
155,577,1.00
156,577,1.00
157,577,1.00
158,577,1.00
159,577,1.00
160,577,0.86
161,577,0.29
152,578,1.00
153,578,1.00
154,578,1.00
155,578,1.00
156,578,1.00
157,578,1.00
158,578,1.00
159,578,1.00
160,578,0.86
161,578,0.57
162,578,0.29
151,579,1.00
152,579,1.00
153,579,1.00
154,579,1.00
155,579,1.00
156,579,1.00
157,579,1.00
158,579,1.00
159,579,1.00
160,579,1.00
161,579,0.86
162,579,0.57
152,580,0.86
153,580,1.00
154,580,1.00
155,580,1.00
156,580,1.00
157,580,1.00
158,580,1.00
159,580,1.00
160,580,0.86
161,580,0.57
153,581,0.86
154,581,1.00
155,581,1.00
156,581,1.00
157,581,1.00
158,581,1.00
159,581,0.86
160,581,0.57
154,582,0.86
155,582,0.86
156,582,0.86
157,582,1.00
158,582,0.86
159,582,0.57
155,583,0.29
156,583,0.57
157,583,0.86
158,583,0.57
156,584,0.29
157,584,0.57
154,571,0.86
153,572,1.00
154,572,1.00
155,572,0.57
152,573,1.00
153,573,1.00
154,573,1.00
155,573,1.00
156,573,0.57
151,574,1.00
152,574,1.00
153,574,1.00
154,574,1.00
155,574,1.00
150,575,1.00
151,575,1.00
152,575,1.00
153,575,1.00
154,575,1.00
149,576,1.00
150,576,1.00
151,576,1.00
152,576,1.00
153,576,1.00
148,577,0.57
149,577,1.00
150,577,1.00
151,577,1.00
152,577,1.00
149,578,0.57
150,578,1.00
151,578,1.00
150,579,0.57
151,580,0.57
152,581,0.29
153,582,0.29
154,583,0.29
151,568,1.00
150,569,1.00
151,569,1.00
152,569,1.00
149,570,1.00
150,570,1.00
151,570,1.00
152,570,1.00
153,570,1.00
148,571,1.00
149,571,1.00
150,571,1.00
151,571,1.00
152,571,1.00
153,571,1.00
147,572,1.00
148,572,1.00
149,572,1.00
150,572,1.00
151,572,1.00
152,572,1.00
146,573,0.86
147,573,1.00
148,573,1.00
149,573,1.00
150,573,1.00
151,573,1.00
145,574,0.29
146,574,0.57
147,574,1.00
148,574,1.00
149,574,1.00
150,574,1.00
146,575,0.29
147,575,0.57
148,575,1.00
149,575,1.00
147,576,0.29
148,576,0.57
149,564,1.00
148,565,1.00
149,565,1.00
150,565,1.00
147,566,1.00
148,566,1.00
149,566,1.00
150,566,1.00
151,566,0.86
146,567,1.00
147,567,1.00
148,567,1.00
149,567,1.00
150,567,1.00
151,567,1.00
152,567,0.57
145,568,1.00
146,568,1.00
147,568,1.00
148,568,1.00
149,568,1.00
150,568,1.00
152,568,1.00
153,568,0.57
144,569,1.00
145,569,1.00
146,569,1.00
147,569,1.00
148,569,1.00
149,569,1.00
153,569,0.57
154,569,0.29
143,570,0.57
144,570,1.00
145,570,1.00
146,570,1.00
147,570,1.00
148,570,1.00
154,570,0.57
155,570,0.29
144,571,0.57
145,571,1.00
146,571,1.00
147,571,1.00
145,572,0.57
146,572,1.00
147,562,1.00
146,563,1.00
147,563,1.00
148,563,1.00
145,564,1.00
146,564,1.00
147,564,1.00
148,564,1.00
144,565,1.00
145,565,1.00
146,565,1.00
147,565,1.00
143,566,1.00
144,566,1.00
145,566,1.00
146,566,1.00
142,567,0.57
143,567,1.00
144,567,1.00
145,567,1.00
141,568,0.29
142,568,0.57
143,568,1.00
144,568,1.00
142,569,0.29
143,569,0.57
146,559,0.29
145,560,0.29
146,560,0.57
147,560,0.29
144,561,0.29
145,561,0.57
146,561,0.86
147,561,0.57
148,561,0.29
143,562,0.29
144,562,0.57
145,562,0.86
146,562,1.00
148,562,0.57
149,562,0.29
142,563,0.29
143,563,0.57
144,563,0.86
145,563,1.00
149,563,0.57
150,563,0.29
141,564,0.29
142,564,0.57
143,564,0.86
144,564,1.00
150,564,0.57
151,564,0.29
140,565,0.29
141,565,0.57
142,565,0.86
143,565,1.00
151,565,0.57
152,565,0.29
141,566,0.29
142,566,0.57

153,567,0.29
152,568,0.29
153,568,1.00
154,568,1.00
151,569,0.29
152,569,1.00
153,569,1.00
154,569,1.00
155,569,1.00
150,570,0.29
151,570,1.00
152,570,1.00
153,570,1.00
154,570,1.00
155,570,1.00
156,570,1.00
149,571,0.29
150,571,1.00
151,571,1.00
152,571,1.00
153,571,1.00
154,571,1.00
155,571,1.00
156,571,1.00
157,571,1.00
148,572,0.29
149,572,1.00
150,572,1.00
151,572,1.00
152,572,1.00
153,572,1.00
154,572,1.00
155,572,1.00
156,572,1.00
157,572,1.00
158,572,1.00
147,573,0.29
148,573,0.86
149,573,1.00
150,573,1.00
151,573,1.00
152,573,1.00
153,573,1.00
154,573,1.00
155,573,1.00
156,573,1.00
157,573,1.00
158,573,1.00
159,573,1.00
148,574,1.00
149,574,1.00
150,574,1.00
151,574,1.00
152,574,1.00
153,574,1.00
154,574,1.00
155,574,1.00
156,574,1.00
157,574,1.00
158,574,1.00
149,575,1.00
150,575,1.00
151,575,1.00
152,575,1.00
153,575,1.00
154,575,1.00
155,575,1.00
156,575,1.00
157,575,1.00
150,576,1.00
151,576,1.00
152,576,1.00
153,576,1.00
154,576,1.00
155,576,1.00
156,576,1.00
151,577,1.00
152,577,1.00
153,577,1.00
154,577,1.00
155,577,1.00
152,578,1.00
153,578,1.00
154,578,1.00
153,579,1.00
147,574,0.29
159,574,1.00
148,575,0.57
158,575,1.00
149,576,1.00
157,576,1.00
150,577,1.00
156,577,1.00
151,578,1.00
155,578,1.00
152,579,1.00
154,579,1.00
153,580,1.00
160,574,1.00
159,575,1.00
158,576,1.00
157,577,1.00
156,578,1.00
155,579,1.00
154,580,1.00
155,568,1.00
156,569,1.00
157,570,1.00
158,571,1.00
159,572,1.00
160,573,1.00
161,574,1.00
160,575,1.00
159,576,1.00
158,577,1.00
157,578,1.00
156,579,1.00
155,580,0.86
161,575,1.00
162,575,1.00
160,576,1.00
161,576,1.00
162,576,1.00
163,576,1.00
159,577,1.00
160,577,1.00
161,577,1.00
162,577,1.00
163,577,1.00
164,577,1.00
158,578,1.00
159,578,1.00
160,578,1.00
161,578,1.00
162,578,1.00
163,578,1.00
157,579,1.00
158,579,1.00
159,579,1.00
160,579,1.00
161,579,1.00
162,579,1.00
156,580,1.00
157,580,1.00
158,580,1.00
159,580,1.00
160,580,1.00
161,580,1.00
156,581,0.29
157,581,1.00
158,581,1.00
159,581,1.00
160,581,1.00
157,582,0.29
158,582,1.00
159,582,1.00
158,583,0.29
161,573,1.00
162,574,1.00
163,575,1.00
164,576,1.00
165,577,1.00
164,578,1.00
165,578,0.57
166,578,0.29
163,579,1.00
164,579,1.00
165,579,0.86
166,579,0.57
167,579,0.29
162,580,1.00
163,580,1.00
164,580,0.86
165,580,0.57
166,580,0.29
161,581,1.00
162,581,1.00
163,581,0.86
164,581,0.57
165,581,0.29
160,582,1.00
161,582,1.00
162,582,0.86
163,582,0.57
164,582,0.29
159,583,1.00
160,583,0.57
161,583,0.86
162,583,0.57
163,583,0.29
160,584,0.29
161,584,0.57
162,584,0.29
161,585,0.29
169,581,0.29
168,582,0.29
169,582,0.57
170,582,0.29
167,583,0.29
168,583,0.57
169,583,0.86
170,583,0.57
171,583,0.29
166,584,0.29
167,584,0.57
168,584,0.86
169,584,1.00
170,584,0.86
171,584,0.57
172,584,0.29
165,585,0.29
166,585,0.57
167,585,0.86
168,585,1.00
169,585,1.00
170,585,1.00
171,585,0.86
172,585,0.57
173,585,0.29
164,586,0.29
165,586,0.57
166,586,0.86
167,586,1.00
168,586,1.00
169,586,1.00
170,586,1.00
171,586,1.00
172,586,0.86
173,586,0.86
174,586,1.00
163,587,0.29
164,587,0.57
165,587,0.86
166,587,1.00
167,587,1.00
168,587,1.00
169,587,1.00
170,587,1.00
171,587,1.00
172,587,1.00
173,587,1.00
174,587,1.00
175,587,1.00
164,588,0.29
165,588,0.57
166,588,0.86
167,588,1.00
168,588,1.00
169,588,1.00
170,588,1.00
171,588,1.00
172,588,1.00
173,588,1.00
174,588,1.00
165,589,0.29
166,589,0.57
167,589,0.86
168,589,1.00
169,589,1.00
170,589,1.00
171,589,1.00
172,589,1.00
173,589,1.00
166,590,0.29
167,590,0.57
168,590,0.86
169,590,1.00
170,590,1.00
171,590,1.00
172,590,1.00
167,591,0.29
168,591,0.86
169,591,1.00
170,591,1.00
171,591,1.00
168,592,0.29
169,592,0.86
170,592,0.86
169,593,0.29
174,585,0.29
175,586,0.86
176,587,1.00
175,588,1.00
176,588,1.00
177,588,1.00
174,589,1.00
175,589,1.00
176,589,1.00
177,589,1.00
178,589,1.00
173,590,1.00
174,590,1.00
175,590,1.00
176,590,1.00
177,590,1.00
178,590,1.00
179,590,1.00
172,591,1.00
173,591,1.00
174,591,1.00
175,591,1.00
176,591,1.00
177,591,1.00
178,591,1.00
179,591,1.00
180,591,1.00
171,592,0.86
172,592,1.00
173,592,1.00
174,592,1.00
175,592,1.00
176,592,1.00
177,592,1.00
178,592,1.00
179,592,1.00
170,593,0.29
171,593,0.57
172,593,0.86
173,593,1.00
174,593,1.00
175,593,1.00
176,593,1.00
177,593,1.00
178,593,1.00
171,594,0.29
172,594,0.57
173,594,0.86
174,594,1.00
175,594,1.00
176,594,1.00
177,594,1.00
172,595,0.29
173,595,0.57
174,595,1.00
175,595,1.00
176,595,1.00
173,596,0.57
174,596,1.00
175,596,1.00
174,597,0.57
180,592,1.00
181,592,1.00
179,593,1.00
180,593,1.00
181,593,1.00
182,593,1.00
178,594,1.00
179,594,1.00
180,594,1.00
181,594,1.00
182,594,1.00
183,594,1.00
177,595,1.00
178,595,1.00
179,595,1.00
180,595,1.00
181,595,1.00
182,595,1.00
183,595,1.00
184,595,1.00
176,596,1.00
177,596,1.00
178,596,1.00
179,596,1.00
180,596,1.00
181,596,1.00
182,596,1.00
183,596,1.00
184,596,1.00
185,596,1.00
175,597,0.57
176,597,0.86
177,597,1.00
178,597,1.00
179,597,1.00
180,597,1.00
181,597,1.00
182,597,1.00
183,597,1.00
184,597,1.00
175,598,0.29
176,598,0.57
177,598,0.86
178,598,1.00
179,598,1.00
180,598,1.00
181,598,1.00
182,598,1.00
183,598,1.00
176,599,0.29
177,599,0.57
178,599,0.86
179,599,1.00
180,599,1.00
181,599,1.00
182,599,1.00
177,600,0.29
178,600,0.57
179,600,0.86
180,600,0.57
181,600,0.86
178,601,0.29
179,601,0.57
180,601,0.29
179,602,0.29
187,597,1.00
186,598,1.00
187,598,1.00
188,598,1.00
185,599,1.00
186,599,1.00
187,599,1.00
188,599,1.00
189,599,1.00
184,600,1.00
185,600,1.00
186,600,1.00
187,600,1.00
188,600,1.00
189,600,1.00
190,600,1.00
183,601,1.00
184,601,1.00
185,601,1.00
186,601,1.00
187,601,1.00
188,601,1.00
189,601,1.00
190,601,1.00
191,601,1.00
182,602,0.29
183,602,0.86
184,602,1.00
185,602,1.00
186,602,1.00
187,602,1.00
188,602,1.00
189,602,1.00
190,602,1.00
191,602,1.00
192,602,1.00
181,603,0.29
182,603,0.57
183,603,0.86
184,603,1.00
185,603,1.00
186,603,1.00
187,603,1.00
188,603,1.00
189,603,1.00
190,603,1.00
191,603,1.00
192,603,1.00
193,603,1.00
182,604,0.29
183,604,0.57
184,604,0.86
185,604,1.00
186,604,1.00
187,604,1.00
188,604,1.00
189,604,1.00
190,604,0.86
191,604,0.86
192,604,0.86
183,605,0.29
184,605,0.57
185,605,0.86
186,605,1.00
187,605,1.00
188,605,1.00
189,605,0.86
190,605,0.57
191,605,0.29
184,606,0.29
185,606,0.57
186,606,0.86
187,606,1.00
188,606,0.86
189,606,0.57
190,606,0.29
185,607,0.29
186,607,0.57
187,607,0.86
188,607,0.57
189,607,0.29
186,608,0.29
187,608,0.57
188,608,0.29
187,609,0.29
194,603,1.00
193,604,1.00
194,604,1.00
195,604,1.00
192,605,0.57
193,605,1.00
194,605,1.00
195,605,1.00
196,605,1.00
191,606,0.29
192,606,0.57
193,606,1.00
194,606,1.00
195,606,1.00
196,606,1.00
197,606,0.57
190,607,0.29
191,607,0.57
192,607,0.86
193,607,1.00
194,607,1.00
195,607,1.00
196,607,1.00
197,607,0.86
198,607,0.29
189,608,0.29
190,608,0.57
191,608,0.86
192,608,1.00
193,608,1.00
194,608,1.00
195,608,1.00
196,608,1.00
197,608,1.00
198,608,0.86
199,608,0.57
188,609,0.29
189,609,0.57
190,609,0.86
191,609,1.00
192,609,1.00
193,609,1.00
194,609,1.00
195,609,1.00
196,609,1.00
197,609,1.00
198,609,1.00
199,609,1.00
200,609,0.57
189,610,0.29
190,610,0.57
191,610,0.86
192,610,1.00
193,610,1.00
194,610,1.00
195,610,1.00
196,610,1.00
197,610,1.00
198,610,1.00
199,610,1.00
190,611,0.29
191,611,0.86
192,611,1.00
193,611,1.00
194,611,1.00
195,611,1.00
196,611,1.00
197,611,1.00
198,611,1.00
191,612,0.86
192,612,1.00
193,612,1.00
194,612,1.00
195,612,1.00
196,612,1.00
197,612,1.00
192,613,0.86
193,613,1.00
194,613,1.00
195,613,1.00
196,613,1.00
193,614,1.00
194,614,1.00
195,614,1.00
194,615,1.00
200,610,1.00
199,611,1.00
200,611,1.00
201,611,1.00
190,612,0.29
198,612,1.00
199,612,1.00
200,612,1.00
201,612,1.00
202,612,1.00
191,613,0.29
197,613,1.00
198,613,1.00
199,613,1.00
200,613,1.00
201,613,1.00
192,614,0.29
196,614,1.00
197,614,1.00
198,614,1.00
199,614,1.00
200,614,1.00
193,615,0.29
195,615,1.00
196,615,1.00
197,615,1.00
198,615,1.00
199,615,1.00
194,616,0.29
195,616,0.86
196,616,1.00
197,616,1.00
198,616,1.00
195,617,0.29
196,617,0.86
197,617,1.00
196,618,0.29
201,610,0.86
202,611,1.00
203,612,1.00
202,613,1.00
203,613,1.00
204,613,1.00
201,614,1.00
202,614,1.00
203,614,1.00
204,614,1.00
205,614,1.00
200,615,1.00
201,615,1.00
202,615,1.00
203,615,1.00
204,615,1.00
199,616,1.00
200,616,1.00
201,616,1.00
202,616,1.00
203,616,1.00
198,617,1.00
199,617,1.00
200,617,1.00
201,617,1.00
202,617,1.00
197,618,0.29
198,618,0.86
199,618,1.00
200,618,1.00
201,618,1.00
198,619,0.29
199,619,0.86
200,619,1.00
199,620,0.29
201,609,0.29
202,610,0.29
203,611,0.86
204,612,0.86
205,613,0.86
206,614,1.00
205,615,1.00
206,615,1.00
207,615,1.00
204,616,1.00
205,616,1.00
206,616,1.00
203,617,1.00
204,617,1.00
205,617,1.00
202,618,1.00
203,618,1.00
204,618,1.00
201,619,1.00
202,619,1.00
203,619,1.00
200,620,0.29
201,620,0.86
202,620,1.00
201,621,0.29
203,610,0.29
204,611,0.29
205,612,0.29
206,613,0.29
207,614,0.86
208,615,0.86
207,616,1.00
208,616,1.00
209,616,1.00
206,617,1.00
207,617,1.00
208,617,1.00
205,618,1.00
206,618,1.00
207,618,1.00
204,619,1.00
205,619,1.00
206,619,1.00
203,620,1.00
204,620,1.00
205,620,1.00
202,621,0.29
203,621,0.86
204,621,1.00
203,622,0.29
207,613,0.29
208,614,0.29
209,615,0.29
210,616,0.86
209,617,1.00
210,617,1.00
211,617,0.86
208,618,1.00
209,618,1.00
210,618,1.00
211,618,1.00
212,618,0.86
207,619,1.00
208,619,1.00
209,619,1.00
210,619,1.00
211,619,1.00
212,619,1.00
213,619,0.86
206,620,1.00
207,620,1.00
208,620,1.00
209,620,1.00
210,620,1.00
211,620,1.00
212,620,1.00
205,621,1.00
206,621,1.00
207,621,1.00
208,621,1.00
209,621,1.00
210,621,1.00
211,621,1.00
204,622,0.29
205,622,0.86
206,622,1.00
207,622,1.00
208,622,1.00
209,622,1.00
210,622,1.00
205,623,0.29
206,623,0.86
207,623,1.00
208,623,1.00
209,623,1.00
206,624,0.29
207,624,0.86
208,624,0.86
207,625,0.29
210,615,0.29
211,616,0.29
212,617,0.29
213,618,0.29
214,619,0.29
213,620,0.86
214,620,0.57
215,620,0.29
212,621,1.00
213,621,1.00
214,621,0.86
215,621,0.57
216,621,0.57
211,622,1.00
212,622,1.00
213,622,0.86
214,622,0.57
215,622,0.57
210,623,1.00
211,623,1.00
212,623,0.86
213,623,0.57
214,623,0.57
209,624,0.86
210,624,1.00
211,624,0.86
212,624,0.57
213,624,0.57
208,625,0.29
209,625,0.57
210,625,0.86
211,625,0.57
212,625,0.57
209,626,0.29
210,626,0.57
211,626,0.57
210,627,0.57
216,622,0.57
217,622,0.29
215,623,0.57
216,623,0.86
217,623,0.57
218,623,0.29
214,624,0.57
215,624,0.86
216,624,1.00
217,624,0.86
218,624,0.86
219,624,0.86
213,625,0.57
214,625,0.86
215,625,1.00
216,625,1.00
217,625,1.00
218,625,1.00
219,625,1.00
220,625,0.86
212,626,0.57
213,626,0.86
214,626,1.00
215,626,1.00
216,626,1.00
217,626,1.00
218,626,1.00
219,626,1.00
220,626,1.00
221,626,0.86
211,627,0.57
212,627,0.86
213,627,1.00
214,627,1.00
215,627,1.00
216,627,1.00
217,627,1.00
218,627,1.00
219,627,1.00
220,627,1.00
221,627,1.00
222,627,0.86
211,628,0.29
212,628,0.57
213,628,0.86
214,628,1.00
215,628,1.00
216,628,1.00
217,628,1.00
218,628,1.00
219,628,1.00
220,628,1.00
221,628,1.00
212,629,0.29
213,629,0.86
214,629,1.00
215,629,1.00
216,629,1.00
217,629,1.00
218,629,1.00
219,629,1.00
220,629,1.00
213,630,0.29
214,630,0.86
215,630,1.00
216,630,1.00
217,630,1.00
218,630,1.00
219,630,1.00
214,631,0.29
215,631,0.86
216,631,1.00
217,631,1.00
218,631,1.00
215,632,0.29
216,632,1.00
217,632,1.00
216,633,0.86
219,623,0.29
220,624,0.29
221,625,0.29
222,626,0.29
223,627,0.29
222,628,1.00
223,628,0.86
224,628,0.29
221,629,1.00
222,629,1.00
223,629,1.00
224,629,0.86
225,629,0.29
220,630,1.00
221,630,1.00
222,630,1.00
223,630,1.00
224,630,1.00
219,631,1.00
220,631,1.00
221,631,1.00
222,631,1.00
223,631,1.00
218,632,1.00
219,632,1.00
220,632,1.00
221,632,1.00
222,632,1.00
217,633,1.00
218,633,1.00
219,633,1.00
220,633,1.00
221,633,1.00
218,634,1.00
219,634,1.00
220,634,1.00
219,635,1.00
224,631,1.00
225,631,1.00
223,632,1.00
224,632,1.00
225,632,1.00
226,632,1.00
215,633,0.29
222,633,1.00
223,633,1.00
224,633,1.00
225,633,1.00
226,633,1.00
227,633,1.00
216,634,0.57
217,634,1.00
221,634,1.00
222,634,1.00
223,634,1.00
224,634,1.00
225,634,1.00
226,634,1.00
217,635,0.57
218,635,1.00
220,635,1.00
221,635,1.00
222,635,1.00
223,635,1.00
224,635,1.00
225,635,1.00
218,636,0.86
219,636,1.00
220,636,1.00
221,636,1.00
222,636,1.00
223,636,1.00
224,636,1.00
219,637,1.00
220,637,1.00
221,637,1.00
222,637,1.00
223,637,1.00
220,638,1.00
221,638,1.00
222,638,1.00
221,639,1.00
227,634,1.00
228,634,1.00
226,635,1.00
227,635,1.00
225,636,1.00
226,636,1.00
224,637,1.00
225,637,1.00
223,638,1.00
224,638,1.00
222,639,1.00
223,639,1.00
222,640,1.00
225,630,0.57
226,631,0.57
227,632,0.57
228,633,0.57
229,634,0.57
228,635,1.00
227,636,1.00
226,637,1.00
225,638,1.00
224,639,1.00
223,640,1.00
229,635,0.86
230,635,0.29
228,636,1.00
229,636,1.00
230,636,0.86
231,636,0.29
227,637,1.00
228,637,1.00
229,637,1.00
230,637,1.00
226,638,1.00
227,638,1.00
228,638,1.00
229,638,1.00
225,639,1.00
226,639,1.00
227,639,1.00
228,639,1.00
224,640,1.00
225,640,1.00
226,640,1.00
227,640,1.00
224,641,1.00
225,641,1.00
226,641,1.00
225,642,1.00
231,637,0.29
230,638,1.00
229,639,1.00
228,640,1.00
223,641,1.00
227,641,1.00
224,642,1.00
226,642,1.00
225,643,1.00
219,638,1.00
231,638,0.29
220,639,1.00
230,639,1.00
221,640,1.00
229,640,1.00
222,641,1.00
228,641,1.00
223,642,1.00
227,642,1.00
224,643,1.00
226,643,1.00
225,644,1.00
219,639,1.00
231,639,0.29
220,640,1.00
230,640,0.86
221,641,1.00
229,641,0.86
222,642,1.00
228,642,0.86
223,643,1.00
227,643,0.86
224,644,1.00
226,644,0.86
225,645,0.86
219,640,1.00
231,640,0.29
220,641,1.00
230,641,0.29
221,642,1.00
229,642,0.29
222,643,1.00
228,643,0.29
223,644,1.00
227,644,0.29
224,645,0.57
226,645,0.29
225,646,0.29
218,639,1.00
217,640,1.00
218,640,1.00
216,641,1.00
217,641,1.00
218,641,1.00
219,641,1.00
217,642,1.00
218,642,1.00
219,642,1.00
220,642,1.00
218,643,1.00
219,643,1.00
220,643,1.00
221,643,1.00
219,644,1.00
220,644,1.00
221,644,1.00
222,644,1.00
220,645,0.86
221,645,0.86
222,645,0.86
223,645,0.57
221,646,0.29
222,646,0.57
223,646,0.29
222,647,0.29
217,637,0.29
218,637,0.57
216,638,0.29
217,638,0.57
218,638,0.86
215,639,0.29
216,639,0.57
217,639,0.86
214,640,0.29
215,640,0.57
216,640,0.86
213,641,0.29
214,641,0.57
215,641,0.86
214,642,0.29
215,642,0.57
216,642,0.86
215,643,0.29
216,643,0.57
217,643,0.86
216,644,0.29
217,644,0.57
218,644,0.86
217,645,0.29
218,645,0.57
219,645,0.86
218,646,0.29
219,646,0.57
220,646,0.29
219,647,0.29
201,633,0.29
200,634,0.29
201,634,0.57
202,634,0.29
199,635,0.29
200,635,0.57
201,635,0.86
202,635,0.57
203,635,0.29
198,636,0.29
199,636,0.57
200,636,0.86
201,636,1.00
202,636,0.86
203,636,0.57
204,636,0.29
197,637,0.29
198,637,0.57
199,637,0.86
200,637,1.00
201,637,1.00
202,637,1.00
203,637,0.86
204,637,0.57
205,637,0.29
196,638,0.29
197,638,0.57
198,638,0.86
199,638,1.00
200,638,1.00
201,638,1.00
202,638,1.00
203,638,1.00
204,638,0.86
205,638,0.57
206,638,0.29
195,639,0.29
196,639,0.57
197,639,0.86
198,639,1.00
199,639,1.00
200,639,1.00
201,639,1.00
202,639,1.00
203,639,1.00
204,639,1.00
205,639,0.86
206,639,0.57
207,639,0.29
196,640,0.29
197,640,0.57
198,640,0.86
199,640,1.00
200,640,1.00
201,640,1.00
202,640,1.00
203,640,1.00
204,640,0.86
205,640,0.57
206,640,0.29
197,641,0.29
198,641,0.57
199,641,0.86
200,641,1.00
201,641,1.00
202,641,1.00
203,641,0.86
204,641,0.57
205,641,0.29
198,642,0.29
199,642,0.57
200,642,0.86
201,642,1.00
202,642,0.86
203,642,0.57
204,642,0.29
199,643,0.29
200,643,0.57
201,643,0.86
202,643,0.57
203,643,0.29
200,644,0.29
201,644,0.57
202,644,0.29
201,645,0.29
188,627,0.86
187,628,0.86
188,628,0.57
189,628,0.29
186,629,0.57
187,629,0.57
188,629,0.86
189,629,0.57
190,629,0.29
185,630,0.29
186,630,0.57
187,630,0.86
188,630,1.00
189,630,0.86
190,630,0.57
191,630,0.29
184,631,0.29
185,631,0.57
186,631,0.86
187,631,1.00
188,631,1.00
189,631,1.00
190,631,0.86
191,631,0.57
192,631,0.29
183,632,0.29
184,632,0.57
185,632,0.86
186,632,1.00
187,632,1.00
188,632,1.00
189,632,1.00
190,632,1.00
191,632,0.86
192,632,0.57
193,632,0.29
182,633,0.29
183,633,0.57
184,633,0.86
185,633,1.00
186,633,1.00
187,633,1.00
188,633,1.00
189,633,1.00
190,633,1.00
191,633,1.00
192,633,0.86
193,633,0.57
194,633,0.29
183,634,0.29
184,634,0.57
185,634,0.86
186,634,1.00
187,634,1.00
188,634,1.00
189,634,1.00
190,634,1.00
191,634,0.86
192,634,0.57
193,634,0.29
184,635,0.29
185,635,0.57
186,635,0.86
187,635,1.00
188,635,1.00
189,635,1.00
190,635,0.86
191,635,0.57
192,635,0.29
185,636,0.29
186,636,0.57
187,636,0.86
188,636,1.00
189,636,0.86
190,636,0.57
191,636,0.29
186,637,0.29
187,637,0.57
188,637,0.86
189,637,0.57
190,637,0.29
187,638,0.29
188,638,0.57
189,638,0.29
188,639,0.29
162,611,0.29
161,612,0.29
162,612,0.57
163,612,0.29
160,613,0.29
161,613,0.57
162,613,0.86
163,613,0.57
164,613,0.29
159,614,0.29
160,614,0.57
161,614,0.86
162,614,1.00
163,614,0.86
164,614,0.57
165,614,0.29
158,615,0.29
159,615,0.57
160,615,0.86
161,615,1.00
162,615,1.00
163,615,1.00
164,615,0.86
165,615,0.57
166,615,0.29
157,616,0.29
158,616,0.57
159,616,0.86
160,616,1.00
161,616,1.00
162,616,1.00
163,616,1.00
164,616,1.00
165,616,0.86
166,616,0.57
167,616,0.29
156,617,0.29
157,617,0.57
158,617,0.86
159,617,1.00
160,617,1.00
161,617,1.00
162,617,1.00
163,617,1.00
164,617,1.00
165,617,1.00
166,617,0.86
167,617,0.57
168,617,0.29
157,618,0.29
158,618,0.57
159,618,0.86
160,618,1.00
161,618,1.00
162,618,1.00
163,618,1.00
164,618,1.00
165,618,0.86
166,618,0.57
167,618,0.29
158,619,0.29
159,619,0.57
160,619,0.86
161,619,1.00
162,619,1.00
163,619,1.00
164,619,0.86
165,619,0.57
166,619,0.29
159,620,0.29
160,620,0.57
161,620,0.86
162,620,1.00
163,620,0.86
164,620,0.57
165,620,0.29
160,621,0.29
161,621,0.57
162,621,0.86
163,621,0.57
164,621,0.29
161,622,0.29
162,622,0.57
163,622,0.29
162,623,0.29
151,604,0.29
150,605,0.29
151,605,0.86
152,605,0.86
149,606,0.29
150,606,0.86
151,606,1.00
152,606,1.00
153,606,1.00
148,607,0.29
149,607,0.57
150,607,0.86
151,607,1.00
152,607,1.00
153,607,1.00
154,607,1.00
147,608,0.29
148,608,0.57
149,608,0.86
150,608,1.00
151,608,1.00
152,608,1.00
153,608,1.00
154,608,1.00
155,608,1.00
146,609,0.29
147,609,0.57
148,609,0.86
149,609,1.00
150,609,1.00
151,609,1.00
152,609,1.00
153,609,1.00
154,609,1.00
155,609,1.00
156,609,1.00
145,610,0.29
146,610,0.57
147,610,0.86
148,610,1.00
149,610,1.00
150,610,1.00
151,610,1.00
152,610,1.00
153,610,1.00
154,610,1.00
155,610,1.00
156,610,1.00
157,610,0.86
146,611,0.29
147,611,0.57
148,611,0.86
149,611,1.00
150,611,1.00
151,611,1.00
152,611,1.00
153,611,1.00
154,611,0.86
155,611,0.86
156,611,0.86
147,612,0.29
148,612,0.57
149,612,0.86
150,612,1.00
151,612,1.00
152,612,1.00
153,612,0.86
154,612,0.57
155,612,0.29
148,613,0.29
149,613,0.57
150,613,0.86
151,613,1.00
152,613,0.86
153,613,0.57
154,613,0.29
149,614,0.29
150,614,0.57
151,614,0.86
152,614,0.57
153,614,0.29
150,615,0.29
151,615,0.57
152,615,0.29
151,616,0.29
138,593,1.00
137,594,1.00
138,594,1.00
139,594,1.00
136,595,1.00
137,595,1.00
138,595,1.00
139,595,1.00
140,595,1.00
135,596,1.00
136,596,1.00
137,596,1.00
138,596,1.00
139,596,1.00
140,596,1.00
141,596,1.00
134,597,1.00
135,597,1.00
136,597,1.00
137,597,1.00
138,597,1.00
139,597,1.00
140,597,1.00
141,597,1.00
142,597,1.00
133,598,0.86
134,598,1.00
135,598,1.00
136,598,1.00
137,598,1.00
138,598,1.00
139,598,1.00
140,598,1.00
141,598,1.00
142,598,1.00
143,598,0.57
132,599,0.29
133,599,0.86
134,599,1.00
135,599,1.00
136,599,1.00
137,599,1.00
138,599,1.00
139,599,1.00
140,599,1.00
141,599,1.00
142,599,1.00
143,599,0.57
144,599,0.29
133,600,0.29
134,600,0.86
135,600,0.86
136,600,1.00
137,600,1.00
138,600,1.00
139,600,1.00
140,600,1.00
141,600,1.00
142,600,0.57
143,600,0.29
134,601,0.29
135,601,0.57
136,601,0.86
137,601,1.00
138,601,1.00
139,601,1.00
140,601,1.00
141,601,0.57
142,601,0.29
135,602,0.29
136,602,0.57
137,602,0.86
138,602,1.00
139,602,1.00
140,602,0.57
141,602,0.29
136,603,0.29
137,603,0.57
138,603,0.86
139,603,0.57
140,603,0.29
137,604,0.29
138,604,0.57
139,604,0.29
138,605,0.29
134,588,0.29
133,589,0.29
134,589,0.57
135,589,0.29
132,590,0.29
133,590,0.57
134,590,0.86
135,590,0.57
136,590,0.29
131,591,0.29
132,591,0.57
133,591,0.86
134,591,1.00
135,591,0.86
136,591,0.57
137,591,0.29
130,592,0.29
131,592,0.57
132,592,0.86
133,592,1.00
134,592,1.00
135,592,1.00
136,592,0.86
137,592,0.86
138,592,0.86
129,593,0.29
130,593,0.57
131,593,0.86
132,593,1.00
133,593,1.00
134,593,1.00
135,593,1.00
136,593,1.00
137,593,1.00
139,593,1.00
128,594,0.29
129,594,0.57
130,594,0.86
131,594,1.00
132,594,1.00
133,594,1.00
134,594,1.00
135,594,1.00
136,594,1.00
140,594,1.00
129,595,0.29
130,595,0.57
131,595,0.86
132,595,1.00
133,595,1.00
134,595,1.00
135,595,1.00
130,596,0.29
131,596,0.57
132,596,0.86
133,596,1.00
134,596,1.00
131,597,0.29
132,597,0.57
133,597,0.86
132,598,0.29
126,578,0.57
125,579,0.57
126,579,1.00
127,579,1.00
124,580,0.86
125,580,1.00
126,580,1.00
127,580,1.00
128,580,1.00
123,581,1.00
124,581,1.00
125,581,1.00
126,581,1.00
127,581,1.00
128,581,1.00
129,581,1.00
122,582,1.00
123,582,1.00
124,582,1.00
125,582,1.00
126,582,1.00
127,582,1.00
128,582,1.00
129,582,1.00
130,582,1.00
121,583,1.00
122,583,1.00
123,583,1.00
124,583,1.00
125,583,1.00
126,583,1.00
127,583,1.00
128,583,1.00
129,583,1.00
130,583,1.00
131,583,1.00
120,584,1.00
121,584,1.00
122,584,1.00
123,584,1.00
124,584,1.00
125,584,1.00
126,584,1.00
127,584,1.00
128,584,1.00
129,584,1.00
130,584,1.00
131,584,1.00
132,584,1.00
121,585,1.00
122,585,1.00
123,585,1.00
124,585,1.00
125,585,1.00
126,585,1.00
127,585,1.00
128,585,1.00
129,585,1.00
130,585,1.00
131,585,0.86
122,586,0.57
123,586,0.57
124,586,0.86
125,586,1.00
126,586,1.00
127,586,1.00
128,586,1.00
129,586,1.00
130,586,0.57
123,587,0.29
124,587,0.57
125,587,0.86
126,587,1.00
127,587,1.00
128,587,1.00
129,587,0.57
124,588,0.29
125,588,0.57
126,588,0.86
127,588,0.57
128,588,0.57
125,589,0.29
126,589,0.57
127,589,0.29
126,590,0.29
121,569,1.00
120,570,1.00
121,570,1.00
122,570,1.00
119,571,1.00
120,571,1.00
121,571,1.00
122,571,1.00
123,571,1.00
118,572,1.00
119,572,1.00
120,572,1.00
121,572,1.00
122,572,1.00
123,572,1.00
124,572,1.00
117,573,1.00
118,573,1.00
119,573,1.00
120,573,1.00
121,573,1.00
122,573,1.00
123,573,1.00
124,573,0.86
125,573,0.29
116,574,1.00
117,574,1.00
118,574,1.00
119,574,1.00
120,574,1.00
121,574,1.00
122,574,1.00
123,574,1.00
124,574,0.86
125,574,0.57
126,574,0.29
115,575,1.00
116,575,1.00
117,575,1.00
118,575,1.00
119,575,1.00
120,575,1.00
121,575,1.00
122,575,1.00
123,575,1.00
124,575,1.00
125,575,0.86
126,575,0.57
127,575,0.29
116,576,1.00
117,576,1.00
118,576,1.00
119,576,1.00
120,576,1.00
121,576,1.00
122,576,1.00
123,576,1.00
124,576,0.86
125,576,0.57
126,576,0.29
117,577,1.00
118,577,1.00
119,577,1.00
120,577,1.00
121,577,1.00
122,577,1.00
123,577,1.00
124,577,0.86
125,577,0.29
118,578,1.00
119,578,1.00
120,578,1.00
121,578,1.00
122,578,1.00
123,578,0.86
124,578,0.29
119,579,1.00
120,579,1.00
121,579,1.00
122,579,1.00
123,579,0.57
120,580,1.00
121,580,1.00
122,580,1.00
121,581,1.00
119,566,1.00
118,567,1.00
119,567,1.00
120,567,1.00
117,568,1.00
118,568,1.00
119,568,1.00
120,568,1.00
121,568,1.00
116,569,1.00
117,569,1.00
118,569,1.00
119,569,1.00
120,569,1.00
122,569,1.00
115,570,1.00
116,570,1.00
117,570,1.00
118,570,1.00
119,570,1.00
123,570,1.00
114,571,1.00
115,571,1.00
116,571,1.00
117,571,1.00
118,571,1.00
124,571,0.86
113,572,1.00
114,572,1.00
115,572,1.00
116,572,1.00
117,572,1.00
125,572,0.29
114,573,1.00
115,573,1.00
116,573,1.00
115,574,1.00
118,564,0.57
117,565,0.57
118,565,1.00
119,565,0.86
116,566,0.57
117,566,1.00
118,566,1.00
120,566,0.86
115,567,0.57
116,567,1.00
117,567,1.00
121,567,0.86
114,568,0.57
115,568,1.00
116,568,1.00
122,568,0.86
113,569,0.86
114,569,1.00
115,569,1.00
123,569,0.86
112,570,0.86
113,570,1.00
114,570,1.00
124,570,0.86
113,571,1.00
125,571,0.29
132,574,0.29
131,575,0.29
132,575,0.57
133,575,0.29
130,576,0.29
131,576,0.57
132,576,0.86
133,576,0.57
134,576,0.29
129,577,0.57
130,577,0.57
131,577,0.86
132,577,1.00
133,577,0.86
134,577,0.57
135,577,0.29
128,578,1.00
129,578,1.00
130,578,1.00
131,578,1.00
132,578,1.00
133,578,1.00
134,578,0.86
135,578,0.57
136,578,0.29
128,579,1.00
129,579,1.00
130,579,1.00
131,579,1.00
132,579,1.00
133,579,1.00
134,579,1.00
135,579,0.86
136,579,0.57
137,579,0.29
129,580,1.00
130,580,1.00
131,580,1.00
132,580,1.00
133,580,1.00
134,580,1.00
135,580,1.00
136,580,0.86
137,580,0.57
138,580,0.29
130,581,1.00
131,581,1.00
132,581,1.00
133,581,1.00
134,581,1.00
135,581,0.86
136,581,0.57
137,581,0.29
131,582,1.00
132,582,1.00
133,582,1.00
134,582,1.00
135,582,0.57
136,582,0.29
132,583,1.00
133,583,1.00
134,583,0.57
135,583,0.29
133,584,0.57
134,584,0.29
132,585,0.57
133,585,0.29
132,586,0.29
142,581,0.29
141,582,0.57
142,582,0.57
143,582,0.29
140,583,1.00
141,583,1.00
142,583,1.00
143,583,0.57
144,583,0.29
139,584,1.00
140,584,1.00
141,584,1.00
142,584,1.00
143,584,1.00
144,584,0.86
145,584,0.86
138,585,1.00
139,585,1.00
140,585,1.00
141,585,1.00
142,585,1.00
143,585,1.00
144,585,1.00
145,585,1.00
146,585,1.00
137,586,1.00
138,586,1.00
139,586,1.00
140,586,1.00
141,586,1.00
142,586,1.00
143,586,1.00
144,586,1.00
145,586,1.00
146,586,1.00
147,586,1.00
136,587,1.00
137,587,1.00
138,587,1.00
139,587,1.00
140,587,1.00
141,587,1.00
142,587,1.00
143,587,1.00
144,587,1.00
145,587,1.00
146,587,1.00
147,587,1.00
148,587,1.00
137,588,1.00
138,588,1.00
139,588,1.00
140,588,1.00
141,588,1.00
142,588,1.00
143,588,1.00
144,588,1.00
145,588,1.00
146,588,1.00
147,588,1.00
138,589,1.00
139,589,1.00
140,589,1.00
141,589,1.00
142,589,1.00
143,589,1.00
144,589,1.00
145,589,1.00
146,589,1.00
139,590,1.00
140,590,1.00
141,590,1.00
142,590,1.00
143,590,1.00
144,590,1.00
145,590,1.00
140,591,0.86
141,591,0.57
142,591,0.86
143,591,0.86
144,591,0.86
141,592,0.57
142,592,0.57
143,592,0.29
142,593,0.57
166,598,0.29
165,599,0.29
166,599,0.57
167,599,0.29
164,600,0.29
165,600,0.57
166,600,0.86
167,600,0.57
168,600,0.29
163,601,0.29
164,601,0.57
165,601,0.86
166,601,1.00
167,601,0.86
168,601,0.57
169,601,0.29
162,602,0.29
163,602,0.57
164,602,0.86
165,602,1.00
166,602,1.00
167,602,1.00
168,602,0.86
169,602,0.57
170,602,0.29
161,603,0.29
162,603,0.57
163,603,0.86
164,603,1.00
165,603,1.00
166,603,1.00
167,603,1.00
168,603,1.00
169,603,0.86
170,603,0.57
171,603,0.29
160,604,0.57
161,604,0.57
162,604,0.86
163,604,1.00
164,604,1.00
165,604,1.00
166,604,1.00
167,604,1.00
168,604,1.00
169,604,1.00
170,604,0.86
171,604,0.57
172,604,0.29
161,605,0.57
162,605,0.57
163,605,0.86
164,605,1.00
165,605,1.00
166,605,1.00
167,605,1.00
168,605,1.00
169,605,0.86
170,605,0.57
171,605,0.29
162,606,0.57
163,606,0.57
164,606,0.86
165,606,1.00
166,606,1.00
167,606,1.00
168,606,0.86
169,606,0.57
170,606,0.29
163,607,0.29
164,607,0.57
165,607,0.86
166,607,1.00
167,607,0.86
168,607,0.57
169,607,0.29
164,608,0.29
165,608,0.57
166,608,0.86
167,608,0.57
168,608,0.29
165,609,0.29
166,609,0.57
167,609,0.29
166,610,0.29
186,612,0.57
185,613,1.00
186,613,1.00
187,613,0.86
184,614,1.00
185,614,1.00
186,614,1.00
187,614,1.00
188,614,0.86
183,615,1.00
184,615,1.00
185,615,1.00
186,615,1.00
187,615,1.00
188,615,1.00
189,615,0.86
182,616,1.00
183,616,1.00
184,616,1.00
185,616,1.00
186,616,1.00
187,616,1.00
188,616,1.00
189,616,1.00
190,616,0.86
181,617,1.00
182,617,1.00
183,617,1.00
184,617,1.00
185,617,1.00
186,617,1.00
187,617,1.00
188,617,1.00
189,617,1.00
190,617,1.00
191,617,1.00
180,618,0.57
181,618,1.00
182,618,1.00
183,618,1.00
184,618,1.00
185,618,1.00
186,618,1.00
187,618,1.00
188,618,1.00
189,618,1.00
190,618,1.00
191,618,1.00
192,618,1.00
181,619,0.86
182,619,1.00
183,619,1.00
184,619,1.00
185,619,1.00
186,619,1.00
187,619,1.00
188,619,1.00
189,619,1.00
190,619,1.00
191,619,1.00
182,620,0.86
183,620,1.00
184,620,1.00
185,620,1.00
186,620,1.00
187,620,1.00
188,620,1.00
189,620,1.00
190,620,1.00
183,621,1.00
184,621,1.00
185,621,1.00
186,621,1.00
187,621,1.00
188,621,1.00
189,621,1.00
184,622,1.00
185,622,1.00
186,622,1.00
187,622,1.00
188,622,1.00
185,623,1.00
186,623,1.00
187,623,1.00
186,624,1.00
192,616,0.29
192,617,0.57
193,617,0.29
193,618,0.57
194,618,0.29
192,619,1.00
193,619,1.00
194,619,0.57
195,619,0.29
191,620,1.00
192,620,1.00
193,620,1.00
194,620,0.86
195,620,0.57
196,620,0.29
190,621,1.00
191,621,1.00
192,621,1.00
193,621,1.00
194,621,1.00
195,621,0.86
196,621,0.57
197,621,0.57
189,622,1.00
190,622,1.00
191,622,1.00
192,622,1.00
193,622,1.00
194,622,1.00
195,622,1.00
196,622,1.00
197,622,1.00
198,622,0.86
188,623,1.00
189,623,1.00
190,623,1.00
191,623,1.00
192,623,1.00
193,623,1.00
194,623,1.00
195,623,1.00
196,623,1.00
197,623,1.00
188,624,1.00
189,624,1.00
190,624,1.00
191,624,1.00
192,624,1.00
193,624,1.00
194,624,1.00
195,624,1.00
196,624,1.00
189,625,1.00
190,625,1.00
191,625,0.86
192,625,1.00
193,625,1.00
194,625,1.00
195,625,1.00
190,626,0.29
191,626,0.57
192,626,1.00
193,626,1.00
194,626,1.00
191,627,0.57
192,627,1.00
193,627,1.00
192,628,1.00
198,623,1.00
199,623,0.57
197,624,1.00
198,624,1.00
199,624,1.00
200,624,0.57
196,625,1.00
197,625,1.00
198,625,1.00
199,625,1.00
200,625,1.00
201,625,0.57
195,626,1.00
196,626,1.00
197,626,1.00
198,626,1.00
199,626,1.00
200,626,1.00
201,626,1.00
202,626,0.57
194,627,1.00
195,627,1.00
196,627,1.00
197,627,1.00
198,627,1.00
199,627,1.00
200,627,1.00
201,627,1.00
202,627,1.00
203,627,0.57
193,628,1.00
194,628,1.00
195,628,1.00
196,628,1.00
197,628,1.00
198,628,1.00
199,628,1.00
200,628,1.00
201,628,1.00
202,628,1.00
193,629,1.00
194,629,1.00
195,629,1.00
196,629,1.00
197,629,1.00
198,629,1.00
199,629,1.00
200,629,1.00
201,629,1.00
194,630,1.00
195,630,1.00
196,630,1.00
197,630,1.00
198,630,1.00
199,630,1.00
200,630,1.00
195,631,1.00
196,631,1.00
197,631,1.00
198,631,1.00
199,631,1.00
196,632,1.00
197,632,1.00
198,632,1.00
197,633,1.00
203,628,0.86
204,628,0.29
202,629,0.86
203,629,0.29
201,630,0.86
202,630,0.29
200,631,0.86
201,631,0.29
199,632,0.86
200,632,0.29
198,633,0.86
199,633,0.29
198,634,0.29
191,628,0.29
192,629,0.29
193,630,0.29
194,631,0.29
195,632,0.29
196,633,0.29
197,634,0.29
182,621,0.57
181,622,0.57
182,622,1.00
183,622,1.00
180,623,0.29
181,623,0.57
182,623,1.00
183,623,1.00
184,623,1.00
181,624,0.29
182,624,0.57
183,624,1.00
184,624,1.00
185,624,1.00
187,624,1.00
182,625,0.29
183,625,0.57
184,625,1.00
185,625,1.00
186,625,1.00
187,625,1.00
188,625,1.00
183,626,0.29
184,626,0.57
185,626,1.00
186,626,1.00
187,626,1.00
188,626,1.00
189,626,0.57
184,627,0.29
185,627,0.57
186,627,1.00
187,627,1.00
185,628,0.29
186,628,0.57
156,600,0.29
155,601,0.29
156,601,0.57
157,601,0.29
154,602,0.29
155,602,0.57
156,602,0.86
157,602,0.57
158,602,0.29
153,603,0.29
154,603,0.57
155,603,0.86
156,603,1.00
157,603,0.86
158,603,0.57
159,603,0.29
152,604,0.29
153,604,0.57
154,604,0.86
155,604,1.00
156,604,1.00
157,604,1.00
158,604,0.86
159,604,0.57
153,605,0.86
154,605,1.00
155,605,1.00
156,605,1.00
157,605,1.00
158,605,1.00
159,605,0.86
160,605,0.57
154,606,1.00
155,606,1.00
156,606,1.00
157,606,1.00
158,606,1.00
159,606,1.00
160,606,0.86
161,606,0.57
155,607,1.00
156,607,1.00
157,607,1.00
158,607,1.00
159,607,0.86
160,607,0.57
161,607,0.29
156,608,1.00
157,608,1.00
158,608,0.86
159,608,0.57
160,608,0.29
157,609,0.86
158,609,0.57
159,609,0.29
158,610,0.29
157,611,0.29
156,612,0.29
138,591,0.57
139,591,1.00
139,592,1.00
140,592,0.57
140,593,0.86
141,593,0.57
141,594,0.86
142,594,0.57
143,594,0.29
141,595,1.00
142,595,0.86
143,595,0.57
144,595,0.29
142,596,1.00
143,596,0.86
144,596,0.57
145,596,0.29
143,597,0.57
144,597,0.29
117,579,1.00
118,579,1.00
116,580,0.86
117,580,1.00
118,580,1.00
119,580,1.00
123,580,0.57
115,581,0.29
116,581,0.86
117,581,1.00
118,581,1.00
119,581,1.00
120,581,1.00
122,581,1.00
114,582,0.29
115,582,0.57
116,582,0.86
117,582,1.00
118,582,1.00
119,582,1.00
120,582,1.00
121,582,1.00
115,583,0.29
116,583,0.57
117,583,0.86
118,583,1.00
119,583,1.00
120,583,1.00
116,584,0.29
117,584,0.57
118,584,0.86
119,584,1.00
117,585,0.29
118,585,0.57
119,585,0.86
120,585,1.00
118,586,0.29
119,586,0.57
120,586,0.86
121,586,0.57
119,587,0.29
120,587,0.57
121,587,0.29
120,588,0.29
112,571,0.86
111,572,0.86
112,572,1.00
110,573,0.86
111,573,1.00
112,573,1.00
113,573,1.00
109,574,0.86
110,574,1.00
111,574,1.00
112,574,1.00
113,574,1.00
114,574,1.00
108,575,0.86
109,575,1.00
110,575,1.00
111,575,1.00
112,575,1.00
113,575,1.00
114,575,1.00
107,576,0.29
108,576,0.86
109,576,1.00
110,576,1.00
111,576,1.00
112,576,1.00
113,576,1.00
114,576,1.00
115,576,1.00
108,577,0.29
109,577,0.86
110,577,1.00
111,577,1.00
112,577,1.00
113,577,1.00
114,577,1.00
115,577,1.00
116,577,1.00
109,578,0.29
110,578,0.86
111,578,1.00
112,578,1.00
113,578,1.00
114,578,1.00
115,578,1.00
116,578,1.00
117,578,1.00
110,579,0.29
111,579,0.86
112,579,1.00
113,579,1.00
114,579,1.00
115,579,1.00
116,579,1.00
111,580,0.29
112,580,0.86
113,580,1.00
114,580,0.86
115,580,0.57
112,581,0.29
113,581,0.86
114,581,0.29
113,582,0.29
111,571,0.29
110,572,0.29
109,573,0.29
108,574,0.29
107,575,0.29
128,576,0.29
127,577,0.29
128,577,0.57
127,578,0.57
139,580,0.29
138,581,0.29
139,581,0.57
140,581,0.29
137,582,0.29
138,582,0.57
139,582,0.86
140,582,0.57
136,583,0.29
137,583,0.57
138,583,0.86
139,583,1.00
135,584,0.29
136,584,0.57
137,584,0.86
138,584,1.00
134,585,0.29
135,585,0.57
136,585,0.86
137,585,1.00
133,586,0.29
134,586,0.57
135,586,0.86
136,586,1.00
134,587,0.29
135,587,0.57
135,588,0.29
136,588,0.57
136,589,0.29
137,589,0.57
137,590,0.29
138,590,0.57
146,582,0.29
145,583,0.29
146,583,0.57
147,583,0.29
146,584,0.86
147,584,0.86
148,584,1.00
147,585,1.00
148,585,1.00
149,585,1.00
148,586,1.00
149,586,1.00
150,586,1.00
149,587,1.00
150,587,1.00
151,587,1.00
148,588,1.00
149,588,1.00
150,588,1.00
151,588,1.00
152,588,1.00
147,589,1.00
148,589,1.00
149,589,1.00
150,589,1.00
151,589,1.00
146,590,1.00
147,590,1.00
148,590,1.00
149,590,1.00
150,590,1.00
145,591,0.86
146,591,1.00
147,591,1.00
148,591,1.00
149,591,1.00
144,592,0.29
145,592,0.57
146,592,0.86
147,592,0.86
148,592,0.86
145,593,0.29
146,593,0.57
147,593,0.29
146,594,0.29
149,582,0.57
148,583,0.29
149,583,0.86
150,583,1.00
149,584,1.00
150,584,1.00
151,584,1.00
150,585,1.00
151,585,1.00
152,585,1.00
151,586,1.00
152,586,1.00
153,586,1.00
152,587,1.00
153,587,1.00
154,587,1.00
153,588,1.00
154,588,1.00
155,588,0.86
152,589,1.00
153,589,1.00
154,589,0.86
151,590,1.00
152,590,1.00
153,590,0.86
150,591,1.00
151,591,1.00
152,591,0.86
149,592,0.86
150,592,0.86
151,592,0.86
148,593,0.29
149,593,0.57
150,593,0.29
149,594,0.29
151,581,1.00
150,582,0.86
151,582,1.00
152,582,0.86
151,583,1.00
152,583,0.86
153,583,0.29
152,584,0.86
153,584,0.57
154,584,0.29
153,585,0.86
154,585,0.57
155,585,0.29
154,586,0.86
155,586,0.57
156,586,0.29
155,587,0.86
156,587,0.57
157,587,0.29
156,588,0.29
155,589,0.29
154,590,0.29
153,591,0.29
152,592,0.29
151,593,0.29
147,576,0.29
148,576,0.57
146,577,0.29
147,577,0.57
148,577,0.86
149,577,1.00
145,578,0.29
146,578,0.57
147,578,0.86
148,578,1.00
149,578,1.00
150,578,1.00
146,579,0.29
147,579,0.57
148,579,0.86
149,579,1.00
150,579,1.00
151,579,1.00
147,580,0.29
148,580,0.57
149,580,0.86
150,580,1.00
151,580,1.00
152,580,1.00
148,581,0.29
149,581,0.57
150,581,0.86
152,581,0.86
153,581,0.57
154,581,0.29
153,582,0.29
151,555,0.57
150,556,0.29
151,556,0.57
152,556,0.29
149,557,0.29
150,557,0.86
151,557,0.86
152,557,0.57
153,557,0.29
148,558,0.29
149,558,0.86
150,558,1.00
151,558,1.00
152,558,0.86
153,558,0.57
154,558,0.29
147,559,0.57
148,559,0.86
149,559,1.00
150,559,1.00
151,559,1.00
152,559,1.00
153,559,0.86
154,559,0.57
155,559,0.29
146,560,1.00
147,560,1.00
148,560,1.00
149,560,1.00
150,560,1.00
151,560,1.00
152,560,1.00
153,560,1.00
154,560,0.86
155,560,0.57
156,560,0.29
145,561,1.00
146,561,1.00
147,561,1.00
148,561,1.00
149,561,1.00
150,561,1.00
151,561,1.00
152,561,1.00
153,561,1.00
154,561,1.00
155,561,0.86
156,561,0.57
157,561,0.29
146,562,1.00
147,562,1.00
148,562,1.00
149,562,1.00
150,562,1.00
151,562,1.00
152,562,1.00
153,562,1.00
154,562,1.00
155,562,0.86
156,562,0.29
147,563,1.00
148,563,1.00
149,563,1.00
150,563,1.00
151,563,1.00
152,563,1.00
153,563,1.00
154,563,1.00
155,563,0.86
148,564,1.00
149,564,1.00
150,564,1.00
151,564,1.00
152,564,1.00
153,564,1.00
154,564,0.86
149,565,1.00
150,565,1.00
151,565,1.00
152,565,1.00
153,565,0.86
150,566,1.00
151,566,1.00
152,566,0.86
151,567,0.86
151,543,1.00
150,544,1.00
151,544,1.00
152,544,1.00
149,545,1.00
150,545,1.00
151,545,1.00
152,545,1.00
153,545,1.00
148,546,1.00
149,546,1.00
150,546,1.00
151,546,1.00
152,546,1.00
153,546,1.00
154,546,1.00
147,547,1.00
148,547,1.00
149,547,1.00
150,547,1.00
151,547,1.00
152,547,1.00
153,547,1.00
154,547,1.00
155,547,1.00
146,548,0.57
147,548,0.86
148,548,1.00
149,548,1.00
150,548,1.00
151,548,1.00
152,548,1.00
153,548,1.00
154,548,1.00
155,548,0.86
156,548,0.57
145,549,1.00
146,549,1.00
147,549,1.00
148,549,1.00
149,549,1.00
150,549,1.00
151,549,1.00
152,549,1.00
153,549,1.00
154,549,1.00
155,549,1.00
156,549,1.00
157,549,1.00
146,550,1.00
147,550,1.00
148,550,1.00
149,550,1.00
150,550,1.00
151,550,1.00
152,550,1.00
153,550,1.00
154,550,0.86
155,550,0.57
156,550,0.57
147,551,0.57
148,551,0.57
149,551,0.86
150,551,1.00
151,551,1.00
152,551,1.00
153,551,0.86
154,551,0.57
155,551,0.29
148,552,0.29
149,552,0.57
150,552,0.86
151,552,1.00
152,552,0.86
153,552,0.57
154,552,0.29
149,553,0.29
150,553,0.57
151,553,0.86
152,553,0.57
153,553,0.29
150,554,0.29
151,554,0.57
152,554,0.29
151,539,0.57
150,540,0.29
151,540,0.86
152,540,0.57
149,541,0.29
150,541,0.86
151,541,1.00
152,541,0.86
153,541,0.57
148,542,0.29
149,542,0.86
150,542,1.00
151,542,1.00
152,542,1.00
153,542,0.86
154,542,0.57
147,543,0.29
148,543,0.86
149,543,1.00
150,543,1.00
152,543,1.00
153,543,1.00
154,543,0.86
155,543,0.57
146,544,0.29
147,544,0.86
148,544,1.00
149,544,1.00
153,544,1.00
154,544,1.00
155,544,0.86
156,544,0.57
145,545,0.29
146,545,0.86
147,545,1.00
148,545,1.00
154,545,1.00
155,545,1.00
156,545,0.86
157,545,0.86
146,546,0.86
147,546,1.00
155,546,1.00
156,546,1.00
145,546,0.29
157,546,0.86
146,547,0.29
156,547,0.29
160,551,1.00
159,552,1.00
160,552,1.00
161,552,1.00
158,553,1.00
159,553,1.00
160,553,1.00
161,553,1.00
162,553,1.00
157,554,0.29
158,554,1.00
159,554,1.00
160,554,1.00
161,554,1.00
162,554,1.00
163,554,1.00
156,555,0.29
157,555,0.57
158,555,0.86
159,555,1.00
160,555,1.00
161,555,1.00
162,555,1.00
163,555,1.00
164,555,1.00
155,556,0.29
156,556,0.57
157,556,0.86
158,556,1.00
159,556,1.00
160,556,1.00
161,556,1.00
162,556,1.00
163,556,1.00
164,556,1.00
165,556,0.29
154,557,0.29
155,557,0.57
156,557,0.86
157,557,1.00
158,557,1.00
159,557,1.00
160,557,1.00
161,557,1.00
162,557,1.00
163,557,1.00
164,557,0.86
165,557,0.57
166,557,0.29
155,558,0.29
156,558,0.57
157,558,0.86
158,558,1.00
159,558,1.00
160,558,1.00
161,558,1.00
162,558,1.00
163,558,0.86
164,558,0.57
165,558,0.29
156,559,0.29
157,559,0.57
158,559,0.86
159,559,1.00
160,559,1.00
161,559,1.00
162,559,0.86
163,559,0.57
164,559,0.29
157,560,0.29
158,560,0.57
159,560,0.86
160,560,1.00
161,560,0.86
162,560,0.57
163,560,0.29
158,561,0.29
159,561,0.57
160,561,0.86
161,561,0.57
162,561,0.29
159,562,0.29
160,562,0.57
161,562,0.29
160,563,0.29
166,562,0.29
165,563,0.29
166,563,0.57
167,563,0.29
164,564,0.29
165,564,0.57
166,564,0.86
167,564,0.57
168,564,0.29
163,565,0.29
164,565,0.57
165,565,0.86
166,565,1.00
167,565,0.86
168,565,0.57
169,565,0.29
162,566,0.29
163,566,0.57
164,566,0.86
165,566,1.00
166,566,1.00
167,566,1.00
168,566,0.86
169,566,0.57
170,566,0.29
161,567,0.29
162,567,0.57
163,567,0.86
164,567,1.00
165,567,1.00
166,567,1.00
167,567,1.00
168,567,1.00
169,567,0.86
170,567,0.57
171,567,0.29
160,568,0.29
161,568,0.57
162,568,0.86
163,568,1.00
164,568,1.00
165,568,1.00
166,568,1.00
167,568,1.00
168,568,1.00
169,568,1.00
170,568,0.86
171,568,0.57
172,568,0.57
161,569,0.29
162,569,0.57
163,569,0.86
164,569,1.00
165,569,1.00
166,569,1.00
167,569,1.00
168,569,1.00
169,569,0.86
170,569,0.57
171,569,0.57
162,570,0.29
163,570,0.57
164,570,0.86
165,570,1.00
166,570,1.00
167,570,1.00
168,570,0.86
169,570,0.57
170,570,0.57
163,571,0.29
164,571,0.57
165,571,0.86
166,571,1.00
167,571,0.86
168,571,0.57
169,571,0.57
164,572,0.29
165,572,0.57
166,572,0.86
167,572,0.57
168,572,0.29
165,573,0.29
166,573,0.57
167,573,0.29
166,574,0.29
178,582,0.29
177,583,0.29
178,583,0.86
179,583,0.86
176,584,0.29
177,584,0.57
178,584,0.86
179,584,0.86
180,584,0.86
175,585,0.29
176,585,0.57
177,585,0.86
178,585,1.00
179,585,0.86
180,585,0.86
181,585,0.86
176,586,0.86
177,586,1.00
178,586,1.00
179,586,1.00
180,586,0.86
181,586,0.86
182,586,1.00
177,587,1.00
178,587,1.00
179,587,1.00
180,587,1.00
181,587,1.00
182,587,1.00
183,587,1.00
178,588,1.00
179,588,1.00
180,588,1.00
181,588,1.00
182,588,1.00
183,588,1.00
184,588,1.00
179,589,1.00
180,589,1.00
181,589,1.00
182,589,1.00
183,589,1.00
180,590,1.00
181,590,1.00
182,590,1.00
181,591,1.00
183,590,1.00
182,591,1.00
183,591,1.00
184,591,1.00
182,592,1.00
183,592,1.00
184,592,1.00
185,592,1.00
183,593,1.00
184,593,1.00
185,593,1.00
186,593,1.00
184,594,1.00
185,594,1.00
186,594,1.00
187,594,1.00
185,595,1.00
186,595,1.00
187,595,1.00
188,595,1.00
186,596,1.00
187,596,1.00
185,597,1.00
186,597,1.00
184,598,1.00
185,598,1.00
183,599,1.00
184,599,1.00
182,600,1.00
183,600,1.00
182,601,0.57
184,590,1.00
185,591,1.00
186,592,1.00
187,593,0.57
188,594,0.29
189,595,0.29
188,596,1.00
189,596,0.86
190,596,0.57
188,597,1.00
189,597,1.00
184,584,1.00
183,585,1.00
184,585,1.00
185,585,1.00
183,586,1.00
184,586,1.00
185,586,1.00
186,586,1.00
184,587,1.00
185,587,1.00
186,587,0.86
187,587,0.57
185,588,1.00
186,588,0.86
187,588,0.57
188,588,0.57
184,589,1.00
185,589,1.00
186,589,1.00
187,589,0.86
188,589,0.57
189,589,0.57
185,590,1.00
186,590,1.00
187,590,1.00
188,590,0.86
189,590,0.57
190,590,0.57
186,591,1.00
187,591,0.86
188,591,0.57
189,591,0.29
187,592,0.57
188,592,0.29
184,577,0.29
183,578,0.29
184,578,0.57
185,578,0.29
182,579,0.29
183,579,0.57
184,579,0.86
185,579,0.57
186,579,0.29
181,580,0.29
182,580,0.57
183,580,0.86
184,580,1.00
185,580,0.86
186,580,0.57
187,580,0.29
180,581,0.29
181,581,0.57
182,581,0.86
183,581,1.00
184,581,1.00
185,581,1.00
186,581,0.86
187,581,0.86
188,581,0.86
179,582,0.29
180,582,0.57
181,582,0.86
182,582,1.00
183,582,1.00
184,582,1.00
185,582,1.00
186,582,1.00
187,582,1.00
188,582,1.00
189,582,1.00
180,583,0.86
181,583,1.00
182,583,1.00
183,583,1.00
184,583,1.00
185,583,1.00
186,583,1.00
187,583,1.00
188,583,1.00
189,583,1.00
190,583,1.00
181,584,0.86
182,584,1.00
183,584,1.00
185,584,1.00
186,584,1.00
187,584,1.00
188,584,1.00
189,584,1.00
182,585,0.86
186,585,1.00
187,585,1.00
188,585,1.00
187,586,0.86
182,553,0.86
181,554,0.86
182,554,0.86
183,554,0.29
180,555,0.29
181,555,0.86
182,555,0.86
183,555,0.57
184,555,0.29
179,556,0.29
180,556,0.57
181,556,0.86
182,556,1.00
183,556,0.86
184,556,0.57
185,556,0.29
178,557,0.29
179,557,0.57
180,557,0.86
181,557,1.00
182,557,1.00
183,557,1.00
184,557,1.00
185,557,0.57
186,557,0.29
177,558,0.29
178,558,0.57
179,558,0.86
180,558,1.00
181,558,1.00
182,558,1.00
183,558,1.00
184,558,1.00
185,558,1.00
186,558,0.57
187,558,0.29
176,559,0.29
177,559,0.57
178,559,0.86
179,559,1.00
180,559,1.00
181,559,1.00
182,559,1.00
183,559,1.00
184,559,1.00
185,559,1.00
186,559,1.00
187,559,0.57
188,559,0.29
177,560,0.29
178,560,0.57
179,560,0.86
180,560,1.00
181,560,1.00
182,560,1.00
183,560,1.00
184,560,1.00
185,560,1.00
186,560,1.00
187,560,0.57
178,561,0.29
179,561,0.57
180,561,1.00
181,561,1.00
182,561,1.00
183,561,1.00
184,561,1.00
185,561,1.00
186,561,1.00
179,562,0.57
180,562,1.00
181,562,1.00
182,562,1.00
183,562,1.00
184,562,1.00
185,562,1.00
180,563,1.00
181,563,1.00
182,563,1.00
183,563,1.00
184,563,1.00
181,564,1.00
182,564,1.00
183,564,1.00
182,565,1.00
181,538,1.00
180,539,1.00
181,539,1.00
182,539,1.00
179,540,1.00
180,540,1.00
181,540,1.00
182,540,1.00
183,540,1.00
178,541,1.00
179,541,1.00
180,541,1.00
181,541,1.00
182,541,1.00
183,541,1.00
184,541,1.00
177,542,1.00
178,542,1.00
179,542,1.00
180,542,1.00
181,542,1.00
182,542,1.00
183,542,1.00
184,542,1.00
185,542,1.00
176,543,0.29
177,543,0.86
178,543,1.00
179,543,1.00
180,543,1.00
181,543,1.00
182,543,1.00
183,543,1.00
184,543,1.00
185,543,1.00
186,543,1.00
175,544,0.29
176,544,0.57
177,544,0.86
178,544,1.00
179,544,1.00
180,544,1.00
181,544,1.00
182,544,1.00
183,544,1.00
184,544,1.00
185,544,1.00
186,544,1.00
187,544,1.00
176,545,0.29
177,545,0.57
178,545,0.86
179,545,1.00
180,545,1.00
181,545,1.00
182,545,1.00
183,545,1.00
184,545,1.00
185,545,1.00
186,545,1.00
177,546,0.29
178,546,0.86
179,546,1.00
180,546,1.00
181,546,1.00
182,546,1.00
183,546,1.00
184,546,1.00
185,546,1.00
178,547,0.86
179,547,1.00
180,547,1.00
181,547,1.00
182,547,1.00
183,547,1.00
184,547,1.00
179,548,1.00
180,548,1.00
181,548,1.00
182,548,1.00
183,548,1.00
180,549,1.00
181,549,1.00
182,549,1.00
181,550,1.00
180,533,0.57
179,534,0.57
180,534,1.00
181,534,0.57
178,535,0.57
179,535,1.00
180,535,1.00
181,535,1.00
182,535,0.57
177,536,0.57
178,536,1.00
179,536,1.00
180,536,1.00
181,536,1.00
182,536,1.00
183,536,0.57
176,537,0.57
177,537,1.00
178,537,1.00
179,537,1.00
180,537,1.00
181,537,1.00
182,537,1.00
183,537,1.00
184,537,0.57
175,538,0.57
176,538,1.00
177,538,1.00
178,538,1.00
179,538,1.00
180,538,1.00
182,538,1.00
183,538,1.00
184,538,1.00
185,538,0.57
174,539,0.57
175,539,1.00
176,539,1.00
177,539,1.00
178,539,1.00
179,539,1.00
183,539,1.00
184,539,1.00
185,539,1.00
186,539,0.57
175,540,0.57
176,540,1.00
177,540,1.00
178,540,1.00
184,540,1.00
185,540,1.00
176,541,0.57
177,541,1.00
177,547,0.29
185,547,1.00
176,548,0.29
177,548,0.57
178,548,0.86
184,548,1.00
185,548,1.00
186,548,1.00
175,549,0.29
176,549,0.57
177,549,0.86
178,549,1.00
179,549,1.00
183,549,1.00
184,549,1.00
185,549,1.00
186,549,1.00
187,549,0.57
176,550,0.29
177,550,0.57
178,550,0.86
179,550,1.00
180,550,1.00
182,550,1.00
183,550,1.00
184,550,1.00
185,550,1.00
186,550,0.57
177,551,0.29
178,551,0.57
179,551,0.86
180,551,1.00
181,551,1.00
182,551,1.00
183,551,0.86
184,551,0.57
185,551,0.57
178,552,0.29
179,552,0.57
180,552,0.86
181,552,1.00
182,552,0.86
183,552,0.57
184,552,0.29
179,553,0.29
180,553,0.57
181,553,0.86
183,553,0.29
180,554,0.29
188,567,0.29
187,568,0.29
188,568,0.57
189,568,0.29
186,569,0.29
187,569,0.57
188,569,0.86
189,569,0.57
190,569,0.29
185,570,0.29
186,570,0.57
187,570,0.86
188,570,1.00
189,570,0.86
190,570,0.57
191,570,0.29
184,571,0.29
185,571,0.57
186,571,0.86
187,571,1.00
188,571,1.00
189,571,1.00
190,571,0.86
191,571,0.57
192,571,0.57
183,572,0.29
184,572,0.57
185,572,0.86
186,572,1.00
187,572,1.00
188,572,1.00
189,572,1.00
190,572,1.00
191,572,1.00
192,572,1.00
193,572,0.57
182,573,0.29
183,573,0.57
184,573,0.86
185,573,1.00
186,573,1.00
187,573,1.00
188,573,1.00
189,573,1.00
190,573,1.00
191,573,1.00
192,573,1.00
193,573,1.00
194,573,0.57
183,574,0.29
184,574,0.57
185,574,0.86
186,574,1.00
187,574,1.00
188,574,1.00
189,574,1.00
190,574,1.00
191,574,1.00
192,574,1.00
193,574,1.00
184,575,0.29
185,575,0.57
186,575,0.86
187,575,1.00
188,575,1.00
189,575,1.00
190,575,1.00
191,575,1.00
192,575,1.00
185,576,0.29
186,576,0.57
187,576,1.00
188,576,1.00
189,576,1.00
190,576,1.00
191,576,1.00
186,577,0.57
187,577,1.00
188,577,1.00
189,577,1.00
190,577,1.00
187,578,0.57
188,578,1.00
189,578,1.00
188,579,0.57
190,578,1.00
189,579,0.86
190,579,1.00
191,579,1.00
188,580,0.29
189,580,0.86
190,580,1.00
191,580,1.00
192,580,1.00
189,581,0.86
190,581,1.00
191,581,1.00
192,581,1.00
193,581,0.86
190,582,1.00
191,582,1.00
192,582,1.00
193,582,0.86
194,582,0.29
191,583,1.00
192,583,1.00
193,583,0.86
194,583,0.57
195,583,0.29
190,584,1.00
191,584,1.00
192,584,1.00
193,584,1.00
194,584,0.86
195,584,0.57
196,584,0.29
189,585,1.00
190,585,1.00
191,585,1.00
192,585,1.00
193,585,0.86
194,585,0.57
195,585,0.29
188,586,0.86
189,586,1.00
190,586,1.00
191,586,1.00
192,586,0.86
193,586,0.57
194,586,0.29
188,587,0.57
189,587,0.86
190,587,1.00
191,587,0.86
192,587,0.57
193,587,0.29
189,588,0.57
190,588,0.86
191,588,0.57
192,588,0.29
190,589,0.57
191,589,0.29
194,592,0.29
193,593,0.29
194,593,0.57
195,593,0.57
192,594,0.29
193,594,0.57
194,594,1.00
195,594,1.00
196,594,0.57
191,595,0.29
192,595,0.57
193,595,1.00
194,595,1.00
195,595,1.00
196,595,1.00
197,595,0.57
191,596,0.57
192,596,1.00
193,596,1.00
194,596,1.00
195,596,1.00
196,596,1.00
197,596,1.00
198,596,0.57
190,597,0.86
191,597,1.00
192,597,1.00
193,597,1.00
194,597,1.00
195,597,1.00
196,597,1.00
197,597,1.00
198,597,1.00
199,597,0.57
189,598,1.00
190,598,1.00
191,598,1.00
192,598,1.00
193,598,1.00
194,598,1.00
195,598,1.00
196,598,1.00
197,598,1.00
198,598,1.00
199,598,1.00
200,598,0.57
190,599,1.00
191,599,1.00
192,599,1.00
193,599,1.00
194,599,1.00
195,599,1.00
196,599,1.00
197,599,1.00
198,599,1.00
199,599,1.00
191,600,1.00
192,600,1.00
193,600,1.00
194,600,1.00
195,600,1.00
196,600,1.00
197,600,1.00
198,600,1.00
192,601,1.00
193,601,1.00
194,601,1.00
195,601,1.00
196,601,1.00
197,601,1.00
193,602,1.00
194,602,1.00
195,602,1.00
196,602,1.00
195,603,1.00
199,600,0.86
198,601,1.00
199,601,0.86
200,601,0.29
197,602,1.00
198,602,1.00
199,602,0.86
200,602,0.57
201,602,0.29
196,603,1.00
197,603,1.00
198,603,0.86
199,603,0.57
200,603,0.29
196,604,1.00
197,604,0.86
198,604,0.57
199,604,0.29
197,605,0.57
198,605,0.29
200,599,0.57
201,599,0.29
200,600,0.29
194,574,0.57
195,574,0.29
193,575,1.00
194,575,0.86
195,575,0.57
196,575,0.29
192,576,1.00
193,576,1.00
194,576,1.00
195,576,0.86
196,576,0.57
197,576,0.29
191,577,1.00
192,577,1.00
193,577,1.00
194,577,1.00
195,577,1.00
196,577,0.86
197,577,0.57
198,577,0.29
191,578,1.00
192,578,1.00
193,578,1.00
194,578,1.00
195,578,0.86
196,578,0.57
197,578,0.29
192,579,1.00
193,579,1.00
194,579,0.86
195,579,0.57
196,579,0.29
193,580,0.86
194,580,0.57
195,580,0.29
194,581,0.29
186,540,0.57
185,541,1.00
186,541,1.00
187,541,0.57
186,542,1.00
187,542,1.00
188,542,0.57
187,543,1.00
188,543,0.57
189,543,0.29
188,544,0.86
189,544,0.57
190,544,0.29
187,545,1.00
188,545,1.00
189,545,0.86
190,545,0.57
191,545,0.29
186,546,1.00
187,546,1.00
188,546,0.86
189,546,0.57
190,546,0.29
186,547,1.00
187,547,0.86
188,547,0.57
189,547,0.29
187,548,0.57
188,548,0.29
182,518,1.00
181,519,1.00
182,519,1.00
183,519,1.00
180,520,1.00
181,520,1.00
182,520,1.00
183,520,1.00
184,520,1.00
179,521,1.00
180,521,1.00
181,521,1.00
182,521,1.00
183,521,1.00
184,521,1.00
185,521,1.00
178,522,1.00
179,522,1.00
180,522,1.00
181,522,1.00
182,522,1.00
183,522,1.00
184,522,1.00
185,522,0.86
186,522,0.29
177,523,0.29
178,523,0.86
179,523,1.00
180,523,1.00
181,523,1.00
182,523,1.00
183,523,1.00
184,523,1.00
185,523,0.86
186,523,0.57
187,523,0.29
176,524,0.29
177,524,0.57
178,524,0.86
179,524,1.00
180,524,1.00
181,524,1.00
182,524,1.00
183,524,1.00
184,524,1.00
185,524,1.00
186,524,0.86
187,524,0.57
188,524,0.29
177,525,0.29
178,525,0.57
179,525,0.86
180,525,1.00
181,525,1.00
182,525,1.00
183,525,1.00
184,525,1.00
185,525,0.86
186,525,0.57
187,525,0.29
178,526,0.29
179,526,0.57
180,526,0.86
181,526,1.00
182,526,1.00
183,526,1.00
184,526,0.86
185,526,0.57
186,526,0.29
179,527,0.29
180,527,0.57
181,527,0.86
182,527,1.00
183,527,0.86
184,527,0.57
185,527,0.29
180,528,0.29
181,528,0.57
182,528,0.86
183,528,0.57
184,528,0.29
181,529,0.29
182,529,0.57
183,529,0.29
182,530,0.29
181,513,0.29
180,514,0.29
181,514,0.86
182,514,0.29
179,515,0.29
180,515,0.86
181,515,1.00
182,515,0.86
183,515,0.29
178,516,0.29
179,516,0.86
180,516,1.00
181,516,1.00
182,516,1.00
183,516,0.86
184,516,0.29
177,517,0.29
178,517,0.86
179,517,1.00
180,517,1.00
181,517,1.00
182,517,1.00
183,517,1.00
184,517,0.86
185,517,0.29
176,518,0.29
177,518,0.86
178,518,1.00
179,518,1.00
180,518,1.00
181,518,1.00
183,518,1.00
184,518,1.00
185,518,0.86
186,518,0.29
175,519,0.29
176,519,0.86
177,519,1.00
178,519,1.00
179,519,1.00
180,519,1.00
184,519,1.00
185,519,1.00
186,519,0.86
187,519,0.29
176,520,0.86
177,520,1.00
178,520,1.00
179,520,1.00
185,520,1.00
186,520,0.86
177,521,0.86
178,521,1.00
175,520,0.29
187,520,0.29
176,521,0.29
186,521,0.29
177,522,0.29
176,542,0.29
187,561,0.57
188,561,0.29
186,562,1.00
187,562,0.86
188,562,0.57
189,562,0.29
178,563,0.29
179,563,0.57
185,563,1.00
186,563,1.00
187,563,1.00
188,563,0.86
189,563,0.57
190,563,0.29
179,564,0.29
180,564,0.57
184,564,1.00
185,564,1.00
186,564,1.00
187,564,0.86
188,564,0.57
189,564,0.29
180,565,0.29
181,565,0.57
183,565,1.00
184,565,1.00
185,565,1.00
186,565,0.86
187,565,0.57
188,565,0.29
181,566,0.29
182,566,0.57
183,566,0.86
184,566,1.00
185,566,0.86
186,566,0.57
187,566,0.29
182,567,0.29
183,567,0.57
184,567,0.86
185,567,0.57
186,567,0.29
183,568,0.29
184,568,0.57
185,568,0.29
184,569,0.29
185,611,0.29
184,612,0.29
185,612,0.57
183,613,0.29
184,613,0.57
182,614,0.29
183,614,0.57
181,615,0.29
182,615,0.57
180,616,0.29
181,616,0.57
179,617,0.29
180,617,0.57
175,565,0.29
174,566,0.29
175,566,0.57
176,566,0.29
173,567,0.29
174,567,0.57
175,567,0.86
176,567,0.57
177,567,0.29
173,568,0.57
174,568,0.86
175,568,1.00
176,568,0.86
177,568,0.57
178,568,0.29
172,569,0.57
173,569,0.86
174,569,1.00
175,569,1.00
176,569,1.00
177,569,0.86
178,569,0.57
179,569,0.29
171,570,0.57
172,570,0.86
173,570,1.00
174,570,1.00
175,570,1.00
176,570,1.00
177,570,1.00
178,570,0.86
179,570,0.57
180,570,0.29
170,571,0.57
171,571,0.86
172,571,1.00
173,571,1.00
174,571,1.00
175,571,1.00
176,571,1.00
177,571,1.00
178,571,1.00
179,571,0.86
180,571,0.57
181,571,0.29
170,572,0.29
171,572,0.57
172,572,0.86
173,572,1.00
174,572,1.00
175,572,1.00
176,572,1.00
177,572,1.00
178,572,0.86
179,572,0.57
180,572,0.29
171,573,0.29
172,573,0.57
173,573,0.86
174,573,1.00
175,573,1.00
176,573,1.00
177,573,0.86
178,573,0.57
179,573,0.29
172,574,0.29
173,574,0.57
174,574,0.86
175,574,1.00
176,574,0.86
177,574,0.57
178,574,0.29
173,575,0.29
174,575,0.57
175,575,0.86
176,575,0.57
177,575,0.29
174,576,0.29
175,576,0.57
176,576,0.29
175,577,0.29
159,489,1.00
158,490,1.00
159,490,1.00
160,490,1.00
157,491,1.00
158,491,1.00
159,491,1.00
160,491,1.00
161,491,0.86
156,492,1.00
157,492,1.00
158,492,1.00
159,492,1.00
160,492,1.00
161,492,0.86
162,492,0.29
155,493,0.86
156,493,1.00
157,493,1.00
158,493,1.00
159,493,1.00
160,493,1.00
161,493,0.86
162,493,0.57
163,493,0.29
154,494,0.29
155,494,0.86
156,494,1.00
157,494,1.00
158,494,1.00
159,494,1.00
160,494,1.00
161,494,1.00
162,494,0.86
163,494,0.57
164,494,0.29
153,495,0.29
154,495,0.57
155,495,0.86
156,495,1.00
157,495,1.00
158,495,1.00
159,495,1.00
160,495,1.00
161,495,1.00
162,495,1.00
163,495,0.86
164,495,0.57
165,495,0.29
154,496,0.29
155,496,0.57
156,496,0.86
157,496,1.00
158,496,1.00
159,496,1.00
160,496,1.00
161,496,1.00
162,496,0.86
163,496,0.57
164,496,0.29
155,497,0.29
156,497,0.57
157,497,0.86
158,497,1.00
159,497,1.00
160,497,1.00
161,497,0.86
162,497,0.57
163,497,0.29
156,498,0.29
157,498,0.57
158,498,0.86
159,498,1.00
160,498,0.86
161,498,0.57
162,498,0.29
157,499,0.29
158,499,0.57
159,499,0.86
160,499,0.57
161,499,0.29
158,500,0.29
159,500,0.57
160,500,0.29
159,501,0.29
150,440,0.29
149,441,0.29
150,441,0.57
151,441,0.29
148,442,0.29
149,442,0.57
150,442,0.86
151,442,0.86
152,442,0.86
147,443,0.29
148,443,0.57
149,443,0.86
150,443,1.00
151,443,1.00
152,443,1.00
153,443,0.86
146,444,0.29
147,444,0.57
148,444,0.86
149,444,1.00
150,444,1.00
151,444,1.00
152,444,1.00
153,444,1.00
154,444,0.86
145,445,0.29
146,445,0.57
147,445,0.86
148,445,1.00
149,445,1.00
150,445,1.00
151,445,1.00
152,445,1.00
153,445,1.00
154,445,1.00
155,445,0.86
144,446,0.29
145,446,0.57
146,446,0.86
147,446,1.00
148,446,1.00
149,446,1.00
150,446,1.00
151,446,1.00
152,446,1.00
153,446,1.00
154,446,1.00
155,446,1.00
156,446,0.86
145,447,0.29
146,447,0.86
147,447,1.00
148,447,1.00
149,447,1.00
150,447,1.00
151,447,1.00
152,447,1.00
153,447,1.00
154,447,1.00
155,447,1.00
146,448,0.29
147,448,0.86
148,448,1.00
149,448,1.00
150,448,1.00
151,448,1.00
152,448,1.00
153,448,1.00
154,448,1.00
147,449,0.29
148,449,0.86
149,449,1.00
150,449,1.00
151,449,1.00
152,449,1.00
153,449,1.00
148,450,0.29
149,450,0.86
150,450,1.00
151,450,1.00
152,450,1.00
149,451,0.29
150,451,0.86
151,451,0.86
150,452,0.29
148,421,1.00
147,422,1.00
148,422,1.00
149,422,1.00
146,423,1.00
147,423,1.00
148,423,1.00
149,423,1.00
150,423,1.00
145,424,1.00
146,424,1.00
147,424,1.00
148,424,1.00
149,424,1.00
150,424,1.00
151,424,1.00
144,425,1.00
145,425,1.00
146,425,1.00
147,425,1.00
148,425,1.00
149,425,1.00
150,425,1.00
151,425,1.00
152,425,1.00
143,426,0.57
144,426,1.00
145,426,1.00
146,426,1.00
147,426,1.00
148,426,1.00
149,426,1.00
150,426,1.00
151,426,1.00
152,426,1.00
153,426,1.00
142,427,0.29
143,427,0.86
144,427,1.00
145,427,1.00
146,427,1.00
147,427,1.00
148,427,1.00
149,427,1.00
150,427,1.00
151,427,1.00
152,427,1.00
153,427,1.00
154,427,0.86
143,428,0.29
144,428,0.86
145,428,1.00
146,428,1.00
147,428,1.00
148,428,1.00
149,428,1.00
150,428,1.00
151,428,1.00
152,428,1.00
153,428,0.86
144,429,0.29
145,429,0.86
146,429,1.00
147,429,1.00
148,429,1.00
149,429,1.00
150,429,1.00
151,429,1.00
152,429,0.86
145,430,0.29
146,430,0.86
147,430,1.00
148,430,1.00
149,430,1.00
150,430,1.00
151,430,0.86
146,431,0.29
147,431,0.86
148,431,1.00
149,431,1.00
150,431,0.86
147,432,0.29
148,432,0.86
149,432,0.86
148,433,0.29
148,419,0.29
147,420,0.29
148,420,0.57
149,420,0.29
146,421,0.29
147,421,0.57
149,421,0.86
150,421,0.29
145,422,0.29
146,422,0.57
150,422,0.86
151,422,0.29
144,423,0.29
145,423,0.57
151,423,0.86
152,423,0.29
143,424,0.29
144,424,0.57
152,424,0.86
153,424,0.29
142,425,0.29
143,425,0.57
153,425,0.86
154,425,0.29
154,426,0.29
155,427,0.29
154,428,0.29
153,429,0.29
152,430,0.29
151,431,0.29
150,432,0.29
149,433,0.29
152,441,0.29
153,442,0.29
154,443,0.29
155,444,0.29
156,445,0.29
157,446,0.29
156,447,0.86
157,447,0.57
158,447,0.29
155,448,0.86
156,448,0.57
157,448,0.29
154,449,0.86
155,449,0.57
156,449,0.29
153,450,0.86
154,450,0.57
155,450,0.29
152,451,0.86
153,451,0.57
154,451,0.29
151,452,0.29
152,452,0.57
153,452,0.29
152,453,0.29
157,484,0.29
156,485,0.29
157,485,0.57
158,485,0.29
155,486,0.29
156,486,0.57
157,486,0.86
158,486,0.57
159,486,0.29
154,487,0.29
155,487,0.57
156,487,0.86
157,487,1.00
158,487,0.86
159,487,0.57
160,487,0.29
153,488,0.29
154,488,0.57
155,488,0.86
156,488,1.00
157,488,1.00
158,488,1.00
159,488,0.86
160,488,0.57
161,488,0.29
152,489,0.29
153,489,0.57
154,489,0.86
155,489,1.00
156,489,1.00
157,489,1.00
158,489,1.00
160,489,0.86
161,489,0.57
162,489,0.29
151,490,0.29
152,490,0.57
153,490,0.86
154,490,1.00
155,490,1.00
156,490,1.00
157,490,1.00
161,490,0.86
162,490,0.57
163,490,0.29
152,491,0.29
153,491,0.57
154,491,0.86
155,491,1.00
156,491,1.00
162,491,0.29
153,492,0.29
154,492,0.57
155,492,0.86
154,493,0.29
162,522,0.29
161,523,0.29
162,523,0.57
163,523,0.29
160,524,0.29
161,524,0.57
162,524,0.86
163,524,0.57
164,524,0.29
159,525,0.29
160,525,0.57
161,525,0.86
162,525,1.00
163,525,0.86
164,525,0.57
165,525,0.29
158,526,0.29
159,526,0.57
160,526,0.86
161,526,1.00
162,526,1.00
163,526,1.00
164,526,0.86
165,526,0.57
166,526,0.29
157,527,0.29
158,527,0.57
159,527,0.86
160,527,1.00
161,527,1.00
162,527,1.00
163,527,1.00
164,527,1.00
165,527,0.86
166,527,0.57
167,527,0.29
156,528,0.29
157,528,0.57
158,528,0.86
159,528,1.00
160,528,1.00
161,528,1.00
162,528,1.00
163,528,1.00
164,528,1.00
165,528,1.00
166,528,0.86
167,528,0.57
168,528,0.29
157,529,0.29
158,529,0.57
159,529,0.86
160,529,1.00
161,529,1.00
162,529,1.00
163,529,1.00
164,529,1.00
165,529,0.86
166,529,0.57
167,529,0.29
158,530,0.29
159,530,0.57
160,530,0.86
161,530,1.00
162,530,1.00
163,530,1.00
164,530,0.86
165,530,0.57
166,530,0.29
159,531,0.29
160,531,0.57
161,531,0.86
162,531,1.00
163,531,0.86
164,531,0.57
165,531,0.29
160,532,0.29
161,532,0.57
162,532,0.86
163,532,0.57
164,532,0.29
161,533,0.29
162,533,0.57
163,533,0.29
162,534,0.29
162,540,0.57
161,541,0.57
162,541,0.57
163,541,0.29
160,542,0.57
161,542,0.57
162,542,0.86
163,542,0.57
164,542,0.29
159,543,0.57
160,543,0.57
161,543,1.00
162,543,1.00
163,543,0.86
164,543,0.57
165,543,0.29
158,544,0.57
159,544,0.57
160,544,1.00
161,544,1.00
162,544,1.00
163,544,1.00
164,544,0.86
165,544,0.57
166,544,0.29
158,545,0.57
159,545,1.00
160,545,1.00
161,545,1.00
162,545,1.00
163,545,1.00
164,545,1.00
165,545,0.86
166,545,0.57
167,545,0.29
158,546,1.00
159,546,1.00
160,546,1.00
161,546,1.00
162,546,1.00
163,546,1.00
164,546,1.00
165,546,1.00
166,546,0.86
167,546,0.57
168,546,0.29
157,547,0.57
158,547,1.00
159,547,1.00
160,547,1.00
161,547,1.00
162,547,1.00
163,547,1.00
164,547,1.00
165,547,1.00
166,547,0.57
167,547,0.29
158,548,1.00
159,548,1.00
160,548,1.00
161,548,1.00
162,548,1.00
163,548,1.00
164,548,1.00
165,548,1.00
166,548,0.57
159,549,1.00
160,549,1.00
161,549,1.00
162,549,1.00
163,549,1.00
164,549,1.00
165,549,1.00
160,550,1.00
161,550,1.00
162,550,1.00
163,550,1.00
164,550,1.00
161,551,1.00
162,551,1.00
163,551,1.00
162,552,1.00
158,550,1.00
159,550,1.00
165,550,1.00
166,550,0.86
157,551,0.86
158,551,1.00
159,551,1.00
164,551,1.00
165,551,1.00
166,551,1.00
167,551,0.57
156,552,0.57
157,552,1.00
158,552,1.00
163,552,1.00
164,552,1.00
165,552,1.00
166,552,1.00
167,552,1.00
168,552,0.57
157,553,0.57
163,553,1.00
164,553,1.00
165,553,1.00
166,553,1.00
167,553,0.57
164,554,1.00
165,554,1.00
166,554,0.57
165,555,0.57
157,548,0.57
158,549,1.00
166,549,0.57
167,549,0.29
157,550,0.57
157,533,0.29
156,534,0.29
157,534,0.57
158,534,0.29
155,535,0.29
156,535,0.57
157,535,0.86
158,535,0.57
159,535,0.29
154,536,0.29
155,536,0.57
156,536,0.86
157,536,1.00
158,536,0.86
159,536,0.57
160,536,0.29
153,537,0.29
154,537,0.57
155,537,0.86
156,537,1.00
157,537,1.00
158,537,1.00
159,537,0.86
160,537,0.57
161,537,0.29
152,538,0.29
153,538,0.57
154,538,0.86
155,538,1.00
156,538,1.00
157,538,1.00
158,538,1.00
159,538,1.00
160,538,0.86
161,538,0.57
162,538,0.29
152,539,0.57
153,539,0.86
154,539,1.00
155,539,1.00
156,539,1.00
157,539,1.00
158,539,1.00
159,539,1.00
160,539,1.00
161,539,0.86
162,539,0.57
163,539,0.29
153,540,0.57
154,540,0.86
155,540,1.00
156,540,1.00
157,540,1.00
158,540,1.00
159,540,1.00
160,540,0.86
161,540,0.57
154,541,0.57
155,541,0.86
156,541,1.00
157,541,1.00
158,541,1.00
159,541,0.86
160,541,0.57
155,542,0.57
156,542,0.86
157,542,1.00
158,542,0.86
159,542,0.57
156,543,0.57
157,543,0.86
158,543,0.57
157,544,0.57
137,459,0.29
136,460,0.29
137,460,0.57
138,460,0.29
135,461,0.29
136,461,0.57
137,461,0.86
138,461,0.57
139,461,0.29
134,462,0.29
135,462,0.57
136,462,0.86
137,462,1.00
138,462,0.86
139,462,0.57
140,462,0.29
133,463,0.29
134,463,0.57
135,463,0.86
136,463,1.00
137,463,1.00
138,463,1.00
139,463,0.86
140,463,0.57
141,463,0.29
132,464,0.29
133,464,0.57
134,464,0.86
135,464,1.00
136,464,1.00
137,464,1.00
138,464,1.00
139,464,1.00
140,464,0.86
141,464,0.57
142,464,0.29
131,465,0.29
132,465,0.57
133,465,0.86
134,465,1.00
135,465,1.00
136,465,1.00
137,465,1.00
138,465,1.00
139,465,1.00
140,465,1.00
141,465,0.86
142,465,0.57
143,465,0.29
132,466,0.29
133,466,0.57
134,466,0.86
135,466,1.00
136,466,1.00
137,466,1.00
138,466,1.00
139,466,1.00
140,466,0.86
141,466,0.57
142,466,0.29
133,467,0.29
134,467,0.57
135,467,0.86
136,467,1.00
137,467,1.00
138,467,1.00
139,467,0.86
140,467,0.57
141,467,0.29
134,468,0.29
135,468,0.57
136,468,0.86
137,468,1.00
138,468,0.86
139,468,0.57
140,468,0.29
135,469,0.29
136,469,0.57
137,469,0.86
138,469,0.57
139,469,0.29
136,470,0.29
137,470,0.57
138,470,0.29
137,471,0.29
132,438,0.29
131,439,0.29
132,439,0.57
133,439,0.29
130,440,0.29
131,440,0.57
132,440,0.86
133,440,0.57
134,440,0.29
129,441,0.29
130,441,0.57
131,441,0.86
132,441,1.00
133,441,0.86
134,441,0.57
135,441,0.29
128,442,0.29
129,442,0.57
130,442,0.86
131,442,1.00
132,442,1.00
133,442,1.00
134,442,0.86
135,442,0.57
136,442,0.29
127,443,0.29
128,443,0.57
129,443,0.86
130,443,1.00
131,443,1.00
132,443,1.00
133,443,1.00
134,443,1.00
135,443,0.86
136,443,0.57
137,443,0.29
126,444,0.29
127,444,0.57
128,444,0.86
129,444,1.00
130,444,1.00
131,444,1.00
132,444,1.00
133,444,1.00
134,444,1.00
135,444,1.00
136,444,0.86
137,444,0.57
138,444,0.29
127,445,0.29
128,445,0.57
129,445,0.86
130,445,1.00
131,445,1.00
132,445,1.00
133,445,1.00
134,445,1.00
135,445,0.86
136,445,0.57
137,445,0.29
128,446,0.29
129,446,0.57
130,446,0.86
131,446,1.00
132,446,1.00
133,446,1.00
134,446,0.86
135,446,0.57
136,446,0.29
129,447,0.29
130,447,0.57
131,447,0.86
132,447,1.00
133,447,0.86
134,447,0.57
135,447,0.29
130,448,0.29
131,448,0.57
132,448,0.86
133,448,0.57
134,448,0.29
131,449,0.29
132,449,0.57
133,449,0.29
132,450,0.29
130,422,1.00
129,423,1.00
130,423,1.00
131,423,1.00
128,424,1.00
129,424,1.00
130,424,1.00
131,424,0.86
132,424,0.29
127,425,1.00
128,425,1.00
129,425,1.00
130,425,1.00
131,425,1.00
132,425,0.57
133,425,0.29
126,426,1.00
127,426,1.00
128,426,1.00
129,426,1.00
130,426,1.00
131,426,1.00
132,426,1.00
133,426,0.57
134,426,0.29
125,427,1.00
126,427,1.00
127,427,1.00
128,427,1.00
129,427,1.00
130,427,1.00
131,427,1.00
132,427,1.00
133,427,0.86
134,427,0.57
135,427,0.29
124,428,1.00
125,428,1.00
126,428,1.00
127,428,1.00
128,428,1.00
129,428,1.00
130,428,1.00
131,428,1.00
132,428,1.00
133,428,1.00
134,428,0.86
135,428,0.57
136,428,0.29
125,429,1.00
126,429,1.00
127,429,1.00
128,429,1.00
129,429,1.00
130,429,1.00
131,429,1.00
132,429,1.00
133,429,0.86
134,429,0.57
135,429,0.29
126,430,1.00
127,430,1.00
128,430,1.00
129,430,1.00
130,430,1.00
131,430,1.00
132,430,0.86
133,430,0.57
134,430,0.29
127,431,0.57
128,431,0.57
129,431,0.86
130,431,1.00
131,431,0.86
132,431,0.57
133,431,0.29
128,432,0.29
129,432,0.57
130,432,0.86
131,432,0.57
132,432,0.29
129,433,0.29
130,433,0.57
131,433,0.29
130,434,0.29
127,406,0.57
126,407,0.57
127,407,1.00
128,407,0.57
125,408,0.57
126,408,1.00
127,408,1.00
128,408,1.00
129,408,0.57
124,409,0.57
125,409,1.00
126,409,1.00
127,409,1.00
128,409,1.00
129,409,1.00
130,409,0.57
123,410,0.57
124,410,1.00
125,410,1.00
126,410,1.00
127,410,1.00
128,410,1.00
129,410,1.00
130,410,1.00
131,410,0.57
122,411,0.57
123,411,1.00
124,411,1.00
125,411,1.00
126,411,1.00
127,411,1.00
128,411,1.00
129,411,1.00
130,411,1.00
131,411,1.00
132,411,0.57
121,412,0.57
122,412,1.00
123,412,1.00
124,412,1.00
125,412,1.00
126,412,1.00
127,412,1.00
128,412,1.00
129,412,1.00
130,412,1.00
131,412,1.00
132,412,1.00
133,412,0.57
122,413,0.57
123,413,1.00
124,413,1.00
125,413,1.00
126,413,1.00
127,413,1.00
128,413,1.00
129,413,1.00
130,413,1.00
131,413,1.00
132,413,0.57
123,414,0.57
124,414,1.00
125,414,1.00
126,414,1.00
127,414,1.00
128,414,1.00
129,414,1.00
130,414,1.00
131,414,0.57
124,415,1.00
125,415,1.00
126,415,1.00
127,415,1.00
128,415,1.00
129,415,1.00
130,415,1.00
125,416,1.00
126,416,1.00
127,416,1.00
128,416,1.00
129,416,1.00
126,417,1.00
127,417,1.00
128,417,1.00
127,418,1.00
123,415,0.29
131,415,0.29
122,416,0.29
123,416,0.57
124,416,0.86
130,416,0.86
131,416,0.57
132,416,0.29
121,417,0.29
122,417,0.57
123,417,0.86
124,417,1.00
125,417,1.00
129,417,1.00
130,417,1.00
131,417,0.86
132,417,0.57
133,417,0.29
122,418,0.29
123,418,0.57
124,418,1.00
125,418,1.00
126,418,1.00
128,418,1.00
129,418,1.00
130,418,0.86
131,418,0.57
132,418,0.29
123,419,0.57
124,419,1.00
125,419,1.00
126,419,1.00
127,419,1.00
128,419,1.00
129,419,1.00
130,419,0.57
131,419,0.29
124,420,1.00
125,420,1.00
126,420,1.00
127,420,1.00
128,420,1.00
129,420,1.00
130,420,0.57
125,421,1.00
126,421,1.00
127,421,1.00
128,421,1.00
129,421,1.00
126,422,1.00
127,422,1.00
128,422,1.00
127,423,1.00
129,465,0.29
128,466,0.29
129,466,0.57
130,466,0.29
127,467,0.29
128,467,0.57
129,467,0.86
130,467,0.57
131,467,0.29
126,468,0.29
127,468,0.57
128,468,0.86
129,468,1.00
130,468,0.86
131,468,0.57
132,468,0.29
125,469,0.29
126,469,0.57
127,469,0.86
128,469,1.00
129,469,1.00
130,469,1.00
131,469,0.86
132,469,0.57
133,469,0.29
124,470,0.29
125,470,0.57
126,470,0.86
127,470,1.00
128,470,1.00
129,470,1.00
130,470,1.00
131,470,1.00
132,470,0.86
133,470,0.57
134,470,0.29
123,471,0.29
124,471,0.57
125,471,0.86
126,471,1.00
127,471,1.00
128,471,1.00
129,471,1.00
130,471,1.00
131,471,1.00
132,471,1.00
133,471,0.86
134,471,0.57
135,471,0.29
124,472,0.29
125,472,0.57
126,472,0.86
127,472,1.00
128,472,1.00
129,472,1.00
130,472,1.00
131,472,1.00
132,472,0.86
133,472,0.57
134,472,0.29
125,473,0.29
126,473,0.57
127,473,0.86
128,473,1.00
129,473,1.00
130,473,1.00
131,473,0.86
132,473,0.57
133,473,0.29
126,474,0.29
127,474,0.57
128,474,0.86
129,474,1.00
130,474,0.86
131,474,0.57
132,474,0.29
127,475,0.29
128,475,0.57
129,475,0.86
130,475,0.57
131,475,0.29
128,476,0.29
129,476,0.57
130,476,0.29
129,477,0.29
136,529,0.29
135,530,0.29
136,530,0.57
137,530,0.29
134,531,0.29
135,531,0.57
136,531,0.86
137,531,0.57
138,531,0.29
133,532,0.29
134,532,0.57
135,532,0.86
136,532,1.00
137,532,0.86
138,532,0.57
139,532,0.29
132,533,0.29
133,533,0.57
134,533,0.86
135,533,1.00
136,533,1.00
137,533,1.00
138,533,0.86
139,533,0.57
140,533,0.29
131,534,0.29
132,534,0.57
133,534,0.86
134,534,1.00
135,534,1.00
136,534,1.00
137,534,1.00
138,534,1.00
139,534,0.86
140,534,0.57
141,534,0.29
130,535,0.29
131,535,0.57
132,535,0.86
133,535,1.00
134,535,1.00
135,535,1.00
136,535,1.00
137,535,1.00
138,535,1.00
139,535,1.00
140,535,0.86
141,535,0.57
142,535,0.29
131,536,0.29
132,536,0.57
133,536,0.86
134,536,1.00
135,536,1.00
136,536,1.00
137,536,1.00
138,536,1.00
139,536,0.86
140,536,0.57
141,536,0.29
132,537,0.29
133,537,0.57
134,537,0.86
135,537,1.00
136,537,1.00
137,537,1.00
138,537,0.86
139,537,0.57
140,537,0.29
133,538,0.29
134,538,0.57
135,538,0.86
136,538,1.00
137,538,0.86
138,538,0.57
139,538,0.29
134,539,0.29
135,539,0.57
136,539,0.86
137,539,0.57
138,539,0.29
135,540,0.29
136,540,0.57
137,540,0.29
136,541,0.29
142,544,0.29
141,545,0.29
142,545,0.57
143,545,0.29
140,546,0.29
141,546,0.57
142,546,0.86
143,546,0.57
144,546,0.29
139,547,0.86
140,547,0.86
141,547,0.86
142,547,1.00
143,547,0.86
144,547,0.57
145,547,0.29
138,548,0.86
139,548,0.86
140,548,0.86
141,548,1.00
142,548,1.00
143,548,1.00
144,548,0.86
145,548,0.57
137,549,0.86
138,549,0.86
139,549,0.86
140,549,1.00
141,549,1.00
142,549,1.00
143,549,1.00
144,549,1.00
136,550,0.86
137,550,0.86
138,550,0.86
139,550,1.00
140,550,1.00
141,550,1.00
142,550,1.00
143,550,1.00
144,550,1.00
145,550,1.00
137,551,0.29
138,551,0.57
139,551,0.86
140,551,1.00
141,551,1.00
142,551,1.00
143,551,1.00
144,551,1.00
145,551,0.86
146,551,0.57
138,552,0.29
139,552,0.57
140,552,0.86
141,552,1.00
142,552,1.00
143,552,1.00
144,552,0.86
145,552,0.57
146,552,0.29
139,553,0.29
140,553,0.57
141,553,0.86
142,553,1.00
143,553,0.86
144,553,0.57
145,553,0.29
140,554,0.29
141,554,0.57
142,554,0.86
143,554,0.57
144,554,0.29
141,555,0.29
142,555,0.57
143,555,0.29
142,556,0.29
145,562,1.00
144,563,1.00
145,563,1.00
146,563,1.00
156,563,0.29
145,564,1.00
146,564,1.00
147,564,1.00
155,564,0.29
146,565,0.86
147,565,0.86
148,565,0.86
154,565,0.29
147,566,0.29
148,566,0.57
149,566,0.86
153,566,0.29
148,567,0.29
149,567,0.57
150,567,0.86
152,567,0.29
149,568,0.29
150,568,0.57
151,568,0.29
150,569,0.29
157,568,0.57
157,569,1.00
158,569,0.86
158,570,1.00
159,570,1.00
159,571,1.00
160,571,1.00
160,572,1.00
161,572,1.00
162,573,0.86
163,574,0.86
164,575,0.57
165,576,0.29
155,566,0.29
154,567,0.29
155,567,0.57
156,567,0.29
156,568,0.57
144,556,0.29
143,557,0.29
144,557,0.57
145,557,0.29
142,558,0.29
143,558,0.57
144,558,0.86
145,558,0.57
146,558,0.29
141,559,0.29
142,559,0.57
143,559,0.86
144,559,1.00
145,559,0.86
146,559,0.57
140,560,0.29
141,560,0.57
142,560,0.86
143,560,1.00
144,560,1.00
145,560,1.00
139,561,0.29
140,561,0.57
141,561,0.86
142,561,1.00
143,561,1.00
144,561,1.00
138,562,0.29
139,562,0.57
140,562,0.86
141,562,1.00
142,562,1.00
143,562,1.00
144,562,1.00
139,563,0.29
140,563,0.57
141,563,0.86
142,563,1.00
143,563,1.00
140,564,0.29
141,564,0.57
142,564,0.86
143,564,1.00
144,564,1.00
141,565,0.29
142,565,0.57
143,565,0.86
144,565,1.00
145,565,0.86
142,566,0.29
143,566,0.57
144,566,0.86
145,566,0.57
146,566,0.29
143,567,0.29
144,567,0.57
145,567,0.29
144,568,0.29
134,541,0.29
133,542,0.29
134,542,0.57
135,542,0.29
132,543,0.29
133,543,0.57
134,543,0.86
135,543,0.57
136,543,0.29
131,544,0.29
132,544,0.57
133,544,0.86
134,544,1.00
135,544,0.86
136,544,0.57
137,544,0.29
130,545,0.29
131,545,0.57
132,545,0.86
133,545,1.00
134,545,1.00
135,545,1.00
136,545,0.86
137,545,0.57
138,545,0.29
129,546,0.29
130,546,0.57
131,546,0.86
132,546,1.00
133,546,1.00
134,546,1.00
135,546,1.00
136,546,1.00
137,546,0.86
138,546,0.57
139,546,0.29
128,547,0.29
129,547,0.57
130,547,0.86
131,547,1.00
132,547,1.00
133,547,1.00
134,547,1.00
135,547,1.00
136,547,1.00
137,547,1.00
138,547,0.86
129,548,0.29
130,548,0.57
131,548,0.86
132,548,1.00
133,548,1.00
134,548,1.00
135,548,1.00
136,548,1.00
137,548,0.86
130,549,0.29
131,549,0.57
132,549,0.86
133,549,1.00
134,549,1.00
135,549,1.00
136,549,0.86
131,550,0.29
132,550,0.57
133,550,0.86
134,550,1.00
135,550,0.86
132,551,0.29
133,551,0.57
134,551,0.86
135,551,0.57
136,551,0.29
133,552,0.29
134,552,0.57
135,552,0.29
134,553,0.29
128,524,0.29
127,525,0.29
128,525,0.57
129,525,0.29
126,526,0.29
127,526,0.57
128,526,0.86
129,526,0.57
130,526,0.29
125,527,0.29
126,527,0.57
127,527,0.86
128,527,1.00
129,527,0.86
130,527,0.57
131,527,0.29
124,528,0.29
125,528,0.57
126,528,0.86
127,528,1.00
128,528,1.00
129,528,1.00
130,528,0.86
131,528,0.57
132,528,0.29
123,529,0.29
124,529,0.57
125,529,0.86
126,529,1.00
127,529,1.00
128,529,1.00
129,529,1.00
130,529,1.00
131,529,0.86
132,529,0.57
133,529,0.29
122,530,0.29
123,530,0.57
124,530,0.86
125,530,1.00
126,530,1.00
127,530,1.00
128,530,1.00
129,530,1.00
130,530,1.00
131,530,1.00
132,530,0.86
133,530,0.57
134,530,0.29
123,531,0.29
124,531,0.57
125,531,0.86
126,531,1.00
127,531,1.00
128,531,1.00
129,531,1.00
130,531,1.00
131,531,0.86
132,531,0.57
133,531,0.29
124,532,0.29
125,532,0.57
126,532,0.86
127,532,1.00
128,532,1.00
129,532,1.00
130,532,0.86
131,532,0.57
132,532,0.29
125,533,0.29
126,533,0.57
127,533,0.86
128,533,1.00
129,533,0.86
130,533,0.57
131,533,0.29
126,534,0.29
127,534,0.57
128,534,0.86
129,534,0.57
130,534,0.29
127,535,0.29
128,535,0.57
129,535,0.29
128,536,0.29
125,503,0.29
124,504,0.29
125,504,0.57
126,504,0.29
123,505,0.29
124,505,0.57
125,505,0.86
126,505,0.57
127,505,0.29
122,506,0.29
123,506,0.57
124,506,0.86
125,506,1.00
126,506,0.86
127,506,0.57
128,506,0.29
121,507,0.29
122,507,0.57
123,507,0.86
124,507,1.00
125,507,1.00
126,507,1.00
127,507,0.86
128,507,0.57
129,507,0.29
120,508,0.29
121,508,0.57
122,508,0.86
123,508,1.00
124,508,1.00
125,508,1.00
126,508,1.00
127,508,1.00
128,508,0.86
129,508,0.57
130,508,0.29
119,509,0.29
120,509,0.57
121,509,0.86
122,509,1.00
123,509,1.00
124,509,1.00
125,509,1.00
126,509,1.00
127,509,1.00
128,509,1.00
129,509,0.86
130,509,0.57
131,509,0.29
120,510,0.29
121,510,0.57
122,510,0.86
123,510,1.00
124,510,1.00
125,510,1.00
126,510,1.00
127,510,1.00
128,510,0.86
129,510,0.57
130,510,0.29
121,511,0.29
122,511,0.57
123,511,0.86
124,511,1.00
125,511,1.00
126,511,1.00
127,511,0.86
128,511,0.57
129,511,0.29
122,512,0.29
123,512,0.57
124,512,0.86
125,512,1.00
126,512,0.86
127,512,0.57
128,512,0.29
123,513,0.29
124,513,0.57
125,513,0.86
126,513,0.57
127,513,0.29
124,514,0.29
125,514,0.57
126,514,0.29
125,515,0.29
124,454,0.29
123,455,0.29
124,455,0.57
125,455,0.29
122,456,0.29
123,456,0.57
124,456,0.86
125,456,0.57
126,456,0.29
121,457,0.29
122,457,0.57
123,457,0.86
124,457,1.00
125,457,0.86
126,457,0.57
127,457,0.29
120,458,0.29
121,458,0.57
122,458,0.86
123,458,1.00
124,458,1.00
125,458,1.00
126,458,0.86
127,458,0.57
128,458,0.29
119,459,0.29
120,459,0.57
121,459,0.86
122,459,1.00
123,459,1.00
124,459,1.00
125,459,1.00
126,459,1.00
127,459,0.86
128,459,0.57
129,459,0.29
118,460,0.29
119,460,0.57
120,460,0.86
121,460,1.00
122,460,1.00
123,460,1.00
124,460,1.00
125,460,1.00
126,460,1.00
127,460,1.00
128,460,0.86
129,460,0.57
130,460,0.29
119,461,0.29
120,461,0.57
121,461,0.86
122,461,1.00
123,461,1.00
124,461,1.00
125,461,1.00
126,461,1.00
127,461,0.86
128,461,0.57
129,461,0.29
120,462,0.29
121,462,0.57
122,462,0.86
123,462,1.00
124,462,1.00
125,462,1.00
126,462,0.86
127,462,0.57
128,462,0.29
121,463,0.29
122,463,0.57
123,463,0.86
124,463,1.00
125,463,0.86
126,463,0.57
127,463,0.29
122,464,0.29
123,464,0.57
124,464,0.86
125,464,0.57
126,464,0.29
123,465,0.29
124,465,0.57
125,465,0.29
124,466,0.29
124,431,0.29
123,432,0.29
124,432,0.57
125,432,0.29
122,433,0.29
123,433,0.57
124,433,0.86
125,433,0.57
126,433,0.29
121,434,0.29
122,434,0.57
123,434,0.86
124,434,1.00
125,434,0.86
126,434,0.57
127,434,0.29
120,435,0.29
121,435,0.57
122,435,0.86
123,435,1.00
124,435,1.00
125,435,1.00
126,435,0.86
127,435,0.57
128,435,0.29
119,436,0.29
120,436,0.57
121,436,0.86
122,436,1.00
123,436,1.00
124,436,1.00
125,436,1.00
126,436,1.00
127,436,0.86
128,436,0.57
129,436,0.29
118,437,0.29
119,437,0.57
120,437,0.86
121,437,1.00
122,437,1.00
123,437,1.00
124,437,1.00
125,437,1.00
126,437,1.00
127,437,1.00
128,437,0.86
129,437,0.57
130,437,0.29
119,438,0.29
120,438,0.57
121,438,0.86
122,438,1.00
123,438,1.00
124,438,1.00
125,438,1.00
126,438,1.00
127,438,0.86
128,438,0.57
129,438,0.29
120,439,0.29
121,439,0.57
122,439,0.86
123,439,1.00
124,439,1.00
125,439,1.00
126,439,0.86
127,439,0.57
128,439,0.29
121,440,0.29
122,440,0.57
123,440,0.86
124,440,1.00
125,440,0.86
126,440,0.57
127,440,0.29
122,441,0.29
123,441,0.57
124,441,0.86
125,441,0.57
126,441,0.29
123,442,0.29
124,442,0.57
125,442,0.29
124,443,0.29
124,422,1.00
125,422,1.00
123,423,1.00
124,423,1.00
125,423,1.00
126,423,1.00
128,423,1.00
122,424,1.00
123,424,1.00
124,424,1.00
125,424,1.00
126,424,1.00
127,424,1.00
121,425,0.29
122,425,0.86
123,425,1.00
124,425,1.00
125,425,1.00
126,425,1.00
120,426,0.29
121,426,0.57
122,426,0.86
123,426,1.00
124,426,1.00
125,426,1.00
121,427,0.29
122,427,0.57
123,427,0.86
124,427,1.00
122,428,0.29
123,428,0.57
123,429,0.29
124,429,0.57
124,430,0.29
125,430,0.57
125,431,0.29
126,431,0.57
126,432,0.29
123,420,0.86
122,421,0.86
123,421,1.00
124,421,1.00
130,421,0.86
121,422,0.86
122,422,1.00
123,422,1.00
129,422,1.00
131,422,0.86
120,423,0.29
121,423,0.86
122,423,1.00
132,423,0.29
121,424,0.29
122,420,0.29
121,421,0.29
131,421,0.29
120,422,0.29
132,422,0.29

155,515,0.86
154,516,1.00
155,516,1.00
156,516,0.86
153,517,1.00
154,517,1.00
155,517,1.00
156,517,1.00
157,517,0.86
152,518,1.00
153,518,1.00
154,518,1.00
155,518,1.00
156,518,1.00
157,518,1.00
158,518,0.86
151,519,1.00
152,519,1.00
153,519,1.00
154,519,1.00
155,519,1.00
156,519,1.00
157,519,1.00
158,519,1.00
159,519,0.86
150,520,1.00
151,520,1.00
152,520,1.00
153,520,1.00
154,520,1.00
155,520,1.00
156,520,1.00
157,520,1.00
158,520,1.00
159,520,1.00
160,520,0.86
149,521,1.00
150,521,1.00
151,521,1.00
152,521,1.00
153,521,1.00
154,521,1.00
155,521,1.00
156,521,1.00
157,521,1.00
158,521,1.00
159,521,1.00
160,521,1.00
161,521,0.86
150,522,1.00
151,522,1.00
152,522,1.00
153,522,1.00
154,522,1.00
155,522,1.00
156,522,1.00
157,522,1.00
158,522,1.00
159,522,1.00
160,522,0.86
151,523,1.00
152,523,1.00
153,523,1.00
154,523,1.00
155,523,1.00
156,523,1.00
157,523,1.00
158,523,1.00
159,523,1.00
152,524,1.00
153,524,1.00
154,524,1.00
155,524,1.00
156,524,1.00
157,524,1.00
158,524,1.00
153,525,1.00
154,525,1.00
155,525,1.00
156,525,1.00
157,525,1.00
154,526,1.00
155,526,1.00
156,526,1.00
155,527,1.00
153,514,0.29
152,515,0.29
153,515,0.57
154,515,0.29
151,516,0.29
152,516,0.57
153,516,0.86
150,517,0.29
151,517,0.57
152,517,0.86
149,518,0.29
150,518,0.57
151,518,0.86
148,519,0.29
149,519,0.57
150,519,0.86
147,520,0.29
148,520,0.57
149,520,0.86
148,521,0.29
149,522,0.29
150,523,0.86
151,524,1.00
152,525,1.00
153,526,1.00
145,501,0.29
144,502,0.29
145,502,0.57
146,502,0.29
143,503,0.29
144,503,0.57
145,503,0.86
146,503,0.57
147,503,0.29
142,504,0.29
143,504,0.57
144,504,0.86
145,504,1.00
146,504,0.86
147,504,0.86
148,504,0.86
141,505,0.29
142,505,0.57
143,505,0.86
144,505,1.00
145,505,1.00
146,505,1.00
147,505,1.00
148,505,1.00
149,505,0.86
140,506,0.29
141,506,0.57
142,506,0.86
143,506,1.00
144,506,1.00
145,506,1.00
146,506,1.00
147,506,1.00
148,506,1.00
149,506,1.00
150,506,0.86
139,507,0.29
140,507,0.57
141,507,0.86
142,507,1.00
143,507,1.00
144,507,1.00
145,507,1.00
146,507,1.00
147,507,1.00
148,507,1.00
149,507,1.00
150,507,1.00
151,507,0.86
140,508,0.29
141,508,0.57
142,508,0.86
143,508,1.00
144,508,1.00
145,508,1.00
146,508,1.00
147,508,1.00
148,508,1.00
149,508,1.00
150,508,1.00
141,509,0.29
142,509,0.86
143,509,1.00
144,509,1.00
145,509,1.00
146,509,1.00
147,509,1.00
148,509,1.00
149,509,1.00
142,510,0.29
143,510,0.86
144,510,1.00
145,510,1.00
146,510,1.00
147,510,1.00
148,510,1.00
143,511,0.29
144,511,0.86
145,511,1.00
146,511,1.00
147,511,1.00
144,512,0.29
145,512,0.86
146,512,0.86
145,513,0.29
135,482,0.29
134,483,0.29
135,483,0.57
136,483,0.29
133,484,0.29
134,484,0.57
135,484,0.86
136,484,0.86
137,484,0.29
132,485,0.29
133,485,0.57
134,485,0.86
135,485,1.00
136,485,1.00
137,485,0.86
138,485,0.29
131,486,0.29
132,486,0.57
133,486,0.86
134,486,1.00
135,486,1.00
136,486,1.00
137,486,1.00
138,486,0.86
139,486,0.29
130,487,0.29
131,487,0.57
132,487,0.86
133,487,1.00
134,487,1.00
135,487,1.00
136,487,1.00
137,487,1.00
138,487,1.00
139,487,0.86
140,487,0.29
129,488,0.29
130,488,0.57
131,488,0.86
132,488,1.00
133,488,1.00
134,488,1.00
135,488,1.00
136,488,1.00
137,488,1.00
138,488,1.00
139,488,1.00
140,488,0.86
141,488,0.29
130,489,0.29
131,489,0.86
132,489,1.00
133,489,1.00
134,489,1.00
135,489,1.00
136,489,1.00
137,489,1.00
138,489,1.00
139,489,1.00
140,489,0.86
131,490,0.86
132,490,1.00
133,490,1.00
134,490,1.00
135,490,1.00
136,490,1.00
137,490,1.00
138,490,1.00
139,490,1.00
132,491,0.86
133,491,1.00
134,491,1.00
135,491,1.00
136,491,1.00
137,491,1.00
138,491,1.00
133,492,0.86
134,492,1.00
135,492,1.00
136,492,1.00
137,492,1.00
134,493,0.86
135,493,1.00
136,493,1.00
135,494,0.86
129,471,1.00
128,472,1.00
129,472,1.00
130,472,1.00
127,473,1.00
128,473,1.00
129,473,1.00
130,473,1.00
131,473,0.29
126,474,1.00
127,474,1.00
128,474,1.00
129,474,1.00
130,474,1.00
131,474,0.86
132,474,0.29
125,475,1.00
126,475,1.00
127,475,1.00
128,475,1.00
129,475,1.00
130,475,1.00
131,475,1.00
132,475,0.86
133,475,0.29
124,476,1.00
125,476,1.00
126,476,1.00
127,476,1.00
128,476,1.00
129,476,1.00
130,476,1.00
131,476,1.00
132,476,1.00
133,476,0.86
134,476,0.29
123,477,0.86
124,477,1.00
125,477,1.00
126,477,1.00
127,477,1.00
128,477,1.00
129,477,1.00
130,477,1.00
131,477,1.00
132,477,1.00
133,477,0.86
134,477,0.57
135,477,0.29
124,478,0.86
125,478,1.00
126,478,1.00
127,478,1.00
128,478,1.00
129,478,1.00
130,478,1.00
131,478,1.00
132,478,0.86
133,478,0.57
134,478,0.29
125,479,0.86
126,479,1.00
127,479,1.00
128,479,1.00
129,479,1.00
130,479,1.00
131,479,0.86
132,479,0.57
133,479,0.29
126,480,0.86
127,480,1.00
128,480,1.00
129,480,1.00
130,480,0.86
131,480,0.57
132,480,0.29
127,481,0.86
128,481,0.86
129,481,0.86
130,481,0.57
131,481,0.29
128,482,0.29
129,482,0.57
130,482,0.29
129,483,0.29
126,465,0.57
125,466,0.57
126,466,1.00
127,466,0.57
124,467,0.57
125,467,1.00
126,467,1.00
127,467,1.00
128,467,0.57
123,468,0.57
124,468,1.00
125,468,1.00
126,468,1.00
127,468,1.00
128,468,1.00
129,468,0.57
122,469,0.57
123,469,1.00
124,469,1.00
125,469,1.00
126,469,1.00
127,469,1.00
128,469,1.00
129,469,1.00
130,469,0.57
121,470,0.57
122,470,1.00
123,470,1.00
124,470,1.00
125,470,1.00
126,470,1.00
127,470,1.00
128,470,1.00
129,470,1.00
130,470,1.00
131,470,0.57
120,471,0.57
121,471,1.00
122,471,1.00
123,471,1.00
124,471,1.00
125,471,1.00
126,471,1.00
127,471,1.00
128,471,1.00
130,471,1.00
131,471,1.00
132,471,0.57
121,472,0.57
122,472,1.00
123,472,1.00
124,472,1.00
125,472,1.00
126,472,1.00
127,472,1.00
131,472,0.57
122,473,0.57
123,473,1.00
124,473,1.00
125,473,1.00
126,473,1.00
123,474,0.86
124,474,1.00
125,474,1.00
124,475,1.00
122,475,0.29
123,475,0.57
121,476,0.29
122,476,0.57
123,476,0.86
122,477,0.29
123,478,0.29
124,479,0.29
125,480,0.29
126,481,0.29
127,482,0.29
141,489,0.29
130,490,0.29
140,490,0.86
141,490,0.57
142,490,0.29
131,491,0.29
139,491,0.86
140,491,0.57
141,491,0.29
132,492,0.29
138,492,0.86
139,492,0.57
140,492,0.29
133,493,0.29
137,493,0.86
138,493,0.57
139,493,0.29
134,494,0.29
136,494,0.86
137,494,0.57
138,494,0.29
135,495,0.29
136,495,0.57
137,495,0.29
136,496,0.29
148,503,0.29
149,504,0.29
150,505,0.29
151,506,0.29
152,507,0.29
151,508,0.86
152,508,0.57
153,508,0.29
150,509,1.00
151,509,1.00
152,509,0.86
153,509,0.57
154,509,0.29
149,510,1.00
150,510,1.00
151,510,0.86
152,510,0.57
153,510,0.29
148,511,1.00
149,511,1.00
150,511,0.86
151,511,0.57
152,511,0.29
147,512,0.86
148,512,1.00
149,512,0.86
150,512,0.57
151,512,0.29
146,513,0.29
147,513,0.57
148,513,0.86
149,513,0.57
150,513,0.29
147,514,0.29
148,514,0.57
149,514,0.29
148,515,0.29
160,523,0.29
159,524,0.86
160,524,0.57
161,524,0.29
158,525,1.00
159,525,1.00
160,525,0.86
161,525,0.57
162,525,0.29
157,526,1.00
158,526,1.00
159,526,1.00
160,526,1.00
161,526,1.00
162,526,0.57
163,526,0.29
152,527,1.00
153,527,1.00
154,527,1.00
156,527,1.00
157,527,1.00
158,527,1.00
159,527,1.00
160,527,1.00
161,527,1.00
162,527,1.00
163,527,0.57
164,527,0.29
153,528,1.00
154,528,1.00
155,528,1.00
156,528,1.00
157,528,1.00
158,528,1.00
159,528,1.00
160,528,1.00
161,528,1.00
162,528,1.00
163,528,0.57
154,529,0.86
155,529,0.86
156,529,0.86
157,529,1.00
158,529,1.00
159,529,1.00
160,529,1.00
161,529,1.00
162,529,1.00
155,530,0.29
156,530,0.57
157,530,1.00
158,530,1.00
159,530,1.00
160,530,1.00
161,530,1.00
156,531,0.57
157,531,1.00
158,531,1.00
159,531,1.00
160,531,1.00
157,532,1.00
158,532,1.00
159,532,1.00
158,533,1.00
163,529,0.57
164,529,0.29
162,530,1.00
163,530,1.00
164,530,0.57
165,530,0.29
161,531,1.00
162,531,1.00
163,531,1.00
164,531,1.00
165,531,0.57
166,531,0.29
155,532,0.29
156,532,0.86
160,532,1.00
161,532,1.00
162,532,1.00
163,532,1.00
164,532,1.00
165,532,1.00
166,532,0.57
167,532,0.29
156,533,1.00
157,533,1.00
159,533,1.00
160,533,1.00
161,533,1.00
162,533,1.00
163,533,1.00
164,533,1.00
165,533,1.00
166,533,0.57
157,534,1.00
158,534,1.00
159,534,1.00
160,534,1.00
161,534,1.00
162,534,1.00
163,534,1.00
164,534,1.00
165,534,1.00
158,535,1.00
159,535,1.00
160,535,1.00
161,535,1.00
162,535,1.00
163,535,1.00
164,535,1.00
159,536,1.00
160,536,1.00
161,536,1.00
162,536,1.00
163,536,1.00
160,537,1.00
161,537,1.00
162,537,1.00
161,538,1.00
155,534,0.86
156,534,1.00
166,534,0.86
167,534,0.29
156,535,0.86
157,535,1.00
165,535,0.86
166,535,0.29
157,536,0.86
158,536,1.00
164,536,0.86
165,536,0.29
158,537,0.86
159,537,1.00
163,537,0.86
164,537,0.29
159,538,0.86
160,538,1.00
162,538,0.86
163,538,0.29
160,539,0.86
161,539,0.86
162,539,0.29
161,540,0.29
155,533,0.29
154,534,0.29
155,535,0.29
156,536,0.29
157,537,0.29
158,538,0.29
159,539,0.29
160,540,0.29
149,523,0.29
148,524,0.29
149,524,0.57
150,524,0.86
147,525,0.29
148,525,0.57
149,525,0.86
150,525,1.00
151,525,1.00
146,526,0.29
147,526,0.57
148,526,0.86
149,526,1.00
150,526,1.00
151,526,1.00
152,526,1.00
145,527,0.29
146,527,0.57
147,527,0.86
148,527,1.00
149,527,1.00
150,527,1.00
151,527,1.00
146,528,0.29
147,528,0.57
148,528,0.86
149,528,1.00
150,528,1.00
151,528,1.00
152,528,1.00
147,529,0.29
148,529,0.57
149,529,0.86
150,529,1.00
151,529,1.00
152,529,1.00
153,529,0.86
148,530,0.29
149,530,0.57
150,530,0.86
151,530,1.00
152,530,0.86
153,530,0.57
154,530,0.29
149,531,0.29
150,531,0.57
151,531,0.86
152,531,0.57
153,531,0.29
150,532,0.29
151,532,0.57
152,532,0.29
151,533,0.29
126,488,0.29
125,489,0.29
126,489,0.57
127,489,0.29
124,490,0.29
125,490,0.57
126,490,0.86
127,490,0.57
128,490,0.29
123,491,0.29
124,491,0.57
125,491,0.86
126,491,1.00
127,491,0.86
128,491,0.57
129,491,0.29
122,492,0.29
123,492,0.57
124,492,0.86
125,492,1.00
126,492,1.00
127,492,1.00
128,492,0.86
129,492,0.57
130,492,0.29
121,493,0.29
122,493,0.57
123,493,0.86
124,493,1.00
125,493,1.00
126,493,1.00
127,493,1.00
128,493,1.00
129,493,0.86
130,493,0.57
131,493,0.29
120,494,0.29
121,494,0.57
122,494,0.86
123,494,1.00
124,494,1.00
125,494,1.00
126,494,1.00
127,494,1.00
128,494,1.00
129,494,1.00
130,494,0.86
131,494,0.57
132,494,0.29
121,495,0.29
122,495,0.57
123,495,0.86
124,495,1.00
125,495,1.00
126,495,1.00
127,495,1.00
128,495,1.00
129,495,0.86
130,495,0.57
131,495,0.29
122,496,0.29
123,496,0.57
124,496,0.86
125,496,1.00
126,496,1.00
127,496,1.00
128,496,0.86
129,496,0.57
130,496,0.29
123,497,0.29
124,497,0.57
125,497,0.86
126,497,1.00
127,497,0.86
128,497,0.57
129,497,0.29
124,498,0.29
125,498,0.57
126,498,0.86
127,498,0.57
128,498,0.29
125,499,0.29
126,499,0.57
127,499,0.29
126,500,0.29
96,428,1.00
95,429,1.00
96,429,1.00
97,429,1.00
94,430,0.57
95,430,0.86
96,430,1.00
97,430,1.00
98,430,1.00
93,431,0.57
94,431,0.57
95,431,0.86
96,431,1.00
97,431,1.00
98,431,1.00
99,431,1.00
92,432,0.29
93,432,0.57
94,432,0.86
95,432,1.00
96,432,1.00
97,432,1.00
98,432,1.00
99,432,1.00
100,432,1.00
91,433,0.29
92,433,0.57
93,433,0.86
94,433,1.00
95,433,1.00
96,433,1.00
97,433,1.00
98,433,1.00
99,433,1.00
100,433,1.00
101,433,1.00
90,434,0.29
91,434,0.57
92,434,0.86
93,434,1.00
94,434,1.00
95,434,1.00
96,434,1.00
97,434,1.00
98,434,1.00
99,434,1.00
100,434,1.00
101,434,1.00
102,434,0.86
91,435,0.29
92,435,0.57
93,435,1.00
94,435,1.00
95,435,1.00
96,435,1.00
97,435,1.00
98,435,1.00
99,435,1.00
100,435,1.00
101,435,1.00
92,436,0.57
93,436,1.00
94,436,1.00
95,436,1.00
96,436,1.00
97,436,1.00
98,436,1.00
99,436,1.00
100,436,1.00
93,437,1.00
94,437,1.00
95,437,1.00
96,437,1.00
97,437,1.00
98,437,1.00
99,437,1.00
94,438,1.00
95,438,1.00
96,438,1.00
97,438,1.00
98,438,1.00
95,439,1.00
96,439,1.00
97,439,1.00
96,440,1.00
91,415,0.86
90,416,0.86
91,416,1.00
92,416,0.86
89,417,0.86
90,417,1.00
91,417,1.00
92,417,1.00
93,417,0.86
88,418,0.86
89,418,1.00
90,418,1.00
91,418,1.00
92,418,1.00
93,418,1.00
94,418,0.86
87,419,0.86
88,419,1.00
89,419,1.00
90,419,1.00
91,419,1.00
92,419,1.00
93,419,1.00
94,419,1.00
95,419,0.86
86,420,0.86
87,420,1.00
88,420,1.00
89,420,1.00
90,420,1.00
91,420,1.00
92,420,1.00
93,420,1.00
94,420,1.00
95,420,1.00
96,420,1.00
85,421,0.29
86,421,0.86
87,421,1.00
88,421,1.00
89,421,1.00
90,421,1.00
91,421,1.00
92,421,1.00
93,421,1.00
94,421,1.00
95,421,1.00
96,421,1.00
97,421,0.86
86,422,0.29
87,422,0.86
88,422,1.00
89,422,1.00
90,422,1.00
91,422,1.00
92,422,1.00
93,422,1.00
94,422,1.00
95,422,1.00
96,422,0.57
87,423,0.29
88,423,0.86
89,423,1.00
90,423,1.00
91,423,1.00
92,423,1.00
93,423,1.00
94,423,1.00
95,423,1.00
88,424,0.57
89,424,1.00
90,424,1.00
91,424,1.00
92,424,1.00
93,424,1.00
94,424,1.00
89,425,1.00
90,425,1.00
91,425,1.00
92,425,1.00
93,425,1.00
90,426,1.00
91,426,1.00
92,426,1.00
91,427,1.00
91,414,0.29
90,415,0.29
92,415,0.29
89,416,0.29
93,416,0.29
88,417,0.29
94,417,0.29
87,418,0.29
95,418,0.29
86,419,0.29
96,419,0.57
85,420,0.29
97,420,1.00
96,423,0.57
97,423,0.29
95,424,1.00
96,424,0.86
97,424,0.57
98,424,0.29
87,425,0.29
88,425,0.57
94,425,1.00
95,425,1.00
96,425,1.00
97,425,0.86
98,425,1.00
99,425,1.00
88,426,0.29
89,426,0.57
93,426,1.00
94,426,1.00
95,426,1.00
96,426,0.86
97,426,1.00
98,426,1.00
89,427,0.29
90,427,0.57
92,427,1.00
93,427,1.00
94,427,1.00
95,427,0.86
96,427,1.00
97,427,1.00
90,428,0.29
91,428,0.57
92,428,0.86
93,428,1.00
94,428,0.86
95,428,0.86
91,429,0.29
92,429,0.57
93,429,0.86
94,429,0.86
92,430,0.29
93,430,0.57
91,437,0.29
92,437,0.57
100,437,1.00
101,437,1.00
90,438,0.29
91,438,0.57
92,438,0.86
93,438,1.00
99,438,1.00
100,438,1.00
101,438,1.00
102,438,1.00
91,439,0.29
92,439,0.57
93,439,0.86
94,439,1.00
98,439,1.00
99,439,1.00
100,439,1.00
101,439,1.00
92,440,0.29
93,440,0.57
94,440,0.86
95,440,1.00
97,440,1.00
98,440,1.00
99,440,1.00
100,440,1.00
93,441,0.29
94,441,1.00
95,441,1.00
96,441,1.00
97,441,1.00
98,441,1.00
99,441,1.00
94,442,0.29
95,442,1.00
96,442,1.00
97,442,1.00
98,442,1.00
95,443,0.57
96,443,1.00
97,443,1.00
96,444,1.00
102,466,1.00
101,467,1.00
102,467,1.00
103,467,1.00
100,468,1.00
101,468,1.00
102,468,1.00
103,468,1.00
104,468,1.00
99,469,1.00
100,469,1.00
101,469,1.00
102,469,1.00
103,469,1.00
104,469,1.00
105,469,1.00
98,470,0.86
99,470,1.00
100,470,1.00
101,470,1.00
102,470,1.00
103,470,1.00
104,470,1.00
105,470,1.00
106,470,0.86
97,471,0.29
98,471,0.86
99,471,1.00
100,471,1.00
101,471,1.00
102,471,1.00
103,471,1.00
104,471,1.00
105,471,1.00
106,471,0.86
107,471,0.29
96,472,0.29
97,472,0.57
98,472,0.86
99,472,1.00
100,472,1.00
101,472,1.00
102,472,1.00
103,472,1.00
104,472,1.00
105,472,1.00
106,472,0.86
107,472,0.57
108,472,0.29
97,473,0.29
98,473,0.57
99,473,0.86
100,473,1.00
101,473,1.00
102,473,1.00
103,473,1.00
104,473,1.00
105,473,0.86
106,473,0.57
107,473,0.29
98,474,0.29
99,474,0.57
100,474,0.86
101,474,1.00
102,474,1.00
103,474,1.00
104,474,0.86
105,474,0.57
106,474,0.29
99,475,0.29
100,475,0.57
101,475,0.86
102,475,1.00
103,475,0.86
104,475,0.57
105,475,0.29
100,476,0.29
101,476,0.57
102,476,0.86
103,476,0.57
104,476,0.29
101,477,0.29
102,477,0.57
103,477,0.29
102,478,0.29
104,490,1.00
103,491,0.57
104,491,1.00
105,491,1.00
102,492,0.29
103,492,0.86
104,492,1.00
105,492,1.00
106,492,1.00
101,493,0.29
102,493,0.86
103,493,1.00
104,493,1.00
105,493,1.00
106,493,1.00
107,493,1.00
100,494,0.29
101,494,0.57
102,494,0.86
103,494,1.00
104,494,1.00
105,494,1.00
106,494,1.00
107,494,1.00
108,494,1.00
99,495,0.29
100,495,0.57
101,495,0.86
102,495,1.00
103,495,1.00
104,495,1.00
105,495,1.00
106,495,1.00
107,495,1.00
108,495,1.00
109,495,1.00
98,496,0.29
99,496,0.57
100,496,0.86
101,496,1.00
102,496,1.00
103,496,1.00
104,496,1.00
105,496,1.00
106,496,1.00
107,496,1.00
108,496,1.00
109,496,1.00
110,496,1.00
99,497,0.29
100,497,0.57
101,497,0.86
102,497,1.00
103,497,1.00
104,497,1.00
105,497,1.00
106,497,1.00
107,497,1.00
108,497,1.00
109,497,1.00
100,498,0.29
101,498,0.57
102,498,0.86
103,498,1.00
104,498,1.00
105,498,1.00
106,498,1.00
107,498,1.00
108,498,1.00
101,499,0.29
102,499,0.57
103,499,0.86
104,499,1.00
105,499,0.86
106,499,0.57
107,499,0.57
102,500,0.29
103,500,0.57
104,500,0.86
105,500,0.57
106,500,0.29
103,501,0.29
104,501,0.57
105,501,0.29
104,502,0.29
105,512,0.29
104,513,0.29
105,513,0.57
106,513,0.29
103,514,0.29
104,514,0.57
105,514,0.86
106,514,0.57
107,514,0.29
102,515,0.57
103,515,0.57
104,515,0.86
105,515,1.00
106,515,0.86
107,515,0.57
108,515,0.29
101,516,1.00
102,516,1.00
103,516,1.00
104,516,1.00
105,516,1.00
106,516,1.00
107,516,0.86
108,516,0.57
109,516,0.29
100,517,1.00
101,517,1.00
102,517,1.00
103,517,1.00
104,517,1.00
105,517,1.00
106,517,1.00
107,517,1.00
108,517,0.86
109,517,0.57
110,517,0.29
99,518,1.00
100,518,1.00
101,518,1.00
102,518,1.00
103,518,1.00
104,518,1.00
105,518,1.00
106,518,1.00
107,518,1.00
108,518,1.00
109,518,0.86
110,518,0.57
111,518,0.29
100,519,1.00
101,519,1.00
102,519,1.00
103,519,1.00
104,519,1.00
105,519,1.00
106,519,1.00
107,519,1.00
108,519,0.86
109,519,0.57
110,519,0.29
101,520,1.00
102,520,1.00
103,520,1.00
104,520,1.00
105,520,1.00
106,520,1.00
107,520,1.00
108,520,0.57
109,520,0.29
102,521,1.00
103,521,1.00
104,521,1.00
105,521,1.00
106,521,1.00
107,521,0.57
108,521,0.29
103,522,1.00
104,522,1.00
105,522,1.00
106,522,0.57
107,522,0.29
104,523,0.57
105,523,0.57
106,523,0.29
105,524,0.29
107,528,0.29
106,529,0.29
107,529,0.57
108,529,0.29
105,530,0.29
106,530,0.57
107,530,0.86
108,530,0.57
109,530,0.29
104,531,0.29
105,531,0.86
106,531,0.86
107,531,1.00
108,531,0.86
109,531,0.57
110,531,0.29
103,532,0.29
104,532,0.86
105,532,1.00
106,532,1.00
107,532,1.00
108,532,1.00
109,532,0.86
110,532,0.57
111,532,0.29
102,533,0.29
103,533,0.86
104,533,1.00
105,533,1.00
106,533,1.00
107,533,1.00
108,533,1.00
109,533,1.00
110,533,0.86
111,533,0.57
112,533,0.29
101,534,0.29
102,534,0.86
103,534,1.00
104,534,1.00
105,534,1.00
106,534,1.00
107,534,1.00
108,534,1.00
109,534,1.00
110,534,1.00
111,534,0.86
112,534,0.57
113,534,0.29
102,535,0.86
103,535,1.00
104,535,1.00
105,535,1.00
106,535,1.00
107,535,1.00
108,535,1.00
109,535,1.00
110,535,1.00
111,535,0.57
112,535,0.29
103,536,1.00
104,536,1.00
105,536,1.00
106,536,1.00
107,536,1.00
108,536,1.00
109,536,1.00
110,536,1.00
111,536,0.57
104,537,1.00
105,537,1.00
106,537,1.00
107,537,1.00
108,537,1.00
109,537,1.00
110,537,1.00
105,538,1.00
106,538,1.00
107,538,1.00
108,538,1.00
109,538,1.00
106,539,1.00
107,539,1.00
108,539,1.00
107,540,1.00
102,537,1.00
103,537,1.00
111,537,1.00
112,537,0.29
101,538,0.86
102,538,1.00
103,538,1.00
104,538,1.00
110,538,1.00
111,538,1.00
112,538,0.86
113,538,0.29
102,539,0.86
103,539,1.00
104,539,1.00
105,539,1.00
109,539,1.00
110,539,1.00
111,539,1.00
112,539,1.00
103,540,1.00
104,540,1.00
105,540,1.00
106,540,1.00
108,540,1.00
109,540,1.00
110,540,1.00
111,540,1.00
104,541,1.00
105,541,1.00
106,541,1.00
107,541,1.00
108,541,1.00
109,541,1.00
110,541,1.00
105,542,1.00
106,542,1.00
107,542,1.00
108,542,1.00
109,542,1.00
106,543,1.00
107,543,1.00
108,543,1.00
107,544,1.00
113,539,0.29
112,540,1.00
113,540,0.86
114,540,0.29
103,541,1.00
111,541,1.00
112,541,1.00
113,541,1.00
114,541,1.00
115,541,0.86
104,542,1.00
110,542,1.00
111,542,1.00
112,542,1.00
113,542,1.00
114,542,1.00
105,543,1.00
109,543,1.00
110,543,1.00
111,543,1.00
112,543,1.00
113,543,1.00
106,544,1.00
108,544,1.00
109,544,1.00
110,544,1.00
111,544,1.00
112,544,1.00
107,545,1.00
108,545,1.00
109,545,1.00
110,545,1.00
111,545,1.00
108,546,1.00
109,546,1.00
110,546,1.00
109,547,1.00
115,540,0.29
116,541,0.29
115,542,0.86
116,542,0.57
117,542,0.29
114,543,1.00
115,543,1.00
116,543,0.86
117,543,0.57
118,543,0.29
113,544,1.00
114,544,1.00
115,544,1.00
116,544,1.00
117,544,0.86
118,544,0.86
119,544,0.86
112,545,1.00
113,545,1.00
114,545,1.00
115,545,1.00
116,545,1.00
117,545,1.00
118,545,1.00
119,545,1.00
120,545,1.00
111,546,1.00
112,546,1.00
113,546,1.00
114,546,1.00
115,546,1.00
116,546,1.00
117,546,1.00
118,546,1.00
119,546,1.00
120,546,1.00
121,546,1.00
110,547,1.00
111,547,1.00
112,547,1.00
113,547,1.00
114,547,1.00
115,547,1.00
116,547,1.00
117,547,1.00
118,547,1.00
119,547,1.00
120,547,1.00
111,548,1.00
112,548,1.00
113,548,1.00
114,548,1.00
115,548,1.00
116,548,1.00
117,548,1.00
118,548,1.00
119,548,1.00
112,549,1.00
113,549,1.00
114,549,1.00
115,549,1.00
116,549,0.86
117,549,0.86
118,549,1.00
113,550,0.86
114,550,0.57
115,550,0.86
116,550,0.57
117,550,0.57
114,551,0.29
115,551,0.57
116,551,0.57
115,552,0.29
122,545,1.00
122,546,1.00
123,546,1.00
121,547,1.00
122,547,1.00
123,547,1.00
124,547,1.00
120,548,1.00
121,548,1.00
122,548,1.00
123,548,1.00
124,548,1.00
125,548,0.86
119,549,1.00
120,549,1.00
121,549,1.00
122,549,1.00
123,549,1.00
124,549,1.00
125,549,0.86
126,549,0.29
118,550,0.86
119,550,1.00
120,550,1.00
121,550,1.00
122,550,1.00
123,550,1.00
124,550,1.00
125,550,0.86
126,550,0.57
127,550,0.29
117,551,0.57
118,551,0.86
119,551,1.00
120,551,1.00
121,551,1.00
122,551,1.00
123,551,1.00
124,551,1.00
125,551,1.00
126,551,0.86
127,551,0.57
128,551,0.29
117,552,0.29
118,552,0.57
119,552,0.86
120,552,1.00
121,552,1.00
122,552,1.00
123,552,1.00
124,552,1.00
125,552,0.86
126,552,0.57
127,552,0.29
118,553,0.29
119,553,0.57
120,553,0.86
121,553,1.00
122,553,1.00
123,553,1.00
124,553,0.86
125,553,0.57
126,553,0.29
119,554,0.29
120,554,0.57
121,554,0.86
122,554,1.00
123,554,0.86
124,554,0.57
125,554,0.29
120,555,0.29
121,555,0.57
122,555,0.86
123,555,0.57
124,555,0.29
121,556,0.29
122,556,0.57
123,556,0.29
122,557,0.29
131,551,0.29
130,552,0.29
131,552,0.57
132,552,0.29
129,553,0.29
130,553,0.57
131,553,0.86
132,553,0.86
133,553,0.29
128,554,0.29
129,554,0.57
130,554,0.86
131,554,1.00
132,554,1.00
133,554,1.00
134,554,0.86
127,555,0.29
128,555,0.57
129,555,0.86
130,555,1.00
131,555,1.00
132,555,1.00
133,555,1.00
134,555,1.00
135,555,0.86
126,556,0.29
127,556,0.57
128,556,0.86
129,556,1.00
130,556,1.00
131,556,1.00
132,556,1.00
133,556,1.00
134,556,1.00
135,556,1.00
136,556,1.00
125,557,0.29
126,557,0.57
127,557,0.86
128,557,1.00
129,557,1.00
130,557,1.00
131,557,1.00
132,557,1.00
133,557,1.00
134,557,1.00
135,557,1.00
136,557,1.00
137,557,1.00
126,558,0.29
127,558,0.86
128,558,1.00
129,558,1.00
130,558,1.00
131,558,1.00
132,558,1.00
133,558,1.00
134,558,1.00
135,558,1.00
136,558,1.00
127,559,0.86
128,559,1.00
129,559,1.00
130,559,1.00
131,559,1.00
132,559,1.00
133,559,1.00
134,559,1.00
135,559,1.00
128,560,0.86
129,560,1.00
130,560,1.00
131,560,1.00
132,560,1.00
133,560,1.00
134,560,1.00
129,561,0.86
130,561,1.00
131,561,1.00
132,561,1.00
133,561,1.00
130,562,0.86
131,562,1.00
132,562,1.00
131,563,0.86
134,553,0.29
135,554,0.29
136,555,0.86
137,556,0.86
138,557,0.86
137,558,1.00
138,558,1.00
139,558,0.86
136,559,1.00
137,559,1.00
138,559,1.00
139,559,1.00
140,559,0.86
135,560,1.00
136,560,1.00
137,560,1.00
138,560,1.00
139,560,1.00
134,561,1.00
135,561,1.00
136,561,1.00
137,561,1.00
138,561,1.00
133,562,1.00
134,562,1.00
135,562,1.00
136,562,1.00
137,562,1.00
132,563,1.00
133,563,1.00
134,563,1.00
135,563,1.00
136,563,1.00
133,564,1.00
134,564,1.00
135,564,1.00
134,565,0.86
140,560,1.00
141,560,0.57
139,561,1.00
140,561,1.00
141,561,1.00
142,561,0.57
138,562,1.00
139,562,1.00
140,562,1.00
141,562,0.57
137,563,1.00
138,563,1.00
139,563,1.00
140,563,0.57
136,564,1.00
137,564,1.00
138,564,1.00
139,564,0.57
135,565,1.00
136,565,1.00
137,565,1.00
138,565,0.57
135,566,0.57
136,566,1.00
137,566,0.57
136,567,0.57
126,559,0.29
127,560,0.29
128,561,0.29
129,562,0.29
130,563,0.29
131,564,0.29
132,564,0.57
132,565,0.29
121,541,0.29
120,542,0.29
121,542,0.57
122,542,0.29
119,543,0.29
120,543,0.57
121,543,0.86
122,543,0.57
123,543,0.29
120,544,0.86
121,544,1.00
122,544,0.86
123,544,0.57
124,544,0.29
121,545,1.00
123,545,0.86
124,545,0.57
125,545,0.29
124,546,0.86
125,546,0.57
126,546,0.29
125,547,0.86
126,547,0.57
127,547,0.29
126,548,0.29
101,514,0.29
100,515,0.29
101,515,0.57
99,516,0.29
100,516,0.57
98,517,0.29
99,517,0.57
97,518,0.29
98,518,0.57
96,519,0.86
97,519,0.86
98,519,0.86
99,519,1.00
95,520,1.00
96,520,1.00
97,520,1.00
98,520,1.00
99,520,1.00
100,520,1.00
96,521,1.00
97,521,1.00
98,521,1.00
99,521,1.00
100,521,1.00
101,521,1.00
97,522,1.00
98,522,1.00
99,522,1.00
100,522,1.00
101,522,1.00
102,522,1.00
98,523,1.00
99,523,1.00
100,523,1.00
101,523,1.00
102,523,0.86
103,523,0.57
99,524,1.00
100,524,1.00
101,524,1.00
102,524,0.57
103,524,0.29
100,525,1.00
101,525,1.00
102,525,0.57
101,526,1.00
77,467,1.00
76,468,1.00
77,468,1.00
78,468,1.00
75,469,0.57
76,469,1.00
77,469,1.00
78,469,1.00
79,469,1.00
74,470,0.29
75,470,0.57
76,470,1.00
77,470,1.00
78,470,1.00
79,470,1.00
80,470,1.00
73,471,0.57
74,471,0.86
75,471,0.86
76,471,1.00
77,471,1.00
78,471,1.00
79,471,1.00
80,471,1.00
81,471,1.00
72,472,1.00
73,472,1.00
74,472,1.00
75,472,1.00
76,472,1.00
77,472,1.00
78,472,1.00
79,472,1.00
80,472,1.00
81,472,1.00
82,472,1.00
71,473,1.00
72,473,1.00
73,473,1.00
74,473,1.00
75,473,1.00
76,473,1.00
77,473,1.00
78,473,1.00
79,473,1.00
80,473,1.00
81,473,1.00
82,473,0.86
83,473,0.29
72,474,1.00
73,474,1.00
74,474,1.00
75,474,1.00
76,474,1.00
77,474,1.00
78,474,1.00
79,474,1.00
80,474,1.00
81,474,0.86
82,474,0.29
73,475,1.00
74,475,1.00
75,475,1.00
76,475,1.00
77,475,1.00
78,475,1.00
79,475,0.86
80,475,0.57
81,475,0.29
74,476,1.00
75,476,1.00
76,476,1.00
77,476,1.00
78,476,1.00
79,476,0.86
80,476,0.29
75,477,1.00
76,477,1.00
77,477,1.00
78,477,1.00
79,477,0.86
76,478,1.00
77,478,1.00
78,478,0.86
77,479,0.86
72,450,1.00
71,451,1.00
72,451,1.00
73,451,1.00
70,452,1.00
71,452,1.00
72,452,1.00
73,452,1.00
74,452,1.00
69,453,0.86
70,453,1.00
71,453,1.00
72,453,1.00
73,453,1.00
74,453,1.00
75,453,1.00
68,454,0.29
69,454,0.86
70,454,1.00
71,454,1.00
72,454,1.00
73,454,1.00
74,454,1.00
75,454,1.00
76,454,1.00
67,455,0.29
68,455,0.57
69,455,0.86
70,455,1.00
71,455,1.00
72,455,1.00
73,455,1.00
74,455,1.00
75,455,1.00
76,455,1.00
77,455,1.00
66,456,0.29
67,456,0.57
68,456,0.86
69,456,1.00
70,456,1.00
71,456,1.00
72,456,1.00
73,456,1.00
74,456,1.00
75,456,1.00
76,456,1.00
77,456,1.00
78,456,1.00
67,457,0.29
68,457,0.57
69,457,0.86
70,457,1.00
71,457,1.00
72,457,1.00
73,457,1.00
74,457,1.00
75,457,1.00
76,457,1.00
77,457,1.00
68,458,0.29
69,458,0.57
70,458,0.86
71,458,1.00
72,458,1.00
73,458,1.00
74,458,1.00
75,458,1.00
76,458,1.00
69,459,0.29
70,459,0.57
71,459,1.00
72,459,1.00
73,459,1.00
74,459,0.86
75,459,0.86
70,460,0.57
71,460,1.00
72,460,1.00
73,460,1.00
74,460,0.57
71,461,1.00
72,461,1.00
73,461,1.00
72,462,1.00
71,442,0.86
70,443,0.86
71,443,1.00
72,443,0.86
69,444,0.86
70,444,1.00
71,444,1.00
72,444,1.00
73,444,0.86
68,445,0.86
69,445,1.00
70,445,1.00
71,445,1.00
72,445,1.00
73,445,1.00
74,445,0.86
67,446,0.86
68,446,1.00
69,446,1.00
70,446,1.00
71,446,1.00
72,446,1.00
73,446,1.00
74,446,1.00
75,446,0.86
66,447,0.86
67,447,1.00
68,447,1.00
69,447,1.00
70,447,1.00
71,447,1.00
72,447,1.00
73,447,1.00
74,447,1.00
75,447,1.00
76,447,0.86
65,448,0.86
66,448,1.00
67,448,1.00
68,448,1.00
69,448,1.00
70,448,1.00
71,448,1.00
72,448,1.00
73,448,1.00
74,448,1.00
75,448,1.00
76,448,1.00
77,448,0.86
66,449,1.00
67,449,1.00
68,449,1.00
69,449,1.00
70,449,1.00
71,449,1.00
72,449,1.00
73,449,1.00
74,449,1.00
75,449,1.00
76,449,1.00
67,450,1.00
68,450,1.00
69,450,1.00
70,450,1.00
71,450,1.00
73,450,1.00
74,450,1.00
75,450,1.00
68,451,1.00
69,451,1.00
70,451,1.00
74,451,1.00
69,452,1.00
65,450,0.29
66,450,0.57
76,450,1.00
77,450,0.57
66,451,0.29
67,451,0.57
75,451,1.00
76,451,1.00
67,452,0.29
68,452,0.57
75,452,1.00
68,453,0.29
69,461,0.29
70,461,0.57
74,461,0.57
75,461,0.57
68,462,0.29
69,462,0.57
70,462,0.86
71,462,1.00
73,462,1.00
74,462,1.00
75,462,1.00
76,462,1.00
67,463,0.29
68,463,0.57
69,463,0.86
70,463,1.00
71,463,1.00
72,463,1.00
73,463,1.00
74,463,1.00
75,463,1.00
76,463,1.00
77,463,1.00
66,464,0.29
67,464,0.57
68,464,0.86
69,464,1.00
70,464,1.00
71,464,1.00
72,464,1.00
73,464,1.00
74,464,1.00
75,464,1.00
76,464,1.00
77,464,1.00
78,464,1.00
67,465,0.29
68,465,0.57
69,465,0.86
70,465,1.00
71,465,1.00
72,465,1.00
73,465,1.00
74,465,1.00
75,465,1.00
76,465,1.00
77,465,1.00
68,466,0.29
69,466,0.57
70,466,0.86
71,466,1.00
72,466,1.00
73,466,1.00
74,466,1.00
75,466,1.00
76,466,1.00
69,467,0.57
70,467,0.57
71,467,0.86
72,467,1.00
73,467,0.86
74,467,0.57
75,467,0.86
70,468,0.57
71,468,0.57
72,468,0.86
73,468,0.57
74,468,0.57
71,469,0.57
72,469,0.57
73,469,0.29
72,470,0.57
71,474,1.00
70,475,1.00
71,475,1.00
72,475,1.00
69,476,1.00
70,476,1.00
71,476,1.00
72,476,1.00
73,476,1.00
68,477,0.86
69,477,1.00
70,477,1.00
71,477,1.00
72,477,1.00
73,477,1.00
74,477,1.00
80,477,0.29
69,478,0.86
70,478,0.86
71,478,0.86
72,478,1.00
73,478,1.00
74,478,1.00
75,478,1.00
79,478,0.29
70,479,0.29
71,479,0.57
72,479,0.86
73,479,1.00
74,479,1.00
75,479,1.00
76,479,0.86
78,479,0.29
71,480,0.29
72,480,0.57
73,480,0.86
74,480,1.00
75,480,0.86
76,480,0.57
77,480,0.29
72,481,0.29
73,481,0.57
74,481,0.86
75,481,0.57
76,481,0.29
73,482,0.29
74,482,0.57
75,482,0.29
74,483,0.29
78,490,0.29
77,491,0.29
78,491,0.57
79,491,0.29
76,492,0.29
77,492,0.57
78,492,0.86
79,492,0.57
80,492,0.29
75,493,0.29
76,493,0.57
77,493,0.86
78,493,1.00
79,493,0.86
80,493,0.57
81,493,0.29
74,494,0.29
75,494,0.57
76,494,0.86
77,494,1.00
78,494,1.00
79,494,1.00
80,494,0.86
81,494,0.57
82,494,0.29
73,495,0.29
74,495,0.57
75,495,0.86
76,495,1.00
77,495,1.00
78,495,1.00
79,495,1.00
80,495,1.00
81,495,0.86
82,495,0.57
83,495,0.29
72,496,0.29
73,496,0.57
74,496,0.86
75,496,1.00
76,496,1.00
77,496,1.00
78,496,1.00
79,496,1.00
80,496,1.00
81,496,1.00
82,496,0.86
83,496,0.57
84,496,0.29
73,497,0.29
74,497,0.57
75,497,0.86
76,497,1.00
77,497,1.00
78,497,1.00
79,497,1.00
80,497,1.00
81,497,0.86
82,497,0.57
83,497,0.29
74,498,0.29
75,498,0.57
76,498,0.86
77,498,1.00
78,498,1.00
79,498,1.00
80,498,0.86
81,498,0.57
82,498,0.29
75,499,0.29
76,499,0.57
77,499,0.86
78,499,1.00
79,499,0.86
80,499,0.57
81,499,0.29
76,500,0.29
77,500,0.57
78,500,0.86
79,500,0.57
80,500,0.29
77,501,0.29
78,501,0.57
79,501,0.29
78,502,0.29
84,502,1.00
83,503,1.00
84,503,1.00
85,503,1.00
82,504,1.00
83,504,1.00
84,504,1.00
85,504,1.00
86,504,1.00
81,505,0.57
82,505,1.00
83,505,1.00
84,505,1.00
85,505,1.00
86,505,1.00
87,505,1.00
80,506,0.29
81,506,0.57
82,506,1.00
83,506,1.00
84,506,1.00
85,506,1.00
86,506,1.00
87,506,1.00
88,506,1.00
79,507,0.29
80,507,0.57
81,507,0.86
82,507,1.00
83,507,1.00
84,507,1.00
85,507,1.00
86,507,1.00
87,507,1.00
88,507,1.00
89,507,0.57
78,508,0.29
79,508,0.57
80,508,0.86
81,508,1.00
82,508,1.00
83,508,1.00
84,508,1.00
85,508,1.00
86,508,1.00
87,508,1.00
88,508,1.00
89,508,0.57
90,508,0.29
79,509,0.29
80,509,0.57
81,509,0.86
82,509,1.00
83,509,1.00
84,509,1.00
85,509,1.00
86,509,1.00
87,509,1.00
88,509,0.57
89,509,0.29
80,510,0.29
81,510,0.57
82,510,0.86
83,510,1.00
84,510,1.00
85,510,1.00
86,510,1.00
87,510,0.57
88,510,0.29
81,511,0.29
82,511,0.57
83,511,0.86
84,511,1.00
85,511,0.86
86,511,0.57
87,511,0.29
82,512,0.29
83,512,0.57
84,512,0.86
85,512,0.57
86,512,0.29
83,513,0.29
84,513,0.57
85,513,0.29
84,514,0.29
96,523,1.00
97,523,1.00
95,524,1.00
96,524,1.00
97,524,1.00
98,524,1.00
94,525,1.00
95,525,1.00
96,525,1.00
97,525,1.00
98,525,1.00
99,525,1.00
93,526,0.86
94,526,1.00
95,526,1.00
96,526,1.00
97,526,1.00
98,526,1.00
99,526,1.00
100,526,1.00
102,526,0.57
103,526,0.29
92,527,0.29
93,527,0.86
94,527,1.00
95,527,1.00
96,527,1.00
97,527,1.00
98,527,1.00
99,527,1.00
100,527,1.00
101,527,1.00
102,527,0.86
103,527,0.57
104,527,0.29
93,528,0.29
94,528,0.86
95,528,1.00
96,528,1.00
97,528,1.00
98,528,1.00
99,528,1.00
100,528,1.00
101,528,0.86
102,528,0.57
103,528,0.29
94,529,0.29
95,529,0.86
96,529,0.86
97,529,1.00
98,529,1.00
99,529,1.00
100,529,0.86
101,529,0.57
102,529,0.29
95,530,0.29
96,530,0.57
97,530,0.86
98,530,1.00
99,530,0.86
100,530,0.57
101,530,0.29
96,531,0.29
97,531,0.57
98,531,0.86
99,531,0.57
100,531,0.29
97,532,0.29
98,532,0.57
99,532,0.29
98,533,0.29
101,535,0.29
100,536,0.29
101,536,0.57
102,536,0.86
99,537,0.29
100,537,0.57
101,537,0.86
100,538,0.29
101,539,0.29
102,540,0.29
103,543,0.29
104,543,0.86
104,544,0.57
105,544,1.00
105,545,0.57
106,545,1.00
106,546,1.00
107,546,1.00
107,547,1.00
108,547,1.00
108,548,1.00
109,548,1.00
110,548,1.00
109,549,1.00
110,549,1.00
111,549,1.00
110,550,1.00
105,546,0.57
106,547,0.57
107,548,0.57
108,549,0.57
109,550,0.57
111,550,1.00
112,550,1.00
110,551,0.57
111,551,1.00
112,551,0.57
111,552,0.57
102,541,0.29
103,542,0.29
95,517,0.29
94,518,0.29
95,518,0.57
96,518,0.29
93,519,0.29
94,519,0.57
95,519,0.86
92,520,0.29
93,520,0.57
94,520,0.86
91,521,0.29
92,521,0.57
93,521,0.86
94,521,1.00
95,521,1.00
90,522,0.29
91,522,0.57
92,522,0.86
93,522,1.00
94,522,1.00
95,522,1.00
96,522,1.00
89,523,0.29
90,523,0.57
91,523,0.86
92,523,1.00
93,523,1.00
94,523,1.00
95,523,1.00
90,524,0.29
91,524,0.57
92,524,0.86
93,524,1.00
94,524,1.00
91,525,0.29
92,525,0.57
93,525,0.86
92,526,0.29
86,498,0.29
85,499,0.29
86,499,0.57
87,499,0.29
84,500,0.29
85,500,0.57
86,500,0.86
87,500,0.57
88,500,0.29
83,501,0.29
84,501,0.57
85,501,0.86
86,501,1.00
87,501,0.86
88,501,0.57
89,501,0.29
82,502,0.29
83,502,0.57
85,502,1.00
86,502,1.00
87,502,1.00
88,502,0.86
89,502,0.57
90,502,0.29
81,503,0.29
82,503,0.57
86,503,1.00
87,503,1.00
88,503,1.00
89,503,0.86
90,503,0.57
91,503,0.29
80,504,0.29
81,504,0.57
87,504,1.00
88,504,1.00
89,504,1.00
90,504,0.86
91,504,0.57
92,504,0.29
88,505,1.00
89,505,0.86
90,505,0.57
91,505,0.29
89,506,0.57
90,506,0.29
82,454,0.29
81,455,0.86
82,455,0.86
83,455,0.29
80,456,0.86
81,456,0.86
82,456,0.86
83,456,0.57
84,456,0.29
79,457,0.86
80,457,0.86
81,457,0.86
82,457,1.00
83,457,0.86
84,457,0.57
85,457,0.29
78,458,1.00
79,458,0.86
80,458,0.86
81,458,1.00
82,458,1.00
83,458,1.00
84,458,0.86
85,458,0.57
86,458,0.29
77,459,1.00
78,459,1.00
79,459,1.00
80,459,1.00
81,459,1.00
82,459,1.00
83,459,1.00
84,459,1.00
85,459,0.86
86,459,0.57
87,459,0.29
76,460,1.00
77,460,1.00
78,460,1.00
79,460,1.00
80,460,1.00
81,460,1.00
82,460,1.00
83,460,1.00
84,460,1.00
85,460,1.00
86,460,0.86
87,460,0.57
88,460,0.29
77,461,1.00
78,461,1.00
79,461,1.00
80,461,1.00
81,461,1.00
82,461,1.00
83,461,1.00
84,461,1.00
85,461,0.86
86,461,0.57
87,461,0.29
78,462,1.00
79,462,1.00
80,462,1.00
81,462,1.00
82,462,1.00
83,462,1.00
84,462,0.86
85,462,0.57
86,462,0.29
79,463,1.00
80,463,1.00
81,463,1.00
82,463,1.00
83,463,1.00
84,463,0.57
85,463,0.29
80,464,1.00
81,464,1.00
82,464,1.00
83,464,1.00
84,464,0.57
81,465,1.00
82,465,1.00
83,465,1.00
82,466,1.00
82,405,0.57
81,406,1.00
82,406,1.00
83,406,0.57
80,407,1.00
81,407,1.00
82,407,1.00
83,407,1.00
84,407,0.57
79,408,1.00
80,408,1.00
81,408,1.00
82,408,1.00
83,408,1.00
84,408,1.00
85,408,0.57
78,409,1.00
79,409,1.00
80,409,1.00
81,409,1.00
82,409,1.00
83,409,1.00
84,409,1.00
85,409,0.57
86,409,0.29
77,410,1.00
78,410,1.00
79,410,1.00
80,410,1.00
81,410,1.00
82,410,1.00
83,410,1.00
84,410,1.00
85,410,0.86
86,410,0.57
87,410,0.29
76,411,0.57
77,411,1.00
78,411,1.00
79,411,1.00
80,411,1.00
81,411,1.00
82,411,1.00
83,411,1.00
84,411,1.00
85,411,1.00
86,411,0.86
87,411,0.57
88,411,0.29
77,412,0.57
78,412,1.00
79,412,1.00
80,412,1.00
81,412,1.00
82,412,1.00
83,412,1.00
84,412,1.00
85,412,0.86
86,412,0.57
87,412,0.29
78,413,0.57
79,413,1.00
80,413,1.00
81,413,1.00
82,413,1.00
83,413,1.00
84,413,0.86
85,413,0.57
86,413,0.29
79,414,0.57
80,414,0.57
81,414,0.86
82,414,1.00
83,414,0.86
84,414,0.57
85,414,0.29
80,415,0.29
81,415,0.57
82,415,0.86
83,415,0.57
84,415,0.29
81,416,0.29
82,416,0.57
83,416,0.29
82,417,0.29
86,359,0.29
85,360,0.29
86,360,0.57
87,360,0.86
84,361,0.86
85,361,0.86
86,361,1.00
87,361,1.00
88,361,1.00
83,362,1.00
84,362,1.00
85,362,1.00
86,362,1.00
87,362,1.00
88,362,1.00
89,362,1.00
82,363,1.00
83,363,1.00
84,363,1.00
85,363,1.00
86,363,1.00
87,363,1.00
88,363,1.00
89,363,1.00
90,363,1.00
81,364,1.00
82,364,1.00
83,364,1.00
84,364,1.00
85,364,1.00
86,364,1.00
87,364,1.00
88,364,1.00
89,364,1.00
90,364,1.00
91,364,1.00
80,365,1.00
81,365,1.00
82,365,1.00
83,365,1.00
84,365,1.00
85,365,1.00
86,365,1.00
87,365,1.00
88,365,1.00
89,365,1.00
90,365,1.00
91,365,1.00
92,365,1.00
81,366,1.00
82,366,1.00
83,366,1.00
84,366,1.00
85,366,1.00
86,366,1.00
87,366,1.00
88,366,1.00
89,366,1.00
90,366,1.00
91,366,1.00
82,367,1.00
83,367,1.00
84,367,1.00
85,367,1.00
86,367,1.00
87,367,1.00
88,367,1.00
89,367,1.00
90,367,1.00
83,368,0.86
84,368,1.00
85,368,1.00
86,368,1.00
87,368,1.00
88,368,1.00
89,368,1.00
84,369,0.86
85,369,1.00
86,369,1.00
87,369,1.00
88,369,1.00
85,370,1.00
86,370,1.00
87,370,1.00
86,371,1.00
89,346,0.57
88,347,0.29
89,347,0.57
90,347,0.57
87,348,0.29
88,348,0.57
89,348,0.86
90,348,0.57
91,348,0.57
86,349,0.29
87,349,0.57
88,349,0.86
89,349,1.00
90,349,1.00
91,349,0.57
92,349,0.57
85,350,0.29
86,350,0.57
87,350,0.86
88,350,1.00
89,350,1.00
90,350,1.00
91,350,1.00
92,350,0.57
93,350,0.57
84,351,0.29
85,351,0.57
86,351,0.86
87,351,1.00
88,351,1.00
89,351,1.00
90,351,1.00
91,351,1.00
92,351,1.00
93,351,0.57
94,351,0.29
83,352,0.29
84,352,0.57
85,352,0.86
86,352,1.00
87,352,1.00
88,352,1.00
89,352,1.00
90,352,1.00
91,352,1.00
92,352,1.00
93,352,1.00
94,352,0.57
95,352,0.29
84,353,0.29
85,353,0.57
86,353,1.00
87,353,1.00
88,353,1.00
89,353,1.00
90,353,1.00
91,353,1.00
92,353,1.00
93,353,1.00
94,353,0.57
85,354,0.57
86,354,1.00
87,354,1.00
88,354,1.00
89,354,1.00
90,354,1.00
91,354,1.00
92,354,1.00
93,354,1.00
86,355,1.00
87,355,1.00
88,355,1.00
89,355,1.00
90,355,1.00
91,355,1.00
92,355,1.00
87,356,1.00
88,356,1.00
89,356,1.00
90,356,1.00
91,356,1.00
88,357,1.00
89,357,1.00
90,357,1.00
89,358,1.00
93,338,1.00
92,339,0.86
93,339,1.00
94,339,1.00
91,340,0.29
92,340,0.86
93,340,1.00
94,340,1.00
95,340,1.00
90,341,0.29
91,341,0.57
92,341,0.86
93,341,1.00
94,341,1.00
95,341,1.00
96,341,1.00
89,342,0.29
90,342,0.57
91,342,0.86
92,342,1.00
93,342,1.00
94,342,1.00
95,342,1.00
96,342,1.00
97,342,0.86
88,343,0.29
89,343,0.57
90,343,0.86
91,343,1.00
92,343,1.00
93,343,1.00
94,343,1.00
95,343,1.00
96,343,1.00
97,343,0.86
98,343,0.29
87,344,0.29
88,344,0.57
89,344,0.86
90,344,1.00
91,344,1.00
92,344,1.00
93,344,1.00
94,344,1.00
95,344,1.00
96,344,1.00
97,344,0.86
98,344,0.57
99,344,0.29
88,345,0.29
89,345,0.57
90,345,0.86
91,345,1.00
92,345,1.00
93,345,1.00
94,345,1.00
95,345,1.00
96,345,0.86
97,345,0.57
98,345,0.29
90,346,0.57
91,346,0.86
92,346,1.00
93,346,1.00
94,346,1.00
95,346,0.86
96,346,0.57
97,346,0.29
91,347,0.57
92,347,0.86
93,347,1.00
94,347,0.86
95,347,0.57
96,347,0.29
92,348,0.57
93,348,0.86
94,348,0.57
95,348,0.29
93,349,0.57
94,349,0.29
96,332,1.00
95,333,1.00
96,333,1.00
97,333,1.00
94,334,1.00
95,334,1.00
96,334,1.00
97,334,1.00
98,334,1.00
93,335,1.00
94,335,1.00
95,335,1.00
96,335,1.00
97,335,1.00
98,335,1.00
99,335,1.00
92,336,0.57
93,336,1.00
94,336,1.00
95,336,1.00
96,336,1.00
97,336,1.00
98,336,1.00
99,336,1.00
100,336,1.00
91,337,0.29
92,337,0.57
93,337,1.00
94,337,1.00
95,337,1.00
96,337,1.00
97,337,1.00
98,337,1.00
99,337,1.00
100,337,1.00
101,337,1.00
90,338,0.29
91,338,0.57
92,338,0.86
94,338,1.00
95,338,1.00
96,338,1.00
97,338,1.00
98,338,1.00
99,338,1.00
100,338,1.00
101,338,1.00
102,338,1.00
91,339,0.29
95,339,1.00
96,339,1.00
97,339,1.00
98,339,1.00
99,339,1.00
100,339,1.00
101,339,1.00
96,340,1.00
97,340,1.00
98,340,1.00
99,340,1.00
100,340,1.00
97,341,1.00
98,341,1.00
99,341,1.00
98,342,0.86
97,329,1.00
96,330,1.00
97,330,1.00
98,330,1.00
95,331,0.29
96,331,1.00
97,331,1.00
98,331,1.00
99,331,1.00
94,332,0.29
95,332,0.86
97,332,1.00
98,332,1.00
99,332,1.00
100,332,1.00
93,333,0.29
94,333,0.86
98,333,1.00
99,333,1.00
100,333,1.00
101,333,1.00
92,334,0.29
93,334,0.57
99,334,1.00
100,334,1.00
101,334,1.00
102,334,1.00
91,335,0.29
92,335,0.57
100,335,1.00
101,335,1.00
102,335,1.00
103,335,1.00
101,336,1.00
102,336,1.00
100,327,1.00
99,328,1.00
100,328,1.00
101,328,1.00
98,329,1.00
99,329,1.00
100,329,1.00
101,329,1.00
102,329,1.00
99,330,1.00
100,330,1.00
101,330,1.00
102,330,1.00
103,330,1.00
100,331,1.00
101,331,1.00
102,331,1.00
103,331,1.00
104,331,1.00
101,332,1.00
102,332,1.00
103,332,1.00
104,332,1.00
105,332,0.86
102,333,1.00
103,333,1.00
104,333,1.00
105,333,0.57
106,333,0.29
103,334,1.00
104,334,0.57
105,334,0.29
104,335,0.29
103,336,1.00
102,337,1.00
101,324,0.57
100,325,0.57
101,325,1.00
102,325,0.57
99,326,0.57
100,326,1.00
101,326,1.00
102,326,1.00
103,326,0.57
98,327,0.57
99,327,1.00
101,327,1.00
102,327,1.00
103,327,1.00
104,327,0.57
97,328,0.57
98,328,1.00
102,328,1.00
103,328,1.00
104,328,1.00
105,328,0.57
96,329,0.57
103,329,1.00
104,329,1.00
105,329,1.00
106,329,0.57
95,330,0.57
104,330,1.00
105,330,1.00
106,330,1.00
107,330,0.57
105,331,1.00
106,331,0.57
104,336,0.57
103,337,1.00
104,337,1.00
105,337,0.57
103,338,1.00
104,338,1.00
102,339,1.00
103,339,1.00
101,340,1.00
102,340,1.00
100,341,1.00
101,341,1.00
99,342,1.00
100,342,1.00
99,343,0.57
94,354,0.57
95,354,0.29
84,355,0.29
85,355,0.57
93,355,1.00
94,355,0.86
95,355,0.57
96,355,0.29
85,356,0.29
86,356,0.57
92,356,1.00
93,356,0.86
94,356,0.57
95,356,0.29
86,357,0.29
87,357,0.57
91,357,1.00
92,357,0.86
93,357,0.57
94,357,0.29
87,358,0.29
88,358,0.57
90,358,1.00
91,358,0.86
92,358,0.57
93,358,0.29
88,359,0.86
89,359,1.00
90,359,1.00
91,359,0.57
92,359,0.29
89,360,1.00
90,360,1.00
91,360,0.86
90,361,1.00
70,387,0.29
69,388,0.29
70,388,0.57
71,388,0.29
68,389,0.29
69,389,0.57
70,389,0.86
71,389,0.57
72,389,0.29
67,390,0.29
68,390,0.57
69,390,0.86
70,390,1.00
71,390,0.86
72,390,0.57
73,390,0.29
66,391,0.29
67,391,0.57
68,391,0.86
69,391,1.00
70,391,1.00
71,391,1.00
72,391,0.86
73,391,0.57
74,391,0.29
65,392,0.29
66,392,0.57
67,392,0.86
68,392,1.00
69,392,1.00
70,392,1.00
71,392,1.00
72,392,1.00
73,392,0.86
74,392,0.57
75,392,0.29
64,393,0.29
65,393,0.57
66,393,0.86
67,393,1.00
68,393,1.00
69,393,1.00
70,393,1.00
71,393,1.00
72,393,1.00
73,393,1.00
74,393,0.86
75,393,0.57
76,393,0.29
65,394,0.29
66,394,0.57
67,394,0.86
68,394,1.00
69,394,1.00
70,394,1.00
71,394,1.00
72,394,1.00
73,394,0.86
74,394,0.57
75,394,0.29
66,395,0.29
67,395,0.57
68,395,0.86
69,395,1.00
70,395,1.00
71,395,1.00
72,395,0.86
73,395,0.57
74,395,0.29
67,396,0.29
68,396,0.57
69,396,0.86
70,396,1.00
71,396,0.86
72,396,0.57
73,396,0.29
68,397,0.29
69,397,0.57
70,397,0.86
71,397,0.57
72,397,0.29
69,398,0.29
70,398,0.57
71,398,0.29
70,399,0.29
61,409,0.29
60,410,0.29
61,410,0.57
62,410,0.29
59,411,0.29
60,411,0.57
61,411,0.86
62,411,0.57
63,411,0.29
58,412,0.29
59,412,0.57
60,412,0.86
61,412,1.00
62,412,0.86
63,412,0.57
64,412,0.29
57,413,0.29
58,413,0.57
59,413,0.86
60,413,1.00
61,413,1.00
62,413,1.00
63,413,0.86
64,413,0.57
65,413,0.29
56,414,0.29
57,414,0.57
58,414,0.86
59,414,1.00
60,414,1.00
61,414,1.00
62,414,1.00
63,414,1.00
64,414,0.86
65,414,0.57
66,414,0.29
55,415,0.29
56,415,0.57
57,415,0.86
58,415,1.00
59,415,1.00
60,415,1.00
61,415,1.00
62,415,1.00
63,415,1.00
64,415,1.00
65,415,0.86
66,415,0.57
67,415,0.29
56,416,0.29
57,416,0.57
58,416,0.86
59,416,1.00
60,416,1.00
61,416,1.00
62,416,1.00
63,416,1.00
64,416,0.86
65,416,0.57
66,416,0.29
57,417,0.29
58,417,0.57
59,417,0.86
60,417,1.00
61,417,1.00
62,417,1.00
63,417,0.86
64,417,0.57
65,417,0.29
58,418,0.29
59,418,0.57
60,418,0.86
61,418,1.00
62,418,0.86
63,418,0.57
64,418,0.29
59,419,0.29
60,419,0.57
61,419,0.86
62,419,0.57
63,419,0.29
60,420,0.29
61,420,0.57
62,420,0.29
61,421,0.29
55,435,0.29
54,436,0.29
55,436,0.57
56,436,0.29
53,437,0.29
54,437,0.57
55,437,0.86
56,437,0.57
57,437,0.29
52,438,0.29
53,438,0.57
54,438,0.86
55,438,1.00
56,438,0.86
57,438,0.57
58,438,0.29
51,439,0.29
52,439,0.57
53,439,0.86
54,439,1.00
55,439,1.00
56,439,1.00
57,439,0.86
58,439,0.57
59,439,0.29
50,440,0.29
51,440,0.57
52,440,0.86
53,440,1.00
54,440,1.00
55,440,1.00
56,440,1.00
57,440,1.00
58,440,0.86
59,440,0.57
60,440,0.29
49,441,0.29
50,441,0.57
51,441,0.86
52,441,1.00
53,441,1.00
54,441,1.00
55,441,1.00
56,441,1.00
57,441,1.00
58,441,1.00
59,441,0.86
60,441,0.57
61,441,0.29
50,442,0.29
51,442,0.57
52,442,0.86
53,442,1.00
54,442,1.00
55,442,1.00
56,442,1.00
57,442,1.00
58,442,0.86
59,442,0.57
60,442,0.29
51,443,0.29
52,443,0.57
53,443,0.86
54,443,1.00
55,443,1.00
56,443,1.00
57,443,0.86
58,443,0.57
59,443,0.29
52,444,0.29
53,444,0.57
54,444,0.86
55,444,1.00
56,444,0.86
57,444,0.57
58,444,0.29
53,445,0.29
54,445,0.57
55,445,0.86
56,445,0.57
57,445,0.29
54,446,0.29
55,446,0.57
56,446,0.29
55,447,0.29
54,459,0.29
53,460,0.29
54,460,0.57
55,460,0.29
52,461,0.29
53,461,0.57
54,461,0.86
55,461,0.57
56,461,0.29
51,462,0.29
52,462,0.57
53,462,0.86
54,462,1.00
55,462,0.86
56,462,0.57
57,462,0.29
50,463,0.29
51,463,0.57
52,463,0.86
53,463,1.00
54,463,1.00
55,463,1.00
56,463,0.86
57,463,0.57
58,463,0.29
49,464,0.29
50,464,0.57
51,464,0.86
52,464,1.00
53,464,1.00
54,464,1.00
55,464,1.00
56,464,1.00
57,464,0.86
58,464,0.57
59,464,0.29
48,465,0.29
49,465,0.57
50,465,0.86
51,465,1.00
52,465,1.00
53,465,1.00
54,465,1.00
55,465,1.00
56,465,1.00
57,465,1.00
58,465,0.86
59,465,0.57
60,465,0.29
49,466,0.29
50,466,0.57
51,466,0.86
52,466,1.00
53,466,1.00
54,466,1.00
55,466,1.00
56,466,1.00
57,466,0.86
58,466,0.57
59,466,0.29
50,467,0.29
51,467,0.57
52,467,0.86
53,467,1.00
54,467,1.00
55,467,1.00
56,467,0.86
57,467,0.57
58,467,0.29
51,468,0.29
52,468,0.57
53,468,0.86
54,468,1.00
55,468,0.86
56,468,0.57
57,468,0.29
52,469,0.29
53,469,0.57
54,469,0.86
55,469,0.57
56,469,0.29
53,470,0.29
54,470,0.57
55,470,0.29
54,471,0.29
55,471,0.29
54,472,0.29
55,472,0.57
56,472,0.29
53,473,0.29
54,473,0.57
55,473,0.86
56,473,0.57
57,473,0.29
52,474,0.29
53,474,0.57
54,474,0.86
55,474,1.00
56,474,0.86
57,474,0.57
58,474,0.29
51,475,0.29
52,475,0.57
53,475,0.86
54,475,1.00
55,475,1.00
56,475,1.00
57,475,0.86
58,475,0.57
59,475,0.29
50,476,0.29
51,476,0.57
52,476,0.86
53,476,1.00
54,476,1.00
55,476,1.00
56,476,1.00
57,476,1.00
58,476,0.86
59,476,0.57
60,476,0.29
49,477,0.29
50,477,0.57
51,477,0.86
52,477,1.00
53,477,1.00
54,477,1.00
55,477,1.00
56,477,1.00
57,477,1.00
58,477,1.00
59,477,0.86
60,477,0.57
61,477,0.29
50,478,0.29
51,478,0.57
52,478,0.86
53,478,1.00
54,478,1.00
55,478,1.00
56,478,1.00
57,478,1.00
58,478,0.86
59,478,0.57
60,478,0.29
51,479,0.29
52,479,0.57
53,479,0.86
54,479,1.00
55,479,1.00
56,479,1.00
57,479,0.86
58,479,0.57
59,479,0.29
52,480,0.29
53,480,0.57
54,480,0.86
55,480,1.00
56,480,0.86
57,480,0.57
58,480,0.29
53,481,0.29
54,481,0.57
55,481,0.86
56,481,0.57
57,481,0.29
54,482,0.29
55,482,0.57
56,482,0.29
55,483,0.29
60,485,0.29
59,486,0.29
60,486,0.57
61,486,0.29
58,487,0.29
59,487,0.57
60,487,0.86
61,487,0.57
62,487,0.29
57,488,0.29
58,488,0.57
59,488,0.86
60,488,1.00
61,488,0.86
62,488,0.57
63,488,0.29
56,489,0.29
57,489,0.57
58,489,0.86
59,489,1.00
60,489,1.00
61,489,1.00
62,489,0.86
63,489,0.57
64,489,0.29
55,490,0.29
56,490,0.57
57,490,0.86
58,490,1.00
59,490,1.00
60,490,1.00
61,490,1.00
62,490,1.00
63,490,0.86
64,490,0.57
65,490,0.29
54,491,0.29
55,491,0.57
56,491,0.86
57,491,1.00
58,491,1.00
59,491,1.00
60,491,1.00
61,491,1.00
62,491,1.00
63,491,1.00
64,491,0.86
65,491,0.57
66,491,0.29
55,492,0.29
56,492,0.57
57,492,0.86
58,492,1.00
59,492,1.00
60,492,1.00
61,492,1.00
62,492,1.00
63,492,0.86
64,492,0.57
65,492,0.29
56,493,0.29
57,493,0.57
58,493,0.86
59,493,1.00
60,493,1.00
61,493,1.00
62,493,0.86
63,493,0.57
64,493,0.29
57,494,0.29
58,494,0.57
59,494,0.86
60,494,1.00
61,494,0.86
62,494,0.57
63,494,0.29
58,495,0.29
59,495,0.57
60,495,0.86
61,495,0.57
62,495,0.29
59,496,0.29
60,496,0.57
61,496,0.29
60,497,0.29
64,494,0.29
63,495,0.29
64,495,0.57
65,495,0.57
62,496,0.29
63,496,0.57
64,496,1.00
65,496,1.00
66,496,1.00
61,497,0.29
62,497,0.57
63,497,1.00
64,497,1.00
65,497,1.00
66,497,1.00
67,497,1.00
60,498,0.29
61,498,0.57
62,498,1.00
63,498,1.00
64,498,1.00
65,498,1.00
66,498,1.00
67,498,1.00
68,498,1.00
59,499,0.29
60,499,0.57
61,499,1.00
62,499,1.00
63,499,1.00
64,499,1.00
65,499,1.00
66,499,1.00
67,499,1.00
68,499,1.00
69,499,1.00
58,500,0.29
59,500,0.57
60,500,0.86
61,500,1.00
62,500,1.00
63,500,1.00
64,500,1.00
65,500,1.00
66,500,1.00
67,500,1.00
68,500,1.00
69,500,1.00
70,500,1.00
59,501,0.29
60,501,0.57
61,501,0.86
62,501,1.00
63,501,1.00
64,501,1.00
65,501,1.00
66,501,1.00
67,501,1.00
68,501,1.00
69,501,1.00
60,502,0.29
61,502,0.86
62,502,1.00
63,502,1.00
64,502,1.00
65,502,1.00
66,502,1.00
67,502,1.00
68,502,1.00
61,503,0.57
62,503,1.00
63,503,1.00
64,503,1.00
65,503,1.00
66,503,1.00
67,503,1.00
62,504,0.57
63,504,1.00
64,504,1.00
65,504,1.00
66,504,1.00
63,505,0.57
64,505,1.00
65,505,1.00
64,506,0.57
70,501,1.00
71,501,1.00
69,502,1.00
70,502,1.00
71,502,1.00
72,502,0.86
68,503,1.00
69,503,1.00
70,503,1.00
71,503,1.00
72,503,0.86
73,503,0.29
67,504,1.00
68,504,1.00
69,504,1.00
70,504,1.00
71,504,0.86
72,504,0.29
66,505,1.00
67,505,1.00
68,505,1.00
69,505,1.00
70,505,0.86
71,505,0.29
65,506,0.86
66,506,1.00
67,506,1.00
68,506,1.00
69,506,0.86
70,506,0.29
65,507,0.29
66,507,0.86
67,507,1.00
68,507,0.86
69,507,0.29
66,508,0.29
67,508,0.86
68,508,0.29
67,509,0.29
67,496,1.00
68,497,1.00
69,498,1.00
70,499,1.00
71,500,0.86
72,501,0.29
73,502,0.29
67,493,0.29
66,494,0.29
67,494,0.57
68,494,0.29
66,495,0.57
67,495,0.86
68,495,0.57
69,495,0.29
68,496,0.86
69,496,0.57
70,496,0.29
69,497,0.86
70,497,0.57
71,497,0.29
70,498,0.86
71,498,0.57
72,498,0.29
71,499,0.86
72,499,0.57
73,499,0.29
72,500,0.29
68,468,0.29
69,468,0.57
67,469,0.29
68,469,0.57
69,469,0.86
70,469,0.57
66,470,0.29
67,470,0.57
68,470,0.86
69,470,1.00
70,470,0.86
71,470,0.57
65,471,0.29
66,471,0.57
67,471,0.86
68,471,1.00
69,471,1.00
70,471,1.00
71,471,0.86
72,471,0.57
64,472,0.29
65,472,0.57
66,472,0.86
67,472,1.00
68,472,1.00
69,472,1.00
70,472,1.00
71,472,1.00
63,473,0.29
64,473,0.57
65,473,0.86
66,473,1.00
67,473,1.00
68,473,1.00
69,473,1.00
70,473,1.00
64,474,0.29
65,474,0.57
66,474,0.86
67,474,1.00
68,474,1.00
69,474,1.00
70,474,1.00
65,475,0.29
66,475,0.57
67,475,0.86
68,475,1.00
69,475,1.00
66,476,0.29
67,476,0.57
68,476,0.86
67,477,0.29
68,478,0.29
69,479,0.29
77,422,0.29
76,423,0.29
77,423,0.57
78,423,0.29
75,424,0.29
76,424,0.57
77,424,0.86
78,424,0.57
79,424,0.29
74,425,0.29
75,425,0.57
76,425,0.86
77,425,1.00
78,425,0.86
79,425,0.57
80,425,0.29
73,426,0.29
74,426,0.57
75,426,0.86
76,426,1.00
77,426,1.00
78,426,1.00
79,426,0.86
80,426,0.57
81,426,0.29
72,427,0.29
73,427,0.57
74,427,0.86
75,427,1.00
76,427,1.00
77,427,1.00
78,427,1.00
79,427,1.00
80,427,0.86
81,427,0.57
82,427,0.29
71,428,0.29
72,428,0.57
73,428,0.86
74,428,1.00
75,428,1.00
76,428,1.00
77,428,1.00
78,428,1.00
79,428,1.00
80,428,1.00
81,428,0.86
82,428,0.57
83,428,0.29
72,429,0.29
73,429,0.57
74,429,0.86
75,429,1.00
76,429,1.00
77,429,1.00
78,429,1.00
79,429,1.00
80,429,0.86
81,429,0.57
82,429,0.29
73,430,0.29
74,430,0.57
75,430,1.00
76,430,1.00
77,430,1.00
78,430,1.00
79,430,0.86
80,430,0.57
81,430,0.29
74,431,0.57
75,431,1.00
76,431,1.00
77,431,1.00
78,431,0.86
79,431,0.57
80,431,0.29
75,432,1.00
76,432,1.00
77,432,1.00
78,432,0.57
79,432,0.29
76,433,1.00
77,433,1.00
78,433,0.57
77,434,1.00
83,390,0.29
82,391,0.29
83,391,0.57
84,391,0.29
81,392,0.29
82,392,0.57
83,392,0.86
84,392,0.57
85,392,0.29
80,393,0.29
81,393,0.57
82,393,0.86
83,393,1.00
84,393,0.86
85,393,0.57
86,393,0.29
79,394,0.29
80,394,0.57
81,394,0.86
82,394,1.00
83,394,1.00
84,394,1.00
85,394,0.86
86,394,0.57
87,394,0.29
78,395,0.29
79,395,0.57
80,395,0.86
81,395,1.00
82,395,1.00
83,395,1.00
84,395,1.00
85,395,1.00
86,395,0.86
87,395,0.57
88,395,0.29
77,396,0.29
78,396,0.57
79,396,0.86
80,396,1.00
81,396,1.00
82,396,1.00
83,396,1.00
84,396,1.00
85,396,1.00
86,396,1.00
87,396,0.86
88,396,0.57
89,396,0.29
78,397,0.29
79,397,0.57
80,397,0.86
81,397,1.00
82,397,1.00
83,397,1.00
84,397,1.00
85,397,1.00
86,397,0.86
87,397,0.57
88,397,0.29
79,398,0.29
80,398,0.57
81,398,0.86
82,398,1.00
83,398,1.00
84,398,1.00
85,398,0.86
86,398,0.57
87,398,0.29
80,399,0.29
81,399,0.57
82,399,0.86
83,399,1.00
84,399,0.86
85,399,0.57
86,399,0.29
81,400,0.29
82,400,0.57
83,400,0.86
84,400,0.57
85,400,0.29
82,401,0.29
83,401,0.57
84,401,0.29
83,402,0.29
91,367,1.00
90,368,1.00
91,368,1.00
92,368,0.29
83,369,0.57
89,369,1.00
90,369,1.00
91,369,0.86
92,369,0.57
93,369,0.29
82,370,0.57
83,370,0.57
84,370,0.86
88,370,1.00
89,370,1.00
90,370,1.00
91,370,1.00
92,370,0.86
93,370,0.57
94,370,0.29
83,371,0.29
84,371,0.57
85,371,0.86
87,371,1.00
88,371,1.00
89,371,1.00
90,371,1.00
91,371,0.86
92,371,0.57
93,371,0.29
84,372,0.29
85,372,0.57
86,372,1.00
87,372,1.00
88,372,1.00
89,372,1.00
90,372,0.86
91,372,0.57
92,372,0.29
85,373,0.57
86,373,1.00
87,373,1.00
88,373,1.00
89,373,1.00
90,373,0.57
91,373,0.29
86,374,1.00
87,374,1.00
88,374,1.00
89,374,1.00
90,374,0.57
87,375,1.00
88,375,1.00
89,375,1.00
88,376,1.00
88,360,1.00
89,361,1.00
91,361,1.00
92,361,0.57
90,362,1.00
91,362,1.00
92,362,1.00
93,362,0.57
91,363,1.00
92,363,1.00
93,363,1.00
94,363,0.57
92,364,1.00
93,364,1.00
94,364,1.00
95,364,0.57
93,365,1.00
94,365,0.57
92,366,1.00
93,366,0.57
92,367,0.57
84,374,0.29
85,374,0.57
83,375,0.29
84,375,0.57
85,375,0.86
86,375,1.00
90,375,0.57
91,375,0.29
82,376,0.29
83,376,0.57
84,376,0.86
85,376,1.00
86,376,1.00
87,376,1.00
89,376,1.00
90,376,0.86
91,376,0.57
92,376,0.29
81,377,0.29
82,377,0.57
83,377,0.86
84,377,1.00
85,377,1.00
86,377,1.00
87,377,1.00
88,377,1.00
89,377,1.00
90,377,1.00
91,377,0.86
92,377,0.57
93,377,0.29
82,378,0.29
83,378,0.57
84,378,0.86
85,378,1.00
86,378,1.00
87,378,1.00
88,378,1.00
89,378,1.00
90,378,0.86
91,378,0.57
92,378,0.29
83,379,0.29
84,379,0.57
85,379,0.86
86,379,1.00
87,379,1.00
88,379,1.00
89,379,0.86
90,379,0.57
91,379,0.29
84,380,0.29
85,380,0.57
86,380,0.86
87,380,1.00
88,380,0.86
89,380,0.57
90,380,0.29
85,381,0.29
86,381,0.57
87,381,0.86
88,381,0.57
89,381,0.29
86,382,0.29
87,382,0.57
88,382,0.29
87,383,0.29
79,402,0.29
78,403,0.29
79,403,0.57
80,403,0.29
77,404,0.29
78,404,0.57
79,404,0.86
80,404,0.57
81,404,0.29
76,405,0.29
77,405,0.57
78,405,0.86
79,405,1.00
80,405,0.86
81,405,0.57
75,406,0.29
76,406,0.57
77,406,0.86
78,406,1.00
79,406,1.00
80,406,1.00
74,407,0.29
75,407,0.57
76,407,0.86
77,407,1.00
78,407,1.00
79,407,1.00
73,408,0.29
74,408,0.57
75,408,0.86
76,408,1.00
77,408,1.00
78,408,1.00
74,409,0.29
75,409,0.57
76,409,0.86
77,409,1.00
75,410,0.29
76,410,0.57
73,432,0.29
74,432,0.57
72,433,0.29
73,433,0.57
74,433,0.86
75,433,1.00
71,434,0.29
72,434,0.57
73,434,0.86
74,434,1.00
75,434,1.00
76,434,1.00
78,434,0.57
79,434,0.29
70,435,0.29
71,435,0.57
72,435,0.86
73,435,1.00
74,435,1.00
75,435,1.00
76,435,1.00
77,435,1.00
78,435,0.86
79,435,0.86
80,435,0.86
69,436,0.29
70,436,0.57
71,436,0.86
72,436,1.00
73,436,1.00
74,436,1.00
75,436,1.00
76,436,1.00
77,436,1.00
78,436,1.00
79,436,1.00
80,436,1.00
81,436,1.00
70,437,0.29
71,437,0.57
72,437,0.86
73,437,1.00
74,437,1.00
75,437,1.00
76,437,1.00
77,437,1.00
78,437,1.00
79,437,1.00
80,437,1.00
71,438,0.29
72,438,0.57
73,438,0.86
74,438,1.00
75,438,1.00
76,438,1.00
77,438,1.00
78,438,1.00
79,438,1.00
72,439,0.29
73,439,0.57
74,439,0.86
75,439,1.00
76,439,1.00
77,439,1.00
78,439,1.00
73,440,0.29
74,440,0.57
75,440,0.86
76,440,0.86
77,440,0.86
74,441,0.29
75,441,0.57
76,441,0.29
75,442,0.29
77,451,0.57
78,451,0.29
76,452,1.00
77,452,0.86
78,452,0.57
79,452,0.29
76,453,1.00
77,453,1.00
78,453,0.86
79,453,0.57
80,453,0.29
77,454,1.00
78,454,1.00
79,454,0.86
80,454,0.57
81,454,0.29
78,455,1.00
79,455,1.00
80,455,0.86
79,456,0.86
78,457,0.86
77,458,0.86
76,459,0.86
75,460,0.29
76,461,0.86
77,462,1.00
78,463,1.00
79,464,1.00
78,465,1.00
79,465,1.00
80,465,1.00
77,466,1.00
78,466,1.00
79,466,1.00
80,466,1.00
81,466,1.00
76,467,1.00
78,467,1.00
79,467,1.00
80,467,1.00
81,467,1.00
79,468,1.00
80,468,1.00
83,466,1.00
84,466,0.86
82,467,1.00
83,467,1.00
84,467,1.00
85,467,0.86
75,468,0.86
81,468,1.00
82,468,1.00
83,468,1.00
84,468,1.00
85,468,1.00
86,468,0.86
80,469,1.00
81,469,1.00
82,469,1.00
83,469,1.00
84,469,1.00
85,469,0.86
81,470,1.00
82,470,1.00
83,470,1.00
84,470,0.86
82,471,1.00
83,471,0.86
84,465,0.29
85,466,0.29
86,467,0.29
87,468,0.29
86,469,0.29
85,470,0.29
84,471,0.29
83,472,0.29
81,433,0.29
80,434,0.29
81,434,0.57
82,434,0.29
81,435,0.86
82,435,0.57
83,435,0.29
82,436,0.86
83,436,0.57
84,436,0.29
81,437,1.00
82,437,1.00
83,437,0.86
84,437,0.57
85,437,0.29
80,438,1.00
81,438,1.00
82,438,1.00
83,438,1.00
84,438,0.86
85,438,0.57
86,438,0.29
79,439,1.00
80,439,1.00
81,439,1.00
82,439,1.00
83,439,1.00
84,439,1.00
85,439,0.86
86,439,0.57
87,439,0.29
78,440,0.86
79,440,1.00
80,440,1.00
81,440,1.00
82,440,1.00
83,440,1.00
84,440,0.86
85,440,0.57
86,440,0.29
77,441,0.29
78,441,0.57
79,441,0.86
80,441,1.00
81,441,1.00
82,441,1.00
83,441,0.86
84,441,0.57
85,441,0.29
78,442,0.29
79,442,0.57
80,442,0.86
81,442,1.00
82,442,0.86
83,442,0.57
84,442,0.29
79,443,0.29
80,443,0.57
81,443,0.86
82,443,0.57
83,443,0.29
80,444,0.29
81,444,0.57
82,444,0.29
81,445,0.29
82,358,0.29
81,359,0.29
82,359,0.57
83,359,0.29
80,360,0.29
81,360,0.57
82,360,0.86
83,360,0.57
84,360,0.29
79,361,0.29
80,361,0.57
81,361,0.86
82,361,1.00
83,361,0.86
78,362,0.29
79,362,0.57
80,362,0.86
81,362,1.00
82,362,1.00
77,363,0.29
78,363,0.57
79,363,0.86
80,363,1.00
81,363,1.00
76,364,0.29
77,364,0.57
78,364,0.86
79,364,1.00
80,364,1.00
77,365,0.29
78,365,0.57
79,365,0.86
78,366,0.29
79,366,0.57
80,366,0.86
79,367,0.29
80,367,0.57
81,367,0.86
80,368,0.29
81,368,0.57
82,368,0.86
81,369,0.29
82,369,0.57
89,323,0.29
88,324,0.29
89,324,0.57
90,324,0.29
87,325,0.29
88,325,0.57
89,325,0.86
90,325,0.57
91,325,0.29
86,326,0.29
87,326,0.57
88,326,0.86
89,326,1.00
90,326,0.86
91,326,0.57
92,326,0.29
85,327,0.29
86,327,0.57
87,327,0.86
88,327,1.00
89,327,1.00
90,327,1.00
91,327,0.86
92,327,0.57
93,327,0.29
84,328,0.29
85,328,0.57
86,328,0.86
87,328,1.00
88,328,1.00
89,328,1.00
90,328,1.00
91,328,1.00
92,328,0.86
93,328,0.57
94,328,0.29
83,329,0.29
84,329,0.57
85,329,0.86
86,329,1.00
87,329,1.00
88,329,1.00
89,329,1.00
90,329,1.00
91,329,1.00
92,329,1.00
93,329,0.86
94,329,0.57
95,329,0.29
84,330,0.29
85,330,0.57
86,330,0.86
87,330,1.00
88,330,1.00
89,330,1.00
90,330,1.00
91,330,1.00
92,330,0.86
93,330,0.57
94,330,0.29
85,331,0.29
86,331,0.57
87,331,0.86
88,331,1.00
89,331,1.00
90,331,1.00
91,331,0.86
92,331,0.57
93,331,0.29
86,332,0.29
87,332,0.57
88,332,0.86
89,332,1.00
90,332,0.86
91,332,0.57
92,332,0.29
87,333,0.29
88,333,0.57
89,333,0.86
90,333,0.57
91,333,0.29
88,334,0.29
89,334,0.57
90,334,0.29
89,335,0.29
99,303,0.86
98,304,0.86
99,304,1.00
100,304,1.00
97,305,0.86
98,305,1.00
99,305,1.00
100,305,1.00
101,305,1.00
96,306,0.29
97,306,0.86
98,306,1.00
99,306,1.00
100,306,1.00
101,306,1.00
102,306,1.00
95,307,0.29
96,307,0.57
97,307,0.86
98,307,1.00
99,307,1.00
100,307,1.00
101,307,1.00
102,307,1.00
103,307,1.00
94,308,0.29
95,308,0.57
96,308,0.86
97,308,1.00
98,308,1.00
99,308,1.00
100,308,1.00
101,308,1.00
102,308,1.00
103,308,1.00
104,308,1.00
93,309,0.29
94,309,0.57
95,309,0.86
96,309,1.00
97,309,1.00
98,309,1.00
99,309,1.00
100,309,1.00
101,309,1.00
102,309,1.00
103,309,1.00
104,309,1.00
105,309,1.00
94,310,0.29
95,310,0.57
96,310,1.00
97,310,1.00
98,310,1.00
99,310,1.00
100,310,1.00
101,310,1.00
102,310,1.00
103,310,1.00
104,310,1.00
95,311,0.29
96,311,0.57
97,311,1.00
98,311,1.00
99,311,1.00
100,311,1.00
101,311,1.00
102,311,1.00
103,311,1.00
96,312,0.29
97,312,0.57
98,312,1.00
99,312,1.00
100,312,1.00
101,312,1.00
102,312,1.00
97,313,0.29
98,313,0.57
99,313,1.00
100,313,1.00
101,313,1.00
98,314,0.29
99,314,0.57
100,314,0.57
99,315,0.29
102,299,0.29
101,300,0.29
102,300,0.57
103,300,0.29
100,301,0.29
101,301,0.57
102,301,0.86
103,301,0.57
104,301,0.29
99,302,0.29
100,302,0.57
101,302,0.86
102,302,1.00
103,302,0.86
104,302,0.57
105,302,0.29
98,303,0.29
100,303,0.86
101,303,1.00
102,303,1.00
103,303,1.00
104,303,0.86
105,303,0.57
106,303,0.29
97,304,0.29
101,304,1.00
102,304,1.00
103,304,1.00
104,304,1.00
105,304,0.86
106,304,0.57
107,304,0.29
96,305,0.29
102,305,1.00
103,305,1.00
104,305,1.00
105,305,1.00
106,305,0.86
107,305,0.57
108,305,0.29
103,306,1.00
104,306,1.00
105,306,0.86
106,306,0.57
107,306,0.29
104,307,1.00
105,307,0.86
106,307,0.29
105,308,0.86
106,308,0.29
106,309,0.57
107,309,0.29
105,310,1.00
106,310,0.86
107,310,0.57
108,310,0.29
104,311,1.00
105,311,0.86
106,311,0.57
107,311,0.29
103,312,1.00
104,312,0.86
105,312,0.57
106,312,0.29
102,313,1.00
103,313,0.86
104,313,0.57
105,313,0.29
101,314,0.57
102,314,0.86
103,314,0.57
104,314,0.29
101,315,0.29
102,315,0.57
103,315,0.29
102,316,0.29
105,338,0.57
106,338,0.29
104,339,1.00
105,339,0.86
106,339,0.57
107,339,0.29
103,340,1.00
104,340,1.00
105,340,1.00
106,340,0.86
107,340,0.57
108,340,0.29
102,341,1.00
103,341,1.00
104,341,1.00
105,341,0.86
106,341,0.57
107,341,0.29
101,342,1.00
102,342,1.00
103,342,1.00
104,342,0.86
105,342,0.57
106,342,0.29
100,343,0.57
101,343,0.86
102,343,1.00
103,343,0.86
104,343,0.57
105,343,0.29
100,344,0.29
101,344,0.57
102,344,0.86
103,344,0.57
104,344,0.29
101,345,0.29
102,345,0.57
103,345,0.29
102,346,0.29
102,403,1.00
101,404,1.00
102,404,1.00
103,404,1.00
100,405,1.00
101,405,1.00
102,405,1.00
103,405,1.00
104,405,1.00
99,406,1.00
100,406,1.00
101,406,1.00
102,406,1.00
103,406,1.00
104,406,1.00
105,406,1.00
98,407,0.57
99,407,1.00
100,407,1.00
101,407,1.00
102,407,1.00
103,407,1.00
104,407,1.00
105,407,1.00
106,407,1.00
97,408,0.29
98,408,0.57
99,408,1.00
100,408,1.00
101,408,1.00
102,408,1.00
103,408,1.00
104,408,1.00
105,408,1.00
106,408,1.00
107,408,1.00
96,409,0.29
97,409,0.57
98,409,0.86
99,409,1.00
100,409,1.00
101,409,1.00
102,409,1.00
103,409,1.00
104,409,1.00
105,409,1.00
106,409,1.00
107,409,1.00
108,409,1.00
97,410,0.29
98,410,0.57
99,410,0.86
100,410,1.00
101,410,1.00
102,410,1.00
103,410,1.00
104,410,1.00
105,410,0.86
106,410,0.86
107,410,0.86
98,411,0.29
99,411,0.57
100,411,0.86
101,411,1.00
102,411,1.00
103,411,1.00
104,411,0.86
105,411,0.57
106,411,0.29
99,412,0.29
100,412,0.57
101,412,0.86
102,412,1.00
103,412,0.86
104,412,0.57
105,412,0.29
100,413,0.29
101,413,0.57
102,413,0.86
103,413,0.57
104,413,0.29
101,414,0.57
102,414,0.57
103,414,0.29
102,415,0.57
102,463,1.00
101,464,1.00
102,464,1.00
103,464,1.00
100,465,1.00
101,465,1.00
102,465,1.00
103,465,1.00
104,465,1.00
99,466,1.00
100,466,1.00
101,466,1.00
103,466,1.00
104,466,1.00
105,466,1.00
98,467,1.00
99,467,1.00
100,467,1.00
104,467,1.00
105,467,1.00
106,467,1.00
97,468,0.57
98,468,1.00
99,468,1.00
105,468,1.00
106,468,1.00
107,468,1.00
96,469,0.29
97,469,0.57
98,469,1.00
106,469,1.00
107,469,1.00
108,469,1.00
97,470,0.29
107,470,1.00
106,482,0.29
105,483,0.29
106,483,0.57
107,483,0.29
104,484,0.29
105,484,0.57
106,484,0.86
107,484,0.57
108,484,0.29
103,485,0.29
104,485,0.57
105,485,0.86
106,485,1.00
107,485,0.86
108,485,0.57
109,485,0.29
102,486,0.29
103,486,0.57
104,486,0.86
105,486,1.00
106,486,1.00
107,486,1.00
108,486,0.86
109,486,0.86
110,486,0.86
101,487,0.29
102,487,0.57
103,487,0.86
104,487,1.00
105,487,1.00
106,487,1.00
107,487,1.00
108,487,1.00
109,487,1.00
110,487,1.00
111,487,1.00
100,488,0.86
101,488,0.86
102,488,0.86
103,488,1.00
104,488,1.00
105,488,1.00
106,488,1.00
107,488,1.00
108,488,1.00
109,488,1.00
110,488,1.00
111,488,1.00
112,488,1.00
101,489,0.29
102,489,0.57
103,489,0.86
104,489,1.00
105,489,1.00
106,489,1.00
107,489,1.00
108,489,1.00
109,489,1.00
110,489,1.00
111,489,1.00
102,490,0.29
103,490,0.57
105,490,1.00
106,490,1.00
107,490,1.00
108,490,1.00
109,490,1.00
110,490,1.00
106,491,1.00
107,491,1.00
108,491,1.00
109,491,1.00
107,492,1.00
108,492,1.00
111,490,1.00
110,491,1.00
111,491,1.00
112,491,1.00
109,492,1.00
110,492,1.00
111,492,1.00
112,492,1.00
113,492,1.00
108,493,1.00
109,493,1.00
110,493,1.00
111,493,1.00
112,493,1.00
113,493,1.00
114,493,0.57
109,494,1.00
110,494,1.00
111,494,1.00
112,494,1.00
113,494,1.00
110,495,1.00
111,495,1.00
112,495,1.00
111,496,1.00
110,497,1.00
109,498,1.00
108,499,0.86
114,494,0.29
113,495,0.86
114,495,0.57
115,495,0.29
112,496,1.00
113,496,1.00
114,496,0.86
115,496,0.57
116,496,0.29
111,497,1.00
112,497,1.00
113,497,1.00
114,497,1.00
115,497,0.86
116,497,0.57
117,497,0.29
110,498,1.00
111,498,1.00
112,498,1.00
113,498,1.00
114,498,0.86
115,498,0.57
116,498,0.29
109,499,0.86
110,499,1.00
111,499,1.00
112,499,1.00
113,499,0.86
114,499,0.57
115,499,0.29
108,500,0.29
109,500,0.57
110,500,0.86
111,500,1.00
112,500,0.86
113,500,0.57
114,500,0.29
109,501,0.29
110,501,0.57
111,501,0.86
112,501,0.57
113,501,0.29
110,502,0.29
111,502,0.57
112,502,0.29
111,503,0.29
111,484,0.29
110,485,0.29
111,485,0.57
112,485,0.29
111,486,0.86
112,486,0.57
113,486,0.29
112,487,0.86
113,487,0.57
114,487,0.29
113,488,0.86
114,488,0.57
115,488,0.29
112,489,1.00
113,489,1.00
114,489,0.86
115,489,0.57
116,489,0.29
112,490,1.00
113,490,1.00
114,490,1.00
115,490,0.86
116,490,0.57
117,490,0.29
113,491,1.00
114,491,0.86
115,491,0.57
116,491,0.29
114,492,0.57
115,492,0.29
103,446,1.00
102,447,1.00
103,447,1.00
104,447,1.00
101,448,1.00
102,448,1.00
103,448,1.00
104,448,0.86
105,448,0.29
100,449,1.00
101,449,1.00
102,449,1.00
103,449,1.00
104,449,0.86
105,449,0.57
106,449,0.29
99,450,0.86
100,450,1.00
101,450,1.00
102,450,1.00
103,450,1.00
104,450,1.00
105,450,0.86
106,450,0.57
107,450,0.29
98,451,0.86
99,451,1.00
100,451,1.00
101,451,1.00
102,451,1.00
103,451,1.00
104,451,1.00
105,451,1.00
106,451,0.86
107,451,0.57
108,451,0.29
97,452,0.86
98,452,1.00
99,452,1.00
100,452,1.00
101,452,1.00
102,452,1.00
103,452,1.00
104,452,1.00
105,452,1.00
106,452,1.00
107,452,0.86
108,452,0.57
109,452,0.29
98,453,1.00
99,453,1.00
100,453,1.00
101,453,1.00
102,453,1.00
103,453,1.00
104,453,1.00
105,453,1.00
106,453,0.86
107,453,0.57
108,453,0.29
99,454,1.00
100,454,1.00
101,454,1.00
102,454,1.00
103,454,1.00
104,454,1.00
105,454,1.00
106,454,0.86
107,454,0.29
100,455,1.00
101,455,1.00
102,455,1.00
103,455,1.00
104,455,1.00
105,455,0.86
106,455,0.29
101,456,1.00
102,456,1.00
103,456,1.00
104,456,0.86
105,456,0.29
102,457,0.86
103,457,0.86
104,457,0.29
103,458,0.29
101,398,0.29
100,399,0.29
101,399,0.57
102,399,0.29
99,400,0.29
100,400,0.57
101,400,0.86
102,400,0.86
103,400,0.86
98,401,0.29
99,401,0.57
100,401,0.86
101,401,1.00
102,401,1.00
103,401,1.00
104,401,1.00
97,402,0.29
98,402,0.57
99,402,0.86
100,402,1.00
101,402,1.00
102,402,1.00
103,402,1.00
104,402,1.00
105,402,1.00
96,403,0.29
97,403,0.57
98,403,0.86
99,403,1.00
100,403,1.00
101,403,1.00
103,403,1.00
104,403,1.00
105,403,1.00
106,403,1.00
95,404,0.29
96,404,0.57
97,404,0.86
98,404,1.00
99,404,1.00
100,404,1.00
104,404,1.00
105,404,1.00
106,404,1.00
107,404,1.00
96,405,0.29
97,405,0.57
98,405,0.86
99,405,1.00
105,405,1.00
106,405,1.00
97,406,0.29
98,406,0.57
105,374,1.00
104,375,1.00
105,375,1.00
106,375,1.00
103,376,1.00
104,376,1.00
105,376,1.00
106,376,1.00
107,376,1.00
102,377,1.00
103,377,1.00
104,377,1.00
105,377,1.00
106,377,1.00
107,377,1.00
108,377,1.00
101,378,1.00
102,378,1.00
103,378,1.00
104,378,1.00
105,378,1.00
106,378,1.00
107,378,1.00
108,378,1.00
109,378,1.00
100,379,1.00
101,379,1.00
102,379,1.00
103,379,1.00
104,379,1.00
105,379,1.00
106,379,1.00
107,379,1.00
108,379,1.00
109,379,1.00
110,379,1.00
99,380,1.00
100,380,1.00
101,380,1.00
102,380,1.00
103,380,1.00
104,380,1.00
105,380,1.00
106,380,1.00
107,380,1.00
108,380,1.00
109,380,1.00
110,380,1.00
111,380,1.00
100,381,1.00
101,381,1.00
102,381,1.00
103,381,1.00
104,381,1.00
105,381,1.00
106,381,1.00
107,381,1.00
108,381,1.00
109,381,1.00
110,381,0.86
101,382,1.00
102,382,1.00
103,382,1.00
104,382,1.00
105,382,1.00
106,382,1.00
107,382,1.00
108,382,1.00
109,382,0.86
102,383,1.00
103,383,1.00
104,383,1.00
105,383,1.00
106,383,1.00
107,383,1.00
108,383,0.86
103,384,1.00
104,384,1.00
105,384,1.00
106,384,0.86
107,384,0.86
104,385,0.57
105,385,0.57
106,385,0.29
105,386,0.29
107,371,1.00
106,372,1.00
107,372,1.00
108,372,1.00
105,373,1.00
106,373,1.00
107,373,1.00
108,373,1.00
109,373,1.00
104,374,0.86
106,374,1.00
107,374,1.00
108,374,1.00
109,374,1.00
110,374,1.00
103,375,1.00
107,375,1.00
108,375,1.00
109,375,1.00
110,375,1.00
111,375,1.00
102,376,1.00
108,376,1.00
109,376,1.00
110,376,1.00
111,376,1.00
112,376,1.00
101,377,1.00
109,377,1.00
110,377,1.00
111,377,1.00
112,377,1.00
113,377,1.00
110,378,1.00
111,378,1.00
112,378,1.00
111,379,1.00
112,379,1.00
113,379,1.00
112,380,0.86
111,381,0.29
110,382,0.29
109,383,0.29
108,384,0.29
107,385,0.29
108,400,0.29
107,401,0.57
108,401,0.57
109,401,0.29
106,402,1.00
107,402,1.00
108,402,1.00
109,402,0.57
110,402,0.29
107,403,1.00
108,403,1.00
109,403,1.00
110,403,0.57
111,403,0.29
108,404,1.00
109,404,1.00
110,404,1.00
111,404,0.57
112,404,0.29
107,405,1.00
108,405,1.00
109,405,1.00
110,405,1.00
111,405,0.86
112,405,0.57
113,405,0.29
106,406,1.00
107,406,1.00
108,406,1.00
109,406,1.00
110,406,1.00
111,406,1.00
112,406,0.86
113,406,0.57
114,406,0.29
107,407,1.00
108,407,1.00
109,407,1.00
110,407,1.00
111,407,0.86
112,407,0.57
113,407,0.29
108,408,1.00
109,408,1.00
110,408,0.86
111,408,0.57
112,408,0.29
109,409,0.86
110,409,0.57
111,409,0.29
108,410,0.86
109,410,0.57
110,410,0.29
107,411,0.29
108,411,0.57
109,411,0.29
108,412,0.29
108,435,1.00
107,436,1.00
108,436,1.00
109,436,1.00
106,437,1.00
107,437,1.00
108,437,1.00
109,437,1.00
110,437,1.00
105,438,1.00
106,438,1.00
107,438,1.00
108,438,1.00
109,438,1.00
110,438,1.00
111,438,1.00
104,439,1.00
105,439,1.00
106,439,1.00
107,439,1.00
108,439,1.00
109,439,1.00
110,439,1.00
111,439,1.00
112,439,0.57
103,440,1.00
104,440,1.00
105,440,1.00
106,440,1.00
107,440,1.00
108,440,1.00
109,440,1.00
110,440,1.00
111,440,1.00
112,440,1.00
113,440,1.00
102,441,1.00
103,441,1.00
104,441,1.00
105,441,1.00
106,441,1.00
107,441,1.00
108,441,1.00
109,441,1.00
110,441,1.00
111,441,1.00
112,441,1.00
113,441,1.00
114,441,1.00
103,442,1.00
104,442,1.00
105,442,1.00
106,442,1.00
107,442,1.00
108,442,1.00
109,442,1.00
110,442,1.00
111,442,1.00
112,442,1.00
113,442,1.00
104,443,1.00
105,443,1.00
106,443,1.00
107,443,1.00
108,443,1.00
109,443,1.00
110,443,1.00
111,443,0.57
112,443,0.86
105,444,1.00
106,444,1.00
107,444,1.00
108,444,1.00
109,444,1.00
110,444,0.57
111,444,0.29
106,445,1.00
107,445,1.00
108,445,1.00
109,445,0.57
110,445,0.29
107,446,0.57
108,446,0.57
109,446,0.29
108,447,0.29
108,454,0.29
107,455,0.29
108,455,0.57
109,455,0.29
106,456,0.29
107,456,0.57
108,456,0.86
109,456,0.57
110,456,0.29
105,457,0.29
106,457,0.57
107,457,0.86
108,457,1.00
109,457,0.86
110,457,0.57
111,457,0.29
104,458,0.29
105,458,0.57
106,458,0.86
107,458,1.00
108,458,1.00
109,458,1.00
110,458,0.86
111,458,0.57
112,458,0.29
103,459,0.29
104,459,0.57
105,459,0.86
106,459,1.00
107,459,1.00
108,459,1.00
109,459,1.00
110,459,1.00
111,459,0.86
112,459,0.57
113,459,0.29
102,460,0.29
103,460,0.57
104,460,0.86
105,460,1.00
106,460,1.00
107,460,1.00
108,460,1.00
109,460,1.00
110,460,1.00
111,460,1.00
112,460,0.86
113,460,0.57
114,460,0.29
103,461,0.29
104,461,0.57
105,461,0.86
106,461,1.00
107,461,1.00
108,461,1.00
109,461,1.00
110,461,1.00
111,461,0.86
112,461,0.57
113,461,0.29
104,462,0.29
105,462,1.00
106,462,1.00
107,462,1.00
108,462,1.00
109,462,1.00
110,462,1.00
111,462,1.00
112,462,0.29
105,463,1.00
106,463,1.00
107,463,1.00
108,463,1.00
109,463,1.00
110,463,1.00
111,463,1.00
106,464,1.00
107,464,1.00
108,464,1.00
109,464,1.00
110,464,1.00
107,465,1.00
108,465,1.00
109,465,1.00
108,466,1.00
104,463,1.00
112,463,0.86
104,464,1.00
105,464,1.00
111,464,1.00
112,464,1.00
113,464,0.86
105,465,1.00
106,465,1.00
110,465,1.00
111,465,1.00
112,465,1.00
113,465,1.00
114,465,0.86
106,466,1.00
107,466,1.00
109,466,1.00
110,466,1.00
111,466,1.00
112,466,1.00
113,466,0.86
107,467,1.00
108,467,1.00
109,467,1.00
110,467,1.00
111,467,1.00
112,467,0.86
108,468,1.00
109,468,1.00
110,468,1.00
111,468,0.86
109,469,1.00
110,469,0.86
108,470,1.00
109,470,0.86
108,471,0.86
107,434,1.00
106,435,1.00
107,435,1.00
105,436,1.00
106,436,1.00
104,437,1.00
105,437,1.00
103,438,1.00
104,438,1.00
102,439,1.00
103,439,1.00
101,440,1.00
102,440,1.00
107,431,0.57
106,432,0.57
107,432,0.57
108,432,0.29
105,433,0.57
106,433,0.57
107,433,0.86
108,433,0.57
109,433,0.29
104,434,0.57
105,434,0.57
106,434,1.00
108,434,0.86
109,434,0.57
110,434,0.29
103,435,0.86
104,435,0.57
105,435,1.00
109,435,0.86
110,435,0.57
111,435,0.29
102,436,1.00
103,436,1.00
104,436,1.00
110,436,0.86
111,436,0.86
112,436,0.86
102,437,1.00
103,437,1.00
111,437,0.86
112,437,0.86
113,437,0.86
112,438,0.29
101,441,1.00
102,442,1.00
103,443,1.00
104,444,1.00
105,445,1.00
106,446,0.57
100,459,0.86
99,460,0.29
100,460,0.86
101,460,0.29
98,461,0.29
99,461,0.57
100,461,0.86
101,461,0.57
102,461,0.29
97,462,0.29
98,462,0.57
99,462,0.86
100,462,1.00
101,462,0.86
102,462,0.57
103,462,0.29
96,463,0.29
97,463,0.57
98,463,0.86
99,463,1.00
100,463,1.00
101,463,1.00
103,463,0.57
95,464,0.29
96,464,0.57
97,464,0.86
98,464,1.00
99,464,1.00
100,464,1.00
94,465,0.29
95,465,0.57
96,465,0.86
97,465,1.00
98,465,1.00
99,465,1.00
95,466,0.29
96,466,0.57
97,466,0.86
98,466,1.00
96,467,0.29
97,467,0.57
95,482,0.86
94,483,0.86
95,483,0.86
96,483,0.29
93,484,0.86
94,484,1.00
95,484,0.86
96,484,0.57
97,484,0.29
92,485,1.00
93,485,0.86
94,485,1.00
95,485,1.00
96,485,0.86
97,485,0.57
98,485,0.29
91,486,1.00
92,486,1.00
93,486,1.00
94,486,1.00
95,486,1.00
96,486,1.00
97,486,0.86
98,486,0.57
99,486,0.29
90,487,1.00
91,487,1.00
92,487,1.00
93,487,1.00
94,487,1.00
95,487,1.00
96,487,1.00
97,487,1.00
98,487,0.86
99,487,0.57
100,487,0.29
89,488,1.00
90,488,1.00
91,488,1.00
92,488,1.00
93,488,1.00
94,488,1.00
95,488,1.00
96,488,1.00
97,488,1.00
98,488,1.00
99,488,0.86
90,489,1.00
91,489,1.00
92,489,1.00
93,489,1.00
94,489,1.00
95,489,1.00
96,489,1.00
97,489,1.00
98,489,1.00
99,489,0.57
100,489,0.29
91,490,1.00
92,490,1.00
93,490,1.00
94,490,1.00
95,490,1.00
96,490,1.00
97,490,1.00
98,490,1.00
99,490,0.57
92,491,1.00
93,491,1.00
94,491,1.00
95,491,1.00
96,491,1.00
97,491,1.00
98,491,1.00
93,492,1.00
94,492,1.00
95,492,1.00
96,492,1.00
97,492,1.00
94,493,1.00
95,493,1.00
96,493,1.00
95,494,1.00
89,490,1.00
90,490,1.00
88,491,1.00
89,491,1.00
90,491,1.00
91,491,1.00
99,491,0.57
100,491,0.29
89,492,0.57
90,492,0.57
91,492,0.86
92,492,1.00
98,492,0.57
99,492,0.29
90,493,0.29
91,493,0.57
92,493,0.86
93,493,1.00
97,493,0.57
98,493,0.29
91,494,0.29
92,494,0.57
93,494,0.86
94,494,1.00
96,494,0.57
97,494,0.29
92,495,0.29
93,495,0.57
94,495,0.86
95,495,0.57
96,495,0.29
93,496,0.29
94,496,0.57
95,496,0.29
94,497,0.29
94,472,0.29
93,473,0.86
94,473,0.86
95,473,0.29
92,474,1.00
93,474,1.00
94,474,1.00
95,474,0.86
96,474,0.29
91,475,1.00
92,475,1.00
93,475,1.00
94,475,1.00
95,475,1.00
96,475,0.86
97,475,0.29
90,476,1.00
91,476,1.00
92,476,1.00
93,476,1.00
94,476,1.00
95,476,1.00
96,476,1.00
97,476,0.86
98,476,0.29
89,477,1.00
90,477,1.00
91,477,1.00
92,477,1.00
93,477,1.00
94,477,1.00
95,477,1.00
96,477,1.00
97,477,1.00
98,477,0.86
99,477,0.29
88,478,1.00
89,478,1.00
90,478,1.00
91,478,1.00
92,478,1.00
93,478,1.00
94,478,1.00
95,478,1.00
96,478,1.00
97,478,1.00
98,478,0.86
99,478,0.57
100,478,0.29
89,479,1.00
90,479,1.00
91,479,1.00
92,479,1.00
93,479,1.00
94,479,1.00
95,479,1.00
96,479,1.00
97,479,0.86
98,479,0.57
99,479,0.29
90,480,1.00
91,480,1.00
92,480,1.00
93,480,1.00
94,480,1.00
95,480,1.00
96,480,0.86
97,480,0.57
98,480,0.29
91,481,1.00
92,481,1.00
93,481,1.00
94,481,1.00
95,481,0.86
96,481,0.57
97,481,0.29
92,482,1.00
93,482,0.86
94,482,0.86
96,482,0.29
93,483,0.57
101,436,1.00
100,441,1.00
99,442,1.00
100,442,1.00
101,442,1.00
98,443,1.00
99,443,1.00
100,443,1.00
101,443,1.00
102,443,1.00
97,444,1.00
98,444,1.00
99,444,1.00
100,444,1.00
101,444,1.00
102,444,1.00
103,444,1.00
98,445,1.00
99,445,1.00
100,445,1.00
101,445,1.00
102,445,1.00
99,446,1.00
100,446,1.00
101,446,1.00
100,447,1.00
103,420,1.00
102,421,1.00
103,421,1.00
104,421,1.00
101,422,1.00
102,422,1.00
103,422,1.00
104,422,1.00
105,422,0.57
100,423,1.00
101,423,1.00
102,423,1.00
103,423,1.00
104,423,1.00
105,423,0.57
106,423,0.29
99,424,1.00
100,424,1.00
101,424,1.00
102,424,1.00
103,424,1.00
104,424,1.00
105,424,1.00
106,424,0.57
107,424,0.29
100,425,1.00
101,425,1.00
102,425,1.00
103,425,1.00
104,425,1.00
105,425,1.00
106,425,1.00
107,425,0.57
108,425,0.29
99,426,1.00
100,426,1.00
101,426,1.00
102,426,1.00
103,426,1.00
104,426,1.00
105,426,1.00
106,426,1.00
107,426,1.00
108,426,0.57
109,426,0.29
98,427,1.00
99,427,1.00
100,427,1.00
101,427,1.00
102,427,1.00
103,427,1.00
104,427,1.00
105,427,1.00
106,427,1.00
107,427,1.00
108,427,0.57
99,428,1.00
100,428,1.00
101,428,1.00
102,428,1.00
103,428,1.00
104,428,1.00
105,428,1.00
106,428,1.00
107,428,1.00
100,429,1.00
101,429,1.00
102,429,1.00
103,429,1.00
104,429,1.00
105,429,1.00
106,429,1.00
101,430,1.00
102,430,1.00
103,430,1.00
104,430,1.00
105,430,1.00
102,431,1.00
103,431,1.00
104,431,1.00
103,432,1.00
98,428,1.00
108,428,0.29
98,429,1.00
99,429,1.00
107,429,0.86
108,429,0.57
109,429,0.29
99,430,1.00
100,430,1.00
106,430,0.86
107,430,0.57
108,430,0.29
100,431,1.00
101,431,1.00
105,431,0.86
106,431,0.57
101,432,1.00
102,432,1.00
104,432,0.86
105,432,0.57
102,433,1.00
103,433,0.86
104,433,0.57
103,434,0.57
100,448,1.00
99,449,0.57
98,450,0.29
97,451,0.29
96,452,0.29
95,453,0.29
96,453,0.57
97,453,0.86
94,454,0.29
95,454,0.57
96,454,0.86
97,454,1.00
98,454,1.00
95,455,0.29
96,455,0.57
97,455,0.86
98,455,1.00
99,455,1.00
96,456,0.29
97,456,0.57
98,456,0.86
99,456,1.00
100,456,1.00
97,457,0.29
98,457,0.57
99,457,0.86
100,457,1.00
101,457,0.86
98,458,0.29
99,458,0.57
100,458,0.86
101,458,0.57
102,458,0.29
99,459,0.29
101,459,0.29
92,471,0.29
91,472,0.29
92,472,0.57
93,472,0.29
90,473,0.29
91,473,0.57
92,473,0.86
89,474,0.29
90,474,0.57
91,474,0.86
88,475,0.29
89,475,0.57
90,475,0.86
87,476,0.29
88,476,0.57
89,476,0.86
86,477,0.29
87,477,0.57
88,477,0.86
87,478,0.29
88,479,0.86
89,480,0.86
90,481,0.86
91,482,0.86
92,483,0.86
88,481,1.00
87,482,1.00
88,482,1.00
89,482,1.00
86,483,1.00
87,483,1.00
88,483,1.00
89,483,1.00
90,483,1.00
85,484,1.00
86,484,1.00
87,484,1.00
88,484,1.00
89,484,1.00
90,484,1.00
91,484,1.00
84,485,0.86
85,485,1.00
86,485,1.00
87,485,1.00
88,485,1.00
89,485,1.00
90,485,1.00
91,485,1.00
83,486,0.29
84,486,0.86
85,486,1.00
86,486,1.00
87,486,1.00
88,486,1.00
89,486,1.00
90,486,1.00
82,487,0.29
83,487,0.57
84,487,0.86
85,487,1.00
86,487,1.00
87,487,1.00
88,487,1.00
89,487,1.00
83,488,0.29
84,488,0.57
85,488,0.86
86,488,1.00
87,488,1.00
88,488,1.00
84,489,0.29
85,489,0.57
86,489,0.86
87,489,1.00
88,489,1.00
89,489,1.00
85,490,0.29
86,490,0.57
87,490,0.86
88,490,1.00
86,491,0.29
87,491,0.57
87,492,0.29
88,492,0.57
88,493,0.29
87,479,0.29
86,480,0.29
87,480,0.57
88,480,0.86
85,481,0.29
86,481,0.57
87,481,0.86
89,481,0.86
84,482,0.29
85,482,0.57
86,482,0.86
90,482,0.86
83,483,0.29
84,483,0.57
85,483,0.86
91,483,0.86
82,484,0.29
83,484,0.57
84,484,0.86
92,484,0.86
83,485,0.29
120,375,0.29
119,376,0.57
120,376,0.57
121,376,0.29
118,377,1.00
119,377,1.00
120,377,1.00
121,377,0.57
122,377,0.29
117,378,1.00
118,378,1.00
119,378,1.00
120,378,1.00
121,378,1.00
122,378,0.57
123,378,0.29
116,379,1.00
117,379,1.00
118,379,1.00
119,379,1.00
120,379,1.00
121,379,1.00
122,379,0.86
123,379,0.57
124,379,0.29
115,380,1.00
116,380,1.00
117,380,1.00
118,380,1.00
119,380,1.00
120,380,1.00
121,380,1.00
122,380,1.00
123,380,0.86
124,380,0.57
125,380,0.29
114,381,1.00
115,381,1.00
116,381,1.00
117,381,1.00
118,381,1.00
119,381,1.00
120,381,1.00
121,381,1.00
122,381,1.00
123,381,1.00
124,381,0.86
125,381,0.57
126,381,0.29
115,382,1.00
116,382,1.00
117,382,1.00
118,382,1.00
119,382,1.00
120,382,1.00
121,382,1.00
122,382,1.00
123,382,0.86
124,382,0.57
125,382,0.29
116,383,0.57
117,383,0.57
118,383,0.86
119,383,1.00
120,383,1.00
121,383,1.00
122,383,0.86
123,383,0.57
124,383,0.29
117,384,0.29
118,384,0.57
119,384,0.86
120,384,1.00
121,384,0.86
122,384,0.57
123,384,0.29
118,385,0.29
119,385,0.57
120,385,0.86
121,385,0.57
122,385,0.29
119,386,0.29
120,386,0.57
121,386,0.29
120,387,0.29
138,328,0.86
137,329,0.57
138,329,1.00
139,329,0.86
136,330,0.57
137,330,1.00
138,330,1.00
139,330,1.00
140,330,0.86
135,331,0.57
136,331,1.00
137,331,1.00
138,331,1.00
139,331,1.00
140,331,1.00
141,331,1.00
134,332,0.57
135,332,1.00
136,332,1.00
137,332,1.00
138,332,1.00
139,332,1.00
140,332,1.00
141,332,1.00
142,332,1.00
133,333,0.57
134,333,1.00
135,333,1.00
136,333,1.00
137,333,1.00
138,333,1.00
139,333,1.00
140,333,1.00
141,333,1.00
142,333,1.00
143,333,1.00
132,334,0.57
133,334,1.00
134,334,1.00
135,334,1.00
136,334,1.00
137,334,1.00
138,334,1.00
139,334,1.00
140,334,1.00
141,334,1.00
142,334,1.00
143,334,1.00
144,334,1.00
133,335,0.57
134,335,1.00
135,335,1.00
136,335,1.00
137,335,1.00
138,335,1.00
139,335,1.00
140,335,1.00
141,335,1.00
142,335,1.00
143,335,1.00
134,336,0.57
135,336,1.00
136,336,1.00
137,336,1.00
138,336,1.00
139,336,1.00
140,336,1.00
141,336,1.00
142,336,1.00
135,337,0.57
136,337,1.00
137,337,1.00
138,337,1.00
139,337,1.00
140,337,1.00
141,337,0.86
136,338,0.57
137,338,1.00
138,338,1.00
139,338,1.00
140,338,0.57
137,339,0.57
138,339,1.00
139,339,0.57
138,340,0.57
144,306,1.00
143,307,0.57
144,307,1.00
145,307,1.00
142,308,0.86
143,308,0.86
144,308,1.00
145,308,1.00
146,308,1.00
141,309,0.86
142,309,0.86
143,309,0.86
144,309,1.00
145,309,1.00
146,309,1.00
147,309,1.00
140,310,0.86
141,310,0.86
142,310,0.86
143,310,1.00
144,310,1.00
145,310,1.00
146,310,1.00
147,310,1.00
148,310,1.00
139,311,0.86
140,311,0.86
141,311,0.86
142,311,1.00
143,311,1.00
144,311,1.00
145,311,1.00
146,311,1.00
147,311,1.00
148,311,1.00
149,311,1.00
138,312,0.86
139,312,0.86
140,312,0.86
141,312,1.00
142,312,1.00
143,312,1.00
144,312,1.00
145,312,1.00
146,312,1.00
147,312,1.00
148,312,1.00
149,312,1.00
150,312,1.00
139,313,0.29
140,313,0.57
141,313,0.86
142,313,1.00
143,313,1.00
144,313,1.00
145,313,1.00
146,313,1.00
147,313,0.86
148,313,0.86
149,313,0.86
140,314,0.29
141,314,0.57
142,314,0.86
143,314,1.00
144,314,1.00
145,314,1.00
146,314,1.00
147,314,0.57
148,314,0.29
141,315,0.29
142,315,0.57
143,315,1.00
144,315,1.00
145,315,1.00
146,315,1.00
147,315,0.57
142,316,0.57
143,316,1.00
144,316,1.00
145,316,1.00
146,316,1.00
143,317,1.00
144,317,1.00
145,317,1.00
144,318,1.00
147,299,1.00
146,300,1.00
147,300,1.00
148,300,1.00
145,301,1.00
146,301,1.00
147,301,1.00
148,301,1.00
149,301,1.00
144,302,1.00
145,302,1.00
146,302,1.00
147,302,1.00
148,302,1.00
149,302,1.00
150,302,1.00
143,303,0.57
144,303,1.00
145,303,1.00
146,303,1.00
147,303,1.00
148,303,1.00
149,303,1.00
150,303,1.00
151,303,1.00
142,304,0.29
143,304,0.57
144,304,1.00
145,304,1.00
146,304,1.00
147,304,1.00
148,304,1.00
149,304,1.00
150,304,1.00
151,304,1.00
152,304,1.00
141,305,0.29
142,305,0.57
143,305,0.86
144,305,1.00
145,305,1.00
146,305,1.00
147,305,1.00
148,305,1.00
149,305,1.00
150,305,1.00
151,305,1.00
152,305,1.00
153,305,1.00
142,306,0.29
143,306,0.57
145,306,1.00
146,306,1.00
147,306,1.00
148,306,1.00
149,306,1.00
150,306,1.00
151,306,1.00
152,306,1.00
146,307,1.00
147,307,1.00
148,307,1.00
149,307,1.00
150,307,1.00
151,307,1.00
147,308,1.00
148,308,1.00
149,308,1.00
150,308,1.00
148,309,1.00
149,309,1.00
148,296,0.57
147,297,0.57
148,297,1.00
149,297,1.00
146,298,0.57
147,298,1.00
148,298,1.00
149,298,1.00
150,298,1.00
145,299,0.57
146,299,1.00
148,299,1.00
149,299,1.00
150,299,1.00
151,299,1.00
144,300,0.57
145,300,1.00
149,300,1.00
150,300,1.00
151,300,1.00
152,300,1.00
143,301,0.29
144,301,0.86
150,301,1.00
151,301,1.00
152,301,1.00
153,301,1.00
142,302,0.29
143,302,0.57
151,302,1.00
152,302,1.00
153,302,1.00
154,302,1.00
152,303,1.00
153,303,1.00
150,294,0.57
149,295,0.29
150,295,0.86
151,295,0.29
149,296,0.86
150,296,1.00
151,296,0.86
152,296,0.57
150,297,1.00
151,297,1.00
152,297,1.00
153,297,1.00
151,298,1.00
152,298,1.00
153,298,1.00
154,298,1.00
152,299,1.00
153,299,1.00
154,299,1.00
155,299,1.00
153,300,1.00
154,300,1.00
155,300,1.00
156,300,1.00
154,301,1.00
155,301,1.00
156,301,1.00
155,302,1.00
154,303,1.00
153,304,1.00
141,316,0.29
140,317,0.29
141,317,0.86
142,317,0.86
139,318,0.29
140,318,0.86
141,318,1.00
142,318,1.00
143,318,1.00
138,319,0.29
139,319,0.86
140,319,1.00
141,319,1.00
142,319,1.00
143,319,1.00
144,319,1.00
137,320,0.29
138,320,0.57
139,320,0.86
140,320,1.00
141,320,1.00
142,320,1.00
143,320,1.00
144,320,1.00
145,320,1.00
136,321,0.29
137,321,0.57
138,321,0.86
139,321,1.00
140,321,1.00
141,321,1.00
142,321,1.00
143,321,1.00
144,321,1.00
145,321,1.00
146,321,1.00
135,322,0.29
136,322,0.57
137,322,0.86
138,322,1.00
139,322,1.00
140,322,1.00
141,322,1.00
142,322,1.00
143,322,1.00
144,322,1.00
145,322,1.00
146,322,1.00
147,322,1.00
136,323,0.29
137,323,0.57
138,323,0.86
139,323,1.00
140,323,1.00
141,323,1.00
142,323,1.00
143,323,1.00
144,323,1.00
145,323,1.00
146,323,0.86
137,324,0.29
138,324,0.57
139,324,0.86
140,324,1.00
141,324,1.00
142,324,1.00
143,324,1.00
144,324,1.00
145,324,1.00
138,325,0.29
139,325,0.86
140,325,1.00
141,325,1.00
142,325,1.00
143,325,1.00
144,325,1.00
139,326,0.86
140,326,1.00
141,326,1.00
142,326,1.00
143,326,1.00
140,327,1.00
141,327,1.00
142,327,1.00
141,328,1.00
125,359,0.29
124,360,0.29
125,360,0.57
126,360,0.29
123,361,0.29
124,361,0.57
125,361,0.86
126,361,0.57
127,361,0.29
122,362,0.29
123,362,0.57
124,362,0.86
125,362,1.00
126,362,0.86
127,362,0.57
128,362,0.29
121,363,0.29
122,363,0.57
123,363,0.86
124,363,1.00
125,363,1.00
126,363,1.00
127,363,0.86
128,363,0.57
129,363,0.29
120,364,0.29
121,364,0.57
122,364,0.86
123,364,1.00
124,364,1.00
125,364,1.00
126,364,1.00
127,364,1.00
128,364,0.86
129,364,0.57
130,364,0.29
119,365,0.29
120,365,0.57
121,365,0.86
122,365,1.00
123,365,1.00
124,365,1.00
125,365,1.00
126,365,1.00
127,365,1.00
128,365,1.00
129,365,0.86
130,365,0.57
131,365,0.29
120,366,0.29
121,366,0.57
122,366,0.86
123,366,1.00
124,366,1.00
125,366,1.00
126,366,1.00
127,366,1.00
128,366,0.86
129,366,0.57
130,366,0.29
121,367,0.29
122,367,0.57
123,367,0.86
124,367,1.00
125,367,1.00
126,367,1.00
127,367,0.86
128,367,0.57
129,367,0.29
122,368,0.29
123,368,0.57
124,368,0.86
125,368,1.00
126,368,0.86
127,368,0.57
128,368,0.29
123,369,0.29
124,369,0.57
125,369,0.86
126,369,0.57
127,369,0.29
124,370,0.29
125,370,0.57
126,370,0.29
125,371,0.29
117,394,0.29
116,395,0.29
117,395,0.57
118,395,0.29
115,396,0.29
116,396,0.57
117,396,0.86
118,396,0.57
119,396,0.29
114,397,0.29
115,397,0.57
116,397,0.86
117,397,1.00
118,397,0.86
119,397,0.57
120,397,0.29
113,398,0.29
114,398,0.57
115,398,0.86
116,398,1.00
117,398,1.00
118,398,1.00
119,398,0.86
120,398,0.57
121,398,0.29
112,399,0.29
113,399,0.57
114,399,0.86
115,399,1.00
116,399,1.00
117,399,1.00
118,399,1.00
119,399,1.00
120,399,0.86
121,399,0.57
122,399,0.29
111,400,0.29
112,400,0.57
113,400,0.86
114,400,1.00
115,400,1.00
116,400,1.00
117,400,1.00
118,400,1.00
119,400,1.00
120,400,1.00
121,400,0.86
122,400,0.57
123,400,0.29
112,401,0.29
113,401,0.57
114,401,0.86
115,401,1.00
116,401,1.00
117,401,1.00
118,401,1.00
119,401,1.00
120,401,0.86
121,401,0.57
122,401,0.29
113,402,0.29
114,402,0.57
115,402,0.86
116,402,1.00
117,402,1.00
118,402,1.00
119,402,0.86
120,402,0.57
121,402,0.29
114,403,0.29
115,403,0.57
116,403,0.86
117,403,1.00
118,403,0.86
119,403,0.57
120,403,0.29
115,404,0.29
116,404,0.57
117,404,0.86
118,404,0.57
119,404,0.29
116,405,0.29
117,405,0.57
118,405,0.29
117,406,0.29
117,416,0.29
116,417,0.29
117,417,0.57
118,417,0.29
115,418,0.29
116,418,0.57
117,418,0.86
118,418,0.57
119,418,0.29
114,419,0.29
115,419,0.57
116,419,0.86
117,419,1.00
118,419,0.86
119,419,0.57
120,419,0.29
113,420,0.29
114,420,0.57
115,420,0.86
116,420,1.00
117,420,1.00
118,420,1.00
119,420,0.86
120,420,0.57
121,420,0.29
112,421,0.29
113,421,0.57
114,421,0.86
115,421,1.00
116,421,1.00
117,421,1.00
118,421,1.00
119,421,1.00
120,421,0.86
121,421,0.57
122,421,0.29
111,422,0.29
112,422,0.57
113,422,0.86
114,422,1.00
115,422,1.00
116,422,1.00
117,422,1.00
118,422,1.00
119,422,1.00
120,422,1.00
121,422,0.86
122,422,0.57
123,422,0.29
112,423,0.29
113,423,0.57
114,423,0.86
115,423,1.00
116,423,1.00
117,423,1.00
118,423,1.00
119,423,1.00
120,423,0.86
121,423,0.57
122,423,0.29
113,424,0.29
114,424,0.57
115,424,0.86
116,424,1.00
117,424,1.00
118,424,1.00
119,424,0.86
120,424,0.57
121,424,0.29
114,425,0.29
115,425,0.57
116,425,0.86
117,425,1.00
118,425,0.86
119,425,0.57
120,425,0.29
115,426,0.29
116,426,0.57
117,426,0.86
118,426,0.57
119,426,0.29
116,427,0.29
117,427,0.57
118,427,0.29
117,428,0.29
117,430,0.29
116,431,0.29
117,431,0.57
118,431,0.57
115,432,0.29
116,432,0.57
117,432,1.00
118,432,1.00
119,432,1.00
114,433,0.29
115,433,0.57
116,433,1.00
117,433,1.00
118,433,1.00
119,433,1.00
120,433,1.00
113,434,0.29
114,434,0.57
115,434,1.00
116,434,1.00
117,434,1.00
118,434,1.00
119,434,1.00
120,434,1.00
121,434,1.00
112,435,0.29
113,435,0.57
114,435,1.00
115,435,1.00
116,435,1.00
117,435,1.00
118,435,1.00
119,435,1.00
120,435,1.00
121,435,1.00
122,435,1.00
113,436,1.00
114,436,1.00
115,436,1.00
116,436,1.00
117,436,1.00
118,436,1.00
119,436,1.00
120,436,1.00
121,436,1.00
122,436,1.00
123,436,1.00
114,437,1.00
115,437,1.00
116,437,1.00
117,437,1.00
118,437,1.00
119,437,1.00
120,437,1.00
121,437,1.00
122,437,1.00
113,438,0.29
114,438,0.57
115,438,1.00
116,438,1.00
117,438,1.00
118,438,1.00
119,438,1.00
120,438,1.00
121,438,1.00
114,439,0.86
115,439,1.00
116,439,1.00
117,439,1.00
118,439,1.00
119,439,1.00
120,439,1.00
115,440,1.00
116,440,1.00
117,440,1.00
118,440,1.00
119,440,1.00
116,441,1.00
117,441,1.00
118,441,1.00
117,442,1.00
114,440,1.00
120,440,1.00
121,440,0.86
115,441,1.00
119,441,1.00
120,441,1.00
121,441,1.00
122,441,0.57
114,442,1.00
115,442,1.00
116,442,1.00
118,442,1.00
119,442,1.00
120,442,1.00
121,442,1.00
122,442,1.00
123,442,0.57
113,443,1.00
114,443,1.00
115,443,1.00
116,443,1.00
117,443,1.00
118,443,1.00
119,443,1.00
120,443,1.00
121,443,1.00
122,443,0.57
113,444,0.57
114,444,1.00
115,444,1.00
116,444,1.00
117,444,1.00
118,444,1.00
119,444,1.00
120,444,1.00
121,444,0.57
114,445,0.57
115,445,1.00
116,445,1.00
117,445,1.00
118,445,1.00
119,445,1.00
120,445,0.57
115,446,0.57
116,446,1.00
117,446,1.00
118,446,1.00
119,446,0.57
116,447,0.57
117,447,1.00
118,447,0.57
117,448,0.57
119,430,0.29
119,431,0.57
120,431,0.29
120,432,0.57
121,432,0.29
121,433,0.57
122,433,0.29
122,434,0.57
123,434,0.29
123,435,0.57
124,435,0.29
124,436,0.57
125,436,0.29
123,437,0.57
124,437,0.29
122,438,0.57
123,438,0.29
121,439,0.57
122,439,0.29
122,404,0.29
121,405,0.29
122,405,0.57
123,405,0.29
120,406,0.29
121,406,0.57
122,406,0.86
123,406,0.57
124,406,0.29
119,407,0.29
120,407,0.57
121,407,0.86
122,407,1.00
123,407,0.86
124,407,0.57
125,407,0.29
118,408,0.29
119,408,0.57
120,408,0.86
121,408,1.00
122,408,1.00
123,408,1.00
124,408,0.86
125,408,0.57
126,408,0.29
117,409,0.29
118,409,0.57
119,409,0.86
120,409,1.00
121,409,1.00
122,409,1.00
123,409,1.00
124,409,1.00
125,409,0.86
126,409,0.57
127,409,0.29
116,410,0.29
117,410,0.57
118,410,0.86
119,410,1.00
120,410,1.00
121,410,1.00
122,410,1.00
123,410,1.00
124,410,1.00
125,410,1.00
126,410,0.86
127,410,0.57
128,410,0.29
117,411,0.29
118,411,0.57
119,411,0.86
120,411,1.00
121,411,1.00
122,411,1.00
123,411,1.00
124,411,1.00
125,411,0.86
126,411,0.57
127,411,0.29
118,412,0.29
119,412,0.57
120,412,0.86
121,412,1.00
122,412,1.00
123,412,1.00
124,412,0.86
125,412,0.57
126,412,0.29
119,413,0.29
120,413,0.57
121,413,0.86
122,413,1.00
123,413,0.86
124,413,0.57
125,413,0.29
120,414,0.29
121,414,0.57
122,414,0.86
123,414,0.57
124,414,0.29
121,415,0.29
122,415,0.57
123,415,0.29
122,416,0.29
132,369,0.29
131,370,0.29
132,370,0.57
133,370,0.29
130,371,0.29
131,371,0.57
132,371,0.86
133,371,0.57
134,371,0.29
129,372,0.29
130,372,0.57
131,372,0.86
132,372,1.00
133,372,0.86
134,372,0.57
135,372,0.29
128,373,0.29
129,373,0.57
130,373,0.86
131,373,1.00
132,373,1.00
133,373,1.00
134,373,0.86
135,373,0.57
136,373,0.29
127,374,0.29
128,374,0.57
129,374,0.86
130,374,1.00
131,374,1.00
132,374,1.00
133,374,1.00
134,374,1.00
135,374,0.86
136,374,0.57
137,374,0.29
126,375,0.29
127,375,0.57
128,375,0.86
129,375,1.00
130,375,1.00
131,375,1.00
132,375,1.00
133,375,1.00
134,375,1.00
135,375,1.00
136,375,0.86
137,375,0.57
138,375,0.29
127,376,0.29
128,376,0.57
129,376,0.86
130,376,1.00
131,376,1.00
132,376,1.00
133,376,1.00
134,376,1.00
135,376,0.86
136,376,0.57
137,376,0.29
128,377,0.29
129,377,0.57
130,377,0.86
131,377,1.00
132,377,1.00
133,377,1.00
134,377,0.86
135,377,0.57
136,377,0.29
129,378,0.29
130,378,0.57
131,378,0.86
132,378,1.00
133,378,0.86
134,378,0.57
135,378,0.29
130,379,0.29
131,379,0.57
132,379,0.86
133,379,0.57
134,379,0.29
131,380,0.29
132,380,0.57
133,380,0.29
132,381,0.29
139,341,0.29
138,342,0.29
139,342,0.57
140,342,0.29
137,343,0.29
138,343,0.57
139,343,0.86
140,343,0.57
141,343,0.29
136,344,0.29
137,344,0.57
138,344,0.86
139,344,1.00
140,344,0.86
141,344,0.57
142,344,0.29
135,345,0.29
136,345,0.57
137,345,0.86
138,345,1.00
139,345,1.00
140,345,1.00
141,345,0.86
142,345,0.57
143,345,0.29
134,346,0.29
135,346,0.57
136,346,0.86
137,346,1.00
138,346,1.00
139,346,1.00
140,346,1.00
141,346,1.00
142,346,0.86
143,346,0.57
144,346,0.29
133,347,0.29
134,347,0.57
135,347,0.86
136,347,1.00
137,347,1.00
138,347,1.00
139,347,1.00
140,347,1.00
141,347,1.00
142,347,1.00
143,347,0.86
144,347,0.57
145,347,0.29
134,348,0.29
135,348,0.57
136,348,0.86
137,348,1.00
138,348,1.00
139,348,1.00
140,348,1.00
141,348,1.00
142,348,0.86
143,348,0.57
144,348,0.29
135,349,0.29
136,349,0.57
137,349,0.86
138,349,1.00
139,349,1.00
140,349,1.00
141,349,0.86
142,349,0.57
143,349,0.29
136,350,0.29
137,350,0.57
138,350,0.86
139,350,1.00
140,350,0.86
141,350,0.57
142,350,0.29
137,351,0.29
138,351,0.57
139,351,0.86
140,351,0.57
141,351,0.29
138,352,0.29
139,352,0.57
140,352,0.29
139,353,0.29
144,328,1.00
143,329,1.00
144,329,1.00
145,329,1.00
142,330,1.00
143,330,1.00
144,330,1.00
145,330,1.00
146,330,0.57
142,331,1.00
143,331,1.00
144,331,1.00
145,331,1.00
146,331,0.57
147,331,0.29
143,332,1.00
144,332,1.00
145,332,1.00
146,332,0.86
147,332,0.57
148,332,0.29
144,333,1.00
145,333,1.00
146,333,1.00
147,333,0.86
148,333,0.57
149,333,0.29
145,334,1.00
146,334,1.00
147,334,1.00
148,334,0.86
149,334,0.57
150,334,0.29
144,335,1.00
145,335,1.00
146,335,1.00
147,335,0.86
148,335,0.57
149,335,0.29
143,336,1.00
144,336,1.00
145,336,1.00
146,336,0.86
147,336,0.57
148,336,0.29
142,337,0.57
143,337,0.86
144,337,1.00
145,337,0.86
146,337,0.57
147,337,0.29
142,338,0.29
143,338,0.57
144,338,0.86
145,338,0.57
146,338,0.29
143,339,0.29
144,339,0.57
145,339,0.29
144,340,0.29
151,315,0.29
150,316,0.29
151,316,0.57
152,316,0.29
149,317,0.57
150,317,0.57
151,317,0.86
152,317,0.57
153,317,0.57
148,318,1.00
149,318,1.00
150,318,1.00
151,318,1.00
152,318,1.00
153,318,1.00
154,318,0.57
147,319,1.00
148,319,1.00
149,319,1.00
150,319,1.00
151,319,1.00
152,319,1.00
153,319,1.00
154,319,1.00
155,319,0.57
146,320,1.00
147,320,1.00
148,320,1.00
149,320,1.00
150,320,1.00
151,320,1.00
152,320,1.00
153,320,1.00
154,320,1.00
155,320,1.00
156,320,0.57
147,321,1.00
148,321,1.00
149,321,1.00
150,321,1.00
151,321,1.00
152,321,1.00
153,321,1.00
154,321,1.00
155,321,1.00
156,321,1.00
157,321,0.57
148,322,1.00
149,322,1.00
150,322,1.00
151,322,1.00
152,322,1.00
153,322,1.00
154,322,1.00
155,322,1.00
156,322,1.00
147,323,0.86
148,323,1.00
149,323,1.00
150,323,1.00
151,323,1.00
152,323,1.00
153,323,1.00
154,323,1.00
155,323,1.00
148,324,0.57
149,324,1.00
150,324,1.00
151,324,1.00
152,324,1.00
153,324,1.00
154,324,1.00
149,325,0.57
150,325,1.00
151,325,1.00
152,325,1.00
153,325,1.00
150,326,0.57
151,326,1.00
152,326,1.00
151,327,0.57
159,306,0.57
158,307,0.29
159,307,0.57
160,307,0.57
157,308,0.29
158,308,0.57
159,308,0.86
160,308,0.57
161,308,0.57
156,309,0.57
157,309,0.57
158,309,0.86
159,309,1.00
160,309,0.86
161,309,0.57
162,309,0.57
155,310,0.57
156,310,0.57
157,310,0.86
158,310,1.00
159,310,1.00
160,310,1.00
161,310,0.86
162,310,0.57
163,310,0.57
154,311,0.57
155,311,0.57
156,311,0.86
157,311,1.00
158,311,1.00
159,311,1.00
160,311,1.00
161,311,1.00
162,311,0.86
163,311,0.57
164,311,0.57
153,312,0.57
154,312,0.57
155,312,0.86
156,312,1.00
157,312,1.00
158,312,1.00
159,312,1.00
160,312,1.00
161,312,1.00
162,312,1.00
163,312,0.86
164,312,0.57
165,312,0.57
154,313,0.29
155,313,0.57
156,313,0.86
157,313,1.00
158,313,1.00
159,313,1.00
160,313,1.00
161,313,1.00
162,313,0.86
163,313,0.57
164,313,0.29
155,314,0.29
156,314,0.57
157,314,0.86
158,314,1.00
159,314,1.00
160,314,1.00
161,314,0.86
162,314,0.57
163,314,0.29
156,315,0.29
157,315,0.57
158,315,0.86
159,315,1.00
160,315,0.86
161,315,0.57
162,315,0.29
157,316,0.29
158,316,0.57
159,316,0.86
160,316,0.57
161,316,0.29
158,317,0.29
159,317,0.57
160,317,0.29
159,318,0.29
165,300,0.29
164,301,0.29
165,301,0.86
166,301,0.86
163,302,0.29
164,302,0.57
165,302,0.86
166,302,0.86
167,302,0.86
162,303,0.29
163,303,0.57
164,303,0.86
165,303,1.00
166,303,0.86
167,303,0.86
168,303,0.86
161,304,0.29
162,304,0.57
163,304,0.86
164,304,1.00
165,304,1.00
166,304,1.00
167,304,0.86
168,304,1.00
169,304,1.00
160,305,0.29
161,305,0.57
162,305,0.86
163,305,1.00
164,305,1.00
165,305,1.00
166,305,1.00
167,305,1.00
168,305,1.00
169,305,1.00
170,305,1.00
160,306,0.57
161,306,0.86
162,306,1.00
163,306,1.00
164,306,1.00
165,306,1.00
166,306,1.00
167,306,1.00
168,306,1.00
169,306,1.00
170,306,1.00
171,306,1.00
161,307,0.57
162,307,0.86
163,307,1.00
164,307,1.00
165,307,1.00
166,307,1.00
167,307,1.00
168,307,1.00
169,307,1.00
170,307,1.00
162,308,0.57
163,308,0.86
164,308,1.00
165,308,1.00
166,308,1.00
167,308,1.00
168,308,1.00
169,308,1.00
163,309,0.86
164,309,1.00
165,309,1.00
166,309,1.00
167,309,1.00
168,309,1.00
164,310,0.86
165,310,1.00
166,310,1.00
167,310,1.00
165,311,0.86
166,311,0.86
171,295,0.57
170,296,0.57
171,296,1.00
172,296,1.00
169,297,0.57
170,297,1.00
171,297,1.00
172,297,1.00
173,297,1.00
168,298,0.29
169,298,0.86
170,298,1.00
171,298,1.00
172,298,1.00
173,298,1.00
174,298,1.00
167,299,0.29
168,299,0.57
169,299,1.00
170,299,1.00
171,299,1.00
172,299,1.00
173,299,1.00
174,299,1.00
175,299,1.00
166,300,0.29
167,300,0.57
168,300,1.00
169,300,1.00
170,300,1.00
171,300,1.00
172,300,1.00
173,300,1.00
174,300,1.00
175,300,1.00
176,300,1.00
167,301,0.86
168,301,1.00
169,301,1.00
170,301,1.00
171,301,1.00
172,301,1.00
173,301,1.00
174,301,1.00
175,301,1.00
176,301,1.00
177,301,1.00
168,302,0.86
169,302,1.00
170,302,1.00
171,302,1.00
172,302,1.00
173,302,1.00
174,302,1.00
175,302,1.00
176,302,1.00
169,303,1.00
170,303,1.00
171,303,1.00
172,303,1.00
173,303,1.00
174,303,1.00
175,303,1.00
170,304,1.00
171,304,1.00
172,304,1.00
173,304,1.00
174,304,1.00
171,305,1.00
172,305,0.86
173,305,1.00
172,306,0.57
171,307,1.00
175,292,1.00
174,293,1.00
175,293,1.00
176,293,1.00
173,294,0.86
174,294,1.00
175,294,1.00
176,294,1.00
177,294,1.00
172,295,0.86
173,295,1.00
174,295,1.00
175,295,1.00
176,295,1.00
177,295,1.00
178,295,1.00
173,296,1.00
174,296,1.00
175,296,1.00
176,296,1.00
177,296,1.00
178,296,1.00
179,296,1.00
174,297,1.00
175,297,1.00
176,297,1.00
177,297,1.00
178,297,1.00
179,297,1.00
180,297,1.00
175,298,1.00
176,298,1.00
177,298,1.00
178,298,1.00
179,298,1.00
180,298,1.00
181,298,0.57
176,299,1.00
177,299,1.00
178,299,1.00
179,299,1.00
180,299,0.57
177,300,1.00
178,300,1.00
179,300,1.00
178,301,1.00
177,302,1.00
176,303,1.00
175,304,1.00
175,291,0.29
174,292,0.29
176,292,0.86
173,293,0.29
177,293,1.00
172,294,0.29
178,294,1.00
179,295,1.00
180,296,1.00
181,297,0.86
180,300,0.29
179,301,0.86
178,302,0.86
177,303,0.86
176,304,0.86
174,305,1.00
175,305,0.86
174,306,0.86
157,322,0.57
158,322,0.57
156,323,1.00
157,323,1.00
158,323,1.00
159,323,1.00
155,324,1.00
156,324,0.86
157,324,0.57
158,324,0.57
154,325,1.00
155,325,0.86
156,325,0.57
157,325,0.29
153,326,1.00
154,326,0.86
155,326,0.57
156,326,0.29
152,327,0.57
153,327,0.86
154,327,0.57
155,327,0.29
152,328,0.29
153,328,0.57
154,328,0.29
153,329,0.29
115,372,0.57
114,373,1.00
115,373,1.00
116,373,0.57
113,374,1.00
114,374,1.00
115,374,1.00
116,374,0.57
117,374,0.29
112,375,1.00
113,375,1.00
114,375,1.00
115,375,1.00
116,375,0.86
117,375,0.57
118,375,0.29
113,376,1.00
114,376,1.00
115,376,1.00
116,376,1.00
117,376,0.86
118,376,0.57
114,377,1.00
115,377,1.00
116,377,1.00
117,377,1.00
113,378,1.00
114,378,1.00
115,378,1.00
116,378,1.00
114,379,1.00
115,379,1.00
113,380,0.86
114,380,1.00
112,381,0.29
113,381,0.57
113,382,0.29
114,382,0.57
114,383,0.29
115,383,0.57
115,384,0.29
104,398,0.29
103,399,0.29
104,399,0.57
105,399,0.29
104,400,0.86
105,400,0.57
106,400,0.29
105,401,0.86
106,401,0.57
100,415,0.29
101,415,0.57
99,416,0.29
100,416,0.57
101,416,0.86
102,416,0.57
103,416,0.29
98,417,0.29
99,417,0.57
100,417,0.86
101,417,1.00
102,417,0.86
103,417,0.57
104,417,0.29
97,418,0.29
98,418,0.57
99,418,0.86
100,418,1.00
101,418,1.00
102,418,1.00
103,418,0.86
104,418,0.57
105,418,0.29
97,419,0.57
98,419,0.86
99,419,1.00
100,419,1.00
101,419,1.00
102,419,1.00
103,419,1.00
104,419,0.86
105,419,0.57
106,419,0.29
98,420,1.00
99,420,1.00
100,420,1.00
101,420,1.00
102,420,1.00
104,420,1.00
105,420,0.86
106,420,0.57
107,420,0.29
98,421,0.86
99,421,1.00
100,421,1.00
101,421,1.00
105,421,0.57
106,421,0.29
97,422,0.29
98,422,0.57
99,422,0.86
100,422,1.00
98,423,0.29
99,423,0.57
97,428,1.00
102,435,0.57
97,445,1.00
103,445,1.00
104,445,1.00
98,446,1.00
102,446,1.00
104,446,1.00
99,447,1.00
101,447,1.00
95,445,0.29
96,445,0.86
96,446,0.29
97,446,0.86
105,446,0.86
97,447,0.29
98,447,0.86
105,447,0.29
98,448,0.29
99,448,0.86
95,444,0.29
106,364,0.29
105,365,0.29
106,365,0.57
107,365,0.29
104,366,0.29
105,366,0.57
106,366,0.86
107,366,0.57
108,366,0.29
103,367,0.29
104,367,0.57
105,367,0.86
106,367,1.00
107,367,0.86
108,367,0.57
109,367,0.29
102,368,0.29
103,368,0.57
104,368,0.86
105,368,1.00
106,368,1.00
107,368,1.00
108,368,0.86
109,368,0.86
110,368,0.86
101,369,0.29
102,369,0.57
103,369,0.86
104,369,1.00
105,369,1.00
106,369,1.00
107,369,1.00
108,369,1.00
109,369,1.00
110,369,1.00
111,369,0.86
100,370,0.29
101,370,0.57
102,370,0.86
103,370,1.00
104,370,1.00
105,370,1.00
106,370,1.00
107,370,1.00
108,370,1.00
109,370,1.00
110,370,1.00
111,370,1.00
112,370,0.86
101,371,0.57
102,371,0.57
103,371,0.86
104,371,1.00
105,371,1.00
106,371,1.00
108,371,1.00
109,371,1.00
110,371,1.00
111,371,1.00
102,372,0.57
103,372,0.57
104,372,0.86
105,372,1.00
109,372,1.00
110,372,1.00
103,373,0.57
104,373,0.86
115,315,0.86
114,316,0.29
115,316,0.86
116,316,0.86
113,317,0.29
114,317,0.57
115,317,0.86
116,317,0.86
117,317,0.86
112,318,0.29
113,318,0.57
114,318,0.86
115,318,1.00
116,318,0.86
117,318,0.86
118,318,0.86
111,319,0.29
112,319,0.57
113,319,0.86
114,319,1.00
115,319,1.00
116,319,1.00
117,319,0.86
118,319,0.86
119,319,0.86
110,320,0.29
111,320,0.57
112,320,0.86
113,320,1.00
114,320,1.00
115,320,1.00
116,320,1.00
117,320,1.00
118,320,0.86
119,320,0.86
120,320,0.29
109,321,0.29
110,321,0.57
111,321,0.86
112,321,1.00
113,321,1.00
114,321,1.00
115,321,1.00
116,321,1.00
117,321,1.00
118,321,1.00
119,321,0.86
120,321,0.57
121,321,0.29
110,322,0.29
111,322,0.57
112,322,0.86
113,322,1.00
114,322,1.00
115,322,1.00
116,322,1.00
117,322,1.00
118,322,0.86
119,322,0.57
120,322,0.29
111,323,0.29
112,323,0.57
113,323,0.86
114,323,1.00
115,323,1.00
116,323,1.00
117,323,0.86
118,323,0.57
119,323,0.29
112,324,0.29
113,324,0.57
114,324,0.86
115,324,1.00
116,324,0.86
117,324,0.57
118,324,0.29
113,325,0.29
114,325,0.57
115,325,0.86
116,325,0.57
117,325,0.29
114,326,0.29
115,326,0.57
116,326,0.29
115,327,0.29
119,308,0.29
118,309,0.29
119,309,0.57
120,309,0.29
117,310,0.29
118,310,0.57
119,310,0.86
120,310,0.57
121,310,0.29
116,311,0.29
117,311,0.57
118,311,0.86
119,311,1.00
120,311,0.86
121,311,0.57
122,311,0.29
115,312,0.29
116,312,0.57
117,312,0.86
118,312,1.00
119,312,1.00
120,312,1.00
121,312,0.86
122,312,0.57
123,312,0.29
114,313,0.29
115,313,0.57
116,313,0.86
117,313,1.00
118,313,1.00
119,313,1.00
120,313,1.00
121,313,1.00
122,313,0.86
123,313,0.57
124,313,0.29
113,314,0.29
114,314,0.57
115,314,0.86
116,314,1.00
117,314,1.00
118,314,1.00
119,314,1.00
120,314,1.00
121,314,1.00
122,314,1.00
123,314,0.86
124,314,0.57
125,314,0.29
114,315,0.29
116,315,0.86
117,315,1.00
118,315,1.00
119,315,1.00
120,315,1.00
121,315,1.00
122,315,0.86
123,315,0.57
124,315,0.29
117,316,0.86
118,316,1.00
119,316,1.00
120,316,1.00
121,316,0.86
122,316,0.57
123,316,0.29
118,317,0.86
119,317,1.00
120,317,0.86
121,317,0.57
122,317,0.29
119,318,0.86
120,318,0.57
121,318,0.29
120,319,0.29
126,297,0.29
125,298,0.29
126,298,0.86
127,298,0.86
124,299,0.29
125,299,0.86
126,299,1.00
127,299,1.00
128,299,1.00
123,300,0.29
124,300,0.57
125,300,0.86
126,300,1.00
127,300,1.00
128,300,1.00
129,300,1.00
122,301,0.29
123,301,0.57
124,301,0.86
125,301,1.00
126,301,1.00
127,301,1.00
128,301,1.00
129,301,1.00
130,301,1.00
121,302,0.29
122,302,0.57
123,302,0.86
124,302,1.00
125,302,1.00
126,302,1.00
127,302,1.00
128,302,1.00
129,302,1.00
130,302,1.00
131,302,1.00
120,303,0.29
121,303,0.57
122,303,0.86
123,303,1.00
124,303,1.00
125,303,1.00
126,303,1.00
127,303,1.00
128,303,1.00
129,303,1.00
130,303,1.00
131,303,1.00
132,303,0.86
121,304,0.29
122,304,0.57
123,304,0.86
124,304,1.00
125,304,1.00
126,304,1.00
127,304,1.00
128,304,1.00
129,304,0.86
130,304,0.86
131,304,0.86
122,305,0.29
123,305,0.57
124,305,0.86
125,305,1.00
126,305,1.00
127,305,1.00
128,305,0.86
129,305,0.57
130,305,0.29
123,306,0.29
124,306,0.57
125,306,0.86
126,306,1.00
127,306,0.86
128,306,0.57
129,306,0.29
124,307,0.29
125,307,0.57
126,307,0.86
127,307,0.57
128,307,0.29
125,308,0.29
126,308,0.57
127,308,0.29
126,309,0.29
131,293,0.29
130,294,0.29
131,294,0.57
132,294,0.29
129,295,0.29
130,295,0.57
131,295,0.86
132,295,0.86
133,295,0.86
128,296,0.29
129,296,0.57
130,296,0.86
131,296,1.00
132,296,1.00
133,296,1.00
134,296,1.00
127,297,0.29
128,297,0.57
129,297,0.86
130,297,1.00
131,297,1.00
132,297,1.00
133,297,1.00
134,297,1.00
135,297,1.00
128,298,0.86
129,298,1.00
130,298,1.00
131,298,1.00
132,298,1.00
133,298,1.00
134,298,1.00
135,298,1.00
136,298,1.00
129,299,1.00
130,299,1.00
131,299,1.00
132,299,1.00
133,299,1.00
134,299,1.00
135,299,1.00
136,299,1.00
137,299,1.00
130,300,1.00
131,300,1.00
132,300,1.00
133,300,1.00
134,300,0.86
135,300,0.86
136,300,0.86
131,301,1.00
132,301,1.00
133,301,0.86
134,301,0.57
135,301,0.29
132,302,0.86
133,302,0.57
134,302,0.29
133,303,0.29
132,304,0.29
131,305,0.29
137,290,0.29
136,291,0.29
137,291,0.57
138,291,0.29
135,292,0.29
136,292,0.57
137,292,0.86
138,292,0.57
139,292,0.29
134,293,0.29
135,293,0.57
136,293,0.86
137,293,1.00
138,293,0.86
139,293,0.57
140,293,0.29
133,294,0.29
134,294,0.57
135,294,0.86
136,294,1.00
137,294,1.00
138,294,1.00
139,294,0.86
140,294,0.57
141,294,0.29
134,295,0.86
135,295,1.00
136,295,1.00
137,295,1.00
138,295,1.00
139,295,1.00
140,295,0.86
141,295,0.57
142,295,0.29
135,296,1.00
136,296,1.00
137,296,1.00
138,296,1.00
139,296,1.00
140,296,1.00
141,296,0.86
142,296,0.57
143,296,0.29
136,297,1.00
137,297,1.00
138,297,1.00
139,297,1.00
140,297,0.86
141,297,0.57
142,297,0.29
137,298,1.00
138,298,1.00
139,298,0.86
140,298,0.57
141,298,0.29
138,299,0.86
139,299,0.57
140,299,0.29
137,300,0.86
138,300,0.57
139,300,0.29
136,301,0.29
137,301,0.57
138,301,0.29
137,302,0.57
146,283,0.29
145,284,0.29
146,284,0.86
147,284,0.86
144,285,0.29
145,285,0.86
146,285,1.00
147,285,1.00
148,285,1.00
143,286,0.29
144,286,0.86
145,286,1.00
146,286,1.00
147,286,1.00
148,286,1.00
149,286,1.00
142,287,0.29
143,287,0.57
144,287,0.86
145,287,1.00
146,287,1.00
147,287,1.00
148,287,1.00
149,287,1.00
150,287,1.00
141,288,0.29
142,288,0.57
143,288,0.86
144,288,1.00
145,288,1.00
146,288,1.00
147,288,1.00
148,288,1.00
149,288,1.00
150,288,1.00
151,288,1.00
140,289,0.29
141,289,0.57
142,289,0.86
143,289,1.00
144,289,1.00
145,289,1.00
146,289,1.00
147,289,1.00
148,289,1.00
149,289,1.00
150,289,1.00
151,289,1.00
152,289,1.00
141,290,0.29
142,290,0.57
143,290,0.86
144,290,1.00
145,290,1.00
146,290,1.00
147,290,1.00
148,290,1.00
149,290,1.00
150,290,1.00
151,290,1.00
142,291,0.29
143,291,0.57
144,291,0.86
145,291,1.00
146,291,1.00
147,291,1.00
148,291,1.00
149,291,1.00
150,291,1.00
143,292,0.29
144,292,0.57
145,292,0.86
146,292,1.00
147,292,0.86
148,292,0.86
149,292,0.86
144,293,0.29
145,293,0.57
146,293,0.86
147,293,0.57
148,293,0.29
145,294,0.29
146,294,0.57
147,294,0.29
146,295,0.29
150,280,0.29
149,281,0.29
150,281,0.57
151,281,0.29
148,282,0.29
149,282,0.57
150,282,1.00
151,282,0.57
152,282,0.29
147,283,0.29
148,283,0.57
149,283,1.00
150,283,1.00
151,283,1.00
152,283,0.57
153,283,0.29
148,284,1.00
149,284,1.00
150,284,1.00
151,284,1.00
152,284,1.00
153,284,0.57
154,284,0.29
149,285,1.00
150,285,1.00
151,285,1.00
152,285,1.00
153,285,1.00
154,285,0.57
155,285,0.29
150,286,1.00
151,286,1.00
152,286,1.00
153,286,1.00
154,286,1.00
155,286,0.57
156,286,0.29
151,287,1.00
152,287,1.00
153,287,1.00
154,287,1.00
155,287,0.57
152,288,1.00
153,288,1.00
154,288,1.00
153,289,1.00
152,290,1.00
151,291,1.00
150,292,1.00
155,288,0.57
156,288,0.29
154,289,0.57
155,289,0.29
153,290,0.57
154,290,0.29
152,291,0.57
153,291,0.29
151,292,0.57
152,292,0.29
149,293,0.29
150,293,0.57
151,293,0.29
136,303,0.29
137,303,0.57
138,303,0.29
135,304,0.29
136,304,0.57
137,304,0.86
138,304,0.57
139,304,0.29
134,305,0.29
135,305,0.57
136,305,0.86
137,305,1.00
138,305,0.86
139,305,0.57
140,305,0.29
133,306,0.29
134,306,0.57
135,306,0.86
136,306,1.00
137,306,1.00
138,306,1.00
139,306,0.86
140,306,0.57
141,306,0.29
132,307,0.29
133,307,0.57
134,307,0.86
135,307,1.00
136,307,1.00
137,307,1.00
138,307,1.00
139,307,1.00
140,307,0.86
141,307,0.57
142,307,0.29
131,308,0.29
132,308,0.57
133,308,0.86
134,308,1.00
135,308,1.00
136,308,1.00
137,308,1.00
138,308,1.00
139,308,1.00
140,308,1.00
141,308,0.86
132,309,0.29
133,309,0.57
134,309,0.86
135,309,1.00
136,309,1.00
137,309,1.00
138,309,1.00
139,309,1.00
140,309,0.86
133,310,0.29
134,310,0.57
135,310,0.86
136,310,1.00
137,310,1.00
138,310,1.00
139,310,0.86
134,311,0.29
135,311,0.57
136,311,0.86
137,311,1.00
138,311,0.86
135,312,0.29
136,312,0.57
137,312,0.86
136,313,0.29
137,313,0.57
138,313,0.29
137,314,0.29
116,340,0.29
115,341,0.29
116,341,0.57
117,341,0.29
114,342,0.29
115,342,0.57
116,342,0.86
117,342,0.57
118,342,0.29
113,343,0.29
114,343,0.57
115,343,0.86
116,343,1.00
117,343,0.86
118,343,0.57
119,343,0.29
112,344,0.29
113,344,0.57
114,344,0.86
115,344,1.00
116,344,1.00
117,344,1.00
118,344,0.86
119,344,0.57
120,344,0.29
111,345,0.29
112,345,0.57
113,345,0.86
114,345,1.00
115,345,1.00
116,345,1.00
117,345,1.00
118,345,1.00
119,345,0.86
120,345,0.57
121,345,0.57
110,346,0.29
111,346,0.57
112,346,0.86
113,346,1.00
114,346,1.00
115,346,1.00
116,346,1.00
117,346,1.00
118,346,1.00
119,346,1.00
120,346,1.00
121,346,1.00
122,346,1.00
111,347,0.29
112,347,0.57
113,347,0.86
114,347,1.00
115,347,1.00
116,347,1.00
117,347,1.00
118,347,1.00
119,347,0.86
120,347,0.57
121,347,0.57
112,348,0.29
113,348,0.57
114,348,0.86
115,348,1.00
116,348,1.00
117,348,1.00
118,348,0.86
119,348,0.57
120,348,0.29
113,349,0.29
114,349,0.57
115,349,0.86
116,349,1.00
117,349,0.86
118,349,0.57
119,349,0.29
114,350,0.29
115,350,0.57
116,350,0.86
117,350,0.57
118,350,0.29
115,351,0.29
116,351,0.57
117,351,0.29
116,352,0.29
110,352,0.29
109,353,0.29
110,353,0.57
111,353,0.29
108,354,0.29
109,354,0.57
110,354,0.86
111,354,0.57
112,354,0.29
107,355,0.29
108,355,0.57
109,355,0.86
110,355,1.00
111,355,0.86
112,355,0.57
113,355,0.29
106,356,0.29
107,356,0.57
108,356,0.86
109,356,1.00
110,356,1.00
111,356,1.00
112,356,0.86
113,356,0.57
114,356,0.29
105,357,0.29
106,357,0.57
107,357,0.86
108,357,1.00
109,357,1.00
110,357,1.00
111,357,1.00
112,357,1.00
113,357,0.86
114,357,0.57
115,357,0.29
104,358,0.29
105,358,0.57
106,358,0.86
107,358,1.00
108,358,1.00
109,358,1.00
110,358,1.00
111,358,1.00
112,358,1.00
113,358,1.00
114,358,0.86
115,358,0.57
116,358,0.29
105,359,0.29
106,359,0.57
107,359,0.86
108,359,1.00
109,359,1.00
110,359,1.00
111,359,1.00
112,359,1.00
113,359,0.86
114,359,0.57
115,359,0.29
106,360,0.29
107,360,0.57
108,360,0.86
109,360,1.00
110,360,1.00
111,360,1.00
112,360,0.86
113,360,0.57
114,360,0.29
107,361,0.29
108,361,0.57
109,361,0.86
110,361,1.00
111,361,0.86
112,361,0.57
113,361,0.29
108,362,0.29
109,362,0.57
110,362,0.86
111,362,0.57
112,362,0.29
109,363,0.29
110,363,0.57
111,363,0.29
110,364,0.29
100,372,0.29
101,372,0.57
99,373,0.29
100,373,0.57
101,373,0.86
102,373,0.57
98,374,0.29
99,374,0.57
100,374,0.86
101,374,1.00
102,374,0.86
103,374,0.57
97,375,0.29
98,375,0.57
99,375,0.86
100,375,1.00
101,375,1.00
102,375,1.00
96,376,0.29
97,376,0.57
98,376,0.86
99,376,1.00
100,376,1.00
101,376,1.00
95,377,0.29
96,377,0.57
97,377,0.86
98,377,1.00
99,377,1.00
100,377,1.00
96,378,0.29
97,378,0.57
98,378,1.00
99,378,1.00
100,378,1.00
97,379,0.86
98,379,1.00
99,379,1.00
98,380,1.00
99,381,1.00
100,382,1.00
101,383,1.00
96,380,0.57
97,380,1.00
95,381,0.57
96,381,1.00
97,381,1.00
98,381,1.00
94,382,0.57
95,382,1.00
96,382,1.00
97,382,1.00
98,382,1.00
99,382,1.00
95,383,1.00
96,383,1.00
97,383,1.00
98,383,1.00
99,383,1.00
100,383,1.00
96,384,1.00
97,384,1.00
98,384,1.00
99,384,1.00
100,384,1.00
101,384,1.00
102,384,1.00
97,385,1.00
98,385,1.00
99,385,1.00
100,385,1.00
101,385,1.00
102,385,1.00
103,385,1.00
98,386,1.00
99,386,1.00
100,386,1.00
101,386,1.00
102,386,1.00
99,387,1.00
100,387,1.00
101,387,1.00
100,388,1.00
94,383,0.29
95,384,0.29
96,385,0.29
97,386,0.29
103,386,0.29
98,387,0.29
102,387,0.29
99,388,0.29
101,388,0.29
100,389,0.29
110,367,0.29
111,368,0.29
112,369,0.29
113,370,0.29
112,371,0.86
113,371,0.57
114,371,0.29
111,372,1.00
112,372,1.00
113,372,0.86
114,372,0.57
110,373,1.00
111,373,1.00
112,373,1.00
113,373,1.00
111,374,1.00
112,374,1.00
126,340,0.86
125,341,0.86
126,341,1.00
127,341,1.00
124,342,0.57
125,342,1.00
126,342,1.00
127,342,1.00
128,342,1.00
123,343,0.57
124,343,1.00
125,343,1.00
126,343,1.00
127,343,1.00
128,343,1.00
129,343,1.00
122,344,0.57
123,344,1.00
124,344,1.00
125,344,1.00
126,344,1.00
127,344,1.00
128,344,1.00
129,344,1.00
130,344,1.00
122,345,0.57
123,345,1.00
124,345,1.00
125,345,1.00
126,345,1.00
127,345,1.00
128,345,1.00
129,345,1.00
130,345,1.00
131,345,1.00
123,346,1.00
124,346,1.00
125,346,1.00
126,346,1.00
127,346,1.00
128,346,1.00
129,346,1.00
130,346,1.00
131,346,1.00
132,346,0.86
122,347,0.57
123,347,0.86
124,347,1.00
125,347,1.00
126,347,1.00
127,347,1.00
128,347,1.00
129,347,1.00
130,347,1.00
131,347,0.86
122,348,0.29
123,348,0.57
124,348,0.86
125,348,1.00
126,348,1.00
127,348,1.00
128,348,1.00
129,348,1.00
130,348,0.57
123,349,0.29
124,349,0.57
125,349,0.86
126,349,1.00
127,349,1.00
128,349,1.00
129,349,0.57
124,350,0.29
125,350,0.57
126,350,0.86
127,350,0.57
128,350,0.57
125,351,0.29
126,351,0.57
127,351,0.29
126,352,0.29
128,338,0.57
127,339,0.57
128,339,1.00
129,339,1.00
127,340,1.00
128,340,1.00
129,340,1.00
130,340,1.00
128,341,1.00
129,341,1.00
130,341,1.00
131,341,1.00
129,342,1.00
130,342,1.00
131,342,1.00
132,342,1.00
130,343,1.00
131,343,1.00
132,343,1.00
133,343,1.00
131,344,1.00
132,344,1.00
133,344,1.00
134,344,0.57
132,345,1.00
133,345,0.57
131,335,0.29
130,336,0.29
131,336,0.57
132,336,0.29
129,337,0.29
130,337,0.57
131,337,0.86
132,337,0.57
133,337,0.29
129,338,0.57
130,338,0.86
131,338,1.00
132,338,0.86
133,338,0.57
134,338,0.29
130,339,1.00
131,339,1.00
132,339,1.00
133,339,0.86
134,339,0.57
135,339,0.29
131,340,1.00
132,340,1.00
133,340,1.00
134,340,0.86
135,340,0.57
136,340,0.29
132,341,1.00
133,341,1.00
134,341,1.00
135,341,0.86
136,341,0.57
137,341,0.29
133,342,1.00
134,342,0.86
135,342,0.57
136,342,0.29
134,343,0.57
135,343,0.29
146,324,0.57
145,325,1.00
146,325,0.57
147,325,0.29
138,326,0.29
144,326,1.00
145,326,1.00
146,326,0.86
147,326,0.57
148,326,0.29
137,327,0.29
138,327,0.57
139,327,0.86
143,327,1.00
144,327,1.00
145,327,1.00
146,327,1.00
147,327,0.86
148,327,0.57
149,327,0.29
139,328,0.57
140,328,0.86
142,328,1.00
143,328,1.00
145,328,1.00
146,328,0.86
147,328,0.57
148,328,0.29
140,329,0.57
141,329,0.86
142,329,1.00
146,329,0.57
147,329,0.29
141,330,0.57
147,316,0.57
148,316,0.29
146,317,1.00
147,317,0.86
148,317,0.57
145,318,1.00
146,318,1.00
147,318,1.00
145,319,1.00
146,319,1.00
153,306,1.00
152,307,1.00
153,307,1.00
154,307,1.00
151,308,1.00
152,308,1.00
153,308,1.00
154,308,0.86
155,308,0.29
150,309,1.00
151,309,1.00
152,309,1.00
153,309,1.00
154,309,0.86
155,309,0.57
149,310,1.00
150,310,1.00
151,310,1.00
152,310,1.00
153,310,0.86
154,310,0.57
150,311,1.00
151,311,1.00
152,311,0.86
153,311,0.57
151,312,0.86
152,312,0.57
150,313,0.86
151,313,0.57
152,313,0.29
149,314,0.29
150,314,0.57
151,314,0.29
150,315,0.29
156,302,1.00
155,303,1.00
156,303,1.00
157,303,1.00
154,304,1.00
155,304,1.00
156,304,1.00
157,304,0.86
158,304,0.29
154,305,1.00
155,305,1.00
156,305,0.86
157,305,0.29
154,306,1.00
155,306,0.86
156,306,0.29
155,307,0.29
153,296,0.86
154,297,1.00
155,298,1.00
156,299,1.00
157,300,1.00
157,301,1.00
158,301,0.86
157,302,1.00
158,302,0.86
159,302,0.29
158,303,0.29
157,291,0.57
156,292,0.29
157,292,0.57
158,292,0.57
155,293,0.29
156,293,0.57
157,293,0.86
158,293,0.57
159,293,0.57
154,294,0.29
155,294,0.57
156,294,0.86
157,294,1.00
158,294,0.86
159,294,0.57
160,294,0.57
153,295,0.29
154,295,0.57
155,295,0.86
156,295,1.00
157,295,1.00
158,295,1.00
159,295,0.86
160,295,0.57
161,295,0.57
154,296,0.86
155,296,1.00
156,296,1.00
157,296,1.00
158,296,1.00
159,296,1.00
160,296,0.86
161,296,0.57
162,296,0.57
155,297,1.00
156,297,1.00
157,297,1.00
158,297,1.00
159,297,1.00
160,297,1.00
161,297,0.86
162,297,0.57
163,297,0.29
156,298,1.00
157,298,1.00
158,298,1.00
159,298,1.00
160,298,0.86
161,298,0.57
162,298,0.29
157,299,1.00
158,299,1.00
159,299,0.86
160,299,0.57
161,299,0.29
158,300,0.86
159,300,0.57
160,300,0.29
159,301,0.29
162,284,0.29
161,285,0.29
162,285,0.57
163,285,0.29
160,286,0.29
161,286,0.57
162,286,0.86
163,286,0.57
164,286,0.29
159,287,0.29
160,287,0.57
161,287,0.86
162,287,1.00
163,287,0.86
164,287,0.57
165,287,0.29
158,288,0.29
159,288,0.57
160,288,0.86
161,288,1.00
162,288,1.00
163,288,1.00
164,288,0.86
165,288,0.57
166,288,0.29
157,289,0.29
158,289,0.57
159,289,0.86
160,289,1.00
161,289,1.00
162,289,1.00
163,289,1.00
164,289,1.00
165,289,0.86
166,289,0.57
167,289,0.29
156,290,0.29
157,290,0.57
158,290,0.86
159,290,1.00
160,290,1.00
161,290,1.00
162,290,1.00
163,290,1.00
164,290,1.00
165,290,1.00
166,290,0.86
167,290,0.57
168,290,0.29
158,291,0.57
159,291,0.86
160,291,1.00
161,291,1.00
162,291,1.00
163,291,1.00
164,291,1.00
165,291,0.86
166,291,0.57
167,291,0.29
159,292,0.57
160,292,0.86
161,292,1.00
162,292,1.00
163,292,1.00
164,292,0.86
165,292,0.57
166,292,0.29
160,293,0.57
161,293,0.86
162,293,1.00
163,293,0.86
164,293,0.57
165,293,0.29
161,294,0.57
162,294,0.86
163,294,0.57
164,294,0.29
162,295,0.57
163,295,0.29
169,276,1.00
168,277,1.00
169,277,1.00
170,277,1.00
167,278,0.57
168,278,1.00
169,278,1.00
170,278,1.00
171,278,1.00
166,279,0.29
167,279,0.57
168,279,1.00
169,279,1.00
170,279,1.00
171,279,1.00
172,279,1.00
165,280,0.29
166,280,0.57
167,280,0.86
168,280,1.00
169,280,1.00
170,280,1.00
171,280,1.00
172,280,1.00
173,280,1.00
164,281,0.29
165,281,0.57
166,281,0.86
167,281,1.00
168,281,1.00
169,281,1.00
170,281,1.00
171,281,1.00
172,281,1.00
173,281,1.00
174,281,0.57
163,282,0.29
164,282,0.57
165,282,0.86
166,282,1.00
167,282,1.00
168,282,1.00
169,282,1.00
170,282,1.00
171,282,1.00
172,282,1.00
173,282,1.00
174,282,0.57
175,282,0.29
164,283,0.29
165,283,0.57
166,283,0.86
167,283,1.00
168,283,1.00
169,283,1.00
170,283,1.00
171,283,1.00
172,283,1.00
173,283,0.57
174,283,0.29
165,284,0.29
166,284,0.57
167,284,0.86
168,284,1.00
169,284,1.00
170,284,1.00
171,284,0.86
172,284,0.57
173,284,0.29
166,285,0.29
167,285,0.57
168,285,0.86
169,285,1.00
170,285,0.86
171,285,0.57
172,285,0.29
167,286,0.29
168,286,0.57
169,286,0.86
170,286,0.57
171,286,0.29
168,287,0.29
169,287,0.57
170,287,0.29
169,288,0.29
172,271,0.57
171,272,0.57
172,272,1.00
173,272,1.00
170,273,0.29
171,273,0.57
172,273,1.00
173,273,1.00
174,273,1.00
169,274,0.29
170,274,0.57
171,274,0.86
172,274,1.00
173,274,1.00
174,274,1.00
175,274,1.00
168,275,0.29
169,275,0.57
170,275,0.86
171,275,1.00
172,275,1.00
173,275,1.00
174,275,1.00
175,275,1.00
176,275,1.00
167,276,0.29
168,276,0.57
170,276,1.00
171,276,1.00
172,276,1.00
173,276,1.00
174,276,1.00
175,276,1.00
176,276,1.00
177,276,1.00
166,277,0.29
167,277,0.57
171,277,1.00
172,277,1.00
173,277,1.00
174,277,1.00
175,277,1.00
176,277,1.00
177,277,1.00
178,277,0.57
172,278,1.00
173,278,1.00
174,278,1.00
175,278,0.86
176,278,0.57
177,278,0.57
173,279,1.00
174,279,0.86
175,279,0.57
176,279,0.29
174,280,0.57
175,280,0.29
177,266,0.29
176,267,0.29
177,267,0.57
178,267,0.29
175,268,0.29
176,268,0.57
177,268,0.86
178,268,0.57
179,268,0.29
174,269,0.29
175,269,0.57
176,269,0.86
177,269,1.00
178,269,0.86
179,269,0.57
180,269,0.29
173,270,0.29
174,270,0.57
175,270,0.86
176,270,1.00
177,270,1.00
178,270,1.00
179,270,0.86
180,270,0.57
181,270,0.29
173,271,0.57
174,271,0.86
175,271,1.00
176,271,1.00
177,271,1.00
178,271,1.00
179,271,1.00
180,271,0.86
181,271,0.57
182,271,0.29
174,272,1.00
175,272,1.00
176,272,1.00
177,272,1.00
178,272,1.00
179,272,1.00
180,272,1.00
181,272,0.86
182,272,0.57
183,272,0.29
175,273,1.00
176,273,1.00
177,273,1.00
178,273,1.00
179,273,1.00
180,273,0.86
181,273,0.57
182,273,0.29
176,274,1.00
177,274,1.00
178,274,1.00
179,274,0.86
180,274,0.57
181,274,0.29
177,275,1.00
178,275,0.86
179,275,0.57
180,275,0.29
178,276,0.57
179,276,0.29
184,259,0.29
183,260,0.29
184,260,0.57
185,260,0.29
182,261,0.29
183,261,0.57
184,261,0.86
185,261,0.57
186,261,0.29
181,262,0.29
182,262,0.57
183,262,0.86
184,262,1.00
185,262,0.86
186,262,0.57
187,262,0.29
180,263,0.29
181,263,0.57
182,263,0.86
183,263,1.00
184,263,1.00
185,263,1.00
186,263,0.86
187,263,0.57
188,263,0.29
179,264,0.29
180,264,0.57
181,264,0.86
182,264,1.00
183,264,1.00
184,264,1.00
185,264,1.00
186,264,1.00
187,264,0.86
188,264,0.57
189,264,0.29
178,265,0.29
179,265,0.57
180,265,0.86
181,265,1.00
182,265,1.00
183,265,1.00
184,265,1.00
185,265,1.00
186,265,1.00
187,265,1.00
188,265,0.86
189,265,0.57
190,265,0.29
179,266,0.29
180,266,0.57
181,266,0.86
182,266,1.00
183,266,1.00
184,266,1.00
185,266,1.00
186,266,1.00
187,266,0.86
188,266,0.57
189,266,0.29
180,267,0.29
181,267,0.57
182,267,0.86
183,267,1.00
184,267,1.00
185,267,1.00
186,267,0.86
187,267,0.57
188,267,0.29
181,268,0.29
182,268,0.57
183,268,0.86
184,268,1.00
185,268,0.86
186,268,0.57
187,268,0.29
182,269,0.29
183,269,0.57
184,269,0.86
185,269,0.57
186,269,0.29
183,270,0.29
184,270,0.57
185,270,0.29
184,271,0.29
196,248,0.29
195,249,0.29
196,249,0.57
197,249,0.29
194,250,0.29
195,250,0.57
196,250,0.86
197,250,0.57
198,250,0.29
193,251,0.29
194,251,0.57
195,251,0.86
196,251,1.00
197,251,0.86
198,251,0.57
199,251,0.29
192,252,0.29
193,252,0.57
194,252,0.86
195,252,1.00
196,252,1.00
197,252,1.00
198,252,0.86
199,252,0.57
200,252,0.29
191,253,0.29
192,253,0.57
193,253,0.86
194,253,1.00
195,253,1.00
196,253,1.00
197,253,1.00
198,253,1.00
199,253,0.86
200,253,0.57
201,253,0.29
190,254,0.29
191,254,0.57
192,254,0.86
193,254,1.00
194,254,1.00
195,254,1.00
196,254,1.00
197,254,1.00
198,254,1.00
199,254,1.00
200,254,0.86
201,254,0.57
202,254,0.29
191,255,0.29
192,255,0.57
193,255,0.86
194,255,1.00
195,255,1.00
196,255,1.00
197,255,1.00
198,255,1.00
199,255,0.86
200,255,0.57
201,255,0.29
192,256,0.29
193,256,0.57
194,256,0.86
195,256,1.00
196,256,1.00
197,256,1.00
198,256,0.86
199,256,0.57
200,256,0.29
193,257,0.29
194,257,0.57
195,257,0.86
196,257,1.00
197,257,0.86
198,257,0.57
199,257,0.29
194,258,0.29
195,258,0.57
196,258,0.86
197,258,0.57
198,258,0.29
195,259,0.29
196,259,0.57
197,259,0.29
196,260,0.29
207,239,0.29
206,240,0.29
207,240,0.57
208,240,0.29
205,241,0.29
206,241,0.57
207,241,0.86
208,241,0.57
209,241,0.29
204,242,0.29
205,242,0.57
206,242,0.86
207,242,1.00
208,242,0.86
209,242,0.57
210,242,0.29
203,243,0.29
204,243,0.57
205,243,0.86
206,243,1.00
207,243,1.00
208,243,1.00
209,243,0.86
210,243,0.57
211,243,0.29
202,244,0.29
203,244,0.57
204,244,0.86
205,244,1.00
206,244,1.00
207,244,1.00
208,244,1.00
209,244,1.00
210,244,0.86
211,244,0.57
212,244,0.29
201,245,0.29
202,245,0.57
203,245,0.86
204,245,1.00
205,245,1.00
206,245,1.00
207,245,1.00
208,245,1.00
209,245,1.00
210,245,1.00
211,245,0.86
212,245,0.57
213,245,0.29
202,246,0.29
203,246,0.57
204,246,0.86
205,246,1.00
206,246,1.00
207,246,1.00
208,246,1.00
209,246,1.00
210,246,0.86
211,246,0.57
212,246,0.29
203,247,0.29
204,247,0.57
205,247,0.86
206,247,1.00
207,247,1.00
208,247,1.00
209,247,0.86
210,247,0.57
211,247,0.29
204,248,0.29
205,248,0.57
206,248,0.86
207,248,1.00
208,248,0.86
209,248,0.57
210,248,0.29
205,249,0.29
206,249,0.57
207,249,0.86
208,249,0.57
209,249,0.29
206,250,0.29
207,250,0.57
208,250,0.29
207,251,0.29
218,228,1.00
217,229,0.86
218,229,1.00
219,229,1.00
216,230,0.29
217,230,0.86
218,230,1.00
219,230,1.00
220,230,1.00
215,231,0.29
216,231,0.57
217,231,0.86
218,231,1.00
219,231,1.00
220,231,1.00
221,231,1.00
214,232,0.29
215,232,0.57
216,232,0.86
217,232,1.00
218,232,1.00
219,232,1.00
220,232,1.00
221,232,1.00
222,232,1.00
213,233,0.29
214,233,0.57
215,233,0.86
216,233,1.00
217,233,1.00
218,233,1.00
219,233,1.00
220,233,1.00
221,233,1.00
222,233,1.00
223,233,1.00
212,234,0.29
213,234,0.57
214,234,0.86
215,234,1.00
216,234,1.00
217,234,1.00
218,234,1.00
219,234,1.00
220,234,1.00
221,234,1.00
222,234,1.00
223,234,0.86
224,234,0.29
213,235,0.29
214,235,0.57
215,235,0.86
216,235,1.00
217,235,1.00
218,235,1.00
219,235,1.00
220,235,1.00
221,235,0.86
222,235,0.86
223,235,0.29
214,236,0.29
215,236,0.57
216,236,0.86
217,236,1.00
218,236,1.00
219,236,1.00
220,236,0.86
221,236,0.57
222,236,0.29
215,237,0.29
216,237,0.57
217,237,0.86
218,237,1.00
219,237,0.86
220,237,0.57
221,237,0.29
216,238,0.29
217,238,0.57
218,238,0.86
219,238,0.57
220,238,0.29
217,239,0.29
218,239,0.57
219,239,0.29
218,240,0.29
222,223,1.00
221,224,1.00
222,224,1.00
223,224,1.00
220,225,0.86
221,225,1.00
222,225,1.00
223,225,1.00
224,225,1.00
219,226,0.86
220,226,1.00
221,226,1.00
222,226,1.00
223,226,1.00
224,226,1.00
225,226,1.00
218,227,0.86
219,227,1.00
220,227,1.00
221,227,1.00
222,227,1.00
223,227,1.00
224,227,1.00
225,227,1.00
226,227,1.00
217,228,0.29
219,228,1.00
220,228,1.00
221,228,1.00
222,228,1.00
223,228,1.00
224,228,1.00
225,228,1.00
226,228,1.00
227,228,1.00
216,229,0.29
220,229,1.00
221,229,1.00
222,229,1.00
223,229,1.00
224,229,1.00
225,229,1.00
226,229,1.00
227,229,1.00
228,229,0.29
221,230,1.00
222,230,1.00
223,230,1.00
224,230,1.00
225,230,1.00
226,230,1.00
227,230,0.29
222,231,1.00
223,231,1.00
224,231,1.00
225,231,0.86
226,231,0.29
223,232,1.00
224,232,0.86
225,232,0.29
224,233,0.29
223,221,0.57
222,222,0.57
223,222,1.00
224,222,1.00
221,223,0.57
223,223,1.00
224,223,1.00
225,223,1.00
220,224,0.57
224,224,1.00
225,224,1.00
226,224,1.00
219,225,0.29
225,225,1.00
226,225,1.00
227,225,1.00
218,226,0.29
226,226,1.00
227,226,1.00
228,226,1.00
217,227,0.29
227,227,1.00
228,227,1.00
229,227,0.57
228,228,0.57
226,218,0.29
225,219,0.29
226,219,0.57
227,219,0.29
224,220,0.29
225,220,0.57
226,220,0.86
227,220,0.86
228,220,0.86
224,221,0.57
225,221,0.86
226,221,1.00
227,221,1.00
228,221,1.00
229,221,1.00
225,222,1.00
226,222,1.00
227,222,1.00
228,222,1.00
229,222,1.00
230,222,1.00
226,223,1.00
227,223,1.00
228,223,1.00
229,223,1.00
230,223,1.00
231,223,1.00
227,224,1.00
228,224,1.00
229,224,1.00
230,224,1.00
231,224,1.00
232,224,1.00
228,225,1.00
229,225,0.86
230,225,0.86
231,225,0.86
229,226,0.57
230,226,0.29
232,215,0.29
231,216,0.29
232,216,0.57
233,216,0.57
230,217,0.29
231,217,0.57
232,217,1.00
233,217,1.00
234,217,1.00
229,218,0.29
230,218,0.57
231,218,1.00
232,218,1.00
233,218,1.00
234,218,1.00
235,218,1.00
228,219,0.29
229,219,0.57
230,219,1.00
231,219,1.00
232,219,1.00
233,219,1.00
234,219,1.00
235,219,1.00
236,219,1.00
229,220,1.00
230,220,1.00
231,220,1.00
232,220,1.00
233,220,1.00
234,220,1.00
235,220,1.00
236,220,1.00
237,220,1.00
230,221,1.00
231,221,1.00
232,221,1.00
233,221,1.00
234,221,1.00
235,221,1.00
236,221,1.00
237,221,1.00
238,221,1.00
231,222,1.00
232,222,1.00
233,222,1.00
234,222,1.00
235,222,1.00
236,222,1.00
237,222,1.00
232,223,1.00
233,223,1.00
234,223,1.00
235,223,1.00
236,223,1.00
233,224,1.00
234,224,1.00
235,224,1.00
232,225,0.86
233,225,0.57
234,225,0.57
231,226,0.29
232,226,0.57
233,226,0.29
232,227,0.29
235,214,0.29
234,215,0.29
235,215,0.57
236,215,0.86
234,216,0.57
235,216,1.00
236,216,1.00
237,216,1.00
235,217,1.00
236,217,1.00
237,217,1.00
238,217,1.00
236,218,1.00
237,218,1.00
238,218,1.00
239,218,1.00
237,219,1.00
238,219,1.00
239,219,1.00
240,219,1.00
238,220,1.00
239,220,1.00
240,220,1.00
241,220,1.00
239,221,1.00
240,221,1.00
238,222,1.00
239,222,1.00
237,223,1.00
238,223,1.00
236,224,0.57
237,224,0.86
235,225,0.57
236,225,0.29
235,226,0.29
238,213,0.57
237,214,0.57
238,214,1.00
239,214,0.57
237,215,1.00
238,215,1.00
239,215,1.00
240,215,0.57
238,216,1.00
239,216,1.00
240,216,1.00
241,216,1.00
239,217,1.00
240,217,1.00
241,217,1.00
242,217,1.00
240,218,1.00
241,218,1.00
242,218,1.00
243,218,1.00
241,219,1.00
242,219,1.00
243,219,1.00
244,219,1.00
242,220,1.00
243,220,1.00
241,221,1.00
242,221,1.00
240,222,1.00
241,222,1.00
239,223,1.00
240,223,0.57
238,224,1.00
239,224,0.57
238,225,0.57
243,213,0.29
242,214,0.29
243,214,0.57
244,214,0.29
241,215,0.29
242,215,0.57
243,215,0.86
244,215,0.57
245,215,0.57
242,216,0.86
243,216,1.00
244,216,1.00
245,216,1.00
246,216,1.00
243,217,1.00
244,217,1.00
245,217,1.00
246,217,1.00
247,217,1.00
244,218,1.00
245,218,1.00
246,218,1.00
247,218,1.00
248,218,1.00
245,219,1.00
246,219,1.00
247,219,1.00
248,219,1.00
249,219,1.00
244,220,1.00
245,220,1.00
246,220,1.00
247,220,1.00
248,220,1.00
243,221,1.00
244,221,1.00
245,221,1.00
246,221,1.00
247,221,1.00
242,222,1.00
243,222,1.00
244,222,1.00
245,222,1.00
246,222,1.00
241,223,0.29
242,223,0.57
243,223,1.00
244,223,1.00
245,223,1.00
242,224,0.29
243,224,0.57
244,224,0.57
243,225,0.29
246,214,0.29
246,215,0.57
247,215,0.29
247,216,0.86
248,216,0.86
248,217,1.00
249,217,0.86
249,218,1.00
250,218,1.00
250,219,1.00
251,219,1.00
249,220,1.00
250,220,1.00
251,220,1.00
252,220,1.00
248,221,1.00
249,221,1.00
250,221,1.00
251,221,1.00
247,222,1.00
248,222,1.00
249,222,1.00
250,222,1.00
246,223,1.00
247,223,1.00
248,223,1.00
249,223,1.00
245,224,0.86
246,224,1.00
247,224,1.00
248,224,1.00
245,225,0.29
246,225,0.86
247,225,0.86
246,226,0.29
248,215,0.29
249,216,0.29
250,217,0.29
251,218,1.00
252,219,1.00
253,220,1.00
252,221,1.00
253,221,1.00
254,221,1.00
251,222,1.00
252,222,1.00
253,222,1.00
250,223,1.00
251,223,1.00
252,223,1.00
249,224,1.00
250,224,1.00
251,224,1.00
248,225,0.86
249,225,1.00
250,225,1.00
247,226,0.29
248,226,0.57
249,226,0.29
248,227,0.29
252,216,0.57
251,217,0.57
252,217,1.00
253,217,0.57
252,218,1.00
253,218,1.00
254,218,1.00
253,219,1.00
254,219,1.00
255,219,1.00
254,220,1.00
255,220,1.00
256,220,1.00
255,221,1.00
256,221,1.00
257,221,1.00
254,222,1.00
255,222,1.00
256,222,1.00
257,222,1.00
258,222,1.00
253,223,1.00
254,223,1.00
255,223,1.00
256,223,1.00
257,223,1.00
252,224,1.00
253,224,1.00
254,224,1.00
255,224,1.00
256,224,1.00
251,225,1.00
252,225,1.00
253,225,1.00
254,225,1.00
255,225,1.00
250,226,0.57
251,226,1.00
252,226,1.00
253,226,1.00
254,226,1.00
251,227,0.57
252,227,1.00
253,227,1.00
252,228,1.00
254,217,0.29
255,218,0.29
256,219,0.29
257,220,1.00
258,221,1.00
259,222,1.00
258,223,1.00
259,223,1.00
260,223,1.00
257,224,1.00
258,224,1.00
259,224,1.00
256,225,1.00
257,225,1.00
258,225,1.00
255,226,1.00
256,226,1.00
257,226,1.00
254,227,1.00
255,227,1.00
256,227,1.00
253,228,1.00
254,228,1.00
255,228,1.00
254,229,1.00
257,219,0.29
258,220,0.29
259,221,0.29
260,222,0.29
261,223,0.29
260,224,1.00
261,224,0.86
262,224,0.29
259,225,1.00
260,225,1.00
261,225,1.00
262,225,0.86
263,225,0.29
258,226,1.00
259,226,1.00
260,226,1.00
261,226,1.00
262,226,0.86
257,227,1.00
258,227,1.00
259,227,1.00
260,227,1.00
261,227,1.00
256,228,1.00
257,228,1.00
258,228,1.00
259,228,1.00
260,228,1.00
255,229,1.00
256,229,1.00
257,229,1.00
258,229,1.00
259,229,1.00
256,230,1.00
257,230,1.00
258,230,1.00
257,231,1.00
263,226,0.29
262,227,0.57
261,228,1.00
260,229,1.00
255,230,1.00
259,230,1.00
256,231,1.00
258,231,1.00
257,232,1.00
251,228,0.29
262,228,0.57
263,228,0.29
252,229,0.29
253,229,0.57
261,229,0.57
262,229,0.29
253,230,0.29
254,230,0.57
260,230,0.57
261,230,0.29
254,231,0.29
255,231,0.57
259,231,0.57
260,231,0.29
255,232,0.57
256,232,1.00
258,232,1.00
259,232,0.57
256,233,1.00
257,233,1.00
258,233,1.00
257,234,1.00
254,233,0.29
255,233,0.57
259,233,0.57
260,233,0.29
253,234,0.29
254,234,0.57
255,234,0.86
256,234,1.00
258,234,1.00
259,234,0.86
260,234,0.57
261,234,0.29
252,235,0.29
253,235,0.57
254,235,0.86
255,235,1.00
256,235,1.00
257,235,1.00
258,235,1.00
259,235,1.00
260,235,0.86
261,235,0.57
262,235,0.29
251,236,0.29
252,236,0.57
253,236,0.86
254,236,1.00
255,236,1.00
256,236,1.00
257,236,1.00
258,236,1.00
259,236,1.00
260,236,1.00
261,236,0.86
262,236,0.57
263,236,0.29
252,237,0.29
253,237,0.57
254,237,0.86
255,237,1.00
256,237,1.00
257,237,1.00
258,237,1.00
259,237,1.00
260,237,0.86
261,237,0.57
262,237,0.29
253,238,0.29
254,238,0.57
255,238,0.86
256,238,1.00
257,238,1.00
258,238,1.00
259,238,0.86
260,238,0.57
261,238,0.29
254,239,0.29
255,239,0.57
256,239,0.86
257,239,1.00
258,239,0.86
259,239,0.57
260,239,0.29
255,240,0.29
256,240,0.57
257,240,0.86
258,240,0.57
259,240,0.29
256,241,0.29
257,241,0.57
258,241,0.29
257,242,0.29
251,237,0.29
250,238,0.29
251,238,0.57
252,238,0.29
249,239,0.29
250,239,0.57
251,239,0.86
252,239,0.57
253,239,0.29
248,240,0.29
249,240,0.57
250,240,0.86
251,240,1.00
252,240,0.86
253,240,0.57
254,240,0.29
247,241,0.29
248,241,0.57
249,241,0.86
250,241,1.00
251,241,1.00
252,241,1.00
253,241,0.86
254,241,0.57
255,241,0.29
246,242,0.29
247,242,0.57
248,242,0.86
249,242,1.00
250,242,1.00
251,242,1.00
252,242,1.00
253,242,1.00
254,242,0.86
255,242,0.57
256,242,0.29
245,243,0.86
246,243,0.86
247,243,0.86
248,243,1.00
249,243,1.00
250,243,1.00
251,243,1.00
252,243,1.00
253,243,1.00
254,243,1.00
255,243,0.86
256,243,0.57
257,243,0.29
246,244,0.86
247,244,0.86
248,244,0.86
249,244,1.00
250,244,1.00
251,244,1.00
252,244,1.00
253,244,1.00
254,244,0.86
255,244,0.57
256,244,0.29
247,245,0.86
248,245,0.86
249,245,0.86
250,245,1.00
251,245,1.00
252,245,1.00
253,245,0.86
254,245,0.57
255,245,0.29
248,246,0.86
249,246,0.86
250,246,0.86
251,246,1.00
252,246,0.86
253,246,0.57
254,246,0.29
249,247,0.29
250,247,0.57
251,247,0.86
252,247,0.57
253,247,0.29
250,248,0.29
251,248,0.57
252,248,0.29
251,249,0.29
243,240,0.29
242,241,0.29
243,241,0.57
244,241,0.29
241,242,0.57
242,242,0.57
243,242,0.86
244,242,0.57
245,242,0.29
240,243,1.00
241,243,1.00
242,243,1.00
243,243,1.00
244,243,0.86
239,244,1.00
240,244,1.00
241,244,1.00
242,244,1.00
243,244,1.00
244,244,1.00
245,244,0.86
238,245,1.00
239,245,1.00
240,245,1.00
241,245,1.00
242,245,1.00
243,245,1.00
244,245,1.00
245,245,1.00
246,245,0.86
237,246,1.00
238,246,1.00
239,246,1.00
240,246,1.00
241,246,1.00
242,246,1.00
243,246,1.00
244,246,1.00
245,246,1.00
246,246,1.00
247,246,0.86
238,247,1.00
239,247,1.00
240,247,1.00
241,247,1.00
242,247,1.00
243,247,1.00
244,247,1.00
245,247,1.00
246,247,0.86
247,247,0.57
248,247,0.29
239,248,1.00
240,248,1.00
241,248,1.00
242,248,1.00
243,248,1.00
244,248,1.00
245,248,0.86
246,248,0.57
247,248,0.29
240,249,1.00
241,249,1.00
242,249,1.00
243,249,1.00
244,249,0.86
245,249,0.57
246,249,0.29
241,250,0.57
242,250,0.57
243,250,0.86
244,250,0.57
245,250,0.29
242,251,0.29
243,251,0.57
244,251,0.29
243,252,0.29
239,240,0.29
238,241,0.29
239,241,0.57
240,241,0.29
237,242,0.29
238,242,0.57
239,242,0.86
240,242,0.57
236,243,0.29
237,243,0.57
238,243,0.86
239,243,1.00
235,244,0.29
236,244,0.57
237,244,0.86
238,244,1.00
234,245,0.57
235,245,0.57
236,245,0.86
237,245,1.00
233,246,1.00
234,246,1.00
235,246,1.00
236,246,1.00
234,247,1.00
235,247,1.00
236,247,1.00
237,247,1.00
235,248,1.00
236,248,1.00
237,248,1.00
238,248,1.00
236,249,1.00
237,249,1.00
238,249,1.00
239,249,1.00
237,250,0.57
238,250,0.57
239,250,0.86
240,250,0.57
238,251,0.29
239,251,0.57
240,251,0.29
239,252,0.29
232,243,0.29
231,244,0.29
232,244,0.57
233,244,0.29
230,245,0.29
231,245,0.57
232,245,0.86
233,245,0.57
229,246,0.29
230,246,0.57
231,246,0.86
232,246,1.00
228,247,0.86
229,247,0.86
230,247,0.86
231,247,1.00
232,247,1.00
233,247,1.00
227,248,1.00
228,248,1.00
229,248,1.00
230,248,1.00
231,248,1.00
232,248,1.00
233,248,1.00
234,248,1.00
226,249,1.00
227,249,1.00
228,249,1.00
229,249,1.00
230,249,1.00
231,249,1.00
232,249,1.00
233,249,1.00
234,249,1.00
235,249,1.00
227,250,1.00
228,250,1.00
229,250,1.00
230,250,1.00
231,250,1.00
232,250,1.00
233,250,1.00
234,250,1.00
235,250,0.86
236,250,0.57
228,251,1.00
229,251,1.00
230,251,1.00
231,251,1.00
232,251,1.00
233,251,1.00
234,251,0.86
235,251,0.57
236,251,0.29
229,252,1.00
230,252,1.00
231,252,1.00
232,252,1.00
233,252,1.00
234,252,0.86
235,252,0.29
230,253,1.00
231,253,1.00
232,253,1.00
233,253,0.86
234,253,0.29
231,254,1.00
232,254,0.86
233,254,0.29
232,255,0.29
228,246,0.29
227,247,0.29
226,248,0.86
225,249,0.86
224,250,0.86
225,250,1.00
226,250,1.00
223,251,0.86
224,251,1.00
225,251,1.00
226,251,1.00
227,251,1.00
222,252,1.00
223,252,1.00
224,252,1.00
225,252,1.00
226,252,1.00
227,252,1.00
228,252,1.00
223,253,1.00
224,253,1.00
225,253,1.00
226,253,1.00
227,253,1.00
228,253,1.00
229,253,1.00
224,254,1.00
225,254,1.00
226,254,1.00
227,254,1.00
228,254,1.00
229,254,1.00
230,254,1.00
225,255,1.00
226,255,1.00
227,255,1.00
228,255,1.00
229,255,1.00
230,255,0.86
231,255,0.29
226,256,1.00
227,256,1.00
228,256,1.00
229,256,0.86
230,256,0.29
227,257,0.86
228,257,0.86
229,257,0.29
228,258,0.29
226,247,0.29
225,248,0.29
224,249,0.29
223,250,0.29
222,251,0.57
221,252,1.00
220,253,1.00
221,253,1.00
222,253,1.00
221,254,1.00
222,254,1.00
223,254,1.00
222,255,1.00
223,255,1.00
224,255,1.00
223,256,1.00
224,256,1.00
225,256,1.00
224,257,1.00
225,257,1.00
226,257,1.00
225,258,0.57
226,258,0.57
227,258,0.29
226,259,0.29
221,250,0.29
220,251,0.29
221,251,0.57
219,252,0.29
220,252,0.57
218,253,0.29
219,253,0.57
217,254,0.29
218,254,0.57
219,254,0.86
220,254,1.00
216,255,0.29
217,255,0.57
218,255,0.86
219,255,1.00
220,255,1.00
221,255,1.00
215,256,0.29
216,256,0.57
217,256,0.86
218,256,1.00
219,256,1.00
220,256,1.00
221,256,1.00
222,256,1.00
216,257,0.29
217,257,0.57
218,257,0.86
219,257,1.00
220,257,1.00
221,257,1.00
222,257,1.00
223,257,1.00
217,258,0.29
218,258,0.57
219,258,0.86
220,258,1.00
221,258,1.00
222,258,1.00
223,258,0.86
224,258,0.57
218,259,0.29
219,259,0.57
220,259,0.86
221,259,1.00
222,259,0.86
223,259,0.57
224,259,0.29
219,260,0.29
220,260,0.57
221,260,0.86
222,260,0.57
223,260,0.29
220,261,0.29
221,261,0.57
222,261,0.29
221,262,0.29
208,259,0.29
207,260,0.29
208,260,0.57
209,260,0.29
206,261,0.29
207,261,0.57
208,261,0.86
209,261,0.57
210,261,0.29
205,262,0.29
206,262,0.57
207,262,0.86
208,262,1.00
209,262,0.86
210,262,0.57
211,262,0.29
204,263,0.29
205,263,0.57
206,263,0.86
207,263,1.00
208,263,1.00
209,263,1.00
210,263,0.86
211,263,0.57
212,263,0.29
203,264,0.29
204,264,0.57
205,264,0.86
206,264,1.00
207,264,1.00
208,264,1.00
209,264,1.00
210,264,1.00
211,264,0.86
212,264,0.57
213,264,0.29
202,265,0.29
203,265,0.86
204,265,0.86
205,265,1.00
206,265,1.00
207,265,1.00
208,265,1.00
209,265,1.00
210,265,1.00
211,265,1.00
212,265,0.86
213,265,0.57
214,265,0.29
203,266,0.86
204,266,0.86
205,266,0.86
206,266,1.00
207,266,1.00
208,266,1.00
209,266,1.00
210,266,1.00
211,266,0.86
212,266,0.57
213,266,0.29
204,267,0.86
205,267,0.86
206,267,0.86
207,267,1.00
208,267,1.00
209,267,1.00
210,267,0.86
211,267,0.57
212,267,0.29
205,268,0.86
206,268,0.86
207,268,0.86
208,268,1.00
209,268,0.86
210,268,0.57
211,268,0.29
206,269,0.86
207,269,0.86
208,269,0.86
209,269,0.57
210,269,0.29
207,270,0.86
208,270,0.86
209,270,0.29
208,271,0.86
202,266,0.29
201,267,0.29
202,267,0.57
203,267,0.86
200,268,0.29
201,268,0.57
202,268,0.86
203,268,1.00
204,268,0.86
199,269,0.29
200,269,0.57
201,269,0.86
202,269,1.00
203,269,1.00
204,269,1.00
205,269,0.86
198,270,0.29
199,270,0.57
200,270,0.86
201,270,1.00
202,270,1.00
203,270,1.00
204,270,1.00
205,270,1.00
206,270,0.86
197,271,0.29
198,271,0.57
199,271,0.86
200,271,1.00
201,271,1.00
202,271,1.00
203,271,1.00
204,271,1.00
205,271,1.00
206,271,1.00
207,271,0.86
209,271,0.29
198,272,0.29
199,272,0.57
200,272,0.86
201,272,1.00
202,272,1.00
203,272,1.00
204,272,1.00
205,272,1.00
206,272,0.86
207,272,0.57
208,272,0.29
199,273,0.29
200,273,0.57
201,273,0.86
202,273,1.00
203,273,1.00
204,273,1.00
205,273,0.86
206,273,0.57
207,273,0.29
200,274,0.29
201,274,0.57
202,274,0.86
203,274,1.00
204,274,0.86
205,274,0.57
206,274,0.29
201,275,0.29
202,275,0.57
203,275,0.86
204,275,0.57
205,275,0.29
202,276,0.29
203,276,0.57
204,276,0.29
203,277,0.29
193,274,0.29
192,275,0.29
193,275,0.57
194,275,0.29
191,276,0.29
192,276,0.57
193,276,0.86
194,276,0.57
195,276,0.29
190,277,0.29
191,277,0.57
192,277,0.86
193,277,1.00
194,277,0.86
195,277,0.57
196,277,0.29
189,278,0.29
190,278,0.57
191,278,0.86
192,278,1.00
193,278,1.00
194,278,1.00
195,278,0.86
196,278,0.57
197,278,0.29
188,279,0.29
189,279,0.57
190,279,0.86
191,279,1.00
192,279,1.00
193,279,1.00
194,279,1.00
195,279,1.00
196,279,0.86
197,279,0.57
198,279,0.29
187,280,0.29
188,280,0.57
189,280,0.86
190,280,1.00
191,280,1.00
192,280,1.00
193,280,1.00
194,280,1.00
195,280,1.00
196,280,1.00
197,280,0.86
198,280,0.57
199,280,0.29
188,281,0.29
189,281,0.57
190,281,0.86
191,281,1.00
192,281,1.00
193,281,1.00
194,281,1.00
195,281,1.00
196,281,0.86
197,281,0.57
198,281,0.29
189,282,0.29
190,282,0.57
191,282,0.86
192,282,1.00
193,282,1.00
194,282,1.00
195,282,0.86
196,282,0.57
197,282,0.29
190,283,0.29
191,283,0.57
192,283,0.86
193,283,1.00
194,283,0.86
195,283,0.57
196,283,0.29
191,284,0.29
192,284,0.57
193,284,0.86
194,284,0.57
195,284,0.29
192,285,0.29
193,285,0.57
194,285,0.29
193,286,0.29
183,284,0.29
182,285,0.29
183,285,0.57
184,285,0.29
181,286,0.29
182,286,0.57
183,286,0.86
184,286,0.57
185,286,0.29
180,287,0.57
181,287,0.57
182,287,0.86
183,287,1.00
184,287,0.86
185,287,0.57
186,287,0.29
179,288,0.57
180,288,1.00
181,288,1.00
182,288,1.00
183,288,1.00
184,288,1.00
185,288,0.86
186,288,0.57
187,288,0.29
178,289,0.57
179,289,1.00
180,289,1.00
181,289,1.00
182,289,1.00
183,289,1.00
184,289,1.00
185,289,1.00
186,289,0.86
187,289,0.57
188,289,0.29
177,290,0.57
178,290,1.00
179,290,1.00
180,290,1.00
181,290,1.00
182,290,1.00
183,290,1.00
184,290,1.00
185,290,1.00
186,290,1.00
187,290,0.86
188,290,0.57
189,290,0.29
178,291,1.00
179,291,1.00
180,291,1.00
181,291,1.00
182,291,1.00
183,291,1.00
184,291,1.00
185,291,1.00
186,291,0.86
187,291,0.57
188,291,0.29
179,292,1.00
180,292,1.00
181,292,1.00
182,292,1.00
183,292,1.00
184,292,1.00
185,292,1.00
186,292,0.57
187,292,0.29
180,293,1.00
181,293,1.00
182,293,1.00
183,293,1.00
184,293,1.00
185,293,1.00
186,293,0.57
181,294,1.00
182,294,1.00
183,294,1.00
184,294,1.00
185,294,0.57
182,295,1.00
183,295,1.00
184,295,0.57
183,296,0.57
176,291,0.29
177,291,0.57
177,292,0.86
178,292,1.00
178,293,1.00
179,293,1.00
179,294,1.00
180,294,1.00
180,295,1.00
181,295,1.00
181,296,0.86
182,296,0.57
182,297,0.29
180,301,0.29
179,302,0.29
178,303,0.29
177,304,0.29
176,305,0.29
173,306,0.29
175,306,0.29
174,307,0.29
172,307,0.57
173,307,0.29
170,308,1.00
171,308,1.00
172,308,0.86
173,308,0.57
174,308,0.29
169,309,1.00
170,309,1.00
171,309,1.00
172,309,1.00
173,309,0.86
174,309,0.57
175,309,0.29
168,310,1.00
169,310,1.00
170,310,1.00
171,310,1.00
172,310,0.86
173,310,0.57
174,310,0.29
167,311,0.86
168,311,1.00
169,311,1.00
170,311,1.00
171,311,0.86
172,311,0.57
173,311,0.29
166,312,0.29
167,312,0.57
168,312,0.86
169,312,1.00
170,312,0.86
171,312,0.57
172,312,0.29
167,313,0.29
168,313,0.57
169,313,0.86
170,313,0.57
171,313,0.29
168,314,0.29
169,314,0.57
170,314,0.29
169,315,0.29
163,317,0.29
162,318,0.29
163,318,0.57
164,318,0.29
161,319,0.29
162,319,0.57
163,319,0.86
164,319,0.57
165,319,0.29
160,320,0.29
161,320,0.57
162,320,0.86
163,320,1.00
164,320,0.86
165,320,0.57
166,320,0.29
159,321,0.29
160,321,0.57
161,321,0.86
162,321,1.00
163,321,1.00
164,321,1.00
165,321,0.86
166,321,0.57
167,321,0.29
159,322,0.57
160,322,0.86
161,322,1.00
162,322,1.00
163,322,1.00
164,322,1.00
165,322,1.00
166,322,0.86
167,322,0.57
168,322,0.29
160,323,1.00
161,323,1.00
162,323,1.00
163,323,1.00
164,323,1.00
165,323,1.00
166,323,1.00
167,323,0.86
168,323,0.57
169,323,0.29
159,324,0.57
160,324,0.86
161,324,1.00
162,324,1.00
163,324,1.00
164,324,1.00
165,324,1.00
166,324,0.86
167,324,0.57
168,324,0.29
159,325,0.29
160,325,0.57
161,325,0.86
162,325,1.00
163,325,1.00
164,325,1.00
165,325,0.86
166,325,0.57
167,325,0.29
160,326,0.29
161,326,0.57
162,326,0.86
163,326,1.00
164,326,0.86
165,326,0.57
166,326,0.29
161,327,0.29
162,327,0.57
163,327,0.86
164,327,0.57
165,327,0.29
162,328,0.29
163,328,0.57
164,328,0.29
163,329,0.29
157,332,0.29
156,333,0.29
157,333,0.57
158,333,0.29
155,334,0.29
156,334,0.57
157,334,0.86
158,334,0.57
159,334,0.29
154,335,0.29
155,335,0.57
156,335,0.86
157,335,1.00
158,335,0.86
159,335,0.57
160,335,0.29
153,336,0.29
154,336,0.57
155,336,0.86
156,336,1.00
157,336,1.00
158,336,1.00
159,336,0.86
160,336,0.57
161,336,0.29
152,337,0.29
153,337,0.57
154,337,0.86
155,337,1.00
156,337,1.00
157,337,1.00
158,337,1.00
159,337,1.00
160,337,0.86
161,337,0.57
162,337,0.29
151,338,0.29
152,338,0.57
153,338,0.86
154,338,1.00
155,338,1.00
156,338,1.00
157,338,1.00
158,338,1.00
159,338,1.00
160,338,1.00
161,338,0.86
162,338,0.57
163,338,0.29
152,339,0.29
153,339,0.57
154,339,0.86
155,339,1.00
156,339,1.00
157,339,1.00
158,339,1.00
159,339,1.00
160,339,0.86
161,339,0.57
162,339,0.29
153,340,0.29
154,340,0.57
155,340,0.86
156,340,1.00
157,340,1.00
158,340,1.00
159,340,0.86
160,340,0.57
161,340,0.29
154,341,0.29
155,341,0.57
156,341,0.86
157,341,1.00
158,341,0.86
159,341,0.57
160,341,0.29
155,342,0.29
156,342,0.57
157,342,0.86
158,342,0.57
159,342,0.29
156,343,0.29
157,343,0.57
158,343,0.29
157,344,0.29
151,373,0.29
150,374,0.29
151,374,0.57
152,374,0.29
149,375,0.29
150,375,0.57
151,375,0.86
152,375,0.57
153,375,0.29
148,376,0.29
149,376,0.57
150,376,0.86
151,376,1.00
152,376,0.86
153,376,0.57
154,376,0.29
147,377,0.29
148,377,0.57
149,377,0.86
150,377,1.00
151,377,1.00
152,377,1.00
153,377,0.86
154,377,0.57
155,377,0.29
146,378,0.29
147,378,0.57
148,378,0.86
149,378,1.00
150,378,1.00
151,378,1.00
152,378,1.00
153,378,1.00
154,378,0.86
155,378,0.57
156,378,0.29
145,379,0.29
146,379,0.57
147,379,0.86
148,379,1.00
149,379,1.00
150,379,1.00
151,379,1.00
152,379,1.00
153,379,1.00
154,379,1.00
155,379,0.86
156,379,0.57
157,379,0.29
146,380,0.29
147,380,0.57
148,380,0.86
149,380,1.00
150,380,1.00
151,380,1.00
152,380,1.00
153,380,1.00
154,380,0.86
155,380,0.57
156,380,0.29
147,381,0.29
148,381,1.00
149,381,1.00
150,381,1.00
151,381,1.00
152,381,1.00
153,381,1.00
154,381,1.00
155,381,0.29
148,382,1.00
149,382,1.00
150,382,1.00
151,382,1.00
152,382,1.00
153,382,1.00
154,382,1.00
149,383,1.00
150,383,1.00
151,383,1.00
152,383,1.00
153,383,1.00
150,384,1.00
151,384,1.00
152,384,1.00
151,385,1.00
147,382,0.86
155,382,0.57
146,383,0.86
147,383,1.00
148,383,1.00
154,383,1.00
155,383,1.00
156,383,0.57
145,384,0.86
146,384,1.00
147,384,1.00
148,384,1.00
149,384,1.00
153,384,1.00
154,384,1.00
155,384,1.00
156,384,1.00
157,384,0.57
146,385,1.00
147,385,1.00
148,385,1.00
149,385,1.00
150,385,1.00
152,385,1.00
153,385,1.00
154,385,1.00
155,385,1.00
156,385,1.00
147,386,1.00
148,386,1.00
149,386,1.00
150,386,1.00
151,386,1.00
152,386,1.00
153,386,1.00
154,386,1.00
155,386,1.00
148,387,1.00
149,387,1.00
150,387,1.00
151,387,1.00
152,387,1.00
153,387,1.00
154,387,1.00
149,388,1.00
150,388,1.00
151,388,1.00
152,388,1.00
153,388,1.00
150,389,1.00
151,389,1.00
152,389,1.00
151,390,1.00
145,385,0.86
157,385,0.29
146,386,0.86
156,386,0.29
147,387,0.86
155,387,0.29
148,388,0.86
154,388,0.29
149,389,0.86
153,389,0.29
150,390,0.86
152,390,0.29
151,391,0.29
144,385,0.29
145,386,0.29
146,387,0.29
147,388,0.29
148,389,0.29
149,390,0.29
150,391,0.29

200,276,0.57
199,277,0.57
200,277,1.00
201,277,0.57
198,278,0.57
199,278,1.00
200,278,1.00
201,278,1.00
202,278,0.57
197,279,1.00
198,279,1.00
199,279,1.00
200,279,1.00
201,279,1.00
202,279,1.00
203,279,0.57
196,280,1.00
197,280,1.00
198,280,1.00
199,280,1.00
200,280,1.00
201,280,1.00
202,280,1.00
203,280,1.00
204,280,0.57
195,281,1.00
196,281,1.00
197,281,1.00
198,281,1.00
199,281,1.00
200,281,1.00
201,281,1.00
202,281,1.00
203,281,1.00
204,281,1.00
205,281,0.57
194,282,1.00
195,282,1.00
196,282,1.00
197,282,1.00
198,282,1.00
199,282,1.00
200,282,1.00
201,282,1.00
202,282,1.00
203,282,1.00
204,282,1.00
205,282,1.00
206,282,0.57
195,283,1.00
196,283,1.00
197,283,1.00
198,283,1.00
199,283,1.00
200,283,1.00
201,283,1.00
202,283,1.00
203,283,1.00
204,283,1.00
205,283,0.57
196,284,1.00
197,284,1.00
198,284,1.00
199,284,1.00
200,284,1.00
201,284,1.00
202,284,1.00
203,284,1.00
204,284,0.57
197,285,1.00
198,285,1.00
199,285,1.00
200,285,1.00
201,285,1.00
202,285,1.00
203,285,0.57
198,286,1.00
199,286,1.00
200,286,1.00
201,286,1.00
202,286,0.86
199,287,1.00
200,287,1.00
201,287,1.00
200,288,1.00
197,278,0.29
196,279,0.29
195,280,0.29
194,281,0.29
193,282,0.29
192,283,0.29
193,283,0.86
194,283,1.00
191,284,0.29
192,284,0.86
193,284,1.00
194,284,1.00
195,284,1.00
192,285,1.00
193,285,1.00
194,285,1.00
195,285,1.00
196,285,1.00
193,286,1.00
194,286,1.00
195,286,1.00
196,286,1.00
197,286,1.00
194,287,1.00
195,287,1.00
196,287,1.00
197,287,1.00
198,287,1.00
195,288,1.00
196,288,1.00
197,288,1.00
198,288,1.00
199,288,1.00
196,289,1.00
197,289,1.00
198,289,1.00
197,290,1.00
191,285,0.29
190,286,0.29
191,286,0.86
192,286,1.00
191,287,1.00
192,287,1.00
193,287,1.00
192,288,1.00
193,288,1.00
194,288,1.00
193,289,1.00
194,289,1.00
195,289,1.00
199,289,1.00
194,290,1.00
195,290,1.00
196,290,1.00
198,290,1.00
195,291,1.00
196,291,1.00
197,291,1.00
196,292,1.00
190,288,1.00
191,288,1.00
201,288,0.86
202,288,0.29
191,289,1.00
192,289,1.00
200,289,1.00
201,289,0.57
192,290,1.00
193,290,1.00
199,290,1.00
200,290,0.57
193,291,1.00
194,291,1.00
198,291,1.00
199,291,1.00
194,292,1.00
195,292,1.00
197,292,1.00
198,292,1.00
195,293,1.00
196,293,1.00
197,293,1.00
196,294,1.00
190,287,0.29
189,288,0.29
190,289,0.86
191,290,1.00
192,291,1.00
193,292,1.00
194,293,1.00
195,294,1.00
189,289,0.29
190,290,0.29
191,291,1.00
192,292,1.00
193,293,1.00
194,294,1.00
195,295,1.00
190,291,0.29
200,291,0.29
189,292,0.29
190,292,0.86
191,292,1.00
199,292,1.00
200,292,0.86
201,292,0.29
190,293,0.86
191,293,1.00
192,293,1.00
198,293,1.00
199,293,1.00
200,293,0.86
191,294,0.86
192,294,1.00
193,294,1.00
197,294,1.00
198,294,1.00
199,294,0.86
192,295,1.00
193,295,1.00
194,295,1.00
196,295,1.00
197,295,1.00
198,295,1.00
193,296,1.00
194,296,1.00
195,296,1.00
196,296,1.00
197,296,1.00
194,297,1.00
195,297,1.00
196,297,1.00
195,298,1.00
189,293,0.29
201,293,0.29
190,294,0.29
200,294,0.29
191,295,0.29
199,295,0.29
192,296,0.86
198,296,0.86
193,297,1.00
197,297,1.00
194,298,1.00
196,298,1.00
195,299,1.00
191,296,0.29
199,296,0.29
190,297,0.29
191,297,0.57
192,297,0.86
198,297,0.86
199,297,0.57
200,297,0.29
189,298,0.29
190,298,0.57
191,298,0.86
192,298,1.00
193,298,1.00
197,298,1.00
198,298,1.00
199,298,0.86
200,298,0.57
201,298,0.29
190,299,0.29
191,299,0.86
192,299,1.00
193,299,1.00
194,299,1.00
196,299,1.00
197,299,1.00
198,299,1.00
199,299,0.86
200,299,0.29
191,300,1.00
192,300,1.00
193,300,1.00
194,300,1.00
195,300,1.00
196,300,1.00
197,300,1.00
198,300,1.00
199,300,1.00
192,301,1.00
193,301,1.00
194,301,1.00
195,301,1.00
196,301,1.00
197,301,1.00
198,301,1.00
193,302,1.00
194,302,1.00
195,302,1.00
196,302,1.00
197,302,1.00
194,303,1.00
195,303,1.00
196,303,1.00
195,304,1.00
190,300,0.29
200,300,0.29
189,301,0.29
190,301,0.86
191,301,1.00
199,301,1.00
200,301,0.86
201,301,0.29
190,302,0.86
191,302,1.00
192,302,1.00
198,302,1.00
199,302,1.00
200,302,0.86
191,303,1.00
192,303,1.00
193,303,1.00
197,303,1.00
198,303,1.00
199,303,1.00
192,304,1.00
193,304,1.00
194,304,1.00
196,304,1.00
197,304,1.00
198,304,1.00
193,305,1.00
194,305,1.00
195,305,1.00
196,305,1.00
197,305,1.00
194,306,1.00
195,306,1.00
196,306,1.00
195,307,1.00
189,302,0.29
201,302,0.29
190,303,0.57
200,303,0.57
191,304,1.00
199,304,1.00
192,305,1.00
198,305,1.00
193,306,1.00
197,306,1.00
194,307,1.00
196,307,1.00
195,308,1.00
189,304,0.29
190,304,0.57
200,304,0.57
201,304,0.29
190,305,0.29
191,305,0.86
199,305,0.86
200,305,0.29
191,306,0.86
192,306,1.00
198,306,1.00
199,306,0.86
192,307,1.00
193,307,1.00
197,307,1.00
198,307,1.00
193,308,1.00
194,308,1.00
196,308,1.00
197,308,1.00
194,309,1.00
195,309,1.00
196,309,1.00
195,310,1.00
190,306,0.29
200,306,0.29
189,307,0.29
190,307,0.57
191,307,1.00
199,307,1.00
200,307,0.57
201,307,0.29
190,308,0.57
191,308,1.00
192,308,1.00
198,308,1.00
199,308,1.00
200,308,0.57
191,309,1.00
192,309,1.00
193,309,1.00
197,309,1.00
198,309,1.00
199,309,1.00
192,310,1.00
193,310,1.00
194,310,1.00
196,310,1.00
197,310,1.00
198,310,1.00
193,311,1.00
194,311,1.00
195,311,1.00
196,311,1.00
197,311,1.00
194,312,1.00
195,312,1.00
196,312,1.00
195,313,1.00
189,309,0.29
190,309,0.86
200,309,0.86
201,309,0.29
190,310,0.86
191,310,1.00
199,310,1.00
200,310,0.86
191,311,1.00
192,311,1.00
198,311,1.00
199,311,1.00
192,312,1.00
193,312,1.00
197,312,1.00
198,312,1.00
193,313,1.00
194,313,1.00
196,313,1.00
197,313,1.00
194,314,1.00
195,314,1.00
196,314,1.00
195,315,1.00
189,310,0.29
201,310,0.29
190,311,0.57
200,311,0.57
191,312,1.00
199,312,1.00
192,313,1.00
198,313,1.00
193,314,1.00
197,314,1.00
194,315,1.00
196,315,1.00
195,316,1.00
189,312,0.29
190,312,0.57
200,312,0.57
201,312,0.29
190,313,0.29
191,313,0.86
199,313,0.86
200,313,0.29
191,314,1.00
192,314,1.00
198,314,1.00
199,314,1.00
192,315,1.00
193,315,1.00
197,315,1.00
198,315,1.00
193,316,1.00
194,316,1.00
196,316,1.00
197,316,1.00
194,317,1.00
195,317,1.00
196,317,1.00
195,318,1.00
190,314,0.29
200,314,0.29
189,315,0.29
190,315,0.86
191,315,1.00
199,315,1.00
200,315,0.86
201,315,0.29
190,316,0.86
191,316,1.00
192,316,1.00
198,316,1.00
199,316,1.00
200,316,0.86
191,317,1.00
192,317,1.00
193,317,1.00
197,317,1.00
198,317,1.00
199,317,1.00
192,318,1.00
193,318,1.00
194,318,1.00
196,318,1.00
197,318,1.00
198,318,1.00
193,319,1.00
194,319,1.00
195,319,1.00
196,319,1.00
197,319,1.00
194,320,1.00
195,320,1.00
196,320,1.00
195,321,1.00
189,316,0.29
201,316,0.29
190,317,0.57
200,317,0.57
191,318,1.00
199,318,1.00
192,319,1.00
198,319,1.00
193,320,1.00
197,320,1.00
194,321,1.00
196,321,1.00
195,322,1.00
189,318,0.29
190,318,0.57
200,318,0.57
201,318,0.29
190,319,0.29
191,319,0.86
199,319,0.86
200,319,0.29
191,320,0.86
192,320,1.00
198,320,1.00
199,320,0.86
192,321,1.00
193,321,1.00
197,321,1.00
198,321,1.00
193,322,1.00
194,322,1.00
196,322,1.00
197,322,1.00
194,323,1.00
195,323,1.00
196,323,1.00
195,324,1.00
190,320,0.29
200,320,0.29
189,321,0.29
190,321,0.57
191,321,0.86
199,321,0.86
200,321,0.57
201,321,0.29
190,322,0.29
191,322,0.86
192,322,1.00
198,322,1.00
199,322,0.86
200,322,0.29
191,323,0.86
192,323,1.00
193,323,1.00
197,323,1.00
198,323,1.00
199,323,0.86
192,324,1.00
193,324,1.00
194,324,1.00
196,324,1.00
197,324,1.00
198,324,1.00
193,325,1.00
194,325,1.00
195,325,1.00
196,325,1.00
197,325,1.00
194,326,1.00
195,326,1.00
196,326,1.00
195,327,1.00
190,323,0.29
200,323,0.29
189,324,0.29
190,324,0.57
191,324,0.86
199,324,0.86
200,324,0.57
201,324,0.29
190,325,0.29
191,325,0.86
192,325,1.00
198,325,1.00
199,325,0.86
200,325,0.29
191,326,0.86
192,326,1.00
193,326,1.00
197,326,1.00
198,326,1.00
199,326,0.86
192,327,1.00
193,327,1.00
194,327,1.00
196,327,1.00
197,327,1.00
198,327,1.00
193,328,1.00
194,328,1.00
195,328,1.00
196,328,1.00
197,328,1.00
194,329,1.00
195,329,1.00
196,329,1.00
195,330,1.00
190,326,0.29
200,326,0.29
189,327,0.29
190,327,0.57
191,327,1.00
199,327,1.00
200,327,0.57
201,327,0.29
190,328,0.57
191,328,1.00
192,328,1.00
198,328,1.00
199,328,1.00
200,328,0.57
191,329,1.00
192,329,1.00
193,329,1.00
197,329,1.00
198,329,1.00
199,329,1.00
192,330,1.00
193,330,1.00
194,330,1.00
196,330,1.00
197,330,1.00
198,330,1.00
193,331,1.00
194,331,1.00
195,331,1.00
196,331,1.00
197,331,1.00
194,332,1.00
195,332,1.00
196,332,1.00
195,333,1.00
189,329,0.29
190,329,0.57
200,329,0.57
201,329,0.29
190,330,0.29
191,330,0.57
199,330,0.57
200,330,0.29
191,331,0.57
192,331,1.00
198,331,1.00
199,331,0.57
192,332,1.00
193,332,1.00
197,332,1.00
198,332,1.00
193,333,1.00
194,333,1.00
196,333,1.00
197,333,1.00
194,334,1.00
195,334,1.00
196,334,1.00
195,335,1.00
190,332,0.29
191,332,0.86
199,332,0.86
200,332,0.29
189,333,0.29
190,333,0.86
191,333,1.00
192,333,1.00
198,333,1.00
199,333,1.00
200,333,0.86
201,333,0.29
190,334,0.86
191,334,1.00
192,334,1.00
193,334,1.00
197,334,1.00
198,334,1.00
199,334,1.00
200,334,0.86
191,335,1.00
192,335,1.00
193,335,1.00
194,335,1.00
196,335,1.00
197,335,1.00
198,335,1.00
199,335,1.00
192,336,1.00
193,336,1.00
194,336,1.00
195,336,1.00
196,336,1.00
197,336,1.00
198,336,1.00
193,337,1.00
194,337,1.00
195,337,1.00
196,337,1.00
197,337,1.00
194,338,1.00
195,338,1.00
196,338,1.00
195,339,1.00
189,334,0.29
201,334,0.29
190,335,0.29
200,335,0.29
191,336,0.86
199,336,0.86
192,337,1.00
198,337,1.00
193,338,1.00
197,338,1.00
194,339,1.00
196,339,1.00
195,340,1.00
190,336,0.29
200,336,0.29
189,337,0.29
190,337,0.57
191,337,0.86
199,337,0.86
200,337,0.57
201,337,0.29
190,338,0.29
191,338,0.86
192,338,1.00
198,338,1.00
199,338,0.86
200,338,0.29
191,339,0.86
192,339,1.00
193,339,1.00
197,339,1.00
198,339,1.00
199,339,0.86
192,340,1.00
193,340,1.00
194,340,1.00
196,340,1.00
197,340,1.00
198,340,1.00
193,341,1.00
194,341,1.00
195,341,1.00
196,341,1.00
197,341,1.00
194,342,1.00
195,342,1.00
196,342,1.00
195,343,1.00
190,339,0.29
200,339,0.29
189,340,0.29
190,340,0.57
191,340,1.00
199,340,1.00
200,340,0.57
201,340,0.29
190,341,0.57
191,341,1.00
192,341,1.00
198,341,1.00
199,341,1.00
200,341,0.57
191,342,1.00
192,342,1.00
193,342,1.00
197,342,1.00
198,342,1.00
199,342,1.00
192,343,1.00
193,343,1.00
194,343,1.00
196,343,1.00
197,343,1.00
198,343,1.00
193,344,1.00
194,344,1.00
195,344,1.00
196,344,1.00
197,344,1.00
194,345,1.00
195,345,1.00
196,345,1.00
195,346,1.00
189,342,0.29
190,342,0.57
200,342,0.57
201,342,0.29
190,343,0.57
191,343,1.00
199,343,1.00
200,343,0.57
191,344,1.00
192,344,1.00
198,344,1.00
199,344,1.00
192,345,1.00
193,345,1.00
197,345,1.00
198,345,1.00
193,346,1.00
194,346,1.00
196,346,1.00
197,346,1.00
194,347,1.00
195,347,1.00
196,347,1.00
195,348,1.00
189,344,0.29
190,344,0.57
200,344,0.57
201,344,0.29
190,345,0.57
191,345,1.00
199,345,1.00
200,345,0.57
191,346,1.00
192,346,1.00
198,346,1.00
199,346,1.00
192,347,1.00
193,347,1.00
197,347,1.00
198,347,1.00
193,348,1.00
194,348,1.00
196,348,1.00
197,348,1.00
194,349,1.00
195,349,1.00
196,349,1.00
195,350,1.00
189,346,0.29
190,346,0.57
200,346,0.57
201,346,0.29
190,347,0.29
191,347,0.86
199,347,0.86
200,347,0.29
191,348,0.86
192,348,1.00
198,348,1.00
199,348,0.86
192,349,1.00
193,349,1.00
197,349,1.00
198,349,1.00
193,350,1.00
194,350,1.00
196,350,1.00
197,350,1.00
194,351,1.00
195,351,1.00
196,351,1.00
195,352,1.00
190,348,0.29
200,348,0.29
189,349,0.29
190,349,0.57
191,349,0.86
199,349,0.86
200,349,0.57
201,349,0.29
190,350,0.29
191,350,0.86
192,350,1.00
198,350,1.00
199,350,0.86
200,350,0.29
191,351,0.86
192,351,1.00
193,351,1.00
197,351,1.00
198,351,1.00
199,351,0.86
192,352,1.00
193,352,1.00
194,352,1.00
196,352,1.00
197,352,1.00
198,352,1.00
193,353,1.00
194,353,1.00
195,353,1.00
196,353,1.00
197,353,1.00
194,354,1.00
195,354,1.00
196,354,1.00
195,355,1.00
190,351,0.29
200,351,0.29
189,352,0.29
190,352,0.57
191,352,0.86
199,352,0.86
200,352,0.57
201,352,0.29
190,353,0.29
191,353,0.86
192,353,1.00
198,353,1.00
199,353,0.86
200,353,0.29
191,354,0.86
192,354,1.00
193,354,1.00
197,354,1.00
198,354,1.00
199,354,0.86
192,355,1.00
193,355,1.00
194,355,1.00
196,355,1.00
197,355,1.00
198,355,1.00
193,356,1.00
194,356,1.00
195,356,1.00
196,356,1.00
197,356,1.00
194,357,1.00
195,357,1.00
196,357,1.00
195,358,1.00
190,354,0.29
200,354,0.29
189,355,0.29
190,355,0.57
191,355,0.86
199,355,1.00
200,355,0.57
201,355,0.29
190,356,0.29
191,356,0.57
192,356,1.00
198,356,1.00
199,356,1.00
200,356,0.57
191,357,0.57
192,357,1.00
193,357,1.00
197,357,1.00
198,357,1.00
199,357,1.00
192,358,1.00
193,358,1.00
194,358,1.00
196,358,1.00
197,358,1.00
198,358,1.00
193,359,1.00
194,359,1.00
195,359,1.00
196,359,1.00
197,359,1.00
194,360,1.00
195,360,1.00
196,360,1.00
195,361,1.00
200,357,0.57
201,357,0.29
190,358,0.29
191,358,0.57
199,358,1.00
200,358,0.86
201,358,0.57
202,358,0.29
191,359,0.29
192,359,0.86
198,359,1.00
199,359,1.00
200,359,0.86
201,359,0.29
192,360,0.86
193,360,1.00
197,360,1.00
198,360,1.00
199,360,1.00
200,360,0.86
193,361,1.00
194,361,1.00
196,361,1.00
197,361,1.00
198,361,1.00
199,361,1.00
194,362,1.00
195,362,1.00
196,362,1.00
197,362,1.00
198,362,1.00
195,363,1.00
196,363,1.00
197,363,1.00
196,364,1.00
191,360,0.29
201,360,0.29
190,361,0.29
191,361,0.57
192,361,0.86
200,361,0.86
201,361,0.57
202,361,0.29
191,362,0.29
192,362,0.57
193,362,0.86
199,362,1.00
200,362,0.86
201,362,0.29
192,363,0.29
193,363,0.86
194,363,1.00
198,363,1.00
199,363,1.00
200,363,0.86
193,364,0.86
194,364,1.00
195,364,1.00
197,364,1.00
198,364,1.00
199,364,1.00
194,365,1.00
195,365,1.00
196,365,1.00
197,365,1.00
198,365,1.00
195,366,1.00
196,366,1.00
197,366,1.00
196,367,1.00
201,363,0.29
192,364,0.29
200,364,1.00
201,364,0.57
202,364,0.29
191,365,0.29
192,365,0.57
193,365,0.86
199,365,1.00
200,365,1.00
201,365,1.00
202,365,0.57
203,365,0.29
192,366,0.29
193,366,0.57
194,366,1.00
198,366,1.00
199,366,1.00
200,366,1.00
201,366,1.00
202,366,0.57
193,367,0.57
194,367,1.00
195,367,1.00
197,367,1.00
198,367,1.00
199,367,1.00
200,367,1.00
201,367,1.00
194,368,1.00
195,368,1.00
196,368,1.00
197,368,1.00
198,368,1.00
199,368,1.00
200,368,1.00
195,369,1.00
196,369,1.00
197,369,1.00
198,369,1.00
199,369,1.00
196,370,1.00
197,370,1.00
198,370,1.00
197,371,1.00
202,367,0.86
203,367,0.29
192,368,0.29
193,368,0.86
201,368,1.00
202,368,1.00
203,368,0.86
204,368,0.29
193,369,0.86
194,369,1.00
200,369,1.00
201,369,1.00
202,369,1.00
203,369,0.86
194,370,1.00
195,370,1.00
199,370,1.00
200,370,1.00
201,370,1.00
202,370,1.00
195,371,1.00
196,371,1.00
198,371,1.00
199,371,1.00
200,371,1.00
201,371,1.00
196,372,1.00
197,372,1.00
198,372,1.00
199,372,1.00
200,372,1.00
197,373,1.00
198,373,1.00
199,373,1.00
198,374,1.00
192,369,0.29
204,369,0.29
193,370,0.57
203,370,0.57
194,371,1.00
202,371,1.00
195,372,1.00
201,372,1.00
196,373,1.00
200,373,1.00
197,374,1.00
199,374,1.00
198,375,1.00
192,371,0.29
193,371,0.57
203,371,0.57
204,371,0.29
193,372,0.29
194,372,0.57
202,372,0.57
203,372,0.29
194,373,0.29
195,373,0.57
201,373,0.57
202,373,0.29
195,374,0.29
196,374,0.57
200,374,0.57
201,374,0.29
196,375,0.29
197,375,0.57
199,375,0.86
200,375,0.29
197,376,0.29
198,376,0.86
199,376,0.86
198,377,0.86
200,376,0.29
197,377,0.29
199,377,0.86
200,377,0.57
201,377,0.29
196,378,0.29
197,378,0.57
198,378,0.86
199,378,1.00
200,378,0.86
201,378,0.57
202,378,0.29
195,379,0.29
196,379,0.57
197,379,0.86
198,379,1.00
199,379,1.00
200,379,1.00
201,379,0.86
202,379,0.57
203,379,0.29
194,380,0.29
195,380,0.57
196,380,0.86
197,380,1.00
198,380,1.00
199,380,1.00
200,380,1.00
201,380,1.00
202,380,0.86
203,380,0.57
204,380,0.29
193,381,0.29
194,381,0.57
195,381,0.86
196,381,1.00
197,381,1.00
198,381,1.00
199,381,1.00
200,381,1.00
201,381,1.00
202,381,1.00
203,381,0.86
204,381,0.57
205,381,0.29
194,382,0.29
195,382,0.57
196,382,0.86
197,382,1.00
198,382,1.00
199,382,1.00
200,382,1.00
201,382,1.00
202,382,1.00
203,382,0.86
204,382,0.29
195,383,0.29
196,383,0.86
197,383,1.00
198,383,1.00
199,383,1.00
200,383,1.00
201,383,1.00
202,383,1.00
203,383,0.86
196,384,0.86
197,384,1.00
198,384,1.00
199,384,1.00
200,384,1.00
201,384,1.00
202,384,1.00
197,385,1.00
198,385,1.00
199,385,1.00
200,385,1.00
201,385,1.00
198,386,1.00
199,386,1.00
200,386,1.00
199,387,1.00
204,383,0.29
195,384,0.29
203,384,1.00
204,384,0.57
205,384,0.29
194,385,0.29
195,385,0.57
196,385,1.00
202,385,1.00
203,385,1.00
204,385,1.00
205,385,0.57
206,385,0.29
195,386,0.57
196,386,1.00
197,386,1.00
201,386,1.00
202,386,1.00
203,386,1.00
204,386,1.00
205,386,0.57
196,387,1.00
197,387,1.00
198,387,1.00
200,387,1.00
201,387,1.00
202,387,1.00
203,387,1.00
204,387,1.00
197,388,1.00
198,388,1.00
199,388,1.00
200,388,1.00
201,388,1.00
202,388,1.00
203,388,1.00
198,389,1.00
199,389,1.00
200,389,1.00
201,389,1.00
202,389,1.00
199,390,1.00
200,390,1.00
201,390,1.00
200,391,1.00
194,387,0.29
195,387,0.57
205,387,0.57
206,387,0.29
195,388,0.29
196,388,1.00
204,388,1.00
205,388,0.29
196,389,1.00
197,389,1.00
203,389,1.00
204,389,1.00
197,390,1.00
198,390,1.00
202,390,1.00
203,390,1.00
198,391,1.00
199,391,1.00
201,391,1.00
202,391,1.00
199,392,1.00
200,392,1.00
201,392,1.00
200,393,1.00
195,389,0.57
205,389,0.57
194,390,0.57
195,390,1.00
196,390,1.00
204,390,1.00
205,390,1.00
206,390,0.57
195,391,0.86
196,391,1.00
197,391,1.00
203,391,1.00
204,391,1.00
205,391,0.86
196,392,1.00
197,392,1.00
198,392,1.00
202,392,1.00
203,392,1.00
204,392,1.00
197,393,1.00
198,393,1.00
199,393,1.00
201,393,1.00
202,393,1.00
203,393,1.00
198,394,1.00
199,394,1.00
200,394,1.00
201,394,1.00
202,394,1.00
199,395,1.00
200,395,1.00
201,395,1.00
200,396,1.00
194,392,0.29
195,392,0.57
205,392,0.57
206,392,0.29
195,393,0.57
196,393,1.00
204,393,1.00
205,393,0.57
196,394,1.00
197,394,1.00
203,394,1.00
204,394,1.00
197,395,1.00
198,395,1.00
202,395,1.00
203,395,1.00
198,396,1.00
199,396,1.00
201,396,1.00
202,396,1.00
199,397,1.00
200,397,1.00
201,397,1.00
200,398,1.00
194,394,0.29
195,394,0.57
205,394,0.57
206,394,0.29
195,395,0.29
196,395,0.86
204,395,0.86
205,395,0.29
196,396,0.86
197,396,1.00
203,396,1.00
204,396,0.86
197,397,1.00
198,397,1.00
202,397,1.00
203,397,1.00
198,398,1.00
199,398,1.00
201,398,1.00
202,398,1.00
199,399,1.00
200,399,1.00
201,399,1.00
200,400,1.00
195,396,0.29
205,396,0.29
194,397,0.29
195,397,0.57
196,397,1.00
204,397,0.86
205,397,0.57
206,397,0.29
195,398,0.57
196,398,1.00
197,398,1.00
203,398,1.00
204,398,0.57
205,398,0.29
196,399,1.00
197,399,1.00
198,399,1.00
202,399,1.00
203,399,1.00
204,399,0.57
197,400,1.00
198,400,1.00
199,400,1.00
201,400,1.00
202,400,1.00
203,400,1.00
198,401,1.00
199,401,1.00
200,401,1.00
201,401,1.00
202,401,1.00
199,402,1.00
200,402,1.00
201,402,1.00
200,403,1.00
194,399,0.29
195,399,0.57
193,400,0.29
194,400,0.57
195,400,1.00
196,400,1.00
204,400,0.57
205,400,0.29
194,401,0.57
195,401,1.00
196,401,1.00
197,401,1.00
203,401,1.00
204,401,0.57
195,402,1.00
196,402,1.00
197,402,1.00
198,402,1.00
202,402,1.00
203,402,1.00
196,403,1.00
197,403,1.00
198,403,1.00
199,403,1.00
201,403,1.00
202,403,1.00
197,404,1.00
198,404,1.00
199,404,1.00
200,404,1.00
201,404,1.00
198,405,1.00
199,405,1.00
200,405,1.00
199,406,1.00
193,402,0.29
194,402,0.57
204,402,0.57
205,402,0.29
194,403,0.29
195,403,0.86
203,403,0.86
204,403,0.29
195,404,0.86
196,404,1.00
202,404,1.00
203,404,0.86
196,405,1.00
197,405,1.00
201,405,1.00
202,405,1.00
197,406,1.00
198,406,1.00
200,406,1.00
201,406,1.00
198,407,1.00
199,407,1.00
200,407,1.00
199,408,1.00
194,404,0.29
204,404,0.29
193,405,0.29
194,405,0.57
195,405,0.86
203,405,0.86
204,405,0.57
205,405,0.29
194,406,0.29
195,406,0.57
196,406,1.00
202,406,1.00
203,406,0.57
204,406,0.29
195,407,0.57
196,407,1.00
197,407,1.00
201,407,1.00
202,407,1.00
203,407,0.57
196,408,1.00
197,408,1.00
198,408,1.00
200,408,1.00
201,408,1.00
202,408,1.00
197,409,1.00
198,409,1.00
199,409,1.00
200,409,1.00
201,409,1.00
198,410,1.00
199,410,1.00
200,410,1.00
199,411,1.00
194,408,0.29
195,408,0.57
203,408,0.57
204,408,0.29
193,409,0.29
194,409,0.57
195,409,1.00
196,409,1.00
202,409,1.00
203,409,1.00
204,409,0.57
205,409,0.29
194,410,0.57
195,410,1.00
196,410,1.00
197,410,1.00
201,410,1.00
202,410,1.00
203,410,1.00
204,410,0.57
195,411,1.00
196,411,1.00
197,411,1.00
198,411,1.00
200,411,1.00
201,411,1.00
202,411,1.00
203,411,1.00
196,412,1.00
197,412,1.00
198,412,1.00
199,412,1.00
200,412,1.00
201,412,1.00
202,412,1.00
197,413,1.00
198,413,1.00
199,413,1.00
200,413,1.00
201,413,1.00
198,414,1.00
199,414,1.00
200,414,1.00
199,415,1.00
193,411,0.29
194,411,0.57
204,411,0.57
205,411,0.29
194,412,0.29
195,412,0.57
203,412,0.57
204,412,0.29
195,413,0.57
196,413,1.00
202,413,1.00
203,413,0.57
196,414,1.00
197,414,1.00
201,414,1.00
202,414,1.00
197,415,1.00
198,415,1.00
200,415,1.00
201,415,1.00
198,416,1.00
199,416,1.00
200,416,1.00
199,417,1.00
194,414,0.29
195,414,0.57
203,414,0.57
204,414,0.29
193,415,0.29
194,415,0.57
195,415,0.86
196,415,1.00
202,415,1.00
203,415,0.86
204,415,0.57
205,415,0.29
194,416,0.29
195,416,0.86
196,416,1.00
197,416,1.00
201,416,1.00
202,416,1.00
203,416,0.86
204,416,0.29
195,417,0.86
196,417,1.00
197,417,1.00
198,417,1.00
200,417,1.00
201,417,1.00
202,417,1.00
203,417,0.86
196,418,1.00
197,418,1.00
198,418,1.00
199,418,1.00
200,418,1.00
201,418,1.00
202,418,1.00
197,419,1.00
198,419,1.00
199,419,1.00
200,419,1.00
201,419,1.00
198,420,1.00
199,420,1.00
200,420,1.00
199,421,1.00
194,417,0.29
204,417,0.29
193,418,0.29
194,418,0.57
195,418,0.86
203,418,0.86
204,418,0.57
205,418,0.29
194,419,0.29
195,419,0.86
196,419,1.00
202,419,1.00
203,419,0.86
204,419,0.29
195,420,0.86
196,420,1.00
197,420,1.00
201,420,1.00
202,420,1.00
203,420,0.86
196,421,1.00
197,421,1.00
198,421,1.00
200,421,1.00
201,421,1.00
202,421,1.00
197,422,1.00
198,422,1.00
199,422,1.00
200,422,1.00
201,422,1.00
198,423,1.00
199,423,1.00
200,423,1.00
199,424,1.00
194,420,0.29
204,420,0.29
193,421,0.29
194,421,0.57
195,421,1.00
203,421,1.00
204,421,0.57
205,421,0.29
194,422,0.57
195,422,1.00
196,422,1.00
202,422,1.00
203,422,1.00
204,422,0.57
195,423,1.00
196,423,1.00
197,423,1.00
201,423,1.00
202,423,1.00
203,423,1.00
196,424,1.00
197,424,1.00
198,424,1.00
200,424,1.00
201,424,1.00
202,424,1.00
197,425,1.00
198,425,1.00
199,425,1.00
200,425,1.00
201,425,1.00
198,426,1.00
199,426,1.00
200,426,1.00
199,427,1.00
193,423,0.29
194,423,0.57
204,423,0.57
205,423,0.29
194,424,0.29
195,424,0.57
203,424,1.00
204,424,0.57
195,425,0.57
196,425,1.00
202,425,1.00
203,425,1.00
196,426,1.00
197,426,1.00
201,426,1.00
202,426,1.00
197,427,1.00
198,427,1.00
200,427,1.00
201,427,1.00
198,428,1.00
199,428,1.00
200,428,1.00
199,429,1.00
204,425,0.57
205,425,0.29
194,426,0.29
195,426,0.57
203,426,1.00
204,426,1.00
205,426,0.57
206,426,0.29
195,427,0.29
196,427,0.57
202,427,1.00
203,427,1.00
204,427,1.00
205,427,0.86
196,428,0.86
197,428,1.00
201,428,1.00
202,428,1.00
203,428,1.00
204,428,1.00
197,429,1.00
198,429,1.00
200,429,1.00
201,429,1.00
202,429,1.00
203,429,1.00
198,430,1.00
199,430,1.00
200,430,1.00
201,430,1.00
202,430,1.00
199,431,1.00
200,431,1.00
201,431,1.00
200,432,1.00
205,428,1.00
206,428,0.57
195,429,0.57
196,429,1.00
204,429,1.00
205,429,1.00
206,429,1.00
207,429,0.57
196,430,0.86
197,430,1.00
203,430,1.00
204,430,1.00
205,430,1.00
206,430,0.86
197,431,1.00
198,431,1.00
202,431,1.00
203,431,1.00
204,431,1.00
205,431,1.00
198,432,1.00
199,432,1.00
201,432,1.00
202,432,1.00
203,432,1.00
204,432,1.00
199,433,1.00
200,433,1.00
201,433,1.00
202,433,1.00
203,433,1.00
200,434,1.00
201,434,1.00
202,434,1.00
201,435,1.00
195,431,0.29
196,431,0.57
206,431,0.57
207,431,0.29
196,432,0.57
197,432,1.00
205,432,1.00
206,432,0.57
197,433,1.00
198,433,1.00
204,433,1.00
205,433,1.00
198,434,1.00
199,434,1.00
203,434,1.00
204,434,1.00
199,435,1.00
200,435,1.00
202,435,1.00
203,435,1.00
200,436,1.00
201,436,1.00
202,436,1.00
201,437,1.00
195,433,0.29
196,433,0.86
206,433,0.86
207,433,0.29
196,434,1.00
197,434,1.00
205,434,1.00
206,434,1.00
197,435,1.00
198,435,1.00
204,435,1.00
205,435,1.00
198,436,1.00
199,436,1.00
203,436,1.00
204,436,1.00
199,437,1.00
200,437,1.00
202,437,1.00
203,437,1.00
200,438,1.00
201,438,1.00
202,438,1.00
201,439,1.00
195,434,0.29
207,434,0.29
196,435,0.86
206,435,0.86
197,436,0.86
205,436,1.00
198,437,1.00
204,437,1.00
199,438,1.00
203,438,1.00
200,439,1.00
202,439,1.00
201,440,1.00
195,435,0.29
207,435,0.29
196,436,0.29
206,436,0.29
197,437,0.29
205,437,0.86
198,438,0.86
204,438,1.00
199,439,1.00
203,439,1.00
200,440,1.00
202,440,1.00
201,441,1.00
206,437,0.29
197,438,0.29
205,438,1.00
206,438,0.57
207,438,0.29
196,439,0.29
197,439,0.57
198,439,1.00
204,439,1.00
205,439,1.00
206,439,1.00
207,439,0.57
208,439,0.29
197,440,0.57
198,440,1.00
199,440,1.00
203,440,1.00
204,440,1.00
205,440,1.00
206,440,1.00
207,440,0.57
198,441,1.00
199,441,1.00
200,441,1.00
202,441,1.00
203,441,1.00
204,441,1.00
205,441,1.00
206,441,1.00
199,442,1.00
200,442,1.00
201,442,1.00
202,442,1.00
203,442,1.00
204,442,1.00
205,442,1.00
200,443,1.00
201,443,1.00
202,443,1.00
203,443,1.00
204,443,1.00
201,444,1.00
202,444,1.00
203,444,1.00
202,445,1.00
196,441,0.29
197,441,0.57
207,441,0.57
208,441,0.29
197,442,0.29
198,442,0.57
206,442,0.57
207,442,0.29
198,443,0.29
199,443,0.86
205,443,0.86
206,443,0.29
199,444,0.86
200,444,1.00
204,444,1.00
205,444,0.86
200,445,1.00
201,445,1.00
203,445,1.00
204,445,1.00
201,446,1.00
202,446,1.00
203,446,1.00
202,447,1.00
198,444,0.29
206,444,0.29
197,445,0.29
198,445,0.57
199,445,0.86
205,445,0.86
206,445,0.57
207,445,0.29
196,446,0.29
197,446,0.57
198,446,0.86
199,446,1.00
200,446,1.00
204,446,1.00
205,446,1.00
206,446,0.86
207,446,0.57
208,446,0.29
197,447,0.29
198,447,0.57
199,447,0.86
200,447,1.00
201,447,1.00
203,447,1.00
204,447,1.00
205,447,0.86
206,447,0.57
207,447,0.29
198,448,0.29
199,448,0.57
200,448,0.86
201,448,1.00
202,448,1.00
203,448,1.00
204,448,0.86
205,448,0.57
206,448,0.29
199,449,0.29
200,449,0.86
201,449,1.00
202,449,1.00
203,449,1.00
204,449,0.86
205,449,0.29
200,450,0.86
201,450,1.00
202,450,1.00
203,450,1.00
204,450,0.86
201,451,1.00
202,451,1.00
203,451,1.00
202,452,1.00
199,450,0.29
205,450,0.29
198,451,0.29
199,451,0.57
200,451,0.86
204,451,0.86
205,451,0.57
206,451,0.29
197,452,0.29
198,452,0.57
199,452,0.86
200,452,1.00
201,452,1.00
203,452,1.00
204,452,1.00
205,452,0.86
206,452,0.57
207,452,0.29
196,453,0.29
197,453,0.57
198,453,0.86
199,453,1.00
200,453,1.00
201,453,1.00
202,453,1.00
203,453,1.00
204,453,1.00
205,453,1.00
206,453,0.86
207,453,0.57
208,453,0.29
197,454,0.29
198,454,0.57
199,454,0.86
200,454,1.00
201,454,1.00
202,454,1.00
203,454,1.00
204,454,1.00
205,454,0.86
206,454,0.57
207,454,0.29
198,455,0.29
199,455,0.86
200,455,1.00
201,455,1.00
202,455,1.00
203,455,1.00
204,455,1.00
205,455,0.86
206,455,0.29
199,456,0.86
200,456,1.00
201,456,1.00
202,456,1.00
203,456,1.00
204,456,1.00
205,456,0.86
200,457,1.00
201,457,1.00
202,457,1.00
203,457,1.00
204,457,1.00
201,458,1.00
202,458,1.00
203,458,1.00
202,459,1.00
198,456,0.29
206,456,0.29
197,457,0.29
198,457,0.57
199,457,0.86
205,457,1.00
206,457,0.57
207,457,0.29
196,458,0.29
197,458,0.57
198,458,0.86
199,458,1.00
200,458,1.00
204,458,1.00
205,458,1.00
206,458,1.00
207,458,0.57
208,458,0.29
197,459,0.29
198,459,0.57
199,459,1.00
200,459,1.00
201,459,1.00
203,459,1.00
204,459,1.00
205,459,1.00
206,459,1.00
207,459,0.57
198,460,0.57
199,460,1.00
200,460,1.00
201,460,1.00
202,460,1.00
203,460,1.00
204,460,1.00
205,460,1.00
206,460,1.00
199,461,1.00
200,461,1.00
201,461,1.00
202,461,1.00
203,461,1.00
204,461,1.00
205,461,1.00
200,462,1.00
201,462,1.00
202,462,1.00
203,462,1.00
204,462,1.00
201,463,1.00
202,463,1.00
203,463,1.00
202,464,1.00
207,460,0.57
208,460,0.29
197,461,0.29
198,461,0.57
206,461,1.00
207,461,0.86
208,461,0.57
209,461,0.29
198,462,0.29
199,462,0.57
205,462,1.00
206,462,1.00
207,462,0.86
208,462,0.29
199,463,0.29
200,463,0.86
204,463,1.00
205,463,1.00
206,463,1.00
207,463,0.86
200,464,0.86
201,464,1.00
203,464,1.00
204,464,1.00
205,464,1.00
206,464,1.00
201,465,1.00
202,465,1.00
203,465,1.00
204,465,1.00
205,465,1.00
202,466,1.00
203,466,1.00
204,466,1.00
203,467,1.00
208,463,0.29
199,464,0.29
207,464,1.00
208,464,0.57
209,464,0.29
198,465,0.29
199,465,0.57
200,465,1.00
206,465,1.00
207,465,1.00
208,465,1.00
209,465,0.57
210,465,0.29
199,466,1.00
200,466,1.00
201,466,1.00
205,466,1.00
206,466,1.00
207,466,1.00
208,466,1.00
209,466,1.00
200,467,1.00
201,467,1.00
202,467,1.00
204,467,1.00
205,467,1.00
206,467,1.00
207,467,1.00
208,467,1.00
201,468,1.00
202,468,1.00
203,468,1.00
204,468,1.00
205,468,1.00
206,468,1.00
207,468,1.00
202,469,1.00
203,469,1.00
204,469,1.00
205,469,1.00
206,469,1.00
203,470,1.00
204,470,1.00
205,470,1.00
204,471,1.00
198,467,0.86
199,467,1.00
209,467,1.00
210,467,0.86
199,468,0.86
200,468,1.00
208,468,1.00
209,468,0.86
200,469,0.86
201,469,1.00
207,469,1.00
208,469,0.86
201,470,0.86
202,470,1.00
206,470,1.00
207,470,0.86
202,471,1.00
203,471,1.00
205,471,1.00
206,471,1.00
203,472,1.00
204,472,1.00
205,472,1.00
204,473,1.00
201,472,0.29
202,472,0.57
206,472,0.57
207,472,0.29
200,473,0.29
201,473,0.57
202,473,0.86
203,473,1.00
205,473,1.00
206,473,0.86
207,473,0.57
208,473,0.29
199,474,0.29
200,474,0.57
201,474,0.86
202,474,1.00
203,474,1.00
204,474,1.00
205,474,1.00
206,474,1.00
207,474,0.86
208,474,0.57
209,474,0.29
198,475,0.29
199,475,0.57
200,475,0.86
201,475,1.00
202,475,1.00
203,475,1.00
204,475,1.00
205,475,1.00
206,475,1.00
207,475,1.00
208,475,0.86
209,475,0.57
210,475,0.29
199,476,0.29
200,476,0.57
201,476,0.86
202,476,1.00
203,476,1.00
204,476,1.00
205,476,1.00
206,476,1.00
207,476,0.86
208,476,0.57
209,476,0.29
200,477,0.29
201,477,0.57
202,477,0.86
203,477,1.00
204,477,1.00
205,477,1.00
206,477,1.00
207,477,0.86
208,477,0.29
201,478,0.29
202,478,0.86
203,478,1.00
204,478,1.00
205,478,1.00
206,478,1.00
207,478,0.86
202,479,0.86
203,479,1.00
204,479,1.00
205,479,1.00
206,479,1.00
203,480,1.00
204,480,1.00
205,480,1.00
204,481,1.00
208,478,0.29
201,479,0.29
207,479,0.86
208,479,0.57
209,479,0.29
200,480,0.29
201,480,0.57
202,480,0.86
206,480,1.00
207,480,1.00
208,480,0.86
209,480,0.57
210,480,0.29
199,481,0.29
200,481,0.57
201,481,0.86
202,481,1.00
203,481,1.00
205,481,1.00
206,481,1.00
207,481,1.00
208,481,1.00
209,481,0.86
210,481,0.57
211,481,0.29
200,482,0.29
201,482,0.86
202,482,1.00
203,482,1.00
204,482,1.00
205,482,1.00
206,482,1.00
207,482,1.00
208,482,1.00
209,482,0.86
210,482,0.29
201,483,1.00
202,483,1.00
203,483,1.00
204,483,1.00
205,483,1.00
206,483,1.00
207,483,1.00
208,483,1.00
209,483,1.00
202,484,1.00
203,484,1.00
204,484,1.00
205,484,1.00
206,484,1.00
207,484,1.00
208,484,1.00
203,485,1.00
204,485,1.00
205,485,1.00
206,485,1.00
207,485,1.00
204,486,1.00
205,486,1.00
206,486,1.00
205,487,1.00
200,483,0.29
210,483,0.29
199,484,0.29
200,484,0.86
201,484,1.00
209,484,1.00
210,484,0.86
211,484,0.29
200,485,1.00
201,485,1.00
202,485,1.00
208,485,1.00
209,485,1.00
210,485,1.00
201,486,1.00
202,486,1.00
203,486,1.00
207,486,1.00
208,486,1.00
209,486,1.00
202,487,1.00
203,487,1.00
204,487,1.00
206,487,1.00
207,487,1.00
208,487,1.00
203,488,1.00
204,488,1.00
205,488,1.00
206,488,1.00
207,488,1.00
204,489,1.00
205,489,1.00
206,489,1.00
205,490,1.00
199,485,0.29
211,485,0.29
200,486,1.00
210,486,1.00
201,487,1.00
209,487,1.00
202,488,1.00
208,488,1.00
203,489,1.00
207,489,1.00
204,490,1.00
206,490,1.00
205,491,1.00
199,486,0.86
211,486,1.00
200,487,1.00
210,487,1.00
201,488,1.00
209,488,1.00
202,489,1.00
208,489,1.00
203,490,1.00
207,490,1.00
204,491,1.00
206,491,1.00
205,492,1.00
211,487,0.57
212,487,0.29
210,488,0.57
211,488,0.29
209,489,0.57
210,489,0.29
208,490,1.00
209,490,0.57
207,491,1.00
208,491,1.00
206,492,1.00
207,492,1.00
206,493,1.00
209,491,0.57
210,491,0.29
203,492,0.29
204,492,0.57
208,492,1.00
209,492,1.00
210,492,0.57
211,492,0.29
202,493,0.29
203,493,0.57
204,493,1.00
205,493,1.00
207,493,1.00
208,493,1.00
209,493,1.00
210,493,1.00
211,493,0.57
212,493,0.29
201,494,0.29
202,494,0.57
203,494,1.00
204,494,1.00
205,494,1.00
206,494,1.00
207,494,1.00
208,494,1.00
209,494,1.00
210,494,1.00
211,494,1.00
212,494,0.57
213,494,0.29
202,495,0.86
203,495,1.00
204,495,1.00
205,495,1.00
206,495,1.00
207,495,1.00
208,495,1.00
209,495,1.00
210,495,1.00
211,495,1.00
212,495,0.86
203,496,1.00
204,496,1.00
205,496,1.00
206,496,1.00
207,496,1.00
208,496,1.00
209,496,1.00
210,496,1.00
211,496,1.00
204,497,1.00
205,497,1.00
206,497,1.00
207,497,1.00
208,497,1.00
209,497,1.00
210,497,1.00
205,498,1.00
206,498,1.00
207,498,1.00
208,498,1.00
209,498,1.00
206,499,1.00
207,499,1.00
208,499,1.00
207,500,1.00
201,496,0.57
202,496,1.00
212,496,1.00
213,496,0.57
202,497,1.00
203,497,1.00
211,497,1.00
212,497,1.00
203,498,1.00
204,498,1.00
210,498,1.00
211,498,1.00
204,499,1.00
205,499,1.00
209,499,1.00
210,499,1.00
205,500,1.00
206,500,1.00
208,500,1.00
209,500,1.00
206,501,1.00
207,501,1.00
208,501,1.00
207,502,1.00
201,497,0.29
213,497,0.29
202,498,0.29
212,498,0.29
203,499,0.29
211,499,0.57
204,500,0.29
210,500,1.00
205,501,0.29
209,501,1.00
206,502,0.57
208,502,1.00
207,503,1.00
211,500,0.57
212,500,0.29
210,501,1.00
211,501,1.00
212,501,0.57
213,501,0.29
209,502,1.00
210,502,1.00
211,502,1.00
212,502,1.00
213,502,0.57
214,502,0.29
205,503,0.29
206,503,0.57
208,503,1.00
209,503,1.00
210,503,1.00
211,503,1.00
212,503,1.00
213,503,1.00
214,503,0.57
215,503,0.29
204,504,0.29
205,504,0.57
206,504,0.86
207,504,1.00
208,504,1.00
209,504,1.00
210,504,1.00
211,504,1.00
212,504,1.00
213,504,1.00
214,504,1.00
215,504,0.57
216,504,0.29
205,505,0.29
206,505,0.57
207,505,1.00
208,505,1.00
209,505,1.00
210,505,1.00
211,505,1.00
212,505,1.00
213,505,1.00
214,505,1.00
215,505,0.57
206,506,0.57
207,506,1.00
208,506,1.00
209,506,1.00
210,506,1.00
211,506,1.00
212,506,1.00
213,506,1.00
214,506,1.00
207,507,1.00
208,507,1.00
209,507,1.00
210,507,1.00
211,507,1.00
212,507,1.00
213,507,1.00
208,508,1.00
209,508,1.00
210,508,1.00
211,508,1.00
212,508,1.00
209,509,1.00
210,509,1.00
211,509,1.00
210,510,1.00
215,506,0.57
216,506,0.29
205,507,0.29
206,507,0.57
214,507,1.00
215,507,0.86
216,507,0.57
217,507,0.29
206,508,0.29
207,508,0.57
213,508,1.00
214,508,1.00
215,508,1.00
216,508,0.29
207,509,0.29
208,509,1.00
212,509,1.00
213,509,1.00
214,509,1.00
215,509,1.00
208,510,1.00
209,510,1.00
211,510,1.00
212,510,1.00
213,510,1.00
214,510,1.00
209,511,1.00
210,511,1.00
211,511,1.00
212,511,1.00
213,511,1.00
210,512,1.00
211,512,1.00
212,512,1.00
211,513,1.00
216,509,0.57
207,510,0.57
215,510,1.00
216,510,1.00
217,510,0.57
206,511,0.57
207,511,1.00
208,511,1.00
214,511,1.00
215,511,1.00
216,511,1.00
217,511,1.00
218,511,0.57
207,512,0.57
208,512,1.00
209,512,1.00
213,512,1.00
214,512,1.00
215,512,1.00
216,512,1.00
217,512,0.57
208,513,0.57
209,513,1.00
210,513,1.00
212,513,1.00
213,513,1.00
214,513,1.00
215,513,1.00
216,513,0.57
209,514,0.86
210,514,1.00
211,514,1.00
212,514,1.00
213,514,1.00
214,514,1.00
215,514,0.86
210,515,1.00
211,515,1.00
212,515,1.00
213,515,1.00
214,515,1.00
211,516,1.00
212,516,1.00
213,516,1.00
212,517,1.00
208,515,0.29
209,515,0.57
215,515,0.57
216,515,0.29
207,516,0.29
208,516,0.57
209,516,0.86
210,516,1.00
214,516,1.00
215,516,0.86
216,516,0.57
217,516,0.29
206,517,0.29
207,517,0.57
208,517,0.86
209,517,1.00
210,517,1.00
211,517,1.00
213,517,1.00
214,517,1.00
215,517,1.00
216,517,0.86
217,517,0.57
218,517,0.29
207,518,0.29
208,518,0.57
209,518,0.86
210,518,1.00
211,518,1.00
212,518,1.00
213,518,1.00
214,518,1.00
215,518,0.86
216,518,0.57
217,518,0.29
208,519,0.29
209,519,0.57
210,519,1.00
211,519,1.00
212,519,1.00
213,519,1.00
214,519,1.00
215,519,0.57
216,519,0.29
209,520,0.57
210,520,1.00
211,520,1.00
212,520,1.00
213,520,1.00
214,520,1.00
215,520,0.57
210,521,1.00
211,521,1.00
212,521,1.00
213,521,1.00
214,521,1.00
211,522,1.00
212,522,1.00
213,522,1.00
212,523,1.00
208,521,0.29
209,521,1.00
215,521,1.00
216,521,0.29
207,522,0.29
208,522,1.00
209,522,1.00
210,522,1.00
214,522,1.00
215,522,1.00
216,522,1.00
217,522,0.29
206,523,0.29
207,523,1.00
208,523,1.00
209,523,1.00
210,523,1.00
211,523,1.00
213,523,1.00
214,523,1.00
215,523,1.00
216,523,1.00
217,523,1.00
218,523,0.29
207,524,1.00
208,524,1.00
209,524,1.00
210,524,1.00
211,524,1.00
212,524,1.00
213,524,1.00
214,524,1.00
215,524,1.00
216,524,1.00
217,524,1.00
208,525,1.00
209,525,1.00
210,525,1.00
211,525,1.00
212,525,1.00
213,525,1.00
214,525,1.00
215,525,1.00
216,525,1.00
209,526,1.00
210,526,1.00
211,526,1.00
212,526,1.00
213,526,1.00
214,526,1.00
215,526,1.00
210,527,1.00
211,527,1.00
212,527,1.00
213,527,1.00
214,527,1.00
211,528,1.00
212,528,1.00
213,528,1.00
212,529,1.00
206,524,0.57
218,524,0.57
207,525,0.57
217,525,0.57
208,526,0.57
216,526,0.57
209,527,0.86
215,527,0.86
210,528,1.00
214,528,1.00
211,529,1.00
213,529,1.00
212,530,1.00
208,528,0.29
209,528,0.57
215,528,0.57
216,528,0.29
207,529,0.29
208,529,0.57
209,529,0.86
210,529,1.00
214,529,1.00
215,529,0.86
216,529,0.57
217,529,0.29
206,530,0.29
207,530,0.57
208,530,0.86
209,530,1.00
210,530,1.00
211,530,1.00
213,530,1.00
214,530,1.00
215,530,1.00
216,530,0.86
217,530,0.57
218,530,0.29
207,531,0.29
208,531,0.57
209,531,0.86
210,531,1.00
211,531,1.00
212,531,1.00
213,531,1.00
214,531,1.00
215,531,0.86
216,531,0.57
217,531,0.29
208,532,0.29
209,532,0.57
210,532,0.86
211,532,1.00
212,532,1.00
213,532,1.00
214,532,0.86
215,532,0.57
216,532,0.29
209,533,0.29
210,533,0.57
211,533,0.86
212,533,1.00
213,533,0.86
214,533,0.57
215,533,0.29
210,534,0.29
211,534,0.57
212,534,0.86
213,534,0.57
214,534,0.29
211,535,0.57
212,535,0.57
213,535,0.29
212,536,0.57
210,536,0.29
211,536,0.57
209,537,0.29
210,537,0.57
211,537,0.86
212,537,0.57
213,537,0.29
208,538,0.29
209,538,0.57
210,538,0.86
211,538,1.00
212,538,0.86
213,538,0.57
214,538,0.29
207,539,0.29
208,539,0.57
209,539,0.86
210,539,1.00
211,539,1.00
212,539,1.00
213,539,0.86
214,539,0.57
215,539,0.29
206,540,0.29
207,540,0.57
208,540,0.86
209,540,1.00
210,540,1.00
211,540,1.00
212,540,1.00
213,540,1.00
214,540,0.86
215,540,0.57
216,540,0.29
205,541,0.29
206,541,0.57
207,541,0.86
208,541,1.00
209,541,1.00
210,541,1.00
211,541,1.00
212,541,1.00
213,541,1.00
214,541,1.00
215,541,0.86
216,541,0.57
217,541,0.29
206,542,0.29
207,542,0.57
208,542,0.86
209,542,1.00
210,542,1.00
211,542,1.00
212,542,1.00
213,542,1.00
214,542,0.86
215,542,0.57
216,542,0.29
207,543,0.29
208,543,0.57
209,543,1.00
210,543,1.00
211,543,1.00
212,543,1.00
213,543,1.00
214,543,0.57
215,543,0.29
208,544,0.57
209,544,1.00
210,544,1.00
211,544,1.00
212,544,1.00
213,544,1.00
214,544,0.57
209,545,1.00
210,545,1.00
211,545,1.00
212,545,1.00
213,545,1.00
210,546,1.00
211,546,1.00
212,546,1.00
211,547,1.00
207,545,0.29
208,545,0.57
214,545,0.57
215,545,0.29
206,546,0.29
207,546,0.57
208,546,0.86
209,546,1.00
213,546,1.00
214,546,0.86
215,546,0.57
216,546,0.29
205,547,0.29
206,547,0.57
207,547,0.86
208,547,1.00
209,547,1.00
210,547,1.00
212,547,1.00
213,547,1.00
214,547,1.00
215,547,0.86
216,547,0.57
217,547,0.29
206,548,0.29
207,548,0.57
208,548,0.86
209,548,1.00
210,548,1.00
211,548,1.00
212,548,1.00
213,548,1.00
214,548,0.86
215,548,0.57
216,548,0.29
207,549,0.29
208,549,0.57
209,549,0.86
210,549,1.00
211,549,1.00
212,549,1.00
213,549,1.00
214,549,0.86
215,549,0.29
208,550,0.29
209,550,0.57
210,550,0.86
211,550,1.00
212,550,1.00
213,550,1.00
214,550,1.00
209,551,0.29
210,551,1.00
211,551,1.00
212,551,1.00
213,551,1.00
210,552,1.00
211,552,1.00
212,552,1.00
211,553,1.00
215,550,0.29
214,551,1.00
215,551,0.86
216,551,0.29
209,552,0.57
213,552,1.00
214,552,1.00
215,552,1.00
216,552,0.86
217,552,0.29
208,553,0.57
209,553,1.00
210,553,1.00
212,553,1.00
213,553,1.00
214,553,1.00
215,553,1.00
216,553,1.00
217,553,0.86
218,553,0.29
207,554,0.57
208,554,1.00
209,554,1.00
210,554,1.00
211,554,1.00
212,554,1.00
213,554,1.00
214,554,1.00
215,554,1.00
216,554,1.00
217,554,1.00
218,554,0.86
219,554,0.29
208,555,1.00
209,555,1.00
210,555,1.00
211,555,1.00
212,555,1.00
213,555,1.00
214,555,1.00
215,555,1.00
216,555,1.00
217,555,1.00
218,555,1.00
209,556,1.00
210,556,1.00
211,556,1.00
212,556,1.00
213,556,1.00
214,556,1.00
215,556,1.00
216,556,1.00
217,556,1.00
210,557,1.00
211,557,1.00
212,557,1.00
213,557,1.00
214,557,1.00
215,557,1.00
216,557,1.00
211,558,1.00
212,558,1.00
213,558,1.00
214,558,1.00
215,558,1.00
212,559,1.00
213,559,1.00
214,559,1.00
213,560,1.00
207,555,0.86
219,555,0.29
208,556,0.86
218,556,0.29
209,557,0.86
217,557,0.29
210,558,0.86
216,558,0.29
211,559,0.86
215,559,0.29
212,560,0.86
214,560,0.29
213,561,0.29
206,555,0.29
207,556,0.29
208,557,0.29
209,558,0.29
210,559,0.29
211,560,0.29
212,561,0.29

190,513,0.57
189,514,0.57
190,514,1.00
191,514,0.57
188,515,0.57
189,515,1.00
190,515,1.00
191,515,1.00
192,515,0.57
187,516,0.57
188,516,1.00
189,516,1.00
190,516,1.00
191,516,1.00
192,516,1.00
193,516,0.57
186,517,0.57
187,517,1.00
188,517,1.00
189,517,1.00
190,517,1.00
191,517,1.00
192,517,1.00
193,517,1.00
194,517,0.57
185,518,0.57
186,518,1.00
187,518,1.00
188,518,1.00
189,518,1.00
190,518,1.00
191,518,1.00
192,518,1.00
193,518,1.00
194,518,1.00
195,518,0.57
184,519,0.57
185,519,1.00
186,519,1.00
187,519,1.00
188,519,1.00
189,519,1.00
190,519,1.00
191,519,1.00
192,519,1.00
193,519,1.00
194,519,1.00
195,519,1.00
196,519,0.57
185,520,1.00
186,520,1.00
187,520,1.00
188,520,1.00
189,520,1.00
190,520,1.00
191,520,1.00
192,520,1.00
193,520,1.00
194,520,1.00
195,520,1.00
186,521,1.00
187,521,1.00
188,521,1.00
189,521,1.00
190,521,1.00
191,521,1.00
192,521,1.00
193,521,1.00
194,521,1.00
187,522,1.00
188,522,1.00
189,522,1.00
190,522,1.00
191,522,1.00
192,522,1.00
193,522,1.00
188,523,1.00
189,523,1.00
190,523,1.00
191,523,1.00
192,523,1.00
189,524,1.00
190,524,1.00
191,524,1.00
190,525,1.00
184,520,0.29
196,520,0.29
185,521,0.29
195,521,0.29
186,522,0.29
194,522,0.29
187,523,0.29
193,523,0.29
188,524,0.29
192,524,0.29
189,525,0.57
191,525,0.57
190,526,1.00
180,480,0.29
179,481,0.29
180,481,0.57
181,481,0.29
178,482,0.29
179,482,0.57
180,482,0.86
181,482,0.57
182,482,0.29
177,483,0.29
178,483,0.86
179,483,0.86
180,483,1.00
181,483,0.86
182,483,0.57
183,483,0.29
176,484,0.29
177,484,0.86
178,484,1.00
179,484,1.00
180,484,1.00
181,484,1.00
182,484,0.86
183,484,0.57
184,484,0.29
175,485,0.29
176,485,0.86
177,485,1.00
178,485,1.00
179,485,1.00
180,485,1.00
181,485,1.00
182,485,1.00
183,485,0.86
184,485,0.57
185,485,0.29
174,486,0.29
175,486,0.86
176,486,1.00
177,486,1.00
178,486,1.00
179,486,1.00
180,486,1.00
181,486,1.00
182,486,1.00
183,486,1.00
184,486,0.86
185,486,0.86
186,486,0.86
175,487,0.86
176,487,1.00
177,487,1.00
178,487,1.00
179,487,1.00
180,487,1.00
181,487,1.00
182,487,1.00
183,487,0.86
184,487,0.86
185,487,0.86
176,488,1.00
177,488,1.00
178,488,1.00
179,488,1.00
180,488,1.00
181,488,1.00
182,488,1.00
183,488,1.00
184,488,0.86
177,489,1.00
178,489,1.00
179,489,1.00
180,489,1.00
181,489,1.00
182,489,1.00
183,489,1.00
178,490,1.00
179,490,1.00
180,490,1.00
181,490,1.00
182,490,1.00
179,491,1.00
180,491,1.00
181,491,0.86
180,492,1.00
174,462,0.86
173,463,0.29
174,463,0.86
175,463,0.86
172,464,0.29
173,464,0.57
174,464,0.86
175,464,0.86
176,464,0.86
171,465,0.29
172,465,0.57
173,465,0.86
174,465,1.00
175,465,0.86
176,465,0.86
177,465,0.29
170,466,0.29
171,466,0.57
172,466,0.86
173,466,1.00
174,466,1.00
175,466,1.00
176,466,0.86
177,466,0.57
178,466,0.29
169,467,0.29
170,467,0.57
171,467,0.86
172,467,1.00
173,467,1.00
174,467,1.00
175,467,1.00
176,467,1.00
177,467,0.86
178,467,0.57
179,467,0.29
168,468,0.29
169,468,0.57
170,468,0.86
171,468,1.00
172,468,1.00
173,468,1.00
174,468,1.00
175,468,1.00
176,468,1.00
177,468,1.00
178,468,0.86
179,468,0.57
180,468,0.29
169,469,0.29
170,469,0.57
171,469,0.86
172,469,1.00
173,469,1.00
174,469,1.00
175,469,1.00
176,469,1.00
177,469,0.86
178,469,0.57
179,469,0.29
170,470,0.29
171,470,0.57
172,470,0.86
173,470,1.00
174,470,1.00
175,470,1.00
176,470,0.86
177,470,0.57
178,470,0.29
171,471,0.29
172,471,0.57
173,471,0.86
174,471,1.00
175,471,0.86
176,471,0.57
177,471,0.29
172,472,0.29
173,472,0.57
174,472,0.86
175,472,0.57
176,472,0.29
173,473,0.29
174,473,0.57
175,473,0.29
174,474,0.29
173,446,1.00
172,447,0.86
173,447,1.00
174,447,1.00
171,448,0.29
172,448,0.86
173,448,1.00
174,448,1.00
175,448,1.00
170,449,0.29
171,449,0.57
172,449,0.86
173,449,1.00
174,449,1.00
175,449,1.00
176,449,1.00
169,450,0.29
170,450,0.57
171,450,0.86
172,450,1.00
173,450,1.00
174,450,1.00
175,450,1.00
176,450,1.00
177,450,0.86
168,451,0.29
169,451,0.57
170,451,0.86
171,451,1.00
172,451,1.00
173,451,1.00
174,451,1.00
175,451,1.00
176,451,1.00
177,451,0.86
178,451,0.29
167,452,0.29
168,452,0.57
169,452,0.86
170,452,1.00
171,452,1.00
172,452,1.00
173,452,1.00
174,452,1.00
175,452,1.00
176,452,1.00
177,452,0.86
178,452,0.57
179,452,0.29
168,453,0.29
169,453,0.57
170,453,0.86
171,453,1.00
172,453,1.00
173,453,1.00
174,453,1.00
175,453,1.00
176,453,1.00
177,453,0.57
178,453,0.29
169,454,0.29
170,454,0.57
171,454,0.86
172,454,1.00
173,454,1.00
174,454,1.00
175,454,1.00
176,454,1.00
177,454,0.57
170,455,0.29
171,455,0.57
172,455,0.86
173,455,1.00
174,455,1.00
175,455,1.00
176,455,1.00
171,456,0.29
172,456,0.57
173,456,1.00
174,456,1.00
175,456,1.00
172,457,0.57
173,457,1.00
174,457,1.00
173,458,1.00
173,433,1.00
172,434,0.86
173,434,1.00
174,434,1.00
171,435,0.29
172,435,0.86
173,435,1.00
174,435,1.00
175,435,1.00
170,436,0.29
171,436,0.57
172,436,0.86
173,436,1.00
174,436,1.00
175,436,1.00
176,436,0.86
169,437,0.29
170,437,0.57
171,437,0.86
172,437,1.00
173,437,1.00
174,437,1.00
175,437,1.00
176,437,0.86
177,437,0.29
168,438,0.29
169,438,0.57
170,438,0.86
171,438,1.00
172,438,1.00
173,438,1.00
174,438,1.00
175,438,1.00
176,438,0.86
177,438,0.57
178,438,0.57
167,439,0.29
168,439,0.57
169,439,0.86
170,439,1.00
171,439,1.00
172,439,1.00
173,439,1.00
174,439,1.00
175,439,1.00
176,439,1.00
177,439,1.00
178,439,1.00
179,439,1.00
168,440,0.29
169,440,0.57
170,440,0.86
171,440,1.00
172,440,1.00
173,440,1.00
174,440,1.00
175,440,1.00
176,440,1.00
177,440,1.00
178,440,1.00
169,441,0.29
170,441,0.57
171,441,0.86
172,441,1.00
173,441,1.00
174,441,1.00
175,441,1.00
176,441,1.00
177,441,0.86
170,442,0.29
171,442,0.57
172,442,0.86
173,442,1.00
174,442,1.00
175,442,1.00
176,442,1.00
171,443,0.29
172,443,0.57
173,443,1.00
174,443,1.00
175,443,1.00
172,444,0.57
173,444,1.00
174,444,1.00
173,445,1.00
173,421,1.00
172,422,1.00
173,422,1.00
174,422,1.00
171,423,1.00
172,423,1.00
173,423,1.00
174,423,1.00
175,423,1.00
170,424,0.86
171,424,1.00
172,424,1.00
173,424,1.00
174,424,1.00
175,424,1.00
176,424,1.00
169,425,0.86
170,425,1.00
171,425,1.00
172,425,1.00
173,425,1.00
174,425,1.00
175,425,1.00
176,425,1.00
177,425,1.00
168,426,0.86
169,426,1.00
170,426,1.00
171,426,1.00
172,426,1.00
173,426,1.00
174,426,1.00
175,426,1.00
176,426,1.00
177,426,1.00
178,426,1.00
167,427,0.29
168,427,0.86
169,427,1.00
170,427,1.00
171,427,1.00
172,427,1.00
173,427,1.00
174,427,1.00
175,427,1.00
176,427,1.00
177,427,1.00
178,427,1.00
179,427,1.00
168,428,0.29
169,428,0.86
170,428,1.00
171,428,1.00
172,428,1.00
173,428,1.00
174,428,1.00
175,428,1.00
176,428,1.00
177,428,1.00
178,428,1.00
169,429,0.29
170,429,0.86
171,429,1.00
172,429,1.00
173,429,1.00
174,429,1.00
175,429,1.00
176,429,1.00
177,429,1.00
170,430,0.29
171,430,1.00
172,430,1.00
173,430,1.00
174,430,1.00
175,430,1.00
176,430,1.00
171,431,0.86
172,431,1.00
173,431,1.00
174,431,1.00
175,431,1.00
172,432,1.00
173,432,1.00
174,432,1.00
173,420,1.00
172,421,1.00
174,421,1.00
171,422,1.00
175,422,1.00
170,423,0.29
176,423,1.00
169,424,0.29
177,424,1.00
168,425,0.29
178,425,1.00
167,426,0.29
179,426,1.00
178,429,1.00
177,430,1.00
178,430,1.00
179,430,1.00
170,431,0.29
176,431,1.00
177,431,1.00
178,431,1.00
179,431,1.00
180,431,1.00
169,432,0.29
170,432,0.57
171,432,0.86
175,432,1.00
176,432,1.00
177,432,1.00
178,432,1.00
179,432,1.00
180,432,1.00
181,432,1.00
170,433,0.29
171,433,0.57
172,433,0.86
174,433,1.00
175,433,1.00
176,433,1.00
177,433,1.00
178,433,1.00
179,433,1.00
180,433,1.00
171,434,0.29
175,434,1.00
176,434,1.00
177,434,1.00
178,434,1.00
179,434,1.00
176,435,0.86
177,435,0.86
178,435,0.86
177,436,0.29
187,484,0.29
186,485,0.29
187,485,0.57
188,485,0.29
187,486,0.86
188,486,0.57
189,486,0.29
186,487,0.86
187,487,1.00
188,487,0.86
189,487,0.57
190,487,0.29
185,488,0.86
186,488,1.00
187,488,1.00
188,488,1.00
189,488,0.86
190,488,0.57
191,488,0.29
184,489,1.00
185,489,1.00
186,489,1.00
187,489,1.00
188,489,1.00
189,489,1.00
190,489,0.86
191,489,0.57
192,489,0.29
183,490,1.00
184,490,1.00
185,490,1.00
186,490,1.00
187,490,1.00
188,490,1.00
189,490,1.00
190,490,1.00
191,490,0.86
192,490,0.57
193,490,0.29
182,491,0.57
183,491,0.57
184,491,0.86
185,491,1.00
186,491,1.00
187,491,1.00
188,491,1.00
189,491,1.00
190,491,0.86
191,491,0.57
192,491,0.29
183,492,0.29
184,492,0.57
185,492,0.86
186,492,1.00
187,492,1.00
188,492,1.00
189,492,0.86
190,492,0.57
191,492,0.29
184,493,0.29
185,493,0.57
186,493,0.86
187,493,1.00
188,493,0.86
189,493,0.57
190,493,0.29
185,494,0.29
186,494,0.57
187,494,0.86
188,494,0.57
189,494,0.29
186,495,0.29
187,495,0.57
188,495,0.29
187,496,0.29
196,562,0.29
195,563,0.29
196,563,0.57
197,563,0.29
194,564,0.29
195,564,0.57
196,564,0.86
197,564,0.57
198,564,0.29
193,565,0.29
194,565,0.57
195,565,0.86
196,565,1.00
197,565,0.86
198,565,0.57
199,565,0.29
192,566,0.29
193,566,0.57
194,566,0.86
195,566,1.00
196,566,1.00
197,566,1.00
198,566,0.86
199,566,0.57
200,566,0.29
191,567,0.29
192,567,0.57
193,567,0.86
194,567,1.00
195,567,1.00
196,567,1.00
197,567,1.00
198,567,1.00
199,567,0.86
200,567,0.57
201,567,0.29
190,568,0.29
191,568,0.57
192,568,0.86
193,568,1.00
194,568,1.00
195,568,1.00
196,568,1.00
197,568,1.00
198,568,1.00
199,568,1.00
200,568,0.86
201,568,0.57
202,568,0.29
191,569,0.29
192,569,0.57
193,569,0.86
194,569,1.00
195,569,1.00
196,569,1.00
197,569,1.00
198,569,1.00
199,569,0.86
200,569,0.57
201,569,0.29
192,570,0.29
193,570,1.00
194,570,1.00
195,570,1.00
196,570,1.00
197,570,1.00
198,570,1.00
199,570,1.00
200,570,0.29
193,571,1.00
194,571,1.00
195,571,1.00
196,571,1.00
197,571,1.00
198,571,1.00
199,571,1.00
194,572,1.00
195,572,1.00
196,572,1.00
197,572,1.00
198,572,1.00
195,573,1.00
196,573,1.00
197,573,1.00
196,574,1.00
192,571,0.57
200,571,0.57
191,572,0.57
192,572,1.00
193,572,1.00
199,572,1.00
200,572,1.00
201,572,0.57
190,573,0.57
191,573,1.00
192,573,1.00
193,573,1.00
194,573,1.00
198,573,1.00
199,573,1.00
200,573,1.00
201,573,1.00
202,573,0.57
191,574,0.57
192,574,1.00
193,574,1.00
194,574,1.00
195,574,1.00
197,574,1.00
198,574,1.00
199,574,1.00
200,574,1.00
201,574,0.57
192,575,0.57
193,575,1.00
194,575,1.00
195,575,1.00
196,575,1.00
197,575,1.00
198,575,1.00
199,575,1.00
200,575,0.57
193,576,0.57
194,576,1.00
195,576,1.00
196,576,1.00
197,576,1.00
198,576,1.00
199,576,0.57
194,577,0.57
195,577,1.00
196,577,1.00
197,577,1.00
198,577,0.57
195,578,0.57
196,578,1.00
197,578,0.57
196,579,0.57
182,496,1.00
181,497,1.00
182,497,1.00
183,497,1.00
180,498,1.00
181,498,1.00
182,498,1.00
183,498,1.00
184,498,0.29
179,499,1.00
180,499,1.00
181,499,1.00
182,499,1.00
183,499,0.86
184,499,0.57
185,499,0.29
178,500,1.00
179,500,1.00
180,500,1.00
181,500,1.00
182,500,1.00
183,500,1.00
184,500,0.86
185,500,0.57
186,500,0.29
177,501,0.57
178,501,1.00
179,501,1.00
180,501,1.00
181,501,1.00
182,501,1.00
183,501,1.00
184,501,1.00
185,501,0.86
186,501,0.57
187,501,0.29
176,502,0.57
177,502,0.57
178,502,0.86
179,502,1.00
180,502,1.00
181,502,1.00
182,502,1.00
183,502,1.00
184,502,1.00
185,502,1.00
186,502,0.86
187,502,0.86
188,502,0.86
177,503,0.29
178,503,0.57
179,503,0.86
180,503,1.00
181,503,1.00
182,503,1.00
183,503,1.00
184,503,1.00
185,503,0.86
186,503,0.86
187,503,0.86
178,504,0.29
179,504,0.57
180,504,0.86
181,504,1.00
182,504,1.00
183,504,1.00
184,504,0.86
185,504,0.86
186,504,0.86
179,505,0.29
180,505,0.57
181,505,0.86
182,505,1.00
183,505,0.86
184,505,0.86
185,505,0.86
180,506,0.29
181,506,0.57
182,506,0.86
183,506,0.57
184,506,0.29
181,507,0.29
182,507,0.57
183,507,0.29
182,508,0.29
174,355,1.00
173,356,1.00
174,356,1.00
175,356,1.00
172,357,0.86
173,357,1.00
174,357,1.00
175,357,1.00
176,357,1.00
171,358,0.29
172,358,0.86
173,358,1.00
174,358,1.00
175,358,1.00
176,358,1.00
177,358,1.00
170,359,0.29
171,359,0.57
172,359,0.86
173,359,1.00
174,359,1.00
175,359,1.00
176,359,1.00
177,359,1.00
178,359,0.86
169,360,0.29
170,360,0.57
171,360,0.86
172,360,1.00
173,360,1.00
174,360,1.00
175,360,1.00
176,360,1.00
177,360,1.00
178,360,0.86
179,360,0.29
168,361,0.29
169,361,0.57
170,361,0.86
171,361,1.00
172,361,1.00
173,361,1.00
174,361,1.00
175,361,1.00
176,361,1.00
177,361,1.00
178,361,0.86
179,361,0.57
180,361,0.29
169,362,0.29
170,362,0.57
171,362,0.86
172,362,1.00
173,362,1.00
174,362,1.00
175,362,1.00
176,362,1.00
177,362,0.86
178,362,0.57
179,362,0.29
170,363,0.29
171,363,0.57
172,363,0.86
173,363,1.00
174,363,1.00
175,363,1.00
176,363,0.86
177,363,0.57
178,363,0.29
171,364,0.29
172,364,0.57
173,364,0.86
174,364,1.00
175,364,0.86
176,364,0.57
177,364,0.29
172,365,0.29
173,365,0.57
174,365,0.86
175,365,0.57
176,365,0.29
173,366,0.29
174,366,0.57
175,366,0.29
174,367,0.29
174,305,1.00
173,306,1.00
174,306,1.00
175,306,1.00
172,307,1.00
173,307,1.00
174,307,1.00
175,307,1.00
176,307,1.00
171,308,1.00
172,308,1.00
173,308,1.00
174,308,1.00
175,308,1.00
176,308,1.00
177,308,1.00
170,309,1.00
171,309,1.00
172,309,1.00
173,309,1.00
174,309,1.00
175,309,1.00
176,309,1.00
177,309,1.00
178,309,1.00
169,310,1.00
170,310,1.00
171,310,1.00
172,310,1.00
173,310,1.00
174,310,1.00
175,310,1.00
176,310,1.00
177,310,1.00
178,310,1.00
179,310,1.00
168,311,0.57
169,311,1.00
170,311,1.00
171,311,1.00
172,311,1.00
173,311,1.00
174,311,1.00
175,311,1.00
176,311,1.00
177,311,1.00
178,311,1.00
179,311,1.00
180,311,0.29
169,312,0.57
170,312,1.00
171,312,1.00
172,312,1.00
173,312,1.00
174,312,1.00
175,312,1.00
176,312,1.00
177,312,1.00
178,312,1.00
179,312,0.29
170,313,0.86
171,313,1.00
172,313,1.00
173,313,1.00
174,313,1.00
175,313,1.00
176,313,1.00
177,313,1.00
178,313,0.29
171,314,1.00
172,314,1.00
173,314,1.00
174,314,1.00
175,314,1.00
176,314,1.00
177,314,0.57
172,315,1.00
173,315,1.00
174,315,1.00
175,315,1.00
176,315,1.00
173,316,1.00
174,316,1.00
175,316,1.00
174,317,1.00
174,304,0.57
173,305,0.57
175,305,0.57
172,306,0.57
176,306,0.57
171,307,0.57
177,307,0.57
170,308,0.57
178,308,0.57
169,309,0.57
179,309,0.57
168,310,0.57
180,310,0.57
174,342,0.29
173,343,0.29
174,343,0.57
175,343,0.29
172,344,0.29
173,344,0.57
174,344,0.86
175,344,0.57
176,344,0.29
171,345,0.29
172,345,0.57
173,345,0.86
174,345,1.00
175,345,0.86
176,345,0.57
177,345,0.29
170,346,0.29
171,346,0.57
172,346,0.86
173,346,1.00
174,346,1.00
175,346,1.00
176,346,0.86
177,346,0.57
178,346,0.29
169,347,0.29
170,347,0.57
171,347,0.86
172,347,1.00
173,347,1.00
174,347,1.00
175,347,1.00
176,347,1.00
177,347,0.86
178,347,0.57
179,347,0.29
168,348,0.29
169,348,0.57
170,348,0.86
171,348,1.00
172,348,1.00
173,348,1.00
174,348,1.00
175,348,1.00
176,348,1.00
177,348,1.00
178,348,0.86
179,348,0.57
180,348,0.29
169,349,0.29
170,349,0.57
171,349,0.86
172,349,1.00
173,349,1.00
174,349,1.00
175,349,1.00
176,349,1.00
177,349,0.86
178,349,0.57
179,349,0.29
170,350,0.29
171,350,0.57
172,350,0.86
173,350,1.00
174,350,1.00
175,350,1.00
176,350,1.00
177,350,0.57
178,350,0.29
171,351,0.29
172,351,0.57
173,351,0.86
174,351,1.00
175,351,1.00
176,351,1.00
177,351,0.57
172,352,0.29
173,352,0.57
174,352,1.00
175,352,1.00
176,352,1.00
173,353,0.57
174,353,1.00
175,353,1.00
174,354,1.00
176,385,1.00
175,386,1.00
176,386,1.00
177,386,1.00
174,387,1.00
175,387,1.00
176,387,1.00
177,387,1.00
178,387,1.00
173,388,1.00
174,388,1.00
175,388,1.00
176,388,1.00
177,388,1.00
178,388,1.00
179,388,1.00
172,389,1.00
173,389,1.00
174,389,1.00
175,389,1.00
176,389,1.00
177,389,1.00
178,389,1.00
179,389,1.00
180,389,1.00
171,390,1.00
172,390,1.00
173,390,1.00
174,390,1.00
175,390,1.00
176,390,1.00
177,390,1.00
178,390,1.00
179,390,1.00
180,390,1.00
181,390,1.00
170,391,1.00
171,391,1.00
172,391,1.00
173,391,1.00
174,391,1.00
175,391,1.00
176,391,1.00
177,391,1.00
178,391,1.00
179,391,1.00
180,391,1.00
181,391,1.00
182,391,1.00
171,392,1.00
172,392,1.00
173,392,1.00
174,392,1.00
175,392,1.00
176,392,1.00
177,392,1.00
178,392,1.00
179,392,1.00
180,392,1.00
181,392,1.00
172,393,0.86
173,393,0.86
174,393,1.00
175,393,1.00
176,393,1.00
177,393,1.00
178,393,1.00
179,393,1.00
180,393,1.00
173,394,0.29
174,394,0.57
175,394,1.00
176,394,1.00
177,394,1.00
178,394,1.00
179,394,0.57
174,395,0.29
175,395,0.57
176,395,1.00
177,395,1.00
178,395,0.57
175,396,0.29
176,396,0.57
177,396,0.57
176,397,0.29
189,450,0.29
188,451,0.29
189,451,0.57
190,451,0.29
187,452,0.29
188,452,0.57
189,452,0.86
190,452,0.57
191,452,0.29
186,453,0.29
187,453,0.57
188,453,0.86
189,453,1.00
190,453,0.86
191,453,0.57
192,453,0.29
185,454,0.29
186,454,0.57
187,454,0.86
188,454,1.00
189,454,1.00
190,454,1.00
191,454,0.86
192,454,0.57
193,454,0.29
184,455,0.29
185,455,0.57
186,455,0.86
187,455,1.00
188,455,1.00
189,455,1.00
190,455,1.00
191,455,1.00
192,455,0.86
193,455,0.57
194,455,0.29
183,456,0.29
184,456,0.57
185,456,0.86
186,456,1.00
187,456,1.00
188,456,1.00
189,456,1.00
190,456,1.00
191,456,1.00
192,456,1.00
193,456,0.86
194,456,0.57
195,456,0.29
184,457,0.29
185,457,0.57
186,457,0.86
187,457,1.00
188,457,1.00
189,457,1.00
190,457,1.00
191,457,1.00
192,457,0.86
193,457,0.57
194,457,0.29
185,458,0.29
186,458,0.57
187,458,0.86
188,458,1.00
189,458,1.00
190,458,1.00
191,458,0.86
192,458,0.57
193,458,0.29
186,459,0.29
187,459,0.57
188,459,0.86
189,459,1.00
190,459,0.86
191,459,0.57
192,459,0.29
187,460,0.29
188,460,0.57
189,460,0.86
190,460,0.57
191,460,0.29
188,461,0.29
189,461,0.57
190,461,0.29
189,462,0.29
190,499,0.29
189,500,0.29
190,500,0.57
191,500,0.29
188,501,0.29
189,501,0.57
190,501,0.86
191,501,0.57
192,501,0.29
189,502,0.86
190,502,1.00
191,502,0.86
192,502,0.57
193,502,0.29
188,503,0.86
189,503,1.00
190,503,1.00
191,503,1.00
192,503,0.86
193,503,0.57
194,503,0.29
187,504,0.86
188,504,1.00
189,504,1.00
190,504,1.00
191,504,1.00
192,504,1.00
193,504,0.86
194,504,0.57
195,504,0.29
186,505,0.86
187,505,1.00
188,505,1.00
189,505,1.00
190,505,1.00
191,505,1.00
192,505,1.00
193,505,1.00
194,505,0.86
195,505,0.57
196,505,0.29
185,506,0.29
186,506,0.57
187,506,0.86
188,506,1.00
189,506,1.00
190,506,1.00
191,506,1.00
192,506,1.00
193,506,0.86
194,506,0.57
195,506,0.29
186,507,0.29
187,507,0.57
188,507,0.86
189,507,1.00
190,507,1.00
191,507,1.00
192,507,0.86
193,507,0.57
194,507,0.29
187,508,0.29
188,508,0.57
189,508,0.86
190,508,1.00
191,508,0.86
192,508,0.57
193,508,0.29
188,509,0.29
189,509,0.57
190,509,0.86
191,509,0.57
192,509,0.29
189,510,0.29
190,510,0.57
191,510,0.29
190,511,0.29
188,526,0.29
189,526,0.57
191,526,0.57
192,526,0.29
187,527,0.29
188,527,0.57
189,527,1.00
190,527,1.00
191,527,1.00
192,527,0.57
193,527,0.29
186,528,0.29
187,528,0.57
188,528,1.00
189,528,1.00
190,528,1.00
191,528,1.00
192,528,1.00
193,528,0.57
194,528,0.29
185,529,0.29
186,529,0.57
187,529,1.00
188,529,1.00
189,529,1.00
190,529,1.00
191,529,1.00
192,529,1.00
193,529,1.00
194,529,0.57
195,529,0.29
184,530,0.29
185,530,0.57
186,530,1.00
187,530,1.00
188,530,1.00
189,530,1.00
190,530,1.00
191,530,1.00
192,530,1.00
193,530,1.00
194,530,1.00
195,530,0.57
196,530,0.29
185,531,0.57
186,531,1.00
187,531,1.00
188,531,1.00
189,531,1.00
190,531,1.00
191,531,1.00
192,531,1.00
193,531,1.00
194,531,1.00
195,531,0.57
186,532,1.00
187,532,1.00
188,532,1.00
189,532,1.00
190,532,1.00
191,532,1.00
192,532,1.00
193,532,1.00
194,532,1.00
187,533,1.00
188,533,1.00
189,533,1.00
190,533,1.00
191,533,1.00
192,533,1.00
193,533,1.00
188,534,1.00
189,534,1.00
190,534,1.00
191,534,1.00
192,534,1.00
189,535,1.00
190,535,1.00
191,535,1.00
190,536,1.00
184,532,0.29
185,532,0.57
195,532,0.57
196,532,0.29
185,533,0.29
186,533,0.57
194,533,0.57
195,533,0.29
186,534,0.29
187,534,0.57
193,534,0.57
194,534,0.29
187,535,0.29
188,535,0.57
192,535,0.57
193,535,0.29
188,536,0.29
189,536,0.57
191,536,0.57
192,536,0.29
189,537,0.29
190,537,0.57
191,537,0.29
190,538,0.29
183,458,0.29
182,459,0.57
183,459,0.57
184,459,0.29
181,460,0.57
182,460,0.57
183,460,0.86
184,460,0.57
185,460,0.29
180,461,0.57
181,461,0.57
182,461,0.86
183,461,1.00
184,461,0.86
185,461,0.57
186,461,0.29
179,462,0.57
180,462,0.57
181,462,0.86
182,462,1.00
183,462,1.00
184,462,1.00
185,462,0.86
186,462,0.57
187,462,0.29
178,463,0.57
179,463,0.57
180,463,0.86
181,463,1.00
182,463,1.00
183,463,1.00
184,463,1.00
185,463,1.00
186,463,0.86
187,463,0.57
188,463,0.29
177,464,0.57
178,464,0.57
179,464,0.86
180,464,1.00
181,464,1.00
182,464,1.00
183,464,1.00
184,464,1.00
185,464,1.00
186,464,1.00
187,464,0.86
188,464,0.57
189,464,0.29
178,465,0.29
179,465,0.57
180,465,0.86
181,465,1.00
182,465,1.00
183,465,1.00
184,465,1.00
185,465,1.00
186,465,0.86
187,465,0.57
188,465,0.29
179,466,0.29
180,466,0.57
181,466,0.86
182,466,1.00
183,466,1.00
184,466,1.00
185,466,0.86
186,466,0.57
187,466,0.29
180,467,0.29
181,467,0.57
182,467,0.86
183,467,1.00
184,467,0.86
185,467,0.57
186,467,0.29
181,468,0.29
182,468,0.57
183,468,0.86
184,468,0.57
185,468,0.29
182,469,0.29
183,469,0.57
184,469,0.29
183,470,0.29
166,309,0.29
165,310,0.29
166,310,0.57
167,310,0.29
164,311,0.29
165,311,0.57
166,311,0.86
167,311,0.57
163,312,0.29
164,312,0.57
165,312,0.86
166,312,1.00
167,312,0.86
168,312,0.57
162,313,0.29
163,313,0.57
164,313,0.86
165,313,1.00
166,313,1.00
167,313,1.00
168,313,0.86
169,313,0.57
161,314,0.29
162,314,0.57
163,314,0.86
164,314,1.00
165,314,1.00
166,314,1.00
167,314,1.00
168,314,1.00
169,314,1.00
170,314,1.00
160,315,0.86
161,315,0.86
162,315,0.86
163,315,1.00
164,315,1.00
165,315,1.00
166,315,1.00
167,315,1.00
168,315,1.00
169,315,1.00
170,315,1.00
171,315,1.00
161,316,0.29
162,316,0.57
163,316,0.86
164,316,1.00
165,316,1.00
166,316,1.00
167,316,1.00
168,316,1.00
169,316,1.00
170,316,1.00
171,316,1.00
162,317,0.29
163,317,0.57
164,317,0.86
165,317,1.00
166,317,1.00
167,317,1.00
168,317,1.00
169,317,1.00
170,317,1.00
163,318,0.29
164,318,0.57
165,318,0.86
166,318,1.00
167,318,0.86
168,318,0.57
169,318,0.57
164,319,0.29
165,319,0.57
166,319,0.86
167,319,0.57
168,319,0.29
165,320,0.29
166,320,0.57
167,320,0.29
166,321,0.29
164,284,1.00
163,285,1.00
164,285,1.00
165,285,1.00
162,286,1.00
163,286,1.00
164,286,1.00
165,286,1.00
166,286,1.00
161,287,1.00
162,287,1.00
163,287,1.00
164,287,1.00
165,287,1.00
166,287,1.00
167,287,0.57
160,288,1.00
161,288,1.00
162,288,1.00
163,288,1.00
164,288,1.00
165,288,1.00
166,288,1.00
167,288,0.57
168,288,0.29
159,289,0.86
160,289,1.00
161,289,1.00
162,289,1.00
163,289,1.00
164,289,1.00
165,289,1.00
166,289,1.00
167,289,0.86
168,289,0.57
169,289,0.29
158,290,0.86
159,290,1.00
160,290,1.00
161,290,1.00
162,290,1.00
163,290,1.00
164,290,1.00
165,290,1.00
166,290,1.00
167,290,1.00
168,290,0.86
169,290,0.57
170,290,0.29
159,291,1.00
160,291,1.00
161,291,1.00
162,291,1.00
163,291,1.00
164,291,1.00
165,291,1.00
166,291,1.00
167,291,0.86
168,291,0.57
169,291,0.29
160,292,1.00
161,292,1.00
162,292,1.00
163,292,1.00
164,292,1.00
165,292,1.00
166,292,1.00
167,292,0.86
168,292,0.29
161,293,1.00
162,293,1.00
163,293,1.00
164,293,1.00
165,293,1.00
166,293,0.86
167,293,0.29
162,294,1.00
163,294,1.00
164,294,1.00
165,294,0.86
166,294,0.29
163,295,0.86
164,295,0.86
165,295,0.29
164,296,0.29
163,299,0.29
162,300,0.29
163,300,0.57
164,300,0.29
161,301,0.29
162,301,0.57
163,301,0.86
164,301,0.57
165,301,0.29
160,302,0.29
161,302,0.57
162,302,0.86
163,302,1.00
164,302,0.86
165,302,0.57
166,302,0.29
159,303,0.29
160,303,0.57
161,303,0.86
162,303,1.00
163,303,1.00
164,303,1.00
165,303,0.86
166,303,0.57
167,303,0.29
158,304,0.29
159,304,0.57
160,304,0.86
161,304,1.00
162,304,1.00
163,304,1.00
164,304,1.00
165,304,1.00
166,304,0.86
167,304,0.57
168,304,0.29
157,305,0.29
158,305,0.57
159,305,0.86
160,305,1.00
161,305,1.00
162,305,1.00
163,305,1.00
164,305,1.00
165,305,1.00
166,305,1.00
167,305,0.86
168,305,0.57
169,305,0.29
158,306,0.29
159,306,0.57
160,306,0.86
161,306,1.00
162,306,1.00
163,306,1.00
164,306,1.00
165,306,1.00
166,306,0.86
167,306,0.57
168,306,0.29
159,307,0.29
160,307,0.57
161,307,0.86
162,307,1.00
163,307,1.00
164,307,1.00
165,307,0.86
166,307,0.57
167,307,0.29
160,308,0.29
161,308,0.57
162,308,0.86
163,308,1.00
164,308,0.86
165,308,0.57
166,308,0.29
161,309,0.29
162,309,0.57
163,309,0.86
164,309,0.57
165,309,0.29
162,310,0.29
163,310,0.57
164,310,0.29
163,311,0.29
163,401,1.00
162,402,0.86
163,402,1.00
164,402,0.86
161,403,0.29
162,403,0.86
163,403,1.00
164,403,0.86
165,403,0.29
160,404,0.29
161,404,0.57
162,404,0.86
163,404,1.00
164,404,0.86
165,404,0.57
166,404,0.29
159,405,0.29
160,405,0.57
161,405,0.86
162,405,1.00
163,405,1.00
164,405,1.00
165,405,0.86
166,405,0.57
167,405,0.29
158,406,0.29
159,406,0.57
160,406,0.86
161,406,1.00
162,406,1.00
163,406,1.00
164,406,1.00
165,406,1.00
166,406,0.86
167,406,0.57
168,406,0.29
157,407,0.29
158,407,0.57
159,407,0.86
160,407,1.00
161,407,1.00
162,407,1.00
163,407,1.00
164,407,1.00
165,407,1.00
166,407,1.00
167,407,0.86
168,407,0.57
169,407,0.29
158,408,0.29
159,408,0.57
160,408,0.86
161,408,1.00
162,408,1.00
163,408,1.00
164,408,1.00
165,408,1.00
166,408,0.86
167,408,0.57
168,408,0.29
159,409,0.29
160,409,0.57
161,409,0.86
162,409,1.00
163,409,1.00
164,409,1.00
165,409,0.86
166,409,0.57
167,409,0.29
160,410,0.29
161,410,0.57
162,410,0.86
163,410,1.00
164,410,0.86
165,410,0.57
166,410,0.29
161,411,0.29
162,411,0.57
163,411,0.86
164,411,0.57
165,411,0.29
162,412,0.29
163,412,0.57
164,412,0.29
163,413,0.29
162,456,0.29
161,457,0.29
162,457,0.57
163,457,0.29
160,458,0.29
161,458,0.57
162,458,0.86
163,458,0.57
164,458,0.29
159,459,0.29
160,459,0.57
161,459,0.86
162,459,1.00
163,459,0.86
164,459,0.86
165,459,0.29
158,460,0.29
159,460,0.57
160,460,0.86
161,460,1.00
162,460,1.00
163,460,1.00
164,460,1.00
165,460,0.86
166,460,0.29
157,461,0.29
158,461,0.57
159,461,0.86
160,461,1.00
161,461,1.00
162,461,1.00
163,461,1.00
164,461,1.00
165,461,1.00
166,461,0.86
167,461,0.29
156,462,0.29
157,462,0.57
158,462,0.86
159,462,1.00
160,462,1.00
161,462,1.00
162,462,1.00
163,462,1.00
164,462,1.00
165,462,1.00
166,462,1.00
167,462,0.86
168,462,0.29
157,463,0.29
158,463,0.57
159,463,0.86
160,463,1.00
161,463,1.00
162,463,1.00
163,463,1.00
164,463,1.00
165,463,1.00
166,463,1.00
167,463,0.86
158,464,0.29
159,464,0.86
160,464,1.00
161,464,1.00
162,464,1.00
163,464,1.00
164,464,1.00
165,464,1.00
166,464,1.00
159,465,0.86
160,465,1.00
161,465,1.00
162,465,1.00
163,465,1.00
164,465,1.00
165,465,1.00
160,466,0.86
161,466,1.00
162,466,1.00
163,466,1.00
164,466,1.00
161,467,0.86
162,467,1.00
163,467,1.00
162,468,0.86
158,432,0.29
157,433,0.29
158,433,0.57
159,433,0.29
156,434,0.29
157,434,0.57
158,434,0.86
159,434,0.57
160,434,0.29
155,435,0.29
156,435,0.57
157,435,0.86
158,435,1.00
159,435,0.86
160,435,0.57
161,435,0.29
154,436,0.29
155,436,0.57
156,436,0.86
157,436,1.00
158,436,1.00
159,436,1.00
160,436,0.86
161,436,0.57
162,436,0.29
153,437,0.29
154,437,0.57
155,437,0.86
156,437,1.00
157,437,1.00
158,437,1.00
159,437,1.00
160,437,1.00
161,437,0.86
162,437,0.57
163,437,0.29
152,438,0.29
153,438,0.57
154,438,0.86
155,438,1.00
156,438,1.00
157,438,1.00
158,438,1.00
159,438,1.00
160,438,1.00
161,438,1.00
162,438,0.86
163,438,0.57
164,438,0.29
153,439,0.29
154,439,0.57
155,439,0.86
156,439,1.00
157,439,1.00
158,439,1.00
159,439,1.00
160,439,1.00
161,439,0.86
162,439,0.57
163,439,0.29
154,440,0.29
155,440,0.57
156,440,0.86
157,440,1.00
158,440,1.00
159,440,1.00
160,440,0.86
161,440,0.57
162,440,0.29
155,441,0.29
156,441,0.57
157,441,0.86
158,441,1.00
159,441,0.86
160,441,0.57
161,441,0.29
156,442,0.29
157,442,0.57
158,442,0.86
159,442,0.57
160,442,0.29
157,443,0.29
158,443,0.57
159,443,0.29
158,444,0.29
155,309,0.29
154,310,0.29
155,310,0.57
156,310,0.29
153,311,0.29
154,311,0.57
155,311,0.86
156,311,0.57
157,311,0.29
152,312,0.86
153,312,0.86
154,312,0.86
155,312,1.00
156,312,0.86
157,312,0.57
158,312,0.29
151,313,1.00
152,313,1.00
153,313,1.00
154,313,1.00
155,313,1.00
156,313,1.00
157,313,0.86
158,313,0.57
159,313,0.29
150,314,1.00
151,314,1.00
152,314,1.00
153,314,1.00
154,314,1.00
155,314,1.00
156,314,1.00
157,314,1.00
158,314,0.86
159,314,0.57
160,314,0.29
149,315,1.00
150,315,1.00
151,315,1.00
152,315,1.00
153,315,1.00
154,315,1.00
155,315,1.00
156,315,1.00
157,315,1.00
158,315,1.00
159,315,0.86
150,316,1.00
151,316,1.00
152,316,1.00
153,316,1.00
154,316,1.00
155,316,1.00
156,316,1.00
157,316,1.00
158,316,0.86
159,316,0.57
160,316,0.29
151,317,0.86
152,317,0.86
153,317,0.86
154,317,1.00
155,317,1.00
156,317,1.00
157,317,0.86
158,317,0.57
159,317,0.29
152,318,0.29
153,318,0.57
154,318,0.86
155,318,1.00
156,318,0.86
157,318,0.57
158,318,0.29
153,319,0.29
154,319,0.57
155,319,0.86
156,319,0.57
157,319,0.29
154,320,0.29
155,320,0.57
156,320,0.29
155,321,0.29
161,286,1.00
160,287,0.86
159,288,0.29
158,289,0.29
157,290,0.29
156,291,0.29
157,291,0.57
158,291,0.86
155,292,0.29
156,292,0.57
157,292,0.86
158,292,1.00
159,292,1.00
156,293,0.29
157,293,0.57
158,293,0.86
159,293,1.00
160,293,1.00
157,294,0.29
158,294,0.57
159,294,0.86
160,294,1.00
161,294,1.00
158,295,0.29
159,295,0.57
160,295,0.86
161,295,1.00
162,295,0.86
159,296,0.29
160,296,0.57
161,296,0.86
162,296,0.57
163,296,0.29
160,297,0.29
161,297,0.57
162,297,0.29
161,298,0.29
163,392,0.29
162,393,0.29
163,393,0.57
164,393,0.29
161,394,0.29
162,394,0.57
163,394,0.86
164,394,0.57
165,394,0.29
160,395,0.29
161,395,0.57
162,395,0.86
163,395,1.00
164,395,0.86
165,395,0.57
166,395,0.29
159,396,0.29
160,396,0.57
161,396,0.86
162,396,1.00
163,396,1.00
164,396,1.00
165,396,0.86
166,396,0.57
167,396,0.29
158,397,0.29
159,397,0.57
160,397,0.86
161,397,1.00
162,397,1.00
163,397,1.00
164,397,1.00
165,397,1.00
166,397,0.86
167,397,0.57
168,397,0.29
157,398,0.29
158,398,0.57
159,398,0.86
160,398,1.00
161,398,1.00
162,398,1.00
163,398,1.00
164,398,1.00
165,398,1.00
166,398,1.00
167,398,0.86
168,398,0.57
169,398,0.29
158,399,0.29
159,399,0.57
160,399,0.86
161,399,1.00
162,399,1.00
163,399,1.00
164,399,1.00
165,399,1.00
166,399,0.86
167,399,0.57
168,399,0.29
159,400,0.29
160,400,0.57
161,400,0.86
162,400,1.00
163,400,1.00
164,400,1.00
165,400,0.86
166,400,0.57
167,400,0.29
160,401,0.29
161,401,0.57
162,401,0.86
164,401,0.86
165,401,0.57
166,401,0.29
161,402,0.29
165,402,0.29
168,463,0.29
167,464,0.86
168,464,0.57
169,464,0.29
158,465,0.29
166,465,1.00
167,465,1.00
168,465,0.86
169,465,0.57
170,465,0.29
159,466,0.29
165,466,1.00
166,466,1.00
167,466,0.86
168,466,0.57
169,466,0.29
160,467,0.29
164,467,1.00
165,467,1.00
166,467,0.86
167,467,0.57
168,467,0.29
161,468,0.29
163,468,0.86
164,468,1.00
165,468,0.86
166,468,0.57
167,468,0.29
162,469,0.29
163,469,0.57
164,469,0.86
165,469,0.57
166,469,0.29
163,470,0.29
164,470,0.57
165,470,0.29
164,471,0.29
167,484,0.29
166,485,0.29
167,485,0.57
168,485,0.29
165,486,0.29
166,486,0.57
167,486,0.86
168,486,0.57
169,486,0.29
164,487,0.29
165,487,0.57
166,487,0.86
167,487,1.00
168,487,0.86
169,487,0.57
170,487,0.29
163,488,0.29
164,488,0.57
165,488,0.86
166,488,1.00
167,488,1.00
168,488,1.00
169,488,0.86
170,488,0.57
171,488,0.29
162,489,0.29
163,489,0.57
164,489,0.86
165,489,1.00
166,489,1.00
167,489,1.00
168,489,1.00
169,489,1.00
170,489,0.86
171,489,0.57
172,489,0.57
161,490,0.29
162,490,0.57
163,490,0.86
164,490,1.00
165,490,1.00
166,490,1.00
167,490,1.00
168,490,1.00
169,490,1.00
170,490,1.00
171,490,0.86
172,490,0.57
173,490,0.57
162,491,0.29
163,491,0.57
164,491,0.86
165,491,1.00
166,491,1.00
167,491,1.00
168,491,1.00
169,491,1.00
170,491,0.86
171,491,0.57
172,491,0.29
163,492,0.29
164,492,0.57
165,492,0.86
166,492,1.00
167,492,1.00
168,492,1.00
169,492,0.86
170,492,0.57
171,492,0.29
164,493,0.29
165,493,0.57
166,493,0.86
167,493,1.00
168,493,0.86
169,493,0.57
170,493,0.29
165,494,0.29
166,494,0.57
167,494,0.86
168,494,0.57
169,494,0.29
166,495,0.29
167,495,0.57
168,495,0.29
167,496,0.29
175,516,0.29
174,517,0.29
175,517,0.57
176,517,0.29
173,518,0.29
174,518,0.57
175,518,0.86
176,518,0.57
177,518,0.29
172,519,0.29
173,519,0.57
174,519,0.86
175,519,1.00
176,519,0.86
177,519,0.57
178,519,0.29
171,520,0.29
172,520,0.57
173,520,0.86
174,520,1.00
175,520,1.00
176,520,1.00
177,520,0.86
178,520,0.57
179,520,0.29
170,521,1.00
171,521,0.86
172,521,0.86
173,521,1.00
174,521,1.00
175,521,1.00
176,521,1.00
177,521,1.00
178,521,0.86
179,521,0.57
180,521,0.29
169,522,1.00
170,522,1.00
171,522,1.00
172,522,1.00
173,522,1.00
174,522,1.00
175,522,1.00
176,522,1.00
177,522,1.00
178,522,1.00
179,522,0.86
180,522,0.57
181,522,0.29
170,523,1.00
171,523,1.00
172,523,1.00
173,523,1.00
174,523,1.00
175,523,1.00
176,523,1.00
177,523,1.00
178,523,0.86
179,523,0.57
180,523,0.29
171,524,0.86
172,524,0.86
173,524,0.86
174,524,1.00
175,524,1.00
176,524,1.00
177,524,0.86
178,524,0.57
179,524,0.29
172,525,0.29
173,525,0.57
174,525,0.86
175,525,1.00
176,525,0.86
177,525,0.57
178,525,0.29
173,526,0.29
174,526,0.57
175,526,0.86
176,526,0.57
177,526,0.29
174,527,0.29
175,527,0.57
176,527,0.29
175,528,0.29
179,532,1.00
178,533,1.00
179,533,1.00
180,533,1.00
177,534,1.00
178,534,1.00
179,534,1.00
180,534,1.00
181,534,1.00
176,535,1.00
177,535,1.00
178,535,1.00
179,535,1.00
180,535,1.00
181,535,1.00
182,535,1.00
175,536,0.86
176,536,1.00
177,536,1.00
178,536,1.00
179,536,1.00
180,536,1.00
181,536,1.00
182,536,1.00
183,536,0.86
174,537,0.29
175,537,0.86
176,537,1.00
177,537,1.00
178,537,1.00
179,537,1.00
180,537,1.00
181,537,1.00
182,537,1.00
183,537,0.86
184,537,0.29
173,538,0.29
174,538,0.57
175,538,0.86
176,538,1.00
177,538,1.00
178,538,1.00
179,538,1.00
180,538,1.00
181,538,1.00
182,538,1.00
183,538,0.86
184,538,0.57
185,538,0.29
174,539,0.29
175,539,0.57
176,539,0.86
177,539,1.00
178,539,1.00
179,539,1.00
180,539,1.00
181,539,1.00
182,539,0.86
183,539,0.57
184,539,0.29
175,540,0.29
176,540,0.57
177,540,0.86
178,540,1.00
179,540,1.00
180,540,1.00
181,540,0.86
182,540,0.57
183,540,0.29
176,541,0.29
177,541,0.57
178,541,0.86
179,541,1.00
180,541,0.86
181,541,0.57
182,541,0.29
177,542,0.29
178,542,0.57
179,542,0.86
180,542,0.57
181,542,0.29
178,543,0.29
179,543,0.57
180,543,0.29
179,544,0.29
179,529,0.29
178,530,0.29
179,530,0.57
180,530,0.29
177,531,0.29
178,531,0.57
179,531,0.86
180,531,0.57
181,531,0.29
176,532,0.29
177,532,0.57
178,532,0.86
180,532,0.86
181,532,0.57
182,532,0.29
175,533,0.29
176,533,0.57
177,533,0.86
181,533,0.86
182,533,0.57
183,533,0.29
174,534,0.29
175,534,0.57
176,534,0.86
182,534,0.86
183,534,0.57
184,534,0.29
173,535,0.29
174,535,0.57
175,535,0.86
183,535,0.86
184,535,0.57
185,535,0.29
174,536,0.29
184,536,0.29
148,382,0.29
147,383,0.29
148,383,0.57
149,383,0.29
146,384,0.29
147,384,0.57
148,384,0.86
149,384,0.57
150,384,0.29
145,385,0.29
146,385,0.57
147,385,0.86
148,385,1.00
149,385,0.86
150,385,0.57
151,385,0.29
144,386,0.29
145,386,0.57
146,386,0.86
147,386,1.00
148,386,1.00
149,386,1.00
150,386,0.86
151,386,0.57
152,386,0.57
143,387,0.29
144,387,0.57
145,387,0.86
146,387,1.00
147,387,1.00
148,387,1.00
149,387,1.00
150,387,1.00
151,387,1.00
152,387,1.00
153,387,1.00
142,388,0.29
143,388,0.57
144,388,0.86
145,388,1.00
146,388,1.00
147,388,1.00
148,388,1.00
149,388,1.00
150,388,1.00
151,388,1.00
152,388,1.00
153,388,1.00
154,388,1.00
143,389,0.29
144,389,0.57
145,389,0.86
146,389,1.00
147,389,1.00
148,389,1.00
149,389,1.00
150,389,1.00
151,389,0.86
152,389,0.86
153,389,0.57
144,390,0.29
145,390,0.57
146,390,0.86
147,390,1.00
148,390,1.00
149,390,1.00
150,390,0.86
151,390,0.86
152,390,0.86
145,391,0.29
146,391,0.57
147,391,0.86
148,391,1.00
149,391,0.86
150,391,0.86
151,391,0.86
146,392,0.29
147,392,0.57
148,392,0.86
149,392,0.86
150,392,0.86
147,393,0.29
148,393,0.86
149,393,0.86
148,394,0.86
135,334,1.00
134,335,1.00
135,335,1.00
136,335,1.00
133,336,1.00
134,336,1.00
135,336,1.00
136,336,1.00
137,336,1.00
132,337,1.00
133,337,1.00
134,337,1.00
135,337,1.00
136,337,1.00
137,337,1.00
138,337,0.57
131,338,1.00
132,338,1.00
133,338,1.00
134,338,1.00
135,338,1.00
136,338,1.00
137,338,1.00
138,338,0.57
139,338,0.29
130,339,0.57
131,339,1.00
132,339,1.00
133,339,1.00
134,339,1.00
135,339,1.00
136,339,1.00
137,339,1.00
138,339,0.86
139,339,0.57
140,339,0.29
129,340,0.29
130,340,0.57
131,340,1.00
132,340,1.00
133,340,1.00
134,340,1.00
135,340,1.00
136,340,1.00
137,340,1.00
138,340,1.00
139,340,0.86
140,340,0.57
141,340,0.29
130,341,0.29
131,341,0.57
132,341,1.00
133,341,1.00
134,341,1.00
135,341,1.00
136,341,1.00
137,341,1.00
138,341,0.86
139,341,0.57
140,341,0.29
131,342,0.29
132,342,0.57
133,342,1.00
134,342,1.00
135,342,1.00
136,342,1.00
137,342,0.86
138,342,0.57
139,342,0.29
132,343,0.29
133,343,0.57
134,343,0.86
135,343,1.00
136,343,0.86
137,343,0.57
138,343,0.29
133,344,0.29
134,344,0.57
135,344,0.86
136,344,0.57
137,344,0.29
134,345,0.29
135,345,0.57
136,345,0.29
135,346,0.29
133,330,0.29
132,331,0.29
133,331,0.57
134,331,0.29
131,332,0.29
132,332,0.57
133,332,0.86
134,332,0.57
135,332,0.29
130,333,0.29
131,333,0.57
132,333,0.86
133,333,1.00
134,333,0.86
135,333,0.57
136,333,0.29
129,334,0.29
130,334,0.57
131,334,0.86
132,334,1.00
133,334,1.00
134,334,1.00
136,334,0.57
137,334,0.29
128,335,0.29
129,335,0.57
130,335,0.86
131,335,1.00
132,335,1.00
133,335,1.00
137,335,0.57
138,335,0.29
127,336,0.29
128,336,0.57
129,336,0.86
130,336,1.00
131,336,1.00
132,336,1.00
138,336,0.57
139,336,0.29
128,337,0.29
129,337,0.57
130,337,0.86
131,337,1.00
129,338,0.29
130,338,0.57
140,387,0.29
139,388,0.29
140,388,0.57
141,388,0.29
138,389,0.29
139,389,0.57
140,389,0.86
141,389,0.57
142,389,0.29
137,390,0.29
138,390,0.57
139,390,0.86
140,390,1.00
141,390,0.86
142,390,0.57
143,390,0.29
136,391,0.29
137,391,0.57
138,391,0.86
139,391,1.00
140,391,1.00
141,391,1.00
142,391,0.86
143,391,0.57
144,391,0.29
135,392,0.29
136,392,0.57
137,392,0.86
138,392,1.00
139,392,1.00
140,392,1.00
141,392,1.00
142,392,1.00
143,392,0.86
144,392,0.57
145,392,0.29
134,393,0.29
135,393,0.57
136,393,0.86
137,393,1.00
138,393,1.00
139,393,1.00
140,393,1.00
141,393,1.00
142,393,1.00
143,393,1.00
144,393,0.86
145,393,0.57
146,393,0.29
135,394,0.29
136,394,0.57
137,394,0.86
138,394,1.00
139,394,1.00
140,394,1.00
141,394,1.00
142,394,1.00
143,394,0.86
144,394,0.57
145,394,0.29
136,395,0.29
137,395,0.57
138,395,0.86
139,395,1.00
140,395,1.00
141,395,1.00
142,395,0.86
143,395,0.57
144,395,0.29
137,396,0.29
138,396,0.57
139,396,0.86
140,396,1.00
141,396,0.86
142,396,0.57
143,396,0.29
138,397,0.29
139,397,0.57
140,397,0.86
141,397,0.57
142,397,0.29
139,398,0.29
140,398,0.57
141,398,0.29
140,399,0.29
144,430,1.00
143,431,1.00
144,431,1.00
145,431,1.00
142,432,1.00
143,432,1.00
144,432,1.00
145,432,1.00
146,432,1.00
141,433,1.00
142,433,1.00
143,433,1.00
144,433,1.00
145,433,1.00
146,433,1.00
147,433,1.00
140,434,0.86
141,434,1.00
142,434,1.00
143,434,1.00
144,434,1.00
145,434,1.00
146,434,1.00
147,434,1.00
148,434,0.86
139,435,0.29
140,435,0.86
141,435,1.00
142,435,1.00
143,435,1.00
144,435,1.00
145,435,1.00
146,435,1.00
147,435,1.00
148,435,0.86
149,435,0.29
138,436,0.29
139,436,0.57
140,436,0.86
141,436,1.00
142,436,1.00
143,436,1.00
144,436,1.00
145,436,1.00
146,436,1.00
147,436,1.00
148,436,0.86
149,436,0.57
150,436,0.29
139,437,0.29
140,437,0.57
141,437,0.86
142,437,1.00
143,437,1.00
144,437,1.00
145,437,1.00
146,437,1.00
147,437,0.86
148,437,0.57
149,437,0.29
140,438,0.29
141,438,0.57
142,438,0.86
143,438,1.00
144,438,1.00
145,438,1.00
146,438,0.86
147,438,0.57
148,438,0.29
141,439,0.29
142,439,0.57
143,439,0.86
144,439,1.00
145,439,0.86
146,439,0.57
147,439,0.29
142,440,0.29
143,440,0.57
144,440,0.86
145,440,0.57
146,440,0.29
143,441,0.29
144,441,0.57
145,441,0.29
144,442,0.29
144,427,0.29
143,428,0.29
144,428,0.57
145,428,0.29
142,429,0.29
143,429,0.57
144,429,0.86
145,429,0.57
146,429,0.29
141,430,0.29
142,430,0.57
143,430,0.86
145,430,0.86
146,430,0.57
147,430,0.29
140,431,0.29
141,431,0.57
142,431,0.86
146,431,0.86
147,431,0.57
148,431,0.29
139,432,0.29
140,432,0.57
141,432,0.86
147,432,0.86
148,432,0.57
149,432,0.29
138,433,0.29
139,433,0.57
140,433,0.86
148,433,0.86
149,433,0.57
150,433,0.29
139,434,0.29
149,434,0.29
146,326,0.29
145,327,0.29
146,327,0.57
147,327,0.29
144,328,0.29
145,328,0.57
146,328,0.86
147,328,0.57
148,328,0.29
143,329,0.29
144,329,0.57
145,329,0.86
146,329,1.00
147,329,0.86
148,329,0.57
149,329,0.29
142,330,0.29
143,330,0.57
144,330,0.86
145,330,1.00
146,330,1.00
147,330,1.00
148,330,0.86
149,330,0.57
150,330,0.29
141,331,0.29
142,331,0.57
143,331,0.86
144,331,1.00
145,331,1.00
146,331,1.00
147,331,1.00
148,331,1.00
149,331,0.86
150,331,0.57
151,331,0.29
140,332,0.29
141,332,0.57
142,332,0.86
143,332,1.00
144,332,1.00
145,332,1.00
146,332,1.00
147,332,1.00
148,332,1.00
149,332,1.00
150,332,0.86
151,332,0.57
152,332,0.29
141,333,0.29
142,333,0.57
143,333,0.86
144,333,1.00
145,333,1.00
146,333,1.00
147,333,1.00
148,333,1.00
149,333,0.86
150,333,0.57
151,333,0.29
142,334,0.29
143,334,0.57
144,334,0.86
145,334,1.00
146,334,1.00
147,334,1.00
148,334,0.86
149,334,0.86
150,334,0.29
143,335,0.29
144,335,0.57
145,335,0.86
146,335,1.00
147,335,0.86
148,335,0.86
149,335,0.86
144,336,0.29
145,336,0.57
146,336,0.86
147,336,0.86
148,336,0.86
145,337,0.29
146,337,0.86
147,337,0.86
146,338,0.86
149,308,0.29
148,309,0.29
149,309,0.57
150,309,0.29
147,310,0.29
148,310,0.57
149,310,0.86
150,310,0.57
151,310,0.29
146,311,0.29
147,311,0.57
148,311,0.86
149,311,1.00
150,311,0.86
151,311,0.57
152,311,0.29
145,312,0.29
146,312,0.57
147,312,0.86
148,312,1.00
149,312,1.00
150,312,1.00
151,312,0.86
144,313,0.29
145,313,0.57
146,313,0.86
147,313,1.00
148,313,1.00
149,313,1.00
150,313,1.00
143,314,0.29
144,314,0.57
145,314,0.86
146,314,1.00
147,314,1.00
148,314,1.00
149,314,1.00
144,315,0.29
145,315,0.57
146,315,0.86
147,315,1.00
148,315,1.00
145,316,0.29
146,316,0.57
147,316,0.86
148,316,1.00
149,316,1.00
146,317,0.29
147,317,0.57
148,317,0.86
149,317,1.00
150,317,0.86
147,318,0.29
148,318,0.57
149,318,0.86
150,318,0.57
151,318,0.29
148,319,0.29
149,319,0.57
150,319,0.29
149,320,0.29
143,369,0.29
142,370,0.29
143,370,0.57
144,370,0.29
141,371,0.29
142,371,0.57
143,371,0.86
144,371,0.57
145,371,0.29
140,372,0.29
141,372,0.57
142,372,0.86
143,372,1.00
144,372,0.86
145,372,0.57
146,372,0.29
139,373,0.29
140,373,0.57
141,373,0.86
142,373,1.00
143,373,1.00
144,373,1.00
145,373,0.86
146,373,0.57
147,373,0.29
138,374,0.29
139,374,0.57
140,374,0.86
141,374,1.00
142,374,1.00
143,374,1.00
144,374,1.00
145,374,1.00
146,374,0.86
147,374,0.57
148,374,0.29
137,375,0.29
138,375,0.57
139,375,0.86
140,375,1.00
141,375,1.00
142,375,1.00
143,375,1.00
144,375,1.00
145,375,1.00
146,375,1.00
147,375,0.86
148,375,0.57
149,375,0.29
138,376,0.29
139,376,1.00
140,376,1.00
141,376,1.00
142,376,1.00
143,376,1.00
144,376,1.00
145,376,1.00
146,376,0.86
147,376,0.57
148,376,0.29
139,377,1.00
140,377,1.00
141,377,1.00
142,377,1.00
143,377,1.00
144,377,1.00
145,377,1.00
146,377,0.86
147,377,0.29
140,378,1.00
141,378,1.00
142,378,1.00
143,378,1.00
144,378,1.00
145,378,1.00
146,378,0.86
141,379,1.00
142,379,1.00
143,379,1.00
144,379,1.00
145,379,1.00
142,380,1.00
143,380,1.00
144,380,1.00
143,381,1.00
142,403,0.29
141,404,0.29
142,404,0.57
143,404,0.29
140,405,0.29
141,405,0.57
142,405,0.86
143,405,0.57
144,405,0.29
139,406,0.29
140,406,0.57
141,406,0.86
142,406,1.00
143,406,0.86
144,406,0.57
145,406,0.29
138,407,0.29
139,407,0.57
140,407,0.86
141,407,1.00
142,407,1.00
143,407,1.00
144,407,0.86
145,407,0.57
146,407,0.29
137,408,0.29
138,408,0.57
139,408,0.86
140,408,1.00
141,408,1.00
142,408,1.00
143,408,1.00
144,408,1.00
145,408,0.86
146,408,0.86
147,408,0.86
136,409,0.29
137,409,0.57
138,409,0.86
139,409,1.00
140,409,1.00
141,409,1.00
142,409,1.00
143,409,1.00
144,409,1.00
145,409,1.00
146,409,1.00
147,409,1.00
148,409,0.86
137,410,0.29
138,410,0.57
139,410,0.86
140,410,1.00
141,410,1.00
142,410,1.00
143,410,1.00
144,410,1.00
145,410,1.00
146,410,1.00
147,410,1.00
138,411,0.29
139,411,0.57
140,411,0.86
141,411,1.00
142,411,1.00
143,411,1.00
144,411,1.00
145,411,1.00
146,411,1.00
139,412,0.29
140,412,0.57
141,412,0.86
142,412,1.00
143,412,1.00
144,412,1.00
145,412,1.00
140,413,0.29
141,413,0.86
142,413,1.00
143,413,1.00
144,413,1.00
141,414,0.29
142,414,0.86
143,414,0.86
142,415,0.29
150,335,0.29
149,336,0.86
150,336,0.57
151,336,0.57
148,337,0.86
149,337,1.00
150,337,1.00
151,337,1.00
152,337,1.00
145,338,0.29
147,338,0.86
148,338,1.00
149,338,1.00
150,338,1.00
151,338,1.00
152,338,1.00
153,338,1.00
144,339,0.29
145,339,0.57
146,339,0.86
147,339,1.00
148,339,1.00
149,339,1.00
150,339,1.00
151,339,1.00
152,339,1.00
153,339,1.00
154,339,1.00
143,340,0.29
144,340,0.57
145,340,0.86
146,340,1.00
147,340,1.00
148,340,1.00
149,340,1.00
150,340,1.00
151,340,1.00
152,340,1.00
153,340,1.00
154,340,1.00
155,340,1.00
144,341,0.29
145,341,0.57
146,341,0.86
147,341,1.00
148,341,1.00
149,341,1.00
150,341,1.00
151,341,1.00
152,341,1.00
153,341,1.00
154,341,1.00
145,342,0.29
146,342,0.86
147,342,1.00
148,342,1.00
149,342,1.00
150,342,1.00
151,342,0.86
152,342,0.57
153,342,0.57
146,343,0.86
147,343,1.00
148,343,1.00
149,343,1.00
150,343,1.00
151,343,0.86
152,343,0.29
147,344,1.00
148,344,1.00
149,344,1.00
150,344,1.00
151,344,0.86
148,345,1.00
149,345,1.00
150,345,1.00
149,346,1.00
163,279,0.29
162,280,0.29
163,280,0.57
164,280,0.29
161,281,0.29
162,281,0.57
163,281,0.86
164,281,0.57
165,281,0.29
160,282,0.29
161,282,0.57
162,282,0.86
163,282,1.00
164,282,0.86
165,282,0.57
166,282,0.29
159,283,0.29
160,283,0.57
161,283,0.86
162,283,1.00
163,283,1.00
164,283,1.00
165,283,0.86
166,283,0.57
167,283,0.29
158,284,0.29
159,284,0.57
160,284,0.86
161,284,1.00
162,284,1.00
163,284,1.00
165,284,1.00
166,284,0.86
167,284,0.57
168,284,0.29
157,285,0.29
158,285,0.57
159,285,0.86
160,285,1.00
161,285,1.00
162,285,1.00
166,285,1.00
167,285,0.86
168,285,0.57
169,285,0.29
158,286,0.29
159,286,0.57
160,286,0.86
167,286,0.57
168,286,0.29
159,287,0.29
162,331,0.29
161,332,0.29
162,332,0.57
163,332,0.29
160,333,0.29
161,333,0.57
162,333,0.86
163,333,0.57
164,333,0.29
159,334,0.29
160,334,0.57
161,334,0.86
162,334,1.00
163,334,0.86
164,334,0.57
165,334,0.29
158,335,0.57
159,335,0.57
160,335,0.86
161,335,1.00
162,335,1.00
163,335,1.00
164,335,0.86
165,335,0.57
166,335,0.29
157,336,1.00
158,336,1.00
159,336,1.00
160,336,1.00
161,336,1.00
162,336,1.00
163,336,1.00
164,336,1.00
165,336,0.86
166,336,0.57
167,336,0.29
156,337,1.00
157,337,1.00
158,337,1.00
159,337,1.00
160,337,1.00
161,337,1.00
162,337,1.00
163,337,1.00
164,337,1.00
165,337,1.00
166,337,0.86
167,337,0.57
168,337,0.29
157,338,1.00
158,338,1.00
159,338,1.00
160,338,1.00
161,338,1.00
162,338,1.00
163,338,1.00
164,338,1.00
165,338,0.86
166,338,0.57
167,338,0.29
158,339,1.00
159,339,1.00
160,339,1.00
161,339,1.00
162,339,1.00
163,339,1.00
164,339,0.86
165,339,0.57
166,339,0.29
159,340,0.57
160,340,0.57
161,340,0.86
162,340,1.00
163,340,0.86
164,340,0.57
165,340,0.29
160,341,0.29
161,341,0.57
162,341,0.86
163,341,0.57
164,341,0.29
161,342,0.29
162,342,0.57
163,342,0.29
162,343,0.29
147,407,0.29
148,408,0.29
149,409,0.29
148,410,0.86
149,410,0.57
150,410,0.29
147,411,1.00
148,411,1.00
149,411,0.86
150,411,0.57
151,411,0.29
146,412,1.00
147,412,1.00
148,412,1.00
149,412,1.00
150,412,0.86
151,412,0.57
152,412,0.29
145,413,1.00
146,413,1.00
147,413,1.00
148,413,1.00
149,413,1.00
150,413,1.00
151,413,0.86
152,413,0.57
153,413,0.29
144,414,0.86
145,414,1.00
146,414,1.00
147,414,1.00
148,414,1.00
149,414,1.00
150,414,0.86
151,414,0.57
152,414,0.29
143,415,0.29
144,415,0.57
145,415,0.86
146,415,1.00
147,415,1.00
148,415,1.00
149,415,0.86
150,415,0.57
151,415,0.29
144,416,0.29
145,416,0.57
146,416,0.86
147,416,1.00
148,416,0.86
149,416,0.57
150,416,0.29
145,417,0.29
146,417,0.57
147,417,0.86
148,417,0.57
149,417,0.29
146,418,0.29
147,418,0.57
148,418,0.29
147,419,0.29
153,390,0.29
152,391,0.86
153,391,0.57
154,391,0.29
151,392,0.86
152,392,1.00
153,392,0.86
154,392,0.57
155,392,0.29
150,393,0.86
151,393,1.00
152,393,1.00
153,393,1.00
154,393,0.86
155,393,0.57
156,393,0.29
147,394,0.29
149,394,0.86
150,394,1.00
151,394,1.00
152,394,1.00
153,394,1.00
154,394,1.00
155,394,0.86
156,394,0.57
157,394,0.29
146,395,0.29
147,395,0.57
148,395,0.86
149,395,1.00
150,395,1.00
151,395,1.00
152,395,1.00
153,395,1.00
154,395,1.00
155,395,1.00
156,395,0.86
157,395,0.57
158,395,0.29
147,396,0.29
148,396,0.57
149,396,0.86
150,396,1.00
151,396,1.00
152,396,1.00
153,396,1.00
154,396,1.00
155,396,0.86
156,396,0.57
157,396,0.29
148,397,0.29
149,397,0.57
150,397,0.86
151,397,1.00
152,397,1.00
153,397,1.00
154,397,0.86
155,397,0.57
156,397,0.29
149,398,0.29
150,398,0.57
151,398,0.86
152,398,1.00
153,398,0.86
154,398,0.57
155,398,0.29
150,399,0.29
151,399,0.57
152,399,0.86
153,399,0.57
154,399,0.29
151,400,0.29
152,400,0.57
153,400,0.29
152,401,0.29
177,315,0.57
178,315,0.29
172,316,1.00
176,316,1.00
177,316,0.86
178,316,0.57
179,316,0.29
171,317,1.00
172,317,1.00
173,317,1.00
175,317,1.00
176,317,0.86
177,317,0.57
178,317,0.29
170,318,0.57
171,318,0.86
172,318,1.00
173,318,1.00
174,318,1.00
175,318,0.86
176,318,0.57
177,318,0.29
170,319,0.29
171,319,0.57
172,319,0.86
173,319,1.00
174,319,0.86
175,319,0.57
176,319,0.29
171,320,0.29
172,320,0.57
173,320,0.86
174,320,0.57
175,320,0.29
172,321,0.29
173,321,0.57
174,321,0.29
173,322,0.29
170,321,0.29
169,322,0.29
170,322,0.57
171,322,0.29
168,323,0.29
169,323,0.57
170,323,0.86
171,323,0.57
172,323,0.29
167,324,0.29
168,324,0.57
169,324,0.86
170,324,1.00
171,324,0.86
172,324,0.57
173,324,0.29
166,325,0.29
167,325,0.57
168,325,0.86
169,325,1.00
170,325,1.00
171,325,1.00
172,325,0.86
173,325,0.57
174,325,0.29
165,326,0.29
166,326,0.57
167,326,0.86
168,326,1.00
169,326,1.00
170,326,1.00
171,326,1.00
172,326,1.00
173,326,0.86
174,326,0.57
175,326,0.29
164,327,0.29
165,327,0.57
166,327,0.86
167,327,1.00
168,327,1.00
169,327,1.00
170,327,1.00
171,327,1.00
172,327,1.00
173,327,1.00
174,327,0.86
175,327,0.57
176,327,0.29
165,328,0.29
166,328,0.57
167,328,0.86
168,328,1.00
169,328,1.00
170,328,1.00
171,328,1.00
172,328,1.00
173,328,0.86
174,328,0.57
175,328,0.29
166,329,0.29
167,329,0.57
168,329,0.86
169,329,1.00
170,329,1.00
171,329,1.00
172,329,0.86
173,329,0.57
174,329,0.29
167,330,0.29
168,330,0.57
169,330,0.86
170,330,1.00
171,330,0.86
172,330,0.57
173,330,0.29
168,331,0.29
169,331,0.57
170,331,0.86
171,331,0.57
172,331,0.29
169,332,0.29
170,332,0.57
171,332,0.29
170,333,0.29
154,364,1.00
153,365,1.00
154,365,1.00
155,365,1.00
152,366,1.00
153,366,1.00
154,366,1.00
155,366,1.00
156,366,0.86
151,367,1.00
152,367,1.00
153,367,1.00
154,367,1.00
155,367,1.00
156,367,1.00
157,367,0.57
150,368,1.00
151,368,1.00
152,368,1.00
153,368,1.00
154,368,1.00
155,368,1.00
156,368,1.00
157,368,1.00
158,368,0.57
149,369,0.57
150,369,1.00
151,369,1.00
152,369,1.00
153,369,1.00
154,369,1.00
155,369,1.00
156,369,1.00
157,369,1.00
158,369,1.00
159,369,0.57
148,370,0.29
149,370,0.57
150,370,1.00
151,370,1.00
152,370,1.00
153,370,1.00
154,370,1.00
155,370,1.00
156,370,1.00
157,370,1.00
158,370,1.00
159,370,1.00
160,370,0.57
149,371,0.57
150,371,1.00
151,371,1.00
152,371,1.00
153,371,1.00
154,371,1.00
155,371,1.00
156,371,1.00
157,371,1.00
158,371,1.00
159,371,1.00
150,372,0.57
151,372,1.00
152,372,1.00
153,372,1.00
154,372,1.00
155,372,1.00
156,372,1.00
157,372,1.00
158,372,1.00
151,373,0.57
152,373,1.00
153,373,1.00
154,373,1.00
155,373,1.00
156,373,1.00
157,373,1.00
152,374,0.57
153,374,1.00
154,374,1.00
155,374,1.00
156,374,1.00
153,375,0.57
154,375,1.00
155,375,1.00
154,376,0.57
154,356,1.00
153,357,1.00
154,357,1.00
155,357,1.00
152,358,1.00
153,358,1.00
154,358,1.00
155,358,1.00
156,358,1.00
151,359,0.86
152,359,1.00
153,359,1.00
154,359,1.00
155,359,1.00
156,359,1.00
157,359,0.57
150,360,1.00
151,360,1.00
152,360,1.00
153,360,1.00
154,360,1.00
155,360,1.00
156,360,1.00
157,360,0.57
158,360,0.29
149,361,1.00
150,361,1.00
151,361,1.00
152,361,1.00
153,361,1.00
154,361,1.00
155,361,1.00
156,361,1.00
157,361,0.86
158,361,0.57
159,361,0.29
148,362,1.00
149,362,1.00
150,362,1.00
151,362,1.00
152,362,1.00
153,362,1.00
154,362,1.00
155,362,1.00
156,362,1.00
157,362,1.00
158,362,0.86
159,362,0.57
160,362,0.29
149,363,1.00
150,363,1.00
151,363,1.00
152,363,1.00
153,363,1.00
154,363,1.00
155,363,1.00
156,363,1.00
157,363,0.86
158,363,0.57
159,363,0.29
150,364,1.00
151,364,1.00
152,364,1.00
153,364,1.00
155,364,1.00
156,364,1.00
157,364,0.57
158,364,0.29
151,365,1.00
152,365,1.00
156,365,0.57
157,365,0.29
154,350,0.29
153,351,0.29
154,351,0.57
155,351,0.29
152,352,0.29
153,352,0.57
154,352,0.86
155,352,0.57
156,352,0.29
151,353,0.29
152,353,0.57
153,353,0.86
154,353,1.00
155,353,0.86
156,353,0.57
157,353,0.29
150,354,0.29
151,354,0.57
152,354,0.86
153,354,1.00
154,354,1.00
155,354,1.00
156,354,0.86
157,354,0.57
158,354,0.29
149,355,0.29
150,355,0.57
151,355,0.86
152,355,1.00
153,355,1.00
154,355,1.00
155,355,1.00
156,355,1.00
157,355,0.86
158,355,0.57
159,355,0.29
148,356,0.29
149,356,0.57
150,356,0.86
151,356,1.00
152,356,1.00
153,356,1.00
155,356,1.00
156,356,1.00
157,356,1.00
158,356,0.86
159,356,0.57
160,356,0.29
149,357,0.29
150,357,0.57
151,357,0.86
152,357,1.00
156,357,1.00
157,357,0.86
158,357,0.57
159,357,0.29
150,358,0.57
151,358,0.57
157,358,0.57
158,358,0.29
149,359,0.29
150,359,0.57
148,360,0.29
149,360,0.57
147,361,0.29
148,361,0.57
146,362,0.29
147,362,0.57
145,363,0.29
146,363,0.57
147,363,0.86
148,363,1.00
144,364,0.29
145,364,0.57
146,364,0.86
147,364,1.00
148,364,1.00
149,364,1.00
145,365,0.29
146,365,0.57
147,365,0.86
148,365,1.00
149,365,1.00
150,365,1.00
146,366,0.29
147,366,0.57
148,366,0.86
149,366,1.00
150,366,1.00
151,366,1.00
147,367,0.29
148,367,0.57
149,367,0.86
150,367,1.00
148,368,0.29
149,368,0.57
138,377,0.57
137,378,0.57
138,378,1.00
139,378,1.00
147,378,0.29
136,379,0.57
137,379,1.00
138,379,1.00
139,379,1.00
140,379,1.00
146,379,1.00
147,379,0.57
148,379,0.29
137,380,1.00
138,380,1.00
139,380,1.00
140,380,1.00
141,380,1.00
145,380,1.00
146,380,1.00
147,380,0.57
138,381,1.00
139,381,1.00
140,381,1.00
141,381,1.00
142,381,1.00
144,381,1.00
145,381,1.00
146,381,0.57
139,382,1.00
140,382,1.00
141,382,1.00
142,382,1.00
143,382,1.00
144,382,1.00
145,382,0.57
140,383,1.00
141,383,1.00
142,383,1.00
143,383,1.00
144,383,0.57
141,384,1.00
142,384,1.00
143,384,0.57
142,385,0.57
135,380,0.29
136,380,0.57
136,381,0.29
137,381,0.57
137,382,0.29
138,382,0.57
138,383,0.29
139,383,0.57
139,384,0.29
140,384,0.57
140,385,0.29
141,385,0.57
141,386,0.29
145,343,0.29
144,344,0.29
145,344,0.57
146,344,0.86
152,344,0.29
143,345,0.29
144,345,0.57
145,345,0.86
146,345,1.00
147,345,1.00
151,345,0.86
152,345,0.57
153,345,0.29
142,346,0.29
143,346,0.57
144,346,0.86
145,346,1.00
146,346,1.00
147,346,1.00
148,346,1.00
150,346,1.00
151,346,1.00
152,346,0.86
153,346,0.57
154,346,0.29
143,347,0.29
144,347,0.57
145,347,0.86
146,347,1.00
147,347,1.00
148,347,1.00
149,347,1.00
150,347,1.00
151,347,0.86
152,347,0.57
153,347,0.29
144,348,0.29
145,348,0.57
146,348,0.86
147,348,1.00
148,348,1.00
149,348,1.00
150,348,0.86
151,348,0.57
152,348,0.29
145,349,0.29
146,349,0.57
147,349,0.86
148,349,1.00
149,349,0.86
150,349,0.57
151,349,0.29
146,350,0.29
147,350,0.57
148,350,0.86
149,350,0.57
150,350,0.29
147,351,0.29
148,351,0.57
149,351,0.29
148,352,0.29
155,332,0.29
154,333,0.29
155,333,0.57
156,333,0.29
153,334,0.29
154,334,0.57
155,334,0.86
156,334,0.57
157,334,0.29
152,335,0.29
153,335,0.57
154,335,0.86
155,335,1.00
156,335,0.86
157,335,0.57
152,336,0.57
153,336,0.86
154,336,1.00
155,336,1.00
156,336,1.00
153,337,1.00
154,337,1.00
155,337,1.00
154,338,1.00
155,338,1.00
156,338,1.00
155,339,1.00
156,339,1.00
157,339,1.00
156,340,1.00
157,340,0.86
158,340,0.57
155,341,1.00
156,341,0.86
157,341,0.57
158,341,0.29
154,342,0.57
155,342,0.86
156,342,0.57
157,342,0.29
154,343,0.29
155,343,0.57
156,343,0.29
155,344,0.29
160,371,0.57
161,371,0.29
159,372,0.57
160,372,0.29
158,373,0.57
159,373,0.29
157,374,0.57
158,374,0.29
156,375,0.57
157,375,0.29
155,376,0.57
156,376,0.29
155,377,0.29
157,381,0.29
156,382,0.29
157,382,0.57
158,382,0.29
155,383,0.29
156,383,0.57
157,383,0.86
158,383,0.57
159,383,0.29
154,384,0.29
155,384,0.57
156,384,0.86
157,384,1.00
158,384,0.86
159,384,0.57
160,384,0.29
153,385,0.29
154,385,0.57
155,385,0.86
156,385,1.00
157,385,1.00
158,385,1.00
159,385,0.86
160,385,0.57
161,385,0.29
153,386,0.57
154,386,0.86
155,386,1.00
156,386,1.00
157,386,1.00
158,386,1.00
159,386,1.00
160,386,0.86
161,386,0.57
162,386,0.29
154,387,1.00
155,387,1.00
156,387,1.00
157,387,1.00
158,387,1.00
159,387,1.00
160,387,1.00
161,387,0.86
162,387,0.57
163,387,0.29
155,388,1.00
156,388,1.00
157,388,1.00
158,388,1.00
159,388,1.00
160,388,0.86
161,388,0.57
162,388,0.29
154,389,0.57
155,389,0.86
156,389,1.00
157,389,1.00
158,389,1.00
159,389,0.86
160,389,0.57
161,389,0.29
154,390,0.29
155,390,0.57
156,390,0.86
157,390,1.00
158,390,0.86
159,390,0.57
160,390,0.29
155,391,0.29
156,391,0.57
157,391,0.86
158,391,0.57
159,391,0.29
156,392,0.29
157,392,0.57
158,392,0.29
157,393,0.29
170,384,0.57
169,385,0.29
170,385,0.57
171,385,0.57
168,386,0.29
169,386,0.57
170,386,0.86
171,386,0.57
172,386,0.57
167,387,0.29
168,387,0.57
169,387,0.86
170,387,1.00
171,387,0.86
172,387,0.57
173,387,0.57
166,388,0.29
167,388,0.57
168,388,0.86
169,388,1.00
170,388,1.00
171,388,1.00
172,388,0.86
165,389,0.29
166,389,0.57
167,389,0.86
168,389,1.00
169,389,1.00
170,389,1.00
171,389,1.00
164,390,0.29
165,390,0.57
166,390,0.86
167,390,1.00
168,390,1.00
169,390,1.00
170,390,1.00
165,391,0.29
166,391,0.57
167,391,0.86
168,391,1.00
169,391,1.00
166,392,0.29
167,392,0.57
168,392,0.86
169,392,1.00
170,392,1.00
167,393,0.29
168,393,0.57
169,393,0.86
170,393,1.00
171,393,0.86
168,394,0.29
169,394,0.57
170,394,0.86
171,394,0.57
172,394,0.29
169,395,0.29
170,395,0.57
171,395,0.29
170,396,0.29
177,384,1.00
177,385,1.00
178,385,1.00
178,386,1.00
179,386,1.00
179,387,1.00
180,387,1.00
180,388,1.00
181,388,1.00
181,389,1.00
182,389,1.00
182,390,1.00
183,390,1.00
185,405,0.29
184,406,0.29
185,406,0.57
186,406,0.29
183,407,0.29
184,407,0.57
185,407,0.86
186,407,0.57
187,407,0.29
182,408,0.29
183,408,0.57
184,408,0.86
185,408,1.00
186,408,0.86
187,408,0.57
188,408,0.29
181,409,0.29
182,409,0.57
183,409,0.86
184,409,1.00
185,409,1.00
186,409,1.00
187,409,0.86
188,409,0.57
189,409,0.29
180,410,0.29
181,410,0.57
182,410,0.86
183,410,1.00
184,410,1.00
185,410,1.00
186,410,1.00
187,410,1.00
188,410,0.86
189,410,0.57
190,410,0.29
179,411,0.29
180,411,0.57
181,411,0.86
182,411,1.00
183,411,1.00
184,411,1.00
185,411,1.00
186,411,1.00
187,411,1.00
188,411,1.00
189,411,0.86
190,411,0.57
191,411,0.29
180,412,0.29
181,412,0.57
182,412,0.86
183,412,1.00
184,412,1.00
185,412,1.00
186,412,1.00
187,412,1.00
188,412,1.00
189,412,1.00
190,412,0.29
181,413,0.29
182,413,1.00
183,413,1.00
184,413,1.00
185,413,1.00
186,413,1.00
187,413,1.00
188,413,1.00
189,413,1.00
182,414,1.00
183,414,1.00
184,414,1.00
185,414,1.00
186,414,1.00
187,414,1.00
188,414,1.00
183,415,1.00
184,415,1.00
185,415,1.00
186,415,1.00
187,415,1.00
184,416,1.00
185,416,1.00
186,416,1.00
185,417,1.00
190,413,0.57
181,414,0.57
189,414,1.00
190,414,1.00
191,414,0.57
180,415,0.57
181,415,1.00
182,415,1.00
188,415,1.00
189,415,1.00
190,415,1.00
191,415,1.00
192,415,0.57
181,416,0.57
182,416,1.00
183,416,1.00
187,416,1.00
188,416,1.00
189,416,1.00
190,416,1.00
191,416,0.57
182,417,0.57
183,417,1.00
184,417,1.00
186,417,1.00
187,417,1.00
188,417,1.00
189,417,1.00
190,417,0.57
183,418,0.57
184,418,1.00
185,418,1.00
186,418,1.00
187,418,1.00
188,418,1.00
189,418,1.00
184,419,1.00
185,419,1.00
186,419,1.00
187,419,1.00
188,419,1.00
185,420,1.00
186,420,1.00
187,420,1.00
186,421,1.00
190,418,0.29
183,419,0.29
189,419,0.86
190,419,0.57
191,419,0.29
182,420,0.29
183,420,0.57
184,420,0.86
188,420,1.00
189,420,1.00
190,420,0.86
191,420,0.57
192,420,0.29
181,421,0.57
182,421,0.86
183,421,0.86
184,421,1.00
185,421,1.00
187,421,1.00
188,421,1.00
189,421,1.00
190,421,1.00
191,421,0.86
192,421,0.57
193,421,0.29
182,422,0.86
183,422,0.86
184,422,0.86
185,422,1.00
186,422,1.00
187,422,1.00
188,422,1.00
189,422,1.00
190,422,0.86
191,422,0.57
192,422,0.29
183,423,0.86
184,423,0.86
185,423,0.86
186,423,1.00
187,423,1.00
188,423,1.00
189,423,0.86
190,423,0.57
191,423,0.29
184,424,0.86
185,424,0.86
186,424,0.86
187,424,1.00
188,424,0.86
189,424,0.57
190,424,0.29
185,425,0.86
186,425,0.86
187,425,0.86
188,425,0.57
189,425,0.29
186,426,0.86
187,426,0.86
188,426,0.29
187,427,0.86
182,384,1.00
181,385,1.00
182,385,1.00
183,385,1.00
180,386,1.00
181,386,1.00
182,386,1.00
183,386,0.86
184,386,0.29
181,387,1.00
182,387,1.00
183,387,0.86
184,387,0.57
185,387,0.29
182,388,1.00
183,388,1.00
184,388,0.86
185,388,0.57
186,388,0.29
183,389,1.00
184,389,1.00
185,389,0.86
186,389,0.57
187,389,0.29
184,390,1.00
185,390,1.00
186,390,0.86
187,390,0.57
188,390,0.29
183,391,1.00
184,391,1.00
185,391,0.86
186,391,0.57
187,391,0.29
182,392,1.00
183,392,1.00
184,392,0.86
185,392,0.57
186,392,0.29
181,393,0.86
182,393,1.00
183,393,0.86
184,393,0.57
185,393,0.29
180,394,0.29
181,394,0.57
182,394,0.86
183,394,0.57
184,394,0.29
181,395,0.29
182,395,0.57
183,395,0.29
182,396,0.29
177,352,0.57
178,352,0.29
176,353,1.00
177,353,0.86
178,353,0.57
179,353,0.29
172,354,0.29
173,354,0.57
175,354,1.00
176,354,1.00
177,354,1.00
178,354,0.86
179,354,0.57
180,354,0.29
171,355,0.29
172,355,0.57
173,355,0.86
175,355,1.00
176,355,1.00
177,355,1.00
178,355,1.00
179,355,0.86
180,355,0.57
181,355,0.29
170,356,0.29
171,356,0.57
172,356,0.86
176,356,1.00
177,356,1.00
178,356,1.00
179,356,1.00
180,356,0.86
181,356,0.57
182,356,0.29
171,357,0.29
177,357,1.00
178,357,1.00
179,357,0.86
180,357,0.57
181,357,0.29
178,358,0.86
179,358,0.57
180,358,0.29
179,359,0.29
176,378,0.29
175,379,0.29
176,379,0.57
177,379,0.86
174,380,0.29
175,380,0.57
176,380,1.00
177,380,1.00
178,380,1.00
173,381,0.29
174,381,0.57
175,381,1.00
176,381,1.00
177,381,1.00
178,381,1.00
179,381,1.00
172,382,0.29
173,382,0.57
174,382,1.00
175,382,1.00
176,382,1.00
177,382,1.00
178,382,1.00
179,382,1.00
180,382,1.00
171,383,0.29
172,383,0.57
173,383,1.00
174,383,1.00
175,383,1.00
176,383,1.00
177,383,1.00
178,383,1.00
179,383,1.00
180,383,1.00
181,383,1.00
171,384,0.57
172,384,1.00
173,384,1.00
174,384,1.00
175,384,1.00
176,384,1.00
178,384,1.00
179,384,1.00
180,384,1.00
181,384,1.00
172,385,0.86
173,385,1.00
174,385,1.00
175,385,1.00
179,385,1.00
180,385,1.00
173,386,0.86
174,386,1.00
175,415,0.86
174,416,0.86
175,416,1.00
176,416,0.86
173,417,0.86
174,417,1.00
175,417,1.00
176,417,1.00
177,417,0.86
172,418,0.86
173,418,1.00
174,418,1.00
175,418,1.00
176,418,1.00
177,418,1.00
178,418,0.86
171,419,0.86
172,419,1.00
173,419,1.00
174,419,1.00
175,419,1.00
176,419,1.00
177,419,1.00
178,419,1.00
179,419,0.86
170,420,0.86
171,420,1.00
172,420,1.00
174,420,1.00
175,420,1.00
176,420,1.00
177,420,1.00
178,420,1.00
179,420,1.00
180,420,0.86
169,421,0.29
170,421,0.86
171,421,1.00
175,421,1.00
176,421,1.00
177,421,1.00
178,421,1.00
179,421,1.00
180,421,1.00
170,422,0.29
176,422,1.00
177,422,1.00
178,422,1.00
179,422,1.00
180,422,1.00
177,423,1.00
178,423,1.00
179,423,1.00
178,424,1.00
175,414,0.29
174,415,0.29
176,415,0.29
173,416,0.29
177,416,0.29
172,417,0.29
178,417,0.29
171,418,0.29
179,418,0.29
170,419,0.29
180,419,0.29
169,420,0.29
181,420,0.29
178,378,0.57
178,379,1.00
179,379,0.57
179,380,1.00
180,380,0.57
180,381,1.00
181,381,0.57
181,382,1.00
182,382,0.57
182,383,1.00
183,383,0.57
183,384,1.00
184,384,0.57
184,385,0.29
181,422,0.86
180,423,1.00
181,423,1.00
182,423,1.00
179,424,1.00
180,424,1.00
181,424,1.00
182,424,1.00
183,424,1.00
179,425,1.00
180,425,1.00
181,425,1.00
182,425,1.00
183,425,1.00
184,425,1.00
180,426,1.00
181,426,1.00
182,426,1.00
183,426,1.00
184,426,1.00
185,426,1.00
180,427,1.00
181,427,1.00
182,427,1.00
183,427,1.00
184,427,1.00
185,427,1.00
186,427,1.00
188,427,0.29
179,428,1.00
180,428,1.00
181,428,1.00
182,428,1.00
183,428,1.00
184,428,1.00
185,428,1.00
186,428,0.57
187,428,0.29
179,429,1.00
180,429,1.00
181,429,1.00
182,429,1.00
183,429,1.00
184,429,1.00
185,429,0.57
186,429,0.29
180,430,1.00
181,430,1.00
182,430,1.00
183,430,1.00
184,430,0.86
185,430,0.29
181,431,1.00
182,431,1.00
183,431,1.00
184,431,0.86
182,432,1.00
183,432,1.00
182,433,1.00
184,435,0.86
183,436,1.00
184,436,1.00
185,436,0.86
182,437,1.00
183,437,1.00
184,437,1.00
185,437,1.00
186,437,0.86
181,438,1.00
182,438,1.00
183,438,1.00
184,438,1.00
185,438,1.00
186,438,1.00
187,438,0.86
180,439,1.00
181,439,1.00
182,439,1.00
183,439,1.00
184,439,1.00
185,439,1.00
186,439,1.00
187,439,1.00
188,439,0.86
179,440,1.00
180,440,1.00
181,440,1.00
182,440,1.00
183,440,1.00
184,440,1.00
185,440,1.00
186,440,1.00
187,440,1.00
188,440,1.00
189,440,0.86
178,441,0.86
179,441,1.00
180,441,1.00
181,441,1.00
182,441,1.00
183,441,1.00
184,441,1.00
185,441,1.00
186,441,1.00
187,441,1.00
188,441,1.00
189,441,1.00
190,441,0.86
179,442,0.86
180,442,1.00
181,442,1.00
182,442,1.00
183,442,1.00
184,442,1.00
185,442,1.00
186,442,1.00
187,442,1.00
188,442,1.00
189,442,0.86
180,443,0.86
181,443,1.00
182,443,1.00
183,443,1.00
184,443,1.00
185,443,1.00
186,443,1.00
187,443,1.00
188,443,0.86
181,444,0.86
182,444,1.00
183,444,1.00
184,444,1.00
185,444,1.00
186,444,1.00
187,444,0.86
182,445,0.86
183,445,1.00
184,445,1.00
185,445,1.00
186,445,0.86
183,446,0.29
184,446,0.86
185,446,0.86
184,447,0.29
185,435,0.57
186,436,0.29
187,437,0.29
188,438,0.29
189,439,0.29
190,440,0.29
191,441,0.29
190,442,0.29
189,443,0.29
188,444,0.29
187,445,0.29
186,446,0.29
185,447,0.29
182,434,1.00
181,435,1.00
182,435,1.00
183,435,1.00
180,436,1.00
181,436,1.00
182,436,1.00
179,437,0.57
180,437,1.00
181,437,1.00
179,438,0.57
180,438,1.00
178,442,0.57
179,443,0.57
180,444,0.57
181,445,0.57
182,446,0.57
185,431,0.29
184,432,0.86
185,432,0.57
186,432,0.29
181,433,1.00
183,433,1.00
184,433,1.00
185,433,0.86
186,433,0.57
187,433,0.29
180,434,1.00
181,434,1.00
183,434,1.00
184,434,0.86
185,434,0.57
186,434,0.29
179,435,0.86
180,435,1.00
178,436,0.29
179,436,0.57
177,442,0.57
176,443,1.00
177,443,0.86
178,443,0.57
175,444,1.00
176,444,1.00
177,444,1.00
178,444,0.86
179,444,0.57
171,445,0.29
172,445,0.57
174,445,1.00
175,445,1.00
176,445,1.00
177,445,1.00
178,445,1.00
179,445,0.86
180,445,0.57
170,446,0.29
171,446,0.57
172,446,0.86
174,446,1.00
175,446,1.00
176,446,1.00
177,446,1.00
178,446,1.00
179,446,1.00
180,446,0.86
181,446,0.57
171,447,0.29
175,447,1.00
176,447,1.00
177,447,1.00
178,447,1.00
179,447,0.86
180,447,0.57
181,447,0.29
176,448,1.00
177,448,1.00
178,448,0.86
179,448,0.57
180,448,0.29
177,449,0.86
178,449,0.57
179,449,0.29
178,450,0.29
177,455,0.57
178,455,0.29
176,456,1.00
177,456,0.86
178,456,0.57
179,456,0.29
175,457,1.00
176,457,1.00
177,457,1.00
178,457,0.86
179,457,0.57
180,457,0.29
171,458,0.29
172,458,0.57
174,458,1.00
175,458,1.00
176,458,1.00
177,458,1.00
178,458,1.00
179,458,0.86
180,458,0.57
181,458,0.29
170,459,0.29
171,459,0.57
172,459,0.86
173,459,1.00
174,459,1.00
175,459,1.00
176,459,1.00
177,459,1.00
178,459,1.00
179,459,1.00
180,459,0.86
181,459,0.57
171,460,0.29
172,460,0.57
173,460,0.86
174,460,1.00
175,460,1.00
176,460,1.00
177,460,1.00
178,460,1.00
179,460,0.86
180,460,0.57
172,461,0.29
173,461,0.57
174,461,0.86
175,461,1.00
176,461,1.00
177,461,1.00
178,461,0.86
179,461,0.57
173,462,0.29
175,462,0.86
176,462,1.00
177,462,0.86
178,462,0.57
176,463,0.86
177,463,0.57
174,487,0.29
173,488,0.29
174,488,0.57
175,488,0.86
173,489,0.57
174,489,0.86
175,489,1.00
176,489,1.00
174,490,0.57
175,490,0.86
176,490,1.00
177,490,1.00
174,491,0.29
175,491,0.86
176,491,1.00
177,491,1.00
178,491,1.00
175,492,0.86
176,492,1.00
177,492,1.00
178,492,1.00
179,492,1.00
181,492,0.86
176,493,1.00
177,493,1.00
178,493,1.00
179,493,1.00
180,493,1.00
177,494,1.00
178,494,1.00
179,494,1.00
178,495,1.00
181,493,1.00
182,493,0.57
175,494,1.00
176,494,1.00
180,494,1.00
181,494,1.00
182,494,1.00
183,494,0.57
174,495,1.00
175,495,1.00
176,495,1.00
177,495,1.00
179,495,1.00
180,495,1.00
181,495,1.00
182,495,1.00
183,495,1.00
184,495,0.57
173,496,1.00
174,496,1.00
175,496,1.00
176,496,1.00
177,496,1.00
178,496,1.00
179,496,1.00
180,496,1.00
181,496,1.00
183,496,1.00
184,496,1.00
185,496,0.57
174,497,1.00
175,497,1.00
176,497,1.00
177,497,1.00
178,497,1.00
179,497,1.00
180,497,1.00
184,497,0.57
175,498,1.00
176,498,1.00
177,498,1.00
178,498,1.00
179,498,1.00
176,499,1.00
177,499,1.00
178,499,1.00
177,500,1.00
174,492,0.29
173,493,0.29
174,493,0.57
175,493,0.86
172,494,0.29
173,494,0.57
174,494,0.86
171,495,0.29
172,495,0.57
173,495,0.86
170,496,0.29
171,496,0.57
172,496,0.86
171,497,0.29
172,497,0.57
173,497,0.86
172,498,0.29
173,498,0.57
174,498,0.86
173,499,0.29
174,499,0.57
175,499,0.86
174,500,0.29
175,500,0.57
176,500,0.86
175,501,0.29
176,501,0.57
165,496,0.29
164,497,0.29
165,497,0.57
166,497,0.29
163,498,0.29
164,498,0.57
165,498,0.86
166,498,0.57
167,498,0.29
162,499,0.29
163,499,0.57
164,499,0.86
165,499,1.00
166,499,0.86
167,499,0.57
168,499,0.29
161,500,0.29
162,500,0.57
163,500,0.86
164,500,1.00
165,500,1.00
166,500,1.00
167,500,0.86
168,500,0.57
169,500,0.29
160,501,0.29
161,501,0.57
162,501,0.86
163,501,1.00
164,501,1.00
165,501,1.00
166,501,1.00
167,501,1.00
168,501,0.86
169,501,0.57
170,501,0.29
159,502,0.29
160,502,0.57
161,502,0.86
162,502,1.00
163,502,1.00
164,502,1.00
165,502,1.00
166,502,1.00
167,502,1.00
168,502,1.00
169,502,0.86
170,502,0.57
171,502,0.29
160,503,0.29
161,503,0.57
162,503,0.86
163,503,1.00
164,503,1.00
165,503,1.00
166,503,1.00
167,503,1.00
168,503,0.86
169,503,0.57
170,503,0.29
161,504,0.29
162,504,0.57
163,504,0.86
164,504,1.00
165,504,1.00
166,504,1.00
167,504,0.86
168,504,0.57
169,504,0.29
162,505,0.29
163,505,0.57
164,505,0.86
165,505,1.00
166,505,0.86
167,505,0.57
168,505,0.29
163,506,0.29
164,506,0.57
165,506,0.86
166,506,0.57
167,506,0.29
164,507,0.29
165,507,0.57
166,507,0.29
165,508,0.29
167,517,0.29
166,518,0.86
167,518,0.86
168,518,0.29
165,519,1.00
166,519,1.00
167,519,1.00
168,519,0.86
169,519,0.29
164,520,1.00
165,520,1.00
166,520,1.00
167,520,1.00
168,520,1.00
169,520,0.86
170,520,0.29
163,521,1.00
164,521,1.00
165,521,1.00
166,521,1.00
167,521,1.00
168,521,1.00
169,521,1.00
162,522,1.00
163,522,1.00
164,522,1.00
165,522,1.00
166,522,1.00
167,522,1.00
168,522,1.00
161,523,0.86
162,523,1.00
163,523,1.00
164,523,1.00
165,523,1.00
166,523,1.00
167,523,1.00
168,523,1.00
169,523,1.00
162,524,0.86
163,524,1.00
164,524,1.00
165,524,1.00
166,524,1.00
167,524,1.00
168,524,1.00
169,524,1.00
170,524,0.86
163,525,0.86
164,525,1.00
165,525,1.00
166,525,1.00
167,525,1.00
168,525,1.00
169,525,0.86
170,525,0.57
171,525,0.29
164,526,0.86
165,526,0.86
166,526,0.86
167,526,1.00
168,526,0.86
169,526,0.57
170,526,0.29
165,527,0.29
166,527,0.57
167,527,0.86
168,527,0.57
169,527,0.29
166,528,0.29
167,528,0.57
168,528,0.29
167,529,0.29
164,515,0.29
163,516,0.29
164,516,0.57
165,516,0.29
162,517,0.29
163,517,0.57
164,517,0.86
165,517,0.57
166,517,0.29
161,518,0.29
162,518,0.57
163,518,0.86
164,518,1.00
165,518,0.86
160,519,0.29
161,519,0.57
162,519,0.86
163,519,1.00
164,519,1.00
159,520,0.29
160,520,0.57
161,520,0.86
162,520,1.00
163,520,1.00
158,521,0.29
159,521,0.57
160,521,0.86
161,521,1.00
162,521,1.00
159,522,0.29
160,522,0.57
161,522,0.86
160,523,0.29
161,524,0.29
162,525,0.29
163,526,0.29
164,527,0.29
153,497,1.00
152,498,1.00
153,498,1.00
154,498,1.00
151,499,1.00
152,499,1.00
153,499,1.00
154,499,1.00
155,499,1.00
150,500,1.00
151,500,1.00
152,500,1.00
153,500,1.00
154,500,1.00
155,500,1.00
156,500,1.00
149,501,1.00
150,501,1.00
151,501,1.00
152,501,1.00
153,501,1.00
154,501,1.00
155,501,1.00
156,501,1.00
157,501,0.57
148,502,0.29
149,502,0.86
150,502,1.00
151,502,1.00
152,502,1.00
153,502,1.00
154,502,1.00
155,502,1.00
156,502,1.00
157,502,0.57
158,502,0.29
147,503,0.29
148,503,0.57
149,503,0.86
150,503,1.00
151,503,1.00
152,503,1.00
153,503,1.00
154,503,1.00
155,503,1.00
156,503,1.00
157,503,0.86
158,503,0.57
159,503,0.29
148,504,0.29
149,504,0.57
150,504,0.86
151,504,1.00
152,504,1.00
153,504,1.00
154,504,1.00
155,504,1.00
156,504,0.86
157,504,0.57
158,504,0.29
149,505,0.29
150,505,0.57
151,505,0.86
152,505,1.00
153,505,1.00
154,505,1.00
155,505,0.86
156,505,0.57
157,505,0.29
150,506,0.29
151,506,0.57
152,506,0.86
153,506,1.00
154,506,0.86
155,506,0.57
156,506,0.29
151,507,0.29
152,507,0.57
153,507,0.86
154,507,0.57
155,507,0.29
152,508,0.29
153,508,0.57
154,508,0.29
153,509,0.29
152,492,0.29
151,493,0.29
152,493,0.86
153,493,0.57
150,494,0.29
151,494,0.86
152,494,1.00
153,494,1.00
154,494,0.57
149,495,0.29
150,495,0.86
151,495,1.00
152,495,1.00
153,495,1.00
154,495,1.00
155,495,0.57
148,496,0.29
149,496,0.86
150,496,1.00
151,496,1.00
152,496,1.00
153,496,1.00
154,496,1.00
155,496,1.00
156,496,0.57
147,497,0.29
148,497,0.86
149,497,1.00
150,497,1.00
151,497,1.00
152,497,1.00
154,497,1.00
155,497,1.00
156,497,1.00
157,497,0.57
146,498,0.29
147,498,0.86
148,498,1.00
149,498,1.00
150,498,1.00
151,498,1.00
155,498,1.00
156,498,1.00
157,498,1.00
158,498,0.57
147,499,1.00
148,499,1.00
149,499,1.00
150,499,1.00
156,499,1.00
157,499,1.00
148,500,1.00
149,500,1.00
146,499,0.29
158,499,0.86
147,500,0.29
157,500,0.86
148,501,0.29
159,499,0.29
158,500,0.29
152,475,1.00
151,476,1.00
152,476,1.00
153,476,0.29
150,477,1.00
151,477,1.00
152,477,0.86
153,477,0.57
154,477,0.29
149,478,0.29
150,478,1.00
151,478,0.86
152,478,1.00
153,478,0.86
154,478,0.57
155,478,0.29
148,479,0.29
149,479,0.57
150,479,0.86
151,479,1.00
152,479,1.00
153,479,1.00
154,479,0.86
155,479,0.57
156,479,0.29
147,480,0.29
148,480,0.57
149,480,0.86
150,480,1.00
151,480,1.00
152,480,1.00
153,480,1.00
154,480,1.00
155,480,0.86
156,480,0.57
157,480,0.29
146,481,0.29
147,481,0.57
148,481,0.86
149,481,1.00
150,481,1.00
151,481,1.00
152,481,1.00
153,481,1.00
154,481,1.00
155,481,1.00
156,481,0.86
157,481,0.57
158,481,0.29
147,482,0.29
148,482,0.57
149,482,0.86
150,482,1.00
151,482,1.00
152,482,1.00
153,482,1.00
154,482,1.00
155,482,0.86
156,482,0.57
157,482,0.29
148,483,0.29
149,483,0.57
150,483,0.86
151,483,1.00
152,483,1.00
153,483,1.00
154,483,0.86
155,483,0.57
156,483,0.29
149,484,0.29
150,484,0.57
151,484,0.86
152,484,1.00
153,484,0.86
154,484,0.57
155,484,0.29
150,485,0.29
151,485,0.57
152,485,0.86
153,485,0.57
154,485,0.29
151,486,0.29
152,486,0.57
153,486,0.29
152,487,0.29
151,465,1.00
150,466,1.00
151,466,1.00
152,466,1.00
149,467,1.00
150,467,1.00
151,467,1.00
152,467,1.00
153,467,1.00
148,468,1.00
149,468,1.00
150,468,1.00
151,468,1.00
152,468,1.00
153,468,1.00
154,468,1.00
147,469,1.00
148,469,1.00
149,469,1.00
150,469,1.00
151,469,1.00
152,469,1.00
153,469,1.00
154,469,1.00
155,469,1.00
146,470,1.00
147,470,1.00
148,470,1.00
149,470,1.00
150,470,1.00
151,470,1.00
152,470,1.00
153,470,1.00
154,470,1.00
155,470,1.00
156,470,1.00
145,471,1.00
146,471,1.00
147,471,1.00
148,471,1.00
149,471,1.00
150,471,1.00
151,471,1.00
152,471,1.00
153,471,1.00
154,471,1.00
155,471,1.00
156,471,1.00
157,471,1.00
146,472,1.00
147,472,1.00
148,472,1.00
149,472,1.00
150,472,1.00
151,472,1.00
152,472,1.00
153,472,1.00
154,472,1.00
155,472,1.00
156,472,1.00
147,473,1.00
148,473,1.00
149,473,1.00
150,473,1.00
151,473,1.00
152,473,1.00
153,473,1.00
154,473,1.00
155,473,1.00
148,474,1.00
149,474,1.00
150,474,1.00
151,474,1.00
152,474,1.00
153,474,1.00
154,474,1.00
149,475,1.00
150,475,1.00
151,475,1.00
153,475,1.00
150,476,1.00
144,472,0.57
145,472,1.00
145,473,0.57
146,473,1.00
146,474,0.57
147,474,1.00
147,475,0.57
148,475,1.00
148,476,0.57
149,476,1.00
149,477,0.57

201,334,1.00
200,335,1.00
201,335,1.00
202,335,1.00
199,336,1.00
200,336,1.00
201,336,1.00
202,336,1.00
203,336,1.00
198,337,1.00
199,337,1.00
200,337,1.00
201,337,1.00
202,337,1.00
203,337,1.00
204,337,1.00
197,338,0.86
198,338,1.00
199,338,1.00
200,338,1.00
201,338,1.00
202,338,1.00
203,338,1.00
204,338,1.00
205,338,0.86
196,339,0.57
197,339,1.00
198,339,1.00
199,339,1.00
200,339,1.00
201,339,1.00
202,339,1.00
203,339,1.00
204,339,1.00
205,339,1.00
206,339,0.57
195,340,0.57
196,340,1.00
197,340,1.00
198,340,1.00
199,340,1.00
200,340,1.00
201,340,1.00
202,340,1.00
203,340,1.00
204,340,1.00
205,340,1.00
206,340,1.00
207,340,0.57
196,341,0.57
197,341,1.00
198,341,1.00
199,341,1.00
200,341,1.00
201,341,1.00
202,341,1.00
203,341,1.00
204,341,1.00
205,341,1.00
206,341,0.57
197,342,0.57
198,342,1.00
199,342,1.00
200,342,1.00
201,342,1.00
202,342,1.00
203,342,1.00
204,342,1.00
205,342,0.57
198,343,0.57
199,343,1.00
200,343,1.00
201,343,1.00
202,343,1.00
203,343,1.00
204,343,0.57
199,344,0.57
200,344,1.00
201,344,1.00
202,344,1.00
203,344,0.57
200,345,0.57
201,345,1.00
202,345,0.57
201,346,0.57
201,330,1.00
200,331,1.00
201,331,1.00
202,331,1.00
199,332,0.57
200,332,1.00
201,332,1.00
202,332,1.00
203,332,0.57
198,333,0.29
199,333,0.57
200,333,1.00
201,333,1.00
202,333,1.00
203,333,0.57
204,333,0.29
197,334,0.29
198,334,0.57
199,334,0.86
200,334,1.00
202,334,1.00
203,334,0.86
204,334,0.57
205,334,0.29
196,335,0.29
197,335,0.57
198,335,0.86
199,335,1.00
203,335,1.00
204,335,0.86
205,335,0.57
206,335,0.29
195,336,0.29
196,336,0.57
197,336,0.86
198,336,1.00
204,336,1.00
205,336,0.86
206,336,0.57
207,336,0.29
196,337,0.29
197,337,0.57
205,337,0.57
206,337,0.29
201,322,1.00
200,323,1.00
201,323,1.00
202,323,1.00
199,324,1.00
200,324,1.00
201,324,1.00
202,324,1.00
203,324,1.00
198,325,1.00
199,325,1.00
200,325,1.00
201,325,1.00
202,325,1.00
203,325,1.00
204,325,0.86
197,326,1.00
198,326,1.00
199,326,1.00
200,326,1.00
201,326,1.00
202,326,1.00
203,326,1.00
204,326,0.86
205,326,0.29
196,327,0.29
197,327,0.86
198,327,1.00
199,327,1.00
200,327,1.00
201,327,1.00
202,327,1.00
203,327,1.00
204,327,0.86
205,327,0.57
206,327,0.29
195,328,0.29
196,328,0.57
197,328,0.86
198,328,1.00
199,328,1.00
200,328,1.00
201,328,1.00
202,328,1.00
203,328,1.00
204,328,1.00
205,328,0.86
206,328,0.57
207,328,0.29
196,329,0.29
197,329,0.57
198,329,0.86
199,329,1.00
200,329,1.00
201,329,1.00
202,329,1.00
203,329,1.00
204,329,0.86
205,329,0.57
206,329,0.29
197,330,0.29
198,330,0.57
199,330,0.86
200,330,1.00
202,330,1.00
203,330,0.86
204,330,0.57
205,330,0.29
198,331,0.29
199,331,0.57
203,331,0.57
204,331,0.29
200,318,1.00
199,319,1.00
200,319,1.00
201,319,1.00
198,320,1.00
199,320,1.00
200,320,1.00
201,320,1.00
202,320,1.00
197,321,1.00
198,321,1.00
199,321,1.00
200,321,1.00
201,321,1.00
202,321,1.00
203,321,1.00
196,322,1.00
197,322,1.00
198,322,1.00
199,322,1.00
200,322,1.00
202,322,1.00
203,322,1.00
204,322,1.00
195,323,1.00
196,323,1.00
197,323,1.00
198,323,1.00
199,323,1.00
203,323,1.00
204,323,0.86
205,323,0.29
194,324,0.29
195,324,0.86
196,324,1.00
197,324,1.00
198,324,1.00
204,324,0.86
205,324,0.57
206,324,0.29
195,325,0.29
196,325,0.86
197,325,1.00
205,325,0.29
196,326,0.29
199,316,1.00
198,317,1.00
199,317,1.00
200,317,1.00
197,318,1.00
198,318,1.00
199,318,1.00
201,318,1.00
196,319,1.00
197,319,1.00
198,319,1.00
202,319,1.00
195,320,1.00
196,320,1.00
197,320,1.00
203,320,1.00
194,321,1.00
195,321,1.00
196,321,1.00
204,321,0.86
193,322,0.29
194,322,1.00
195,322,1.00
205,322,0.29
194,323,0.29
199,315,1.00
198,316,1.00
200,316,1.00
197,317,1.00
201,317,1.00
196,318,1.00
202,318,1.00
195,319,1.00
203,319,0.86
194,320,1.00
204,320,0.57
193,321,0.57
205,321,0.29
198,314,1.00
197,315,1.00
198,315,1.00
196,316,1.00
197,316,1.00
195,317,1.00
196,317,1.00
194,318,1.00
195,318,1.00
193,319,0.57
194,319,1.00
192,320,0.29
193,320,0.57
198,312,1.00
197,313,1.00
198,313,1.00
199,313,1.00
196,314,1.00
197,314,1.00
199,314,1.00
200,314,1.00
195,315,1.00
196,315,1.00
200,315,1.00
201,315,0.86
194,316,0.86
195,316,1.00
201,316,0.86
202,316,0.29
193,317,0.29
194,317,0.86
202,317,0.57
203,317,0.29
192,318,0.29
193,318,0.57
203,318,0.57
204,318,0.29
197,308,1.00
196,309,1.00
197,309,1.00
198,309,1.00
195,310,1.00
196,310,1.00
197,310,1.00
198,310,1.00
199,310,1.00
194,311,1.00
195,311,1.00
196,311,1.00
197,311,1.00
198,311,1.00
199,311,1.00
200,311,1.00
193,312,1.00
194,312,1.00
195,312,1.00
196,312,1.00
197,312,1.00
199,312,1.00
200,312,1.00
201,312,1.00
192,313,0.57
193,313,1.00
194,313,1.00
195,313,1.00
196,313,1.00
200,313,1.00
201,313,1.00
202,313,0.57
191,314,0.29
192,314,0.57
193,314,1.00
194,314,1.00
195,314,1.00
201,314,1.00
202,314,0.57
203,314,0.29
192,315,0.29
193,315,0.57
194,315,1.00
202,315,0.29
193,316,0.29
197,306,1.00
196,307,1.00
197,307,1.00
198,307,1.00
195,308,1.00
196,308,1.00
198,308,1.00
199,308,1.00
194,309,1.00
195,309,1.00
199,309,1.00
200,309,1.00
193,310,1.00
194,310,1.00
200,310,1.00
201,310,0.86
192,311,0.86
193,311,1.00
201,311,0.57
202,311,0.29
191,312,0.29
192,312,0.57
202,312,0.57
203,312,0.29
196,303,0.57
195,304,0.57
196,304,1.00
197,304,0.57
194,305,0.57
195,305,1.00
196,305,1.00
197,305,1.00
198,305,0.57
193,306,0.57
194,306,1.00
195,306,1.00
196,306,1.00
198,306,1.00
199,306,0.57
192,307,0.57
193,307,1.00
194,307,1.00
195,307,1.00
199,307,1.00
200,307,0.57
191,308,0.57
192,308,1.00
193,308,1.00
194,308,1.00
200,308,1.00
201,308,0.57
190,309,0.57
191,309,1.00
192,309,1.00
193,309,1.00
201,309,1.00
202,309,0.57
191,310,0.57
192,310,1.00

196,303,1.00
195,304,1.00
196,304,1.00
197,304,1.00
194,305,1.00
195,305,1.00
196,305,1.00
197,305,1.00
198,305,1.00
193,306,0.57
194,306,1.00
195,306,1.00
196,306,1.00
197,306,1.00
198,306,1.00
199,306,1.00
192,307,0.57
193,307,1.00
194,307,1.00
195,307,1.00
196,307,1.00
197,307,1.00
198,307,1.00
199,307,1.00
200,307,1.00
191,308,0.57
192,308,1.00
193,308,1.00
194,308,1.00
195,308,1.00
196,308,1.00
197,308,1.00
198,308,1.00
199,308,1.00
200,308,1.00
201,308,1.00
190,309,0.57
191,309,1.00
192,309,1.00
193,309,1.00
194,309,1.00
195,309,1.00
196,309,1.00
197,309,1.00
198,309,1.00
199,309,1.00
200,309,1.00
201,309,1.00
202,309,1.00
191,310,1.00
192,310,1.00
193,310,1.00
194,310,1.00
195,310,1.00
196,310,1.00
197,310,1.00
198,310,1.00
199,310,1.00
200,310,1.00
201,310,1.00
192,311,1.00
193,311,1.00
194,311,1.00
195,311,1.00
196,311,1.00
197,311,1.00
198,311,1.00
199,311,1.00
200,311,1.00
193,312,1.00
194,312,1.00
195,312,1.00
196,312,1.00
197,312,1.00
198,312,1.00
199,312,1.00
194,313,1.00
195,313,1.00
196,313,1.00
197,313,1.00
198,313,1.00
195,314,1.00
196,314,1.00
197,314,1.00
196,315,1.00
196,291,1.00
195,292,1.00
196,292,1.00
197,292,1.00
194,293,0.57
195,293,1.00
196,293,1.00
197,293,1.00
198,293,1.00
193,294,0.29
194,294,0.57
195,294,1.00
196,294,1.00
197,294,1.00
198,294,1.00
199,294,1.00
192,295,0.29
193,295,0.57
194,295,0.86
195,295,1.00
196,295,1.00
197,295,1.00
198,295,1.00
199,295,1.00
200,295,1.00
191,296,0.29
192,296,0.57
193,296,0.86
194,296,1.00
195,296,1.00
196,296,1.00
197,296,1.00
198,296,1.00
199,296,1.00
200,296,1.00
201,296,1.00
190,297,0.29
191,297,0.57
192,297,0.86
193,297,1.00
194,297,1.00
195,297,1.00
196,297,1.00
197,297,1.00
198,297,1.00
199,297,1.00
200,297,1.00
201,297,1.00
202,297,1.00
191,298,0.29
192,298,0.57
193,298,0.86
194,298,1.00
195,298,1.00
196,298,1.00
197,298,1.00
198,298,1.00
199,298,1.00
200,298,1.00
201,298,1.00
192,299,0.29
193,299,0.57
194,299,0.86
195,299,1.00
196,299,1.00
197,299,1.00
198,299,1.00
199,299,1.00
200,299,1.00
193,300,0.29
194,300,0.86
195,300,1.00
196,300,1.00
197,300,1.00
198,300,1.00
199,300,1.00
194,301,0.86
195,301,1.00
196,301,1.00
197,301,1.00
198,301,1.00
195,302,1.00
196,302,1.00
197,302,1.00
196,283,1.00
195,284,0.57
196,284,1.00
197,284,1.00
194,285,0.29
195,285,0.57
196,285,1.00
197,285,1.00
198,285,1.00
193,286,0.29
194,286,0.57
195,286,0.86
196,286,1.00
197,286,1.00
198,286,1.00
199,286,0.57
192,287,0.29
193,287,0.57
194,287,0.86
195,287,1.00
196,287,1.00
197,287,1.00
198,287,1.00
199,287,0.57
200,287,0.57
191,288,0.29
192,288,0.57
193,288,0.86
194,288,1.00
195,288,1.00
196,288,1.00
197,288,1.00
198,288,1.00
199,288,1.00
200,288,1.00
201,288,1.00
190,289,0.29
191,289,0.57
192,289,0.86
193,289,1.00
194,289,1.00
195,289,1.00
196,289,1.00
197,289,1.00
198,289,1.00
199,289,1.00
200,289,1.00
201,289,1.00
202,289,1.00
191,290,0.29
192,290,0.57
193,290,0.86
194,290,1.00
195,290,1.00
196,290,1.00
197,290,1.00
198,290,1.00
199,290,1.00
200,290,1.00
201,290,1.00
192,291,0.29
193,291,0.57
194,291,0.86
195,291,1.00
197,291,1.00
198,291,0.86
199,291,0.86
200,291,1.00
193,292,0.29
194,292,0.57
198,292,0.86
199,292,0.86
198,275,1.00
197,276,1.00
198,276,1.00
199,276,1.00
196,277,0.57
197,277,1.00
198,277,1.00
199,277,1.00
200,277,1.00
195,278,0.29
196,278,0.57
197,278,1.00
198,278,1.00
199,278,1.00
200,278,1.00
201,278,1.00
194,279,0.29
195,279,0.57
196,279,0.86
197,279,1.00
198,279,1.00
199,279,1.00
200,279,1.00
201,279,1.00
202,279,1.00
193,280,0.29
194,280,0.57
195,280,0.86
196,280,1.00
197,280,1.00
198,280,1.00
199,280,1.00
200,280,1.00
201,280,1.00
202,280,1.00
203,280,0.57
192,281,0.29
193,281,0.57
194,281,0.86
195,281,1.00
196,281,1.00
197,281,1.00
198,281,1.00
199,281,1.00
200,281,1.00
201,281,1.00
202,281,1.00
203,281,0.57
204,281,0.29
193,282,0.29
194,282,0.57
195,282,0.86
196,282,1.00
197,282,1.00
198,282,1.00
199,282,1.00
200,282,1.00
201,282,1.00
202,282,0.57
203,282,0.29
194,283,0.29
195,283,0.57
197,283,1.00
198,283,1.00
199,283,1.00
200,283,0.86
201,283,0.57
202,283,0.29
198,284,1.00
199,284,0.86
200,284,0.57
201,284,0.29
199,285,0.57
200,285,0.29
201,270,0.86
200,271,0.86
201,271,1.00
202,271,1.00
199,272,0.29
200,272,0.86
201,272,1.00
202,272,1.00
203,272,1.00
198,273,0.29
199,273,0.57
200,273,0.86
201,273,1.00
202,273,1.00
203,273,1.00
204,273,1.00
197,274,0.29
198,274,0.57
199,274,0.86
200,274,1.00
201,274,1.00
202,274,1.00
203,274,1.00
204,274,1.00
205,274,1.00
196,275,0.29
197,275,0.57
199,275,1.00
200,275,1.00
201,275,1.00
202,275,1.00
203,275,1.00
204,275,1.00
205,275,1.00
206,275,0.86
195,276,0.29
196,276,0.57
200,276,1.00
201,276,1.00
202,276,1.00
203,276,1.00
204,276,1.00
205,276,1.00
206,276,0.86
207,276,0.29
201,277,1.00
202,277,1.00
203,277,1.00
204,277,0.86
205,277,0.86
206,277,0.29
202,278,1.00
203,278,0.86
204,278,0.57
205,278,0.29
203,279,0.57
204,279,0.29
205,265,1.00
204,266,1.00
205,266,1.00
206,266,1.00
203,267,0.86
204,267,1.00
205,267,1.00
206,267,1.00
207,267,1.00
202,268,0.29
203,268,0.86
204,268,1.00
205,268,1.00
206,268,1.00
207,268,1.00
208,268,1.00
201,269,0.29
202,269,0.57
203,269,0.86
204,269,1.00
205,269,1.00
206,269,1.00
207,269,1.00
208,269,1.00
209,269,1.00
200,270,0.29
202,270,0.86
203,270,1.00
204,270,1.00
205,270,1.00
206,270,1.00
207,270,1.00
208,270,1.00
209,270,1.00
210,270,0.57
199,271,0.29
203,271,1.00
204,271,1.00
205,271,1.00
206,271,1.00
207,271,1.00
208,271,1.00
209,271,1.00
210,271,0.57
211,271,0.29
204,272,1.00
205,272,1.00
206,272,1.00
207,272,1.00
208,272,0.86
209,272,0.57
210,272,0.29
205,273,1.00
206,273,1.00
207,273,0.86
208,273,0.57
209,273,0.29
206,274,0.86
207,274,0.57
208,274,0.29
207,275,0.29
207,260,0.86
206,261,0.57
207,261,1.00
208,261,1.00
205,262,0.57
206,262,1.00
207,262,1.00
208,262,1.00
209,262,1.00
204,263,0.29
205,263,0.86
206,263,1.00
207,263,1.00
208,263,1.00
209,263,1.00
210,263,1.00
203,264,0.29
204,264,0.86
205,264,1.00
206,264,1.00
207,264,1.00
208,264,1.00
209,264,1.00
210,264,1.00
211,264,1.00
202,265,0.29
203,265,0.86
204,265,1.00
206,265,1.00
207,265,1.00
208,265,1.00
209,265,1.00
210,265,1.00
211,265,1.00
212,265,1.00
201,266,0.29
202,266,0.57
203,266,0.86
207,266,1.00
208,266,1.00
209,266,1.00
210,266,1.00
211,266,1.00
212,266,1.00
213,266,1.00
202,267,0.29
208,267,1.00
209,267,1.00
210,267,1.00
211,267,1.00
212,267,1.00
209,268,1.00
210,268,1.00
211,268,1.00
210,269,0.86
209,259,1.00
208,260,1.00
209,260,1.00
210,260,1.00
209,261,1.00
210,261,1.00
211,261,1.00
210,262,1.00
211,262,1.00
212,262,1.00
211,263,1.00
212,263,1.00
213,263,1.00
212,264,1.00
213,264,1.00
214,264,1.00
213,265,1.00
214,265,1.00
215,265,1.00
214,266,0.29
213,267,0.29
212,268,0.29
211,269,0.29
211,256,0.57
210,257,0.57
211,257,1.00
212,257,1.00
209,258,0.57
210,258,1.00
211,258,1.00
212,258,1.00
213,258,1.00
208,259,0.57
210,259,1.00
211,259,1.00
212,259,1.00
213,259,1.00
214,259,1.00
211,260,1.00
212,260,1.00
213,260,1.00
214,260,1.00
215,260,1.00
212,261,1.00
213,261,1.00
214,261,1.00
215,261,1.00
216,261,1.00
213,262,1.00
214,262,1.00
215,262,1.00
216,262,1.00
217,262,1.00
214,263,1.00
215,263,1.00
216,263,1.00
215,264,1.00
213,254,0.29
212,255,0.29
213,255,0.57
214,255,0.57
212,256,0.57
213,256,1.00
214,256,1.00
215,256,1.00
213,257,1.00
214,257,1.00
215,257,1.00
216,257,1.00
214,258,1.00
215,258,1.00
216,258,1.00
217,258,1.00
215,259,1.00
216,259,1.00
217,259,1.00
218,259,1.00
216,260,1.00
217,260,1.00
218,260,1.00
219,260,1.00
217,261,1.00
218,261,1.00
215,254,0.29
215,255,0.86
216,255,0.86
216,256,1.00
217,256,1.00
217,257,1.00
218,257,1.00
218,258,1.00
219,258,1.00
219,259,1.00
220,259,1.00
220,260,1.00
221,260,1.00
219,261,1.00
220,261,1.00
218,262,1.00
219,262,1.00
217,263,1.00
218,263,1.00
216,264,1.00
217,264,1.00
216,265,1.00
215,266,0.29
216,254,0.29
217,255,0.57
218,256,0.57
219,257,0.57
220,258,0.57
221,259,0.57
222,260,0.57
221,261,1.00
220,262,1.00
219,263,1.00
218,264,1.00
217,265,1.00
216,266,0.57
222,261,0.86
223,261,0.86
221,262,0.86
222,262,0.86
220,263,0.86
221,263,0.86
219,264,1.00
220,264,0.86
218,265,1.00
219,265,1.00
217,266,1.00
218,266,1.00
217,267,0.86
212,274,1.00
211,275,1.00
212,275,1.00
213,275,1.00
210,276,1.00
211,276,1.00
212,276,1.00
213,276,1.00
214,276,1.00
209,277,1.00
210,277,1.00
211,277,1.00
212,277,1.00
213,277,1.00
214,277,1.00
215,277,1.00
208,278,1.00
209,278,1.00
210,278,1.00
211,278,1.00
212,278,1.00
213,278,1.00
214,278,1.00
215,278,1.00
216,278,1.00
207,279,1.00
208,279,1.00
209,279,1.00
210,279,1.00
211,279,1.00
212,279,1.00
213,279,1.00
214,279,1.00
215,279,1.00
216,279,1.00
217,279,0.57
206,280,0.86
207,280,1.00
208,280,1.00
209,280,1.00
210,280,1.00
211,280,1.00
212,280,1.00
213,280,1.00
214,280,1.00
215,280,1.00
216,280,1.00
217,280,0.57
218,280,0.29
207,281,1.00
208,281,1.00
209,281,1.00
210,281,1.00
211,281,1.00
212,281,1.00
213,281,1.00
214,281,1.00
215,281,1.00
216,281,0.57
217,281,0.29
208,282,1.00
209,282,1.00
210,282,1.00
211,282,1.00
212,282,1.00
213,282,1.00
214,282,1.00
215,282,0.57
216,282,0.29
209,283,1.00
210,283,1.00
211,283,1.00
212,283,1.00
213,283,1.00
214,283,0.57
215,283,0.29
210,284,1.00
211,284,1.00
212,284,1.00
213,284,0.57
214,284,0.29
211,285,1.00
212,285,1.00
213,285,0.57
212,286,0.57
206,291,1.00
205,292,1.00
206,292,1.00
207,292,0.57
204,293,1.00
205,293,1.00
206,293,1.00
207,293,0.57
208,293,0.29
203,294,1.00
204,294,1.00
205,294,1.00
206,294,1.00
207,294,0.86
208,294,0.57
209,294,0.29
202,295,1.00
203,295,1.00
204,295,1.00
205,295,1.00
206,295,1.00
207,295,1.00
208,295,0.86
209,295,0.57
210,295,0.29
202,296,1.00
203,296,1.00
204,296,1.00
205,296,1.00
206,296,1.00
207,296,1.00
208,296,1.00
209,296,0.86
210,296,0.57
211,296,0.29
203,297,1.00
204,297,1.00
205,297,1.00
206,297,1.00
207,297,1.00
208,297,1.00
209,297,1.00
210,297,0.86
211,297,0.57
212,297,0.29
202,298,1.00
203,298,1.00
204,298,1.00
205,298,1.00
206,298,1.00
207,298,1.00
208,298,1.00
209,298,0.86
210,298,0.57
211,298,0.29
202,299,0.86
203,299,0.86
204,299,0.86
205,299,1.00
206,299,1.00
207,299,1.00
208,299,0.86
209,299,0.57
210,299,0.29
203,300,0.29
204,300,0.57
205,300,0.86
206,300,1.00
207,300,0.86
208,300,0.57
209,300,0.29
204,301,0.29
205,301,0.57
206,301,0.86
207,301,0.57
208,301,0.29
205,302,0.29
206,302,0.57
207,302,0.29
206,303,0.29
201,301,0.86
200,302,1.00
201,302,1.00
202,302,0.57
199,303,1.00
200,303,1.00
201,303,1.00
202,303,1.00
203,303,0.57
198,304,1.00
199,304,1.00
200,304,1.00
201,304,1.00
202,304,1.00
203,304,0.57
204,304,0.29
199,305,1.00
200,305,1.00
201,305,1.00
202,305,1.00
203,305,0.86
204,305,0.57
205,305,0.29
200,306,1.00
201,306,1.00
202,306,1.00
203,306,1.00
204,306,0.86
205,306,0.57
206,306,0.29
201,307,1.00
202,307,1.00
203,307,1.00
204,307,1.00
205,307,0.86
206,307,0.57
207,307,0.29
202,308,1.00
203,308,1.00
204,308,0.86
205,308,0.57
206,308,0.29
203,309,0.86
204,309,0.57
205,309,0.29
202,310,1.00
203,310,0.86
204,310,0.29
201,311,1.00
202,311,0.86
203,311,0.29
200,312,1.00
201,312,0.86
202,312,0.29
201,313,0.29
199,313,1.00
200,313,0.57
198,314,1.00
199,314,1.00
197,315,1.00
198,315,1.00
197,316,1.00
190,311,0.86
191,311,1.00
189,312,0.86
190,312,1.00
191,312,1.00
192,312,1.00
188,313,0.29
189,313,0.86
190,313,1.00
191,313,1.00
192,313,1.00
193,313,1.00
189,314,1.00
190,314,1.00
191,314,1.00
192,314,1.00
193,314,1.00
194,314,1.00
190,315,1.00
191,315,1.00
192,315,1.00
193,315,1.00
194,315,1.00
195,315,1.00
191,316,1.00
192,316,1.00
193,316,1.00
194,316,1.00
195,316,1.00
196,316,1.00
192,317,1.00
193,317,1.00
194,317,1.00
195,317,1.00
196,317,1.00
193,318,1.00
194,318,1.00
195,318,1.00
194,319,1.00
188,315,0.86
189,315,1.00
199,315,1.00
200,315,0.86
189,316,0.86
190,316,1.00
198,316,1.00
199,316,0.86
190,317,0.86
191,317,1.00
197,317,1.00
198,317,0.86
191,318,0.86
192,318,1.00
196,318,1.00
197,318,0.86
192,319,0.86
193,319,1.00
195,319,1.00
196,319,0.86
193,320,0.86
194,320,1.00
195,320,0.86
194,321,0.86
190,310,0.29
189,311,0.29
188,312,0.29
200,300,1.00
193,301,0.29
199,301,1.00
200,301,1.00
192,302,0.29
193,302,0.57
194,302,0.86
198,302,1.00
199,302,1.00
191,303,0.29
192,303,0.57
193,303,0.86
194,303,1.00
195,303,1.00
197,303,1.00
198,303,1.00
192,304,0.29
193,304,0.57
194,304,0.86
193,305,0.29
201,291,0.86
200,292,0.86
201,292,0.86
202,292,0.86
199,293,0.86
200,293,1.00
201,293,0.86
202,293,0.86
203,293,0.86
200,294,1.00
201,294,1.00
202,294,0.86
201,295,1.00
201,299,0.86
201,300,0.57
202,300,0.29
204,283,0.86
203,284,0.86
204,284,1.00
205,284,1.00
202,285,0.86
203,285,1.00
204,285,1.00
205,285,1.00
206,285,1.00
201,286,0.29
202,286,0.86
203,286,1.00
204,286,1.00
205,286,1.00
206,286,1.00
207,286,1.00
201,287,0.57
202,287,0.86
203,287,1.00
204,287,1.00
205,287,1.00
206,287,1.00
207,287,1.00
208,287,1.00
202,288,1.00
203,288,1.00
204,288,1.00
205,288,1.00
206,288,1.00
207,288,1.00
208,288,1.00
209,288,0.86
203,289,1.00
204,289,1.00
205,289,1.00
206,289,1.00
207,289,1.00
208,289,1.00
209,289,0.86
210,289,0.29
202,290,1.00
203,290,1.00
204,290,1.00
205,290,1.00
206,290,1.00
207,290,1.00
208,290,0.86
209,290,0.29
202,291,0.86
203,291,1.00
204,291,1.00
205,291,1.00
207,291,0.86
208,291,0.29
203,292,0.86
204,292,1.00
205,281,0.29
206,281,0.57
204,282,0.29
205,282,0.57
206,282,0.86
207,282,1.00
203,283,0.29
205,283,0.86
206,283,1.00
207,283,1.00
208,283,1.00
202,284,0.29
206,284,1.00
207,284,1.00
208,284,1.00
209,284,1.00
201,285,0.29
207,285,1.00
208,285,1.00
209,285,1.00
210,285,1.00
208,286,1.00
209,286,1.00
210,286,0.86
211,286,0.57
209,287,0.86
210,287,0.57
211,287,0.29
210,288,0.29
211,273,0.86
210,274,0.86
211,274,1.00
209,275,0.86
210,275,1.00
208,276,0.29
209,276,0.86
207,277,0.29
208,277,0.57
206,278,0.29
207,278,0.57
205,279,0.29
206,279,0.57
214,269,0.57
213,270,0.57
214,270,1.00
215,270,1.00
212,271,0.29
213,271,0.57
214,271,1.00
215,271,1.00
216,271,1.00
211,272,0.29
212,272,0.57
213,272,0.86
214,272,1.00
215,272,1.00
216,272,1.00
217,272,1.00
210,273,0.29
212,273,0.86
213,273,1.00
214,273,1.00
215,273,1.00
216,273,1.00
217,273,1.00
218,273,1.00
209,274,0.29
213,274,1.00
214,274,1.00
215,274,1.00
216,274,1.00
217,274,1.00
218,274,1.00
219,274,1.00
208,275,0.29
214,275,1.00
215,275,1.00
216,275,1.00
217,275,1.00
218,275,1.00
219,275,1.00
220,275,0.57
215,276,1.00
216,276,1.00
217,276,0.86
218,276,0.57
219,276,0.57
216,277,0.86
217,277,0.57
218,277,0.29
217,278,0.29
220,265,1.00
219,266,1.00
220,266,1.00
221,266,1.00
216,267,0.29
218,267,1.00
219,267,1.00
220,267,1.00
221,267,1.00
222,267,1.00
215,268,0.29
216,268,0.57
217,268,0.86
218,268,1.00
219,268,1.00
220,268,1.00
221,268,1.00
222,268,1.00
223,268,1.00
215,269,0.57
216,269,0.86
217,269,1.00
218,269,1.00
219,269,1.00
220,269,1.00
221,269,1.00
222,269,1.00
223,269,1.00
224,269,1.00
216,270,1.00
217,270,1.00
218,270,1.00
219,270,1.00
220,270,1.00
221,270,1.00
222,270,1.00
223,270,1.00
224,270,1.00
225,270,0.57
217,271,1.00
218,271,1.00
219,271,1.00
220,271,1.00
221,271,1.00
222,271,1.00
223,271,1.00
224,271,0.57
218,272,1.00
219,272,1.00
220,272,1.00
221,272,0.86
222,272,0.57
223,272,0.57
219,273,1.00
220,273,0.86
221,273,0.57
222,273,0.29
220,274,0.57
221,274,0.29
223,260,0.29
224,261,0.29
223,262,0.86
224,262,0.86
225,262,0.86
222,263,0.86
223,263,1.00
224,263,1.00
225,263,1.00
226,263,1.00
221,264,0.86
222,264,1.00
223,264,1.00
224,264,1.00
225,264,1.00
226,264,1.00
227,264,1.00
221,265,1.00
222,265,1.00
223,265,1.00
224,265,1.00
225,265,1.00
226,265,1.00
227,265,1.00
228,265,1.00
222,266,1.00
223,266,1.00
224,266,1.00
225,266,1.00
226,266,1.00
227,266,1.00
228,266,1.00
229,266,1.00
223,267,1.00
224,267,1.00
225,267,1.00
226,267,0.86
227,267,0.86
228,267,0.86
224,268,1.00
225,268,0.86
226,268,0.57
227,268,0.29
225,269,0.57
226,269,0.29
229,257,0.29
228,258,0.29
229,258,0.86
230,258,0.86
227,259,0.29
228,259,0.86
229,259,1.00
230,259,1.00
231,259,1.00
226,260,0.29
227,260,0.86
228,260,1.00
229,260,1.00
230,260,1.00
231,260,1.00
232,260,1.00
225,261,0.29
226,261,0.57
227,261,0.86
228,261,1.00
229,261,1.00
230,261,1.00
231,261,1.00
232,261,1.00
233,261,1.00
226,262,0.86
227,262,1.00
228,262,1.00
229,262,1.00
230,262,1.00
231,262,1.00
232,262,1.00
233,262,1.00
234,262,1.00
227,263,1.00
228,263,1.00
229,263,1.00
230,263,1.00
231,263,1.00
232,263,1.00
233,263,1.00
234,263,1.00
235,263,1.00
228,264,1.00
229,264,1.00
230,264,1.00
231,264,1.00
232,264,1.00
233,264,1.00
234,264,1.00
229,265,1.00
230,265,1.00
231,265,0.86
232,265,0.86
233,265,0.86
230,266,0.86
231,266,0.57
232,266,0.29
229,267,0.86
230,267,0.57
231,267,0.29
228,268,0.29
229,268,0.57
230,268,0.29
229,269,0.29
233,254,0.29
232,255,0.29
233,255,0.57
234,255,0.29
231,256,0.29
232,256,0.57
233,256,0.86
234,256,0.86
235,256,0.86
230,257,0.29
231,257,0.57
232,257,0.86
233,257,1.00
234,257,1.00
235,257,1.00
236,257,1.00
231,258,0.86
232,258,1.00
233,258,1.00
234,258,1.00
235,258,1.00
236,258,1.00
237,258,1.00
232,259,1.00
233,259,1.00
234,259,1.00
235,259,1.00
236,259,1.00
237,259,1.00
238,259,1.00
233,260,1.00
234,260,1.00
235,260,1.00
236,260,1.00
237,260,1.00
238,260,1.00
239,260,1.00
234,261,1.00
235,261,1.00
236,261,1.00
237,261,1.00
238,261,1.00
235,262,1.00
236,262,1.00
237,262,1.00
236,263,1.00
235,264,0.86
234,265,0.29
233,266,0.29
236,254,0.29
235,255,0.29
236,255,0.57
237,255,0.29
236,256,0.86
237,256,0.86
238,256,0.86
237,257,1.00
238,257,1.00
239,257,1.00
238,258,1.00
239,258,1.00
240,258,1.00
239,259,1.00
240,259,1.00
241,259,1.00
240,260,1.00
241,260,1.00
242,260,1.00
239,261,1.00
240,261,1.00
241,261,1.00
238,262,1.00
239,262,1.00
240,262,1.00
237,263,1.00
238,263,1.00
239,263,1.00
236,264,0.86
237,264,0.86
238,264,0.86
235,265,0.29
236,265,0.57
237,265,0.29
236,266,0.29
239,254,0.29
238,255,0.29
239,255,0.57
240,255,0.29
239,256,0.86
240,256,0.57
241,256,0.29
240,257,0.86
241,257,0.57
242,257,0.29
241,258,0.86
242,258,0.86
243,258,0.86
242,259,1.00
243,259,1.00
244,259,1.00
243,260,1.00
244,260,1.00
245,260,1.00
242,261,1.00
243,261,1.00
244,261,1.00
241,262,1.00
242,262,1.00
243,262,1.00
240,263,1.00
241,263,1.00
242,263,1.00
239,264,0.86
240,264,0.86
241,264,0.86
238,265,0.29
239,265,0.57
240,265,0.29
239,266,0.29
244,256,0.29
243,257,0.29
244,257,0.57
245,257,0.57
244,258,1.00
245,258,1.00
246,258,1.00
245,259,1.00
246,259,1.00
247,259,1.00
246,260,1.00
247,260,1.00
248,260,1.00
245,261,1.00
246,261,1.00
247,261,1.00
248,261,1.00
249,261,1.00
244,262,1.00
245,262,1.00
246,262,1.00
247,262,1.00
248,262,1.00
249,262,1.00
250,262,1.00
243,263,1.00
244,263,1.00
245,263,1.00
246,263,1.00
247,263,1.00
248,263,1.00
249,263,1.00
242,264,1.00
243,264,1.00
244,264,1.00
245,264,1.00
246,264,1.00
247,264,1.00
248,264,1.00
241,265,0.29
242,265,0.57
243,265,1.00
244,265,1.00
245,265,1.00
246,265,1.00
247,265,1.00
242,266,0.29
243,266,0.57
244,266,1.00
245,266,1.00
246,266,1.00
243,267,0.29
244,267,0.57
245,267,0.57
244,268,0.29
246,256,0.29
246,257,0.57
247,257,0.29
247,258,0.86
248,258,0.86
248,259,1.00
249,259,1.00
249,260,1.00
250,260,1.00
250,261,1.00
251,261,1.00
251,262,1.00
252,262,1.00
250,263,1.00
251,263,1.00
249,264,1.00
250,264,1.00
248,265,1.00
249,265,1.00
247,266,0.86
248,266,0.86
246,267,0.57
247,267,0.29
246,268,0.29
249,256,0.29
248,257,0.29
249,257,0.57
250,257,0.57
249,258,1.00
250,258,1.00
251,258,1.00
250,259,1.00
251,259,1.00
252,259,1.00
251,260,1.00
252,260,1.00
253,260,1.00
252,261,1.00
253,261,1.00
254,261,1.00
253,262,1.00
254,262,1.00
255,262,1.00
252,263,1.00
253,263,1.00
254,263,1.00
251,264,1.00
252,264,1.00
253,264,1.00
250,265,1.00
251,265,1.00
252,265,1.00
249,266,1.00
250,266,1.00
251,266,1.00
248,267,0.29
249,267,0.57
250,267,0.57
249,268,0.29
251,256,0.29
251,257,0.57
252,257,0.29
252,258,0.86
253,258,0.86
253,259,1.00
254,259,0.86
254,260,1.00
255,260,1.00
255,261,1.00
256,261,1.00
256,262,1.00
257,262,1.00
255,263,1.00
256,263,1.00
254,264,1.00
255,264,1.00
253,265,1.00
254,265,1.00
252,266,1.00
253,266,1.00
251,267,1.00
252,267,1.00
251,268,0.29
253,257,0.29
254,258,0.29
255,259,0.57
256,260,0.86
257,261,1.00
258,262,1.00
257,263,1.00
258,263,1.00
259,263,1.00
256,264,1.00
257,264,1.00
258,264,1.00
255,265,1.00
256,265,1.00
257,265,1.00
254,266,1.00
255,266,1.00
256,266,1.00
253,267,1.00
254,267,1.00
255,267,1.00
252,268,0.57
253,268,1.00
254,268,1.00
253,269,0.57
259,264,1.00
260,264,1.00
258,265,1.00
259,265,1.00
260,265,1.00
261,265,1.00
257,266,1.00
258,266,1.00
259,266,1.00
260,266,1.00
256,267,1.00
257,267,1.00
258,267,1.00
259,267,1.00
255,268,1.00
256,268,1.00
257,268,1.00
258,268,1.00
254,269,0.86
255,269,1.00
256,269,1.00
257,269,1.00
254,270,0.29
255,270,0.86
256,270,1.00
255,271,0.29
257,259,0.29
257,260,0.86
258,260,0.29
258,261,1.00
259,261,1.00
259,262,1.00
260,262,1.00
260,263,1.00
261,263,1.00
261,264,1.00
262,264,1.00
262,265,1.00
263,265,1.00
261,266,1.00
262,266,1.00
260,267,1.00
261,267,1.00
259,268,1.00
260,268,1.00
258,269,1.00
259,269,1.00
257,270,1.00
258,270,1.00
257,271,0.86
263,266,1.00
262,267,1.00
261,268,1.00
260,269,1.00
259,270,1.00
256,271,0.29
258,271,0.86
257,272,0.29
260,261,1.00
261,262,1.00
262,263,1.00
263,264,1.00
264,265,1.00
264,266,1.00
265,266,1.00
263,267,1.00
264,267,1.00
265,267,1.00
266,267,1.00
262,268,1.00
263,268,1.00
264,268,1.00
265,268,1.00
261,269,1.00
262,269,1.00
263,269,1.00
264,269,1.00
260,270,1.00
261,270,1.00
262,270,1.00
263,270,1.00
259,271,1.00
260,271,1.00
261,271,1.00
262,271,1.00
259,272,0.57
260,272,1.00
261,272,1.00
260,273,0.57
266,268,1.00
267,268,1.00
265,269,1.00
266,269,1.00
264,270,1.00
265,270,1.00
263,271,1.00
264,271,1.00
262,272,1.00
263,272,1.00
261,273,0.86
262,273,1.00
261,274,0.29
263,263,1.00
264,264,1.00
265,265,1.00
266,266,1.00
267,267,1.00
268,268,1.00
267,269,1.00
268,269,1.00
269,269,1.00
266,270,1.00
267,270,1.00
268,270,1.00
265,271,1.00
266,271,1.00
267,271,1.00
264,272,1.00
265,272,1.00
266,272,1.00
263,273,1.00
264,273,1.00
265,273,0.86
262,274,0.29
263,274,0.86
264,274,0.86
263,275,0.29
264,263,1.00
265,264,1.00
266,265,1.00
267,266,0.29
268,267,0.86
269,268,1.00
270,269,1.00
269,270,1.00
268,271,1.00
267,272,0.86
266,273,0.29
265,274,0.29
264,275,0.29
270,264,0.29
269,265,0.29
270,265,0.57
271,265,0.29
268,266,0.29
269,266,0.57
270,266,0.86
271,266,0.57
272,266,0.29
269,267,0.86
270,267,1.00
271,267,0.86
272,267,0.57
273,267,0.57
270,268,1.00
271,268,1.00
272,268,1.00
273,268,1.00
274,268,1.00
271,269,1.00
272,269,1.00
273,269,1.00
274,269,1.00
275,269,1.00
270,270,1.00
271,270,1.00
272,270,1.00
273,270,1.00
274,270,1.00
275,270,1.00
276,270,1.00
269,271,1.00
270,271,1.00
271,271,1.00
272,271,1.00
273,271,1.00
274,271,1.00
275,271,1.00
268,272,1.00
269,272,1.00
270,272,1.00
271,272,1.00
272,272,1.00
273,272,1.00
274,272,1.00
267,273,0.29
268,273,0.57
269,273,1.00
270,273,1.00
271,273,1.00
272,273,1.00
273,273,1.00
268,274,0.29
269,274,0.57
270,274,1.00
271,274,1.00
272,274,1.00
269,275,0.29
270,275,0.57
271,275,0.86
270,276,0.29
274,266,0.29
274,267,0.57
275,267,0.57
275,268,1.00
276,268,1.00
276,269,1.00
277,269,1.00
277,270,1.00
278,270,1.00
276,271,1.00
277,271,1.00
278,271,1.00
279,271,1.00
275,272,1.00
276,272,1.00
277,272,1.00
278,272,1.00
279,272,1.00
280,272,1.00
274,273,1.00
275,273,1.00
276,273,1.00
277,273,1.00
278,273,1.00
279,273,1.00
273,274,1.00
274,274,1.00
275,274,1.00
276,274,1.00
277,274,1.00
278,274,1.00
272,275,1.00
273,275,1.00
274,275,1.00
275,275,1.00
276,275,1.00
277,275,1.00
272,276,0.57
273,276,1.00
274,276,1.00
275,276,1.00
276,276,1.00
273,277,0.57
274,277,1.00
275,277,1.00
274,278,0.57
280,273,1.00
281,273,1.00
279,274,1.00
280,274,1.00
278,275,1.00
279,275,1.00
277,276,1.00
278,276,1.00
276,277,1.00
277,277,1.00
275,278,0.86
276,278,0.86
275,279,0.29
276,267,0.29
277,268,0.29
278,269,0.86
279,270,1.00
280,271,1.00
281,272,1.00
282,273,1.00
281,274,1.00
280,275,1.00
279,276,1.00
278,277,0.86
277,278,0.29
276,279,0.29
279,267,0.29
278,268,0.29
279,268,0.57
280,268,0.29
279,269,0.86
280,269,0.86
281,269,1.00
280,270,1.00
281,270,1.00
282,270,1.00
281,271,1.00
282,271,1.00
283,271,1.00
282,272,1.00
283,272,1.00
284,272,1.00
283,273,1.00
284,273,1.00
285,273,1.00
282,274,1.00
283,274,1.00
284,274,1.00
281,275,1.00
282,275,1.00
283,275,1.00
280,276,1.00
281,276,1.00
282,276,1.00
279,277,0.86
280,277,0.86
281,277,1.00
278,278,0.29
279,278,0.57
280,278,0.29
279,279,0.29
282,267,0.29
281,268,0.29
282,268,0.86
283,268,0.86
282,269,1.00
283,269,1.00
284,269,0.86
283,270,1.00
284,270,1.00
285,270,1.00
284,271,1.00
285,271,1.00
286,271,1.00
285,272,1.00
286,272,1.00
287,272,1.00
286,273,1.00
287,273,1.00
288,273,1.00
285,274,1.00
286,274,1.00
287,274,1.00
284,275,1.00
285,275,1.00
286,275,1.00
283,276,1.00
284,276,1.00
285,276,1.00
282,277,1.00
283,277,1.00
284,277,0.86
281,278,0.29
282,278,0.86
283,278,0.86
282,279,0.29
283,267,0.29
284,268,0.29
285,269,0.57
286,270,1.00
287,271,1.00
288,272,1.00
289,273,1.00
288,274,1.00
287,275,1.00
286,276,1.00
285,277,0.57
284,278,0.29
283,279,0.29
287,267,0.29
286,268,0.29
287,268,0.86
288,268,0.86
286,269,0.86
287,269,1.00
288,269,1.00
289,269,1.00
287,270,1.00
288,270,1.00
289,270,1.00
290,270,1.00
288,271,1.00
289,271,1.00
290,271,1.00
291,271,1.00
289,272,1.00
290,272,1.00
291,272,1.00
292,272,1.00
290,273,1.00
291,273,1.00
292,273,1.00
293,273,1.00
289,274,1.00
290,274,1.00
291,274,1.00
292,274,1.00
288,275,1.00
289,275,1.00
290,275,1.00
291,275,0.86
287,276,1.00
288,276,0.86
289,276,0.86
290,276,0.86
286,277,0.57
287,277,0.86
288,277,0.57
289,277,0.29
286,278,0.29
287,278,0.57
288,278,0.29
287,279,0.29
290,265,0.29
289,266,0.29
290,266,0.86
291,266,1.00
288,267,0.29
289,267,0.86
290,267,1.00
291,267,1.00
292,267,1.00
289,268,1.00
290,268,1.00
291,268,1.00
292,268,1.00
293,268,1.00
290,269,1.00
291,269,1.00
292,269,1.00
293,269,1.00
294,269,1.00
291,270,1.00
292,270,1.00
293,270,1.00
294,270,1.00
295,270,1.00
292,271,1.00
293,271,1.00
294,271,1.00
295,271,1.00
296,271,1.00
293,272,1.00
294,272,1.00
295,272,1.00
294,273,1.00
293,274,1.00
292,275,0.57
291,276,0.29
290,277,0.29
293,264,1.00
292,265,1.00
293,265,1.00
294,265,1.00
292,266,1.00
293,266,1.00
294,266,1.00
295,266,1.00
293,267,1.00
294,267,1.00
295,267,1.00
296,267,1.00
294,268,1.00
295,268,1.00
296,268,1.00
297,268,1.00
295,269,1.00
296,269,1.00
297,269,1.00
298,269,1.00
296,270,1.00
297,270,1.00
298,270,1.00
299,270,0.57
297,271,1.00
298,271,0.57
296,272,1.00
297,272,0.57
295,273,1.00
296,273,0.57
294,274,0.57
295,274,0.57
293,275,0.57
294,275,0.29
293,276,0.29
295,262,1.00
294,263,1.00
295,263,1.00
296,263,1.00
294,264,1.00
295,264,1.00
296,264,1.00
297,264,1.00
295,265,1.00
296,265,1.00
297,265,1.00
298,265,1.00
296,266,1.00
297,266,1.00
298,266,1.00
299,266,1.00
297,267,1.00
298,267,1.00
299,267,1.00
300,267,1.00
298,268,1.00
299,268,1.00
300,268,1.00
301,268,0.86
299,269,1.00
300,269,0.29
295,261,0.57
294,262,0.57
296,262,1.00
293,263,0.57
297,263,1.00
292,264,0.57
298,264,1.00
291,265,0.57
299,265,1.00
300,266,1.00
301,267,1.00
297,259,0.29
296,260,0.29
297,260,0.57
298,260,0.57
296,261,0.57
297,261,1.00
298,261,1.00
299,261,1.00
297,262,1.00
298,262,1.00
299,262,1.00
300,262,1.00
298,263,1.00
299,263,1.00
300,263,1.00
301,263,1.00
299,264,1.00
300,264,1.00
301,264,1.00
302,264,1.00
300,265,1.00
301,265,1.00
302,265,1.00
303,265,1.00
301,266,1.00
302,266,1.00
301,257,0.29
300,258,0.29
301,258,0.86
302,258,0.86
299,259,0.29
300,259,0.86
301,259,1.00
302,259,1.00
303,259,1.00
299,260,0.86
300,260,1.00
301,260,1.00
302,260,1.00
303,260,1.00
304,260,1.00
300,261,1.00
301,261,1.00
302,261,1.00
303,261,1.00
304,261,1.00
305,261,1.00
301,262,1.00
302,262,1.00
303,262,1.00
304,262,1.00
305,262,1.00
306,262,1.00
302,263,1.00
303,263,1.00
304,263,1.00
305,263,1.00
306,263,1.00
307,263,1.00
303,264,1.00
304,264,1.00
305,264,1.00
306,264,1.00
304,265,1.00
305,265,1.00
303,266,1.00
304,266,0.86
302,267,0.86
303,267,0.86
302,268,0.29
301,269,0.29
303,256,0.29
302,257,0.29
303,257,0.57
304,257,0.57
303,258,1.00
304,258,1.00
305,258,1.00
304,259,1.00
305,259,1.00
306,259,1.00
305,260,1.00
306,260,1.00
307,260,1.00
306,261,1.00
307,261,1.00
308,261,1.00
307,262,1.00
308,262,1.00
309,262,1.00
308,263,1.00
307,264,1.00
306,265,1.00
305,266,0.57
304,267,0.29
303,268,0.29
306,255,0.29
305,256,0.29
306,256,0.57
307,256,0.57
305,257,0.57
306,257,1.00
307,257,1.00
308,257,1.00
306,258,1.00
307,258,1.00
308,258,1.00
309,258,1.00
307,259,1.00
308,259,1.00
309,259,1.00
310,259,1.00
308,260,1.00
309,260,1.00
310,260,1.00
311,260,1.00
309,261,1.00
310,261,1.00
311,261,1.00
312,261,1.00
310,262,1.00
311,262,1.00
309,263,1.00
310,263,1.00
308,264,0.57
309,264,0.57
307,265,0.57
308,265,0.29
306,266,0.57
307,266,0.29
306,267,0.29
310,253,0.29
309,254,0.29
310,254,0.86
311,254,0.86
308,255,0.29
309,255,0.86
310,255,1.00
311,255,1.00
312,255,0.86
308,256,0.86
309,256,1.00
310,256,1.00
311,256,1.00
312,256,1.00
313,256,0.86
309,257,1.00
310,257,1.00
311,257,1.00
312,257,1.00
313,257,1.00
314,257,1.00
310,258,1.00
311,258,1.00
312,258,1.00
313,258,1.00
314,258,1.00
315,258,1.00
311,259,1.00
312,259,1.00
313,259,1.00
314,259,1.00
315,259,1.00
316,259,1.00
312,260,1.00
313,260,1.00
314,260,1.00
315,260,1.00
313,261,1.00
314,261,1.00
312,262,1.00
313,262,0.86
311,263,1.00
312,263,0.86
310,264,0.86
311,264,0.86
310,265,0.29
311,253,0.29
312,254,0.29
313,255,0.57
314,256,0.57
315,257,1.00
316,258,1.00
317,259,1.00
316,260,1.00
315,261,0.86
314,262,0.29
313,263,0.29
312,264,0.29
311,265,0.29
318,253,1.00
317,254,1.00
318,254,1.00
319,254,1.00
316,255,1.00
317,255,1.00
318,255,1.00
319,255,1.00
320,255,1.00
315,256,1.00
316,256,1.00
317,256,1.00
318,256,1.00
319,256,1.00
320,256,1.00
321,256,1.00
316,257,1.00
317,257,1.00
318,257,1.00
319,257,1.00
320,257,1.00
321,257,1.00
322,257,1.00
317,258,1.00
318,258,1.00
319,258,1.00
320,258,1.00
321,258,1.00
322,258,1.00
323,258,1.00
318,259,1.00
319,259,1.00
320,259,1.00
321,259,1.00
322,259,1.00
323,259,1.00
324,259,1.00
317,260,1.00
318,260,1.00
319,260,1.00
320,260,1.00
321,260,1.00
322,260,1.00
323,260,1.00
316,261,0.86
317,261,1.00
318,261,1.00
319,261,1.00
320,261,1.00
321,261,1.00
322,261,1.00
315,262,0.29
316,262,0.57
317,262,0.86
318,262,1.00
319,262,0.86
320,262,1.00
321,262,1.00
316,263,0.29
317,263,0.57
318,263,0.86
319,263,0.57
320,263,0.57
317,264,0.29
318,264,0.57
319,264,0.29
318,265,0.29
324,254,1.00
323,255,1.00
324,255,1.00
325,255,1.00
322,256,1.00
323,256,1.00
324,256,1.00
325,256,1.00
326,256,0.86
323,257,1.00
324,257,1.00
325,257,1.00
326,257,1.00
327,257,0.86
324,258,1.00
325,258,1.00
326,258,1.00
327,258,1.00
328,258,0.86
325,259,1.00
326,259,1.00
327,259,1.00
328,259,1.00
329,259,0.86
324,260,1.00
325,260,1.00
326,260,1.00
327,260,1.00
328,260,1.00
329,260,1.00
330,260,0.86
323,261,1.00
324,261,1.00
325,261,1.00
326,261,1.00
327,261,1.00
328,261,1.00
329,261,1.00
322,262,1.00
323,262,1.00
324,262,1.00
325,262,1.00
326,262,1.00
327,262,1.00
328,262,1.00
321,263,1.00
322,263,1.00
323,263,1.00
324,263,1.00
325,263,1.00
326,263,1.00
327,263,1.00
322,264,1.00
323,264,1.00
324,264,1.00
325,264,1.00
326,264,1.00
323,265,1.00
324,265,1.00
325,265,1.00
324,266,1.00
330,261,1.00
331,261,0.57
329,262,1.00
330,262,1.00
328,263,1.00
329,263,1.00
327,264,1.00
328,264,1.00
326,265,1.00
327,265,1.00
325,266,1.00
326,266,1.00
325,267,1.00
331,262,0.29
330,263,1.00
331,263,1.00
332,263,0.29
321,264,1.00
329,264,1.00
330,264,1.00
331,264,1.00
322,265,1.00
328,265,1.00
329,265,1.00
330,265,1.00
323,266,1.00
327,266,1.00
328,266,1.00
329,266,1.00
324,267,1.00
326,267,1.00
327,267,1.00
328,267,1.00
325,268,1.00
326,268,1.00
327,268,1.00
326,269,1.00
320,264,0.57
332,264,0.57
321,265,1.00
331,265,1.00
322,266,1.00
330,266,1.00
323,267,1.00
329,267,1.00
324,268,1.00
328,268,1.00
325,269,1.00
327,269,1.00
326,270,1.00
320,265,0.86
332,265,0.86
321,266,0.86
331,266,0.86
322,267,0.86
330,267,0.86
323,268,0.86
329,268,0.86
324,269,0.86
328,269,0.86
325,270,0.86
327,270,0.86
326,271,0.86
319,249,1.00
318,250,1.00
319,250,1.00
320,250,1.00
317,251,1.00
318,251,1.00
319,251,1.00
320,251,1.00
321,251,1.00
316,252,1.00
317,252,1.00
318,252,1.00
319,252,1.00
320,252,1.00
321,252,1.00
322,252,1.00
315,253,1.00
316,253,1.00
317,253,1.00
319,253,1.00
320,253,1.00
321,253,1.00
322,253,1.00
323,253,1.00
314,254,1.00
315,254,1.00
316,254,1.00
320,254,1.00
321,254,1.00
322,254,1.00
323,254,1.00
314,255,0.86
315,255,1.00
321,255,1.00
322,255,1.00
319,248,1.00
318,249,1.00
320,249,1.00
317,250,1.00
321,250,1.00
316,251,1.00
322,251,1.00
315,252,1.00
323,252,1.00
314,253,0.86
324,253,0.86
313,254,0.29
325,254,0.29
319,247,1.00
318,248,1.00
320,248,1.00
317,249,1.00
321,249,1.00
316,250,1.00
322,250,1.00
315,251,1.00
323,251,1.00
314,252,0.57
324,252,0.57
313,253,0.29
325,253,0.29
319,245,1.00
318,246,1.00
319,246,1.00
320,246,1.00
317,247,1.00
318,247,1.00
320,247,1.00
321,247,1.00
316,248,0.57
317,248,1.00
321,248,1.00
322,248,1.00
315,249,0.29
316,249,0.57
322,249,1.00
323,249,0.57
314,250,0.29
315,250,0.57
323,250,0.57
324,250,0.29
313,251,0.29
314,251,0.57
324,251,0.57
325,251,0.29
320,240,0.29
319,241,0.29
320,241,0.57
321,241,0.57
318,242,0.29
319,242,0.57
320,242,1.00
321,242,1.00
322,242,1.00
317,243,0.29
318,243,0.57
319,243,1.00
320,243,1.00
321,243,1.00
322,243,1.00
323,243,1.00
316,244,0.29
317,244,0.57
318,244,0.86
319,244,1.00
320,244,1.00
321,244,1.00
322,244,1.00
323,244,1.00
324,244,1.00
315,245,0.29
316,245,0.57
317,245,0.86
318,245,1.00
320,245,1.00
321,245,1.00
322,245,1.00
323,245,1.00
324,245,1.00
325,245,1.00
314,246,0.29
315,246,0.57
316,246,0.86
317,246,1.00
321,246,1.00
322,246,1.00
323,246,1.00
324,246,1.00
325,246,1.00
326,246,1.00
315,247,0.29
316,247,0.57
322,247,1.00
323,247,1.00
324,247,1.00
325,247,1.00
323,248,0.57
324,248,0.57
325,237,1.00
324,238,0.57
325,238,1.00
326,238,1.00
323,239,0.57
324,239,1.00
325,239,1.00
326,239,1.00
327,239,1.00
322,240,0.29
323,240,0.57
324,240,1.00
325,240,1.00
326,240,1.00
327,240,1.00
328,240,1.00
322,241,0.57
323,241,0.86
324,241,1.00
325,241,1.00
326,241,1.00
327,241,1.00
328,241,1.00
329,241,1.00
323,242,1.00
324,242,1.00
325,242,1.00
326,242,1.00
327,242,1.00
328,242,1.00
329,242,1.00
330,242,1.00
324,243,1.00
325,243,1.00
326,243,1.00
327,243,1.00
328,243,1.00
329,243,1.00
330,243,1.00
331,243,0.57
325,244,1.00
326,244,1.00
327,244,1.00
328,244,1.00
329,244,1.00
330,244,0.57
326,245,1.00
327,245,0.86
328,245,0.57
329,245,0.57
327,246,0.57
328,246,0.29
326,247,0.57
327,247,0.29
325,248,0.57
326,248,0.29
325,249,0.29
329,233,1.00
328,234,1.00
329,234,1.00
330,234,1.00
327,235,1.00
328,235,1.00
329,235,1.00
330,235,1.00
331,235,1.00
326,236,1.00
327,236,1.00
328,236,1.00
329,236,1.00
330,236,1.00
331,236,1.00
332,236,1.00
326,237,1.00
327,237,1.00
328,237,1.00
329,237,1.00
330,237,1.00
331,237,1.00
332,237,1.00
333,237,1.00
327,238,1.00
328,238,1.00
329,238,1.00
330,238,1.00
331,238,1.00
332,238,1.00
333,238,1.00
334,238,0.86
328,239,1.00
329,239,1.00
330,239,1.00
331,239,1.00
332,239,1.00
333,239,1.00
334,239,0.86
335,239,0.29
329,240,1.00
330,240,1.00
331,240,1.00
332,240,1.00
333,240,0.86
334,240,0.29
330,241,1.00
331,241,1.00
332,241,0.86
333,241,0.29
331,242,0.86
332,242,0.29
330,231,1.00
329,232,1.00
330,232,1.00
331,232,1.00
328,233,1.00
330,233,1.00
331,233,1.00
332,233,1.00
327,234,1.00
331,234,1.00
332,234,1.00
333,234,0.86
326,235,1.00
332,235,1.00
333,235,0.86
334,235,0.29
325,236,1.00
333,236,0.86
334,236,0.57
335,236,0.29
324,237,0.57
334,237,0.86
335,237,0.57
336,237,0.29
335,238,0.29
328,228,0.29
327,229,0.86
328,229,0.86
329,229,0.29
326,230,1.00
327,230,1.00
328,230,1.00
329,230,0.86
330,230,0.29
325,231,1.00
326,231,1.00
327,231,1.00
328,231,1.00
329,231,1.00
331,231,0.29
324,232,1.00
325,232,1.00
326,232,1.00
327,232,1.00
328,232,1.00
332,232,0.29
323,233,1.00
324,233,1.00
325,233,1.00
326,233,1.00
327,233,1.00
333,233,0.29
322,234,0.86
323,234,1.00
324,234,1.00
325,234,1.00
326,234,1.00
334,234,0.29
323,235,0.86
324,235,1.00
325,235,1.00
324,236,0.86
326,227,0.29
325,228,0.29
326,228,0.57
327,228,0.29
324,229,0.29
325,229,0.57
326,229,0.86
323,230,0.29
324,230,0.57
325,230,0.86
322,231,0.29
323,231,0.57
324,231,0.86
321,232,0.57
322,232,0.57
323,232,0.86
320,233,0.57
321,233,0.57
322,233,0.86
321,234,0.29
322,235,0.29
323,236,0.29
315,226,0.29
314,227,0.29
315,227,0.57
316,227,0.29
313,228,0.29
314,228,0.57
315,228,0.86
316,228,0.57
317,228,0.29
312,229,0.29
313,229,0.57
314,229,0.86
315,229,1.00
316,229,0.86
317,229,0.57
318,229,0.29
311,230,0.29
312,230,0.57
313,230,0.86
314,230,1.00
315,230,1.00
316,230,1.00
317,230,0.86
318,230,0.57
319,230,0.29
310,231,0.29
311,231,0.57
312,231,0.86
313,231,1.00
314,231,1.00
315,231,1.00
316,231,1.00
317,231,1.00
318,231,0.86
319,231,0.57
320,231,0.29
309,232,0.29
310,232,0.57
311,232,0.86
312,232,1.00
313,232,1.00
314,232,1.00
315,232,1.00
316,232,1.00
317,232,1.00
318,232,1.00
319,232,0.86
320,232,0.57
310,233,0.29
311,233,0.57
312,233,0.86
313,233,1.00
314,233,1.00
315,233,1.00
316,233,1.00
317,233,1.00
318,233,0.86
319,233,0.57
311,234,0.29
312,234,0.57
313,234,0.86
314,234,1.00
315,234,1.00
316,234,1.00
317,234,0.86
318,234,0.57
319,234,0.29
312,235,0.29
313,235,0.57
314,235,0.86
315,235,1.00
316,235,0.86
317,235,0.57
318,235,0.29
313,236,0.29
314,236,0.57
315,236,0.86
316,236,0.57
317,236,0.29
314,237,0.29
315,237,0.57
316,237,0.29
315,238,0.29
294,239,0.29
293,240,0.29
294,240,0.57
295,240,0.29
292,241,0.29
293,241,0.57
294,241,0.86
295,241,0.57
296,241,0.29
291,242,0.29
292,242,0.57
293,242,0.86
294,242,1.00
295,242,0.86
296,242,0.57
297,242,0.29
290,243,0.29
291,243,0.57
292,243,0.86
293,243,1.00
294,243,1.00
295,243,1.00
296,243,0.86
297,243,0.57
298,243,0.29
289,244,0.29
290,244,0.57
291,244,0.86
292,244,1.00
293,244,1.00
294,244,1.00
295,244,1.00
296,244,1.00
297,244,0.86
298,244,0.57
299,244,0.29
288,245,0.29
289,245,0.57
290,245,0.86
291,245,1.00
292,245,1.00
293,245,1.00
294,245,1.00
295,245,1.00
296,245,1.00
297,245,1.00
298,245,0.86
299,245,0.57
300,245,0.29
289,246,0.29
290,246,0.57
291,246,0.86
292,246,1.00
293,246,1.00
294,246,1.00
295,246,1.00
296,246,1.00
297,246,0.86
298,246,0.57
299,246,0.29
290,247,0.29
291,247,0.57
292,247,0.86
293,247,1.00
294,247,1.00
295,247,1.00
296,247,0.86
297,247,0.57
298,247,0.29
291,248,0.29
292,248,0.57
293,248,0.86
294,248,1.00
295,248,0.86
296,248,0.57
297,248,0.29
292,249,0.29
293,249,0.57
294,249,0.86
295,249,0.57
296,249,0.29
293,250,0.29
294,250,0.57
295,250,0.29
294,251,0.29
273,251,0.29
272,252,0.29
273,252,0.57
274,252,0.29
271,253,0.29
272,253,0.57
273,253,0.86
274,253,0.57
275,253,0.29
270,254,0.29
271,254,0.57
272,254,0.86
273,254,1.00
274,254,0.86
275,254,0.57
276,254,0.29
269,255,0.29
270,255,0.57
271,255,0.86
272,255,1.00
273,255,1.00
274,255,1.00
275,255,0.86
276,255,0.57
277,255,0.29
268,256,0.29
269,256,0.57
270,256,0.86
271,256,1.00
272,256,1.00
273,256,1.00
274,256,1.00
275,256,1.00
276,256,0.86
277,256,0.57
278,256,0.29
267,257,0.57
268,257,0.57
269,257,0.86
270,257,1.00
271,257,1.00
272,257,1.00
273,257,1.00
274,257,1.00
275,257,1.00
276,257,1.00
277,257,0.86
278,257,0.57
279,257,0.29
268,258,0.57
269,258,0.57
270,258,0.86
271,258,1.00
272,258,1.00
273,258,1.00
274,258,1.00
275,258,1.00
276,258,0.86
277,258,0.57
278,258,0.29
269,259,0.57
270,259,0.57
271,259,0.86
272,259,1.00
273,259,1.00
274,259,1.00
275,259,0.86
276,259,0.57
277,259,0.29
270,260,0.57
271,260,0.57
272,260,0.86
273,260,1.00
274,260,0.86
275,260,0.57
276,260,0.29
271,261,0.57
272,261,0.57
273,261,0.86
274,261,0.57
275,261,0.29
272,262,0.29
273,262,0.57
274,262,0.29
273,263,0.29
265,255,0.29
264,256,0.86
265,256,0.86
266,256,0.29
263,257,0.86
264,257,1.00
265,257,1.00
266,257,0.86
262,258,0.86
263,258,1.00
264,258,1.00
265,258,1.00
266,258,1.00
267,258,0.86
261,259,0.86
262,259,1.00
263,259,1.00
264,259,1.00
265,259,1.00
266,259,1.00
267,259,1.00
268,259,0.86
260,260,0.86
261,260,1.00
262,260,1.00
263,260,1.00
264,260,1.00
265,260,1.00
266,260,1.00
267,260,1.00
268,260,1.00
269,260,0.86
261,261,1.00
262,261,1.00
263,261,1.00
264,261,1.00
265,261,1.00
266,261,1.00
267,261,1.00
268,261,1.00
269,261,1.00
270,261,0.86
262,262,1.00
263,262,1.00
264,262,1.00
265,262,1.00
266,262,1.00
267,262,1.00
268,262,1.00
269,262,0.86
270,262,0.29
265,263,1.00
266,263,1.00
267,263,1.00
268,263,0.86
269,263,0.29
266,264,1.00
267,264,0.86
268,264,0.29
267,265,0.29
264,255,0.29
263,256,0.29
262,257,0.29
261,258,0.29
260,259,0.29
259,260,0.29
281,235,0.29
280,236,0.29
281,236,0.57
282,236,0.29
279,237,0.29
280,237,0.57
281,237,0.86
282,237,0.57
283,237,0.29
278,238,0.29
279,238,0.57
280,238,0.86
281,238,1.00
282,238,0.86
283,238,0.57
284,238,0.29
277,239,0.29
278,239,0.57
279,239,0.86
280,239,1.00
281,239,1.00
282,239,1.00
283,239,0.86
284,239,0.57
285,239,0.29
276,240,0.29
277,240,0.57
278,240,0.86
279,240,1.00
280,240,1.00
281,240,1.00
282,240,1.00
283,240,1.00
284,240,0.86
285,240,0.57
286,240,0.29
275,241,0.29
276,241,0.57
277,241,0.86
278,241,1.00
279,241,1.00
280,241,1.00
281,241,1.00
282,241,1.00
283,241,1.00
284,241,1.00
285,241,0.86
286,241,0.57
287,241,0.29
276,242,0.29
277,242,0.57
278,242,0.86
279,242,1.00
280,242,1.00
281,242,1.00
282,242,1.00
283,242,1.00
284,242,0.86
285,242,0.57
286,242,0.29
277,243,0.29
278,243,0.57
279,243,0.86
280,243,1.00
281,243,1.00
282,243,1.00
283,243,0.86
284,243,0.57
285,243,0.29
278,244,0.29
279,244,0.57
280,244,0.86
281,244,1.00
282,244,0.86
283,244,0.57
284,244,0.29
279,245,0.29
280,245,0.57
281,245,0.86
282,245,0.57
283,245,0.29
280,246,0.29
281,246,0.57
282,246,0.29
281,247,0.29
299,218,1.00
298,219,0.57
299,219,1.00
300,219,1.00
297,220,0.29
298,220,0.57
299,220,1.00
300,220,1.00
301,220,1.00
296,221,0.57
297,221,0.57
298,221,0.86
299,221,1.00
300,221,1.00
301,221,1.00
302,221,0.57
295,222,1.00
296,222,1.00
297,222,1.00
298,222,1.00
299,222,1.00
300,222,1.00
301,222,1.00
302,222,0.57
303,222,0.29
294,223,1.00
295,223,1.00
296,223,1.00
297,223,1.00
298,223,1.00
299,223,1.00
300,223,1.00
301,223,1.00
302,223,0.86
303,223,0.57
304,223,0.29
293,224,1.00
294,224,1.00
295,224,1.00
296,224,1.00
297,224,1.00
298,224,1.00
299,224,1.00
300,224,1.00
301,224,1.00
302,224,1.00
303,224,0.86
304,224,0.57
305,224,0.29
294,225,1.00
295,225,1.00
296,225,1.00
297,225,1.00
298,225,1.00
299,225,1.00
300,225,1.00
301,225,1.00
302,225,0.86
303,225,0.57
304,225,0.29
295,226,0.57
296,226,0.57
297,226,0.86
298,226,1.00
299,226,1.00
300,226,1.00
301,226,0.86
302,226,0.57
303,226,0.29
296,227,0.29
297,227,0.57
298,227,0.86
299,227,1.00
300,227,0.86
301,227,0.57
302,227,0.29
297,228,0.29
298,228,0.57
299,228,0.86
300,228,0.57
301,228,0.29
298,229,0.29
299,229,0.57
300,229,0.29
299,230,0.29
285,226,1.00
284,227,1.00
285,227,1.00
286,227,1.00
283,228,1.00
284,228,1.00
285,228,1.00
286,228,1.00
287,228,1.00
282,229,1.00
283,229,1.00
284,229,1.00
285,229,1.00
286,229,1.00
287,229,1.00
288,229,1.00
281,230,1.00
282,230,1.00
283,230,1.00
284,230,1.00
285,230,1.00
286,230,1.00
287,230,1.00
288,230,1.00
289,230,0.86
280,231,1.00
281,231,1.00
282,231,1.00
283,231,1.00
284,231,1.00
285,231,1.00
286,231,1.00
287,231,1.00
288,231,1.00
289,231,0.86
290,231,0.29
279,232,1.00
280,232,1.00
281,232,1.00
282,232,1.00
283,232,1.00
284,232,1.00
285,232,1.00
286,232,1.00
287,232,1.00
288,232,1.00
289,232,0.86
290,232,0.57
291,232,0.29
280,233,1.00
281,233,1.00
282,233,1.00
283,233,1.00
284,233,1.00
285,233,1.00
286,233,1.00
287,233,1.00
288,233,0.86
289,233,0.57
290,233,0.29
281,234,0.57
282,234,0.57
283,234,0.86
284,234,1.00
285,234,1.00
286,234,1.00
287,234,0.86
288,234,0.57
289,234,0.29
282,235,0.29
283,235,0.57
284,235,0.86
285,235,1.00
286,235,0.86
287,235,0.57
288,235,0.29
283,236,0.29
284,236,0.57
285,236,0.86
286,236,0.57
287,236,0.29
284,237,0.29
285,237,0.57
286,237,0.29
285,238,0.29
251,232,0.29
250,233,0.29
251,233,0.57
252,233,0.29
249,234,0.29
250,234,0.57
251,234,0.86
252,234,0.57
253,234,0.29
248,235,0.29
249,235,0.57
250,235,0.86
251,235,1.00
252,235,0.86
253,235,0.57
254,235,0.29
247,236,0.29
248,236,0.57
249,236,0.86
250,236,1.00
251,236,1.00
252,236,1.00
253,236,0.86
254,236,0.57
255,236,0.29
246,237,0.29
247,237,0.57
248,237,0.86
249,237,1.00
250,237,1.00
251,237,1.00
252,237,1.00
253,237,1.00
254,237,0.86
255,237,0.57
256,237,0.29
245,238,0.29
246,238,0.57
247,238,0.86
248,238,1.00
249,238,1.00
250,238,1.00
251,238,1.00
252,238,1.00
253,238,1.00
254,238,1.00
255,238,0.86
256,238,0.57
257,238,0.29
246,239,0.29
247,239,0.57
248,239,0.86
249,239,1.00
250,239,1.00
251,239,1.00
252,239,1.00
253,239,1.00
254,239,0.86
255,239,0.57
256,239,0.29
247,240,0.29
248,240,0.57
249,240,0.86
250,240,1.00
251,240,1.00
252,240,1.00
253,240,0.86
254,240,0.57
255,240,0.29
248,241,0.29
249,241,0.57
250,241,0.86
251,241,1.00
252,241,0.86
253,241,0.57
254,241,0.29
249,242,0.29
250,242,0.57
251,242,0.86
252,242,0.57
253,242,0.29
250,243,0.29
251,243,0.57
252,243,0.29
251,244,0.29
269,220,0.29
268,221,0.29
269,221,0.57
270,221,0.29
267,222,0.29
268,222,0.57
269,222,0.86
270,222,0.57
271,222,0.57
266,223,0.29
267,223,0.57
268,223,0.86
269,223,1.00
270,223,1.00
271,223,1.00
272,223,1.00
265,224,0.29
266,224,0.57
267,224,0.86
268,224,1.00
269,224,1.00
270,224,1.00
271,224,1.00
272,224,1.00
273,224,1.00
264,225,0.29
265,225,0.57
266,225,0.86
267,225,1.00
268,225,1.00
269,225,1.00
270,225,1.00
271,225,1.00
272,225,1.00
273,225,1.00
274,225,1.00
263,226,0.29
264,226,0.57
265,226,0.86
266,226,1.00
267,226,1.00
268,226,1.00
269,226,1.00
270,226,1.00
271,226,1.00
272,226,1.00
273,226,1.00
274,226,1.00
275,226,1.00
264,227,0.29
265,227,0.57
266,227,1.00
267,227,1.00
268,227,1.00
269,227,1.00
270,227,1.00
271,227,1.00
272,227,1.00
273,227,1.00
274,227,1.00
265,228,0.29
266,228,0.57
267,228,1.00
268,228,1.00
269,228,1.00
270,228,1.00
271,228,1.00
272,228,1.00
273,228,1.00
266,229,0.29
267,229,0.57
268,229,1.00
269,229,1.00
270,229,1.00
271,229,1.00
272,229,1.00
267,230,0.29
268,230,0.57
269,230,1.00
270,230,1.00
271,230,1.00
268,231,0.29
269,231,0.57
270,231,0.57
269,232,0.29
301,210,1.00
300,211,1.00
301,211,1.00
302,211,1.00
299,212,1.00
300,212,1.00
301,212,1.00
302,212,1.00
303,212,1.00
298,213,1.00
299,213,1.00
300,213,1.00
301,213,1.00
302,213,1.00
303,213,1.00
304,213,1.00
297,214,0.86
298,214,1.00
299,214,1.00
300,214,1.00
301,214,1.00
302,214,1.00
303,214,1.00
304,214,1.00
305,214,0.86
296,215,0.29
297,215,0.86
298,215,1.00
299,215,1.00
300,215,1.00
301,215,1.00
302,215,1.00
303,215,1.00
304,215,1.00
305,215,0.86
306,215,0.29
295,216,0.29
296,216,0.57
297,216,0.86
298,216,1.00
299,216,1.00
300,216,1.00
301,216,1.00
302,216,1.00
303,216,1.00
304,216,1.00
305,216,0.86
306,216,0.57
307,216,0.29
296,217,0.29
297,217,0.57
298,217,0.86
299,217,1.00
300,217,1.00
301,217,1.00
302,217,1.00
303,217,1.00
304,217,0.86
305,217,0.57
306,217,0.29
297,218,0.29
298,218,0.57
300,218,1.00
301,218,1.00
302,218,1.00
303,218,0.86
304,218,0.57
305,218,0.29
301,219,1.00
302,219,0.86
303,219,0.57
304,219,0.29
302,220,0.57
303,220,0.29
292,217,0.29
291,218,0.29
292,218,0.57
293,218,0.29
290,219,0.29
291,219,0.57
292,219,0.86
293,219,0.57
294,219,0.29
289,220,0.29
290,220,0.57
291,220,0.86
292,220,1.00
293,220,0.86
294,220,0.57
295,220,0.29
288,221,0.86
289,221,0.86
290,221,0.86
291,221,1.00
292,221,1.00
293,221,1.00
294,221,0.86
295,221,0.57
287,222,1.00
288,222,1.00
289,222,1.00
290,222,1.00
291,222,1.00
292,222,1.00
293,222,1.00
294,222,1.00
286,223,1.00
287,223,1.00
288,223,1.00
289,223,1.00
290,223,1.00
291,223,1.00
292,223,1.00
293,223,1.00
287,224,1.00
288,224,1.00
289,224,1.00
290,224,1.00
291,224,1.00
292,224,1.00
288,225,1.00
289,225,1.00
290,225,1.00
291,225,1.00
292,225,1.00
293,225,1.00
289,226,1.00
290,226,1.00
291,226,1.00
292,226,1.00
293,226,1.00
294,226,0.86
290,227,1.00
291,227,1.00
292,227,1.00
293,227,0.86
294,227,0.29
291,228,0.86
292,228,0.86
293,228,0.29
292,229,0.29
288,220,0.29
287,221,0.57
286,222,1.00
285,223,1.00
284,224,1.00
285,224,1.00
286,224,1.00
283,225,1.00
284,225,1.00
285,225,1.00
286,225,1.00
287,225,1.00
282,226,1.00
283,226,1.00
284,226,1.00
286,226,1.00
287,226,1.00
288,226,1.00
283,227,1.00
287,227,1.00
288,227,1.00
289,227,1.00
288,228,1.00
289,228,1.00
290,228,0.86
289,229,0.86
290,229,0.57
291,229,0.29
290,230,0.29
280,223,0.29
279,224,0.57
280,224,0.86
281,224,0.86
278,225,1.00
279,225,1.00
280,225,1.00
281,225,1.00
282,225,1.00
277,226,1.00
278,226,1.00
279,226,1.00
280,226,1.00
281,226,1.00
276,227,1.00
277,227,1.00
278,227,1.00
279,227,1.00
280,227,1.00
281,227,1.00
282,227,1.00
275,228,1.00
276,228,1.00
277,228,1.00
278,228,1.00
279,228,1.00
280,228,1.00
281,228,1.00
282,228,1.00
274,229,1.00
275,229,1.00
276,229,1.00
277,229,1.00
278,229,1.00
279,229,1.00
280,229,1.00
281,229,1.00
275,230,1.00
276,230,1.00
277,230,1.00
278,230,1.00
279,230,1.00
280,230,1.00
276,231,1.00
277,231,1.00
278,231,1.00
279,231,1.00
277,232,0.57
278,232,0.57
278,233,0.29
279,233,0.57
279,234,0.29
280,234,0.57
280,235,0.29
285,219,0.29
284,220,0.29
285,220,0.57
286,220,0.29
283,221,0.29
284,221,0.57
285,221,0.86
286,221,0.57
282,222,0.29
283,222,0.57
284,222,0.86
285,222,1.00
281,223,0.29
282,223,0.57
283,223,0.86
284,223,1.00
282,224,0.86
283,224,1.00
276,221,0.29
275,222,0.29
276,222,0.57
277,222,0.29
274,223,0.57
275,223,0.57
276,223,0.86
277,223,0.57
278,223,0.29
274,224,1.00
275,224,1.00
276,224,1.00
277,224,0.86
278,224,0.57
275,225,1.00
276,225,1.00
277,225,1.00
276,226,1.00
275,227,1.00
274,228,1.00
273,229,1.00
273,230,1.00
274,230,1.00
274,231,0.57
275,231,0.57
275,232,0.29
276,232,0.57
276,233,0.29
272,221,0.29
272,222,0.57
273,222,0.29
273,223,0.57
272,230,1.00
271,231,0.57
272,231,0.86
273,231,0.57
271,232,0.29
272,232,0.57
273,232,0.29
272,233,0.29
301,207,0.29
300,208,0.29
301,208,0.57
302,208,0.29
299,209,0.29
300,209,0.57
301,209,0.86
302,209,0.57
303,209,0.29
298,210,0.29
299,210,0.57
300,210,0.86
302,210,0.86
303,210,0.57
304,210,0.29
297,211,0.29
298,211,0.57
299,211,0.86
303,211,0.86
304,211,0.57
305,211,0.29
296,212,0.29
297,212,0.57
298,212,0.86
304,212,0.86
305,212,0.57
306,212,0.29
295,213,0.29
296,213,0.57
297,213,0.86
305,213,0.86
306,213,0.57
307,213,0.29
296,214,0.29
306,214,0.29
325,200,0.29
324,201,0.29
325,201,0.57
326,201,0.29
323,202,0.29
324,202,0.57
325,202,0.86
326,202,0.57
327,202,0.29
322,203,0.29
323,203,0.57
324,203,0.86
325,203,1.00
326,203,0.86
327,203,0.57
328,203,0.29
321,204,0.29
322,204,0.57
323,204,0.86
324,204,1.00
325,204,1.00
326,204,1.00
327,204,0.86
328,204,0.57
329,204,0.29
320,205,0.29
321,205,0.57
322,205,0.86
323,205,1.00
324,205,1.00
325,205,1.00
326,205,1.00
327,205,1.00
328,205,0.86
329,205,0.57
330,205,0.29
319,206,0.29
320,206,0.57
321,206,0.86
322,206,1.00
323,206,1.00
324,206,1.00
325,206,1.00
326,206,1.00
327,206,1.00
328,206,1.00
329,206,0.86
330,206,0.57
331,206,0.29
320,207,0.29
321,207,0.57
322,207,0.86
323,207,1.00
324,207,1.00
325,207,1.00
326,207,1.00
327,207,1.00
328,207,0.86
329,207,0.57
330,207,0.29
321,208,0.29
322,208,0.57
323,208,0.86
324,208,1.00
325,208,1.00
326,208,1.00
327,208,0.86
328,208,0.57
329,208,0.29
322,209,0.29
323,209,0.57
324,209,0.86
325,209,1.00
326,209,0.86
327,209,0.57
328,209,0.29
323,210,0.29
324,210,0.57
325,210,0.86
326,210,0.57
327,210,0.29
324,211,0.29
325,211,0.57
326,211,0.29
325,212,0.29
336,196,0.29
335,197,0.29
336,197,0.57
337,197,0.29
334,198,0.29
335,198,0.57
336,198,0.86
337,198,0.86
338,198,0.86
333,199,0.29
334,199,0.57
335,199,0.86
336,199,1.00
337,199,1.00
338,199,1.00
339,199,1.00
332,200,0.29
333,200,0.57
334,200,0.86
335,200,1.00
336,200,1.00
337,200,1.00
338,200,1.00
339,200,1.00
340,200,1.00
331,201,0.29
332,201,0.57
333,201,0.86
334,201,1.00
335,201,1.00
336,201,1.00
337,201,1.00
338,201,1.00
339,201,1.00
340,201,1.00
341,201,1.00
330,202,0.29
331,202,0.57
332,202,0.86
333,202,1.00
334,202,1.00
335,202,1.00
336,202,1.00
337,202,1.00
338,202,1.00
339,202,1.00
340,202,1.00
341,202,1.00
342,202,1.00
331,203,0.29
332,203,0.57
333,203,0.86
334,203,1.00
335,203,1.00
336,203,1.00
337,203,1.00
338,203,1.00
339,203,1.00
340,203,1.00
341,203,1.00
332,204,0.29
333,204,0.57
334,204,0.86
335,204,1.00
336,204,1.00
337,204,1.00
338,204,1.00
339,204,1.00
340,204,1.00
333,205,0.29
334,205,0.57
335,205,0.86
336,205,1.00
337,205,0.86
338,205,0.86
339,205,0.86
334,206,0.29
335,206,0.57
336,206,0.86
337,206,0.57
338,206,0.29
335,207,0.29
336,207,0.57
337,207,0.29
336,208,0.29
340,195,0.29
339,196,0.29
340,196,0.57
341,196,0.29
338,197,0.29
339,197,0.57
340,197,0.86
341,197,0.57
342,197,0.29
339,198,0.86
340,198,1.00
341,198,0.86
342,198,0.57
343,198,0.29
340,199,1.00
341,199,1.00
342,199,0.86
343,199,0.57
344,199,0.29
341,200,1.00
342,200,1.00
343,200,0.86
344,200,0.57
345,200,0.29
342,201,1.00
343,201,1.00
344,201,0.86
345,201,0.57
346,201,0.29
343,202,0.86
344,202,0.57
345,202,0.29
342,203,0.86
343,203,0.57
344,203,0.29
341,204,0.86
342,204,0.57
343,204,0.29
340,205,0.86
341,205,0.57
342,205,0.29
339,206,0.29
340,206,0.57
341,206,0.29
340,207,0.29
359,194,0.29
358,195,0.29
359,195,0.57
360,195,0.29
357,196,0.29
358,196,0.57
359,196,0.86
360,196,0.57
361,196,0.29
356,197,0.29
357,197,0.57
358,197,0.86
359,197,1.00
360,197,0.86
361,197,0.86
362,197,0.86
355,198,0.29
356,198,0.57
357,198,0.86
358,198,1.00
359,198,1.00
360,198,1.00
361,198,1.00
362,198,1.00
363,198,1.00
354,199,0.29
355,199,0.57
356,199,0.86
357,199,1.00
358,199,1.00
359,199,1.00
360,199,1.00
361,199,1.00
362,199,1.00
363,199,1.00
364,199,1.00
353,200,0.29
354,200,0.57
355,200,0.86
356,200,1.00
357,200,1.00
358,200,1.00
359,200,1.00
360,200,1.00
361,200,1.00
362,200,1.00
363,200,1.00
364,200,1.00
365,200,1.00
354,201,0.29
355,201,0.57
356,201,0.86
357,201,1.00
358,201,1.00
359,201,1.00
360,201,1.00
361,201,1.00
362,201,1.00
363,201,1.00
364,201,1.00
355,202,0.29
356,202,0.57
357,202,0.86
358,202,1.00
359,202,1.00
360,202,1.00
361,202,1.00
362,202,1.00
363,202,1.00
356,203,0.29
357,203,0.57
358,203,0.86
359,203,1.00
360,203,0.86
361,203,0.86
362,203,0.86
357,204,0.29
358,204,0.57
359,204,0.86
360,204,0.57
361,204,0.29
358,205,0.29
359,205,0.57
360,205,0.29
359,206,0.29
364,194,0.29
363,195,0.29
364,195,0.57
365,195,0.29
362,196,0.29
363,196,0.57
364,196,0.86
365,196,0.57
366,196,0.29
363,197,0.86
364,197,1.00
365,197,0.86
366,197,1.00
367,197,1.00
364,198,1.00
365,198,1.00
366,198,1.00
367,198,1.00
368,198,1.00
365,199,1.00
366,199,1.00
367,199,1.00
368,199,1.00
369,199,1.00
366,200,1.00
367,200,1.00
368,200,1.00
369,200,1.00
370,200,1.00
365,201,1.00
366,201,1.00
367,201,1.00
368,201,1.00
369,201,1.00
364,202,1.00
365,202,1.00
366,202,1.00
367,202,1.00
368,202,1.00
363,203,0.86
364,203,1.00
365,203,0.86
366,203,1.00
367,203,1.00
362,204,0.29
363,204,0.57
364,204,0.86
365,204,0.57
366,204,0.29
363,205,0.29
364,205,0.57
365,205,0.29
364,206,0.29
369,194,0.57
368,195,0.57
369,195,1.00
370,195,0.57
367,196,0.57
368,196,1.00
369,196,1.00
370,196,1.00
371,196,0.57
368,197,1.00
369,197,1.00
370,197,1.00
371,197,1.00
372,197,0.57
369,198,1.00
370,198,1.00
371,198,1.00
372,198,1.00
373,198,0.57
370,199,1.00
371,199,1.00
372,199,1.00
373,199,1.00
374,199,0.57
371,200,1.00
372,200,1.00
373,200,1.00
374,200,1.00
375,200,0.57
370,201,1.00
371,201,1.00
372,201,1.00
373,201,1.00
374,201,0.57
369,202,1.00
370,202,1.00
371,202,1.00
372,202,1.00
373,202,0.57
368,203,1.00
369,203,1.00
370,203,1.00
371,203,1.00
372,203,0.57
367,204,0.57
368,204,1.00
369,204,1.00
370,204,1.00
371,204,0.57
368,205,0.57
369,205,1.00
370,205,0.57
369,206,0.57

321,212,0.57
320,213,0.57
321,213,1.00
322,213,0.57
319,214,0.57
320,214,1.00
321,214,1.00
322,214,1.00
323,214,0.57
318,215,0.57
319,215,1.00
320,215,1.00
321,215,1.00
322,215,1.00
323,215,1.00
324,215,0.57
317,216,0.57
318,216,1.00
319,216,1.00
320,216,1.00
321,216,1.00
322,216,1.00
323,216,1.00
324,216,1.00
325,216,0.57
316,217,0.57
317,217,1.00
318,217,1.00
319,217,1.00
320,217,1.00
321,217,1.00
322,217,1.00
323,217,1.00
324,217,1.00
325,217,1.00
326,217,0.57
315,218,0.57
316,218,1.00
317,218,1.00
318,218,1.00
319,218,1.00
320,218,1.00
321,218,1.00
322,218,1.00
323,218,1.00
324,218,1.00
325,218,1.00
326,218,1.00
327,218,0.57
316,219,0.57
317,219,1.00
318,219,1.00
319,219,1.00
320,219,1.00
321,219,1.00
322,219,1.00
323,219,1.00
324,219,1.00
325,219,1.00
326,219,0.57
317,220,0.57
318,220,1.00
319,220,1.00
320,220,1.00
321,220,1.00
322,220,1.00
323,220,1.00
324,220,1.00
325,220,0.57
318,221,0.57
319,221,1.00
320,221,1.00
321,221,1.00
322,221,1.00
323,221,1.00
324,221,0.57
319,222,0.57
320,222,1.00
321,222,1.00
322,222,1.00
323,222,0.57
320,223,0.57
321,223,1.00
322,223,0.57
321,224,0.57
342,212,0.29
341,213,0.29
342,213,0.57
343,213,0.29
340,214,0.29
341,214,0.57
342,214,0.86
343,214,0.86
344,214,0.86
339,215,0.29
340,215,0.57
341,215,0.86
342,215,1.00
343,215,1.00
344,215,1.00
345,215,1.00
338,216,0.29
339,216,0.57
340,216,0.86
341,216,1.00
342,216,1.00
343,216,1.00
344,216,1.00
345,216,1.00
346,216,1.00
337,217,0.29
338,217,0.57
339,217,0.86
340,217,1.00
341,217,1.00
342,217,1.00
343,217,1.00
344,217,1.00
345,217,1.00
346,217,1.00
347,217,1.00
336,218,0.29
337,218,0.57
338,218,0.86
339,218,1.00
340,218,1.00
341,218,1.00
342,218,1.00
343,218,1.00
344,218,1.00
345,218,1.00
346,218,1.00
347,218,1.00
348,218,1.00
337,219,0.29
338,219,0.57
339,219,0.86
340,219,1.00
341,219,1.00
342,219,1.00
343,219,1.00
344,219,1.00
345,219,1.00
346,219,1.00
347,219,1.00
338,220,0.29
339,220,0.57
340,220,0.86
341,220,1.00
342,220,1.00
343,220,1.00
344,220,1.00
345,220,1.00
346,220,1.00
339,221,0.29
340,221,0.57
341,221,0.86
342,221,1.00
343,221,1.00
344,221,1.00
345,221,1.00
340,222,0.29
341,222,0.57
342,222,0.86
343,222,0.86
344,222,0.86
341,223,0.29
342,223,0.57
343,223,0.29
342,224,0.29
345,212,0.29
344,213,0.29
345,213,0.57
346,213,0.29
345,214,0.86
346,214,0.57
347,214,0.29
346,215,0.86
347,215,0.57
348,215,0.29
347,216,0.86
348,216,0.57
349,216,0.29
348,217,0.86
349,217,0.57
350,217,0.57
349,218,1.00
350,218,1.00
351,218,1.00
348,219,0.86
349,219,1.00
350,219,1.00
347,220,0.86
348,220,0.57
349,220,0.29
346,221,0.86
347,221,0.57
348,221,0.29
345,222,0.86
346,222,0.57
347,222,0.29
344,223,0.29
345,223,0.57
346,223,0.29
345,224,0.29
355,212,0.29
354,213,0.29
355,213,1.00
356,213,0.29
353,214,0.29
354,214,1.00
355,214,1.00
356,214,1.00
357,214,0.29
352,215,0.29
353,215,1.00
354,215,1.00
355,215,1.00
356,215,1.00
357,215,1.00
358,215,0.29
351,216,0.29
352,216,1.00
353,216,1.00
354,216,1.00
355,216,1.00
356,216,1.00
357,216,1.00
358,216,1.00
359,216,0.29
351,217,1.00
352,217,1.00
353,217,1.00
354,217,1.00
355,217,1.00
356,217,1.00
357,217,1.00
358,217,1.00
359,217,1.00
360,217,0.29
352,218,1.00
353,218,1.00
354,218,1.00
355,218,1.00
356,218,1.00
357,218,1.00
358,218,1.00
359,218,1.00
360,218,1.00
361,218,0.29
351,219,1.00
352,219,1.00
353,219,1.00
354,219,1.00
355,219,1.00
356,219,1.00
357,219,1.00
358,219,1.00
359,219,1.00
360,219,1.00
351,220,1.00
352,220,1.00
353,220,1.00
354,220,1.00
355,220,1.00
356,220,1.00
357,220,1.00
358,220,1.00
359,220,1.00
352,221,1.00
353,221,1.00
354,221,1.00
355,221,1.00
356,221,1.00
357,221,1.00
358,221,1.00
353,222,1.00
354,222,1.00
355,222,1.00
356,222,1.00
357,222,1.00
354,223,1.00
355,223,1.00
356,223,1.00
355,224,1.00
361,219,0.86
350,220,1.00
360,220,1.00
351,221,1.00
359,221,1.00
352,222,1.00
358,222,1.00
353,223,1.00
357,223,1.00
354,224,1.00
356,224,1.00
355,225,1.00
349,221,0.29
350,221,0.86
360,221,1.00
361,221,0.86
350,222,0.29
351,222,0.86
359,222,1.00
360,222,0.86
351,223,0.29
352,223,0.86
358,223,1.00
359,223,0.86
352,224,0.29
353,224,0.86
357,224,1.00
358,224,0.86
353,225,0.29
354,225,0.86
356,225,1.00
357,225,0.86
354,226,0.29
355,226,0.86
356,226,0.86
355,227,0.29
361,220,0.29
362,221,0.29
361,222,0.29
360,223,0.29
359,224,0.29
358,225,0.29
357,226,0.29
356,227,0.29
366,222,0.57
365,223,0.29
366,223,0.57
367,223,1.00
364,224,0.29
365,224,0.57
366,224,1.00
367,224,1.00
368,224,1.00
363,225,0.29
364,225,0.57
365,225,1.00
366,225,1.00
367,225,1.00
368,225,1.00
369,225,1.00
362,226,0.29
363,226,0.57
364,226,1.00
365,226,1.00
366,226,1.00
367,226,1.00
368,226,1.00
369,226,1.00
370,226,1.00
361,227,0.29
362,227,0.57
363,227,1.00
364,227,1.00
365,227,1.00
366,227,1.00
367,227,1.00
368,227,1.00
369,227,1.00
370,227,1.00
371,227,1.00
360,228,0.29
361,228,0.57
362,228,1.00
363,228,1.00
364,228,1.00
365,228,1.00
366,228,1.00
367,228,1.00
368,228,1.00
369,228,1.00
370,228,1.00
371,228,1.00
372,228,1.00
361,229,0.86
362,229,1.00
363,229,1.00
364,229,1.00
365,229,1.00
366,229,1.00
367,229,1.00
368,229,1.00
369,229,1.00
370,229,1.00
371,229,1.00
362,230,0.86
363,230,1.00
364,230,1.00
365,230,1.00
366,230,1.00
367,230,1.00
368,230,1.00
369,230,1.00
370,230,1.00
363,231,1.00
364,231,1.00
365,231,1.00
366,231,1.00
367,231,1.00
368,231,1.00
369,231,1.00
364,232,1.00
365,232,1.00
366,232,1.00
367,232,1.00
368,232,1.00
365,233,1.00
366,233,1.00
367,233,1.00
366,234,1.00
372,229,1.00
373,229,0.57
371,230,1.00
372,230,1.00
370,231,1.00
371,231,1.00
369,232,1.00
370,232,1.00
368,233,1.00
369,233,1.00
367,234,1.00
368,234,1.00
367,235,1.00
373,230,0.29
362,231,0.29
372,231,1.00
373,231,0.86
374,231,0.29
363,232,0.86
371,232,1.00
372,232,1.00
373,232,0.86
364,233,0.86
370,233,1.00
371,233,1.00
372,233,0.86
365,234,1.00
369,234,1.00
370,234,1.00
371,234,1.00
366,235,1.00
368,235,1.00
369,235,1.00
370,235,1.00
367,236,1.00
368,236,1.00
369,236,1.00
368,237,1.00
364,234,0.57
372,234,0.57
363,235,0.29
364,235,0.57
365,235,1.00
371,235,1.00
372,235,0.57
373,235,0.29
362,236,0.29
363,236,0.57
364,236,1.00
365,236,1.00
366,236,1.00
370,236,1.00
371,236,1.00
372,236,1.00
373,236,0.57
374,236,0.29
363,237,0.86
364,237,1.00
365,237,1.00
366,237,1.00
367,237,1.00
369,237,1.00
370,237,1.00
371,237,1.00
372,237,1.00
373,237,0.86
364,238,1.00
365,238,1.00
366,238,1.00
367,238,1.00
368,238,1.00
369,238,1.00
370,238,1.00
371,238,1.00
372,238,1.00
365,239,1.00
366,239,1.00
367,239,1.00
368,239,1.00
369,239,1.00
370,239,1.00
371,239,1.00
366,240,1.00
367,240,1.00
368,240,1.00
369,240,1.00
370,240,1.00
367,241,1.00
368,241,1.00
369,241,1.00
368,242,1.00
362,238,0.57
363,238,1.00
373,238,1.00
374,238,0.57
363,239,0.57
364,239,1.00
372,239,1.00
373,239,0.57
364,240,0.57
365,240,1.00
371,240,1.00
372,240,0.57
365,241,0.57
366,241,1.00
370,241,1.00
371,241,0.57
366,242,0.57
367,242,1.00
369,242,1.00
370,242,0.57
367,243,0.57
368,243,1.00
369,243,0.57
368,244,0.57
362,232,0.29
374,232,0.29
363,233,0.29
373,233,0.29
372,216,0.29
371,217,0.29
372,217,0.57
373,217,0.29
370,218,0.29
371,218,0.57
372,218,0.86
373,218,0.57
374,218,0.29
369,219,0.29
370,219,0.57
371,219,0.86
372,219,1.00
373,219,0.86
374,219,0.57
375,219,0.29
368,220,0.29
369,220,0.57
370,220,0.86
371,220,1.00
372,220,1.00
373,220,1.00
374,220,0.86
375,220,0.57
376,220,0.29
367,221,0.29
368,221,0.57
369,221,0.86
370,221,1.00
371,221,1.00
372,221,1.00
373,221,1.00
374,221,1.00
375,221,0.86
376,221,0.57
377,221,0.29
367,222,0.57
368,222,0.86
369,222,1.00
370,222,1.00
371,222,1.00
372,222,1.00
373,222,1.00
374,222,1.00
375,222,1.00
376,222,0.86
377,222,0.57
378,222,0.29
368,223,0.57
369,223,0.86
370,223,1.00
371,223,1.00
372,223,1.00
373,223,1.00
374,223,1.00
375,223,0.86
376,223,0.57
377,223,0.29
369,224,0.57
370,224,0.86
371,224,1.00
372,224,1.00
373,224,1.00
374,224,0.86
375,224,0.57
376,224,0.29
370,225,0.57
371,225,0.86
372,225,1.00
373,225,0.86
374,225,0.57
375,225,0.29
371,226,0.57
372,226,0.86
373,226,0.57
374,226,0.29
372,227,0.57
373,227,0.29
381,210,0.29
380,211,0.29
381,211,0.57
382,211,0.29
379,212,0.29
380,212,0.57
381,212,0.86
382,212,0.57
383,212,0.29
378,213,0.29
379,213,0.57
380,213,0.86
381,213,1.00
382,213,0.86
383,213,0.86
384,213,0.86
377,214,0.29
378,214,0.57
379,214,0.86
380,214,1.00
381,214,1.00
382,214,1.00
383,214,0.86
384,214,0.86
385,214,0.86
376,215,0.29
377,215,0.57
378,215,0.86
379,215,1.00
380,215,1.00
381,215,1.00
382,215,1.00
383,215,1.00
384,215,0.86
385,215,0.86
386,215,0.86
375,216,0.29
376,216,0.57
377,216,0.86
378,216,1.00
379,216,1.00
380,216,1.00
381,216,1.00
382,216,1.00
383,216,1.00
384,216,1.00
385,216,0.86
386,216,0.86
387,216,0.86
376,217,0.29
377,217,0.57
378,217,0.86
379,217,1.00
380,217,1.00
381,217,1.00
382,217,1.00
383,217,1.00
384,217,0.86
385,217,0.57
386,217,0.29
377,218,0.29
378,218,0.57
379,218,0.86
380,218,1.00
381,218,1.00
382,218,1.00
383,218,0.86
384,218,0.57
385,218,0.29
378,219,0.29
379,219,0.57
380,219,0.86
381,219,1.00
382,219,0.86
383,219,0.57
384,219,0.29
379,220,0.29
380,220,0.57
381,220,0.86
382,220,0.57
383,220,0.29
380,221,0.29
381,221,0.57
382,221,0.29
381,222,0.29
389,207,0.29
388,208,0.29
389,208,0.57
390,208,0.29
387,209,0.29
388,209,0.57
389,209,0.86
390,209,0.57
391,209,0.29
386,210,0.29
387,210,0.57
388,210,0.86
389,210,1.00
390,210,0.86
391,210,0.57
392,210,0.57
385,211,0.29
386,211,0.57
387,211,0.86
388,211,1.00
389,211,1.00
390,211,1.00
391,211,1.00
392,211,1.00
393,211,1.00
384,212,0.29
385,212,0.57
386,212,0.86
387,212,1.00
388,212,1.00
389,212,1.00
390,212,1.00
391,212,1.00
392,212,1.00
393,212,1.00
394,212,1.00
385,213,0.86
386,213,1.00
387,213,1.00
388,213,1.00
389,213,1.00
390,213,1.00
391,213,1.00
392,213,1.00
393,213,1.00
394,213,1.00
395,213,1.00
386,214,0.86
387,214,1.00
388,214,1.00
389,214,1.00
390,214,1.00
391,214,1.00
392,214,0.86
393,214,0.57
394,214,0.57
387,215,0.86
388,215,1.00
389,215,1.00
390,215,1.00
391,215,0.86
392,215,0.57
393,215,0.29
388,216,0.86
389,216,1.00
390,216,0.86
391,216,0.57
392,216,0.29
387,217,0.29
388,217,0.57
389,217,0.86
390,217,0.57
391,217,0.29
388,218,0.29
389,218,0.57
390,218,0.29
389,219,0.29
397,205,0.29
396,206,0.29
397,206,0.57
398,206,0.29
395,207,0.29
396,207,0.57
397,207,0.86
398,207,0.57
399,207,0.29
394,208,0.29
395,208,0.57
396,208,0.86
397,208,1.00
398,208,0.86
399,208,0.57
400,208,0.29
393,209,0.29
394,209,0.57
395,209,0.86
396,209,1.00
397,209,1.00
398,209,1.00
399,209,0.86
400,209,0.57
401,209,0.29
393,210,0.57
394,210,0.86
395,210,1.00
396,210,1.00
397,210,1.00
398,210,1.00
399,210,1.00
400,210,0.86
401,210,0.86
402,210,1.00
394,211,1.00
395,211,1.00
396,211,1.00
397,211,1.00
398,211,1.00
399,211,1.00
400,211,1.00
401,211,1.00
402,211,1.00
403,211,1.00
395,212,1.00
396,212,1.00
397,212,1.00
398,212,1.00
399,212,1.00
400,212,0.86
401,212,0.86
402,212,1.00
396,213,1.00
397,213,1.00
398,213,1.00
399,213,0.86
400,213,0.57
401,213,0.29
395,214,0.57
396,214,0.86
397,214,1.00
398,214,0.86
399,214,0.57
400,214,0.29
395,215,0.29
396,215,0.57
397,215,0.86
398,215,0.57
399,215,0.29
396,216,0.29
397,216,0.57
398,216,0.29
397,217,0.29
406,205,0.29
405,206,0.29
406,206,0.86
407,206,1.00
404,207,0.29
405,207,0.86
406,207,1.00
407,207,1.00
408,207,1.00
403,208,0.29
404,208,0.86
405,208,1.00
406,208,1.00
407,208,1.00
408,208,1.00
409,208,1.00
402,209,0.29
403,209,0.86
404,209,1.00
405,209,1.00
406,209,1.00
407,209,1.00
408,209,1.00
409,209,1.00
410,209,1.00
403,210,1.00
404,210,1.00
405,210,1.00
406,210,1.00
407,210,1.00
408,210,1.00
409,210,1.00
410,210,1.00
411,210,1.00
404,211,1.00
405,211,1.00
406,211,1.00
407,211,1.00
408,211,1.00
409,211,1.00
410,211,1.00
411,211,1.00
412,211,1.00
403,212,1.00
404,212,1.00
405,212,1.00
406,212,1.00
407,212,1.00
408,212,1.00
409,212,1.00
410,212,1.00
411,212,1.00
402,213,0.29
403,213,0.86
404,213,1.00
405,213,1.00
406,213,1.00
407,213,1.00
408,213,1.00
409,213,1.00
410,213,1.00
403,214,0.29
404,214,0.86
405,214,1.00
406,214,1.00
407,214,1.00
408,214,1.00
409,214,1.00
404,215,0.29
405,215,0.86
406,215,1.00
407,215,1.00
408,215,1.00
405,216,0.29
406,216,0.86
407,216,1.00
406,217,0.29
407,205,0.29
408,206,0.86
409,207,0.86
410,208,0.86
411,209,0.86
412,210,0.86
413,211,1.00
412,212,1.00
411,213,1.00
410,214,1.00
409,215,0.86
408,216,0.86
407,217,0.29
408,205,0.29
409,206,0.29
410,207,0.29
411,208,0.29
412,209,0.29
413,210,0.57
414,211,1.00
413,212,1.00
412,213,1.00
411,214,1.00
410,215,0.57
409,216,0.29
408,217,0.29
415,208,0.29
414,209,0.29
415,209,0.57
416,209,0.29
414,210,0.57
415,210,0.86
416,210,0.57
417,210,0.29
415,211,1.00
416,211,0.86
417,211,0.86
418,211,0.86
414,212,1.00
415,212,1.00
416,212,1.00
417,212,1.00
418,212,1.00
419,212,1.00
413,213,1.00
414,213,1.00
415,213,1.00
416,213,1.00
417,213,1.00
418,213,1.00
419,213,1.00
420,213,1.00
412,214,1.00
413,214,1.00
414,214,1.00
415,214,1.00
416,214,1.00
417,214,1.00
418,214,1.00
419,214,1.00
420,214,1.00
421,214,1.00
411,215,0.57
412,215,0.86
413,215,1.00
414,215,1.00
415,215,1.00
416,215,1.00
417,215,1.00
418,215,1.00
419,215,1.00
420,215,1.00
411,216,0.29
412,216,0.57
413,216,0.86
414,216,1.00
415,216,1.00
416,216,1.00
417,216,1.00
418,216,1.00
419,216,1.00
412,217,0.29
413,217,0.57
414,217,0.86
415,217,1.00
416,217,1.00
417,217,1.00
418,217,1.00
413,218,0.29
414,218,0.57
415,218,0.86
416,218,0.86
417,218,1.00
414,219,0.29
415,219,0.57
416,219,0.29
415,220,0.29
419,209,0.29
418,210,0.29
419,210,0.57
420,210,0.29
419,211,0.86
420,211,0.57
421,211,0.29
420,212,0.86
421,212,1.00
422,212,1.00
421,213,1.00
422,213,1.00
423,213,1.00
422,214,1.00
423,214,1.00
424,214,1.00
421,215,1.00
422,215,1.00
423,215,1.00
424,215,1.00
425,215,1.00
420,216,1.00
421,216,1.00
422,216,1.00
423,216,1.00
424,216,1.00
419,217,1.00
420,217,1.00
421,217,1.00
422,217,1.00
423,217,1.00
418,218,1.00
419,218,1.00
420,218,1.00
421,218,1.00
422,218,1.00
417,219,0.29
418,219,1.00
419,219,1.00
420,219,1.00
421,219,1.00
418,220,0.29
419,220,1.00
420,220,1.00
419,221,0.86
422,211,0.57
423,212,0.57
424,213,0.57
425,214,0.57
426,215,0.57
425,216,1.00
426,216,1.00
427,216,0.57
424,217,1.00
425,217,1.00
426,217,1.00
427,217,1.00
428,217,0.57
423,218,1.00
424,218,1.00
425,218,1.00
426,218,1.00
427,218,0.57
422,219,1.00
423,219,1.00
424,219,1.00
425,219,1.00
426,219,1.00
421,220,1.00
422,220,1.00
423,220,1.00
424,220,1.00
425,220,1.00
420,221,1.00
421,221,1.00
422,221,1.00
423,221,1.00
424,221,1.00
421,222,1.00
422,222,1.00
423,222,1.00
422,223,1.00
427,219,0.57
426,220,1.00
427,220,1.00
428,220,0.57
425,221,1.00
426,221,1.00
427,221,1.00
428,221,1.00
429,221,0.57
418,222,0.57
419,222,1.00
420,222,1.00
424,222,1.00
425,222,1.00
426,222,1.00
427,222,1.00
428,222,1.00
429,222,1.00
430,222,0.57
419,223,0.57
420,223,1.00
421,223,1.00
423,223,1.00
424,223,1.00
425,223,1.00
426,223,1.00
427,223,1.00
428,223,1.00
429,223,0.57
420,224,0.57
421,224,1.00
422,224,1.00
423,224,1.00
424,224,1.00
425,224,1.00
426,224,1.00
427,224,1.00
428,224,0.57
421,225,0.57
422,225,1.00
423,225,1.00
424,225,1.00
425,225,1.00
426,225,1.00
427,225,0.57
422,226,0.57
423,226,1.00
424,226,1.00
425,226,1.00
426,226,0.57
423,227,0.57
424,227,1.00
425,227,0.57
424,228,0.57

684,351,0.57
683,352,0.57
684,352,1.00
685,352,0.57
682,353,0.57
683,353,1.00
684,353,1.00
685,353,1.00
686,353,0.57
681,354,0.57
682,354,1.00
683,354,1.00
684,354,1.00
685,354,1.00
686,354,1.00
687,354,0.57
680,355,0.57
681,355,1.00
682,355,1.00
683,355,1.00
684,355,1.00
685,355,1.00
686,355,1.00
687,355,1.00
688,355,0.57
679,356,0.57
680,356,1.00
681,356,1.00
682,356,1.00
683,356,1.00
684,356,1.00
685,356,1.00
686,356,1.00
687,356,1.00
688,356,1.00
689,356,0.57
678,357,0.57
679,357,1.00
680,357,1.00
681,357,1.00
682,357,1.00
683,357,1.00
684,357,1.00
685,357,1.00
686,357,1.00
687,357,1.00
688,357,1.00
689,357,1.00
690,357,0.57
679,358,0.57
680,358,1.00
681,358,1.00
682,358,1.00
683,358,1.00
684,358,1.00
685,358,1.00
686,358,1.00
687,358,1.00
688,358,1.00
689,358,0.57
680,359,0.57
681,359,1.00
682,359,1.00
683,359,1.00
684,359,1.00
685,359,1.00
686,359,1.00
687,359,1.00
688,359,0.57
681,360,0.57
682,360,1.00
683,360,1.00
684,360,1.00
685,360,1.00
686,360,1.00
687,360,0.57
682,361,0.57
683,361,1.00
684,361,1.00
685,361,1.00
686,361,0.57
683,362,0.57
684,362,1.00
685,362,0.57
684,363,0.57
639,339,1.00
638,340,1.00
639,340,1.00
640,340,1.00
637,341,1.00
638,341,1.00
639,341,1.00
640,341,1.00
641,341,1.00
636,342,1.00
637,342,1.00
638,342,1.00
639,342,1.00
640,342,1.00
641,342,1.00
642,342,1.00
635,343,1.00
636,343,1.00
637,343,1.00
638,343,1.00
639,343,1.00
640,343,1.00
641,343,1.00
642,343,1.00
643,343,0.86
634,344,1.00
635,344,1.00
636,344,1.00
637,344,1.00
638,344,1.00
639,344,1.00
640,344,1.00
641,344,1.00
642,344,1.00
643,344,0.57
644,344,0.29
633,345,0.86
634,345,1.00
635,345,1.00
636,345,1.00
637,345,1.00
638,345,1.00
639,345,1.00
640,345,1.00
641,345,1.00
642,345,1.00
643,345,0.86
644,345,0.57
645,345,0.29
634,346,0.86
635,346,1.00
636,346,1.00
637,346,1.00
638,346,1.00
639,346,1.00
640,346,1.00
641,346,1.00
642,346,0.86
643,346,0.57
644,346,0.29
635,347,0.86
636,347,1.00
637,347,1.00
638,347,1.00
639,347,1.00
640,347,1.00
641,347,0.86
642,347,0.57
643,347,0.29
636,348,0.86
637,348,1.00
638,348,1.00
639,348,1.00
640,348,0.86
641,348,0.57
642,348,0.29
637,349,0.86
638,349,0.57
639,349,0.86
640,349,0.57
641,349,0.29
638,350,0.29
639,350,0.57
640,350,0.29
639,351,0.29
637,337,1.00
636,338,1.00
637,338,1.00
638,338,1.00
635,339,1.00
636,339,1.00
637,339,1.00
638,339,1.00
634,340,1.00
635,340,1.00
636,340,1.00
637,340,1.00
633,341,1.00
634,341,1.00
635,341,1.00
636,341,1.00
632,342,1.00
633,342,1.00
634,342,1.00
635,342,1.00
631,343,0.57
632,343,1.00
633,343,1.00
634,343,1.00
632,344,0.57
633,344,1.00
637,336,0.57
636,337,0.57
638,337,0.57
635,338,0.57
639,338,0.57
634,339,0.57
640,339,0.57
633,340,0.57
641,340,0.57
632,341,0.57
642,341,0.57
631,342,0.57
643,342,0.57

680,346,1.00
679,347,1.00
680,347,1.00
681,347,1.00
678,348,1.00
679,348,1.00
680,348,1.00
681,348,1.00
682,348,1.00
677,349,1.00
678,349,1.00
679,349,1.00
680,349,1.00
681,349,1.00
682,349,1.00
683,349,1.00
676,350,1.00
677,350,1.00
678,350,1.00
679,350,1.00
680,350,1.00
681,350,1.00
682,350,1.00
683,350,1.00
684,350,0.57
675,351,0.57
676,351,1.00
677,351,1.00
678,351,1.00
679,351,1.00
680,351,1.00
681,351,1.00
682,351,1.00
683,351,1.00
684,351,1.00
685,351,0.57
674,352,0.57
675,352,1.00
676,352,1.00
677,352,1.00
678,352,1.00
679,352,1.00
680,352,1.00
681,352,1.00
682,352,1.00
683,352,1.00
684,352,1.00
685,352,1.00
686,352,0.57
675,353,0.57
676,353,1.00
677,353,1.00
678,353,1.00
679,353,1.00
680,353,1.00
681,353,1.00
682,353,1.00
683,353,1.00
684,353,1.00
685,353,0.57
676,354,0.57
677,354,1.00
678,354,1.00
679,354,1.00
680,354,1.00
681,354,1.00
682,354,1.00
683,354,1.00
684,354,0.57
677,355,0.57
678,355,1.00
679,355,1.00
680,355,1.00
681,355,1.00
682,355,1.00
683,355,0.57
678,356,0.57
679,356,1.00
680,356,1.00
681,356,1.00
682,356,0.57
679,357,0.57
680,357,1.00
681,357,0.57
680,358,0.57
651,346,1.00
650,347,0.86
651,347,1.00
652,347,1.00
649,348,1.00
650,348,1.00
651,348,1.00
652,348,1.00
653,348,1.00
648,349,1.00
649,349,1.00
650,349,1.00
651,349,1.00
652,349,1.00
653,349,1.00
654,349,1.00
647,350,1.00
648,350,1.00
649,350,1.00
650,350,1.00
651,350,1.00
652,350,1.00
653,350,1.00
654,350,1.00
655,350,1.00
646,351,1.00
647,351,1.00
648,351,1.00
649,351,1.00
650,351,1.00
651,351,1.00
652,351,1.00
653,351,1.00
654,351,1.00
655,351,1.00
656,351,0.57
645,352,1.00
646,352,1.00
647,352,1.00
648,352,1.00
649,352,1.00
650,352,1.00
651,352,1.00
652,352,1.00
653,352,1.00
654,352,1.00
655,352,1.00
656,352,0.57
657,352,0.29
646,353,1.00
647,353,1.00
648,353,1.00
649,353,1.00
650,353,1.00
651,353,1.00
652,353,1.00
653,353,1.00
654,353,0.86
655,353,0.57
656,353,0.29
647,354,1.00
648,354,1.00
649,354,1.00
650,354,1.00
651,354,1.00
652,354,1.00
653,354,0.86
654,354,0.57
655,354,0.29
648,355,1.00
649,355,1.00
650,355,1.00
651,355,1.00
652,355,0.86
653,355,0.57
654,355,0.29
649,356,0.57
650,356,0.57
651,356,0.86
652,356,0.57
653,356,0.29
650,357,0.29
651,357,0.57
652,357,0.29
651,358,0.29
648,345,0.29
647,346,1.00
648,346,0.86
649,346,0.57
646,347,1.00
647,347,1.00
648,347,1.00
649,347,0.86
645,348,1.00
646,348,1.00
647,348,1.00
648,348,1.00
644,349,1.00
645,349,1.00
646,349,1.00
647,349,1.00
643,350,1.00
644,350,1.00
645,350,1.00
646,350,1.00
642,351,1.00
643,351,1.00
644,351,1.00
645,351,1.00
643,352,1.00
644,352,1.00
644,353,0.86
645,353,1.00
645,354,0.86
646,354,1.00
646,355,0.86
647,355,1.00
647,356,0.86
648,356,0.86
648,357,0.29
647,345,0.29
646,346,1.00
645,347,1.00
644,348,1.00
643,349,1.00
642,350,1.00
641,351,1.00
642,352,1.00
643,353,0.29
644,354,0.29
645,355,0.29
646,356,0.29
647,357,0.29
642,341,1.00
641,342,1.00
642,342,1.00
643,342,1.00
640,343,1.00
641,343,1.00
642,343,1.00
643,343,1.00
644,343,1.00
639,344,1.00
640,344,1.00
641,344,1.00
642,344,1.00
643,344,1.00
644,344,1.00
645,344,1.00
638,345,1.00
639,345,1.00
640,345,1.00
641,345,1.00
642,345,1.00
643,345,1.00
644,345,1.00
645,345,1.00
646,345,0.57
637,346,1.00
638,346,1.00
639,346,1.00
640,346,1.00
641,346,1.00
642,346,1.00
643,346,1.00
644,346,1.00
645,346,1.00
636,347,1.00
637,347,1.00
638,347,1.00
639,347,1.00
640,347,1.00
641,347,1.00
642,347,1.00
643,347,1.00
644,347,1.00
637,348,1.00
638,348,1.00
639,348,1.00
640,348,1.00
641,348,1.00
642,348,1.00
643,348,1.00
638,349,1.00
639,349,1.00
640,349,1.00
641,349,1.00
642,349,1.00
639,350,1.00
640,350,1.00
641,350,1.00
640,351,1.00
641,352,1.00
642,353,0.29
641,341,1.00
640,342,1.00
639,343,1.00
638,344,1.00
637,345,0.57
636,346,0.57
635,347,0.57
636,348,0.57
637,349,0.57
638,350,0.57
639,351,0.57
640,352,0.57
641,353,0.57
665,341,0.29
664,342,0.29
665,342,0.57
666,342,0.29
663,343,0.29
664,343,0.57
665,343,0.86
666,343,0.57
667,343,0.29
662,344,0.29
663,344,0.57
664,344,0.86
665,344,1.00
666,344,0.86
667,344,0.57
668,344,0.29
661,345,0.29
662,345,0.57
663,345,0.86
664,345,1.00
665,345,1.00
666,345,1.00
667,345,0.86
668,345,0.57
669,345,0.29
660,346,0.86
661,346,0.86
662,346,0.86
663,346,1.00
664,346,1.00
665,346,1.00
666,346,1.00
667,346,1.00
668,346,0.86
669,346,0.57
670,346,0.29
659,347,0.86
660,347,0.86
661,347,0.86
662,347,1.00
663,347,1.00
664,347,1.00
665,347,1.00
666,347,1.00
667,347,1.00
668,347,1.00
669,347,0.86
670,347,0.57
671,347,0.29
660,348,0.29
661,348,0.57
662,348,0.86
663,348,1.00
664,348,1.00
665,348,1.00
666,348,1.00
667,348,1.00
668,348,0.86
669,348,0.57
670,348,0.29
661,349,0.29
662,349,0.57
663,349,0.86
664,349,1.00
665,349,1.00
666,349,1.00
667,349,0.86
668,349,0.57
669,349,0.29
662,350,0.29
663,350,0.57
664,350,0.86
665,350,1.00
666,350,0.86
667,350,0.57
668,350,0.29
663,351,0.29
664,351,0.57
665,351,0.86
666,351,0.57
667,351,0.29
664,352,0.29
665,352,0.57
666,352,0.29
665,353,0.29
679,342,0.57
678,343,0.57
679,343,1.00
680,343,0.57
677,344,0.57
678,344,1.00
679,344,1.00
680,344,1.00
681,344,0.57
676,345,0.57
677,345,1.00
678,345,1.00
679,345,1.00
680,345,1.00
681,345,1.00
682,345,0.57
675,346,0.57
676,346,1.00
677,346,1.00
678,346,1.00
679,346,1.00
681,346,1.00
682,346,1.00
683,346,0.57
674,347,0.57
675,347,1.00
676,347,1.00
677,347,1.00
678,347,1.00
682,347,1.00
683,347,1.00
684,347,0.57
673,348,0.57
674,348,1.00
675,348,1.00
676,348,1.00
677,348,1.00
683,348,1.00
684,348,1.00
685,348,0.57
674,349,0.57
675,349,1.00
676,349,1.00
684,349,0.57
675,350,0.57
655,340,0.29
654,341,0.29
655,341,0.57
656,341,0.29
653,342,0.29
654,342,0.57
655,342,0.86
656,342,0.57
657,342,0.29
652,343,0.29
653,343,0.57
654,343,0.86
655,343,1.00
656,343,0.86
657,343,0.57
658,343,0.29
651,344,0.29
652,344,0.57
653,344,0.86
654,344,1.00
655,344,1.00
656,344,1.00
657,344,0.86
658,344,0.57
659,344,0.29
650,345,0.29
651,345,0.57
652,345,0.86
653,345,1.00
654,345,1.00
655,345,1.00
656,345,1.00
657,345,1.00
658,345,0.86
659,345,0.57
660,345,0.29
650,346,0.57
652,346,1.00
653,346,1.00
654,346,1.00
655,346,1.00
656,346,1.00
657,346,1.00
658,346,1.00
659,346,0.86
653,347,1.00
654,347,1.00
655,347,1.00
656,347,1.00
657,347,1.00
658,347,0.86
654,348,1.00
655,348,1.00
656,348,1.00
657,348,0.86
658,348,0.57
659,348,0.29
655,349,1.00
656,349,0.86
657,349,0.57
658,349,0.29
656,350,0.57
657,350,0.29
642,337,0.29
641,338,0.29
642,338,0.57
643,338,0.29
640,339,0.29
641,339,0.57
642,339,0.86
643,339,0.57
644,339,0.29
639,340,0.57
640,340,0.57
641,340,0.86
642,340,1.00
643,340,0.86
644,340,0.57
645,340,0.29
638,341,0.57
639,341,0.57
640,341,0.86
643,341,1.00
644,341,0.86
645,341,0.57
646,341,0.29
637,342,0.57
638,342,0.57
639,342,0.86
644,342,1.00
645,342,0.86
646,342,0.57
647,342,0.29
636,343,0.57
637,343,0.57
638,343,0.86
645,343,1.00
646,343,0.86
647,343,0.57
648,343,0.29
637,344,0.29
646,344,0.57
647,344,0.29
633,334,0.29
632,335,0.29
633,335,0.57
634,335,0.29
631,336,0.57
632,336,0.57
633,336,0.86
634,336,0.57
635,336,0.29
630,337,1.00
631,337,1.00
632,337,1.00
633,337,1.00
634,337,0.86
635,337,0.57
636,337,0.29
629,338,1.00
630,338,1.00
631,338,1.00
632,338,1.00
633,338,1.00
634,338,1.00
635,338,0.86
636,338,0.57
637,338,0.29
628,339,1.00
629,339,1.00
630,339,1.00
631,339,1.00
632,339,1.00
633,339,1.00
634,339,1.00
635,339,1.00
636,339,0.86
637,339,0.57
638,339,0.29
627,340,1.00
628,340,1.00
629,340,1.00
630,340,1.00
631,340,1.00
632,340,1.00
633,340,1.00
634,340,1.00
635,340,1.00
636,340,1.00
637,340,0.86
638,340,0.57
628,341,1.00
629,341,1.00
630,341,1.00
631,341,1.00
632,341,1.00
633,341,1.00
634,341,1.00
635,341,1.00
636,341,0.86
637,341,0.57
629,342,1.00
630,342,1.00
631,342,1.00
632,342,1.00
633,342,1.00
634,342,1.00
635,342,0.86
636,342,0.57
630,343,1.00
631,343,1.00
632,343,1.00
633,343,1.00
634,343,0.86
635,343,0.57
631,344,0.57
632,344,0.57
633,344,0.86
634,344,0.57
635,344,0.29
632,345,0.29
633,345,0.57
634,345,0.29
633,346,0.29
629,334,0.29
628,335,0.29
629,335,0.57
630,335,0.29
627,336,0.86
628,336,0.86
629,336,0.86
630,336,0.57
626,337,1.00
627,337,1.00
628,337,1.00
629,337,1.00
625,338,1.00
626,338,1.00
627,338,1.00
628,338,1.00
624,339,1.00
625,339,1.00
626,339,1.00
627,339,1.00
623,340,1.00
624,340,1.00
625,340,1.00
626,340,1.00
624,341,0.86
625,341,0.86
626,341,0.86
627,341,1.00
625,342,0.29
626,342,0.57
627,342,0.86
628,342,1.00
626,343,0.29
627,343,0.57
628,343,0.86
629,343,1.00
627,344,0.29
628,344,0.57
629,344,0.86
630,344,0.57
628,345,0.29
629,345,0.57
630,345,0.29
629,346,0.29
623,331,0.29
622,332,0.29
623,332,0.57
624,332,0.29
621,333,0.57
622,333,0.57
623,333,0.86
624,333,0.57
625,333,0.29
620,334,1.00
621,334,1.00
622,334,1.00
623,334,1.00
624,334,0.86
625,334,0.57
626,334,0.29
619,335,1.00
620,335,1.00
621,335,1.00
622,335,1.00
623,335,1.00
624,335,1.00
625,335,0.86
626,335,0.57
627,335,0.29
618,336,1.00
619,336,1.00
620,336,1.00
621,336,1.00
622,336,1.00
623,336,1.00
624,336,1.00
625,336,1.00
626,336,0.86
617,337,1.00
618,337,1.00
619,337,1.00
620,337,1.00
621,337,1.00
622,337,1.00
623,337,1.00
624,337,1.00
625,337,1.00
618,338,0.57
619,338,0.57
620,338,0.86
621,338,1.00
622,338,1.00
623,338,1.00
624,338,1.00
619,339,0.29
620,339,0.57
621,339,0.86
622,339,1.00
623,339,1.00
620,340,0.29
621,340,0.57
622,340,0.86
621,341,0.29
622,341,0.57
623,341,0.86
622,342,0.29
623,342,0.57
624,342,0.29
623,343,0.29
616,328,0.29
615,329,0.29
616,329,0.57
617,329,0.29
614,330,0.57
615,330,0.57
616,330,0.86
617,330,0.57
618,330,0.29
613,331,0.57
614,331,0.57
615,331,0.86
616,331,1.00
617,331,0.86
618,331,0.57
619,331,0.29
612,332,0.57
613,332,0.57
614,332,0.86
615,332,1.00
616,332,1.00
617,332,1.00
618,332,0.86
619,332,0.57
620,332,0.29
611,333,0.57
612,333,0.57
613,333,0.86
614,333,1.00
615,333,1.00
616,333,1.00
617,333,1.00
618,333,1.00
619,333,0.86
620,333,0.57
610,334,0.57
611,334,0.57
612,334,0.86
613,334,1.00
614,334,1.00
615,334,1.00
616,334,1.00
617,334,1.00
618,334,1.00
619,334,1.00
611,335,0.29
612,335,0.57
613,335,0.86
614,335,1.00
615,335,1.00
616,335,1.00
617,335,1.00
618,335,1.00
612,336,0.29
613,336,0.57
614,336,0.86
615,336,1.00
616,336,1.00
617,336,1.00
613,337,0.29
614,337,0.57
615,337,0.86
616,337,1.00
614,338,0.29
615,338,0.57
616,338,0.86
617,338,0.57
615,339,0.29
616,339,0.57
617,339,0.29
616,340,0.29
608,324,0.29
607,325,0.86
608,325,0.86
609,325,0.29
606,326,1.00
607,326,1.00
608,326,1.00
609,326,0.86
610,326,0.29
605,327,1.00
606,327,1.00
607,327,1.00
608,327,1.00
609,327,1.00
610,327,0.86
611,327,0.29
604,328,1.00
605,328,1.00
606,328,1.00
607,328,1.00
608,328,1.00
609,328,1.00
610,328,1.00
611,328,0.86
612,328,0.29
603,329,1.00
604,329,1.00
605,329,1.00
606,329,1.00
607,329,1.00
608,329,1.00
609,329,1.00
610,329,1.00
611,329,1.00
612,329,0.86
613,329,0.29
602,330,1.00
603,330,1.00
604,330,1.00
605,330,1.00
606,330,1.00
607,330,1.00
608,330,1.00
609,330,1.00
610,330,1.00
611,330,1.00
612,330,1.00
613,330,0.86
603,331,1.00
604,331,1.00
605,331,1.00
606,331,1.00
607,331,1.00
608,331,1.00
609,331,1.00
610,331,1.00
611,331,1.00
612,331,0.86
604,332,0.86
605,332,1.00
606,332,1.00
607,332,1.00
608,332,1.00
609,332,1.00
610,332,1.00
611,332,0.86
605,333,0.86
606,333,1.00
607,333,1.00
608,333,1.00
609,333,1.00
610,333,0.86
606,334,0.86
607,334,1.00
608,334,1.00
609,334,0.86
607,335,0.86
608,335,0.86
609,335,0.29
608,336,0.29
607,324,0.29
606,325,0.57
605,326,1.00
604,327,1.00
603,328,1.00
602,329,1.00
601,330,1.00
602,331,1.00
603,332,0.57
604,333,0.29
605,334,0.29
606,335,0.29
607,336,0.29
602,321,0.29
601,322,0.29
602,322,0.57
603,322,0.29
600,323,0.29
601,323,0.57
602,323,0.86
603,323,0.57
604,323,0.29
599,324,0.29
600,324,0.57
601,324,0.86
602,324,1.00
603,324,0.86
604,324,0.57
605,324,0.29
598,325,0.29
599,325,0.57
600,325,0.86
601,325,1.00
602,325,1.00
603,325,1.00
604,325,0.86
605,325,0.57
597,326,0.29
598,326,0.57
599,326,0.86
600,326,1.00
601,326,1.00
602,326,1.00
603,326,1.00
604,326,1.00
596,327,0.29
597,327,0.57
598,327,0.86
599,327,1.00
600,327,1.00
601,327,1.00
602,327,1.00
603,327,1.00
597,328,0.29
598,328,0.57
599,328,0.86
600,328,1.00
601,328,1.00
602,328,1.00
598,329,0.29
599,329,0.57
600,329,0.86
601,329,1.00
599,330,0.29
600,330,0.57
600,331,0.29
601,331,0.57
601,332,0.29
602,332,0.57
602,333,0.29
595,315,0.29
594,316,0.57
595,316,0.57
596,316,0.29
593,317,0.57
594,317,0.57
595,317,0.86
596,317,0.57
597,317,0.29
592,318,0.57
593,318,0.57
594,318,0.86
595,318,1.00
596,318,0.86
597,318,0.57
598,318,0.29
591,319,0.57
592,319,0.57
593,319,0.86
594,319,1.00
595,319,1.00
596,319,1.00
597,319,0.86
598,319,0.57
599,319,0.29
590,320,0.57
591,320,0.57
592,320,0.86
593,320,1.00
594,320,1.00
595,320,1.00
596,320,1.00
597,320,1.00
598,320,0.86
599,320,0.57
600,320,0.29
589,321,0.57
590,321,0.57
591,321,0.86
592,321,1.00
593,321,1.00
594,321,1.00
595,321,1.00
596,321,1.00
597,321,1.00
598,321,1.00
599,321,0.86
600,321,0.57
601,321,0.29
590,322,0.29
591,322,0.57
592,322,0.86
593,322,1.00
594,322,1.00
595,322,1.00
596,322,1.00
597,322,1.00
598,322,0.86
599,322,0.57
600,322,0.29
591,323,0.29
592,323,0.57
593,323,0.86
594,323,1.00
595,323,1.00
596,323,1.00
597,323,0.86
598,323,0.57
599,323,0.29
592,324,0.29
593,324,0.57
594,324,0.86
595,324,1.00
596,324,0.86
597,324,0.57
598,324,0.29
593,325,0.29
594,325,0.57
595,325,0.86
596,325,0.57
597,325,0.29
594,326,0.29
595,326,0.57
596,326,0.29
595,327,0.29
588,310,0.57
587,311,1.00
588,311,1.00
589,311,0.57
586,312,1.00
587,312,1.00
588,312,1.00
589,312,1.00
590,312,0.57
585,313,1.00
586,313,1.00
587,313,1.00
588,313,1.00
589,313,1.00
590,313,0.57
591,313,0.29
584,314,1.00
585,314,1.00
586,314,1.00
587,314,1.00
588,314,1.00
589,314,1.00
590,314,0.86
591,314,0.57
592,314,0.29
583,315,1.00
584,315,1.00
585,315,1.00
586,315,1.00
587,315,1.00
588,315,1.00
589,315,1.00
590,315,1.00
591,315,0.86
592,315,0.57
593,315,0.29
582,316,0.57
583,316,1.00
584,316,1.00
585,316,1.00
586,316,1.00
587,316,1.00
588,316,1.00
589,316,1.00
590,316,1.00
591,316,1.00
592,316,0.86
593,316,0.57
583,317,0.57
584,317,1.00
585,317,1.00
586,317,1.00
587,317,1.00
588,317,1.00
589,317,1.00
590,317,1.00
591,317,0.86
592,317,0.57
584,318,0.57
585,318,0.57
586,318,0.86
587,318,1.00
588,318,1.00
589,318,1.00
590,318,0.86
591,318,0.57
585,319,0.29
586,319,0.57
587,319,0.86
588,319,1.00
589,319,0.86
590,319,0.57
586,320,0.29
587,320,0.57
588,320,0.86
589,320,0.57
587,321,0.29
588,321,0.57
588,322,0.29
584,306,0.57
583,307,1.00
584,307,1.00
585,307,0.57
582,308,1.00
583,308,1.00
584,308,1.00
585,308,1.00
586,308,0.57
581,309,1.00
582,309,1.00
583,309,1.00
584,309,1.00
585,309,1.00
586,309,1.00
587,309,0.57
580,310,1.00
581,310,1.00
582,310,1.00
583,310,1.00
584,310,1.00
585,310,1.00
586,310,1.00
587,310,0.57
579,311,1.00
580,311,1.00
581,311,1.00
582,311,1.00
583,311,1.00
584,311,1.00
585,311,1.00
586,311,1.00
578,312,0.57
579,312,1.00
580,312,1.00
581,312,1.00
582,312,1.00
583,312,1.00
584,312,1.00
585,312,1.00
579,313,0.57
580,313,1.00
581,313,1.00
582,313,1.00
583,313,1.00
584,313,1.00
580,314,0.57
581,314,1.00
582,314,1.00
583,314,1.00
581,315,0.57
582,315,0.57
581,303,0.29
580,304,0.29
581,304,0.57
582,304,0.29
579,305,0.86
580,305,0.86
581,305,0.86
582,305,0.57
583,305,0.29
578,306,1.00
579,306,1.00
580,306,1.00
581,306,1.00
582,306,0.86
583,306,0.57
577,307,1.00
578,307,1.00
579,307,1.00
580,307,1.00
581,307,1.00
582,307,1.00
576,308,1.00
577,308,1.00
578,308,1.00
579,308,1.00
580,308,1.00
581,308,1.00
575,309,1.00
576,309,1.00
577,309,1.00
578,309,1.00
579,309,1.00
580,309,1.00
576,310,1.00
577,310,1.00
578,310,1.00
579,310,1.00
577,311,0.86
578,311,0.86
576,301,0.29
575,302,0.29
576,302,0.57
577,302,0.29
574,303,0.86
575,303,0.86
576,303,0.86
577,303,0.57
578,303,0.29
573,304,0.86
574,304,0.86
575,304,0.86
576,304,1.00
577,304,0.86
578,304,0.57
579,304,0.29
572,305,0.86
573,305,0.86
574,305,0.86
575,305,1.00
576,305,1.00
577,305,1.00
578,305,0.86
571,306,0.86
572,306,0.86
573,306,0.86
574,306,1.00
575,306,1.00
576,306,1.00
577,306,1.00
570,307,0.86
571,307,0.86
572,307,0.86
573,307,1.00
574,307,1.00
575,307,1.00
576,307,1.00
571,308,0.29
572,308,0.57
573,308,0.86
574,308,1.00
575,308,1.00
572,309,0.29
573,309,0.57
574,309,0.86
573,310,0.29
574,310,0.57
575,310,0.86
574,311,0.29
575,311,0.57
576,311,0.86
575,312,0.29
576,312,0.57
577,312,0.29
576,313,0.29
569,297,0.29
568,298,0.29
569,298,0.57
570,298,0.29
567,299,0.29
568,299,0.57
569,299,0.86
570,299,0.57
571,299,0.29
566,300,0.29
567,300,0.57
568,300,0.86
569,300,1.00
570,300,0.86
571,300,0.57
572,300,0.29
565,301,0.29
566,301,0.57
567,301,0.86
568,301,1.00
569,301,1.00
570,301,1.00
571,301,0.86
572,301,0.57
573,301,0.29
564,302,0.29
565,302,0.57
566,302,0.86
567,302,1.00
568,302,1.00
569,302,1.00
570,302,1.00
571,302,1.00
572,302,0.86
573,302,0.57
574,302,0.29
563,303,0.29
564,303,0.57
565,303,0.86
566,303,1.00
567,303,1.00
568,303,1.00
569,303,1.00
570,303,1.00
571,303,1.00
572,303,1.00
573,303,0.86
564,304,0.29
565,304,0.57
566,304,0.86
567,304,1.00
568,304,1.00
569,304,1.00
570,304,1.00
571,304,1.00
572,304,0.86
565,305,0.29
566,305,0.57
567,305,0.86
568,305,1.00
569,305,1.00
570,305,1.00
571,305,0.86
566,306,0.29
567,306,0.57
568,306,0.86
569,306,1.00
570,306,0.86
567,307,0.29
568,307,0.57
569,307,0.86
568,308,0.29
569,308,0.57
570,308,0.29
569,309,0.29
547,294,0.29
546,295,0.29
547,295,0.57
548,295,0.29
545,296,0.29
546,296,0.57
547,296,0.86
548,296,0.57
549,296,0.29
544,297,0.29
545,297,0.57
546,297,0.86
547,297,1.00
548,297,0.86
549,297,0.57
550,297,0.29
543,298,0.29
544,298,0.57
545,298,0.86
546,298,1.00
547,298,1.00
548,298,1.00
549,298,0.86
550,298,0.57
551,298,0.29
542,299,0.29
543,299,0.57
544,299,0.86
545,299,1.00
546,299,1.00
547,299,1.00
548,299,1.00
549,299,1.00
550,299,0.86
551,299,0.57
552,299,0.29
541,300,0.29
542,300,0.57
543,300,0.86
544,300,1.00
545,300,1.00
546,300,1.00
547,300,1.00
548,300,1.00
549,300,1.00
550,300,1.00
551,300,0.86
552,300,0.57
553,300,0.29
542,301,0.29
543,301,0.57
544,301,0.86
545,301,1.00
546,301,1.00
547,301,1.00
548,301,1.00
549,301,1.00
550,301,0.86
551,301,0.57
552,301,0.29
543,302,0.29
544,302,0.57
545,302,0.86
546,302,1.00
547,302,1.00
548,302,1.00
549,302,0.86
550,302,0.57
551,302,0.29
544,303,0.29
545,303,0.57
546,303,0.86
547,303,1.00
548,303,0.86
549,303,0.57
550,303,0.29
545,304,0.29
546,304,0.57
547,304,0.86
548,304,0.57
549,304,0.29
546,305,0.29
547,305,0.57
548,305,0.29
547,306,0.29
534,294,0.29
533,295,0.29
534,295,0.57
535,295,0.29
532,296,0.29
533,296,0.57
534,296,0.86
535,296,0.57
536,296,0.29
531,297,0.29
532,297,0.57
533,297,0.86
534,297,1.00
535,297,0.86
536,297,0.57
537,297,0.29
530,298,0.29
531,298,0.57
532,298,0.86
533,298,1.00
534,298,1.00
535,298,1.00
536,298,0.86
537,298,0.57
538,298,0.29
529,299,0.29
530,299,0.57
531,299,0.86
532,299,1.00
533,299,1.00
534,299,1.00
535,299,1.00
536,299,1.00
537,299,0.86
538,299,0.57
539,299,0.29
528,300,0.86
529,300,0.86
530,300,0.86
531,300,1.00
532,300,1.00
533,300,1.00
534,300,1.00
535,300,1.00
536,300,1.00
537,300,1.00
538,300,0.86
539,300,0.57
540,300,0.29
529,301,0.86
530,301,0.86
531,301,0.86
532,301,1.00
533,301,1.00
534,301,1.00
535,301,1.00
536,301,1.00
537,301,0.86
538,301,0.57
539,301,0.29
530,302,0.86
531,302,0.86
532,302,0.86
533,302,1.00
534,302,1.00
535,302,1.00
536,302,0.86
537,302,0.57
538,302,0.29
531,303,0.29
532,303,0.57
533,303,0.86
534,303,1.00
535,303,0.86
536,303,0.57
537,303,0.29
532,304,0.29
533,304,0.57
534,304,0.86
535,304,0.57
536,304,0.29
533,305,0.29
534,305,0.57
535,305,0.29
534,306,0.29
525,296,0.29
524,297,0.29
525,297,0.57
526,297,0.29
523,298,0.29
524,298,0.57
525,298,0.86
526,298,0.57
527,298,0.29
522,299,1.00
523,299,0.86
524,299,0.86
525,299,1.00
526,299,0.86
527,299,0.57
528,299,0.29
521,300,1.00
522,300,1.00
523,300,1.00
524,300,1.00
525,300,1.00
526,300,1.00
527,300,0.86
520,301,1.00
521,301,1.00
522,301,1.00
523,301,1.00
524,301,1.00
525,301,1.00
526,301,1.00
527,301,1.00
528,301,0.86
519,302,1.00
520,302,1.00
521,302,1.00
522,302,1.00
523,302,1.00
524,302,1.00
525,302,1.00
526,302,1.00
527,302,1.00
528,302,1.00
529,302,0.86
520,303,1.00
521,303,1.00
522,303,1.00
523,303,1.00
524,303,1.00
525,303,1.00
526,303,1.00
527,303,1.00
528,303,0.86
529,303,0.57
530,303,0.29
521,304,1.00
522,304,1.00
523,304,1.00
524,304,1.00
525,304,1.00
526,304,1.00
527,304,0.86
528,304,0.57
529,304,0.29
522,305,1.00
523,305,0.86
524,305,0.86
525,305,1.00
526,305,0.86
527,305,0.57
528,305,0.29
523,306,0.29
524,306,0.57
525,306,0.86
526,306,0.57
527,306,0.29
524,307,0.29
525,307,0.57
526,307,0.29
525,308,0.29
520,296,0.29
519,297,0.86
520,297,0.86
521,297,0.29
518,298,0.86
519,298,1.00
520,298,1.00
521,298,0.86
522,298,0.29
517,299,1.00
518,299,1.00
519,299,1.00
520,299,1.00
521,299,1.00
516,300,1.00
517,300,1.00
518,300,1.00
519,300,1.00
520,300,1.00
515,301,1.00
516,301,1.00
517,301,1.00
518,301,1.00
519,301,1.00
514,302,1.00
515,302,1.00
516,302,1.00
517,302,1.00
518,302,1.00
515,303,1.00
516,303,1.00
517,303,1.00
518,303,1.00
519,303,1.00
516,304,1.00
517,304,1.00
518,304,1.00
519,304,1.00
520,304,1.00
517,305,1.00
518,305,1.00
519,305,1.00
520,305,1.00
521,305,1.00
518,306,1.00
519,306,1.00
520,306,1.00
521,306,0.86
522,306,0.29
519,307,0.86
520,307,0.86
521,307,0.29
520,308,0.29
519,296,0.29
518,297,0.29
517,298,0.57
516,299,1.00
515,300,1.00
514,301,1.00
513,302,1.00
514,303,1.00
515,304,1.00
516,305,1.00
517,306,1.00
518,307,0.86
519,308,0.29
515,296,0.29
514,297,0.29
515,297,0.57
516,297,0.29
513,298,0.29
514,298,0.57
515,298,0.86
516,298,0.57
512,299,1.00
513,299,0.86
514,299,1.00
515,299,1.00
511,300,1.00
512,300,1.00
513,300,1.00
514,300,1.00
510,301,1.00
511,301,1.00
512,301,1.00
513,301,1.00
509,302,1.00
510,302,1.00
511,302,1.00
512,302,1.00
510,303,1.00
511,303,1.00
512,303,1.00
513,303,1.00
511,304,1.00
512,304,1.00
513,304,1.00
514,304,1.00
512,305,1.00
513,305,1.00
514,305,1.00
515,305,1.00
513,306,1.00
514,306,1.00
515,306,1.00
516,306,1.00
514,307,1.00
515,307,1.00
516,307,1.00
515,308,1.00
510,296,0.29
509,297,0.29
510,297,0.57
511,297,0.29
508,298,0.86
509,298,0.86
510,298,0.86
511,298,0.57
512,298,0.29
507,299,1.00
508,299,1.00
509,299,1.00
510,299,1.00
511,299,1.00
506,300,1.00
507,300,1.00
508,300,1.00
509,300,1.00
510,300,1.00
505,301,1.00
506,301,1.00
507,301,1.00
508,301,1.00
509,301,1.00
504,302,1.00
505,302,1.00
506,302,1.00
507,302,1.00
508,302,1.00
505,303,1.00
506,303,1.00
507,303,1.00
508,303,1.00
509,303,1.00
506,304,1.00
507,304,1.00
508,304,1.00
509,304,1.00
510,304,1.00
507,305,1.00
508,305,1.00
509,305,1.00
510,305,1.00
511,305,1.00
508,306,1.00
509,306,1.00
510,306,1.00
511,306,1.00
512,306,1.00
509,307,1.00
510,307,1.00
511,307,1.00
510,308,1.00
507,296,0.29
506,297,0.57
507,297,0.57
508,297,0.29
505,298,1.00
506,298,1.00
507,298,1.00
504,299,1.00
505,299,1.00
506,299,1.00
503,300,1.00
504,300,1.00
505,300,1.00
502,301,1.00
503,301,1.00
504,301,1.00
501,302,1.00
502,302,1.00
503,302,1.00
502,303,1.00
503,303,1.00
504,303,1.00
503,304,1.00
504,304,1.00
505,304,1.00
504,305,1.00
505,305,1.00
506,305,1.00
505,306,1.00
506,306,1.00
507,306,1.00
506,307,1.00
507,307,1.00
508,307,1.00
507,308,1.00
505,296,0.29
504,297,0.29
505,297,0.57
503,298,0.29
504,298,0.57
502,299,0.29
503,299,0.86
501,300,0.57
502,300,0.86
500,301,1.00
501,301,1.00
499,302,1.00
500,302,1.00
500,303,1.00
501,303,1.00
501,304,1.00
502,304,1.00
502,305,1.00
503,305,1.00
503,306,1.00
504,306,1.00
504,307,1.00
505,307,1.00
505,308,1.00
495,298,0.29
494,299,0.29
495,299,0.57
496,299,0.29
493,300,0.29
494,300,0.86
495,300,0.86
496,300,0.57
497,300,0.29
492,301,0.29
493,301,0.86
494,301,1.00
495,301,1.00
496,301,0.86
497,301,0.57
498,301,0.57
491,302,1.00
492,302,1.00
493,302,1.00
494,302,1.00
495,302,1.00
496,302,1.00
497,302,1.00
498,302,1.00
490,303,1.00
491,303,1.00
492,303,1.00
493,303,1.00
494,303,1.00
495,303,1.00
496,303,1.00
497,303,1.00
498,303,1.00
499,303,1.00
489,304,1.00
490,304,1.00
491,304,1.00
492,304,1.00
493,304,1.00
494,304,1.00
495,304,1.00
496,304,1.00
497,304,1.00
498,304,1.00
499,304,1.00
500,304,1.00
490,305,1.00
491,305,1.00
492,305,1.00
493,305,1.00
494,305,1.00
495,305,1.00
496,305,1.00
497,305,1.00
498,305,1.00
499,305,1.00
500,305,1.00
491,306,1.00
492,306,1.00
493,306,1.00
494,306,1.00
495,306,1.00
496,306,1.00
497,306,1.00
498,306,1.00
499,306,1.00
492,307,1.00
493,307,1.00
494,307,1.00
495,307,1.00
496,307,1.00
497,307,1.00
498,307,1.00
493,308,1.00
494,308,1.00
495,308,1.00
496,308,1.00
497,308,1.00
494,309,1.00
495,309,1.00
496,309,0.86
495,310,0.86
490,300,0.29
489,301,0.29
490,301,0.57
491,301,0.57
488,302,0.29
489,302,0.57
490,302,1.00
487,303,0.57
488,303,0.57
489,303,1.00
486,304,0.57
487,304,1.00
488,304,1.00
485,305,1.00
486,305,1.00
487,305,1.00
488,305,1.00
489,305,1.00
484,306,1.00
485,306,1.00
486,306,1.00
487,306,1.00
488,306,1.00
489,306,1.00
490,306,1.00
485,307,1.00
486,307,1.00
487,307,1.00
488,307,1.00
489,307,1.00
490,307,1.00
491,307,1.00
486,308,1.00
487,308,1.00
488,308,1.00
489,308,1.00
490,308,1.00
491,308,1.00
492,308,1.00
487,309,1.00
488,309,1.00
489,309,1.00
490,309,1.00
491,309,1.00
492,309,1.00
493,309,1.00
488,310,1.00
489,310,1.00
490,310,1.00
491,310,1.00
492,310,1.00
489,311,1.00
490,311,1.00
491,311,1.00
490,312,0.86
484,303,0.29
483,304,0.29
484,304,0.57
485,304,0.29
482,305,0.57
483,305,0.57
484,305,0.86
481,306,1.00
482,306,1.00
483,306,1.00
480,307,1.00
481,307,1.00
482,307,1.00
483,307,1.00
484,307,1.00
479,308,1.00
480,308,1.00
481,308,1.00
482,308,1.00
483,308,1.00
484,308,1.00
485,308,1.00
478,309,1.00
479,309,1.00
480,309,1.00
481,309,1.00
482,309,1.00
483,309,1.00
484,309,1.00
485,309,1.00
486,309,1.00
479,310,1.00
480,310,1.00
481,310,1.00
482,310,1.00
483,310,1.00
484,310,1.00
485,310,1.00
486,310,1.00
487,310,1.00
480,311,1.00
481,311,1.00
482,311,1.00
483,311,1.00
484,311,1.00
485,311,1.00
486,311,1.00
487,311,1.00
488,311,1.00
481,312,1.00
482,312,1.00
483,312,1.00
484,312,1.00
485,312,1.00
486,312,1.00
487,312,1.00
482,313,0.57
483,313,0.57
484,313,0.86
485,313,0.86
486,313,0.86
483,314,0.29
484,314,0.57
485,314,0.29
484,315,0.29
480,303,0.29
479,304,0.29
480,304,0.57
481,304,0.29
478,305,0.57
479,305,0.57
480,305,0.86
481,305,0.57
477,306,1.00
478,306,1.00
479,306,1.00
480,306,1.00
476,307,1.00
477,307,1.00
478,307,1.00
479,307,1.00
475,308,1.00
476,308,1.00
477,308,1.00
478,308,1.00
474,309,1.00
475,309,1.00
476,309,1.00
477,309,1.00
475,310,1.00
476,310,1.00
477,310,1.00
478,310,1.00
476,311,1.00
477,311,1.00
478,311,1.00
479,311,1.00
477,312,1.00
478,312,1.00
479,312,1.00
480,312,1.00
478,313,1.00
479,313,1.00
480,313,1.00
481,313,0.57
479,314,0.57
480,314,0.57
481,314,0.29
480,315,0.29
476,304,0.29
475,305,0.57
476,305,0.86
477,305,0.86
474,306,1.00
475,306,1.00
476,306,1.00
473,307,1.00
474,307,1.00
475,307,1.00
472,308,1.00
473,308,1.00
474,308,1.00
471,309,1.00
472,309,1.00
473,309,1.00
470,310,1.00
471,310,1.00
472,310,1.00
473,310,1.00
474,310,1.00
471,311,1.00
472,311,1.00
473,311,1.00
474,311,1.00
475,311,1.00
472,312,1.00
473,312,1.00
474,312,1.00
475,312,1.00
476,312,1.00
473,313,1.00
474,313,1.00
475,313,1.00
476,313,1.00
477,313,1.00
474,314,1.00
475,314,1.00
476,314,1.00
477,314,1.00
478,314,0.86
475,315,0.86
476,315,0.86
477,315,0.86
476,316,0.29
473,305,0.57
472,306,1.00
473,306,1.00
471,307,1.00
472,307,1.00
470,308,1.00
471,308,1.00
469,309,1.00
470,309,1.00
468,310,1.00
469,310,1.00
467,311,1.00
468,311,1.00
469,311,1.00
470,311,1.00
468,312,1.00
469,312,1.00
470,312,1.00
471,312,1.00
469,313,1.00
470,313,1.00
471,313,1.00
472,313,1.00
470,314,1.00
471,314,1.00
472,314,1.00
473,314,1.00
471,315,1.00
472,315,1.00
473,315,1.00
474,315,1.00
472,316,1.00
473,316,0.86
474,316,0.57
473,317,0.29
472,305,0.29
471,306,1.00
470,307,1.00
469,308,1.00
468,309,1.00
467,310,1.00
466,311,1.00
467,312,1.00
468,313,1.00
469,314,1.00
470,315,1.00
471,316,1.00
472,317,0.29
471,305,0.57
470,306,0.57
469,307,0.57
468,308,0.57
467,309,0.57
466,310,0.57
465,311,0.57
466,312,0.57
467,313,0.57
468,314,0.57
469,315,0.57
470,316,0.57
471,317,0.57
474,304,0.29
474,305,0.57
477,304,0.29
478,315,0.29
477,316,0.29
488,312,0.86
489,312,0.57
487,313,0.86
488,313,0.57
489,313,0.29
486,314,0.29
487,314,0.57
488,314,0.29
487,315,0.29
493,310,1.00
494,310,1.00
492,311,0.57
493,311,0.57
491,312,0.57
492,312,0.29
491,313,0.29
500,306,1.00
499,307,1.00
498,308,0.86
497,309,0.29
496,310,0.29
494,311,0.57
495,311,0.29
494,312,0.29
500,299,0.29
499,300,0.29
500,300,0.57
499,301,0.57
501,305,1.00
501,306,1.00
502,306,1.00
500,307,1.00
501,307,1.00
502,307,1.00
503,307,1.00
499,308,0.86
500,308,1.00
501,308,1.00
502,308,1.00
503,308,1.00
498,309,0.29
499,309,0.57
500,309,0.86
501,309,0.86
502,309,0.86
499,310,0.29
500,310,0.57
501,310,0.29
500,311,0.29
504,308,1.00
506,308,1.00
503,309,0.86
504,309,0.86
505,309,1.00
502,310,0.29
503,310,0.57
504,310,0.29
503,311,0.29
508,308,1.00
509,308,1.00
506,309,1.00
507,309,1.00
508,309,1.00
505,310,0.29
506,310,0.86
507,310,0.86
506,311,0.29
509,309,1.00
508,310,0.29
507,311,0.29
512,307,1.00
513,307,1.00
511,308,1.00
512,308,1.00
513,308,1.00
510,309,1.00
511,309,1.00
512,309,1.00
509,310,0.29
510,310,0.86
511,310,1.00
510,311,0.29
514,308,1.00
513,309,1.00
512,310,0.86
511,311,0.29
514,309,1.00
513,310,0.86
512,311,0.29
517,307,1.00
516,308,1.00
517,308,0.57
515,309,1.00
516,309,0.57
514,310,1.00
515,310,0.57
514,311,0.57

467,295,1.00
466,296,1.00
467,296,1.00
468,296,1.00
465,297,1.00
466,297,1.00
467,297,1.00
468,297,1.00
469,297,1.00
464,298,1.00
465,298,1.00
466,298,1.00
467,298,1.00
468,298,1.00
469,298,1.00
470,298,1.00
463,299,1.00
464,299,1.00
465,299,1.00
466,299,1.00
467,299,1.00
468,299,1.00
469,299,1.00
470,299,1.00
471,299,1.00
462,300,0.57
463,300,1.00
464,300,1.00
465,300,1.00
466,300,1.00
467,300,1.00
468,300,1.00
469,300,1.00
470,300,1.00
471,300,1.00
472,300,0.57
461,301,0.57
462,301,1.00
463,301,1.00
464,301,1.00
465,301,1.00
466,301,1.00
467,301,1.00
468,301,1.00
469,301,1.00
470,301,1.00
471,301,1.00
472,301,1.00
473,301,0.57
462,302,0.57
463,302,1.00
464,302,1.00
465,302,1.00
466,302,1.00
467,302,1.00
468,302,1.00
469,302,1.00
470,302,1.00
471,302,1.00
472,302,0.57
463,303,0.57
464,303,1.00
465,303,1.00
466,303,1.00
467,303,1.00
468,303,1.00
469,303,1.00
470,303,1.00
471,303,0.57
464,304,0.57
465,304,1.00
466,304,1.00
467,304,1.00
468,304,1.00
469,304,1.00
470,304,0.57
465,305,0.57
466,305,1.00
467,305,1.00
468,305,1.00
469,305,0.57
466,306,0.57
467,306,1.00
468,306,0.57
467,307,0.57
467,292,1.00
466,293,1.00
467,293,1.00
468,293,1.00
465,294,1.00
466,294,1.00
467,294,1.00
468,294,1.00
469,294,1.00
464,295,0.86
465,295,1.00
466,295,1.00
468,295,1.00
469,295,1.00
470,295,0.86
463,296,0.29
464,296,0.86
465,296,1.00
469,296,1.00
470,296,0.86
471,296,0.29
462,297,0.29
463,297,0.57
464,297,0.86
470,297,0.86
471,297,0.57
472,297,0.29
461,298,0.29
462,298,0.57
463,298,0.86
471,298,0.86
472,298,0.57
473,298,0.29
462,299,0.29
472,299,0.29
467,287,1.00
466,288,1.00
467,288,1.00
468,288,1.00
465,289,1.00
466,289,1.00
467,289,1.00
468,289,1.00
469,289,1.00
464,290,1.00
465,290,1.00
466,290,1.00
467,290,1.00
468,290,1.00
469,290,1.00
470,290,1.00
463,291,0.86
464,291,1.00
465,291,1.00
466,291,1.00
467,291,1.00
468,291,1.00
469,291,1.00
470,291,1.00
471,291,1.00
462,292,0.29
463,292,0.86
464,292,1.00
465,292,1.00
466,292,1.00
468,292,1.00
469,292,1.00
470,292,1.00
471,292,1.00
472,292,0.29
461,293,0.29
462,293,0.57
463,293,0.86
464,293,1.00
465,293,1.00
469,293,1.00
470,293,1.00
471,293,0.86
472,293,0.57
473,293,0.29
462,294,0.29
463,294,0.57
464,294,0.86
470,294,0.86
471,294,0.57
472,294,0.29
463,295,0.29
471,295,0.29
467,284,1.00
466,285,1.00
467,285,1.00
468,285,1.00
465,286,0.57
466,286,1.00
467,286,1.00
468,286,1.00
469,286,1.00
464,287,0.57
465,287,1.00
466,287,1.00
468,287,1.00
469,287,1.00
470,287,1.00
463,288,0.57
464,288,1.00
465,288,1.00
469,288,1.00
470,288,1.00
471,288,1.00
462,289,0.29
463,289,0.57
464,289,1.00
470,289,1.00
471,289,1.00
472,289,1.00
461,290,0.29
462,290,0.57
463,290,0.86
471,290,1.00
472,290,1.00
473,290,0.57
462,291,0.29
472,291,0.57
469,282,1.00
468,283,1.00
469,283,1.00
470,283,1.00
468,284,1.00
469,284,1.00
470,284,1.00
471,284,1.00
469,285,1.00
470,285,1.00
471,285,1.00
472,285,0.86
470,286,1.00
471,286,1.00
472,286,0.86
473,286,0.29
471,287,1.00
472,287,0.86
473,287,0.57
474,287,0.29
472,288,1.00
473,288,0.86
474,288,0.57
475,288,0.29
473,289,0.57
474,289,0.29
469,277,1.00
468,278,1.00
469,278,1.00
470,278,1.00
467,279,1.00
468,279,1.00
469,279,1.00
470,279,1.00
471,279,1.00
466,280,0.57
467,280,1.00
468,280,1.00
469,280,1.00
470,280,1.00
471,280,1.00
472,280,0.57
465,281,0.29
466,281,0.57
467,281,1.00
468,281,1.00
469,281,1.00
470,281,1.00
471,281,1.00
472,281,0.57
473,281,0.29
464,282,0.29
465,282,0.57
466,282,0.86
467,282,1.00
468,282,1.00
470,282,1.00
471,282,1.00
472,282,0.86
473,282,0.57
474,282,0.29
463,283,0.29
464,283,0.57
465,283,0.86
466,283,1.00
467,283,1.00
471,283,1.00
472,283,1.00
473,283,0.86
474,283,0.57
475,283,0.29
464,284,0.29
465,284,0.57
466,284,0.86
472,284,0.86
473,284,0.57
474,284,0.29
465,285,0.29
473,285,0.29
469,271,0.86
468,272,0.86
469,272,0.86
470,272,0.29
467,273,0.29
468,273,0.86
469,273,0.86
470,273,0.57
471,273,0.29
466,274,0.29
467,274,0.57
468,274,0.86
469,274,1.00
470,274,0.86
471,274,0.57
472,274,0.29
465,275,0.29
466,275,0.57
467,275,0.86
468,275,1.00
469,275,1.00
470,275,1.00
471,275,0.86
472,275,0.57
473,275,0.29
464,276,0.29
465,276,0.57
466,276,0.86
467,276,1.00
468,276,1.00
469,276,1.00
470,276,1.00
471,276,1.00
472,276,0.86
473,276,0.57
474,276,0.29
463,277,0.29
464,277,0.57
465,277,0.86
466,277,1.00
467,277,1.00
468,277,1.00
470,277,1.00
471,277,1.00
472,277,1.00
473,277,0.86
474,277,0.57
475,277,0.29
464,278,0.29
465,278,0.57
466,278,0.86
467,278,1.00
471,278,1.00
472,278,0.86
473,278,0.57
474,278,0.29
465,279,0.29
466,279,0.57
472,279,0.57
473,279,0.29
468,261,0.29
467,262,0.29
468,262,0.57
469,262,0.29
466,263,0.29
467,263,0.57
468,263,0.86
469,263,0.57
470,263,0.29
465,264,0.29
466,264,0.57
467,264,0.86
468,264,1.00
469,264,0.86
470,264,0.57
471,264,0.29
464,265,0.29
465,265,0.57
466,265,0.86
467,265,1.00
468,265,1.00
469,265,1.00
470,265,0.86
471,265,0.57
472,265,0.29
463,266,0.29
464,266,0.57
465,266,0.86
466,266,1.00
467,266,1.00
468,266,1.00
469,266,1.00
470,266,1.00
471,266,0.86
472,266,0.57
473,266,0.29
462,267,0.29
463,267,0.57
464,267,0.86
465,267,1.00
466,267,1.00
467,267,1.00
468,267,1.00
469,267,1.00
470,267,1.00
471,267,1.00
472,267,0.86
473,267,0.57
474,267,0.29
463,268,0.29
464,268,0.57
465,268,0.86
466,268,1.00
467,268,1.00
468,268,1.00
469,268,1.00
470,268,1.00
471,268,0.86
472,268,0.57
473,268,0.29
464,269,0.29
465,269,0.57
466,269,0.86
467,269,1.00
468,269,1.00
469,269,1.00
470,269,0.86
471,269,0.57
472,269,0.29
465,270,0.29
466,270,0.57
467,270,0.86
468,270,1.00
469,270,0.86
470,270,0.57
471,270,0.29
466,271,0.29
467,271,0.57
468,271,0.86
470,271,0.29
467,272,0.29
464,252,0.29
463,253,0.29
464,253,0.57
465,253,0.29
462,254,0.29
463,254,0.57
464,254,0.86
465,254,0.57
466,254,0.29
461,255,0.29
462,255,0.57
463,255,0.86
464,255,1.00
465,255,0.86
466,255,0.57
467,255,0.29
460,256,0.29
461,256,0.57
462,256,0.86
463,256,1.00
464,256,1.00
465,256,1.00
466,256,0.86
467,256,0.57
468,256,0.29
459,257,0.29
460,257,0.57
461,257,0.86
462,257,1.00
463,257,1.00
464,257,1.00
465,257,1.00
466,257,1.00
467,257,0.86
468,257,0.57
469,257,0.29
458,258,0.29
459,258,0.57
460,258,0.86
461,258,1.00
462,258,1.00
463,258,1.00
464,258,1.00
465,258,1.00
466,258,1.00
467,258,1.00
468,258,0.86
469,258,0.57
470,258,0.29
459,259,0.29
460,259,0.57
461,259,0.86
462,259,1.00
463,259,1.00
464,259,1.00
465,259,1.00
466,259,1.00
467,259,0.86
468,259,0.57
469,259,0.29
460,260,0.29
461,260,0.57
462,260,0.86
463,260,1.00
464,260,1.00
465,260,1.00
466,260,0.86
467,260,0.57
468,260,0.29
461,261,0.29
462,261,0.57
463,261,0.86
464,261,1.00
465,261,0.86
466,261,0.57
467,261,0.29
462,262,0.29
463,262,0.57
464,262,0.86
465,262,0.57
466,262,0.29
463,263,0.29
464,263,0.57
465,263,0.29
464,264,0.29
460,242,1.00
459,243,1.00
460,243,1.00
461,243,0.57
458,244,1.00
459,244,1.00
460,244,1.00
461,244,0.57
462,244,0.29
457,245,1.00
458,245,1.00
459,245,1.00
460,245,1.00
461,245,0.86
462,245,0.57
463,245,0.29
456,246,0.57
457,246,1.00
458,246,1.00
459,246,1.00
460,246,1.00
461,246,1.00
462,246,0.86
463,246,0.57
464,246,0.29
455,247,0.29
456,247,0.57
457,247,1.00
458,247,1.00
459,247,1.00
460,247,1.00
461,247,1.00
462,247,1.00
463,247,0.86
464,247,0.57
465,247,0.29
454,248,0.29
455,248,0.57
456,248,0.86
457,248,1.00
458,248,1.00
459,248,1.00
460,248,1.00
461,248,1.00
462,248,1.00
463,248,1.00
464,248,0.86
465,248,0.57
466,248,0.29
455,249,0.29
456,249,0.57
457,249,0.86
458,249,1.00
459,249,1.00
460,249,1.00
461,249,1.00
462,249,1.00
463,249,0.86
464,249,0.57
465,249,0.29
456,250,0.29
457,250,0.57
458,250,0.86
459,250,1.00
460,250,1.00
461,250,1.00
462,250,0.86
463,250,0.57
464,250,0.29
457,251,0.29
458,251,0.57
459,251,0.86
460,251,1.00
461,251,0.86
462,251,0.57
463,251,0.29
458,252,0.29
459,252,0.57
460,252,0.86
461,252,0.57
462,252,0.29
459,253,0.29
460,253,0.57
461,253,0.29
460,254,0.29
457,235,0.57
456,236,1.00
457,236,1.00
458,236,0.57
455,237,1.00
456,237,1.00
457,237,1.00
458,237,1.00
459,237,0.57
454,238,1.00
455,238,1.00
456,238,1.00
457,238,1.00
458,238,1.00
459,238,0.57
460,238,0.29
453,239,1.00
454,239,1.00
455,239,1.00
456,239,1.00
457,239,1.00
458,239,1.00
459,239,0.86
460,239,0.57
461,239,0.29
452,240,1.00
453,240,1.00
454,240,1.00
455,240,1.00
456,240,1.00
457,240,1.00
458,240,1.00
459,240,1.00
460,240,0.86
461,240,0.57
462,240,0.29
451,241,0.57
452,241,1.00
453,241,1.00
454,241,1.00
455,241,1.00
456,241,1.00
457,241,1.00
458,241,1.00
459,241,1.00
460,241,1.00
461,241,0.86
462,241,0.57
463,241,0.29
452,242,0.57
453,242,1.00
454,242,1.00
455,242,1.00
456,242,1.00
457,242,1.00
458,242,1.00
459,242,1.00
461,242,0.57
462,242,0.29
453,243,0.57
454,243,0.57
455,243,0.86
456,243,1.00
457,243,1.00
458,243,1.00
454,244,0.29
455,244,0.57
456,244,0.86
457,244,1.00
455,245,0.29
456,245,0.57
453,231,0.57
452,232,1.00
453,232,1.00
454,232,0.57
451,233,1.00
452,233,1.00
453,233,1.00
454,233,0.57
455,233,0.29
450,234,1.00
451,234,1.00
452,234,1.00
453,234,1.00
454,234,0.86
455,234,0.57
456,234,0.29
449,235,1.00
450,235,1.00
451,235,1.00
452,235,1.00
453,235,1.00
454,235,1.00
455,235,0.86
456,235,0.57
448,236,1.00
449,236,1.00
450,236,1.00
451,236,1.00
452,236,1.00
453,236,1.00
454,236,1.00
455,236,1.00
447,237,0.57
448,237,1.00
449,237,1.00
450,237,1.00
451,237,1.00
452,237,1.00
453,237,1.00
454,237,1.00
448,238,0.57
449,238,0.57
450,238,0.86
451,238,1.00
452,238,1.00
453,238,1.00
449,239,0.29
450,239,0.57
451,239,0.86
452,239,1.00
450,240,0.29
451,240,0.57
448,226,0.29
447,227,0.29
448,227,0.57
449,227,0.29
446,228,0.86
447,228,0.86
448,228,0.86
449,228,0.57
450,228,0.29
445,229,0.86
446,229,0.86
447,229,0.86
448,229,1.00
449,229,0.86
450,229,0.57
451,229,0.29
444,230,0.86
445,230,0.86
446,230,0.86
447,230,1.00
448,230,1.00
449,230,1.00
450,230,0.86
451,230,0.57
452,230,0.29
443,231,0.86
444,231,0.86
445,231,0.86
446,231,1.00
447,231,1.00
448,231,1.00
449,231,1.00
450,231,1.00
451,231,0.86
452,231,0.57
442,232,0.86
443,232,0.86
444,232,0.86
445,232,1.00
446,232,1.00
447,232,1.00
448,232,1.00
449,232,1.00
450,232,1.00
451,232,1.00
443,233,0.29
444,233,0.57
445,233,0.86
446,233,1.00
447,233,1.00
448,233,1.00
449,233,1.00
450,233,1.00
444,234,0.29
445,234,0.57
446,234,0.86
447,234,1.00
448,234,1.00
449,234,1.00
445,235,0.29
446,235,0.57
447,235,0.86
448,235,1.00
446,236,0.29
447,236,0.57
441,222,0.29
440,223,0.29
441,223,0.57
442,223,0.29
439,224,1.00
440,224,0.86
441,224,0.86
442,224,0.57
443,224,0.29
438,225,1.00
439,225,1.00
440,225,1.00
441,225,1.00
442,225,0.86
443,225,0.57
444,225,0.29
437,226,1.00
438,226,1.00
439,226,1.00
440,226,1.00
441,226,1.00
442,226,1.00
443,226,0.86
444,226,0.57
445,226,0.29
436,227,1.00
437,227,1.00
438,227,1.00
439,227,1.00
440,227,1.00
441,227,1.00
442,227,1.00
443,227,1.00
444,227,0.86
445,227,0.57
446,227,0.29
435,228,1.00
436,228,1.00
437,228,1.00
438,228,1.00
439,228,1.00
440,228,1.00
441,228,1.00
442,228,1.00
443,228,1.00
444,228,1.00
445,228,0.86
436,229,1.00
437,229,1.00
438,229,1.00
439,229,1.00
440,229,1.00
441,229,1.00
442,229,1.00
443,229,1.00
444,229,0.86
437,230,1.00
438,230,1.00
439,230,1.00
440,230,1.00
441,230,1.00
442,230,1.00
443,230,0.86
438,231,0.86
439,231,0.86
440,231,0.86
441,231,1.00
442,231,0.86
439,232,0.29
440,232,0.57
441,232,0.86
440,233,0.29
441,233,0.57
442,233,0.29
441,234,0.29
437,221,0.57
436,222,1.00
437,222,1.00
438,222,0.57
435,223,1.00
436,223,1.00
437,223,1.00
438,223,0.86
439,223,0.29
434,224,1.00
435,224,1.00
436,224,1.00
437,224,1.00
438,224,1.00
433,225,1.00
434,225,1.00
435,225,1.00
436,225,1.00
437,225,1.00
432,226,1.00
433,226,1.00
434,226,1.00
435,226,1.00
436,226,1.00
431,227,1.00
432,227,1.00
433,227,1.00
434,227,1.00
435,227,1.00
432,228,1.00
433,228,1.00
434,228,1.00
433,229,0.86
434,229,1.00
435,229,1.00
434,230,0.86
435,230,0.86
436,230,0.86
435,231,0.29
436,231,0.57
437,231,0.86
436,232,0.29
437,232,0.57
438,232,0.29
437,233,0.29
434,219,0.86
433,220,1.00
434,220,1.00
435,220,0.86
432,221,1.00
433,221,1.00
434,221,1.00
435,221,1.00
436,221,0.86
431,222,1.00
432,222,1.00
433,222,1.00
434,222,1.00
435,222,1.00
430,223,1.00
431,223,1.00
432,223,1.00
433,223,1.00
434,223,1.00
429,224,0.86
430,224,1.00
431,224,1.00
432,224,1.00
433,224,1.00
428,225,0.29
429,225,0.86
430,225,1.00
431,225,1.00
432,225,1.00
429,226,0.29
430,226,0.86
431,226,1.00
430,227,0.29
431,228,0.29
432,229,0.29
433,230,0.29
434,231,0.29
432,216,0.29
431,217,0.86
432,217,0.86
433,217,0.29
430,218,1.00
431,218,1.00
432,218,1.00
433,218,0.86
434,218,0.29
429,219,1.00
430,219,1.00
431,219,1.00
432,219,1.00
433,219,0.86
435,219,0.29
428,220,1.00
429,220,1.00
430,220,1.00
431,220,1.00
432,220,1.00
436,220,0.29
427,221,1.00
428,221,1.00
429,221,1.00
430,221,1.00
431,221,1.00
426,222,0.86
427,222,1.00
428,222,1.00
429,222,1.00
430,222,1.00
427,223,0.86
428,223,0.86
429,223,0.86
428,224,0.29
427,212,0.29
426,213,0.57
427,213,0.57
428,213,0.29
425,214,1.00
426,214,1.00
427,214,1.00
428,214,0.57
429,214,0.29
424,215,1.00
425,215,1.00
426,215,1.00
427,215,1.00
428,215,1.00
429,215,0.57
430,215,0.29
423,216,1.00
424,216,1.00
425,216,1.00
426,216,1.00
427,216,1.00
428,216,1.00
429,216,1.00
430,216,0.57
431,216,0.29
422,217,1.00
423,217,1.00
424,217,1.00
425,217,1.00
426,217,1.00
427,217,1.00
428,217,1.00
429,217,1.00
430,217,0.86
421,218,1.00
422,218,1.00
423,218,1.00
424,218,1.00
425,218,1.00
426,218,1.00
427,218,1.00
428,218,1.00
429,218,1.00
422,219,1.00
423,219,1.00
424,219,1.00
425,219,1.00
426,219,1.00
427,219,1.00
428,219,1.00
423,220,1.00
424,220,1.00
425,220,1.00
426,220,1.00
427,220,1.00
424,221,0.57
425,221,0.57
426,221,0.86
425,222,0.29
426,223,0.29
427,224,0.29
423,210,0.29
422,211,0.29
423,211,0.57
424,211,0.29
421,212,1.00
422,212,1.00
423,212,0.86
424,212,0.57
425,212,0.29
420,213,1.00
421,213,1.00
422,213,1.00
423,213,1.00
424,213,0.86
425,213,0.57
419,214,1.00
420,214,1.00
421,214,1.00
422,214,1.00
423,214,1.00
424,214,1.00
418,215,1.00
419,215,1.00
420,215,1.00
421,215,1.00
422,215,1.00
423,215,1.00
417,216,1.00
418,216,1.00
419,216,1.00
420,216,1.00
421,216,1.00
422,216,1.00
418,217,1.00
419,217,1.00
420,217,1.00
421,217,1.00
419,218,1.00
420,218,1.00
420,219,1.00
421,219,1.00
421,220,1.00
422,220,1.00
422,221,0.29
423,221,0.57
423,222,0.29
420,210,0.57
419,211,0.57
420,211,1.00
421,211,0.57
418,212,0.57
419,212,1.00
420,212,1.00
417,213,0.57
418,213,1.00
419,213,1.00
416,214,0.57
417,214,1.00
418,214,1.00
415,215,0.57
416,215,1.00
417,215,1.00
414,216,0.57
415,216,1.00
416,216,1.00
415,217,0.57
416,217,1.00
417,217,1.00
416,218,0.57
417,218,1.00
418,218,1.00
417,219,0.57
418,219,1.00
419,219,1.00
418,220,0.57
419,220,1.00
420,220,1.00
419,221,0.57
420,221,1.00
421,221,0.57
420,222,0.57

413,192,0.57
412,193,0.57
413,193,1.00
414,193,0.57
411,194,0.57
412,194,1.00
413,194,1.00
414,194,1.00
415,194,0.57
410,195,0.57
411,195,1.00
412,195,1.00
413,195,1.00
414,195,1.00
415,195,1.00
416,195,0.57
409,196,0.57
410,196,1.00
411,196,1.00
412,196,1.00
413,196,1.00
414,196,1.00
415,196,1.00
416,196,1.00
417,196,0.57
408,197,0.57
409,197,1.00
410,197,1.00
411,197,1.00
412,197,1.00
413,197,1.00
414,197,1.00
415,197,1.00
416,197,1.00
417,197,1.00
418,197,0.57
407,198,0.57
408,198,1.00
409,198,1.00
410,198,1.00
411,198,1.00
412,198,1.00
413,198,1.00
414,198,1.00
415,198,1.00
416,198,1.00
417,198,1.00
418,198,1.00
419,198,0.57
408,199,0.57
409,199,1.00
410,199,1.00
411,199,1.00
412,199,1.00
413,199,1.00
414,199,1.00
415,199,1.00
416,199,1.00
417,199,1.00
418,199,0.57
409,200,0.57
410,200,1.00
411,200,1.00
412,200,1.00
413,200,1.00
414,200,1.00
415,200,1.00
416,200,1.00
417,200,0.57
410,201,0.57
411,201,1.00
412,201,1.00
413,201,1.00
414,201,1.00
415,201,1.00
416,201,0.57
411,202,0.57
412,202,1.00
413,202,1.00
414,202,1.00
415,202,0.57
412,203,0.57
413,203,1.00
414,203,0.57
413,204,0.57
432,192,0.29
431,193,0.29
432,193,0.57
433,193,0.29
430,194,0.29
431,194,0.57
432,194,0.86
433,194,0.57
434,194,0.29
429,195,0.29
430,195,0.57
431,195,0.86
432,195,1.00
433,195,0.86
434,195,0.57
435,195,0.29
428,196,0.29
429,196,0.57
430,196,0.86
431,196,1.00
432,196,1.00
433,196,1.00
434,196,0.86
435,196,0.57
436,196,0.29
427,197,0.29
428,197,0.57
429,197,0.86
430,197,1.00
431,197,1.00
432,197,1.00
433,197,1.00
434,197,1.00
435,197,0.86
436,197,0.57
437,197,0.29
426,198,0.29
427,198,0.57
428,198,0.86
429,198,1.00
430,198,1.00
431,198,1.00
432,198,1.00
433,198,1.00
434,198,1.00
435,198,1.00
436,198,0.86
437,198,0.57
438,198,0.29
427,199,0.29
428,199,0.57
429,199,0.86
430,199,1.00
431,199,1.00
432,199,1.00
433,199,1.00
434,199,1.00
435,199,0.86
436,199,0.57
437,199,0.29
428,200,0.29
429,200,0.57
430,200,0.86
431,200,1.00
432,200,1.00
433,200,1.00
434,200,0.86
435,200,0.57
436,200,0.29
429,201,0.29
430,201,0.57
431,201,0.86
432,201,1.00
433,201,0.86
434,201,0.57
435,201,0.29
430,202,0.29
431,202,0.57
432,202,0.86
433,202,0.57
434,202,0.29
431,203,0.29
432,203,0.57
433,203,0.29
432,204,0.29
449,199,0.29
448,200,0.29
449,200,0.57
450,200,0.29
447,201,0.29
448,201,0.57
449,201,0.86
450,201,0.57
451,201,0.29
446,202,0.29
447,202,0.57
448,202,0.86
449,202,1.00
450,202,0.86
451,202,0.57
452,202,0.29
445,203,0.29
446,203,0.57
447,203,0.86
448,203,1.00
449,203,1.00
450,203,1.00
451,203,0.86
452,203,0.57
453,203,0.29
444,204,0.29
445,204,0.57
446,204,0.86
447,204,1.00
448,204,1.00
449,204,1.00
450,204,1.00
451,204,1.00
452,204,0.86
453,204,0.86
454,204,0.29
443,205,0.29
444,205,0.57
445,205,0.86
446,205,1.00
447,205,1.00
448,205,1.00
449,205,1.00
450,205,1.00
451,205,1.00
452,205,1.00
453,205,1.00
454,205,0.86
455,205,0.29
444,206,0.29
445,206,0.57
446,206,0.86
447,206,1.00
448,206,1.00
449,206,1.00
450,206,1.00
451,206,1.00
452,206,1.00
453,206,1.00
454,206,0.86
445,207,0.29
446,207,0.57
447,207,0.86
448,207,1.00
449,207,1.00
450,207,1.00
451,207,1.00
452,207,1.00
453,207,1.00
446,208,0.29
447,208,0.57
448,208,0.86
449,208,1.00
450,208,1.00
451,208,1.00
452,208,1.00
447,209,0.29
448,209,0.86
449,209,1.00
450,209,1.00
451,209,1.00
448,210,0.86
449,210,1.00
450,210,1.00
449,211,0.86
455,206,0.29
454,207,0.86
455,207,0.57
456,207,0.29
453,208,1.00
454,208,1.00
455,208,1.00
456,208,0.57
457,208,0.29
452,209,1.00
453,209,1.00
454,209,1.00
455,209,1.00
456,209,1.00
457,209,0.57
458,209,0.29
447,210,0.29
451,210,1.00
452,210,1.00
453,210,1.00
454,210,1.00
455,210,1.00
456,210,1.00
457,210,1.00
458,210,0.57
459,210,0.29
448,211,0.29
450,211,0.86
451,211,1.00
452,211,1.00
453,211,1.00
454,211,1.00
455,211,1.00
456,211,1.00
457,211,1.00
458,211,0.57
449,212,0.29
450,212,0.57
451,212,1.00
452,212,1.00
453,212,1.00
454,212,1.00
455,212,1.00
456,212,1.00
457,212,1.00
450,213,0.57
451,213,1.00
452,213,1.00
453,213,1.00
454,213,1.00
455,213,1.00
456,213,1.00
451,214,1.00
452,214,1.00
453,214,1.00
454,214,1.00
455,214,1.00
452,215,1.00
453,215,1.00
454,215,1.00
453,216,1.00
458,212,0.57
459,212,0.29
457,213,1.00
458,213,0.86
459,213,0.57
460,213,0.57
449,214,0.29
450,214,0.57
456,214,1.00
457,214,1.00
458,214,1.00
459,214,1.00
460,214,1.00
461,214,1.00
450,215,0.29
451,215,0.57
455,215,1.00
456,215,1.00
457,215,1.00
458,215,1.00
459,215,1.00
460,215,1.00
451,216,0.29
452,216,0.57
454,216,1.00
455,216,1.00
456,216,1.00
457,216,1.00
458,216,1.00
459,216,1.00
452,217,0.29
453,217,0.57
454,217,0.86
455,217,1.00
456,217,1.00
457,217,1.00
458,217,1.00
453,218,0.29
454,218,0.57
455,218,1.00
456,218,1.00
457,218,1.00
454,219,0.29
455,219,0.57
456,219,0.57
455,220,0.29
461,212,0.29
461,213,0.57
462,213,0.29
462,214,0.57
463,214,0.29
461,215,1.00
462,215,0.86
463,215,0.57
464,215,0.29
460,216,1.00
461,216,1.00
462,216,1.00
463,216,0.86
464,216,0.57
465,216,0.29
459,217,1.00
460,217,1.00
461,217,1.00
462,217,1.00
463,217,1.00
464,217,0.86
465,217,0.57
466,217,0.29
458,218,1.00
459,218,1.00
460,218,1.00
461,218,1.00
462,218,1.00
463,218,1.00
464,218,1.00
465,218,0.86
466,218,0.57
467,218,0.29
457,219,0.57
458,219,0.86
459,219,1.00
460,219,1.00
461,219,1.00
462,219,1.00
463,219,1.00
464,219,0.86
465,219,0.57
466,219,0.29
457,220,0.29
458,220,0.57
459,220,0.86
460,220,1.00
461,220,1.00
462,220,1.00
463,220,0.86
464,220,0.57
465,220,0.29
458,221,0.29
459,221,0.57
460,221,0.86
461,221,1.00
462,221,0.86
463,221,0.57
464,221,0.29
459,222,0.29
460,222,0.57
461,222,0.86
462,222,0.57
463,222,0.29
460,223,0.29
461,223,0.57
462,223,0.29
461,224,0.29
469,226,0.29
468,227,0.29
469,227,0.57
470,227,0.29
467,228,0.29
468,228,0.57
469,228,0.86
470,228,0.57
471,228,0.29
466,229,0.29
467,229,0.57
468,229,0.86
469,229,1.00
470,229,0.86
471,229,0.57
472,229,0.29
465,230,0.29
466,230,0.57
467,230,0.86
468,230,1.00
469,230,1.00
470,230,1.00
471,230,0.86
472,230,0.57
473,230,0.29
464,231,0.29
465,231,0.57
466,231,0.86
467,231,1.00
468,231,1.00
469,231,1.00
470,231,1.00
471,231,1.00
472,231,0.86
473,231,0.57
474,231,0.29
463,232,0.29
464,232,0.57
465,232,0.86
466,232,1.00
467,232,1.00
468,232,1.00
469,232,1.00
470,232,1.00
471,232,1.00
472,232,1.00
473,232,0.86
474,232,0.57
475,232,0.29
464,233,0.29
465,233,0.57
466,233,0.86
467,233,1.00
468,233,1.00
469,233,1.00
470,233,1.00
471,233,1.00
472,233,0.86
473,233,0.57
474,233,0.29
465,234,0.29
466,234,0.57
467,234,0.86
468,234,1.00
469,234,1.00
470,234,1.00
471,234,0.86
472,234,0.57
473,234,0.29
466,235,0.29
467,235,0.57
468,235,0.86
469,235,1.00
470,235,0.86
471,235,0.57
472,235,0.29
467,236,0.29
468,236,0.57
469,236,0.86
470,236,0.57
471,236,0.29
468,237,0.29
469,237,0.57
470,237,0.29
469,238,0.29
478,248,0.29
477,249,0.29
478,249,0.57
479,249,0.29
476,250,0.29
477,250,0.57
478,250,0.86
479,250,0.57
480,250,0.29
475,251,0.29
476,251,0.57
477,251,0.86
478,251,1.00
479,251,0.86
480,251,0.57
481,251,0.29
474,252,0.29
475,252,0.57
476,252,0.86
477,252,1.00
478,252,1.00
479,252,1.00
480,252,0.86
481,252,0.57
482,252,0.29
473,253,0.29
474,253,0.57
475,253,0.86
476,253,1.00
477,253,1.00
478,253,1.00
479,253,1.00
480,253,1.00
481,253,0.86
482,253,0.57
483,253,0.29
472,254,0.29
473,254,0.57
474,254,0.86
475,254,1.00
476,254,1.00
477,254,1.00
478,254,1.00
479,254,1.00
480,254,1.00
481,254,1.00
482,254,0.86
483,254,0.57
484,254,0.29
473,255,0.29
474,255,0.57
475,255,0.86
476,255,1.00
477,255,1.00
478,255,1.00
479,255,1.00
480,255,1.00
481,255,0.86
482,255,0.57
483,255,0.29
474,256,0.29
475,256,0.57
476,256,0.86
477,256,1.00
478,256,1.00
479,256,1.00
480,256,0.86
481,256,0.57
482,256,0.29
475,257,0.29
476,257,0.57
477,257,0.86
478,257,1.00
479,257,0.86
480,257,0.57
481,257,0.29
476,258,0.29
477,258,0.57
478,258,0.86
479,258,0.57
480,258,0.29
477,259,0.29
478,259,0.57
479,259,0.29
478,260,0.29
483,266,0.29
482,267,0.29
483,267,0.57
484,267,0.29
481,268,0.29
482,268,0.57
483,268,0.86
484,268,0.57
485,268,0.29
480,269,0.29
481,269,0.57
482,269,0.86
483,269,1.00
484,269,0.86
485,269,0.57
486,269,0.29
479,270,0.29
480,270,0.57
481,270,0.86
482,270,1.00
483,270,1.00
484,270,1.00
485,270,0.86
486,270,0.57
487,270,0.29
478,271,0.29
479,271,0.57
480,271,0.86
481,271,1.00
482,271,1.00
483,271,1.00
484,271,1.00
485,271,1.00
486,271,0.86
487,271,0.57
488,271,0.29
477,272,0.29
478,272,0.57
479,272,0.86
480,272,1.00
481,272,1.00
482,272,1.00
483,272,1.00
484,272,1.00
485,272,1.00
486,272,1.00
487,272,0.86
488,272,0.57
489,272,0.29
478,273,0.29
479,273,0.57
480,273,0.86
481,273,1.00
482,273,1.00
483,273,1.00
484,273,1.00
485,273,1.00
486,273,0.86
487,273,0.57
488,273,0.29
479,274,0.29
480,274,0.57
481,274,0.86
482,274,1.00
483,274,1.00
484,274,1.00
485,274,0.86
486,274,0.57
487,274,0.29
480,275,0.29
481,275,0.57
482,275,0.86
483,275,1.00
484,275,0.86
485,275,0.57
486,275,0.29
481,276,0.29
482,276,0.57
483,276,0.86
484,276,0.57
485,276,0.29
482,277,0.29
483,277,0.57
484,277,0.29
483,278,0.29
484,279,0.29
483,280,0.29
484,280,0.57
485,280,0.29
482,281,0.29
483,281,0.57
484,281,0.86
485,281,0.57
486,281,0.29
481,282,0.29
482,282,0.57
483,282,0.86
484,282,1.00
485,282,0.86
486,282,0.57
487,282,0.29
480,283,0.29
481,283,0.57
482,283,0.86
483,283,1.00
484,283,1.00
485,283,1.00
486,283,0.86
487,283,0.57
488,283,0.57
479,284,0.29
480,284,0.57
481,284,0.86
482,284,1.00
483,284,1.00
484,284,1.00
485,284,1.00
486,284,1.00
487,284,1.00
488,284,1.00
489,284,1.00
478,285,0.29
479,285,0.57
480,285,0.86
481,285,1.00
482,285,1.00
483,285,1.00
484,285,1.00
485,285,1.00
486,285,1.00
487,285,1.00
488,285,1.00
489,285,1.00
490,285,1.00
479,286,0.29
480,286,0.57
481,286,0.86
482,286,1.00
483,286,1.00
484,286,1.00
485,286,1.00
486,286,1.00
487,286,0.86
488,286,0.57
489,286,0.57
480,287,0.29
481,287,0.57
482,287,0.86
483,287,1.00
484,287,1.00
485,287,1.00
486,287,0.86
487,287,0.57
488,287,0.29
481,288,0.29
482,288,0.57
483,288,1.00
484,288,1.00
485,288,1.00
486,288,0.57
487,288,0.29
482,289,0.57
483,289,1.00
484,289,1.00
485,289,1.00
486,289,0.57
483,290,1.00
484,290,1.00
485,290,1.00
484,291,1.00
481,290,0.29
482,290,0.86
486,290,0.86
487,290,0.29
480,291,0.29
481,291,0.86
482,291,1.00
483,291,1.00
485,291,1.00
486,291,1.00
487,291,0.86
488,291,0.29
479,292,0.29
480,292,0.86
481,292,1.00
482,292,1.00
483,292,1.00
484,292,1.00
485,292,1.00
486,292,1.00
487,292,1.00
488,292,0.86
489,292,0.29
478,293,0.29
479,293,0.86
480,293,1.00
481,293,1.00
482,293,1.00
483,293,1.00
484,293,1.00
485,293,1.00
486,293,1.00
487,293,1.00
488,293,1.00
489,293,0.86
490,293,0.29
479,294,0.86
480,294,1.00
481,294,1.00
482,294,1.00
483,294,1.00
484,294,1.00
485,294,1.00
486,294,1.00
487,294,1.00
488,294,1.00
489,294,0.86
480,295,0.86
481,295,1.00
482,295,1.00
483,295,1.00
484,295,1.00
485,295,1.00
486,295,1.00
487,295,1.00
488,295,0.86
481,296,0.86
482,296,1.00
483,296,1.00
484,296,1.00
485,296,1.00
486,296,1.00
487,296,0.86
482,297,0.86
483,297,1.00
484,297,1.00
485,297,1.00
486,297,0.86
483,298,0.86
484,298,1.00
485,298,0.86
484,299,0.86
478,294,0.29
490,294,0.29
479,295,0.29
489,295,0.29
480,296,0.29
488,296,0.29
481,297,0.29
487,297,0.29
482,298,0.29
486,298,0.29
483,299,0.29
485,299,0.29
484,300,0.29
485,255,0.29
484,256,0.29
485,256,0.57
486,256,0.29
483,257,0.29
484,257,0.57
485,257,0.86
486,257,0.57
487,257,0.29
482,258,0.29
483,258,0.57
484,258,0.86
485,258,1.00
486,258,0.86
487,258,0.57
488,258,0.29
481,259,0.29
482,259,0.57
483,259,0.86
484,259,1.00
485,259,1.00
486,259,1.00
487,259,0.86
488,259,0.57
489,259,0.29
480,260,0.29
481,260,0.57
482,260,0.86
483,260,1.00
484,260,1.00
485,260,1.00
486,260,1.00
487,260,1.00
488,260,0.86
489,260,0.57
490,260,0.57
479,261,0.29
480,261,0.57
481,261,0.86
482,261,1.00
483,261,1.00
484,261,1.00
485,261,1.00
486,261,1.00
487,261,1.00
488,261,1.00
489,261,1.00
490,261,1.00
491,261,1.00
480,262,0.29
481,262,0.57
482,262,0.86
483,262,1.00
484,262,1.00
485,262,1.00
486,262,1.00
487,262,1.00
488,262,1.00
489,262,1.00
490,262,1.00
481,263,0.29
482,263,0.57
483,263,0.86
484,263,1.00
485,263,1.00
486,263,1.00
487,263,1.00
488,263,1.00
489,263,1.00
482,264,0.29
483,264,0.57
484,264,0.86
485,264,1.00
486,264,1.00
487,264,1.00
488,264,1.00
483,265,0.29
484,265,0.57
485,265,1.00
486,265,1.00
487,265,1.00
484,266,0.29
485,266,0.57
486,266,0.57
485,267,0.29
477,205,0.57
476,206,1.00
477,206,1.00
478,206,0.57
475,207,1.00
476,207,1.00
477,207,1.00
478,207,1.00
479,207,0.57
474,208,1.00
475,208,1.00
476,208,1.00
477,208,1.00
478,208,1.00
479,208,1.00
480,208,0.57
473,209,1.00
474,209,1.00
475,209,1.00
476,209,1.00
477,209,1.00
478,209,1.00
479,209,1.00
480,209,0.86
481,209,0.29
472,210,1.00
473,210,1.00
474,210,1.00
475,210,1.00
476,210,1.00
477,210,1.00
478,210,1.00
479,210,1.00
480,210,1.00
481,210,0.86
482,210,0.29
471,211,1.00
472,211,1.00
473,211,1.00
474,211,1.00
475,211,1.00
476,211,1.00
477,211,1.00
478,211,1.00
479,211,1.00
480,211,1.00
481,211,1.00
482,211,0.86
483,211,0.29
472,212,1.00
473,212,1.00
474,212,1.00
475,212,1.00
476,212,1.00
477,212,1.00
478,212,1.00
479,212,1.00
480,212,1.00
481,212,0.86
482,212,0.29
473,213,1.00
474,213,1.00
475,213,1.00
476,213,1.00
477,213,1.00
478,213,1.00
479,213,1.00
480,213,0.86
481,213,0.29
474,214,1.00
475,214,1.00
476,214,1.00
477,214,1.00
478,214,1.00
479,214,0.86
480,214,0.29
475,215,0.86
476,215,1.00
477,215,1.00
478,215,0.86
479,215,0.29
476,216,0.86
477,216,0.86
478,216,0.29
477,217,0.29
476,205,0.86
475,206,1.00
474,207,1.00
473,208,1.00
472,209,1.00
471,210,1.00
470,211,0.57
471,212,0.29
472,213,0.29
473,214,0.29
474,215,0.29
475,216,0.29
476,217,0.29
467,202,0.29
466,203,0.29
467,203,0.57
468,203,0.29
465,204,0.29
466,204,0.57
467,204,0.86
468,204,0.57
469,204,0.29
464,205,0.29
465,205,0.57
466,205,0.86
467,205,1.00
468,205,0.86
469,205,0.57
470,205,0.29
463,206,0.29
464,206,0.57
465,206,0.86
466,206,1.00
467,206,1.00
468,206,1.00
469,206,0.86
470,206,0.86
471,206,0.86
462,207,0.29
463,207,0.57
464,207,0.86
465,207,1.00
466,207,1.00
467,207,1.00
468,207,1.00
469,207,1.00
470,207,1.00
471,207,1.00
472,207,1.00
461,208,0.29
462,208,0.57
463,208,0.86
464,208,1.00
465,208,1.00
466,208,1.00
467,208,1.00
468,208,1.00
469,208,1.00
470,208,1.00
471,208,1.00
472,208,1.00
462,209,0.29
463,209,0.57
464,209,0.86
465,209,1.00
466,209,1.00
467,209,1.00
468,209,1.00
469,209,1.00
470,209,1.00
471,209,1.00
463,210,0.29
464,210,0.57
465,210,0.86
466,210,1.00
467,210,1.00
468,210,1.00
469,210,0.86
470,210,0.86
464,211,0.29
465,211,0.57
466,211,0.86
467,211,1.00
468,211,0.86
469,211,0.57
465,212,0.29
466,212,0.57
467,212,0.86
468,212,0.57
469,212,0.29
466,213,0.29
467,213,0.57
468,213,0.29
467,214,0.29
474,202,0.29
473,203,0.29
474,203,0.57
475,203,0.29
472,204,0.29
473,204,0.57
474,204,0.86
475,204,0.57
476,204,0.29
471,205,0.29
472,205,0.57
473,205,0.86
474,205,1.00
475,205,0.86
472,206,0.86
473,206,1.00
474,206,1.00
473,207,1.00
501,221,0.29
500,222,0.29
501,222,0.57
502,222,0.29
499,223,0.29
500,223,0.57
501,223,0.86
502,223,0.57
503,223,0.29
498,224,0.29
499,224,0.57
500,224,0.86
501,224,1.00
502,224,0.86
503,224,0.57
504,224,0.29
497,225,0.29
498,225,0.57
499,225,0.86
500,225,1.00
501,225,1.00
502,225,1.00
503,225,0.86
504,225,0.57
505,225,0.29
496,226,0.29
497,226,0.57
498,226,0.86
499,226,1.00
500,226,1.00
501,226,1.00
502,226,1.00
503,226,1.00
504,226,0.86
505,226,0.57
506,226,0.29
495,227,0.29
496,227,0.57
497,227,0.86
498,227,1.00
499,227,1.00
500,227,1.00
501,227,1.00
502,227,1.00
503,227,1.00
504,227,1.00
505,227,0.86
506,227,0.57
507,227,0.29
496,228,0.29
497,228,0.57
498,228,0.86
499,228,1.00
500,228,1.00
501,228,1.00
502,228,1.00
503,228,1.00
504,228,0.86
505,228,0.57
506,228,0.29
497,229,0.29
498,229,0.57
499,229,1.00
500,229,1.00
501,229,1.00
502,229,1.00
503,229,0.86
504,229,0.57
505,229,0.29
498,230,0.57
499,230,1.00
500,230,1.00
501,230,1.00
502,230,1.00
503,230,0.57
504,230,0.29
499,231,1.00
500,231,1.00
501,231,1.00
502,231,1.00
503,231,0.57
500,232,1.00
501,232,1.00
502,232,1.00
501,233,1.00
514,264,1.00
513,265,1.00
514,265,1.00
515,265,1.00
512,266,1.00
513,266,1.00
514,266,1.00
515,266,1.00
516,266,0.86
511,267,1.00
512,267,1.00
513,267,1.00
514,267,1.00
515,267,1.00
516,267,0.86
517,267,0.29
510,268,0.86
511,268,1.00
512,268,1.00
513,268,1.00
514,268,1.00
515,268,1.00
516,268,0.86
517,268,0.57
518,268,0.29
509,269,0.29
510,269,0.86
511,269,1.00
512,269,1.00
513,269,1.00
514,269,1.00
515,269,1.00
516,269,1.00
517,269,0.86
518,269,0.57
519,269,0.29
508,270,0.29
509,270,0.57
510,270,0.86
511,270,1.00
512,270,1.00
513,270,1.00
514,270,1.00
515,270,1.00
516,270,1.00
517,270,1.00
518,270,0.86
519,270,0.57
520,270,0.29
509,271,0.29
510,271,0.57
511,271,0.86
512,271,1.00
513,271,1.00
514,271,1.00
515,271,1.00
516,271,1.00
517,271,0.86
518,271,0.57
519,271,0.29
510,272,0.29
511,272,0.57
512,272,0.86
513,272,1.00
514,272,1.00
515,272,1.00
516,272,0.86
517,272,0.57
518,272,0.29
511,273,0.29
512,273,0.57
513,273,0.86
514,273,1.00
515,273,0.86
516,273,0.57
517,273,0.29
512,274,0.29
513,274,0.57
514,274,0.86
515,274,0.57
516,274,0.29
513,275,0.29
514,275,0.57
515,275,0.29
514,276,0.29
517,276,0.57
516,277,0.57
517,277,1.00
518,277,1.00
515,278,0.57
516,278,1.00
517,278,1.00
518,278,1.00
519,278,1.00
514,279,0.57
515,279,1.00
516,279,1.00
517,279,1.00
518,279,1.00
519,279,1.00
520,279,1.00
513,280,0.57
514,280,1.00
515,280,1.00
516,280,1.00
517,280,1.00
518,280,1.00
519,280,1.00
520,280,1.00
521,280,1.00
512,281,0.57
513,281,1.00
514,281,1.00
515,281,1.00
516,281,1.00
517,281,1.00
518,281,1.00
519,281,1.00
520,281,1.00
521,281,1.00
522,281,1.00
511,282,0.29
512,282,0.57
513,282,1.00
514,282,1.00
515,282,1.00
516,282,1.00
517,282,1.00
518,282,1.00
519,282,1.00
520,282,1.00
521,282,1.00
522,282,1.00
523,282,0.57
512,283,0.29
513,283,0.57
514,283,1.00
515,283,1.00
516,283,1.00
517,283,1.00
518,283,1.00
519,283,1.00
520,283,1.00
521,283,1.00
522,283,0.57
513,284,0.29
514,284,0.57
515,284,1.00
516,284,1.00
517,284,1.00
518,284,1.00
519,284,1.00
520,284,1.00
521,284,0.57
514,285,0.29
515,285,0.57
516,285,1.00
517,285,1.00
518,285,1.00
519,285,1.00
520,285,0.57
515,286,0.29
516,286,0.57
517,286,1.00
518,286,1.00
519,286,0.57
516,287,0.29
517,287,0.57
518,287,0.57
517,288,0.29
518,275,0.29
518,276,0.57
519,276,0.29
519,277,0.57
520,277,0.29
520,278,0.57
521,278,0.29
521,279,0.57
522,279,0.29
522,280,0.57
523,280,0.29
523,281,0.57
524,281,0.29
512,259,0.29
511,260,0.29
512,260,0.57
513,260,0.29
510,261,0.29
511,261,0.57
512,261,0.86
513,261,0.57
514,261,0.29
509,262,0.29
510,262,0.57
511,262,0.86
512,262,1.00
513,262,0.86
514,262,0.57
515,262,0.29
508,263,0.29
509,263,0.57
510,263,0.86
511,263,1.00
512,263,1.00
513,263,1.00
514,263,0.86
515,263,0.57
516,263,0.29
507,264,0.29
508,264,0.57
509,264,0.86
510,264,1.00
511,264,1.00
512,264,1.00
513,264,1.00
515,264,0.86
516,264,0.57
517,264,0.29
506,265,0.29
507,265,0.57
508,265,0.86
509,265,1.00
510,265,1.00
511,265,1.00
512,265,1.00
516,265,0.86
517,265,0.57
518,265,0.29
507,266,0.29
508,266,0.57
509,266,0.86
510,266,1.00
511,266,1.00
517,266,0.29
508,267,0.29
509,267,0.57
510,267,0.86
509,268,0.29
497,231,0.29
498,231,0.57
496,232,0.86
497,232,0.86
498,232,0.86
499,232,1.00
503,232,0.57
504,232,0.29
495,233,1.00
496,233,1.00
497,233,1.00
498,233,1.00
499,233,1.00
500,233,1.00
502,233,1.00
503,233,0.86
504,233,0.57
505,233,0.29
494,234,1.00
495,234,1.00
496,234,1.00
497,234,1.00
498,234,1.00
499,234,1.00
500,234,1.00
501,234,1.00
502,234,1.00
503,234,1.00
504,234,0.86
505,234,0.86
506,234,0.86
495,235,1.00
496,235,1.00
497,235,1.00
498,235,1.00
499,235,1.00
500,235,1.00
501,235,1.00
502,235,1.00
503,235,0.86
504,235,0.86
505,235,0.86
496,236,0.86
497,236,0.86
498,236,0.86
499,236,1.00
500,236,1.00
501,236,1.00
502,236,0.86
503,236,0.86
504,236,0.86
497,237,0.29
498,237,0.57
499,237,0.86
500,237,1.00
501,237,0.86
502,237,0.86
503,237,0.86
498,238,0.29
499,238,0.57
500,238,0.86
501,238,0.86
502,238,0.86
499,239,0.29
500,239,0.86
501,239,0.86
500,240,0.29
492,211,0.57
491,212,1.00
492,212,1.00
493,212,0.57
490,213,1.00
491,213,1.00
492,213,1.00
493,213,1.00
494,213,0.57
489,214,1.00
490,214,1.00
491,214,1.00
492,214,1.00
493,214,1.00
494,214,1.00
495,214,0.57
488,215,1.00
489,215,1.00
490,215,1.00
491,215,1.00
492,215,1.00
493,215,1.00
494,215,1.00
495,215,1.00
496,215,0.57
487,216,1.00
488,216,1.00
489,216,1.00
490,216,1.00
491,216,1.00
492,216,1.00
493,216,1.00
494,216,1.00
495,216,1.00
496,216,1.00
497,216,0.57
486,217,0.86
487,217,1.00
488,217,1.00
489,217,1.00
490,217,1.00
491,217,1.00
492,217,1.00
493,217,1.00
494,217,1.00
495,217,1.00
496,217,1.00
497,217,0.57
498,217,0.29
487,218,0.86
488,218,1.00
489,218,1.00
490,218,1.00
491,218,1.00
492,218,1.00
493,218,1.00
494,218,1.00
495,218,1.00
496,218,0.57
497,218,0.29
488,219,0.86
489,219,1.00
490,219,1.00
491,219,1.00
492,219,1.00
493,219,1.00
494,219,1.00
495,219,0.57
496,219,0.29
489,220,0.57
490,220,1.00
491,220,1.00
492,220,1.00
493,220,1.00
494,220,0.57
495,220,0.29
490,221,0.57
491,221,1.00
492,221,1.00
493,221,0.57
494,221,0.29
491,222,0.57
492,222,0.57
493,222,0.29
492,223,0.29
491,210,0.29
490,211,0.29
491,211,0.57
489,212,0.29
490,212,0.57
488,213,0.29
489,213,0.57
487,214,0.29
488,214,0.57
486,215,0.29
487,215,0.57
485,216,0.57
486,216,0.57
503,267,0.29
502,268,0.29
503,268,0.57
504,268,0.29
501,269,0.29
502,269,0.57
503,269,0.86
504,269,0.57
505,269,0.29
500,270,0.86
501,270,0.86
502,270,0.86
503,270,1.00
504,270,0.86
505,270,0.57
506,270,0.29
499,271,0.86
500,271,0.86
501,271,0.86
502,271,1.00
503,271,1.00
504,271,1.00
505,271,0.86
506,271,0.57
507,271,0.29
498,272,0.86
499,272,0.86
500,272,0.86
501,272,1.00
502,272,1.00
503,272,1.00
504,272,1.00
505,272,1.00
506,272,0.86
507,272,0.57
508,272,0.29
497,273,0.86
498,273,0.86
499,273,0.86
500,273,1.00
501,273,1.00
502,273,1.00
503,273,1.00
504,273,1.00
505,273,1.00
506,273,1.00
507,273,0.86
508,273,0.57
509,273,0.29
498,274,0.29
499,274,0.57
500,274,0.86
501,274,1.00
502,274,1.00
503,274,1.00
504,274,1.00
505,274,1.00
506,274,0.86
507,274,0.57
508,274,0.29
499,275,0.29
500,275,0.57
501,275,0.86
502,275,1.00
503,275,1.00
504,275,1.00
505,275,0.86
506,275,0.57
507,275,0.29
500,276,0.29
501,276,0.57
502,276,0.86
503,276,1.00
504,276,0.86
505,276,0.57
506,276,0.29
501,277,0.29
502,277,0.57
503,277,0.86
504,277,0.57
505,277,0.29
502,278,0.29
503,278,0.57
504,278,0.29
503,279,0.29
517,310,0.29
516,311,0.29
517,311,0.57
518,311,0.29
515,312,0.29
516,312,0.57
517,312,0.86
518,312,0.86
519,312,0.29
514,313,0.29
515,313,0.57
516,313,0.86
517,313,1.00
518,313,1.00
519,313,0.86
520,313,0.29
513,314,0.29
514,314,0.57
515,314,0.86
516,314,1.00
517,314,1.00
518,314,1.00
519,314,1.00
520,314,0.86
521,314,0.29
512,315,0.29
513,315,0.57
514,315,0.86
515,315,1.00
516,315,1.00
517,315,1.00
518,315,1.00
519,315,1.00
520,315,1.00
521,315,0.86
522,315,0.29
511,316,0.29
512,316,0.57
513,316,0.86
514,316,1.00
515,316,1.00
516,316,1.00
517,316,1.00
518,316,1.00
519,316,1.00
520,316,1.00
521,316,1.00
522,316,0.86
523,316,0.29
512,317,0.29
513,317,0.86
514,317,1.00
515,317,1.00
516,317,1.00
517,317,1.00
518,317,1.00
519,317,1.00
520,317,1.00
521,317,1.00
522,317,0.86
513,318,0.86
514,318,1.00
515,318,1.00
516,318,1.00
517,318,1.00
518,318,1.00
519,318,1.00
520,318,1.00
521,318,1.00
514,319,0.86
515,319,1.00
516,319,1.00
517,319,1.00
518,319,1.00
519,319,1.00
520,319,1.00
515,320,0.86
516,320,1.00
517,320,1.00
518,320,1.00
519,320,1.00
516,321,0.86
517,321,1.00
518,321,1.00
517,322,0.86
523,317,0.29
512,318,0.29
522,318,0.86
523,318,0.57
524,318,0.29
513,319,0.29
521,319,0.86
522,319,0.57
523,319,0.29
514,320,0.29
520,320,0.86
521,320,0.57
522,320,0.29
515,321,0.29
519,321,0.86
520,321,0.57
521,321,0.29
516,322,0.29
518,322,0.86
519,322,0.57
520,322,0.29
517,323,0.29
518,323,0.57
519,323,0.29
518,324,0.29
493,278,0.29
492,279,0.29
493,279,0.57
494,279,0.29
491,280,0.29
492,280,0.57
493,280,0.86
494,280,0.57
495,280,0.29
490,281,0.29
491,281,0.57
492,281,0.86
493,281,1.00
494,281,0.86
495,281,0.57
496,281,0.29
489,282,0.29
490,282,0.57
491,282,0.86
492,282,1.00
493,282,1.00
494,282,1.00
495,282,0.86
496,282,0.57
497,282,0.29
489,283,0.57
490,283,0.86
491,283,1.00
492,283,1.00
493,283,1.00
494,283,1.00
495,283,1.00
496,283,0.86
497,283,0.57
498,283,0.29
490,284,1.00
491,284,1.00
492,284,1.00
493,284,1.00
494,284,1.00
495,284,1.00
496,284,1.00
497,284,0.86
498,284,0.57
499,284,0.29
491,285,1.00
492,285,1.00
493,285,1.00
494,285,1.00
495,285,1.00
496,285,0.86
497,285,0.57
498,285,0.29
490,286,0.57
491,286,0.86
492,286,1.00
493,286,1.00
494,286,1.00
495,286,0.86
496,286,0.57
497,286,0.29
490,287,0.29
491,287,0.57
492,287,0.86
493,287,1.00
494,287,0.86
495,287,0.57
496,287,0.29
491,288,0.29
492,288,0.57
493,288,0.86
494,288,0.57
495,288,0.29
492,289,0.29
493,289,0.57
494,289,0.29
493,290,0.29
491,259,0.29
491,260,0.57
492,260,0.29
492,261,0.57
493,261,0.29
491,262,1.00
492,262,0.86
493,262,0.57
494,262,0.57
490,263,1.00
491,263,1.00
492,263,1.00
493,263,1.00
494,263,1.00
495,263,1.00
489,264,1.00
490,264,1.00
491,264,1.00
492,264,1.00
493,264,1.00
494,264,1.00
495,264,1.00
496,264,1.00
488,265,1.00
489,265,1.00
490,265,1.00
491,265,1.00
492,265,1.00
493,265,1.00
494,265,1.00
495,265,1.00
496,265,1.00
497,265,1.00
487,266,0.57
488,266,0.86
489,266,1.00
490,266,1.00
491,266,1.00
492,266,1.00
493,266,1.00
494,266,1.00
495,266,1.00
496,266,1.00
487,267,0.29
488,267,0.57
489,267,0.86
490,267,1.00
491,267,1.00
492,267,1.00
493,267,1.00
494,267,1.00
495,267,1.00
488,268,0.29
489,268,0.57
490,268,0.86
491,268,1.00
492,268,1.00
493,268,1.00
494,268,1.00
489,269,0.29
490,269,0.86
491,269,1.00
492,269,1.00
493,269,1.00
490,270,0.86
491,270,1.00
492,270,1.00
491,271,0.86
500,247,1.00
499,248,0.57
500,248,1.00
501,248,1.00
498,249,0.29
499,249,0.57
500,249,1.00
501,249,1.00
502,249,1.00
497,250,0.29
498,250,0.57
499,250,0.86
500,250,1.00
501,250,1.00
502,250,1.00
503,250,1.00
496,251,0.29
497,251,0.57
498,251,0.86
499,251,1.00
500,251,1.00
501,251,1.00
502,251,1.00
503,251,1.00
504,251,1.00
495,252,0.29
496,252,0.57
497,252,0.86
498,252,1.00
499,252,1.00
500,252,1.00
501,252,1.00
502,252,1.00
503,252,1.00
504,252,1.00
505,252,1.00
494,253,0.29
495,253,0.57
496,253,0.86
497,253,1.00
498,253,1.00
499,253,1.00
500,253,1.00
501,253,1.00
502,253,1.00
503,253,1.00
504,253,1.00
505,253,0.86
506,253,0.86
495,254,0.29
496,254,0.57
497,254,0.86
498,254,1.00
499,254,1.00
500,254,1.00
501,254,1.00
502,254,1.00
503,254,0.86
504,254,0.57
505,254,0.29
496,255,0.29
497,255,0.57
498,255,0.86
499,255,1.00
500,255,1.00
501,255,1.00
502,255,0.86
503,255,0.57
504,255,0.29
497,256,0.29
498,256,0.57
499,256,0.86
500,256,1.00
501,256,0.86
502,256,0.57
503,256,0.29
498,257,0.29
499,257,0.57
500,257,0.86
501,257,0.57
502,257,0.29
499,258,0.29
500,258,0.57
501,258,0.29
500,259,0.29
504,241,1.00
503,242,0.57
504,242,1.00
505,242,1.00
502,243,0.29
503,243,0.57
504,243,1.00
505,243,1.00
506,243,1.00
501,244,0.29
502,244,0.57
503,244,0.86
504,244,1.00
505,244,1.00
506,244,1.00
507,244,0.57
500,245,0.29
501,245,0.57
502,245,0.86
503,245,1.00
504,245,1.00
505,245,1.00
506,245,1.00
507,245,0.57
508,245,0.29
499,246,0.29
500,246,0.57
501,246,0.86
502,246,1.00
503,246,1.00
504,246,1.00
505,246,1.00
506,246,1.00
507,246,0.86
508,246,0.57
509,246,0.29
498,247,0.29
499,247,0.57
501,247,1.00
502,247,1.00
503,247,1.00
504,247,1.00
505,247,1.00
506,247,1.00
507,247,1.00
508,247,0.86
509,247,0.86
510,247,0.86
502,248,1.00
503,248,1.00
504,248,1.00
505,248,1.00
506,248,1.00
507,248,0.86
508,248,0.86
509,248,0.86
503,249,1.00
504,249,1.00
505,249,1.00
506,249,0.86
507,249,0.86
508,249,0.86
504,250,1.00
505,250,0.86
506,250,0.86
507,250,0.86
505,251,0.86
506,251,0.86
513,230,1.00
512,231,0.86
513,231,1.00
514,231,1.00
511,232,0.29
512,232,0.86
513,232,1.00
514,232,1.00
515,232,1.00
510,233,0.29
511,233,0.57
512,233,0.86
513,233,1.00
514,233,1.00
515,233,1.00
516,233,1.00
509,234,0.29
510,234,0.57
511,234,0.86
512,234,1.00
513,234,1.00
514,234,1.00
515,234,1.00
516,234,1.00
517,234,0.86
508,235,0.57
509,235,0.57
510,235,0.86
511,235,1.00
512,235,1.00
513,235,1.00
514,235,1.00
515,235,1.00
516,235,1.00
517,235,0.86
518,235,0.29
507,236,1.00
508,236,1.00
509,236,1.00
510,236,1.00
511,236,1.00
512,236,1.00
513,236,1.00
514,236,1.00
515,236,1.00
516,236,1.00
517,236,0.86
518,236,0.57
519,236,0.29
508,237,1.00
509,237,1.00
510,237,1.00
511,237,1.00
512,237,1.00
513,237,1.00
514,237,1.00
515,237,1.00
516,237,0.86
517,237,0.57
518,237,0.29
509,238,1.00
510,238,1.00
511,238,1.00
512,238,1.00
513,238,1.00
514,238,1.00
515,238,0.86
516,238,0.57
517,238,0.29
510,239,1.00
511,239,1.00
512,239,1.00
513,239,1.00
514,239,0.86
515,239,0.57
516,239,0.29
511,240,0.57
512,240,0.57
513,240,0.86
514,240,0.57
515,240,0.29
512,241,0.29
513,241,0.57
514,241,0.29
513,242,0.29
528,228,1.00
527,229,1.00
528,229,1.00
529,229,1.00
526,230,1.00
527,230,1.00
528,230,1.00
529,230,1.00
530,230,1.00
525,231,0.57
526,231,1.00
527,231,1.00
528,231,1.00
529,231,1.00
530,231,1.00
531,231,1.00
524,232,0.29
525,232,0.57
526,232,1.00
527,232,1.00
528,232,1.00
529,232,1.00
530,232,1.00
531,232,1.00
532,232,1.00
523,233,0.29
524,233,0.57
525,233,0.86
526,233,1.00
527,233,1.00
528,233,1.00
529,233,1.00
530,233,1.00
531,233,1.00
532,233,1.00
533,233,1.00
522,234,0.29
523,234,0.57
524,234,0.86
525,234,1.00
526,234,1.00
527,234,1.00
528,234,1.00
529,234,1.00
530,234,1.00
531,234,1.00
532,234,1.00
533,234,1.00
534,234,0.86
523,235,0.29
524,235,0.57
525,235,0.86
526,235,1.00
527,235,1.00
528,235,1.00
529,235,1.00
530,235,1.00
531,235,1.00
532,235,1.00
533,235,0.86
524,236,0.29
525,236,0.57
526,236,0.86
527,236,1.00
528,236,1.00
529,236,1.00
530,236,0.86
531,236,0.86
532,236,0.86
525,237,0.29
526,237,0.57
527,237,0.86
528,237,1.00
529,237,0.86
530,237,0.57
531,237,0.29
526,238,0.29
527,238,0.57
528,238,0.86
529,238,0.57
530,238,0.29
527,239,0.29
528,239,0.57
529,239,0.29
528,240,0.29
547,242,1.00
546,243,1.00
547,243,1.00
548,243,1.00
545,244,1.00
546,244,1.00
547,244,1.00
548,244,1.00
549,244,1.00
544,245,0.57
545,245,1.00
546,245,1.00
547,245,1.00
548,245,1.00
549,245,1.00
550,245,1.00
543,246,0.29
544,246,0.86
545,246,1.00
546,246,1.00
547,246,1.00
548,246,1.00
549,246,1.00
550,246,1.00
551,246,1.00
542,247,0.29
543,247,0.86
544,247,1.00
545,247,1.00
546,247,1.00
547,247,1.00
548,247,1.00
549,247,1.00
550,247,1.00
551,247,1.00
552,247,1.00
541,248,0.57
542,248,0.57
543,248,0.86
544,248,1.00
545,248,1.00
546,248,1.00
547,248,1.00
548,248,1.00
549,248,1.00
550,248,1.00
551,248,1.00
552,248,1.00
553,248,1.00
542,249,0.57
543,249,0.57
544,249,0.86
545,249,1.00
546,249,1.00
547,249,1.00
548,249,1.00
549,249,1.00
550,249,1.00
551,249,1.00
552,249,1.00
543,250,0.57
544,250,0.57
545,250,0.86
546,250,1.00
547,250,1.00
548,250,1.00
549,250,1.00
550,250,1.00
551,250,1.00
544,251,0.57
545,251,0.86
546,251,1.00
547,251,1.00
548,251,1.00
549,251,1.00
550,251,1.00
545,252,1.00
546,252,1.00
547,252,1.00
548,252,1.00
549,252,0.86
546,253,1.00
547,253,1.00
548,253,0.86
547,254,1.00
556,276,0.29
555,277,0.29
556,277,0.57
557,277,0.29
554,278,0.29
555,278,0.57
556,278,0.86
557,278,0.57
558,278,0.29
553,279,0.29
554,279,0.57
555,279,0.86
556,279,1.00
557,279,0.86
558,279,0.57
559,279,0.29
552,280,0.29
553,280,0.57
554,280,0.86
555,280,1.00
556,280,1.00
557,280,1.00
558,280,0.86
559,280,0.57
560,280,0.29
551,281,0.86
552,281,0.86
553,281,0.86
554,281,1.00
555,281,1.00
556,281,1.00
557,281,1.00
558,281,1.00
559,281,0.86
560,281,0.57
561,281,0.29
550,282,0.86
551,282,1.00
552,282,1.00
553,282,1.00
554,282,1.00
555,282,1.00
556,282,1.00
557,282,1.00
558,282,1.00
559,282,1.00
560,282,0.86
561,282,0.57
562,282,0.29
551,283,1.00
552,283,1.00
553,283,1.00
554,283,1.00
555,283,1.00
556,283,1.00
557,283,1.00
558,283,1.00
559,283,0.86
560,283,0.57
561,283,0.29
552,284,1.00
553,284,1.00
554,284,1.00
555,284,1.00
556,284,1.00
557,284,1.00
558,284,0.86
559,284,0.57
560,284,0.29
553,285,1.00
554,285,1.00
555,285,1.00
556,285,1.00
557,285,0.86
558,285,0.57
559,285,0.29
554,286,1.00
555,286,1.00
556,286,1.00
557,286,0.86
558,286,0.29
555,287,0.86
556,287,0.86
557,287,0.29
556,288,0.29
551,280,0.29
550,281,0.29
549,282,0.29
548,283,0.29
549,283,0.57
550,283,0.86
547,284,0.29
548,284,0.57
549,284,0.86
550,284,1.00
551,284,1.00
546,285,0.29
547,285,0.57
548,285,0.86
549,285,1.00
550,285,1.00
551,285,1.00
552,285,1.00
545,286,0.29
546,286,0.57
547,286,0.86
548,286,1.00
549,286,1.00
550,286,1.00
551,286,1.00
552,286,1.00
553,286,1.00
546,287,0.29
547,287,0.57
548,287,0.86
549,287,1.00
550,287,1.00
551,287,1.00
552,287,1.00
553,287,1.00
554,287,0.86
547,288,0.29
548,288,0.57
549,288,0.86
550,288,1.00
551,288,1.00
552,288,1.00
553,288,0.86
554,288,0.57
555,288,0.29
548,289,0.29
549,289,0.57
550,289,0.86
551,289,1.00
552,289,0.86
553,289,0.57
554,289,0.29
549,290,0.29
550,290,0.57
551,290,0.86
552,290,0.57
553,290,0.29
550,291,0.29
551,291,0.57
552,291,0.29
551,292,0.29
543,275,1.00
542,276,1.00
543,276,1.00
544,276,1.00
541,277,1.00
542,277,1.00
543,277,1.00
544,277,1.00
545,277,1.00
540,278,0.29
541,278,1.00
542,278,1.00
543,278,1.00
544,278,1.00
545,278,1.00
546,278,1.00
539,279,0.29
540,279,0.57
541,279,0.86
542,279,1.00
543,279,1.00
544,279,1.00
545,279,1.00
546,279,1.00
547,279,1.00
538,280,0.29
539,280,0.57
540,280,0.86
541,280,1.00
542,280,1.00
543,280,1.00
544,280,1.00
545,280,1.00
546,280,1.00
547,280,1.00
548,280,0.86
537,281,0.29
538,281,0.57
539,281,0.86
540,281,1.00
541,281,1.00
542,281,1.00
543,281,1.00
544,281,1.00
545,281,1.00
546,281,1.00
547,281,1.00
548,281,0.86
549,281,0.29
538,282,0.29
539,282,0.57
540,282,0.86
541,282,1.00
542,282,1.00
543,282,1.00
544,282,1.00
545,282,1.00
546,282,1.00
547,282,0.86
548,282,0.29
539,283,0.29
540,283,0.57
541,283,0.86
542,283,1.00
543,283,1.00
544,283,1.00
545,283,0.86
546,283,0.86
547,283,0.29
540,284,0.29
541,284,0.57
542,284,0.86
543,284,1.00
544,284,0.86
545,284,0.57
546,284,0.29
541,285,0.29
542,285,0.57
543,285,0.86
544,285,0.57
545,285,0.29
542,286,0.29
543,286,0.57
544,286,0.29
543,287,0.29
516,224,0.29
515,225,0.29
516,225,0.57
517,225,0.29
514,226,0.29
515,226,0.57
516,226,0.86
517,226,0.57
518,226,0.29
513,227,0.29
514,227,0.57
515,227,0.86
516,227,1.00
517,227,0.86
518,227,0.57
519,227,0.29
512,228,0.29
513,228,0.57
514,228,0.86
515,228,1.00
516,228,1.00
517,228,1.00
518,228,0.86
519,228,0.57
520,228,0.29
511,229,0.29
512,229,0.57
513,229,0.86
514,229,1.00
515,229,1.00
516,229,1.00
517,229,1.00
518,229,1.00
519,229,0.86
520,229,0.57
521,229,0.29
510,230,0.29
511,230,0.57
512,230,0.86
514,230,1.00
515,230,1.00
516,230,1.00
517,230,1.00
518,230,1.00
519,230,1.00
520,230,0.86
521,230,0.57
522,230,0.29
511,231,0.29
515,231,1.00
516,231,1.00
517,231,1.00
518,231,1.00
519,231,0.86
520,231,0.57
521,231,0.29
516,232,1.00
517,232,1.00
518,232,0.86
519,232,0.57
520,232,0.29
517,233,0.86
518,233,0.57
519,233,0.29
518,234,0.29
517,208,0.29
516,209,0.29
517,209,0.57
518,209,0.29
515,210,0.29
516,210,0.57
517,210,0.86
518,210,0.57
519,210,0.29
514,211,0.29
515,211,0.57
516,211,0.86
517,211,1.00
518,211,0.86
519,211,0.57
520,211,0.29
513,212,0.29
514,212,0.57
515,212,0.86
516,212,1.00
517,212,1.00
518,212,1.00
519,212,0.86
520,212,0.57
521,212,0.29
512,213,0.29
513,213,0.57
514,213,0.86
515,213,1.00
516,213,1.00
517,213,1.00
518,213,1.00
519,213,1.00
520,213,0.86
521,213,0.57
522,213,0.29
511,214,0.29
512,214,0.57
513,214,0.86
514,214,1.00
515,214,1.00
516,214,1.00
517,214,1.00
518,214,1.00
519,214,1.00
520,214,1.00
521,214,0.86
522,214,0.57
523,214,0.29
512,215,0.29
513,215,0.57
514,215,0.86
515,215,1.00
516,215,1.00
517,215,1.00
518,215,1.00
519,215,1.00
520,215,0.86
521,215,0.57
522,215,0.29
513,216,0.29
514,216,0.57
515,216,0.86
516,216,1.00
517,216,1.00
518,216,1.00
519,216,0.86
520,216,0.57
521,216,0.29
514,217,0.29
515,217,0.57
516,217,0.86
517,217,1.00
518,217,0.86
519,217,0.57
520,217,0.29
515,218,0.29
516,218,0.57
517,218,0.86
518,218,0.57
519,218,0.29
516,219,0.29
517,219,0.57
518,219,0.29
517,220,0.29
540,247,0.29
539,248,0.29
540,248,0.57
538,249,0.29
539,249,0.57
540,249,0.86
541,249,0.57
537,250,0.29
538,250,0.86
539,250,0.86
540,250,1.00
541,250,0.86
542,250,0.57
536,251,0.29
537,251,0.86
538,251,1.00
539,251,1.00
540,251,1.00
541,251,1.00
542,251,0.86
543,251,0.57
535,252,0.29
536,252,0.86
537,252,1.00
538,252,1.00
539,252,1.00
540,252,1.00
541,252,1.00
542,252,1.00
543,252,0.86
544,252,0.86
534,253,0.29
535,253,0.86
536,253,1.00
537,253,1.00
538,253,1.00
539,253,1.00
540,253,1.00
541,253,1.00
542,253,1.00
543,253,1.00
544,253,1.00
545,253,1.00
535,254,0.86
536,254,1.00
537,254,1.00
538,254,1.00
539,254,1.00
540,254,1.00
541,254,1.00
542,254,1.00
543,254,1.00
544,254,1.00
545,254,1.00
536,255,1.00
537,255,1.00
538,255,1.00
539,255,1.00
540,255,1.00
541,255,1.00
542,255,1.00
543,255,1.00
544,255,1.00
537,256,1.00
538,256,1.00
539,256,1.00
540,256,1.00
541,256,1.00
542,256,1.00
543,256,1.00
538,257,1.00
539,257,1.00
540,257,1.00
541,257,1.00
542,257,1.00
539,258,1.00
540,258,1.00
541,258,0.86
540,259,0.86
544,269,0.29
543,270,0.29
544,270,0.57
545,270,0.29
542,271,0.29
543,271,0.57
544,271,0.86
545,271,0.57
546,271,0.86
541,272,0.29
542,272,0.57
543,272,0.86
544,272,1.00
545,272,1.00
546,272,1.00
547,272,0.86
540,273,0.29
541,273,0.57
542,273,0.86
543,273,1.00
544,273,1.00
545,273,1.00
546,273,1.00
547,273,1.00
548,273,0.86
539,274,0.29
540,274,0.57
541,274,0.86
542,274,1.00
543,274,1.00
544,274,1.00
545,274,1.00
546,274,1.00
547,274,1.00
548,274,1.00
549,274,0.86
538,275,0.29
539,275,0.57
540,275,0.86
541,275,1.00
542,275,1.00
544,275,1.00
545,275,1.00
546,275,1.00
547,275,1.00
548,275,1.00
549,275,1.00
550,275,0.86
539,276,0.29
540,276,0.57
541,276,1.00
545,276,1.00
546,276,1.00
547,276,1.00
548,276,1.00
549,276,1.00
540,277,0.57
546,277,1.00
547,277,1.00
548,277,1.00
547,278,1.00
510,246,0.29
511,247,0.29
510,248,0.86
511,248,0.57
512,248,0.29
509,249,0.86
510,249,1.00
511,249,0.86
512,249,0.57
513,249,0.29
508,250,0.86
509,250,1.00
510,250,1.00
511,250,1.00
512,250,0.86
513,250,0.57
514,250,0.57
507,251,0.86
508,251,1.00
509,251,1.00
510,251,1.00
511,251,1.00
512,251,1.00
513,251,0.86
514,251,0.57
515,251,0.57
506,252,0.86
507,252,1.00
508,252,1.00
509,252,1.00
510,252,1.00
511,252,1.00
512,252,1.00
513,252,1.00
514,252,0.86
515,252,0.57
516,252,0.57
507,253,0.86
508,253,1.00
509,253,1.00
510,253,1.00
511,253,1.00
512,253,1.00
513,253,0.86
514,253,0.57
515,253,0.29
506,254,0.29
507,254,0.57
508,254,0.86
509,254,1.00
510,254,1.00
511,254,1.00
512,254,0.86
513,254,0.57
514,254,0.29
507,255,0.29
508,255,0.57
509,255,0.86
510,255,1.00
511,255,0.86
512,255,0.57
513,255,0.29
508,256,0.29
509,256,0.57
510,256,0.86
511,256,0.57
512,256,0.29
509,257,0.29
510,257,0.57
511,257,0.29
510,258,0.29
506,233,0.29
507,234,0.29
506,235,0.86
507,235,0.57
505,236,0.86
506,236,1.00
504,237,0.86
505,237,1.00
506,237,1.00
507,237,1.00
503,238,0.86
504,238,1.00
505,238,1.00
506,238,1.00
507,238,1.00
508,238,1.00
502,239,0.86
503,239,1.00
504,239,1.00
505,239,1.00
506,239,1.00
507,239,1.00
508,239,1.00
509,239,1.00
501,240,0.29
502,240,0.57
503,240,0.86
504,240,1.00
505,240,1.00
506,240,1.00
507,240,1.00
508,240,1.00
509,240,0.86
510,240,0.57
502,241,0.29
503,241,0.57
505,241,1.00
506,241,1.00
507,241,1.00
508,241,0.86
509,241,0.57
510,241,0.29
506,242,1.00
507,242,0.86
508,242,0.57
509,242,0.29
507,243,0.57
508,243,0.29
497,259,0.29
496,260,0.29
497,260,0.57
498,260,0.29
495,261,0.29
496,261,0.57
497,261,0.86
498,261,0.57
499,261,0.29
495,262,0.57
496,262,0.86
497,262,1.00
498,262,0.86
499,262,0.57
500,262,0.29
496,263,1.00
497,263,1.00
498,263,1.00
499,263,0.86
500,263,0.57
501,263,0.29
497,264,1.00
498,264,1.00
499,264,1.00
500,264,0.86
501,264,0.57
502,264,0.29
498,265,1.00
499,265,1.00
500,265,1.00
501,265,0.86
502,265,0.57
503,265,0.29
497,266,1.00
498,266,1.00
499,266,1.00
500,266,0.86
501,266,0.57
502,266,0.29
496,267,1.00
497,267,1.00
498,267,1.00
499,267,0.86
500,267,0.57
501,267,0.29
495,268,1.00
496,268,1.00
497,268,1.00
498,268,1.00
499,268,0.86
500,268,0.29
495,269,1.00
496,269,1.00
497,269,1.00
498,269,1.00
499,269,0.86
496,270,1.00
497,270,1.00
498,270,1.00
497,271,1.00
494,269,1.00
500,269,0.29
489,270,0.29
493,270,1.00
494,270,1.00
495,270,1.00
499,270,0.86
490,271,0.29
492,271,0.86
493,271,1.00
494,271,1.00
495,271,1.00
496,271,1.00
498,271,0.86
491,272,0.29
492,272,0.57
493,272,0.86
494,272,1.00
495,272,1.00
496,272,1.00
497,272,0.86
492,273,0.29
493,273,0.57
494,273,0.86
495,273,1.00
496,273,0.86
493,274,0.29
494,274,0.57
495,274,0.86
496,274,0.57
497,274,0.29
494,275,0.29
495,275,0.57
496,275,0.29
495,276,0.29
493,228,0.29
492,229,0.29
493,229,0.57
494,229,0.29
491,230,0.29
492,230,0.57
493,230,0.86
494,230,0.57
495,230,0.29
490,231,0.29
491,231,0.57
492,231,0.86
493,231,1.00
494,231,0.86
495,231,0.57
496,231,0.29
489,232,0.29
490,232,0.57
491,232,0.86
492,232,1.00
493,232,1.00
494,232,1.00
495,232,0.86
488,233,0.29
489,233,0.57
490,233,0.86
491,233,1.00
492,233,1.00
493,233,1.00
494,233,1.00
487,234,0.57
488,234,0.57
489,234,0.86
490,234,1.00
491,234,1.00
492,234,1.00
493,234,1.00
488,235,0.57
489,235,0.57
490,235,0.86
491,235,1.00
492,235,1.00
493,235,1.00
494,235,1.00
489,236,0.57
490,236,0.57
491,236,0.86
492,236,1.00
493,236,1.00
494,236,1.00
495,236,0.86
490,237,0.57
491,237,0.57
492,237,0.86
493,237,1.00
494,237,0.86
495,237,0.57
496,237,0.29
491,238,0.57
492,238,0.57
493,238,0.86
494,238,0.57
495,238,0.29
492,239,0.29
493,239,0.57
494,239,0.29
493,240,0.29
536,237,0.29
535,238,0.29
536,238,0.57
537,238,0.29
534,239,0.29
535,239,0.57
536,239,0.86
537,239,0.57
538,239,0.29
533,240,0.29
534,240,0.57
535,240,0.86
536,240,1.00
537,240,0.86
538,240,0.57
539,240,0.29
532,241,0.29
533,241,0.57
534,241,0.86
535,241,1.00
536,241,1.00
537,241,1.00
538,241,0.86
539,241,0.57
540,241,0.57
531,242,0.29
532,242,0.57
533,242,0.86
534,242,1.00
535,242,1.00
536,242,1.00
537,242,1.00
538,242,1.00
539,242,0.86
540,242,0.57
541,242,0.57
530,243,0.29
531,243,0.57
532,243,0.86
533,243,1.00
534,243,1.00
535,243,1.00
536,243,1.00
537,243,1.00
538,243,1.00
539,243,1.00
540,243,0.86
541,243,0.57
542,243,0.57
531,244,0.29
532,244,0.57
533,244,0.86
534,244,1.00
535,244,1.00
536,244,1.00
537,244,1.00
538,244,1.00
539,244,0.86
540,244,0.57
541,244,0.29
532,245,0.29
533,245,0.57
534,245,0.86
535,245,1.00
536,245,1.00
537,245,1.00
538,245,0.86
539,245,0.57
540,245,0.29
533,246,0.29
534,246,0.57
535,246,0.86
536,246,1.00
537,246,0.86
538,246,0.57
539,246,0.29
534,247,0.29
535,247,0.57
536,247,0.86
537,247,0.57
538,247,0.29
535,248,0.29
536,248,0.57
537,248,0.29
536,249,0.29
549,253,0.57
546,254,1.00
548,254,0.86
549,254,0.57
550,254,0.29
545,255,1.00
546,255,1.00
547,255,1.00
548,255,1.00
549,255,0.86
550,255,0.57
551,255,0.29
544,256,1.00
545,256,1.00
546,256,1.00
547,256,1.00
548,256,1.00
549,256,1.00
550,256,0.86
551,256,0.57
552,256,0.29
543,257,1.00
544,257,1.00
545,257,1.00
546,257,1.00
547,257,1.00
548,257,1.00
549,257,0.86
550,257,0.57
551,257,0.29
542,258,0.57
543,258,0.57
544,258,0.86
545,258,1.00
546,258,1.00
547,258,1.00
548,258,0.86
549,258,0.57
550,258,0.29
543,259,0.29
544,259,0.57
545,259,0.86
546,259,1.00
547,259,0.86
548,259,0.57
549,259,0.29
544,260,0.29
545,260,0.57
546,260,0.86
547,260,0.57
548,260,0.29
545,261,0.29
546,261,0.57
547,261,0.29
546,262,0.29
485,232,0.29
484,233,0.29
485,233,0.57
486,233,0.29
483,234,0.29
484,234,0.57
485,234,0.86
486,234,0.57
482,235,0.29
483,235,0.57
484,235,0.86
485,235,1.00
486,235,0.86
487,235,0.57
481,236,0.29
482,236,0.57
483,236,0.86
484,236,1.00
485,236,1.00
486,236,1.00
487,236,0.86
488,236,0.57
480,237,0.29
481,237,0.57
482,237,0.86
483,237,1.00
484,237,1.00
485,237,1.00
486,237,1.00
487,237,1.00
488,237,0.86
489,237,0.57
479,238,0.29
480,238,0.57
481,238,0.86
482,238,1.00
483,238,1.00
484,238,1.00
485,238,1.00
486,238,1.00
487,238,1.00
488,238,1.00
489,238,0.86
490,238,0.57
480,239,0.29
481,239,0.57
482,239,0.86
483,239,1.00
484,239,1.00
485,239,1.00
486,239,1.00
487,239,1.00
488,239,0.86
489,239,0.57
490,239,0.29
481,240,0.29
482,240,0.57
483,240,0.86
484,240,1.00
485,240,1.00
486,240,1.00
487,240,0.86
488,240,0.57
489,240,0.29
482,241,0.29
483,241,0.57
484,241,0.86
485,241,1.00
486,241,0.86
487,241,0.57
488,241,0.29
483,242,0.29
484,242,0.57
485,242,0.86
486,242,0.57
487,242,0.29
484,243,0.29
485,243,0.57
486,243,0.29
485,244,0.29
447,184,0.29
446,185,0.29
447,185,0.57
448,185,0.29
445,186,0.29
446,186,0.57
447,186,0.86
448,186,0.57
449,186,0.29
444,187,0.29
445,187,0.57
446,187,0.86
447,187,1.00
448,187,0.86
449,187,0.57
450,187,0.29
443,188,0.29
444,188,0.57
445,188,0.86
446,188,1.00
447,188,1.00
448,188,1.00
449,188,0.86
450,188,0.57
451,188,0.29
442,189,0.29
443,189,0.57
444,189,0.86
445,189,1.00
446,189,1.00
447,189,1.00
448,189,1.00
449,189,1.00
450,189,0.86
451,189,0.57
452,189,0.29
441,190,0.29
442,190,0.57
443,190,0.86
444,190,1.00
445,190,1.00
446,190,1.00
447,190,1.00
448,190,1.00
449,190,1.00
450,190,1.00
451,190,0.86
452,190,0.57
453,190,0.29
442,191,0.29
443,191,0.57
444,191,0.86
445,191,1.00
446,191,1.00
447,191,1.00
448,191,1.00
449,191,1.00
450,191,0.86
451,191,0.57
452,191,0.29
443,192,0.29
444,192,0.57
445,192,0.86
446,192,1.00
447,192,1.00
448,192,1.00
449,192,0.86
450,192,0.57
451,192,0.29
444,193,0.29
445,193,0.57
446,193,0.86
447,193,1.00
448,193,0.86
449,193,0.57
450,193,0.29
445,194,0.29
446,194,0.57
447,194,0.86
448,194,0.57
449,194,0.29
446,195,0.29
447,195,0.57
448,195,0.29
447,196,0.29
482,213,0.29
481,214,0.29
482,214,0.57
483,214,0.29
480,215,0.29
481,215,0.57
482,215,0.86
483,215,0.57
484,215,0.29
479,216,0.29
480,216,0.57
481,216,0.86
482,216,1.00
483,216,0.86
484,216,0.57
478,217,0.29
479,217,0.57
480,217,0.86
481,217,1.00
482,217,1.00
483,217,1.00
484,217,0.86
485,217,0.57
477,218,0.29
478,218,0.57
479,218,0.86
480,218,1.00
481,218,1.00
482,218,1.00
483,218,1.00
484,218,1.00
485,218,0.86
486,218,0.57
476,219,0.29
477,219,0.57
478,219,0.86
479,219,1.00
480,219,1.00
481,219,1.00
482,219,1.00
483,219,1.00
484,219,1.00
485,219,1.00
486,219,0.86
487,219,0.57
477,220,0.29
478,220,0.57
479,220,0.86
480,220,1.00
481,220,1.00
482,220,1.00
483,220,1.00
484,220,1.00
485,220,0.86
486,220,0.57
487,220,0.29
478,221,0.29
479,221,0.57
480,221,0.86
481,221,1.00
482,221,1.00
483,221,1.00
484,221,0.86
485,221,0.57
486,221,0.29
479,222,0.29
480,222,0.57
481,222,0.86
482,222,1.00
483,222,0.86
484,222,0.57
485,222,0.29
480,223,0.29
481,223,0.57
482,223,0.86
483,223,0.57
484,223,0.29
481,224,0.29
482,224,0.57
483,224,0.29
482,225,0.29
552,265,0.29
551,266,0.29
552,266,0.86
553,266,0.86
550,267,0.29
551,267,0.86
552,267,1.00
553,267,1.00
554,267,1.00
549,268,0.29
550,268,0.86
551,268,1.00
552,268,1.00
553,268,1.00
554,268,1.00
555,268,1.00
548,269,0.29
549,269,0.57
550,269,0.86
551,269,1.00
552,269,1.00
553,269,1.00
554,269,1.00
555,269,1.00
556,269,1.00
547,270,0.29
548,270,0.57
549,270,0.86
550,270,1.00
551,270,1.00
552,270,1.00
553,270,1.00
554,270,1.00
555,270,1.00
556,270,1.00
557,270,1.00
547,271,0.57
548,271,0.86
549,271,1.00
550,271,1.00
551,271,1.00
552,271,1.00
553,271,1.00
554,271,1.00
555,271,1.00
556,271,1.00
557,271,1.00
558,271,0.86
548,272,0.57
549,272,0.86
550,272,1.00
551,272,1.00
552,272,1.00
553,272,1.00
554,272,1.00
555,272,1.00
556,272,1.00
557,272,0.86
549,273,0.57
550,273,0.86
551,273,1.00
552,273,1.00
553,273,1.00
554,273,0.86
555,273,0.86
556,273,0.86
550,274,0.57
551,274,0.86
552,274,1.00
553,274,0.86
554,274,0.57
555,274,0.29
551,275,0.57
552,275,0.86
553,275,0.57
554,275,0.29
551,276,0.57
552,276,0.57
553,276,0.29
552,277,0.57
610,309,1.00
609,310,0.57
610,310,1.00
611,310,1.00
608,311,0.29
609,311,0.57
610,311,1.00
611,311,1.00
612,311,1.00
607,312,0.29
608,312,0.57
609,312,0.86
610,312,1.00
611,312,1.00
612,312,1.00
613,312,1.00
606,313,0.29
607,313,0.57
608,313,0.86
609,313,1.00
610,313,1.00
611,313,1.00
612,313,1.00
613,313,1.00
614,313,0.86
605,314,0.29
606,314,0.57
607,314,0.86
608,314,1.00
609,314,1.00
610,314,1.00
611,314,1.00
612,314,1.00
613,314,1.00
614,314,0.57
615,314,0.57
604,315,0.29
605,315,0.57
606,315,0.86
607,315,1.00
608,315,1.00
609,315,1.00
610,315,1.00
611,315,1.00
612,315,1.00
613,315,1.00
614,315,0.86
615,315,0.57
616,315,0.57
605,316,0.29
606,316,0.57
607,316,0.86
608,316,1.00
609,316,1.00
610,316,1.00
611,316,1.00
612,316,1.00
613,316,0.86
614,316,0.57
615,316,0.29
606,317,0.29
607,317,0.57
608,317,0.86
609,317,1.00
610,317,1.00
611,317,1.00
612,317,0.86
613,317,0.57
614,317,0.29
607,318,0.29
608,318,0.57
609,318,0.86
610,318,1.00
611,318,0.86
612,318,0.57
613,318,0.29
608,319,0.29
609,319,0.57
610,319,0.86
611,319,0.57
612,319,0.29
609,320,0.29
610,320,0.57
611,320,0.29
610,321,0.29
629,325,0.29
628,326,0.29
629,326,0.86
630,326,0.86
627,327,0.29
628,327,0.86
629,327,1.00
630,327,1.00
631,327,0.86
626,328,0.29
627,328,0.86
628,328,1.00
629,328,1.00
630,328,1.00
631,328,1.00
632,328,0.86
625,329,0.29
626,329,0.86
627,329,1.00
628,329,1.00
629,329,1.00
630,329,1.00
631,329,1.00
632,329,1.00
633,329,0.86
624,330,0.29
625,330,0.86
626,330,1.00
627,330,1.00
628,330,1.00
629,330,1.00
630,330,1.00
631,330,1.00
632,330,1.00
633,330,1.00
634,330,0.86
623,331,0.29
624,331,0.86
625,331,1.00
626,331,1.00
627,331,1.00
628,331,1.00
629,331,1.00
630,331,1.00
631,331,1.00
632,331,1.00
633,331,1.00
634,331,1.00
635,331,0.86
624,332,0.29
625,332,0.86
626,332,1.00
627,332,1.00
628,332,1.00
629,332,1.00
630,332,1.00
631,332,1.00
632,332,1.00
633,332,1.00
634,332,0.86
625,333,0.29
626,333,0.86
627,333,1.00
628,333,1.00
629,333,1.00
630,333,1.00
631,333,1.00
632,333,1.00
633,333,0.86
626,334,0.29
627,334,0.86
628,334,1.00
629,334,1.00
630,334,1.00
631,334,1.00
632,334,0.86
627,335,0.29
628,335,0.86
629,335,1.00
630,335,1.00
631,335,0.86
628,336,0.29
629,336,0.86
630,336,0.86
629,337,0.29
630,325,0.29
631,326,0.29
632,327,0.29
633,328,0.29
634,329,0.29
635,330,0.29
636,331,0.29
635,332,0.29
634,333,0.29
633,334,0.29
632,335,0.29
631,336,0.29
630,337,0.29
645,324,0.29
644,325,0.29
645,325,0.57
646,325,0.29
643,326,0.29
644,326,0.57
645,326,0.86
646,326,0.57
647,326,0.29
642,327,0.29
643,327,0.57
644,327,0.86
645,327,1.00
646,327,0.86
647,327,0.57
648,327,0.29
641,328,0.29
642,328,0.57
643,328,0.86
644,328,1.00
645,328,1.00
646,328,1.00
647,328,0.86
648,328,0.57
649,328,0.29
640,329,0.29
641,329,0.57
642,329,0.86
643,329,1.00
644,329,1.00
645,329,1.00
646,329,1.00
647,329,1.00
648,329,0.86
649,329,0.57
650,329,0.29
639,330,0.29
640,330,0.57
641,330,0.86
642,330,1.00
643,330,1.00
644,330,1.00
645,330,1.00
646,330,1.00
647,330,1.00
648,330,1.00
649,330,0.86
650,330,0.57
651,330,0.29
640,331,0.29
641,331,0.57
642,331,0.86
643,331,1.00
644,331,1.00
645,331,1.00
646,331,1.00
647,331,1.00
648,331,0.86
649,331,0.57
650,331,0.29
641,332,0.29
642,332,0.57
643,332,0.86
644,332,1.00
645,332,1.00
646,332,1.00
647,332,0.86
648,332,0.57
649,332,0.29
642,333,0.29
643,333,0.57
644,333,0.86
645,333,1.00
646,333,0.86
647,333,0.57
648,333,0.29
643,334,0.29
644,334,0.57
645,334,0.86
646,334,0.57
647,334,0.29
644,335,0.29
645,335,0.57
646,335,0.29
645,336,0.29
674,321,0.29
673,322,0.29
674,322,0.57
675,322,0.57
672,323,0.29
673,323,0.57
674,323,1.00
675,323,1.00
676,323,1.00
671,324,0.29
672,324,0.57
673,324,1.00
674,324,1.00
675,324,1.00
676,324,1.00
677,324,1.00
670,325,0.29
671,325,0.57
672,325,1.00
673,325,1.00
674,325,1.00
675,325,1.00
676,325,1.00
677,325,1.00
678,325,1.00
669,326,0.29
670,326,0.57
671,326,1.00
672,326,1.00
673,326,1.00
674,326,1.00
675,326,1.00
676,326,1.00
677,326,1.00
678,326,1.00
679,326,1.00
668,327,1.00
669,327,0.86
670,327,1.00
671,327,1.00
672,327,1.00
673,327,1.00
674,327,1.00
675,327,1.00
676,327,1.00
677,327,1.00
678,327,1.00
679,327,1.00
680,327,1.00
669,328,1.00
670,328,0.86
671,328,1.00
672,328,1.00
673,328,1.00
674,328,1.00
675,328,1.00
676,328,1.00
677,328,1.00
678,328,1.00
679,328,1.00
670,329,1.00
671,329,0.86
672,329,1.00
673,329,1.00
674,329,1.00
675,329,1.00
676,329,1.00
677,329,1.00
678,329,1.00
671,330,1.00
672,330,0.86
673,330,1.00
674,330,1.00
675,330,1.00
676,330,1.00
677,330,1.00
672,331,0.86
673,331,0.57
674,331,1.00
675,331,1.00
676,331,1.00
673,332,0.86
674,332,0.57
675,332,0.57
674,333,0.29
676,321,0.29
676,322,0.57
677,322,0.29
677,323,0.57
678,323,0.29
678,324,0.57
679,324,0.29
679,325,0.57
680,325,0.29
680,326,0.57
681,326,0.57
681,327,1.00
682,327,1.00
680,328,1.00
681,328,1.00
679,329,0.57
680,329,0.57
678,330,0.57
679,330,0.29
677,331,0.57
678,331,0.29
676,332,0.57
677,332,0.29
676,333,0.29
685,322,0.29
684,323,0.29
685,323,0.57
686,323,0.29
683,324,0.29
684,324,0.57
685,324,0.86
686,324,0.57
687,324,0.29
682,325,0.29
683,325,0.57
684,325,0.86
685,325,1.00
686,325,0.86
687,325,0.57
688,325,0.29
682,326,0.57
683,326,0.86
684,326,1.00
685,326,1.00
686,326,1.00
687,326,0.86
688,326,0.57
689,326,0.29
683,327,1.00
684,327,1.00
685,327,1.00
686,327,1.00
687,327,1.00
688,327,0.86
689,327,0.57
690,327,0.29
682,328,1.00
683,328,1.00
684,328,1.00
685,328,1.00
686,328,1.00
687,328,1.00
688,328,1.00
689,328,0.86
690,328,0.57
691,328,0.29
681,329,0.57
682,329,0.86
683,329,1.00
684,329,1.00
685,329,1.00
686,329,1.00
687,329,1.00
688,329,0.86
689,329,0.57
690,329,0.29
681,330,0.29
682,330,0.57
683,330,0.86
684,330,1.00
685,330,1.00
686,330,1.00
687,330,0.86
688,330,0.57
689,330,0.29
682,331,0.29
683,331,0.57
684,331,0.86
685,331,1.00
686,331,0.86
687,331,0.57
688,331,0.29
683,332,0.29
684,332,0.57
685,332,0.86
686,332,0.57
687,332,0.29
684,333,0.29
685,333,0.57
686,333,0.29
685,334,0.29
627,287,0.29
626,288,0.29
627,288,0.57
628,288,0.29
625,289,0.29
626,289,0.57
627,289,0.86
628,289,0.57
629,289,0.29
624,290,0.29
625,290,0.57
626,290,0.86
627,290,1.00
628,290,0.86
629,290,0.57
630,290,0.29
623,291,0.29
624,291,0.57
625,291,0.86
626,291,1.00
627,291,1.00
628,291,1.00
629,291,0.86
630,291,0.57
631,291,0.29
622,292,0.29
623,292,0.57
624,292,0.86
625,292,1.00
626,292,1.00
627,292,1.00
628,292,1.00
629,292,1.00
630,292,0.86
631,292,0.57
632,292,0.29
621,293,0.29
622,293,0.57
623,293,0.86
624,293,1.00
625,293,1.00
626,293,1.00
627,293,1.00
628,293,1.00
629,293,1.00
630,293,1.00
631,293,0.86
632,293,0.57
633,293,0.29
622,294,0.29
623,294,0.57
624,294,0.86
625,294,1.00
626,294,1.00
627,294,1.00
628,294,1.00
629,294,1.00
630,294,0.86
631,294,0.57
632,294,0.29
623,295,0.29
624,295,0.57
625,295,0.86
626,295,1.00
627,295,1.00
628,295,1.00
629,295,0.86
630,295,0.57
631,295,0.29
624,296,0.29
625,296,0.57
626,296,0.86
627,296,1.00
628,296,0.86
629,296,0.57
630,296,0.29
625,297,0.29
626,297,0.57
627,297,0.86
628,297,0.57
629,297,0.29
626,298,0.29
627,298,0.57
628,298,0.29
627,299,0.29
594,268,0.29
593,269,0.29
594,269,0.57
595,269,0.29
592,270,0.29
593,270,0.57
594,270,0.86
595,270,0.57
596,270,0.29
591,271,0.29
592,271,0.57
593,271,0.86
594,271,1.00
595,271,0.86
596,271,0.57
597,271,0.29
590,272,0.29
591,272,0.57
592,272,0.86
593,272,1.00
594,272,1.00
595,272,1.00
596,272,0.86
597,272,0.57
598,272,0.29
589,273,0.29
590,273,0.57
591,273,0.86
592,273,1.00
593,273,1.00
594,273,1.00
595,273,1.00
596,273,1.00
597,273,0.86
598,273,0.57
599,273,0.29
588,274,0.29
589,274,0.57
590,274,0.86
591,274,1.00
592,274,1.00
593,274,1.00
594,274,1.00
595,274,1.00
596,274,1.00
597,274,1.00
598,274,0.86
599,274,0.57
600,274,0.29
589,275,0.29
590,275,0.57
591,275,0.86
592,275,1.00
593,275,1.00
594,275,1.00
595,275,1.00
596,275,1.00
597,275,0.86
598,275,0.57
599,275,0.29
590,276,0.29
591,276,0.57
592,276,0.86
593,276,1.00
594,276,1.00
595,276,1.00
596,276,0.86
597,276,0.57
598,276,0.29
591,277,0.29
592,277,0.57
593,277,0.86
594,277,1.00
595,277,0.86
596,277,0.57
597,277,0.29
592,278,0.29
593,278,0.57
594,278,0.86
595,278,0.57
596,278,0.29
593,279,0.29
594,279,0.57
595,279,0.29
594,280,0.29
546,235,0.29
545,236,0.29
546,236,0.57
547,236,0.29
544,237,0.29
545,237,0.57
546,237,0.86
547,237,0.57
548,237,0.57
543,238,0.29
544,238,0.57
545,238,0.86
546,238,1.00
547,238,1.00
548,238,1.00
549,238,1.00
542,239,0.29
543,239,0.57
544,239,0.86
545,239,1.00
546,239,1.00
547,239,1.00
548,239,1.00
549,239,1.00
550,239,1.00
541,240,0.29
542,240,0.57
543,240,0.86
544,240,1.00
545,240,1.00
546,240,1.00
547,240,1.00
548,240,1.00
549,240,1.00
550,240,1.00
551,240,1.00
541,241,0.57
542,241,0.86
543,241,1.00
544,241,1.00
545,241,1.00
546,241,1.00
547,241,1.00
548,241,1.00
549,241,1.00
550,241,1.00
551,241,1.00
552,241,1.00
542,242,0.57
543,242,0.86
544,242,1.00
545,242,1.00
546,242,1.00
548,242,1.00
549,242,1.00
550,242,1.00
551,242,1.00
543,243,0.57
544,243,0.86
545,243,1.00
549,243,1.00
550,243,1.00
543,244,0.29
544,244,0.57
532,225,0.29
531,226,0.86
532,226,0.86
533,226,0.29
530,227,1.00
531,227,1.00
532,227,1.00
533,227,1.00
534,227,0.86
529,228,1.00
530,228,1.00
531,228,1.00
532,228,1.00
533,228,1.00
534,228,1.00
535,228,1.00
530,229,1.00
531,229,1.00
532,229,1.00
533,229,1.00
534,229,1.00
535,229,1.00
536,229,1.00
531,230,1.00
532,230,1.00
533,230,1.00
534,230,1.00
535,230,1.00
536,230,1.00
537,230,1.00
532,231,1.00
533,231,1.00
534,231,1.00
535,231,1.00
536,231,1.00
537,231,1.00
538,231,1.00
533,232,1.00
534,232,1.00
535,232,0.86
536,232,0.86
537,232,0.86
534,233,0.86
535,233,0.57
536,233,0.29
535,234,0.29
534,235,0.29
533,236,0.29
532,237,0.29
527,221,0.29
526,222,0.29
527,222,0.57
528,222,0.29
525,223,0.29
526,223,0.57
527,223,0.86
528,223,0.57
529,223,0.29
524,224,0.29
525,224,0.57
526,224,0.86
527,224,1.00
528,224,0.86
529,224,0.57
530,224,0.29
523,225,0.29
524,225,0.57
525,225,0.86
526,225,1.00
527,225,1.00
528,225,1.00
529,225,0.86
530,225,0.57
531,225,0.29
522,226,0.29
523,226,0.57
524,226,0.86
525,226,1.00
526,226,1.00
527,226,1.00
528,226,1.00
529,226,1.00
530,226,0.86
521,227,0.29
522,227,0.57
523,227,0.86
524,227,1.00
525,227,1.00
526,227,1.00
527,227,1.00
528,227,1.00
529,227,1.00
522,228,0.29
523,228,0.57
524,228,0.86
525,228,1.00
526,228,1.00
527,228,1.00
523,229,0.29
524,229,0.57
525,229,0.86
526,229,1.00
524,230,0.29
525,230,0.57
538,222,0.29
537,223,0.29
538,223,0.57
539,223,0.29
536,224,0.29
537,224,0.57
538,224,0.86
539,224,0.57
540,224,0.29
535,225,0.29
536,225,0.57
537,225,0.86
538,225,1.00
539,225,0.86
540,225,0.57
541,225,0.29
534,226,0.29
535,226,0.57
536,226,0.86
537,226,1.00
538,226,1.00
539,226,1.00
540,226,0.86
541,226,0.57
542,226,0.29
535,227,0.86
536,227,1.00
537,227,1.00
538,227,1.00
539,227,1.00
540,227,1.00
541,227,0.86
542,227,0.57
543,227,0.29
536,228,1.00
537,228,1.00
538,228,1.00
539,228,1.00
540,228,1.00
541,228,1.00
542,228,0.86
543,228,0.57
544,228,0.29
537,229,1.00
538,229,1.00
539,229,1.00
540,229,1.00
541,229,0.86
542,229,0.57
543,229,0.29
538,230,1.00
539,230,1.00
540,230,0.86
541,230,0.57
542,230,0.29
539,231,0.86
540,231,0.57
541,231,0.29
538,232,0.86
539,232,0.57
540,232,0.29
537,233,0.29
538,233,0.57
539,233,0.29
538,234,0.29
612,261,1.00
611,262,1.00
612,262,1.00
613,262,1.00
610,263,0.57
611,263,1.00
612,263,1.00
613,263,1.00
614,263,1.00
609,264,0.29
610,264,0.57
611,264,1.00
612,264,1.00
613,264,1.00
614,264,1.00
615,264,0.57
608,265,0.29
609,265,0.57
610,265,0.86
611,265,1.00
612,265,1.00
613,265,1.00
614,265,1.00
615,265,0.57
616,265,0.29
607,266,0.29
608,266,0.57
609,266,0.86
610,266,1.00
611,266,1.00
612,266,1.00
613,266,1.00
614,266,1.00
615,266,1.00
616,266,0.57
617,266,0.29
606,267,0.29
607,267,0.57
608,267,0.86
609,267,1.00
610,267,1.00
611,267,1.00
612,267,1.00
613,267,1.00
614,267,1.00
615,267,1.00
616,267,1.00
617,267,0.57
618,267,0.29
607,268,0.29
608,268,0.57
609,268,0.86
610,268,1.00
611,268,1.00
612,268,1.00
613,268,1.00
614,268,1.00
615,268,1.00
616,268,1.00
617,268,0.57
608,269,0.29
609,269,0.86
610,269,1.00
611,269,1.00
612,269,1.00
613,269,1.00
614,269,1.00
615,269,1.00
616,269,1.00
609,270,0.86
610,270,1.00
611,270,1.00
612,270,1.00
613,270,1.00
614,270,1.00
615,270,1.00
610,271,1.00
611,271,1.00
612,271,1.00
613,271,1.00
614,271,1.00
611,272,1.00
612,272,1.00
613,272,1.00
612,273,1.00
666,324,0.29
665,325,0.29
666,325,0.57
667,325,0.29
664,326,0.29
665,326,0.57
666,326,0.86
667,326,1.00
668,326,0.29
663,327,0.29
664,327,0.57
665,327,0.86
666,327,1.00
667,327,1.00
662,328,0.29
663,328,0.57
664,328,0.86
665,328,1.00
666,328,1.00
667,328,1.00
668,328,1.00
661,329,0.29
662,329,0.57
663,329,0.86
664,329,1.00
665,329,1.00
666,329,1.00
667,329,1.00
668,329,1.00
669,329,1.00
660,330,0.29
661,330,0.57
662,330,0.86
663,330,1.00
664,330,1.00
665,330,1.00
666,330,1.00
667,330,1.00
668,330,1.00
669,330,1.00
670,330,1.00
661,331,0.29
662,331,1.00
663,331,1.00
664,331,1.00
665,331,1.00
666,331,1.00
667,331,1.00
668,331,1.00
669,331,1.00
670,331,1.00
671,331,1.00
662,332,1.00
663,332,1.00
664,332,1.00
665,332,1.00
666,332,1.00
667,332,1.00
668,332,1.00
669,332,1.00
670,332,1.00
663,333,1.00
664,333,1.00
665,333,1.00
666,333,1.00
667,333,1.00
668,333,1.00
669,333,1.00
664,334,1.00
665,334,1.00
666,334,1.00
667,334,1.00
668,334,1.00
665,335,1.00
666,335,1.00
667,335,1.00
666,336,1.00
661,332,0.57
671,332,1.00
672,332,1.00
662,333,0.57
670,333,1.00
671,333,1.00
672,333,0.57
663,334,0.57
669,334,1.00
670,334,1.00
671,334,0.57
664,335,0.57
668,335,1.00
669,335,1.00
670,335,0.57
665,336,0.57
667,336,1.00
668,336,1.00
669,336,0.57
666,337,0.57
667,337,1.00
668,337,0.57
667,338,0.57
654,311,0.29
653,312,0.29
654,312,0.57
655,312,0.29
652,313,0.29
653,313,0.57
654,313,0.86
655,313,0.57
656,313,0.29
651,314,0.29
652,314,0.57
653,314,0.86
654,314,1.00
655,314,0.86
656,314,0.57
657,314,0.29
650,315,0.29
651,315,0.57
652,315,0.86
653,315,1.00
654,315,1.00
655,315,1.00
656,315,0.86
657,315,0.57
658,315,0.29
649,316,0.29
650,316,0.57
651,316,0.86
652,316,1.00
653,316,1.00
654,316,1.00
655,316,1.00
656,316,1.00
657,316,0.86
658,316,0.57
659,316,0.29
648,317,1.00
649,317,1.00
650,317,0.86
651,317,1.00
652,317,1.00
653,317,1.00
654,317,1.00
655,317,1.00
656,317,1.00
657,317,1.00
658,317,0.86
659,317,0.57
660,317,0.29
649,318,0.29
650,318,0.57
651,318,0.86
652,318,1.00
653,318,1.00
654,318,1.00
655,318,1.00
656,318,1.00
657,318,0.86
658,318,0.57
659,318,0.29
650,319,0.29
651,319,0.57
652,319,0.86
653,319,1.00
654,319,1.00
655,319,1.00
656,319,0.86
657,319,0.57
658,319,0.29
651,320,0.29
652,320,0.57
653,320,0.86
654,320,1.00
655,320,0.86
656,320,0.57
657,320,0.29
652,321,0.29
653,321,0.57
654,321,0.86
655,321,0.57
656,321,0.29
653,322,0.29
654,322,0.57
655,322,0.29
654,323,0.29
617,269,0.86
608,270,0.29
616,270,1.00
617,270,1.00
618,270,0.86
607,271,0.29
608,271,0.57
609,271,0.86
615,271,1.00
616,271,1.00
617,271,1.00
618,271,1.00
619,271,0.86
608,272,0.29
609,272,0.86
610,272,1.00
614,272,1.00
615,272,1.00
616,272,1.00
617,272,1.00
618,272,1.00
609,273,0.29
610,273,0.86
611,273,1.00
613,273,1.00
614,273,1.00
615,273,1.00
616,273,1.00
617,273,1.00
610,274,0.29
611,274,0.86
612,274,1.00
613,274,1.00
614,274,1.00
615,274,1.00
616,274,1.00
611,275,0.29
612,275,0.86
613,275,1.00
614,275,1.00
615,275,1.00
612,276,0.29
613,276,0.86
614,276,0.86
613,277,0.29
577,236,0.29
576,237,0.29
577,237,0.57
578,237,0.29
575,238,0.57
576,238,0.57
577,238,0.86
578,238,0.57
579,238,0.29
574,239,1.00
575,239,1.00
576,239,1.00
577,239,1.00
578,239,0.86
579,239,0.57
580,239,0.29
573,240,1.00
574,240,1.00
575,240,1.00
576,240,1.00
577,240,1.00
578,240,1.00
579,240,0.86
580,240,0.57
581,240,0.29
572,241,1.00
573,241,1.00
574,241,1.00
575,241,1.00
576,241,1.00
577,241,1.00
578,241,1.00
579,241,1.00
580,241,0.86
581,241,0.57
582,241,0.29
571,242,1.00
572,242,1.00
573,242,1.00
574,242,1.00
575,242,1.00
576,242,1.00
577,242,1.00
578,242,1.00
579,242,1.00
580,242,1.00
581,242,0.86
582,242,0.57
583,242,0.29
572,243,1.00
573,243,1.00
574,243,1.00
575,243,1.00
576,243,1.00
577,243,1.00
578,243,1.00
579,243,1.00
580,243,0.86
581,243,0.57
582,243,0.29
573,244,0.57
574,244,0.57
575,244,0.86
576,244,1.00
577,244,1.00
578,244,1.00
579,244,0.86
580,244,0.57
581,244,0.29
574,245,0.29
575,245,0.57
576,245,0.86
577,245,1.00
578,245,0.86
579,245,0.57
580,245,0.29
575,246,0.29
576,246,0.57
577,246,0.86
578,246,0.57
579,246,0.29
576,247,0.29
577,247,0.57
578,247,0.29
577,248,0.29
570,234,1.00
569,235,1.00
570,235,1.00
571,235,1.00
568,236,1.00
569,236,1.00
570,236,1.00
571,236,1.00
572,236,1.00
567,237,1.00
568,237,1.00
569,237,1.00
570,237,1.00
571,237,1.00
572,237,1.00
573,237,1.00
566,238,1.00
567,238,1.00
568,238,1.00
569,238,1.00
570,238,1.00
571,238,1.00
572,238,1.00
573,238,1.00
574,238,0.86
565,239,0.86
566,239,1.00
567,239,1.00
568,239,1.00
569,239,1.00
570,239,1.00
571,239,1.00
572,239,1.00
573,239,1.00
564,240,0.86
565,240,1.00
566,240,1.00
567,240,1.00
568,240,1.00
569,240,1.00
570,240,1.00
571,240,1.00
572,240,1.00
565,241,0.86
566,241,1.00
567,241,1.00
568,241,1.00
569,241,1.00
570,241,1.00
571,241,1.00
566,242,0.86
567,242,1.00
568,242,1.00
569,242,1.00
570,242,1.00
567,243,1.00
568,243,1.00
569,243,1.00
570,243,1.00
571,243,1.00
568,244,1.00
569,244,1.00
570,244,1.00
571,244,1.00
572,244,0.86
569,245,1.00
570,245,1.00
571,245,0.86
570,246,0.86
569,234,1.00
568,235,1.00
567,236,1.00
566,237,1.00
565,238,0.86
564,239,0.29
563,240,0.57
564,241,0.57
565,242,0.57
566,243,0.86
567,244,1.00
568,245,1.00
569,246,1.00
571,234,1.00
572,235,1.00
573,236,1.00
574,237,0.57
572,245,0.29
571,246,0.57
621,277,1.00
620,278,0.86
621,278,1.00
622,278,1.00
619,279,0.29
620,279,0.86
621,279,1.00
622,279,1.00
623,279,0.86
618,280,0.29
619,280,0.57
620,280,0.86
621,280,1.00
622,280,1.00
623,280,0.86
624,280,0.29
617,281,0.29
618,281,0.57
619,281,0.86
620,281,1.00
621,281,1.00
622,281,1.00
623,281,0.86
624,281,0.57
625,281,0.29
616,282,0.29
617,282,0.57
618,282,0.86
619,282,1.00
620,282,1.00
621,282,1.00
622,282,1.00
623,282,1.00
624,282,0.86
625,282,0.57
626,282,0.29
615,283,0.29
616,283,0.57
617,283,0.86
618,283,1.00
619,283,1.00
620,283,1.00
621,283,1.00
622,283,1.00
623,283,1.00
624,283,1.00
625,283,0.86
626,283,0.57
627,283,0.29
616,284,0.29
617,284,0.57
618,284,0.86
619,284,1.00
620,284,1.00
621,284,1.00
622,284,1.00
623,284,1.00
624,284,0.86
625,284,0.57
626,284,0.29
617,285,0.29
618,285,0.57
619,285,0.86
620,285,1.00
621,285,1.00
622,285,1.00
623,285,0.86
624,285,0.57
625,285,0.29
618,286,0.29
619,286,0.57
620,286,0.86
621,286,1.00
622,286,0.86
623,286,0.57
624,286,0.29
619,287,0.29
620,287,0.57
621,287,0.86
622,287,0.57
623,287,0.29
620,288,0.29
621,288,0.57
622,288,0.29
621,289,0.29
651,298,1.00
650,299,1.00
651,299,1.00
652,299,0.86
649,300,1.00
650,300,1.00
651,300,1.00
652,300,1.00
653,300,1.00
648,301,1.00
649,301,1.00
650,301,1.00
651,301,1.00
652,301,1.00
653,301,1.00
654,301,1.00
647,302,0.86
648,302,1.00
649,302,1.00
650,302,1.00
651,302,1.00
652,302,1.00
653,302,1.00
654,302,1.00
655,302,1.00
646,303,0.29
647,303,0.86
648,303,1.00
649,303,1.00
650,303,1.00
651,303,1.00
652,303,1.00
653,303,1.00
654,303,1.00
655,303,1.00
656,303,1.00
645,304,0.29
646,304,0.57
647,304,0.86
648,304,1.00
649,304,1.00
650,304,1.00
651,304,1.00
652,304,1.00
653,304,1.00
654,304,1.00
655,304,1.00
656,304,1.00
657,304,1.00
646,305,0.29
647,305,1.00
648,305,1.00
649,305,1.00
650,305,1.00
651,305,1.00
652,305,1.00
653,305,1.00
654,305,1.00
655,305,1.00
656,305,1.00
647,306,0.29
648,306,1.00
649,306,1.00
650,306,1.00
651,306,1.00
652,306,1.00
653,306,1.00
654,306,1.00
655,306,1.00
648,307,0.29
649,307,1.00
650,307,1.00
651,307,1.00
652,307,1.00
653,307,1.00
654,307,1.00
649,308,0.29
650,308,1.00
651,308,1.00
652,308,1.00
653,308,1.00
650,309,0.29
651,309,1.00
652,309,1.00
651,310,0.29
653,299,0.86
654,300,0.57
655,301,0.57
656,302,0.57
657,303,0.57
658,304,0.86
657,305,1.00
658,305,1.00
659,305,1.00
656,306,1.00
657,306,1.00
658,306,1.00
655,307,1.00
656,307,1.00
657,307,1.00
654,308,1.00
655,308,1.00
656,308,1.00
653,309,1.00
654,309,1.00
655,309,1.00
652,310,0.57
653,310,1.00
654,310,0.86
653,311,0.57
599,256,0.29
598,257,0.29
599,257,0.57
600,257,0.29
597,258,0.29
598,258,0.57
599,258,0.86
600,258,0.57
601,258,0.29
596,259,0.29
597,259,0.57
598,259,0.86
599,259,1.00
600,259,0.86
601,259,0.57
602,259,0.29
595,260,0.29
596,260,0.57
597,260,0.86
598,260,1.00
599,260,1.00
600,260,1.00
601,260,0.86
602,260,0.57
603,260,0.29
594,261,0.29
595,261,0.57
596,261,0.86
597,261,1.00
598,261,1.00
599,261,1.00
600,261,1.00
601,261,1.00
602,261,0.86
603,261,0.57
604,261,0.29
593,262,0.29
594,262,0.57
595,262,0.86
596,262,1.00
597,262,1.00
598,262,1.00
599,262,1.00
600,262,1.00
601,262,1.00
602,262,1.00
603,262,0.86
604,262,0.57
605,262,0.29
594,263,0.29
595,263,0.57
596,263,0.86
597,263,1.00
598,263,1.00
599,263,1.00
600,263,1.00
601,263,1.00
602,263,0.86
603,263,0.57
604,263,0.29
595,264,0.29
596,264,0.57
597,264,0.86
598,264,1.00
599,264,1.00
600,264,1.00
601,264,0.86
602,264,0.57
603,264,0.29
596,265,0.29
597,265,0.57
598,265,0.86
599,265,1.00
600,265,0.86
601,265,0.57
602,265,0.29
597,266,0.29
598,266,0.57
599,266,0.86
600,266,0.57
601,266,0.29
598,267,0.29
599,267,0.57
600,267,0.29
599,268,0.29
569,230,0.57
568,231,1.00
569,231,1.00
570,231,0.57
567,232,1.00
568,232,1.00
569,232,1.00
570,232,1.00
571,232,0.57
566,233,1.00
567,233,1.00
568,233,1.00
569,233,1.00
570,233,1.00
571,233,1.00
572,233,0.57
565,234,1.00
566,234,1.00
567,234,1.00
568,234,1.00
572,234,1.00
573,234,0.57
564,235,1.00
565,235,1.00
566,235,1.00
567,235,1.00
573,235,0.57
574,235,0.29
563,236,0.57
564,236,1.00
565,236,1.00
566,236,1.00
574,236,0.57
575,236,0.29
564,237,0.57
565,237,1.00
567,228,0.29
566,229,0.29
567,229,0.57
568,229,0.29
565,230,0.29
566,230,0.57
567,230,0.86
568,230,0.57
564,231,0.29
565,231,0.57
566,231,0.86
567,231,1.00
563,232,0.29
564,232,0.57
565,232,0.86
566,232,1.00
562,233,0.29
563,233,0.57
564,233,0.86
565,233,1.00
561,234,0.29
562,234,0.57
563,234,0.86
564,234,1.00
562,235,0.29
563,235,0.57
613,254,0.29
612,255,0.29
613,255,0.57
614,255,0.29
611,256,0.29
612,256,0.57
613,256,0.86
614,256,0.57
615,256,0.29
610,257,0.29
611,257,0.57
612,257,0.86
613,257,1.00
614,257,0.86
615,257,0.57
616,257,0.29
609,258,0.29
610,258,0.57
611,258,0.86
612,258,1.00
613,258,1.00
614,258,1.00
615,258,0.86
616,258,0.57
617,258,0.29
608,259,0.29
609,259,0.57
610,259,0.86
611,259,1.00
612,259,1.00
613,259,1.00
614,259,1.00
615,259,1.00
616,259,0.86
617,259,0.57
618,259,0.29
607,260,0.29
608,260,0.57
609,260,0.86
610,260,1.00
611,260,1.00
612,260,1.00
613,260,1.00
614,260,1.00
615,260,1.00
616,260,1.00
617,260,0.86
618,260,0.57
619,260,0.29
608,261,0.29
609,261,0.57
610,261,0.86
611,261,1.00
613,261,1.00
614,261,1.00
615,261,1.00
616,261,0.86
617,261,0.57
618,261,0.29
609,262,0.29
610,262,0.57
614,262,1.00
615,262,0.86
616,262,0.57
617,262,0.29
615,263,0.57
616,263,0.29
648,292,0.29
647,293,0.29
648,293,0.57
649,293,0.29
646,294,0.29
647,294,0.57
648,294,0.86
649,294,0.57
650,294,0.29
645,295,0.29
646,295,0.57
647,295,0.86
648,295,1.00
649,295,0.86
650,295,0.57
651,295,0.29
644,296,0.29
645,296,0.57
646,296,0.86
647,296,1.00
648,296,1.00
649,296,1.00
650,296,0.86
651,296,0.57
652,296,0.29
643,297,0.29
644,297,0.57
645,297,0.86
646,297,1.00
647,297,1.00
648,297,1.00
649,297,1.00
650,297,1.00
651,297,0.86
652,297,0.57
653,297,0.29
642,298,0.86
643,298,0.86
644,298,0.86
645,298,1.00
646,298,1.00
647,298,1.00
648,298,1.00
649,298,1.00
650,298,1.00
652,298,0.86
653,298,0.57
654,298,0.29
643,299,0.29
644,299,0.57
645,299,0.86
646,299,1.00
647,299,1.00
648,299,1.00
649,299,1.00
644,300,0.29
645,300,0.57
646,300,0.86
647,300,1.00
648,300,1.00
645,301,0.29
646,301,0.57
647,301,0.86
646,302,0.29
659,303,0.29
659,304,0.57
660,304,0.29
660,305,0.57
661,305,0.29
659,306,1.00
660,306,0.86
661,306,0.57
662,306,0.29
658,307,1.00
659,307,1.00
660,307,1.00
661,307,0.86
662,307,0.57
663,307,0.29
657,308,1.00
658,308,1.00
659,308,1.00
660,308,1.00
661,308,1.00
662,308,0.86
663,308,0.57
664,308,0.29
656,309,1.00
657,309,1.00
658,309,1.00
659,309,1.00
660,309,1.00
661,309,1.00
662,309,1.00
663,309,0.86
664,309,0.57
665,309,0.29
655,310,0.57
656,310,0.86
657,310,1.00
658,310,1.00
659,310,1.00
660,310,1.00
661,310,1.00
662,310,0.86
663,310,0.57
664,310,0.29
655,311,0.29
656,311,0.57
657,311,0.86
658,311,1.00
659,311,1.00
660,311,1.00
661,311,0.86
662,311,0.57
663,311,0.29
656,312,0.29
657,312,0.57
658,312,0.86
659,312,1.00
660,312,0.86
661,312,0.57
662,312,0.29
657,313,0.29
658,313,0.57
659,313,0.86
660,313,0.57
661,313,0.29
658,314,0.29
659,314,0.57
660,314,0.29
659,315,0.29
637,292,0.29
636,293,0.29
637,293,0.57
638,293,0.29
635,294,0.29
636,294,0.57
637,294,0.86
638,294,0.57
639,294,0.29
634,295,0.29
635,295,0.57
636,295,0.86
637,295,1.00
638,295,0.86
639,295,0.57
640,295,0.29
633,296,0.29
634,296,0.57
635,296,0.86
636,296,1.00
637,296,1.00
638,296,1.00
639,296,0.86
640,296,0.57
641,296,0.29
632,297,0.29
633,297,0.57
634,297,0.86
635,297,1.00
636,297,1.00
637,297,1.00
638,297,1.00
639,297,1.00
640,297,0.86
641,297,0.57
642,297,0.29
631,298,0.29
632,298,0.57
633,298,0.86
634,298,1.00
635,298,1.00
636,298,1.00
637,298,1.00
638,298,1.00
639,298,1.00
640,298,1.00
641,298,0.86
632,299,0.29
633,299,0.57
634,299,0.86
635,299,1.00
636,299,1.00
637,299,1.00
638,299,1.00
639,299,1.00
640,299,0.86
641,299,0.57
642,299,0.29
633,300,0.29
634,300,0.57
635,300,0.86
636,300,1.00
637,300,1.00
638,300,1.00
639,300,1.00
640,300,0.57
641,300,0.29
634,301,0.29
635,301,0.57
636,301,0.86
637,301,1.00
638,301,1.00
639,301,1.00
640,301,0.57
635,302,0.29
636,302,0.57
637,302,1.00
638,302,1.00
639,302,1.00
636,303,0.57
637,303,1.00
638,303,1.00
637,304,1.00
551,234,0.29
550,235,0.29
551,235,0.86
552,235,0.29
549,236,0.29
550,236,0.86
551,236,1.00
552,236,0.86
553,236,0.29
549,237,0.86
550,237,1.00
551,237,1.00
552,237,1.00
553,237,0.86
554,237,0.29
550,238,1.00
551,238,1.00
552,238,1.00
553,238,1.00
554,238,0.86
555,238,0.29
551,239,1.00
552,239,1.00
553,239,1.00
554,239,1.00
555,239,0.86
556,239,0.57
552,240,1.00
553,240,1.00
554,240,1.00
555,240,1.00
556,240,1.00
557,240,1.00
553,241,1.00
554,241,1.00
555,241,1.00
556,241,1.00
552,242,1.00
553,242,1.00
554,242,1.00
555,242,1.00
551,243,1.00
552,243,1.00
553,243,1.00
554,243,1.00
550,244,1.00
551,244,1.00
552,244,1.00
553,244,1.00
551,245,1.00
552,245,1.00
557,241,1.00
556,242,1.00
555,243,1.00
554,244,1.00
553,245,1.00
552,246,1.00
609,290,0.29
608,291,0.29
609,291,0.57
610,291,0.29
607,292,0.29
608,292,0.57
609,292,0.86
610,292,0.57
611,292,0.29
606,293,0.29
607,293,0.57
608,293,0.86
609,293,1.00
610,293,0.86
611,293,0.57
612,293,0.29
605,294,0.29
606,294,0.57
607,294,0.86
608,294,1.00
609,294,1.00
610,294,1.00
611,294,0.86
612,294,0.86
613,294,0.86
604,295,0.86
605,295,0.86
606,295,0.86
607,295,1.00
608,295,1.00
609,295,1.00
610,295,1.00
611,295,1.00
612,295,1.00
613,295,1.00
614,295,0.86
603,296,1.00
604,296,1.00
605,296,1.00
606,296,1.00
607,296,1.00
608,296,1.00
609,296,1.00
610,296,1.00
611,296,1.00
612,296,1.00
613,296,1.00
614,296,1.00
615,296,0.86
604,297,1.00
605,297,1.00
606,297,1.00
607,297,1.00
608,297,1.00
609,297,1.00
610,297,1.00
611,297,1.00
612,297,1.00
613,297,1.00
614,297,1.00
605,298,1.00
606,298,1.00
607,298,1.00
608,298,1.00
609,298,1.00
610,298,1.00
611,298,1.00
612,298,1.00
613,298,1.00
606,299,1.00
607,299,1.00
608,299,1.00
609,299,1.00
610,299,1.00
611,299,1.00
612,299,1.00
607,300,0.86
608,300,1.00
609,300,1.00
610,300,1.00
611,300,1.00
608,301,0.29
609,301,0.86
610,301,0.86
609,302,0.29
613,293,0.29
614,294,0.29
615,295,0.29
616,296,0.29
615,297,0.86
616,297,0.57
617,297,0.29
614,298,1.00
615,298,1.00
616,298,0.86
617,298,0.57
618,298,0.29
613,299,1.00
614,299,1.00
615,299,1.00
616,299,1.00
617,299,0.86
618,299,0.57
619,299,0.29
612,300,1.00
613,300,1.00
614,300,1.00
615,300,1.00
616,300,0.86
617,300,0.57
618,300,0.29
611,301,0.86
612,301,1.00
613,301,1.00
614,301,1.00
615,301,0.86
616,301,0.57
617,301,0.29
610,302,0.29
611,302,0.57
612,302,0.86
613,302,1.00
614,302,0.86
615,302,0.57
616,302,0.29
611,303,0.29
612,303,0.86
613,303,1.00
614,303,0.86
615,303,0.29
612,304,0.86
613,304,1.00
614,304,0.86
613,305,1.00
560,251,0.29
559,252,0.29
560,252,0.57
561,252,0.29
558,253,0.29
559,253,0.57
560,253,0.86
561,253,0.86
562,253,0.86
557,254,0.29
558,254,0.57
559,254,0.86
560,254,1.00
561,254,1.00
562,254,1.00
563,254,1.00
556,255,0.29
557,255,0.57
558,255,0.86
559,255,1.00
560,255,1.00
561,255,1.00
562,255,1.00
563,255,1.00
564,255,1.00
555,256,0.29
556,256,0.57
557,256,0.86
558,256,1.00
559,256,1.00
560,256,1.00
561,256,1.00
562,256,1.00
563,256,1.00
564,256,1.00
565,256,1.00
554,257,0.29
555,257,0.57
556,257,0.86
557,257,1.00
558,257,1.00
559,257,1.00
560,257,1.00
561,257,1.00
562,257,1.00
563,257,1.00
564,257,1.00
565,257,1.00
566,257,1.00
555,258,0.29
556,258,0.57
557,258,0.86
558,258,1.00
559,258,1.00
560,258,1.00
561,258,1.00
562,258,1.00
563,258,1.00
564,258,1.00
565,258,1.00
556,259,0.29
557,259,0.57
558,259,0.86
559,259,1.00
560,259,1.00
561,259,1.00
562,259,0.86
563,259,0.86
564,259,0.86
557,260,0.29
558,260,0.57
559,260,0.86
560,260,1.00
561,260,0.86
562,260,0.57
563,260,0.29
558,261,0.29
559,261,0.57
560,261,0.86
561,261,0.57
562,261,0.29
559,262,0.29
560,262,0.57
561,262,0.29
560,263,0.29
572,262,0.29
571,263,0.29
572,263,0.57
573,263,0.29
570,264,0.29
571,264,0.57
572,264,0.86
573,264,0.57
574,264,0.29
569,265,0.29
570,265,0.57
571,265,0.86
572,265,1.00
573,265,0.86
574,265,0.57
575,265,0.29
568,266,0.29
569,266,0.57
570,266,0.86
571,266,1.00
572,266,1.00
573,266,1.00
574,266,0.86
575,266,0.57
576,266,0.29
567,267,0.29
568,267,0.57
569,267,0.86
570,267,1.00
571,267,1.00
572,267,1.00
573,267,1.00
574,267,1.00
575,267,0.86
576,267,0.57
577,267,0.29
566,268,0.29
567,268,0.57
568,268,0.86
569,268,1.00
570,268,1.00
571,268,1.00
572,268,1.00
573,268,1.00
574,268,1.00
575,268,1.00
576,268,0.86
577,268,0.57
578,268,0.29
567,269,0.29
568,269,0.57
569,269,0.86
570,269,1.00
571,269,1.00
572,269,1.00
573,269,1.00
574,269,1.00
575,269,0.86
576,269,0.57
577,269,0.29
568,270,0.29
569,270,0.57
570,270,0.86
571,270,1.00
572,270,1.00
573,270,1.00
574,270,0.86
575,270,0.57
576,270,0.29
569,271,0.29
570,271,0.57
571,271,0.86
572,271,1.00
573,271,0.86
574,271,0.57
575,271,0.29
570,272,0.29
571,272,0.57
572,272,0.86
573,272,0.57
574,272,0.29
571,273,0.29
572,273,0.57
573,273,0.29
572,274,0.29
603,293,0.29
602,294,0.29
603,294,0.57
604,294,0.29
601,295,0.29
602,295,0.57
603,295,0.86
600,296,0.29
601,296,0.57
602,296,0.86
599,297,0.29
600,297,0.57
601,297,0.86
602,297,1.00
603,297,1.00
598,298,0.29
599,298,0.57
600,298,0.86
601,298,1.00
602,298,1.00
603,298,1.00
604,298,1.00
597,299,0.29
598,299,0.57
599,299,0.86
600,299,1.00
601,299,1.00
602,299,1.00
603,299,1.00
604,299,1.00
605,299,1.00
598,300,0.29
599,300,0.57
600,300,0.86
601,300,1.00
602,300,1.00
603,300,1.00
604,300,1.00
605,300,1.00
606,300,0.86
599,301,0.29
600,301,0.57
601,301,0.86
602,301,1.00
603,301,1.00
604,301,1.00
605,301,0.86
606,301,0.57
607,301,0.29
600,302,0.29
601,302,0.57
602,302,0.86
603,302,1.00
604,302,0.86
605,302,0.57
606,302,0.29
601,303,0.29
602,303,0.57
603,303,0.86
604,303,0.57
605,303,0.29
602,304,0.29
603,304,0.57
604,304,0.29
603,305,0.29
565,249,1.00
564,250,1.00
565,250,1.00
566,250,1.00
563,251,0.86
564,251,1.00
565,251,1.00
566,251,1.00
567,251,1.00
562,252,0.29
563,252,0.86
564,252,0.86
565,252,1.00
566,252,1.00
567,252,1.00
568,252,0.86
563,253,0.86
564,253,1.00
565,253,1.00
566,253,1.00
567,253,1.00
568,253,0.86
569,253,0.29
564,254,1.00
565,254,1.00
566,254,1.00
567,254,1.00
568,254,0.86
569,254,0.57
570,254,0.29
565,255,1.00
566,255,1.00
567,255,1.00
568,255,1.00
569,255,0.86
570,255,0.57
571,255,0.29
566,256,1.00
567,256,1.00
568,256,0.86
569,256,0.57
570,256,0.29
567,257,0.86
568,257,0.57
569,257,0.29
566,258,0.86
567,258,0.57
568,258,0.29
565,259,0.86
566,259,0.57
567,259,0.29
564,260,0.29
565,260,0.57
566,260,0.29
565,261,0.29
557,238,0.29
557,239,0.57
558,239,0.29
558,240,0.57
559,240,0.29
558,241,0.86
559,241,0.57
560,241,0.29
557,242,1.00
558,242,1.00
559,242,0.86
560,242,0.57
561,242,0.57
556,243,1.00
557,243,1.00
558,243,1.00
559,243,1.00
560,243,1.00
561,243,1.00
562,243,1.00
555,244,1.00
556,244,1.00
557,244,1.00
558,244,1.00
559,244,1.00
560,244,1.00
561,244,1.00
562,244,1.00
563,244,1.00
554,245,1.00
555,245,1.00
556,245,1.00
557,245,1.00
558,245,1.00
559,245,1.00
560,245,1.00
561,245,1.00
562,245,1.00
553,246,1.00
554,246,1.00
555,246,1.00
556,246,1.00
557,246,1.00
558,246,1.00
559,246,1.00
560,246,1.00
561,246,1.00
554,247,1.00
555,247,1.00
556,247,1.00
557,247,1.00
558,247,1.00
559,247,1.00
560,247,1.00
555,248,0.57
556,248,0.57
557,248,0.86
558,248,0.57
559,248,0.57
556,249,0.29
557,249,0.57
558,249,0.29
557,250,0.29
623,313,0.86
622,314,0.86
623,314,0.86
624,314,0.29
621,315,0.86
622,315,0.86
623,315,0.86
624,315,0.57
625,315,0.29
620,316,0.86
621,316,0.86
622,316,0.86
623,316,1.00
624,316,0.86
625,316,0.57
626,316,0.29
619,317,0.86
620,317,0.86
621,317,0.86
622,317,1.00
623,317,1.00
624,317,1.00
625,317,0.86
626,317,0.57
627,317,0.29
618,318,0.29
619,318,0.86
620,318,0.86
621,318,1.00
622,318,1.00
623,318,1.00
624,318,1.00
625,318,1.00
626,318,0.86
627,318,0.57
628,318,0.29
617,319,0.29
618,319,0.57
619,319,0.86
620,319,1.00
621,319,1.00
622,319,1.00
623,319,1.00
624,319,1.00
625,319,1.00
626,319,1.00
627,319,0.86
628,319,0.57
629,319,0.29
618,320,0.29
619,320,0.57
620,320,0.86
621,320,1.00
622,320,1.00
623,320,1.00
624,320,1.00
625,320,1.00
626,320,0.86
627,320,0.57
628,320,0.29
619,321,0.29
620,321,0.57
621,321,0.86
622,321,1.00
623,321,1.00
624,321,1.00
625,321,0.86
626,321,0.57
627,321,0.29
620,322,0.29
621,322,0.57
622,322,0.86
623,322,1.00
624,322,0.86
625,322,0.57
626,322,0.29
621,323,0.29
622,323,0.57
623,323,0.86
624,323,0.57
625,323,0.29
622,324,0.29
623,324,0.57
624,324,0.29
623,325,0.29
611,304,0.29
615,304,0.29
610,305,0.29
611,305,0.57
612,305,0.86
614,305,0.86
615,305,0.57
616,305,0.29
609,306,0.29
610,306,0.57
611,306,0.86
612,306,1.00
613,306,1.00
614,306,1.00
615,306,0.86
616,306,0.57
617,306,0.29
608,307,0.29
609,307,0.57
610,307,0.86
611,307,1.00
612,307,1.00
613,307,1.00
614,307,1.00
615,307,1.00
616,307,0.86
617,307,0.57
618,307,0.57
607,308,0.29
608,308,0.57
609,308,0.86
610,308,1.00
611,308,1.00
612,308,1.00
613,308,1.00
614,308,1.00
615,308,1.00
616,308,1.00
617,308,1.00
618,308,1.00
619,308,1.00
608,309,0.29
609,309,0.57
611,309,1.00
612,309,1.00
613,309,1.00
614,309,1.00
615,309,1.00
616,309,1.00
617,309,1.00
618,309,1.00
612,310,1.00
613,310,1.00
614,310,1.00
615,310,1.00
616,310,1.00
617,310,1.00
613,311,1.00
614,311,1.00
615,311,1.00
616,311,1.00
614,312,1.00
615,312,1.00
591,278,0.29
590,279,0.29
591,279,0.57
592,279,0.29
589,280,0.29
590,280,0.57
591,280,0.86
592,280,0.57
593,280,0.29
588,281,0.29
589,281,0.57
590,281,0.86
591,281,1.00
592,281,0.86
593,281,0.57
594,281,0.29
587,282,0.29
588,282,0.57
589,282,0.86
590,282,1.00
591,282,1.00
592,282,1.00
593,282,0.86
594,282,0.57
595,282,0.29
586,283,0.29
587,283,0.57
588,283,0.86
589,283,1.00
590,283,1.00
591,283,1.00
592,283,1.00
593,283,1.00
594,283,0.86
595,283,0.57
596,283,0.29
585,284,0.29
586,284,0.57
587,284,0.86
588,284,1.00
589,284,1.00
590,284,1.00
591,284,1.00
592,284,1.00
593,284,1.00
594,284,1.00
595,284,0.86
596,284,0.57
597,284,0.29
586,285,0.29
587,285,0.57
588,285,0.86
589,285,1.00
590,285,1.00
591,285,1.00
592,285,1.00
593,285,1.00
594,285,0.86
595,285,0.57
596,285,0.29
587,286,0.29
588,286,0.57
589,286,0.86
590,286,1.00
591,286,1.00
592,286,1.00
593,286,0.86
594,286,0.57
595,286,0.29
588,287,0.29
589,287,0.57
590,287,0.86
591,287,1.00
592,287,0.86
593,287,0.57
594,287,0.29
589,288,0.29
590,288,0.57
591,288,0.86
592,288,0.57
593,288,0.29
590,289,0.29
591,289,0.57
592,289,0.29
591,290,0.29
581,274,0.29
580,275,0.29
581,275,0.57
582,275,0.29
579,276,0.29
580,276,0.57
581,276,0.86
582,276,0.57
583,276,0.29
578,277,0.29
579,277,0.57
580,277,0.86
581,277,1.00
582,277,0.86
583,277,0.57
584,277,0.29
577,278,0.29
578,278,0.57
579,278,0.86
580,278,1.00
581,278,1.00
582,278,1.00
583,278,0.86
584,278,0.57
585,278,0.29
576,279,0.29
577,279,0.57
578,279,0.86
579,279,1.00
580,279,1.00
581,279,1.00
582,279,1.00
583,279,1.00
584,279,0.86
585,279,0.57
586,279,0.29
575,280,0.29
576,280,0.57
577,280,0.86
578,280,1.00
579,280,1.00
580,280,1.00
581,280,1.00
582,280,1.00
583,280,1.00
584,280,1.00
585,280,0.86
586,280,0.57
587,280,0.29
576,281,0.29
577,281,0.57
578,281,0.86
579,281,1.00
580,281,1.00
581,281,1.00
582,281,1.00
583,281,1.00
584,281,0.86
585,281,0.57
586,281,0.29
577,282,0.29
578,282,0.57
579,282,0.86
580,282,1.00
581,282,1.00
582,282,1.00
583,282,0.86
584,282,0.57
585,282,0.29
578,283,0.29
579,283,0.57
580,283,0.86
581,283,1.00
582,283,0.86
583,283,0.57
584,283,0.29
579,284,0.29
580,284,0.57
581,284,0.86
582,284,0.57
583,284,0.29
580,285,0.29
581,285,0.57
582,285,0.29
581,286,0.29
556,262,0.29
555,263,0.29
556,263,0.57
557,263,0.29
554,264,0.29
555,264,0.57
556,264,0.86
557,264,0.57
558,264,0.29
553,265,0.29
554,265,0.57
555,265,0.86
556,265,1.00
557,265,0.86
558,265,0.57
559,265,0.29
554,266,0.86
555,266,1.00
556,266,1.00
557,266,1.00
558,266,0.86
559,266,0.57
560,266,0.29
555,267,1.00
556,267,1.00
557,267,1.00
558,267,1.00
559,267,0.86
560,267,0.57
561,267,0.29
556,268,1.00
557,268,1.00
558,268,1.00
559,268,1.00
560,268,0.86
561,268,0.57
562,268,0.29
557,269,1.00
558,269,1.00
559,269,0.86
560,269,0.57
561,269,0.29
558,270,0.86
559,270,0.57
560,270,0.29
559,271,0.29
558,272,0.29
557,273,0.29
556,274,0.29
521,243,0.29
520,244,0.57
521,244,0.57
522,244,0.29
519,245,0.57
520,245,1.00
521,245,1.00
522,245,0.57
523,245,0.29
518,246,0.57
519,246,1.00
520,246,1.00
521,246,1.00
522,246,1.00
523,246,0.57
524,246,0.29
517,247,0.57
518,247,1.00
519,247,1.00
520,247,1.00
521,247,1.00
522,247,1.00
523,247,1.00
524,247,0.57
525,247,0.29
516,248,0.57
517,248,1.00
518,248,1.00
519,248,1.00
520,248,1.00
521,248,1.00
522,248,1.00
523,248,1.00
524,248,1.00
525,248,0.57
526,248,0.29
515,249,0.57
516,249,1.00
517,249,1.00
518,249,1.00
519,249,1.00
520,249,1.00
521,249,1.00
522,249,1.00
523,249,1.00
524,249,1.00
525,249,1.00
526,249,0.57
527,249,0.29
516,250,1.00
517,250,1.00
518,250,1.00
519,250,1.00
520,250,1.00
521,250,1.00
522,250,1.00
523,250,1.00
524,250,1.00
525,250,1.00
526,250,0.57
517,251,1.00
518,251,1.00
519,251,1.00
520,251,1.00
521,251,1.00
522,251,1.00
523,251,1.00
524,251,1.00
525,251,0.57
518,252,1.00
519,252,1.00
520,252,1.00
521,252,1.00
522,252,1.00
523,252,1.00
524,252,0.57
519,253,1.00
520,253,1.00
521,253,1.00
522,253,1.00
523,253,0.57
520,254,1.00
521,254,1.00
522,254,0.57
521,255,0.57
515,250,0.57
516,251,0.57
517,252,0.57
517,253,0.29
518,253,0.57
518,254,0.29
519,254,0.57
519,255,0.29
520,255,0.57
520,256,0.29
550,276,0.57
549,277,1.00
550,277,0.86
551,277,0.57
548,278,1.00
549,278,0.86
550,278,0.57
551,278,0.29
548,279,0.86
549,279,0.57
550,279,0.29
549,280,0.29
564,283,0.29
563,284,0.29
564,284,0.57
565,284,0.29
562,285,0.29
563,285,0.57
564,285,0.86
565,285,0.57
566,285,0.29
561,286,0.29
562,286,0.57
563,286,0.86
564,286,1.00
565,286,0.86
566,286,0.57
567,286,0.29
560,287,0.29
561,287,0.57
562,287,0.86
563,287,1.00
564,287,1.00
565,287,1.00
566,287,0.86
567,287,0.57
568,287,0.29
559,288,0.29
560,288,0.57
561,288,0.86
562,288,1.00
563,288,1.00
564,288,1.00
565,288,1.00
566,288,1.00
567,288,0.86
568,288,0.57
569,288,0.29
558,289,0.29
559,289,0.57
560,289,0.86
561,289,1.00
562,289,1.00
563,289,1.00
564,289,1.00
565,289,1.00
566,289,1.00
567,289,1.00
568,289,0.86
569,289,0.57
570,289,0.29
559,290,0.29
560,290,0.57
561,290,0.86
562,290,1.00
563,290,1.00
564,290,1.00
565,290,1.00
566,290,1.00
567,290,0.86
568,290,0.57
569,290,0.29
560,291,0.29
561,291,0.57
562,291,0.86
563,291,1.00
564,291,1.00
565,291,1.00
566,291,0.86
567,291,0.57
568,291,0.29
561,292,0.29
562,292,0.57
563,292,0.86
564,292,1.00
565,292,0.86
566,292,0.57
567,292,0.29
562,293,0.29
563,293,0.57
564,293,0.86
565,293,0.57
566,293,0.29
563,294,0.29
564,294,0.57
565,294,0.29
564,295,0.29
592,291,0.29
591,292,0.29
592,292,0.57
593,292,0.29
590,293,0.29
591,293,0.57
592,293,0.86
593,293,0.57
594,293,0.29
589,294,0.29
590,294,0.57
591,294,0.86
592,294,1.00
593,294,0.86
594,294,0.57
595,294,0.29
588,295,0.29
589,295,0.57
590,295,0.86
591,295,1.00
592,295,1.00
593,295,1.00
594,295,0.86
595,295,0.57
596,295,0.29
587,296,0.29
588,296,0.57
589,296,0.86
590,296,1.00
591,296,1.00
592,296,1.00
593,296,1.00
594,296,1.00
595,296,0.86
596,296,0.57
597,296,0.29
586,297,0.29
587,297,0.57
588,297,0.86
589,297,1.00
590,297,1.00
591,297,1.00
592,297,1.00
593,297,1.00
594,297,1.00
595,297,1.00
596,297,0.86
597,297,0.57
598,297,0.29
587,298,0.29
588,298,0.57
589,298,0.86
590,298,1.00
591,298,1.00
592,298,1.00
593,298,1.00
594,298,1.00
595,298,0.86
596,298,0.57
597,298,0.29
588,299,0.29
589,299,0.57
590,299,0.86
591,299,1.00
592,299,1.00
593,299,1.00
594,299,0.86
595,299,0.57
596,299,0.29
589,300,0.29
590,300,0.57
591,300,0.86
592,300,1.00
593,300,0.86
594,300,0.57
595,300,0.29
590,301,0.29
591,301,0.57
592,301,0.86
593,301,0.57
594,301,0.29
591,302,0.29
592,302,0.57
593,302,0.29
592,303,0.29
619,306,0.29
619,307,0.57
620,307,0.29
620,308,0.57
621,308,0.29
619,309,1.00
620,309,0.86
621,309,0.57
622,309,0.29
618,310,1.00
619,310,1.00
620,310,1.00
621,310,0.86
622,310,0.57
623,310,0.29
617,311,1.00
618,311,1.00
619,311,1.00
620,311,1.00
621,311,1.00
622,311,0.86
623,311,0.57
624,311,0.29
616,312,1.00
617,312,1.00
618,312,1.00
619,312,1.00
620,312,1.00
621,312,1.00
622,312,1.00
623,312,0.86
624,312,0.57
625,312,0.29
615,313,0.57
616,313,0.86
617,313,1.00
618,313,1.00
619,313,1.00
620,313,1.00
621,313,1.00
622,313,0.86
624,313,0.29
616,314,0.57
617,314,0.86
618,314,1.00
619,314,1.00
620,314,1.00
621,314,0.86
617,315,0.57
618,315,0.86
619,315,1.00
620,315,0.86
617,316,0.29
618,316,0.57
619,316,0.86
618,317,0.29
637,312,0.29
636,313,0.29
637,313,0.57
638,313,0.29
635,314,0.29
636,314,0.57
637,314,0.86
638,314,0.57
639,314,0.29
634,315,0.29
635,315,0.57
636,315,0.86
637,315,1.00
638,315,0.86
639,315,1.00
640,315,1.00
633,316,0.29
634,316,0.57
635,316,0.86
636,316,1.00
637,316,1.00
638,316,1.00
639,316,1.00
640,316,1.00
641,316,1.00
632,317,0.29
633,317,0.57
634,317,0.86
635,317,1.00
636,317,1.00
637,317,1.00
638,317,1.00
639,317,1.00
640,317,1.00
641,317,1.00
642,317,1.00
631,318,0.29
632,318,0.57
633,318,0.86
634,318,1.00
635,318,1.00
636,318,1.00
637,318,1.00
638,318,1.00
639,318,1.00
640,318,1.00
641,318,1.00
642,318,1.00
643,318,1.00
632,319,0.29
633,319,0.57
634,319,0.86
635,319,1.00
636,319,1.00
637,319,1.00
638,319,1.00
639,319,1.00
640,319,1.00
641,319,1.00
642,319,1.00
633,320,0.29
634,320,0.57
635,320,0.86
636,320,1.00
637,320,1.00
638,320,1.00
639,320,0.86
640,320,1.00
641,320,1.00
634,321,0.29
635,321,0.57
636,321,0.86
637,321,1.00
638,321,0.86
639,321,0.57
640,321,0.29
635,322,0.29
636,322,0.57
637,322,0.86
638,322,0.57
639,322,0.29
636,323,0.29
637,323,0.57
638,323,0.29
637,324,0.29
643,311,0.86
642,312,0.86
643,312,1.00
644,312,0.86
641,313,0.86
642,313,1.00
643,313,1.00
644,313,1.00
645,313,0.86
640,314,0.86
641,314,1.00
642,314,1.00
643,314,1.00
644,314,1.00
645,314,1.00
646,314,0.86
641,315,1.00
642,315,1.00
643,315,1.00
644,315,1.00
645,315,1.00
646,315,1.00
647,315,0.86
642,316,1.00
643,316,1.00
644,316,1.00
645,316,1.00
646,316,1.00
647,316,1.00
648,316,0.86
643,317,1.00
644,317,1.00
645,317,1.00
646,317,1.00
647,317,1.00
644,318,1.00
645,318,1.00
646,318,1.00
647,318,1.00
648,318,0.86
643,319,1.00
644,319,1.00
645,319,1.00
646,319,1.00
647,319,0.86
642,320,1.00
643,320,1.00
644,320,1.00
645,320,1.00
646,320,0.86
641,321,0.86
642,321,1.00
643,321,1.00
644,321,1.00
645,321,0.86
642,322,0.86
643,322,1.00
644,322,0.86
643,323,0.86
640,302,0.57
641,302,0.29
639,303,1.00
640,303,0.86
641,303,0.57
642,303,0.29
635,304,0.29
636,304,0.57
638,304,1.00
639,304,1.00
640,304,1.00
641,304,0.86
642,304,0.57
643,304,0.29
634,305,0.29
635,305,0.57
636,305,0.86
637,305,1.00
638,305,1.00
639,305,1.00
640,305,1.00
641,305,1.00
642,305,0.86
643,305,0.57
644,305,0.29
633,306,0.29
634,306,0.57
635,306,0.86
636,306,1.00
637,306,1.00
638,306,1.00
639,306,1.00
640,306,1.00
641,306,1.00
642,306,1.00
643,306,0.86
644,306,0.57
645,306,0.29
634,307,0.29
635,307,0.57
636,307,0.86
637,307,1.00
638,307,1.00
639,307,1.00
640,307,1.00
641,307,1.00
642,307,0.86
643,307,0.57
644,307,0.29
635,308,0.29
636,308,0.57
637,308,0.86
638,308,1.00
639,308,1.00
640,308,1.00
641,308,0.86
642,308,0.57
643,308,0.29
636,309,0.29
637,309,0.57
638,309,0.86
639,309,1.00
640,309,0.86
641,309,0.57
642,309,0.29
637,310,0.29
638,310,0.57
639,310,0.86
640,310,0.57
641,310,0.29
638,311,0.29
639,311,0.57
640,311,0.29
639,312,0.29
635,280,0.29
634,281,0.29
635,281,0.57
636,281,0.29
633,282,0.29
634,282,0.57
635,282,0.86
636,282,0.57
637,282,0.29
632,283,0.29
633,283,0.57
634,283,0.86
635,283,1.00
636,283,0.86
637,283,0.57
638,283,0.29
631,284,0.29
632,284,0.57
633,284,0.86
634,284,1.00
635,284,1.00
636,284,1.00
637,284,0.86
638,284,0.57
639,284,0.29
630,285,0.29
631,285,0.57
632,285,0.86
633,285,1.00
634,285,1.00
635,285,1.00
636,285,1.00
637,285,1.00
638,285,0.86
639,285,0.57
640,285,0.29
629,286,0.29
630,286,0.57
631,286,0.86
632,286,1.00
633,286,1.00
634,286,1.00
635,286,1.00
636,286,1.00
637,286,1.00
638,286,1.00
639,286,0.86
640,286,0.57
641,286,0.29
630,287,0.29
631,287,0.57
632,287,0.86
633,287,1.00
634,287,1.00
635,287,1.00
636,287,1.00
637,287,1.00
638,287,0.86
639,287,0.57
640,287,0.29
631,288,0.29
632,288,0.57
633,288,0.86
634,288,1.00
635,288,1.00
636,288,1.00
637,288,0.86
638,288,0.57
639,288,0.29
632,289,0.29
633,289,0.57
634,289,0.86
635,289,1.00
636,289,0.86
637,289,0.57
638,289,0.29
633,290,0.29
634,290,0.57
635,290,0.86
636,290,0.57
637,290,0.29
634,291,0.29
635,291,0.57
636,291,0.29
635,292,0.29
622,269,0.29
621,270,0.29
622,270,0.57
623,270,0.29
620,271,0.57
621,271,0.57
622,271,0.86
623,271,0.57
624,271,0.29
619,272,1.00
620,272,1.00
621,272,1.00
622,272,1.00
623,272,0.86
624,272,0.57
625,272,0.29
618,273,1.00
619,273,1.00
620,273,1.00
621,273,1.00
622,273,1.00
623,273,1.00
624,273,0.86
625,273,0.57
626,273,0.29
617,274,1.00
618,274,1.00
619,274,1.00
620,274,1.00
621,274,1.00
622,274,1.00
623,274,1.00
624,274,1.00
625,274,0.86
626,274,0.57
627,274,0.29
616,275,1.00
617,275,1.00
618,275,1.00
619,275,1.00
620,275,1.00
621,275,1.00
622,275,1.00
623,275,1.00
624,275,1.00
625,275,1.00
626,275,0.86
627,275,0.57
628,275,0.29
617,276,0.57
618,276,0.57
619,276,0.86
620,276,1.00
621,276,1.00
622,276,1.00
623,276,1.00
624,276,1.00
625,276,0.86
626,276,0.57
627,276,0.29
618,277,0.29
619,277,0.57
620,277,0.86
622,277,1.00
623,277,1.00
624,277,0.86
625,277,0.57
626,277,0.29
619,278,0.29
623,278,0.86
624,278,0.57
625,278,0.29
624,279,0.29
618,269,0.29
619,270,0.29
615,276,0.86
616,276,0.57
614,277,0.29
615,277,0.57
616,277,0.29
615,278,0.29
584,251,0.29
583,252,0.29
584,252,0.57
585,252,0.29
582,253,0.29
583,253,0.57
584,253,0.86
585,253,0.57
586,253,0.29
581,254,0.29
582,254,0.57
583,254,0.86
584,254,1.00
585,254,0.86
586,254,0.57
587,254,0.29
580,255,0.29
581,255,0.57
582,255,0.86
583,255,1.00
584,255,1.00
585,255,1.00
586,255,0.86
587,255,0.57
588,255,0.29
579,256,0.29
580,256,0.57
581,256,0.86
582,256,1.00
583,256,1.00
584,256,1.00
585,256,1.00
586,256,1.00
587,256,0.86
588,256,0.57
589,256,0.29
578,257,0.29
579,257,0.57
580,257,0.86
581,257,1.00
582,257,1.00
583,257,1.00
584,257,1.00
585,257,1.00
586,257,1.00
587,257,1.00
588,257,0.86
589,257,0.57
590,257,0.29
579,258,0.29
580,258,0.57
581,258,0.86
582,258,1.00
583,258,1.00
584,258,1.00
585,258,1.00
586,258,1.00
587,258,0.86
588,258,0.57
589,258,0.29
580,259,0.29
581,259,0.57
582,259,0.86
583,259,1.00
584,259,1.00
585,259,1.00
586,259,0.86
587,259,0.57
588,259,0.29
581,260,0.29
582,260,0.57
583,260,0.86
584,260,1.00
585,260,0.86
586,260,0.57
587,260,0.29
582,261,0.29
583,261,0.57
584,261,0.86
585,261,0.57
586,261,0.29
583,262,0.29
584,262,0.57
585,262,0.29
584,263,0.29
565,244,1.00
566,244,1.00
564,245,1.00
565,245,1.00
566,245,1.00
567,245,1.00
563,246,1.00
564,246,1.00
565,246,1.00
566,246,1.00
567,246,1.00
568,246,1.00
562,247,1.00
563,247,1.00
564,247,1.00
565,247,1.00
566,247,1.00
567,247,1.00
568,247,1.00
569,247,1.00
570,247,0.86
571,247,0.57
572,247,0.29
561,248,1.00
562,248,1.00
563,248,1.00
564,248,1.00
565,248,1.00
566,248,1.00
567,248,1.00
568,248,1.00
569,248,1.00
570,248,1.00
571,248,0.86
572,248,0.57
573,248,0.29
562,249,1.00
563,249,1.00
564,249,1.00
566,249,1.00
567,249,1.00
568,249,1.00
569,249,1.00
570,249,0.86
571,249,0.57
572,249,0.29
563,250,1.00
567,250,1.00
568,250,1.00
569,250,0.86
570,250,0.57
571,250,0.29
568,251,0.86
569,251,0.57
570,251,0.29
569,252,0.29
562,241,0.29
563,241,0.57
562,242,0.57
563,242,0.86
564,242,0.57
563,243,1.00
564,243,0.86
565,243,0.57
564,244,1.00
563,245,1.00
562,246,1.00
561,247,1.00
560,248,0.57
560,249,0.29
561,249,0.57
561,250,0.29
562,250,0.57
562,251,0.29
553,247,1.00
554,248,0.86
553,249,0.86
554,249,0.29
552,250,0.86
553,250,0.29
551,251,0.86
552,251,0.29
551,252,0.29
550,252,0.29
534,254,0.29
533,255,0.29
534,255,0.57
535,255,0.86
532,256,0.29
533,256,0.86
534,256,0.86
535,256,1.00
536,256,1.00
533,257,0.86
534,257,0.86
535,257,0.86
536,257,1.00
537,257,1.00
534,258,0.86
535,258,0.86
536,258,0.86
537,258,1.00
538,258,1.00
535,259,0.86
536,259,0.86
537,259,0.86
538,259,1.00
539,259,0.86
541,259,0.29
536,260,0.86
537,260,0.86
538,260,0.86
539,260,0.57
540,260,0.29
537,261,0.86
538,261,0.86
539,261,0.29
538,262,0.86
532,257,0.29
531,258,0.29
532,258,0.57
533,258,0.86
530,259,0.86
531,259,0.86
532,259,0.86
533,259,1.00
534,259,0.86
529,260,1.00
530,260,1.00
531,260,1.00
532,260,1.00
533,260,1.00
534,260,1.00
535,260,0.86
528,261,1.00
529,261,1.00
530,261,1.00
531,261,1.00
532,261,1.00
533,261,1.00
534,261,1.00
535,261,1.00
536,261,0.86
527,262,1.00
528,262,1.00
529,262,1.00
530,262,1.00
531,262,1.00
532,262,1.00
533,262,1.00
534,262,1.00
535,262,1.00
536,262,1.00
537,262,0.86
539,262,0.29
528,263,1.00
529,263,1.00
530,263,1.00
531,263,1.00
532,263,1.00
533,263,1.00
534,263,1.00
535,263,1.00
536,263,0.86
537,263,0.57
538,263,0.29
529,264,1.00
530,264,1.00
531,264,1.00
532,264,1.00
533,264,1.00
534,264,1.00
535,264,0.86
536,264,0.57
537,264,0.29
530,265,0.86
531,265,0.86
532,265,0.86
533,265,1.00
534,265,0.86
535,265,0.57
536,265,0.29
531,266,0.29
532,266,0.57
533,266,0.86
534,266,0.57
535,266,0.29
532,267,0.29
533,267,0.57
534,267,0.29
533,268,0.29
528,256,0.29
527,257,0.57
528,257,0.57
529,257,0.29
526,258,1.00
527,258,1.00
528,258,1.00
529,258,0.57
530,258,0.29
525,259,1.00
526,259,1.00
527,259,1.00
528,259,1.00
529,259,1.00
524,260,1.00
525,260,1.00
526,260,1.00
527,260,1.00
528,260,1.00
523,261,1.00
524,261,1.00
525,261,1.00
526,261,1.00
527,261,1.00
522,262,1.00
523,262,1.00
524,262,1.00
525,262,1.00
526,262,1.00
523,263,1.00
524,263,1.00
525,263,1.00
526,263,1.00
527,263,1.00
524,264,1.00
525,264,1.00
526,264,1.00
527,264,1.00
528,264,1.00
525,265,1.00
526,265,1.00
527,265,1.00
528,265,1.00
529,265,0.86
526,266,1.00
527,266,0.86
528,266,0.86
529,266,0.57
530,266,0.29
527,267,0.29
528,267,0.57
529,267,0.29
528,268,0.29
525,256,0.86
524,257,0.86
525,257,1.00
526,257,0.86
523,258,0.86
524,258,1.00
525,258,1.00
522,259,0.86
523,259,1.00
524,259,1.00
521,260,0.86
522,260,1.00
523,260,1.00
520,261,0.86
521,261,1.00
522,261,1.00
519,262,0.29
520,262,0.86
521,262,1.00
520,263,0.29
521,263,0.86
522,263,1.00
521,264,0.29
522,264,0.86
523,264,1.00
522,265,0.29
523,265,0.86
524,265,1.00
523,266,0.29
524,266,0.86
525,266,1.00
524,267,0.29
525,267,0.86
526,267,0.29
525,268,0.29
525,255,0.29
524,256,0.29
526,256,0.29
523,257,0.29
522,258,0.29
521,259,0.29
520,260,0.29
519,261,0.29

