579,513,1.00
580,513,1.00
581,513,1.00
582,513,1.00
583,513,0.92
584,513,0.69
585,513,0.46
579,514,1.00
580,514,1.00
581,514,1.00
582,514,1.00
583,514,1.00
584,514,0.87
585,514,0.46
579,515,1.00
580,515,1.00
581,515,1.00
582,515,1.00
583,515,1.00
584,515,1.00
585,515,0.46
579,516,1.00
580,516,1.00
581,516,1.00
582,516,1.00
583,516,1.00
584,516,1.00
585,516,0.46
579,517,1.00
580,517,1.00
581,517,1.00
582,517,1.00
583,517,1.00
584,517,1.00
585,517,0.46
579,518,1.00
580,518,1.00
581,518,1.00
582,518,1.00
583,518,1.00
584,518,0.87
585,518,0.46
579,519,1.00
580,519,1.00
581,519,1.00
582,519,1.00
583,519,0.92
584,519,0.69
585,519,0.46
578,513,1.00
578,514,1.00
578,515,1.00
578,516,1.00
578,517,1.00
578,518,1.00
578,519,1.00
577,513,1.00
577,514,1.00
577,515,1.00
577,516,1.00
577,517,1.00
577,518,1.00
577,519,1.00
576,513,1.00
576,514,1.00
576,515,1.00
576,516,1.00
576,517,1.00
576,518,1.00
576,519,1.00
574,513,1.00
575,513,1.00
574,514,1.00
575,514,1.00
574,515,1.00
575,515,1.00
574,516,1.00
575,516,1.00
574,517,1.00
575,517,1.00
574,518,1.00
575,518,1.00
574,519,1.00
575,519,1.00
573,513,1.00
573,514,1.00
573,515,1.00
573,516,1.00
573,517,1.00
573,518,1.00
573,519,1.00
572,513,1.00
572,514,1.00
572,515,1.00
572,516,1.00
572,517,1.00
572,518,1.00
572,519,1.00
571,513,1.00
571,514,1.00
571,515,1.00
571,516,1.00
571,517,1.00
571,518,1.00
571,519,1.00
570,513,0.92
570,514,1.00
570,515,1.00
570,516,1.00
570,517,1.00
570,518,1.00
570,519,1.00
569,513,0.69
569,514,1.00
569,515,1.00
569,516,1.00
569,517,1.00
569,518,1.00
569,519,1.00
568,513,0.23
568,514,1.00
568,515,1.00
568,516,1.00
568,517,1.00
568,518,1.00
568,519,1.00
568,520,1.00
569,520,1.00
570,520,1.00
571,520,0.92
572,520,0.69
573,520,0.46
574,520,0.23
567,514,1.00
567,515,1.00
567,516,1.00
567,517,1.00
567,518,1.00
567,519,1.00
567,520,1.00
566,514,0.92
566,515,1.00
566,516,1.00
566,517,1.00
566,518,1.00
566,519,1.00
566,520,1.00
565,514,0.69
565,515,1.00
565,516,1.00
565,517,1.00
565,518,1.00
565,519,1.00
565,520,1.00
564,514,0.46
564,515,1.00
564,516,1.00
564,517,1.00
564,518,1.00
564,519,1.00
564,520,1.00
563,514,0.23
563,515,1.00
563,516,1.00
563,517,1.00
563,518,1.00
563,519,1.00
563,520,1.00
563,521,1.00
564,521,1.00
565,521,1.00
566,521,0.92
567,521,0.69
568,521,0.46
569,521,0.23
562,515,1.00
562,516,1.00
562,517,1.00
562,518,1.00
562,519,1.00
562,520,1.00
562,521,1.00
561,515,1.00
561,516,1.00
561,517,1.00
561,518,1.00
561,519,1.00
561,520,1.00
561,521,1.00
560,515,1.00
560,516,1.00
560,517,1.00
560,518,1.00
560,519,1.00
560,520,1.00
560,521,1.00
559,515,1.00
559,516,1.00
559,517,1.00
559,518,1.00
559,519,1.00
559,520,1.00
559,521,1.00
558,515,0.92
558,516,1.00
558,517,1.00
558,518,1.00
558,519,1.00
558,520,1.00
558,521,1.00
557,515,0.69
557,516,1.00
557,517,1.00
557,518,1.00
557,519,1.00
557,520,1.00
557,521,1.00
556,515,0.46
556,516,1.00
556,517,1.00
556,518,1.00
556,519,1.00
556,520,1.00
556,521,1.00
554,515,0.23
555,515,0.23
554,516,0.92
555,516,1.00
554,517,1.00
555,517,1.00
554,518,1.00
555,518,1.00
554,519,1.00
555,519,1.00
554,520,1.00
555,520,1.00
554,521,1.00
555,521,1.00
554,522,1.00
555,522,1.00
556,522,1.00
557,522,0.69
558,522,0.46
559,522,0.23
560,522,0.23
552,516,0.46
553,516,0.46
552,517,1.00
553,517,1.00
552,518,1.00
553,518,1.00
552,519,1.00
553,519,1.00
552,520,1.00
553,520,1.00
552,521,1.00
553,521,1.00
552,522,1.00
553,522,1.00
551,516,0.23
551,517,1.00
551,518,1.00
551,519,1.00
551,520,1.00
551,521,1.00
551,522,1.00
550,517,0.92
550,518,1.00
550,519,1.00
550,520,1.00
550,521,1.00
550,522,1.00
550,523,1.00
551,523,1.00
552,523,1.00
553,523,1.00
554,523,0.92
555,523,0.69
556,523,0.46
549,517,0.46
549,518,1.00
549,519,1.00
549,520,1.00
549,521,1.00
549,522,1.00
549,523,1.00
548,517,0.23
548,518,1.00
548,519,1.00
548,520,1.00
548,521,1.00
548,522,1.00
548,523,1.00
547,518,0.92
547,519,1.00
547,520,1.00
547,521,1.00
547,522,1.00
547,523,1.00
547,524,1.00
548,524,1.00
549,524,1.00
550,524,0.92
551,524,0.69
552,524,0.46
553,524,0.23
546,518,0.69
546,519,1.00
546,520,1.00
546,521,1.00
546,522,1.00
546,523,1.00
546,524,1.00
545,518,0.46
545,519,1.00
545,520,1.00
545,521,1.00
545,522,1.00
545,523,1.00
545,524,1.00
544,518,0.23
544,519,0.69
544,520,1.00
544,521,1.00
544,522,1.00
544,523,1.00
544,524,1.00
543,519,0.46
543,520,1.00
543,521,1.00
543,522,1.00
543,523,1.00
543,524,1.00
543,525,1.00
544,525,1.00
545,525,1.00
546,525,0.78
547,525,0.69
548,525,0.23
549,525,0.23
541,519,0.23
542,519,0.23
541,520,1.00
542,520,1.00
541,521,1.00
542,521,1.00
541,522,1.00
542,522,1.00
541,523,1.00
542,523,1.00
541,524,1.00
542,524,1.00
541,525,1.00
542,525,1.00
541,526,1.00
542,526,0.92
543,526,0.69
544,526,0.69
545,526,0.46
546,526,0.23
547,526,0.23
539,520,0.92
540,520,0.92
539,521,1.00
540,521,1.00
539,522,1.00
540,522,1.00
539,523,1.00
540,523,1.00
539,524,1.00
540,524,1.00
539,525,1.00
540,525,1.00
539,526,1.00
540,526,0.92
538,520,0.69
538,521,1.00
538,522,1.00
538,523,1.00
538,524,1.00
538,525,1.00
538,526,1.00
536,520,0.46
537,520,0.46
536,521,1.00
537,521,1.00
536,522,1.00
537,522,1.00
536,523,1.00
537,523,1.00
536,524,1.00
537,524,1.00
536,525,1.00
537,525,1.00
536,526,1.00
537,526,1.00
535,520,0.23
535,521,0.69
535,522,1.00
535,523,1.00
535,524,1.00
535,525,1.00
535,526,1.00
533,521,0.46
534,521,0.46
533,522,1.00
534,522,1.00
533,523,1.00
534,523,1.00
533,524,1.00
534,524,1.00
533,525,1.00
534,525,1.00
533,526,1.00
534,526,1.00
533,527,1.00
534,527,1.00
535,527,0.78
536,527,0.69
537,527,0.46
538,527,0.46
539,527,0.23
532,521,0.23
532,522,0.92
532,523,1.00
532,524,1.00
532,525,1.00
532,526,1.00
532,527,1.00
530,522,0.69
531,522,0.69
530,523,1.00
531,523,1.00
530,524,1.00
531,524,1.00
530,525,1.00
531,525,1.00
530,526,1.00
531,526,1.00
530,527,1.00
531,527,1.00
530,528,1.00
531,528,0.92
532,528,0.69
533,528,0.69
534,528,0.46
535,528,0.23
536,528,0.23
528,522,0.46
529,522,0.46
528,523,1.00
529,523,1.00
528,524,1.00
529,524,1.00
528,525,1.00
529,525,1.00
528,526,1.00
529,526,1.00
528,527,1.00
529,527,1.00
528,528,1.00
529,528,1.00
527,522,0.23
527,523,0.69
527,524,1.00
527,525,1.00
527,526,1.00
527,527,1.00
527,528,1.00
525,523,0.46
526,523,0.46
525,524,1.00
526,524,1.00
525,525,1.00
526,525,1.00
525,526,1.00
526,526,1.00
525,527,1.00
526,527,1.00
525,528,1.00
526,528,1.00
525,529,1.00
526,529,1.00
527,529,0.78
528,529,0.69
529,529,0.46
530,529,0.23
531,529,0.23
523,523,0.23
524,523,0.23
523,524,0.92
524,524,1.00
523,525,1.00
524,525,1.00
523,526,1.00
524,526,1.00
523,527,1.00
524,527,1.00
523,528,1.00
524,528,1.00
523,529,1.00
524,529,1.00
522,524,0.92
522,525,1.00
522,526,1.00
522,527,1.00
522,528,1.00
522,529,1.00
522,530,0.92
523,530,0.69
524,530,0.69
525,530,0.46
526,530,0.46
527,530,0.23
528,530,0.23
520,524,0.92
521,524,0.69
520,525,1.00
521,525,1.00
520,526,1.00
521,526,1.00
520,527,1.00
521,527,1.00
520,528,1.00
521,528,1.00
520,529,1.00
521,529,1.00
520,530,0.92
521,530,0.69
518,524,0.92
519,524,0.92
518,525,1.00
519,525,1.00
518,526,1.00
519,526,1.00
518,527,1.00
519,527,1.00
518,528,1.00
519,528,1.00
518,529,1.00
519,529,1.00
518,530,0.92
519,530,0.92
516,524,0.69
517,524,0.69
516,525,1.00
517,525,1.00
516,526,1.00
517,526,1.00
516,527,1.00
517,527,1.00
516,528,1.00
517,528,1.00
516,529,1.00
517,529,1.00
516,530,1.00
517,530,0.92
514,524,0.46
515,524,0.46
514,525,1.00
515,525,1.00
514,526,1.00
515,526,1.00
514,527,1.00
515,527,1.00
514,528,1.00
515,528,1.00
514,529,1.00
515,529,1.00
514,530,1.00
515,530,1.00
513,524,0.23
513,525,0.92
513,526,1.00
513,527,1.00
513,528,1.00
513,529,1.00
513,530,1.00
511,525,0.69
512,525,0.69
511,526,1.00
512,526,1.00
511,527,1.00
512,527,1.00
511,528,1.00
512,528,1.00
511,529,1.00
512,529,1.00
511,530,1.00
512,530,1.00
511,531,1.00
512,531,0.92
513,531,0.69
514,531,0.69
515,531,0.46
516,531,0.23
517,531,0.23
509,525,0.46
510,525,0.46
509,526,1.00
510,526,1.00
509,527,1.00
510,527,1.00
509,528,1.00
510,528,1.00
509,529,1.00
510,529,1.00
509,530,1.00
510,530,1.00
509,531,1.00
510,531,1.00
508,525,0.23
508,526,0.92
508,527,1.00
508,528,1.00
508,529,1.00
508,530,1.00
508,531,1.00
506,526,0.92
507,526,0.92
506,527,1.00
507,527,1.00
506,528,1.00
507,528,1.00
506,529,1.00
507,529,1.00
506,530,1.00
507,530,1.00
506,531,1.00
507,531,1.00
506,532,1.00
507,532,0.92
508,532,0.69
509,532,0.69
510,532,0.46
511,532,0.23
512,532,0.23
504,526,0.69
505,526,0.69
504,527,1.00
505,527,1.00
504,528,1.00
505,528,1.00
504,529,1.00
505,529,1.00
504,530,1.00
505,530,1.00
504,531,1.00
505,531,1.00
504,532,1.00
505,532,1.00
503,526,0.46
503,527,1.00
503,528,1.00
503,529,1.00
503,530,1.00
503,531,1.00
503,532,1.00
501,526,0.23
502,526,0.23
501,527,0.69
502,527,0.78
501,528,1.00
502,528,1.00
501,529,1.00
502,529,1.00
501,530,1.00
502,530,1.00
501,531,1.00
502,531,1.00
501,532,1.00
502,532,1.00
500,527,0.46
500,528,1.00
500,529,1.00
500,530,1.00
500,531,1.00
500,532,1.00
500,533,1.00
501,533,0.69
502,533,0.46
503,533,0.46
504,533,0.46
505,533,0.23
506,533,0.23
498,527,0.23
499,527,0.23
498,528,0.69
499,528,0.78
498,529,1.00
499,529,1.00
498,530,1.00
499,530,1.00
498,531,1.00
499,531,1.00
498,532,1.00
499,532,1.00
498,533,1.00
499,533,1.00
495,528,0.46
496,528,0.46
497,528,0.46
495,529,1.00
496,529,1.00
497,529,1.00
495,530,1.00
496,530,1.00
497,530,1.00
495,531,1.00
496,531,1.00
497,531,1.00
495,532,1.00
496,532,1.00
497,532,1.00
495,533,1.00
496,533,1.00
497,533,1.00
495,534,1.00
496,534,1.00
497,534,0.69
498,534,0.46
499,534,0.46
500,534,0.46
501,534,0.23
494,528,0.23
494,529,0.69
494,530,1.00
494,531,1.00
494,532,1.00
494,533,1.00
494,534,1.00
491,529,0.92
492,529,0.92
493,529,0.69
491,530,1.00
492,530,1.00
493,530,1.00
491,531,1.00
492,531,1.00
493,531,1.00
491,532,1.00
492,532,1.00
493,532,1.00
491,533,1.00
492,533,1.00
493,533,1.00
491,534,1.00
492,534,1.00
493,534,1.00
491,535,0.92
492,535,0.92
493,535,0.69
494,535,0.46
495,535,0.46
496,535,0.46
497,535,0.23
490,529,0.69
490,530,1.00
490,531,1.00
490,532,1.00
490,533,1.00
490,534,1.00
490,535,0.92
487,529,0.46
488,529,0.46
489,529,0.46
487,530,1.00
488,530,1.00
489,530,1.00
487,531,1.00
488,531,1.00
489,531,1.00
487,532,1.00
488,532,1.00
489,532,1.00
487,533,1.00
488,533,1.00
489,533,1.00
487,534,1.00
488,534,1.00
489,534,1.00
487,535,1.00
488,535,1.00
489,535,0.78
486,529,0.23
486,530,0.69
486,531,1.00
486,532,1.00
486,533,1.00
486,534,1.00
486,535,1.00
484,530,0.46
485,530,0.46
484,531,1.00
485,531,1.00
484,532,1.00
485,532,1.00
484,533,1.00
485,533,1.00
484,534,1.00
485,534,1.00
484,535,1.00
485,535,1.00
484,536,1.00
485,536,0.78
486,536,0.69
487,536,0.46
488,536,0.46
489,536,0.23
490,536,0.23
482,530,0.23
483,530,0.23
482,531,0.69
483,531,0.78
482,532,1.00
483,532,1.00
482,533,1.00
483,533,1.00
482,534,1.00
483,534,1.00
482,535,1.00
483,535,1.00
482,536,1.00
483,536,1.00
480,531,0.46
481,531,0.46
480,532,1.00
481,532,1.00
480,533,1.00
481,533,1.00
480,534,1.00
481,534,1.00
480,535,1.00
481,535,1.00
480,536,1.00
481,536,1.00
480,537,1.00
481,537,0.78
482,537,0.69
483,537,0.46
484,537,0.23
485,537,0.23
486,537,0.23
477,531,0.23
478,531,0.23
479,531,0.23
477,532,0.69
478,532,0.78
479,532,1.00
477,533,1.00
478,533,1.00
479,533,1.00
477,534,1.00
478,534,1.00
479,534,1.00
477,535,1.00
478,535,1.00
479,535,1.00
477,536,1.00
478,536,1.00
479,536,1.00
477,537,1.00
478,537,1.00
479,537,1.00
476,532,0.46
476,533,1.00
476,534,1.00
476,535,1.00
476,536,1.00
476,537,1.00
476,538,1.00
477,538,0.78
478,538,0.69
479,538,0.46
480,538,0.46
481,538,0.23
482,538,0.23
474,532,0.23
475,532,0.23
474,533,0.92
475,533,0.78
474,534,1.00
475,534,1.00
474,535,1.00
475,535,1.00
474,536,1.00
475,536,1.00
474,537,1.00
475,537,1.00
474,538,1.00
475,538,1.00
472,533,0.92
473,533,0.92
472,534,1.00
473,534,1.00
472,535,1.00
473,535,1.00
472,536,1.00
473,536,1.00
472,537,1.00
473,537,1.00
472,538,1.00
473,538,1.00
472,539,0.92
473,539,0.92
474,539,0.69
475,539,0.46
476,539,0.46
477,539,0.23
478,539,0.23
470,533,0.69
471,533,0.69
470,534,1.00
471,534,1.00
470,535,1.00
471,535,1.00
470,536,1.00
471,536,1.00
470,537,1.00
471,537,1.00
470,538,1.00
471,538,1.00
470,539,0.92
471,539,0.69
468,533,0.46
469,533,0.46
468,534,1.00
469,534,1.00
468,535,1.00
469,535,1.00
468,536,1.00
469,536,1.00
468,537,1.00
469,537,1.00
468,538,1.00
469,538,1.00
468,539,1.00
469,539,1.00
467,533,0.23
467,534,0.92
467,535,1.00
467,536,1.00
467,537,1.00
467,538,1.00
467,539,1.00
464,534,0.69
465,534,0.69
466,534,0.69
464,535,1.00
465,535,1.00
466,535,1.00
464,536,1.00
465,536,1.00
466,536,1.00
464,537,1.00
465,537,1.00
466,537,1.00
464,538,1.00
465,538,1.00
466,538,1.00
464,539,1.00
465,539,1.00
466,539,1.00
464,540,1.00
465,540,0.92
466,540,0.69
467,540,0.69
468,540,0.46
469,540,0.46
470,540,0.23
463,534,0.46
463,535,1.00
463,536,1.00
463,537,1.00
463,538,1.00
463,539,1.00
463,540,1.00
461,534,0.23
462,534,0.23
461,535,0.69
462,535,0.78
461,536,1.00
462,536,1.00
461,537,1.00
462,537,1.00
461,538,1.00
462,538,1.00
461,539,1.00
462,539,1.00
461,540,1.00
462,540,1.00
459,535,0.46
460,535,0.46
459,536,1.00
460,536,1.00
459,537,1.00
460,537,1.00
459,538,1.00
460,538,1.00
459,539,1.00
460,539,1.00
459,540,1.00
460,540,1.00
459,541,1.00
460,541,1.00
461,541,0.69
462,541,0.46
463,541,0.46
464,541,0.23
465,541,0.23
457,535,0.23
458,535,0.23
457,536,0.69
458,536,0.78
457,537,1.00
458,537,1.00
457,538,1.00
458,538,1.00
457,539,1.00
458,539,1.00
457,540,1.00
458,540,1.00
457,541,1.00
458,541,1.00
455,536,0.46
456,536,0.46
455,537,1.00
456,537,1.00
455,538,1.00
456,538,1.00
455,539,1.00
456,539,1.00
455,540,1.00
456,540,1.00
455,541,1.00
456,541,1.00
455,542,1.00
456,542,1.00
457,542,0.69
458,542,0.46
459,542,0.46
460,542,0.46
461,542,0.23
454,536,0.23
454,537,0.69
454,538,1.00
454,539,1.00
454,540,1.00
454,541,1.00
454,542,1.00
451,537,0.46
452,537,0.46
453,537,0.46
451,538,1.00
452,538,1.00
453,538,1.00
451,539,1.00
452,539,1.00
453,539,1.00
451,540,1.00
452,540,1.00
453,540,1.00
451,541,1.00
452,541,1.00
453,541,1.00
451,542,1.00
452,542,1.00
453,542,1.00
451,543,1.00
452,543,0.78
453,543,0.69
454,543,0.46
455,543,0.46
456,543,0.46
457,543,0.23
450,537,0.23
450,538,0.69
450,539,1.00
450,540,1.00
450,541,1.00
450,542,1.00
450,543,1.00
447,538,0.69
448,538,0.69
449,538,0.69
447,539,1.00
448,539,1.00
449,539,1.00
447,540,1.00
448,540,1.00
449,540,1.00
447,541,1.00
448,541,1.00
449,541,1.00
447,542,1.00
448,542,1.00
449,542,1.00
447,543,1.00
448,543,1.00
449,543,1.00
447,544,0.92
448,544,0.69
449,544,0.69
450,544,0.46
451,544,0.46
452,544,0.23
453,544,0.23
445,538,0.46
446,538,0.46
445,539,1.00
446,539,1.00
445,540,1.00
446,540,1.00
445,541,1.00
446,541,1.00
445,542,1.00
446,542,1.00
445,543,1.00
446,543,1.00
445,544,1.00
446,544,0.78
443,538,0.23
444,538,0.23
443,539,0.69
444,539,0.78
443,540,1.00
444,540,1.00
443,541,1.00
444,541,1.00
443,542,1.00
444,542,1.00
443,543,1.00
444,543,1.00
443,544,1.00
444,544,1.00
441,539,0.46
442,539,0.46
441,540,1.00
442,540,1.00
441,541,1.00
442,541,1.00
441,542,1.00
442,542,1.00
441,543,1.00
442,543,1.00
441,544,1.00
442,544,1.00
441,545,0.78
442,545,0.69
443,545,0.46
444,545,0.46
445,545,0.46
446,545,0.23
447,545,0.23
439,539,0.23
440,539,0.23
439,540,0.46
440,540,0.55
439,541,1.00
440,541,1.00
439,542,1.00
440,542,1.00
439,543,1.00
440,543,1.00
439,544,1.00
440,544,1.00
439,545,1.00
440,545,1.00
436,540,0.23
437,540,0.23
438,540,0.23
436,541,0.46
437,541,0.55
438,541,0.85
436,542,1.00
437,542,1.00
438,542,1.00
436,543,1.00
437,543,1.00
438,543,1.00
436,544,1.00
437,544,1.00
438,544,1.00
436,545,1.00
437,545,1.00
438,545,1.00
436,546,1.00
437,546,1.00
438,546,1.00
439,546,0.55
440,546,0.46
441,546,0.23
442,546,0.23
434,541,0.23
435,541,0.23
434,542,0.69
435,542,0.78
434,543,1.00
435,543,1.00
434,544,1.00
435,544,1.00
434,545,1.00
435,545,1.00
434,546,1.00
435,546,1.00
434,547,1.00
435,547,1.00
436,547,0.85
437,547,0.55
438,547,0.46
439,547,0.23
440,547,0.23
432,542,0.69
433,542,0.69
432,543,1.00
433,543,1.00
432,544,1.00
433,544,1.00
432,545,1.00
433,545,1.00
432,546,1.00
433,546,1.00
432,547,1.00
433,547,1.00
432,548,0.69
433,548,0.69
434,548,0.46
435,548,0.46
436,548,0.23
437,548,0.23
438,548,0.23
429,542,0.46
430,542,0.46
431,542,0.46
429,543,1.00
430,543,1.00
431,543,1.00
429,544,1.00
430,544,1.00
431,544,1.00
429,545,1.00
430,545,1.00
431,545,1.00
429,546,1.00
430,546,1.00
431,546,1.00
429,547,1.00
430,547,1.00
431,547,1.00
429,548,1.00
430,548,0.69
431,548,0.46
427,542,0.23
428,542,0.23
427,543,0.69
428,543,0.78
427,544,1.00
428,544,1.00
427,545,1.00
428,545,1.00
427,546,1.00
428,546,1.00
427,547,1.00
428,547,1.00
427,548,1.00
428,548,1.00
424,543,0.46
425,543,0.46
426,543,0.46
424,544,1.00
425,544,1.00
426,544,1.00
424,545,1.00
425,545,1.00
426,545,1.00
424,546,1.00
425,546,1.00
426,546,1.00
424,547,1.00
425,547,1.00
426,547,1.00
424,548,1.00
425,548,1.00
426,548,1.00
424,549,1.00
425,549,1.00
426,549,0.78
427,549,0.69
428,549,0.46
429,549,0.46
430,549,0.23
423,543,0.23
423,544,0.69
423,545,1.00
423,546,1.00
423,547,1.00
423,548,1.00
423,549,1.00
421,544,0.46
422,544,0.46
421,545,1.00
422,545,1.00
421,546,1.00
422,546,1.00
421,547,1.00
422,547,1.00
421,548,1.00
422,548,1.00
421,549,1.00
422,549,1.00
421,550,1.00
422,550,1.00
423,550,0.78
424,550,0.69
425,550,0.46
426,550,0.23
427,550,0.23
419,544,0.23
420,544,0.23
419,545,0.69
420,545,0.78
419,546,1.00
420,546,1.00
419,547,1.00
420,547,1.00
419,548,1.00
420,548,1.00
419,549,1.00
420,549,1.00
419,550,1.00
420,550,1.00
418,545,0.46
418,546,1.00
418,547,1.00
418,548,1.00
418,549,1.00
418,550,1.00
418,551,1.00
419,551,0.69
420,551,0.46
421,551,0.46
422,551,0.46
423,551,0.23
424,551,0.23
416,545,0.23
417,545,0.23
416,546,0.69
417,546,0.78
416,547,1.00
417,547,1.00
416,548,1.00
417,548,1.00
416,549,1.00
417,549,1.00
416,550,1.00
417,550,1.00
416,551,1.00
417,551,1.00
413,546,0.46
414,546,0.46
415,546,0.46
413,547,1.00
414,547,1.00
415,547,1.00
413,548,1.00
414,548,1.00
415,548,1.00
413,549,1.00
414,549,1.00
415,549,1.00
413,550,1.00
414,550,1.00
415,550,1.00
413,551,1.00
414,551,1.00
415,551,1.00
413,552,1.00
414,552,1.00
415,552,1.00
416,552,0.69
417,552,0.46
418,552,0.46
419,552,0.23
412,546,0.23
412,547,0.92
412,548,1.00
412,549,1.00
412,550,1.00
412,551,1.00
412,552,1.00
410,547,0.92
411,547,0.69
410,548,1.00
411,548,1.00
410,549,1.00
411,549,1.00
410,550,1.00
411,550,1.00
410,551,1.00
411,551,1.00
410,552,1.00
411,552,1.00
410,553,0.92
411,553,0.69
412,553,0.69
413,553,0.46
414,553,0.46
415,553,0.46
416,553,0.23
409,547,0.92
409,548,1.00
409,549,1.00
409,550,1.00
409,551,1.00
409,552,1.00
409,553,0.92
406,547,0.92
407,547,0.92
408,547,0.69
406,548,1.00
407,548,1.00
408,548,1.00
406,549,1.00
407,549,1.00
408,549,1.00
406,550,1.00
407,550,1.00
408,550,1.00
406,551,1.00
407,551,1.00
408,551,1.00
406,552,1.00
407,552,1.00
408,552,1.00
406,553,1.00
407,553,0.92
408,553,0.69
404,547,0.69
405,547,0.69
404,548,1.00
405,548,1.00
404,549,1.00
405,549,1.00
404,550,1.00
405,550,1.00
404,551,1.00
405,551,1.00
404,552,1.00
405,552,1.00
404,553,1.00
405,553,1.00
403,547,0.46
403,548,1.00
403,549,1.00
403,550,1.00
403,551,1.00
403,552,1.00
403,553,1.00
401,547,0.23
402,547,0.23
401,548,0.92
402,548,1.00
401,549,1.00
402,549,1.00
401,550,1.00
402,550,1.00
401,551,1.00
402,551,1.00
401,552,1.00
402,552,1.00
401,553,1.00
402,553,1.00
400,548,0.69
400,549,1.00
400,550,1.00
400,551,1.00
400,552,1.00
400,553,1.00
400,554,1.00
401,554,0.92
402,554,0.69
403,554,0.46
404,554,0.46
405,554,0.23
406,554,0.23
398,548,0.46
399,548,0.46
398,549,1.00
399,549,1.00
398,550,1.00
399,550,1.00
398,551,1.00
399,551,1.00
398,552,1.00
399,552,1.00
398,553,1.00
399,553,1.00
398,554,1.00
399,554,1.00
396,548,0.23
397,548,0.23
396,549,0.92
397,549,1.00
396,550,1.00
397,550,1.00
396,551,1.00
397,551,1.00
396,552,1.00
397,552,1.00
396,553,1.00
397,553,1.00
396,554,1.00
397,554,1.00
395,549,0.69
395,550,1.00
395,551,1.00
395,552,1.00
395,553,1.00
395,554,1.00
395,555,1.00
396,555,0.92
397,555,0.69
398,555,0.46
399,555,0.46
400,555,0.23
401,555,0.23
393,549,0.46
394,549,0.46
393,550,1.00
394,550,1.00
393,551,1.00
394,551,1.00
393,552,1.00
394,552,1.00
393,553,1.00
394,553,1.00
393,554,1.00
394,554,1.00
393,555,1.00
394,555,1.00
391,549,0.23
392,549,0.23
391,550,1.00
392,550,1.00
391,551,1.00
392,551,1.00
391,552,1.00
392,552,1.00
391,553,1.00
392,553,1.00
391,554,1.00
392,554,1.00
391,555,1.00
392,555,1.00
390,550,1.00
390,551,1.00
390,552,1.00
390,553,1.00
390,554,1.00
390,555,1.00
390,556,1.00
391,556,1.00
392,556,0.92
393,556,0.46
394,556,0.46
395,556,0.23
396,556,0.23
388,550,1.00
389,550,1.00
388,551,1.00
389,551,1.00
388,552,1.00
389,552,1.00
388,553,1.00
389,553,1.00
388,554,1.00
389,554,1.00
388,555,1.00
389,555,1.00
388,556,1.00
389,556,1.00
386,550,1.00
387,550,1.00
386,551,1.00
387,551,1.00
386,552,1.00
387,552,1.00
386,553,1.00
387,553,1.00
386,554,1.00
387,554,1.00
386,555,1.00
387,555,1.00
386,556,1.00
387,556,1.00
385,550,1.00
385,551,1.00
385,552,1.00
385,553,1.00
385,554,1.00
385,555,1.00
385,556,1.00
383,550,1.00
384,550,1.00
383,551,1.00
384,551,1.00
383,552,1.00
384,552,1.00
383,553,1.00
384,553,1.00
383,554,1.00
384,554,1.00
383,555,1.00
384,555,1.00
383,556,1.00
384,556,1.00
382,550,0.92
382,551,1.00
382,552,1.00
382,553,1.00
382,554,1.00
382,555,1.00
382,556,1.00
381,550,0.46
381,551,1.00
381,552,1.00
381,553,1.00
381,554,1.00
381,555,1.00
381,556,1.00
380,551,1.00
380,552,1.00
380,553,1.00
380,554,1.00
380,555,1.00
380,556,1.00
380,557,1.00
381,557,1.00
382,557,1.00
383,557,1.00
384,557,1.00
385,557,0.92
386,557,0.46
379,551,1.00
379,552,1.00
379,553,1.00
379,554,1.00
379,555,1.00
379,556,1.00
379,557,1.00
378,551,1.00
378,552,1.00
378,553,1.00
378,554,1.00
378,555,1.00
378,556,1.00
378,557,1.00
377,551,1.00
377,552,1.00
377,553,1.00
377,554,1.00
377,555,1.00
377,556,1.00
377,557,1.00
376,551,0.69
376,552,1.00
376,553,1.00
376,554,1.00
376,555,1.00
376,556,1.00
376,557,1.00
375,551,0.23
375,552,1.00
375,553,1.00
375,554,1.00
375,555,1.00
375,556,1.00
375,557,1.00
375,558,1.00
376,558,1.00
377,558,1.00
378,558,1.00
379,558,1.00
380,558,0.69
381,558,0.23
374,552,1.00
374,553,1.00
374,554,1.00
374,555,1.00
374,556,1.00
374,557,1.00
374,558,1.00
373,552,1.00
373,553,1.00
373,554,1.00
373,555,1.00
373,556,1.00
373,557,1.00
373,558,1.00
372,552,1.00
372,553,1.00
372,554,1.00
372,555,1.00
372,556,1.00
372,557,1.00
372,558,1.00
371,552,0.46
371,553,1.00
371,554,1.00
371,555,1.00
371,556,1.00
371,557,1.00
371,558,1.00
370,552,0.23
370,553,0.69
370,554,1.00
370,555,1.00
370,556,1.00
370,557,1.00
370,558,1.00
369,553,0.46
369,554,1.00
369,555,1.00
369,556,1.00
369,557,1.00
369,558,1.00
369,559,1.00
370,559,1.00
371,559,1.00
372,559,1.00
373,559,0.69
374,559,0.46
375,559,0.23
368,553,0.23
368,554,1.00
368,555,1.00
368,556,1.00
368,557,1.00
368,558,1.00
368,559,1.00
367,554,1.00
367,555,1.00
367,556,1.00
367,557,1.00
367,558,1.00
367,559,1.00
367,560,1.00
368,560,1.00
369,560,1.00
370,560,1.00
371,560,1.00
372,560,0.46
373,560,0.23
366,554,1.00
366,555,1.00
366,556,1.00
366,557,1.00
366,558,1.00
366,559,1.00
366,560,1.00
365,554,1.00
365,555,1.00
365,556,1.00
365,557,1.00
365,558,1.00
365,559,1.00
365,560,1.00
364,554,1.00
364,555,1.00
364,556,1.00
364,557,1.00
364,558,1.00
364,559,1.00
364,560,1.00
363,554,1.00
363,555,1.00
363,556,1.00
363,557,1.00
363,558,1.00
363,559,1.00
363,560,1.00
362,554,1.00
362,555,1.00
362,556,1.00
362,557,1.00
362,558,1.00
362,559,1.00
362,560,1.00
360,554,1.00
361,554,1.00
360,555,1.00
361,555,1.00
360,556,1.00
361,556,1.00
360,557,1.00
361,557,1.00
360,558,1.00
361,558,1.00
360,559,1.00
361,559,1.00
360,560,1.00
361,560,1.00
359,554,1.00
359,555,1.00
359,556,1.00
359,557,1.00
359,558,1.00
359,559,1.00
359,560,1.00
358,554,1.00
358,555,1.00
358,556,1.00
358,557,1.00
358,558,1.00
358,559,1.00
358,560,1.00
357,554,1.00
357,555,1.00
357,556,1.00
357,557,1.00
357,558,1.00
357,559,1.00
357,560,1.00
356,554,1.00
356,555,1.00
356,556,1.00
356,557,1.00
356,558,1.00
356,559,1.00
356,560,0.23
356,553,1.00
357,553,1.00
358,553,1.00
359,553,1.00
360,553,1.00
361,553,0.92
362,553,0.46
355,553,1.00
355,554,1.00
355,555,1.00
355,556,1.00
355,557,1.00
355,558,1.00
355,559,0.69
354,553,1.00
354,554,1.00
354,555,1.00
354,556,1.00
354,557,1.00
354,558,1.00
354,559,0.46
353,552,1.00
354,552,1.00
355,552,1.00
356,552,1.00
357,552,1.00
358,552,1.00
359,552,1.00
353,553,1.00
353,554,1.00
353,555,1.00
353,556,1.00
353,557,1.00
353,558,1.00
352,552,1.00
352,553,1.00
352,554,1.00
352,555,1.00
352,556,1.00
352,557,1.00
352,558,0.92
351,552,1.00
351,553,1.00
351,554,1.00
351,555,1.00
351,556,1.00
351,557,1.00
351,558,0.69
351,551,1.00
352,551,1.00
353,551,1.00
354,551,1.00
355,551,1.00
356,551,1.00
357,551,1.00
351,550,0.69
352,550,1.00
353,550,1.00
354,550,1.00
355,550,1.00
356,550,1.00
357,550,1.00
352,549,0.46
353,549,0.92
354,549,1.00
355,549,1.00
356,549,1.00
357,549,1.00
358,549,1.00
358,550,1.00
358,551,1.00
359,549,1.00
359,550,1.00
359,551,1.00
353,548,0.23
354,548,0.92
355,548,1.00
356,548,1.00
357,548,1.00
358,548,1.00
359,548,1.00
360,548,1.00
360,549,1.00
360,550,1.00
360,551,1.00
360,552,1.00
354,547,0.46
355,547,0.69
356,547,0.92
357,547,1.00
358,547,1.00
359,547,1.00
360,547,1.00
361,547,1.00
361,548,1.00
361,549,1.00
361,550,1.00
361,551,1.00
361,552,0.69
356,546,0.23
357,546,0.46
358,546,0.69
359,546,1.00
360,546,1.00
361,546,1.00
362,546,1.00
362,547,1.00
362,548,1.00
362,549,1.00
362,550,1.00
362,551,1.00
362,552,0.46
363,546,1.00
363,547,1.00
363,548,1.00
363,549,1.00
363,550,1.00
363,551,0.69
363,552,0.23
358,545,0.23
359,545,0.69
360,545,1.00
361,545,1.00
362,545,1.00
363,545,1.00
364,545,1.00
364,546,1.00
364,547,1.00
364,548,1.00
364,549,1.00
364,550,0.78
364,551,0.46
365,545,1.00
365,546,1.00
365,547,1.00
365,548,1.00
365,549,0.92
365,550,0.46
365,551,0.23
359,544,0.23
360,544,0.46
361,544,0.78
362,544,1.00
363,544,1.00
364,544,1.00
365,544,1.00
360,543,0.23
361,543,0.46
362,543,0.69
363,543,1.00
364,543,1.00
365,543,1.00
366,543,1.00
366,544,1.00
366,545,1.00
366,546,1.00
366,547,1.00
366,548,1.00
366,549,0.46
367,543,1.00
367,544,1.00
367,545,1.00
367,546,1.00
367,547,1.00
367,548,1.00
367,549,0.23
362,542,0.23
363,542,0.69
364,542,1.00
365,542,1.00
366,542,1.00
367,542,1.00
368,542,1.00
368,543,1.00
368,544,1.00
368,545,1.00
368,546,1.00
368,547,1.00
368,548,1.00
369,542,1.00
369,543,1.00
369,544,1.00
369,545,1.00
369,546,1.00
369,547,1.00
369,548,1.00
370,542,1.00
370,543,1.00
370,544,1.00
370,545,1.00
370,546,1.00
370,547,1.00
370,548,0.92
371,542,1.00
371,543,1.00
371,544,1.00
371,545,1.00
371,546,1.00
371,547,1.00
371,548,0.46
365,541,0.46
366,541,0.69
367,541,0.92
368,541,1.00
369,541,1.00
370,541,1.00
371,541,1.00
372,541,1.00
372,542,1.00
372,543,1.00
372,544,1.00
372,545,1.00
372,546,0.69
372,547,0.23
367,540,0.23
368,540,0.46
369,540,0.69
370,540,1.00
371,540,1.00
372,540,1.00
373,540,1.00
373,541,1.00
373,542,1.00
373,543,1.00
373,544,1.00
373,545,1.00
373,546,0.46
374,540,1.00
374,541,1.00
374,542,1.00
374,543,1.00
374,544,1.00
374,545,0.69
374,546,0.23
369,539,0.23
370,539,0.46
371,539,0.69
372,539,1.00
373,539,1.00
374,539,1.00
375,539,1.00
375,540,1.00
375,541,1.00
375,542,1.00
375,543,1.00
375,544,1.00
375,545,0.46
376,539,1.00
376,540,1.00
376,541,1.00
376,542,1.00
376,543,1.00
376,544,0.92
376,545,0.23
371,538,0.23
372,538,0.69
373,538,1.00
374,538,1.00
375,538,1.00
376,538,1.00
377,538,1.00
377,539,1.00
377,540,1.00
377,541,1.00
377,542,1.00
377,543,1.00
377,544,0.69
378,538,1.00
378,539,1.00
378,540,1.00
378,541,1.00
378,542,1.00
378,543,0.92
378,544,0.46
373,537,0.46
374,537,0.69
375,537,1.00
376,537,1.00
377,537,1.00
378,537,1.00
379,537,1.00
379,538,1.00
379,539,1.00
379,540,1.00
379,541,1.00
379,542,0.69
379,543,0.46
374,536,0.23
375,536,0.69
376,536,1.00
377,536,1.00
378,536,1.00
379,536,1.00
380,536,1.00
380,537,1.00
380,538,1.00
380,539,1.00
380,540,0.78
380,541,0.46
380,542,0.23
375,535,0.46
376,535,0.78
377,535,1.00
378,535,1.00
379,535,1.00
380,535,1.00
381,535,1.00
381,536,1.00
381,537,1.00
381,538,1.00
381,539,0.92
381,540,0.46
381,541,0.23
375,534,0.23
376,534,0.46
377,534,1.00
378,534,1.00
379,534,1.00
380,534,1.00
381,534,1.00
376,533,0.23
377,533,0.69
378,533,1.00
379,533,1.00
380,533,1.00
381,533,1.00
382,533,1.00
382,534,1.00
382,535,1.00
382,536,1.00
382,537,1.00
382,538,1.00
382,539,0.46
383,533,1.00
383,534,1.00
383,535,1.00
383,536,1.00
383,537,1.00
383,538,0.69
383,539,0.23
377,532,0.23
378,532,0.46
379,532,0.69
380,532,1.00
381,532,1.00
382,532,1.00
383,532,1.00
384,532,1.00
384,533,1.00
384,534,1.00
384,535,1.00
384,536,0.78
384,537,0.46
384,538,0.23
379,531,0.23
380,531,0.69
381,531,1.00
382,531,1.00
383,531,1.00
384,531,1.00
385,531,1.00
385,532,1.00
385,533,1.00
385,534,1.00
385,535,1.00
385,536,0.46
385,537,0.23
380,530,0.46
381,530,0.78
382,530,1.00
383,530,1.00
384,530,1.00
385,530,1.00
386,530,1.00
386,531,1.00
386,532,1.00
386,533,1.00
386,534,1.00
386,535,0.92
386,536,0.23
380,529,0.23
381,529,0.46
382,529,0.92
383,529,1.00
384,529,1.00
385,529,1.00
386,529,1.00
387,529,1.00
387,530,1.00
387,531,1.00
387,532,1.00
387,533,1.00
387,534,1.00
387,535,0.46
388,529,1.00
388,530,1.00
388,531,1.00
388,532,1.00
388,533,1.00
388,534,0.69
388,535,0.23
382,528,0.23
383,528,0.69
384,528,1.00
385,528,1.00
386,528,1.00
387,528,1.00
388,528,1.00
389,528,1.00
389,529,1.00
389,530,1.00
389,531,1.00
389,532,1.00
389,533,0.69
389,534,0.23
383,527,0.23
384,527,0.46
385,527,0.92
386,527,1.00
387,527,1.00
388,527,1.00
389,527,1.00
390,527,1.00
390,528,1.00
390,529,1.00
390,530,1.00
390,531,0.78
390,532,0.46
390,533,0.23
385,526,0.46
386,526,1.00
387,526,1.00
388,526,1.00
389,526,1.00
390,526,1.00
391,526,1.00
391,527,1.00
391,528,1.00
391,529,1.00
391,530,1.00
391,531,0.46
391,532,0.23
385,525,0.23
386,525,0.69
387,525,1.00
388,525,1.00
389,525,1.00
390,525,1.00
391,525,1.00
386,524,0.46
387,524,0.69
388,524,0.92
389,524,1.00
390,524,1.00
391,524,1.00
392,524,1.00
392,525,1.00
392,526,1.00
392,527,1.00
392,528,1.00
392,529,1.00
392,530,0.69
393,524,1.00
393,525,1.00
393,526,1.00
393,527,1.00
393,528,0.78
393,529,0.46
393,530,0.23
388,523,0.23
389,523,0.46
390,523,0.78
391,523,1.00
392,523,1.00
393,523,1.00
394,523,1.00
394,524,1.00
394,525,1.00
394,526,1.00
394,527,0.78
394,528,0.46
394,529,0.23
389,522,0.23
390,522,0.46
391,522,1.00
392,522,1.00
393,522,1.00
394,522,1.00
395,522,1.00
395,523,1.00
395,524,1.00
395,525,1.00
395,526,1.00
395,527,0.46
395,528,0.23
390,521,0.23
391,521,0.69
392,521,1.00
393,521,1.00
394,521,1.00
395,521,1.00
396,521,1.00
396,522,1.00
396,523,1.00
396,524,1.00
396,525,1.00
396,526,0.92
396,527,0.23
391,520,0.46
392,520,0.69
393,520,0.92
394,520,1.00
395,520,1.00
396,520,1.00
397,520,1.00
397,521,1.00
397,522,1.00
397,523,1.00
397,524,1.00
397,525,1.00
397,526,0.69
398,520,1.00
398,521,1.00
398,522,1.00
398,523,1.00
398,524,0.78
398,525,0.46
398,526,0.23
393,519,0.23
394,519,0.46
395,519,1.00
396,519,1.00
397,519,1.00
398,519,1.00
399,519,1.00
399,520,1.00
399,521,1.00
399,522,1.00
399,523,0.78
399,524,0.46
399,525,0.23
394,518,0.23
395,518,0.69
396,518,1.00
397,518,1.00
398,518,1.00
399,518,1.00
400,518,1.00
400,519,1.00
400,520,1.00
400,521,1.00
400,522,0.78
400,523,0.46
400,524,0.23
395,517,0.46
396,517,0.55
397,517,1.00
398,517,1.00
399,517,1.00
400,517,1.00
401,517,1.00
401,518,1.00
401,519,1.00
401,520,1.00
401,521,0.69
401,522,0.46
401,523,0.23
395,516,0.23
396,516,0.23
397,516,0.46
398,516,0.78
399,516,1.00
400,516,1.00
401,516,1.00
397,515,0.23
398,515,0.46
399,515,0.55
400,515,1.00
401,515,1.00
402,515,1.00
403,515,1.00
402,516,1.00
403,516,1.00
402,517,1.00
403,517,1.00
402,518,1.00
403,518,1.00
402,519,1.00
403,519,0.78
402,520,0.55
403,520,0.46
402,521,0.23
403,521,0.23
398,514,0.23
399,514,0.23
400,514,0.69
401,514,1.00
402,514,1.00
403,514,1.00
404,514,1.00
404,515,1.00
404,516,1.00
404,517,1.00
404,518,1.00
404,519,0.46
404,520,0.23
400,513,0.46
401,513,0.78
402,513,1.00
403,513,1.00
404,513,1.00
405,513,1.00
406,513,1.00
405,514,1.00
406,514,1.00
405,515,1.00
406,515,1.00
405,516,1.00
406,516,1.00
405,517,1.00
406,517,0.92
405,518,0.55
406,518,0.46
405,519,0.23
406,519,0.23
400,512,0.23
401,512,0.46
402,512,0.78
403,512,1.00
404,512,1.00
405,512,1.00
406,512,1.00
401,511,0.23
402,511,0.46
403,511,0.69
404,511,1.00
405,511,1.00
406,511,1.00
407,511,1.00
407,512,1.00
407,513,1.00
407,514,1.00
407,515,1.00
407,516,0.78
407,517,0.46
408,511,1.00
408,512,1.00
408,513,1.00
408,514,1.00
408,515,0.78
408,516,0.46
408,517,0.23
403,510,0.23
404,510,0.46
405,510,0.78
406,510,1.00
407,510,1.00
408,510,1.00
409,510,1.00
409,511,1.00
409,512,1.00
409,513,1.00
409,514,1.00
409,515,0.46
409,516,0.23
404,509,0.23
405,509,0.46
406,509,0.78
407,509,1.00
408,509,1.00
409,509,1.00
410,509,1.00
410,510,1.00
410,511,1.00
410,512,1.00
410,513,1.00
410,514,0.69
410,515,0.23
405,508,0.23
406,508,0.46
407,508,0.46
408,508,0.69
409,508,1.00
410,508,1.00
411,508,1.00
411,509,1.00
411,510,1.00
411,511,1.00
411,512,1.00
411,513,0.78
411,514,0.46
412,508,1.00
412,509,1.00
412,510,1.00
412,511,1.00
412,512,1.00
412,513,0.46
412,514,0.23
408,507,0.23
409,507,0.69
410,507,1.00
411,507,1.00
412,507,1.00
413,507,1.00
414,507,1.00
413,508,1.00
414,508,1.00
413,509,1.00
414,509,1.00
413,510,1.00
414,510,1.00
413,511,1.00
414,511,0.78
413,512,0.55
414,512,0.46
413,513,0.23
414,513,0.23
409,506,0.46
410,506,0.78
411,506,1.00
412,506,1.00
413,506,1.00
414,506,1.00
415,506,1.00
415,507,1.00
415,508,1.00
415,509,1.00
415,510,0.92
415,511,0.46
415,512,0.23
409,505,0.23
410,505,0.46
411,505,0.55
412,505,1.00
413,505,1.00
414,505,1.00
415,505,1.00
410,504,0.23
411,504,0.23
412,504,0.46
413,504,0.92
414,504,1.00
415,504,1.00
416,504,1.00
416,505,1.00
416,506,1.00
416,507,1.00
416,508,1.00
416,509,1.00
416,510,0.46
417,504,1.00
418,504,1.00
417,505,1.00
418,505,1.00
417,506,1.00
418,506,1.00
417,507,1.00
418,507,1.00
417,508,1.00
418,508,0.78
417,509,0.55
418,509,0.46
417,510,0.23
418,510,0.23
413,503,0.46
414,503,0.78
415,503,1.00
416,503,1.00
417,503,1.00
418,503,1.00
419,503,1.00
419,504,1.00
419,505,1.00
419,506,1.00
419,507,0.92
419,508,0.46
419,509,0.23
413,502,0.23
414,502,0.46
415,502,0.78
416,502,1.00
417,502,1.00
418,502,1.00
419,502,1.00
414,501,0.23
415,501,0.46
416,501,0.69
417,501,1.00
418,501,1.00
419,501,1.00
420,501,1.00
420,502,1.00
420,503,1.00
420,504,1.00
420,505,1.00
420,506,1.00
420,507,0.46
421,501,1.00
421,502,1.00
421,503,1.00
421,504,1.00
421,505,1.00
421,506,0.69
421,507,0.23
416,500,0.23
417,500,0.69
418,500,1.00
419,500,1.00
420,500,1.00
421,500,1.00
422,500,1.00
422,501,1.00
422,502,1.00
422,503,1.00
422,504,1.00
422,505,1.00
422,506,0.46
423,500,1.00
423,501,1.00
423,502,1.00
423,503,1.00
423,504,1.00
423,505,0.69
423,506,0.23
417,499,0.23
418,499,0.92
419,499,1.00
420,499,1.00
421,499,1.00
422,499,1.00
423,499,1.00
424,499,1.00
424,500,1.00
424,501,1.00
424,502,1.00
424,503,1.00
424,504,0.69
424,505,0.23
418,498,0.46
419,498,0.92
420,498,1.00
421,498,1.00
422,498,1.00
423,498,1.00
424,498,1.00
419,497,0.46
420,497,0.92
421,497,1.00
422,497,1.00
423,497,1.00
424,497,1.00
425,497,1.00
425,498,1.00
425,499,1.00
425,500,1.00
425,501,1.00
425,502,1.00
425,503,0.92
426,497,1.00
426,498,1.00
426,499,1.00
426,500,1.00
426,501,1.00
426,502,0.92
426,503,0.46
421,496,0.46
422,496,0.69
423,496,1.00
424,496,1.00
425,496,1.00
426,496,1.00
427,496,1.00
427,497,1.00
427,498,1.00
427,499,1.00
427,500,1.00
427,501,0.92
427,502,0.46
422,495,0.23
423,495,0.92
424,495,1.00
425,495,1.00
426,495,1.00
427,495,1.00
428,495,1.00
428,496,1.00
428,497,1.00
428,498,1.00
428,499,1.00
428,500,0.78
428,501,0.46
429,495,1.00
429,496,1.00
429,497,1.00
429,498,1.00
429,499,0.69
429,500,0.46
429,501,0.23
423,494,0.46
424,494,0.78
425,494,1.00
426,494,1.00
427,494,1.00
428,494,1.00
429,494,1.00
423,493,0.23
424,493,0.46
425,493,0.78
426,493,1.00
427,493,1.00
428,493,1.00
429,493,1.00
424,492,0.23
425,492,0.46
426,492,0.46
427,492,1.00
428,492,1.00
429,492,1.00
430,492,1.00
430,493,1.00
430,494,1.00
430,495,1.00
430,496,1.00
430,497,1.00
430,498,0.69
431,492,1.00
431,493,1.00
431,494,1.00
431,495,1.00
431,496,1.00
431,497,1.00
431,498,0.46
432,492,1.00
433,492,1.00
432,493,1.00
433,493,1.00
432,494,1.00
433,494,1.00
432,495,1.00
433,495,1.00
432,496,1.00
433,496,0.92
432,497,0.55
433,497,0.46
432,498,0.23
433,498,0.23
427,491,0.46
428,491,0.78
429,491,1.00
430,491,1.00
431,491,1.00
432,491,1.00
433,491,1.00
427,490,0.23
428,490,0.46
429,490,0.69
430,490,1.00
431,490,1.00
432,490,1.00
433,490,1.00
434,490,1.00
434,491,1.00
434,492,1.00
434,493,1.00
434,494,1.00
434,495,0.92
434,496,0.23
429,489,0.23
430,489,0.69
431,489,1.00
432,489,1.00
433,489,1.00
434,489,1.00
435,489,1.00
435,490,1.00
435,491,1.00
435,492,1.00
435,493,1.00
435,494,1.00
435,495,0.69
436,489,1.00
436,490,1.00
436,491,1.00
436,492,1.00
436,493,1.00
436,494,1.00
436,495,0.46
431,488,1.00
432,488,1.00
433,488,1.00
434,488,1.00
435,488,1.00
436,488,1.00
437,488,1.00
437,489,1.00
437,490,1.00
437,491,1.00
437,492,1.00
437,493,1.00
437,494,1.00
438,488,1.00
438,489,1.00
438,490,1.00
438,491,1.00
438,492,1.00
438,493,1.00
438,494,0.23
432,487,1.00
433,487,1.00
434,487,1.00
435,487,1.00
436,487,1.00
437,487,1.00
438,487,1.00
432,486,0.46
433,486,0.46
434,486,0.46
435,486,0.46
436,486,0.46
437,486,0.46
438,486,0.46

420,487,0.92
421,487,0.92
422,487,0.92
423,487,0.92
424,487,0.92
425,487,0.92
426,487,0.46
420,488,1.00
421,488,1.00
422,488,1.00
423,488,1.00
424,488,1.00
425,488,1.00
426,488,0.46
420,489,1.00
421,489,1.00
422,489,1.00
423,489,1.00
424,489,1.00
425,489,1.00
426,489,0.46
420,490,1.00
421,490,1.00
422,490,1.00
423,490,1.00
424,490,1.00
425,490,1.00
426,490,0.46
420,491,1.00
421,491,1.00
422,491,1.00
423,491,1.00
424,491,1.00
425,491,1.00
426,491,0.46
420,492,1.00
421,492,1.00
422,492,1.00
423,492,1.00
424,492,1.00
425,492,1.00
426,492,0.46
420,493,1.00
421,493,1.00
422,493,1.00
423,493,1.00
424,493,1.00
425,493,0.92
426,493,0.46
419,487,0.46
419,488,1.00
419,489,1.00
419,490,1.00
419,491,1.00
419,492,1.00
419,493,1.00
418,488,0.69
418,489,1.00
418,490,1.00
418,491,1.00
418,492,1.00
418,493,1.00
418,494,1.00
419,494,1.00
420,494,1.00
421,494,1.00
422,494,0.92
423,494,0.69
424,494,0.46
417,488,0.23
417,489,0.69
417,490,1.00
417,491,1.00
417,492,1.00
417,493,1.00
417,494,1.00
416,489,0.46
416,490,1.00
416,491,1.00
416,492,1.00
416,493,1.00
416,494,1.00
416,495,1.00
417,495,1.00
418,495,1.00
419,495,1.00
420,495,1.00
421,495,0.69
422,495,0.23
415,489,0.23
415,490,0.69
415,491,1.00
415,492,1.00
415,493,1.00
415,494,1.00
415,495,1.00
415,496,1.00
416,496,1.00
417,496,1.00
418,496,1.00
419,496,1.00
420,496,0.69
421,496,0.23
414,490,0.23
414,491,0.69
414,492,1.00
414,493,1.00
414,494,1.00
414,495,1.00
414,496,1.00
414,497,1.00
415,497,1.00
416,497,1.00
417,497,1.00
418,497,1.00
419,497,0.92
420,497,0.23
413,491,0.23
413,492,1.00
413,493,1.00
413,494,1.00
413,495,1.00
413,496,1.00
413,497,1.00
413,498,1.00
414,498,1.00
415,498,1.00
416,498,1.00
417,498,0.92
418,498,0.69
419,498,0.46
412,492,0.46
412,493,0.78
412,494,1.00
412,495,1.00
412,496,1.00
412,497,1.00
412,498,1.00
411,492,0.23
411,493,0.46
411,494,1.00
411,495,1.00
411,496,1.00
411,497,1.00
411,498,1.00
410,493,0.23
410,494,1.00
410,495,1.00
410,496,1.00
410,497,1.00
410,498,1.00
410,499,1.00
411,499,1.00
412,499,1.00
413,499,1.00
414,499,1.00
415,499,1.00
416,499,0.23
409,494,0.92
409,495,1.00
409,496,1.00
409,497,1.00
409,498,1.00
409,499,1.00
409,500,1.00
410,500,1.00
411,500,1.00
412,500,1.00
413,500,1.00
414,500,1.00
415,500,1.00
409,501,1.00
410,501,1.00
411,501,1.00
412,501,1.00
413,501,1.00
414,501,1.00
415,501,0.92
408,496,0.23
408,497,0.46
408,498,0.78
408,499,1.00
408,500,1.00
408,501,1.00
408,502,1.00
409,502,1.00
410,502,1.00
411,502,1.00
412,502,0.78
413,502,0.46
414,502,0.23
407,497,0.23
407,498,0.46
407,499,0.78
407,500,1.00
407,501,1.00
407,502,1.00
407,503,1.00
408,503,1.00
409,503,1.00
410,503,1.00
411,503,0.78
412,503,0.46
413,503,0.23
406,498,0.23
406,499,0.46
406,500,0.78
406,501,1.00
406,502,1.00
406,503,1.00
406,504,1.00
407,504,1.00
408,504,1.00
409,504,1.00
410,504,1.00
411,504,0.46
412,504,0.23
405,499,0.23
405,500,0.46
405,501,1.00
405,502,1.00
405,503,1.00
405,504,1.00
405,505,1.00
406,505,1.00
407,505,1.00
408,505,1.00
409,505,1.00
410,505,0.92
411,505,0.23
404,500,0.23
404,501,1.00
404,502,1.00
404,503,1.00
404,504,1.00
404,505,1.00
404,506,1.00
405,506,1.00
406,506,1.00
407,506,1.00
408,506,1.00
409,506,1.00
410,506,0.69
404,507,1.00
405,507,1.00
406,507,1.00
407,507,1.00
408,507,1.00
409,507,1.00
410,507,0.46
403,501,0.46
403,502,1.00
403,503,1.00
403,504,1.00
403,505,1.00
403,506,1.00
403,507,1.00
403,508,1.00
404,508,1.00
405,508,1.00
406,508,1.00
407,508,1.00
408,508,0.92
409,508,0.69
402,504,0.23
402,505,0.46
402,506,1.00
402,507,1.00
402,508,1.00
402,509,1.00
403,509,1.00
404,509,1.00
405,509,1.00
406,509,1.00
407,509,0.32
408,509,0.23
402,510,1.00
403,510,1.00
404,510,1.00
405,510,1.00
406,510,0.69
407,510,0.23
408,510,0.23
400,505,0.23
401,505,0.23
400,506,0.46
401,506,0.55
400,507,0.69
401,507,1.00
400,508,1.00
401,508,1.00
400,509,1.00
401,509,1.00
400,510,1.00
401,510,1.00
400,511,1.00
401,511,1.00
402,511,1.00
403,511,1.00
404,511,1.00
405,511,0.55
406,511,0.46
400,512,1.00
401,512,1.00
402,512,1.00
403,512,1.00
404,512,0.46
405,512,0.23
406,512,0.23
398,507,0.23
399,507,0.23
398,508,0.23
399,508,0.32
398,509,0.69
399,509,1.00
398,510,1.00
399,510,1.00
398,511,1.00
399,511,1.00
398,512,1.00
399,512,1.00
398,513,1.00
399,513,1.00
400,513,1.00
401,513,1.00
402,513,1.00
403,513,0.69
404,513,0.23
397,509,0.46
397,510,1.00
397,511,1.00
397,512,1.00
397,513,1.00
397,514,1.00
398,514,1.00
399,514,1.00
400,514,1.00
401,514,1.00
402,514,1.00
403,514,0.46
397,515,1.00
398,515,1.00
399,515,1.00
400,515,1.00
401,515,1.00
402,515,1.00
403,515,0.46
396,510,0.69
396,511,1.00
396,512,1.00
396,513,1.00
396,514,1.00
396,515,1.00
396,516,1.00
397,516,1.00
398,516,1.00
399,516,1.00
400,516,1.00
401,516,1.00
402,516,1.00
396,517,1.00
397,517,1.00
398,517,1.00
399,517,1.00
400,517,1.00
401,517,0.92
402,517,0.69
395,512,0.23
395,513,0.23
395,514,0.46
395,515,0.78
395,516,1.00
395,517,1.00
395,518,1.00
396,518,1.00
397,518,1.00
398,518,1.00
399,518,0.85
400,518,0.46
401,518,0.23
394,514,0.23
394,515,0.46
394,516,1.00
394,517,1.00
394,518,1.00
394,519,1.00
395,519,1.00
396,519,1.00
397,519,1.00
398,519,0.85
399,519,0.32
400,519,0.23
394,520,1.00
395,520,1.00
396,520,1.00
397,520,0.78
398,520,0.46
399,520,0.23
400,520,0.23
392,515,0.23
393,515,0.23
392,516,0.46
393,516,0.55
392,517,0.55
393,517,1.00
392,518,1.00
393,518,1.00
392,519,1.00
393,519,1.00
392,520,1.00
393,520,1.00
392,521,1.00
393,521,1.00
394,521,1.00
395,521,1.00
396,521,1.00
397,521,0.46
398,521,0.23
391,516,0.23
391,517,0.23
391,518,0.69
391,519,1.00
391,520,1.00
391,521,1.00
391,522,1.00
392,522,1.00
393,522,1.00
394,522,1.00
395,522,1.00
396,522,0.69
397,522,0.23
390,518,0.46
390,519,0.92
390,520,1.00
390,521,1.00
390,522,1.00
390,523,1.00
391,523,1.00
392,523,1.00
393,523,1.00
394,523,1.00
395,523,1.00
396,523,0.46
390,524,1.00
391,524,1.00
392,524,1.00
393,524,1.00
394,524,1.00
395,524,1.00
396,524,0.46
389,519,0.46
389,520,1.00
389,521,1.00
389,522,1.00
389,523,1.00
389,524,1.00
389,525,1.00
390,525,1.00
391,525,1.00
392,525,1.00
393,525,1.00
394,525,1.00
395,525,0.69
389,526,1.00
390,526,1.00
391,526,1.00
392,526,1.00
393,526,0.69
394,526,0.46
395,526,0.23
388,520,0.46
388,521,0.78
388,522,1.00
388,523,1.00
388,524,1.00
388,525,1.00
388,526,1.00
387,520,0.23
387,521,0.46
387,522,0.78
387,523,1.00
387,524,1.00
387,525,1.00
387,526,1.00
386,521,0.23
386,522,0.46
386,523,0.46
386,524,0.92
386,525,1.00
386,526,1.00
386,527,1.00
387,527,1.00
388,527,1.00
389,527,1.00
390,527,1.00
391,527,0.55
392,527,0.46
386,528,1.00
387,528,1.00
388,528,1.00
389,528,1.00
390,528,0.46
391,528,0.23
392,528,0.23
384,524,0.46
385,524,0.46
384,525,0.55
385,525,0.94
384,526,1.00
385,526,1.00
384,527,1.00
385,527,1.00
384,528,1.00
385,528,1.00
384,529,1.00
385,529,1.00
386,529,1.00
387,529,1.00
388,529,1.00
389,529,0.55
390,529,0.23
384,530,1.00
385,530,1.00
386,530,1.00
387,530,1.00
388,530,1.00
389,530,0.46
390,530,0.23
383,524,0.23
383,525,0.23
383,526,0.69
383,527,1.00
383,528,1.00
383,529,1.00
383,530,1.00
382,526,0.46
382,527,1.00
382,528,1.00
382,529,1.00
382,530,1.00
382,531,1.00
383,531,1.00
384,531,1.00
385,531,1.00
386,531,1.00
387,531,1.00
388,531,0.69
382,532,1.00
383,532,1.00
384,532,1.00
385,532,1.00
386,532,1.00
387,532,1.00
388,532,0.69
382,533,1.00
383,533,1.00
384,533,1.00
385,533,1.00
386,533,1.00
387,533,1.00
388,533,0.23
381,527,0.69
381,528,1.00
381,529,1.00
381,530,1.00
381,531,1.00
381,532,1.00
381,533,1.00
381,534,1.00
382,534,1.00
383,534,1.00
384,534,1.00
385,534,0.69
386,534,0.46
387,534,0.23
380,528,0.23
380,529,0.69
380,530,1.00
380,531,1.00
380,532,1.00
380,533,1.00
380,534,1.00
379,529,0.46
379,530,0.78
379,531,1.00
379,532,1.00
379,533,1.00
379,534,1.00
379,535,1.00
380,535,1.00
381,535,1.00
382,535,1.00
383,535,1.00
384,535,0.46
385,535,0.23
378,529,0.23
378,530,0.46
378,531,0.78
378,532,1.00
378,533,1.00
378,534,1.00
378,535,1.00
377,530,0.23
377,531,0.46
377,532,1.00
377,533,1.00
377,534,1.00
377,535,1.00
377,536,1.00
378,536,1.00
379,536,1.00
380,536,1.00
381,536,1.00
382,536,1.00
383,536,0.69
377,537,1.00
378,537,1.00
379,537,1.00
380,537,1.00
381,537,1.00
382,537,1.00
383,537,0.46
377,538,1.00
378,538,1.00
379,538,1.00
380,538,1.00
381,538,1.00
382,538,0.92
383,538,0.23
376,532,0.92
376,533,1.00
376,534,1.00
376,535,1.00
376,536,1.00
376,537,1.00
376,538,1.00
375,532,0.23
375,533,0.46
375,534,0.78
375,535,1.00
375,536,1.00
375,537,1.00
375,538,1.00
374,533,0.23
374,534,0.46
374,535,0.55
374,536,0.85
374,537,1.00
374,538,1.00
374,539,1.00
375,539,1.00
376,539,1.00
377,539,0.85
378,539,0.55
379,539,0.46
380,539,0.23
373,534,0.23
373,535,0.23
373,536,0.23
373,537,0.46
373,538,1.00
373,539,1.00
373,540,1.00
374,540,1.00
375,540,0.97
376,540,0.46
377,540,0.23
378,540,0.23
379,540,0.23
370,537,0.23
371,537,0.23
372,537,0.23
370,538,0.46
371,538,0.55
372,538,0.85
370,539,1.00
371,539,1.00
372,539,1.00
370,540,1.00
371,540,1.00
372,540,1.00
370,541,1.00
371,541,1.00
372,541,1.00
373,541,1.00
374,541,1.00
375,541,0.62
376,541,0.23
370,542,1.00
371,542,1.00
372,542,1.00
373,542,1.00
374,542,1.00
375,542,0.32
376,542,0.23
370,543,1.00
371,543,1.00
372,543,1.00
373,543,1.00
374,543,0.69
375,543,0.23
376,543,0.23
368,538,0.23
369,538,0.23
368,539,1.00
369,539,1.00
368,540,1.00
369,540,1.00
368,541,1.00
369,541,1.00
368,542,1.00
369,542,1.00
368,543,1.00
369,543,1.00
368,544,1.00
369,544,1.00
370,544,1.00
371,544,1.00
372,544,1.00
373,544,1.00
374,544,0.46
368,545,1.00
369,545,1.00
370,545,1.00
371,545,1.00
372,545,1.00
373,545,1.00
374,545,0.23
367,539,1.00
367,540,1.00
367,541,1.00
367,542,1.00
367,543,1.00
367,544,1.00
367,545,1.00
367,546,0.92
368,546,0.92
369,546,0.92
370,546,0.92
371,546,0.92
372,546,0.92
373,546,0.23
366,540,1.00
366,541,1.00
366,542,1.00
366,543,1.00
366,544,1.00
366,545,1.00
366,546,0.69
366,539,0.69

433,481,0.46
434,481,0.69
435,481,0.92
436,481,0.92
437,481,0.92
438,481,0.92
439,481,0.92
433,482,0.46
434,482,0.87
435,482,1.00
436,482,1.00
437,482,1.00
438,482,1.00
439,482,1.00
433,483,0.46
434,483,1.00
435,483,1.00
436,483,1.00
437,483,1.00
438,483,1.00
439,483,1.00
433,484,0.46
434,484,1.00
435,484,1.00
436,484,1.00
437,484,1.00
438,484,1.00
439,484,1.00
433,485,0.46
434,485,1.00
435,485,1.00
436,485,1.00
437,485,1.00
438,485,1.00
439,485,1.00
433,486,0.46
434,486,0.87
435,486,1.00
436,486,1.00
437,486,1.00
438,486,1.00
439,486,1.00
433,487,0.46
434,487,0.69
435,487,0.92
436,487,1.00
437,487,1.00
438,487,1.00
439,487,1.00
440,481,0.46
440,482,0.78
440,483,1.00
440,484,1.00
440,485,1.00
440,486,1.00
440,487,1.00
441,481,0.23
441,482,0.46
441,483,1.00
441,484,1.00
441,485,1.00
441,486,1.00
441,487,1.00
442,482,0.23
442,483,0.92
442,484,1.00
442,485,1.00
442,486,1.00
442,487,1.00
436,488,0.69
437,488,1.00
438,488,1.00
439,488,1.00
440,488,1.00
441,488,1.00
442,488,1.00
436,489,0.46
437,489,0.92
438,489,1.00
439,489,1.00
440,489,1.00
441,489,1.00
442,489,1.00
443,483,0.23
443,484,0.69
443,485,1.00
443,486,1.00
443,487,1.00
443,488,1.00
443,489,1.00
437,490,0.69
438,490,1.00
439,490,1.00
440,490,1.00
441,490,1.00
442,490,1.00
443,490,1.00
444,484,0.23
444,485,0.46
444,486,0.92
444,487,1.00
444,488,1.00
444,489,1.00
444,490,1.00
438,491,1.00
439,491,1.00
440,491,1.00
441,491,1.00
442,491,1.00
443,491,1.00
444,491,1.00
445,486,0.46
445,487,1.00
445,488,1.00
445,489,1.00
445,490,1.00
445,491,1.00
439,492,1.00
440,492,1.00
441,492,1.00
442,492,1.00
443,492,1.00
444,492,1.00
445,492,1.00
446,486,0.23
446,487,0.69
446,488,1.00
446,489,1.00
446,490,1.00
446,491,1.00
446,492,1.00
440,493,1.00
441,493,1.00
442,493,1.00
443,493,1.00
444,493,1.00
445,493,1.00
446,493,1.00
447,488,1.00
447,489,1.00
447,490,1.00
447,491,1.00
447,492,1.00
447,493,1.00
441,494,1.00
442,494,1.00
443,494,1.00
444,494,1.00
445,494,1.00
446,494,1.00
447,494,1.00
448,488,0.69
448,489,1.00
448,490,1.00
448,491,1.00
448,492,1.00
448,493,1.00
448,494,1.00
449,488,0.23
449,489,0.92
449,490,1.00
449,491,1.00
449,492,1.00
449,493,1.00
449,494,1.00
450,489,0.69
450,490,1.00
450,491,1.00
450,492,1.00
450,493,1.00
450,494,1.00
444,495,1.00
445,495,1.00
446,495,1.00
447,495,1.00
448,495,1.00
449,495,1.00
450,495,1.00
451,489,0.23
451,490,0.92
451,491,1.00
451,492,1.00
451,493,1.00
451,494,1.00
451,495,1.00
445,496,1.00
446,496,1.00
447,496,1.00
448,496,1.00
449,496,1.00
450,496,1.00
451,496,1.00
452,490,0.23
452,491,0.69
452,492,1.00
452,493,1.00
452,494,1.00
452,495,1.00
452,496,1.00
453,491,0.46
453,492,1.00
453,493,1.00
453,494,1.00
453,495,1.00
453,496,1.00
447,497,1.00
448,497,1.00
449,497,1.00
450,497,1.00
451,497,1.00
452,497,1.00
453,497,1.00
454,492,1.00
454,493,1.00
454,494,1.00
454,495,1.00
454,496,1.00
454,497,1.00
448,498,1.00
449,498,1.00
450,498,1.00
451,498,1.00
452,498,1.00
453,498,1.00
454,498,1.00
455,492,1.00
455,493,1.00
455,494,1.00
455,495,1.00
455,496,1.00
455,497,1.00
455,498,1.00
456,492,0.92
456,493,1.00
456,494,1.00
456,495,1.00
456,496,1.00
456,497,1.00
456,498,1.00
457,492,0.23
457,493,1.00
457,494,1.00
457,495,1.00
457,496,1.00
457,497,1.00
457,498,1.00
458,493,1.00
458,494,1.00
458,495,1.00
458,496,1.00
458,497,1.00
458,498,1.00
452,499,1.00
453,499,1.00
454,499,1.00
455,499,1.00
456,499,1.00
457,499,1.00
458,499,1.00
459,493,1.00
459,494,1.00
459,495,1.00
459,496,1.00
459,497,1.00
459,498,1.00
459,499,1.00
460,493,1.00
460,494,1.00
460,495,1.00
460,496,1.00
460,497,1.00
460,498,1.00
460,499,1.00
461,493,1.00
461,494,1.00
461,495,1.00
461,496,1.00
461,497,1.00
461,498,1.00
461,499,1.00
462,493,1.00
462,494,1.00
462,495,1.00
462,496,1.00
462,497,1.00
462,498,1.00
462,499,1.00
463,493,1.00
463,494,1.00
463,495,1.00
463,496,1.00
463,497,1.00
463,498,1.00
463,499,1.00
464,493,1.00
464,494,1.00
464,495,1.00
464,496,1.00
464,497,1.00
464,498,1.00
464,499,1.00
465,493,1.00
465,494,1.00
465,495,1.00
465,496,1.00
465,497,1.00
465,498,1.00
465,499,1.00
466,493,1.00
466,494,1.00
466,495,1.00
466,496,1.00
466,497,1.00
466,498,1.00
466,499,1.00
467,493,1.00
467,494,1.00
467,495,1.00
467,496,1.00
467,497,1.00
467,498,1.00
467,499,1.00
468,493,1.00
468,494,1.00
468,495,1.00
468,496,1.00
468,497,1.00
468,498,1.00
468,499,1.00
469,493,1.00
469,494,1.00
469,495,1.00
469,496,1.00
469,497,1.00
469,498,1.00
469,499,1.00
470,493,1.00
470,494,1.00
470,495,1.00
470,496,1.00
470,497,1.00
470,498,1.00
470,499,1.00
471,493,1.00
471,494,1.00
471,495,1.00
471,496,1.00
471,497,1.00
471,498,1.00
471,499,0.92
472,493,1.00
472,494,1.00
472,495,1.00
472,496,1.00
472,497,1.00
472,498,1.00
472,499,0.46
467,492,0.23
468,492,1.00
469,492,1.00
470,492,1.00
471,492,1.00
472,492,1.00
473,492,1.00
473,493,1.00
473,494,1.00
473,495,1.00
473,496,1.00
473,497,1.00
473,498,1.00
474,492,1.00
474,493,1.00
474,494,1.00
474,495,1.00
474,496,1.00
474,497,1.00
474,498,1.00
475,492,1.00
475,493,1.00
475,494,1.00
475,495,1.00
475,496,1.00
475,497,1.00
475,498,1.00
476,492,1.00
476,493,1.00
476,494,1.00
476,495,1.00
476,496,1.00
476,497,1.00
476,498,0.69
477,492,1.00
477,493,1.00
477,494,1.00
477,495,1.00
477,496,1.00
477,497,0.69
477,498,0.23
471,491,0.23
472,491,0.69
473,491,1.00
474,491,1.00
475,491,1.00
476,491,1.00
477,491,1.00
478,491,1.00
478,492,1.00
478,493,1.00
478,494,1.00
478,495,1.00
478,496,1.00
478,497,0.23
472,490,0.23
473,490,1.00
474,490,1.00
475,490,1.00
476,490,1.00
477,490,1.00
478,490,1.00
479,490,1.00
479,491,1.00
479,492,1.00
479,493,1.00
479,494,1.00
479,495,1.00
479,496,0.92
473,489,0.92
474,489,1.00
475,489,1.00
476,489,1.00
477,489,1.00
478,489,1.00
479,489,1.00
473,488,0.23
474,488,1.00
475,488,1.00
476,488,1.00
477,488,1.00
478,488,1.00
479,488,1.00
480,488,1.00
480,489,1.00
480,490,1.00
480,491,1.00
480,492,1.00
480,493,1.00
480,494,1.00
481,488,1.00
481,489,1.00
481,490,1.00
481,491,1.00
481,492,1.00
481,493,1.00
481,494,1.00
475,487,0.46
476,487,1.00
477,487,1.00
478,487,1.00
479,487,1.00
480,487,1.00
481,487,1.00
476,486,0.92
477,486,1.00
478,486,1.00
479,486,1.00
480,486,1.00
481,486,1.00
482,486,1.00
482,487,1.00
482,488,1.00
482,489,1.00
482,490,1.00
482,491,1.00
482,492,1.00
476,485,0.23
477,485,1.00
478,485,1.00
479,485,1.00
480,485,1.00
481,485,1.00
482,485,1.00
483,485,1.00
483,486,1.00
483,487,1.00
483,488,1.00
483,489,1.00
483,490,1.00
483,491,1.00
477,484,0.92
478,484,1.00
479,484,1.00
480,484,1.00
481,484,1.00
482,484,1.00
483,484,1.00
477,483,0.46
478,483,0.92
479,483,1.00
480,483,1.00
481,483,1.00
482,483,1.00
483,483,1.00
484,483,1.00
484,484,1.00
484,485,1.00
484,486,1.00
484,487,1.00
484,488,1.00
484,489,1.00
478,482,0.23
479,482,0.69
480,482,1.00
481,482,1.00
482,482,1.00
483,482,1.00
484,482,1.00
479,481,0.46
480,481,1.00
481,481,1.00
482,481,1.00
483,481,1.00
484,481,1.00
485,481,1.00
485,482,1.00
485,483,1.00
485,484,1.00
485,485,1.00
485,486,1.00
485,487,1.00
479,480,0.23
480,480,0.69
481,480,1.00
482,480,1.00
483,480,1.00
484,480,1.00
485,480,1.00
486,480,1.00
486,481,1.00
486,482,1.00
486,483,1.00
486,484,1.00
486,485,1.00
486,486,1.00
480,479,0.23
481,479,0.46
482,479,1.00
483,479,1.00
484,479,1.00
485,479,1.00
486,479,1.00
487,479,1.00
487,480,1.00
487,481,1.00
487,482,1.00
487,483,1.00
487,484,1.00
487,485,1.00
482,478,0.69
483,478,1.00
484,478,1.00
485,478,1.00
486,478,1.00
487,478,1.00
488,478,1.00
488,479,1.00
488,480,1.00
488,481,1.00
488,482,1.00
488,483,1.00
488,484,1.00
482,477,0.46
483,477,1.00
484,477,1.00
485,477,1.00
486,477,1.00
487,477,1.00
488,477,1.00
482,476,0.23
483,476,0.92
484,476,1.00
485,476,1.00
486,476,1.00
487,476,1.00
488,476,1.00
489,476,1.00
489,477,1.00
489,478,1.00
489,479,1.00
489,480,1.00
489,481,1.00
489,482,1.00
483,475,0.46
484,475,1.00
485,475,1.00
486,475,1.00
487,475,1.00
488,475,1.00
489,475,1.00
490,475,1.00
490,476,1.00
490,477,1.00
490,478,1.00
490,479,1.00
490,480,1.00
490,481,1.00
484,474,0.69
485,474,1.00
486,474,1.00
487,474,1.00
488,474,1.00
489,474,1.00
490,474,1.00
491,474,1.00
491,475,1.00
491,476,1.00
491,477,1.00
491,478,1.00
491,479,1.00
491,480,1.00
486,473,1.00
487,473,1.00
488,473,1.00
489,473,1.00
490,473,1.00
491,473,1.00
492,473,1.00
492,474,1.00
492,475,1.00
492,476,1.00
492,477,1.00
492,478,1.00
492,479,1.00
486,472,0.69
487,472,1.00
488,472,1.00
489,472,1.00
490,472,1.00
491,472,1.00
492,472,1.00
486,471,0.23
487,471,0.69
488,471,1.00
489,471,1.00
490,471,1.00
491,471,1.00
492,471,1.00
493,471,1.00
493,472,1.00
493,473,1.00
493,474,1.00
493,475,1.00
493,476,1.00
493,477,1.00
487,470,0.23
488,470,0.92
489,470,1.00
490,470,1.00
491,470,1.00
492,470,1.00
493,470,1.00
494,470,1.00
494,471,1.00
494,472,1.00
494,473,1.00
494,474,1.00
494,475,1.00
494,476,1.00
495,470,1.00
495,471,1.00
495,472,1.00
495,473,1.00
495,474,1.00
495,475,1.00
495,476,1.00
490,469,0.46
491,469,1.00
492,469,1.00
493,469,1.00
494,469,1.00
495,469,1.00
496,469,1.00
496,470,1.00
496,471,1.00
496,472,1.00
496,473,1.00
496,474,1.00
496,475,1.00
497,469,1.00
497,470,1.00
497,471,1.00
497,472,1.00
497,473,1.00
497,474,1.00
497,475,1.00
491,468,0.46
492,468,0.69
493,468,1.00
494,468,1.00
495,468,1.00
496,468,1.00
497,468,1.00
498,468,1.00
498,469,1.00
498,470,1.00
498,471,1.00
498,472,1.00
498,473,1.00
498,474,1.00
499,468,1.00
499,469,1.00
499,470,1.00
499,471,1.00
499,472,1.00
499,473,1.00
499,474,1.00
500,468,1.00
500,469,1.00
500,470,1.00
500,471,1.00
500,472,1.00
500,473,1.00
500,474,1.00
501,468,1.00
501,469,1.00
501,470,1.00
501,471,1.00
501,472,1.00
501,473,1.00
501,474,1.00
502,468,1.00
502,469,1.00
502,470,1.00
502,471,1.00
502,472,1.00
502,473,1.00
502,474,1.00
503,468,1.00
503,469,1.00
503,470,1.00
503,471,1.00
503,472,1.00
503,473,1.00
503,474,1.00
504,468,1.00
504,469,1.00
504,470,1.00
504,471,1.00
504,472,1.00
504,473,1.00
504,474,1.00
505,468,1.00
505,469,1.00
505,470,1.00
505,471,1.00
505,472,1.00
505,473,1.00
505,474,1.00
506,468,0.92
506,469,1.00
506,470,1.00
506,471,1.00
506,472,1.00
506,473,1.00
506,474,1.00
507,468,0.23
507,469,0.92
507,470,1.00
507,471,1.00
507,472,1.00
507,473,1.00
507,474,1.00
508,469,0.69
508,470,1.00
508,471,1.00
508,472,1.00
508,473,1.00
508,474,1.00
502,475,1.00
503,475,1.00
504,475,1.00
505,475,1.00
506,475,1.00
507,475,1.00
508,475,1.00
509,469,0.23
509,470,1.00
509,471,1.00
509,472,1.00
509,473,1.00
509,474,1.00
509,475,1.00
503,476,1.00
504,476,1.00
505,476,1.00
506,476,1.00
507,476,1.00
508,476,1.00
509,476,1.00
510,470,0.92
510,471,1.00
510,472,1.00
510,473,1.00
510,474,1.00
510,475,1.00
510,476,1.00
511,470,0.23
511,471,0.92
511,472,1.00
511,473,1.00
511,474,1.00
511,475,1.00
511,476,1.00
512,471,0.69
512,472,1.00
512,473,1.00
512,474,1.00
512,475,1.00
512,476,1.00
506,477,1.00
507,477,1.00
508,477,1.00
509,477,1.00
510,477,1.00
511,477,1.00
512,477,1.00
513,471,0.23
513,472,0.69
513,473,1.00
513,474,1.00
513,475,1.00
513,476,1.00
513,477,1.00
507,478,1.00
508,478,1.00
509,478,1.00
510,478,1.00
511,478,1.00
512,478,1.00
513,478,1.00
514,472,0.23
514,473,0.46
514,474,1.00
514,475,1.00
514,476,1.00
514,477,1.00
514,478,1.00
515,473,0.23
515,474,1.00
515,475,1.00
515,476,1.00
515,477,1.00
515,478,1.00
509,479,1.00
510,479,1.00
511,479,1.00
512,479,1.00
513,479,1.00
514,479,1.00
515,479,1.00
509,480,1.00
510,480,1.00
511,480,1.00
512,480,1.00
513,480,1.00
514,480,1.00
515,480,1.00
516,474,0.69
516,475,1.00
516,476,1.00
516,477,1.00
516,478,1.00
516,479,1.00
516,480,1.00
517,474,0.23
517,475,1.00
517,476,1.00
517,477,1.00
517,478,1.00
517,479,1.00
517,480,1.00
511,481,1.00
512,481,1.00
513,481,1.00
514,481,1.00
515,481,1.00
516,481,1.00
517,481,1.00
518,475,0.69
518,476,1.00
518,477,1.00
518,478,1.00
518,479,1.00
518,480,1.00
518,481,1.00
519,476,0.92
519,477,1.00
519,478,1.00
519,479,1.00
519,480,1.00
519,481,1.00
513,482,1.00
514,482,1.00
515,482,1.00
516,482,1.00
517,482,1.00
518,482,1.00
519,482,1.00
520,477,0.46
520,478,0.92
520,479,1.00
520,480,1.00
520,481,1.00
520,482,1.00
514,483,1.00
515,483,1.00
516,483,1.00
517,483,1.00
518,483,1.00
519,483,1.00
520,483,1.00
521,478,0.46
521,479,1.00
521,480,1.00
521,481,1.00
521,482,1.00
521,483,1.00
515,484,1.00
516,484,1.00
517,484,1.00
518,484,1.00
519,484,1.00
520,484,1.00
521,484,1.00
522,478,0.23
522,479,1.00
522,480,1.00
522,481,1.00
522,482,1.00
522,483,1.00
522,484,1.00
523,479,1.00
523,480,1.00
523,481,1.00
523,482,1.00
523,483,1.00
523,484,1.00
517,485,1.00
518,485,1.00
519,485,1.00
520,485,1.00
521,485,1.00
522,485,1.00
523,485,1.00
524,479,1.00
524,480,1.00
524,481,1.00
524,482,1.00
524,483,1.00
524,484,1.00
524,485,1.00
525,479,0.69
525,480,1.00
525,481,1.00
525,482,1.00
525,483,1.00
525,484,1.00
525,485,1.00
526,479,0.46
526,480,1.00
526,481,1.00
526,482,1.00
526,483,1.00
526,484,1.00
526,485,1.00
527,479,0.23
527,480,0.69
527,481,1.00
527,482,1.00
527,483,1.00
527,484,1.00
527,485,1.00
528,480,0.46
528,481,1.00
528,482,1.00
528,483,1.00
528,484,1.00
528,485,1.00
522,486,0.23
523,486,0.46
524,486,0.69
525,486,1.00
526,486,1.00
527,486,1.00
528,486,1.00
529,480,0.23
529,481,0.92
529,482,1.00
529,483,1.00
529,484,1.00
529,485,1.00
529,486,1.00
530,481,0.69
530,482,1.00
530,483,1.00
530,484,1.00
530,485,1.00
530,486,1.00
524,487,0.23
525,487,0.46
526,487,0.69
527,487,1.00
528,487,1.00
529,487,1.00
530,487,1.00
531,481,0.46
531,482,1.00
531,483,1.00
531,484,1.00
531,485,1.00
531,486,1.00
531,487,1.00
532,481,0.23
532,482,1.00
532,483,1.00
532,484,1.00
532,485,1.00
532,486,1.00
532,487,1.00
533,482,0.92
533,483,1.00
533,484,1.00
533,485,1.00
533,486,1.00
533,487,1.00
527,488,0.46
528,488,0.69
529,488,0.92
530,488,1.00
531,488,1.00
532,488,1.00
533,488,1.00
534,482,0.46
534,483,1.00
534,484,1.00
534,485,1.00
534,486,1.00
534,487,1.00
534,488,1.00
535,482,0.23
535,483,1.00
535,484,1.00
535,485,1.00
535,486,1.00
535,487,1.00
535,488,1.00
536,483,1.00
536,484,1.00
536,485,1.00
536,486,1.00
536,487,1.00
536,488,1.00
530,489,0.23
531,489,0.46
532,489,0.92
533,489,1.00
534,489,1.00
535,489,1.00
536,489,1.00
537,483,0.92
537,484,1.00
537,485,1.00
537,486,1.00
537,487,1.00
537,488,1.00
537,489,1.00
538,483,0.69
538,484,1.00
538,485,1.00
538,486,1.00
538,487,1.00
538,488,1.00
538,489,1.00
539,483,0.23
539,484,0.69
539,485,1.00
539,486,1.00
539,487,1.00
539,488,1.00
539,489,1.00
540,484,0.46
540,485,1.00
540,486,1.00
540,487,1.00
540,488,1.00
540,489,1.00
534,490,0.23
535,490,0.46
536,490,0.92
537,490,1.00
538,490,1.00
539,490,1.00
540,490,1.00
541,484,0.23
541,485,0.69
541,486,1.00
541,487,1.00
541,488,1.00
541,489,1.00
541,490,1.00
542,485,0.46
542,486,0.92
542,487,1.00
542,488,1.00
542,489,1.00
542,490,1.00
536,491,0.46
537,491,0.69
538,491,1.00
539,491,1.00
540,491,1.00
541,491,1.00
542,491,1.00
543,486,0.46
543,487,1.00
543,488,1.00
543,489,1.00
543,490,1.00
543,491,1.00
537,492,0.23
538,492,0.46
539,492,0.69
540,492,1.00
541,492,1.00
542,492,1.00
543,492,1.00
544,486,0.23
544,487,0.69
544,488,1.00
544,489,1.00
544,490,1.00
544,491,1.00
544,492,1.00
545,487,0.46
545,488,1.00
545,489,1.00
545,490,1.00
545,491,1.00
545,492,1.00
539,493,0.23
540,493,0.46
541,493,1.00
542,493,1.00
543,493,1.00
544,493,1.00
545,493,1.00
546,487,0.23
546,488,1.00
546,489,1.00
546,490,1.00
546,491,1.00
546,492,1.00
546,493,1.00
547,488,1.00
547,489,1.00
547,490,1.00
547,491,1.00
547,492,1.00
547,493,1.00
541,494,0.69
542,494,0.92
543,494,1.00
544,494,1.00
545,494,1.00
546,494,1.00
547,494,1.00
548,488,0.46
548,489,1.00
548,490,1.00
548,491,1.00
548,492,1.00
548,493,1.00
548,494,1.00
549,488,0.23
549,489,0.69
549,490,1.00
549,491,1.00
549,492,1.00
549,493,1.00
549,494,1.00
550,489,0.46
550,490,0.78
550,491,1.00
550,492,1.00
550,493,1.00
550,494,1.00
544,495,0.23
545,495,0.69
546,495,1.00
547,495,1.00
548,495,1.00
549,495,1.00
550,495,1.00
551,489,0.23
551,490,0.46
551,491,0.92
551,492,1.00
551,493,1.00
551,494,1.00
551,495,1.00
545,496,0.23
546,496,0.46
547,496,0.78
548,496,1.00
549,496,1.00
550,496,1.00
551,496,1.00
552,491,0.46
552,492,1.00
552,493,1.00
552,494,1.00
552,495,1.00
552,496,1.00
546,497,0.23
547,497,0.46
548,497,0.92
549,497,1.00
550,497,1.00
551,497,1.00
552,497,1.00
553,491,0.23
553,492,0.92
553,493,1.00
553,494,1.00
553,495,1.00
553,496,1.00
553,497,1.00
554,492,0.69
554,493,1.00
554,494,1.00
554,495,1.00
554,496,1.00
554,497,1.00
548,498,0.46
549,498,0.69
550,498,1.00
551,498,1.00
552,498,1.00
553,498,1.00
554,498,1.00
555,492,0.23
555,493,0.69
555,494,1.00
555,495,1.00
555,496,1.00
555,497,1.00
555,498,1.00
556,493,0.46
556,494,0.92
556,495,1.00
556,496,1.00
556,497,1.00
556,498,1.00
550,499,0.46
551,499,0.69
552,499,1.00
553,499,1.00
554,499,1.00
555,499,1.00
556,499,1.00
557,494,0.46
557,495,0.78
557,496,1.00
557,497,1.00
557,498,1.00
557,499,1.00
551,500,0.23
552,500,0.46
553,500,0.69
554,500,1.00
555,500,1.00
556,500,1.00
557,500,1.00
558,494,0.23
558,495,0.46
558,496,1.00
558,497,1.00
558,498,1.00
558,499,1.00
558,500,1.00
559,495,0.23
559,496,0.69
559,497,1.00
559,498,1.00
559,499,1.00
559,500,1.00
553,501,0.92
554,501,1.00
555,501,1.00
556,501,1.00
557,501,1.00
558,501,1.00
559,501,1.00
560,496,0.46
560,497,1.00
560,498,1.00
560,499,1.00
560,500,1.00
560,501,1.00
554,502,1.00
555,502,1.00
556,502,1.00
557,502,1.00
558,502,1.00
559,502,1.00
560,502,1.00
561,497,0.69
561,498,1.00
561,499,1.00
561,500,1.00
561,501,1.00
561,502,1.00
555,503,1.00
556,503,0.69
557,503,0.69
558,503,0.92
559,503,1.00
560,503,1.00
561,503,1.00
562,497,0.46
562,498,1.00
562,499,1.00
562,500,1.00
562,501,1.00
562,502,1.00
562,503,1.00
563,497,0.23
563,498,0.69
563,499,1.00
563,500,1.00
563,501,1.00
563,502,1.00
563,503,1.00
564,498,0.46
564,499,1.00
564,500,1.00
564,501,1.00
564,502,1.00
564,503,1.00
558,504,0.23
559,504,0.92
560,504,1.00
561,504,1.00
562,504,1.00
563,504,1.00
564,504,1.00
565,498,0.23
565,499,0.69
565,500,1.00
565,501,1.00
565,502,1.00
565,503,1.00
565,504,1.00
559,505,0.46
560,505,0.69
561,505,1.00
562,505,1.00
563,505,1.00
564,505,1.00
565,505,1.00
566,500,0.46
566,501,1.00
566,502,1.00
566,503,1.00
566,504,1.00
566,505,1.00
560,506,0.23
561,506,0.46
562,506,0.69
563,506,1.00
564,506,1.00
565,506,1.00
566,506,1.00
567,500,0.23
567,501,1.00
567,502,1.00
567,503,1.00
567,504,1.00
567,505,1.00
567,506,1.00
568,501,1.00
568,502,1.00
568,503,1.00
568,504,1.00
568,505,1.00
568,506,1.00
562,507,0.46
563,507,1.00
564,507,1.00
565,507,1.00
566,507,1.00
567,507,1.00
568,507,1.00
569,501,0.92
569,502,1.00
569,503,1.00
569,504,1.00
569,505,1.00
569,506,1.00
569,507,1.00
570,501,0.23
570,502,0.46
570,503,1.00
570,504,1.00
570,505,1.00
570,506,1.00
570,507,1.00
571,502,0.23
571,503,0.69
571,504,1.00
571,505,1.00
571,506,1.00
571,507,1.00
565,508,1.00
566,508,1.00
567,508,1.00
568,508,1.00
569,508,1.00
570,508,1.00
571,508,1.00
572,503,0.46
572,504,1.00
572,505,1.00
572,506,1.00
572,507,1.00
572,508,1.00
566,509,1.00
567,509,1.00
568,509,1.00
569,509,1.00
570,509,1.00
571,509,1.00
572,509,1.00
573,504,0.69
573,505,1.00
573,506,1.00
573,507,1.00
573,508,1.00
573,509,1.00
567,510,1.00
568,510,1.00
569,510,1.00
570,510,1.00
571,510,1.00
572,510,1.00
573,510,1.00
574,504,0.23
574,505,0.69
574,506,1.00
574,507,1.00
574,508,1.00
574,509,1.00
574,510,1.00
568,511,1.00
569,511,1.00
570,511,1.00
571,511,1.00
572,511,1.00
573,511,1.00
574,511,1.00
575,506,1.00
575,507,1.00
575,508,1.00
575,509,1.00
575,510,1.00
575,511,1.00
569,512,1.00
570,512,1.00
571,512,1.00
572,512,1.00
573,512,1.00
574,512,1.00
575,512,1.00
576,506,1.00
576,507,1.00
576,508,1.00
576,509,1.00
576,510,1.00
576,511,1.00
576,512,1.00
577,506,1.00
577,507,1.00
577,508,1.00
577,509,1.00
577,510,1.00
577,511,1.00
577,512,1.00
578,506,1.00
578,507,1.00
578,508,1.00
578,509,1.00
578,510,1.00
578,511,1.00
578,512,1.00
579,506,1.00
579,507,1.00
579,508,1.00
579,509,1.00
579,510,1.00
579,511,1.00
579,512,1.00
580,506,0.46
580,507,1.00
580,508,1.00
580,509,1.00
580,510,1.00
580,511,1.00
580,512,1.00
581,507,0.69
581,508,0.69
581,509,0.69
581,510,0.69
581,511,0.69
581,512,0.69
575,513,1.00
576,513,1.00
577,513,1.00
578,513,1.00
579,513,1.00
580,513,0.92
581,513,0.69
574,513,0.92
573,513,0.69
571,513,0.46
572,513,0.46
568,512,0.55
568,513,0.46
569,513,0.46
570,513,0.23
563,508,0.85
564,508,0.64
563,509,1.00
564,509,1.00
565,509,1.00
563,510,1.00
564,510,1.00
565,510,1.00
566,510,1.00
563,511,1.00
564,511,1.00
565,511,1.00
566,511,1.00
567,511,1.00
563,512,0.85
564,512,0.64
565,512,0.85
566,512,0.74
567,512,0.62
563,513,0.46
564,513,0.46
565,513,0.46
566,513,0.23
567,513,0.23
559,507,1.00
560,507,0.46
561,507,0.23
559,508,1.00
560,508,0.55
561,508,0.62
562,508,0.74
559,509,1.00
560,509,0.85
561,509,1.00
562,509,1.00
559,510,1.00
560,510,0.97
561,510,1.00
562,510,1.00
559,511,1.00
560,511,0.85
561,511,1.00
562,511,1.00
559,512,1.00
560,512,0.55
561,512,0.62
562,512,0.74
559,513,0.69
560,513,0.46
561,513,0.23
562,513,0.23
554,507,1.00
555,507,1.00
556,507,1.00
557,507,1.00
558,507,1.00
554,508,1.00
555,508,1.00
556,508,1.00
557,508,1.00
558,508,1.00
554,509,1.00
555,509,1.00
556,509,1.00
557,509,1.00
558,509,1.00
554,510,1.00
555,510,1.00
556,510,1.00
557,510,1.00
558,510,1.00
554,511,1.00
555,511,1.00
556,511,1.00
557,511,1.00
558,511,1.00
554,512,1.00
555,512,1.00
556,512,1.00
557,512,1.00
558,512,1.00
554,513,1.00
555,513,1.00
556,513,0.92
557,513,0.46
558,513,0.46
550,507,1.00
551,507,1.00
552,507,1.00
553,507,1.00
550,508,1.00
551,508,1.00
552,508,1.00
553,508,1.00
550,509,1.00
551,509,1.00
552,509,1.00
553,509,1.00
550,510,1.00
551,510,1.00
552,510,1.00
553,510,1.00
550,511,1.00
551,511,1.00
552,511,1.00
553,511,1.00
550,512,1.00
551,512,1.00
552,512,1.00
553,512,1.00
550,513,1.00
551,513,1.00
552,513,1.00
553,513,1.00
546,507,1.00
547,507,1.00
548,507,1.00
549,507,1.00
546,508,1.00
547,508,1.00
548,508,1.00
549,508,1.00
546,509,1.00
547,509,1.00
548,509,1.00
549,509,1.00
546,510,1.00
547,510,1.00
548,510,1.00
549,510,1.00
546,511,1.00
547,511,1.00
548,511,1.00
549,511,1.00
546,512,1.00
547,512,1.00
548,512,1.00
549,512,1.00
546,513,1.00
547,513,1.00
548,513,1.00
549,513,1.00
544,507,1.00
545,507,1.00
544,508,1.00
545,508,1.00
544,509,1.00
545,509,1.00
544,510,1.00
545,510,1.00
544,511,1.00
545,511,1.00
544,512,1.00
545,512,1.00
544,513,1.00
545,513,1.00
542,507,1.00
543,507,1.00
542,508,1.00
543,508,1.00
542,509,1.00
543,509,1.00
542,510,1.00
543,510,1.00
542,511,1.00
543,511,1.00
542,512,1.00
543,512,1.00
542,513,1.00
543,513,1.00
541,507,1.00
541,508,1.00
541,509,1.00
541,510,1.00
541,511,1.00
541,512,1.00
541,513,1.00
539,507,1.00
540,507,1.00
539,508,1.00
540,508,1.00
539,509,1.00
540,509,1.00
539,510,1.00
540,510,1.00
539,511,1.00
540,511,1.00
539,512,1.00
540,512,1.00
539,513,1.00
540,513,1.00
536,508,1.00
537,508,1.00
538,508,0.69
536,509,1.00
537,509,1.00
538,509,1.00
536,510,1.00
537,510,1.00
538,510,1.00
536,511,1.00
537,511,1.00
538,511,1.00
536,512,1.00
537,512,1.00
538,512,1.00
536,513,1.00
537,513,1.00
538,513,1.00
536,514,1.00
537,514,1.00
538,514,0.78
539,514,0.69
540,514,0.46
541,514,0.92
542,514,1.00
535,508,1.00
535,509,1.00
535,510,1.00
535,511,1.00
535,512,1.00
535,513,1.00
535,514,1.00
533,509,1.00
534,509,1.00
533,510,1.00
534,510,1.00
533,511,1.00
534,511,1.00
533,512,1.00
534,512,1.00
533,513,1.00
534,513,1.00
533,514,1.00
534,514,1.00
533,515,1.00
534,515,0.92
535,515,0.92
536,515,0.69
537,515,0.69
538,515,0.69
539,515,0.69
531,509,0.46
532,509,0.69
531,510,1.00
532,510,1.00
531,511,1.00
532,511,1.00
531,512,1.00
532,512,1.00
531,513,1.00
532,513,1.00
531,514,1.00
532,514,1.00
531,515,1.00
532,515,1.00
529,509,0.46
530,509,0.23
529,510,1.00
530,510,1.00
529,511,1.00
530,511,1.00
529,512,1.00
530,512,1.00
529,513,1.00
530,513,1.00
529,514,1.00
530,514,1.00
529,515,1.00
530,515,1.00
528,510,1.00
528,511,1.00
528,512,1.00
528,513,1.00
528,514,1.00
528,515,1.00
528,516,1.00
529,516,0.92
530,516,0.69
531,516,0.69
532,516,0.92
533,516,0.92
534,516,0.69
527,510,1.00
527,511,1.00
527,512,1.00
527,513,1.00
527,514,1.00
527,515,1.00
527,516,1.00
525,510,1.00
526,510,1.00
525,511,1.00
526,511,1.00
525,512,1.00
526,512,1.00
525,513,1.00
526,513,1.00
525,514,1.00
526,514,1.00
525,515,1.00
526,515,1.00
525,516,1.00
526,516,1.00
523,511,1.00
524,511,1.00
523,512,1.00
524,512,1.00
523,513,1.00
524,513,1.00
523,514,1.00
524,514,1.00
523,515,1.00
524,515,1.00
523,516,1.00
524,516,1.00
523,517,1.00
524,517,0.92
525,517,1.00
526,517,0.92
527,517,1.00
528,517,0.69
529,517,0.92
521,511,1.00
522,511,1.00
521,512,1.00
522,512,1.00
521,513,1.00
522,513,1.00
521,514,1.00
522,514,1.00
521,515,1.00
522,515,1.00
521,516,1.00
522,516,1.00
521,517,1.00
522,517,1.00
519,511,1.00
520,511,1.00
519,512,0.69
520,512,0.78
519,513,1.00
520,513,1.00
519,514,1.00
520,514,1.00
519,515,1.00
520,515,1.00
519,516,1.00
520,516,1.00
519,517,1.00
520,517,1.00
517,512,1.00
518,512,0.92
517,513,1.00
518,513,1.00
517,514,1.00
518,514,1.00
517,515,1.00
518,515,1.00
517,516,1.00
518,516,1.00
517,517,1.00
518,517,1.00
517,518,1.00
518,518,1.00
519,518,1.00
520,518,1.00
521,518,1.00
522,518,0.87
523,518,1.00
514,512,1.00
515,512,1.00
516,512,1.00
514,513,1.00
515,513,1.00
516,513,1.00
514,514,1.00
515,514,1.00
516,514,1.00
514,515,1.00
515,515,1.00
516,515,1.00
514,516,1.00
515,516,1.00
516,516,1.00
514,517,1.00
515,517,1.00
516,517,1.00
514,518,1.00
515,518,1.00
516,518,1.00
511,513,0.85
512,513,1.00
513,513,1.00
511,514,0.69
512,514,1.00
513,514,1.00
511,515,0.55
512,515,0.85
513,515,1.00
511,516,0.85
512,516,0.97
513,516,1.00
511,517,0.97
512,517,0.85
513,517,1.00
511,518,1.00
512,518,0.78
513,518,1.00
511,519,1.00
512,519,1.00
513,519,0.78
514,519,1.00
515,519,1.00
516,519,1.00
517,519,1.00
506,514,0.46
507,514,0.23
508,514,0.23
509,514,0.46
510,514,0.46
506,515,0.69
507,515,0.55
508,515,0.62
509,515,0.74
510,515,0.62
506,516,0.78
507,516,0.85
508,516,1.00
509,516,1.00
510,516,1.00
506,517,0.85
507,517,0.97
508,517,1.00
509,517,1.00
510,517,1.00
506,518,1.00
507,518,1.00
508,518,1.00
509,518,1.00
510,518,1.00
506,519,1.00
507,519,1.00
508,519,1.00
509,519,1.00
510,519,1.00
506,520,1.00
507,520,1.00
508,520,1.00
509,520,1.00
510,520,1.00
511,520,1.00
512,520,1.00
501,515,1.00
502,515,1.00
503,515,1.00
504,515,1.00
505,515,0.78
501,516,1.00
502,516,1.00
503,516,1.00
504,516,1.00
505,516,1.00
501,517,1.00
502,517,1.00
503,517,1.00
504,517,1.00
505,517,1.00
501,518,1.00
502,518,1.00
503,518,1.00
504,518,1.00
505,518,1.00
501,519,1.00
502,519,1.00
503,519,1.00
504,519,1.00
505,519,1.00
501,520,1.00
502,520,1.00
503,520,1.00
504,520,1.00
505,520,1.00
501,521,0.69
502,521,0.69
503,521,0.46
504,521,0.69
505,521,1.00
506,521,1.00
507,521,1.00
496,515,0.92
497,515,0.69
498,515,0.46
499,515,0.69
500,515,0.92
496,516,0.46
497,516,0.32
498,516,0.62
499,516,0.97
500,516,1.00
496,517,0.69
497,517,1.00
498,517,1.00
499,517,1.00
500,517,1.00
496,518,1.00
497,518,1.00
498,518,1.00
499,518,1.00
500,518,1.00
496,519,1.00
497,519,1.00
498,519,1.00
499,519,1.00
500,519,1.00
496,520,1.00
497,520,1.00
498,520,1.00
499,520,1.00
500,520,1.00
496,521,1.00
497,521,1.00
498,521,1.00
499,521,1.00
500,521,0.69
491,517,0.23
492,517,0.23
493,517,0.23
494,517,0.46
495,517,0.46
491,518,0.23
492,518,0.32
493,518,0.62
494,518,0.97
495,518,0.94
491,519,0.69
492,519,0.85
493,519,1.00
494,519,1.00
495,519,1.00
491,520,1.00
492,520,1.00
493,520,1.00
494,520,1.00
495,520,1.00
491,521,1.00
492,521,1.00
493,521,1.00
494,521,1.00
495,521,1.00
491,522,1.00
492,522,0.78
493,522,0.85
494,522,1.00
495,522,1.00
496,522,1.00
497,522,1.00
491,523,1.00
492,523,0.69
493,523,0.46
494,523,1.00
495,523,1.00
496,523,1.00
497,523,1.00
485,519,0.46
486,519,0.69
487,519,0.69
488,519,0.69
489,519,0.46
490,519,0.46
485,520,1.00
486,520,1.00
487,520,1.00
488,520,1.00
489,520,1.00
490,520,1.00
485,521,1.00
486,521,1.00
487,521,1.00
488,521,1.00
489,521,1.00
490,521,1.00
485,522,1.00
486,522,1.00
487,522,1.00
488,522,1.00
489,522,1.00
490,522,1.00
485,523,1.00
486,523,1.00
487,523,1.00
488,523,1.00
489,523,1.00
490,523,1.00
485,524,1.00
486,524,1.00
487,524,1.00
488,524,1.00
489,524,1.00
490,524,1.00
491,524,1.00
485,525,1.00
486,525,1.00
487,525,1.00
488,525,1.00
489,525,1.00
490,525,1.00
491,525,0.78
479,520,1.00
480,520,1.00
481,520,1.00
482,520,1.00
483,520,1.00
484,520,1.00
479,521,1.00
480,521,1.00
481,521,1.00
482,521,1.00
483,521,1.00
484,521,1.00
479,522,1.00
480,522,1.00
481,522,1.00
482,522,1.00
483,522,1.00
484,522,1.00
479,523,1.00
480,523,1.00
481,523,1.00
482,523,1.00
483,523,1.00
484,523,1.00
479,524,1.00
480,524,1.00
481,524,1.00
482,524,1.00
483,524,1.00
484,524,1.00
479,525,1.00
480,525,1.00
481,525,1.00
482,525,1.00
483,525,1.00
484,525,1.00
479,526,1.00
480,526,1.00
481,526,1.00
482,526,1.00
483,526,1.00
484,526,1.00
485,526,1.00
473,521,1.00
474,521,1.00
475,521,1.00
476,521,1.00
477,521,1.00
478,521,1.00
473,522,1.00
474,522,1.00
475,522,1.00
476,522,1.00
477,522,1.00
478,522,1.00
473,523,1.00
474,523,1.00
475,523,1.00
476,523,1.00
477,523,1.00
478,523,1.00
473,524,1.00
474,524,1.00
475,524,1.00
476,524,1.00
477,524,1.00
478,524,1.00
473,525,1.00
474,525,1.00
475,525,1.00
476,525,1.00
477,525,1.00
478,525,1.00
473,526,1.00
474,526,1.00
475,526,1.00
476,526,1.00
477,526,1.00
478,526,1.00
473,527,1.00
474,527,0.69
475,527,0.23
476,527,0.23
477,527,0.23
478,527,0.23
479,527,0.23
468,524,0.69
469,524,1.00
470,524,1.00
471,524,1.00
472,524,1.00
468,525,0.78
469,525,1.00
470,525,1.00
471,525,1.00
472,525,1.00
468,526,1.00
469,526,1.00
470,526,1.00
471,526,1.00
472,526,1.00
468,527,1.00
469,527,1.00
470,527,1.00
471,527,1.00
472,527,1.00
468,528,1.00
469,528,1.00
470,528,1.00
471,528,1.00
472,528,1.00
473,528,1.00
474,528,0.46
468,529,0.78
469,529,0.87
470,529,1.00
471,529,1.00
472,529,1.00
473,529,0.64
474,529,0.46
468,530,0.69
469,530,0.69
470,530,0.46
471,530,0.46
472,530,0.46
473,530,0.46
474,530,0.46
460,525,0.23
461,525,0.23
462,525,0.23
463,525,0.46
464,525,0.55
465,525,0.85
466,525,0.97
460,526,0.23
461,526,0.32
462,526,0.62
463,526,0.97
464,526,1.00
465,526,1.00
466,526,1.00
460,527,0.69
461,527,0.85
462,527,1.00
463,527,1.00
464,527,1.00
465,527,1.00
466,527,1.00
460,528,1.00
461,528,1.00
462,528,1.00
463,528,1.00
464,528,1.00
465,528,1.00
466,528,1.00
460,529,1.00
461,529,1.00
462,529,1.00
463,529,1.00
464,529,1.00
465,529,1.00
466,529,0.97
460,530,1.00
461,530,1.00
462,530,0.85
463,530,0.97
464,530,0.85
465,530,0.55
466,530,0.46
460,531,1.00
461,531,0.85
462,531,0.46
463,531,0.23
464,531,0.23
465,531,0.23
466,531,0.23
454,527,0.23
455,527,0.23
456,527,0.46
457,527,0.46
458,527,0.46
459,527,0.46
454,528,0.46
455,528,0.55
456,528,0.85
457,528,1.00
458,528,1.00
459,528,1.00
454,529,1.00
455,529,1.00
456,529,1.00
457,529,1.00
458,529,1.00
459,529,1.00
454,530,1.00
455,530,1.00
456,530,1.00
457,530,1.00
458,530,1.00
459,530,1.00
454,531,1.00
455,531,1.00
456,531,1.00
457,531,1.00
458,531,1.00
459,531,1.00
454,532,1.00
455,532,1.00
456,532,1.00
457,532,1.00
458,532,1.00
459,532,1.00
460,532,0.85
454,533,1.00
455,533,1.00
456,533,1.00
457,533,0.69
458,533,0.46
459,533,0.46
460,533,0.46
449,528,1.00
450,528,1.00
451,528,0.23
452,528,0.23
453,528,0.23
449,529,1.00
450,529,1.00
451,529,1.00
452,529,1.00
453,529,1.00
449,530,1.00
450,530,1.00
451,530,1.00
452,530,1.00
453,530,1.00
449,531,1.00
450,531,1.00
451,531,1.00
452,531,1.00
453,531,1.00
449,532,1.00
450,532,1.00
451,532,1.00
452,532,1.00
453,532,1.00
449,533,1.00
450,533,1.00
451,533,1.00
452,533,1.00
453,533,1.00
449,534,1.00
450,534,1.00
451,534,1.00
452,534,1.00
453,534,1.00
454,534,1.00
455,534,1.00
444,529,1.00
445,529,1.00
446,529,1.00
447,529,1.00
448,529,1.00
444,530,1.00
445,530,1.00
446,530,1.00
447,530,1.00
448,530,1.00
444,531,1.00
445,531,1.00
446,531,1.00
447,531,1.00
448,531,1.00
444,532,1.00
445,532,1.00
446,532,1.00
447,532,1.00
448,532,1.00
444,533,1.00
445,533,1.00
446,533,1.00
447,533,1.00
448,533,1.00
444,534,1.00
445,534,0.94
446,534,0.85
447,534,0.97
448,534,1.00
444,535,0.85
445,535,0.55
446,535,0.46
447,535,0.46
448,535,0.78
449,535,1.00
450,535,1.00
440,530,1.00
441,530,1.00
442,530,1.00
443,530,1.00
440,531,1.00
441,531,1.00
442,531,1.00
443,531,1.00
440,532,1.00
441,532,1.00
442,532,1.00
443,532,1.00
440,533,1.00
441,533,1.00
442,533,1.00
443,533,1.00
440,534,1.00
441,534,1.00
442,534,1.00
443,534,1.00
440,535,1.00
441,535,1.00
442,535,1.00
443,535,0.74
440,536,0.85
441,536,0.55
442,536,0.46
443,536,0.23
444,536,0.23
445,536,0.23
446,536,0.23
436,531,1.00
437,531,1.00
438,531,1.00
439,531,1.00
436,532,1.00
437,532,1.00
438,532,1.00
439,532,1.00
436,533,1.00
437,533,1.00
438,533,1.00
439,533,1.00
436,534,1.00
437,534,1.00
438,534,1.00
439,534,1.00
436,535,1.00
437,535,1.00
438,535,1.00
439,535,1.00
436,536,0.85
437,536,0.64
438,536,0.85
439,536,0.74
436,537,0.46
437,537,0.46
438,537,0.46
439,537,0.23
440,537,0.23
441,537,0.23
442,537,0.23
432,531,1.00
433,531,1.00
434,531,1.00
435,531,1.00
432,532,1.00
433,532,1.00
434,532,1.00
435,532,1.00
432,533,1.00
433,533,1.00
434,533,1.00
435,533,1.00
432,534,1.00
433,534,1.00
434,534,1.00
435,534,1.00
432,535,1.00
433,535,1.00
434,535,1.00
435,535,1.00
432,536,1.00
433,536,1.00
434,536,1.00
435,536,0.74
432,537,1.00
433,537,1.00
434,537,0.69
435,537,0.23
428,532,1.00
429,532,1.00
430,532,1.00
431,532,1.00
428,533,1.00
429,533,1.00
430,533,1.00
431,533,1.00
428,534,1.00
429,534,1.00
430,534,1.00
431,534,1.00
428,535,1.00
429,535,1.00
430,535,1.00
431,535,1.00
428,536,1.00
429,536,1.00
430,536,1.00
431,536,1.00
428,537,1.00
429,537,1.00
430,537,1.00
431,537,1.00
428,538,1.00
429,538,1.00
430,538,1.00
431,538,1.00
432,538,1.00
433,538,0.85
434,538,0.46
424,533,1.00
425,533,1.00
426,533,1.00
427,533,1.00
424,534,1.00
425,534,1.00
426,534,1.00
427,534,1.00
424,535,1.00
425,535,1.00
426,535,1.00
427,535,1.00
424,536,1.00
425,536,1.00
426,536,1.00
427,536,1.00
424,537,1.00
425,537,1.00
426,537,1.00
427,537,1.00
424,538,1.00
425,538,0.64
426,538,0.85
427,538,0.74
424,539,0.69
425,539,0.46
426,539,0.46
427,539,0.23
428,539,0.46
429,539,0.55
430,539,0.85
420,533,1.00
421,533,1.00
422,533,1.00
423,533,1.00
420,534,1.00
421,534,1.00
422,534,1.00
423,534,1.00
420,535,1.00
421,535,1.00
422,535,1.00
423,535,1.00
420,536,1.00
421,536,1.00
422,536,1.00
423,536,1.00
420,537,1.00
421,537,1.00
422,537,1.00
423,537,1.00
420,538,1.00
421,538,1.00
422,538,1.00
423,538,1.00
420,539,0.69
421,539,0.69
422,539,0.46
423,539,0.46
418,533,1.00
419,533,1.00
418,534,1.00
419,534,1.00
418,535,1.00
419,535,1.00
418,536,1.00
419,536,1.00
418,537,1.00
419,537,1.00
418,538,1.00
419,538,1.00
418,539,0.92
419,539,0.92
415,533,1.00
416,533,1.00
417,533,1.00
415,534,1.00
416,534,1.00
417,534,1.00
415,535,1.00
416,535,1.00
417,535,1.00
415,536,1.00
416,536,1.00
417,536,1.00
415,537,1.00
416,537,1.00
417,537,1.00
415,538,1.00
416,538,1.00
417,538,1.00
415,539,1.00
416,539,1.00
417,539,0.69
413,533,1.00
414,533,1.00
413,534,1.00
414,534,1.00
413,535,1.00
414,535,1.00
413,536,1.00
414,536,1.00
413,537,1.00
414,537,1.00
413,538,1.00
414,538,1.00
413,539,1.00
414,539,1.00
410,534,1.00
411,534,1.00
412,534,1.00
410,535,1.00
411,535,1.00
412,535,1.00
410,536,1.00
411,536,1.00
412,536,1.00
410,537,1.00
411,537,1.00
412,537,1.00
410,538,1.00
411,538,1.00
412,538,1.00
410,539,1.00
411,539,1.00
412,539,1.00
410,540,1.00
411,540,1.00
412,540,1.00
413,540,0.92
414,540,0.46
415,540,0.46
416,540,0.23
409,534,1.00
409,535,1.00
409,536,1.00
409,537,1.00
409,538,1.00
409,539,1.00
409,540,1.00
407,534,1.00
408,534,1.00
407,535,1.00
408,535,1.00
407,536,1.00
408,536,1.00
407,537,1.00
408,537,1.00
407,538,1.00
408,538,1.00
407,539,1.00
408,539,1.00
407,540,1.00
408,540,1.00
405,534,1.00
406,534,1.00
405,535,1.00
406,535,1.00
405,536,1.00
406,536,1.00
405,537,1.00
406,537,1.00
405,538,1.00
406,538,1.00
405,539,1.00
406,539,1.00
405,540,1.00
406,540,1.00
404,534,1.00
404,535,1.00
404,536,1.00
404,537,1.00
404,538,1.00
404,539,1.00
404,540,1.00
402,534,0.92
403,534,0.92
402,535,1.00
403,535,1.00
402,536,1.00
403,536,1.00
402,537,1.00
403,537,1.00
402,538,1.00
403,538,1.00
402,539,1.00
403,539,1.00
402,540,1.00
403,540,1.00
400,534,1.00
401,534,1.00
400,535,1.00
401,535,1.00
400,536,1.00
401,536,1.00
400,537,1.00
401,537,1.00
400,538,1.00
401,538,1.00
400,539,1.00
401,539,1.00
400,540,1.00
401,540,1.00
399,534,1.00
399,535,1.00
399,536,1.00
399,537,1.00
399,538,1.00
399,539,1.00
399,540,1.00
397,535,1.00
398,535,1.00
397,536,1.00
398,536,1.00
397,537,1.00
398,537,1.00
397,538,1.00
398,538,1.00
397,539,1.00
398,539,1.00
397,540,1.00
398,540,1.00
397,541,1.00
398,541,0.69
399,541,0.69
400,541,1.00
401,541,1.00
402,541,1.00
403,541,1.00
395,535,0.92
396,535,1.00
395,536,1.00
396,536,1.00
395,537,1.00
396,537,1.00
395,538,1.00
396,538,1.00
395,539,1.00
396,539,1.00
395,540,1.00
396,540,1.00
395,541,1.00
396,541,1.00
392,536,0.78
393,536,1.00
394,536,1.00
392,537,1.00
393,537,1.00
394,537,1.00
392,538,1.00
393,538,1.00
394,538,1.00
392,539,1.00
393,539,1.00
394,539,1.00
392,540,1.00
393,540,1.00
394,540,1.00
392,541,1.00
393,541,1.00
394,541,1.00
392,542,1.00
393,542,1.00
394,542,1.00
395,542,0.92
396,542,0.46
397,542,0.46
398,542,0.23
389,537,1.00
390,537,0.92
391,537,1.00
389,538,1.00
390,538,1.00
391,538,1.00
389,539,1.00
390,539,1.00
391,539,1.00
389,540,1.00
390,540,1.00
391,540,1.00
389,541,1.00
390,541,1.00
391,541,1.00
389,542,1.00
390,542,1.00
391,542,1.00
389,543,1.00
390,543,1.00
391,543,1.00
392,543,1.00
393,543,1.00
394,543,1.00
395,543,0.46
386,537,1.00
387,537,1.00
388,537,1.00
386,538,1.00
387,538,1.00
388,538,1.00
386,539,1.00
387,539,1.00
388,539,1.00
386,540,1.00
387,540,1.00
388,540,1.00
386,541,1.00
387,541,1.00
388,541,1.00
386,542,1.00
387,542,1.00
388,542,1.00
386,543,1.00
387,543,1.00
388,543,1.00
385,537,0.92
385,538,1.00
385,539,1.00
385,540,1.00
385,541,1.00
385,542,1.00
385,543,1.00
384,537,0.69
384,538,1.00
384,539,1.00
384,540,1.00
384,541,1.00
384,542,1.00
384,543,1.00
383,537,0.46
383,538,1.00
383,539,1.00
383,540,1.00
383,541,1.00
383,542,1.00
383,543,1.00
382,538,1.00
382,539,1.00
382,540,1.00
382,541,1.00
382,542,1.00
382,543,1.00
382,544,1.00
383,544,1.00
384,544,1.00
385,544,1.00
386,544,1.00
387,544,1.00
388,544,1.00
382,545,1.00
383,545,1.00
384,545,1.00
385,545,1.00
386,545,1.00
387,545,1.00
388,545,1.00
381,540,0.23
381,541,0.46
381,542,1.00
381,543,1.00
381,544,1.00
381,545,1.00
381,546,1.00
382,546,1.00
383,546,1.00
384,546,1.00
385,546,1.00
386,546,1.00
387,546,1.00
380,541,0.23
380,542,1.00
380,543,1.00
380,544,1.00
380,545,1.00
380,546,1.00
380,547,1.00
381,547,1.00
382,547,1.00
383,547,1.00
384,547,1.00
385,547,1.00
386,547,1.00
380,548,1.00
381,548,1.00
382,548,1.00
383,548,1.00
384,548,1.00
385,548,1.00
386,548,0.92
379,542,0.46
379,543,0.46
379,544,0.46
379,545,0.46
379,546,0.46
379,547,0.46
379,548,0.46
388,546,0.85
387,547,0.55
388,547,0.46
387,548,0.23
388,548,0.23
389,544,1.00
390,544,1.00
391,544,1.00
392,544,1.00
389,545,1.00
390,545,1.00
391,545,1.00
392,545,0.92
389,546,0.74
390,546,0.62
391,546,0.32
392,546,0.23
389,547,0.23
390,547,0.23
391,547,0.23
392,547,0.23
404,541,1.00
405,541,1.00
399,542,0.23
400,542,1.00
401,542,1.00
402,542,1.00
403,542,1.00
404,542,1.00
405,542,1.00
399,543,0.23
400,543,0.23
401,543,0.23
402,543,0.23
403,543,0.23
404,543,1.00
405,543,1.00
418,532,1.00
419,532,1.00
420,532,1.00
421,532,1.00
422,532,1.00
423,532,1.00
424,532,1.00
423,531,1.00
424,531,1.00
425,531,1.00
426,531,1.00
427,531,1.00
428,531,1.00
429,531,1.00
425,532,1.00
426,532,1.00
427,532,1.00
426,530,1.00
427,530,1.00
428,530,1.00
429,530,1.00
430,530,1.00
431,530,1.00
432,530,1.00
430,531,1.00
431,531,1.00
428,529,1.00
429,529,1.00
430,529,1.00
431,529,1.00
432,529,0.46
433,529,0.69
434,529,0.69
433,530,1.00
434,530,1.00
435,529,0.46
436,529,0.92
437,529,1.00
435,530,1.00
436,530,1.00
437,530,1.00
438,529,1.00
439,529,1.00
438,530,1.00
439,530,1.00
436,528,0.23
437,528,0.23
438,528,0.46
439,528,0.46
440,528,1.00
441,528,1.00
442,528,1.00
440,529,1.00
441,529,1.00
442,529,1.00
443,528,1.00
444,528,1.00
443,529,1.00
440,527,1.00
441,527,1.00
442,527,1.00
443,527,1.00
444,527,1.00
445,527,1.00
446,527,1.00
445,528,1.00
446,528,1.00
447,527,1.00
447,528,1.00
443,526,1.00
444,526,1.00
445,526,1.00
446,526,1.00
447,526,1.00
448,526,1.00
449,526,1.00
448,527,1.00
449,527,1.00
448,528,1.00
450,526,1.00
450,527,0.92
444,525,1.00
445,525,1.00
446,525,1.00
447,525,1.00
448,525,1.00
449,525,1.00
450,525,1.00
431,539,0.74
432,539,0.62
433,539,0.32
434,539,0.23
428,540,0.23
429,540,0.23
430,540,0.23
431,540,0.23
432,540,0.23
433,540,0.23
434,540,0.23
420,540,0.23
421,540,0.23
422,540,0.23
423,540,0.23
424,540,0.23
425,540,0.23
426,540,0.23
420,541,0.23
421,541,0.32
422,541,0.62
423,541,0.74
424,541,0.62
425,541,0.32
426,541,0.23
420,542,0.23
421,542,0.62
422,542,1.00
423,542,1.00
424,542,1.00
425,542,0.62
426,542,0.23
420,543,0.23
421,543,0.74
422,543,1.00
423,543,1.00
424,543,1.00
425,543,0.74
426,543,0.23
420,544,0.23
421,544,0.62
422,544,1.00
423,544,1.00
424,544,1.00
425,544,0.62
426,544,0.23
420,545,0.23
421,545,0.32
422,545,0.62
423,545,0.74
424,545,0.62
425,545,0.32
426,545,0.23
420,546,0.23
421,546,0.23
422,546,0.23
423,546,0.23
424,546,0.23
425,546,0.23
426,546,0.23
413,544,0.23
414,544,0.23
415,544,0.23
416,544,0.23
417,544,0.23
418,544,0.23
419,544,0.23
413,545,0.23
414,545,0.32
415,545,0.62
416,545,0.74
417,545,0.62
418,545,0.32
419,545,0.23
413,546,0.23
414,546,0.62
415,546,1.00
416,546,1.00
417,546,1.00
418,546,0.62
419,546,0.23
413,547,0.46
414,547,0.74
415,547,1.00
416,547,1.00
417,547,1.00
418,547,0.74
419,547,0.23
413,548,0.46
414,548,0.62
415,548,1.00
416,548,1.00
417,548,1.00
418,548,0.62
419,548,0.23
413,549,0.46
414,549,0.32
415,549,0.62
416,549,0.74
417,549,0.62
418,549,0.32
419,549,0.23
413,550,0.46
414,550,0.23
415,550,0.23
416,550,0.23
417,550,0.23
418,550,0.23
419,550,0.23
407,547,0.23
408,547,0.23
409,547,0.23
410,547,0.23
411,547,0.23
412,547,0.23
407,548,0.23
408,548,0.32
409,548,0.62
410,548,0.74
411,548,0.62
412,548,0.32
407,549,0.46
408,549,0.85
409,549,1.00
410,549,1.00
411,549,1.00
412,549,0.62
407,550,0.55
408,550,0.97
409,550,1.00
410,550,1.00
411,550,1.00
412,550,0.74
407,551,0.85
408,551,0.85
409,551,1.00
410,551,1.00
411,551,1.00
412,551,0.62
413,551,0.23
407,552,0.97
408,552,0.55
409,552,0.62
410,552,0.74
411,552,0.62
412,552,0.32
413,552,0.23
407,553,0.85
408,553,0.46
409,553,0.23
410,553,0.23
411,553,0.23
412,553,0.23
413,553,0.23
402,549,0.23
403,549,0.23
404,549,0.23
405,549,0.23
406,549,0.23
402,550,0.46
403,550,0.55
404,550,0.85
405,550,0.74
406,550,0.62
402,551,0.85
403,551,0.94
404,551,1.00
405,551,1.00
406,551,1.00
402,552,1.00
403,552,1.00
404,552,1.00
405,552,1.00
406,552,1.00
402,553,1.00
403,553,1.00
404,553,1.00
405,553,1.00
406,553,1.00
402,554,1.00
403,554,0.94
404,554,0.85
405,554,0.74
406,554,0.62
407,554,0.32
408,554,0.23
402,555,0.85
403,555,0.55
404,555,0.46
405,555,0.23
406,555,0.23
407,555,0.23
408,555,0.23
398,550,1.00
399,550,1.00
400,550,1.00
401,550,0.23
398,551,1.00
399,551,1.00
400,551,1.00
401,551,1.00
398,552,1.00
399,552,1.00
400,552,1.00
401,552,1.00
398,553,1.00
399,553,1.00
400,553,1.00
401,553,1.00
398,554,1.00
399,554,1.00
400,554,1.00
401,554,1.00
398,555,1.00
399,555,1.00
400,555,1.00
401,555,1.00
398,556,1.00
399,556,1.00
400,556,1.00
401,556,0.69
402,556,0.23
403,556,0.23
404,556,0.23
395,551,1.00
396,551,1.00
397,551,1.00
395,552,1.00
396,552,1.00
397,552,1.00
395,553,1.00
396,553,1.00
397,553,1.00
395,554,1.00
396,554,1.00
397,554,1.00
395,555,1.00
396,555,1.00
397,555,1.00
395,556,1.00
396,556,1.00
397,556,1.00
395,557,0.92
396,557,0.92
397,557,0.92
398,557,0.92
399,557,0.92
400,557,0.92
401,557,0.46
394,551,1.00
394,552,1.00
394,553,1.00
394,554,1.00
394,555,1.00
394,556,1.00
394,557,0.46
394,550,1.00
395,550,1.00
396,550,1.00
397,550,1.00
394,549,0.92
395,549,1.00
396,549,1.00
397,549,1.00
398,549,1.00
399,549,1.00
400,549,0.92
394,548,0.69
395,548,1.00
396,548,1.00
397,548,1.00
398,548,1.00
399,548,1.00
400,548,0.69
394,547,0.46
395,547,0.97
396,547,1.00
397,547,1.00
398,547,1.00
399,547,0.97
400,547,0.46
394,544,0.92
395,544,0.46
396,544,0.23
397,544,0.23
398,544,0.23
399,544,0.23
400,544,0.23
394,545,0.23
395,545,0.32
396,545,0.62
397,545,0.74
398,545,0.62
399,545,0.32
400,545,0.23
394,546,0.23
395,546,0.62
396,546,1.00
397,546,1.00
398,546,1.00
399,546,0.62
400,546,0.23
406,541,1.00
406,542,1.00
406,530,1.00
407,530,1.00
408,530,1.00
409,530,0.69
410,530,0.23
411,530,0.23
412,530,0.46
406,531,0.97
407,531,0.94
408,531,1.00
409,531,1.00
410,531,0.85
411,531,0.55
412,531,0.69
406,532,0.46
407,532,0.85
408,532,1.00
409,532,1.00
410,532,1.00
411,532,1.00
412,532,0.85
406,533,0.46
407,533,0.97
408,533,1.00
409,533,1.00
410,533,1.00
411,533,1.00
412,533,1.00
412,525,1.00
413,525,1.00
414,525,1.00
415,525,1.00
416,525,1.00
417,525,1.00
418,525,1.00
412,526,1.00
413,526,1.00
414,526,1.00
415,526,1.00
416,526,1.00
417,526,1.00
418,526,1.00
412,527,1.00
413,527,1.00
414,527,1.00
415,527,1.00
416,527,1.00
417,527,1.00
418,527,1.00
412,528,1.00
413,528,1.00
414,528,1.00
415,528,1.00
416,528,1.00
417,528,0.97
418,528,0.46
412,529,0.92
413,529,1.00
414,529,1.00
415,529,1.00
416,529,1.00
417,529,0.62
418,529,0.23
413,530,0.32
414,530,0.62
415,530,0.74
416,530,0.85
417,530,0.55
418,530,0.69
413,531,0.46
414,531,0.69
415,531,0.46
416,531,0.69
417,531,0.78
418,531,1.00
417,521,1.00
418,521,1.00
419,521,1.00
420,521,1.00
421,521,1.00
422,521,1.00
423,521,1.00
417,522,1.00
418,522,1.00
419,522,1.00
420,522,1.00
421,522,1.00
422,522,1.00
423,522,1.00
417,523,1.00
418,523,1.00
419,523,1.00
420,523,1.00
421,523,1.00
422,523,1.00
423,523,1.00
417,524,1.00
418,524,1.00
419,524,1.00
420,524,1.00
421,524,1.00
422,524,1.00
423,524,1.00
419,525,1.00
420,525,1.00
421,525,1.00
422,525,1.00
423,525,1.00
419,526,1.00
420,526,1.00
421,526,1.00
422,526,1.00
423,526,1.00
419,527,0.78
420,527,1.00
421,527,1.00
422,527,1.00
423,527,1.00
422,518,1.00
423,518,1.00
424,518,1.00
425,518,1.00
426,518,1.00
427,518,1.00
428,518,1.00
422,519,1.00
423,519,1.00
424,519,1.00
425,519,1.00
426,519,1.00
427,519,1.00
428,519,1.00
422,520,1.00
423,520,1.00
424,520,1.00
425,520,1.00
426,520,1.00
427,520,1.00
428,520,1.00
424,521,1.00
425,521,1.00
426,521,1.00
427,521,1.00
428,521,0.92
424,522,1.00
425,522,1.00
426,522,1.00
427,522,0.62
428,522,0.23
424,523,1.00
425,523,1.00
426,523,1.00
427,523,0.55
428,523,0.46
424,524,1.00
425,524,1.00
426,524,1.00
427,524,0.97
428,524,0.85
426,515,0.69
427,515,0.69
428,515,0.92
429,515,1.00
430,515,1.00
431,515,1.00
432,515,1.00
426,516,1.00
427,516,1.00
428,516,1.00
429,516,1.00
430,516,1.00
431,516,1.00
432,516,1.00
426,517,1.00
427,517,1.00
428,517,1.00
429,517,1.00
430,517,1.00
431,517,1.00
432,517,1.00
429,518,1.00
430,518,1.00
431,518,1.00
432,518,1.00
429,519,1.00
430,519,1.00
431,519,0.85
432,519,1.00
429,520,1.00
430,520,0.94
431,520,0.55
432,520,1.00
429,521,0.46
430,521,0.46
431,521,0.46
432,521,1.00
432,512,0.69
433,512,0.92
434,512,1.00
435,512,1.00
436,512,1.00
437,512,1.00
438,512,1.00
432,513,1.00
433,513,1.00
434,513,1.00
435,513,1.00
436,513,1.00
437,513,1.00
438,513,1.00
432,514,1.00
433,514,1.00
434,514,1.00
435,514,1.00
436,514,1.00
437,514,1.00
438,514,1.00
433,515,1.00
434,515,1.00
435,515,1.00
436,515,1.00
437,515,1.00
438,515,1.00
433,516,1.00
434,516,1.00
435,516,1.00
436,516,1.00
437,516,1.00
438,516,1.00
433,517,1.00
434,517,1.00
435,517,1.00
436,517,1.00
437,517,1.00
438,517,1.00
433,518,1.00
434,518,1.00
435,518,1.00
436,518,1.00
437,518,1.00
438,518,1.00
434,511,0.69
435,511,1.00
436,511,1.00
437,511,1.00
438,511,1.00
439,511,1.00
440,511,1.00
439,512,1.00
440,512,1.00
439,513,1.00
440,513,1.00
439,514,1.00
440,514,1.00
439,515,1.00
440,515,1.00
439,516,1.00
440,516,1.00
439,517,1.00
440,517,1.00
441,511,1.00
441,512,1.00
441,513,1.00
441,514,1.00
441,515,1.00
441,516,1.00
441,517,1.00
442,511,1.00
442,512,1.00
442,513,1.00
442,514,1.00
442,515,1.00
442,516,1.00
442,517,1.00
433,511,0.23
428,512,0.23
429,512,0.23
430,512,0.46
431,512,0.46
428,513,0.23
429,513,0.32
430,513,0.85
431,513,1.00
428,514,0.23
429,514,0.62
430,514,1.00
431,514,1.00
422,515,0.23
423,515,0.23
424,515,0.23
425,515,0.46
422,516,0.23
423,516,0.32
424,516,0.62
425,516,0.97
422,517,0.46
423,517,0.85
424,517,1.00
425,517,1.00
414,519,1.00
415,519,1.00
416,519,1.00
417,519,0.85
418,519,0.69
419,519,0.85
420,519,1.00
414,520,0.85
415,520,1.00
416,520,1.00
417,520,1.00
418,520,1.00
419,520,1.00
420,520,1.00
414,521,0.92
415,521,1.00
416,521,1.00
414,522,1.00
415,522,1.00
416,522,1.00
414,523,1.00
415,523,1.00
416,523,1.00
414,524,1.00
415,524,1.00
416,524,1.00
408,522,1.00
409,522,1.00
410,522,1.00
411,522,1.00
412,522,1.00
413,522,1.00
408,523,1.00
409,523,1.00
410,523,1.00
411,523,1.00
412,523,1.00
413,523,1.00
408,524,1.00
409,524,1.00
410,524,1.00
411,524,1.00
412,524,1.00
413,524,1.00
408,525,1.00
409,525,1.00
410,525,1.00
411,525,1.00
408,526,1.00
409,526,1.00
410,526,1.00
411,526,1.00
408,527,1.00
409,527,1.00
410,527,1.00
411,527,1.00
408,528,1.00
409,528,1.00
410,528,1.00
411,528,1.00
403,524,1.00
404,524,1.00
405,524,1.00
406,524,1.00
407,524,1.00
403,525,1.00
404,525,1.00
405,525,1.00
406,525,1.00
407,525,1.00
403,526,1.00
404,526,1.00
405,526,1.00
406,526,1.00
407,526,1.00
403,527,1.00
404,527,1.00
405,527,1.00
406,527,1.00
407,527,1.00
403,528,1.00
404,528,1.00
405,528,1.00
406,528,1.00
407,528,1.00
403,529,1.00
404,529,1.00
405,529,1.00
406,529,1.00
407,529,1.00
408,529,1.00
409,529,1.00
403,530,1.00
404,530,1.00
405,530,1.00
399,526,0.92
400,526,1.00
401,526,1.00
402,526,1.00
399,527,0.92
400,527,1.00
401,527,1.00
402,527,1.00
399,528,1.00
400,528,1.00
401,528,1.00
402,528,1.00
399,529,1.00
400,529,1.00
401,529,1.00
402,529,1.00
399,530,1.00
400,530,1.00
401,530,1.00
402,530,1.00
399,531,1.00
400,531,1.00
401,531,1.00
402,531,1.00
403,531,1.00
404,531,1.00
405,531,1.00
399,532,1.00
400,532,1.00
401,532,1.00
402,532,1.00
403,532,1.00
404,532,1.00
405,532,1.00
400,524,0.23
401,524,0.46
402,524,0.97
400,525,0.23
401,525,0.55
402,525,1.00
401,521,0.23
402,521,0.23
403,521,0.23
404,521,0.23
405,521,0.46
406,521,0.85
407,521,1.00
401,522,0.23
402,522,0.32
403,522,0.62
404,522,0.97
405,522,1.00
406,522,0.87
407,522,1.00
401,523,0.23
402,523,0.62
403,523,1.00
404,523,1.00
405,523,1.00
406,523,1.00
407,523,1.00
405,517,0.23
406,517,0.23
407,517,0.23
408,517,0.23
409,517,0.23
410,517,0.46
411,517,0.85
405,518,0.23
406,518,0.32
407,518,0.62
408,518,0.74
409,518,0.62
410,518,0.55
411,518,0.55
405,519,0.23
406,519,0.62
407,519,1.00
408,519,1.00
409,519,1.00
410,519,0.85
411,519,0.46
405,520,0.23
406,520,0.74
407,520,1.00
408,520,1.00
409,520,1.00
410,520,0.74
411,520,0.23
408,521,1.00
409,521,1.00
410,521,0.85
411,521,0.69
410,513,0.23
411,513,0.23
412,513,0.23
413,513,0.23
414,513,0.46
415,513,0.85
416,513,1.00
410,514,0.23
411,514,0.32
412,514,0.62
413,514,0.74
414,514,0.85
415,514,0.64
416,514,0.85
410,515,0.23
411,515,0.62
412,515,1.00
413,515,1.00
414,515,1.00
415,515,1.00
416,515,0.69
410,516,0.23
411,516,0.74
412,516,1.00
413,516,1.00
414,516,1.00
415,516,1.00
416,516,0.85
412,517,1.00
413,517,1.00
414,517,1.00
415,517,1.00
416,517,1.00
412,518,0.85
413,518,1.00
414,518,1.00
415,518,1.00
416,518,1.00
412,519,0.46
413,519,0.85
414,509,0.23
415,509,0.23
416,509,0.23
417,509,0.23
418,509,0.46
419,509,1.00
420,509,1.00
414,510,0.23
415,510,0.32
416,510,0.62
417,510,0.74
418,510,0.85
419,510,1.00
420,510,1.00
414,511,0.23
415,511,0.62
416,511,1.00
417,511,1.00
418,511,1.00
419,511,1.00
420,511,1.00
414,512,0.23
415,512,0.74
416,512,1.00
417,512,1.00
418,512,1.00
419,512,1.00
420,512,1.00
417,513,1.00
418,513,1.00
419,513,0.85
420,513,0.55
417,514,0.74
418,514,0.62
419,514,0.55
420,514,0.46
417,515,0.46
418,515,0.46
419,515,0.23
420,515,0.23
418,506,0.23
419,506,0.23
420,506,0.23
421,506,0.23
422,506,0.46
423,506,0.97
424,506,1.00
418,507,0.23
419,507,0.32
420,507,0.62
421,507,0.74
422,507,0.85
423,507,0.94
424,507,1.00
418,508,0.23
419,508,0.85
420,508,1.00
421,508,1.00
422,508,1.00
423,508,1.00
424,508,1.00
421,509,1.00
422,509,1.00
423,509,1.00
424,509,1.00
421,510,1.00
422,510,1.00
423,510,1.00
424,510,0.85
421,511,1.00
422,511,1.00
423,511,1.00
424,511,0.97
421,512,1.00
422,512,1.00
423,512,1.00
424,512,0.85
422,503,0.23
423,503,0.23
424,503,0.69
425,503,0.78
426,503,1.00
427,503,1.00
428,503,1.00
422,504,0.23
423,504,0.32
424,504,1.00
425,504,1.00
426,504,1.00
427,504,1.00
428,504,1.00
422,505,0.23
423,505,0.62
424,505,1.00
425,505,1.00
426,505,1.00
427,505,1.00
428,505,1.00
425,506,1.00
426,506,1.00
427,506,1.00
428,506,1.00
425,507,1.00
426,507,1.00
427,507,1.00
428,507,1.00
425,508,1.00
426,508,1.00
427,508,1.00
428,508,1.00
425,509,0.69
426,509,0.46
427,509,0.46
428,509,0.46
424,502,0.23
425,502,0.23
426,502,0.46
427,502,1.00
428,502,1.00
429,502,1.00
430,502,1.00
429,503,1.00
430,503,1.00
429,504,1.00
430,504,1.00
429,505,1.00
430,505,1.00
429,506,1.00
430,506,1.00
429,507,1.00
430,507,1.00
429,508,0.55
430,508,0.46
426,501,0.23
427,501,0.69
428,501,0.69
429,501,0.69
430,501,1.00
431,501,1.00
432,501,1.00
431,502,1.00
432,502,1.00
431,503,1.00
432,503,1.00
431,504,1.00
432,504,1.00
431,505,1.00
432,505,1.00
431,506,1.00
432,506,1.00
431,507,1.00
432,507,1.00
433,501,1.00
433,502,1.00
433,503,1.00
433,504,1.00
433,505,1.00
433,506,1.00
433,507,1.00
429,509,0.23
430,509,0.23
425,510,0.23
425,511,0.23
425,512,0.23
421,513,0.62
422,513,0.74
423,513,0.62
424,513,0.32
425,513,0.23
421,514,0.23
422,514,0.23
423,514,0.23
424,514,0.23
425,514,0.23
417,516,0.32
418,516,0.23
417,517,0.62
418,517,0.46
417,518,0.74
418,518,0.46
412,520,0.23
413,520,0.32
412,521,0.69
413,521,0.69
399,533,1.00
400,533,1.00
401,533,1.00
402,533,0.74
403,533,0.62
404,533,0.55
405,533,0.46
395,532,0.46
396,532,0.55
397,532,0.85
398,532,0.97
395,533,0.46
396,533,0.94
397,533,1.00
398,533,1.00
395,534,0.46
396,534,1.00
397,534,1.00
398,534,1.00
391,535,0.23
392,535,0.23
393,535,0.23
394,535,0.23
391,536,0.46
393,544,0.92
393,545,0.23
395,531,0.23
396,531,0.23
397,531,0.23
398,531,0.23
419,517,0.23
420,517,0.23
421,517,0.23
419,518,0.32
420,518,0.62
421,518,0.74
421,519,1.00
421,520,1.00
436,510,1.00
437,510,1.00
438,510,1.00
439,510,1.00
440,510,1.00
441,510,1.00
442,510,1.00
439,509,1.00
440,509,1.00
441,509,1.00
442,509,1.00
443,509,1.00
444,509,1.00
445,509,1.00
443,510,1.00
444,510,1.00
445,510,1.00
443,511,1.00
444,511,1.00
445,511,1.00
443,512,1.00
444,512,1.00
445,512,1.00
443,513,1.00
444,513,1.00
445,513,1.00
443,514,1.00
444,514,1.00
445,514,0.85
443,515,1.00
444,515,0.69
445,515,0.69
446,509,1.00
447,509,1.00
446,510,1.00
447,510,1.00
446,511,1.00
447,511,1.00
446,512,1.00
447,512,1.00
446,513,0.85
447,513,0.46
446,514,0.55
447,514,0.46
446,515,0.69
447,515,0.78
445,507,1.00
446,507,1.00
447,507,1.00
448,507,1.00
449,507,1.00
450,507,1.00
451,507,1.00
445,508,1.00
446,508,1.00
447,508,1.00
448,508,1.00
449,508,1.00
450,508,1.00
451,508,1.00
448,509,1.00
449,509,1.00
450,509,1.00
451,509,1.00
448,510,1.00
449,510,1.00
450,510,1.00
451,510,1.00
448,511,1.00
449,511,1.00
450,511,1.00
451,511,1.00
448,512,1.00
449,512,1.00
450,512,1.00
451,512,1.00
448,513,0.46
449,513,0.97
450,513,1.00
451,513,1.00
448,506,1.00
449,506,1.00
450,506,1.00
451,506,1.00
452,506,1.00
453,506,1.00
454,506,1.00
452,507,1.00
453,507,1.00
454,507,1.00
452,508,1.00
453,508,1.00
454,508,1.00
452,509,1.00
453,509,1.00
454,509,1.00
452,510,1.00
453,510,1.00
454,510,1.00
452,511,1.00
453,511,1.00
454,511,1.00
452,512,1.00
453,512,1.00
454,512,0.69
459,504,0.46
460,504,1.00
461,504,1.00
462,504,1.00
463,504,1.00
464,504,1.00
465,504,1.00
459,505,0.46
460,505,1.00
461,505,1.00
462,505,1.00
463,505,1.00
464,505,1.00
465,505,1.00
459,506,0.69
460,506,1.00
461,506,1.00
462,506,1.00
463,506,1.00
464,506,1.00
465,506,1.00
459,507,0.92
460,507,1.00
461,507,1.00
462,507,1.00
463,507,1.00
464,507,1.00
465,507,1.00
459,508,1.00
460,508,1.00
461,508,1.00
462,508,1.00
463,508,1.00
464,508,1.00
465,508,1.00
459,509,1.00
460,509,1.00
461,509,1.00
462,509,1.00
463,509,1.00
464,509,1.00
465,509,1.00
459,510,1.00
460,510,1.00
461,510,1.00
462,510,1.00
463,510,1.00
464,510,1.00
465,510,0.69
463,502,1.00
464,502,1.00
465,502,1.00
466,502,1.00
467,502,0.23
468,502,0.46
469,502,0.55
463,503,1.00
464,503,1.00
465,503,1.00
466,503,1.00
467,503,0.85
468,503,0.78
469,503,1.00
466,504,1.00
467,504,1.00
468,504,1.00
469,504,1.00
466,505,1.00
467,505,1.00
468,505,1.00
469,505,1.00
466,506,1.00
467,506,1.00
468,506,1.00
469,506,1.00
466,507,1.00
467,507,1.00
468,507,1.00
469,507,1.00
466,508,0.78
467,508,0.85
468,508,0.97
469,508,0.85
468,501,0.23
469,501,0.23
470,501,0.23
471,501,0.23
472,501,0.46
473,501,0.46
474,501,0.46
470,502,0.62
471,502,0.74
472,502,0.85
473,502,0.87
474,502,1.00
470,503,1.00
471,503,1.00
472,503,1.00
473,503,1.00
474,503,1.00
470,504,1.00
471,504,1.00
472,504,1.00
473,504,1.00
474,504,1.00
470,505,1.00
471,505,1.00
472,505,1.00
473,505,1.00
474,505,1.00
470,506,1.00
471,506,0.97
472,506,1.00
473,506,1.00
474,506,1.00
470,507,0.85
471,507,0.46
472,507,0.69
473,507,1.00
474,507,1.00
475,501,0.23
476,501,0.23
477,501,0.69
478,501,1.00
475,502,0.97
476,502,1.00
477,502,1.00
478,502,1.00
475,503,1.00
476,503,1.00
477,503,1.00
478,503,1.00
475,504,1.00
476,504,1.00
477,504,1.00
478,504,1.00
475,505,1.00
476,505,1.00
477,505,1.00
478,505,1.00
475,506,1.00
476,506,1.00
477,506,1.00
478,506,1.00
475,507,1.00
476,507,1.00
477,507,1.00
478,507,1.00
479,501,1.00
480,501,1.00
481,501,1.00
482,501,1.00
483,501,1.00
479,502,1.00
480,502,1.00
481,502,1.00
482,502,1.00
483,502,1.00
479,503,1.00
480,503,1.00
481,503,1.00
482,503,1.00
483,503,1.00
479,504,1.00
480,504,1.00
481,504,1.00
482,504,1.00
483,504,1.00
479,505,1.00
480,505,1.00
481,505,1.00
482,505,1.00
483,505,1.00
479,506,1.00
480,506,1.00
481,506,1.00
482,506,1.00
483,506,1.00
479,507,1.00
480,507,1.00
481,507,1.00
482,507,1.00
483,507,1.00
484,501,0.69
485,501,0.92
486,501,0.69
484,502,1.00
485,502,1.00
486,502,1.00
484,503,1.00
485,503,1.00
486,503,1.00
484,504,1.00
485,504,1.00
486,504,1.00
484,505,1.00
485,505,1.00
486,505,1.00
484,506,1.00
485,506,1.00
486,506,1.00
484,507,1.00
485,507,1.00
486,507,1.00
487,501,0.46
488,501,0.46
487,502,0.94
488,502,0.97
487,503,1.00
488,503,1.00
487,504,1.00
488,504,1.00
487,505,1.00
488,505,1.00
487,506,1.00
488,506,1.00
487,507,0.78
488,507,0.69
489,501,0.69
490,501,1.00
491,501,1.00
489,502,1.00
490,502,1.00
491,502,1.00
489,503,1.00
490,503,1.00
491,503,1.00
489,504,1.00
490,504,1.00
491,504,1.00
489,505,1.00
490,505,1.00
491,505,1.00
489,506,1.00
490,506,1.00
491,506,1.00
489,507,0.23
490,507,0.23
491,507,0.46
492,503,1.00
493,503,1.00
494,503,1.00
495,503,1.00
496,503,1.00
497,503,1.00
492,504,1.00
493,504,1.00
494,504,1.00
495,504,1.00
496,504,1.00
497,504,1.00
492,505,1.00
493,505,1.00
494,505,1.00
495,505,1.00
496,505,1.00
497,505,1.00
492,506,1.00
493,506,1.00
494,506,1.00
495,506,1.00
496,506,1.00
497,506,1.00
492,507,0.62
493,507,1.00
494,507,1.00
495,507,1.00
496,507,1.00
497,507,1.00
491,508,0.23
492,508,0.32
493,508,0.62
494,508,0.74
495,508,0.85
496,508,0.94
497,508,1.00
491,509,0.46
492,509,0.46
493,509,0.46
494,509,0.69
495,509,0.92
496,509,1.00
497,509,1.00
498,505,1.00
499,505,1.00
500,505,1.00
501,505,1.00
502,505,0.69
503,505,0.92
498,506,1.00
499,506,1.00
500,506,1.00
501,506,1.00
502,506,0.94
503,506,1.00
498,507,1.00
499,507,1.00
500,507,1.00
501,507,1.00
502,507,1.00
503,507,1.00
498,508,1.00
499,508,1.00
500,508,1.00
501,508,1.00
502,508,1.00
503,508,1.00
498,509,1.00
499,509,1.00
500,509,1.00
501,509,1.00
502,509,1.00
503,509,1.00
497,510,1.00
498,510,1.00
499,510,1.00
500,510,1.00
501,510,1.00
502,510,1.00
503,510,1.00
497,511,1.00
498,511,1.00
499,511,1.00
500,511,1.00
501,511,1.00
502,511,1.00
503,511,1.00
504,505,1.00
505,505,1.00
506,505,1.00
504,506,0.94
505,506,0.94
506,506,0.97
504,507,1.00
505,507,1.00
506,507,0.69
504,508,1.00
505,508,1.00
506,508,0.46
504,509,1.00
505,509,1.00
506,509,0.46
504,510,1.00
505,510,1.00
506,510,0.69
504,511,1.00
505,511,1.00
506,511,0.69
507,505,1.00
508,505,1.00
509,505,1.00
510,505,1.00
511,505,1.00
512,505,1.00
513,505,1.00
507,506,1.00
508,506,1.00
509,506,1.00
510,506,1.00
511,506,1.00
512,506,1.00
513,506,1.00
507,507,0.69
508,507,1.00
509,507,1.00
510,507,1.00
511,507,1.00
512,507,1.00
513,507,1.00
507,508,0.46
508,508,1.00
509,508,1.00
510,508,1.00
511,508,1.00
512,508,1.00
513,508,1.00
507,509,0.46
508,509,1.00
509,509,1.00
510,509,1.00
511,509,1.00
512,509,1.00
513,509,1.00
507,510,0.46
508,510,0.94
509,510,1.00
510,510,1.00
511,510,1.00
512,510,1.00
513,510,1.00
507,511,0.46
508,511,0.55
509,511,1.00
510,511,1.00
511,511,1.00
512,511,1.00
513,511,1.00
514,505,1.00
515,505,1.00
514,506,1.00
515,506,1.00
514,507,1.00
515,507,1.00
514,508,1.00
515,508,1.00
514,509,1.00
515,509,1.00
514,510,1.00
515,510,1.00
514,511,1.00
515,511,1.00
516,505,1.00
517,505,1.00
518,505,1.00
516,506,1.00
517,506,1.00
518,506,1.00
516,507,1.00
517,507,1.00
518,507,1.00
516,508,1.00
517,508,1.00
518,508,1.00
516,509,1.00
517,509,1.00
518,509,1.00
516,510,1.00
517,510,1.00
518,510,1.00
516,511,1.00
517,511,1.00
518,511,1.00
519,505,1.00
520,505,1.00
519,506,1.00
520,506,1.00
519,507,1.00
520,507,1.00
519,508,1.00
520,508,1.00
519,509,1.00
520,509,1.00
519,510,1.00
520,510,1.00
521,505,1.00
522,505,1.00
521,506,1.00
522,506,1.00
521,507,1.00
522,507,1.00
521,508,1.00
522,508,1.00
521,509,1.00
522,509,1.00
521,510,1.00
522,510,1.00
523,505,1.00
523,506,1.00
523,507,1.00
523,508,1.00
523,509,1.00
523,510,1.00
524,505,1.00
524,506,1.00
524,507,1.00
524,508,1.00
524,509,1.00
524,510,1.00
519,504,1.00
520,504,1.00
521,504,1.00
522,504,1.00
523,504,1.00
524,504,1.00
525,504,1.00
525,505,1.00
525,506,1.00
525,507,1.00
525,508,1.00
525,509,1.00
526,504,1.00
526,505,1.00
526,506,1.00
526,507,1.00
526,508,1.00
526,509,1.00
527,504,1.00
527,505,1.00
527,506,1.00
527,507,1.00
527,508,1.00
527,509,1.00
523,502,1.00
524,502,1.00
525,502,1.00
526,502,1.00
527,502,1.00
528,502,1.00
529,502,1.00
523,503,1.00
524,503,1.00
525,503,1.00
526,503,1.00
527,503,1.00
528,503,1.00
529,503,1.00
528,504,1.00
529,504,1.00
528,505,1.00
529,505,1.00
528,506,1.00
529,506,1.00
528,507,1.00
529,507,1.00
528,508,1.00
529,508,0.69
525,501,1.00
526,501,1.00
527,501,0.46
528,501,0.46
529,501,0.92
530,501,1.00
531,501,1.00
530,502,1.00
531,502,1.00
530,503,1.00
531,503,1.00
530,504,1.00
531,504,1.00
530,505,1.00
531,505,1.00
530,506,1.00
531,506,1.00
530,507,0.85
531,507,0.97
529,500,0.69
530,500,1.00
531,500,1.00
532,500,1.00
533,500,1.00
534,500,1.00
535,500,1.00
532,501,1.00
533,501,1.00
534,501,1.00
535,501,1.00
532,502,1.00
533,502,1.00
534,502,1.00
535,502,1.00
532,503,1.00
533,503,1.00
534,503,1.00
535,503,1.00
532,504,1.00
533,504,1.00
534,504,1.00
535,504,1.00
532,505,1.00
533,505,1.00
534,505,1.00
535,505,1.00
532,506,1.00
533,506,1.00
534,506,1.00
535,506,1.00
536,500,1.00
537,500,1.00
536,501,1.00
537,501,1.00
536,502,1.00
537,502,1.00
536,503,1.00
537,503,1.00
536,504,1.00
537,504,1.00
536,505,1.00
537,505,1.00
536,506,1.00
537,506,1.00
532,499,1.00
533,499,1.00
534,499,1.00
535,499,1.00
536,499,1.00
537,499,1.00
538,499,1.00
538,500,1.00
538,501,1.00
538,502,1.00
538,503,1.00
538,504,1.00
538,505,1.00
539,499,1.00
539,500,1.00
539,501,1.00
539,502,1.00
539,503,1.00
539,504,1.00
539,505,1.00
540,499,1.00
541,499,1.00
542,499,1.00
540,500,1.00
541,500,1.00
542,500,1.00
540,501,1.00
541,501,1.00
542,501,1.00
540,502,1.00
541,502,1.00
542,502,1.00
540,503,1.00
541,503,1.00
542,503,1.00
540,504,1.00
541,504,1.00
542,504,1.00
540,505,1.00
541,505,1.00
542,505,1.00
543,499,1.00
543,500,1.00
543,501,1.00
543,502,1.00
543,503,1.00
543,504,1.00
543,505,1.00
544,499,1.00
544,500,1.00
544,501,1.00
544,502,1.00
544,503,1.00
544,504,1.00
544,505,1.00
545,499,1.00
546,499,1.00
547,499,1.00
545,500,1.00
546,500,1.00
547,500,1.00
545,501,1.00
546,501,1.00
547,501,1.00
545,502,1.00
546,502,1.00
547,502,1.00
545,503,1.00
546,503,1.00
547,503,1.00
545,504,1.00
546,504,1.00
547,504,1.00
545,505,1.00
546,505,1.00
547,505,1.00
548,499,0.92
548,500,1.00
548,501,1.00
548,502,1.00
548,503,1.00
548,504,1.00
548,505,1.00
549,499,0.23
549,500,0.23
549,501,1.00
549,502,1.00
549,503,1.00
549,504,1.00
549,505,1.00
541,506,1.00
542,506,1.00
543,506,1.00
544,506,1.00
545,506,1.00
546,506,1.00
547,506,1.00
538,506,1.00
532,507,0.85
533,507,1.00
534,507,1.00
535,507,1.00
536,507,1.00
537,507,0.97
538,507,0.69
532,508,0.46
533,508,0.85
534,508,1.00
528,509,0.74
512,512,1.00
513,512,1.00
500,512,0.92
501,512,1.00
502,512,1.00
503,512,1.00
504,512,1.00
505,512,0.94
506,512,0.46
500,513,0.69
501,513,0.97
502,513,1.00
503,513,1.00
504,513,1.00
505,513,0.97
506,513,0.46
500,514,0.46
501,514,0.62
502,514,1.00
503,514,1.00
504,514,1.00
505,514,0.62
476,511,1.00
477,511,1.00
478,511,1.00
479,511,1.00
480,511,1.00
481,511,1.00
482,511,1.00
476,512,1.00
477,512,1.00
478,512,1.00
479,512,1.00
480,512,1.00
481,512,1.00
482,512,1.00
476,513,1.00
477,513,1.00
478,513,1.00
479,513,1.00
480,513,1.00
481,513,1.00
482,513,1.00
476,514,1.00
477,514,1.00
478,514,1.00
479,514,1.00
480,514,1.00
481,514,1.00
482,514,1.00
476,515,1.00
477,515,1.00
478,515,1.00
479,515,1.00
480,515,1.00
481,515,1.00
482,515,1.00
476,516,1.00
477,516,1.00
478,516,1.00
479,516,1.00
480,516,1.00
481,516,1.00
482,516,1.00
476,517,1.00
477,517,1.00
478,517,1.00
479,517,1.00
480,517,1.00
481,517,1.00
482,517,1.00
468,511,0.23
469,511,0.69
470,511,0.69
471,511,0.69
472,511,0.92
473,511,1.00
474,511,1.00
468,512,1.00
469,512,1.00
470,512,1.00
471,512,1.00
472,512,1.00
473,512,1.00
474,512,1.00
468,513,1.00
469,513,1.00
470,513,1.00
471,513,1.00
472,513,1.00
473,513,1.00
474,513,1.00
468,514,1.00
469,514,1.00
470,514,1.00
471,514,1.00
472,514,1.00
473,514,1.00
474,514,1.00
468,515,1.00
469,515,1.00
470,515,1.00
471,515,1.00
472,515,1.00
473,515,1.00
474,515,1.00
468,516,1.00
469,516,1.00
470,516,1.00
471,516,1.00
472,516,1.00
473,516,1.00
474,516,1.00
468,517,1.00
469,517,1.00
470,517,1.00
471,517,1.00
472,517,1.00
473,517,1.00
474,517,1.00
462,512,1.00
463,512,0.78
464,512,0.69
465,512,0.46
466,512,0.23
467,512,0.23
462,513,0.69
463,513,0.78
464,513,1.00
465,513,0.74
466,513,0.62
467,513,0.32
462,514,0.85
463,514,0.94
464,514,1.00
465,514,1.00
466,514,1.00
467,514,0.62
462,515,1.00
463,515,1.00
464,515,1.00
465,515,1.00
466,515,1.00
467,515,1.00
462,516,1.00
463,516,1.00
464,516,1.00
465,516,1.00
466,516,1.00
467,516,1.00
462,517,1.00
463,517,1.00
464,517,1.00
465,517,1.00
466,517,1.00
467,517,1.00
462,518,1.00
463,518,1.00
464,518,1.00
465,518,1.00
466,518,1.00
467,518,1.00
468,518,1.00
458,513,1.00
459,513,1.00
460,513,1.00
461,513,0.69
458,514,1.00
459,514,1.00
460,514,1.00
461,514,0.97
458,515,1.00
459,515,1.00
460,515,1.00
461,515,1.00
458,516,1.00
459,516,1.00
460,516,1.00
461,516,1.00
458,517,1.00
459,517,1.00
460,517,1.00
461,517,1.00
458,518,1.00
459,518,1.00
460,518,1.00
461,518,1.00
458,519,1.00
459,519,1.00
460,519,1.00
461,519,1.00
462,519,1.00
463,519,1.00
464,519,1.00
452,513,1.00
453,513,1.00
454,513,1.00
455,513,1.00
456,513,1.00
457,513,1.00
452,514,1.00
453,514,1.00
454,514,1.00
455,514,1.00
456,514,1.00
457,514,1.00
452,515,1.00
453,515,1.00
454,515,1.00
455,515,1.00
456,515,1.00
457,515,1.00
452,516,1.00
453,516,1.00
454,516,1.00
455,516,1.00
456,516,1.00
457,516,1.00
452,517,1.00
453,517,1.00
454,517,1.00
455,517,1.00
456,517,1.00
457,517,1.00
452,518,1.00
453,518,1.00
454,518,1.00
455,518,1.00
456,518,1.00
457,518,1.00
452,519,1.00
453,519,1.00
454,519,1.00
455,519,1.00
456,519,1.00
457,519,1.00
450,514,1.00
451,514,1.00
450,515,1.00
451,515,1.00
450,516,1.00
451,516,1.00
450,517,1.00
451,517,1.00
450,518,1.00
451,518,1.00
450,519,1.00
451,519,1.00
450,520,1.00
451,520,1.00
452,520,1.00
453,520,1.00
454,520,1.00
455,520,1.00
456,520,1.00
448,514,0.46
449,514,0.85
448,515,0.85
449,515,1.00
446,516,0.55
447,516,0.85
448,516,1.00
449,516,1.00
446,517,1.00
447,517,1.00
448,517,1.00
449,517,1.00
446,518,1.00
447,518,1.00
448,518,1.00
449,518,1.00
446,519,1.00
447,519,1.00
448,519,1.00
449,519,1.00
446,520,1.00
447,520,1.00
448,520,1.00
449,520,1.00
443,516,1.00
444,516,0.74
445,516,0.62
443,517,1.00
444,517,1.00
445,517,1.00
441,518,1.00
442,518,1.00
443,518,1.00
444,518,1.00
445,518,1.00
441,519,1.00
442,519,1.00
443,519,1.00
444,519,1.00
445,519,1.00
441,520,1.00
442,520,1.00
443,520,1.00
444,520,1.00
445,520,1.00
441,521,1.00
442,521,1.00
443,521,1.00
444,521,1.00
445,521,1.00
446,521,1.00
447,521,1.00
439,518,1.00
440,518,1.00
437,519,1.00
438,519,1.00
439,519,1.00
440,519,1.00
437,520,1.00
438,520,1.00
439,520,1.00
440,520,1.00
437,521,1.00
438,521,1.00
439,521,1.00
440,521,1.00
436,519,1.00
436,520,1.00
436,521,1.00
434,519,1.00
435,519,1.00
434,520,1.00
435,520,1.00
434,521,1.00
435,521,1.00
433,519,1.00
433,520,1.00
433,521,1.00
458,507,0.23
458,508,0.23
458,509,0.23
458,510,0.23
458,511,0.46
459,511,1.00
460,511,1.00
461,511,1.00
462,511,1.00
463,511,1.00
464,511,0.55
458,512,0.97
459,512,1.00
460,512,1.00
461,512,1.00
472,508,0.23
473,508,0.55
474,508,1.00
475,508,1.00
476,508,1.00
477,508,1.00
478,508,1.00
472,509,0.23
473,509,0.23
474,509,0.46
475,509,0.85
476,509,1.00
477,509,1.00
478,509,1.00
479,508,1.00
480,508,1.00
481,508,1.00
482,508,1.00
483,508,1.00
470,508,0.32
471,508,0.23
466,509,0.46
467,509,0.23
468,509,0.23
469,509,0.23
470,509,0.23
471,509,0.23
466,510,0.23
455,506,1.00
456,506,1.00
455,507,0.55
456,507,0.23
455,508,0.85
456,508,0.23
455,509,0.97
456,509,0.23
455,510,0.85
456,510,0.23
455,511,0.78
456,511,0.46
455,512,0.46
456,512,0.55
445,506,1.00
446,506,1.00
447,506,1.00
441,506,1.00
442,506,1.00
443,506,1.00
444,506,1.00
441,507,1.00
442,507,1.00
443,507,1.00
444,507,1.00
441,508,1.00
442,508,1.00
443,508,1.00
444,508,1.00
438,506,1.00
439,506,1.00
440,506,1.00
438,507,1.00
439,507,1.00
440,507,1.00
438,508,1.00
439,508,1.00
440,508,1.00
438,509,1.00
436,506,1.00
437,506,1.00
436,507,1.00
437,507,1.00
436,508,1.00
437,508,1.00
436,509,1.00
437,509,1.00
435,505,1.00
436,505,1.00
437,505,1.00
438,505,1.00
439,505,1.00
440,505,1.00
441,505,1.00
435,506,1.00
435,507,1.00
435,508,1.00
435,509,1.00
435,510,0.92
434,504,1.00
435,504,1.00
436,504,1.00
437,504,1.00
438,504,1.00
439,504,1.00
440,504,1.00
434,505,1.00
434,506,1.00
434,507,1.00
434,508,1.00
434,509,1.00
434,510,0.69
433,508,0.69
433,509,0.46
433,510,0.23
434,503,1.00
435,503,1.00
436,503,1.00
437,503,1.00
438,503,1.00
439,503,1.00
434,502,1.00
435,502,1.00
436,502,1.00
437,502,1.00
438,502,1.00
432,508,0.23
434,501,1.00
435,501,1.00
436,501,1.00
437,501,0.69
430,500,0.46
431,500,0.69
432,500,0.69
433,500,0.69
434,500,0.69
435,500,0.69
436,500,0.69
437,500,0.23
438,501,0.92
440,503,1.00
441,503,1.00
442,503,1.00
443,503,1.00
444,503,1.00
445,503,1.00
446,503,1.00
441,504,1.00
442,504,1.00
443,504,1.00
444,504,1.00
445,504,1.00
446,504,1.00
442,505,1.00
443,505,1.00
444,505,1.00
445,505,1.00
446,505,1.00
447,504,1.00
448,504,1.00
449,504,1.00
447,505,1.00
448,505,1.00
449,505,1.00
450,505,1.00
451,505,1.00
452,505,1.00
453,505,1.00
454,505,1.00
455,505,1.00
450,504,1.00
451,504,1.00
442,502,1.00
443,502,1.00
444,502,1.00
445,502,1.00
446,502,1.00
447,502,1.00
448,502,1.00
447,503,1.00
448,503,1.00
441,501,1.00
442,501,1.00
443,501,1.00
444,501,1.00
445,501,1.00
446,501,1.00
447,501,1.00
441,502,1.00
440,500,1.00
441,500,1.00
442,500,1.00
443,500,1.00
444,500,1.00
445,500,1.00
446,500,1.00
440,501,1.00
440,502,1.00
439,499,1.00
440,499,1.00
441,499,1.00
442,499,1.00
443,499,1.00
444,499,1.00
445,499,1.00
439,500,1.00
439,501,1.00
439,502,1.00
446,499,1.00
447,499,1.00
448,499,1.00
447,500,1.00
448,500,1.00
448,501,1.00
449,499,1.00
450,499,1.00
451,499,1.00
449,500,1.00
450,500,1.00
451,500,1.00
449,501,1.00
450,501,1.00
451,501,1.00
449,502,1.00
450,502,1.00
451,502,1.00
449,503,1.00
450,503,1.00
451,503,1.00
452,500,1.00
453,500,1.00
452,501,1.00
453,501,1.00
452,502,1.00
453,502,1.00
452,503,1.00
453,503,1.00
452,504,1.00
453,504,1.00
454,500,1.00
455,500,1.00
454,501,1.00
455,501,1.00
454,502,1.00
455,502,1.00
454,503,1.00
455,503,1.00
454,504,1.00
455,504,1.00
456,500,1.00
456,501,1.00
456,502,1.00
456,503,1.00
456,504,1.00
456,505,1.00
445,497,1.00
446,497,1.00
445,498,1.00
446,498,1.00
447,498,1.00
457,520,1.00
458,520,1.00
459,520,1.00
460,520,1.00
454,521,0.69
455,521,0.92
456,521,1.00
457,521,1.00
458,521,1.00
459,521,1.00
460,521,1.00
461,520,1.00
461,521,1.00
455,522,0.46
456,522,1.00
457,522,1.00
458,522,1.00
459,522,1.00
460,522,1.00
461,522,1.00
455,523,0.46
456,523,0.92
457,523,1.00
458,523,1.00
459,523,1.00
460,523,1.00
461,523,1.00
462,520,1.00
462,521,1.00
462,522,1.00
462,523,1.00
456,524,0.46
457,524,0.69
458,524,0.69
459,524,0.69
460,524,0.92
461,524,0.92
462,524,0.92
463,520,1.00
463,521,1.00
463,522,1.00
463,523,1.00
463,524,0.69
465,519,1.00
466,519,1.00
464,520,1.00
465,520,1.00
466,520,1.00
464,521,1.00
465,521,1.00
466,521,1.00
464,522,1.00
465,522,1.00
466,522,0.97
464,523,0.85
465,523,0.55
466,523,0.46
464,524,0.46
465,524,0.46
466,524,0.46
469,518,1.00
467,519,1.00
468,519,1.00
469,519,1.00
467,520,1.00
468,520,1.00
469,520,1.00
467,521,1.00
468,521,1.00
469,521,1.00
467,522,0.62
468,522,0.32
469,522,0.69
467,523,0.23
468,523,0.23
469,523,0.69
470,518,1.00
471,518,1.00
472,518,1.00
470,519,1.00
471,519,1.00
472,519,0.46
470,520,1.00
471,520,1.00
472,520,1.00
470,521,1.00
471,521,1.00
472,521,1.00
475,511,1.00
475,512,1.00
475,513,1.00
475,514,1.00
475,515,1.00
475,516,1.00
475,517,1.00
479,509,0.85
480,509,0.46
474,510,0.46
475,510,0.55
476,510,1.00
477,510,1.00
478,510,1.00
479,510,1.00
480,510,0.85
477,499,0.23
478,499,0.23
479,499,0.46
480,499,1.00
481,499,1.00
482,499,1.00
483,499,1.00
477,500,0.23
478,500,0.32
479,500,0.85
480,500,1.00
481,500,1.00
482,500,1.00
483,500,0.85
480,495,1.00
481,495,1.00
482,495,1.00
483,495,1.00
484,495,1.00
485,495,1.00
480,496,1.00
481,496,1.00
482,496,1.00
483,496,1.00
484,496,1.00
485,496,1.00
479,497,0.23
480,497,1.00
481,497,1.00
482,497,1.00
483,497,1.00
484,497,1.00
485,497,1.00
479,498,0.23
480,498,1.00
481,498,1.00
482,498,1.00
483,498,1.00
484,498,1.00
485,498,1.00
484,499,0.85
485,499,0.46
484,500,0.32
485,500,0.23
482,493,1.00
483,493,1.00
484,493,1.00
485,493,1.00
486,493,1.00
482,494,1.00
483,494,1.00
484,494,1.00
485,494,1.00
486,494,1.00
486,495,1.00
486,496,1.00
486,497,0.92
486,498,0.69
486,499,0.23
483,492,1.00
484,492,1.00
485,492,1.00
486,492,1.00
484,491,1.00
485,491,1.00
486,491,1.00
485,488,1.00
486,488,1.00
487,488,1.00
485,489,1.00
486,489,1.00
487,489,1.00
484,490,1.00
485,490,1.00
486,490,1.00
487,490,1.00
487,491,1.00
487,492,1.00
487,493,1.00
487,494,1.00
486,487,1.00
487,487,1.00
487,486,1.00
488,486,1.00
488,487,1.00
488,488,1.00
488,489,1.00
488,490,1.00
488,491,1.00
488,492,1.00
488,485,1.00
489,483,1.00
489,484,1.00
489,485,1.00
489,486,1.00
489,487,1.00
489,488,1.00
489,489,1.00
490,482,1.00
490,483,1.00
490,484,1.00
490,485,0.78
490,486,0.69
490,487,0.92
490,488,1.00
491,481,1.00
491,482,1.00
491,483,1.00
491,484,0.78
491,485,0.69
491,486,0.69
492,480,1.00
492,481,1.00
492,482,1.00
492,483,0.69
492,484,0.46
492,485,0.46
493,478,1.00
493,479,1.00
493,480,1.00
493,481,1.00
493,482,1.00
493,483,0.23
494,477,1.00
494,478,1.00
494,479,1.00
494,480,1.00
494,481,1.00
494,482,1.00
495,477,1.00
495,478,1.00
495,479,1.00
495,480,1.00
495,481,1.00
495,482,0.69
496,476,1.00
496,477,1.00
496,478,1.00
496,479,1.00
496,480,1.00
496,481,0.92
496,482,0.23
498,475,0.92
497,476,1.00
498,476,1.00
497,477,1.00
498,477,1.00
497,478,1.00
498,478,1.00
497,479,1.00
498,479,1.00
497,480,1.00
498,480,1.00
497,481,1.00
498,481,1.00
499,475,0.92
499,476,1.00
499,477,1.00
499,478,1.00
499,479,1.00
499,480,1.00
499,481,1.00
500,475,0.92
501,475,1.00
500,476,1.00
501,476,1.00
500,477,1.00
501,477,1.00
500,478,1.00
501,478,1.00
500,479,1.00
501,479,1.00
500,480,1.00
501,480,1.00
500,481,1.00
501,481,1.00
502,476,1.00
502,477,1.00
503,477,1.00
502,478,1.00
503,478,1.00
502,479,1.00
503,479,1.00
502,480,1.00
503,480,1.00
502,481,1.00
503,481,1.00
504,477,1.00
505,477,1.00
504,478,1.00
505,478,1.00
504,479,1.00
505,479,1.00
504,480,1.00
505,480,1.00
504,481,1.00
505,481,1.00
506,478,1.00
506,479,1.00
506,480,1.00
506,481,1.00
507,479,1.00
507,480,1.00
507,481,1.00
501,482,1.00
502,482,1.00
503,482,1.00
504,482,1.00
505,482,1.00
506,482,1.00
507,482,1.00
508,479,1.00
508,480,1.00
508,481,1.00
508,482,1.00
509,481,1.00
510,481,1.00
509,482,1.00
510,482,1.00
504,483,1.00
505,483,1.00
506,483,1.00
507,483,1.00
508,483,1.00
509,483,1.00
510,483,1.00
504,484,0.69
505,484,0.69
506,484,1.00
507,484,1.00
508,484,1.00
509,484,1.00
510,484,1.00
511,482,1.00
511,483,1.00
511,484,1.00
505,485,0.23
506,485,0.23
507,485,0.69
508,485,1.00
509,485,1.00
510,485,1.00
511,485,1.00
512,482,1.00
512,483,1.00
513,483,1.00
512,484,1.00
513,484,1.00
512,485,1.00
513,485,1.00
507,486,0.23
508,486,0.32
509,486,0.85
510,486,1.00
511,486,1.00
512,486,1.00
513,486,1.00
507,487,0.23
508,487,0.23
509,487,0.46
510,487,0.92
511,487,1.00
512,487,1.00
513,487,1.00
514,485,1.00
515,485,1.00
516,485,1.00
514,486,1.00
515,486,1.00
516,486,1.00
514,487,1.00
515,487,1.00
516,487,1.00
510,488,0.46
511,488,0.97
512,488,1.00
513,488,1.00
514,488,1.00
515,488,1.00
516,488,1.00
510,489,0.46
511,489,0.85
512,489,1.00
513,489,1.00
514,489,1.00
515,489,1.00
516,489,1.00
510,490,0.78
511,490,0.94
512,490,1.00
513,490,1.00
514,490,1.00
515,490,1.00
516,490,1.00
510,491,1.00
511,491,1.00
512,491,1.00
513,491,1.00
514,491,1.00
515,491,1.00
516,491,1.00
517,487,1.00
518,487,1.00
517,488,1.00
518,488,1.00
517,489,1.00
518,489,1.00
517,490,1.00
518,490,1.00
517,491,1.00
518,491,1.00
512,492,1.00
513,492,1.00
514,492,1.00
515,492,1.00
516,492,1.00
517,492,1.00
518,492,1.00
512,493,1.00
513,493,1.00
514,493,1.00
515,493,1.00
516,493,1.00
517,493,1.00
518,493,1.00
519,487,1.00
519,488,1.00
519,489,1.00
519,490,1.00
519,491,1.00
519,492,1.00
519,493,1.00
513,494,0.85
514,494,0.78
515,494,1.00
516,494,1.00
517,494,1.00
518,494,1.00
519,494,1.00
520,488,1.00
521,488,1.00
520,489,1.00
521,489,1.00
520,490,1.00
521,490,1.00
520,491,1.00
521,491,1.00
520,492,1.00
521,492,1.00
520,493,1.00
521,493,1.00
520,494,1.00
521,494,1.00
522,490,1.00
523,490,1.00
524,490,1.00
525,490,0.92
522,491,1.00
523,491,1.00
524,491,1.00
525,491,1.00
522,492,1.00
523,492,1.00
524,492,1.00
525,492,1.00
522,493,1.00
523,493,1.00
524,493,1.00
525,493,1.00
522,494,1.00
523,494,1.00
524,494,1.00
525,494,1.00
519,495,1.00
520,495,1.00
521,495,1.00
522,495,1.00
523,495,1.00
524,495,1.00
525,495,1.00
519,496,1.00
520,496,1.00
521,496,1.00
522,496,1.00
523,496,1.00
524,496,1.00
525,496,1.00
526,492,1.00
527,492,1.00
528,492,0.92
526,493,1.00
527,493,1.00
528,493,1.00
526,494,1.00
527,494,1.00
528,494,1.00
526,495,1.00
527,495,1.00
528,495,1.00
526,496,1.00
527,496,1.00
528,496,1.00
522,497,1.00
523,497,1.00
524,497,1.00
525,497,1.00
526,497,1.00
527,497,1.00
528,497,1.00
522,498,1.00
523,498,1.00
524,498,1.00
525,498,1.00
526,498,1.00
527,498,1.00
528,498,1.00
529,492,0.69
530,492,0.46
529,493,1.00
530,493,0.55
529,494,1.00
530,494,1.00
529,495,1.00
530,495,1.00
529,496,1.00
530,496,1.00
529,497,1.00
530,497,1.00
529,498,1.00
530,498,1.00
531,494,0.46
532,494,0.23
533,494,0.23
531,495,1.00
532,495,0.78
533,495,0.69
531,496,1.00
532,496,1.00
533,496,1.00
531,497,1.00
532,497,1.00
533,497,1.00
531,498,1.00
532,498,1.00
533,498,1.00
527,499,0.23
528,499,0.32
529,499,0.85
530,499,1.00
531,499,1.00
527,500,0.23
528,500,0.23
534,495,0.46
535,495,0.46
534,496,1.00
535,496,1.00
534,497,1.00
535,497,1.00
534,498,1.00
535,498,1.00
536,496,0.69
536,497,1.00
536,498,1.00
537,498,1.00
538,498,1.00
539,498,0.55
540,498,0.46
539,506,1.00
540,506,1.00
537,497,0.55
538,497,0.46
539,497,0.23
540,497,0.23
537,496,0.23
538,496,0.23
536,495,0.23
531,492,0.23
531,493,0.23
526,490,0.46
527,490,0.23
526,491,0.55
527,491,0.23
522,489,1.00
523,489,1.00
524,489,0.92
525,489,0.23
522,488,0.69
523,488,0.69
524,488,0.46
517,486,1.00
518,486,1.00
519,486,1.00
520,486,0.46
521,486,0.23
520,487,0.55
521,487,0.23
514,484,1.00
500,482,1.00
500,483,1.00
501,483,1.00
502,483,1.00
503,483,1.00
498,482,0.55
499,482,1.00
498,483,0.85
499,483,1.00
498,484,0.97
499,484,1.00
500,484,1.00
501,484,1.00
502,484,1.00
503,484,0.55
498,485,1.00
499,485,1.00
500,485,1.00
501,485,1.00
502,485,1.00
503,485,0.46
504,485,0.23
497,482,0.23
497,483,0.23
497,484,0.23
497,485,1.00
497,486,1.00
498,486,1.00
499,486,1.00
500,486,1.00
501,486,1.00
502,486,1.00
503,486,0.92
497,487,1.00
498,487,1.00
499,487,1.00
500,487,1.00
501,487,1.00
502,487,1.00
503,487,1.00
496,485,1.00
496,486,1.00
496,487,1.00
496,488,1.00
497,488,1.00
498,488,1.00
499,488,1.00
500,488,1.00
501,488,1.00
502,488,1.00
496,489,1.00
497,489,1.00
498,489,1.00
499,489,1.00
500,489,1.00
501,489,1.00
502,489,1.00
496,490,1.00
497,490,1.00
498,490,1.00
499,490,1.00
500,490,1.00
501,490,1.00
502,490,1.00
496,491,1.00
497,491,1.00
498,491,1.00
499,491,1.00
500,491,1.00
501,491,1.00
502,491,1.00
496,492,0.46
497,492,0.55
498,492,1.00
499,492,1.00
500,492,1.00
501,492,1.00
502,492,1.00
496,493,0.46
497,493,0.69
498,493,1.00
499,493,1.00
500,493,1.00
501,493,1.00
502,493,1.00
493,493,1.00
494,493,1.00
495,493,0.46
493,494,1.00
494,494,0.94
495,494,0.85
496,494,0.74
497,494,0.85
498,494,0.94
499,494,1.00
493,495,1.00
494,495,0.94
495,495,1.00
496,495,1.00
497,495,1.00
498,495,0.94
499,495,0.85
493,496,0.69
494,496,0.97
495,496,1.00
496,496,1.00
497,496,1.00
498,496,0.97
499,496,0.46
493,497,0.23
494,497,0.62
495,497,1.00
496,497,1.00
497,497,1.00
498,497,0.85
499,497,0.46
493,498,0.46
494,498,0.55
495,498,0.85
496,498,1.00
497,498,1.00
498,498,0.94
499,498,0.97
493,499,0.85
494,499,0.97
495,499,0.85
496,499,0.78
497,499,1.00
498,499,1.00
499,499,1.00
491,498,0.23
492,498,0.23
491,499,0.23
492,499,0.32
491,500,1.00
492,500,1.00
493,500,1.00
494,500,1.00
495,500,1.00
496,500,1.00
497,500,1.00
492,501,1.00
493,501,1.00
494,501,1.00
495,501,1.00
496,501,1.00
497,501,1.00
492,502,1.00
493,502,1.00
494,502,1.00
495,502,1.00
496,502,1.00
497,502,1.00
481,509,0.23
482,509,0.46
481,510,0.32
482,510,0.69
473,518,1.00
474,518,1.00
475,518,1.00
484,508,1.00
485,508,1.00
486,508,1.00
487,508,0.85
488,508,0.46
489,508,0.23
490,508,0.23
484,509,1.00
485,509,1.00
486,509,1.00
487,509,1.00
488,509,0.85
489,509,0.32
490,509,0.23
484,510,1.00
485,510,1.00
486,510,1.00
487,510,1.00
488,510,1.00
489,510,1.00
490,510,0.92
484,511,1.00
485,511,1.00
486,511,1.00
487,511,1.00
488,511,1.00
489,511,1.00
490,511,1.00
484,512,1.00
485,512,1.00
486,512,1.00
487,512,1.00
488,512,1.00
489,512,1.00
490,512,1.00
484,513,1.00
485,513,1.00
486,513,1.00
487,513,1.00
488,513,1.00
489,513,1.00
490,513,1.00
484,514,1.00
485,514,1.00
486,514,1.00
487,514,1.00
488,514,1.00
489,514,1.00
490,514,1.00
495,510,1.00
496,510,1.00
495,511,1.00
496,511,1.00
495,512,1.00
496,512,1.00
497,512,1.00
498,512,1.00
499,512,0.97
514,502,1.00
515,502,1.00
516,502,1.00
517,502,1.00
518,502,1.00
519,502,1.00
520,502,1.00
514,503,1.00
515,503,1.00
516,503,1.00
517,503,1.00
518,503,1.00
519,503,1.00
520,503,1.00
514,504,0.85
515,504,1.00
516,504,1.00
517,504,1.00
518,504,1.00
520,501,1.00
521,501,1.00
522,501,1.00
523,501,1.00
524,501,1.00
521,502,1.00
522,502,1.00
521,503,1.00
522,503,1.00
482,519,0.46
483,519,0.23
484,519,0.23
456,534,0.55
457,534,0.23
451,535,1.00
452,535,1.00
453,535,1.00
454,535,0.69
455,535,0.46
456,535,0.46
457,535,0.23
448,536,0.46
449,536,0.46
450,536,0.46
451,536,0.46
452,536,0.46
453,536,0.46
454,536,0.23
447,536,0.23
461,532,0.32
462,532,0.23
461,533,0.23
462,533,0.23
467,524,0.23
467,525,0.62
467,526,1.00
467,527,1.00
467,528,1.00
467,529,0.62
467,530,0.23
473,520,1.00
474,520,1.00
475,520,1.00
476,520,1.00
470,522,1.00
471,522,1.00
472,522,1.00
470,523,1.00
471,523,1.00
472,523,1.00
476,518,1.00
477,518,1.00
478,518,1.00
479,518,1.00
480,518,1.00
481,518,0.62
482,518,0.46
476,519,0.69
477,519,1.00
478,519,1.00
479,519,1.00
480,519,1.00
481,519,0.74
477,520,1.00
478,520,1.00
483,512,1.00
483,513,1.00
483,514,1.00
483,515,1.00
484,515,1.00
485,515,1.00
486,515,1.00
487,515,1.00
488,515,1.00
483,516,1.00
484,516,1.00
485,516,1.00
486,516,1.00
487,516,1.00
488,516,1.00
483,517,1.00
484,517,1.00
485,517,1.00
486,517,1.00
487,517,0.78
488,517,0.69
483,518,0.23
484,518,0.23
485,518,0.23
486,518,0.23
487,518,0.23
488,518,0.23
483,511,1.00
489,515,1.00
489,516,0.92
489,517,0.23
410,529,0.69
411,529,0.69
419,528,0.46
420,528,0.97
424,525,1.00
425,525,1.00
426,525,1.00
424,526,0.78
425,526,1.00
426,526,1.00
434,522,1.00
435,522,1.00
436,522,1.00
437,522,1.00
438,522,1.00
439,522,1.00
440,522,1.00
434,523,1.00
435,523,1.00
436,523,1.00
437,523,1.00
438,523,1.00
439,523,1.00
440,523,1.00
434,524,1.00
435,524,1.00
436,524,1.00
437,524,1.00
438,524,1.00
439,524,0.78
440,524,1.00
434,525,1.00
435,525,1.00
436,525,1.00
437,525,0.78
438,525,0.69
439,525,0.23
440,525,1.00
441,522,1.00
442,522,1.00
443,522,1.00
444,522,1.00
441,523,1.00
442,523,1.00
443,523,1.00
444,523,1.00
441,524,1.00
442,524,1.00
443,524,1.00
444,524,1.00
448,521,1.00
449,521,1.00
445,522,1.00
446,522,1.00
447,522,1.00
448,522,1.00
449,522,1.00
445,523,1.00
446,523,1.00
447,523,1.00
448,523,1.00
449,523,1.00
432,522,0.46
433,522,1.00
432,523,0.46
433,523,1.00
432,524,0.46
433,524,0.94
432,525,0.46
433,525,0.55
432,526,0.23
433,526,0.23
434,526,0.23
435,526,0.23
436,526,0.23
437,526,0.23
438,526,0.23
419,530,0.69
420,530,0.78
421,530,1.00
422,530,1.00
419,531,1.00
420,531,1.00
421,531,1.00
422,531,1.00
416,532,1.00
417,532,1.00
407,541,1.00
408,541,1.00
409,541,1.00
410,541,1.00
407,542,1.00
408,542,1.00
409,542,1.00
410,542,1.00
406,543,0.92
407,543,0.92
408,543,0.92
409,543,0.92
410,543,0.92
411,541,0.23
412,541,0.23
413,532,0.55
414,532,0.69
415,532,0.55
423,530,1.00
424,530,1.00
423,529,1.00
424,529,1.00
425,529,1.00
426,529,1.00
427,529,1.00
425,530,1.00
425,528,1.00
426,528,1.00
427,528,1.00
428,528,1.00
429,528,1.00
430,528,0.92
431,528,0.69
423,528,1.00
424,528,1.00
424,527,0.85
425,527,0.85
421,528,1.00
422,528,1.00
419,529,0.23
420,529,0.62
421,529,1.00
422,529,1.00
429,523,0.23
430,523,0.23
429,524,0.32
430,524,0.23
427,525,1.00
428,525,1.00
429,525,0.62
430,525,0.23
427,526,1.00
428,526,1.00
429,526,0.74
430,526,0.23
426,527,1.00
427,527,1.00
428,527,1.00
429,527,0.62
430,527,0.23
439,498,1.00
440,498,1.00
441,498,1.00
442,498,1.00
443,498,1.00
444,498,1.00
439,497,1.00
440,497,1.00
441,497,1.00
442,497,1.00
443,497,1.00
444,497,1.00
439,496,1.00
440,496,1.00
441,496,1.00
442,496,1.00
443,496,1.00
444,496,1.00
439,495,1.00
440,495,1.00
441,495,1.00
442,495,1.00
443,495,1.00
439,494,1.00
440,494,1.00
438,494,1.00
438,495,1.00
438,496,1.00
438,497,1.00
438,498,1.00
438,499,0.92
438,500,0.46
437,493,1.00
438,493,1.00
439,493,1.00
437,494,1.00
437,495,1.00
437,496,1.00
437,497,1.00
437,498,0.92
437,499,0.46
436,492,1.00
437,492,1.00
438,492,1.00
436,493,1.00
436,494,1.00
436,495,1.00
436,496,1.00
436,497,0.78
436,498,0.46
435,492,1.00
435,493,1.00
435,494,1.00
435,495,1.00
435,496,1.00
435,497,0.46
435,498,0.23
432,491,0.46
433,491,0.55
434,491,0.85
435,491,1.00
436,491,1.00
437,491,1.00
432,492,0.46
433,492,0.94
434,492,1.00
432,493,0.46
433,493,1.00
434,493,1.00
432,494,0.46
433,494,1.00
434,494,1.00
432,495,0.46
433,495,0.94
434,495,1.00
432,496,0.46
433,496,0.55
434,496,0.85
432,497,0.23
433,497,0.23
434,497,0.23
432,490,0.23
433,490,0.23
434,490,0.23
435,490,0.46
436,490,0.46
457,500,1.00
458,500,1.00
459,500,1.00
460,500,1.00
457,501,0.74
458,501,0.85
459,501,0.94
460,501,1.00
457,502,0.23
458,502,0.46
459,502,0.55
460,502,1.00
461,500,1.00
462,500,1.00
463,500,1.00
464,500,1.00
461,501,1.00
462,501,1.00
463,501,1.00
464,501,1.00
461,502,1.00
462,502,1.00
458,503,0.23
459,503,0.46
460,503,1.00
461,503,1.00
462,503,1.00
465,500,1.00
466,500,0.92
465,501,1.00
466,501,0.92
465,511,0.23
457,511,0.23
457,512,0.62
451,521,1.00
452,521,1.00
453,521,0.78
450,521,1.00
450,522,1.00
451,522,1.00
452,522,1.00
453,522,0.85
450,523,1.00
451,523,1.00
452,523,1.00
453,523,0.97
447,524,1.00
448,524,1.00
449,524,1.00
450,524,1.00
451,524,1.00
452,524,1.00
453,524,0.85
451,525,1.00
452,525,0.85
453,525,0.55
445,524,1.00
446,524,1.00
451,526,0.46
443,525,1.00
442,525,1.00
442,526,1.00
441,525,1.00
441,526,1.00
440,526,0.92
454,522,0.23
454,523,0.23
454,524,0.23
454,525,0.23
452,526,0.23
453,526,0.23
454,526,0.23
473,510,0.23
483,509,0.74
483,510,1.00
498,500,1.00
499,500,1.00
498,501,1.00
499,501,1.00
498,502,1.00
499,502,1.00
498,503,1.00
499,503,1.00
498,504,1.00
499,504,1.00
500,497,1.00
501,497,1.00
502,497,1.00
500,498,1.00
501,498,1.00
502,498,1.00
500,499,1.00
501,499,1.00
502,499,1.00
500,500,1.00
501,500,1.00
502,500,1.00
500,501,1.00
501,501,1.00
502,501,1.00
500,502,1.00
501,502,1.00
502,502,0.97
500,503,1.00
501,503,0.92
502,503,0.85
500,495,1.00
501,495,1.00
502,495,1.00
503,495,1.00
504,495,1.00
505,495,1.00
506,495,1.00
500,496,1.00
501,496,1.00
502,496,1.00
503,496,1.00
504,496,1.00
505,496,1.00
506,496,1.00
503,497,1.00
504,497,1.00
505,497,1.00
506,497,1.00
503,498,1.00
504,498,1.00
505,498,1.00
506,498,1.00
503,499,1.00
504,499,1.00
505,499,1.00
506,499,1.00
503,500,1.00
504,500,1.00
505,500,1.00
506,500,1.00
503,501,1.00
504,501,1.00
505,501,1.00
506,501,1.00
500,494,1.00
501,494,1.00
502,494,1.00
503,494,1.00
504,494,1.00
505,494,1.00
506,494,1.00
503,493,1.00
504,493,1.00
505,493,1.00
506,493,1.00
503,490,1.00
504,490,1.00
505,490,1.00
506,490,0.69
503,491,1.00
504,491,1.00
505,491,1.00
506,491,1.00
503,492,1.00
504,492,1.00
505,492,1.00
506,492,1.00
503,488,1.00
504,488,1.00
505,488,0.69
506,488,0.23
503,489,1.00
504,489,1.00
505,489,0.78
506,489,0.23
504,487,1.00
505,487,0.46
504,486,0.69
505,486,0.23
495,485,0.69
495,486,1.00
495,487,1.00
495,488,1.00
495,489,1.00
495,490,1.00
495,491,1.00
493,485,0.46
494,485,0.46
493,486,1.00
494,486,1.00
493,487,1.00
494,487,1.00
493,488,1.00
494,488,1.00
493,489,1.00
494,489,1.00
493,490,1.00
494,490,1.00
493,491,1.00
494,491,1.00
492,486,0.55
491,487,1.00
492,487,1.00
491,488,1.00
492,488,1.00
491,489,1.00
492,489,1.00
491,490,1.00
492,490,1.00
491,491,1.00
492,491,1.00
490,489,1.00
490,490,1.00
490,491,1.00
490,492,1.00
491,492,1.00
492,492,1.00
493,492,1.00
494,492,1.00
495,492,0.46
489,490,1.00
489,491,1.00
489,492,1.00
488,493,1.00
489,493,1.00
490,493,1.00
491,493,1.00
492,493,1.00
488,494,1.00
489,494,1.00
490,494,1.00
491,494,1.00
492,494,1.00
487,495,1.00
488,495,1.00
489,495,1.00
490,495,1.00
491,495,1.00
492,495,1.00
487,496,0.92
488,496,0.92
489,496,1.00
490,496,1.00
491,496,1.00
492,496,1.00
507,490,0.23
508,490,0.23
509,490,0.46
507,491,0.74
508,491,0.62
509,491,0.55
507,492,1.00
508,492,1.00
509,492,0.85
510,492,0.97
507,493,1.00
508,493,1.00
509,493,0.97
510,493,0.85
507,494,1.00
508,494,1.00
509,494,0.85
510,494,0.55
507,495,0.74
508,495,0.62
509,495,0.55
510,495,0.46
507,496,0.23
508,496,0.23
509,496,0.23
510,496,0.23
509,489,0.23
511,492,1.00
511,493,1.00
511,494,0.62
512,494,0.74
511,495,0.23
512,495,0.23
513,495,0.23
514,495,0.46
515,495,0.46
516,495,0.46
517,495,0.46
518,495,1.00
518,496,0.92
518,497,0.69
519,497,0.78
520,497,0.85
521,497,0.97
518,498,0.78
519,498,0.69
520,498,0.92
521,498,0.92
513,497,0.23
514,497,0.23
515,497,0.23
516,497,0.23
517,497,0.23
513,498,0.46
514,498,0.32
515,498,0.62
516,498,0.97
517,498,0.85
513,499,0.69
514,499,0.85
515,499,1.00
516,499,1.00
517,499,1.00
518,499,1.00
519,499,0.97
513,500,1.00
514,500,1.00
515,500,1.00
516,500,1.00
517,500,1.00
518,500,1.00
519,500,1.00
513,501,1.00
514,501,1.00
515,501,1.00
516,501,1.00
517,501,1.00
518,501,1.00
519,501,1.00
513,502,1.00
513,503,1.00
510,499,0.97
511,499,0.85
512,499,0.55
510,500,1.00
511,500,1.00
512,500,1.00
510,501,1.00
511,501,1.00
512,501,1.00
510,502,1.00
511,502,1.00
512,502,1.00
510,503,1.00
511,503,1.00
512,503,1.00
510,504,1.00
511,504,1.00
512,504,1.00
513,504,1.00
507,500,0.69
508,500,0.85
509,500,1.00
507,501,0.92
508,501,1.00
509,501,1.00
507,502,1.00
508,502,1.00
509,502,1.00
507,503,1.00
508,503,1.00
509,503,1.00
507,504,1.00
508,504,1.00
509,504,1.00
503,502,1.00
504,502,1.00
505,502,1.00
506,502,1.00
503,503,1.00
504,503,1.00
505,503,1.00
506,503,1.00
503,504,0.85
504,504,1.00
505,504,1.00
506,504,1.00
500,504,1.00
501,504,0.69
490,500,0.92
489,500,0.46
507,499,0.46
502,504,0.32
507,498,0.23
508,498,0.23
509,498,0.23
510,498,0.23
511,498,0.23
512,498,0.23
508,499,0.32
509,499,0.62
520,499,1.00
521,499,0.95
522,499,1.00
520,500,1.00
521,500,1.00
522,500,1.00
523,499,1.00
524,499,1.00
525,499,0.64
526,499,0.46
523,500,1.00
524,500,1.00
525,500,1.00
526,500,0.46
509,512,0.46
510,512,0.85
511,512,1.00
509,513,0.23
510,513,0.32
498,522,1.00
499,522,0.55
500,522,0.23
498,523,0.85
499,523,0.46
500,523,0.23
492,524,0.46
492,525,0.46
486,526,1.00
487,526,0.69
488,526,0.46
489,526,0.46
490,526,0.46
491,526,0.23
492,526,0.23
493,524,0.23
494,524,0.32
495,524,0.62
496,524,0.74
497,524,0.62
498,524,0.32
499,524,0.23
493,525,0.23
494,525,0.23
495,525,0.23
496,525,0.23
497,525,0.23
498,525,0.23
499,525,0.23
508,521,1.00
509,521,1.00
510,521,1.00
504,522,0.23
505,522,0.62
506,522,1.00
507,522,1.00
508,522,1.00
509,522,1.00
510,522,1.00
504,523,0.23
505,523,0.32
506,523,0.62
507,523,0.74
508,523,0.85
509,523,0.64
510,523,0.85
504,524,0.23
505,524,0.23
506,524,0.23
507,524,0.23
508,524,0.46
509,524,0.46
510,524,0.46
513,520,0.85
514,520,0.97
511,521,1.00
512,521,1.00
513,521,0.97
514,521,0.85
511,522,1.00
512,522,1.00
513,522,0.85
514,522,0.55
511,523,0.74
512,523,0.62
513,523,0.55
514,523,0.46
511,524,0.23
512,524,0.23
513,524,0.23
514,524,0.23
518,519,1.00
519,519,1.00
515,520,1.00
516,520,1.00
517,520,1.00
518,520,1.00
519,520,1.00
515,521,1.00
516,521,1.00
517,521,1.00
518,521,1.00
519,521,1.00
515,522,0.62
516,522,0.74
517,522,0.85
518,522,0.64
519,522,0.85
515,523,0.23
516,523,0.23
517,523,0.46
518,523,0.46
519,523,0.46
520,519,1.00
521,519,1.00
522,519,1.00
523,519,1.00
520,520,1.00
521,520,1.00
522,520,1.00
523,520,1.00
520,521,1.00
521,521,1.00
522,521,1.00
523,521,1.00
520,522,0.74
521,522,0.85
522,522,0.64
523,522,0.85
520,523,0.23
521,523,0.46
522,523,0.46
523,523,0.46
524,518,0.74
525,518,0.85
526,518,0.64
527,518,1.00
524,519,1.00
525,519,1.00
526,519,1.00
527,519,1.00
524,520,1.00
525,520,1.00
526,520,1.00
527,520,1.00
524,521,1.00
525,521,1.00
526,521,1.00
527,521,1.00
524,522,0.74
525,522,0.85
526,522,0.64
527,522,1.00
524,523,0.23
525,523,0.46
526,523,0.46
527,523,0.69
530,517,0.69
531,517,0.69
528,518,1.00
529,518,1.00
530,518,1.00
531,518,1.00
528,519,1.00
529,519,1.00
530,519,1.00
531,519,1.00
528,520,1.00
529,520,1.00
530,520,1.00
531,520,1.00
528,521,1.00
529,521,1.00
530,521,1.00
531,521,1.00
528,522,1.00
529,522,1.00
530,522,1.00
531,522,1.00
528,523,0.46
529,523,0.69
530,523,0.69
531,523,0.69
532,517,0.92
533,517,1.00
532,518,1.00
533,518,1.00
532,519,1.00
533,519,1.00
532,520,1.00
533,520,1.00
532,521,1.00
533,521,1.00
532,522,1.00
533,522,1.00
532,523,0.46
533,523,0.46
534,517,1.00
535,517,1.00
534,518,1.00
535,518,1.00
534,519,1.00
535,519,1.00
534,520,1.00
535,520,1.00
534,521,1.00
535,521,1.00
534,522,0.78
535,522,0.69
534,523,0.23
535,523,0.23
535,516,0.69
536,516,0.78
537,516,1.00
538,516,1.00
536,517,1.00
537,517,1.00
538,517,1.00
536,518,1.00
537,518,1.00
538,518,1.00
536,519,1.00
537,519,1.00
538,519,1.00
536,520,1.00
537,520,1.00
538,520,1.00
536,521,1.00
537,521,0.87
538,521,0.92
536,522,0.46
537,522,0.46
538,522,0.46
540,515,0.46
541,515,0.92
539,516,0.94
540,516,0.94
541,516,1.00
539,517,1.00
540,517,1.00
541,517,1.00
539,518,1.00
540,518,1.00
541,518,1.00
539,519,1.00
540,519,1.00
541,519,1.00
539,520,0.94
540,520,0.94
541,520,1.00
539,521,0.46
540,521,0.46
541,521,0.46
542,515,1.00
543,515,1.00
544,515,1.00
542,516,1.00
543,516,1.00
544,516,1.00
542,517,1.00
543,517,1.00
544,517,1.00
542,518,1.00
543,518,1.00
544,518,1.00
542,519,1.00
543,519,1.00
544,519,1.00
542,520,1.00
543,520,1.00
544,520,0.92
542,521,0.23
543,521,0.23
544,521,0.23
543,514,1.00
544,514,1.00
545,514,1.00
546,514,1.00
547,514,1.00
545,515,1.00
546,515,1.00
547,515,1.00
545,516,1.00
546,516,1.00
547,516,1.00
545,517,1.00
546,517,1.00
547,517,1.00
545,518,1.00
546,518,1.00
547,518,1.00
545,519,1.00
546,519,1.00
547,519,1.00
545,520,0.69
546,520,0.69
547,520,0.69
548,514,1.00
548,515,1.00
548,516,1.00
548,517,1.00
548,518,1.00
548,519,0.92
548,520,0.23
549,514,1.00
549,515,1.00
549,516,1.00
549,517,1.00
549,518,0.69
549,519,0.46
550,514,1.00
550,515,1.00
550,516,1.00
550,517,0.69
550,518,0.23
551,514,1.00
551,515,1.00
551,516,0.55
551,517,0.46
552,514,1.00
552,515,0.46
552,516,0.23
552,517,0.23
553,514,0.85
554,514,0.55
555,514,0.46
553,515,0.23
554,515,0.23
555,515,0.23
556,514,0.23
553,506,1.00
554,506,1.00
555,506,1.00
556,506,1.00
557,506,0.69
558,506,0.69
559,506,0.69
550,504,1.00
551,504,1.00
552,504,1.00
553,504,1.00
554,504,1.00
555,504,1.00
556,504,0.46
550,505,1.00
551,505,1.00
552,505,1.00
553,505,1.00
554,505,1.00
555,505,1.00
556,505,0.46
550,506,1.00
551,506,1.00
552,506,1.00
550,503,1.00
551,503,1.00
552,503,1.00
553,503,1.00
554,503,1.00
550,502,1.00
551,502,1.00
552,502,1.00
553,502,1.00
549,506,1.00
550,501,1.00
551,501,1.00
552,501,1.00
548,506,1.00
530,508,0.23
531,508,0.23
507,512,0.23
508,512,0.23
494,510,1.00
494,511,1.00
494,512,1.00
494,513,1.00
495,513,1.00
496,513,1.00
497,513,1.00
498,513,1.00
499,513,0.62
494,514,1.00
495,514,1.00
496,514,1.00
497,514,0.97
498,514,0.62
499,514,0.32
494,515,1.00
495,515,0.78
491,510,0.92
492,510,0.78
493,510,1.00
491,511,1.00
492,511,1.00
493,511,1.00
491,512,1.00
492,512,1.00
493,512,1.00
491,513,1.00
492,513,1.00
493,513,1.00
491,514,1.00
492,514,1.00
493,514,1.00
491,515,1.00
492,515,1.00
493,515,1.00
490,515,1.00
490,516,0.69
491,516,0.69
492,516,0.46
493,516,0.46
494,516,0.23
495,516,0.23
473,519,0.46
474,519,0.46
475,519,0.46

428,479,1.00
429,479,1.00
430,479,1.00
431,479,1.00
432,479,1.00
433,479,0.92
434,479,0.46
428,480,1.00
429,480,1.00
430,480,1.00
431,480,1.00
432,480,1.00
433,480,1.00
434,480,0.46
428,481,1.00
429,481,1.00
430,481,1.00
431,481,1.00
432,481,1.00
433,481,1.00
434,481,0.46
428,482,1.00
429,482,1.00
430,482,1.00
431,482,1.00
432,482,1.00
433,482,1.00
434,482,0.46
428,483,1.00
429,483,1.00
430,483,1.00
431,483,1.00
432,483,1.00
433,483,1.00
434,483,0.46
428,484,1.00
429,484,1.00
430,484,1.00
431,484,1.00
432,484,1.00
433,484,1.00
434,484,0.46
428,485,1.00
429,485,1.00
430,485,1.00
431,485,1.00
432,485,1.00
433,485,0.92
434,485,0.46
427,479,0.92
427,480,1.00
427,481,1.00
427,482,1.00
427,483,1.00
427,484,1.00
427,485,1.00
426,479,0.46
426,480,0.78
426,481,1.00
426,482,1.00
426,483,1.00
426,484,1.00
426,485,1.00
425,479,0.23
425,480,0.46
425,481,0.92
425,482,1.00
425,483,1.00
425,484,1.00
425,485,1.00
425,486,1.00
426,486,1.00
427,486,1.00
428,486,1.00
429,486,1.00
430,486,0.69
431,486,0.23
424,481,0.46
424,482,0.69
424,483,1.00
424,484,1.00
424,485,1.00
424,486,1.00
424,487,1.00
425,487,1.00
426,487,1.00
427,487,1.00
428,487,1.00
429,487,1.00
430,487,0.46
423,482,0.23
423,483,1.00
423,484,1.00
423,485,1.00
423,486,1.00
423,487,1.00
423,488,1.00
424,488,1.00
425,488,1.00
426,488,1.00
427,488,1.00
428,488,1.00
429,488,0.92
423,489,1.00
424,489,1.00
425,489,1.00
426,489,1.00
427,489,1.00
428,489,0.92
429,489,0.69
422,483,0.23
422,484,0.46
422,485,0.78
422,486,1.00
422,487,1.00
422,488,1.00
422,489,1.00
421,484,0.23
421,485,0.46
421,486,0.92
421,487,1.00
421,488,1.00
421,489,1.00
421,490,1.00
422,490,1.00
423,490,1.00
424,490,1.00
425,490,1.00
426,490,1.00
427,490,0.46
421,491,1.00
422,491,1.00
423,491,1.00
424,491,1.00
425,491,0.87
426,491,0.69
427,491,0.23
420,486,0.46
420,487,0.46
420,488,0.69
420,489,1.00
420,490,1.00
420,491,1.00
420,492,1.00
421,492,1.00
422,492,1.00
423,492,1.00
424,492,0.92
425,492,0.46
426,492,0.46
418,488,0.23
419,488,0.23
418,489,0.46
419,489,0.55
418,490,0.69
419,490,1.00
418,491,1.00
419,491,1.00
418,492,1.00
419,492,1.00
418,493,1.00
419,493,1.00
420,493,1.00
421,493,1.00
422,493,1.00
423,493,1.00
424,493,0.46
418,494,1.00
419,494,1.00
420,494,1.00
421,494,1.00
422,494,1.00
423,494,0.78
424,494,0.46
418,495,1.00
419,495,1.00
420,495,1.00
421,495,1.00
422,495,0.78
423,495,0.46
424,495,0.23
417,490,0.23
417,491,0.46
417,492,1.00
417,493,1.00
417,494,1.00
417,495,1.00
417,496,1.00
418,496,1.00
419,496,1.00
420,496,1.00
421,496,0.78
422,496,0.46
423,496,0.23
416,491,0.23
416,492,0.69
416,493,1.00
416,494,1.00
416,495,1.00
416,496,1.00
416,497,1.00
417,497,1.00
418,497,1.00
419,497,1.00
420,497,0.78
421,497,0.46
422,497,0.23
415,492,0.46
415,493,0.55
415,494,1.00
415,495,1.00
415,496,1.00
415,497,1.00
415,498,1.00
416,498,1.00
417,498,1.00
418,498,1.00
419,498,0.69
420,498,0.46
421,498,0.23
414,492,0.23
414,493,0.23
414,494,0.46
414,495,0.78
414,496,1.00
414,497,1.00
414,498,1.00
413,494,0.23
413,495,0.46
413,496,0.55
413,497,0.85
413,498,0.97
413,499,0.85
414,499,1.00
415,499,1.00
416,499,1.00
417,499,1.00
418,499,0.55
419,499,0.23
413,500,0.55
414,500,0.85
415,500,0.97
416,500,0.85
417,500,0.55
418,500,0.46
419,500,0.23
412,495,0.23
412,496,0.23
412,497,0.23
412,498,0.23
412,499,0.23
412,500,0.23
412,501,0.23
413,501,0.23
414,501,0.23
415,501,0.23
416,501,0.23
417,501,0.23
418,501,0.23

359,554,1.00
360,554,1.00
361,554,1.00
362,554,1.00
363,554,0.92
364,554,0.69
365,554,0.46
359,555,1.00
360,555,1.00
361,555,1.00
362,555,1.00
363,555,1.00
364,555,0.87
365,555,0.46
359,556,1.00
360,556,1.00
361,556,1.00
362,556,1.00
363,556,1.00
364,556,1.00
365,556,0.46
359,557,1.00
360,557,1.00
361,557,1.00
362,557,1.00
363,557,1.00
364,557,1.00
365,557,0.46
359,558,1.00
360,558,1.00
361,558,1.00
362,558,1.00
363,558,1.00
364,558,1.00
365,558,0.46
359,559,1.00
360,559,1.00
361,559,1.00
362,559,1.00
363,559,1.00
364,559,0.87
365,559,0.46
359,560,1.00
360,560,1.00
361,560,1.00
362,560,1.00
363,560,0.92
364,560,0.69
365,560,0.46
358,554,1.00
358,555,1.00
358,556,1.00
358,557,1.00
358,558,1.00
358,559,1.00
358,560,1.00
357,554,1.00
357,555,1.00
357,556,1.00
357,557,1.00
357,558,1.00
357,559,1.00
357,560,1.00
356,554,1.00
356,555,1.00
356,556,1.00
356,557,1.00
356,558,1.00
356,559,1.00
356,560,1.00
354,554,1.00
355,554,1.00
354,555,1.00
355,555,1.00
354,556,1.00
355,556,1.00
354,557,1.00
355,557,1.00
354,558,1.00
355,558,1.00
354,559,1.00
355,559,1.00
354,560,1.00
355,560,1.00
353,554,1.00
353,555,1.00
353,556,1.00
353,557,1.00
353,558,1.00
353,559,1.00
353,560,1.00
352,554,1.00
352,555,1.00
352,556,1.00
352,557,1.00
352,558,1.00
352,559,1.00
352,560,1.00
351,554,1.00
351,555,1.00
351,556,1.00
351,557,1.00
351,558,1.00
351,559,1.00
351,560,1.00
350,554,1.00
350,555,1.00
350,556,1.00
350,557,1.00
350,558,1.00
350,559,1.00
350,560,1.00
349,554,1.00
349,555,1.00
349,556,1.00
349,557,1.00
349,558,1.00
349,559,1.00
349,560,1.00
348,554,1.00
348,555,1.00
348,556,1.00
348,557,1.00
348,558,1.00
348,559,1.00
348,560,0.69
347,553,1.00
348,553,1.00
349,553,1.00
350,553,1.00
351,553,1.00
352,553,0.69
353,553,0.46
347,554,1.00
347,555,1.00
347,556,1.00
347,557,1.00
347,558,0.92
347,559,0.46
346,552,1.00
347,552,1.00
348,552,1.00
349,552,1.00
350,552,1.00
351,552,1.00
352,552,0.23
346,553,1.00
346,554,1.00
346,555,1.00
346,556,1.00
346,557,1.00
346,558,0.46
345,552,1.00
345,553,1.00
345,554,1.00
345,555,1.00
345,556,1.00
345,557,1.00
345,558,0.23
345,551,1.00
346,551,1.00
347,551,1.00
348,551,1.00
349,551,1.00
350,551,1.00
351,551,0.92
344,551,1.00
344,552,1.00
344,553,1.00
344,554,1.00
344,555,1.00
344,556,1.00
344,557,0.69
343,551,1.00
343,552,1.00
343,553,1.00
343,554,1.00
343,555,1.00
343,556,1.00
343,557,0.46
342,550,1.00
343,550,1.00
344,550,1.00
345,550,1.00
346,550,1.00
347,550,1.00
348,550,0.23
342,551,1.00
342,552,1.00
342,553,1.00
342,554,1.00
342,555,1.00
342,556,0.92
341,550,1.00
341,551,1.00
341,552,1.00
341,553,1.00
341,554,1.00
341,555,1.00
341,556,0.69
341,549,1.00
342,549,1.00
343,549,1.00
344,549,1.00
345,549,1.00
346,549,1.00
347,549,1.00
341,548,1.00
342,548,1.00
343,548,1.00
344,548,1.00
345,548,1.00
346,548,1.00
347,548,1.00
340,548,1.00
340,549,1.00
340,550,1.00
340,551,1.00
340,552,1.00
340,553,1.00
340,554,0.23
340,547,1.00
341,547,1.00
342,547,1.00
343,547,1.00
344,547,1.00
345,547,1.00
346,547,1.00
347,547,1.00
341,546,1.00
342,546,1.00
343,546,1.00
344,546,1.00
345,546,1.00
346,546,1.00
347,546,1.00
341,545,0.92
342,545,1.00
343,545,1.00
344,545,1.00
345,545,1.00
346,545,1.00
347,545,1.00
341,544,0.46
342,544,0.78
343,544,1.00
344,544,1.00
345,544,1.00
346,544,1.00
347,544,1.00
341,543,0.23
342,543,0.46
343,543,0.69
344,543,0.78
345,543,1.00
346,543,1.00
347,543,1.00
348,543,1.00
348,544,1.00
348,545,1.00
348,546,1.00
348,547,0.55
348,548,0.46
348,549,0.23
343,542,0.23
344,542,0.23
345,542,0.69
346,542,1.00
347,542,1.00
348,542,1.00
349,542,1.00
349,543,1.00
349,544,1.00
349,545,1.00
349,546,0.69
349,547,0.23
349,548,0.23
345,540,0.46
346,540,0.69
347,540,1.00
348,540,1.00
349,540,1.00
350,540,1.00
351,540,1.00
345,541,0.46
346,541,0.87
347,541,1.00
348,541,1.00
349,541,1.00
350,541,1.00
351,541,1.00
350,542,1.00
351,542,1.00
350,543,1.00
351,543,1.00
350,544,1.00
351,544,1.00
350,545,1.00
351,545,1.00
350,546,0.46
351,546,0.46
346,539,0.23
347,539,0.69
348,539,0.92
349,539,0.92
350,539,1.00
351,539,1.00
352,539,1.00
352,540,1.00
352,541,1.00
352,542,1.00
352,543,1.00
352,544,1.00
352,545,1.00
353,539,1.00
353,540,1.00
353,541,1.00
353,542,1.00
353,543,1.00
353,544,1.00
353,545,0.92
354,539,1.00
354,540,1.00
354,541,1.00
354,542,1.00
354,543,1.00
354,544,1.00
354,545,0.46
355,539,1.00
356,539,1.00
355,540,1.00
356,540,1.00
355,541,1.00
356,541,1.00
355,542,1.00
356,542,1.00
355,543,1.00
356,543,1.00
355,544,1.00
356,544,0.92
355,545,0.23
356,545,0.23
350,538,0.23
351,538,0.23
352,538,0.46
353,538,0.69
354,538,0.69
355,538,0.92
356,538,1.00
357,538,1.00
358,538,1.00
357,539,1.00
358,539,1.00
357,540,1.00
358,540,1.00
357,541,1.00
358,541,1.00
357,542,1.00
358,542,1.00
357,543,0.94
358,543,0.55
357,544,0.46
358,544,0.46
359,538,1.00
359,539,1.00
359,540,1.00
359,541,1.00
359,542,0.69
359,543,0.23
359,544,0.23
355,536,0.23
356,536,0.46
357,536,0.69
358,536,1.00
359,536,1.00
360,536,1.00
361,536,1.00
355,537,0.23
356,537,0.55
357,537,1.00
358,537,1.00
359,537,1.00
360,537,1.00
361,537,1.00
360,538,1.00
361,538,1.00
360,539,1.00
361,539,1.00
360,540,1.00
361,540,1.00
360,541,1.00
361,541,0.78
360,542,0.46
361,542,0.46
362,536,1.00
362,537,1.00
362,538,1.00
362,539,1.00
362,540,0.78
362,541,0.46
362,542,0.23
357,535,0.23
358,535,0.46
359,535,1.00
360,535,1.00
361,535,1.00
362,535,1.00
363,535,1.00
363,536,1.00
363,537,1.00
363,538,1.00
363,539,1.00
363,540,0.46
363,541,0.23
358,534,0.23
359,534,0.69
360,534,0.87
361,534,1.00
362,534,1.00
363,534,1.00
364,534,1.00
364,535,1.00
364,536,1.00
364,537,1.00
364,538,0.87
364,539,0.69
364,540,0.23
359,533,0.46
360,533,0.46
361,533,0.46
362,533,0.69
363,533,1.00
364,533,1.00
365,533,1.00
365,534,1.00
365,535,1.00
365,536,0.69
365,537,0.46
365,538,0.46
365,539,0.46
362,530,0.23
363,530,0.46
364,530,1.00
365,530,1.00
366,530,1.00
367,530,1.00
368,530,1.00
362,531,0.23
363,531,0.55
364,531,1.00
365,531,1.00
366,531,1.00
367,531,1.00
368,531,1.00
362,532,0.23
363,532,0.85
364,532,1.00
365,532,1.00
366,532,1.00
367,532,1.00
368,532,1.00
366,533,1.00
367,533,1.00
368,533,1.00
366,534,1.00
367,534,1.00
368,534,1.00
366,535,1.00
367,535,1.00
368,535,0.92
366,536,0.23
367,536,0.23
368,536,0.23
363,529,0.23
364,529,0.69
365,529,0.69
366,529,0.92
367,529,1.00
368,529,1.00
369,529,1.00
369,530,1.00
369,531,1.00
369,532,1.00
369,533,1.00
369,534,0.87
369,535,0.69
370,529,1.00
370,530,1.00
370,531,1.00
370,532,1.00
370,533,0.69
370,534,0.46
370,535,0.46
366,527,0.23
367,527,0.23
368,527,0.92
369,527,1.00
370,527,1.00
371,527,1.00
372,527,1.00
366,528,0.23
367,528,0.32
368,528,1.00
369,528,1.00
370,528,1.00
371,528,1.00
372,528,1.00
371,529,1.00
372,529,1.00
371,530,1.00
372,530,1.00
371,531,1.00
372,531,1.00
371,532,0.55
372,532,0.46
371,533,0.23
372,533,0.23
368,526,0.69
369,526,1.00
370,526,1.00
371,526,1.00
372,526,1.00
373,526,1.00
374,526,1.00
373,527,1.00
374,527,1.00
373,528,1.00
374,528,1.00
373,529,1.00
374,529,0.92
373,530,1.00
374,530,0.69
373,531,0.55
374,531,0.46
373,532,0.23
374,532,0.23
368,525,0.46
369,525,0.55
370,525,0.85
371,525,0.97
372,525,1.00
373,525,1.00
374,525,1.00
368,524,0.23
369,524,0.23
370,524,0.23
371,524,0.23
372,524,0.46
373,524,1.00
374,524,1.00
372,523,0.23
373,523,0.69
374,523,1.00
375,523,1.00
376,523,1.00
377,523,1.00
378,523,1.00
375,524,1.00
376,524,1.00
377,524,1.00
378,524,1.00
375,525,1.00
376,525,1.00
377,525,1.00
378,525,1.00
375,526,1.00
376,526,1.00
377,526,1.00
378,526,1.00
375,527,1.00
376,527,1.00
377,527,1.00
378,527,1.00
375,528,0.97
376,528,0.85
377,528,0.55
378,528,0.46
375,529,0.23
376,529,0.23
377,529,0.23
378,529,0.23
373,522,0.46
374,522,0.78
375,522,1.00
376,522,1.00
377,522,1.00
378,522,1.00
379,522,1.00
379,523,1.00
379,524,1.00
379,525,1.00
379,526,1.00
379,527,0.69
379,528,0.23
373,521,0.23
374,521,0.46
375,521,0.46
376,521,0.69
377,521,1.00
378,521,1.00
379,521,1.00
380,521,1.00
380,522,1.00
380,523,1.00
380,524,1.00
380,525,1.00
380,526,0.46
380,527,0.23
376,520,0.23
377,520,0.46
378,520,1.00
379,520,1.00
380,520,1.00
381,520,1.00
382,520,1.00
381,521,1.00
382,521,1.00
381,522,1.00
382,522,1.00
381,523,1.00
382,523,1.00
381,524,1.00
382,524,1.00
381,525,0.55
382,525,0.46
381,526,0.23
382,526,0.23
377,519,0.23
378,519,0.69
379,519,1.00
380,519,1.00
381,519,1.00
382,519,1.00
383,519,1.00
383,520,1.00
383,521,1.00
383,522,1.00
383,523,1.00
383,524,0.69
383,525,0.23
378,518,0.46
379,518,0.69
380,518,0.78
381,518,1.00
382,518,1.00
383,518,1.00
384,518,1.00
384,519,1.00
384,520,1.00
384,521,1.00
384,522,0.78
384,523,0.69
384,524,0.46
379,517,0.23
380,517,0.23
381,517,0.23
382,517,0.69
383,517,1.00
384,517,1.00
385,517,1.00
385,518,1.00
385,519,1.00
385,520,1.00
385,521,0.69
385,522,0.23
385,523,0.23
382,515,0.46
383,515,0.69
384,515,1.00
385,515,1.00
386,515,1.00
387,515,1.00
388,515,1.00
382,516,0.46
383,516,0.87
384,516,1.00
385,516,1.00
386,516,1.00
387,516,1.00
388,516,1.00
386,517,1.00
387,517,1.00
388,517,1.00
386,518,1.00
387,518,1.00
388,518,1.00
386,519,1.00
387,519,1.00
388,519,0.92
386,520,1.00
387,520,0.64
388,520,0.46
386,521,0.46
387,521,0.46
388,521,0.46
383,513,0.23
384,513,0.46
385,513,0.92
386,513,1.00
387,513,1.00
388,513,1.00
389,513,1.00
383,514,0.23
384,514,0.55
385,514,1.00
386,514,1.00
387,514,1.00
388,514,1.00
389,514,1.00
389,515,1.00
389,516,1.00
389,517,1.00
389,518,1.00
389,519,0.46
390,513,1.00
390,514,1.00
390,515,1.00
390,516,1.00
390,517,1.00
390,518,0.69
390,519,0.23
385,512,0.46
386,512,1.00
387,512,1.00
388,512,1.00
389,512,1.00
390,512,1.00
391,512,1.00
391,513,1.00
391,514,1.00
391,515,1.00
391,516,1.00
391,517,1.00
391,518,0.46
386,511,0.69
387,511,0.92
388,511,1.00
389,511,1.00
390,511,1.00
391,511,1.00
392,511,1.00
392,512,1.00
392,513,1.00
392,514,1.00
392,515,1.00
392,516,0.92
392,517,0.69
387,510,0.23
388,510,0.23
389,510,0.46
390,510,1.00
391,510,1.00
392,510,1.00
393,510,1.00
393,511,1.00
393,512,1.00
393,513,0.46
393,514,0.23
393,515,0.23
393,516,0.23
389,507,0.23
390,507,0.46
391,507,1.00
392,507,1.00
393,507,1.00
394,507,1.00
395,507,1.00
389,508,0.23
390,508,0.55
391,508,1.00
392,508,1.00
393,508,1.00
394,508,1.00
395,508,1.00
389,509,0.23
390,509,0.85
391,509,1.00
392,509,1.00
393,509,1.00
394,509,1.00
395,509,1.00
394,510,1.00
395,510,1.00
394,511,1.00
395,511,1.00
394,512,1.00
395,512,1.00
394,513,0.23
395,513,0.23
390,506,0.23
391,506,1.00
392,506,1.00
393,506,1.00
394,506,1.00
395,506,1.00
396,506,1.00
396,507,1.00
396,508,1.00
396,509,1.00
396,510,1.00
396,511,1.00
396,512,1.00
397,506,1.00
397,507,1.00
397,508,1.00
397,509,1.00
397,510,1.00
397,511,1.00
397,512,0.92
391,505,0.23
392,505,1.00
393,505,1.00
394,505,1.00
395,505,1.00
396,505,1.00
397,505,1.00
392,504,0.92
393,504,1.00
394,504,1.00
395,504,1.00
396,504,1.00
397,504,1.00
398,504,1.00
398,505,1.00
398,506,1.00
398,507,1.00
398,508,1.00
398,509,0.92
398,510,0.23
392,503,0.69
393,503,0.92
394,503,1.00
395,503,1.00
396,503,1.00
397,503,1.00
398,503,1.00
393,502,0.23
394,502,0.46
395,502,0.78
396,502,1.00
397,502,1.00
398,502,1.00
399,502,1.00
399,503,1.00
399,504,1.00
399,505,0.85
399,506,0.55
399,507,0.46
399,508,0.23
394,501,0.23
395,501,0.46
396,501,0.97
397,501,1.00
398,501,1.00
399,501,1.00
400,501,1.00
400,502,1.00
400,503,1.00
400,504,0.46
400,505,0.23
400,506,0.23
400,507,0.23
395,498,0.23
396,498,0.23
397,498,0.92
398,498,1.00
399,498,1.00
400,498,1.00
401,498,1.00
395,499,0.23
396,499,0.32
397,499,1.00
398,499,1.00
399,499,1.00
400,499,1.00
401,499,1.00
395,500,0.23
396,500,0.62
397,500,1.00
398,500,1.00
399,500,1.00
400,500,1.00
401,500,1.00
401,501,1.00
401,502,1.00
401,503,1.00
401,504,0.23
397,497,0.69
398,497,0.92
399,497,1.00
400,497,1.00
401,497,1.00
402,497,1.00
403,497,1.00
402,498,1.00
403,498,1.00
402,499,1.00
403,499,1.00
402,500,1.00
403,500,1.00
402,501,1.00
403,501,1.00
402,502,1.00
403,502,1.00
402,503,0.92
403,503,0.92
404,497,1.00
404,498,1.00
404,499,1.00
404,500,1.00
404,501,0.55
404,502,0.46
404,503,0.23
399,496,0.23
400,496,0.46
401,496,0.85
402,496,1.00
403,496,1.00
404,496,1.00
405,496,1.00
405,497,1.00
405,498,1.00
405,499,0.55
405,500,0.46
405,501,0.23
405,502,0.23
400,494,0.23
401,494,0.23
402,494,0.46
403,494,0.85
404,494,1.00
405,494,1.00
406,494,1.00
400,495,0.23
401,495,0.32
402,495,0.85
403,495,1.00
404,495,1.00
405,495,1.00
406,495,1.00
406,496,1.00
406,497,1.00
406,498,0.46
406,499,0.23
406,500,0.23
402,492,0.23
403,492,0.23
404,492,0.92
405,492,1.00
406,492,1.00
407,492,1.00
408,492,1.00
402,493,0.23
403,493,0.32
404,493,1.00
405,493,1.00
406,493,1.00
407,493,1.00
408,493,1.00
407,494,1.00
408,494,1.00
407,495,1.00
408,495,1.00
407,496,1.00
408,496,1.00
407,497,0.55
408,497,0.46
407,498,0.23
408,498,0.23
404,491,0.69
405,491,1.00
406,491,1.00
407,491,1.00
408,491,1.00
409,491,1.00
410,491,1.00
409,492,1.00
410,492,1.00
409,493,1.00
410,493,1.00
409,494,1.00
410,494,1.00
409,495,1.00
410,495,0.92
409,496,0.78
410,496,0.69
409,497,0.23
410,497,0.23
404,490,0.46
405,490,0.69
406,490,1.00
407,490,1.00
408,490,1.00
409,490,1.00
410,490,1.00
405,489,0.23
406,489,0.46
407,489,0.78
408,489,1.00
409,489,1.00
410,489,1.00
411,489,1.00
411,490,1.00
411,491,1.00
411,492,1.00
411,493,0.55
411,494,0.46
411,495,0.23
406,488,0.23
407,488,0.46
408,488,1.00
409,488,1.00
410,488,1.00
411,488,1.00
412,488,1.00
412,489,1.00
412,490,1.00
412,491,1.00
412,492,0.46
412,493,0.23
412,494,0.23
407,486,0.23
408,486,0.92
409,486,1.00
410,486,1.00
411,486,1.00
412,486,1.00
413,486,1.00
407,487,0.23
408,487,1.00
409,487,1.00
410,487,1.00
411,487,1.00
412,487,1.00
413,487,1.00
413,488,1.00
413,489,1.00
413,490,1.00
413,491,0.69
413,492,0.23
408,485,0.69
409,485,1.00
410,485,1.00
411,485,1.00
412,485,1.00
413,485,1.00
414,485,1.00
414,486,1.00
414,487,1.00
414,488,1.00
414,489,1.00
414,490,0.69
414,491,0.46
408,484,0.23
409,484,1.00
410,484,1.00
411,484,1.00
412,484,1.00
413,484,1.00
414,484,1.00
409,483,1.00
410,483,1.00
411,483,1.00
412,483,1.00
413,483,1.00
414,483,1.00
415,483,1.00
415,484,1.00
415,485,1.00
415,486,1.00
415,487,1.00
415,488,1.00
415,489,0.92
409,482,0.23
410,482,0.69
411,482,0.87
412,482,1.00
413,482,1.00
414,482,1.00
415,482,0.87
410,481,0.46
411,481,0.46
412,481,0.46
413,481,0.46
414,481,0.46
415,481,0.46
416,481,0.46
416,482,0.46
416,483,0.46
416,484,0.46
416,485,0.46
416,486,0.46
416,487,0.46

493,458,0.23
494,458,0.23
495,458,0.23
496,458,0.23
497,458,0.23
498,458,0.23
499,458,0.23
493,459,0.23
494,459,0.32
495,459,0.62
496,459,0.74
497,459,0.62
498,459,0.32
499,459,0.23
493,460,0.23
494,460,0.62
495,460,1.00
496,460,1.00
497,460,1.00
498,460,0.62
499,460,0.23
493,461,0.23
494,461,0.74
495,461,1.00
496,461,1.00
497,461,1.00
498,461,0.74
499,461,0.23
493,462,0.23
494,462,0.62
495,462,1.00
496,462,1.00
497,462,1.00
498,462,0.62
499,462,0.23
493,463,0.23
494,463,0.32
495,463,0.62
496,463,0.74
497,463,0.62
498,463,0.32
499,463,0.23
493,464,0.23
494,464,0.23
495,464,0.23
496,464,0.23
497,464,0.23
498,464,0.23
499,464,0.23

489,458,0.46
490,458,1.00
491,458,1.00
492,458,1.00
493,458,1.00
494,458,1.00
495,458,1.00
489,459,0.46
490,459,1.00
491,459,1.00
492,459,1.00
493,459,1.00
494,459,1.00
495,459,1.00
489,460,0.46
490,460,1.00
491,460,1.00
492,460,1.00
493,460,1.00
494,460,1.00
495,460,1.00
489,461,0.46
490,461,1.00
491,461,1.00
492,461,1.00
493,461,1.00
494,461,1.00
495,461,1.00
489,462,0.46
490,462,1.00
491,462,1.00
492,462,1.00
493,462,1.00
494,462,1.00
495,462,1.00
489,463,0.46
490,463,1.00
491,463,1.00
492,463,1.00
493,463,1.00
494,463,1.00
495,463,1.00
489,464,0.46
490,464,1.00
491,464,1.00
492,464,1.00
493,464,1.00
494,464,1.00
495,464,1.00
496,458,0.92
496,459,1.00
496,460,1.00
496,461,1.00
496,462,1.00
496,463,1.00
496,464,1.00
497,458,0.23
497,459,0.69
497,460,1.00
497,461,1.00
497,462,1.00
497,463,1.00
497,464,1.00
491,465,0.23
492,465,0.46
493,465,0.69
494,465,0.78
495,465,1.00
496,465,1.00
497,465,1.00
498,459,0.23
498,460,0.46
498,461,1.00
498,462,1.00
498,463,1.00
498,464,1.00
498,465,1.00
499,460,0.23
499,461,1.00
499,462,1.00
499,463,1.00
499,464,1.00
499,465,1.00
493,466,0.23
494,466,0.23
495,466,0.69
496,466,1.00
497,466,1.00
498,466,1.00
499,466,1.00
500,461,1.00
501,461,1.00
500,462,1.00
501,462,1.00
500,463,1.00
501,463,1.00
500,464,1.00
501,464,1.00
500,465,1.00
501,465,1.00
500,466,1.00
501,466,1.00
495,467,0.46
496,467,0.92
497,467,0.92
498,467,1.00
499,467,1.00
500,467,1.00
501,467,1.00
502,461,0.69
502,462,1.00
502,463,1.00
502,464,1.00
502,465,1.00
502,466,1.00
502,467,1.00
503,461,0.23
504,461,0.23
503,462,0.78
504,462,0.69
503,463,1.00
504,463,1.00
503,464,1.00
504,464,1.00
503,465,1.00
504,465,1.00
503,466,1.00
504,466,1.00
503,467,1.00
504,467,1.00
505,462,0.46
505,463,1.00
505,464,1.00
505,465,1.00
505,466,1.00
505,467,1.00
499,468,0.23
500,468,0.92
501,468,1.00
502,468,1.00
503,468,1.00
504,468,1.00
505,468,1.00
506,462,0.23
506,463,0.92
506,464,1.00
506,465,1.00
506,466,1.00
506,467,1.00
506,468,1.00
500,469,0.46
501,469,0.69
502,469,0.92
503,469,1.00
504,469,1.00
505,469,1.00
506,469,1.00
507,463,0.23
507,464,0.46
507,465,1.00
507,466,1.00
507,467,1.00
507,468,1.00
507,469,1.00
508,464,0.23
508,465,1.00
508,466,1.00
508,467,1.00
508,468,1.00
508,469,1.00
502,470,0.23
503,470,0.69
504,470,1.00
505,470,1.00
506,470,1.00
507,470,1.00
508,470,1.00
509,465,1.00
509,466,1.00
509,467,1.00
509,468,1.00
509,469,1.00
509,470,1.00
503,471,0.46
504,471,1.00
505,471,1.00
506,471,1.00
507,471,1.00
508,471,1.00
509,471,1.00
510,465,0.92
510,466,0.92
510,467,0.92
510,468,0.92
510,469,0.92
510,470,0.92
510,471,0.92

