340,543,0.11
341,543,0.51
342,543,0.67
343,543,0.51
344,543,0.23
340,544,0.85
341,544,1.00
342,544,1.00
343,544,1.00
344,544,1.00
340,545,1.00
341,545,1.00
342,545,1.00
343,545,1.00
344,545,1.00
340,546,1.00
341,546,1.00
342,546,1.00
343,546,1.00
344,546,1.00
340,547,1.00
341,547,1.00
342,547,1.00
343,547,1.00
344,547,1.00
340,548,1.00
341,548,1.00
342,548,1.00
343,548,1.00
344,548,1.00
340,549,1.00
341,549,1.00
342,549,1.00
343,549,1.00
344,549,0.23
339,545,1.00
339,546,1.00
339,547,1.00
339,548,1.00
339,549,1.00
338,545,0.11
338,546,1.00
338,547,1.00
338,548,1.00
338,549,1.00
338,550,0.69
339,550,1.00
340,550,1.00
341,550,1.00
342,550,0.69
345,544,1.00
346,544,1.00
345,545,1.00
346,545,1.00
345,546,1.00
346,546,1.00
345,547,1.00
346,547,1.00
345,548,0.51
346,548,0.11
345,543,0.51
346,543,0.78
347,543,1.00
348,543,1.00
347,544,1.00
348,544,1.00
347,545,1.00
348,545,1.00
347,546,1.00
348,546,1.00
347,547,1.00
348,547,1.00
349,543,1.00
350,543,1.00
349,544,1.00
350,544,1.00
349,545,1.00
350,545,1.00
349,546,1.00
350,546,1.00
349,547,1.00
350,547,1.00
351,543,1.00
351,544,1.00
351,545,1.00
351,546,1.00
351,547,0.23
348,542,1.00
349,542,1.00
350,542,1.00
351,542,1.00
352,542,1.00
352,543,1.00
352,544,1.00
352,545,1.00
352,546,0.34
348,541,0.34
349,541,1.00
350,541,1.00
351,541,1.00
352,541,1.00
353,541,0.85
353,542,1.00
353,543,1.00
353,544,1.00
353,545,0.85
354,541,0.11
354,542,0.51
354,543,0.67
354,544,0.51
354,545,0.11

354,542,0.34
355,542,1.00
356,542,1.00
357,542,1.00
358,542,1.00
354,543,1.00
355,543,1.00
356,543,1.00
357,543,1.00
358,543,1.00
354,544,1.00
355,544,1.00
356,544,1.00
357,544,1.00
358,544,1.00
354,545,1.00
355,545,1.00
356,545,1.00
357,545,1.00
358,545,1.00
354,546,0.34
355,546,1.00
356,546,1.00
357,546,1.00
358,546,1.00
359,542,1.00
359,543,1.00
359,544,1.00
359,545,1.00
359,546,1.00
360,542,1.00
360,543,1.00
360,544,1.00
360,545,1.00
360,546,1.00
361,542,1.00
361,543,1.00
361,544,1.00
361,545,1.00
361,546,1.00
362,542,1.00
362,543,1.00
362,544,1.00
362,545,1.00
362,546,1.00
363,542,1.00
363,543,1.00
363,544,1.00
363,545,1.00
363,546,1.00
364,542,1.00
364,543,1.00
364,544,1.00
364,545,1.00
364,546,0.23
360,541,0.23
361,541,1.00
362,541,1.00
363,541,1.00
364,541,1.00
365,541,1.00
365,542,1.00
365,543,1.00
365,544,0.62
365,545,0.11
361,540,0.11
362,540,1.00
363,540,1.00
364,540,1.00
365,540,1.00
362,539,0.11
363,539,1.00
364,539,1.00
365,539,1.00
366,539,1.00
366,540,1.00
366,541,1.00
366,542,1.00
366,543,0.62
367,539,1.00
367,540,1.00
367,541,1.00
367,542,1.00
367,543,0.11
363,538,0.11
364,538,0.74
365,538,1.00
366,538,1.00
367,538,1.00
368,538,1.00
368,539,1.00
368,540,1.00
368,541,1.00
368,542,0.23
365,537,0.23
366,537,1.00
367,537,1.00
368,537,1.00
369,537,1.00
369,538,1.00
369,539,1.00
369,540,1.00
369,541,0.74
370,537,1.00
370,538,1.00
370,539,1.00
370,540,1.00
370,541,0.11
366,536,0.11
367,536,0.74
368,536,1.00
369,536,1.00
370,536,1.00
371,536,1.00
371,537,1.00
371,538,1.00
371,539,1.00
371,540,0.23
368,535,0.23
369,535,1.00
370,535,1.00
371,535,1.00
372,535,1.00
372,536,1.00
372,537,1.00
372,538,1.00
372,539,1.00
373,535,1.00
373,536,1.00
373,537,1.00
373,538,1.00
373,539,0.74
374,535,1.00
374,536,1.00
374,537,1.00
374,538,1.00
374,539,0.11
370,534,0.23
371,534,1.00
372,534,1.00
373,534,1.00
374,534,1.00
375,534,1.00
375,535,1.00
375,536,1.00
375,537,1.00
375,538,1.00
376,534,1.00
376,535,1.00
376,536,1.00
376,537,1.00
376,538,0.23
373,533,0.23
374,533,1.00
375,533,1.00
376,533,1.00
377,533,1.00
377,534,1.00
377,535,1.00
377,536,1.00
377,537,1.00
378,533,1.00
378,534,1.00
378,535,1.00
378,536,1.00
378,537,0.23
375,532,0.23
376,532,1.00
377,532,1.00
378,532,1.00
379,532,1.00
379,533,1.00
379,534,1.00
379,535,1.00
379,536,1.00
380,532,1.00
380,533,1.00
380,534,1.00
380,535,1.00
380,536,0.34
376,531,0.11
377,531,0.74
378,531,1.00
379,531,1.00
380,531,1.00
381,531,1.00
381,532,1.00
381,533,1.00
381,534,1.00
381,535,0.74
382,531,1.00
382,532,1.00
382,533,1.00
382,534,1.00
382,535,0.11
378,530,0.34
379,530,1.00
380,530,1.00
381,530,1.00
382,530,1.00
383,530,1.00
383,531,1.00
383,532,1.00
383,533,1.00
383,534,0.23
379,529,0.23
380,529,1.00
381,529,1.00
382,529,1.00
383,529,1.00
380,528,0.23
381,528,1.00
382,528,1.00
383,528,1.00
384,528,1.00
384,529,1.00
384,530,1.00
384,531,1.00
384,532,0.74
385,528,1.00
385,529,1.00
385,530,1.00
385,531,1.00
385,532,0.11
381,527,0.11
382,527,1.00
383,527,1.00
384,527,1.00
385,527,1.00
386,527,1.00
386,528,1.00
386,529,1.00
386,530,0.74
386,531,0.11
382,526,0.23
383,526,1.00
384,526,1.00
385,526,1.00
386,526,1.00
383,525,0.23
384,525,1.00
385,525,1.00
386,525,1.00
387,525,1.00
387,526,1.00
387,527,1.00
387,528,1.00
387,529,0.23
384,524,0.23
385,524,1.00
386,524,1.00
387,524,1.00
388,524,1.00
388,525,1.00
388,526,1.00
388,527,1.00
388,528,0.74
389,524,1.00
389,525,1.00
389,526,1.00
389,527,1.00
389,528,0.11
385,523,0.23
386,523,1.00
387,523,1.00
388,523,1.00
389,523,1.00
390,523,1.00
390,524,1.00
390,525,1.00
390,526,0.62
390,527,0.11
386,522,0.11
387,522,1.00
388,522,1.00
389,522,1.00
390,522,1.00
387,521,0.23
388,521,1.00
389,521,1.00
390,521,1.00
391,521,1.00
391,522,1.00
391,523,1.00
391,524,1.00
391,525,0.23
388,520,0.11
389,520,1.00
390,520,1.00
391,520,1.00
392,520,1.00
392,521,1.00
392,522,1.00
392,523,1.00
392,524,0.11
389,519,0.62
390,519,1.00
391,519,1.00
392,519,1.00
393,519,1.00
393,520,1.00
393,521,1.00
393,522,1.00
393,523,0.11
389,518,0.11
390,518,1.00
391,518,1.00
392,518,1.00
393,518,1.00
394,518,1.00
394,519,1.00
394,520,1.00
394,521,0.62
394,522,0.11
390,517,0.11
391,517,1.00
392,517,1.00
393,517,1.00
394,517,1.00
391,516,0.11
392,516,1.00
393,516,1.00
394,516,1.00
395,516,1.00
395,517,1.00
395,518,1.00
395,519,1.00
395,520,0.62
396,516,1.00
396,517,1.00
396,518,1.00
396,519,1.00
396,520,0.11
392,515,0.23
393,515,1.00
394,515,1.00
395,515,1.00
396,515,1.00
397,515,1.00
397,516,1.00
397,517,1.00
397,518,0.62
397,519,0.11
393,514,0.11
394,514,1.00
395,514,1.00
396,514,1.00
397,514,1.00
394,513,0.23
395,513,1.00
396,513,1.00
397,513,1.00
398,513,1.00
398,514,1.00
398,515,1.00
398,516,1.00
398,517,0.23
395,512,0.62
396,512,1.00
397,512,1.00
398,512,1.00
399,512,1.00
399,513,1.00
399,514,1.00
399,515,0.62
399,516,0.11
395,511,0.11
396,511,1.00
397,511,1.00
398,511,1.00
399,511,1.00
396,510,0.11
397,510,1.00
398,510,1.00
399,510,1.00
400,510,1.00
400,511,1.00
400,512,1.00
400,513,1.00
400,514,0.11
397,509,0.11
398,509,1.00
399,509,1.00
400,509,1.00
401,509,1.00
401,510,1.00
401,511,1.00
401,512,1.00
401,513,0.11
398,508,0.11
399,508,1.00
400,508,1.00
401,508,1.00
402,508,1.00
402,509,1.00
402,510,1.00
402,511,1.00
402,512,0.11
399,507,0.62
400,507,1.00
401,507,1.00
402,507,1.00
403,507,1.00
403,508,1.00
403,509,1.00
403,510,1.00
403,511,0.11
399,506,0.11
400,506,1.00
401,506,1.00
402,506,1.00
403,506,1.00
404,506,1.00
404,507,1.00
404,508,1.00
404,509,1.00
404,510,0.23
400,505,0.34
401,505,1.00
402,505,1.00
403,505,1.00
404,505,1.00
401,504,0.34
402,504,1.00
403,504,1.00
404,504,1.00
405,504,1.00
405,505,1.00
405,506,1.00
405,507,1.00
405,508,0.34
402,503,0.23
403,503,1.00
404,503,1.00
405,503,1.00
406,503,1.00
406,504,1.00
406,505,1.00
406,506,1.00
406,507,0.23
403,502,0.34
404,502,1.00
405,502,1.00
406,502,1.00
407,502,1.00
407,503,1.00
407,504,1.00
407,505,1.00
407,506,0.85
408,502,1.00
408,503,1.00
408,504,1.00
408,505,1.00
408,506,0.11
404,501,0.23
405,501,1.00
406,501,1.00
407,501,1.00
408,501,1.00
409,501,1.00
409,502,1.00
409,503,1.00
409,504,1.00
409,505,0.23
406,500,0.23
407,500,1.00
408,500,1.00
409,500,1.00
410,500,1.00
410,501,1.00
410,502,1.00
410,503,1.00
410,504,0.74
411,500,1.00
411,501,1.00
411,502,1.00
411,503,1.00
411,504,0.11
407,499,0.11
408,499,0.85
409,499,1.00
410,499,1.00
411,499,1.00
412,499,1.00
412,500,1.00
412,501,1.00
412,502,1.00
412,503,1.00
413,499,1.00
413,500,1.00
413,501,1.00
413,502,1.00
413,503,1.00
414,499,1.00
414,500,1.00
414,501,1.00
414,502,1.00
414,503,1.00
415,499,1.00
415,500,1.00
415,501,1.00
415,502,1.00
415,503,1.00
416,499,1.00
416,500,1.00
416,501,1.00
416,502,1.00
416,503,1.00
417,499,1.00
417,500,1.00
417,501,1.00
417,502,1.00
417,503,0.74
418,499,1.00
418,500,1.00
418,501,1.00
418,502,1.00
418,503,0.11
414,498,0.11
415,498,0.74
416,498,1.00
417,498,1.00
418,498,1.00
419,498,1.00
419,499,1.00
419,500,1.00
419,501,1.00
419,502,1.00
420,498,1.00
420,499,1.00
420,500,1.00
420,501,1.00
420,502,1.00
421,498,1.00
421,499,1.00
421,500,1.00
421,501,1.00
421,502,1.00
422,498,1.00
422,499,1.00
422,500,1.00
422,501,1.00
422,502,0.23
418,497,0.11
419,497,0.62
420,497,1.00
421,497,1.00
422,497,1.00
423,497,1.00
423,498,1.00
423,499,1.00
423,500,1.00
423,501,1.00
424,497,1.00
424,498,1.00
424,499,1.00
424,500,1.00
424,501,0.62
425,497,1.00
425,498,1.00
425,499,1.00
425,500,1.00
425,501,0.11
422,496,0.11
423,496,0.62
424,496,1.00
425,496,1.00
426,496,1.00
426,497,1.00
426,498,1.00
426,499,1.00
426,500,1.00
427,496,1.00
427,497,1.00
427,498,1.00
427,499,1.00
427,500,0.62
428,496,1.00
428,497,1.00
428,498,1.00
428,499,1.00
428,500,0.11
425,495,0.11
426,495,0.74
427,495,1.00
428,495,1.00
429,495,1.00
429,496,1.00
429,497,1.00
429,498,1.00
429,499,1.00
430,495,1.00
430,496,1.00
430,497,1.00
430,498,1.00
430,499,1.00
431,495,1.00
431,496,1.00
431,497,1.00
431,498,1.00
431,499,0.74
432,495,1.00
432,496,1.00
432,497,1.00
432,498,1.00
432,499,0.11
428,494,0.11
429,494,0.62
430,494,1.00
431,494,1.00
432,494,1.00
433,494,1.00
433,495,1.00
433,496,1.00
433,497,1.00
433,498,1.00
434,494,1.00
434,495,1.00
434,496,1.00
434,497,1.00
434,498,1.00
435,494,1.00
435,495,1.00
435,496,1.00
435,497,1.00
435,498,0.62
436,494,1.00
436,495,1.00
436,496,1.00
436,497,1.00
436,498,0.11
432,493,0.11
433,493,0.74
434,493,1.00
435,493,1.00
436,493,1.00
437,493,1.00
437,494,1.00
437,495,1.00
437,496,1.00
437,497,1.00
438,493,1.00
438,494,1.00
438,495,1.00
438,496,1.00
438,497,1.00
439,493,1.00
439,494,1.00
439,495,1.00
439,496,1.00
439,497,0.85
440,493,1.00
440,494,1.00
440,495,1.00
440,496,1.00
440,497,0.11
436,492,0.23
437,492,1.00
438,492,1.00
439,492,1.00
440,492,1.00
441,492,1.00
441,493,1.00
441,494,1.00
441,495,1.00
441,496,1.00
442,492,1.00
442,493,1.00
442,494,1.00
442,495,1.00
442,496,1.00
443,492,1.00
443,493,1.00
443,494,1.00
443,495,1.00
443,496,0.23
440,491,0.34
441,491,1.00
442,491,1.00
443,491,1.00
444,491,1.00
444,492,1.00
444,493,1.00
444,494,1.00
444,495,1.00
445,491,1.00
445,492,1.00
445,493,1.00
445,494,1.00
445,495,1.00
446,491,1.00
446,492,1.00
446,493,1.00
446,494,1.00
446,495,1.00
447,491,1.00
447,492,1.00
447,493,1.00
447,494,1.00
447,495,1.00
448,491,1.00
448,492,1.00
448,493,1.00
448,494,1.00
448,495,1.00
449,491,1.00
449,492,1.00
449,493,1.00
449,494,1.00
449,495,1.00
450,491,1.00
450,492,1.00
450,493,1.00
450,494,1.00
450,495,1.00
451,491,1.00
451,492,1.00
451,493,1.00
451,494,1.00
451,495,1.00
452,491,1.00
452,492,1.00
452,493,1.00
452,494,1.00
452,495,0.34
449,490,0.23
450,490,1.00
451,490,1.00
452,490,1.00
453,490,1.00
453,491,1.00
453,492,1.00
453,493,1.00
453,494,1.00
454,490,1.00
454,491,1.00
454,492,1.00
454,493,1.00
454,494,1.00
455,490,1.00
455,491,1.00
455,492,1.00
455,493,1.00
455,494,0.23
452,489,0.11
453,489,0.74
454,489,1.00
455,489,1.00
456,489,1.00
456,490,1.00
456,491,1.00
456,492,1.00
456,493,1.00
457,489,1.00
457,490,1.00
457,491,1.00
457,492,1.00
457,493,1.00
458,489,1.00
458,490,1.00
458,491,1.00
458,492,1.00
458,493,1.00
459,489,0.34
459,490,1.00
459,491,1.00
459,492,1.00
459,493,0.34

454,490,0.11
455,490,0.51
456,490,0.67
457,490,0.51
458,490,0.11
454,491,0.51
455,491,1.00
456,491,1.00
457,491,1.00
458,491,0.51
454,492,0.67
455,492,1.00
456,492,1.00
457,492,1.00
458,492,0.67
454,493,0.51
455,493,1.00
456,493,1.00
457,493,1.00
458,493,0.51
454,494,0.11
455,494,0.51
456,494,0.67
457,494,0.51
458,494,0.11

462,490,0.34
463,490,1.00
464,490,1.00
465,490,1.00
466,490,1.00
462,491,1.00
463,491,1.00
464,491,1.00
465,491,1.00
466,491,1.00
462,492,1.00
463,492,1.00
464,492,1.00
465,492,1.00
466,492,1.00
462,493,1.00
463,493,1.00
464,493,1.00
465,493,1.00
466,493,1.00
462,494,0.34
463,494,1.00
464,494,1.00
465,494,1.00
466,494,1.00
467,490,1.00
467,491,1.00
467,492,1.00
467,493,1.00
467,494,1.00
468,490,1.00
468,491,1.00
468,492,1.00
468,493,1.00
468,494,0.34
465,489,0.23
466,489,1.00
467,489,1.00
468,489,1.00
469,489,1.00
469,490,1.00
469,491,1.00
469,492,1.00
469,493,1.00
470,489,1.00
470,490,1.00
470,491,1.00
470,492,1.00
470,493,0.62
471,489,1.00
471,490,1.00
471,491,1.00
471,492,1.00
471,493,0.11
467,488,0.11
468,488,0.74
469,488,1.00
470,488,1.00
471,488,1.00
472,488,1.00
472,489,1.00
472,490,1.00
472,491,1.00
472,492,1.00
473,488,1.00
473,489,1.00
473,490,1.00
473,491,1.00
473,492,0.23
469,487,0.34
470,487,1.00
471,487,1.00
472,487,1.00
473,487,1.00
474,487,1.00
474,488,1.00
474,489,1.00
474,490,1.00
474,491,0.11
471,486,0.23
472,486,1.00
473,486,1.00
474,486,1.00
475,486,1.00
475,487,1.00
475,488,1.00
475,489,1.00
475,490,0.23
472,485,0.11
473,485,0.62
474,485,1.00
475,485,1.00
476,485,1.00
476,486,1.00
476,487,1.00
476,488,1.00
476,489,0.62
477,485,1.00
477,486,1.00
477,487,1.00
477,488,1.00
477,489,0.11
474,484,0.23
475,484,1.00
476,484,1.00
477,484,1.00
478,484,1.00
478,485,1.00
478,486,1.00
478,487,1.00
478,488,0.23
475,483,0.23
476,483,1.00
477,483,1.00
478,483,1.00
479,483,1.00
479,484,1.00
479,485,1.00
479,486,1.00
479,487,0.23
476,482,0.62
477,482,1.00
478,482,1.00
479,482,1.00
480,482,1.00
480,483,1.00
480,484,1.00
480,485,0.62
480,486,0.11
476,481,0.11
477,481,1.00
478,481,1.00
479,481,1.00
480,481,1.00
477,480,0.62
478,480,1.00
479,480,1.00
480,480,1.00
481,480,1.00
481,481,1.00
481,482,1.00
481,483,0.62
481,484,0.11
477,479,0.11
478,479,1.00
479,479,1.00
480,479,1.00
481,479,1.00
478,478,0.11
479,478,1.00
480,478,1.00
481,478,1.00
482,478,1.00
482,479,1.00
482,480,1.00
482,481,1.00
482,482,0.11
479,477,0.11
480,477,1.00
481,477,1.00
482,477,1.00
483,477,1.00
483,478,1.00
483,479,1.00
483,480,1.00
483,481,0.11
480,476,0.11
481,476,1.00
482,476,1.00
483,476,1.00
484,476,1.00
484,477,1.00
484,478,1.00
484,479,1.00
484,480,0.11
481,475,0.23
482,475,1.00
483,475,1.00
484,475,1.00
485,475,1.00
485,476,1.00
485,477,1.00
485,478,1.00
485,479,0.23
482,474,0.34
483,474,1.00
484,474,1.00
485,474,1.00
486,474,1.00
486,475,1.00
486,476,1.00
486,477,1.00
486,478,0.34
483,473,0.11
484,473,1.00
485,473,1.00
486,473,1.00
487,473,1.00
487,474,1.00
487,475,1.00
487,476,1.00
487,477,0.62
488,473,1.00
488,474,1.00
488,475,1.00
488,476,0.62
488,477,0.11
484,472,0.11
485,472,1.00
486,472,1.00
487,472,1.00
488,472,1.00
485,471,0.11
486,471,1.00
487,471,1.00
488,471,1.00
489,471,1.00
489,472,1.00
489,473,1.00
489,474,1.00
489,475,1.00
490,471,1.00
490,472,1.00
490,473,1.00
490,474,1.00
490,475,0.23
486,470,0.23
487,470,1.00
488,470,1.00
489,470,1.00
490,470,1.00
491,470,1.00
491,471,1.00
491,472,1.00
491,473,1.00
491,474,0.23
487,469,0.11
488,469,0.85
489,469,1.00
490,469,1.00
491,469,1.00
492,469,1.00
492,470,1.00
492,471,1.00
492,472,1.00
492,473,0.34
489,468,0.34
490,468,1.00
491,468,1.00
492,468,1.00
493,468,1.00
493,469,1.00
493,470,1.00
493,471,1.00
493,472,1.00
494,468,1.00
494,469,1.00
494,470,1.00
494,471,1.00
494,472,0.23
490,467,0.11
491,467,0.97
492,467,1.00
493,467,1.00
494,467,1.00
495,467,1.00
495,468,1.00
495,469,1.00
495,470,1.00
495,471,1.00
496,467,1.00
496,468,1.00
496,469,1.00
496,470,1.00
496,471,1.00
497,467,1.00
497,468,1.00
497,469,1.00
497,470,1.00
497,471,1.00
498,467,1.00
498,468,1.00
498,469,1.00
498,470,1.00
498,471,1.00
499,467,1.00
500,467,0.62
499,468,1.00
500,468,1.00
499,469,1.00
500,469,1.00
499,470,1.00
500,470,1.00
499,471,1.00
500,471,1.00
501,467,0.11
501,468,1.00
501,469,1.00
501,470,1.00
501,471,1.00
502,468,1.00
502,469,1.00
502,470,1.00
502,471,1.00
498,472,0.23
499,472,1.00
500,472,1.00
501,472,1.00
502,472,1.00
503,468,0.23
503,469,1.00
503,470,1.00
503,471,1.00
503,472,1.00
504,469,1.00
504,470,1.00
504,471,1.00
504,472,1.00
500,473,0.11
501,473,0.74
502,473,1.00
503,473,1.00
504,473,1.00
505,469,0.23
505,470,1.00
505,471,1.00
505,472,1.00
505,473,1.00
506,470,1.00
506,471,1.00
506,472,1.00
506,473,1.00
502,474,0.23
503,474,1.00
504,474,1.00
505,474,1.00
506,474,1.00
507,470,0.23
507,471,1.00
507,472,1.00
507,473,1.00
507,474,1.00
508,471,0.85
508,472,1.00
508,473,1.00
508,474,1.00
504,475,0.34
505,475,1.00
506,475,1.00
507,475,1.00
508,475,1.00
509,471,0.11
509,472,1.00
509,473,1.00
509,474,1.00
509,475,1.00
505,476,0.11
506,476,0.74
507,476,1.00
508,476,1.00
509,476,1.00
510,472,0.74
510,473,1.00
510,474,1.00
510,475,1.00
510,476,1.00
511,472,0.11
511,473,1.00
511,474,1.00
511,475,1.00
511,476,1.00
507,477,0.11
508,477,0.74
509,477,1.00
510,477,1.00
511,477,1.00
512,473,0.23
512,474,1.00
512,475,1.00
512,476,1.00
512,477,1.00
513,474,0.23
513,475,1.00
513,476,1.00
513,477,1.00
509,478,0.23
510,478,1.00
511,478,1.00
512,478,1.00
513,478,1.00
514,475,1.00
514,476,1.00
514,477,1.00
514,478,1.00
510,479,0.69
511,479,1.00
512,479,1.00
513,479,1.00
514,479,1.00
515,475,0.11
515,476,1.00
515,477,1.00
515,478,1.00
515,479,1.00
511,480,0.11
512,480,0.74
513,480,1.00
514,480,1.00
515,480,1.00
516,476,0.23
516,477,1.00
516,478,1.00
516,479,1.00
516,480,1.00
517,477,0.74
517,478,1.00
517,479,1.00
517,480,1.00
513,481,0.23
514,481,1.00
515,481,1.00
516,481,1.00
517,481,1.00
518,477,0.11
518,478,1.00
518,479,1.00
518,480,1.00
518,481,1.00
514,482,0.11
515,482,0.85
516,482,1.00
517,482,1.00
518,482,1.00
519,478,1.00
519,479,1.00
519,480,1.00
519,481,1.00
519,482,1.00
520,478,0.23
520,479,1.00
520,480,1.00
520,481,1.00
520,482,1.00
521,479,1.00
521,480,1.00
521,481,1.00
521,482,1.00
517,483,0.11
518,483,0.74
519,483,1.00
520,483,1.00
521,483,1.00
522,479,1.00
522,480,1.00
522,481,1.00
522,482,1.00
522,483,1.00
523,479,0.23
523,480,1.00
523,481,1.00
523,482,1.00
523,483,1.00
524,480,1.00
524,481,1.00
524,482,1.00
524,483,1.00
520,484,0.34
521,484,1.00
522,484,1.00
523,484,1.00
524,484,1.00
525,480,0.46
525,481,1.00
525,482,1.00
525,483,1.00
525,484,0.46

573,511,1.00
574,511,1.00
575,511,1.00
576,511,1.00
577,511,0.85
573,512,1.00
574,512,1.00
575,512,1.00
576,512,1.00
577,512,1.00
573,513,1.00
574,513,1.00
575,513,1.00
576,513,1.00
577,513,1.00
573,514,1.00
574,514,1.00
575,514,1.00
576,514,1.00
577,514,1.00
573,515,0.34
574,515,1.00
575,515,1.00
576,515,1.00
577,515,0.34
573,510,1.00
574,510,1.00
575,510,1.00
576,510,1.00
577,510,0.11
572,510,1.00
572,511,1.00
572,512,1.00
572,513,1.00
572,514,0.11
572,509,1.00
573,509,1.00
574,509,1.00
575,509,1.00
576,509,0.11
571,509,1.00
571,510,1.00
571,511,1.00
571,512,1.00
571,513,0.57
570,508,1.00
571,508,1.00
572,508,1.00
573,508,1.00
574,508,0.46
570,509,1.00
570,510,1.00
570,511,1.00
570,512,1.00
569,508,1.00
569,509,1.00
569,510,1.00
569,511,1.00
569,512,0.23
569,507,1.00
570,507,1.00
571,507,1.00
572,507,0.74
573,507,0.11
568,507,1.00
568,508,1.00
568,509,1.00
568,510,1.00
568,511,0.74
567,507,1.00
567,508,1.00
567,509,1.00
567,510,1.00
567,511,0.11
567,506,1.00
568,506,1.00
569,506,1.00
570,506,0.74
571,506,0.11
566,506,1.00
566,507,1.00
566,508,1.00
566,509,1.00
566,510,1.00
565,506,1.00
565,507,1.00
565,508,1.00
565,509,1.00
565,510,1.00
564,506,1.00
564,507,1.00
564,508,1.00
564,509,1.00
564,510,1.00
563,506,1.00
563,507,1.00
563,508,1.00
563,509,1.00
563,510,0.23
562,505,1.00
563,505,1.00
564,505,1.00
565,505,1.00
566,505,0.23
562,506,1.00
562,507,1.00
562,508,1.00
562,509,1.00
561,505,1.00
561,506,1.00
561,507,1.00
561,508,1.00
561,509,0.74
560,505,1.00
560,506,1.00
560,507,1.00
560,508,1.00
560,509,0.11
559,504,1.00
560,504,1.00
561,504,1.00
562,504,1.00
563,504,0.23
559,505,1.00
559,506,1.00
559,507,1.00
559,508,1.00
558,504,1.00
558,505,1.00
558,506,1.00
558,507,1.00
558,508,0.62
557,504,1.00
557,505,1.00
557,506,1.00
557,507,1.00
557,508,0.11
557,503,1.00
558,503,1.00
559,503,1.00
560,503,1.00
561,503,0.23
556,503,1.00
556,504,1.00
556,505,1.00
556,506,1.00
556,507,0.34
555,502,1.00
556,502,1.00
557,502,1.00
558,502,1.00
559,502,0.23
555,503,1.00
555,504,1.00
555,505,1.00
555,506,1.00
554,502,1.00
554,503,1.00
554,504,1.00
554,505,1.00
554,506,0.23
554,501,1.00
555,501,1.00
556,501,1.00
557,501,1.00
558,501,0.23
553,501,1.00
553,502,1.00
553,503,1.00
553,504,1.00
553,505,0.23
553,500,1.00
554,500,1.00
555,500,1.00
556,500,0.85
557,500,0.11
552,500,1.00
552,501,1.00
552,502,1.00
552,503,1.00
552,504,0.34
551,499,1.00
552,499,1.00
553,499,1.00
554,499,1.00
555,499,0.34
551,500,1.00
551,501,1.00
551,502,1.00
551,503,0.34
550,498,1.00
551,498,1.00
552,498,1.00
553,498,1.00
554,498,0.23
550,499,1.00
550,500,1.00
550,501,1.00
550,502,0.23
549,497,1.00
550,497,1.00
551,497,1.00
552,497,1.00
553,497,0.11
549,498,1.00
549,499,1.00
549,500,1.00
549,501,0.62
548,497,1.00
548,498,1.00
548,499,1.00
548,500,1.00
548,501,0.11
548,496,1.00
549,496,1.00
550,496,1.00
551,496,0.62
552,496,0.11
547,496,1.00
547,497,1.00
547,498,1.00
547,499,1.00
547,500,0.11
546,495,1.00
547,495,1.00
548,495,1.00
549,495,1.00
550,495,0.11
546,496,1.00
546,497,1.00
546,498,1.00
546,499,0.62
545,495,1.00
545,496,1.00
545,497,1.00
545,498,1.00
545,499,0.11
545,494,1.00
546,494,1.00
547,494,1.00
548,494,0.62
549,494,0.11
544,494,1.00
544,495,1.00
544,496,1.00
544,497,1.00
544,498,0.11
543,493,1.00
544,493,1.00
545,493,1.00
546,493,1.00
547,493,0.11
543,494,1.00
543,495,1.00
543,496,1.00
543,497,0.11
542,492,1.00
543,492,1.00
544,492,1.00
545,492,1.00
546,492,0.11
542,493,1.00
542,494,1.00
542,495,1.00
542,496,0.11
541,491,1.00
542,491,1.00
543,491,1.00
544,491,1.00
545,491,0.11
541,492,1.00
541,493,1.00
541,494,1.00
541,495,0.62
540,491,1.00
540,492,1.00
540,493,1.00
540,494,1.00
540,495,0.11
540,490,1.00
541,490,1.00
542,490,1.00
543,490,0.85
544,490,0.11
539,490,1.00
539,491,1.00
539,492,1.00
539,493,1.00
539,494,0.34
538,489,1.00
539,489,1.00
540,489,1.00
541,489,1.00
542,489,0.23
538,490,1.00
538,491,1.00
538,492,1.00
538,493,1.00
537,489,1.00
537,490,1.00
537,491,1.00
537,492,1.00
537,493,0.23
536,488,1.00
537,488,1.00
538,488,1.00
539,488,1.00
540,488,0.23
536,489,1.00
536,490,1.00
536,491,1.00
536,492,0.23
535,487,1.00
536,487,1.00
537,487,1.00
538,487,0.62
539,487,0.11
535,488,1.00
535,489,1.00
535,490,1.00
535,491,1.00
534,487,1.00
534,488,1.00
534,489,1.00
534,490,1.00
534,491,0.62
533,487,1.00
533,488,1.00
533,489,1.00
533,490,1.00
533,491,0.11
532,486,1.00
533,486,1.00
534,486,1.00
535,486,0.62
536,486,0.11
532,487,1.00
532,488,1.00
532,489,1.00
532,490,0.62
531,486,1.00
531,487,1.00
531,488,1.00
531,489,1.00
531,490,0.11
530,485,1.00
531,485,1.00
532,485,1.00
533,485,1.00
534,485,0.11
530,486,1.00
530,487,1.00
530,488,1.00
530,489,0.11
529,484,1.00
530,484,1.00
531,484,1.00
532,484,0.62
533,484,0.11
529,485,1.00
529,486,1.00
529,487,1.00
529,488,0.62
528,484,1.00
528,485,1.00
528,486,1.00
528,487,1.00
528,488,0.11
527,483,1.00
528,483,1.00
529,483,1.00
530,483,0.62
531,483,0.11
527,484,1.00
527,485,1.00
527,486,1.00
527,487,0.62
526,483,1.00
526,484,1.00
526,485,1.00
526,486,1.00
526,487,0.11
525,482,1.00
526,482,1.00
527,482,1.00
528,482,0.62
529,482,0.11
525,483,1.00
525,484,1.00
525,485,1.00
525,486,0.62
524,482,1.00
524,483,1.00
524,484,1.00
524,485,1.00
524,486,0.11
523,481,1.00
524,481,1.00
525,481,1.00
526,481,0.62
527,481,0.11
523,482,1.00
523,483,1.00
523,484,1.00
523,485,0.62
522,481,1.00
522,482,1.00
522,483,1.00
522,484,1.00
522,485,0.11
521,480,1.00
522,480,1.00
523,480,1.00
524,480,1.00
525,480,0.11
521,481,1.00
521,482,1.00
521,483,1.00
521,484,0.62
520,480,1.00
520,481,1.00
520,482,1.00
520,483,1.00
520,484,0.11
520,479,1.00
521,479,1.00
522,479,1.00
523,479,0.62
524,479,0.11
519,479,1.00
519,480,1.00
519,481,1.00
519,482,1.00
519,483,1.00
518,479,1.00
518,480,1.00
518,481,1.00
518,482,1.00
518,483,0.23
517,478,1.00
518,478,1.00
519,478,1.00
520,478,0.62
521,478,0.11
517,479,1.00
517,480,1.00
517,481,1.00
517,482,1.00
516,478,1.00
516,479,1.00
516,480,1.00
516,481,1.00
516,482,1.00
515,478,0.62
515,479,1.00
515,480,1.00
515,481,1.00
515,482,0.62
514,478,0.11
514,479,0.51
514,480,0.67
514,481,0.51
514,482,0.11

574,512,0.11
575,512,0.51
576,512,0.67
577,512,0.51
578,512,0.11
574,513,0.51
575,513,1.00
576,513,1.00
577,513,1.00
578,513,0.51
574,514,0.67
575,514,1.00
576,514,1.00
577,514,1.00
578,514,0.67
574,515,0.51
575,515,1.00
576,515,1.00
577,515,1.00
578,515,0.51
574,516,0.11
575,516,0.51
576,516,0.67
577,516,0.51
578,516,0.11

577,512,0.11
578,512,0.51
579,512,0.67
580,512,0.51
581,512,0.11
577,513,0.51
578,513,1.00
579,513,1.00
580,513,1.00
581,513,0.51
577,514,0.67
578,514,1.00
579,514,1.00
580,514,1.00
581,514,0.67
577,515,0.51
578,515,1.00
579,515,1.00
580,515,1.00
581,515,0.51
577,516,0.11
578,516,0.51
579,516,0.67
580,516,0.51
581,516,0.11

562,503,0.11
563,503,0.51
564,503,0.67
565,503,0.51
566,503,0.11
562,504,0.51
563,504,1.00
564,504,1.00
565,504,1.00
566,504,0.51
562,505,0.67
563,505,1.00
564,505,1.00
565,505,1.00
566,505,0.67
562,506,0.51
563,506,1.00
564,506,1.00
565,506,1.00
566,506,0.51
562,507,0.11
563,507,0.51
564,507,0.67
565,507,0.51
566,507,0.11

558,500,0.11
559,500,0.51
560,500,0.67
561,500,0.51
562,500,0.11
558,501,0.51
559,501,1.00
560,501,1.00
561,501,1.00
562,501,0.51
558,502,0.67
559,502,1.00
560,502,1.00
561,502,1.00
562,502,0.67
558,503,0.51
559,503,1.00
560,503,1.00
561,503,1.00
562,503,0.51
558,504,0.11
559,504,0.51
560,504,0.67
561,504,0.51
562,504,0.11

575,515,1.00
576,515,1.00
577,515,1.00
578,515,1.00
579,515,0.23
575,516,1.00
576,516,1.00
577,516,1.00
578,516,1.00
579,516,1.00
575,517,1.00
576,517,1.00
577,517,1.00
578,517,1.00
579,517,1.00
575,518,1.00
576,518,1.00
577,518,1.00
578,518,1.00
579,518,1.00
575,519,1.00
576,519,1.00
577,519,1.00
578,519,1.00
579,519,0.23
574,515,1.00
574,516,1.00
574,517,1.00
574,518,1.00
574,519,1.00
573,515,1.00
573,516,1.00
573,517,1.00
573,518,1.00
573,519,1.00
572,515,0.74
572,516,1.00
572,517,1.00
572,518,1.00
572,519,1.00
571,515,0.11
571,516,1.00
571,517,1.00
571,518,1.00
571,519,1.00
571,520,1.00
572,520,1.00
573,520,1.00
574,520,1.00
575,520,0.23
570,516,1.00
570,517,1.00
570,518,1.00
570,519,1.00
570,520,1.00
569,516,1.00
569,517,1.00
569,518,1.00
569,519,1.00
569,520,1.00
568,516,1.00
568,517,1.00
568,518,1.00
568,519,1.00
568,520,1.00
567,516,1.00
567,517,1.00
567,518,1.00
567,519,1.00
567,520,1.00
566,516,1.00
566,517,1.00
566,518,1.00
566,519,1.00
566,520,1.00
564,516,1.00
565,516,1.00
564,517,1.00
565,517,1.00
564,518,1.00
565,518,1.00
564,519,1.00
565,519,1.00
564,520,1.00
565,520,1.00
563,516,1.00
563,517,1.00
563,518,1.00
563,519,1.00
563,520,1.00
562,516,0.62
562,517,1.00
562,518,1.00
562,519,1.00
562,520,1.00
561,516,0.11
561,517,1.00
561,518,1.00
561,519,1.00
561,520,1.00
559,517,1.00
560,517,1.00
559,518,1.00
560,518,1.00
559,519,1.00
560,519,1.00
559,520,1.00
560,520,1.00
559,521,1.00
560,521,1.00
561,521,1.00
562,521,0.62
563,521,0.11
558,517,0.78
558,518,1.00
558,519,1.00
558,520,1.00
558,521,1.00
556,517,0.11
557,517,0.51
556,518,1.00
557,518,1.00
556,519,1.00
557,519,1.00
556,520,1.00
557,520,1.00
556,521,1.00
557,521,1.00
555,518,1.00
555,519,1.00
555,520,1.00
555,521,1.00
555,522,1.00
556,522,1.00
557,522,0.78
558,522,0.51
559,522,0.11
553,518,0.62
554,518,1.00
553,519,1.00
554,519,1.00
553,520,1.00
554,520,1.00
553,521,1.00
554,521,1.00
553,522,1.00
554,522,1.00
552,518,0.11
552,519,1.00
552,520,1.00
552,521,1.00
552,522,1.00
551,519,1.00
551,520,1.00
551,521,1.00
551,522,1.00
551,523,1.00
552,523,1.00
553,523,1.00
554,523,0.62
555,523,0.11
550,519,1.00
550,520,1.00
550,521,1.00
550,522,1.00
550,523,1.00
549,519,0.62
549,520,1.00
549,521,1.00
549,522,1.00
549,523,1.00
548,519,0.11
548,520,1.00
548,521,1.00
548,522,1.00
548,523,1.00
546,520,0.78
547,520,1.00
546,521,1.00
547,521,1.00
546,522,1.00
547,522,1.00
546,523,1.00
547,523,1.00
546,524,0.78
547,524,1.00
548,524,0.78
549,524,0.51
550,524,0.11
544,520,0.62
545,520,0.62
544,521,1.00
545,521,1.00
544,522,1.00
545,522,1.00
544,523,1.00
545,523,1.00
544,524,0.62
545,524,0.62
541,520,1.00
542,520,1.00
543,520,0.78
541,521,1.00
542,521,1.00
543,521,1.00
541,522,1.00
542,522,1.00
543,522,1.00
541,523,1.00
542,523,1.00
543,523,1.00
541,524,1.00
542,524,1.00
543,524,0.78
539,520,1.00
540,520,1.00
539,521,1.00
540,521,1.00
539,522,1.00
540,522,1.00
539,523,1.00
540,523,1.00
539,524,1.00
540,524,1.00
538,520,0.62
538,521,1.00
538,522,1.00
538,523,1.00
538,524,1.00
537,520,0.11
537,521,1.00
537,522,1.00
537,523,1.00
537,524,1.00
535,521,1.00
536,521,1.00
535,522,1.00
536,522,1.00
535,523,1.00
536,523,1.00
535,524,1.00
536,524,1.00
535,525,1.00
536,525,1.00
537,525,1.00
538,525,0.62
539,525,0.11
534,521,1.00
534,522,1.00
534,523,1.00
534,524,1.00
534,525,1.00
533,521,1.00
533,522,1.00
533,523,1.00
533,524,1.00
533,525,1.00
532,521,0.74
532,522,1.00
532,523,1.00
532,524,1.00
532,525,1.00
531,521,0.11
531,522,1.00
531,523,1.00
531,524,1.00
531,525,1.00
530,522,1.00
530,523,1.00
530,524,1.00
530,525,1.00
530,526,1.00
531,526,1.00
532,526,0.78
533,526,0.51
534,526,0.11
528,522,1.00
529,522,1.00
528,523,1.00
529,523,1.00
528,524,1.00
529,524,1.00
528,525,1.00
529,525,1.00
528,526,1.00
529,526,1.00
527,522,0.90
527,523,1.00
527,524,1.00
527,525,1.00
527,526,0.90
525,522,0.90
526,522,1.00
525,523,1.00
526,523,1.00
525,524,1.00
526,524,1.00
525,525,1.00
526,525,1.00
525,526,0.90
526,526,1.00
523,522,0.90
524,522,1.00
523,523,1.00
524,523,1.00
523,524,1.00
524,524,1.00
523,525,1.00
524,525,1.00
523,526,0.90
524,526,1.00
521,522,1.00
522,522,1.00
521,523,1.00
522,523,1.00
521,524,1.00
522,524,1.00
521,525,1.00
522,525,1.00
521,526,1.00
522,526,1.00
519,522,1.00
520,522,1.00
519,523,1.00
520,523,1.00
519,524,1.00
520,524,1.00
519,525,1.00
520,525,1.00
519,526,1.00
520,526,1.00
518,522,1.00
518,523,1.00
518,524,1.00
518,525,1.00
518,526,1.00
517,522,1.00
517,523,1.00
517,524,1.00
517,525,1.00
517,526,1.00
516,522,1.00
516,523,1.00
516,524,1.00
516,525,1.00
516,526,1.00
515,522,1.00
515,523,1.00
515,524,1.00
515,525,1.00
515,526,1.00
514,522,1.00
514,523,1.00
514,524,1.00
514,525,1.00
514,526,1.00
513,522,0.62
513,523,1.00
513,524,1.00
513,525,1.00
513,526,1.00
512,522,0.11
512,523,1.00
512,524,1.00
512,525,1.00
512,526,1.00
511,523,0.62
511,524,1.00
511,525,1.00
511,526,1.00
511,527,1.00
512,527,1.00
513,527,1.00
514,527,0.62
515,527,0.11
510,523,0.11
510,524,1.00
510,525,1.00
510,526,1.00
510,527,1.00
508,524,0.11
509,524,0.51
508,525,1.00
509,525,1.00
508,526,1.00
509,526,1.00
508,527,1.00
509,527,1.00
508,528,1.00
509,528,1.00
510,528,1.00
511,528,1.00
512,528,0.11
507,525,0.62
507,526,1.00
507,527,1.00
507,528,1.00
507,529,1.00
508,529,1.00
509,529,1.00
510,529,1.00
511,529,0.11
506,525,0.11
506,526,1.00
506,527,1.00
506,528,1.00
506,529,1.00
506,530,1.00
507,530,1.00
508,530,1.00
509,530,0.62
510,530,0.11
505,526,0.62
505,527,1.00
505,528,1.00
505,529,1.00
505,530,1.00
504,526,0.11
504,527,1.00
504,528,1.00
504,529,1.00
504,530,1.00
503,527,1.00
503,528,1.00
503,529,1.00
503,530,1.00
503,531,1.00
504,531,1.00
505,531,1.00
506,531,1.00
507,531,0.23
502,527,0.62
502,528,1.00
502,529,1.00
502,530,1.00
502,531,1.00
501,527,0.11
501,528,1.00
501,529,1.00
501,530,1.00
501,531,1.00
500,528,1.00
500,529,1.00
500,530,1.00
500,531,1.00
500,532,1.00
501,532,1.00
502,532,1.00
503,532,0.62
504,532,0.11
499,528,0.78
499,529,1.00
499,530,1.00
499,531,1.00
499,532,1.00
497,528,0.11
498,528,0.51
497,529,1.00
498,529,1.00
497,530,1.00
498,530,1.00
497,531,1.00
498,531,1.00
497,532,1.00
498,532,1.00
495,529,0.11
496,529,0.51
495,530,1.00
496,530,1.00
495,531,1.00
496,531,1.00
495,532,1.00
496,532,1.00
495,533,1.00
496,533,1.00
497,533,1.00
498,533,0.51
499,533,0.11
493,530,0.78
494,530,1.00
493,531,1.00
494,531,1.00
493,532,1.00
494,532,1.00
493,533,1.00
494,533,1.00
493,534,1.00
494,534,1.00
495,534,0.78
496,534,0.51
497,534,0.11
491,530,0.11
492,530,0.51
491,531,1.00
492,531,1.00
491,532,1.00
492,532,1.00
491,533,1.00
492,533,1.00
491,534,1.00
492,534,1.00
490,531,0.78
490,532,1.00
490,533,1.00
490,534,1.00
490,535,1.00
491,535,1.00
492,535,0.78
493,535,0.51
494,535,0.11
488,531,0.11
489,531,0.51
488,532,1.00
489,532,1.00
488,533,1.00
489,533,1.00
488,534,1.00
489,534,1.00
488,535,1.00
489,535,1.00
487,532,0.78
487,533,1.00
487,534,1.00
487,535,1.00
487,536,1.00
488,536,1.00
489,536,0.78
490,536,0.51
491,536,0.11
485,532,0.11
486,532,0.51
485,533,1.00
486,533,1.00
485,534,1.00
486,534,1.00
485,535,1.00
486,535,1.00
485,536,1.00
486,536,1.00
483,533,0.62
484,533,0.62
483,534,1.00
484,534,1.00
483,535,1.00
484,535,1.00
483,536,1.00
484,536,1.00
483,537,0.62
484,537,0.62
485,537,0.67
486,537,0.51
487,537,0.11
480,533,0.11
481,533,0.51
482,533,0.67
480,534,1.00
481,534,1.00
482,534,1.00
480,535,1.00
481,535,1.00
482,535,1.00
480,536,1.00
481,536,1.00
482,536,1.00
480,537,1.00
481,537,1.00
482,537,0.67
477,534,0.62
478,534,0.62
479,534,0.67
477,535,1.00
478,535,1.00
479,535,1.00
477,536,1.00
478,536,1.00
479,536,1.00
477,537,1.00
478,537,1.00
479,537,1.00
477,538,0.62
478,538,0.62
479,538,0.67
480,538,0.51
481,538,0.11
474,534,0.62
475,534,0.62
476,534,0.67
474,535,1.00
475,535,1.00
476,535,1.00
474,536,1.00
475,536,1.00
476,536,1.00
474,537,1.00
475,537,1.00
476,537,1.00
474,538,0.62
475,538,0.62
476,538,0.67
471,534,0.62
472,534,0.62
473,534,0.67
471,535,1.00
472,535,1.00
473,535,1.00
471,536,1.00
472,536,1.00
473,536,1.00
471,537,1.00
472,537,1.00
473,537,1.00
471,538,0.62
472,538,0.62
473,538,0.67
468,534,0.78
469,534,1.00
470,534,0.78
468,535,1.00
469,535,1.00
470,535,1.00
468,536,1.00
469,536,1.00
470,536,1.00
468,537,1.00
469,537,1.00
470,537,1.00
468,538,0.78
469,538,1.00
470,538,0.78
466,534,0.11
467,534,0.51
466,535,1.00
467,535,1.00
466,536,1.00
467,536,1.00
466,537,1.00
467,537,1.00
466,538,1.00
467,538,1.00
463,535,0.62
464,535,0.62
465,535,0.67
463,536,1.00
464,536,1.00
465,536,1.00
463,537,1.00
464,537,1.00
465,537,1.00
463,538,1.00
464,538,1.00
465,538,1.00
463,539,0.62
464,539,0.62
465,539,0.67
466,539,0.51
467,539,0.11
460,535,0.62
461,535,0.62
462,535,0.67
460,536,1.00
461,536,1.00
462,536,1.00
460,537,1.00
461,537,1.00
462,537,1.00
460,538,1.00
461,538,1.00
462,538,1.00
460,539,0.62
461,539,0.62
462,539,0.67
457,535,0.62
458,535,0.62
459,535,0.67
457,536,1.00
458,536,1.00
459,536,1.00
457,537,1.00
458,537,1.00
459,537,1.00
457,538,1.00
458,538,1.00
459,538,1.00
457,539,0.62
458,539,0.62
459,539,0.67
454,535,0.62
455,535,0.62
456,535,0.67
454,536,1.00
455,536,1.00
456,536,1.00
454,537,1.00
455,537,1.00
456,537,1.00
454,538,1.00
455,538,1.00
456,538,1.00
454,539,0.62
455,539,0.62
456,539,0.67
451,535,0.90
452,535,1.00
453,535,0.78
451,536,1.00
452,536,1.00
453,536,1.00
451,537,1.00
452,537,1.00
453,537,1.00
451,538,1.00
452,538,1.00
453,538,1.00
451,539,0.90
452,539,1.00
453,539,0.78
449,535,0.90
450,535,1.00
449,536,1.00
450,536,1.00
449,537,1.00
450,537,1.00
449,538,1.00
450,538,1.00
449,539,0.90
450,539,1.00
447,535,0.90
448,535,1.00
447,536,1.00
448,536,1.00
447,537,1.00
448,537,1.00
447,538,1.00
448,538,1.00
447,539,0.90
448,539,1.00
445,535,0.90
446,535,1.00
445,536,1.00
446,536,1.00
445,537,1.00
446,537,1.00
445,538,1.00
446,538,1.00
445,539,0.90
446,539,1.00
443,535,0.78
444,535,1.00
443,536,1.00
444,536,1.00
443,537,1.00
444,537,1.00
443,538,1.00
444,538,1.00
443,539,0.78
444,539,1.00
441,535,0.62
442,535,0.62
441,536,1.00
442,536,1.00
441,537,1.00
442,537,1.00
441,538,1.00
442,538,1.00
441,539,0.62
442,539,0.62
438,535,0.78
439,535,1.00
440,535,0.78
438,536,1.00
439,536,1.00
440,536,1.00
438,537,1.00
439,537,1.00
440,537,1.00
438,538,1.00
439,538,1.00
440,538,1.00
438,539,0.78
439,539,1.00
440,539,0.78
436,535,0.62
437,535,0.62
436,536,1.00
437,536,1.00
436,537,1.00
437,537,1.00
436,538,1.00
437,538,1.00
436,539,0.62
437,539,0.62
433,535,0.62
434,535,0.62
435,535,0.67
433,536,1.00
434,536,1.00
435,536,1.00
433,537,1.00
434,537,1.00
435,537,1.00
433,538,1.00
434,538,1.00
435,538,1.00
433,539,0.62
434,539,0.62
435,539,0.67
430,535,0.62
431,535,0.62
432,535,0.67
430,536,1.00
431,536,1.00
432,536,1.00
430,537,1.00
431,537,1.00
432,537,1.00
430,538,1.00
431,538,1.00
432,538,1.00
430,539,0.62
431,539,0.62
432,539,0.67
427,535,0.62
428,535,0.62
429,535,0.67
427,536,1.00
428,536,1.00
429,536,1.00
427,537,1.00
428,537,1.00
429,537,1.00
427,538,1.00
428,538,1.00
429,538,1.00
427,539,0.62
428,539,0.62
429,539,0.67
424,535,0.62
425,535,0.62
426,535,0.67
424,536,1.00
425,536,1.00
426,536,1.00
424,537,1.00
425,537,1.00
426,537,1.00
424,538,1.00
425,538,1.00
426,538,1.00
424,539,1.00
425,539,0.62
426,539,0.67
421,535,0.11
422,535,0.51
423,535,0.67
421,536,1.00
422,536,1.00
423,536,1.00
421,537,1.00
422,537,1.00
423,537,1.00
421,538,1.00
422,538,1.00
423,538,1.00
421,539,1.00
422,539,1.00
423,539,1.00
420,536,0.78
420,537,1.00
420,538,1.00
420,539,1.00
420,540,1.00
421,540,1.00
422,540,0.78
423,540,0.51
424,540,0.11
418,536,0.11
419,536,0.51
418,537,1.00
419,537,1.00
418,538,1.00
419,538,1.00
418,539,1.00
419,539,1.00
418,540,1.00
419,540,1.00
416,537,0.62
417,537,1.00
416,538,1.00
417,538,1.00
416,539,1.00
417,539,1.00
416,540,1.00
417,540,1.00
416,541,1.00
417,541,1.00
418,541,1.00
419,541,0.62
420,541,0.11
415,537,0.11
415,538,1.00
415,539,1.00
415,540,1.00
415,541,1.00
413,538,1.00
414,538,1.00
413,539,1.00
414,539,1.00
413,540,1.00
414,540,1.00
413,541,1.00
414,541,1.00
413,542,1.00
414,542,1.00
415,542,1.00
416,542,0.62
417,542,0.11
412,538,0.78
412,539,1.00
412,540,1.00
412,541,1.00
412,542,1.00
410,538,0.11
411,538,0.51
410,539,1.00
411,539,1.00
410,540,1.00
411,540,1.00
410,541,1.00
411,541,1.00
410,542,1.00
411,542,1.00
408,539,1.00
409,539,1.00
408,540,1.00
409,540,1.00
408,541,1.00
409,541,1.00
408,542,1.00
409,542,1.00
408,543,1.00
409,543,1.00
410,543,1.00
411,543,0.62
412,543,0.11
407,539,0.62
407,540,1.00
407,541,1.00
407,542,1.00
407,543,1.00
406,539,0.11
406,540,1.00
406,541,1.00
406,542,1.00
406,543,1.00
405,540,1.00
405,541,1.00
405,542,1.00
405,543,1.00
405,544,1.00
406,544,1.00
407,544,0.78
408,544,0.51
409,544,0.11
403,540,1.00
404,540,1.00
403,541,1.00
404,541,1.00
403,542,1.00
404,542,1.00
403,543,1.00
404,543,1.00
403,544,1.00
404,544,1.00
402,540,1.00
402,541,1.00
402,542,1.00
402,543,1.00
402,544,1.00
400,540,1.00
401,540,1.00
400,541,1.00
401,541,1.00
400,542,1.00
401,542,1.00
400,543,1.00
401,543,1.00
400,544,1.00
401,544,1.00
399,540,1.00
399,541,1.00
399,542,1.00
399,543,1.00
399,544,1.00
397,540,0.62
398,540,1.00
397,541,1.00
398,541,1.00
397,542,1.00
398,542,1.00
397,543,1.00
398,543,1.00
397,544,1.00
398,544,1.00
396,540,0.11
396,541,1.00
396,542,1.00
396,543,1.00
396,544,1.00
394,541,0.90
395,541,1.00
394,542,1.00
395,542,1.00
394,543,1.00
395,543,1.00
394,544,1.00
395,544,1.00
394,545,0.90
395,545,1.00
396,545,0.78
397,545,0.51
398,545,0.11
392,541,0.90
393,541,1.00
392,542,1.00
393,542,1.00
392,543,1.00
393,543,1.00
392,544,1.00
393,544,1.00
392,545,0.90
393,545,1.00
390,541,1.00
391,541,1.00
390,542,1.00
391,542,1.00
390,543,1.00
391,543,1.00
390,544,1.00
391,544,1.00
390,545,1.00
391,545,1.00
388,541,1.00
389,541,1.00
388,542,1.00
389,542,1.00
388,543,1.00
389,543,1.00
388,544,1.00
389,544,1.00
388,545,1.00
389,545,1.00
387,541,0.90
387,542,1.00
387,543,1.00
387,544,1.00
387,545,0.90
385,541,1.00
386,541,1.00
385,542,1.00
386,542,1.00
385,543,1.00
386,543,1.00
385,544,1.00
386,544,1.00
385,545,1.00
386,545,1.00
383,541,1.00
384,541,1.00
383,542,1.00
384,542,1.00
383,543,1.00
384,543,1.00
383,544,1.00
384,544,1.00
383,545,1.00
384,545,1.00
382,541,1.00
382,542,1.00
382,543,1.00
382,544,1.00
382,545,1.00
381,541,0.62
381,542,1.00
381,543,1.00
381,544,1.00
381,545,1.00
380,541,0.11
380,542,1.00
380,543,1.00
380,544,1.00
380,545,1.00
378,542,1.00
379,542,1.00
378,543,1.00
379,543,1.00
378,544,1.00
379,544,1.00
378,545,1.00
379,545,1.00
378,546,1.00
379,546,1.00
380,546,1.00
381,546,1.00
382,546,0.23
376,542,0.62
377,542,1.00
376,543,1.00
377,543,1.00
376,544,1.00
377,544,1.00
376,545,1.00
377,545,1.00
376,546,1.00
377,546,1.00
375,542,0.11
375,543,1.00
375,544,1.00
375,545,1.00
375,546,1.00
373,543,1.00
374,543,1.00
373,544,1.00
374,544,1.00
373,545,1.00
374,545,1.00
373,546,1.00
374,546,1.00
373,547,1.00
374,547,1.00
375,547,0.78
376,547,0.51
377,547,0.11
371,543,0.62
372,543,1.00
371,544,1.00
372,544,1.00
371,545,1.00
372,545,1.00
371,546,1.00
372,546,1.00
371,547,1.00
372,547,1.00
370,543,0.11
370,544,1.00
370,545,1.00
370,546,1.00
370,547,1.00
369,544,0.78
369,545,1.00
369,546,1.00
369,547,1.00
369,548,1.00
370,548,1.00
371,548,0.78
372,548,0.51
373,548,0.11
367,544,0.11
368,544,0.51
367,545,1.00
368,545,1.00
367,546,1.00
368,546,1.00
367,547,1.00
368,547,1.00
367,548,1.00
368,548,1.00
366,545,0.11
366,546,1.00
366,547,1.00
366,548,1.00
366,549,1.00
367,549,1.00
368,549,1.00
369,549,1.00
370,549,0.11
365,546,0.78
365,547,1.00
365,548,1.00
365,549,1.00
365,550,1.00
366,550,1.00
367,550,0.78
368,550,0.51
369,550,0.11
363,546,0.11
364,546,0.51
363,547,1.00
364,547,1.00
363,548,1.00
364,548,1.00
363,549,1.00
364,549,1.00
363,550,1.00
364,550,1.00
362,547,1.00
362,548,1.00
362,549,1.00
362,550,1.00
362,551,1.00
363,551,1.00
364,551,1.00
365,551,0.62
366,551,0.11
361,547,1.00
361,548,1.00
361,549,1.00
361,550,1.00
361,551,1.00
360,547,0.62
360,548,1.00
360,549,1.00
360,550,1.00
360,551,1.00
359,547,0.11
359,548,1.00
359,549,1.00
359,550,1.00
359,551,1.00
358,548,1.00
358,549,1.00
358,550,1.00
358,551,1.00
358,552,1.00
359,552,1.00
360,552,1.00
361,552,0.62
362,552,0.11
357,548,1.00
357,549,1.00
357,550,1.00
357,551,1.00
357,552,1.00
356,548,1.00
356,549,1.00
356,550,1.00
356,551,1.00
356,552,1.00
355,548,1.00
355,549,1.00
355,550,1.00
355,551,1.00
355,552,1.00
354,548,1.00
354,549,1.00
354,550,1.00
354,551,1.00
354,552,1.00
353,548,1.00
353,549,1.00
353,550,1.00
353,551,1.00
353,552,1.00
352,548,0.62
352,549,1.00
352,550,1.00
352,551,1.00
352,552,1.00
351,548,0.11
351,549,1.00
351,550,1.00
351,551,1.00
351,552,1.00
351,553,1.00
352,553,1.00
353,553,1.00
354,553,0.62
355,553,0.11
350,549,1.00
350,550,1.00
350,551,1.00
350,552,1.00
350,553,1.00
349,549,1.00
349,550,1.00
349,551,1.00
349,552,1.00
349,553,1.00
348,549,1.00
348,550,1.00
348,551,1.00
348,552,1.00
348,553,1.00
347,549,1.00
347,550,1.00
347,551,1.00
347,552,1.00
347,553,1.00
346,549,0.78
346,550,1.00
346,551,1.00
346,552,1.00
346,553,1.00
344,549,0.11
345,549,0.51
344,550,1.00
345,550,1.00
344,551,1.00
345,551,1.00
344,552,1.00
345,552,1.00
344,553,1.00
345,553,1.00
344,554,1.00
345,554,1.00
346,554,1.00
347,554,0.74
348,554,0.11
343,550,1.00
343,551,1.00
343,552,1.00
343,553,1.00
343,554,1.00
342,550,0.34
342,551,1.00
342,552,1.00
342,553,1.00
342,554,0.34

336,549,0.11
337,549,0.51
338,549,0.67
339,549,0.51
340,549,0.11
336,550,0.51
337,550,1.00
338,550,1.00
339,550,1.00
340,550,0.51
336,551,0.67
337,551,1.00
338,551,1.00
339,551,1.00
340,551,0.67
336,552,0.51
337,552,1.00
338,552,1.00
339,552,1.00
340,552,0.51
336,553,0.11
337,553,0.51
338,553,0.67
339,553,0.51
340,553,0.11

527,527,1.00
528,527,1.00
529,527,1.00
530,527,1.00
531,527,1.00
527,528,1.00
528,528,1.00
529,528,1.00
530,528,1.00
531,528,1.00
527,529,1.00
528,529,1.00
529,529,1.00
530,529,1.00
531,529,1.00
527,530,1.00
528,530,1.00
529,530,1.00
530,530,1.00
531,530,1.00
527,531,1.00
528,531,1.00
529,531,1.00
530,531,1.00
531,531,0.46
526,527,1.00
526,528,1.00
526,529,1.00
526,530,1.00
526,531,1.00
525,527,1.00
525,528,1.00
525,529,1.00
525,530,1.00
525,531,1.00
524,527,1.00
524,528,1.00
524,529,1.00
524,530,1.00
524,531,1.00
523,527,1.00
523,528,1.00
523,529,1.00
523,530,1.00
523,531,1.00
522,527,1.00
522,528,1.00
522,529,1.00
522,530,1.00
522,531,1.00
521,527,1.00
521,528,1.00
521,529,1.00
521,530,1.00
521,531,1.00
520,528,1.00
520,529,1.00
520,530,1.00
520,531,1.00
520,532,1.00
521,532,1.00
522,532,1.00
523,532,1.00
524,532,0.78
519,528,1.00
519,529,1.00
519,530,1.00
519,531,1.00
519,532,1.00
517,528,1.00
518,528,1.00
517,529,1.00
518,529,1.00
517,530,1.00
518,530,1.00
517,531,1.00
518,531,1.00
517,532,1.00
518,532,1.00
516,529,1.00
516,530,1.00
516,531,1.00
516,532,1.00
516,533,1.00
517,533,1.00
518,533,1.00
519,533,0.85
520,533,0.62
515,529,1.00
515,530,1.00
515,531,1.00
515,532,1.00
515,533,1.00
514,529,1.00
514,530,1.00
514,531,1.00
514,532,1.00
514,533,1.00
513,529,1.00
513,530,1.00
513,531,1.00
513,532,1.00
513,533,1.00
512,529,1.00
512,530,1.00
512,531,1.00
512,532,1.00
512,533,1.00
511,529,1.00
511,530,1.00
511,531,1.00
511,532,1.00
511,533,1.00
510,530,1.00
510,531,1.00
510,532,1.00
510,533,1.00
510,534,1.00
511,534,1.00
512,534,1.00
513,534,1.00
514,534,0.62
509,530,1.00
509,531,1.00
509,532,1.00
509,533,1.00
509,534,1.00
508,530,1.00
508,531,1.00
508,532,1.00
508,533,1.00
508,534,1.00
507,530,1.00
507,531,1.00
507,532,1.00
507,533,1.00
507,534,1.00
506,531,1.00
506,532,1.00
506,533,1.00
506,534,1.00
506,535,1.00
507,535,1.00
508,535,1.00
509,535,1.00
510,535,1.00
505,531,1.00
505,532,1.00
505,533,1.00
505,534,1.00
505,535,1.00
504,531,1.00
504,532,1.00
504,533,1.00
504,534,1.00
504,535,1.00
503,531,1.00
503,532,1.00
503,533,1.00
503,534,1.00
503,535,1.00
502,531,1.00
502,532,1.00
502,533,1.00
502,534,1.00
502,535,1.00
502,536,1.00
503,536,1.00
504,536,1.00
505,536,1.00
506,536,0.74
501,532,1.00
501,533,1.00
501,534,1.00
501,535,1.00
501,536,1.00
500,532,1.00
500,533,1.00
500,534,1.00
500,535,1.00
500,536,0.34
507,536,0.62
508,536,0.67
509,536,0.51
510,536,0.11
511,535,0.51
512,535,0.11
515,534,0.11
521,533,0.67
522,533,0.51
523,533,0.11
525,532,0.51
526,532,0.11
528,526,1.00
529,526,1.00
530,526,1.00
531,526,1.00
532,526,1.00
532,527,1.00
532,528,1.00
532,529,1.00
532,530,1.00
533,526,1.00
533,527,1.00
533,528,1.00
533,529,1.00
533,530,1.00
534,526,1.00
534,527,1.00
534,528,1.00
534,529,1.00
534,530,1.00
535,526,1.00
535,527,1.00
535,528,1.00
535,529,1.00
535,530,1.00
536,526,1.00
536,527,1.00
536,528,1.00
536,529,1.00
536,530,0.23
533,525,1.00
534,525,1.00
535,525,1.00
536,525,1.00
537,525,1.00
537,526,1.00
537,527,1.00
537,528,1.00
537,529,1.00
538,525,1.00
538,526,1.00
538,527,1.00
538,528,1.00
538,529,1.00
539,525,1.00
539,526,1.00
539,527,1.00
539,528,1.00
539,529,1.00
540,525,1.00
540,526,1.00
540,527,1.00
540,528,1.00
540,529,0.62
541,525,1.00
541,526,1.00
541,527,1.00
541,528,1.00
541,529,0.11
538,524,1.00
539,524,1.00
540,524,1.00
541,524,1.00
542,524,1.00
542,525,1.00
542,526,1.00
542,527,1.00
542,528,1.00
543,524,1.00
543,525,1.00
543,526,1.00
543,527,1.00
543,528,1.00
544,524,1.00
544,525,1.00
544,526,1.00
544,527,1.00
544,528,1.00
545,524,1.00
545,525,1.00
545,526,1.00
545,527,1.00
545,528,0.62
546,524,1.00
546,525,1.00
546,526,1.00
546,527,1.00
546,528,0.11
543,523,1.00
544,523,1.00
545,523,1.00
546,523,1.00
547,523,1.00
547,524,1.00
547,525,1.00
547,526,1.00
547,527,1.00
548,523,1.00
548,524,1.00
548,525,1.00
548,526,1.00
548,527,1.00
549,523,1.00
549,524,1.00
549,525,1.00
549,526,1.00
549,527,0.62
550,523,1.00
550,524,1.00
550,525,1.00
550,526,1.00
550,527,0.11
547,522,1.00
548,522,1.00
549,522,1.00
550,522,1.00
551,522,1.00
551,523,1.00
551,524,1.00
551,525,1.00
551,526,1.00
552,522,1.00
552,523,1.00
552,524,1.00
552,525,1.00
552,526,1.00
553,522,1.00
553,523,1.00
553,524,1.00
553,525,1.00
553,526,1.00
554,522,1.00
555,522,1.00
554,523,1.00
555,523,1.00
554,524,1.00
555,524,1.00
554,525,1.00
555,525,1.00
554,526,1.00
555,526,1.00
556,522,1.00
556,523,1.00
556,524,1.00
556,525,1.00
556,526,0.74
557,522,1.00
557,523,1.00
557,524,1.00
557,525,1.00
557,526,0.11
554,521,1.00
555,521,1.00
556,521,1.00
557,521,1.00
558,521,1.00
558,522,1.00
558,523,1.00
558,524,1.00
558,525,1.00
559,521,1.00
559,522,1.00
559,523,1.00
559,524,1.00
559,525,1.00
560,521,1.00
560,522,1.00
560,523,1.00
560,524,1.00
560,525,0.23
557,520,1.00
558,520,1.00
559,520,1.00
560,520,1.00
561,520,1.00
561,521,1.00
561,522,1.00
561,523,1.00
561,524,1.00
562,520,0.23
562,521,1.00
562,522,1.00
562,523,1.00
562,524,0.23
556,520,0.90
554,520,0.90
555,520,1.00
552,520,0.90
553,520,1.00
552,521,1.00
553,521,1.00
550,520,1.00
551,520,1.00
550,521,1.00
551,521,1.00
548,520,1.00
549,520,1.00
548,521,1.00
549,521,1.00
547,520,1.00
547,521,1.00
545,520,1.00
546,520,1.00
545,521,1.00
546,521,1.00
545,522,1.00
546,522,1.00
544,520,0.78
544,521,1.00
544,522,1.00
542,520,0.11
543,520,0.51
542,521,1.00
543,521,1.00
542,522,1.00
543,522,1.00
542,523,1.00
540,521,0.90
541,521,1.00
540,522,1.00
541,522,1.00
540,523,1.00
541,523,1.00
538,521,0.78
539,521,1.00
538,522,1.00
539,522,1.00
538,523,1.00
539,523,1.00
536,521,0.11
537,521,0.51
536,522,1.00
537,522,1.00
536,523,1.00
537,523,1.00
536,524,1.00
537,524,1.00
534,522,0.78
535,522,1.00
534,523,1.00
535,523,1.00
534,524,1.00
535,524,1.00
532,522,0.62
533,522,0.62
532,523,1.00
533,523,1.00
532,524,1.00
533,524,1.00
532,525,1.00
529,522,0.11
530,522,0.51
531,522,0.67
529,523,1.00
530,523,1.00
531,523,1.00
529,524,1.00
530,524,1.00
531,524,1.00
529,525,1.00
530,525,1.00
531,525,1.00
527,523,0.11
528,523,0.51
527,524,1.00
528,524,1.00
527,525,1.00
528,525,1.00
527,526,1.00
524,524,0.78
525,524,1.00
526,524,0.78
524,525,1.00
525,525,1.00
526,525,1.00
524,526,1.00
525,526,1.00
526,526,1.00
522,524,0.11
523,524,0.51
522,525,1.00
523,525,1.00
522,526,1.00
523,526,1.00
519,525,0.78
520,525,1.00
521,525,0.78
519,526,1.00
520,526,1.00
521,526,1.00
519,527,1.00
520,527,1.00
517,525,0.11
518,525,0.51
517,526,1.00
518,526,1.00
517,527,1.00
518,527,1.00
515,526,0.78
516,526,1.00
515,527,1.00
516,527,1.00
515,528,1.00
516,528,1.00
513,526,0.11
514,526,0.51
513,527,1.00
514,527,1.00
513,528,1.00
514,528,1.00
511,527,0.78
512,527,1.00
511,528,1.00
512,528,1.00
509,527,0.11
510,527,0.51
509,528,1.00
510,528,1.00
509,529,1.00
510,529,1.00
507,528,0.90
508,528,1.00
507,529,1.00
508,529,1.00
505,528,0.78
506,528,1.00
505,529,1.00
506,529,1.00
505,530,1.00
506,530,1.00
503,528,0.11
504,528,0.51
503,529,1.00
504,529,1.00
503,530,1.00
504,530,1.00
501,529,0.90
502,529,1.00
501,530,1.00
502,530,1.00
501,531,1.00
499,529,0.90
500,529,1.00
499,530,1.00
500,530,1.00
499,531,1.00
500,531,1.00
499,532,1.00
499,533,0.90
497,529,0.78
498,529,1.00
497,530,1.00
498,530,1.00
497,531,1.00
498,531,1.00
497,532,1.00
498,532,1.00
497,533,1.00
498,533,1.00
495,529,0.11
496,529,0.51
495,530,1.00
496,530,1.00
495,531,1.00
496,531,1.00
495,532,1.00
496,532,1.00
495,533,1.00
496,533,1.00
493,530,0.62
494,530,0.62
493,531,1.00
494,531,1.00
493,532,1.00
494,532,1.00
493,533,1.00
494,533,1.00
493,534,0.62
494,534,0.62
495,534,0.67
496,534,0.51
497,534,0.11
490,530,0.11
491,530,0.51
492,530,0.67
490,531,1.00
491,531,1.00
492,531,1.00
490,532,1.00
491,532,1.00
492,532,1.00
490,533,1.00
491,533,1.00
492,533,1.00
490,534,1.00
491,534,1.00
492,534,0.67
487,531,0.78
488,531,1.00
489,531,0.78
487,532,1.00
488,532,1.00
489,532,1.00
487,533,1.00
488,533,1.00
489,533,1.00
487,534,1.00
488,534,1.00
489,534,1.00
487,535,0.78
488,535,1.00
489,535,0.78
490,535,0.51
491,535,0.11
485,531,0.62
486,531,0.62
485,532,1.00
486,532,1.00
485,533,1.00
486,533,1.00
485,534,1.00
486,534,1.00
485,535,0.62
486,535,0.62
482,531,0.11
483,531,0.51
484,531,0.67
482,532,1.00
483,532,1.00
484,532,1.00
482,533,1.00
483,533,1.00
484,533,1.00
482,534,1.00
483,534,1.00
484,534,1.00
482,535,1.00
483,535,1.00
484,535,1.00
480,532,0.78
481,532,1.00
480,533,1.00
481,533,1.00
480,534,1.00
481,534,1.00
480,535,1.00
481,535,1.00
480,536,0.78
481,536,1.00
482,536,0.78
483,536,0.51
484,536,0.11
478,532,0.62
479,532,0.62
478,533,1.00
479,533,1.00
478,534,1.00
479,534,1.00
478,535,1.00
479,535,1.00
478,536,0.62
479,536,0.62
475,532,0.11
476,532,0.51
477,532,0.67
475,533,1.00
476,533,1.00
477,533,1.00
475,534,1.00
476,534,1.00
477,534,1.00
475,535,1.00
476,535,1.00
477,535,1.00
475,536,1.00
476,536,1.00
477,536,1.00
473,533,0.62
474,533,0.62
473,534,1.00
474,534,1.00
473,535,1.00
474,535,1.00
473,536,1.00
474,536,1.00
473,537,0.62
474,537,0.62
475,537,0.67
476,537,0.51
477,537,0.11
470,533,0.11
471,533,0.51
472,533,0.67
470,534,1.00
471,534,1.00
472,534,1.00
470,535,1.00
471,535,1.00
472,535,1.00
470,536,1.00
471,536,1.00
472,536,1.00
470,537,1.00
471,537,1.00
472,537,1.00
468,534,0.62
469,534,0.62
468,535,1.00
469,535,1.00
468,536,1.00
469,536,1.00
468,537,1.00
469,537,1.00
468,538,0.62
469,538,0.62
470,538,0.67
471,538,0.51
472,538,0.11
465,534,0.11
466,534,0.51
467,534,0.67
465,535,1.00
466,535,1.00
467,535,1.00
465,536,1.00
466,536,1.00
467,536,1.00
465,537,1.00
466,537,1.00
467,537,1.00
465,538,1.00
466,538,1.00
467,538,1.00
463,535,1.00
464,535,1.00
463,536,1.00
464,536,1.00
463,537,1.00
464,537,1.00
463,538,1.00
464,538,1.00
463,539,1.00
464,539,1.00
465,539,1.00
466,539,0.62
467,539,0.11
462,535,1.00
462,536,1.00
462,537,1.00
462,538,1.00
462,539,1.00
460,535,1.00
461,535,1.00
460,536,1.00
461,536,1.00
460,537,1.00
461,537,1.00
460,538,1.00
461,538,1.00
460,539,1.00
461,539,1.00
459,535,1.00
459,536,1.00
459,537,1.00
459,538,1.00
459,539,1.00
458,535,1.00
458,536,1.00
458,537,1.00
458,538,1.00
458,539,1.00
457,535,1.00
457,536,1.00
457,537,1.00
457,538,1.00
457,539,1.00
456,535,1.00
456,536,1.00
456,537,1.00
456,538,1.00
456,539,1.00
455,535,1.00
455,536,1.00
455,537,1.00
455,538,1.00
455,539,1.00
454,535,1.00
454,536,1.00
454,537,1.00
454,538,1.00
454,539,1.00
453,535,1.00
453,536,1.00
453,537,1.00
453,538,1.00
453,539,1.00
452,535,1.00
452,536,1.00
452,537,1.00
452,538,1.00
452,539,1.00
450,535,1.00
451,535,1.00
450,536,1.00
451,536,1.00
450,537,1.00
451,537,1.00
450,538,1.00
451,538,1.00
450,539,1.00
451,539,1.00
449,535,1.00
449,536,1.00
449,537,1.00
449,538,1.00
449,539,1.00
448,535,1.00
448,536,1.00
448,537,1.00
448,538,1.00
448,539,1.00
446,535,1.00
447,535,1.00
446,536,1.00
447,536,1.00
446,537,1.00
447,537,1.00
446,538,1.00
447,538,1.00
446,539,1.00
447,539,1.00
445,535,0.90
445,536,1.00
445,537,1.00
445,538,1.00
445,539,0.90
443,535,1.00
444,535,1.00
443,536,1.00
444,536,1.00
443,537,1.00
444,537,1.00
443,538,1.00
444,538,1.00
443,539,1.00
444,539,1.00
441,535,0.62
442,535,1.00
441,536,1.00
442,536,1.00
441,537,1.00
442,537,1.00
441,538,1.00
442,538,1.00
441,539,1.00
442,539,1.00
440,535,0.11
440,536,1.00
440,537,1.00
440,538,1.00
440,539,1.00
438,536,0.11
439,536,0.51
438,537,1.00
439,537,1.00
438,538,1.00
439,538,1.00
438,539,1.00
439,539,1.00
438,540,1.00
439,540,1.00
440,540,1.00
441,540,0.51
442,540,0.11
436,537,0.78
437,537,1.00
436,538,1.00
437,538,1.00
436,539,1.00
437,539,1.00
436,540,1.00
437,540,1.00
436,541,0.78
437,541,1.00
438,541,0.78
439,541,0.51
440,541,0.11
434,537,0.11
435,537,0.51
434,538,1.00
435,538,1.00
434,539,1.00
435,539,1.00
434,540,1.00
435,540,1.00
434,541,1.00
435,541,1.00
431,538,0.11
432,538,0.51
433,538,0.67
431,539,1.00
432,539,1.00
433,539,1.00
431,540,1.00
432,540,1.00
433,540,1.00
431,541,1.00
432,541,1.00
433,541,1.00
431,542,1.00
432,542,1.00
433,542,1.00
434,542,0.51
435,542,0.11
429,539,0.62
430,539,0.62
429,540,1.00
430,540,1.00
429,541,1.00
430,541,1.00
429,542,1.00
430,542,1.00
429,543,0.62
430,543,0.62
431,543,0.67
432,543,0.51
433,543,0.11
426,539,0.11
427,539,0.51
428,539,0.67
426,540,1.00
427,540,1.00
428,540,1.00
426,541,1.00
427,541,1.00
428,541,1.00
426,542,1.00
427,542,1.00
428,542,1.00
426,543,1.00
427,543,1.00
428,543,1.00
424,540,0.11
425,540,0.51
424,541,1.00
425,541,1.00
424,542,1.00
425,542,1.00
424,543,1.00
425,543,1.00
424,544,1.00
425,544,1.00
426,544,1.00
427,544,0.51
428,544,0.11
422,541,0.62
423,541,0.62
422,542,1.00
423,542,1.00
422,543,1.00
423,543,1.00
422,544,1.00
423,544,1.00
422,545,0.62
423,545,0.62
424,545,0.67
425,545,0.51
426,545,0.11
419,541,0.78
420,541,1.00
421,541,0.78
419,542,1.00
420,542,1.00
421,542,1.00
419,543,1.00
420,543,1.00
421,543,1.00
419,544,1.00
420,544,1.00
421,544,1.00
419,545,1.00
420,545,1.00
421,545,0.78
417,541,0.11
418,541,0.51
417,542,1.00
418,542,1.00
417,543,1.00
418,543,1.00
417,544,1.00
418,544,1.00
417,545,1.00
418,545,1.00
416,542,0.11
416,543,1.00
416,544,1.00
416,545,1.00
416,546,1.00
417,546,1.00
418,546,1.00
419,546,0.51
420,546,0.11
414,543,1.00
415,543,1.00
414,544,1.00
415,544,1.00
414,545,1.00
415,545,1.00
414,546,1.00
415,546,1.00
414,547,1.00
415,547,1.00
416,547,1.00
417,547,0.62
418,547,0.11
413,543,0.62
413,544,1.00
413,545,1.00
413,546,1.00
413,547,0.62
412,543,0.23
412,544,1.00
412,545,1.00
412,546,1.00
412,547,0.23
408,543,1.00
409,543,1.00
410,543,0.67
411,543,0.51
408,544,1.00
409,544,1.00
410,544,1.00
411,544,1.00
408,545,1.00
409,545,1.00
410,545,1.00
411,545,1.00
408,546,1.00
409,546,1.00
410,546,1.00
411,546,1.00
408,547,0.11
409,547,0.51
410,547,0.67
411,547,0.51
405,542,0.62
406,542,0.62
407,542,0.67
408,542,0.51
409,542,0.11
405,543,1.00
406,543,1.00
407,543,1.00
405,544,1.00
406,544,1.00
407,544,1.00
405,545,1.00
406,545,1.00
407,545,1.00
405,546,0.62
406,546,0.62
407,546,0.67
402,542,0.90
403,542,1.00
404,542,0.78
402,543,1.00
403,543,1.00
404,543,1.00
402,544,1.00
403,544,1.00
404,544,1.00
402,545,1.00
403,545,1.00
404,545,1.00
402,546,0.90
403,546,1.00
404,546,0.78
400,542,1.00
401,542,1.00
400,543,1.00
401,543,1.00
400,544,1.00
401,544,1.00
400,545,1.00
401,545,1.00
400,546,1.00
401,546,1.00
398,542,1.00
399,542,1.00
398,543,1.00
399,543,1.00
398,544,1.00
399,544,1.00
398,545,1.00
399,545,1.00
398,546,1.00
399,546,1.00
397,542,0.90
397,543,1.00
397,544,1.00
397,545,1.00
397,546,0.90
395,542,0.90
396,542,1.00
395,543,1.00
396,543,1.00
395,544,1.00
396,544,1.00
395,545,1.00
396,545,1.00
395,546,0.90
396,546,1.00
393,542,0.90
394,542,1.00
393,543,1.00
394,543,1.00
393,544,1.00
394,544,1.00
393,545,1.00
394,545,1.00
393,546,0.90
394,546,1.00
391,542,0.78
392,542,1.00
391,543,1.00
392,543,1.00
391,544,1.00
392,544,1.00
391,545,1.00
392,545,1.00
391,546,1.00
392,546,1.00
389,542,0.11
390,542,0.51
389,543,1.00
390,543,1.00
389,544,1.00
390,544,1.00
389,545,1.00
390,545,1.00
389,546,1.00
390,546,1.00
387,543,1.00
388,543,1.00
387,544,1.00
388,544,1.00
387,545,1.00
388,545,1.00
387,546,1.00
388,546,1.00
387,547,1.00
388,547,1.00
389,547,0.78
390,547,0.51
391,547,0.11
385,543,0.62
386,543,1.00
385,544,1.00
386,544,1.00
385,545,1.00
386,545,1.00
385,546,1.00
386,546,1.00
385,547,1.00
386,547,1.00
384,543,0.11
384,544,1.00
384,545,1.00
384,546,1.00
384,547,1.00
381,544,0.78
382,544,1.00
383,544,0.78
381,545,1.00
382,545,1.00
383,545,1.00
381,546,1.00
382,546,1.00
383,546,1.00
381,547,1.00
382,547,1.00
383,547,1.00
381,548,0.78
382,548,1.00
383,548,0.78
384,548,0.51
385,548,0.11
379,544,0.62
380,544,0.62
379,545,1.00
380,545,1.00
379,546,1.00
380,546,1.00
379,547,1.00
380,547,1.00
379,548,0.62
380,548,0.62
376,544,0.11
377,544,0.51
378,544,0.67
376,545,0.62
377,545,1.00
378,545,1.00
376,546,1.00
377,546,1.00
378,546,1.00
376,547,1.00
377,547,1.00
378,547,1.00
376,548,0.62
377,548,0.51
378,548,0.67
372,545,0.11
373,545,0.51
374,545,0.67
375,545,0.51
372,546,1.00
373,546,1.00
374,546,1.00
375,546,1.00
372,547,1.00
373,547,1.00
374,547,1.00
375,547,1.00
372,548,1.00
373,548,1.00
374,548,1.00
375,548,1.00
372,549,1.00
373,549,1.00
374,549,0.67
375,549,0.51
376,549,0.11
369,546,0.11
370,546,0.51
371,546,0.67
369,547,0.62
370,547,1.00
371,547,1.00
369,548,1.00
370,548,1.00
371,548,1.00
369,549,1.00
370,549,1.00
371,549,1.00
369,550,0.62
370,550,0.51
371,550,0.67
372,550,0.51
373,550,0.11
365,547,0.11
366,547,0.51
367,547,0.67
368,547,0.51
365,548,1.00
366,548,1.00
367,548,1.00
368,548,1.00
365,549,1.00
366,549,1.00
367,549,1.00
368,549,1.00
365,550,1.00
366,550,1.00
367,550,1.00
368,550,1.00
365,551,1.00
366,551,1.00
367,551,0.67
368,551,0.51
369,551,0.11
362,548,0.11
363,548,0.51
364,548,0.67
362,549,0.62
363,549,1.00
364,549,1.00
362,550,1.00
363,550,1.00
364,550,1.00
362,551,1.00
363,551,1.00
364,551,1.00
362,552,0.62
363,552,0.51
364,552,0.67
365,552,0.51
366,552,0.11
358,549,0.11
359,549,0.51
360,549,0.67
361,549,0.51
358,550,0.51
359,550,1.00
360,550,1.00
361,550,1.00
358,551,0.67
359,551,1.00
360,551,1.00
361,551,1.00
358,552,0.51
359,552,1.00
360,552,1.00
361,552,1.00
358,553,0.11
359,553,0.51
360,553,0.67
361,553,0.51
362,553,0.11
353,550,0.11
354,550,0.51
355,550,0.67
356,550,0.51
357,550,0.11
353,551,0.51
354,551,1.00
355,551,1.00
356,551,1.00
357,551,0.51
353,552,0.78
354,552,1.00
355,552,1.00
356,552,1.00
357,552,0.67
353,553,1.00
354,553,1.00
355,553,1.00
356,553,1.00
357,553,0.51
353,554,0.78
354,554,0.51
355,554,0.67
356,554,0.51
357,554,0.11
349,552,0.11
350,552,0.51
351,552,0.67
352,552,0.51
349,553,0.62
350,553,1.00
351,553,1.00
352,553,1.00
349,554,1.00
350,554,1.00
351,554,1.00
352,554,1.00
349,555,1.00
350,555,1.00
351,555,1.00
352,555,1.00
353,555,0.51
349,556,0.62
350,556,0.51
351,556,0.67
352,556,0.51
353,556,0.11
345,553,0.11
346,553,0.51
347,553,0.67
348,553,0.51
345,554,1.00
346,554,1.00
347,554,1.00
348,554,1.00
345,555,1.00
346,555,1.00
347,555,1.00
348,555,1.00
345,556,1.00
346,556,1.00
347,556,1.00
348,556,1.00
345,557,1.00
346,557,1.00
347,557,1.00
348,557,0.51
349,557,0.11
343,554,0.11
344,554,0.51
343,555,1.00
344,555,1.00
343,556,1.00
344,556,1.00
343,557,1.00
344,557,1.00
343,558,1.00
344,558,1.00
345,558,1.00
346,558,0.51
347,558,0.11
341,555,0.62
342,555,1.00
341,556,1.00
342,556,1.00
341,557,1.00
342,557,1.00
341,558,1.00
342,558,1.00
341,559,0.62
342,559,1.00
343,559,1.00
344,559,0.62
345,559,0.11
340,555,0.11
340,556,0.51
340,557,0.67
340,558,0.51
340,559,0.11

558,521,1.00
559,521,1.00
560,521,1.00
561,521,1.00
562,521,1.00
558,522,1.00
559,522,1.00
560,522,1.00
561,522,1.00
562,522,1.00
558,523,1.00
559,523,1.00
560,523,1.00
561,523,1.00
562,523,1.00
558,524,1.00
559,524,1.00
560,524,1.00
561,524,1.00
562,524,1.00
558,525,1.00
559,525,1.00
560,525,1.00
561,525,1.00
562,525,0.23
556,521,1.00
557,521,1.00
556,522,1.00
557,522,1.00
556,523,1.00
557,523,1.00
556,524,1.00
557,524,1.00
556,525,0.85
557,525,1.00
555,521,1.00
555,522,1.00
555,523,0.67
555,524,0.51
555,525,0.11
558,520,0.78
559,520,1.00
560,520,1.00
561,520,1.00
562,520,1.00
563,520,1.00
563,521,1.00
563,522,1.00
563,523,1.00
563,524,0.11
560,519,1.00
561,519,1.00
562,519,1.00
563,519,1.00
564,519,1.00
564,520,1.00
564,521,1.00
564,522,1.00
564,523,1.00
565,519,1.00
565,520,1.00
565,521,1.00
565,522,1.00
565,523,1.00
566,519,1.00
566,520,1.00
566,521,1.00
566,522,1.00
566,523,1.00
567,519,1.00
567,520,1.00
567,521,1.00
567,522,1.00
567,523,0.23
563,518,1.00
564,518,1.00
565,518,1.00
566,518,1.00
567,518,1.00
568,518,0.34
568,519,1.00
568,520,1.00
568,521,1.00
568,522,0.34
562,518,0.90
560,518,0.78
561,518,1.00
558,518,0.11
559,518,0.51
558,519,0.51
559,519,1.00
553,518,0.11
554,518,0.51
555,518,0.67
556,518,0.51
557,518,0.11
553,519,0.51
554,519,1.00
555,519,1.00
556,519,1.00
557,519,0.51
553,520,0.67
554,520,1.00
555,520,1.00
556,520,1.00
557,520,0.67
553,521,0.51
554,521,1.00
553,522,0.11
554,522,0.51
547,518,0.11
548,518,0.51
549,518,0.67
550,518,0.51
551,518,0.11
547,519,0.51
548,519,1.00
549,519,1.00
550,519,1.00
551,519,0.51
547,520,0.67
548,520,1.00
549,520,1.00
550,520,1.00
551,520,0.67
547,521,0.51
548,521,1.00
549,521,1.00
550,521,1.00
551,521,0.51
547,522,0.11
548,522,0.51
549,522,0.67
550,522,0.51
551,522,0.11
542,518,0.11
543,518,0.51
544,518,0.67
545,518,0.51
546,518,0.11
542,519,0.51
543,519,1.00
544,519,1.00
545,519,1.00
546,519,0.51
542,520,0.67
543,520,1.00
544,520,1.00
545,520,1.00
546,520,0.67
542,521,0.51
543,521,1.00
544,521,1.00
545,521,1.00
546,521,0.51
542,522,0.11
543,522,0.51
544,522,0.67
545,522,0.51
546,522,0.11
537,518,0.23
538,518,0.51
539,518,0.67
540,518,0.51
541,518,0.11
537,519,1.00
538,519,1.00
539,519,1.00
540,519,1.00
541,519,0.51
537,520,1.00
538,520,1.00
539,520,1.00
540,520,1.00
541,520,0.67
537,521,1.00
538,521,1.00
539,521,1.00
540,521,1.00
541,521,0.51
537,522,0.23
538,522,0.51
539,522,0.67
540,522,0.51
541,522,0.11
533,518,0.74
534,518,0.62
535,518,0.67
536,518,0.51
533,519,1.00
534,519,1.00
535,519,1.00
536,519,1.00
533,520,1.00
534,520,1.00
535,520,1.00
536,520,1.00
533,521,1.00
534,521,1.00
535,521,1.00
536,521,1.00
533,522,0.74
534,522,0.62
535,522,0.67
536,522,0.51
530,518,1.00
531,518,1.00
532,518,1.00
530,519,1.00
531,519,1.00
532,519,1.00
530,520,1.00
531,520,1.00
532,520,1.00
530,521,1.00
531,521,1.00
532,521,1.00
530,522,1.00
531,522,1.00
532,522,1.00
529,518,0.90
529,519,1.00
529,520,1.00
529,521,1.00
529,522,0.90
527,518,0.78
528,518,1.00
527,519,1.00
528,519,1.00
527,520,1.00
528,520,1.00
527,521,1.00
528,521,1.00
527,522,1.00
528,522,1.00
525,518,0.11
526,518,0.51
525,519,1.00
526,519,1.00
525,520,1.00
526,520,1.00
525,521,1.00
526,521,1.00
525,522,1.00
526,522,1.00
523,519,1.00
524,519,1.00
523,520,1.00
524,520,1.00
523,521,1.00
524,521,1.00
523,522,1.00
524,522,1.00
523,523,1.00
524,523,1.00
525,523,0.78
526,523,0.51
527,523,0.11
521,519,1.00
522,519,1.00
521,520,1.00
522,520,1.00
521,521,1.00
522,521,1.00
521,522,1.00
522,522,1.00
521,523,1.00
522,523,1.00
520,519,0.78
520,520,1.00
520,521,1.00
520,522,1.00
520,523,0.78
518,519,0.11
519,519,0.51
518,520,1.00
519,520,1.00
518,521,1.00
519,521,1.00
518,522,1.00
519,522,1.00
518,523,1.00
519,523,1.00
515,520,0.90
516,520,1.00
517,520,0.78
515,521,1.00
516,521,1.00
517,521,1.00
515,522,1.00
516,522,1.00
517,522,1.00
515,523,1.00
516,523,1.00
517,523,1.00
515,524,0.90
516,524,1.00
517,524,0.78
518,524,0.51
519,524,0.11
513,520,0.78
514,520,1.00
513,521,1.00
514,521,1.00
513,522,1.00
514,522,1.00
513,523,1.00
514,523,1.00
513,524,0.78
514,524,1.00
511,520,0.11
512,520,0.51
511,521,1.00
512,521,1.00
511,522,1.00
512,522,1.00
511,523,1.00
512,523,1.00
511,524,1.00
512,524,1.00
508,521,0.62
509,521,0.62
510,521,0.67
508,522,1.00
509,522,1.00
510,522,1.00
508,523,1.00
509,523,1.00
510,523,1.00
508,524,1.00
509,524,1.00
510,524,1.00
508,525,0.62
509,525,0.62
510,525,0.67
511,525,0.51
512,525,0.11
505,521,0.11
506,521,0.51
507,521,0.67
505,522,1.00
506,522,1.00
507,522,1.00
505,523,1.00
506,523,1.00
507,523,1.00
505,524,1.00
506,524,1.00
507,524,1.00
505,525,1.00
506,525,1.00
507,525,1.00
503,522,0.62
504,522,0.62
503,523,1.00
504,523,1.00
503,524,1.00
504,524,1.00
503,525,1.00
504,525,1.00
503,526,0.62
504,526,0.62
505,526,0.67
506,526,0.51
507,526,0.11
500,522,0.11
501,522,0.51
502,522,0.67
500,523,1.00
501,523,1.00
502,523,1.00
500,524,1.00
501,524,1.00
502,524,1.00
500,525,1.00
501,525,1.00
502,525,1.00
500,526,1.00
501,526,1.00
502,526,1.00
498,523,0.78
499,523,1.00
498,524,1.00
499,524,1.00
498,525,1.00
499,525,1.00
498,526,1.00
499,526,1.00
498,527,1.00
499,527,1.00
500,527,0.78
501,527,0.51
502,527,0.11
496,523,0.11
497,523,0.51
496,524,1.00
497,524,1.00
496,525,1.00
497,525,1.00
496,526,1.00
497,526,1.00
496,527,1.00
497,527,1.00
494,524,0.78
495,524,1.00
494,525,1.00
495,525,1.00
494,526,1.00
495,526,1.00
494,527,1.00
495,527,1.00
494,528,1.00
495,528,1.00
496,528,0.78
497,528,0.51
498,528,0.11
492,524,0.11
493,524,0.51
492,525,1.00
493,525,1.00
492,526,1.00
493,526,1.00
492,527,1.00
493,527,1.00
492,528,1.00
493,528,1.00
490,525,0.11
491,525,0.51
490,526,1.00
491,526,1.00
490,527,1.00
491,527,1.00
490,528,1.00
491,528,1.00
490,529,1.00
491,529,1.00
492,529,1.00
493,529,0.51
494,529,0.11
488,526,0.11
489,526,0.51
488,527,1.00
489,527,1.00
488,528,1.00
489,528,1.00
488,529,1.00
489,529,1.00
488,530,1.00
489,530,1.00
490,530,0.67
491,530,0.51
492,530,0.11
485,527,0.62
486,527,0.62
487,527,0.67
485,528,1.00
486,528,1.00
487,528,1.00
485,529,1.00
486,529,1.00
487,529,1.00
485,530,1.00
486,530,1.00
487,530,1.00
485,531,0.62
486,531,0.62
487,531,0.67
488,531,0.51
489,531,0.11
482,527,0.11
483,527,0.51
484,527,0.67
482,528,1.00
483,528,1.00
484,528,1.00
482,529,1.00
483,529,1.00
484,529,1.00
482,530,1.00
483,530,1.00
484,530,1.00
482,531,1.00
483,531,1.00
484,531,1.00
480,528,0.11
481,528,0.51
480,529,1.00
481,529,1.00
480,530,1.00
481,530,1.00
480,531,1.00
481,531,1.00
480,532,1.00
481,532,1.00
482,532,0.67
483,532,0.51
484,532,0.11
477,529,0.78
478,529,1.00
479,529,0.78
477,530,1.00
478,530,1.00
479,530,1.00
477,531,1.00
478,531,1.00
479,531,1.00
477,532,1.00
478,532,1.00
479,532,1.00
477,533,1.00
478,533,1.00
479,533,0.78
480,533,0.51
481,533,0.11
475,529,0.11
476,529,0.51
475,530,1.00
476,530,1.00
475,531,1.00
476,531,1.00
475,532,1.00
476,532,1.00
475,533,1.00
476,533,1.00
473,530,0.11
474,530,0.51
473,531,1.00
474,531,1.00
473,532,1.00
474,532,1.00
473,533,1.00
474,533,1.00
473,534,1.00
474,534,1.00
475,534,1.00
476,534,0.51
477,534,0.11
471,531,0.78
472,531,1.00
471,532,1.00
472,532,1.00
471,533,1.00
472,533,1.00
471,534,1.00
472,534,1.00
471,535,0.78
472,535,1.00
473,535,0.78
474,535,0.51
475,535,0.11
469,531,0.11
470,531,0.51
469,532,1.00
470,532,1.00
469,533,1.00
470,533,1.00
469,534,1.00
470,534,1.00
469,535,1.00
470,535,1.00
466,532,0.11
467,532,0.51
468,532,0.67
466,533,1.00
467,533,1.00
468,533,1.00
466,534,1.00
467,534,1.00
468,534,1.00
466,535,1.00
467,535,1.00
468,535,1.00
466,536,1.00
467,536,1.00
468,536,0.67
469,536,0.51
470,536,0.11
463,533,0.11
464,533,0.51
465,533,0.67
463,534,1.00
464,534,1.00
465,534,1.00
463,535,1.00
464,535,1.00
465,535,1.00
463,536,1.00
464,536,1.00
465,536,1.00
463,537,1.00
464,537,1.00
465,537,0.67
466,537,0.51
467,537,0.11
460,534,0.62
461,534,0.62
462,534,0.67
460,535,1.00
461,535,1.00
462,535,1.00
460,536,1.00
461,536,1.00
462,536,1.00
460,537,1.00
461,537,1.00
462,537,1.00
460,538,0.62
461,538,0.62
462,538,0.67
463,538,0.51
464,538,0.11
457,534,0.11
458,534,0.51
459,534,0.67
457,535,1.00
458,535,1.00
459,535,1.00
457,536,1.00
458,536,1.00
459,536,1.00
457,537,1.00
458,537,1.00
459,537,1.00
457,538,1.00
458,538,1.00
459,538,1.00
455,535,0.78
456,535,1.00
455,536,1.00
456,536,1.00
455,537,1.00
456,537,1.00
455,538,1.00
456,538,1.00
455,539,0.78
456,539,1.00
457,539,0.78
458,539,0.51
459,539,0.11
453,535,0.11
454,535,0.51
453,536,1.00
454,536,1.00
453,537,1.00
454,537,1.00
453,538,1.00
454,538,1.00
453,539,1.00
454,539,1.00
450,536,0.78
451,536,1.00
452,536,0.78
450,537,1.00
451,537,1.00
452,537,1.00
450,538,1.00
451,538,1.00
452,538,1.00
450,539,1.00
451,539,1.00
452,539,1.00
450,540,0.78
451,540,1.00
452,540,0.78
453,540,0.51
454,540,0.11
448,536,0.62
449,536,0.62
448,537,1.00
449,537,1.00
448,538,1.00
449,538,1.00
448,539,1.00
449,539,1.00
448,540,0.62
449,540,0.62
445,536,0.11
446,536,0.51
447,536,0.67
445,537,1.00
446,537,1.00
447,537,1.00
445,538,1.00
446,538,1.00
447,538,1.00
445,539,1.00
446,539,1.00
447,539,1.00
445,540,1.00
446,540,1.00
447,540,1.00
443,537,1.00
444,537,1.00
443,538,1.00
444,538,1.00
443,539,1.00
444,539,1.00
443,540,1.00
444,540,1.00
443,541,1.00
444,541,1.00
445,541,1.00
446,541,0.62
447,541,0.11
442,537,1.00
442,538,1.00
442,539,1.00
442,540,1.00
442,541,1.00
441,537,1.00
441,538,1.00
441,539,1.00
441,540,1.00
441,541,1.00
440,537,1.00
440,538,1.00
440,539,1.00
440,540,1.00
440,541,1.00
439,537,0.62
439,538,1.00
439,539,1.00
439,540,1.00
439,541,1.00
438,537,0.11
438,538,1.00
438,539,1.00
438,540,1.00
438,541,1.00
436,538,1.00
437,538,1.00
436,539,1.00
437,539,1.00
436,540,1.00
437,540,1.00
436,541,1.00
437,541,1.00
436,542,1.00
437,542,1.00
438,542,1.00
439,542,0.62
440,542,0.11
435,538,1.00
435,539,1.00
435,540,1.00
435,541,1.00
435,542,1.00
433,538,1.00
434,538,1.00
433,539,1.00
434,539,1.00
433,540,1.00
434,540,1.00
433,541,1.00
434,541,1.00
433,542,1.00
434,542,1.00
432,538,0.62
432,539,1.00
432,540,1.00
432,541,1.00
432,542,1.00
430,539,0.78
431,539,1.00
430,540,1.00
431,540,1.00
430,541,1.00
431,541,1.00
430,542,1.00
431,542,1.00
430,543,1.00
431,543,1.00
432,543,0.78
433,543,0.51
434,543,0.11
428,539,0.11
429,539,0.51
428,540,1.00
429,540,1.00
428,541,1.00
429,541,1.00
428,542,1.00
429,542,1.00
428,543,1.00
429,543,1.00
427,540,1.00
427,541,1.00
427,542,1.00
427,543,1.00
427,544,1.00
428,544,1.00
429,544,0.78
430,544,0.51
431,544,0.11
425,540,1.00
426,540,1.00
425,541,1.00
426,541,1.00
425,542,1.00
426,542,1.00
425,543,1.00
426,543,1.00
425,544,1.00
426,544,1.00
424,540,1.00
424,541,1.00
424,542,1.00
424,543,1.00
424,544,1.00
422,540,1.00
423,540,1.00
422,541,1.00
423,541,1.00
422,542,1.00
423,542,1.00
422,543,1.00
423,543,1.00
422,544,1.00
423,544,1.00
421,540,1.00
421,541,1.00
421,542,1.00
421,543,1.00
421,544,1.00
420,540,0.74
420,541,1.00
420,542,1.00
420,543,1.00
420,544,1.00
419,540,1.00
419,541,1.00
419,542,1.00
419,543,1.00
419,544,1.00
418,541,1.00
418,542,1.00
418,543,1.00
418,544,1.00
418,545,1.00
419,545,1.00
420,545,0.78
421,545,0.51
422,545,0.11
416,541,1.00
417,541,1.00
416,542,1.00
417,542,1.00
416,543,1.00
417,543,1.00
416,544,1.00
417,544,1.00
416,545,1.00
417,545,1.00
415,541,1.00
415,542,1.00
415,543,1.00
415,544,1.00
415,545,1.00
414,541,1.00
414,542,1.00
414,543,1.00
414,544,1.00
414,545,1.00
413,541,1.00
413,542,1.00
413,543,1.00
413,544,1.00
413,545,1.00
412,541,1.00
412,542,1.00
412,543,1.00
412,544,1.00
412,545,1.00
410,541,1.00
411,541,1.00
410,542,1.00
411,542,1.00
410,543,1.00
411,543,1.00
410,544,1.00
411,544,1.00
410,545,1.00
411,545,1.00
409,542,1.00
409,543,1.00
409,544,1.00
409,545,1.00
409,546,1.00
410,546,1.00
411,546,1.00
412,546,0.62
413,546,0.11
408,542,1.00
408,543,1.00
408,544,1.00
408,545,1.00
408,546,1.00
407,542,1.00
407,543,1.00
407,544,1.00
407,545,1.00
407,546,1.00
405,542,0.62
406,542,1.00
405,543,1.00
406,543,1.00
405,544,1.00
406,544,1.00
405,545,1.00
406,545,1.00
405,546,1.00
406,546,1.00
404,542,0.11
404,543,1.00
404,544,1.00
404,545,1.00
404,546,1.00
402,543,0.62
403,543,0.62
402,544,1.00
403,544,1.00
402,545,1.00
403,545,1.00
402,546,1.00
403,546,1.00
402,547,0.62
403,547,0.62
404,547,0.67
405,547,0.51
406,547,0.11
399,543,1.00
400,543,1.00
401,543,0.78
399,544,1.00
400,544,1.00
401,544,1.00
399,545,1.00
400,545,1.00
401,545,1.00
399,546,1.00
400,546,1.00
401,546,1.00
399,547,1.00
400,547,1.00
401,547,0.78
397,543,0.62
398,543,1.00
397,544,1.00
398,544,1.00
397,545,1.00
398,545,1.00
397,546,1.00
398,546,1.00
397,547,1.00
398,547,1.00
396,543,0.11
396,544,1.00
396,545,1.00
396,546,1.00
396,547,1.00
394,544,1.00
395,544,1.00
394,545,1.00
395,545,1.00
394,546,1.00
395,546,1.00
394,547,1.00
395,547,1.00
394,548,1.00
395,548,1.00
396,548,0.78
397,548,0.51
398,548,0.11
392,544,1.00
393,544,1.00
392,545,1.00
393,545,1.00
392,546,1.00
393,546,1.00
392,547,1.00
393,547,1.00
392,548,1.00
393,548,1.00
391,544,0.78
391,545,1.00
391,546,1.00
391,547,1.00
391,548,1.00
389,544,0.11
390,544,0.51
389,545,1.00
390,545,1.00
389,546,1.00
390,546,1.00
389,547,1.00
390,547,1.00
389,548,1.00
390,548,1.00
387,545,1.00
388,545,1.00
387,546,1.00
388,546,1.00
387,547,1.00
388,547,1.00
387,548,1.00
388,548,1.00
387,549,1.00
388,549,1.00
389,549,1.00
390,549,0.62
391,549,0.11
386,545,1.00
386,546,1.00
386,547,1.00
386,548,1.00
386,549,1.00
384,545,1.00
385,545,1.00
384,546,1.00
385,546,1.00
384,547,1.00
385,547,1.00
384,548,1.00
385,548,1.00
384,549,1.00
385,549,1.00
383,545,0.78
383,546,1.00
383,547,1.00
383,548,1.00
383,549,1.00
381,545,1.00
382,545,1.00
381,546,1.00
382,546,1.00
381,547,1.00
382,547,1.00
381,548,1.00
382,548,1.00
381,549,1.00
382,549,1.00
380,546,1.00
380,547,1.00
380,548,1.00
380,549,1.00
380,550,1.00
381,550,1.00
382,550,1.00
383,550,0.62
384,550,0.11
379,546,1.00
379,547,1.00
379,548,1.00
379,549,1.00
379,550,1.00
378,546,1.00
378,547,1.00
378,548,1.00
378,549,1.00
378,550,1.00
377,546,0.62
377,547,1.00
377,548,1.00
377,549,1.00
377,550,1.00
376,546,0.11
376,547,1.00
376,548,1.00
376,549,1.00
376,550,1.00
375,547,1.00
375,548,1.00
375,549,1.00
375,550,1.00
375,551,1.00
376,551,1.00
377,551,0.78
378,551,0.51
379,551,0.11
373,547,0.62
374,547,1.00
373,548,1.00
374,548,1.00
373,549,1.00
374,549,1.00
373,550,1.00
374,550,1.00
373,551,1.00
374,551,1.00
372,547,0.11
372,548,1.00
372,549,1.00
372,550,1.00
372,551,1.00
370,548,1.00
371,548,1.00
370,549,1.00
371,549,1.00
370,550,1.00
371,550,1.00
370,551,1.00
371,551,1.00
370,552,1.00
371,552,1.00
372,552,0.78
373,552,0.51
374,552,0.11
368,548,0.62
369,548,1.00
368,549,1.00
369,549,1.00
368,550,1.00
369,550,1.00
368,551,1.00
369,551,1.00
368,552,1.00
369,552,1.00
367,548,0.11
367,549,1.00
367,550,1.00
367,551,1.00
367,552,1.00
365,549,0.62
366,549,0.62
365,550,1.00
366,550,1.00
365,551,1.00
366,551,1.00
365,552,1.00
366,552,1.00
365,553,1.00
366,553,1.00
367,553,0.67
368,553,0.51
369,553,0.11
362,550,1.00
363,550,1.00
364,550,1.00
362,551,1.00
363,551,1.00
364,551,1.00
362,552,1.00
363,552,1.00
364,552,1.00
362,553,1.00
363,553,1.00
364,553,1.00
362,554,1.00
363,554,1.00
364,554,0.78
365,554,0.51
366,554,0.11
360,550,0.62
361,550,1.00
360,551,1.00
361,551,1.00
360,552,1.00
361,552,1.00
360,553,1.00
361,553,1.00
360,554,1.00
361,554,1.00
359,550,0.11
359,551,1.00
359,552,1.00
359,553,1.00
359,554,1.00
357,551,1.00
358,551,1.00
357,552,1.00
358,552,1.00
357,553,1.00
358,553,1.00
357,554,1.00
358,554,1.00
357,555,1.00
358,555,1.00
359,555,1.00
360,555,0.62
361,555,0.11
356,551,1.00
356,552,1.00
356,553,1.00
356,554,1.00
356,555,1.00
355,551,1.00
355,552,1.00
355,553,1.00
355,554,1.00
355,555,1.00
354,551,0.23
354,552,1.00
354,553,1.00
354,554,1.00
354,555,0.23
362,549,0.11
363,549,0.51
364,549,0.67
378,543,0.11
379,543,0.51
380,543,0.67
381,543,0.51
382,543,0.11
378,544,0.51
379,544,1.00
380,544,1.00
381,544,1.00
382,544,0.51
378,545,0.67
379,545,1.00
380,545,1.00
389,539,0.11
390,539,0.51
391,539,0.67
392,539,0.51
393,539,0.11
389,540,0.51
390,540,1.00
391,540,1.00
392,540,1.00
393,540,0.51
389,541,0.67
390,541,1.00
391,541,1.00
392,541,1.00
393,541,0.67
389,542,0.51
390,542,1.00
391,542,1.00
392,542,1.00
393,542,0.51
389,543,0.11
390,543,0.51
391,543,0.67
392,543,0.51
393,543,0.11
398,535,0.11
399,535,0.51
400,535,0.67
401,535,0.51
402,535,0.11
398,536,0.51
399,536,1.00
400,536,1.00
401,536,1.00
402,536,0.51
398,537,0.67
399,537,1.00
400,537,1.00
401,537,1.00
402,537,0.67
398,538,0.51
399,538,1.00
400,538,1.00
401,538,1.00
402,538,0.51
398,539,0.11
399,539,0.51
400,539,0.67
401,539,0.51
402,539,0.11
405,532,0.11
406,532,0.51
407,532,0.67
408,532,0.51
409,532,0.11
405,533,0.51
406,533,1.00
407,533,1.00
408,533,1.00
409,533,0.51
405,534,0.67
406,534,1.00
407,534,1.00
408,534,1.00
409,534,0.67
405,535,0.51
406,535,1.00
407,535,1.00
408,535,1.00
409,535,0.51
405,536,0.11
406,536,0.51
407,536,0.67
408,536,0.51
409,536,0.11
411,529,0.11
412,529,0.51
413,529,0.67
414,529,0.51
415,529,0.11
411,530,0.51
412,530,1.00
413,530,1.00
414,530,1.00
415,530,0.51
411,531,0.67
412,531,1.00
413,531,1.00
414,531,1.00
415,531,0.67
411,532,0.51
412,532,1.00
413,532,1.00
414,532,1.00
415,532,0.51
411,533,0.11
412,533,0.51
413,533,0.67
414,533,0.51
415,533,0.11
416,527,0.11
417,527,0.51
418,527,0.67
419,527,0.51
420,527,0.11
416,528,0.51
417,528,1.00
418,528,1.00
419,528,1.00
420,528,0.51
416,529,0.67
417,529,1.00
418,529,1.00
419,529,1.00
420,529,0.67
416,530,0.51
417,530,1.00
418,530,1.00
419,530,1.00
420,530,0.51
416,531,0.11
417,531,0.51
418,531,0.67
419,531,0.51
420,531,0.11
421,525,0.11
422,525,0.51
423,525,0.67
424,525,0.51
425,525,0.62
421,526,0.51
422,526,1.00
423,526,1.00
424,526,1.00
425,526,1.00
421,527,0.67
422,527,1.00
423,527,1.00
424,527,1.00
425,527,1.00
421,528,0.51
422,528,1.00
423,528,1.00
424,528,1.00
425,528,0.62
421,529,0.11
422,529,0.51
423,529,0.67
424,529,0.51
425,529,0.11
425,524,0.11
426,524,0.51
427,524,0.67
428,524,0.51
429,524,0.62
426,525,1.00
427,525,1.00
428,525,1.00
429,525,1.00
426,526,1.00
427,526,1.00
428,526,1.00
429,526,1.00
426,527,1.00
427,527,1.00
428,527,1.00
429,527,0.62
426,528,0.51
427,528,0.67
428,528,0.51
429,528,0.11
429,523,0.11
430,523,0.51
431,523,0.67
432,523,0.51
433,523,0.11
430,524,1.00
431,524,1.00
432,524,1.00
433,524,0.51
430,525,1.00
431,525,1.00
432,525,1.00
433,525,0.67
430,526,1.00
431,526,1.00
432,526,1.00
433,526,0.51
430,527,0.51
431,527,0.67
432,527,0.51
433,527,0.11
434,521,0.11
435,521,0.51
436,521,0.67
437,521,0.51
438,521,0.62
434,522,0.51
435,522,1.00
436,522,1.00
437,522,1.00
438,522,1.00
434,523,0.67
435,523,1.00
436,523,1.00
437,523,1.00
438,523,1.00
434,524,0.51
435,524,1.00
436,524,1.00
437,524,1.00
438,524,0.62
434,525,0.11
435,525,0.51
436,525,0.67
437,525,0.51
438,525,0.11
438,520,0.11
439,520,0.51
440,520,0.67
441,520,0.51
442,520,0.11
439,521,1.00
440,521,1.00
441,521,1.00
442,521,0.51
439,522,1.00
440,522,1.00
441,522,1.00
442,522,0.67
439,523,1.00
440,523,1.00
441,523,1.00
442,523,0.51
439,524,0.51
440,524,0.67
441,524,0.51
442,524,0.11
443,519,0.11
444,519,0.51
445,519,0.67
446,519,0.51
447,519,0.78
443,520,0.51
444,520,1.00
445,520,1.00
446,520,1.00
447,520,1.00
443,521,0.67
444,521,1.00
445,521,1.00
446,521,1.00
447,521,0.78
443,522,0.51
444,522,1.00
445,522,1.00
446,522,1.00
447,522,0.51
443,523,0.11
444,523,0.51
445,523,0.67
446,523,0.51
447,523,0.11
447,517,0.11
448,517,0.51
449,517,0.67
450,517,0.51
451,517,0.11
447,518,0.51
448,518,1.00
449,518,1.00
450,518,1.00
451,518,0.51
448,519,1.00
449,519,1.00
450,519,1.00
451,519,0.67
448,520,1.00
449,520,1.00
450,520,1.00
451,520,0.51
448,521,0.51
449,521,0.67
450,521,0.51
451,521,0.11
453,516,0.11
454,516,0.51
455,516,0.67
456,516,0.51
457,516,0.11
453,517,0.51
454,517,1.00
455,517,1.00
456,517,1.00
457,517,0.51
453,518,0.67
454,518,1.00
455,518,1.00
456,518,1.00
457,518,0.67
453,519,0.51
454,519,1.00
455,519,1.00
456,519,1.00
457,519,0.51
453,520,0.11
454,520,0.51
455,520,0.67
456,520,0.51
457,520,0.11
459,514,0.11
460,514,0.51
461,514,0.67
462,514,0.51
463,514,0.11
459,515,0.51
460,515,1.00
461,515,1.00
462,515,1.00
463,515,0.51
459,516,0.67
460,516,1.00
461,516,1.00
462,516,1.00
463,516,0.67
459,517,0.51
460,517,1.00
461,517,1.00
462,517,1.00
463,517,0.51
459,518,0.11
460,518,0.51
461,518,0.67
462,518,0.51
463,518,0.11
465,513,0.11
466,513,0.51
467,513,0.67
468,513,0.51
469,513,0.11
465,514,0.51
466,514,1.00
467,514,1.00
468,514,1.00
469,514,0.51
465,515,0.67
466,515,1.00
467,515,1.00
468,515,1.00
469,515,0.67
465,516,0.51
466,516,1.00
467,516,1.00
468,516,1.00
469,516,0.51
465,517,0.11
466,517,0.51
467,517,0.67
468,517,0.51
469,517,0.11
471,512,0.11
472,512,0.51
473,512,0.67
474,512,0.51
475,512,0.11
471,513,0.51
472,513,1.00
473,513,1.00
474,513,1.00
475,513,0.51
471,514,0.67
472,514,1.00
473,514,1.00
474,514,1.00
475,514,0.67
471,515,0.51
472,515,1.00
473,515,1.00
474,515,1.00
475,515,0.51
471,516,0.11
472,516,0.51
473,516,0.67
474,516,0.51
475,516,0.11
478,512,0.11
479,512,0.51
480,512,0.67
481,512,0.51
482,512,0.11
478,513,0.51
479,513,1.00
480,513,1.00
481,513,1.00
482,513,0.51
478,514,0.67
479,514,1.00
480,514,1.00
481,514,1.00
482,514,0.67
478,515,0.51
479,515,1.00
480,515,1.00
481,515,1.00
482,515,0.51
478,516,0.11
479,516,0.51
480,516,0.67
481,516,0.51
482,516,0.11
483,512,0.11
484,512,0.51
485,512,0.67
486,512,0.51
487,512,0.11
483,513,0.51
484,513,1.00
485,513,1.00
486,513,1.00
487,513,0.51
483,514,0.67
484,514,1.00
485,514,1.00
486,514,1.00
487,514,0.67
483,515,0.51
484,515,1.00
485,515,1.00
486,515,1.00
487,515,0.51
483,516,0.11
484,516,0.51
485,516,0.67
486,516,0.51
487,516,0.23
493,511,0.11
494,511,0.51
495,511,0.67
496,511,0.51
497,511,0.11
493,512,0.51
494,512,1.00
495,512,1.00
496,512,1.00
497,512,0.51
493,513,0.67
494,513,1.00
495,513,1.00
496,513,1.00
497,513,0.67
493,514,0.51
494,514,1.00
495,514,1.00
496,514,1.00
497,514,1.00
493,515,1.00
494,515,1.00
495,515,1.00
496,515,1.00
497,515,1.00
498,510,0.11
499,510,0.51
500,510,0.67
501,510,0.51
502,510,0.23
498,511,0.51
499,511,1.00
500,511,1.00
501,511,1.00
502,511,1.00
498,512,0.67
499,512,1.00
500,512,1.00
501,512,1.00
502,512,1.00
498,513,0.51
499,513,1.00
500,513,1.00
501,513,1.00
502,513,1.00
498,514,0.62
499,514,0.62
500,514,0.67
501,514,0.51
502,514,0.23
503,510,0.51
504,510,0.67
505,510,0.51
506,510,0.74
503,511,1.00
504,511,1.00
505,511,1.00
506,511,1.00
503,512,1.00
504,512,1.00
505,512,1.00
506,512,1.00
503,513,1.00
504,513,1.00
505,513,1.00
506,513,1.00
503,514,0.51
504,514,0.67
505,514,0.51
506,514,0.23
506,509,0.11
507,509,0.51
508,509,0.67
509,509,0.51
510,509,0.11
507,510,1.00
508,510,1.00
509,510,1.00
510,510,0.62
507,511,1.00
508,511,1.00
509,511,1.00
510,511,1.00
507,512,1.00
508,512,1.00
509,512,1.00
510,512,1.00
507,513,1.00
508,513,1.00
509,513,1.00
510,513,0.62
511,509,0.11
512,509,0.51
513,509,0.67
514,509,0.51
515,509,0.62
511,510,0.51
512,510,1.00
513,510,1.00
514,510,1.00
515,510,1.00
511,511,0.67
512,511,1.00
513,511,1.00
514,511,1.00
515,511,1.00
511,512,0.51
512,512,1.00
513,512,1.00
514,512,1.00
515,512,0.62
511,513,0.11
512,513,0.51
513,513,0.67
514,513,0.51
515,513,0.11
515,508,0.11
516,508,0.51
517,508,0.67
518,508,0.51
519,508,0.23
516,509,1.00
517,509,1.00
518,509,1.00
519,509,1.00
516,510,1.00
517,510,1.00
518,510,1.00
519,510,1.00
516,511,1.00
517,511,1.00
518,511,1.00
519,511,1.00
516,512,0.51
517,512,0.67
518,512,0.51
519,512,0.23
520,508,0.51
521,508,1.00
522,508,1.00
523,508,1.00
520,509,1.00
521,509,1.00
522,509,1.00
523,509,1.00
520,510,1.00
521,510,1.00
522,510,1.00
523,510,1.00
520,511,1.00
521,511,1.00
522,511,1.00
523,511,1.00
520,512,0.51
521,512,0.67
522,512,0.51
523,512,0.11
522,507,1.00
523,507,1.00
524,507,1.00
525,507,1.00
526,507,1.00
524,508,1.00
525,508,1.00
526,508,1.00
524,509,1.00
525,509,1.00
526,509,1.00
524,510,1.00
525,510,1.00
526,510,1.00
524,511,0.67
525,511,0.51
526,511,0.11
525,506,0.62
526,506,0.51
527,506,1.00
528,506,1.00
529,506,1.00
527,507,1.00
528,507,1.00
529,507,1.00
527,508,1.00
528,508,1.00
529,508,1.00
527,509,1.00
528,509,1.00
529,509,1.00
527,510,0.67
528,510,0.51
529,510,0.11
527,505,0.11
528,505,0.51
529,505,1.00
530,505,1.00
531,505,1.00
530,506,1.00
531,506,1.00
530,507,1.00
531,507,1.00
530,508,1.00
531,508,1.00
530,509,1.00
531,509,0.78
532,505,1.00
533,505,1.00
532,506,1.00
533,506,1.00
532,507,1.00
533,507,1.00
532,508,1.00
533,508,1.00
532,509,0.51
533,509,0.11
531,504,0.78
532,504,1.00
533,504,1.00
534,504,1.00
535,504,0.62
534,505,1.00
535,505,1.00
534,506,1.00
535,506,1.00
534,507,1.00
535,507,1.00
534,508,1.00
535,508,0.62
536,504,0.11
536,505,0.51
536,506,0.67
536,507,0.51
536,508,0.11
529,504,0.11
530,504,0.51
521,505,0.11
522,505,0.51
523,505,0.67
524,505,0.51
525,505,0.11
521,506,0.51
522,506,1.00
523,506,1.00
524,506,1.00
521,507,0.67
507,514,0.51
508,514,0.67
509,514,0.51
510,514,0.11
485,517,0.11
486,517,0.51
487,517,1.00
488,517,1.00
489,517,1.00
485,518,0.51
486,518,1.00
487,518,1.00
488,518,1.00
489,518,1.00
485,519,0.67
486,519,1.00
487,519,1.00
488,519,1.00
489,519,1.00
485,520,1.00
486,520,1.00
487,520,1.00
488,520,1.00
489,520,1.00
485,521,1.00
486,521,1.00
487,521,0.67
488,521,1.00
489,521,1.00
465,524,0.11
466,524,0.51
467,524,0.67
468,524,0.51
469,524,0.11
465,525,0.51
466,525,1.00
467,525,1.00
468,525,1.00
469,525,0.51
465,526,0.67
466,526,1.00
467,526,1.00
468,526,1.00
469,526,0.67
465,527,0.51
466,527,1.00
467,527,1.00
468,527,1.00
469,527,0.51
465,528,0.11
466,528,0.51
467,528,0.67
468,528,0.51
469,528,0.11
448,530,0.11
449,530,0.51
450,530,0.67
451,530,0.51
452,530,0.11
448,531,0.51
449,531,1.00
450,531,1.00
451,531,1.00
452,531,0.51
448,532,0.67
449,532,1.00
450,532,1.00
451,532,1.00
452,532,0.67
448,533,0.51
449,533,1.00
450,533,1.00
451,533,1.00
452,533,0.51
448,534,0.11
449,534,0.51
450,534,0.67
451,534,0.51
452,534,0.11
432,535,0.11
433,535,0.62
434,535,1.00
435,535,1.00
436,535,0.62
432,536,0.51
433,536,1.00
434,536,1.00
435,536,1.00
436,536,0.51
432,537,0.67
433,537,1.00
434,537,1.00
435,537,1.00
436,537,0.67
422,537,0.11
423,537,0.62
424,537,1.00
425,537,1.00
426,537,0.62
422,538,0.51
423,538,1.00
424,538,1.00
425,538,1.00
426,538,0.51
422,539,0.67
423,539,1.00
424,539,1.00
425,539,1.00
426,539,0.67
415,538,0.74
416,538,1.00
417,538,1.00
418,538,1.00
419,538,1.00
415,539,1.00
416,539,1.00
417,539,1.00
418,539,1.00
419,539,1.00
415,540,1.00
416,540,1.00
417,540,1.00
418,540,1.00
411,538,1.00
412,538,1.00
413,538,1.00
414,538,1.00
411,539,1.00
412,539,1.00
413,539,1.00
414,539,1.00
411,540,1.00
412,540,1.00
413,540,1.00
414,540,1.00
409,538,0.23
410,538,1.00
409,539,1.00
410,539,1.00
409,540,1.00
410,540,1.00
409,541,1.00
411,537,0.11
412,537,0.51
413,537,0.67
414,537,0.51
415,537,0.11
416,536,0.11
417,536,0.51
418,536,0.67
419,536,0.51
420,536,0.11
416,537,0.51
417,537,1.00
418,537,1.00
419,537,1.00
420,537,0.51
420,538,0.67
420,539,0.51
423,533,0.11
424,533,0.51
425,533,0.67
426,533,0.51
427,533,0.11
423,534,0.51
424,534,1.00
425,534,1.00
426,534,1.00
427,534,0.51
423,535,0.67
424,535,1.00
425,535,1.00
426,535,1.00
427,535,0.67
423,536,0.51
424,536,1.00
425,536,1.00
426,536,1.00
427,536,0.51
427,537,0.11
433,531,0.11
434,531,0.51
435,531,0.67
436,531,0.51
437,531,0.11
433,532,0.51
434,532,1.00
435,532,1.00
436,532,1.00
437,532,0.51
433,533,0.67
434,533,1.00
435,533,1.00
436,533,1.00
437,533,0.67
433,534,0.51
434,534,1.00
435,534,1.00
436,534,1.00
437,534,0.51
437,535,0.11
443,528,0.11
444,528,0.51
445,528,0.67
446,528,0.51
447,528,0.11
443,529,0.51
444,529,1.00
445,529,1.00
446,529,1.00
447,529,0.51
443,530,0.67
444,530,1.00
445,530,1.00
446,530,1.00
447,530,0.67
443,531,0.51
444,531,1.00
445,531,1.00
446,531,1.00
447,531,0.51
443,532,0.11
444,532,0.51
445,532,0.67
446,532,0.51
447,532,0.11
455,525,0.11
456,525,0.51
457,525,0.67
458,525,0.51
459,525,0.11
455,526,0.51
456,526,1.00
457,526,1.00
458,526,1.00
459,526,0.51
455,527,0.67
456,527,1.00
457,527,1.00
458,527,1.00
459,527,0.67
455,528,0.51
456,528,1.00
457,528,1.00
458,528,1.00
459,528,0.51
455,529,0.11
456,529,0.51
457,529,0.67
458,529,0.51
459,529,0.11
475,521,0.11
476,521,0.51
477,521,0.67
478,521,0.51
479,521,0.11
475,522,0.51
476,522,1.00
477,522,1.00
478,522,1.00
479,522,0.51
475,523,0.67
476,523,1.00
477,523,1.00
478,523,1.00
479,523,0.67
475,524,0.51
476,524,1.00
477,524,1.00
478,524,1.00
479,524,0.51
475,525,0.11
476,525,0.51
477,525,0.67
478,525,0.51
479,525,0.11
482,520,0.11
483,520,0.51
484,520,0.67
482,521,0.51
483,521,1.00
484,521,1.00
482,522,0.67
483,522,1.00
484,522,1.00
485,522,1.00
486,522,0.67
482,523,0.51
483,523,1.00
484,523,1.00
485,523,1.00
486,523,0.51
482,524,0.11
483,524,0.51
484,524,0.67
485,524,0.51
486,524,0.11
490,518,1.00
491,518,1.00
492,518,1.00
490,519,1.00
491,519,1.00
492,519,1.00
490,520,1.00
491,520,1.00
492,520,1.00
490,521,1.00
491,521,1.00
492,521,0.51
488,522,0.11
489,522,0.51
490,522,0.67
491,522,0.51
492,522,0.11
491,516,1.00
492,516,1.00
493,516,1.00
494,516,1.00
495,516,1.00
491,517,1.00
492,517,1.00
493,517,1.00
494,517,1.00
495,517,1.00
493,518,1.00
494,518,1.00
495,518,1.00
493,519,1.00
494,519,1.00
495,519,1.00
493,520,0.78
494,520,0.51
495,520,0.11
496,516,1.00
497,516,1.00
496,517,1.00
497,517,1.00
496,518,1.00
497,518,1.00
496,519,1.00
497,519,1.00
498,515,1.00
498,516,1.00
498,517,1.00
498,518,1.00
498,519,0.62
499,515,0.62
499,516,1.00
499,517,1.00
499,518,0.62
499,519,0.11
491,515,0.11
492,515,0.51
489,516,1.00
490,516,1.00
490,517,1.00
488,516,0.62

478,525,1.00
479,525,1.00
480,525,1.00
481,525,1.00
482,525,0.23
478,526,1.00
479,526,1.00
480,526,1.00
481,526,1.00
482,526,1.00
478,527,1.00
479,527,1.00
480,527,1.00
481,527,1.00
482,527,1.00
478,528,1.00
479,528,1.00
480,528,1.00
481,528,1.00
482,528,1.00
478,529,0.74
479,529,1.00
480,529,1.00
481,529,1.00
482,529,0.23
475,525,1.00
476,525,1.00
477,525,0.90
475,526,1.00
476,526,1.00
477,526,1.00
475,527,1.00
476,527,1.00
477,527,1.00
475,528,1.00
476,528,1.00
477,528,1.00
475,529,0.62
476,529,0.62
477,529,0.67
472,525,0.34
473,525,0.62
474,525,1.00
472,526,1.00
473,526,1.00
474,526,1.00
472,527,1.00
473,527,1.00
474,527,1.00
472,528,1.00
473,528,1.00
474,528,1.00
472,529,0.23
473,529,0.51
474,529,0.67
468,525,0.23
469,525,1.00
470,525,1.00
471,525,1.00
468,526,0.51
469,526,1.00
470,526,1.00
471,526,1.00
468,527,0.67
469,527,1.00
470,527,1.00
471,527,1.00
468,528,0.51
469,528,1.00
470,528,1.00
471,528,1.00
468,529,0.11
469,529,0.51
470,529,0.67
471,529,0.51
462,525,1.00
463,525,1.00
464,525,1.00
465,525,1.00
466,525,0.23
462,526,1.00
463,526,1.00
464,526,1.00
465,526,1.00
466,526,0.51
462,527,0.67
463,527,1.00
464,527,1.00
465,527,1.00
466,527,0.67
462,528,0.51
463,528,1.00
464,528,1.00
465,528,1.00
466,528,0.51
462,529,1.00
463,529,1.00
464,529,1.00
465,529,1.00
466,529,0.97
454,525,1.00
455,525,1.00
456,525,1.00
457,525,1.00
458,525,0.62
454,526,1.00
455,526,1.00
456,526,1.00
457,526,1.00
458,526,0.62
454,527,1.00
455,527,1.00
456,527,1.00
457,527,1.00
458,527,0.67
454,528,1.00
455,528,1.00
456,528,1.00
457,528,1.00
458,528,0.51
454,529,1.00
455,529,1.00
456,529,1.00
457,529,1.00
458,529,1.00
451,525,1.00
452,525,1.00
453,525,1.00
451,526,1.00
452,526,1.00
453,526,1.00
451,527,1.00
452,527,1.00
453,527,1.00
451,528,1.00
452,528,1.00
453,528,1.00
451,529,1.00
452,529,1.00
453,529,1.00
449,525,1.00
450,525,1.00
449,526,1.00
450,526,1.00
449,527,1.00
450,527,1.00
449,528,1.00
450,528,1.00
449,529,1.00
450,529,1.00
447,525,1.00
448,525,1.00
447,526,1.00
448,526,1.00
447,527,1.00
448,527,1.00
447,528,1.00
448,528,1.00
447,529,1.00
448,529,1.00
446,525,1.00
446,526,1.00
446,527,1.00
446,528,1.00
446,529,1.00
445,525,1.00
445,526,1.00
445,527,1.00
445,528,1.00
445,529,1.00
443,525,1.00
444,525,1.00
443,526,1.00
444,526,1.00
443,527,1.00
444,527,1.00
443,528,1.00
444,528,1.00
443,529,1.00
444,529,1.00
441,525,1.00
442,525,1.00
441,526,1.00
442,526,1.00
441,527,1.00
442,527,1.00
441,528,1.00
442,528,1.00
441,529,1.00
442,529,1.00
452,523,1.00
453,523,1.00
454,523,1.00
455,523,1.00
456,523,1.00
452,524,1.00
453,524,1.00
454,524,1.00
455,524,1.00
456,524,1.00
462,521,1.00
463,521,1.00
464,521,1.00
465,521,1.00
466,521,1.00
462,522,1.00
463,522,1.00
464,522,1.00
465,522,1.00
466,522,1.00
462,523,1.00
463,523,1.00
464,523,1.00
465,523,1.00
466,523,1.00
462,524,1.00
463,524,1.00
464,524,1.00
465,524,1.00
466,524,1.00
474,519,0.11
475,519,0.51
476,519,1.00
477,519,1.00
478,519,1.00
474,520,0.62
475,520,1.00
476,520,1.00
477,520,1.00
478,520,1.00
474,521,1.00
475,521,1.00
476,521,1.00
477,521,1.00
478,521,1.00
474,522,1.00
475,522,1.00
476,522,1.00
477,522,1.00
478,522,1.00
474,523,1.00
475,523,1.00
476,523,1.00
477,523,1.00
478,523,1.00
484,517,0.11
485,517,1.00
486,517,1.00
487,517,1.00
488,517,1.00
484,518,0.51
485,518,1.00
486,518,1.00
487,518,1.00
488,518,1.00
484,519,0.67
485,519,1.00
486,519,1.00
487,519,1.00
488,519,1.00
484,520,1.00
485,520,1.00
486,520,1.00
487,520,1.00
488,520,1.00
484,521,1.00
485,521,1.00
486,521,1.00
487,521,1.00
488,521,1.00
497,515,0.23
498,515,0.62
499,515,1.00
500,515,1.00
501,515,1.00
497,516,1.00
498,516,1.00
499,516,1.00
500,516,1.00
501,516,1.00
497,517,1.00
498,517,1.00
499,517,1.00
500,517,1.00
501,517,1.00
497,518,1.00
498,518,1.00
499,518,1.00
500,518,1.00
501,518,1.00
497,519,0.74
498,519,1.00
499,519,1.00
500,519,1.00
501,519,1.00
502,515,1.00
503,515,1.00
504,515,1.00
502,516,1.00
503,516,1.00
504,516,1.00
502,517,1.00
503,517,1.00
504,517,1.00
502,518,1.00
503,518,1.00
504,518,1.00
502,519,1.00
503,519,1.00
504,519,1.00
505,515,1.00
505,516,1.00
505,517,1.00
505,518,1.00
505,519,1.00
506,515,0.23
506,516,1.00
506,517,1.00
506,518,1.00
506,519,1.00
493,515,0.11
494,515,0.51
495,515,0.67
496,515,0.51
493,516,0.51
494,516,1.00
495,516,1.00
496,516,1.00
493,517,0.67
494,517,1.00
495,517,1.00
496,517,1.00
493,518,1.00
494,518,1.00
495,518,1.00
496,518,1.00
493,519,1.00
494,519,1.00
495,519,1.00
496,519,1.00
485,515,0.11
486,515,0.51
487,515,0.67
488,515,0.51
489,515,0.11
485,516,0.51
486,516,1.00
487,516,1.00
488,516,1.00
489,516,0.51
489,517,0.67
489,518,0.51
489,519,0.78
476,516,0.11
477,516,0.51
478,516,0.67
479,516,0.51
480,516,0.11
476,517,0.51
477,517,1.00
478,517,1.00
479,517,1.00
480,517,0.51
476,518,0.67
477,518,1.00
478,518,1.00
479,518,1.00
480,518,0.67
479,519,1.00
480,519,1.00
479,520,1.00
480,520,1.00
462,516,0.11
463,516,0.51
464,516,0.67
465,516,0.51
466,516,0.11
462,517,0.51
463,517,1.00
464,517,1.00
465,517,1.00
466,517,0.51
462,518,0.67
463,518,1.00
464,518,1.00
465,518,1.00
466,518,0.67
462,519,0.51
463,519,1.00
464,519,1.00
465,519,1.00
466,519,0.51
462,520,0.74
463,520,1.00
464,520,1.00
465,520,1.00
466,520,0.74
456,516,0.11
457,516,0.51
458,516,0.67
459,516,0.51
460,516,0.11
456,517,0.51
457,517,1.00
458,517,1.00
459,517,1.00
460,517,0.51
456,518,0.67
457,518,1.00
458,518,1.00
459,518,1.00
460,518,0.67
456,519,0.51
457,519,1.00
458,519,1.00
459,519,1.00
460,519,0.51
456,520,0.11
457,520,0.51
458,520,0.67
459,520,0.62
460,520,0.62
451,516,0.11
452,516,0.51
453,516,0.67
454,516,0.51
455,516,0.11
451,517,0.51
452,517,1.00
453,517,1.00
454,517,1.00
455,517,0.51
451,518,0.67
452,518,1.00
453,518,1.00
454,518,1.00
455,518,0.67
451,519,0.51
452,519,1.00
453,519,1.00
454,519,1.00
455,519,0.51
451,520,0.11
452,520,0.51
453,520,0.67
454,520,0.51
455,520,0.11
446,517,0.78
447,517,1.00
448,517,0.78
449,517,0.51
450,517,0.11
446,518,1.00
447,518,1.00
448,518,1.00
449,518,1.00
450,518,0.51
446,519,1.00
447,519,1.00
448,519,1.00
449,519,1.00
450,519,0.67
446,520,1.00
447,520,1.00
448,520,1.00
449,520,1.00
450,520,0.51
446,521,0.78
447,521,1.00
448,521,0.78
449,521,0.51
450,521,0.11
444,517,0.62
445,517,0.62
444,518,1.00
445,518,1.00
444,519,1.00
445,519,1.00
444,520,1.00
445,520,1.00
444,521,0.62
445,521,0.62
441,517,1.00
442,517,0.74
443,517,0.67
441,518,1.00
442,518,1.00
443,518,1.00
441,519,1.00
442,519,1.00
443,519,1.00
441,520,1.00
442,520,1.00
443,520,1.00
441,521,1.00
442,521,1.00
443,521,1.00
439,518,1.00
440,518,1.00
439,519,1.00
440,519,1.00
439,520,1.00
440,520,1.00
439,521,1.00
440,521,1.00
439,522,0.34
440,522,1.00
441,522,1.00
442,522,1.00
443,522,1.00
433,520,1.00
434,520,1.00
435,520,1.00
436,520,1.00
437,520,1.00
433,521,1.00
434,521,1.00
435,521,1.00
436,521,1.00
437,521,1.00
433,522,1.00
434,522,1.00
435,522,1.00
436,522,1.00
437,522,1.00
433,523,1.00
434,523,1.00
435,523,1.00
436,523,1.00
437,523,0.51
433,524,1.00
434,524,1.00
435,524,1.00
436,524,1.00
437,524,0.11
430,521,1.00
431,521,1.00
432,521,1.00
430,522,1.00
431,522,1.00
432,522,1.00
430,523,1.00
431,523,1.00
432,523,1.00
430,524,1.00
431,524,1.00
432,524,1.00
430,525,1.00
431,525,1.00
432,525,1.00
433,525,1.00
434,525,1.00
427,521,0.78
428,521,1.00
429,521,1.00
427,522,1.00
428,522,1.00
429,522,1.00
427,523,1.00
428,523,1.00
429,523,1.00
427,524,1.00
428,524,1.00
429,524,1.00
427,525,1.00
428,525,1.00
429,525,1.00
424,522,0.78
425,522,1.00
426,522,1.00
424,523,1.00
425,523,1.00
426,523,1.00
424,524,1.00
425,524,1.00
426,524,1.00
424,525,1.00
425,525,1.00
426,525,1.00
424,526,1.00
425,526,1.00
426,526,1.00
427,526,1.00
428,526,1.00
422,523,1.00
423,523,1.00
422,524,1.00
423,524,1.00
422,525,1.00
423,525,1.00
422,526,1.00
423,526,1.00
422,527,1.00
423,527,1.00
424,527,1.00
425,527,1.00
426,527,0.62
416,524,1.00
417,524,1.00
418,524,1.00
419,524,1.00
420,524,1.00
416,525,1.00
417,525,1.00
418,525,1.00
419,525,1.00
420,525,1.00
416,526,1.00
417,526,1.00
418,526,1.00
419,526,1.00
420,526,1.00
416,527,1.00
417,527,1.00
418,527,1.00
419,527,1.00
420,527,1.00
416,528,1.00
417,528,1.00
418,528,1.00
419,528,1.00
420,528,1.00
414,524,1.00
415,524,1.00
414,525,1.00
415,525,1.00
414,526,1.00
415,526,1.00
414,527,1.00
415,527,1.00
414,528,1.00
415,528,1.00
413,524,1.00
413,525,1.00
413,526,1.00
413,527,1.00
413,528,1.00
412,525,1.00
412,526,1.00
412,527,1.00
412,528,1.00
412,529,1.00
413,529,1.00
414,529,1.00
415,529,1.00
416,529,1.00
411,525,1.00
411,526,1.00
411,527,1.00
411,528,1.00
411,529,1.00
410,525,0.74
410,526,0.51
410,527,0.67
410,528,0.62
410,529,0.62
417,529,0.23
421,525,1.00
421,526,1.00
421,527,1.00
421,528,1.00
422,528,1.00
418,529,0.62
419,529,1.00
420,529,1.00
421,529,1.00
422,529,1.00
429,526,1.00
430,526,1.00
431,526,1.00
427,527,1.00
428,527,1.00
429,527,1.00
430,527,1.00
431,527,1.00
427,528,1.00
428,528,1.00
429,528,1.00
430,528,1.00
431,528,1.00
438,523,0.11
439,523,1.00
440,523,1.00
441,523,1.00
442,523,1.00
438,524,0.51
439,524,1.00
440,524,1.00
441,524,1.00
442,524,1.00
438,525,0.67
439,525,1.00
440,525,1.00
438,526,0.51
439,526,1.00
440,526,1.00
438,527,0.11
439,527,0.51
440,527,0.67
467,520,0.78
468,520,1.00
469,520,1.00
470,520,1.00
471,520,1.00
467,521,1.00
468,521,1.00
469,521,1.00
470,521,1.00
471,521,1.00
467,522,1.00
468,522,1.00
469,522,1.00
470,522,1.00
471,522,1.00
467,523,1.00
468,523,1.00
469,523,1.00
470,523,1.00
471,523,1.00
467,524,0.78
468,524,1.00
469,524,1.00
470,524,1.00
471,524,1.00
481,519,0.67
482,519,0.51
483,519,0.11
481,520,1.00
482,520,1.00
483,520,1.00
479,521,1.00
480,521,1.00
481,521,1.00
482,521,1.00
483,521,1.00
479,522,1.00
480,522,1.00
481,522,1.00
482,522,1.00
483,522,1.00
479,523,1.00
480,523,1.00
481,523,1.00
482,523,1.00
483,523,1.00
490,519,0.51
491,519,0.62
489,520,1.00
490,520,1.00
491,520,1.00
489,521,1.00
490,521,1.00
491,521,1.00
487,522,0.51
488,522,1.00
489,522,1.00
490,522,1.00
491,522,0.62
487,523,0.11
488,523,0.51
489,523,0.67
490,523,0.51
491,523,0.11
494,520,1.00
495,520,1.00
496,520,1.00
497,520,1.00
498,520,1.00
494,521,1.00
495,521,1.00
496,521,1.00
497,521,1.00
498,521,1.00
494,522,1.00
495,522,1.00
496,522,1.00
497,522,1.00
498,522,0.62
494,523,0.11
495,523,0.51
496,523,0.67
497,523,0.51
498,523,0.11
501,520,1.00
502,520,1.00
503,520,1.00
504,520,1.00
505,520,1.00
501,521,1.00
502,521,1.00
503,521,1.00
504,521,1.00
505,521,1.00
501,522,1.00
502,522,1.00
503,522,1.00
504,522,1.00
505,522,1.00
501,523,0.11
502,523,0.62
503,523,1.00
504,523,1.00
505,523,1.00
506,520,1.00
506,521,1.00
506,522,1.00
506,523,1.00
507,519,1.00
507,520,1.00
507,521,1.00
507,522,1.00
507,523,1.00
508,519,1.00
508,520,1.00
508,521,1.00
508,522,1.00
508,523,1.00
509,519,0.85
509,520,1.00
509,521,1.00
509,522,1.00
509,523,0.34
507,518,1.00
508,518,0.62
509,518,0.11
499,520,1.00
500,520,1.00
499,521,1.00
500,521,1.00
499,522,0.51
500,522,0.67
491,518,0.11
492,518,0.51
492,519,1.00
492,520,1.00
493,520,1.00
492,521,1.00
493,521,1.00
492,522,0.51
493,522,0.67
469,518,0.11
470,518,0.51
471,518,0.67
472,518,0.51
473,518,0.11
469,519,0.51
470,519,1.00
471,519,1.00
472,519,1.00
473,519,0.51
472,520,1.00
473,520,0.67
472,521,1.00
473,521,0.62
472,522,1.00
473,522,0.62
445,523,1.00
446,523,1.00
447,523,1.00
448,523,1.00
449,523,1.00
445,524,1.00
446,524,1.00
447,524,1.00
448,524,1.00
449,524,1.00
425,528,1.00
426,528,1.00
425,529,1.00
426,529,1.00
427,529,1.00
428,529,1.00
429,529,1.00
425,530,1.00
426,530,1.00
427,530,1.00
428,530,1.00
429,530,1.00
425,531,1.00
426,531,1.00
427,531,1.00
428,531,1.00
429,531,1.00
418,530,0.67
419,530,1.00
420,530,1.00
421,530,1.00
422,530,1.00
418,531,0.51
419,531,1.00
420,531,1.00
421,531,1.00
422,531,1.00
418,532,0.11
419,532,0.51
420,532,1.00
421,532,1.00
422,532,1.00
411,530,1.00
412,530,1.00
413,530,1.00
414,530,1.00
415,530,0.51
411,531,1.00
412,531,1.00
413,531,1.00
414,531,1.00
415,531,1.00
411,532,1.00
412,532,1.00
413,532,1.00
414,532,1.00
415,532,1.00
411,533,1.00
412,533,1.00
413,533,1.00
414,533,1.00
415,533,1.00
401,529,1.00
402,529,1.00
403,529,1.00
404,529,1.00
405,529,1.00
401,530,1.00
402,530,1.00
403,530,1.00
404,530,1.00
405,530,1.00
401,531,1.00
402,531,1.00
403,531,1.00
404,531,1.00
405,531,1.00
401,532,1.00
402,532,1.00
403,532,1.00
404,532,1.00
405,532,1.00
401,533,1.00
402,533,1.00
403,533,1.00
404,533,0.74
405,533,0.62
397,529,1.00
398,529,1.00
399,529,1.00
400,529,1.00
397,530,1.00
398,530,1.00
399,530,1.00
400,530,1.00
397,531,1.00
398,531,1.00
399,531,1.00
400,531,1.00
397,532,1.00
398,532,1.00
399,532,1.00
400,532,1.00
397,533,1.00
398,533,1.00
399,533,1.00
400,533,1.00
394,529,1.00
395,529,1.00
396,529,1.00
394,530,1.00
395,530,1.00
396,530,1.00
394,531,1.00
395,531,1.00
396,531,1.00
394,532,0.85
395,532,1.00
396,532,1.00
394,533,1.00
395,533,1.00
396,533,1.00
390,528,1.00
391,528,1.00
392,528,1.00
393,528,1.00
394,528,1.00
390,529,1.00
391,529,1.00
392,529,1.00
393,529,1.00
390,530,1.00
391,530,1.00
392,530,1.00
393,530,1.00
390,531,1.00
391,531,1.00
392,531,1.00
393,531,1.00
390,532,1.00
391,532,1.00
392,532,1.00
393,532,1.00
388,528,1.00
389,528,1.00
388,529,1.00
389,529,1.00
388,530,1.00
389,530,1.00
388,531,1.00
389,531,1.00
388,532,1.00
389,532,1.00
386,527,1.00
387,527,1.00
388,527,1.00
389,527,1.00
390,527,1.00
386,528,1.00
387,528,1.00
386,529,1.00
387,529,1.00
386,530,1.00
387,530,1.00
386,531,1.00
387,531,1.00
385,527,1.00
385,528,1.00
385,529,1.00
385,530,1.00
385,531,1.00
383,527,1.00
384,527,1.00
383,528,1.00
384,528,1.00
383,529,1.00
384,529,1.00
383,530,1.00
384,530,1.00
383,531,1.00
384,531,1.00
381,527,0.11
382,527,1.00
381,528,1.00
382,528,1.00
381,529,1.00
382,529,1.00
381,530,1.00
382,530,1.00
381,531,1.00
382,531,1.00
379,528,1.00
380,528,1.00
379,529,1.00
380,529,1.00
379,530,1.00
380,530,1.00
379,531,1.00
380,531,1.00
379,532,1.00
380,532,1.00
381,532,1.00
382,532,1.00
383,532,1.00
378,528,0.23
378,529,1.00
378,530,1.00
378,531,1.00
378,532,1.00
388,525,1.00
389,525,1.00
390,525,1.00
391,525,1.00
392,525,1.00
388,526,1.00
389,526,1.00
390,526,1.00
391,526,1.00
392,526,1.00
391,527,1.00
392,527,1.00
398,523,0.62
399,523,1.00
400,523,1.00
401,523,1.00
402,523,1.00
398,524,1.00
399,524,1.00
400,524,1.00
401,524,1.00
402,524,1.00
398,525,1.00
399,525,1.00
400,525,1.00
401,525,1.00
402,525,1.00
398,526,1.00
399,526,1.00
400,526,1.00
401,526,1.00
402,526,1.00
398,527,1.00
399,527,1.00
400,527,1.00
401,527,1.00
402,527,1.00
410,521,1.00
411,521,1.00
412,521,1.00
413,521,1.00
414,521,0.78
410,522,1.00
411,522,1.00
412,522,1.00
413,522,1.00
414,522,0.51
410,523,1.00
411,523,1.00
412,523,1.00
413,523,1.00
414,523,0.67
410,524,1.00
411,524,1.00
412,524,1.00
427,519,0.11
428,519,0.51
429,519,0.67
430,519,0.51
431,519,0.78
427,520,0.51
428,520,1.00
429,520,1.00
430,520,1.00
431,520,1.00
432,519,1.00
433,519,1.00
434,519,1.00
435,519,1.00
436,519,1.00
432,520,1.00
435,518,0.62
436,518,1.00
437,518,1.00
438,518,1.00
437,519,1.00
438,519,1.00
438,520,1.00
438,521,1.00
438,522,0.51
437,517,0.62
438,517,1.00
439,517,1.00
440,517,1.00
436,517,0.11
431,517,0.11
432,517,0.51
433,517,0.67
434,517,0.51
435,517,0.11
431,518,0.51
432,518,1.00
433,518,1.00
434,518,1.00
418,522,1.00
419,522,1.00
420,522,1.00
421,522,1.00
422,522,1.00
418,523,1.00
419,523,1.00
420,523,1.00
421,523,1.00
421,524,1.00
403,528,1.00
404,528,1.00
405,528,1.00
406,528,1.00
407,528,0.78
406,529,1.00
407,529,0.51
406,530,1.00
407,530,0.67
406,531,1.00
407,531,0.51
406,532,0.51
407,532,0.11
399,534,1.00
400,534,1.00
401,534,1.00
402,534,0.74
403,534,0.11
398,534,1.00
397,534,1.00
397,535,1.00
398,535,1.00
399,535,1.00
400,535,1.00
401,535,0.34
403,525,1.00
404,525,1.00
405,525,1.00
403,526,1.00
404,526,1.00
405,526,1.00
403,527,1.00
404,527,1.00
405,527,1.00
401,528,1.00
402,528,1.00
405,522,1.00
406,522,1.00
407,522,1.00
408,522,1.00
409,522,1.00
405,523,1.00
406,523,1.00
407,523,1.00
408,523,1.00
409,523,1.00
405,524,1.00
406,524,1.00
407,524,1.00
408,524,1.00
409,524,1.00
406,525,1.00
407,525,1.00
408,525,1.00
409,525,1.00
406,526,1.00
407,526,1.00
408,526,1.00
409,526,0.78
409,519,1.00
410,519,1.00
411,519,1.00
412,519,1.00
413,519,1.00
409,520,1.00
410,520,1.00
411,520,1.00
412,520,1.00
413,520,1.00
409,521,1.00
415,515,1.00
416,515,1.00
417,515,1.00
418,515,1.00
419,515,1.00
415,516,1.00
416,516,1.00
417,516,1.00
418,516,1.00
419,516,1.00
415,517,1.00
416,517,1.00
417,517,1.00
418,517,1.00
419,517,1.00
415,518,1.00
416,518,1.00
417,518,1.00
418,518,1.00
419,518,1.00
415,519,1.00
416,519,1.00
417,519,1.00
418,519,1.00
419,519,1.00
420,515,1.00
420,516,1.00
420,517,1.00
420,518,1.00
420,519,1.00
417,514,1.00
418,514,1.00
419,514,1.00
420,514,1.00
421,514,0.62
421,515,1.00
421,516,1.00
421,517,1.00
421,518,1.00
421,519,0.62
415,520,1.00
416,520,1.00
417,520,0.67
418,520,0.51
419,520,0.11
406,527,1.00
407,527,1.00
408,527,1.00
409,527,0.51
408,528,0.51
409,528,0.11
393,533,1.00
393,534,1.00
394,534,1.00
395,534,1.00
396,534,1.00
393,535,1.00
394,535,1.00
395,535,1.00
396,535,1.00
393,536,1.00
394,536,1.00
395,536,1.00
396,536,1.00
397,536,1.00
393,537,1.00
394,537,1.00
395,537,1.00
396,537,1.00
397,537,1.00
391,535,1.00
392,535,1.00
391,536,1.00
392,536,1.00
391,537,1.00
392,537,1.00
391,538,1.00
392,538,1.00
393,538,1.00
394,538,1.00
395,538,1.00
391,539,1.00
392,539,1.00
393,539,0.90
394,539,0.51
395,539,0.11
389,535,1.00
390,535,1.00
389,536,1.00
390,536,1.00
389,537,1.00
390,537,1.00
389,538,1.00
390,538,1.00
389,539,1.00
390,539,1.00
388,535,1.00
388,536,1.00
388,537,1.00
388,538,1.00
388,539,1.00
389,534,0.74
390,534,1.00
391,534,1.00
392,534,1.00
390,533,1.00
391,533,1.00
392,533,1.00
397,526,1.00
397,527,1.00
397,528,1.00
398,528,1.00
399,528,1.00
400,528,1.00
403,523,1.00
404,523,1.00
403,524,1.00
404,524,1.00
403,520,1.00
404,520,1.00
405,520,1.00
406,520,1.00
407,520,1.00
403,521,1.00
404,521,1.00
405,521,1.00
406,521,1.00
407,521,1.00
403,522,1.00
404,522,1.00
407,517,1.00
408,517,1.00
409,517,1.00
410,517,1.00
411,517,1.00
407,518,1.00
408,518,1.00
409,518,1.00
410,518,1.00
411,518,1.00
407,519,1.00
408,519,1.00
408,520,1.00
408,521,1.00
411,514,1.00
412,514,1.00
413,514,1.00
414,514,1.00
415,514,1.00
411,515,1.00
412,515,1.00
413,515,1.00
414,515,1.00
411,516,1.00
412,516,1.00
413,516,1.00
414,516,1.00
412,517,1.00
413,517,1.00
414,517,1.00
412,518,1.00
413,518,1.00
414,518,1.00
412,513,1.00
413,513,1.00
414,513,1.00
415,513,1.00
416,513,1.00
416,514,1.00
411,513,0.23
404,514,0.74
405,514,1.00
406,514,1.00
407,514,1.00
408,514,0.74
404,515,1.00
405,515,1.00
406,515,1.00
407,515,1.00
408,515,1.00
404,516,1.00
405,516,1.00
406,516,1.00
407,516,1.00
408,516,1.00
404,517,1.00
405,517,1.00
406,517,1.00
404,518,1.00
405,518,1.00
406,518,1.00
400,516,0.11
401,516,0.51
402,516,0.67
403,516,0.51
400,517,0.51
401,517,1.00
402,517,1.00
403,517,1.00
400,518,0.67
401,518,1.00
402,518,1.00
403,518,1.00
400,519,0.62
401,519,1.00
402,519,1.00
403,519,1.00
404,519,1.00
400,520,0.62
401,520,1.00
402,520,1.00
395,518,0.11
396,518,0.51
397,518,0.67
398,518,0.51
399,518,0.11
395,519,1.00
396,519,1.00
397,519,1.00
398,519,1.00
399,519,0.51
395,520,1.00
396,520,1.00
397,520,1.00
398,520,1.00
399,520,0.67
395,521,1.00
396,521,1.00
397,521,1.00
398,521,1.00
399,521,0.51
395,522,1.00
396,522,1.00
397,522,0.67
398,522,0.51
399,522,0.23
392,519,0.11
393,519,0.51
394,519,0.67
392,520,0.51
393,520,1.00
394,520,1.00
392,521,0.67
393,521,1.00
394,521,1.00
392,522,0.51
393,522,1.00
394,522,1.00
392,523,0.62
393,523,1.00
394,523,1.00
395,523,0.62
396,523,0.11
387,522,0.11
388,522,0.51
389,522,0.67
390,522,0.51
391,522,0.11
387,523,1.00
388,523,1.00
389,523,1.00
390,523,1.00
391,523,0.62
387,524,1.00
388,524,1.00
389,524,1.00
390,524,1.00
391,524,1.00
387,525,1.00
387,526,1.00
385,523,0.11
386,523,0.51
385,524,1.00
386,524,1.00
385,525,1.00
386,525,1.00
385,526,1.00
386,526,1.00
384,524,0.23
384,525,1.00
384,526,1.00
383,526,0.62
382,526,0.11
384,532,1.00
385,532,1.00
380,533,1.00
381,533,1.00
382,533,1.00
383,533,1.00
384,533,1.00
378,533,1.00
379,533,1.00
378,534,1.00
379,534,1.00
380,534,1.00
381,534,1.00
382,534,1.00
378,535,1.00
379,535,1.00
380,535,1.00
381,535,1.00
382,535,1.00
377,531,0.11
377,532,0.85
377,533,1.00
377,534,1.00
377,535,1.00
377,536,1.00
378,536,1.00
379,536,1.00
380,536,1.00
381,536,1.00
376,533,0.23
376,534,1.00
376,535,1.00
376,536,1.00
376,537,1.00
377,537,1.00
378,537,1.00
379,537,1.00
380,537,1.00
374,534,0.46
375,534,1.00
374,535,1.00
375,535,1.00
374,536,1.00
375,536,1.00
374,537,1.00
375,537,1.00
374,538,0.97
375,538,1.00
376,538,1.00
377,538,1.00
378,538,1.00
374,539,0.11
375,539,0.51
376,539,0.67
377,539,1.00
378,539,1.00
383,534,1.00
386,532,1.00
387,532,1.00
392,524,1.00
393,524,1.00
394,524,1.00
395,524,0.51
393,525,1.00
394,525,1.00
395,525,1.00
393,526,1.00
394,526,1.00
395,526,1.00
393,527,1.00
394,527,1.00
395,527,1.00
400,521,0.67
401,521,1.00
402,521,1.00
400,522,1.00
401,522,1.00
402,522,1.00
405,519,1.00
406,519,1.00
409,515,0.67
410,515,0.51
409,516,1.00
410,516,1.00
412,512,0.11
413,512,0.74
414,512,1.00
415,512,1.00
416,512,1.00
417,512,1.00
417,513,1.00
414,511,0.85
415,511,1.00
416,511,1.00
417,511,1.00
418,511,1.00
418,512,1.00
418,513,1.00
415,510,1.00
416,510,1.00
417,510,1.00
418,510,1.00
419,510,1.00
419,511,1.00
419,512,1.00
419,513,1.00
418,508,1.00
419,508,1.00
420,508,1.00
421,508,1.00
422,508,1.00
418,509,1.00
419,509,1.00
420,509,1.00
421,509,1.00
422,509,1.00
420,510,1.00
421,510,1.00
422,510,1.00
420,511,1.00
421,511,1.00
422,511,1.00
420,512,1.00
421,512,1.00
422,512,0.90
419,507,0.11
420,507,0.51
421,507,1.00
422,507,1.00
423,507,1.00
423,508,1.00
423,509,1.00
423,510,1.00
423,511,1.00
421,506,0.11
422,506,0.51
423,506,0.67
424,506,0.74
425,506,1.00
424,507,1.00
425,507,1.00
424,508,1.00
425,508,1.00
424,509,1.00
425,509,1.00
424,510,1.00
425,510,1.00
426,506,1.00
427,506,1.00
428,506,1.00
426,507,1.00
427,507,1.00
428,507,1.00
426,508,1.00
427,508,1.00
428,508,1.00
426,509,1.00
427,509,1.00
428,509,1.00
426,510,1.00
427,510,1.00
428,510,1.00
429,506,0.23
429,507,1.00
429,508,1.00
429,509,1.00
429,510,0.23
424,511,1.00
425,511,1.00
426,511,0.51
423,512,0.51
424,512,0.67
425,512,0.62
426,512,0.85
420,513,1.00
421,513,1.00
422,513,0.51
422,514,0.11
404,513,0.62
405,513,1.00
406,513,1.00
407,513,1.00
408,513,0.62
404,510,0.78
405,510,1.00
406,510,1.00
407,510,1.00
408,510,1.00
404,511,1.00
405,511,1.00
406,511,1.00
407,511,1.00
408,511,1.00
404,512,0.78
405,512,1.00
406,512,1.00
407,512,1.00
408,512,0.78
404,508,0.11
405,508,1.00
406,508,1.00
407,508,1.00
408,508,1.00
404,509,0.51
405,509,1.00
406,509,1.00
407,509,1.00
408,509,1.00
405,507,0.11
406,507,0.51
407,507,1.00
408,507,1.00
409,507,1.00
409,508,1.00
409,509,1.00
409,510,0.51
409,511,0.11
407,505,0.11
408,505,1.00
409,505,1.00
410,505,1.00
411,505,1.00
407,506,0.51
408,506,1.00
409,506,1.00
410,506,1.00
411,506,1.00
410,507,1.00
411,507,1.00
410,508,1.00
411,508,1.00
410,509,0.51
411,509,0.46
408,504,0.11
409,504,0.74
410,504,1.00
411,504,1.00
412,504,1.00
412,505,1.00
412,506,1.00
412,507,1.00
412,508,1.00
413,504,1.00
413,505,1.00
413,506,1.00
413,507,1.00
413,508,1.00
414,504,1.00
414,505,1.00
414,506,1.00
414,507,1.00
414,508,1.00
415,504,0.46
415,505,1.00
415,506,1.00
415,507,1.00
415,508,1.00
412,509,1.00
413,509,1.00
414,509,1.00
415,509,1.00
416,505,0.23
416,506,1.00
416,507,1.00
416,508,1.00
416,509,1.00
412,510,0.11
413,510,1.00
414,510,1.00
417,506,0.11
417,507,1.00
417,508,1.00
417,509,1.00
413,511,0.11
418,507,0.11
414,519,1.00
397,523,0.11
397,524,0.51
397,525,0.78
396,525,0.51
396,526,1.00
396,527,1.00
395,528,1.00
396,528,1.00
386,533,1.00
387,533,1.00
388,533,1.00
389,533,1.00
385,533,1.00
385,534,1.00
386,534,1.00
387,534,1.00
388,534,1.00
384,534,1.00
384,535,1.00
385,535,1.00
386,535,1.00
387,535,1.00
383,535,1.00
383,536,1.00
384,536,1.00
385,536,1.00
386,536,1.00
387,536,1.00
382,536,1.00
382,537,1.00
383,537,1.00
384,537,1.00
385,537,1.00
386,537,1.00
381,537,1.00
380,538,1.00
381,538,1.00
382,538,1.00
383,538,1.00
384,538,1.00
379,538,1.00
379,539,1.00
380,539,1.00
381,539,1.00
382,539,1.00
378,540,1.00
379,540,1.00
380,540,1.00
381,540,1.00
382,540,1.00
377,540,1.00
377,541,0.46
378,541,1.00
379,541,1.00
380,541,1.00
381,541,1.00
382,541,0.23
383,539,1.00
383,540,1.00
387,537,1.00
385,538,1.00
386,538,1.00
387,538,1.00
384,539,1.00
385,539,1.00
386,539,1.00
387,539,1.00
410,530,0.67
410,531,0.51
410,532,0.78
423,528,1.00
424,528,1.00
423,529,1.00
424,529,1.00
423,530,0.67
424,530,0.62
432,526,1.00
433,526,1.00
434,526,1.00
432,527,1.00
433,527,1.00
434,527,1.00
432,528,1.00
433,528,1.00
434,528,0.51
430,529,1.00
431,529,1.00
432,529,1.00
433,529,1.00
434,529,1.00
443,523,1.00
444,523,1.00
443,524,1.00
444,524,1.00
449,522,0.85
450,522,1.00
451,522,1.00
452,522,1.00
453,522,1.00
450,523,1.00
451,523,1.00
450,524,1.00
451,524,1.00
453,521,0.11
454,521,0.51
455,521,0.67
456,521,0.51
457,521,0.11
454,522,1.00
455,522,1.00
456,522,1.00
457,522,1.00
457,523,1.00
457,524,1.00
461,520,0.67
459,521,0.51
460,521,1.00
461,521,1.00
459,522,0.78
460,522,1.00
461,522,1.00
459,523,1.00
460,523,1.00
461,523,1.00
459,524,0.78
460,524,1.00
461,524,1.00
472,523,1.00
472,524,0.62
474,524,1.00
475,524,1.00
476,524,1.00
477,524,1.00
478,524,1.00
479,524,1.00
480,524,1.00
481,524,1.00
484,522,1.00
484,523,1.00
482,524,1.00
483,524,1.00
484,524,1.00
485,522,1.00
485,523,1.00
485,524,1.00
486,522,1.00
486,523,1.00
486,524,0.23
473,523,0.67
473,524,0.51
459,525,0.51
460,525,1.00
461,525,1.00
459,526,0.11
460,526,0.51
461,526,0.67
458,522,0.11
458,523,0.51
458,524,0.67
446,522,1.00
447,522,1.00
448,522,1.00
445,522,1.00
444,522,1.00
423,522,1.00
417,522,1.00
417,523,1.00
415,522,1.00
416,522,1.00
415,523,1.00
416,523,1.00
415,521,0.74
416,521,1.00
417,521,1.00
418,521,1.00
419,521,1.00
420,521,1.00
421,521,0.78
422,521,0.51
423,521,0.11
435,525,1.00
436,525,0.67
435,526,1.00
436,526,0.51
435,527,0.51
436,527,0.11
445,530,0.74
446,530,1.00
447,530,1.00
448,530,1.00
449,530,1.00
450,530,1.00
451,530,1.00
452,530,1.00
448,531,0.11
449,531,1.00
450,531,1.00
451,531,1.00
452,531,1.00
453,530,1.00
453,531,1.00
449,532,0.62
450,532,1.00
451,532,1.00
452,532,1.00
453,532,1.00
454,530,1.00
454,531,1.00
454,532,1.00
455,530,1.00
455,531,1.00
455,532,1.00
456,530,1.00
456,531,1.00
456,532,1.00
452,533,0.97
453,533,1.00
454,533,1.00
455,533,1.00
456,533,1.00
457,530,1.00
457,531,1.00
457,532,1.00
457,533,1.00
458,530,1.00
458,531,1.00
458,532,1.00
458,533,1.00
459,529,0.90
460,529,1.00
461,529,1.00
459,530,1.00
460,530,1.00
461,530,1.00
459,531,1.00
460,531,1.00
461,531,1.00
459,532,1.00
460,532,1.00
461,532,1.00
459,533,0.90
460,533,1.00
461,533,1.00
462,530,1.00
463,530,1.00
462,531,1.00
463,531,1.00
462,532,1.00
463,532,1.00
462,533,1.00
463,533,1.00
464,530,1.00
464,531,1.00
464,532,1.00
464,533,1.00
465,530,1.00
465,531,1.00
465,532,1.00
465,533,1.00
466,530,1.00
466,531,1.00
466,532,1.00
466,533,0.85
467,529,0.11
467,530,0.51
467,531,0.67
467,532,0.51
467,533,0.11
449,533,0.11
450,533,0.51
451,533,0.67
441,530,1.00
442,530,1.00
443,530,1.00
444,530,1.00
441,531,1.00
442,531,1.00
443,531,1.00
444,531,1.00
445,531,0.67
441,532,1.00
442,532,1.00
443,532,1.00
444,532,1.00
445,532,0.51
441,533,0.78
442,533,1.00
443,533,0.78
444,533,0.51
445,533,0.11
439,529,0.11
440,529,0.51
439,530,0.51
440,530,1.00
439,531,0.67
440,531,1.00
439,532,0.51
440,532,1.00
439,533,0.11
440,533,0.51
435,529,1.00
436,529,1.00
437,529,0.62
438,529,0.11
434,530,1.00
435,530,1.00
436,530,1.00
437,530,1.00
438,530,0.51
434,531,1.00
435,531,1.00
436,531,1.00
437,531,1.00
438,531,0.67
434,532,1.00
435,532,1.00
436,532,1.00
437,532,1.00
438,532,0.51
434,533,1.00
435,533,1.00
436,533,1.00
437,533,0.62
438,533,0.11
433,530,1.00
433,531,1.00
433,532,1.00
433,533,0.74
432,530,1.00
432,531,1.00
432,532,1.00
432,533,0.74
430,530,1.00
431,530,1.00
430,531,1.00
431,531,1.00
429,532,1.00
430,532,1.00
431,532,1.00
429,533,1.00
430,533,1.00
431,533,1.00
428,532,1.00
428,533,1.00
427,532,1.00
427,533,1.00
425,532,1.00
426,532,1.00
425,533,1.00
426,533,1.00
425,534,1.00
426,534,1.00
427,534,1.00
428,534,0.62
429,534,0.11
424,531,1.00
424,532,1.00
424,533,1.00
424,534,1.00
423,531,1.00
423,532,1.00
423,533,1.00
423,534,1.00
423,535,1.00
424,535,1.00
425,535,1.00
426,535,1.00
427,535,0.34
422,533,1.00
422,534,1.00
422,535,0.78
420,533,0.67
421,533,1.00
420,534,0.51
421,534,1.00
420,535,0.11
421,535,0.51
416,531,0.51
417,531,0.11
416,532,1.00
417,532,0.51
416,533,1.00
417,533,0.67
413,534,0.51
414,534,1.00
415,534,1.00
416,534,1.00
417,534,0.51
413,535,0.11
414,535,0.51
415,535,0.67
416,535,0.51
417,535,0.11
408,532,0.11
409,532,0.51
408,533,0.62
409,533,1.00
410,533,1.00
408,534,1.00
409,534,1.00
410,534,1.00
411,534,1.00
412,534,0.67
408,535,1.00
409,535,1.00
410,535,1.00
411,535,1.00
412,535,0.51
408,536,0.62
409,536,0.51
410,536,0.67
411,536,0.51
412,536,0.11
406,533,0.67
407,533,0.51
404,534,0.51
405,534,1.00
406,534,1.00
407,534,1.00
404,535,0.67
405,535,1.00
406,535,1.00
407,535,1.00
404,536,0.51
405,536,1.00
406,536,1.00
407,536,1.00
404,537,0.11
405,537,0.51
406,537,0.67
407,537,0.51
408,537,0.11
398,536,1.00
399,536,1.00
400,536,0.51
398,537,0.67
399,537,0.51
400,537,0.11
396,538,0.51
397,538,0.11
387,540,1.00
388,540,1.00
389,540,1.00
390,540,0.62
391,540,0.11
386,540,1.00
385,540,1.00
384,540,1.00
414,520,1.00
422,515,0.11
422,516,0.51
422,517,0.67
422,518,0.51
422,519,0.11
424,513,0.11
425,513,1.00
426,513,1.00
427,513,1.00
428,513,1.00
424,514,0.51
425,514,1.00
426,514,1.00
427,514,1.00
428,514,1.00
424,515,0.67
425,515,1.00
426,515,1.00
427,515,1.00
428,515,1.00
424,516,0.51
425,516,1.00
426,516,1.00
427,516,1.00
428,516,1.00
424,517,0.11
425,517,0.51
426,517,0.67
427,517,0.51
428,517,0.11
427,512,1.00
428,512,1.00
429,512,1.00
429,513,1.00
429,514,1.00
429,515,1.00
429,516,1.00
430,512,1.00
430,513,1.00
430,514,1.00
430,515,1.00
430,516,1.00
431,512,1.00
431,513,1.00
431,514,1.00
431,515,1.00
431,516,1.00
432,512,1.00
433,512,0.62
432,513,1.00
433,513,1.00
432,514,1.00
433,514,1.00
432,515,1.00
433,515,1.00
432,516,1.00
433,516,0.62
434,512,0.23
434,513,1.00
434,514,1.00
434,515,1.00
434,516,0.23
435,512,0.51
436,512,0.78
437,512,1.00
438,512,0.78
435,513,1.00
436,513,1.00
437,513,1.00
438,513,1.00
435,514,1.00
436,514,1.00
437,514,1.00
438,514,1.00
435,515,1.00
436,515,1.00
437,515,1.00
438,515,1.00
435,516,0.51
436,516,0.78
437,516,1.00
438,516,0.78
439,512,0.62
440,512,0.62
439,513,1.00
440,513,1.00
439,514,1.00
440,514,1.00
439,515,1.00
440,515,1.00
439,516,0.62
440,516,0.62
441,512,0.67
442,512,0.62
443,512,1.00
441,513,1.00
442,513,1.00
443,513,1.00
441,514,1.00
442,514,1.00
443,514,1.00
441,515,1.00
442,515,1.00
443,515,1.00
441,516,0.67
442,516,0.62
443,516,0.62
444,512,1.00
445,512,1.00
446,512,1.00
444,513,1.00
445,513,1.00
446,513,1.00
444,514,1.00
445,514,1.00
446,514,1.00
444,515,1.00
445,515,1.00
446,515,1.00
444,516,0.67
445,516,0.51
446,516,0.11
443,511,0.11
444,511,1.00
445,511,1.00
446,511,1.00
447,511,1.00
447,512,1.00
447,513,1.00
447,514,1.00
447,515,1.00
448,511,1.00
448,512,1.00
448,513,1.00
448,514,1.00
448,515,0.46
444,510,0.23
445,510,1.00
446,510,1.00
447,510,1.00
448,510,1.00
449,510,1.00
449,511,1.00
449,512,1.00
449,513,1.00
449,514,0.78
450,510,1.00
451,510,1.00
450,511,1.00
451,511,1.00
450,512,1.00
451,512,1.00
450,513,1.00
451,513,1.00
450,514,0.51
451,514,0.11
449,509,0.11
450,509,0.62
451,509,1.00
452,509,1.00
453,509,1.00
452,510,1.00
453,510,1.00
452,511,1.00
453,511,1.00
452,512,1.00
453,512,1.00
452,513,1.00
453,513,1.00
454,509,1.00
454,510,1.00
454,511,1.00
454,512,1.00
454,513,1.00
455,509,1.00
455,510,1.00
455,511,1.00
455,512,1.00
455,513,1.00
456,509,1.00
456,510,1.00
456,511,1.00
456,512,1.00
456,513,1.00
457,509,1.00
457,510,1.00
457,511,1.00
457,512,1.00
457,513,1.00
458,509,1.00
458,510,1.00
458,511,1.00
458,512,1.00
458,513,1.00
459,509,1.00
459,510,1.00
459,511,1.00
459,512,1.00
459,513,1.00
460,509,0.90
460,510,1.00
460,511,1.00
460,512,1.00
460,513,0.90
461,509,1.00
462,509,1.00
461,510,1.00
462,510,1.00
461,511,1.00
462,511,1.00
461,512,1.00
462,512,1.00
461,513,1.00
462,513,1.00
463,509,1.00
464,509,0.74
463,510,1.00
464,510,1.00
463,511,1.00
464,511,1.00
463,512,1.00
464,512,1.00
463,513,1.00
464,513,0.74
465,509,0.74
465,510,1.00
465,511,1.00
465,512,1.00
465,513,0.74
466,509,1.00
467,509,1.00
468,509,1.00
466,510,1.00
467,510,1.00
468,510,1.00
466,511,1.00
467,511,1.00
468,511,1.00
466,512,1.00
467,512,1.00
468,512,1.00
466,513,1.00
467,513,1.00
468,513,1.00
469,509,1.00
469,510,1.00
469,511,1.00
469,512,1.00
469,513,1.00
470,509,1.00
470,510,1.00
470,511,1.00
470,512,1.00
470,513,1.00
471,509,1.00
471,510,1.00
471,511,1.00
471,512,1.00
471,513,1.00
472,509,1.00
472,510,1.00
472,511,1.00
472,512,1.00
472,513,1.00
473,509,1.00
473,510,1.00
473,511,1.00
473,512,1.00
473,513,1.00
474,509,1.00
475,509,1.00
474,510,1.00
475,510,1.00
474,511,1.00
475,511,1.00
474,512,1.00
475,512,1.00
474,513,1.00
475,513,1.00
476,509,1.00
476,510,1.00
476,511,1.00
476,512,1.00
476,513,1.00
477,509,1.00
477,510,1.00
477,511,1.00
477,512,1.00
477,513,1.00
478,509,1.00
478,510,1.00
478,511,1.00
478,512,1.00
478,513,1.00
479,509,0.78
479,510,1.00
479,511,1.00
479,512,1.00
479,513,1.00
480,509,0.51
481,509,0.11
480,510,1.00
481,510,1.00
480,511,1.00
481,511,1.00
480,512,1.00
481,512,1.00
480,513,1.00
481,513,1.00
482,510,1.00
483,510,1.00
482,511,1.00
483,511,1.00
482,512,1.00
483,512,1.00
482,513,1.00
483,513,1.00
479,514,0.11
480,514,0.62
481,514,1.00
482,514,1.00
483,514,1.00
484,510,1.00
484,511,1.00
484,512,1.00
484,513,1.00
484,514,1.00
485,510,0.62
485,511,1.00
485,512,1.00
485,513,1.00
485,514,0.62
486,510,0.11
486,511,0.51
486,512,0.67
486,513,0.51
486,514,0.11

565,511,0.90
566,511,1.00
567,511,1.00
568,511,1.00
569,511,0.23
565,512,1.00
566,512,1.00
567,512,1.00
568,512,1.00
569,512,1.00
565,513,1.00
566,513,1.00
567,513,1.00
568,513,1.00
569,513,1.00
565,514,1.00
566,514,1.00
567,514,1.00
568,514,1.00
569,514,1.00
565,515,1.00
566,515,1.00
567,515,1.00
568,515,1.00
569,515,0.23
563,511,0.62
564,511,0.62
563,512,1.00
564,512,1.00
563,513,1.00
564,513,1.00
563,514,1.00
564,514,1.00
563,515,1.00
564,515,1.00
560,511,0.78
561,511,1.00
562,511,0.78
560,512,1.00
561,512,1.00
562,512,1.00
560,513,1.00
561,513,1.00
562,513,1.00
560,514,1.00
561,514,1.00
562,514,1.00
560,515,1.00
561,515,1.00
562,515,1.00
558,511,0.23
559,511,0.51
558,512,1.00
559,512,1.00
558,513,1.00
559,513,1.00
558,514,1.00
559,514,1.00
558,515,0.23
559,515,1.00
554,511,1.00
555,511,1.00
556,511,1.00
557,511,1.00
554,512,1.00
555,512,1.00
556,512,1.00
557,512,1.00
554,513,1.00
555,513,1.00
556,513,1.00
557,513,1.00
554,514,1.00
555,514,1.00
556,514,1.00
557,514,1.00
554,515,0.62
555,515,0.62
556,515,0.67
557,515,0.51
551,511,1.00
552,511,1.00
553,511,1.00
551,512,1.00
552,512,1.00
553,512,1.00
551,513,1.00
552,513,1.00
553,513,1.00
551,514,1.00
552,514,1.00
553,514,1.00
551,515,1.00
552,515,1.00
553,515,0.78
549,511,1.00
550,511,1.00
549,512,1.00
550,512,1.00
549,513,1.00
550,513,1.00
549,514,1.00
550,514,1.00
549,515,0.62
550,515,1.00
548,511,1.00
548,512,1.00
548,513,1.00
548,514,1.00
548,515,0.34
544,511,1.00
545,511,1.00
546,511,1.00
547,511,1.00
544,512,1.00
545,512,1.00
546,512,1.00
547,512,1.00
544,513,1.00
545,513,1.00
546,513,1.00
547,513,1.00
544,514,1.00
545,514,1.00
546,514,1.00
547,514,1.00
544,515,1.00
545,515,1.00
546,515,1.00
547,515,1.00
540,511,0.11
541,511,0.51
542,511,0.78
543,511,1.00
540,512,0.51
541,512,1.00
542,512,1.00
543,512,1.00
540,513,0.67
541,513,1.00
542,513,1.00
543,513,1.00
540,514,0.51
541,514,1.00
542,514,1.00
543,514,1.00
540,515,0.11
541,515,0.51
542,515,0.78
543,515,1.00
535,512,0.90
536,512,1.00
537,512,1.00
538,512,1.00
539,512,0.23
535,513,1.00
536,513,1.00
537,513,1.00
538,513,1.00
539,513,1.00
535,514,1.00
536,514,1.00
537,514,1.00
538,514,1.00
539,514,1.00
535,515,1.00
536,515,1.00
537,515,1.00
538,515,1.00
539,515,1.00
535,516,0.90
536,516,1.00
537,516,1.00
538,516,1.00
539,516,0.23
533,512,0.62
534,512,0.62
533,513,1.00
534,513,1.00
533,514,1.00
534,514,1.00
533,515,1.00
534,515,1.00
533,516,1.00
534,516,1.00
530,513,0.62
531,513,1.00
532,513,1.00
530,514,1.00
531,514,1.00
532,514,1.00
530,515,1.00
531,515,1.00
532,515,1.00
530,516,0.62
531,516,1.00
532,516,1.00
530,517,0.11
531,517,0.51
532,517,0.67
533,517,0.51
534,517,0.11
524,513,1.00
525,513,1.00
526,513,0.67
527,513,0.51
528,513,0.11
524,514,1.00
525,514,1.00
526,514,1.00
527,514,1.00
528,514,0.51
524,515,1.00
525,515,1.00
526,515,1.00
527,515,1.00
528,515,0.67
524,516,1.00
525,516,1.00
526,516,1.00
527,516,1.00
528,516,0.51
524,517,0.11
525,517,0.51
526,517,0.67
527,517,0.51
528,517,0.11
518,515,0.11
519,515,0.51
520,515,0.67
521,515,1.00
522,515,1.00
518,516,1.00
519,516,1.00
520,516,1.00
521,516,1.00
522,516,1.00
518,517,1.00
519,517,1.00
520,517,1.00
521,517,1.00
522,517,0.67
518,518,1.00
519,518,1.00
520,518,1.00
521,518,1.00
522,518,0.51
518,519,1.00
519,519,1.00
520,519,0.67
521,519,0.51
522,519,0.11
515,516,0.11
516,516,0.51
517,516,0.67
515,517,0.51
516,517,1.00
517,517,1.00
515,518,0.67
516,518,1.00
517,518,1.00
515,519,0.51
516,519,1.00
517,519,1.00
515,520,0.62
516,520,0.62
517,520,0.67
518,520,0.51
519,520,0.11
510,517,0.11
511,517,0.51
512,517,0.67
513,517,0.51
514,517,0.11
510,518,1.00
511,518,1.00
512,518,1.00
513,518,1.00
514,518,0.51
510,519,1.00
511,519,1.00
512,519,1.00
513,519,1.00
514,519,0.67
510,520,1.00
511,520,1.00
512,520,1.00
513,520,1.00
514,520,1.00
510,521,1.00
511,521,1.00
512,521,1.00
513,521,1.00
514,521,1.00
508,518,0.11
509,518,0.51
508,519,0.51
509,519,1.00
508,520,1.00
509,520,1.00
508,521,1.00
509,521,1.00
508,522,1.00
509,522,1.00
510,522,1.00
511,522,0.51
512,522,0.78
503,519,0.78
504,519,1.00
505,519,0.78
506,519,0.51
507,519,0.11
503,520,1.00
504,520,1.00
505,520,1.00
506,520,1.00
507,520,1.00
503,521,1.00
504,521,1.00
505,521,1.00
506,521,1.00
507,521,1.00
503,522,1.00
504,522,1.00
505,522,1.00
506,522,1.00
507,522,1.00
503,523,1.00
504,523,1.00
505,523,0.78
506,523,1.00
507,523,1.00
501,519,0.11
502,519,0.51
501,520,1.00
502,520,1.00
501,521,1.00
502,521,1.00
501,522,1.00
502,522,1.00
501,523,1.00
502,523,1.00
500,520,1.00
500,521,1.00
500,522,1.00
500,523,1.00
500,524,1.00
501,524,1.00
502,524,1.00
503,524,0.74
504,524,0.11
499,520,0.23
499,521,1.00
499,522,1.00
499,523,1.00
499,524,0.23
508,523,1.00
509,523,1.00
510,523,0.51
506,524,0.11
507,524,0.51
508,524,0.67
509,524,0.51
510,524,0.11
515,521,1.00
516,521,0.51
513,522,1.00
514,522,1.00
515,522,1.00
516,522,0.67
512,523,0.51
513,523,1.00
514,523,1.00
515,523,1.00
516,523,0.51
512,524,0.11
513,524,0.51
514,524,0.67
515,524,0.51
516,524,0.11
528,519,0.11
529,519,0.51
530,519,0.67
531,519,0.51
532,519,0.11
528,520,0.51
529,520,1.00
530,520,1.00
531,520,1.00
532,520,0.51
528,521,0.67
529,521,1.00
530,521,1.00
531,521,1.00
532,521,0.67
528,522,0.51
529,522,1.00
530,522,1.00
531,522,1.00
532,522,0.51
528,523,0.11
529,523,0.51
530,523,0.67
531,523,0.51
532,523,0.11
535,519,0.11
536,519,0.51
537,519,0.67
538,519,0.51
539,519,0.11
535,520,0.51
536,520,1.00
537,520,1.00
538,520,1.00
539,520,0.51
535,521,0.67
536,521,1.00
537,521,1.00
538,521,1.00
539,521,0.67
535,522,0.51
536,522,1.00
537,522,1.00
538,522,1.00
539,522,0.51
535,523,0.11
536,523,0.51
537,523,0.67
538,523,0.51
539,523,0.11
547,519,0.11
548,519,0.51
549,519,0.67
550,519,0.51
551,519,0.11
547,520,0.51
548,520,1.00
549,520,1.00
550,520,1.00
551,520,0.51
547,521,0.67
548,521,1.00
549,521,1.00
550,521,1.00
551,521,0.67
547,522,0.51
548,522,1.00
549,522,1.00
550,522,1.00
551,522,0.51
547,523,0.11
548,523,0.51
549,523,0.67
550,523,0.51
551,523,0.11
554,518,0.11
555,518,0.51
556,518,0.78
557,518,1.00
558,518,0.78
554,519,0.51
555,519,1.00
556,519,1.00
557,519,1.00
558,519,1.00
554,520,0.67
555,520,1.00
556,520,1.00
557,520,1.00
558,520,1.00
554,521,0.51
555,521,1.00
556,521,1.00
557,521,1.00
558,521,1.00
554,522,0.11
555,522,0.51
556,522,0.78
557,522,1.00
558,522,0.78
559,518,0.62
560,518,0.74
559,519,1.00
560,519,1.00
559,520,1.00
560,520,1.00
559,521,1.00
560,521,1.00
559,522,0.62
560,522,0.74
561,518,1.00
562,518,1.00
563,518,1.00
561,519,1.00
562,519,1.00
563,519,1.00
561,520,1.00
562,520,1.00
563,520,1.00
561,521,1.00
562,521,1.00
563,521,1.00
561,522,1.00
562,522,1.00
563,522,1.00
564,518,1.00
564,519,1.00
564,520,1.00
564,521,1.00
564,522,1.00
565,518,1.00
566,518,1.00
565,519,1.00
566,519,1.00
565,520,1.00
566,520,1.00
565,521,1.00
566,521,1.00
565,522,1.00
566,522,0.23
562,517,0.62
563,517,1.00
564,517,1.00
565,517,1.00
566,517,1.00
567,517,1.00
567,518,1.00
567,519,1.00
567,520,1.00
567,521,0.23
563,516,1.00
564,516,1.00
565,516,1.00
566,516,1.00
567,516,0.62
561,516,1.00
562,516,1.00
561,517,0.11
559,516,0.11
560,516,0.51
553,508,1.00
554,508,1.00
555,508,0.67
556,508,0.51
557,508,0.11
553,509,1.00
554,509,1.00
555,509,1.00
556,509,1.00
557,509,0.51
553,510,1.00
554,510,1.00
555,510,1.00
556,510,1.00
557,510,0.67
550,507,1.00
551,507,1.00
552,507,0.67
553,507,0.51
554,507,0.11
550,508,1.00
551,508,1.00
552,508,1.00
550,509,1.00
551,509,1.00
552,509,1.00
550,510,1.00
551,510,1.00
552,510,1.00
547,506,1.00
548,506,1.00
549,506,1.00
550,506,1.00
551,506,0.23
547,507,1.00
548,507,1.00
549,507,1.00
547,508,1.00
548,508,1.00
549,508,1.00
547,509,1.00
548,509,1.00
549,509,1.00
547,510,1.00
548,510,1.00
549,510,1.00
542,504,1.00
543,504,1.00
544,504,1.00
545,504,1.00
546,504,1.00
542,505,1.00
543,505,1.00
544,505,1.00
545,505,1.00
546,505,1.00
542,506,1.00
543,506,1.00
544,506,1.00
545,506,1.00
546,506,1.00
542,507,1.00
543,507,1.00
544,507,1.00
545,507,1.00
546,507,1.00
542,508,1.00
543,508,1.00
544,508,1.00
545,508,1.00
546,508,1.00
539,502,1.00
540,502,1.00
541,502,1.00
542,502,0.74
543,502,0.11
539,503,1.00
540,503,1.00
541,503,1.00
542,503,1.00
543,503,1.00
539,504,1.00
540,504,1.00
541,504,1.00
539,505,1.00
540,505,1.00
541,505,1.00
539,506,1.00
540,506,1.00
541,506,1.00
537,501,1.00
538,501,1.00
539,501,1.00
540,501,1.00
541,501,0.46
537,502,1.00
538,502,1.00
537,503,1.00
538,503,1.00
537,504,1.00
538,504,1.00
537,505,0.97
538,505,1.00
534,500,1.00
535,500,1.00
536,500,1.00
537,500,1.00
538,500,1.00
534,501,1.00
535,501,1.00
536,501,1.00
534,502,1.00
535,502,1.00
536,502,1.00
534,503,1.00
535,503,1.00
536,503,1.00
534,504,0.97
535,504,1.00
536,504,1.00
532,499,1.00
533,499,1.00
534,499,1.00
535,499,1.00
536,499,1.00
532,500,1.00
533,500,1.00
532,501,1.00
533,501,1.00
532,502,1.00
533,502,1.00
532,503,1.00
533,503,1.00
531,498,1.00
532,498,1.00
533,498,1.00
534,498,1.00
535,498,1.00
531,499,1.00
531,500,1.00
531,501,1.00
531,502,1.00
530,497,1.00
531,497,1.00
532,497,1.00
533,497,1.00
534,497,1.00
530,498,1.00
530,499,1.00
530,500,1.00
530,501,1.00
526,496,1.00
527,496,1.00
528,496,1.00
529,496,0.51
530,496,0.62
526,497,1.00
527,497,1.00
528,497,1.00
529,497,1.00
526,498,1.00
527,498,1.00
528,498,1.00
529,498,1.00
526,499,0.62
527,499,1.00
528,499,1.00
529,499,1.00
526,500,1.00
527,500,1.00
528,500,1.00
529,500,1.00
524,494,1.00
525,494,1.00
526,494,1.00
527,494,1.00
528,494,1.00
524,495,1.00
525,495,1.00
526,495,1.00
527,495,1.00
528,495,1.00
524,496,1.00
525,496,1.00
524,497,1.00
525,497,1.00
524,498,0.11
525,498,0.51
522,492,1.00
523,492,1.00
524,492,1.00
525,492,1.00
526,492,1.00
522,493,1.00
523,493,1.00
524,493,1.00
525,493,1.00
526,493,1.00
522,494,1.00
523,494,1.00
522,495,1.00
523,495,1.00
522,496,0.74
523,496,1.00
521,491,1.00
522,491,1.00
523,491,1.00
524,491,1.00
525,491,1.00
521,492,1.00
521,493,1.00
521,494,1.00
521,495,0.74
521,490,1.00
522,490,1.00
523,490,1.00
524,490,1.00
525,490,1.00
526,490,0.23
526,491,1.00
527,491,0.11
527,492,0.51
527,493,1.00
536,498,1.00
537,498,1.00
538,498,1.00
537,499,1.00
538,499,1.00
544,503,0.34
540,507,1.00
541,507,1.00
542,509,1.00
543,509,1.00
544,509,1.00
545,509,1.00
546,509,1.00
544,510,0.62
545,510,1.00
546,510,1.00
541,508,1.00
541,509,0.34
530,495,0.11
531,495,0.51
532,495,0.67
533,495,1.00
534,495,1.00
531,496,1.00
532,496,1.00
533,496,1.00
534,496,1.00
520,488,0.23
521,488,0.62
522,488,1.00
523,488,1.00
524,488,0.62
520,489,0.51
521,489,1.00
522,489,1.00
523,489,1.00
524,489,1.00
520,490,0.67
520,491,0.51
520,492,0.11
516,484,1.00
517,484,1.00
518,484,1.00
519,484,1.00
520,484,0.11
516,485,1.00
517,485,1.00
518,485,1.00
519,485,1.00
520,485,0.51
516,486,1.00
517,486,1.00
518,486,1.00
519,486,1.00
520,486,0.67
516,487,1.00
517,487,1.00
518,487,1.00
519,487,1.00
520,487,0.51
516,488,1.00
517,488,1.00
518,488,0.67
519,488,0.51
515,483,1.00
516,483,1.00
517,483,1.00
518,483,0.74
519,483,0.11
515,484,1.00
515,485,1.00
515,486,1.00
515,487,1.00
514,483,1.00
514,484,1.00
514,485,1.00
514,486,1.00
514,487,1.00
513,482,1.00
514,482,1.00
515,482,0.78
516,482,0.51
517,482,0.11
513,483,1.00
513,484,1.00
513,485,1.00
513,486,1.00
511,482,1.00
512,482,1.00
511,483,1.00
512,483,1.00
511,484,1.00
512,484,1.00
511,485,1.00
512,485,1.00
511,486,1.00
512,486,1.00
510,482,1.00
510,483,1.00
510,484,1.00
510,485,1.00
510,486,1.00
509,481,1.00
510,481,1.00
511,481,1.00
512,481,0.62
513,481,0.11
509,482,1.00
509,483,1.00
509,484,1.00
509,485,1.00
508,481,1.00
508,482,1.00
508,483,1.00
508,484,1.00
508,485,0.62
507,481,1.00
507,482,1.00
507,483,1.00
507,484,1.00
507,485,0.11
506,480,1.00
507,480,1.00
508,480,1.00
509,480,0.62
510,480,0.11
506,481,1.00
506,482,1.00
506,483,1.00
506,484,0.62
505,480,1.00
505,481,1.00
505,482,1.00
505,483,1.00
505,484,1.00
502,479,1.00
503,479,1.00
504,479,1.00
505,479,1.00
506,479,0.78
502,480,1.00
503,480,1.00
504,480,1.00
502,481,1.00
503,481,1.00
504,481,1.00
502,482,1.00
503,482,1.00
504,482,1.00
502,483,1.00
503,483,1.00
504,483,1.00
501,478,1.00
502,478,1.00
503,478,1.00
504,478,1.00
505,478,1.00
501,479,1.00
501,480,1.00
501,481,1.00
501,482,1.00
500,478,1.00
500,479,1.00
500,480,1.00
500,481,1.00
500,482,1.00
499,477,0.34
500,477,1.00
501,477,1.00
502,477,1.00
503,477,0.85
499,478,1.00
499,479,1.00
499,480,1.00
499,481,1.00
504,477,0.67
505,477,0.51
506,477,0.11
506,478,0.51
525,488,0.11
525,489,0.51
535,497,1.00
536,497,1.00
537,497,1.00
530,512,0.11
531,512,0.51
532,512,0.67
521,512,0.11
522,512,0.51
523,512,0.67
524,512,0.51
525,512,0.11
521,513,0.51
522,513,1.00
523,513,1.00
521,514,0.67
522,514,1.00
523,514,1.00
523,515,1.00
523,516,0.67
513,508,1.00
514,508,1.00
515,508,1.00
516,508,0.51
517,508,0.11
513,509,1.00
514,509,1.00
515,509,1.00
516,509,1.00
517,509,0.51
513,510,1.00
514,510,1.00
515,510,1.00
516,510,1.00
517,510,0.67
513,511,1.00
514,511,1.00
515,511,1.00
516,511,1.00
517,511,0.51
513,512,0.11
514,512,0.51
515,512,0.67
516,512,0.51
517,512,0.11
511,507,1.00
512,507,1.00
513,507,1.00
514,507,0.51
515,507,0.11
511,508,1.00
512,508,1.00
511,509,0.67
512,509,1.00
511,510,0.51
512,510,1.00
511,511,0.11
512,511,0.51
509,504,1.00
510,504,1.00
511,504,1.00
512,504,1.00
513,504,1.00
509,505,1.00
510,505,1.00
511,505,1.00
512,505,1.00
513,505,0.97
509,506,1.00
510,506,1.00
511,506,1.00
512,506,1.00
513,506,0.67
509,507,1.00
510,507,1.00
509,508,0.11
510,508,0.51
508,503,1.00
509,503,1.00
510,503,1.00
511,503,1.00
512,503,1.00
508,504,1.00
508,505,1.00
508,506,1.00
508,507,1.00
508,502,0.23
509,502,1.00
510,502,1.00
511,502,1.00
512,502,1.00
509,501,0.11
510,501,0.51
511,501,0.67
512,501,0.51
513,501,1.00
513,502,1.00
513,503,1.00
513,499,0.34
514,499,1.00
515,499,1.00
516,499,1.00
517,499,1.00
513,500,0.62
514,500,1.00
515,500,1.00
516,500,1.00
517,500,1.00
514,501,1.00
515,501,1.00
516,501,1.00
517,501,1.00
514,502,1.00
515,502,1.00
516,502,1.00
517,502,1.00
514,503,1.00
515,503,1.00
516,503,1.00
517,503,1.00
526,501,1.00
527,501,1.00
528,501,1.00
529,501,1.00
526,502,1.00
527,502,1.00
528,502,1.00
529,502,1.00
530,502,1.00
526,503,1.00
527,503,1.00
528,503,1.00
529,503,0.51
530,503,0.74
531,503,1.00
539,500,1.00
537,506,0.11
538,506,1.00
538,507,0.11
539,507,1.00
539,508,0.11
540,508,0.62
539,499,1.00
540,499,0.78
540,500,0.85
535,496,1.00
536,496,1.00
537,496,1.00
538,496,0.62
538,497,1.00
533,494,0.74
534,494,1.00
535,494,1.00
536,494,1.00
537,494,0.74
535,495,1.00
536,495,1.00
537,495,1.00
533,493,0.11
534,493,0.51
535,493,0.67
536,493,0.51
537,493,0.11
538,495,0.11
539,495,0.51
540,495,0.67
541,495,0.51
542,495,0.11
539,496,1.00
540,496,1.00
541,496,1.00
542,496,0.51
539,497,1.00
540,497,1.00
541,497,1.00
542,497,0.67
539,498,1.00
540,498,1.00
541,498,1.00
542,498,0.51
541,499,0.51
542,499,0.11
544,499,0.11
545,499,0.51
546,499,0.67
547,499,0.51
548,499,0.11
544,500,0.51
545,500,1.00
546,500,1.00
547,500,1.00
548,500,0.51
544,501,0.67
545,501,1.00
546,501,1.00
547,501,1.00
548,501,1.00
544,502,0.51
545,502,1.00
546,502,1.00
547,502,1.00
548,502,1.00
545,503,1.00
546,503,1.00
547,503,1.00
548,503,1.00
549,501,1.00
550,501,1.00
551,501,0.23
549,502,1.00
550,502,1.00
551,502,1.00
549,503,1.00
550,503,1.00
551,503,1.00
547,504,1.00
548,504,1.00
549,504,1.00
550,504,1.00
551,504,1.00
547,505,1.00
548,505,1.00
549,505,1.00
550,505,1.00
551,505,0.74
530,504,0.23
531,504,1.00
532,504,1.00
533,504,1.00
530,505,0.51
531,505,1.00
532,505,1.00
533,505,1.00
534,505,0.51
530,506,0.67
531,506,1.00
532,506,1.00
533,506,1.00
534,506,0.67
530,507,0.51
531,507,1.00
532,507,1.00
533,507,1.00
534,507,0.51
530,508,0.11
531,508,0.51
532,508,0.67
533,508,0.51
534,508,0.11
524,504,0.34
525,504,1.00
526,504,1.00
527,504,1.00
528,504,0.23
524,505,1.00
525,505,1.00
526,505,1.00
527,505,1.00
528,505,0.51
524,506,1.00
525,506,1.00
526,506,1.00
527,506,1.00
528,506,0.67
524,507,1.00
525,507,1.00
526,507,1.00
527,507,1.00
528,507,0.51
524,508,0.23
525,508,0.51
526,508,0.67
527,508,0.51
528,508,0.11
520,504,1.00
521,504,1.00
522,504,1.00
523,504,0.62
520,505,1.00
521,505,1.00
522,505,1.00
523,505,1.00
520,506,1.00
521,506,1.00
522,506,1.00
523,506,1.00
520,507,1.00
521,507,1.00
522,507,1.00
523,507,1.00
520,508,0.11
521,508,0.51
522,508,0.67
523,508,0.51
518,503,1.00
519,503,1.00
520,503,1.00
521,503,1.00
517,504,1.00
518,504,1.00
519,504,1.00
517,505,1.00
518,505,1.00
519,505,1.00
517,506,1.00
518,506,1.00
519,506,1.00
517,507,0.11
518,507,0.51
519,507,0.67
518,502,0.11
514,504,1.00
515,504,1.00
516,504,1.00
514,505,1.00
515,505,1.00
516,505,1.00
514,506,0.11
515,506,0.51
516,506,0.67
519,500,0.62
520,500,0.62
521,500,1.00
522,500,1.00
523,500,1.00
519,501,0.51
520,501,1.00
521,501,1.00
522,501,1.00
523,501,1.00
519,502,0.67
520,502,1.00
521,502,1.00
522,502,1.00
523,502,1.00
522,503,1.00
523,503,1.00
524,500,1.00
525,500,1.00
524,501,1.00
525,501,1.00
524,502,1.00
525,502,1.00
524,503,1.00
525,503,1.00
521,499,0.11
522,499,0.51
523,499,0.67
524,499,0.51
525,499,0.11
516,496,1.00
517,496,1.00
518,496,1.00
519,496,0.51
520,496,0.11
516,497,1.00
517,497,1.00
518,497,1.00
519,497,1.00
520,497,0.51
516,498,1.00
517,498,1.00
518,498,1.00
519,498,1.00
520,498,0.67
518,499,1.00
519,499,1.00
520,499,0.51
518,500,0.67
513,495,1.00
514,495,1.00
515,495,1.00
516,495,1.00
517,495,1.00
513,496,1.00
514,496,1.00
515,496,1.00
513,497,1.00
514,497,1.00
515,497,1.00
513,498,1.00
514,498,1.00
515,498,1.00
510,493,1.00
511,493,1.00
512,493,1.00
513,493,1.00
514,493,1.00
510,494,1.00
511,494,1.00
512,494,1.00
513,494,1.00
514,494,1.00
510,495,1.00
511,495,1.00
512,495,1.00
510,496,1.00
511,496,1.00
512,496,1.00
510,497,1.00
511,497,1.00
512,497,1.00
509,492,0.74
510,492,1.00
511,492,1.00
512,492,1.00
513,492,1.00
509,493,1.00
509,494,1.00
509,495,1.00
509,496,1.00
509,491,0.11
510,491,0.51
511,491,0.67
512,491,0.74
513,491,1.00
514,491,1.00
515,491,1.00
516,491,1.00
514,492,1.00
515,492,1.00
516,492,1.00
515,493,1.00
516,493,1.00
515,494,1.00
516,494,1.00
517,491,0.78
518,491,0.51
519,491,0.11
517,492,1.00
518,492,1.00
519,492,0.51
517,493,1.00
518,493,1.00
519,493,0.67
517,494,1.00
518,494,1.00
519,494,0.51
518,495,1.00
519,495,0.11
521,496,0.11
528,493,0.34
523,497,0.11
513,487,1.00
513,488,1.00
514,488,1.00
515,488,1.00
513,489,1.00
514,489,1.00
515,489,1.00
516,489,1.00
517,489,0.67
513,490,1.00
514,490,1.00
515,490,1.00
516,490,1.00
517,490,0.51
511,487,1.00
512,487,1.00
511,488,1.00
512,488,1.00
511,489,1.00
512,489,1.00
511,490,0.78
512,490,1.00
510,487,1.00
510,488,1.00
510,489,1.00
509,486,1.00
509,487,1.00
509,488,1.00
509,489,0.74
509,490,0.11
510,490,0.51
508,494,0.11
508,495,0.51
508,496,0.67
508,497,0.51
509,497,1.00
508,498,0.11
509,498,0.51
510,498,0.67
511,498,0.51
512,498,0.11
501,491,1.00
502,491,1.00
503,491,1.00
504,491,1.00
505,491,1.00
501,492,1.00
502,492,1.00
503,492,1.00
504,492,1.00
505,492,1.00
501,493,1.00
502,493,1.00
503,493,1.00
504,493,1.00
505,493,1.00
501,494,1.00
502,494,1.00
503,494,1.00
504,494,1.00
505,494,1.00
501,495,0.74
502,495,0.51
503,495,1.00
504,495,1.00
505,495,1.00
499,489,1.00
500,489,1.00
501,489,1.00
502,489,1.00
503,489,1.00
499,490,1.00
500,490,1.00
501,490,1.00
502,490,1.00
503,490,1.00
499,491,1.00
500,491,1.00
499,492,1.00
500,492,1.00
499,493,1.00
500,493,1.00
497,488,1.00
498,488,1.00
499,488,1.00
500,488,1.00
501,488,1.00
497,489,1.00
498,489,1.00
497,490,1.00
498,490,1.00
497,491,1.00
498,491,1.00
497,492,1.00
498,492,1.00
502,488,1.00
504,489,1.00
505,489,1.00
504,490,1.00
505,490,1.00
506,490,0.23
506,491,1.00
506,492,1.00
506,493,1.00
506,494,1.00
507,491,0.23
507,492,1.00
507,493,1.00
507,494,1.00
506,495,1.00
507,495,1.00
503,496,1.00
504,496,1.00
505,496,1.00
506,496,1.00
507,496,0.23
500,487,1.00
501,487,1.00
502,487,1.00
503,487,1.00
504,487,1.00
503,488,1.00
504,488,1.00
498,486,1.00
499,486,1.00
500,486,1.00
501,486,1.00
502,486,1.00
498,487,1.00
499,487,1.00
497,484,1.00
498,484,1.00
499,484,1.00
500,484,1.00
501,484,1.00
497,485,1.00
498,485,1.00
499,485,1.00
500,485,1.00
501,485,1.00
497,486,1.00
497,487,1.00
496,482,1.00
497,482,1.00
498,482,1.00
499,482,1.00
496,483,1.00
497,483,1.00
498,483,1.00
499,483,1.00
500,483,1.00
496,484,1.00
496,485,0.51
496,486,1.00
494,480,1.00
495,480,1.00
496,480,1.00
497,480,1.00
498,480,1.00
494,481,1.00
495,481,1.00
496,481,1.00
497,481,1.00
498,481,1.00
494,482,1.00
495,482,1.00
494,483,1.00
495,483,1.00
494,484,1.00
495,484,1.00
493,480,1.00
493,481,1.00
493,482,1.00
493,483,1.00
493,484,0.23
494,479,1.00
495,479,1.00
496,479,1.00
497,479,1.00
498,479,1.00
495,478,1.00
496,478,1.00
497,478,1.00
498,478,1.00
494,478,1.00
493,477,1.00
494,477,1.00
495,477,1.00
496,477,1.00
497,477,0.46
493,478,1.00
493,479,1.00
492,477,1.00
492,478,1.00
492,479,1.00
492,480,1.00
492,481,1.00
489,477,0.62
490,477,1.00
491,477,1.00
489,478,1.00
490,478,1.00
491,478,1.00
489,479,1.00
490,479,1.00
491,479,1.00
489,480,1.00
490,480,1.00
491,480,1.00
489,481,1.00
490,481,1.00
491,481,1.00
482,480,0.11
483,480,0.51
484,480,0.67
485,480,0.51
486,480,0.11
482,481,0.51
483,481,1.00
484,481,1.00
485,481,1.00
486,481,1.00
482,482,0.78
483,482,1.00
484,482,1.00
485,482,1.00
486,482,1.00
482,483,1.00
483,483,1.00
484,483,1.00
485,483,1.00
486,483,1.00
482,484,0.78
483,484,0.51
484,484,0.67
485,484,1.00
486,484,1.00
478,482,0.11
479,482,0.51
480,482,0.67
481,482,0.51
478,483,0.51
479,483,1.00
480,483,1.00
481,483,1.00
478,484,0.67
479,484,1.00
480,484,1.00
481,484,1.00
478,485,0.62
479,485,1.00
480,485,1.00
481,485,1.00
482,485,0.51
478,486,0.62
479,486,0.51
480,486,0.78
481,486,1.00
482,486,0.78
474,485,0.11
475,485,0.51
476,485,0.67
477,485,0.51
474,486,1.00
475,486,1.00
476,486,1.00
477,486,1.00
474,487,1.00
475,487,1.00
476,487,1.00
477,487,1.00
478,487,0.67
474,488,1.00
475,488,1.00
476,488,1.00
477,488,1.00
478,488,0.62
474,489,1.00
475,489,1.00
476,489,1.00
477,489,1.00
478,489,0.62
473,486,0.23
473,487,1.00
473,488,1.00
473,489,1.00
473,490,1.00
474,490,1.00
475,490,1.00
476,490,1.00
477,490,1.00
473,491,1.00
474,491,1.00
475,491,1.00
476,491,1.00
477,491,1.00
472,488,0.74
472,489,1.00
472,490,1.00
472,491,1.00
472,492,1.00
473,492,1.00
474,492,1.00
475,492,1.00
476,492,1.00
471,488,0.11
471,489,1.00
471,490,1.00
471,491,1.00
471,492,1.00
471,493,1.00
472,493,1.00
473,493,1.00
474,493,1.00
475,493,1.00
470,489,0.62
470,490,1.00
470,491,1.00
470,492,1.00
470,493,1.00
469,489,0.11
469,490,1.00
469,491,1.00
469,492,1.00
469,493,1.00
468,490,0.23
468,491,1.00
468,492,1.00
468,493,1.00
468,494,0.23
469,494,1.00
470,494,1.00
471,494,1.00
472,494,0.23
478,490,1.00
479,490,1.00
478,491,1.00
479,491,1.00
477,492,1.00
478,492,1.00
479,492,1.00
476,493,1.00
477,493,1.00
478,493,1.00
479,493,1.00
475,494,1.00
476,494,1.00
477,494,1.00
478,494,1.00
479,494,1.00
487,490,1.00
488,490,1.00
489,490,0.67
490,490,0.51
491,490,0.11
487,491,1.00
488,491,1.00
489,491,1.00
490,491,1.00
491,491,0.51
487,492,0.67
488,492,1.00
489,492,1.00
490,492,1.00
491,492,0.67
487,493,1.00
488,493,1.00
489,493,1.00
490,493,1.00
491,493,0.51
487,494,1.00
488,494,1.00
489,494,0.67
490,494,0.51
491,494,0.11
496,489,1.00
496,490,1.00
496,491,0.67
496,492,0.51
496,493,0.11
497,493,1.00
498,493,1.00
505,488,1.00
505,487,1.00
503,486,1.00
504,486,1.00
505,486,1.00
502,485,1.00
503,485,1.00
504,485,1.00
505,485,1.00
501,483,1.00
502,484,1.00
503,484,1.00
504,484,1.00
491,482,1.00
492,482,1.00
489,482,0.97
490,482,1.00
491,476,1.00
492,476,1.00
493,476,1.00
494,476,1.00
495,476,1.00
491,475,0.74
492,475,1.00
493,475,1.00
494,475,1.00
495,475,1.00
492,473,1.00
493,473,1.00
494,473,1.00
495,473,1.00
496,473,1.00
492,474,1.00
493,474,1.00
494,474,1.00
495,474,1.00
496,474,1.00
496,475,1.00
496,476,1.00
492,472,0.23
493,472,1.00
494,472,1.00
495,472,1.00
496,472,0.23
491,474,0.11
488,477,0.11
488,478,0.51
488,479,0.67
488,480,0.51
488,481,0.62
487,481,0.67
487,482,1.00
488,482,1.00
487,483,1.00
488,483,1.00
489,483,0.67
487,484,1.00
488,484,1.00
489,484,0.51
485,485,0.11
486,485,0.51
487,485,0.67
488,485,0.51
489,485,0.11
483,486,0.51
484,486,0.11
480,487,0.51
481,487,1.00
482,487,1.00
483,487,1.00
484,487,0.62
480,488,1.00
481,488,1.00
482,488,1.00
483,488,1.00
484,488,1.00
480,489,1.00
481,489,1.00
482,489,1.00
483,489,1.00
484,489,1.00
480,490,1.00
481,490,1.00
482,490,1.00
483,490,0.51
484,490,0.62
479,488,0.51
479,489,1.00
480,491,1.00
481,491,1.00
482,491,0.51
480,492,1.00
481,492,0.51
482,492,0.11
480,493,0.51
480,494,0.11
474,494,1.00
474,495,1.00
475,495,1.00
476,495,1.00
477,495,1.00
478,495,0.62
473,494,1.00
473,495,1.00
473,496,1.00
474,496,1.00
475,496,1.00
476,496,1.00
477,496,1.00
473,497,0.23
474,497,1.00
475,497,1.00
476,497,1.00
477,497,0.23
479,495,0.11
485,487,0.51
486,487,0.67
487,487,0.51
488,487,0.11
485,488,1.00
486,488,1.00
487,488,1.00
488,488,0.51
485,489,1.00
486,489,1.00
487,489,1.00
488,489,0.67
485,490,1.00
486,490,1.00
484,491,0.11
485,491,0.51
486,491,0.67
492,486,0.11
493,486,0.51
494,486,0.78
495,486,1.00
492,487,0.51
493,487,1.00
494,487,1.00
495,487,1.00
496,487,1.00
492,488,0.67
493,488,1.00
494,488,1.00
495,488,1.00
496,488,1.00
492,489,0.51
493,489,1.00
494,489,1.00
495,489,1.00
492,490,0.11
493,490,0.51
494,490,0.78
495,490,1.00
497,494,1.00
498,494,1.00
499,494,1.00
500,494,1.00
497,495,1.00
498,495,1.00
499,495,1.00
500,495,1.00
497,496,1.00
498,496,1.00
499,496,1.00
500,496,1.00
501,496,1.00
495,499,1.00
496,499,1.00
497,499,1.00
498,499,1.00
499,499,1.00
495,500,1.00
496,500,1.00
497,500,1.00
498,500,1.00
499,500,1.00
495,501,1.00
496,501,1.00
497,501,1.00
498,501,1.00
499,501,1.00
495,502,1.00
496,502,1.00
497,502,1.00
498,502,1.00
499,502,1.00
495,503,1.00
496,503,1.00
497,503,1.00
498,503,1.00
499,503,1.00
494,503,1.00
494,504,1.00
495,504,1.00
496,504,1.00
497,504,1.00
498,504,1.00
494,505,1.00
495,505,1.00
496,505,1.00
497,505,1.00
498,505,1.00
494,506,1.00
495,506,1.00
496,506,1.00
497,506,1.00
498,506,1.00
494,507,1.00
495,507,1.00
496,507,1.00
497,507,1.00
498,507,1.00
493,506,1.00
493,507,1.00
493,508,1.00
494,508,1.00
495,508,1.00
496,508,1.00
497,508,1.00
493,509,1.00
494,509,1.00
495,509,1.00
496,509,1.00
497,509,1.00
493,510,0.23
494,510,1.00
495,510,1.00
496,510,1.00
497,510,1.00
498,508,1.00
498,509,1.00
498,510,1.00
494,511,0.11
495,511,0.51
496,511,0.67
497,511,1.00
498,511,1.00
499,509,0.78
500,509,1.00
501,509,1.00
499,510,1.00
500,510,1.00
501,510,1.00
499,511,1.00
500,511,1.00
501,511,1.00
497,512,0.51
498,512,1.00
499,512,1.00
500,512,1.00
501,512,1.00
497,513,0.11
498,513,0.51
499,513,0.78
500,513,1.00
501,513,1.00
502,509,1.00
503,509,1.00
502,510,1.00
503,510,1.00
502,511,1.00
503,511,1.00
502,512,1.00
503,512,1.00
502,513,1.00
503,513,1.00
504,510,1.00
504,511,1.00
504,512,1.00
504,513,1.00
500,514,0.11
501,514,0.74
502,514,1.00
503,514,1.00
504,514,1.00
505,510,0.74
505,511,1.00
505,512,1.00
505,513,1.00
505,514,0.23
501,507,0.11
502,507,0.51
503,507,0.67
504,507,0.51
505,507,0.34
501,508,0.51
502,508,1.00
503,508,1.00
504,508,1.00
505,508,0.51
504,509,1.00
505,509,0.67
500,502,1.00
501,502,1.00
502,502,1.00
503,502,1.00
504,502,1.00
500,503,1.00
501,503,1.00
502,503,1.00
503,503,1.00
504,503,1.00
500,504,1.00
501,504,1.00
502,504,1.00
503,504,1.00
504,504,1.00
500,505,1.00
501,505,1.00
502,505,1.00
503,505,1.00
504,505,1.00
500,506,0.62
501,506,0.62
502,506,0.67
503,506,0.51
504,506,0.11
498,498,1.00
499,498,1.00
500,498,1.00
501,498,1.00
502,498,1.00
500,499,1.00
501,499,1.00
502,499,1.00
500,500,1.00
501,500,1.00
502,500,1.00
500,501,1.00
501,501,1.00
502,501,1.00
498,497,1.00
499,497,1.00
500,497,1.00
501,497,1.00
502,497,1.00
503,497,1.00
503,498,1.00
503,499,1.00
503,500,1.00
503,501,1.00
504,499,1.00
505,499,0.78
504,500,1.00
505,500,1.00
504,501,1.00
505,501,1.00
505,502,1.00
505,503,1.00
506,501,1.00
507,501,0.78
506,502,1.00
507,502,1.00
506,503,1.00
507,503,1.00
505,504,1.00
506,504,1.00
507,504,1.00
505,505,1.00
506,505,1.00
507,505,1.00
505,506,1.00
506,506,1.00
507,506,1.00
506,507,1.00
507,507,1.00
506,499,0.51
507,499,0.11
506,500,1.00
507,500,0.51
502,496,1.00
504,497,0.51
504,498,0.67
499,504,1.00
499,505,1.00
499,506,0.67
493,503,1.00
493,504,1.00
493,505,1.00
489,500,1.00
490,500,1.00
491,500,1.00
492,500,1.00
493,500,1.00
489,501,1.00
490,501,1.00
491,501,1.00
492,501,1.00
493,501,1.00
489,502,1.00
490,502,1.00
491,502,1.00
492,502,1.00
493,502,1.00
489,503,1.00
490,503,1.00
491,503,1.00
492,503,1.00
489,504,1.00
490,504,1.00
491,504,1.00
492,504,1.00
485,495,1.00
486,495,1.00
487,495,1.00
488,495,1.00
489,495,0.11
485,496,1.00
486,496,1.00
487,496,1.00
488,496,1.00
489,496,0.51
485,497,1.00
486,497,1.00
487,497,1.00
488,497,1.00
489,497,0.67
485,498,1.00
486,498,1.00
487,498,1.00
488,498,1.00
489,498,1.00
485,499,1.00
486,499,1.00
487,499,1.00
488,499,1.00
489,499,1.00
484,493,0.23
485,493,1.00
486,493,1.00
484,494,1.00
485,494,1.00
486,494,1.00
484,495,1.00
484,496,1.00
484,497,1.00
484,498,0.78
484,499,0.74
484,500,1.00
485,500,1.00
486,500,1.00
487,500,1.00
488,500,1.00
482,504,1.00
483,504,1.00
484,504,1.00
485,504,1.00
486,504,1.00
482,505,1.00
483,505,1.00
484,505,1.00
485,505,1.00
486,505,1.00
482,506,0.67
483,506,1.00
484,506,1.00
485,506,1.00
486,506,1.00
482,507,1.00
483,507,1.00
484,507,1.00
485,507,1.00
486,507,1.00
482,508,1.00
483,508,1.00
484,508,1.00
485,508,1.00
486,508,1.00
480,512,0.11
481,512,0.51
482,512,0.67
483,512,0.51
484,512,0.11
480,513,1.00
481,513,1.00
482,513,1.00
483,513,1.00
484,513,0.51
480,514,1.00
481,514,1.00
482,514,1.00
483,514,1.00
484,514,0.67
480,515,1.00
481,515,1.00
482,515,1.00
483,515,1.00
484,515,0.51
480,516,1.00
481,516,1.00
482,516,1.00
483,516,1.00
484,516,0.11
479,514,0.62
479,515,1.00
479,516,1.00
479,517,0.62
480,517,1.00
481,517,1.00
482,517,1.00
483,517,0.62
479,518,0.11
480,518,0.51
481,518,0.67
482,518,0.51
483,518,0.11
479,513,0.11
481,507,0.11
481,508,0.51
481,509,0.67
482,509,1.00
483,509,1.00
484,509,1.00
485,509,1.00
481,510,0.51
482,510,1.00
483,510,1.00
484,510,1.00
485,510,0.62
481,511,0.11
482,511,0.51
483,511,0.67
484,511,0.51
485,511,0.11
485,503,1.00
486,503,1.00
487,503,1.00
488,503,1.00
487,504,1.00
488,504,1.00
487,505,1.00
488,505,1.00
489,505,0.78
487,506,1.00
488,506,1.00
489,506,0.62
487,507,1.00
488,507,1.00
489,507,0.62
492,496,0.11
493,496,0.51
494,496,0.67
495,496,1.00
496,496,1.00
492,497,0.51
493,497,1.00
494,497,1.00
495,497,1.00
496,497,1.00
492,498,0.67
493,498,1.00
494,498,1.00
495,498,1.00
496,498,1.00
492,499,0.51
493,499,1.00
494,499,1.00
494,500,1.00
496,495,1.00
497,497,1.00
497,498,1.00
494,502,1.00
494,501,1.00
495,494,0.34
496,494,1.00
495,495,1.00
492,505,0.51
492,506,0.11
488,510,0.62
489,510,0.62
490,510,0.67
491,510,0.51
492,510,0.11
488,511,0.51
489,511,1.00
490,511,1.00
491,511,1.00
492,511,0.51
488,512,1.00
489,512,1.00
490,512,1.00
491,512,1.00
492,512,0.67
488,513,1.00
489,513,1.00
490,513,1.00
491,513,1.00
492,513,0.51
488,514,1.00
489,514,1.00
490,514,1.00
491,514,0.51
492,514,0.11
486,513,1.00
487,513,1.00
486,514,1.00
487,514,1.00
486,515,1.00
487,515,1.00
488,515,1.00
489,515,1.00
490,515,0.67
486,516,1.00
487,516,1.00
488,516,1.00
489,516,1.00
490,516,0.51
486,517,0.62
487,517,1.00
488,517,1.00
489,517,0.62
490,517,0.11
485,513,0.62
485,514,1.00
485,515,1.00
485,516,0.62
485,517,0.11
485,512,0.11
486,512,0.51
487,512,0.67
487,508,1.00
488,508,1.00
489,508,0.67
486,509,1.00
487,509,1.00
488,509,1.00
489,509,0.51
486,510,0.51
487,510,0.67
485,501,1.00
486,501,1.00
487,501,1.00
488,501,1.00
485,502,1.00
486,502,1.00
487,502,1.00
488,502,1.00
490,498,0.46
490,499,1.00
479,501,1.00
480,501,1.00
481,501,1.00
482,501,1.00
483,501,1.00
479,502,1.00
480,502,1.00
481,502,1.00
482,502,1.00
483,502,1.00
479,503,1.00
480,503,1.00
481,503,1.00
482,503,1.00
483,503,1.00
479,504,1.00
480,504,1.00
481,504,1.00
479,505,0.74
480,505,1.00
481,505,1.00
474,501,1.00
475,501,1.00
476,501,1.00
477,501,1.00
478,501,1.00
474,502,1.00
475,502,1.00
476,502,1.00
477,502,1.00
478,502,1.00
474,503,1.00
475,503,1.00
476,503,1.00
477,503,1.00
478,503,1.00
474,504,1.00
475,504,1.00
476,504,1.00
477,504,1.00
478,504,1.00
474,505,1.00
475,505,1.00
476,505,1.00
477,505,1.00
478,505,1.00
472,501,1.00
473,501,1.00
472,502,1.00
473,502,1.00
472,503,1.00
473,503,1.00
472,504,1.00
473,504,1.00
472,505,1.00
473,505,1.00
484,501,1.00
484,502,1.00
484,503,1.00
469,500,1.00
470,500,1.00
471,500,1.00
472,500,1.00
473,500,1.00
469,501,1.00
470,501,1.00
471,501,1.00
469,502,1.00
470,502,1.00
471,502,1.00
469,503,1.00
470,503,1.00
471,503,1.00
469,504,0.90
470,504,1.00
471,504,1.00
461,499,1.00
462,499,1.00
463,499,1.00
464,499,1.00
465,499,1.00
461,500,1.00
462,500,1.00
463,500,1.00
464,500,1.00
465,500,1.00
461,501,1.00
462,501,1.00
463,501,1.00
464,501,1.00
465,501,1.00
461,502,1.00
462,502,1.00
463,502,1.00
464,502,1.00
465,502,1.00
461,503,1.00
462,503,1.00
463,503,1.00
464,503,1.00
465,503,1.00
459,499,1.00
460,499,1.00
459,500,1.00
460,500,1.00
459,501,1.00
460,501,1.00
459,502,1.00
460,502,1.00
459,503,0.23
460,503,1.00
466,499,1.00
467,499,1.00
468,499,1.00
469,499,1.00
466,500,1.00
467,500,1.00
468,500,1.00
466,501,1.00
467,501,1.00
468,501,1.00
466,502,1.00
467,502,1.00
468,502,1.00
466,503,1.00
467,503,1.00
468,503,0.51
470,499,1.00
471,499,1.00
472,499,1.00
473,499,0.51
474,499,0.11
474,500,0.51
479,499,1.00
480,499,1.00
481,499,1.00
482,499,1.00
483,499,0.11
479,500,1.00
480,500,1.00
481,500,1.00
482,500,1.00
483,500,0.51
478,498,0.11
479,498,0.51
480,498,0.67
481,498,0.51
482,498,0.11
478,499,0.51
478,500,0.78
468,497,1.00
469,497,1.00
470,497,1.00
471,497,0.85
472,497,0.11
468,498,1.00
469,498,1.00
470,498,1.00
471,498,1.00
472,498,0.51
459,497,0.97
460,497,0.74
461,497,1.00
462,497,1.00
463,497,1.00
459,498,1.00
460,498,1.00
461,498,1.00
462,498,1.00
463,498,1.00
455,497,0.85
456,497,1.00
457,497,1.00
458,497,1.00
455,498,1.00
456,498,1.00
457,498,1.00
458,498,1.00
455,499,1.00
456,499,1.00
457,499,1.00
458,499,1.00
455,500,1.00
456,500,1.00
457,500,1.00
458,500,1.00
455,501,1.00
456,501,1.00
457,501,1.00
458,501,1.00
464,497,0.78
464,498,1.00
465,497,0.62
466,497,0.62
467,497,1.00
465,498,1.00
466,498,1.00
467,498,1.00
452,497,0.11
453,497,0.51
454,497,0.67
452,498,0.51
453,498,1.00
454,498,1.00
452,499,0.67
453,499,1.00
454,499,1.00
452,500,0.51
453,500,1.00
454,500,1.00
452,501,0.23
453,501,0.62
454,501,1.00
444,497,0.11
445,497,0.51
446,497,0.67
447,497,0.51
448,497,0.11
444,498,0.51
445,498,1.00
446,498,1.00
447,498,1.00
448,498,0.51
444,499,0.67
445,499,1.00
446,499,1.00
447,499,1.00
448,499,0.67
444,500,1.00
445,500,1.00
446,500,1.00
447,500,1.00
448,500,0.51
444,501,1.00
445,501,1.00
446,501,1.00
447,501,1.00
448,501,0.74
439,498,0.62
440,498,1.00
441,498,1.00
442,498,0.62
443,498,0.11
439,499,1.00
440,499,1.00
441,499,1.00
442,499,1.00
443,499,0.51
439,500,1.00
440,500,1.00
441,500,1.00
442,500,1.00
443,500,1.00
439,501,1.00
440,501,1.00
441,501,1.00
442,501,1.00
443,501,1.00
439,502,1.00
440,502,1.00
441,502,1.00
442,502,1.00
443,502,1.00
438,498,0.11
438,499,0.62
438,500,1.00
438,501,1.00
438,502,1.00
434,499,0.11
435,499,0.51
436,499,0.67
437,499,0.51
434,500,0.51
435,500,1.00
436,500,1.00
437,500,1.00
434,501,0.78
435,501,1.00
436,501,1.00
437,501,1.00
434,502,1.00
435,502,1.00
436,502,1.00
437,502,1.00
434,503,1.00
435,503,1.00
436,503,1.00
437,503,1.00
438,503,1.00
430,501,0.11
431,501,0.51
432,501,0.67
433,501,0.51
430,502,0.62
431,502,1.00
432,502,1.00
433,502,1.00
430,503,1.00
431,503,1.00
432,503,1.00
433,503,1.00
430,504,1.00
431,504,1.00
432,504,1.00
433,504,1.00
434,504,1.00
430,505,1.00
431,505,1.00
432,505,0.78
433,505,1.00
434,505,1.00
426,502,0.11
427,502,0.51
428,502,0.67
429,502,0.51
426,503,1.00
427,503,1.00
428,503,1.00
429,503,1.00
426,504,1.00
427,504,1.00
428,504,1.00
429,504,1.00
426,505,1.00
427,505,1.00
428,505,1.00
429,505,1.00
426,506,1.00
427,506,1.00
428,506,1.00
429,506,1.00
430,506,1.00
423,503,0.11
424,503,0.51
425,503,0.67
423,504,1.00
424,504,1.00
425,504,1.00
423,505,1.00
424,505,1.00
425,505,1.00
423,506,1.00
424,506,1.00
425,506,1.00
423,507,1.00
424,507,1.00
425,507,1.00
426,507,1.00
427,507,1.00
421,504,0.11
422,504,0.51
421,505,1.00
422,505,1.00
421,506,1.00
422,506,1.00
421,507,1.00
422,507,1.00
421,508,1.00
422,508,1.00
423,508,1.00
424,508,1.00
425,508,1.00
419,505,0.69
420,505,1.00
419,506,1.00
420,506,1.00
419,507,1.00
420,507,1.00
419,508,1.00
420,508,1.00
419,509,0.69
420,509,1.00
421,509,1.00
422,509,1.00
423,509,1.00
424,509,1.00
428,507,1.00
429,507,1.00
426,508,1.00
427,508,1.00
428,508,1.00
429,508,1.00
425,509,1.00
426,509,1.00
427,509,1.00
428,509,1.00
429,509,1.00
436,505,1.00
437,505,1.00
438,505,1.00
439,505,1.00
440,505,1.00
436,506,1.00
437,506,1.00
438,506,1.00
439,506,1.00
440,506,0.62
436,507,1.00
437,507,1.00
438,507,1.00
439,507,1.00
440,507,0.67
436,508,0.51
437,508,1.00
438,508,1.00
439,508,1.00
440,508,0.51
436,509,0.11
437,509,0.51
438,509,0.67
439,509,0.51
440,509,0.11
450,504,1.00
451,504,1.00
452,504,1.00
453,504,1.00
454,504,1.00
450,505,1.00
451,505,1.00
452,505,1.00
453,505,1.00
454,505,1.00
450,506,0.67
451,506,1.00
452,506,1.00
453,506,1.00
454,506,0.67
450,507,0.62
451,507,1.00
452,507,1.00
453,507,1.00
454,507,0.62
450,508,0.62
451,508,1.00
452,508,1.00
453,508,1.00
454,508,0.62
462,504,1.00
463,504,1.00
464,504,1.00
465,504,1.00
466,504,1.00
462,505,0.78
463,505,1.00
464,505,1.00
465,505,1.00
466,505,0.62
457,505,0.34
458,505,1.00
459,505,1.00
460,505,1.00
461,505,0.74
457,506,1.00
458,506,1.00
459,506,1.00
460,506,1.00
461,506,1.00
457,507,1.00
458,507,1.00
459,507,1.00
460,507,1.00
461,507,1.00
457,508,1.00
458,508,1.00
459,508,1.00
460,508,1.00
461,508,1.00
457,509,0.23
458,509,1.00
459,509,1.00
460,509,1.00
461,509,0.23
445,508,0.11
446,508,0.51
447,508,0.67
448,508,0.51
449,508,0.11
445,509,0.51
446,509,1.00
447,509,1.00
448,509,1.00
449,509,0.51
445,510,0.67
446,510,1.00
447,510,1.00
448,510,1.00
449,510,0.67
445,511,0.51
446,511,1.00
447,511,1.00
448,511,1.00
449,511,0.51
445,512,0.11
446,512,0.51
447,512,0.67
448,512,0.51
449,512,0.11
434,511,0.23
435,511,1.00
436,511,1.00
437,511,1.00
438,511,0.23
434,512,1.00
435,512,1.00
436,512,1.00
437,512,1.00
438,512,1.00
434,513,1.00
435,513,1.00
436,513,1.00
437,513,1.00
438,513,1.00
434,514,1.00
435,514,1.00
436,514,1.00
437,514,1.00
438,514,1.00
434,515,0.23
435,515,1.00
436,515,1.00
437,515,1.00
438,515,0.23
428,513,0.62
429,513,0.62
430,513,0.67
431,513,0.51
432,513,0.11
428,514,1.00
429,514,1.00
430,514,1.00
431,514,1.00
432,514,0.51
428,515,1.00
429,515,1.00
430,515,1.00
431,515,1.00
432,515,0.67
428,516,1.00
429,516,1.00
430,516,1.00
431,516,1.00
432,516,0.51
428,517,1.00
429,517,0.62
430,517,0.67
431,517,0.51
432,517,0.11
424,514,1.00
425,514,1.00
426,514,1.00
427,514,1.00
424,515,1.00
425,515,1.00
426,515,1.00
427,515,1.00
424,516,1.00
425,516,1.00
426,516,1.00
427,516,1.00
424,517,1.00
425,517,1.00
426,517,1.00
427,517,1.00
424,518,1.00
425,518,1.00
426,518,1.00
427,518,0.74
428,518,0.11
423,514,0.23
423,515,1.00
423,516,1.00
423,517,1.00
423,518,0.23
425,513,0.11
426,513,0.51
427,513,0.67
450,509,0.67
451,509,1.00
452,509,1.00
453,509,1.00
454,509,0.67
450,510,0.51
451,510,1.00
452,510,1.00
453,510,1.00
454,510,0.51
450,511,0.11
451,511,0.51
452,511,0.67
453,511,0.51
454,511,0.11
469,505,0.51
470,505,1.00
471,505,1.00
469,506,0.11
470,506,0.51
471,506,0.67
472,506,0.51
473,506,0.11
467,504,0.51
467,505,0.11
460,504,0.51
461,504,1.00
453,502,0.51
454,502,1.00
455,502,1.00
456,502,1.00
457,502,0.51
453,503,0.67
454,503,1.00
455,503,1.00
456,503,1.00
457,503,0.67
455,504,1.00
456,504,1.00
457,504,0.51
455,505,0.67
456,505,0.51
449,501,0.62
450,501,0.67
451,501,0.51
448,502,1.00
449,502,1.00
450,502,1.00
451,502,1.00
452,502,0.51
448,503,1.00
449,503,1.00
450,503,1.00
451,503,1.00
452,503,0.67
448,504,1.00
449,504,1.00
448,505,0.62
449,505,0.62
445,502,1.00
446,502,1.00
447,502,1.00
445,503,1.00
446,503,1.00
447,503,1.00
445,504,1.00
446,504,1.00
447,504,1.00
445,505,0.78
446,505,1.00
447,505,0.78
444,502,1.00
443,503,1.00
444,503,1.00
443,504,1.00
444,504,1.00
443,505,0.11
444,505,0.51
442,503,1.00
442,504,1.00
441,503,1.00
441,504,1.00
440,503,1.00
440,504,1.00
439,503,1.00
438,504,1.00
439,504,1.00
436,504,1.00
437,504,1.00
435,504,1.00
435,505,1.00
435,506,1.00
433,506,0.51
434,506,1.00
433,507,0.11
434,507,0.51
435,507,0.67
431,506,1.00
432,506,0.51
430,507,1.00
431,507,1.00
432,507,0.67
430,508,1.00
431,508,1.00
432,508,0.51
430,509,0.67
431,509,0.51
432,509,0.11
425,510,1.00
426,510,1.00
427,510,1.00
428,510,1.00
429,510,1.00
425,511,1.00
426,511,1.00
427,511,1.00
428,511,1.00
429,511,0.62
424,510,1.00
424,511,0.62
423,510,0.51
423,511,0.11
425,512,0.11
426,512,0.51
427,512,0.67
428,512,0.51
429,512,0.11

400,512,0.74
401,512,1.00
402,512,1.00
403,512,1.00
404,512,0.23
400,513,1.00
401,513,1.00
402,513,1.00
403,513,1.00
404,513,1.00
400,514,1.00
401,514,1.00
402,514,1.00
403,514,1.00
404,514,1.00
400,515,1.00
401,515,1.00
402,515,1.00
403,515,1.00
404,515,1.00
400,516,1.00
401,516,1.00
402,516,1.00
403,516,1.00
404,516,0.23
399,512,0.11
399,513,0.51
399,514,1.00
399,515,1.00
399,516,1.00
397,514,0.11
398,514,0.51
397,515,1.00
398,515,1.00
397,516,1.00
398,516,1.00
397,517,1.00
398,517,1.00
399,517,1.00
400,517,1.00
401,517,0.51
397,518,1.00
398,518,1.00
399,518,0.67
400,518,0.51
401,518,0.11
394,515,0.11
395,515,0.51
396,515,0.67
394,516,0.51
395,516,1.00
396,516,1.00
394,517,1.00
395,517,1.00
396,517,1.00
394,518,1.00
395,518,1.00
396,518,1.00
394,519,1.00
395,519,1.00
396,519,1.00
397,519,0.51
398,519,0.11
392,517,0.78
393,517,1.00
392,518,1.00
393,518,1.00
392,519,1.00
393,519,1.00
392,520,1.00
393,520,1.00
394,520,1.00
395,520,1.00
396,520,0.51
392,521,1.00
393,521,1.00
394,521,0.78
395,521,0.51
396,521,0.11
390,517,0.11
391,517,0.51
390,518,0.51
391,518,1.00
390,519,1.00
391,519,1.00
390,520,1.00
391,520,1.00
390,521,1.00
391,521,1.00
388,519,0.62
389,519,1.00
388,520,1.00
389,520,1.00
388,521,1.00
389,521,1.00
388,522,1.00
389,522,1.00
390,522,1.00
391,522,1.00
392,522,0.51
388,523,1.00
389,523,1.00
390,523,1.00
391,523,0.62
392,523,0.11
387,519,0.11
387,520,1.00
387,521,1.00
387,522,1.00
387,523,1.00
386,520,1.00
386,521,1.00
386,522,1.00
386,523,1.00
386,524,1.00
387,524,1.00
388,524,1.00
389,524,0.85
390,524,0.11
385,520,0.34
385,521,1.00
385,522,1.00
385,523,1.00
385,524,0.34

552,518,0.23
553,518,1.00
554,518,1.00
555,518,1.00
556,518,1.00
552,519,1.00
553,519,1.00
554,519,1.00
555,519,1.00
556,519,1.00
552,520,1.00
553,520,1.00
554,520,1.00
555,520,1.00
556,520,1.00
552,521,1.00
553,521,1.00
554,521,1.00
555,521,1.00
556,521,1.00
552,522,0.23
553,522,1.00
554,522,1.00
555,522,1.00
556,522,1.00
557,518,1.00
557,519,1.00
557,520,1.00
557,521,1.00
557,522,1.00
558,518,1.00
558,519,1.00
558,520,1.00
558,521,1.00
558,522,1.00
559,518,1.00
560,518,1.00
559,519,1.00
560,519,1.00
559,520,1.00
560,520,1.00
559,521,1.00
560,521,1.00
559,522,1.00
560,522,1.00
561,518,1.00
561,519,1.00
561,520,1.00
561,521,1.00
561,522,1.00
562,518,1.00
562,519,1.00
562,520,1.00
562,521,1.00
562,522,1.00
563,518,1.00
563,519,1.00
563,520,1.00
563,521,1.00
563,522,1.00
564,518,1.00
564,519,1.00
564,520,1.00
564,521,1.00
564,522,1.00
565,518,1.00
565,519,1.00
565,520,1.00
565,521,1.00
565,522,0.85
566,518,1.00
566,519,1.00
566,520,1.00
566,521,1.00
566,522,0.11
563,517,0.11
564,517,1.00
565,517,1.00
566,517,1.00
567,517,1.00
567,518,1.00
567,519,1.00
567,520,1.00
567,521,0.62
568,517,1.00
568,518,1.00
568,519,1.00
568,520,1.00
568,521,0.11
564,516,0.11
565,516,0.62
566,516,1.00
567,516,1.00
568,516,1.00
569,516,1.00
569,517,1.00
569,518,1.00
569,519,1.00
569,520,0.62
570,516,1.00
570,517,1.00
570,518,1.00
570,519,1.00
570,520,0.11
566,515,0.11
567,515,0.62
568,515,1.00
569,515,1.00
570,515,1.00
571,515,1.00
571,516,1.00
571,517,1.00
571,518,1.00
571,519,1.00
572,515,1.00
572,516,1.00
572,517,1.00
572,518,1.00
572,519,1.00
573,515,1.00
573,516,1.00
573,517,1.00
573,518,1.00
573,519,0.62
574,515,1.00
574,516,1.00
574,517,1.00
574,518,1.00
574,519,0.11
571,514,0.62
572,514,1.00
573,514,1.00
574,514,1.00
575,514,1.00
575,515,1.00
575,516,1.00
575,517,1.00
575,518,1.00
576,514,1.00
576,515,1.00
576,516,1.00
576,517,1.00
576,518,1.00
577,514,1.00
577,515,1.00
577,516,1.00
577,517,1.00
577,518,1.00
578,514,1.00
578,515,1.00
578,516,1.00
578,517,1.00
578,518,1.00
579,514,1.00
579,515,1.00
579,516,1.00
579,517,1.00
579,518,1.00
580,514,1.00
580,515,1.00
580,516,1.00
580,517,1.00
580,518,0.23
576,513,0.46
577,513,1.00
578,513,1.00
579,513,1.00
580,513,0.34
572,513,0.62
573,513,1.00
574,513,1.00
575,513,0.62
571,513,0.11

487,518,0.20
488,518,0.42
489,518,0.50
490,518,0.42
491,518,0.20
486,519,0.20
487,519,0.59
488,519,0.88
489,519,1.00
490,519,0.88
491,519,0.59
492,519,0.20
486,520,0.42
487,520,0.88
488,520,1.00
489,520,1.00
490,520,1.00
491,520,0.88
492,520,0.42
486,521,0.50
487,521,1.00
488,521,1.00
489,521,1.00
490,521,1.00
491,521,1.00
492,521,0.50
486,522,0.42
487,522,0.88
488,522,1.00
489,522,1.00
490,522,1.00
491,522,0.88
492,522,0.42
486,523,0.20
487,523,0.59
488,523,0.88
489,523,1.00
490,523,0.88
491,523,0.59
492,523,0.20
487,524,0.20
488,524,0.42
489,524,0.50
490,524,0.42
491,524,0.20

517,518,0.81
518,518,1.00
519,518,1.00
520,518,0.84
521,518,0.39
516,519,1.00
517,519,1.00
518,519,1.00
519,519,1.00
520,519,1.00
521,519,1.00
522,519,0.39
516,520,1.00
517,520,1.00
518,520,1.00
519,520,1.00
520,520,1.00
521,520,1.00
522,520,0.84
516,521,1.00
517,521,1.00
518,521,1.00
519,521,1.00
520,521,1.00
521,521,1.00
522,521,1.00
516,522,1.00
517,522,1.00
518,522,1.00
519,522,1.00
520,522,1.00
521,522,1.00
522,522,0.84
516,523,1.00
517,523,1.00
518,523,1.00
519,523,1.00
520,523,1.00
521,523,1.00
522,523,0.39
517,524,0.81
518,524,1.00
519,524,1.00
520,524,0.84
521,524,0.39
514,518,0.62
515,518,0.62
516,518,0.50
513,519,1.00
514,519,1.00
515,519,1.00
513,520,1.00
514,520,1.00
515,520,1.00
513,521,1.00
514,521,1.00
515,521,1.00
513,522,1.00
514,522,1.00
515,522,1.00
513,523,1.00
514,523,1.00
515,523,1.00
514,524,0.62
515,524,0.62
516,524,0.50
511,518,0.20
512,518,0.42
513,518,0.50
510,519,0.78
511,519,0.78
512,519,0.88
510,520,1.00
511,520,1.00
512,520,1.00
510,521,1.00
511,521,1.00
512,521,1.00
510,522,1.00
511,522,1.00
512,522,1.00
510,523,0.78
511,523,0.78
512,523,0.88
511,524,0.20
512,524,0.42
513,524,0.50
506,518,0.20
507,518,0.42
508,518,0.50
509,518,0.42
510,518,0.20
505,519,0.39
506,519,0.59
507,519,0.88
508,519,1.00
509,519,0.88
505,520,0.84
506,520,0.88
507,520,1.00
508,520,1.00
509,520,1.00
505,521,1.00
506,521,1.00
507,521,1.00
508,521,1.00
509,521,1.00
505,522,0.84
506,522,0.88
507,522,1.00
508,522,1.00
509,522,1.00
505,523,0.39
506,523,0.59
507,523,0.88
508,523,1.00
509,523,0.88
506,524,0.20
507,524,0.42
508,524,0.50
509,524,0.42
510,524,0.20
500,518,0.20
501,518,0.42
502,518,0.50
503,518,0.42
504,518,0.20
499,519,0.39
500,519,0.59
501,519,0.88
502,519,1.00
503,519,0.88
504,519,0.59
499,520,0.84
500,520,0.88
501,520,1.00
502,520,1.00
503,520,1.00
504,520,0.88
499,521,1.00
500,521,1.00
501,521,1.00
502,521,1.00
503,521,1.00
504,521,1.00
499,522,0.84
500,522,0.88
501,522,1.00
502,522,1.00
503,522,1.00
504,522,0.88
499,523,0.39
500,523,0.59
501,523,0.88
502,523,1.00
503,523,0.88
504,523,0.59
500,524,0.20
501,524,0.42
502,524,0.50
503,524,0.42
504,524,0.20
494,518,0.20
495,518,0.42
496,518,0.50
497,518,0.42
498,518,0.20
493,519,0.20
494,519,0.59
495,519,0.88
496,519,1.00
497,519,0.88
498,519,0.59
493,520,0.42
494,520,0.88
495,520,1.00
496,520,1.00
497,520,1.00
498,520,0.88
493,521,0.50
494,521,1.00
495,521,1.00
496,521,1.00
497,521,1.00
498,521,1.00
493,522,0.42
494,522,0.88
495,522,1.00
496,522,1.00
497,522,1.00
498,522,0.88
493,523,0.20
494,523,0.59
495,523,0.88
496,523,1.00
497,523,0.88
498,523,0.59
494,524,0.20
495,524,0.42
496,524,0.50
497,524,0.42
498,524,0.20
485,520,0.20
486,520,0.42
487,520,0.50
488,520,0.42
489,520,0.20
484,521,0.20
485,521,0.59
486,521,0.88
487,521,1.00
488,521,0.88
489,521,0.59
490,521,0.20
484,522,0.42
485,522,0.88
486,522,1.00
487,522,1.00
488,522,1.00
489,522,0.88
490,522,0.42
484,523,0.50
485,523,1.00
486,523,1.00
487,523,1.00
488,523,1.00
489,523,1.00
490,523,0.50
484,524,0.42
485,524,0.88
486,524,1.00
487,524,1.00
488,524,1.00
489,524,0.88
490,524,0.42
484,525,0.20
485,525,0.59
486,525,0.88
487,525,1.00
488,525,0.88
489,525,0.59
490,525,0.20
485,526,0.20
486,526,0.42
487,526,0.50
488,526,0.42
489,526,0.20
475,521,0.20
476,521,0.42
477,521,0.50
478,521,0.42
479,521,0.20
474,522,0.20
475,522,0.59
476,522,0.88
477,522,1.00
478,522,0.88
479,522,0.59
480,522,0.20
474,523,0.42
475,523,0.88
476,523,1.00
477,523,1.00
478,523,1.00
479,523,0.88
480,523,0.42
474,524,0.50
475,524,1.00
476,524,1.00
477,524,1.00
478,524,1.00
479,524,1.00
480,524,0.50
474,525,0.42
475,525,0.88
476,525,1.00
477,525,1.00
478,525,1.00
479,525,0.88
480,525,0.42
474,526,0.20
475,526,0.59
476,526,0.88
477,526,1.00
478,526,0.88
479,526,0.59
480,526,0.20
475,527,0.20
476,527,0.42
477,527,0.50
478,527,0.42
479,527,0.20
468,522,0.20
469,522,0.42
470,522,0.50
471,522,0.42
472,522,0.20
467,523,0.20
468,523,0.59
469,523,0.88
470,523,1.00
471,523,0.88
472,523,0.59
473,523,0.20
467,524,0.62
468,524,0.88
469,524,1.00
470,524,1.00
471,524,1.00
472,524,0.88
473,524,0.42
467,525,0.92
468,525,1.00
469,525,1.00
470,525,1.00
471,525,1.00
472,525,1.00
473,525,0.50
467,526,0.92
468,526,0.88
469,526,1.00
470,526,1.00
471,526,1.00
472,526,0.88
473,526,0.42
467,527,0.62
468,527,0.59
469,527,0.88
470,527,1.00
471,527,0.88
472,527,0.59
473,527,0.20
468,528,0.20
469,528,0.42
470,528,0.50
471,528,0.42
472,528,0.20
462,523,0.20
463,523,0.42
464,523,0.50
465,523,0.42
466,523,0.20
461,524,0.20
462,524,0.59
463,524,0.88
464,524,1.00
465,524,0.88
466,524,0.59
461,525,0.42
462,525,0.88
463,525,1.00
464,525,1.00
465,525,1.00
466,525,0.88
461,526,0.50
462,526,1.00
463,526,1.00
464,526,1.00
465,526,1.00
466,526,1.00
461,527,0.42
462,527,0.88
463,527,1.00
464,527,1.00
465,527,1.00
466,527,0.88
461,528,0.20
462,528,0.59
463,528,0.88
464,528,1.00
465,528,0.88
466,528,0.59
467,528,0.20
462,529,0.20
463,529,0.42
464,529,0.50
465,529,0.42
466,529,0.20
455,523,0.20
456,523,0.42
457,523,0.50
458,523,0.42
459,523,0.20
454,524,0.20
455,524,0.59
456,524,0.88
457,524,1.00
458,524,0.88
459,524,0.59
460,524,0.20
454,525,0.42
455,525,0.88
456,525,1.00
457,525,1.00
458,525,1.00
459,525,0.88
460,525,0.42
454,526,0.50
455,526,1.00
456,526,1.00
457,526,1.00
458,526,1.00
459,526,1.00
460,526,0.50
454,527,0.42
455,527,0.88
456,527,1.00
457,527,1.00
458,527,1.00
459,527,0.88
460,527,0.42
454,528,0.20
455,528,0.59
456,528,0.88
457,528,1.00
458,528,0.88
459,528,0.59
460,528,0.20
455,529,0.20
456,529,0.42
457,529,0.50
458,529,0.42
459,529,0.20
448,524,0.20
449,524,0.42
450,524,0.50
451,524,0.42
452,524,0.20
447,525,0.20
448,525,0.59
449,525,0.88
450,525,1.00
451,525,0.88
452,525,0.59
453,525,0.20
447,526,0.42
448,526,0.88
449,526,1.00
450,526,1.00
451,526,1.00
452,526,0.88
453,526,0.42
447,527,0.50
448,527,1.00
449,527,1.00
450,527,1.00
451,527,1.00
452,527,1.00
453,527,0.50
447,528,0.42
448,528,0.88
449,528,1.00
450,528,1.00
451,528,1.00
452,528,0.88
453,528,0.42
447,529,0.20
448,529,0.59
449,529,0.88
450,529,1.00
451,529,0.88
452,529,0.59
453,529,0.20
448,530,0.20
449,530,0.42
450,530,0.50
451,530,0.42
452,530,0.20
441,525,0.20
442,525,0.42
443,525,0.50
444,525,0.42
445,525,0.20
440,526,0.20
441,526,0.59
442,526,0.88
443,526,1.00
444,526,0.88
445,526,0.59
446,526,0.20
440,527,0.42
441,527,0.88
442,527,1.00
443,527,1.00
444,527,1.00
445,527,0.88
446,527,0.42
440,528,0.50
441,528,1.00
442,528,1.00
443,528,1.00
444,528,1.00
445,528,1.00
446,528,0.50
440,529,0.42
441,529,0.88
442,529,1.00
443,529,1.00
444,529,1.00
445,529,0.88
446,529,0.42
440,530,0.20
441,530,0.59
442,530,0.88
443,530,1.00
444,530,0.88
445,530,0.59
446,530,0.20
441,531,0.20
442,531,0.42
443,531,0.50
444,531,0.42
445,531,0.20
434,527,0.20
435,527,0.42
436,527,0.50
437,527,0.42
438,527,0.20
433,528,0.20
434,528,0.59
435,528,0.88
436,528,1.00
437,528,0.88
438,528,0.59
439,528,0.20
433,529,0.42
434,529,0.88
435,529,1.00
436,529,1.00
437,529,1.00
438,529,0.88
439,529,0.42
433,530,0.50
434,530,1.00
435,530,1.00
436,530,1.00
437,530,1.00
438,530,1.00
439,530,0.50
433,531,0.42
434,531,0.88
435,531,1.00
436,531,1.00
437,531,1.00
438,531,0.88
439,531,0.42
433,532,0.20
434,532,0.59
435,532,0.88
436,532,1.00
437,532,0.88
438,532,0.59
439,532,0.20
434,533,0.20
435,533,0.42
436,533,0.50
437,533,0.42
438,533,0.20
426,529,0.20
427,529,0.42
428,529,0.50
429,529,0.42
430,529,0.20
425,530,0.62
426,530,0.78
427,530,0.88
428,530,1.00
429,530,0.88
430,530,0.59
431,530,0.20
425,531,1.00
426,531,1.00
427,531,1.00
428,531,1.00
429,531,1.00
430,531,0.88
431,531,0.42
425,532,1.00
426,532,1.00
427,532,1.00
428,532,1.00
429,532,1.00
430,532,1.00
431,532,0.50
425,533,1.00
426,533,1.00
427,533,1.00
428,533,1.00
429,533,1.00
430,533,0.88
431,533,0.42
425,534,1.00
426,534,1.00
427,534,1.00
428,534,1.00
429,534,0.88
430,534,0.59
431,534,0.20
426,535,0.78
427,535,0.62
428,535,0.50
429,535,0.42
430,535,0.20
422,530,0.20
423,530,0.42
424,530,0.50
421,531,0.20
422,531,0.59
423,531,0.88
424,531,1.00
421,532,0.42
422,532,0.88
423,532,1.00
424,532,1.00
421,533,0.50
422,533,1.00
423,533,1.00
424,533,1.00
421,534,0.42
422,534,0.88
423,534,1.00
424,534,1.00
421,535,0.20
422,535,0.59
423,535,0.88
424,535,1.00
425,535,0.88
422,536,0.20
423,536,0.42
424,536,0.70
425,536,0.84
426,536,0.70
410,533,0.20
411,533,0.42
412,533,0.50
413,533,0.42
414,533,0.20
409,534,0.20
410,534,0.59
411,534,0.88
412,534,1.00
413,534,0.88
414,534,0.59
415,534,0.20
409,535,0.62
410,535,0.88
411,535,1.00
412,535,1.00
413,535,1.00
414,535,0.88
415,535,0.42
409,536,0.92
410,536,1.00
411,536,1.00
412,536,1.00
413,536,1.00
414,536,1.00
415,536,0.50
409,537,0.92
410,537,0.88
411,537,1.00
412,537,1.00
413,537,1.00
414,537,0.88
415,537,0.42
409,538,0.62
410,538,0.59
411,538,0.88
412,538,1.00
413,538,0.88
414,538,0.78
415,538,0.62
410,539,0.20
411,539,0.62
412,539,0.92
413,539,1.00
414,539,1.00
404,534,0.20
405,534,0.42
406,534,0.50
407,534,0.42
408,534,0.20
403,535,0.39
404,535,0.59
405,535,0.88
406,535,1.00
407,535,0.88
408,535,0.59
403,536,1.00
404,536,1.00
405,536,1.00
406,536,1.00
407,536,1.00
408,536,0.88
403,537,1.00
404,537,1.00
405,537,1.00
406,537,1.00
407,537,1.00
408,537,1.00
403,538,1.00
404,538,1.00
405,538,1.00
406,538,1.00
407,538,1.00
408,538,0.88
403,539,1.00
404,539,1.00
405,539,0.88
406,539,1.00
407,539,0.88
408,539,0.59
409,539,0.20
404,540,0.39
405,540,0.42
406,540,0.70
407,540,0.84
408,540,0.70
399,535,0.20
400,535,0.42
401,535,0.50
402,535,0.42
398,536,0.20
399,536,0.59
400,536,0.88
401,536,1.00
402,536,0.88
398,537,0.62
399,537,0.88
400,537,1.00
401,537,1.00
402,537,1.00
398,538,0.92
399,538,1.00
400,538,1.00
401,538,1.00
402,538,1.00
398,539,0.92
399,539,0.88
400,539,1.00
401,539,1.00
402,539,1.00
398,540,0.62
399,540,0.59
400,540,0.88
401,540,1.00
402,540,0.88
403,540,0.59
399,541,0.20
400,541,0.42
401,541,0.50
402,541,0.42
403,541,0.39
393,536,0.20
394,536,0.42
395,536,0.50
396,536,0.42
397,536,0.20
392,537,0.20
393,537,0.59
394,537,0.88
395,537,1.00
396,537,0.88
397,537,0.59
392,538,0.62
393,538,0.88
394,538,1.00
395,538,1.00
396,538,1.00
397,538,0.88
392,539,0.92
393,539,1.00
394,539,1.00
395,539,1.00
396,539,1.00
397,539,1.00
392,540,0.92
393,540,0.88
394,540,1.00
395,540,1.00
396,540,1.00
397,540,0.88
392,541,0.62
393,541,0.59
394,541,0.88
395,541,1.00
396,541,0.88
397,541,0.59
398,541,0.20
393,542,0.20
394,542,0.42
395,542,0.50
396,542,0.42
397,542,0.20
387,537,0.20
388,537,0.42
389,537,0.50
390,537,0.42
391,537,0.20
386,538,0.20
387,538,0.59
388,538,0.88
389,538,1.00
390,538,0.88
391,538,0.59
386,539,0.42
387,539,0.88
388,539,1.00
389,539,1.00
390,539,1.00
391,539,0.88
386,540,0.50
387,540,1.00
388,540,1.00
389,540,1.00
390,540,1.00
391,540,1.00
386,541,0.42
387,541,0.88
388,541,1.00
389,541,1.00
390,541,1.00
391,541,0.88
386,542,0.20
387,542,0.59
388,542,0.88
389,542,1.00
390,542,0.88
391,542,0.59
392,542,0.20
387,543,0.20
388,543,0.42
389,543,0.50
390,543,0.42
391,543,0.20
376,539,0.20
377,539,0.42
378,539,0.50
379,539,0.42
380,539,0.20
375,540,0.39
376,540,0.59
377,540,0.88
378,540,1.00
379,540,0.88
380,540,0.59
381,540,0.20
375,541,1.00
376,541,1.00
377,541,1.00
378,541,1.00
379,541,1.00
380,541,0.88
381,541,0.42
375,542,1.00
376,542,1.00
377,542,1.00
378,542,1.00
379,542,1.00
380,542,1.00
381,542,0.50
375,543,1.00
376,543,1.00
377,543,1.00
378,543,1.00
379,543,1.00
380,543,0.88
381,543,0.42
375,544,1.00
376,544,1.00
377,544,1.00
378,544,1.00
379,544,0.88
380,544,0.78
381,544,0.62
376,545,1.00
377,545,1.00
378,545,1.00
379,545,0.81
380,545,0.78
371,540,0.20
372,540,0.42
373,540,0.50
374,540,0.42
370,541,0.20
371,541,0.59
372,541,0.88
373,541,1.00
374,541,0.88
370,542,0.42
371,542,0.88
372,542,1.00
373,542,1.00
374,542,1.00
370,543,0.50
371,543,1.00
372,543,1.00
373,543,1.00
374,543,1.00
370,544,0.42
371,544,0.88
372,544,1.00
373,544,1.00
374,544,1.00
370,545,0.20
371,545,0.59
372,545,0.88
373,545,1.00
374,545,1.00
375,545,1.00
371,546,0.20
372,546,0.42
373,546,0.92
374,546,1.00
375,546,1.00
364,541,0.20
365,541,0.42
366,541,0.50
367,541,0.42
368,541,0.20
363,542,0.20
364,542,0.59
365,542,0.88
366,542,1.00
367,542,0.88
368,542,0.59
369,542,0.20
363,543,0.62
364,543,1.00
365,543,1.00
366,543,1.00
367,543,1.00
368,543,0.88
369,543,0.42
363,544,1.00
364,544,1.00
365,544,1.00
366,544,1.00
367,544,1.00
368,544,1.00
369,544,0.50
363,545,1.00
364,545,1.00
365,545,1.00
366,545,1.00
367,545,1.00
368,545,1.00
369,545,0.42
363,546,1.00
364,546,1.00
365,546,1.00
366,546,1.00
367,546,1.00
368,546,1.00
369,546,0.20
364,547,1.00
365,547,1.00
366,547,1.00
367,547,1.00
368,547,0.62
357,542,0.39
358,542,0.42
359,542,0.50
360,542,0.42
361,542,0.20
356,543,1.00
357,543,1.00
358,543,1.00
359,543,1.00
360,543,1.00
361,543,1.00
362,543,0.39
356,544,1.00
357,544,1.00
358,544,1.00
359,544,1.00
360,544,1.00
361,544,1.00
362,544,1.00
356,545,1.00
357,545,1.00
358,545,1.00
359,545,1.00
360,545,1.00
361,545,1.00
362,545,1.00
356,546,1.00
357,546,1.00
358,546,1.00
359,546,1.00
360,546,1.00
361,546,1.00
362,546,1.00
356,547,1.00
357,547,1.00
358,547,1.00
359,547,1.00
360,547,1.00
361,547,1.00
362,547,1.00
357,548,1.00
358,548,1.00
359,548,1.00
360,548,1.00
361,548,1.00
353,542,0.20
354,542,0.42
355,542,0.50
356,542,0.42
352,543,1.00
353,543,1.00
354,543,1.00
355,543,1.00
352,544,1.00
353,544,1.00
354,544,1.00
355,544,1.00
352,545,1.00
353,545,1.00
354,545,1.00
355,545,1.00
352,546,1.00
353,546,1.00
354,546,1.00
355,546,1.00
352,547,1.00
353,547,1.00
354,547,1.00
355,547,1.00
353,548,1.00
354,548,1.00
355,548,1.00
356,548,1.00
350,543,1.00
351,543,1.00
349,544,1.00
350,544,1.00
351,544,1.00
349,545,1.00
350,545,1.00
351,545,1.00
349,546,1.00
350,546,1.00
351,546,1.00
349,547,1.00
350,547,1.00
351,547,1.00
349,548,1.00
350,548,1.00
351,548,1.00
352,548,1.00
350,549,1.00
351,549,1.00
352,549,1.00
353,549,0.92
354,549,0.62
348,543,1.00
349,543,1.00
347,544,1.00
348,544,1.00
347,545,1.00
348,545,1.00
347,546,1.00
348,546,1.00
347,547,1.00
348,547,1.00
347,548,1.00
348,548,1.00
348,549,1.00
349,549,1.00
346,543,0.39
347,543,0.84
345,544,0.39
346,544,1.00
345,545,0.84
346,545,1.00
345,546,1.00
346,546,1.00
345,547,0.84
346,547,1.00
345,548,0.39
346,548,1.00
346,549,0.39
347,549,0.84
355,549,0.39
356,549,0.42
357,549,0.50
358,549,0.62
359,549,0.62
363,547,1.00
362,548,0.78
363,548,0.78
360,549,0.50
361,549,0.42
362,549,0.20
364,548,0.88
365,548,1.00
366,548,0.88
367,548,0.59
368,548,0.20
363,549,0.20
364,549,0.42
365,549,0.50
366,549,0.42
367,549,0.20
376,546,1.00
377,546,1.00
378,546,0.88
379,546,0.84
373,547,0.50
374,547,1.00
375,547,1.00
376,547,1.00
377,547,1.00
378,547,1.00
379,547,1.00
373,548,0.42
374,548,0.88
375,548,1.00
376,548,1.00
377,548,1.00
378,548,0.88
379,548,0.84
373,549,0.20
374,549,0.59
375,549,0.88
376,549,1.00
377,549,0.88
378,549,0.59
379,549,0.39
374,550,0.20
375,550,0.42
376,550,0.50
377,550,0.42
378,550,0.20
382,544,0.50
383,544,0.42
384,544,0.20
381,545,0.88
382,545,1.00
383,545,0.88
384,545,0.59
385,545,0.39
380,546,0.88
381,546,1.00
382,546,1.00
383,546,1.00
384,546,0.88
385,546,0.84
380,547,1.00
381,547,1.00
382,547,1.00
383,547,1.00
384,547,1.00
385,547,1.00
380,548,0.88
381,548,1.00
382,548,1.00
383,548,1.00
384,548,0.88
385,548,0.84
380,549,0.59
381,549,0.88
382,549,1.00
383,549,0.88
384,549,0.59
385,549,0.39
380,550,0.20
381,550,0.42
382,550,0.50
383,550,0.42
384,550,0.20
386,544,0.20
387,544,0.42
388,544,0.50
389,544,0.42
390,544,0.39
386,545,0.59
387,545,0.88
388,545,1.00
389,545,1.00
390,545,1.00
391,545,1.00
386,546,0.88
387,546,1.00
388,546,1.00
389,546,1.00
390,546,1.00
391,546,1.00
386,547,1.00
387,547,1.00
388,547,1.00
389,547,1.00
390,547,1.00
391,547,1.00
386,548,0.88
387,548,1.00
388,548,1.00
389,548,1.00
390,548,1.00
391,548,1.00
386,549,0.59
387,549,0.88
388,549,1.00
389,549,1.00
390,549,1.00
391,549,1.00
386,550,0.20
387,550,0.42
388,550,0.50
389,550,0.42
390,550,0.39
391,544,0.42
392,544,0.50
393,544,0.42
394,544,0.39
392,545,1.00
393,545,1.00
394,545,1.00
395,545,1.00
392,546,1.00
393,546,1.00
394,546,1.00
395,546,1.00
392,547,1.00
393,547,1.00
394,547,1.00
395,547,1.00
392,548,1.00
393,548,1.00
394,548,1.00
395,548,1.00
392,549,1.00
393,549,1.00
394,549,1.00
395,549,1.00
391,550,0.42
392,550,0.50
393,550,0.42
394,550,0.39
395,544,0.42
396,544,0.50
397,544,0.62
398,544,0.78
396,545,1.00
397,545,1.00
398,545,1.00
399,545,1.00
396,546,1.00
397,546,1.00
398,546,1.00
399,546,1.00
396,547,1.00
397,547,1.00
398,547,1.00
399,547,1.00
396,548,1.00
397,548,1.00
398,548,1.00
399,548,1.00
396,549,1.00
397,549,0.88
398,549,0.78
399,549,0.62
395,550,0.42
396,550,0.50
397,550,0.42
398,550,0.20
398,543,0.20
399,543,0.62
400,543,1.00
401,543,1.00
402,543,1.00
399,544,1.00
400,544,1.00
401,544,1.00
402,544,1.00
403,544,1.00
400,545,1.00
401,545,1.00
402,545,1.00
403,545,1.00
400,546,1.00
401,546,1.00
402,546,1.00
403,546,1.00
400,547,1.00
401,547,1.00
402,547,1.00
403,547,1.00
400,548,1.00
401,548,1.00
402,548,1.00
403,548,0.62
400,549,0.50
401,549,0.42
402,549,0.20
400,542,0.20
401,542,0.42
402,542,0.70
403,542,1.00
404,542,1.00
403,543,1.00
404,543,1.00
405,543,1.00
404,544,1.00
405,544,1.00
404,545,1.00
405,545,1.00
404,546,1.00
405,546,1.00
404,547,1.00
405,547,0.70
404,548,0.20
404,541,0.42
405,541,0.70
406,541,1.00
407,541,1.00
405,542,1.00
406,542,1.00
407,542,1.00
408,542,1.00
406,543,1.00
407,543,1.00
408,543,1.00
406,544,1.00
407,544,1.00
408,544,1.00
406,545,1.00
407,545,1.00
408,545,1.00
406,546,1.00
407,546,1.00
408,546,0.70
406,547,0.42
407,547,0.20
409,540,0.42
410,540,0.39
408,541,1.00
409,541,0.88
410,541,1.00
411,541,1.00
409,542,1.00
410,542,1.00
411,542,1.00
409,543,1.00
410,543,1.00
411,543,1.00
409,544,1.00
410,544,1.00
411,544,1.00
409,545,0.88
410,545,0.59
411,545,0.39
409,546,0.42
410,546,0.20
415,539,1.00
411,540,0.59
412,540,0.88
413,540,1.00
414,540,1.00
415,540,1.00
416,540,1.00
412,541,1.00
413,541,1.00
414,541,1.00
415,541,1.00
416,541,1.00
412,542,1.00
413,542,1.00
414,542,1.00
415,542,1.00
416,542,1.00
412,543,1.00
413,543,1.00
414,543,1.00
415,543,1.00
416,543,1.00
412,544,0.88
413,544,1.00
414,544,1.00
415,544,1.00
416,544,0.70
412,545,0.42
413,545,0.50
414,545,0.42
415,545,0.20
416,538,0.50
417,538,0.42
418,538,0.39
416,539,1.00
417,539,0.88
418,539,1.00
419,539,1.00
417,540,1.00
418,540,1.00
419,540,1.00
417,541,1.00
418,541,1.00
419,541,1.00
417,542,1.00
418,542,1.00
419,542,1.00
417,543,0.88
418,543,0.59
419,543,0.39
417,544,0.42
418,544,0.20
419,537,0.20
420,537,0.42
421,537,0.50
422,537,0.42
423,537,0.39
419,538,0.59
420,538,0.88
421,538,1.00
422,538,0.88
423,538,1.00
424,538,1.00
420,539,1.00
421,539,1.00
422,539,1.00
423,539,1.00
424,539,1.00
420,540,1.00
421,540,1.00
422,540,1.00
423,540,1.00
424,540,1.00
420,541,1.00
421,541,1.00
422,541,1.00
423,541,1.00
424,541,1.00
420,542,0.88
421,542,1.00
422,542,0.88
423,542,0.59
424,542,0.39
420,543,0.42
421,543,0.50
422,543,0.42
423,543,0.20
427,536,0.42
428,536,0.20
424,537,0.59
425,537,0.88
426,537,1.00
427,537,0.88
428,537,0.78
429,537,0.78
425,538,1.00
426,538,1.00
427,538,1.00
428,538,1.00
429,538,1.00
425,539,1.00
426,539,1.00
427,539,1.00
428,539,1.00
429,539,1.00
425,540,1.00
426,540,1.00
427,540,1.00
428,540,1.00
429,540,1.00
425,541,0.88
426,541,1.00
427,541,0.88
428,541,0.78
429,541,0.78
425,542,0.42
426,542,0.50
427,542,0.42
428,542,0.20
429,536,0.20
430,536,0.42
431,536,0.50
432,536,0.42
433,536,0.20
430,537,0.88
431,537,1.00
432,537,0.88
433,537,0.59
434,537,0.20
430,538,1.00
431,538,1.00
432,538,1.00
433,538,0.88
434,538,0.42
430,539,1.00
431,539,1.00
432,539,1.00
433,539,1.00
434,539,0.50
430,540,1.00
431,540,1.00
432,540,1.00
433,540,0.88
434,540,0.42
430,541,0.88
431,541,1.00
432,541,0.88
433,541,0.59
434,541,0.20
429,542,0.20
430,542,0.42
431,542,0.50
432,542,0.42
433,542,0.20
436,535,0.20
437,535,0.42
438,535,0.50
439,535,0.42
440,535,0.20
435,536,0.20
436,536,0.59
437,536,0.88
438,536,1.00
439,536,0.88
440,536,0.59
441,536,0.20
435,537,0.42
436,537,0.88
437,537,1.00
438,537,1.00
439,537,1.00
440,537,0.88
441,537,0.42
435,538,0.50
436,538,1.00
437,538,1.00
438,538,1.00
439,538,1.00
440,538,1.00
441,538,0.50
435,539,0.42
436,539,0.88
437,539,1.00
438,539,1.00
439,539,1.00
440,539,0.88
441,539,0.42
435,540,0.20
436,540,0.59
437,540,0.88
438,540,1.00
439,540,0.88
440,540,0.59
441,540,0.20
436,541,0.20
437,541,0.42
438,541,0.50
439,541,0.42
440,541,0.20
443,535,0.20
444,535,0.42
445,535,0.50
446,535,0.42
447,535,0.39
442,536,0.20
443,536,0.59
444,536,0.88
445,536,1.00
446,536,0.88
447,536,1.00
448,536,1.00
442,537,0.42
443,537,0.88
444,537,1.00
445,537,1.00
446,537,1.00
447,537,1.00
448,537,1.00
442,538,0.50
443,538,1.00
444,538,1.00
445,538,1.00
446,538,1.00
447,538,1.00
448,538,1.00
442,539,0.42
443,539,0.88
444,539,1.00
445,539,1.00
446,539,1.00
447,539,1.00
448,539,1.00
442,540,0.20
443,540,0.59
444,540,0.88
445,540,1.00
446,540,0.88
447,540,0.59
448,540,0.39
443,541,0.20
444,541,0.42
445,541,0.50
446,541,0.42
447,541,0.20
448,534,0.20
449,534,0.42
450,534,0.50
451,534,0.42
452,534,0.20
448,535,0.59
449,535,0.88
450,535,1.00
451,535,0.88
452,535,0.59
453,535,0.62
449,536,1.00
450,536,1.00
451,536,1.00
452,536,0.88
453,536,0.92
449,537,1.00
450,537,1.00
451,537,1.00
452,537,1.00
453,537,0.92
449,538,1.00
450,538,1.00
451,538,1.00
452,538,0.88
453,538,0.62
449,539,0.88
450,539,1.00
451,539,0.88
452,539,0.59
453,539,0.20
449,540,0.42
450,540,0.50
451,540,0.42
452,540,0.20
454,533,0.20
455,533,0.42
456,533,0.50
457,533,0.62
458,533,0.62
453,534,0.20
454,534,0.59
455,534,0.88
456,534,1.00
457,534,1.00
458,534,1.00
459,534,1.00
454,535,0.88
455,535,1.00
456,535,1.00
457,535,1.00
458,535,1.00
459,535,1.00
454,536,1.00
455,536,1.00
456,536,1.00
457,536,1.00
458,536,1.00
459,536,1.00
454,537,0.88
455,537,1.00
456,537,1.00
457,537,1.00
458,537,1.00
459,537,1.00
454,538,0.59
455,538,0.88
456,538,1.00
457,538,1.00
458,538,1.00
459,538,1.00
454,539,0.20
455,539,0.42
456,539,0.50
457,539,0.62
458,539,0.62
459,533,0.70
460,533,1.00
461,533,1.00
460,534,1.00
461,534,1.00
462,534,1.00
460,535,1.00
461,535,1.00
462,535,1.00
460,536,1.00
461,536,1.00
462,536,1.00
460,537,1.00
461,537,1.00
462,537,1.00
460,538,1.00
461,538,1.00
462,538,1.00
459,539,0.70
460,539,1.00
461,539,1.00
462,533,0.92
463,533,0.62
463,534,1.00
464,534,0.78
463,535,1.00
464,535,1.00
463,536,1.00
464,536,1.00
463,537,1.00
464,537,1.00
463,538,1.00
464,538,0.78
462,539,0.92
463,539,0.62
464,533,0.20
465,534,0.20
465,535,0.42
465,536,0.50
465,537,0.42
465,538,0.20
464,539,0.20

480,518,1.00

492,495,1.00
491,495,1.00
489,495,1.00
483,495,1.00
480,495,1.00
477,495,1.00
472,495,1.00
467,495,1.00
464,497,1.00
461,498,1.00
461,499,1.00
463,499,1.00
478,500,1.00
498,502,1.00
505,503,1.00
510,504,1.00
514,504,1.00
514,502,1.00
514,498,1.00
514,491,1.00
512,488,1.00
511,488,1.00
507,489,1.00
501,493,1.00
496,499,1.00
494,502,1.00
492,508,1.00
492,512,1.00
492,514,1.00
490,511,1.00
488,509,1.00
490,508,1.00
504,508,1.00
527,513,1.00
543,517,1.00
549,519,1.00
550,519,1.00
542,519,1.00
521,519,1.00
504,519,1.00
499,519,1.00
506,520,1.00
515,521,1.00
519,522,1.00
522,523,1.00

463,523,0.23
464,523,1.00
465,523,1.00
466,523,1.00
467,523,0.23
463,524,1.00
464,524,1.00
465,524,1.00
466,524,1.00
467,524,1.00
463,525,1.00
464,525,1.00
465,525,1.00
466,525,1.00
467,525,1.00
463,526,1.00
464,526,1.00
465,526,1.00
466,526,1.00
467,526,1.00
463,527,0.23
464,527,1.00
465,527,1.00
466,527,1.00
467,527,0.23

502,518,0.23
503,518,1.00
504,518,1.00
505,518,1.00
506,518,0.23
502,519,1.00
503,519,1.00
504,519,1.00
505,519,1.00
506,519,1.00
502,520,1.00
503,520,1.00
504,520,1.00
505,520,1.00
506,520,1.00
502,521,1.00
503,521,1.00
504,521,1.00
505,521,1.00
506,521,1.00
502,522,0.23
503,522,1.00
504,522,1.00
505,522,1.00
506,522,0.23
493,518,0.11
494,518,0.51
495,518,0.67
496,518,0.51
497,518,0.11
493,519,0.51
494,519,1.00
495,519,1.00
496,519,1.00
497,519,0.51
493,520,0.67
494,520,1.00
495,520,1.00
496,520,1.00
497,520,0.67
493,521,0.51
494,521,1.00
495,521,1.00
496,521,1.00
497,521,0.51
493,522,0.11
494,522,0.51
495,522,0.67
496,522,0.51
497,522,0.11
485,518,0.11
486,518,0.51
487,518,0.67
488,518,0.51
489,518,0.11
485,519,0.51
486,519,1.00
487,519,1.00
488,519,1.00
489,519,0.51
485,520,0.67
486,520,1.00
487,520,1.00
488,520,1.00
489,520,0.67
485,521,0.51
486,521,1.00
487,521,1.00
488,521,1.00
489,521,0.51
485,522,0.11
486,522,0.51
487,522,0.67
488,522,0.51
489,522,0.11
476,518,0.11
477,518,0.51
478,518,0.67
479,518,0.51
480,518,0.11
476,519,0.51
477,519,1.00
478,519,1.00
479,519,1.00
480,519,0.51
476,520,0.67
477,520,1.00
478,520,1.00
479,520,1.00
480,520,0.67
476,521,0.51
477,521,1.00
478,521,1.00
479,521,1.00
480,521,0.51
476,522,0.11
477,522,0.51
478,522,0.67
479,522,0.51
480,522,0.11
468,518,0.11
469,518,0.51
470,518,0.67
471,518,0.51
472,518,0.11
468,519,0.51
469,519,1.00
470,519,1.00
471,519,1.00
472,519,0.51
468,520,0.67
469,520,1.00
470,520,1.00
471,520,1.00
472,520,0.67
468,521,0.51
469,521,1.00
470,521,1.00
471,521,1.00
472,521,0.51
468,522,0.11
469,522,0.51
470,522,0.67
471,522,0.51
472,522,0.11
459,519,0.11
460,519,0.51
461,519,0.67
462,519,0.51
463,519,0.11
459,520,0.51
460,520,1.00
461,520,1.00
462,520,1.00
463,520,0.51
459,521,0.67
460,521,1.00
461,521,1.00
462,521,1.00
463,521,0.67
459,522,0.51
460,522,1.00
461,522,1.00
462,522,1.00
463,522,0.51
459,523,0.11
460,523,0.51
461,523,0.67
462,523,0.51
463,523,0.11
453,519,0.11
454,519,0.51
455,519,0.67
456,519,0.51
457,519,0.11
453,520,0.51
454,520,1.00
455,520,1.00
456,520,1.00
457,520,0.51
453,521,0.67
454,521,1.00
455,521,1.00
456,521,1.00
457,521,0.67
453,522,0.51
454,522,1.00
455,522,1.00
456,522,1.00
457,522,0.51
453,523,0.11
454,523,0.51
455,523,0.67
456,523,0.51
457,523,0.11
447,519,0.11
448,519,0.51
449,519,0.67
450,519,0.51
451,519,0.11
447,520,0.51
448,520,1.00
449,520,1.00
450,520,1.00
451,520,0.51
447,521,0.67
448,521,1.00
449,521,1.00
450,521,1.00
451,521,0.67
447,522,0.51
448,522,1.00
449,522,1.00
450,522,1.00
451,522,0.51
447,523,0.11
448,523,0.51
449,523,0.67
450,523,0.51
451,523,0.11
442,520,0.11
443,520,0.51
444,520,0.67
445,520,0.51
446,520,0.11
442,521,0.51
443,521,1.00
444,521,1.00
445,521,1.00
446,521,0.51
442,522,0.67
443,522,1.00
444,522,1.00
445,522,1.00
446,522,0.67
442,523,0.51
443,523,1.00
444,523,1.00
445,523,1.00
446,523,0.51
442,524,0.11
443,524,0.51
444,524,0.67
445,524,0.51
446,524,0.11
437,520,0.11
438,520,0.51
439,520,0.67
440,520,0.51
441,520,0.11
437,521,0.51
438,521,1.00
439,521,1.00
440,521,1.00
441,521,0.51
437,522,0.67
438,522,1.00
439,522,1.00
440,522,1.00
441,522,0.67
437,523,0.51
438,523,1.00
439,523,1.00
440,523,1.00
441,523,0.51
437,524,0.11
438,524,0.51
439,524,0.67
440,524,0.51
441,524,0.11
432,521,0.11
433,521,0.51
434,521,0.67
435,521,0.51
436,521,0.11
432,522,0.51
433,522,1.00
434,522,1.00
435,522,1.00
436,522,0.51
432,523,0.67
433,523,1.00
434,523,1.00
435,523,1.00
436,523,0.67
432,524,0.51
433,524,1.00
434,524,1.00
435,524,1.00
436,524,0.51
432,525,0.11
433,525,0.51
434,525,0.67
435,525,0.51
436,525,0.11
424,522,0.11
425,522,0.51
426,522,0.67
427,522,0.51
428,522,0.11
424,523,0.51
425,523,1.00
426,523,1.00
427,523,1.00
428,523,0.51
424,524,0.67
425,524,1.00
426,524,1.00
427,524,1.00
428,524,0.67
424,525,0.51
425,525,1.00
426,525,1.00
427,525,1.00
428,525,0.51
424,526,0.11
425,526,0.51
426,526,0.67
427,526,0.51
428,526,0.11
417,523,0.11
418,523,0.51
419,523,0.67
420,523,0.51
421,523,0.11
417,524,0.51
418,524,1.00
419,524,1.00
420,524,1.00
421,524,0.51
417,525,0.67
418,525,1.00
419,525,1.00
420,525,1.00
421,525,0.67
417,526,0.51
418,526,1.00
419,526,1.00
420,526,1.00
421,526,0.51
417,527,0.11
418,527,0.51
419,527,0.67
420,527,0.51
421,527,0.11
410,524,0.11
411,524,0.51
412,524,0.67
413,524,0.51
414,524,0.11
410,525,0.51
411,525,1.00
412,525,1.00
413,525,1.00
414,525,0.51
410,526,0.67
411,526,1.00
412,526,1.00
413,526,1.00
414,526,0.67
410,527,0.51
411,527,1.00
412,527,1.00
413,527,1.00
414,527,0.51
410,528,0.11
411,528,0.51
412,528,0.67
413,528,0.51
414,528,0.11
402,526,0.11
403,526,0.51
404,526,0.67
405,526,0.51
406,526,0.11
402,527,0.51
403,527,1.00
404,527,1.00
405,527,1.00
406,527,0.51
402,528,0.67
403,528,1.00
404,528,1.00
405,528,1.00
406,528,0.67
402,529,0.51
403,529,1.00
404,529,1.00
405,529,1.00
406,529,0.51
402,530,0.11
403,530,0.51
404,530,0.67
405,530,0.51
406,530,0.11
395,528,0.11
396,528,0.51
397,528,0.67
398,528,0.51
399,528,0.11
395,529,0.51
396,529,1.00
397,529,1.00
398,529,1.00
399,529,0.51
395,530,0.67
396,530,1.00
397,530,1.00
398,530,1.00
399,530,0.67
395,531,0.51
396,531,1.00
397,531,1.00
398,531,1.00
399,531,0.51
395,532,0.11
396,532,0.51
397,532,0.67
398,532,0.51
399,532,0.11
386,530,0.11
387,530,0.51
388,530,0.67
389,530,0.51
390,530,0.11
386,531,0.62
387,531,1.00
388,531,1.00
389,531,1.00
390,531,0.51
386,532,1.00
387,532,1.00
388,532,1.00
389,532,1.00
390,532,0.67
386,533,1.00
387,533,1.00
388,533,1.00
389,533,1.00
390,533,0.51
386,534,0.62
387,534,0.51
388,534,0.67
389,534,0.51
390,534,0.11
382,531,0.11
383,531,0.51
384,531,0.67
385,531,0.51
382,532,0.62
383,532,1.00
384,532,1.00
385,532,1.00
382,533,1.00
383,533,1.00
384,533,1.00
385,533,1.00
382,534,1.00
383,534,1.00
384,534,1.00
385,534,1.00
382,535,0.62
383,535,0.51
384,535,0.67
385,535,0.51
386,535,0.11
378,532,0.23
379,532,0.51
380,532,0.67
381,532,0.51
378,533,1.00
379,533,1.00
380,533,1.00
381,533,1.00
378,534,1.00
379,534,1.00
380,534,1.00
381,534,1.00
378,535,1.00
379,535,1.00
380,535,1.00
381,535,1.00
378,536,0.23
379,536,0.51
380,536,0.67
381,536,0.51
382,536,0.11
374,532,0.11
375,532,0.51
376,532,0.67
377,532,0.51
374,533,0.51
375,533,1.00
376,533,1.00
377,533,1.00
374,534,0.67
375,534,1.00
376,534,1.00
377,534,1.00
374,535,0.51
375,535,1.00
376,535,1.00
377,535,1.00
374,536,0.11
375,536,0.51
376,536,0.67
377,536,0.51

410,541,0.34
411,541,1.00
412,541,1.00
413,541,1.00
414,541,0.23
410,542,1.00
411,542,1.00
412,542,1.00
413,542,1.00
414,542,1.00
410,543,1.00
411,543,1.00
412,543,1.00
413,543,1.00
414,543,1.00
410,544,1.00
411,544,1.00
412,544,1.00
413,544,1.00
414,544,1.00
410,545,0.34
411,545,1.00
412,545,1.00
413,545,1.00
414,545,0.23
406,541,0.90
407,541,1.00
408,541,0.78
409,541,0.51
406,542,1.00
407,542,1.00
408,542,1.00
409,542,1.00
406,543,1.00
407,543,1.00
408,543,1.00
409,543,1.00
406,544,1.00
407,544,1.00
408,544,1.00
409,544,1.00
406,545,0.90
407,545,1.00
408,545,0.78
409,545,0.51
404,541,0.90
405,541,1.00
404,542,1.00
405,542,1.00
404,543,1.00
405,543,1.00
404,544,1.00
405,544,1.00
404,545,0.90
405,545,1.00
402,541,0.78
403,541,1.00
402,542,1.00
403,542,1.00
402,543,1.00
403,543,1.00
402,544,1.00
403,544,1.00
402,545,1.00
403,545,1.00
400,541,0.11
401,541,0.51
400,542,1.00
401,542,1.00
400,543,1.00
401,543,1.00
400,544,1.00
401,544,1.00
400,545,1.00
401,545,1.00
398,542,1.00
399,542,1.00
398,543,1.00
399,543,1.00
398,544,1.00
399,544,1.00
398,545,1.00
399,545,1.00
398,546,1.00
399,546,1.00
400,546,1.00
401,546,0.62
402,546,0.11
397,542,1.00
397,543,1.00
397,544,1.00
397,545,1.00
397,546,1.00
396,542,0.78
396,543,1.00
396,544,1.00
396,545,1.00
396,546,1.00
394,542,0.11
395,542,0.51
394,543,1.00
395,543,1.00
394,544,1.00
395,544,1.00
394,545,1.00
395,545,1.00
394,546,1.00
395,546,1.00
393,543,1.00
393,544,1.00
393,545,1.00
393,546,1.00
393,547,1.00
394,547,1.00
395,547,1.00
396,547,0.62
397,547,0.11
392,543,0.78
392,544,1.00
392,545,1.00
392,546,1.00
392,547,1.00
390,543,0.11
391,543,0.51
390,544,1.00
391,544,1.00
390,545,1.00
391,545,1.00
390,546,1.00
391,546,1.00
390,547,1.00
391,547,1.00
389,544,0.11
389,545,1.00
389,546,1.00
389,547,1.00
389,548,1.00
390,548,1.00
391,548,0.67
392,548,0.51
393,548,0.11
386,545,0.11
387,545,0.51
388,545,0.67
386,546,1.00
387,546,1.00
388,546,1.00
386,547,1.00
387,547,1.00
388,547,1.00
386,548,1.00
387,548,1.00
388,548,1.00
386,549,1.00
387,549,1.00
388,549,0.67
389,549,0.51
390,549,0.11
383,546,0.78
384,546,1.00
385,546,0.78
383,547,1.00
384,547,1.00
385,547,1.00
383,548,1.00
384,548,1.00
385,548,1.00
383,549,1.00
384,549,1.00
385,549,1.00
383,550,0.78
384,550,1.00
385,550,0.78
386,550,0.51
387,550,0.11
381,546,0.11
382,546,0.51
381,547,1.00
382,547,1.00
381,548,1.00
382,548,1.00
381,549,1.00
382,549,1.00
381,550,1.00
382,550,1.00
378,547,0.11
379,547,0.51
380,547,0.67
378,548,1.00
379,548,1.00
380,548,1.00
378,549,1.00
379,549,1.00
380,549,1.00
378,550,1.00
379,550,1.00
380,550,1.00
378,551,1.00
379,551,1.00
380,551,1.00
381,551,0.51
382,551,0.11
376,548,1.00
377,548,1.00
376,549,1.00
377,549,1.00
376,550,1.00
377,550,1.00
376,551,1.00
377,551,1.00
376,552,1.00
377,552,1.00
378,552,1.00
379,552,0.62
380,552,0.11
375,548,0.78
375,549,1.00
375,550,1.00
375,551,1.00
375,552,1.00
373,548,0.11
374,548,0.51
373,549,1.00
374,549,1.00
373,550,1.00
374,550,1.00
373,551,1.00
374,551,1.00
373,552,1.00
374,552,1.00
372,549,1.00
372,550,1.00
372,551,1.00
372,552,1.00
372,553,1.00
373,553,1.00
374,553,0.78
375,553,0.51
376,553,0.11
370,549,1.00
371,549,1.00
370,550,1.00
371,550,1.00
370,551,1.00
371,551,1.00
370,552,1.00
371,552,1.00
370,553,1.00
371,553,1.00
369,549,1.00
369,550,1.00
369,551,1.00
369,552,1.00
369,553,1.00
367,549,0.62
368,549,1.00
367,550,1.00
368,550,1.00
367,551,1.00
368,551,1.00
367,552,1.00
368,552,1.00
367,553,0.62
368,553,1.00
366,549,0.11
366,550,0.62
366,551,1.00
366,552,1.00
366,553,0.62
362,550,0.11
363,550,0.51
364,550,0.67
365,550,0.51
362,551,1.00
363,551,1.00
364,551,1.00
365,551,1.00
362,552,1.00
363,552,1.00
364,552,1.00
365,552,1.00
362,553,1.00
363,553,1.00
364,553,1.00
365,553,1.00
362,554,1.00
363,554,1.00
364,554,0.67
365,554,0.51
366,554,0.11
359,551,0.69
360,551,0.51
361,551,0.67
359,552,1.00
360,552,1.00
361,552,1.00
359,553,1.00
360,553,1.00
361,553,1.00
359,554,1.00
360,554,1.00
361,554,1.00
359,555,1.00
360,555,1.00
361,555,0.67
362,555,0.51
363,555,0.11
356,552,1.00
357,552,1.00
358,552,1.00
356,553,1.00
357,553,1.00
358,553,1.00
356,554,1.00
357,554,1.00
358,554,1.00
356,555,1.00
357,555,1.00
358,555,1.00
356,556,0.74
357,556,0.62
358,556,0.67
359,556,0.51
360,556,0.11
349,553,1.00
350,553,1.00
351,553,1.00
352,553,1.00
353,553,1.00
349,554,1.00
350,554,1.00
351,554,1.00
352,554,1.00
353,554,1.00
349,555,1.00
350,555,1.00
351,555,1.00
352,555,1.00
353,555,1.00
349,556,1.00
350,556,1.00
351,556,1.00
352,556,1.00
353,556,1.00
349,557,1.00
350,557,1.00
351,557,1.00
352,557,1.00
353,557,0.23
345,554,1.00
346,554,1.00
347,554,1.00
348,554,1.00
345,555,1.00
346,555,1.00
347,555,1.00
348,555,1.00
345,556,1.00
346,556,1.00
347,556,1.00
348,556,1.00
345,557,1.00
346,557,1.00
347,557,1.00
348,557,1.00
345,558,1.00
346,558,1.00
347,558,1.00
348,558,0.62
349,558,0.11
341,554,0.62
342,554,1.00
343,554,1.00
344,554,1.00
341,555,1.00
342,555,1.00
343,555,1.00
344,555,1.00
341,556,1.00
342,556,1.00
343,556,1.00
344,556,1.00
341,557,1.00
342,557,1.00
343,557,1.00
344,557,1.00
341,558,1.00
342,558,1.00
343,558,1.00
344,558,1.00
338,555,1.00
339,555,1.00
340,555,1.00
338,556,1.00
339,556,1.00
340,556,1.00
338,557,1.00
339,557,1.00
340,557,1.00
338,558,1.00
339,558,1.00
340,558,1.00
338,559,1.00
339,559,1.00
340,559,1.00
341,559,0.62
342,559,0.11
337,555,1.00
337,556,1.00
337,557,1.00
337,558,1.00
337,559,1.00
335,555,1.00
336,555,1.00
335,556,1.00
336,556,1.00
335,557,1.00
336,557,1.00
335,558,1.00
336,558,1.00
335,559,1.00
336,559,1.00
334,555,1.00
334,556,1.00
334,557,1.00
334,558,1.00
334,559,1.00
333,555,1.00
333,556,1.00
333,557,1.00
333,558,1.00
333,559,1.00
332,555,1.00
332,556,1.00
332,557,1.00
332,558,1.00
332,559,1.00
331,555,0.23
331,556,1.00
331,557,1.00
331,558,1.00
331,559,0.23
340,554,0.11
346,553,0.11
347,553,0.51
348,553,0.78
351,552,0.11
352,552,0.62
353,552,1.00
354,552,1.00
355,552,1.00
354,553,1.00
355,553,1.00
354,554,1.00
355,554,1.00
354,555,1.00
355,555,1.00
354,556,1.00
355,556,1.00
355,551,1.00
356,551,1.00
357,551,1.00
358,551,1.00
354,551,0.74
353,551,0.11

353,552,0.23
354,552,1.00
355,552,1.00
356,552,1.00
357,552,1.00
353,553,1.00
354,553,1.00
355,553,1.00
356,553,1.00
357,553,1.00
353,554,1.00
354,554,1.00
355,554,1.00
356,554,1.00
357,554,1.00
353,555,1.00
354,555,1.00
355,555,1.00
356,555,1.00
357,555,1.00
353,556,0.23
354,556,1.00
355,556,1.00
356,556,1.00
357,556,0.74
358,552,1.00
358,553,1.00
358,554,1.00
358,555,1.00
358,556,0.11
355,551,0.11
356,551,0.51
357,551,0.78
358,551,1.00
359,551,1.00
359,552,1.00
359,553,1.00
359,554,1.00
359,555,1.00
360,551,1.00
361,551,1.00
360,552,1.00
361,552,1.00
360,553,1.00
361,553,1.00
360,554,1.00
361,554,1.00
360,555,1.00
361,555,0.62
362,551,1.00
362,552,1.00
362,553,1.00
362,554,1.00
362,555,0.11
359,550,0.11
360,550,0.51
361,550,0.67
362,550,0.62
363,550,0.62
363,551,1.00
363,552,1.00
363,553,1.00
363,554,0.62
364,550,0.78
365,550,1.00
366,550,0.78
364,551,1.00
365,551,1.00
366,551,1.00
364,552,1.00
365,552,1.00
366,552,1.00
364,553,1.00
365,553,1.00
366,553,1.00
364,554,0.78
365,554,1.00
366,554,0.78
367,550,1.00
368,550,1.00
367,551,1.00
368,551,1.00
367,552,1.00
368,552,1.00
367,553,1.00
368,553,1.00
367,554,0.51
368,554,0.11
367,549,0.11
368,549,0.51
369,549,0.78
370,549,1.00
371,549,1.00
369,550,1.00
370,550,1.00
371,550,1.00
369,551,1.00
370,551,1.00
371,551,1.00
369,552,1.00
370,552,1.00
371,552,1.00
369,553,0.78
370,553,1.00
371,553,1.00
372,549,1.00
373,549,1.00
372,550,1.00
373,550,1.00
372,551,1.00
373,551,1.00
372,552,1.00
373,552,1.00
372,553,1.00
373,553,1.00
374,549,1.00
374,550,1.00
374,551,1.00
374,552,1.00
374,553,1.00
375,549,1.00
375,550,1.00
375,551,1.00
375,552,1.00
375,553,0.74
376,549,1.00
376,550,1.00
376,551,1.00
376,552,1.00
376,553,0.11
372,548,0.11
373,548,0.51
374,548,0.78
375,548,1.00
376,548,1.00
377,548,1.00
378,548,1.00
377,549,1.00
378,549,1.00
377,550,1.00
378,550,1.00
377,551,1.00
378,551,1.00
377,552,0.51
378,552,0.11
375,547,0.11
376,547,0.62
377,547,1.00
378,547,1.00
379,547,1.00
379,548,1.00
379,549,1.00
379,550,1.00
379,551,1.00
380,547,1.00
380,548,1.00
380,549,1.00
380,550,1.00
380,551,1.00
381,547,1.00
381,548,1.00
381,549,1.00
381,550,1.00
381,551,1.00
382,547,1.00
383,547,1.00
382,548,1.00
383,548,1.00
382,549,1.00
383,549,1.00
382,550,1.00
383,550,1.00
382,551,1.00
383,551,0.62
384,547,1.00
384,548,1.00
384,549,1.00
384,550,1.00
384,551,0.11
382,546,0.11
383,546,0.62
384,546,1.00
385,546,1.00
386,546,1.00
385,547,1.00
386,547,1.00
385,548,1.00
386,548,1.00
385,549,1.00
386,549,1.00
385,550,1.00
386,550,1.00
387,546,1.00
387,547,1.00
387,548,1.00
387,549,1.00
387,550,0.62
388,546,1.00
388,547,1.00
388,548,1.00
388,549,1.00
388,550,0.11
385,545,0.11
386,545,0.51
387,545,0.78
388,545,1.00
389,545,0.90
389,546,1.00
389,547,1.00
389,548,1.00
389,549,0.90
390,545,1.00
391,545,1.00
390,546,1.00
391,546,1.00
390,547,1.00
391,547,1.00
390,548,1.00
391,548,1.00
390,549,1.00
391,549,0.78
392,545,1.00
393,545,1.00
392,546,1.00
393,546,1.00
392,547,1.00
393,547,1.00
392,548,1.00
393,548,1.00
392,549,0.51
393,549,0.11
390,544,0.11
391,544,0.62
392,544,1.00
393,544,1.00
394,544,0.62
394,545,1.00
394,546,1.00
394,547,1.00
394,548,0.62
395,544,0.11
395,545,0.51
395,546,0.67
395,547,0.51
395,548,0.11
396,544,0.11
397,544,0.51
398,544,0.67
399,544,0.62
400,544,0.62
396,545,0.51
397,545,1.00
398,545,1.00
399,545,1.00
400,545,1.00
396,546,0.67
397,546,1.00
398,546,1.00
399,546,1.00
400,546,1.00
396,547,0.51
397,547,1.00
398,547,1.00
399,547,1.00
400,547,1.00
396,548,0.11
397,548,0.51
398,548,0.67
399,548,0.62
400,548,0.62
401,544,0.78
402,544,1.00
403,544,1.00
401,545,1.00
402,545,1.00
403,545,1.00
401,546,1.00
402,546,1.00
403,546,1.00
401,547,1.00
402,547,1.00
403,547,1.00
401,548,0.78
402,548,1.00
403,548,0.78
404,544,1.00
405,544,1.00
404,545,1.00
405,545,1.00
404,546,1.00
405,546,1.00
404,547,1.00
405,547,1.00
404,548,0.51
405,548,0.11
403,543,0.11
404,543,0.51
405,543,0.78
406,543,1.00
407,543,1.00
406,544,1.00
407,544,1.00
406,545,1.00
407,545,1.00
406,546,1.00
407,546,1.00
406,547,1.00
407,547,0.78
408,543,1.00
409,543,1.00
408,544,1.00
409,544,1.00
408,545,1.00
409,545,1.00
408,546,1.00
409,546,1.00
408,547,0.51
409,547,0.11
406,542,0.11
407,542,0.74
408,542,1.00
409,542,1.00
410,542,1.00
410,543,1.00
410,544,1.00
410,545,1.00
410,546,1.00
411,542,1.00
411,543,1.00
411,544,1.00
411,545,1.00
411,546,1.00
412,542,1.00
412,543,1.00
412,544,1.00
412,545,1.00
412,546,1.00
413,542,1.00
413,543,1.00
413,544,1.00
413,545,1.00
413,546,0.62
414,542,1.00
414,543,1.00
414,544,1.00
414,545,1.00
414,546,0.11
413,541,0.11
414,541,0.51
415,541,0.67
416,541,0.62
417,541,0.62
415,542,1.00
416,542,1.00
417,542,1.00
415,543,1.00
416,543,1.00
417,543,1.00
415,544,1.00
416,544,1.00
417,544,1.00
415,545,0.67
416,545,0.62
417,545,0.62
418,541,1.00
419,541,1.00
420,541,1.00
418,542,1.00
419,542,1.00
420,542,1.00
418,543,1.00
419,543,1.00
420,543,1.00
418,544,1.00
419,544,1.00
420,544,1.00
418,545,0.67
419,545,0.51
420,545,0.11
418,540,0.11
419,540,0.51
420,540,0.78
421,540,1.00
422,540,0.78
421,541,1.00
422,541,1.00
421,542,1.00
422,542,1.00
421,543,1.00
422,543,1.00
421,544,1.00
422,544,0.78
423,540,0.51
424,540,0.62
423,541,1.00
424,541,1.00
423,542,1.00
424,542,1.00
423,543,1.00
424,543,0.62
423,544,0.51
424,544,0.11
424,539,0.11
425,539,0.51
426,539,0.78
427,539,1.00
428,539,0.78
425,540,1.00
426,540,1.00
427,540,1.00
428,540,1.00
425,541,1.00
426,541,1.00
427,541,1.00
428,541,1.00
425,542,1.00
426,542,1.00
427,542,1.00
428,542,1.00
425,543,0.51
426,543,0.78
427,543,1.00
428,543,0.78
429,539,0.62
430,539,0.62
429,540,1.00
430,540,1.00
429,541,1.00
430,541,1.00
429,542,1.00
430,542,1.00
429,543,0.62
430,543,0.62
431,539,0.67
432,539,0.62
433,539,0.62
431,540,1.00
432,540,1.00
433,540,1.00
431,541,1.00
432,541,1.00
433,541,1.00
431,542,1.00
432,542,1.00
433,542,1.00
431,543,0.67
432,543,0.62
433,543,0.62
434,539,0.78
435,539,1.00
436,539,0.78
434,540,1.00
435,540,1.00
436,540,1.00
434,541,1.00
435,541,1.00
436,541,1.00
434,542,1.00
435,542,1.00
436,542,1.00
434,543,0.78
435,543,1.00
436,543,0.78
437,539,0.62
438,539,0.74
437,540,1.00
438,540,1.00
437,541,1.00
438,541,1.00
437,542,1.00
438,542,1.00
437,543,0.62
438,543,0.74
439,539,1.00
440,539,1.00
441,539,1.00
439,540,1.00
440,540,1.00
441,540,1.00
439,541,1.00
440,541,1.00
441,541,1.00
439,542,1.00
440,542,1.00
441,542,1.00
439,543,1.00
440,543,1.00
441,543,1.00
442,539,0.62
442,540,1.00
442,541,1.00
442,542,1.00
442,543,0.62
443,539,0.62
443,540,1.00
443,541,1.00
443,542,0.62
443,543,0.11
443,538,0.11
444,538,0.51
445,538,0.78
446,538,1.00
447,538,1.00
444,539,1.00
445,539,1.00
446,539,1.00
447,539,1.00
444,540,1.00
445,540,1.00
446,540,1.00
447,540,1.00
444,541,1.00
445,541,1.00
446,541,1.00
447,541,1.00
444,542,0.51
445,542,0.78
446,542,1.00
447,542,1.00
448,538,1.00
449,538,0.74
448,539,1.00
449,539,1.00
448,540,1.00
449,540,1.00
448,541,1.00
449,541,1.00
448,542,1.00
449,542,0.74
450,538,0.62
450,539,1.00
450,540,1.00
450,541,1.00
450,542,0.62
451,538,1.00
452,538,1.00
453,538,1.00
451,539,1.00
452,539,1.00
453,539,1.00
451,540,1.00
452,540,1.00
453,540,1.00
451,541,1.00
452,541,1.00
453,541,1.00
451,542,0.67
452,542,0.51
453,542,0.11
451,537,0.11
452,537,0.62
453,537,1.00
454,537,1.00
455,537,1.00
454,538,1.00
455,538,1.00
454,539,1.00
455,539,1.00
454,540,1.00
455,540,1.00
454,541,1.00
455,541,1.00
456,537,1.00
456,538,1.00
456,539,1.00
456,540,1.00
456,541,0.78
457,537,1.00
458,537,1.00
457,538,1.00
458,538,1.00
457,539,1.00
458,539,1.00
457,540,1.00
458,540,1.00
457,541,0.51
458,541,0.11
455,536,0.11
456,536,0.62
457,536,1.00
458,536,1.00
459,536,0.74
459,537,1.00
459,538,1.00
459,539,1.00
459,540,0.74
460,536,0.62
460,537,1.00
460,538,1.00
460,539,1.00
460,540,0.62
461,536,0.78
462,536,1.00
463,536,0.78
461,537,1.00
462,537,1.00
463,537,1.00
461,538,1.00
462,538,1.00
463,538,1.00
461,539,1.00
462,539,1.00
463,539,1.00
461,540,0.78
462,540,1.00
463,540,0.78
464,536,1.00
465,536,1.00
464,537,1.00
465,537,1.00
464,538,1.00
465,538,1.00
464,539,1.00
465,539,1.00
464,540,0.51
465,540,0.11
464,535,0.11
465,535,0.51
466,535,0.78
467,535,1.00
468,535,0.78
466,536,1.00
467,536,1.00
468,536,1.00
466,537,1.00
467,537,1.00
468,537,1.00
466,538,1.00
467,538,1.00
468,538,1.00
466,539,0.78
467,539,1.00
468,539,0.78
469,535,0.51
470,535,0.23
469,536,1.00
470,536,1.00
469,537,1.00
470,537,1.00
469,538,1.00
470,538,1.00
469,539,0.51
470,539,0.23
471,535,0.51
472,535,0.67
473,535,0.62
474,535,0.62
471,536,1.00
472,536,1.00
473,536,1.00
474,536,1.00
471,537,1.00
472,537,1.00
473,537,1.00
474,537,1.00
471,538,1.00
472,538,1.00
473,538,1.00
474,538,1.00
471,539,0.51
472,539,0.67
473,539,0.62
474,539,0.62
475,535,0.67
476,535,0.62
477,535,0.62
475,536,1.00
476,536,1.00
477,536,1.00
475,537,1.00
476,537,1.00
477,537,1.00
475,538,1.00
476,538,1.00
477,538,1.00
475,539,0.67
476,539,0.62
477,539,0.62
478,535,0.67
479,535,0.51
480,535,0.11
478,536,1.00
479,536,1.00
480,536,0.51
478,537,1.00
479,537,1.00
480,537,0.67
478,538,1.00
479,538,1.00
480,538,0.51
478,539,0.67
479,539,0.51
480,539,0.11
481,535,0.11
482,535,0.51
483,535,0.78
484,535,1.00
485,535,1.00
481,536,0.51
482,536,1.00
483,536,1.00
484,536,1.00
485,536,1.00
481,537,0.67
482,537,1.00
483,537,1.00
484,537,1.00
485,537,1.00
481,538,0.51
482,538,1.00
483,538,1.00
484,538,1.00
485,538,1.00
481,539,0.11
482,539,0.51
483,539,0.78
484,539,1.00
485,539,1.00
486,535,1.00
487,535,1.00
486,536,1.00
487,536,1.00
486,537,1.00
487,537,1.00
486,538,1.00
487,538,1.00
486,539,1.00
487,539,0.62
488,535,1.00
488,536,1.00
488,537,1.00
488,538,1.00
488,539,0.11
486,534,0.11
487,534,0.51
488,534,0.78
489,534,1.00
490,534,0.90
489,535,1.00
490,535,1.00
489,536,1.00
490,536,1.00
489,537,1.00
490,537,1.00
489,538,1.00
490,538,0.90
491,534,1.00
492,534,1.00
491,535,1.00
492,535,1.00
491,536,1.00
492,536,1.00
491,537,1.00
492,537,1.00
491,538,1.00
492,538,1.00
493,534,1.00
494,534,1.00
493,535,1.00
494,535,1.00
493,536,1.00
494,536,1.00
493,537,1.00
494,537,1.00
493,538,1.00
494,538,1.00
495,534,0.74
495,535,1.00
495,536,1.00
495,537,1.00
495,538,0.74
496,534,0.62
496,535,1.00
496,536,1.00
496,537,1.00
496,538,0.62
497,534,1.00
498,534,1.00
499,534,1.00
497,535,1.00
498,535,1.00
499,535,1.00
497,536,1.00
498,536,1.00
499,536,1.00
497,537,1.00
498,537,1.00
499,537,1.00
497,538,0.67
498,538,0.51
499,538,0.11
497,533,0.11
498,533,0.51
499,533,0.67
500,533,0.62
501,533,0.62
500,534,1.00
501,534,1.00
500,535,1.00
501,535,1.00
500,536,1.00
501,536,1.00
500,537,0.62
501,537,0.62
502,533,0.78
503,533,1.00
504,533,1.00
502,534,1.00
503,534,1.00
504,534,1.00
502,535,1.00
503,535,1.00
504,535,1.00
502,536,1.00
503,536,1.00
504,536,1.00
502,537,0.78
503,537,1.00
504,537,0.78
505,533,1.00
506,533,1.00
505,534,1.00
506,534,1.00
505,535,1.00
506,535,1.00
505,536,1.00
506,536,1.00
505,537,0.51
506,537,0.11
503,532,0.11
504,532,0.62
505,532,1.00
506,532,1.00
507,532,1.00
507,533,1.00
507,534,1.00
507,535,1.00
507,536,1.00
508,532,1.00
508,533,1.00
508,534,1.00
508,535,1.00
508,536,1.00
509,532,1.00
509,533,1.00
509,534,1.00
509,535,1.00
509,536,1.00
510,532,1.00
510,533,1.00
510,534,1.00
510,535,1.00
510,536,1.00
511,532,1.00
511,533,1.00
511,534,1.00
511,535,1.00
511,536,1.00
512,532,0.90
512,533,1.00
512,534,1.00
512,535,1.00
512,536,0.90
513,532,1.00
514,532,0.78
513,533,1.00
514,533,1.00
513,534,1.00
514,534,1.00
513,535,1.00
514,535,1.00
513,536,1.00
514,536,0.78
515,532,0.51
516,532,0.11
515,533,1.00
516,533,0.51
515,534,1.00
516,534,0.67
515,535,1.00
516,535,0.51
515,536,0.51
516,536,0.11

