442,694,0.60
443,694,1.00
444,694,1.00
445,694,1.00
446,694,1.00
447,694,1.00
448,694,1.00
449,694,1.00
450,694,1.00
451,694,1.00
452,694,1.00
442,695,0.60
443,695,1.00
444,695,1.00
445,695,1.00
446,695,1.00
447,695,1.00
448,695,1.00
449,695,1.00
450,695,1.00
451,695,1.00
452,695,1.00
442,696,0.60
443,696,1.00
444,696,1.00
445,696,1.00
446,696,1.00
447,696,1.00
448,696,1.00
449,696,1.00
450,696,1.00
451,696,1.00
452,696,1.00
442,697,0.60
443,697,1.00
444,697,1.00
445,697,1.00
446,697,1.00
447,697,1.00
448,697,1.00
449,697,1.00
450,697,1.00
451,697,1.00
452,697,1.00
442,698,0.60
443,698,1.00
444,698,1.00
445,698,1.00
446,698,1.00
447,698,1.00
448,698,1.00
449,698,1.00
450,698,1.00
451,698,1.00
452,698,1.00
442,699,0.60
443,699,1.00
444,699,1.00
445,699,1.00
446,699,1.00
447,699,1.00
448,699,1.00
449,699,1.00
450,699,1.00
451,699,1.00
452,699,1.00
442,700,0.60
443,700,1.00
444,700,1.00
445,700,1.00
446,700,1.00
447,700,1.00
448,700,1.00
449,700,1.00
450,700,1.00
451,700,1.00
452,700,1.00
442,701,0.60
443,701,1.00
444,701,1.00
445,701,1.00
446,701,1.00
447,701,1.00
448,701,1.00
449,701,1.00
450,701,1.00
451,701,1.00
452,701,1.00
442,702,0.60
443,702,1.00
444,702,1.00
445,702,1.00
446,702,1.00
447,702,1.00
448,702,1.00
449,702,1.00
450,702,1.00
451,702,1.00
452,702,1.00
442,703,0.60
443,703,1.00
444,703,1.00
445,703,1.00
446,703,1.00
447,703,1.00
448,703,1.00
449,703,1.00
450,703,1.00
451,703,1.00
452,703,1.00
442,704,0.60
443,704,0.60
444,704,0.60
445,704,0.60
446,704,0.60
447,704,0.60
448,704,0.60
449,704,0.60
450,704,0.60
451,704,0.60
452,704,0.60
443,693,0.60
444,693,0.90
445,693,1.00
446,693,1.00
447,693,1.00
448,693,1.00
449,693,1.00
450,693,1.00
451,693,1.00
452,693,1.00
453,693,1.00
453,694,1.00
453,695,1.00
453,696,1.00
453,697,1.00
453,698,1.00
453,699,1.00
453,700,1.00
453,701,1.00
453,702,0.90
453,703,0.60
444,692,0.30
445,692,0.60
446,692,1.00
447,692,1.00
448,692,1.00
449,692,1.00
450,692,1.00
451,692,1.00
452,692,1.00
453,692,1.00
454,692,1.00
454,693,1.00
454,694,1.00
454,695,1.00
454,696,1.00
454,697,1.00
454,698,1.00
454,699,1.00
454,700,0.90
454,701,0.60
454,702,0.30
445,691,0.30
446,691,0.90
447,691,1.00
448,691,1.00
449,691,1.00
450,691,1.00
451,691,1.00
452,691,1.00
453,691,1.00
454,691,1.00
455,691,1.00
455,692,1.00
455,693,1.00
455,694,1.00
455,695,1.00
455,696,1.00
455,697,1.00
455,698,1.00
455,699,0.90
455,700,0.60
455,701,0.30
446,690,0.60
447,690,0.90
448,690,1.00
449,690,1.00
450,690,1.00
451,690,1.00
452,690,1.00
453,690,1.00
454,690,1.00
455,690,1.00
456,690,1.00
456,691,1.00
456,692,1.00
456,693,1.00
456,694,1.00
456,695,1.00
456,696,1.00
456,697,1.00
456,698,0.90
456,699,0.60
456,700,0.30
446,689,0.30
447,689,0.60
448,689,0.90
449,689,1.00
450,689,1.00
451,689,1.00
452,689,1.00
453,689,1.00
454,689,1.00
455,689,1.00
456,689,1.00
447,688,0.30
448,688,0.60
449,688,0.90
450,688,1.00
451,688,1.00
452,688,1.00
453,688,1.00
454,688,1.00
455,688,1.00
456,688,1.00
457,688,1.00
457,689,1.00
457,690,1.00
457,691,1.00
457,692,1.00
457,693,1.00
457,694,1.00
457,695,1.00
457,696,0.90
457,697,0.60
457,698,0.30
448,687,0.30
449,687,0.60
450,687,1.00
451,687,1.00
452,687,1.00
453,687,1.00
454,687,1.00
455,687,1.00
456,687,1.00
457,687,1.00
458,687,1.00
458,688,1.00
458,689,1.00
458,690,1.00
458,691,1.00
458,692,1.00
458,693,1.00
458,694,1.00
458,695,1.00
458,696,0.60
458,697,0.30
449,686,0.30
450,686,0.90
451,686,1.00
452,686,1.00
453,686,1.00
454,686,1.00
455,686,1.00
456,686,1.00
457,686,1.00
458,686,1.00
459,686,1.00
459,687,1.00
459,688,1.00
459,689,1.00
459,690,1.00
459,691,1.00
459,692,1.00
459,693,1.00
459,694,1.00
459,695,0.90
459,696,0.30
450,685,0.60
451,685,0.90
452,685,1.00
453,685,1.00
454,685,1.00
455,685,1.00
456,685,1.00
457,685,1.00
458,685,1.00
459,685,1.00
460,685,1.00
460,686,1.00
460,687,1.00
460,688,1.00
460,689,1.00
460,690,1.00
460,691,1.00
460,692,1.00
460,693,1.00
460,694,0.90
460,695,0.60
451,684,0.30
452,684,0.60
453,684,1.00
454,684,1.00
455,684,1.00
456,684,1.00
457,684,1.00
458,684,1.00
459,684,1.00
460,684,1.00
461,684,1.00
461,685,1.00
461,686,1.00
461,687,1.00
461,688,1.00
461,689,1.00
461,690,1.00
461,691,0.90
461,692,0.90
461,693,0.60
461,694,0.30
452,683,0.30
453,683,0.90
454,683,1.00
455,683,1.00
456,683,1.00
457,683,1.00
458,683,1.00
459,683,1.00
460,683,1.00
461,683,1.00
462,683,1.00
462,684,1.00
462,685,1.00
462,686,1.00
462,687,1.00
462,688,1.00
462,689,1.00
462,690,0.90
462,691,0.60
462,692,0.60
462,693,0.30
453,682,0.60
454,682,0.90
455,682,1.00
456,682,1.00
457,682,1.00
458,682,1.00
459,682,1.00
460,682,1.00
461,682,1.00
462,682,1.00
463,682,1.00
463,683,1.00
463,684,1.00
463,685,1.00
463,686,1.00
463,687,1.00
463,688,1.00
463,689,0.90
463,690,0.60
463,691,0.30
463,692,0.30
453,680,0.30
454,680,0.60
455,680,0.90
456,680,1.00
457,680,1.00
458,680,1.00
459,680,1.00
460,680,1.00
461,680,1.00
462,680,1.00
463,680,1.00
453,681,0.30
454,681,0.60
455,681,0.90
456,681,1.00
457,681,1.00
458,681,1.00
459,681,1.00
460,681,1.00
461,681,1.00
462,681,1.00
463,681,1.00
454,679,0.30
455,679,0.60
456,679,1.00
457,679,1.00
458,679,1.00
459,679,1.00
460,679,1.00
461,679,1.00
462,679,1.00
463,679,1.00
464,679,1.00
464,680,1.00
464,681,1.00
464,682,1.00
464,683,1.00
464,684,1.00
464,685,1.00
464,686,1.00
464,687,0.90
464,688,0.60
464,689,0.30
455,678,0.30
456,678,0.90
457,678,1.00
458,678,1.00
459,678,1.00
460,678,1.00
461,678,1.00
462,678,1.00
463,678,1.00
464,678,1.00
465,678,1.00
465,679,1.00
465,680,1.00
465,681,1.00
465,682,1.00
465,683,1.00
465,684,1.00
465,685,1.00
465,686,0.90
465,687,0.60
465,688,0.30
456,677,0.60
457,677,1.00
458,677,1.00
459,677,1.00
460,677,1.00
461,677,1.00
462,677,1.00
463,677,1.00
464,677,1.00
465,677,1.00
466,677,1.00
466,678,1.00
466,679,1.00
466,680,1.00
466,681,1.00
466,682,1.00
466,683,1.00
466,684,1.00
466,685,1.00
466,686,0.60
466,687,0.30
456,676,0.30
457,676,0.90
458,676,1.00
459,676,1.00
460,676,1.00
461,676,1.00
462,676,1.00
463,676,1.00
464,676,1.00
465,676,1.00
466,676,1.00
457,675,0.60
458,675,1.00
459,675,1.00
460,675,1.00
461,675,1.00
462,675,1.00
463,675,1.00
464,675,1.00
465,675,1.00
466,675,1.00
467,675,1.00
467,676,1.00
467,677,1.00
467,678,1.00
467,679,1.00
467,680,1.00
467,681,1.00
467,682,1.00
467,683,1.00
467,684,0.90
467,685,0.60
458,674,0.60
459,674,1.00
460,674,1.00
461,674,1.00
462,674,1.00
463,674,1.00
464,674,1.00
465,674,1.00
466,674,1.00
467,674,1.00
468,674,1.00
468,675,1.00
468,676,1.00
468,677,1.00
468,678,1.00
468,679,1.00
468,680,1.00
468,681,1.00
468,682,1.00
468,683,0.60
468,684,0.30
458,673,0.30
459,673,0.90
460,673,1.00
461,673,1.00
462,673,1.00
463,673,1.00
464,673,1.00
465,673,1.00
466,673,1.00
467,673,1.00
468,673,1.00
459,672,0.60
460,672,1.00
461,672,1.00
462,672,1.00
463,672,1.00
464,672,1.00
465,672,1.00
466,672,1.00
467,672,1.00
468,672,1.00
469,672,1.00
469,673,1.00
469,674,1.00
469,675,1.00
469,676,1.00
469,677,1.00
469,678,1.00
469,679,1.00
469,680,1.00
469,681,0.90
469,682,0.60
460,671,0.60
461,671,1.00
462,671,1.00
463,671,1.00
464,671,1.00
465,671,1.00
466,671,1.00
467,671,1.00
468,671,1.00
469,671,1.00
470,671,1.00
470,672,1.00
470,673,1.00
470,674,1.00
470,675,1.00
470,676,1.00
470,677,1.00
470,678,1.00
470,679,0.90
470,680,0.60
470,681,0.30
460,670,0.30
461,670,0.90
462,670,1.00
463,670,1.00
464,670,1.00
465,670,1.00
466,670,1.00
467,670,1.00
468,670,1.00
469,670,1.00
470,670,1.00
461,669,0.60
462,669,0.90
463,669,1.00
464,669,1.00
465,669,1.00
466,669,1.00
467,669,1.00
468,669,1.00
469,669,1.00
470,669,1.00
471,669,1.00
471,670,1.00
471,671,1.00
471,672,1.00
471,673,1.00
471,674,1.00
471,675,1.00
471,676,1.00
471,677,0.90
471,678,0.60
471,679,0.30
461,668,0.30
462,668,0.60
463,668,1.00
464,668,1.00
465,668,1.00
466,668,1.00
467,668,1.00
468,668,1.00
469,668,1.00
470,668,1.00
471,668,1.00
462,667,0.30
463,667,0.90
464,667,1.00
465,667,1.00
466,667,1.00
467,667,1.00
468,667,1.00
469,667,1.00
470,667,1.00
471,667,1.00
472,667,1.00
472,668,1.00
472,669,1.00
472,670,1.00
472,671,1.00
472,672,1.00
472,673,1.00
472,674,1.00
472,675,0.90
472,676,0.60
472,677,0.30
463,666,0.60
464,666,1.00
465,666,1.00
466,666,1.00
467,666,1.00
468,666,1.00
469,666,1.00
470,666,1.00
471,666,1.00
472,666,1.00
473,666,1.00
473,667,1.00
473,668,1.00
473,669,1.00
473,670,1.00
473,671,1.00
473,672,1.00
473,673,0.90
473,674,0.90
473,675,0.60
473,676,0.30
463,665,0.30
464,665,0.90
465,665,1.00
466,665,1.00
467,665,1.00
468,665,1.00
469,665,1.00
470,665,1.00
471,665,1.00
472,665,1.00
473,665,1.00
464,664,0.60
465,664,0.90
466,664,1.00
467,664,1.00
468,664,1.00
469,664,1.00
470,664,1.00
471,664,1.00
472,664,1.00
473,664,1.00
474,664,1.00
474,665,1.00
474,666,1.00
474,667,1.00
474,668,1.00
474,669,1.00
474,670,1.00
474,671,0.90
474,672,0.60
474,673,0.30
474,674,0.30
464,662,0.30
465,662,0.60
466,662,1.00
467,662,1.00
468,662,1.00
469,662,1.00
470,662,1.00
471,662,1.00
472,662,1.00
473,662,1.00
474,662,1.00
464,663,0.30
465,663,0.60
466,663,1.00
467,663,1.00
468,663,1.00
469,663,1.00
470,663,1.00
471,663,1.00
472,663,1.00
473,663,1.00
474,663,1.00
465,661,0.30
466,661,0.90
467,661,1.00
468,661,1.00
469,661,1.00
470,661,1.00
471,661,1.00
472,661,1.00
473,661,1.00
474,661,1.00
475,661,1.00
475,662,1.00
475,663,1.00
475,664,1.00
475,665,1.00
475,666,1.00
475,667,1.00
475,668,1.00
475,669,0.90
475,670,0.60
475,671,0.30
466,660,0.60
467,660,1.00
468,660,1.00
469,660,1.00
470,660,1.00
471,660,1.00
472,660,1.00
473,660,1.00
474,660,1.00
475,660,1.00
476,660,1.00
476,661,1.00
476,662,1.00
476,663,1.00
476,664,1.00
476,665,1.00
476,666,1.00
476,667,1.00
476,668,0.90
476,669,0.60
476,670,0.30
466,659,0.30
467,659,0.90
468,659,1.00
469,659,1.00
470,659,1.00
471,659,1.00
472,659,1.00
473,659,1.00
474,659,1.00
475,659,1.00
476,659,1.00
467,658,0.60
468,658,0.90
469,658,1.00
470,658,1.00
471,658,1.00
472,658,1.00
473,658,1.00
474,658,1.00
475,658,1.00
476,658,1.00
477,658,1.00
477,659,1.00
477,660,1.00
477,661,1.00
477,662,1.00
477,663,1.00
477,664,1.00
477,665,1.00
477,666,0.90
477,667,0.60
477,668,0.30
467,657,0.30
468,657,0.60
469,657,1.00
470,657,1.00
471,657,1.00
472,657,1.00
473,657,1.00
474,657,1.00
475,657,1.00
476,657,1.00
477,657,1.00
468,656,0.30
469,656,0.90
470,656,1.00
471,656,1.00
472,656,1.00
473,656,1.00
474,656,1.00
475,656,1.00
476,656,1.00
477,656,1.00
478,656,1.00
478,657,1.00
478,658,1.00
478,659,1.00
478,660,1.00
478,661,1.00
478,662,1.00
478,663,0.90
478,664,0.60
478,665,0.60
478,666,0.30
469,655,0.60
470,655,0.90
471,655,1.00
472,655,1.00
473,655,1.00
474,655,1.00
475,655,1.00
476,655,1.00
477,655,1.00
478,655,1.00
479,655,1.00
479,656,1.00
479,657,1.00
479,658,1.00
479,659,1.00
479,660,1.00
479,661,0.90
479,662,0.90
479,663,0.60
479,664,0.30
479,665,0.30
469,653,0.30
470,653,0.60
471,653,0.90
472,653,1.00
473,653,1.00
474,653,1.00
475,653,1.00
476,653,1.00
477,653,1.00
478,653,1.00
479,653,1.00
469,654,0.30
470,654,0.60
471,654,0.90
472,654,1.00
473,654,1.00
474,654,1.00
475,654,1.00
476,654,1.00
477,654,1.00
478,654,1.00
479,654,1.00
470,652,0.30
471,652,0.60
472,652,0.90
473,652,1.00
474,652,1.00
475,652,1.00
476,652,1.00
477,652,1.00
478,652,1.00
479,652,1.00
480,652,1.00
480,653,1.00
480,654,1.00
480,655,1.00
480,656,1.00
480,657,1.00
480,658,0.90
480,659,0.60
480,660,0.60
480,661,0.30
480,662,0.30
471,650,0.30
472,650,0.60
473,650,0.90
474,650,1.00
475,650,1.00
476,650,1.00
477,650,1.00
478,650,1.00
479,650,1.00
480,650,1.00
481,650,1.00
471,651,0.30
472,651,0.60
473,651,1.00
474,651,1.00
475,651,1.00
476,651,1.00
477,651,1.00
478,651,1.00
479,651,1.00
480,651,1.00
481,651,1.00
481,652,1.00
481,653,1.00
481,654,1.00
481,655,1.00
481,656,0.90
481,657,0.60
481,658,0.60
481,659,0.30
481,660,0.30
472,648,0.30
473,648,0.60
474,648,0.60
475,648,1.00
476,648,1.00
477,648,1.00
478,648,1.00
479,648,1.00
480,648,1.00
481,648,1.00
482,648,1.00
472,649,0.30
473,649,0.60
474,649,0.75
475,649,1.00
476,649,1.00
477,649,1.00
478,649,1.00
479,649,1.00
480,649,1.00
481,649,1.00
482,649,1.00
482,650,1.00
482,651,1.00
482,652,1.00
482,653,1.00
482,654,0.90
482,655,0.60
482,656,0.60
482,657,0.30
482,658,0.30
473,646,0.30
474,646,0.30
475,646,0.60
476,646,0.90
477,646,1.00
478,646,1.00
479,646,1.00
480,646,1.00
481,646,1.00
482,646,1.00
483,646,1.00
473,647,0.30
474,647,0.30
475,647,0.60
476,647,1.00
477,647,1.00
478,647,1.00
479,647,1.00
480,647,1.00
481,647,1.00
482,647,1.00
483,647,1.00
483,648,1.00
483,649,1.00
483,650,1.00
483,651,1.00
483,652,1.00
483,653,0.60
483,654,0.60
483,655,0.30
483,656,0.30
475,644,0.30
476,644,0.60
477,644,0.60
478,644,1.00
479,644,1.00
480,644,1.00
481,644,1.00
482,644,1.00
483,644,1.00
484,644,1.00
485,644,1.00
475,645,0.30
476,645,0.60
477,645,0.75
478,645,1.00
479,645,1.00
480,645,1.00
481,645,1.00
482,645,1.00
483,645,1.00
484,645,1.00
485,645,1.00
484,646,1.00
485,646,1.00
484,647,1.00
485,647,1.00
484,648,1.00
485,648,1.00
484,649,1.00
485,649,1.00
484,650,1.00
485,650,0.60
484,651,0.75
485,651,0.60
484,652,0.60
485,652,0.60
484,653,0.30
485,653,0.30
484,654,0.30
485,654,0.30
476,642,0.30
477,642,0.30
478,642,0.60
479,642,1.00
480,642,1.00
481,642,1.00
482,642,1.00
483,642,1.00
484,642,1.00
485,642,1.00
486,642,1.00
476,643,0.30
477,643,0.30
478,643,0.60
479,643,1.00
480,643,1.00
481,643,1.00
482,643,1.00
483,643,1.00
484,643,1.00
485,643,1.00
486,643,1.00
486,644,1.00
486,645,1.00
486,646,1.00
486,647,0.81
486,648,0.60
486,649,0.60
486,650,0.30
486,651,0.30
486,652,0.30
478,639,0.30
479,639,0.60
480,639,0.75
481,639,1.00
482,639,1.00
483,639,1.00
484,639,1.00
485,639,1.00
486,639,1.00
487,639,1.00
488,639,1.00
478,640,0.30
479,640,0.60
480,640,0.85
481,640,1.00
482,640,1.00
483,640,1.00
484,640,1.00
485,640,1.00
486,640,1.00
487,640,1.00
488,640,1.00
478,641,0.30
479,641,0.60
480,641,1.00
481,641,1.00
482,641,1.00
483,641,1.00
484,641,1.00
485,641,1.00
486,641,1.00
487,641,1.00
488,641,1.00
487,642,1.00
488,642,1.00
487,643,1.00
488,643,1.00
487,644,1.00
488,644,0.90
487,645,0.85
488,645,0.60
487,646,0.75
488,646,0.60
487,647,0.30
488,647,0.30
487,648,0.30
488,648,0.30
487,649,0.30
488,649,0.30
479,636,0.30
480,636,0.30
481,636,0.60
482,636,0.90
483,636,1.00
484,636,1.00
485,636,1.00
486,636,1.00
487,636,1.00
488,636,1.00
489,636,1.00
479,637,0.30
480,637,0.30
481,637,0.60
482,637,1.00
483,637,1.00
484,637,1.00
485,637,1.00
486,637,1.00
487,637,1.00
488,637,1.00
489,637,1.00
479,638,0.30
480,638,0.30
481,638,0.81
482,638,1.00
483,638,1.00
484,638,1.00
485,638,1.00
486,638,1.00
487,638,1.00
488,638,1.00
489,638,1.00
489,639,1.00
489,640,1.00
489,641,1.00
489,642,0.81
489,643,0.60
489,644,0.60
489,645,0.30
489,646,0.30
481,634,0.30
482,634,0.60
483,634,1.00
484,634,1.00
485,634,1.00
486,634,1.00
487,634,1.00
488,634,1.00
489,634,1.00
490,634,1.00
491,634,1.00
481,635,0.30
482,635,0.60
483,635,1.00
484,635,1.00
485,635,1.00
486,635,1.00
487,635,1.00
488,635,1.00
489,635,1.00
490,635,1.00
491,635,1.00
490,636,1.00
491,636,1.00
490,637,1.00
491,637,1.00
490,638,1.00
491,638,1.00
490,639,1.00
491,639,0.90
490,640,0.85
491,640,0.60
490,641,0.75
491,641,0.60
490,642,0.30
491,642,0.30
490,643,0.30
491,643,0.30
490,644,0.30
491,644,0.30
482,631,0.30
483,631,0.60
484,631,0.90
485,631,1.00
486,631,1.00
487,631,1.00
488,631,1.00
489,631,1.00
490,631,1.00
491,631,1.00
492,631,1.00
482,632,0.30
483,632,0.60
484,632,1.00
485,632,1.00
486,632,1.00
487,632,1.00
488,632,1.00
489,632,1.00
490,632,1.00
491,632,1.00
492,632,1.00
482,633,0.30
483,633,0.60
484,633,1.00
485,633,1.00
486,633,1.00
487,633,1.00
488,633,1.00
489,633,1.00
490,633,1.00
491,633,1.00
492,633,1.00
492,634,1.00
492,635,1.00
492,636,1.00
492,637,0.90
492,638,0.90
492,639,0.60
492,640,0.30
492,641,0.30
483,629,0.30
484,629,0.60
485,629,0.90
486,629,1.00
487,629,1.00
488,629,1.00
489,629,1.00
490,629,1.00
491,629,1.00
492,629,1.00
493,629,1.00
483,630,0.30
484,630,0.60
485,630,0.90
486,630,1.00
487,630,1.00
488,630,1.00
489,630,1.00
490,630,1.00
491,630,1.00
492,630,1.00
493,630,1.00
493,631,1.00
493,632,1.00
493,633,1.00
493,634,1.00
493,635,1.00
493,636,0.90
493,637,0.60
493,638,0.60
493,639,0.30
484,628,0.30
485,628,0.60
486,628,0.90
487,628,1.00
488,628,1.00
489,628,1.00
490,628,1.00
491,628,1.00
492,628,1.00
493,628,1.00
494,628,1.00
494,629,1.00
494,630,1.00
494,631,1.00
494,632,1.00
494,633,1.00
494,634,0.90
494,635,0.60
494,636,0.60
494,637,0.30
494,638,0.30
485,626,0.30
486,626,0.60
487,626,0.90
488,626,1.00
489,626,1.00
490,626,1.00
491,626,1.00
492,626,1.00
493,626,1.00
494,626,1.00
495,626,1.00
485,627,0.30
486,627,0.60
487,627,1.00
488,627,1.00
489,627,1.00
490,627,1.00
491,627,1.00
492,627,1.00
493,627,1.00
494,627,1.00
495,627,1.00
495,628,1.00
495,629,1.00
495,630,1.00
495,631,1.00
495,632,1.00
495,633,0.90
495,634,0.60
495,635,0.30
495,636,0.30
486,624,0.30
487,624,0.60
488,624,1.00
489,624,1.00
490,624,1.00
491,624,1.00
492,624,1.00
493,624,1.00
494,624,1.00
495,624,1.00
496,624,1.00
486,625,0.30
487,625,0.60
488,625,1.00
489,625,1.00
490,625,1.00
491,625,1.00
492,625,1.00
493,625,1.00
494,625,1.00
495,625,1.00
496,625,1.00
496,626,1.00
496,627,1.00
496,628,1.00
496,629,1.00
496,630,1.00
496,631,1.00
496,632,0.90
496,633,0.60
496,634,0.30
487,623,0.30
488,623,0.90
489,623,1.00
490,623,1.00
491,623,1.00
492,623,1.00
493,623,1.00
494,623,1.00
495,623,1.00
496,623,1.00
497,623,1.00
497,624,1.00
497,625,1.00
497,626,1.00
497,627,1.00
497,628,1.00
497,629,1.00
497,630,0.90
497,631,0.90
497,632,0.60
497,633,0.30
488,622,0.60
489,622,1.00
490,622,1.00
491,622,1.00
492,622,1.00
493,622,1.00
494,622,1.00
495,622,1.00
496,622,1.00
497,622,1.00
498,622,1.00
498,623,1.00
498,624,1.00
498,625,1.00
498,626,1.00
498,627,1.00
498,628,1.00
498,629,0.90
498,630,0.60
498,631,0.60
498,632,0.30
488,621,0.30
489,621,0.90
490,621,1.00
491,621,1.00
492,621,1.00
493,621,1.00
494,621,1.00
495,621,1.00
496,621,1.00
497,621,1.00
498,621,1.00
489,619,0.60
490,619,0.90
491,619,1.00
492,619,1.00
493,619,1.00
494,619,1.00
495,619,1.00
496,619,1.00
497,619,1.00
498,619,1.00
499,619,1.00
489,620,0.60
490,620,0.90
491,620,1.00
492,620,1.00
493,620,1.00
494,620,1.00
495,620,1.00
496,620,1.00
497,620,1.00
498,620,1.00
499,620,1.00
499,621,1.00
499,622,1.00
499,623,1.00
499,624,1.00
499,625,1.00
499,626,0.90
499,627,0.90
499,628,0.60
499,629,0.30
489,618,0.30
490,618,0.60
491,618,0.90
492,618,1.00
493,618,1.00
494,618,1.00
495,618,1.00
496,618,1.00
497,618,1.00
498,618,1.00
499,618,1.00
490,617,0.30
491,617,0.60
492,617,0.90
493,617,1.00
494,617,1.00
495,617,1.00
496,617,1.00
497,617,1.00
498,617,1.00
499,617,1.00
500,617,1.00
500,618,1.00
500,619,1.00
500,620,1.00
500,621,1.00
500,622,1.00
500,623,0.90
500,624,0.90
500,625,0.60
500,626,0.30
500,627,0.30
491,615,0.30
492,615,0.60
493,615,0.90
494,615,1.00
495,615,1.00
496,615,1.00
497,615,1.00
498,615,1.00
499,615,1.00
500,615,1.00
501,615,1.00
491,616,0.30
492,616,0.60
493,616,0.90
494,616,1.00
495,616,1.00
496,616,1.00
497,616,1.00
498,616,1.00
499,616,1.00
500,616,1.00
501,616,1.00
501,617,1.00
501,618,1.00
501,619,1.00
501,620,1.00
501,621,1.00
501,622,0.90
501,623,0.60
501,624,0.60
501,625,0.30
492,614,0.30
493,614,0.60
494,614,0.90
495,614,1.00
496,614,1.00
497,614,1.00
498,614,1.00
499,614,1.00
500,614,1.00
501,614,1.00
502,614,1.00
502,615,1.00
502,616,1.00
502,617,1.00
502,618,1.00
502,619,1.00
502,620,0.90
502,621,0.60
502,622,0.60
502,623,0.30
502,624,0.30
493,612,0.30
494,612,0.60
495,612,0.90
496,612,1.00
497,612,1.00
498,612,1.00
499,612,1.00
500,612,1.00
501,612,1.00
502,612,1.00
503,612,1.00
493,613,0.30
494,613,0.60
495,613,1.00
496,613,1.00
497,613,1.00
498,613,1.00
499,613,1.00
500,613,1.00
501,613,1.00
502,613,1.00
503,613,1.00
503,614,1.00
503,615,1.00
503,616,1.00
503,617,1.00
503,618,1.00
503,619,0.90
503,620,0.60
503,621,0.30
503,622,0.30
494,610,0.30
495,610,0.60
496,610,0.90
497,610,1.00
498,610,1.00
499,610,1.00
500,610,1.00
501,610,1.00
502,610,1.00
503,610,1.00
504,610,1.00
494,611,0.30
495,611,0.60
496,611,0.90
497,611,1.00
498,611,1.00
499,611,1.00
500,611,1.00
501,611,1.00
502,611,1.00
503,611,1.00
504,611,1.00
504,612,1.00
504,613,1.00
504,614,1.00
504,615,1.00
504,616,1.00
504,617,0.90
504,618,0.90
504,619,0.60
504,620,0.30
495,609,0.30
496,609,0.60
497,609,0.90
498,609,1.00
499,609,1.00
500,609,1.00
501,609,1.00
502,609,1.00
503,609,1.00
504,609,1.00
505,609,1.00
505,610,1.00
505,611,1.00
505,612,1.00
505,613,1.00
505,614,1.00
505,615,1.00
505,616,0.90
505,617,0.60
505,618,0.60
505,619,0.30
496,608,0.30
497,608,0.60
498,608,0.90
499,608,1.00
500,608,1.00
501,608,1.00
502,608,1.00
503,608,1.00
504,608,1.00
505,608,1.00
506,608,1.00
506,609,1.00
506,610,1.00
506,611,1.00
506,612,1.00
506,613,1.00
506,614,0.90
506,615,0.60
506,616,0.60
506,617,0.30
506,618,0.30
497,606,0.30
498,606,0.60
499,606,0.90
500,606,1.00
501,606,1.00
502,606,1.00
503,606,1.00
504,606,1.00
505,606,1.00
506,606,1.00
507,606,1.00
497,607,0.30
498,607,0.60
499,607,1.00
500,607,1.00
501,607,1.00
502,607,1.00
503,607,1.00
504,607,1.00
505,607,1.00
506,607,1.00
507,607,1.00
507,608,1.00
507,609,1.00
507,610,1.00
507,611,1.00
507,612,0.90
507,613,0.60
507,614,0.60
507,615,0.30
507,616,0.30
498,604,0.30
499,604,0.60
500,604,0.90
501,604,1.00
502,604,1.00
503,604,1.00
504,604,1.00
505,604,1.00
506,604,1.00
507,604,1.00
508,604,1.00
498,605,0.30
499,605,0.60
500,605,1.00
501,605,1.00
502,605,1.00
503,605,1.00
504,605,1.00
505,605,1.00
506,605,1.00
507,605,1.00
508,605,1.00
508,606,1.00
508,607,1.00
508,608,1.00
508,609,1.00
508,610,0.90
508,611,0.60
508,612,0.60
508,613,0.30
508,614,0.30
499,602,0.30
500,602,0.60
501,602,0.60
502,602,1.00
503,602,1.00
504,602,1.00
505,602,1.00
506,602,1.00
507,602,1.00
508,602,1.00
509,602,1.00
499,603,0.30
500,603,0.60
501,603,0.75
502,603,1.00
503,603,1.00
504,603,1.00
505,603,1.00
506,603,1.00
507,603,1.00
508,603,1.00
509,603,1.00
509,604,1.00
509,605,1.00
509,606,1.00
509,607,1.00
509,608,0.90
509,609,0.60
509,610,0.60
509,611,0.30
509,612,0.30
500,600,0.30
501,600,0.30
502,600,0.60
503,600,0.90
504,600,1.00
505,600,1.00
506,600,1.00
507,600,1.00
508,600,1.00
509,600,1.00
510,600,1.00
500,601,0.30
501,601,0.30
502,601,0.60
503,601,1.00
504,601,1.00
505,601,1.00
506,601,1.00
507,601,1.00
508,601,1.00
509,601,1.00
510,601,1.00
510,602,1.00
510,603,1.00
510,604,1.00
510,605,1.00
510,606,0.81
510,607,0.60
510,608,0.60
510,609,0.30
510,610,0.30
502,598,0.30
503,598,0.60
504,598,0.75
505,598,1.00
506,598,1.00
507,598,1.00
508,598,1.00
509,598,1.00
510,598,1.00
511,598,1.00
512,598,1.00
502,599,0.30
503,599,0.60
504,599,0.85
505,599,1.00
506,599,1.00
507,599,1.00
508,599,1.00
509,599,1.00
510,599,1.00
511,599,1.00
512,599,1.00
511,600,1.00
512,600,1.00
511,601,1.00
512,601,1.00
511,602,1.00
512,602,1.00
511,603,1.00
512,603,0.60
511,604,0.85
512,604,0.60
511,605,0.75
512,605,0.60
511,606,0.30
512,606,0.30
511,607,0.30
512,607,0.30
511,608,0.30
512,608,0.30
503,595,0.30
504,595,0.30
505,595,0.60
506,595,0.75
507,595,1.00
508,595,1.00
509,595,1.00
510,595,1.00
511,595,1.00
512,595,1.00
513,595,1.00
503,596,0.30
504,596,0.30
505,596,0.60
506,596,0.99
507,596,1.00
508,596,1.00
509,596,1.00
510,596,1.00
511,596,1.00
512,596,1.00
513,596,1.00
503,597,0.30
504,597,0.30
505,597,0.81
506,597,1.00
507,597,1.00
508,597,1.00
509,597,1.00
510,597,1.00
511,597,1.00
512,597,1.00
513,597,1.00
513,598,1.00
513,599,1.00
513,600,0.81
513,601,0.60
513,602,0.60
513,603,0.30
513,604,0.30
513,605,0.30
505,592,0.30
506,592,0.30
507,592,0.60
508,592,0.75
509,592,1.00
510,592,1.00
511,592,1.00
512,592,1.00
513,592,1.00
514,592,1.00
515,592,1.00
505,593,0.30
506,593,0.30
507,593,0.60
508,593,0.99
509,593,1.00
510,593,1.00
511,593,1.00
512,593,1.00
513,593,1.00
514,593,1.00
515,593,1.00
505,594,0.30
506,594,0.30
507,594,0.81
508,594,1.00
509,594,1.00
510,594,1.00
511,594,1.00
512,594,1.00
513,594,1.00
514,594,1.00
515,594,1.00
514,595,1.00
515,595,1.00
514,596,1.00
515,596,1.00
514,597,1.00
515,597,0.81
514,598,0.99
515,598,0.60
514,599,0.75
515,599,0.60
514,600,0.30
515,600,0.30
514,601,0.30
515,601,0.30
514,602,0.30
515,602,0.30
507,589,0.30
508,589,0.30
509,589,0.60
510,589,0.75
511,589,1.00
512,589,1.00
513,589,1.00
514,589,1.00
515,589,1.00
516,589,1.00
517,589,1.00
507,590,0.30
508,590,0.30
509,590,0.60
510,590,0.99
511,590,1.00
512,590,1.00
513,590,1.00
514,590,1.00
515,590,1.00
516,590,1.00
517,590,1.00
507,591,0.30
508,591,0.30
509,591,0.81
510,591,1.00
511,591,1.00
512,591,1.00
513,591,1.00
514,591,1.00
515,591,1.00
516,591,1.00
517,591,1.00
516,592,1.00
517,592,1.00
516,593,1.00
517,593,1.00
516,594,1.00
517,594,0.81
516,595,0.99
517,595,0.60
516,596,0.75
517,596,0.60
516,597,0.30
517,597,0.30
516,598,0.30
517,598,0.30
516,599,0.30
517,599,0.30
509,586,0.30
510,586,0.30
511,586,0.60
512,586,0.75
513,586,1.00
514,586,1.00
515,586,1.00
516,586,1.00
517,586,1.00
518,586,1.00
519,586,1.00
509,587,0.30
510,587,0.30
511,587,0.60
512,587,0.99
513,587,1.00
514,587,1.00
515,587,1.00
516,587,1.00
517,587,1.00
518,587,1.00
519,587,1.00
509,588,0.30
510,588,0.30
511,588,0.81
512,588,1.00
513,588,1.00
514,588,1.00
515,588,1.00
516,588,1.00
517,588,1.00
518,588,1.00
519,588,1.00
518,589,1.00
519,589,1.00
518,590,1.00
519,590,0.99
518,591,1.00
519,591,0.81
518,592,0.99
519,592,0.60
518,593,0.75
519,593,0.60
518,594,0.30
519,594,0.30
518,595,0.30
519,595,0.30
518,596,0.30
519,596,0.30
511,583,0.30
512,583,0.30
513,583,0.60
514,583,0.85
515,583,1.00
516,583,1.00
517,583,1.00
518,583,1.00
519,583,1.00
520,583,1.00
521,583,1.00
511,584,0.30
512,584,0.30
513,584,0.60
514,584,1.00
515,584,1.00
516,584,1.00
517,584,1.00
518,584,1.00
519,584,1.00
520,584,1.00
521,584,1.00
511,585,0.30
512,585,0.30
513,585,0.81
514,585,1.00
515,585,1.00
516,585,1.00
517,585,1.00
518,585,1.00
519,585,1.00
520,585,1.00
521,585,1.00
520,586,1.00
521,586,0.99
520,587,1.00
521,587,0.81
520,588,1.00
521,588,0.60
520,589,0.85
521,589,0.60
520,590,0.45
521,590,0.30
520,591,0.30
521,591,0.30
520,592,0.30
521,592,0.30
520,593,0.30
521,593,0.30
513,579,0.30
514,579,0.30
515,579,0.60
516,579,0.85
517,579,1.00
518,579,1.00
519,579,1.00
520,579,1.00
521,579,1.00
522,579,1.00
523,579,1.00
513,580,0.30
514,580,0.30
515,580,0.60
516,580,1.00
517,580,1.00
518,580,1.00
519,580,1.00
520,580,1.00
521,580,1.00
522,580,1.00
523,580,1.00
513,581,0.30
514,581,0.30
515,581,0.81
516,581,1.00
517,581,1.00
518,581,1.00
519,581,1.00
520,581,1.00
521,581,1.00
522,581,1.00
523,581,1.00
513,582,0.30
514,582,0.45
515,582,0.99
516,582,1.00
517,582,1.00
518,582,1.00
519,582,1.00
520,582,1.00
521,582,1.00
522,582,1.00
523,582,1.00
522,583,1.00
523,583,0.81
522,584,1.00
523,584,0.60
522,585,0.85
523,585,0.60
522,586,0.45
523,586,0.30
522,587,0.30
523,587,0.30
522,588,0.30
523,588,0.30
522,589,0.30
523,589,0.30
515,575,0.30
516,575,0.30
517,575,0.30
518,575,0.60
519,575,0.75
520,575,1.00
521,575,1.00
522,575,1.00
523,575,1.00
524,575,1.00
525,575,1.00
515,576,0.30
516,576,0.30
517,576,0.30
518,576,0.75
519,576,1.00
520,576,1.00
521,576,1.00
522,576,1.00
523,576,1.00
524,576,1.00
525,576,1.00
515,577,0.30
516,577,0.30
517,577,0.51
518,577,0.99
519,577,1.00
520,577,1.00
521,577,1.00
522,577,1.00
523,577,1.00
524,577,1.00
525,577,1.00
515,578,0.30
516,578,0.45
517,578,0.69
518,578,1.00
519,578,1.00
520,578,1.00
521,578,1.00
522,578,1.00
523,578,1.00
524,578,1.00
525,578,1.00
524,579,1.00
525,579,1.00
524,580,1.00
525,580,0.99
524,581,1.00
525,581,0.75
524,582,0.75
525,582,0.60
524,583,0.30
525,583,0.30
524,584,0.30
525,584,0.30
524,585,0.30
525,585,0.30
518,572,0.30
519,572,0.30
520,572,0.60
521,572,0.85
522,572,1.00
523,572,1.00
524,572,1.00
525,572,1.00
526,572,1.00
527,572,1.00
528,572,1.00
518,573,0.30
519,573,0.30
520,573,0.60
521,573,1.00
522,573,1.00
523,573,1.00
524,573,1.00
525,573,1.00
526,573,1.00
527,573,1.00
528,573,1.00
518,574,0.30
519,574,0.30
520,574,0.81
521,574,1.00
522,574,1.00
523,574,1.00
524,574,1.00
525,574,1.00
526,574,1.00
527,574,1.00
528,574,1.00
526,575,1.00
527,575,1.00
528,575,1.00
526,576,1.00
527,576,1.00
528,576,0.81
526,577,1.00
527,577,1.00
528,577,0.60
526,578,1.00
527,578,0.85
528,578,0.60
526,579,0.69
527,579,0.45
528,579,0.30
526,580,0.51
527,580,0.30
528,580,0.30
526,581,0.30
527,581,0.30
528,581,0.30
526,582,0.30
527,582,0.30
528,582,0.30
520,568,0.30
521,568,0.30
522,568,0.60
523,568,1.00
524,568,1.00
525,568,1.00
526,568,1.00
527,568,1.00
528,568,1.00
529,568,1.00
530,568,1.00
520,569,0.30
521,569,0.30
522,569,0.60
523,569,1.00
524,569,1.00
525,569,1.00
526,569,1.00
527,569,1.00
528,569,1.00
529,569,1.00
530,569,1.00
520,570,0.30
521,570,0.30
522,570,0.81
523,570,1.00
524,570,1.00
525,570,1.00
526,570,1.00
527,570,1.00
528,570,1.00
529,570,1.00
530,570,1.00
520,571,0.30
521,571,0.45
522,571,0.99
523,571,1.00
524,571,1.00
525,571,1.00
526,571,1.00
527,571,1.00
528,571,1.00
529,571,1.00
530,571,1.00
529,572,1.00
530,572,1.00
529,573,1.00
530,573,0.81
529,574,0.99
530,574,0.60
529,575,0.75
530,575,0.60
529,576,0.30
530,576,0.30
529,577,0.30
530,577,0.30
529,578,0.30
530,578,0.30
522,565,0.30
523,565,0.60
524,565,0.75
525,565,1.00
526,565,1.00
527,565,1.00
528,565,1.00
529,565,1.00
530,565,1.00
531,565,1.00
532,565,1.00
522,566,0.30
523,566,0.60
524,566,0.85
525,566,1.00
526,566,1.00
527,566,1.00
528,566,1.00
529,566,1.00
530,566,1.00
531,566,1.00
532,566,1.00
522,567,0.30
523,567,0.60
524,567,1.00
525,567,1.00
526,567,1.00
527,567,1.00
528,567,1.00
529,567,1.00
530,567,1.00
531,567,1.00
532,567,1.00
531,568,1.00
532,568,1.00
531,569,1.00
532,569,1.00
531,570,1.00
532,570,0.90
531,571,0.85
532,571,0.60
531,572,0.75
532,572,0.60
531,573,0.30
532,573,0.30
531,574,0.30
532,574,0.30
531,575,0.30
532,575,0.30
523,562,0.30
524,562,0.30
525,562,0.60
526,562,0.90
527,562,1.00
528,562,1.00
529,562,1.00
530,562,1.00
531,562,1.00
532,562,1.00
533,562,1.00
523,563,0.30
524,563,0.30
525,563,0.60
526,563,1.00
527,563,1.00
528,563,1.00
529,563,1.00
530,563,1.00
531,563,1.00
532,563,1.00
533,563,1.00
523,564,0.30
524,564,0.30
525,564,0.81
526,564,1.00
527,564,1.00
528,564,1.00
529,564,1.00
530,564,1.00
531,564,1.00
532,564,1.00
533,564,1.00
533,565,1.00
533,566,1.00
533,567,1.00
533,568,1.00
533,569,0.60
533,570,0.60
533,571,0.30
533,572,0.30
525,560,0.30
526,560,0.60
527,560,0.90
528,560,1.00
529,560,1.00
530,560,1.00
531,560,1.00
532,560,1.00
533,560,1.00
534,560,1.00
535,560,1.00
525,561,0.30
526,561,0.60
527,561,1.00
528,561,1.00
529,561,1.00
530,561,1.00
531,561,1.00
532,561,1.00
533,561,1.00
534,561,1.00
535,561,1.00
534,562,1.00
535,562,1.00
534,563,1.00
535,563,1.00
534,564,1.00
535,564,1.00
534,565,1.00
535,565,1.00
534,566,1.00
535,566,0.90
534,567,0.75
535,567,0.60
534,568,0.60
535,568,0.60
534,569,0.30
535,569,0.30
534,570,0.30
535,570,0.30
526,558,0.30
527,558,0.60
528,558,0.90
529,558,1.00
530,558,1.00
531,558,1.00
532,558,1.00
533,558,1.00
534,558,1.00
535,558,1.00
536,558,1.00
526,559,0.30
527,559,0.60
528,559,1.00
529,559,1.00
530,559,1.00
531,559,1.00
532,559,1.00
533,559,1.00
534,559,1.00
535,559,1.00
536,559,1.00
536,560,1.00
536,561,1.00
536,562,1.00
536,563,1.00
536,564,0.90
536,565,0.90
536,566,0.60
536,567,0.30
536,568,0.30
527,556,0.30
528,556,0.60
529,556,0.90
530,556,1.00
531,556,1.00
532,556,1.00
533,556,1.00
534,556,1.00
535,556,1.00
536,556,1.00
537,556,1.00
527,557,0.30
528,557,0.60
529,557,0.90
530,557,1.00
531,557,1.00
532,557,1.00
533,557,1.00
534,557,1.00
535,557,1.00
536,557,1.00
537,557,1.00
537,558,1.00
537,559,1.00
537,560,1.00
537,561,1.00
537,562,1.00
537,563,0.90
537,564,0.60
537,565,0.60
537,566,0.30
528,555,0.30
529,555,0.60
530,555,0.90
531,555,1.00
532,555,1.00
533,555,1.00
534,555,1.00
535,555,1.00
536,555,1.00
537,555,1.00
538,555,1.00
538,556,1.00
538,557,1.00
538,558,1.00
538,559,1.00
538,560,1.00
538,561,0.90
538,562,0.60
538,563,0.60
538,564,0.30
538,565,0.30
529,553,0.30
530,553,0.60
531,553,0.90
532,553,1.00
533,553,1.00
534,553,1.00
535,553,1.00
536,553,1.00
537,553,1.00
538,553,1.00
539,553,1.00
529,554,0.30
530,554,0.60
531,554,1.00
532,554,1.00
533,554,1.00
534,554,1.00
535,554,1.00
536,554,1.00
537,554,1.00
538,554,1.00
539,554,1.00
539,555,1.00
539,556,1.00
539,557,1.00
539,558,1.00
539,559,0.60
539,560,0.60
539,561,0.60
539,562,0.30
539,563,0.30
530,551,0.30
531,551,0.60
532,551,1.00
533,551,1.00
534,551,1.00
535,551,1.00
536,551,1.00
537,551,1.00
538,551,1.00
539,551,1.00
540,551,1.00
530,552,0.30
531,552,0.60
532,552,1.00
533,552,1.00
534,552,1.00
535,552,1.00
536,552,1.00
537,552,1.00
538,552,1.00
539,552,1.00
540,552,1.00
540,553,1.00
540,554,1.00
540,555,1.00
540,556,0.90
540,557,0.60
540,558,0.60
540,559,0.30
540,560,0.30
540,561,0.30
531,548,0.30
532,548,0.60
533,548,0.90
534,548,1.00
535,548,1.00
536,548,1.00
537,548,1.00
538,548,1.00
539,548,1.00
540,548,1.00
541,548,1.00
531,549,0.30
532,549,0.60
533,549,1.00
534,549,1.00
535,549,1.00
536,549,1.00
537,549,1.00
538,549,1.00
539,549,1.00
540,549,1.00
541,549,1.00
531,550,0.30
532,550,0.60
533,550,1.00
534,550,1.00
535,550,1.00
536,550,1.00
537,550,1.00
538,550,1.00
539,550,1.00
540,550,1.00
541,550,1.00
541,551,1.00
541,552,1.00
541,553,1.00
541,554,0.60
541,555,0.60
541,556,0.60
541,557,0.30
541,558,0.30
532,546,0.30
533,546,0.60
534,546,1.00
535,546,1.00
536,546,1.00
537,546,1.00
538,546,1.00
539,546,1.00
540,546,1.00
541,546,1.00
542,546,1.00
532,547,0.30
533,547,0.60
534,547,1.00
535,547,1.00
536,547,1.00
537,547,1.00
538,547,1.00
539,547,1.00
540,547,1.00
541,547,1.00
542,547,1.00
542,548,1.00
542,549,1.00
542,550,1.00
542,551,0.90
542,552,0.60
542,553,0.60
542,554,0.30
542,555,0.30
542,556,0.30
533,543,0.30
534,543,0.60
535,543,0.90
536,543,1.00
537,543,1.00
538,543,1.00
539,543,1.00
540,543,1.00
541,543,1.00
542,543,1.00
543,543,1.00
533,544,0.30
534,544,0.60
535,544,1.00
536,544,1.00
537,544,1.00
538,544,1.00
539,544,1.00
540,544,1.00
541,544,1.00
542,544,1.00
543,544,1.00
533,545,0.30
534,545,0.60
535,545,1.00
536,545,1.00
537,545,1.00
538,545,1.00
539,545,1.00
540,545,1.00
541,545,1.00
542,545,1.00
543,545,1.00
543,546,1.00
543,547,1.00
543,548,1.00
543,549,0.90
543,550,0.90
543,551,0.60
543,552,0.30
543,553,0.30
534,541,0.30
535,541,0.60
536,541,1.00
537,541,1.00
538,541,1.00
539,541,1.00
540,541,1.00
541,541,1.00
542,541,1.00
543,541,1.00
544,541,1.00
534,542,0.30
535,542,0.60
536,542,1.00
537,542,1.00
538,542,1.00
539,542,1.00
540,542,1.00
541,542,1.00
542,542,1.00
543,542,1.00
544,542,1.00
544,543,1.00
544,544,1.00
544,545,1.00
544,546,1.00
544,547,1.00
544,548,0.90
544,549,0.60
544,550,0.60
544,551,0.30
535,540,0.30
536,540,0.90
537,540,1.00
538,540,1.00
539,540,1.00
540,540,1.00
541,540,1.00
542,540,1.00
543,540,1.00
544,540,1.00
545,540,1.00
545,541,1.00
545,542,1.00
545,543,1.00
545,544,1.00
545,545,1.00
545,546,0.90
545,547,0.60
545,548,0.60
545,549,0.30
545,550,0.30
536,538,0.60
537,538,1.00
538,538,1.00
539,538,1.00
540,538,1.00
541,538,1.00
542,538,1.00
543,538,1.00
544,538,1.00
545,538,1.00
546,538,1.00
536,539,0.60
537,539,1.00
538,539,1.00
539,539,1.00
540,539,1.00
541,539,1.00
542,539,1.00
543,539,1.00
544,539,1.00
545,539,1.00
546,539,1.00
546,540,1.00
546,541,1.00
546,542,1.00
546,543,1.00
546,544,1.00
546,545,0.90
546,546,0.60
546,547,0.30
546,548,0.30
536,536,0.30
537,536,0.90
538,536,1.00
539,536,1.00
540,536,1.00
541,536,1.00
542,536,1.00
543,536,1.00
544,536,1.00
545,536,1.00
546,536,1.00
536,537,0.30
537,537,0.90
538,537,1.00
539,537,1.00
540,537,1.00
541,537,1.00
542,537,1.00
543,537,1.00
544,537,1.00
545,537,1.00
546,537,1.00
537,535,0.60
538,535,1.00
539,535,1.00
540,535,1.00
541,535,1.00
542,535,1.00
543,535,1.00
544,535,1.00
545,535,1.00
546,535,1.00
547,535,1.00
547,536,1.00
547,537,1.00
547,538,1.00
547,539,1.00
547,540,1.00
547,541,1.00
547,542,1.00
547,543,0.90
547,544,0.60
547,545,0.30
537,534,0.30
538,534,0.90
539,534,1.00
540,534,1.00
541,534,1.00
542,534,1.00
543,534,1.00
544,534,1.00
545,534,1.00
546,534,1.00
547,534,1.00
538,533,0.60
539,533,1.00
540,533,1.00
541,533,1.00
542,533,1.00
543,533,1.00
544,533,1.00
545,533,1.00
546,533,1.00
547,533,1.00
548,533,1.00
548,534,1.00
548,535,1.00
548,536,1.00
548,537,1.00
548,538,1.00
548,539,1.00
548,540,0.90
548,541,0.60
548,542,0.60
548,543,0.30
538,532,0.30
539,532,0.90
540,532,1.00
541,532,1.00
542,532,1.00
543,532,1.00
544,532,1.00
545,532,1.00
546,532,1.00
547,532,1.00
548,532,1.00
539,530,0.60
540,530,1.00
541,530,1.00
542,530,1.00
543,530,1.00
544,530,1.00
545,530,1.00
546,530,1.00
547,530,1.00
548,530,1.00
549,530,1.00
539,531,0.60
540,531,1.00
541,531,1.00
542,531,1.00
543,531,1.00
544,531,1.00
545,531,1.00
546,531,1.00
547,531,1.00
548,531,1.00
549,531,1.00
549,532,1.00
549,533,1.00
549,534,1.00
549,535,1.00
549,536,1.00
549,537,1.00
549,538,1.00
549,539,0.60
549,540,0.30
539,529,0.30
540,529,1.00
541,529,1.00
542,529,1.00
543,529,1.00
544,529,1.00
545,529,1.00
546,529,1.00
547,529,1.00
548,529,1.00
549,529,1.00
540,528,1.00
541,528,1.00
542,528,1.00
543,528,1.00
544,528,1.00
545,528,1.00
546,528,1.00
547,528,1.00
548,528,1.00
549,528,1.00
550,528,1.00
550,529,1.00
550,530,1.00
550,531,1.00
550,532,1.00
550,533,1.00
550,534,1.00
550,535,1.00
550,536,1.00
550,537,1.00
550,538,0.60
540,527,0.60
541,527,0.60
542,527,0.60
543,527,0.60
544,527,0.60
545,527,0.60
546,527,0.60
547,527,0.60
548,527,0.60
549,527,0.60
550,527,0.60

544,526,0.90
545,526,1.00
546,526,1.00
547,526,1.00
548,526,1.00
549,526,1.00
550,526,1.00
551,526,1.00
552,526,1.00
553,526,1.00
554,526,1.00
544,527,0.90
545,527,1.00
546,527,1.00
547,527,1.00
548,527,1.00
549,527,1.00
550,527,1.00
551,527,1.00
552,527,1.00
553,527,1.00
554,527,1.00
544,528,0.90
545,528,1.00
546,528,1.00
547,528,1.00
548,528,1.00
549,528,1.00
550,528,1.00
551,528,1.00
552,528,1.00
553,528,1.00
554,528,1.00
544,529,0.90
545,529,1.00
546,529,1.00
547,529,1.00
548,529,1.00
549,529,1.00
550,529,1.00
551,529,1.00
552,529,1.00
553,529,1.00
554,529,1.00
544,530,0.90
545,530,1.00
546,530,1.00
547,530,1.00
548,530,1.00
549,530,1.00
550,530,1.00
551,530,1.00
552,530,1.00
553,530,1.00
554,530,1.00
544,531,0.90
545,531,1.00
546,531,1.00
547,531,1.00
548,531,1.00
549,531,1.00
550,531,1.00
551,531,1.00
552,531,1.00
553,531,1.00
554,531,1.00
544,532,0.90
545,532,1.00
546,532,1.00
547,532,1.00
548,532,1.00
549,532,1.00
550,532,1.00
551,532,1.00
552,532,1.00
553,532,1.00
554,532,1.00
544,533,0.90
545,533,1.00
546,533,1.00
547,533,1.00
548,533,1.00
549,533,1.00
550,533,1.00
551,533,1.00
552,533,1.00
553,533,1.00
554,533,1.00
544,534,0.90
545,534,1.00
546,534,1.00
547,534,1.00
548,534,1.00
549,534,1.00
550,534,1.00
551,534,1.00
552,534,1.00
553,534,1.00
554,534,1.00
544,535,0.90
545,535,1.00
546,535,1.00
547,535,1.00
548,535,1.00
549,535,1.00
550,535,1.00
551,535,1.00
552,535,1.00
553,535,1.00
554,535,1.00
544,536,0.90
545,536,1.00
546,536,1.00
547,536,1.00
548,536,1.00
549,536,1.00
550,536,1.00
551,536,1.00
552,536,1.00
553,536,1.00
554,536,1.00
555,526,1.00
555,527,1.00
555,528,1.00
555,529,1.00
555,530,1.00
555,531,1.00
555,532,1.00
555,533,1.00
555,534,1.00
555,535,1.00
555,536,0.90
546,525,0.60
547,525,1.00
548,525,1.00
549,525,1.00
550,525,1.00
551,525,1.00
552,525,1.00
553,525,1.00
554,525,1.00
555,525,1.00
556,525,1.00
556,526,1.00
556,527,1.00
556,528,1.00
556,529,1.00
556,530,1.00
556,531,1.00
556,532,1.00
556,533,1.00
556,534,1.00
556,535,1.00
557,525,1.00
557,526,1.00
557,527,1.00
557,528,1.00
557,529,1.00
557,530,1.00
557,531,1.00
557,532,1.00
557,533,1.00
557,534,1.00
557,535,0.90
558,525,1.00
558,526,1.00
558,527,1.00
558,528,1.00
558,529,1.00
558,530,1.00
558,531,1.00
558,532,1.00
558,533,1.00
558,534,1.00
558,535,0.30
549,524,0.60
550,524,0.90
551,524,1.00
552,524,1.00
553,524,1.00
554,524,1.00
555,524,1.00
556,524,1.00
557,524,1.00
558,524,1.00
559,524,1.00
559,525,1.00
559,526,1.00
559,527,1.00
559,528,1.00
559,529,1.00
559,530,1.00
559,531,1.00
559,532,1.00
559,533,1.00
559,534,0.90
560,524,1.00
560,525,1.00
560,526,1.00
560,527,1.00
560,528,1.00
560,529,1.00
560,530,1.00
560,531,1.00
560,532,1.00
560,533,1.00
560,534,0.30
551,523,0.60
552,523,0.90
553,523,1.00
554,523,1.00
555,523,1.00
556,523,1.00
557,523,1.00
558,523,1.00
559,523,1.00
560,523,1.00
561,523,1.00
561,524,1.00
561,525,1.00
561,526,1.00
561,527,1.00
561,528,1.00
561,529,1.00
561,530,1.00
561,531,1.00
561,532,1.00
561,533,1.00
562,523,1.00
562,524,1.00
562,525,1.00
562,526,1.00
562,527,1.00
562,528,1.00
562,529,1.00
562,530,1.00
562,531,1.00
562,532,1.00
562,533,0.60
563,523,1.00
563,524,1.00
563,525,1.00
563,526,1.00
563,527,1.00
563,528,1.00
563,529,1.00
563,530,1.00
563,531,1.00
563,532,0.90
563,533,0.30
553,522,0.30
554,522,0.60
555,522,0.90
556,522,1.00
557,522,1.00
558,522,1.00
559,522,1.00
560,522,1.00
561,522,1.00
562,522,1.00
563,522,1.00
564,522,1.00
564,523,1.00
564,524,1.00
564,525,1.00
564,526,1.00
564,527,1.00
564,528,1.00
564,529,1.00
564,530,1.00
564,531,1.00
564,532,0.30
555,521,0.30
556,521,0.90
557,521,1.00
558,521,1.00
559,521,1.00
560,521,1.00
561,521,1.00
562,521,1.00
563,521,1.00
564,521,1.00
565,521,1.00
565,522,1.00
565,523,1.00
565,524,1.00
565,525,1.00
565,526,1.00
565,527,1.00
565,528,1.00
565,529,1.00
565,530,1.00
565,531,1.00
566,521,1.00
566,522,1.00
566,523,1.00
566,524,1.00
566,525,1.00
566,526,1.00
566,527,1.00
566,528,1.00
566,529,1.00
566,530,1.00
566,531,0.90
567,521,1.00
567,522,1.00
567,523,1.00
567,524,1.00
567,525,1.00
567,526,1.00
567,527,1.00
567,528,1.00
567,529,1.00
567,530,1.00
567,531,0.30
557,520,0.30
558,520,0.90
559,520,1.00
560,520,1.00
561,520,1.00
562,520,1.00
563,520,1.00
564,520,1.00
565,520,1.00
566,520,1.00
567,520,1.00
568,520,1.00
568,521,1.00
568,522,1.00
568,523,1.00
568,524,1.00
568,525,1.00
568,526,1.00
568,527,1.00
568,528,1.00
568,529,1.00
568,530,1.00
569,520,1.00
569,521,1.00
569,522,1.00
569,523,1.00
569,524,1.00
569,525,1.00
569,526,1.00
569,527,1.00
569,528,1.00
569,529,1.00
569,530,0.60
560,519,0.90
561,519,1.00
562,519,1.00
563,519,1.00
564,519,1.00
565,519,1.00
566,519,1.00
567,519,1.00
568,519,1.00
569,519,1.00
570,519,1.00
570,520,1.00
570,521,1.00
570,522,1.00
570,523,1.00
570,524,1.00
570,525,1.00
570,526,1.00
570,527,1.00
570,528,1.00
570,529,1.00
571,519,1.00
571,520,1.00
571,521,1.00
571,522,1.00
571,523,1.00
571,524,1.00
571,525,1.00
571,526,1.00
571,527,1.00
571,528,1.00
571,529,1.00
572,519,1.00
572,520,1.00
572,521,1.00
572,522,1.00
572,523,1.00
572,524,1.00
572,525,1.00
572,526,1.00
572,527,1.00
572,528,1.00
572,529,0.60
562,518,0.60
563,518,1.00
564,518,1.00
565,518,1.00
566,518,1.00
567,518,1.00
568,518,1.00
569,518,1.00
570,518,1.00
571,518,1.00
572,518,1.00
573,518,1.00
573,519,1.00
573,520,1.00
573,521,1.00
573,522,1.00
573,523,1.00
573,524,1.00
573,525,1.00
573,526,1.00
573,527,1.00
573,528,1.00
574,518,1.00
574,519,1.00
574,520,1.00
574,521,1.00
574,522,1.00
574,523,1.00
574,524,1.00
574,525,1.00
574,526,1.00
574,527,1.00
574,528,1.00
575,518,1.00
575,519,1.00
575,520,1.00
575,521,1.00
575,522,1.00
575,523,1.00
575,524,1.00
575,525,1.00
575,526,1.00
575,527,1.00
575,528,0.30
565,517,0.60
566,517,1.00
567,517,1.00
568,517,1.00
569,517,1.00
570,517,1.00
571,517,1.00
572,517,1.00
573,517,1.00
574,517,1.00
575,517,1.00
576,517,1.00
576,518,1.00
576,519,1.00
576,520,1.00
576,521,1.00
576,522,1.00
576,523,1.00
576,524,1.00
576,525,1.00
576,526,1.00
576,527,0.60
566,516,0.30
567,516,1.00
568,516,1.00
569,516,1.00
570,516,1.00
571,516,1.00
572,516,1.00
573,516,1.00
574,516,1.00
575,516,1.00
576,516,1.00
577,516,1.00
577,517,1.00
577,518,1.00
577,519,1.00
577,520,1.00
577,521,1.00
577,522,1.00
577,523,1.00
577,524,1.00
577,525,1.00
577,526,0.90
568,515,0.60
569,515,1.00
570,515,1.00
571,515,1.00
572,515,1.00
573,515,1.00
574,515,1.00
575,515,1.00
576,515,1.00
577,515,1.00
578,515,1.00
578,516,1.00
578,517,1.00
578,518,1.00
578,519,1.00
578,520,1.00
578,521,1.00
578,522,1.00
578,523,1.00
578,524,1.00
578,525,0.90
579,515,1.00
579,516,1.00
579,517,1.00
579,518,1.00
579,519,1.00
579,520,1.00
579,521,1.00
579,522,1.00
579,523,1.00
579,524,1.00
579,525,0.30
569,514,0.60
570,514,1.00
571,514,1.00
572,514,1.00
573,514,1.00
574,514,1.00
575,514,1.00
576,514,1.00
577,514,1.00
578,514,1.00
579,514,1.00
580,514,1.00
580,515,1.00
580,516,1.00
580,517,1.00
580,518,1.00
580,519,1.00
580,520,1.00
580,521,1.00
580,522,1.00
580,523,0.90
580,524,0.30
570,513,0.30
571,513,1.00
572,513,1.00
573,513,1.00
574,513,1.00
575,513,1.00
576,513,1.00
577,513,1.00
578,513,1.00
579,513,1.00
580,513,1.00
581,513,1.00
581,514,1.00
581,515,1.00
581,516,1.00
581,517,1.00
581,518,1.00
581,519,1.00
581,520,1.00
581,521,1.00
581,522,1.00
581,523,0.30
571,512,0.60
572,512,1.00
573,512,1.00
574,512,1.00
575,512,1.00
576,512,1.00
577,512,1.00
578,512,1.00
579,512,1.00
580,512,1.00
581,512,1.00
582,512,1.00
582,513,1.00
582,514,1.00
582,515,1.00
582,516,1.00
582,517,1.00
582,518,1.00
582,519,1.00
582,520,1.00
582,521,1.00
582,522,0.30
572,511,0.60
573,511,1.00
574,511,1.00
575,511,1.00
576,511,1.00
577,511,1.00
578,511,1.00
579,511,1.00
580,511,1.00
581,511,1.00
582,511,1.00
583,511,1.00
583,512,1.00
583,513,1.00
583,514,1.00
583,515,1.00
583,516,1.00
583,517,1.00
583,518,1.00
583,519,1.00
583,520,1.00
583,521,0.60
573,510,0.60
574,510,1.00
575,510,1.00
576,510,1.00
577,510,1.00
578,510,1.00
579,510,1.00
580,510,1.00
581,510,1.00
582,510,1.00
583,510,1.00
584,510,1.00
584,511,1.00
584,512,1.00
584,513,1.00
584,514,1.00
584,515,1.00
584,516,1.00
584,517,1.00
584,518,1.00
584,519,1.00
584,520,0.30
574,509,0.60
575,509,1.00
576,509,1.00
577,509,1.00
578,509,1.00
579,509,1.00
580,509,1.00
581,509,1.00
582,509,1.00
583,509,1.00
584,509,1.00
585,509,1.00
585,510,1.00
585,511,1.00
585,512,1.00
585,513,1.00
585,514,1.00
585,515,1.00
585,516,1.00
585,517,1.00
585,518,1.00
585,519,0.30
575,508,0.30
576,508,1.00
577,508,1.00
578,508,1.00
579,508,1.00
580,508,1.00
581,508,1.00
582,508,1.00
583,508,1.00
584,508,1.00
585,508,1.00
586,508,1.00
586,509,1.00
586,510,1.00
586,511,1.00
586,512,1.00
586,513,1.00
586,514,1.00
586,515,1.00
586,516,1.00
586,517,1.00
586,518,0.60
576,507,0.30
577,507,1.00
578,507,1.00
579,507,1.00
580,507,1.00
581,507,1.00
582,507,1.00
583,507,1.00
584,507,1.00
585,507,1.00
586,507,1.00
587,507,1.00
587,508,1.00
587,509,1.00
587,510,1.00
587,511,1.00
587,512,1.00
587,513,1.00
587,514,1.00
587,515,1.00
587,516,1.00
587,517,0.90
577,506,1.00
578,506,1.00
579,506,1.00
580,506,1.00
581,506,1.00
582,506,1.00
583,506,1.00
584,506,1.00
585,506,1.00
586,506,1.00
587,506,1.00
577,505,0.60
578,505,1.00
579,505,1.00
580,505,1.00
581,505,1.00
582,505,1.00
583,505,1.00
584,505,1.00
585,505,1.00
586,505,1.00
587,505,1.00
577,504,0.30
578,504,1.00
579,504,1.00
580,504,1.00
581,504,1.00
582,504,1.00
583,504,1.00
584,504,1.00
585,504,1.00
586,504,1.00
587,504,1.00
578,503,1.00
579,503,1.00
580,503,1.00
581,503,1.00
582,503,1.00
583,503,1.00
584,503,1.00
585,503,1.00
586,503,1.00
587,503,1.00
588,503,1.00
588,504,1.00
588,505,1.00
588,506,1.00
588,507,1.00
588,508,1.00
588,509,1.00
588,510,1.00
588,511,1.00
588,512,0.60
588,513,0.30
578,502,0.90
579,502,1.00
580,502,1.00
581,502,1.00
582,502,1.00
583,502,1.00
584,502,1.00
585,502,1.00
586,502,1.00
587,502,1.00
588,502,1.00
578,501,0.60
579,501,1.00
580,501,1.00
581,501,1.00
582,501,1.00
583,501,1.00
584,501,1.00
585,501,1.00
586,501,1.00
587,501,1.00
588,501,1.00
589,501,1.00
589,502,1.00
589,503,1.00
589,504,1.00
589,505,1.00
589,506,1.00
589,507,1.00
589,508,1.00
589,509,1.00
589,510,1.00
589,511,0.30
579,500,0.60
580,500,1.00
581,500,1.00
582,500,1.00
583,500,1.00
584,500,1.00
585,500,1.00
586,500,1.00
587,500,1.00
588,500,1.00
589,500,1.00
590,500,1.00
590,501,1.00
590,502,1.00
590,503,1.00
590,504,1.00
590,505,1.00
590,506,1.00
590,507,1.00
590,508,1.00
590,509,1.00
590,510,0.30
580,499,0.60
581,499,1.00
582,499,1.00
583,499,1.00
584,499,1.00
585,499,1.00
586,499,1.00
587,499,1.00
588,499,1.00
589,499,1.00
590,499,1.00
591,499,1.00
591,500,1.00
591,501,1.00
591,502,1.00
591,503,1.00
591,504,1.00
591,505,1.00
591,506,1.00
591,507,1.00
591,508,1.00
591,509,0.60
581,498,1.00
582,498,1.00
583,498,1.00
584,498,1.00
585,498,1.00
586,498,1.00
587,498,1.00
588,498,1.00
589,498,1.00
590,498,1.00
591,498,1.00
592,498,1.00
592,499,1.00
592,500,1.00
592,501,1.00
592,502,1.00
592,503,1.00
592,504,1.00
592,505,1.00
592,506,1.00
592,507,1.00
592,508,0.60
582,497,1.00
583,497,1.00
584,497,1.00
585,497,1.00
586,497,1.00
587,497,1.00
588,497,1.00
589,497,1.00
590,497,1.00
591,497,1.00
592,497,1.00
582,496,0.60
583,496,1.00
584,496,1.00
585,496,1.00
586,496,1.00
587,496,1.00
588,496,1.00
589,496,1.00
590,496,1.00
591,496,1.00
592,496,1.00
593,496,1.00
593,497,1.00
593,498,1.00
593,499,1.00
593,500,1.00
593,501,1.00
593,502,1.00
593,503,1.00
593,504,1.00
593,505,1.00
593,506,0.90
583,495,1.00
584,495,1.00
585,495,1.00
586,495,1.00
587,495,1.00
588,495,1.00
589,495,1.00
590,495,1.00
591,495,1.00
592,495,1.00
593,495,1.00
583,494,1.00
584,494,1.00
585,494,1.00
586,494,1.00
587,494,1.00
588,494,1.00
589,494,1.00
590,494,1.00
591,494,1.00
592,494,1.00
593,494,1.00
583,493,1.00
584,493,1.00
585,493,1.00
586,493,1.00
587,493,1.00
588,493,1.00
589,493,1.00
590,493,1.00
591,493,1.00
592,493,1.00
593,493,1.00
582,493,0.30
582,494,0.30
582,495,0.30
583,492,0.60
584,492,1.00
585,492,1.00
586,492,1.00
587,492,1.00
588,492,1.00
589,492,1.00
590,492,1.00
591,492,1.00
592,492,1.00
593,492,1.00
584,491,1.00
585,491,1.00
586,491,1.00
587,491,1.00
588,491,1.00
589,491,1.00
590,491,1.00
591,491,1.00
592,491,1.00
593,491,1.00
594,491,1.00
594,492,1.00
594,493,1.00
594,494,1.00
594,495,1.00
594,496,1.00
594,497,1.00
594,498,1.00
594,499,1.00
594,500,1.00
594,501,0.60
584,490,0.60
585,490,1.00
586,490,1.00
587,490,1.00
588,490,1.00
589,490,1.00
590,490,1.00
591,490,1.00
592,490,1.00
593,490,1.00
594,490,1.00
595,490,1.00
595,491,1.00
595,492,1.00
595,493,1.00
595,494,1.00
595,495,1.00
595,496,1.00
595,497,1.00
595,498,1.00
595,499,1.00
595,500,1.00
596,490,1.00
596,491,1.00
596,492,1.00
596,493,1.00
596,494,1.00
596,495,1.00
596,496,1.00
596,497,1.00
596,498,1.00
596,499,1.00
596,500,0.30
586,489,0.30
587,489,0.90
588,489,1.00
589,489,1.00
590,489,1.00
591,489,1.00
592,489,1.00
593,489,1.00
594,489,1.00
595,489,1.00
596,489,1.00
597,489,1.00
597,490,1.00
597,491,1.00
597,492,1.00
597,493,1.00
597,494,1.00
597,495,1.00
597,496,1.00
597,497,1.00
597,498,0.90
597,499,0.60
588,488,0.60
589,488,1.00
590,488,1.00
591,488,1.00
592,488,1.00
593,488,1.00
594,488,1.00
595,488,1.00
596,488,1.00
597,488,1.00
598,488,1.00
598,489,1.00
598,490,1.00
598,491,1.00
598,492,1.00
598,493,1.00
598,494,1.00
598,495,1.00
598,496,1.00
598,497,0.60
598,498,0.30
588,487,0.30
589,487,0.90
590,487,1.00
591,487,1.00
592,487,1.00
593,487,1.00
594,487,1.00
595,487,1.00
596,487,1.00
597,487,1.00
598,487,1.00
589,486,0.60
590,486,0.90
591,486,1.00
592,486,1.00
593,486,1.00
594,486,1.00
595,486,1.00
596,486,1.00
597,486,1.00
598,486,1.00
599,486,1.00
599,487,1.00
599,488,1.00
599,489,1.00
599,490,1.00
599,491,1.00
599,492,1.00
599,493,1.00
599,494,1.00
599,495,0.90
599,496,0.60
590,485,0.30
591,485,0.90
592,485,1.00
593,485,1.00
594,485,1.00
595,485,1.00
596,485,1.00
597,485,1.00
598,485,1.00
599,485,1.00
600,485,1.00
600,486,1.00
600,487,1.00
600,488,1.00
600,489,1.00
600,490,1.00
600,491,1.00
600,492,1.00
600,493,0.90
600,494,0.60
600,495,0.30
591,484,0.60
592,484,0.90
593,484,1.00
594,484,1.00
595,484,1.00
596,484,1.00
597,484,1.00
598,484,1.00
599,484,1.00
600,484,1.00
601,484,1.00
601,485,1.00
601,486,1.00
601,487,1.00
601,488,1.00
601,489,1.00
601,490,1.00
601,491,1.00
601,492,0.90
601,493,0.60
601,494,0.30
591,483,0.30
592,483,0.60
593,483,0.90
594,483,1.00
595,483,1.00
596,483,1.00
597,483,1.00
598,483,1.00
599,483,1.00
600,483,1.00
601,483,1.00
592,482,0.30
593,482,0.60
594,482,0.90
595,482,1.00
596,482,1.00
597,482,1.00
598,482,1.00
599,482,1.00
600,482,1.00
601,482,1.00
602,482,1.00
602,483,1.00
602,484,1.00
602,485,1.00
602,486,1.00
602,487,1.00
602,488,1.00
602,489,1.00
602,490,0.90
602,491,0.60
602,492,0.30
593,481,0.30
594,481,0.60
595,481,0.90
596,481,0.90
597,481,1.00
598,481,1.00
599,481,1.00
600,481,1.00
601,481,1.00
602,481,1.00
603,481,1.00
603,482,1.00
603,483,1.00
603,484,1.00
603,485,1.00
603,486,1.00
603,487,1.00
603,488,0.90
603,489,0.90
603,490,0.60
603,491,0.30
594,480,0.30
595,480,0.60
596,480,0.60
597,480,0.90
598,480,1.00
599,480,1.00
600,480,1.00
601,480,1.00
602,480,1.00
603,480,1.00
604,480,1.00
604,481,1.00
604,482,1.00
604,483,1.00
604,484,1.00
604,485,1.00
604,486,1.00
604,487,0.90
604,488,0.60
604,489,0.60
604,490,0.30
595,479,0.30
596,479,0.30
597,479,0.60
598,479,0.90
599,479,1.00
600,479,1.00
601,479,1.00
602,479,1.00
603,479,1.00
604,479,1.00
605,479,1.00
605,480,1.00
605,481,1.00
605,482,1.00
605,483,1.00
605,484,1.00
605,485,1.00
605,486,0.90
605,487,0.60
605,488,0.30
605,489,0.30
597,477,0.30
598,477,0.60
599,477,1.00
600,477,1.00
601,477,1.00
602,477,1.00
603,477,1.00
604,477,1.00
605,477,1.00
606,477,1.00
607,477,1.00
597,478,0.30
598,478,0.60
599,478,1.00
600,478,1.00
601,478,1.00
602,478,1.00
603,478,1.00
604,478,1.00
605,478,1.00
606,478,1.00
607,478,1.00
606,479,1.00
607,479,1.00
606,480,1.00
607,480,1.00
606,481,1.00
607,481,1.00
606,482,1.00
607,482,1.00
606,483,1.00
607,483,1.00
606,484,1.00
607,484,1.00
606,485,0.90
607,485,0.90
606,486,0.60
607,486,0.60
606,487,0.30
607,487,0.30
598,476,0.30
599,476,0.90
600,476,1.00
601,476,1.00
602,476,1.00
603,476,1.00
604,476,1.00
605,476,1.00
606,476,1.00
607,476,1.00
608,476,1.00
608,477,1.00
608,478,1.00
608,479,1.00
608,480,1.00
608,481,1.00
608,482,1.00
608,483,1.00
608,484,0.90
608,485,0.60
608,486,0.30
599,475,0.60
600,475,0.90
601,475,1.00
602,475,1.00
603,475,1.00
604,475,1.00
605,475,1.00
606,475,1.00
607,475,1.00
608,475,1.00
609,475,1.00
609,476,1.00
609,477,1.00
609,478,1.00
609,479,1.00
609,480,1.00
609,481,1.00
609,482,1.00
609,483,0.90
609,484,0.60
609,485,0.30
599,474,0.30
600,474,0.60
601,474,1.00
602,474,1.00
603,474,1.00
604,474,1.00
605,474,1.00
606,474,1.00
607,474,1.00
608,474,1.00
609,474,1.00
600,473,0.30
601,473,0.90
602,473,1.00
603,473,1.00
604,473,1.00
605,473,1.00
606,473,1.00
607,473,1.00
608,473,1.00
609,473,1.00
610,473,1.00
610,474,1.00
610,475,1.00
610,476,1.00
610,477,1.00
610,478,1.00
610,479,1.00
610,480,1.00
610,481,0.90
610,482,0.60
610,483,0.30
601,472,0.60
602,472,0.90
603,472,1.00
604,472,1.00
605,472,1.00
606,472,1.00
607,472,1.00
608,472,1.00
609,472,1.00
610,472,1.00
611,472,1.00
611,473,1.00
611,474,1.00
611,475,1.00
611,476,1.00
611,477,1.00
611,478,1.00
611,479,1.00
611,480,0.90
611,481,0.60
611,482,0.30
601,471,0.30
602,471,0.60
603,471,1.00
604,471,1.00
605,471,1.00
606,471,1.00
607,471,1.00
608,471,1.00
609,471,1.00
610,471,1.00
611,471,1.00
602,470,0.30
603,470,0.90
604,470,1.00
605,470,1.00
606,470,1.00
607,470,1.00
608,470,1.00
609,470,1.00
610,470,1.00
611,470,1.00
612,470,1.00
612,471,1.00
612,472,1.00
612,473,1.00
612,474,1.00
612,475,1.00
612,476,1.00
612,477,1.00
612,478,0.90
612,479,0.60
612,480,0.30
603,469,0.60
604,469,0.90
605,469,1.00
606,469,1.00
607,469,1.00
608,469,1.00
609,469,1.00
610,469,1.00
611,469,1.00
612,469,1.00
613,469,1.00
613,470,1.00
613,471,1.00
613,472,1.00
613,473,1.00
613,474,1.00
613,475,1.00
613,476,0.90
613,477,0.90
613,478,0.60
613,479,0.30
603,468,0.30
604,468,0.60
605,468,1.00
606,468,1.00
607,468,1.00
608,468,1.00
609,468,1.00
610,468,1.00
611,468,1.00
612,468,1.00
613,468,1.00
604,467,0.30
605,467,0.90
606,467,1.00
607,467,1.00
608,467,1.00
609,467,1.00
610,467,1.00
611,467,1.00
612,467,1.00
613,467,1.00
614,467,1.00
614,468,1.00
614,469,1.00
614,470,1.00
614,471,1.00
614,472,1.00
614,473,1.00
614,474,0.90
614,475,0.60
614,476,0.30
614,477,0.30
605,465,0.60
606,465,0.90
607,465,1.00
608,465,1.00
609,465,1.00
610,465,1.00
611,465,1.00
612,465,1.00
613,465,1.00
614,465,1.00
615,465,1.00
605,466,0.60
606,466,0.90
607,466,1.00
608,466,1.00
609,466,1.00
610,466,1.00
611,466,1.00
612,466,1.00
613,466,1.00
614,466,1.00
615,466,1.00
615,467,1.00
615,468,1.00
615,469,1.00
615,470,1.00
615,471,1.00
615,472,1.00
615,473,0.90
615,474,0.60
615,475,0.30
605,464,0.30
606,464,0.60
607,464,0.90
608,464,1.00
609,464,1.00
610,464,1.00
611,464,1.00
612,464,1.00
613,464,1.00
614,464,1.00
615,464,1.00
606,463,0.30
607,463,0.60
608,463,1.00
609,463,1.00
610,463,1.00
611,463,1.00
612,463,1.00
613,463,1.00
614,463,1.00
615,463,1.00
616,463,1.00
616,464,1.00
616,465,1.00
616,466,1.00
616,467,1.00
616,468,1.00
616,469,1.00
616,470,0.90
616,471,0.60
616,472,0.60
616,473,0.30
607,462,0.30
608,462,0.90
609,462,1.00
610,462,1.00
611,462,1.00
612,462,1.00
613,462,1.00
614,462,1.00
615,462,1.00
616,462,1.00
617,462,1.00
617,463,1.00
617,464,1.00
617,465,1.00
617,466,1.00
617,467,1.00
617,468,1.00
617,469,1.00
617,470,0.60
617,471,0.30
617,472,0.30
608,460,0.60
609,460,0.90
610,460,1.00
611,460,1.00
612,460,1.00
613,460,1.00
614,460,1.00
615,460,1.00
616,460,1.00
617,460,1.00
618,460,1.00
608,461,0.60
609,461,0.90
610,461,1.00
611,461,1.00
612,461,1.00
613,461,1.00
614,461,1.00
615,461,1.00
616,461,1.00
617,461,1.00
618,461,1.00
618,462,1.00
618,463,1.00
618,464,1.00
618,465,1.00
618,466,1.00
618,467,1.00
618,468,1.00
618,469,0.90
618,470,0.30
608,459,0.30
609,459,0.60
610,459,1.00
611,459,1.00
612,459,1.00
613,459,1.00
614,459,1.00
615,459,1.00
616,459,1.00
617,459,1.00
618,459,1.00
619,459,1.00
619,460,1.00
619,461,1.00
619,462,1.00
619,463,1.00
619,464,1.00
619,465,1.00
619,466,1.00
619,467,0.90
619,468,0.60
619,469,0.30
610,458,0.60
611,458,1.00
612,458,1.00
613,458,1.00
614,458,1.00
615,458,1.00
616,458,1.00
617,458,1.00
618,458,1.00
619,458,1.00
620,458,1.00
620,459,1.00
620,460,1.00
620,461,1.00
620,462,1.00
620,463,1.00
620,464,1.00
620,465,1.00
620,466,1.00
620,467,0.60
620,468,0.30
610,457,0.30
611,457,1.00
612,457,1.00
613,457,1.00
614,457,1.00
615,457,1.00
616,457,1.00
617,457,1.00
618,457,1.00
619,457,1.00
620,457,1.00
611,456,1.00
612,456,1.00
613,456,1.00
614,456,1.00
615,456,1.00
616,456,1.00
617,456,1.00
618,456,1.00
619,456,1.00
620,456,1.00
621,456,1.00
621,457,1.00
621,458,1.00
621,459,1.00
621,460,1.00
621,461,1.00
621,462,1.00
621,463,1.00
621,464,1.00
621,465,0.90
621,466,0.60
611,455,0.90
612,455,1.00
613,455,1.00
614,455,1.00
615,455,1.00
616,455,1.00
617,455,1.00
618,455,1.00
619,455,1.00
620,455,1.00
621,455,1.00
611,454,0.60
612,454,1.00
613,454,1.00
614,454,1.00
615,454,1.00
616,454,1.00
617,454,1.00
618,454,1.00
619,454,1.00
620,454,1.00
621,454,1.00
612,453,0.90
613,453,1.00
614,453,1.00
615,453,1.00
616,453,1.00
617,453,1.00
618,453,1.00
619,453,1.00
620,453,1.00
621,453,1.00
622,453,1.00
622,454,1.00
622,455,1.00
622,456,1.00
622,457,1.00
622,458,1.00
622,459,1.00
622,460,1.00
622,461,0.90
622,462,0.60
622,463,0.30
612,452,0.60
613,452,1.00
614,452,1.00
615,452,1.00
616,452,1.00
617,452,1.00
618,452,1.00
619,452,1.00
620,452,1.00
621,452,1.00
622,452,1.00
612,451,0.30
613,451,0.90
614,451,1.00
615,451,1.00
616,451,1.00
617,451,1.00
618,451,1.00
619,451,1.00
620,451,1.00
621,451,1.00
622,451,1.00
613,450,0.60
614,450,1.00
615,450,1.00
616,450,1.00
617,450,1.00
618,450,1.00
619,450,1.00
620,450,1.00
621,450,1.00
622,450,1.00
623,450,1.00
623,451,1.00
623,452,1.00
623,453,1.00
623,454,1.00
623,455,0.90
623,456,0.90
623,457,0.60
623,458,0.60
623,459,0.30
623,460,0.30
613,448,0.30
614,448,0.90
615,448,1.00
616,448,1.00
617,448,1.00
618,448,1.00
619,448,1.00
620,448,1.00
621,448,1.00
622,448,1.00
623,448,1.00
613,449,0.30
614,449,0.90
615,449,1.00
616,449,1.00
617,449,1.00
618,449,1.00
619,449,1.00
620,449,1.00
621,449,1.00
622,449,1.00
623,449,1.00
614,446,0.60
615,446,1.00
616,446,1.00
617,446,1.00
618,446,1.00
619,446,1.00
620,446,1.00
621,446,1.00
622,446,1.00
623,446,1.00
624,446,1.00
614,447,0.60
615,447,1.00
616,447,1.00
617,447,1.00
618,447,1.00
619,447,1.00
620,447,1.00
621,447,1.00
622,447,1.00
623,447,1.00
624,447,1.00
624,448,1.00
624,449,1.00
624,450,1.00
624,451,0.90
624,452,0.90
624,453,0.60
624,454,0.60
624,455,0.30
624,456,0.30
614,444,0.30
615,444,0.90
616,444,1.00
617,444,1.00
618,444,1.00
619,444,1.00
620,444,1.00
621,444,1.00
622,444,1.00
623,444,1.00
624,444,1.00
614,445,0.30
615,445,0.90
616,445,1.00
617,445,1.00
618,445,1.00
619,445,1.00
620,445,1.00
621,445,1.00
622,445,1.00
623,445,1.00
624,445,1.00
615,442,0.60
616,442,1.00
617,442,1.00
618,442,1.00
619,442,1.00
620,442,1.00
621,442,1.00
622,442,1.00
623,442,1.00
624,442,1.00
625,442,1.00
615,443,0.60
616,443,1.00
617,443,1.00
618,443,1.00
619,443,1.00
620,443,1.00
621,443,1.00
622,443,1.00
623,443,1.00
624,443,1.00
625,443,1.00
625,444,1.00
625,445,1.00
625,446,1.00
625,447,1.00
625,448,0.90
625,449,0.90
625,450,0.60
625,451,0.30
625,452,0.30
615,440,0.30
616,440,0.90
617,440,1.00
618,440,1.00
619,440,1.00
620,440,1.00
621,440,1.00
622,440,1.00
623,440,1.00
624,440,1.00
625,440,1.00
615,441,0.30
616,441,0.90
617,441,1.00
618,441,1.00
619,441,1.00
620,441,1.00
621,441,1.00
622,441,1.00
623,441,1.00
624,441,1.00
625,441,1.00
616,439,0.60
617,439,1.00
618,439,1.00
619,439,1.00
620,439,1.00
621,439,1.00
622,439,1.00
623,439,1.00
624,439,1.00
625,439,1.00
626,439,1.00
626,440,1.00
626,441,1.00
626,442,1.00
626,443,0.90
626,444,0.90
626,445,0.90
626,446,0.60
626,447,0.60
626,448,0.30
626,449,0.30
616,437,0.30
617,437,1.00
618,437,1.00
619,437,1.00
620,437,1.00
621,437,1.00
622,437,1.00
623,437,1.00
624,437,1.00
625,437,1.00
626,437,1.00
616,438,0.30
617,438,1.00
618,438,1.00
619,438,1.00
620,438,1.00
621,438,1.00
622,438,1.00
623,438,1.00
624,438,1.00
625,438,1.00
626,438,1.00
617,435,0.90
618,435,1.00
619,435,1.00
620,435,1.00
621,435,1.00
622,435,1.00
623,435,1.00
624,435,1.00
625,435,1.00
626,435,1.00
627,435,1.00
617,436,0.90
618,436,1.00
619,436,1.00
620,436,1.00
621,436,1.00
622,436,1.00
623,436,1.00
624,436,1.00
625,436,1.00
626,436,1.00
627,436,1.00
627,437,1.00
627,438,1.00
627,439,0.90
627,440,0.90
627,441,0.60
627,442,0.60
627,443,0.30
627,444,0.30
627,445,0.30
617,432,0.60
618,432,1.00
619,432,1.00
620,432,1.00
621,432,1.00
622,432,1.00
623,432,1.00
624,432,1.00
625,432,1.00
626,432,1.00
627,432,1.00
617,433,0.60
618,433,1.00
619,433,1.00
620,433,1.00
621,433,1.00
622,433,1.00
623,433,1.00
624,433,1.00
625,433,1.00
626,433,1.00
627,433,1.00
617,434,0.60
618,434,1.00
619,434,1.00
620,434,1.00
621,434,1.00
622,434,1.00
623,434,1.00
624,434,1.00
625,434,1.00
626,434,1.00
627,434,1.00
617,430,0.30
618,430,1.00
619,430,1.00
620,430,1.00
621,430,1.00
622,430,1.00
623,430,1.00
624,430,1.00
625,430,1.00
626,430,1.00
627,430,1.00
617,431,0.30
618,431,1.00
619,431,1.00
620,431,1.00
621,431,1.00
622,431,1.00
623,431,1.00
624,431,1.00
625,431,1.00
626,431,1.00
627,431,1.00
618,428,1.00
619,428,1.00
620,428,1.00
621,428,1.00
622,428,1.00
623,428,1.00
624,428,1.00
625,428,1.00
626,428,1.00
627,428,1.00
628,428,1.00
618,429,1.00
619,429,1.00
620,429,1.00
621,429,1.00
622,429,1.00
623,429,1.00
624,429,1.00
625,429,1.00
626,429,1.00
627,429,1.00
628,429,1.00
628,430,1.00
628,431,1.00
628,432,1.00
628,433,1.00
628,434,0.90
628,435,0.60
628,436,0.60
628,437,0.30
628,438,0.30
618,426,0.90
619,426,1.00
620,426,1.00
621,426,1.00
622,426,1.00
623,426,1.00
624,426,1.00
625,426,1.00
626,426,1.00
627,426,1.00
628,426,1.00
618,427,0.90
619,427,1.00
620,427,1.00
621,427,1.00
622,427,1.00
623,427,1.00
624,427,1.00
625,427,1.00
626,427,1.00
627,427,1.00
628,427,1.00
619,424,1.00
620,424,1.00
621,424,1.00
622,424,1.00
623,424,1.00
624,424,1.00
625,424,1.00
626,424,1.00
627,424,1.00
628,424,1.00
629,424,1.00
619,425,1.00
620,425,1.00
621,425,1.00
622,425,1.00
623,425,1.00
624,425,1.00
625,425,1.00
626,425,1.00
627,425,1.00
628,425,1.00
629,425,1.00
629,426,1.00
629,427,1.00
629,428,1.00
629,429,1.00
629,430,1.00
629,431,1.00
629,432,0.90
629,433,0.60
629,434,0.30
619,423,1.00
620,423,1.00
621,423,1.00
622,423,1.00
623,423,1.00
624,423,1.00
625,423,1.00
626,423,1.00
627,423,1.00
628,423,1.00
629,423,1.00
619,422,1.00
620,422,1.00
621,422,1.00
622,422,1.00
623,422,1.00
624,422,1.00
625,422,1.00
626,422,1.00
627,422,1.00
628,422,1.00
629,422,1.00
619,421,1.00
620,421,1.00
621,421,1.00
622,421,1.00
623,421,1.00
624,421,1.00
625,421,1.00
626,421,1.00
627,421,1.00
628,421,1.00
629,421,1.00
618,421,0.60
618,422,0.60
618,423,0.60
618,424,0.60
618,425,0.60

572,607,1.00
573,607,1.00
574,607,1.00
575,607,1.00
576,607,1.00
577,607,1.00
578,607,1.00
579,607,1.00
580,607,1.00
581,607,1.00
582,607,1.00
572,608,1.00
573,608,1.00
574,608,1.00
575,608,1.00
576,608,1.00
577,608,1.00
578,608,1.00
579,608,1.00
580,608,1.00
581,608,1.00
582,608,1.00
572,609,1.00
573,609,1.00
574,609,1.00
575,609,1.00
576,609,1.00
577,609,1.00
578,609,1.00
579,609,1.00
580,609,1.00
581,609,1.00
582,609,1.00
572,610,1.00
573,610,1.00
574,610,1.00
575,610,1.00
576,610,1.00
577,610,1.00
578,610,1.00
579,610,1.00
580,610,1.00
581,610,1.00
582,610,1.00
572,611,1.00
573,611,1.00
574,611,1.00
575,611,1.00
576,611,1.00
577,611,1.00
578,611,1.00
579,611,1.00
580,611,1.00
581,611,1.00
582,611,1.00
572,612,1.00
573,612,1.00
574,612,1.00
575,612,1.00
576,612,1.00
577,612,1.00
578,612,1.00
579,612,1.00
580,612,1.00
581,612,1.00
582,612,1.00
572,613,1.00
573,613,1.00
574,613,1.00
575,613,1.00
576,613,1.00
577,613,1.00
578,613,1.00
579,613,1.00
580,613,1.00
581,613,1.00
582,613,1.00
572,614,1.00
573,614,1.00
574,614,1.00
575,614,1.00
576,614,1.00
577,614,1.00
578,614,1.00
579,614,1.00
580,614,1.00
581,614,1.00
582,614,1.00
572,615,1.00
573,615,1.00
574,615,1.00
575,615,1.00
576,615,1.00
577,615,1.00
578,615,1.00
579,615,1.00
580,615,1.00
581,615,1.00
582,615,1.00
572,616,0.90
573,616,0.90
574,616,0.90
575,616,1.00
576,616,1.00
577,616,1.00
578,616,1.00
579,616,1.00
580,616,0.90
581,616,0.90
582,616,0.90
572,617,0.60
573,617,0.60
574,617,0.60
575,617,0.60
576,617,0.60
577,617,0.60
578,617,0.60
579,617,0.60
580,617,0.60
581,617,0.60
582,617,0.60
572,606,1.00
573,606,1.00
574,606,1.00
575,606,1.00
576,606,1.00
577,606,1.00
578,606,1.00
579,606,1.00
580,606,1.00
581,606,1.00
582,606,1.00
572,605,0.90
573,605,0.90
574,605,1.00
575,605,1.00
576,605,1.00
577,605,1.00
578,605,1.00
579,605,1.00
580,605,1.00
581,605,0.90
582,605,0.90
572,604,0.60
573,604,0.60
574,604,0.60
575,604,0.75
576,604,0.85
577,604,0.88
578,604,0.85
579,604,0.75
580,604,0.60
581,604,0.60
582,604,0.60
572,603,0.30
573,603,0.30
574,603,0.30
575,603,0.30
576,603,0.30
577,603,0.30
578,603,0.30
579,603,0.30
580,603,0.30
581,603,0.30
582,603,0.30

591,521,1.00
592,521,1.00
593,521,1.00
594,521,1.00
595,521,1.00
596,521,1.00
597,521,1.00
598,521,1.00
599,521,1.00
600,521,1.00
601,521,1.00
591,522,1.00
592,522,1.00
593,522,1.00
594,522,1.00
595,522,1.00
596,522,1.00
597,522,1.00
598,522,1.00
599,522,1.00
600,522,1.00
601,522,1.00
591,523,1.00
592,523,1.00
593,523,1.00
594,523,1.00
595,523,1.00
596,523,1.00
597,523,1.00
598,523,1.00
599,523,1.00
600,523,1.00
601,523,1.00
591,524,1.00
592,524,1.00
593,524,1.00
594,524,1.00
595,524,1.00
596,524,1.00
597,524,1.00
598,524,1.00
599,524,1.00
600,524,1.00
601,524,1.00
591,525,1.00
592,525,1.00
593,525,1.00
594,525,1.00
595,525,1.00
596,525,1.00
597,525,1.00
598,525,1.00
599,525,1.00
600,525,1.00
601,525,1.00
591,526,1.00
592,526,1.00
593,526,1.00
594,526,1.00
595,526,1.00
596,526,1.00
597,526,1.00
598,526,1.00
599,526,1.00
600,526,1.00
601,526,1.00
591,527,0.90
592,527,1.00
593,527,1.00
594,527,1.00
595,527,1.00
596,527,1.00
597,527,1.00
598,527,1.00
599,527,1.00
600,527,1.00
601,527,0.90
591,528,0.90
592,528,1.00
593,528,1.00
594,528,1.00
595,528,1.00
596,528,1.00
597,528,1.00
598,528,1.00
599,528,1.00
600,528,1.00
601,528,0.90
591,529,0.90
592,529,0.90
593,529,1.00
594,529,1.00
595,529,1.00
596,529,1.00
597,529,1.00
598,529,1.00
599,529,1.00
600,529,0.90
601,529,0.90
591,530,0.60
592,530,0.60
593,530,0.60
594,530,0.90
595,530,1.00
596,530,1.00
597,530,1.00
598,530,0.90
599,530,0.60
600,530,0.60
601,530,0.60
591,531,0.60
592,531,0.60
593,531,0.60
594,531,0.60
595,531,0.60
596,531,0.60
597,531,0.60
598,531,0.60
599,531,0.60
600,531,0.60
601,531,0.60
591,519,1.00
592,519,1.00
593,519,1.00
594,519,1.00
595,519,1.00
596,519,1.00
597,519,1.00
598,519,1.00
599,519,1.00
600,519,1.00
601,519,1.00
591,520,0.90
592,520,1.00
593,520,1.00
594,520,1.00
595,520,1.00
596,520,1.00
597,520,1.00
598,520,1.00
599,520,1.00
600,520,1.00
601,520,0.90
591,516,1.00
592,516,1.00
593,516,1.00
594,516,1.00
595,516,1.00
596,516,1.00
597,516,1.00
598,516,1.00
599,516,1.00
600,516,1.00
601,516,1.00
591,517,1.00
592,517,1.00
593,517,1.00
594,517,1.00
595,517,1.00
596,517,1.00
597,517,1.00
598,517,1.00
599,517,1.00
600,517,1.00
601,517,1.00
591,518,0.90
592,518,1.00
593,518,1.00
594,518,1.00
595,518,1.00
596,518,1.00
597,518,1.00
598,518,1.00
599,518,1.00
600,518,1.00
601,518,0.90
591,512,1.00
592,512,1.00
593,512,1.00
594,512,1.00
595,512,1.00
596,512,1.00
597,512,1.00
598,512,1.00
599,512,1.00
600,512,1.00
601,512,1.00
591,513,1.00
592,513,1.00
593,513,1.00
594,513,1.00
595,513,1.00
596,513,1.00
597,513,1.00
598,513,1.00
599,513,1.00
600,513,1.00
601,513,1.00
591,514,1.00
592,514,1.00
593,514,1.00
594,514,1.00
595,514,1.00
596,514,1.00
597,514,1.00
598,514,1.00
599,514,1.00
600,514,1.00
601,514,1.00
591,515,1.00
592,515,1.00
593,515,1.00
594,515,1.00
595,515,1.00
596,515,1.00
597,515,1.00
598,515,1.00
599,515,1.00
600,515,1.00
601,515,1.00
591,509,1.00
592,509,1.00
593,509,1.00
594,509,1.00
595,509,1.00
596,509,1.00
597,509,1.00
598,509,1.00
599,509,1.00
600,509,1.00
601,509,1.00
591,510,1.00
592,510,1.00
593,510,1.00
594,510,1.00
595,510,1.00
596,510,1.00
597,510,1.00
598,510,1.00
599,510,1.00
600,510,1.00
601,510,1.00
591,511,1.00
592,511,1.00
593,511,1.00
594,511,1.00
595,511,1.00
596,511,1.00
597,511,1.00
598,511,1.00
599,511,1.00
600,511,1.00
601,511,1.00
591,507,1.00
592,507,1.00
593,507,1.00
594,507,1.00
595,507,1.00
596,507,1.00
597,507,1.00
598,507,1.00
599,507,1.00
600,507,1.00
601,507,1.00
591,508,1.00
592,508,1.00
593,508,1.00
594,508,1.00
595,508,1.00
596,508,1.00
597,508,1.00
598,508,1.00
599,508,1.00
600,508,1.00
601,508,1.00
591,505,0.90
592,505,1.00
593,505,1.00
594,505,1.00
595,505,1.00
596,505,1.00
597,505,1.00
598,505,1.00
599,505,1.00
600,505,1.00
601,505,1.00
591,506,0.90
592,506,1.00
593,506,1.00
594,506,1.00
595,506,1.00
596,506,1.00
597,506,1.00
598,506,1.00
599,506,1.00
600,506,1.00
601,506,1.00
591,504,0.60
592,504,1.00
593,504,1.00
594,504,1.00
595,504,1.00
596,504,1.00
597,504,1.00
598,504,1.00
599,504,1.00
600,504,1.00
601,504,1.00
591,503,0.30
592,503,1.00
593,503,1.00
594,503,1.00
595,503,1.00
596,503,1.00
597,503,1.00
598,503,1.00
599,503,1.00
600,503,1.00
601,503,1.00
602,503,1.00
602,504,1.00
602,505,1.00
602,506,1.00
602,507,1.00
602,508,1.00
602,509,1.00
602,510,1.00
602,511,1.00
602,512,1.00
602,513,0.60
592,502,0.60
593,502,1.00
594,502,1.00
595,502,1.00
596,502,1.00
597,502,1.00
598,502,1.00
599,502,1.00
600,502,1.00
601,502,1.00
602,502,1.00
593,501,0.60
594,501,0.90
595,501,1.00
596,501,1.00
597,501,1.00
598,501,1.00
599,501,1.00
600,501,1.00
601,501,1.00
602,501,1.00
603,501,1.00
603,502,1.00
603,503,1.00
603,504,1.00
603,505,1.00
603,506,1.00
603,507,1.00
603,508,1.00
603,509,0.90
603,510,0.60
603,511,0.30
593,500,0.30
594,500,0.60
595,500,0.90
596,500,1.00
597,500,1.00
598,500,1.00
599,500,1.00
600,500,1.00
601,500,1.00
602,500,1.00
603,500,1.00
594,499,0.30
595,499,0.60
596,499,0.90
597,499,1.00
598,499,1.00
599,499,1.00
600,499,1.00
601,499,1.00
602,499,1.00
603,499,1.00
604,499,1.00
604,500,1.00
604,501,1.00
604,502,1.00
604,503,1.00
604,504,1.00
604,505,1.00
604,506,0.90
604,507,0.60
604,508,0.60
604,509,0.30
595,498,0.30
596,498,0.60
597,498,0.90
598,498,1.00
599,498,1.00
600,498,1.00
601,498,1.00
602,498,1.00
603,498,1.00
604,498,1.00
605,498,1.00
605,499,1.00
605,500,1.00
605,501,1.00
605,502,1.00
605,503,1.00
605,504,0.90
605,505,0.90
605,506,0.60
605,507,0.30
605,508,0.30
596,496,0.30
597,496,0.60
598,496,0.60
599,496,0.90
600,496,1.00
601,496,1.00
602,496,1.00
603,496,1.00
604,496,1.00
605,496,1.00
606,496,1.00
596,497,0.30
597,497,0.60
598,497,0.60
599,497,1.00
600,497,1.00
601,497,1.00
602,497,1.00
603,497,1.00
604,497,1.00
605,497,1.00
606,497,1.00
606,498,1.00
606,499,1.00
606,500,1.00
606,501,1.00
606,502,1.00
606,503,0.90
606,504,0.60
606,505,0.60
606,506,0.30
597,495,0.30
598,495,0.30
599,495,0.60
600,495,1.00
601,495,1.00
602,495,1.00
603,495,1.00
604,495,1.00
605,495,1.00
606,495,1.00
607,495,1.00
607,496,1.00
607,497,1.00
607,498,1.00
607,499,1.00
607,500,1.00
607,501,1.00
607,502,0.90
607,503,0.60
607,504,0.30
607,505,0.30
599,493,0.30
600,493,0.90
601,493,1.00
602,493,1.00
603,493,1.00
604,493,1.00
605,493,1.00
606,493,1.00
607,493,1.00
608,493,1.00
609,493,1.00
599,494,0.30
600,494,0.90
601,494,1.00
602,494,1.00
603,494,1.00
604,494,1.00
605,494,1.00
606,494,1.00
607,494,1.00
608,494,1.00
609,494,1.00
608,495,1.00
609,495,1.00
608,496,1.00
609,496,1.00
608,497,1.00
609,497,1.00
608,498,1.00
609,498,1.00
608,499,1.00
609,499,1.00
608,500,1.00
609,500,0.90
608,501,0.60
609,501,0.60
608,502,0.60
609,502,0.60
608,503,0.30
609,503,0.30
600,492,0.60
601,492,0.90
602,492,1.00
603,492,1.00
604,492,1.00
605,492,1.00
606,492,1.00
607,492,1.00
608,492,1.00
609,492,1.00
610,492,1.00
610,493,1.00
610,494,1.00
610,495,1.00
610,496,1.00
610,497,1.00
610,498,0.90
610,499,0.90
610,500,0.60
610,501,0.30
610,502,0.30
600,490,0.30
601,490,0.60
602,490,1.00
603,490,1.00
604,490,1.00
605,490,1.00
606,490,1.00
607,490,1.00
608,490,1.00
609,490,1.00
610,490,1.00
600,491,0.30
601,491,0.60
602,491,1.00
603,491,1.00
604,491,1.00
605,491,1.00
606,491,1.00
607,491,1.00
608,491,1.00
609,491,1.00
610,491,1.00
601,489,0.30
602,489,0.90
603,489,1.00
604,489,1.00
605,489,1.00
606,489,1.00
607,489,1.00
608,489,1.00
609,489,1.00
610,489,1.00
611,489,1.00
611,490,1.00
611,491,1.00
611,492,1.00
611,493,1.00
611,494,1.00
611,495,0.90
611,496,0.90
611,497,0.60
611,498,0.30
611,499,0.30
602,487,0.60
603,487,0.90
604,487,1.00
605,487,1.00
606,487,1.00
607,487,1.00
608,487,1.00
609,487,1.00
610,487,1.00
611,487,1.00
612,487,1.00
602,488,0.60
603,488,0.90
604,488,1.00
605,488,1.00
606,488,1.00
607,488,1.00
608,488,1.00
609,488,1.00
610,488,1.00
611,488,1.00
612,488,1.00
612,489,1.00
612,490,1.00
612,491,1.00
612,492,1.00
612,493,1.00
612,494,0.90
612,495,0.60
612,496,0.60
612,497,0.30
602,486,0.30
603,486,0.60
604,486,1.00
605,486,1.00
606,486,1.00
607,486,1.00
608,486,1.00
609,486,1.00
610,486,1.00
611,486,1.00
612,486,1.00
603,484,0.30
604,484,1.00
605,484,1.00
606,484,1.00
607,484,1.00
608,484,1.00
609,484,1.00
610,484,1.00
611,484,1.00
612,484,1.00
613,484,1.00
603,485,0.30
604,485,1.00
605,485,1.00
606,485,1.00
607,485,1.00
608,485,1.00
609,485,1.00
610,485,1.00
611,485,1.00
612,485,1.00
613,485,1.00
613,486,1.00
613,487,1.00
613,488,1.00
613,489,1.00
613,490,1.00
613,491,1.00
613,492,0.90
613,493,0.60
613,494,0.30
604,483,0.90
605,483,1.00
606,483,1.00
607,483,1.00
608,483,1.00
609,483,1.00
610,483,1.00
611,483,1.00
612,483,1.00
613,483,1.00
614,483,1.00
614,484,1.00
614,485,1.00
614,486,1.00
614,487,1.00
614,488,1.00
614,489,1.00
614,490,1.00
614,491,0.90
614,492,0.60
614,493,0.30
604,482,0.60
605,482,1.00
606,482,1.00
607,482,1.00
608,482,1.00
609,482,1.00
610,482,1.00
611,482,1.00
612,482,1.00
613,482,1.00
614,482,1.00
604,481,0.30
605,481,1.00
606,481,1.00
607,481,1.00
608,481,1.00
609,481,1.00
610,481,1.00
611,481,1.00
612,481,1.00
613,481,1.00
614,481,1.00
605,480,0.90
606,480,1.00
607,480,1.00
608,480,1.00
609,480,1.00
610,480,1.00
611,480,1.00
612,480,1.00
613,480,1.00
614,480,1.00
615,480,1.00
615,481,1.00
615,482,1.00
615,483,1.00
615,484,1.00
615,485,1.00
615,486,1.00
615,487,0.90
615,488,0.60
615,489,0.30
615,490,0.30
605,478,0.60
606,478,1.00
607,478,1.00
608,478,1.00
609,478,1.00
610,478,1.00
611,478,1.00
612,478,1.00
613,478,1.00
614,478,1.00
615,478,1.00
605,479,0.60
606,479,1.00
607,479,1.00
608,479,1.00
609,479,1.00
610,479,1.00
611,479,1.00
612,479,1.00
613,479,1.00
614,479,1.00
615,479,1.00
605,477,0.30
606,477,1.00
607,477,1.00
608,477,1.00
609,477,1.00
610,477,1.00
611,477,1.00
612,477,1.00
613,477,1.00
614,477,1.00
615,477,1.00
606,476,0.90
607,476,1.00
608,476,1.00
609,476,1.00
610,476,1.00
611,476,1.00
612,476,1.00
613,476,1.00
614,476,1.00
615,476,1.00
616,476,1.00
616,477,1.00
616,478,1.00
616,479,1.00
616,480,1.00
616,481,1.00
616,482,0.90
616,483,0.60
616,484,0.60
616,485,0.30
616,486,0.30
606,474,0.60
607,474,1.00
608,474,1.00
609,474,1.00
610,474,1.00
611,474,1.00
612,474,1.00
613,474,1.00
614,474,1.00
615,474,1.00
616,474,1.00
606,475,0.60
607,475,1.00
608,475,1.00
609,475,1.00
610,475,1.00
611,475,1.00
612,475,1.00
613,475,1.00
614,475,1.00
615,475,1.00
616,475,1.00
606,472,0.30
607,472,1.00
608,472,1.00
609,472,1.00
610,472,1.00
611,472,1.00
612,472,1.00
613,472,1.00
614,472,1.00
615,472,1.00
616,472,1.00
606,473,0.30
607,473,1.00
608,473,1.00
609,473,1.00
610,473,1.00
611,473,1.00
612,473,1.00
613,473,1.00
614,473,1.00
615,473,1.00
616,473,1.00
607,471,1.00
608,471,1.00
609,471,1.00
610,471,1.00
611,471,1.00
612,471,1.00
613,471,1.00
614,471,1.00
615,471,1.00
616,471,1.00
617,471,1.00
617,472,1.00
617,473,1.00
617,474,1.00
617,475,0.90
617,476,0.90
617,477,0.60
617,478,0.30
617,479,0.30
617,480,0.30
617,481,0.30
607,467,1.00
608,467,1.00
609,467,1.00
610,467,1.00
611,467,1.00
612,467,1.00
613,467,1.00
614,467,1.00
615,467,1.00
616,467,1.00
617,467,1.00
607,468,1.00
608,468,1.00
609,468,1.00
610,468,1.00
611,468,1.00
612,468,1.00
613,468,1.00
614,468,1.00
615,468,1.00
616,468,1.00
617,468,1.00
607,469,1.00
608,469,1.00
609,469,1.00
610,469,1.00
611,469,1.00
612,469,1.00
613,469,1.00
614,469,1.00
615,469,1.00
616,469,1.00
617,469,1.00
607,470,1.00
608,470,1.00
609,470,1.00
610,470,1.00
611,470,1.00
612,470,1.00
613,470,1.00
614,470,1.00
615,470,1.00
616,470,1.00
617,470,1.00
607,466,1.00
608,466,1.00
609,466,1.00
610,466,1.00
611,466,1.00
612,466,1.00
613,466,1.00
614,466,1.00
615,466,1.00
616,466,1.00
617,466,1.00
607,464,1.00
608,464,1.00
609,464,1.00
610,464,1.00
611,464,1.00
612,464,1.00
613,464,1.00
614,464,1.00
615,464,1.00
616,464,1.00
617,464,1.00
607,465,1.00
608,465,1.00
609,465,1.00
610,465,1.00
611,465,1.00
612,465,1.00
613,465,1.00
614,465,1.00
615,465,1.00
616,465,1.00
617,465,1.00
607,463,0.90
608,463,1.00
609,463,1.00
610,463,1.00
611,463,1.00
612,463,1.00
613,463,1.00
614,463,1.00
615,463,1.00
616,463,1.00
617,463,1.00
607,462,0.60
608,462,1.00
609,462,1.00
610,462,1.00
611,462,1.00
612,462,1.00
613,462,1.00
614,462,1.00
615,462,1.00
616,462,1.00
617,462,1.00
607,461,0.30
608,461,1.00
609,461,1.00
610,461,1.00
611,461,1.00
612,461,1.00
613,461,1.00
614,461,1.00
615,461,1.00
616,461,1.00
617,461,1.00
608,460,1.00
609,460,1.00
610,460,1.00
611,460,1.00
612,460,1.00
613,460,1.00
614,460,1.00
615,460,1.00
616,460,1.00
617,460,1.00
618,460,1.00
618,461,1.00
618,462,1.00
618,463,1.00
618,464,1.00
618,465,1.00
618,466,1.00
618,467,1.00
618,468,0.90
618,469,0.60
618,470,0.30
608,459,1.00
609,459,1.00
610,459,1.00
611,459,1.00
612,459,1.00
613,459,1.00
614,459,1.00
615,459,1.00
616,459,1.00
617,459,1.00
618,459,1.00
608,458,0.90
609,458,1.00
610,458,1.00
611,458,1.00
612,458,1.00
613,458,1.00
614,458,1.00
615,458,1.00
616,458,1.00
617,458,1.00
618,458,1.00
608,457,0.60
609,457,1.00
610,457,1.00
611,457,1.00
612,457,1.00
613,457,1.00
614,457,1.00
615,457,1.00
616,457,1.00
617,457,1.00
618,457,1.00
608,456,0.30
609,456,1.00
610,456,1.00
611,456,1.00
612,456,1.00
613,456,1.00
614,456,1.00
615,456,1.00
616,456,1.00
617,456,1.00
618,456,1.00
609,454,1.00
610,454,1.00
611,454,1.00
612,454,1.00
613,454,1.00
614,454,1.00
615,454,1.00
616,454,1.00
617,454,1.00
618,454,1.00
619,454,1.00
609,455,1.00
610,455,1.00
611,455,1.00
612,455,1.00
613,455,1.00
614,455,1.00
615,455,1.00
616,455,1.00
617,455,1.00
618,455,1.00
619,455,1.00
619,456,1.00
619,457,1.00
619,458,1.00
619,459,1.00
619,460,1.00
619,461,1.00
619,462,1.00
619,463,0.90
619,464,0.60
609,453,0.60
610,453,1.00
611,453,1.00
612,453,1.00
613,453,1.00
614,453,1.00
615,453,1.00
616,453,1.00
617,453,1.00
618,453,1.00
619,453,1.00
609,452,0.30
610,452,1.00
611,452,1.00
612,452,1.00
613,452,1.00
614,452,1.00
615,452,1.00
616,452,1.00
617,452,1.00
618,452,1.00
619,452,1.00
610,451,1.00
611,451,1.00
612,451,1.00
613,451,1.00
614,451,1.00
615,451,1.00
616,451,1.00
617,451,1.00
618,451,1.00
619,451,1.00
620,451,1.00
620,452,1.00
620,453,1.00
620,454,1.00
620,455,1.00
620,456,1.00
620,457,1.00
620,458,1.00
620,459,0.90
620,460,0.60
620,461,0.30
610,450,0.90
611,450,1.00
612,450,1.00
613,450,1.00
614,450,1.00
615,450,1.00
616,450,1.00
617,450,1.00
618,450,1.00
619,450,1.00
620,450,1.00
610,449,0.60
611,449,1.00
612,449,1.00
613,449,1.00
614,449,1.00
615,449,1.00
616,449,1.00
617,449,1.00
618,449,1.00
619,449,1.00
620,449,1.00
610,448,0.30
611,448,1.00
612,448,1.00
613,448,1.00
614,448,1.00
615,448,1.00
616,448,1.00
617,448,1.00
618,448,1.00
619,448,1.00
620,448,1.00
611,447,1.00
612,447,1.00
613,447,1.00
614,447,1.00
615,447,1.00
616,447,1.00
617,447,1.00
618,447,1.00
619,447,1.00
620,447,1.00
621,447,1.00
621,448,1.00
621,449,1.00
621,450,1.00
621,451,1.00
621,452,1.00
621,453,1.00
621,454,1.00
621,455,1.00
621,456,1.00
621,457,0.30
611,446,1.00
612,446,1.00
613,446,1.00
614,446,1.00
615,446,1.00
616,446,1.00
617,446,1.00
618,446,1.00
619,446,1.00
620,446,1.00
621,446,1.00
611,445,1.00
612,445,1.00
613,445,1.00
614,445,1.00
615,445,1.00
616,445,1.00
617,445,1.00
618,445,1.00
619,445,1.00
620,445,1.00
621,445,1.00
611,444,1.00
612,444,1.00
613,444,1.00
614,444,1.00
615,444,1.00
616,444,1.00
617,444,1.00
618,444,1.00
619,444,1.00
620,444,1.00
621,444,1.00
611,443,1.00
612,443,1.00
613,443,1.00
614,443,1.00
615,443,1.00
616,443,1.00
617,443,1.00
618,443,1.00
619,443,1.00
620,443,1.00
621,443,1.00
611,442,0.90
612,442,1.00
613,442,1.00
614,442,1.00
615,442,1.00
616,442,1.00
617,442,1.00
618,442,1.00
619,442,1.00
620,442,1.00
621,442,1.00
611,441,0.60
612,441,1.00
613,441,1.00
614,441,1.00
615,441,1.00
616,441,1.00
617,441,1.00
618,441,1.00
619,441,1.00
620,441,1.00
621,441,1.00
611,440,0.30
612,440,1.00
613,440,1.00
614,440,1.00
615,440,1.00
616,440,1.00
617,440,1.00
618,440,1.00
619,440,1.00
620,440,1.00
621,440,1.00
612,439,1.00
613,439,1.00
614,439,1.00
615,439,1.00
616,439,1.00
617,439,1.00
618,439,1.00
619,439,1.00
620,439,1.00
621,439,1.00
622,439,1.00
622,440,1.00
622,441,1.00
622,442,1.00
622,443,1.00
622,444,1.00
622,445,1.00
622,446,1.00
622,447,1.00
622,448,0.90
622,449,0.60
612,438,1.00
613,438,1.00
614,438,1.00
615,438,1.00
616,438,1.00
617,438,1.00
618,438,1.00
619,438,1.00
620,438,1.00
621,438,1.00
622,438,1.00
612,437,1.00
613,437,1.00
614,437,1.00
615,437,1.00
616,437,1.00
617,437,1.00
618,437,1.00
619,437,1.00
620,437,1.00
621,437,1.00
622,437,1.00
612,436,1.00
613,436,1.00
614,436,1.00
615,436,1.00
616,436,1.00
617,436,1.00
618,436,1.00
619,436,1.00
620,436,1.00
621,436,1.00
622,436,1.00
612,435,1.00
613,435,1.00
614,435,1.00
615,435,1.00
616,435,1.00
617,435,1.00
618,435,1.00
619,435,1.00
620,435,1.00
621,435,1.00
622,435,1.00
612,434,1.00
613,434,1.00
614,434,1.00
615,434,1.00
616,434,1.00
617,434,1.00
618,434,1.00
619,434,1.00
620,434,1.00
621,434,1.00
622,434,1.00
612,433,1.00
613,433,1.00
614,433,1.00
615,433,1.00
616,433,1.00
617,433,1.00
618,433,1.00
619,433,1.00
620,433,1.00
621,433,1.00
622,433,1.00
612,431,1.00
613,431,1.00
614,431,1.00
615,431,1.00
616,431,1.00
617,431,1.00
618,431,1.00
619,431,1.00
620,431,1.00
621,431,1.00
622,431,1.00
612,432,1.00
613,432,1.00
614,432,1.00
615,432,1.00
616,432,1.00
617,432,1.00
618,432,1.00
619,432,1.00
620,432,1.00
621,432,1.00
622,432,1.00
612,430,1.00
613,430,1.00
614,430,1.00
615,430,1.00
616,430,1.00
617,430,1.00
618,430,1.00
619,430,1.00
620,430,1.00
621,430,1.00
622,430,1.00
612,429,1.00
613,429,1.00
614,429,1.00
615,429,1.00
616,429,1.00
617,429,1.00
618,429,1.00
619,429,1.00
620,429,1.00
621,429,1.00
622,429,1.00
612,428,1.00
613,428,1.00
614,428,1.00
615,428,1.00
616,428,1.00
617,428,1.00
618,428,1.00
619,428,1.00
620,428,1.00
621,428,1.00
622,428,1.00
612,426,1.00
613,426,1.00
614,426,1.00
615,426,1.00
616,426,1.00
617,426,1.00
618,426,1.00
619,426,1.00
620,426,1.00
621,426,1.00
622,426,1.00
612,427,1.00
613,427,1.00
614,427,1.00
615,427,1.00
616,427,1.00
617,427,1.00
618,427,1.00
619,427,1.00
620,427,1.00
621,427,1.00
622,427,1.00
612,423,1.00
613,423,1.00
614,423,1.00
615,423,1.00
616,423,1.00
617,423,1.00
618,423,1.00
619,423,1.00
620,423,1.00
621,423,1.00
622,423,1.00
612,424,1.00
613,424,1.00
614,424,1.00
615,424,1.00
616,424,1.00
617,424,1.00
618,424,1.00
619,424,1.00
620,424,1.00
621,424,1.00
622,424,1.00
612,425,1.00
613,425,1.00
614,425,1.00
615,425,1.00
616,425,1.00
617,425,1.00
618,425,1.00
619,425,1.00
620,425,1.00
621,425,1.00
622,425,1.00
612,422,1.00
613,422,1.00
614,422,1.00
615,422,1.00
616,422,1.00
617,422,1.00
618,422,1.00
619,422,1.00
620,422,1.00
621,422,1.00
622,422,1.00
612,420,1.00
613,420,1.00
614,420,1.00
615,420,1.00
616,420,1.00
617,420,1.00
618,420,1.00
619,420,1.00
620,420,1.00
621,420,1.00
622,420,1.00
612,421,1.00
613,421,1.00
614,421,1.00
615,421,1.00
616,421,1.00
617,421,1.00
618,421,1.00
619,421,1.00
620,421,1.00
621,421,1.00
622,421,1.00
612,419,1.00
613,419,1.00
614,419,1.00
615,419,1.00
616,419,1.00
617,419,1.00
618,419,1.00
619,419,1.00
620,419,1.00
621,419,1.00
622,419,1.00
612,418,1.00
613,418,1.00
614,418,1.00
615,418,1.00
616,418,1.00
617,418,1.00
618,418,1.00
619,418,1.00
620,418,1.00
621,418,1.00
622,418,1.00
612,417,1.00
613,417,1.00
614,417,1.00
615,417,1.00
616,417,1.00
617,417,1.00
618,417,1.00
619,417,1.00
620,417,1.00
621,417,1.00
622,417,1.00
612,416,1.00
613,416,1.00
614,416,1.00
615,416,1.00
616,416,1.00
617,416,1.00
618,416,1.00
619,416,1.00
620,416,1.00
621,416,1.00
622,416,1.00
612,414,1.00
613,414,1.00
614,414,1.00
615,414,1.00
616,414,1.00
617,414,1.00
618,414,1.00
619,414,1.00
620,414,1.00
621,414,1.00
622,414,1.00
612,415,1.00
613,415,1.00
614,415,1.00
615,415,1.00
616,415,1.00
617,415,1.00
618,415,1.00
619,415,1.00
620,415,1.00
621,415,1.00
622,415,1.00
612,413,1.00
613,413,1.00
614,413,1.00
615,413,1.00
616,413,1.00
617,413,1.00
618,413,1.00
619,413,1.00
620,413,1.00
621,413,1.00
622,413,1.00
612,412,1.00
613,412,1.00
614,412,1.00
615,412,1.00
616,412,1.00
617,412,1.00
618,412,1.00
619,412,1.00
620,412,1.00
621,412,1.00
622,412,1.00
612,411,1.00
613,411,1.00
614,411,1.00
615,411,1.00
616,411,1.00
617,411,1.00
618,411,1.00
619,411,1.00
620,411,1.00
621,411,1.00
622,411,1.00
612,410,1.00
613,410,1.00
614,410,1.00
615,410,1.00
616,410,1.00
617,410,1.00
618,410,1.00
619,410,1.00
620,410,1.00
621,410,1.00
622,410,1.00
612,409,1.00
613,409,1.00
614,409,1.00
615,409,1.00
616,409,1.00
617,409,1.00
618,409,1.00
619,409,1.00
620,409,1.00
621,409,1.00
622,409,1.00
612,408,1.00
613,408,1.00
614,408,1.00
615,408,1.00
616,408,1.00
617,408,1.00
618,408,1.00
619,408,1.00
620,408,1.00
621,408,1.00
622,408,0.90
612,407,1.00
613,407,1.00
614,407,1.00
615,407,1.00
616,407,1.00
617,407,1.00
618,407,1.00
619,407,1.00
620,407,1.00
621,407,1.00
622,407,0.60
611,405,0.90
612,405,0.90
613,405,0.90
614,405,0.90
615,405,0.90
616,405,0.90
617,405,0.90
618,405,0.90
619,405,0.90
620,405,0.90
621,405,0.90
611,406,0.90
612,406,0.90
613,406,0.90
614,406,1.00
615,406,1.00
616,406,1.00
617,406,1.00
618,406,1.00
619,406,0.90
620,406,0.90
621,406,0.90
611,407,0.90
611,408,0.90
611,409,0.90
611,410,0.90
611,411,0.90
611,412,0.90
611,413,0.90
611,414,0.90
611,415,0.90

611,405,0.60
612,405,1.00
613,405,1.00
614,405,1.00
615,405,1.00
616,405,1.00
617,405,1.00
618,405,1.00
619,405,1.00
620,405,1.00
621,405,1.00
611,406,0.60
612,406,1.00
613,406,1.00
614,406,1.00
615,406,1.00
616,406,1.00
617,406,1.00
618,406,1.00
619,406,1.00
620,406,1.00
621,406,1.00
611,407,0.60
612,407,1.00
613,407,1.00
614,407,1.00
615,407,1.00
616,407,1.00
617,407,1.00
618,407,1.00
619,407,1.00
620,407,1.00
621,407,1.00
611,408,0.60
612,408,1.00
613,408,1.00
614,408,1.00
615,408,1.00
616,408,1.00
617,408,1.00
618,408,1.00
619,408,1.00
620,408,1.00
621,408,1.00
611,409,0.60
612,409,1.00
613,409,1.00
614,409,1.00
615,409,1.00
616,409,1.00
617,409,1.00
618,409,1.00
619,409,1.00
620,409,1.00
621,409,1.00
611,410,0.60
612,410,1.00
613,410,1.00
614,410,1.00
615,410,1.00
616,410,1.00
617,410,1.00
618,410,1.00
619,410,1.00
620,410,1.00
621,410,1.00
611,411,0.60
612,411,1.00
613,411,1.00
614,411,1.00
615,411,1.00
616,411,1.00
617,411,1.00
618,411,1.00
619,411,1.00
620,411,1.00
621,411,1.00
611,412,0.60
612,412,1.00
613,412,1.00
614,412,1.00
615,412,1.00
616,412,1.00
617,412,1.00
618,412,1.00
619,412,1.00
620,412,1.00
621,412,1.00
611,413,0.60
612,413,1.00
613,413,1.00
614,413,1.00
615,413,1.00
616,413,1.00
617,413,1.00
618,413,1.00
619,413,1.00
620,413,1.00
621,413,1.00
611,414,0.60
612,414,1.00
613,414,1.00
614,414,1.00
615,414,1.00
616,414,1.00
617,414,1.00
618,414,1.00
619,414,1.00
620,414,1.00
621,414,1.00
611,415,0.60
612,415,0.60
613,415,0.60
614,415,0.60
615,415,0.60
616,415,0.60
617,415,0.60
618,415,0.60
619,415,0.60
620,415,0.60
621,415,0.60
612,404,0.60
613,404,0.90
614,404,1.00
615,404,1.00
616,404,1.00
617,404,1.00
618,404,1.00
619,404,1.00
620,404,1.00
621,404,1.00
622,404,1.00
622,405,1.00
622,406,1.00
622,407,1.00
622,408,1.00
622,409,1.00
622,410,1.00
622,411,1.00
622,412,1.00
622,413,1.00
622,414,0.60
613,403,0.30
614,403,0.60
615,403,0.90
616,403,1.00
617,403,1.00
618,403,1.00
619,403,1.00
620,403,1.00
621,403,1.00
622,403,1.00
623,403,1.00
623,404,1.00
623,405,1.00
623,406,1.00
623,407,1.00
623,408,1.00
623,409,1.00
623,410,1.00
623,411,1.00
623,412,0.90
623,413,0.60
624,403,1.00
624,404,1.00
624,405,1.00
624,406,1.00
624,407,1.00
624,408,1.00
624,409,1.00
624,410,1.00
624,411,1.00
624,412,0.60
624,413,0.30
615,402,0.30
616,402,0.60
617,402,0.90
618,402,1.00
619,402,1.00
620,402,1.00
621,402,1.00
622,402,1.00
623,402,1.00
624,402,1.00
625,402,1.00
625,403,1.00
625,404,1.00
625,405,1.00
625,406,1.00
625,407,1.00
625,408,1.00
625,409,1.00
625,410,1.00
625,411,0.90
625,412,0.30
616,401,0.30
617,401,0.60
618,401,1.00
619,401,1.00
620,401,1.00
621,401,1.00
622,401,1.00
623,401,1.00
624,401,1.00
625,401,1.00
626,401,1.00
626,402,1.00
626,403,1.00
626,404,1.00
626,405,1.00
626,406,1.00
626,407,1.00
626,408,1.00
626,409,1.00
626,410,0.90
626,411,0.60
627,401,1.00
627,402,1.00
627,403,1.00
627,404,1.00
627,405,1.00
627,406,1.00
627,407,1.00
627,408,1.00
627,409,1.00
627,410,0.60
627,411,0.30
618,400,0.90
619,400,1.00
620,400,1.00
621,400,1.00
622,400,1.00
623,400,1.00
624,400,1.00
625,400,1.00
626,400,1.00
627,400,1.00
628,400,1.00
628,401,1.00
628,402,1.00
628,403,1.00
628,404,1.00
628,405,1.00
628,406,1.00
628,407,1.00
628,408,1.00
628,409,0.90
628,410,0.30
618,399,0.60
619,399,0.90
620,399,1.00
621,399,1.00
622,399,1.00
623,399,1.00
624,399,1.00
625,399,1.00
626,399,1.00
627,399,1.00
628,399,1.00
619,398,0.30
620,398,0.60
621,398,1.00
622,398,1.00
623,398,1.00
624,398,1.00
625,398,1.00
626,398,1.00
627,398,1.00
628,398,1.00
629,398,1.00
629,399,1.00
629,400,1.00
629,401,1.00
629,402,1.00
629,403,1.00
629,404,1.00
629,405,1.00
629,406,0.90
629,407,0.60
629,408,0.60
630,398,1.00
630,399,1.00
630,400,1.00
630,401,1.00
630,402,1.00
630,403,1.00
630,404,1.00
630,405,1.00
630,406,0.60
630,407,0.30
630,408,0.30
621,396,0.60
622,396,1.00
623,396,1.00
624,396,1.00
625,396,1.00
626,396,1.00
627,396,1.00
628,396,1.00
629,396,1.00
630,396,1.00
631,396,1.00
621,397,0.60
622,397,1.00
623,397,1.00
624,397,1.00
625,397,1.00
626,397,1.00
627,397,1.00
628,397,1.00
629,397,1.00
630,397,1.00
631,397,1.00
631,398,1.00
631,399,1.00
631,400,1.00
631,401,1.00
631,402,1.00
631,403,1.00
631,404,1.00
631,405,1.00
631,406,0.30
621,395,0.30
622,395,0.90
623,395,1.00
624,395,1.00
625,395,1.00
626,395,1.00
627,395,1.00
628,395,1.00
629,395,1.00
630,395,1.00
631,395,1.00
632,395,1.00
632,396,1.00
632,397,1.00
632,398,1.00
632,399,1.00
632,400,1.00
632,401,1.00
632,402,1.00
632,403,1.00
632,404,0.90
632,405,0.60
623,394,0.60
624,394,1.00
625,394,1.00
626,394,1.00
627,394,1.00
628,394,1.00
629,394,1.00
630,394,1.00
631,394,1.00
632,394,1.00
633,394,1.00
633,395,1.00
633,396,1.00
633,397,1.00
633,398,1.00
633,399,1.00
633,400,1.00
633,401,1.00
633,402,1.00
633,403,0.90
633,404,0.30
623,393,0.30
624,393,0.90
625,393,1.00
626,393,1.00
627,393,1.00
628,393,1.00
629,393,1.00
630,393,1.00
631,393,1.00
632,393,1.00
633,393,1.00
634,393,1.00
634,394,1.00
634,395,1.00
634,396,1.00
634,397,1.00
634,398,1.00
634,399,1.00
634,400,0.90
634,401,0.90
634,402,0.60
634,403,0.30
624,392,0.30
625,392,0.60
626,392,1.00
627,392,1.00
628,392,1.00
629,392,1.00
630,392,1.00
631,392,1.00
632,392,1.00
633,392,1.00
634,392,1.00
625,391,0.30
626,391,0.90
627,391,1.00
628,391,1.00
629,391,1.00
630,391,1.00
631,391,1.00
632,391,1.00
633,391,1.00
634,391,1.00
635,391,1.00
635,392,1.00
635,393,1.00
635,394,1.00
635,395,1.00
635,396,1.00
635,397,1.00
635,398,0.90
635,399,0.60
635,400,0.30
635,401,0.30
626,389,0.60
627,389,1.00
628,389,1.00
629,389,1.00
630,389,1.00
631,389,1.00
632,389,1.00
633,389,1.00
634,389,1.00
635,389,1.00
636,389,1.00
626,390,0.60
627,390,1.00
628,390,1.00
629,390,1.00
630,390,1.00
631,390,1.00
632,390,1.00
633,390,1.00
634,390,1.00
635,390,1.00
636,390,1.00
636,391,1.00
636,392,1.00
636,393,1.00
636,394,1.00
636,395,1.00
636,396,1.00
636,397,0.90
636,398,0.60
636,399,0.30
626,388,0.30
627,388,0.90
628,388,1.00
629,388,1.00
630,388,1.00
631,388,1.00
632,388,1.00
633,388,1.00
634,388,1.00
635,388,1.00
636,388,1.00
627,387,0.60
628,387,0.90
629,387,1.00
630,387,1.00
631,387,1.00
632,387,1.00
633,387,1.00
634,387,1.00
635,387,1.00
636,387,1.00
637,387,1.00
637,388,1.00
637,389,1.00
637,390,1.00
637,391,1.00
637,392,1.00
637,393,1.00
637,394,0.90
637,395,0.60
637,396,0.60
637,397,0.30
627,386,0.30
628,386,0.60
629,386,1.00
630,386,1.00
631,386,1.00
632,386,1.00
633,386,1.00
634,386,1.00
635,386,1.00
636,386,1.00
637,386,1.00
628,384,0.30
629,384,1.00
630,384,1.00
631,384,1.00
632,384,1.00
633,384,1.00
634,384,1.00
635,384,1.00
636,384,1.00
637,384,1.00
638,384,1.00
628,385,0.30
629,385,1.00
630,385,1.00
631,385,1.00
632,385,1.00
633,385,1.00
634,385,1.00
635,385,1.00
636,385,1.00
637,385,1.00
638,385,1.00
638,386,1.00
638,387,1.00
638,388,1.00
638,389,1.00
638,390,1.00
638,391,1.00
638,392,1.00
638,393,0.90
638,394,0.30
629,383,1.00
630,383,1.00
631,383,1.00
632,383,1.00
633,383,1.00
634,383,1.00
635,383,1.00
636,383,1.00
637,383,1.00
638,383,1.00
639,383,1.00
639,384,1.00
639,385,1.00
639,386,1.00
639,387,1.00
639,388,1.00
639,389,1.00
639,390,1.00
639,391,1.00
639,392,0.90
639,393,0.60
629,382,1.00
630,382,1.00
631,382,1.00
632,382,1.00
633,382,1.00
634,382,1.00
635,382,1.00
636,382,1.00
637,382,1.00
638,382,1.00
639,382,1.00
629,381,0.90
630,381,1.00
631,381,1.00
632,381,1.00
633,381,1.00
634,381,1.00
635,381,1.00
636,381,1.00
637,381,1.00
638,381,1.00
639,381,1.00
629,380,0.30
630,380,1.00
631,380,1.00
632,380,1.00
633,380,1.00
634,380,1.00
635,380,1.00
636,380,1.00
637,380,1.00
638,380,1.00
639,380,1.00
630,379,1.00
631,379,1.00
632,379,1.00
633,379,1.00
634,379,1.00
635,379,1.00
636,379,1.00
637,379,1.00
638,379,1.00
639,379,1.00
640,379,1.00
640,380,1.00
640,381,1.00
640,382,1.00
640,383,1.00
640,384,1.00
640,385,1.00
640,386,1.00
640,387,0.60
640,388,0.60
640,389,0.30
630,378,1.00
631,378,1.00
632,378,1.00
633,378,1.00
634,378,1.00
635,378,1.00
636,378,1.00
637,378,1.00
638,378,1.00
639,378,1.00
640,378,1.00
630,376,1.00
631,376,1.00
632,376,1.00
633,376,1.00
634,376,1.00
635,376,1.00
636,376,1.00
637,376,1.00
638,376,1.00
639,376,1.00
640,376,1.00
630,377,1.00
631,377,1.00
632,377,1.00
633,377,1.00
634,377,1.00
635,377,1.00
636,377,1.00
637,377,1.00
638,377,1.00
639,377,1.00
640,377,1.00
630,375,1.00
631,375,1.00
632,375,1.00
633,375,1.00
634,375,1.00
635,375,1.00
636,375,1.00
637,375,1.00
638,375,1.00
639,375,1.00
640,375,1.00
630,374,1.00
631,374,1.00
632,374,1.00
633,374,1.00
634,374,1.00
635,374,1.00
636,374,1.00
637,374,1.00
638,374,1.00
639,374,1.00
640,374,1.00
630,373,0.30
631,373,1.00
632,373,1.00
633,373,1.00
634,373,1.00
635,373,1.00
636,373,1.00
637,373,1.00
638,373,1.00
639,373,1.00
640,373,1.00
631,372,1.00
632,372,1.00
633,372,1.00
634,372,1.00
635,372,1.00
636,372,1.00
637,372,1.00
638,372,1.00
639,372,1.00
640,372,1.00
641,372,1.00
641,373,1.00
641,374,1.00
641,375,1.00
641,376,1.00
641,377,1.00
641,378,1.00
641,379,1.00
641,380,1.00
641,381,0.90
641,382,0.60
631,371,1.00
632,371,1.00
633,371,1.00
634,371,1.00
635,371,1.00
636,371,1.00
637,371,1.00
638,371,1.00
639,371,1.00
640,371,1.00
641,371,1.00
631,370,1.00
632,370,1.00
633,370,1.00
634,370,1.00
635,370,1.00
636,370,1.00
637,370,1.00
638,370,1.00
639,370,1.00
640,370,1.00
641,370,1.00
631,369,1.00
632,369,1.00
633,369,1.00
634,369,1.00
635,369,1.00
636,369,1.00
637,369,1.00
638,369,1.00
639,369,1.00
640,369,1.00
641,369,1.00
631,368,1.00
632,368,1.00
633,368,1.00
634,368,1.00
635,368,1.00
636,368,1.00
637,368,1.00
638,368,1.00
639,368,1.00
640,368,1.00
641,368,1.00
631,367,1.00
632,367,1.00
633,367,1.00
634,367,1.00
635,367,1.00
636,367,1.00
637,367,1.00
638,367,1.00
639,367,1.00
640,367,1.00
641,367,1.00
631,366,0.90
632,366,1.00
633,366,1.00
634,366,1.00
635,366,1.00
636,366,1.00
637,366,1.00
638,366,1.00
639,366,1.00
640,366,1.00
641,366,1.00
631,365,0.60
632,365,1.00
633,365,1.00
634,365,1.00
635,365,1.00
636,365,1.00
637,365,1.00
638,365,1.00
639,365,1.00
640,365,1.00
641,365,1.00
631,364,0.30
632,364,1.00
633,364,1.00
634,364,1.00
635,364,1.00
636,364,1.00
637,364,1.00
638,364,1.00
639,364,1.00
640,364,1.00
641,364,1.00
632,363,1.00
633,363,1.00
634,363,1.00
635,363,1.00
636,363,1.00
637,363,1.00
638,363,1.00
639,363,1.00
640,363,1.00
641,363,1.00
642,363,1.00
642,364,1.00
642,365,1.00
642,366,1.00
642,367,1.00
642,368,1.00
642,369,0.90
642,370,0.90
642,371,0.90
642,372,0.60
642,373,0.30
632,362,1.00
633,362,1.00
634,362,1.00
635,362,1.00
636,362,1.00
637,362,1.00
638,362,1.00
639,362,1.00
640,362,1.00
641,362,1.00
642,362,1.00
632,361,1.00
633,361,1.00
634,361,1.00
635,361,1.00
636,361,1.00
637,361,1.00
638,361,1.00
639,361,1.00
640,361,1.00
641,361,1.00
642,361,1.00
632,358,1.00
633,358,1.00
634,358,1.00
635,358,1.00
636,358,1.00
637,358,1.00
638,358,1.00
639,358,1.00
640,358,1.00
641,358,1.00
642,358,1.00
632,359,1.00
633,359,1.00
634,359,1.00
635,359,1.00
636,359,1.00
637,359,1.00
638,359,1.00
639,359,1.00
640,359,1.00
641,359,1.00
642,359,1.00
632,360,1.00
633,360,1.00
634,360,1.00
635,360,1.00
636,360,1.00
637,360,1.00
638,360,1.00
639,360,1.00
640,360,1.00
641,360,1.00
642,360,1.00
632,357,1.00
633,357,1.00
634,357,1.00
635,357,1.00
636,357,1.00
637,357,1.00
638,357,1.00
639,357,1.00
640,357,1.00
641,357,1.00
642,357,1.00
632,355,1.00
633,355,1.00
634,355,1.00
635,355,1.00
636,355,1.00
637,355,1.00
638,355,1.00
639,355,1.00
640,355,1.00
641,355,1.00
642,355,1.00
632,356,1.00
633,356,1.00
634,356,1.00
635,356,1.00
636,356,1.00
637,356,1.00
638,356,1.00
639,356,1.00
640,356,1.00
641,356,1.00
642,356,1.00
632,354,1.00
633,354,1.00
634,354,1.00
635,354,1.00
636,354,1.00
637,354,1.00
638,354,1.00
639,354,1.00
640,354,1.00
641,354,1.00
642,354,1.00
632,353,1.00
633,353,1.00
634,353,1.00
635,353,1.00
636,353,1.00
637,353,1.00
638,353,1.00
639,353,1.00
640,353,1.00
641,353,1.00
642,353,1.00
632,351,1.00
633,351,1.00
634,351,1.00
635,351,1.00
636,351,1.00
637,351,1.00
638,351,1.00
639,351,1.00
640,351,1.00
641,351,1.00
642,351,1.00
632,352,1.00
633,352,1.00
634,352,1.00
635,352,1.00
636,352,1.00
637,352,1.00
638,352,1.00
639,352,1.00
640,352,1.00
641,352,1.00
642,352,1.00
632,350,1.00
633,350,1.00
634,350,1.00
635,350,1.00
636,350,1.00
637,350,1.00
638,350,1.00
639,350,1.00
640,350,1.00
641,350,1.00
642,350,1.00
632,349,1.00
633,349,1.00
634,349,1.00
635,349,1.00
636,349,1.00
637,349,1.00
638,349,1.00
639,349,1.00
640,349,1.00
641,349,1.00
642,349,1.00
632,348,1.00
633,348,1.00
634,348,1.00
635,348,1.00
636,348,1.00
637,348,1.00
638,348,1.00
639,348,1.00
640,348,1.00
641,348,1.00
642,348,1.00
632,347,1.00
633,347,1.00
634,347,1.00
635,347,1.00
636,347,1.00
637,347,1.00
638,347,1.00
639,347,1.00
640,347,1.00
641,347,1.00
642,347,1.00
632,346,1.00
633,346,1.00
634,346,1.00
635,346,1.00
636,346,1.00
637,346,1.00
638,346,1.00
639,346,1.00
640,346,1.00
641,346,1.00
642,346,1.00
632,345,1.00
633,345,1.00
634,345,1.00
635,345,1.00
636,345,1.00
637,345,1.00
638,345,1.00
639,345,1.00
640,345,1.00
641,345,1.00
642,345,1.00
632,344,1.00
633,344,1.00
634,344,1.00
635,344,1.00
636,344,1.00
637,344,1.00
638,344,1.00
639,344,1.00
640,344,1.00
641,344,1.00
642,344,1.00
632,342,1.00
633,342,1.00
634,342,1.00
635,342,1.00
636,342,1.00
637,342,1.00
638,342,1.00
639,342,1.00
640,342,1.00
641,342,1.00
642,342,1.00
632,343,1.00
633,343,1.00
634,343,1.00
635,343,1.00
636,343,1.00
637,343,1.00
638,343,1.00
639,343,1.00
640,343,1.00
641,343,1.00
642,343,1.00
632,341,1.00
633,341,1.00
634,341,1.00
635,341,1.00
636,341,1.00
637,341,1.00
638,341,1.00
639,341,1.00
640,341,1.00
641,341,1.00
642,341,1.00
632,340,1.00
633,340,1.00
634,340,1.00
635,340,1.00
636,340,1.00
637,340,1.00
638,340,1.00
639,340,1.00
640,340,1.00
641,340,1.00
642,340,1.00
632,339,1.00
633,339,1.00
634,339,1.00
635,339,1.00
636,339,1.00
637,339,1.00
638,339,1.00
639,339,1.00
640,339,1.00
641,339,1.00
642,339,1.00
632,338,1.00
633,338,1.00
634,338,1.00
635,338,1.00
636,338,1.00
637,338,1.00
638,338,1.00
639,338,1.00
640,338,1.00
641,338,1.00
642,338,1.00
632,337,1.00
633,337,1.00
634,337,1.00
635,337,1.00
636,337,1.00
637,337,1.00
638,337,1.00
639,337,1.00
640,337,1.00
641,337,1.00
642,337,0.90
632,335,1.00
633,335,1.00
634,335,1.00
635,335,1.00
636,335,1.00
637,335,1.00
638,335,1.00
639,335,1.00
640,335,1.00
641,335,1.00
642,335,0.60
632,336,1.00
633,336,1.00
634,336,1.00
635,336,1.00
636,336,1.00
637,336,1.00
638,336,1.00
639,336,1.00
640,336,1.00
641,336,1.00
642,336,0.60
632,334,1.00
633,334,1.00
634,334,1.00
635,334,1.00
636,334,1.00
637,334,1.00
638,334,1.00
639,334,1.00
640,334,1.00
641,334,1.00
642,334,0.30
631,330,1.00
632,330,1.00
633,330,1.00
634,330,1.00
635,330,1.00
636,330,1.00
637,330,1.00
638,330,1.00
639,330,1.00
640,330,1.00
641,330,0.90
631,331,1.00
632,331,1.00
633,331,1.00
634,331,1.00
635,331,1.00
636,331,1.00
637,331,1.00
638,331,1.00
639,331,1.00
640,331,1.00
641,331,0.90
631,332,1.00
632,332,1.00
633,332,1.00
634,332,1.00
635,332,1.00
636,332,1.00
637,332,1.00
638,332,1.00
639,332,1.00
640,332,1.00
641,332,0.90
631,333,1.00
632,333,1.00
633,333,1.00
634,333,1.00
635,333,1.00
636,333,1.00
637,333,1.00
638,333,1.00
639,333,1.00
640,333,1.00
641,333,0.90
631,334,1.00
631,335,1.00
631,336,0.90
631,337,0.90
631,338,0.60
631,339,0.60
631,340,0.30
631,329,1.00
632,329,1.00
633,329,1.00
634,329,1.00
635,329,1.00
636,329,1.00
637,329,1.00
638,329,1.00
639,329,1.00
640,329,1.00
641,329,0.60
631,327,1.00
632,327,1.00
633,327,1.00
634,327,1.00
635,327,1.00
636,327,1.00
637,327,1.00
638,327,1.00
639,327,1.00
640,327,0.90
641,327,0.30
631,328,1.00
632,328,1.00
633,328,1.00
634,328,1.00
635,328,1.00
636,328,1.00
637,328,1.00
638,328,1.00
639,328,1.00
640,328,0.90
641,328,0.30
630,325,1.00
631,325,1.00
632,325,1.00
633,325,1.00
634,325,1.00
635,325,1.00
636,325,1.00
637,325,1.00
638,325,1.00
639,325,1.00
640,325,0.60
630,326,1.00
631,326,1.00
632,326,1.00
633,326,1.00
634,326,1.00
635,326,1.00
636,326,1.00
637,326,1.00
638,326,1.00
639,326,1.00
640,326,0.60
630,327,1.00
630,328,1.00
630,329,1.00
630,330,1.00
630,331,1.00
630,332,0.90
630,333,0.60
630,334,0.30
630,335,0.30
630,323,1.00
631,323,1.00
632,323,1.00
633,323,1.00
634,323,1.00
635,323,1.00
636,323,1.00
637,323,1.00
638,323,1.00
639,323,0.90
640,323,0.30
630,324,1.00
631,324,1.00
632,324,1.00
633,324,1.00
634,324,1.00
635,324,1.00
636,324,1.00
637,324,1.00
638,324,1.00
639,324,0.90
640,324,0.30
629,322,1.00
630,322,1.00
631,322,1.00
632,322,1.00
633,322,1.00
634,322,1.00
635,322,1.00
636,322,1.00
637,322,1.00
638,322,1.00
639,322,0.60
629,323,1.00
629,324,1.00
629,325,1.00
629,326,1.00
629,327,1.00
629,328,1.00
629,329,1.00
629,330,1.00
629,331,0.60
629,332,0.30
629,321,1.00
630,321,1.00
631,321,1.00
632,321,1.00
633,321,1.00
634,321,1.00
635,321,1.00
636,321,1.00
637,321,1.00
638,321,0.90
639,321,0.30
628,320,1.00
629,320,1.00
630,320,1.00
631,320,1.00
632,320,1.00
633,320,1.00
634,320,1.00
635,320,1.00
636,320,1.00
637,320,1.00
638,320,0.60
628,321,1.00
628,322,1.00
628,323,1.00
628,324,1.00
628,325,1.00
628,326,1.00
628,327,1.00
628,328,1.00
628,329,1.00
628,330,0.60
627,319,1.00
628,319,1.00
629,319,1.00
630,319,1.00
631,319,1.00
632,319,1.00
633,319,1.00
634,319,1.00
635,319,1.00
636,319,1.00
637,319,1.00
627,320,1.00
627,321,1.00
627,322,1.00
627,323,1.00
627,324,1.00
627,325,1.00
627,326,1.00
627,327,1.00
627,328,1.00
627,329,1.00
626,318,1.00
627,318,1.00
628,318,1.00
629,318,1.00
630,318,1.00
631,318,1.00
632,318,1.00
633,318,1.00
634,318,1.00
635,318,0.60
636,318,0.60
626,319,1.00
626,320,1.00
626,321,1.00
626,322,1.00
626,323,1.00
626,324,1.00
626,325,1.00
626,326,1.00
626,327,1.00
626,328,0.60
624,317,1.00
625,317,1.00
626,317,1.00
627,317,1.00
628,317,1.00
629,317,1.00
630,317,1.00
631,317,1.00
632,317,1.00
633,317,0.90
634,317,0.60
624,318,1.00
625,318,1.00
624,319,1.00
625,319,1.00
624,320,1.00
625,320,1.00
624,321,1.00
625,321,1.00
624,322,1.00
625,322,1.00
624,323,1.00
625,323,1.00
624,324,1.00
625,324,1.00
624,325,1.00
625,325,1.00
624,326,1.00
625,326,1.00
624,327,1.00
625,327,1.00
623,317,1.00
623,318,1.00
623,319,1.00
623,320,1.00
623,321,1.00
623,322,1.00
623,323,1.00
623,324,1.00
623,325,1.00
623,326,1.00
623,327,0.90
622,317,1.00
622,318,1.00
622,319,1.00
622,320,1.00
622,321,1.00
622,322,1.00
622,323,1.00
622,324,1.00
622,325,1.00
622,326,1.00
622,327,0.60
621,317,1.00
621,318,1.00
621,319,1.00
621,320,1.00
621,321,1.00
621,322,1.00
621,323,1.00
621,324,1.00
621,325,1.00
621,326,1.00
621,327,0.30
620,316,1.00
621,316,1.00
622,316,1.00
623,316,1.00
624,316,1.00
625,316,1.00
626,316,1.00
627,316,1.00
628,316,1.00
629,316,0.90
630,316,0.60
620,317,1.00
620,318,1.00
620,319,1.00
620,320,1.00
620,321,1.00
620,322,1.00
620,323,1.00
620,324,1.00
620,325,1.00
620,326,1.00
619,316,1.00
619,317,1.00
619,318,1.00
619,319,1.00
619,320,1.00
619,321,1.00
619,322,1.00
619,323,1.00
619,324,1.00
619,325,1.00
619,326,0.60
618,316,1.00
618,317,1.00
618,318,1.00
618,319,1.00
618,320,1.00
618,321,1.00
618,322,1.00
618,323,1.00
618,324,1.00
618,325,1.00
618,326,0.30
618,315,1.00
619,315,1.00
620,315,1.00
621,315,1.00
622,315,1.00
623,315,1.00
624,315,1.00
625,315,1.00
626,315,1.00
627,315,1.00
628,315,0.60
617,315,1.00
617,316,1.00
617,317,1.00
617,318,1.00
617,319,1.00
617,320,1.00
617,321,1.00
617,322,1.00
617,323,1.00
617,324,1.00
617,325,1.00
616,315,0.60
616,316,0.60
616,317,0.60
616,318,0.60
616,319,0.60
616,320,0.60
616,321,0.60
616,322,0.60
616,323,0.60
616,324,0.60
616,325,0.60

616,315,1.00
617,315,1.00
618,315,1.00
619,315,1.00
620,315,1.00
621,315,1.00
622,315,1.00
623,315,1.00
624,315,0.90
625,315,0.90
626,315,0.60
616,316,1.00
617,316,1.00
618,316,1.00
619,316,1.00
620,316,1.00
621,316,1.00
622,316,1.00
623,316,1.00
624,316,0.90
625,316,0.90
626,316,0.60
616,317,1.00
617,317,1.00
618,317,1.00
619,317,1.00
620,317,1.00
621,317,1.00
622,317,1.00
623,317,1.00
624,317,1.00
625,317,0.90
626,317,0.60
616,318,1.00
617,318,1.00
618,318,1.00
619,318,1.00
620,318,1.00
621,318,1.00
622,318,1.00
623,318,1.00
624,318,1.00
625,318,1.00
626,318,0.60
616,319,1.00
617,319,1.00
618,319,1.00
619,319,1.00
620,319,1.00
621,319,1.00
622,319,1.00
623,319,1.00
624,319,1.00
625,319,1.00
626,319,0.60
616,320,1.00
617,320,1.00
618,320,1.00
619,320,1.00
620,320,1.00
621,320,1.00
622,320,1.00
623,320,1.00
624,320,1.00
625,320,1.00
626,320,0.60
616,321,1.00
617,321,1.00
618,321,1.00
619,321,1.00
620,321,1.00
621,321,1.00
622,321,1.00
623,321,1.00
624,321,1.00
625,321,1.00
626,321,0.60
616,322,1.00
617,322,1.00
618,322,1.00
619,322,1.00
620,322,1.00
621,322,1.00
622,322,1.00
623,322,1.00
624,322,1.00
625,322,1.00
626,322,0.60
616,323,1.00
617,323,1.00
618,323,1.00
619,323,1.00
620,323,1.00
621,323,1.00
622,323,1.00
623,323,1.00
624,323,1.00
625,323,0.90
626,323,0.60
616,324,0.90
617,324,0.90
618,324,0.90
619,324,1.00
620,324,1.00
621,324,1.00
622,324,1.00
623,324,1.00
624,324,0.90
625,324,0.90
626,324,0.60
616,325,0.60
617,325,0.60
618,325,0.60
619,325,0.60
620,325,0.60
621,325,0.60
622,325,0.60
623,325,0.60
624,325,0.60
625,325,0.60
626,325,0.60
615,314,1.00
616,314,1.00
617,314,1.00
618,314,1.00
619,314,1.00
620,314,1.00
621,314,1.00
622,314,1.00
623,314,0.90
624,314,0.30
625,314,0.30
615,315,1.00
615,316,1.00
615,317,1.00
615,318,1.00
615,319,1.00
615,320,1.00
615,321,1.00
615,322,1.00
615,323,0.90
615,324,0.30
613,313,1.00
614,313,1.00
615,313,1.00
616,313,1.00
617,313,1.00
618,313,1.00
619,313,1.00
620,313,1.00
621,313,1.00
622,313,1.00
623,313,0.60
613,314,1.00
614,314,1.00
613,315,1.00
614,315,1.00
613,316,1.00
614,316,1.00
613,317,1.00
614,317,1.00
613,318,1.00
614,318,1.00
613,319,1.00
614,319,1.00
613,320,1.00
614,320,1.00
613,321,1.00
614,321,1.00
613,322,1.00
614,322,1.00
613,323,0.60
614,323,0.60
612,312,1.00
613,312,1.00
614,312,1.00
615,312,1.00
616,312,1.00
617,312,1.00
618,312,1.00
619,312,1.00
620,312,1.00
621,312,1.00
622,312,0.90
612,313,1.00
612,314,1.00
612,315,1.00
612,316,1.00
612,317,1.00
612,318,1.00
612,319,1.00
612,320,1.00
612,321,1.00
612,322,0.90
611,311,1.00
612,311,1.00
613,311,1.00
614,311,1.00
615,311,1.00
616,311,1.00
617,311,1.00
618,311,1.00
619,311,1.00
620,311,1.00
621,311,0.60
611,312,1.00
611,313,1.00
611,314,1.00
611,315,1.00
611,316,1.00
611,317,1.00
611,318,1.00
611,319,1.00
611,320,1.00
611,321,0.60
610,310,1.00
611,310,1.00
612,310,1.00
613,310,1.00
614,310,1.00
615,310,1.00
616,310,1.00
617,310,1.00
618,310,1.00
619,310,1.00
620,310,0.60
610,311,1.00
610,312,1.00
610,313,1.00
610,314,1.00
610,315,1.00
610,316,1.00
610,317,1.00
610,318,1.00
610,319,1.00
610,320,0.60
609,309,1.00
610,309,1.00
611,309,1.00
612,309,1.00
613,309,1.00
614,309,1.00
615,309,1.00
616,309,1.00
617,309,1.00
618,309,0.90
619,309,0.60
609,310,1.00
609,311,1.00
609,312,1.00
609,313,1.00
609,314,1.00
609,315,1.00
609,316,1.00
609,317,1.00
609,318,1.00
609,319,0.90
608,309,1.00
608,310,1.00
608,311,1.00
608,312,1.00
608,313,1.00
608,314,1.00
608,315,1.00
608,316,1.00
608,317,1.00
608,318,0.90
608,319,0.30
607,308,1.00
608,308,1.00
609,308,1.00
610,308,1.00
611,308,1.00
612,308,1.00
613,308,1.00
614,308,1.00
615,308,1.00
616,308,0.90
617,308,0.60
607,309,1.00
607,310,1.00
607,311,1.00
607,312,1.00
607,313,1.00
607,314,1.00
607,315,1.00
607,316,1.00
607,317,1.00
607,318,0.60
606,307,1.00
607,307,1.00
608,307,1.00
609,307,1.00
610,307,1.00
611,307,1.00
612,307,1.00
613,307,1.00
614,307,1.00
615,307,0.60
616,307,0.30
606,308,1.00
606,309,1.00
606,310,1.00
606,311,1.00
606,312,1.00
606,313,1.00
606,314,1.00
606,315,1.00
606,316,1.00
606,317,0.60
605,307,1.00
605,308,1.00
605,309,1.00
605,310,1.00
605,311,1.00
605,312,1.00
605,313,1.00
605,314,1.00
605,315,1.00
605,316,0.90
605,317,0.30
604,306,1.00
605,306,1.00
606,306,1.00
607,306,1.00
608,306,1.00
609,306,1.00
610,306,1.00
611,306,1.00
612,306,1.00
613,306,0.90
614,306,0.60
604,307,1.00
604,308,1.00
604,309,1.00
604,310,1.00
604,311,1.00
604,312,1.00
604,313,1.00
604,314,1.00
604,315,0.90
604,316,0.60
603,305,1.00
604,305,1.00
605,305,1.00
606,305,1.00
607,305,1.00
608,305,1.00
609,305,1.00
610,305,1.00
611,305,0.90
612,305,0.60
613,305,0.30
603,306,1.00
603,307,1.00
603,308,1.00
603,309,1.00
603,310,1.00
603,311,1.00
603,312,1.00
603,313,1.00
603,314,0.90
603,315,0.30
602,304,1.00
603,304,1.00
604,304,1.00
605,304,1.00
606,304,1.00
607,304,1.00
608,304,1.00
609,304,1.00
610,304,1.00
611,304,0.60
612,304,0.30
602,305,1.00
602,306,1.00
602,307,1.00
602,308,1.00
602,309,1.00
602,310,1.00
602,311,1.00
602,312,1.00
602,313,1.00
602,314,0.60
601,304,1.00
601,305,1.00
601,306,1.00
601,307,1.00
601,308,1.00
601,309,1.00
601,310,1.00
601,311,1.00
601,312,1.00
601,313,0.90
601,314,0.30
600,303,1.00
601,303,1.00
602,303,1.00
603,303,1.00
604,303,1.00
605,303,1.00
606,303,1.00
607,303,1.00
608,303,1.00
609,303,1.00
610,303,0.60
600,304,1.00
600,305,1.00
600,306,1.00
600,307,1.00
600,308,1.00
600,309,1.00
600,310,1.00
600,311,1.00
600,312,1.00
600,313,0.60
599,302,1.00
600,302,1.00
601,302,1.00
602,302,1.00
603,302,1.00
604,302,1.00
605,302,1.00
606,302,1.00
607,302,1.00
608,302,0.90
609,302,0.60
599,303,1.00
599,304,1.00
599,305,1.00
599,306,1.00
599,307,1.00
599,308,1.00
599,309,1.00
599,310,1.00
599,311,1.00
599,312,0.60
598,301,1.00
599,301,1.00
600,301,1.00
601,301,1.00
602,301,1.00
603,301,1.00
604,301,1.00
605,301,1.00
606,301,1.00
607,301,0.60
608,301,0.30
598,302,1.00
598,303,1.00
598,304,1.00
598,305,1.00
598,306,1.00
598,307,1.00
598,308,1.00
598,309,1.00
598,310,1.00
598,311,0.60
597,301,1.00
597,302,1.00
597,303,1.00
597,304,1.00
597,305,1.00
597,306,1.00
597,307,1.00
597,308,1.00
597,309,1.00
597,310,1.00
597,311,0.30
596,300,1.00
597,300,1.00
598,300,1.00
599,300,1.00
600,300,1.00
601,300,1.00
602,300,1.00
603,300,1.00
604,300,1.00
605,300,1.00
606,300,0.60
596,301,1.00
596,302,1.00
596,303,1.00
596,304,1.00
596,305,1.00
596,306,1.00
596,307,1.00
596,308,1.00
596,309,1.00
596,310,0.90
595,300,1.00
595,301,1.00
595,302,1.00
595,303,1.00
595,304,1.00
595,305,1.00
595,306,1.00
595,307,1.00
595,308,1.00
595,309,1.00
595,310,0.30
595,299,1.00
596,299,1.00
597,299,1.00
598,299,1.00
599,299,1.00
600,299,1.00
601,299,1.00
602,299,1.00
603,299,1.00
604,299,0.90
605,299,0.60
594,299,1.00
594,300,1.00
594,301,1.00
594,302,1.00
594,303,1.00
594,304,1.00
594,305,1.00
594,306,1.00
594,307,1.00
594,308,1.00
594,309,0.30
593,298,1.00
594,298,1.00
595,298,1.00
596,298,1.00
597,298,1.00
598,298,1.00
599,298,1.00
600,298,1.00
601,298,1.00
602,298,1.00
603,298,0.60
593,299,1.00
593,300,1.00
593,301,1.00
593,302,1.00
593,303,1.00
593,304,1.00
593,305,1.00
593,306,1.00
593,307,1.00
593,308,0.90
592,298,1.00
592,299,1.00
592,300,1.00
592,301,1.00
592,302,1.00
592,303,1.00
592,304,1.00
592,305,1.00
592,306,1.00
592,307,0.60
592,308,0.30
592,297,1.00
593,297,1.00
594,297,1.00
595,297,1.00
596,297,1.00
597,297,1.00
598,297,1.00
599,297,1.00
600,297,0.90
601,297,0.30
602,297,0.30
590,296,1.00
591,296,1.00
592,296,1.00
593,296,1.00
594,296,1.00
595,296,1.00
596,296,1.00
597,296,1.00
598,296,1.00
599,296,1.00
600,296,0.60
590,297,1.00
591,297,1.00
590,298,1.00
591,298,1.00
590,299,1.00
591,299,1.00
590,300,1.00
591,300,1.00
590,301,1.00
591,301,1.00
590,302,1.00
591,302,1.00
590,303,1.00
591,303,1.00
590,304,1.00
591,304,1.00
590,305,1.00
591,305,1.00
590,306,1.00
591,306,1.00
589,296,1.00
589,297,1.00
589,298,1.00
589,299,1.00
589,300,1.00
589,301,1.00
589,302,1.00
589,303,1.00
589,304,1.00
589,305,1.00
589,306,0.60
589,295,1.00
590,295,1.00
591,295,1.00
592,295,1.00
593,295,1.00
594,295,1.00
595,295,1.00
596,295,1.00
597,295,1.00
598,295,0.60
599,295,0.30
588,295,1.00
588,296,1.00
588,297,1.00
588,298,1.00
588,299,1.00
588,300,1.00
588,301,1.00
588,302,1.00
588,303,1.00
588,304,1.00
588,305,0.60
587,295,1.00
587,296,1.00
587,297,1.00
587,298,1.00
587,299,1.00
587,300,1.00
587,301,1.00
587,302,1.00
587,303,1.00
587,304,0.90
587,305,0.30
587,294,1.00
588,294,1.00
589,294,1.00
590,294,1.00
591,294,1.00
592,294,1.00
593,294,1.00
594,294,0.90
595,294,0.90
596,294,0.60
597,294,0.30
586,294,1.00
586,295,1.00
586,296,1.00
586,297,1.00
586,298,1.00
586,299,1.00
586,300,1.00
586,301,1.00
586,302,1.00
586,303,0.60
586,304,0.30
585,293,1.00
586,293,1.00
587,293,1.00
588,293,1.00
589,293,1.00
590,293,1.00
591,293,1.00
592,293,1.00
593,293,0.90
594,293,0.30
595,293,0.30
585,294,1.00
585,295,1.00
585,296,1.00
585,297,1.00
585,298,1.00
585,299,1.00
585,300,1.00
585,301,1.00
585,302,0.90
585,303,0.30
583,292,1.00
584,292,1.00
585,292,1.00
586,292,1.00
587,292,1.00
588,292,1.00
589,292,1.00
590,292,1.00
591,292,1.00
592,292,1.00
593,292,0.60
583,293,1.00
584,293,1.00
583,294,1.00
584,294,1.00
583,295,1.00
584,295,1.00
583,296,1.00
584,296,1.00
583,297,1.00
584,297,1.00
583,298,1.00
584,298,1.00
583,299,1.00
584,299,1.00
583,300,1.00
584,300,1.00
583,301,1.00
584,301,1.00
583,302,0.60
584,302,0.60
582,291,1.00
583,291,1.00
584,291,1.00
585,291,1.00
586,291,1.00
587,291,1.00
588,291,1.00
589,291,1.00
590,291,1.00
591,291,0.90
592,291,0.60
582,292,1.00
582,293,1.00
582,294,1.00
582,295,1.00
582,296,1.00
582,297,1.00
582,298,1.00
582,299,1.00
582,300,1.00
582,301,0.90
581,291,1.00
581,292,1.00
581,293,1.00
581,294,1.00
581,295,1.00
581,296,1.00
581,297,1.00
581,298,1.00
581,299,1.00
581,300,0.60
581,301,0.30
580,290,1.00
581,290,1.00
582,290,1.00
583,290,1.00
584,290,1.00
585,290,1.00
586,290,1.00
587,290,1.00
588,290,0.60
589,290,0.30
590,290,0.30
580,291,1.00
580,292,1.00
580,293,1.00
580,294,1.00
580,295,1.00
580,296,1.00
580,297,1.00
580,298,1.00
580,299,1.00
580,300,0.30
578,289,1.00
579,289,1.00
580,289,1.00
581,289,1.00
582,289,1.00
583,289,1.00
584,289,1.00
585,289,1.00
586,289,1.00
587,289,0.90
588,289,0.30
578,290,1.00
579,290,1.00
578,291,1.00
579,291,1.00
578,292,1.00
579,292,1.00
578,293,1.00
579,293,1.00
578,294,1.00
579,294,1.00
578,295,1.00
579,295,1.00
578,296,1.00
579,296,1.00
578,297,1.00
579,297,1.00
578,298,1.00
579,298,1.00
578,299,0.90
579,299,0.90
577,289,1.00
577,290,1.00
577,291,1.00
577,292,1.00
577,293,1.00
577,294,1.00
577,295,1.00
577,296,1.00
577,297,1.00
577,298,1.00
577,299,0.60
576,288,1.00
577,288,1.00
578,288,1.00
579,288,1.00
580,288,1.00
581,288,1.00
582,288,1.00
583,288,0.90
584,288,0.60
585,288,0.30
586,288,0.30
576,289,1.00
576,290,1.00
576,291,1.00
576,292,1.00
576,293,1.00
576,294,1.00
576,295,1.00
576,296,1.00
576,297,1.00
576,298,0.90
574,288,1.00
575,288,1.00
574,289,1.00
575,289,1.00
574,290,1.00
575,290,1.00
574,291,1.00
575,291,1.00
574,292,1.00
575,292,1.00
574,293,1.00
575,293,1.00
574,294,1.00
575,294,1.00
574,295,1.00
575,295,1.00
574,296,1.00
575,296,1.00
574,297,1.00
575,297,1.00
574,298,0.60
575,298,0.60
573,288,1.00
573,289,1.00
573,290,1.00
573,291,1.00
573,292,1.00
573,293,1.00
573,294,1.00
573,295,1.00
573,296,1.00
573,297,0.90
573,298,0.30
572,287,1.00
573,287,1.00
574,287,1.00
575,287,1.00
576,287,1.00
577,287,1.00
578,287,1.00
579,287,1.00
580,287,0.60
581,287,0.60
582,287,0.30
572,288,1.00
572,289,1.00
572,290,1.00
572,291,1.00
572,292,1.00
572,293,1.00
572,294,1.00
572,295,1.00
572,296,1.00
572,297,0.60
571,287,1.00
571,288,1.00
571,289,1.00
571,290,1.00
571,291,1.00
571,292,1.00
571,293,1.00
571,294,1.00
571,295,1.00
571,296,1.00
571,297,0.30
569,286,1.00
570,286,1.00
571,286,1.00
572,286,1.00
573,286,1.00
574,286,1.00
575,286,1.00
576,286,0.90
577,286,0.90
578,286,0.60
579,286,0.60
569,287,1.00
570,287,1.00
569,288,1.00
570,288,1.00
569,289,1.00
570,289,1.00
569,290,1.00
570,290,1.00
569,291,1.00
570,291,1.00
569,292,1.00
570,292,1.00
569,293,1.00
570,293,1.00
569,294,1.00
570,294,1.00
569,295,1.00
570,295,1.00
569,296,0.90
570,296,0.90
567,286,1.00
568,286,1.00
567,287,1.00
568,287,1.00
567,288,1.00
568,288,1.00
567,289,1.00
568,289,1.00
567,290,1.00
568,290,1.00
567,291,1.00
568,291,1.00
567,292,1.00
568,292,1.00
567,293,1.00
568,293,1.00
567,294,1.00
568,294,1.00
567,295,1.00
568,295,1.00
567,296,0.30
568,296,0.30
565,285,1.00
566,285,1.00
567,285,1.00
568,285,1.00
569,285,1.00
570,285,1.00
571,285,1.00
572,285,1.00
573,285,0.90
574,285,0.60
575,285,0.60
565,286,1.00
566,286,1.00
565,287,1.00
566,287,1.00
565,288,1.00
566,288,1.00
565,289,1.00
566,289,1.00
565,290,1.00
566,290,1.00
565,291,1.00
566,291,1.00
565,292,1.00
566,292,1.00
565,293,1.00
566,293,1.00
565,294,1.00
566,294,1.00
565,295,0.90
566,295,0.90
563,285,1.00
564,285,1.00
563,286,1.00
564,286,1.00
563,287,1.00
564,287,1.00
563,288,1.00
564,288,1.00
563,289,1.00
564,289,1.00
563,290,1.00
564,290,1.00
563,291,1.00
564,291,1.00
563,292,1.00
564,292,1.00
563,293,1.00
564,293,1.00
563,294,1.00
564,294,1.00
563,295,0.30
564,295,0.30
562,284,1.00
563,284,1.00
564,284,1.00
565,284,1.00
566,284,1.00
567,284,1.00
568,284,1.00
569,284,1.00
570,284,0.90
571,284,0.90
572,284,0.30
562,285,1.00
562,286,1.00
562,287,1.00
562,288,1.00
562,289,1.00
562,290,1.00
562,291,1.00
562,292,1.00
562,293,1.00
562,294,0.90
561,284,1.00
561,285,1.00
561,286,1.00
561,287,1.00
561,288,1.00
561,289,1.00
561,290,1.00
561,291,1.00
561,292,1.00
561,293,1.00
561,294,0.60
559,283,1.00
560,283,1.00
561,283,1.00
562,283,1.00
563,283,1.00
564,283,1.00
565,283,1.00
566,283,1.00
567,283,0.90
568,283,0.60
569,283,0.60
559,284,1.00
560,284,1.00
559,285,1.00
560,285,1.00
559,286,1.00
560,286,1.00
559,287,1.00
560,287,1.00
559,288,1.00
560,288,1.00
559,289,1.00
560,289,1.00
559,290,1.00
560,290,1.00
559,291,1.00
560,291,1.00
559,292,1.00
560,292,1.00
559,293,0.60
560,293,0.60
557,282,1.00
558,282,1.00
559,282,1.00
560,282,1.00
561,282,1.00
562,282,1.00
563,282,1.00
564,282,1.00
565,282,0.90
566,282,0.60
567,282,0.30
557,283,1.00
558,283,1.00
557,284,1.00
558,284,1.00
557,285,1.00
558,285,1.00
557,286,1.00
558,286,1.00
557,287,1.00
558,287,1.00
557,288,1.00
558,288,1.00
557,289,1.00
558,289,1.00
557,290,1.00
558,290,1.00
557,291,1.00
558,291,1.00
557,292,0.90
558,292,0.90
556,282,1.00
556,283,1.00
556,284,1.00
556,285,1.00
556,286,1.00
556,287,1.00
556,288,1.00
556,289,1.00
556,290,1.00
556,291,0.90
556,292,0.60
555,282,1.00
555,283,1.00
555,284,1.00
555,285,1.00
555,286,1.00
555,287,1.00
555,288,1.00
555,289,1.00
555,290,1.00
555,291,0.60
555,292,0.30
554,281,1.00
555,281,1.00
556,281,1.00
557,281,1.00
558,281,1.00
559,281,1.00
560,281,1.00
561,281,0.90
562,281,0.60
563,281,0.60
564,281,0.30
554,282,1.00
554,283,1.00
554,284,1.00
554,285,1.00
554,286,1.00
554,287,1.00
554,288,1.00
554,289,1.00
554,290,0.90
554,291,0.30
553,280,1.00
554,280,1.00
555,280,1.00
556,280,1.00
557,280,1.00
558,280,1.00
559,280,0.90
560,280,0.60
561,280,0.60
562,280,0.30
563,280,0.30
553,281,1.00
553,282,1.00
553,283,1.00
553,284,1.00
553,285,1.00
553,286,1.00
553,287,1.00
553,288,1.00
553,289,0.90
553,290,0.60
551,280,1.00
552,280,1.00
551,281,1.00
552,281,1.00
551,282,1.00
552,282,1.00
551,283,1.00
552,283,1.00
551,284,1.00
552,284,1.00
551,285,1.00
552,285,1.00
551,286,1.00
552,286,1.00
551,287,1.00
552,287,1.00
551,288,1.00
552,288,1.00
551,289,0.60
552,289,0.60
551,290,0.30
552,290,0.30
549,279,1.00
550,279,1.00
551,279,1.00
552,279,1.00
553,279,1.00
554,279,1.00
555,279,1.00
556,279,0.90
557,279,0.60
558,279,0.60
559,279,0.30
549,280,1.00
550,280,1.00
549,281,1.00
550,281,1.00
549,282,1.00
550,282,1.00
549,283,1.00
550,283,1.00
549,284,1.00
550,284,1.00
549,285,1.00
550,285,1.00
549,286,1.00
550,286,1.00
549,287,1.00
550,287,1.00
549,288,0.90
550,288,0.90
549,289,0.30
550,289,0.30
548,278,1.00
549,278,1.00
550,278,1.00
551,278,1.00
552,278,1.00
553,278,1.00
554,278,1.00
555,278,0.90
556,278,0.60
557,278,0.30
558,278,0.30
548,279,1.00
548,280,1.00
548,281,1.00
548,282,1.00
548,283,1.00
548,284,1.00
548,285,1.00
548,286,1.00
548,287,0.90
548,288,0.60
546,278,1.00
547,278,1.00
546,279,1.00
547,279,1.00
546,280,1.00
547,280,1.00
546,281,1.00
547,281,1.00
546,282,1.00
547,282,1.00
546,283,1.00
547,283,1.00
546,284,1.00
547,284,1.00
546,285,1.00
547,285,1.00
546,286,1.00
547,286,1.00
546,287,0.60
547,287,0.60
546,288,0.30
547,288,0.30
545,277,1.00
546,277,1.00
547,277,1.00
548,277,1.00
549,277,1.00
550,277,1.00
551,277,1.00
552,277,1.00
553,277,0.90
554,277,0.90
555,277,0.30
545,278,1.00
545,279,1.00
545,280,1.00
545,281,1.00
545,282,1.00
545,283,1.00
545,284,1.00
545,285,1.00
545,286,0.90
545,287,0.30
544,276,1.00
545,276,1.00
546,276,1.00
547,276,1.00
548,276,1.00
549,276,1.00
550,276,1.00
551,276,1.00
552,276,0.90
553,276,0.60
554,276,0.60
544,277,1.00
544,278,1.00
544,279,1.00
544,280,1.00
544,281,1.00
544,282,1.00
544,283,1.00
544,284,1.00
544,285,0.90
544,286,0.60
542,275,1.00
543,275,1.00
544,275,1.00
545,275,1.00
546,275,1.00
547,275,1.00
548,275,1.00
549,275,0.90
550,275,0.90
551,275,0.60
552,275,0.30
542,276,1.00
543,276,1.00
542,277,1.00
543,277,1.00
542,278,1.00
543,278,1.00
542,279,1.00
543,279,1.00
542,280,1.00
543,280,1.00
542,281,1.00
543,281,1.00
542,282,1.00
543,282,1.00
542,283,1.00
543,283,1.00
542,284,0.90
543,284,0.90
542,285,0.30
543,285,0.30
541,274,1.00
542,274,1.00
543,274,1.00
544,274,1.00
545,274,1.00
546,274,1.00
547,274,1.00
548,274,1.00
549,274,0.60
550,274,0.60
551,274,0.30
541,275,1.00
541,276,1.00
541,277,1.00
541,278,1.00
541,279,1.00
541,280,1.00
541,281,1.00
541,282,1.00
541,283,1.00
541,284,0.60
540,274,1.00
540,275,1.00
540,276,1.00
540,277,1.00
540,278,1.00
540,279,1.00
540,280,1.00
540,281,1.00
540,282,1.00
540,283,0.90
540,284,0.30
538,273,1.00
539,273,1.00
540,273,1.00
541,273,1.00
542,273,1.00
543,273,1.00
544,273,1.00
545,273,1.00
546,273,1.00
547,273,0.60
548,273,0.60
538,274,1.00
539,274,1.00
538,275,1.00
539,275,1.00
538,276,1.00
539,276,1.00
538,277,1.00
539,277,1.00
538,278,1.00
539,278,1.00
538,279,1.00
539,279,1.00
538,280,1.00
539,280,1.00
538,281,1.00
539,281,1.00
538,282,1.00
539,282,1.00
538,283,0.60
539,283,0.60
536,272,1.00
537,272,1.00
538,272,1.00
539,272,1.00
540,272,1.00
541,272,1.00
542,272,1.00
543,272,1.00
544,272,1.00
545,272,0.90
546,272,0.60
536,273,1.00
537,273,1.00
536,274,1.00
537,274,1.00
536,275,1.00
537,275,1.00
536,276,1.00
537,276,1.00
536,277,1.00
537,277,1.00
536,278,1.00
537,278,1.00
536,279,1.00
537,279,1.00
536,280,1.00
537,280,1.00
536,281,1.00
537,281,1.00
536,282,0.60
537,282,0.60
535,271,1.00
536,271,1.00
537,271,1.00
538,271,1.00
539,271,1.00
540,271,1.00
541,271,1.00
542,271,1.00
543,271,0.90
544,271,0.60
545,271,0.30
535,272,1.00
535,273,1.00
535,274,1.00
535,275,1.00
535,276,1.00
535,277,1.00
535,278,1.00
535,279,1.00
535,280,1.00
535,281,0.60
534,271,1.00
534,272,1.00
534,273,1.00
534,274,1.00
534,275,1.00
534,276,1.00
534,277,1.00
534,278,1.00
534,279,1.00
534,280,0.90
534,281,0.30
533,270,1.00
534,270,1.00
535,270,1.00
536,270,1.00
537,270,1.00
538,270,1.00
539,270,1.00
540,270,1.00
541,270,0.90
542,270,0.60
543,270,0.30
533,271,1.00
533,272,1.00
533,273,1.00
533,274,1.00
533,275,1.00
533,276,1.00
533,277,1.00
533,278,1.00
533,279,1.00
533,280,0.60
532,270,1.00
532,271,1.00
532,272,1.00
532,273,1.00
532,274,1.00
532,275,1.00
532,276,1.00
532,277,1.00
532,278,1.00
532,279,0.90
532,280,0.30
531,269,1.00
532,269,1.00
533,269,1.00
534,269,1.00
535,269,1.00
536,269,1.00
537,269,1.00
538,269,1.00
539,269,0.90
540,269,0.60
541,269,0.30
531,270,1.00
531,271,1.00
531,272,1.00
531,273,1.00
531,274,1.00
531,275,1.00
531,276,1.00
531,277,1.00
531,278,1.00
531,279,0.60
530,269,1.00
530,270,1.00
530,271,1.00
530,272,1.00
530,273,1.00
530,274,1.00
530,275,1.00
530,276,1.00
530,277,1.00
530,278,0.90
530,279,0.30
529,268,1.00
530,268,1.00
531,268,1.00
532,268,1.00
533,268,1.00
534,268,1.00
535,268,1.00
536,268,0.90
537,268,0.60
538,268,0.60
539,268,0.30
529,269,1.00
529,270,1.00
529,271,1.00
529,272,1.00
529,273,1.00
529,274,1.00
529,275,1.00
529,276,1.00
529,277,0.90
529,278,0.60
528,268,1.00
528,269,1.00
528,270,1.00
528,271,1.00
528,272,1.00
528,273,1.00
528,274,1.00
528,275,1.00
528,276,0.90
528,277,0.60
528,278,0.30
526,267,1.00
527,267,1.00
528,267,1.00
529,267,1.00
530,267,1.00
531,267,1.00
532,267,1.00
533,267,0.90
534,267,0.60
535,267,0.60
536,267,0.30
526,268,1.00
527,268,1.00
526,269,1.00
527,269,1.00
526,270,1.00
527,270,1.00
526,271,1.00
527,271,1.00
526,272,1.00
527,272,1.00
526,273,1.00
527,273,1.00
526,274,1.00
527,274,1.00
526,275,0.90
527,275,0.90
526,276,0.60
527,276,0.60
526,277,0.30
527,277,0.30
525,266,1.00
526,266,1.00
527,266,1.00
528,266,1.00
529,266,1.00
530,266,1.00
531,266,1.00
532,266,0.90
533,266,0.60
534,266,0.30
535,266,0.30
525,267,1.00
525,268,1.00
525,269,1.00
525,270,1.00
525,271,1.00
525,272,1.00
525,273,1.00
525,274,1.00
525,275,0.60
525,276,0.30
523,265,1.00
524,265,1.00
525,265,1.00
526,265,1.00
527,265,1.00
528,265,1.00
529,265,1.00
530,265,0.90
531,265,0.90
532,265,0.60
533,265,0.30
523,266,1.00
524,266,1.00
523,267,1.00
524,267,1.00
523,268,1.00
524,268,1.00
523,269,1.00
524,269,1.00
523,270,1.00
524,270,1.00
523,271,1.00
524,271,1.00
523,272,1.00
524,272,1.00
523,273,1.00
524,273,1.00
523,274,0.90
524,274,0.90
523,275,0.30
524,275,0.30
522,264,1.00
523,264,1.00
524,264,1.00
525,264,1.00
526,264,1.00
527,264,1.00
528,264,1.00
529,264,0.90
530,264,0.60
531,264,0.60
532,264,0.30
522,265,1.00
522,266,1.00
522,267,1.00
522,268,1.00
522,269,1.00
522,270,1.00
522,271,1.00
522,272,1.00
522,273,0.90
522,274,0.60
521,264,1.00
521,265,1.00
521,266,1.00
521,267,1.00
521,268,1.00
521,269,1.00
521,270,1.00
521,271,1.00
521,272,1.00
521,273,0.60
521,274,0.30
519,263,1.00
520,263,1.00
521,263,1.00
522,263,1.00
523,263,1.00
524,263,1.00
525,263,1.00
526,263,1.00
527,263,0.90
528,263,0.60
529,263,0.30
519,264,1.00
520,264,1.00
519,265,1.00
520,265,1.00
519,266,1.00
520,266,1.00
519,267,1.00
520,267,1.00
519,268,1.00
520,268,1.00
519,269,1.00
520,269,1.00
519,270,1.00
520,270,1.00
519,271,1.00
520,271,1.00
519,272,1.00
520,272,1.00
519,273,0.30
520,273,0.30
518,262,1.00
519,262,1.00
520,262,1.00
521,262,1.00
522,262,1.00
523,262,1.00
524,262,1.00
525,262,1.00
526,262,0.90
527,262,0.60
528,262,0.30
518,263,1.00
518,264,1.00
518,265,1.00
518,266,1.00
518,267,1.00
518,268,1.00
518,269,1.00
518,270,1.00
518,271,1.00
518,272,1.00
517,262,1.00
517,263,1.00
517,264,1.00
517,265,1.00
517,266,1.00
517,267,1.00
517,268,1.00
517,269,1.00
517,270,1.00
517,271,1.00
517,272,0.90
516,262,1.00
516,263,1.00
516,264,1.00
516,265,1.00
516,266,1.00
516,267,1.00
516,268,1.00
516,269,1.00
516,270,1.00
516,271,1.00
516,272,0.60
515,262,1.00
515,263,1.00
515,264,1.00
515,265,1.00
515,266,1.00
515,267,1.00
515,268,1.00
515,269,1.00
515,270,1.00
515,271,1.00
515,272,0.30
514,261,1.00
515,261,1.00
516,261,1.00
517,261,1.00
518,261,1.00
519,261,1.00
520,261,1.00
521,261,0.90
522,261,0.90
523,261,0.30
524,261,0.30
514,262,1.00
514,263,1.00
514,264,1.00
514,265,1.00
514,266,1.00
514,267,1.00
514,268,1.00
514,269,1.00
514,270,1.00
514,271,1.00
512,261,1.00
513,261,1.00
512,262,1.00
513,262,1.00
512,263,1.00
513,263,1.00
512,264,1.00
513,264,1.00
512,265,1.00
513,265,1.00
512,266,1.00
513,266,1.00
512,267,1.00
513,267,1.00
512,268,1.00
513,268,1.00
512,269,1.00
513,269,1.00
512,270,1.00
513,270,1.00
512,271,1.00
513,271,1.00
510,261,1.00
511,261,1.00
510,262,1.00
511,262,1.00
510,263,1.00
511,263,1.00
510,264,1.00
511,264,1.00
510,265,1.00
511,265,1.00
510,266,1.00
511,266,1.00
510,267,1.00
511,267,1.00
510,268,1.00
511,268,1.00
510,269,1.00
511,269,1.00
510,270,1.00
511,270,1.00
510,271,0.90
511,271,0.90
507,261,1.00
508,261,1.00
509,261,1.00
507,262,1.00
508,262,1.00
509,262,1.00
507,263,1.00
508,263,1.00
509,263,1.00
507,264,1.00
508,264,1.00
509,264,1.00
507,265,1.00
508,265,1.00
509,265,1.00
507,266,1.00
508,266,1.00
509,266,1.00
507,267,1.00
508,267,1.00
509,267,1.00
507,268,1.00
508,268,1.00
509,268,1.00
507,269,1.00
508,269,1.00
509,269,1.00
507,270,1.00
508,270,1.00
509,270,1.00
507,271,0.60
508,271,0.60
509,271,0.60
506,261,1.00
506,262,1.00
506,263,1.00
506,264,1.00
506,265,1.00
506,266,1.00
506,267,1.00
506,268,1.00
506,269,1.00
506,270,1.00
506,271,0.30
504,260,1.00
505,260,1.00
506,260,1.00
507,260,1.00
508,260,1.00
509,260,1.00
510,260,1.00
511,260,0.90
512,260,0.90
513,260,0.60
514,260,0.30
504,261,1.00
505,261,1.00
504,262,1.00
505,262,1.00
504,263,1.00
505,263,1.00
504,264,1.00
505,264,1.00
504,265,1.00
505,265,1.00
504,266,1.00
505,266,1.00
504,267,1.00
505,267,1.00
504,268,1.00
505,268,1.00
504,269,1.00
505,269,1.00
504,270,0.90
505,270,0.90
503,260,1.00
503,261,1.00
503,262,1.00
503,263,1.00
503,264,1.00
503,265,1.00
503,266,1.00
503,267,1.00
503,268,1.00
503,269,0.90
503,270,0.60
502,260,1.00
502,261,1.00
502,262,1.00
502,263,1.00
502,264,1.00
502,265,1.00
502,266,1.00
502,267,1.00
502,268,1.00
502,269,0.60
502,270,0.30
500,259,1.00
501,259,1.00
502,259,1.00
503,259,1.00
504,259,1.00
505,259,1.00
506,259,1.00
507,259,1.00
508,259,0.90
509,259,0.60
510,259,0.30
500,260,1.00
501,260,1.00
500,261,1.00
501,261,1.00
500,262,1.00
501,262,1.00
500,263,1.00
501,263,1.00
500,264,1.00
501,264,1.00
500,265,1.00
501,265,1.00
500,266,1.00
501,266,1.00
500,267,1.00
501,267,1.00
500,268,1.00
501,268,1.00
500,269,0.30
501,269,0.30
499,258,1.00
500,258,1.00
501,258,1.00
502,258,1.00
503,258,1.00
504,258,1.00
505,258,1.00
506,258,0.90
507,258,0.90
508,258,0.60
509,258,0.30
499,259,1.00
499,260,1.00
499,261,1.00
499,262,1.00
499,263,1.00
499,264,1.00
499,265,1.00
499,266,1.00
499,267,1.00
499,268,1.00
498,258,1.00
498,259,1.00
498,260,1.00
498,261,1.00
498,262,1.00
498,263,1.00
498,264,1.00
498,265,1.00
498,266,1.00
498,267,1.00
498,268,0.90
497,258,1.00
497,259,1.00
497,260,1.00
497,261,1.00
497,262,1.00
497,263,1.00
497,264,1.00
497,265,1.00
497,266,1.00
497,267,1.00
497,268,0.60
495,258,1.00
496,258,1.00
495,259,1.00
496,259,1.00
495,260,1.00
496,260,1.00
495,261,1.00
496,261,1.00
495,262,1.00
496,262,1.00
495,263,1.00
496,263,1.00
495,264,1.00
496,264,1.00
495,265,1.00
496,265,1.00
495,266,1.00
496,266,1.00
495,267,0.90
496,267,0.90
495,268,0.30
496,268,0.30
494,257,1.00
495,257,1.00
496,257,1.00
497,257,1.00
498,257,1.00
499,257,1.00
500,257,0.90
501,257,0.60
502,257,0.30
503,257,0.30
504,257,0.30
494,258,1.00
494,259,1.00
494,260,1.00
494,261,1.00
494,262,1.00
494,263,1.00
494,264,1.00
494,265,1.00
494,266,1.00
494,267,0.60
491,257,1.00
492,257,1.00
493,257,1.00
491,258,1.00
492,258,1.00
493,258,1.00
491,259,1.00
492,259,1.00
493,259,1.00
491,260,1.00
492,260,1.00
493,260,1.00
491,261,1.00
492,261,1.00
493,261,1.00
491,262,1.00
492,262,1.00
493,262,1.00
491,263,1.00
492,263,1.00
493,263,1.00
491,264,1.00
492,264,1.00
493,264,1.00
491,265,1.00
492,265,1.00
493,265,1.00
491,266,0.90
492,266,0.90
493,266,0.90
491,267,0.30
492,267,0.30
493,267,0.30
490,256,1.00
491,256,1.00
492,256,1.00
493,256,1.00
494,256,1.00
495,256,1.00
496,256,0.90
497,256,0.90
498,256,0.60
499,256,0.60
500,256,0.30
490,257,1.00
490,258,1.00
490,259,1.00
490,260,1.00
490,261,1.00
490,262,1.00
490,263,1.00
490,264,1.00
490,265,0.90
490,266,0.60
489,256,1.00
489,257,1.00
489,258,1.00
489,259,1.00
489,260,1.00
489,261,1.00
489,262,1.00
489,263,1.00
489,264,0.90
489,265,0.60
489,266,0.30
487,255,1.00
488,255,1.00
489,255,1.00
490,255,1.00
491,255,1.00
492,255,1.00
493,255,1.00
494,255,0.90
495,255,0.60
496,255,0.30
497,255,0.30
487,256,1.00
488,256,1.00
487,257,1.00
488,257,1.00
487,258,1.00
488,258,1.00
487,259,1.00
488,259,1.00
487,260,1.00
488,260,1.00
487,261,1.00
488,261,1.00
487,262,1.00
488,262,1.00
487,263,1.00
488,263,1.00
487,264,0.60
488,264,0.60
487,265,0.30
488,265,0.30
485,254,1.00
486,254,1.00
487,254,1.00
488,254,1.00
489,254,1.00
490,254,1.00
491,254,1.00
492,254,1.00
493,254,0.90
494,254,0.60
495,254,0.30
485,255,1.00
486,255,1.00
485,256,1.00
486,256,1.00
485,257,1.00
486,257,1.00
485,258,1.00
486,258,1.00
485,259,1.00
486,259,1.00
485,260,1.00
486,260,1.00
485,261,1.00
486,261,1.00
485,262,1.00
486,262,1.00
485,263,1.00
486,263,1.00
485,264,0.30
486,264,0.30
484,253,1.00
485,253,1.00
486,253,1.00
487,253,1.00
488,253,1.00
489,253,1.00
490,253,1.00
491,253,1.00
492,253,0.90
493,253,0.60
494,253,0.30
484,254,1.00
484,255,1.00
484,256,1.00
484,257,1.00
484,258,1.00
484,259,1.00
484,260,1.00
484,261,1.00
484,262,1.00
484,263,0.90
483,253,1.00
483,254,1.00
483,255,1.00
483,256,1.00
483,257,1.00
483,258,1.00
483,259,1.00
483,260,1.00
483,261,1.00
483,262,1.00
483,263,0.60
482,253,1.00
482,254,1.00
482,255,1.00
482,256,1.00
482,257,1.00
482,258,1.00
482,259,1.00
482,260,1.00
482,261,1.00
482,262,1.00
482,263,0.30
481,252,1.00
482,252,1.00
483,252,1.00
484,252,1.00
485,252,1.00
486,252,1.00
487,252,1.00
488,252,1.00
489,252,1.00
490,252,0.60
491,252,0.30
481,253,1.00
481,254,1.00
481,255,1.00
481,256,1.00
481,257,1.00
481,258,1.00
481,259,1.00
481,260,1.00
481,261,1.00
481,262,0.90
480,252,1.00
480,253,1.00
480,254,1.00
480,255,1.00
480,256,1.00
480,257,1.00
480,258,1.00
480,259,1.00
480,260,1.00
480,261,1.00
480,262,0.60
479,252,1.00
479,253,1.00
479,254,1.00
479,255,1.00
479,256,1.00
479,257,1.00
479,258,1.00
479,259,1.00
479,260,1.00
479,261,1.00
479,262,0.30
479,251,1.00
480,251,1.00
481,251,1.00
482,251,1.00
483,251,1.00
484,251,1.00
485,251,1.00
486,251,1.00
487,251,1.00
488,251,0.90
489,251,0.30
478,251,1.00
478,252,1.00
478,253,1.00
478,254,1.00
478,255,1.00
478,256,1.00
478,257,1.00
478,258,1.00
478,259,1.00
478,260,1.00
478,261,0.60
477,250,1.00
478,250,1.00
479,250,1.00
480,250,1.00
481,250,1.00
482,250,1.00
483,250,1.00
484,250,1.00
485,250,0.90
486,250,0.60
487,250,0.30
477,251,1.00
477,252,1.00
477,253,1.00
477,254,1.00
477,255,1.00
477,256,1.00
477,257,1.00
477,258,1.00
477,259,1.00
477,260,1.00
476,250,1.00
476,251,1.00
476,252,1.00
476,253,1.00
476,254,1.00
476,255,1.00
476,256,1.00
476,257,1.00
476,258,1.00
476,259,1.00
476,260,1.00
475,250,1.00
475,251,1.00
475,252,1.00
475,253,1.00
475,254,1.00
475,255,1.00
475,256,1.00
475,257,1.00
475,258,1.00
475,259,1.00
475,260,1.00
474,250,0.90
474,251,0.90
474,252,0.90
474,253,0.90
474,254,0.90
474,255,0.90
474,256,0.90
474,257,0.90
474,258,0.90
474,259,0.90
474,260,0.90

475,250,0.90
476,250,1.00
477,250,1.00
478,250,1.00
479,250,1.00
480,250,1.00
481,250,1.00
482,250,1.00
483,250,1.00
484,250,1.00
485,250,1.00
475,251,0.90
476,251,1.00
477,251,1.00
478,251,1.00
479,251,1.00
480,251,1.00
481,251,1.00
482,251,1.00
483,251,1.00
484,251,1.00
485,251,1.00
475,252,0.90
476,252,1.00
477,252,1.00
478,252,1.00
479,252,1.00
480,252,1.00
481,252,1.00
482,252,1.00
483,252,1.00
484,252,1.00
485,252,1.00
475,253,0.90
476,253,1.00
477,253,1.00
478,253,1.00
479,253,1.00
480,253,1.00
481,253,1.00
482,253,1.00
483,253,1.00
484,253,1.00
485,253,1.00
475,254,0.90
476,254,1.00
477,254,1.00
478,254,1.00
479,254,1.00
480,254,1.00
481,254,1.00
482,254,1.00
483,254,1.00
484,254,1.00
485,254,1.00
475,255,0.90
476,255,1.00
477,255,1.00
478,255,1.00
479,255,1.00
480,255,1.00
481,255,1.00
482,255,1.00
483,255,1.00
484,255,1.00
485,255,1.00
475,256,0.90
476,256,1.00
477,256,1.00
478,256,1.00
479,256,1.00
480,256,1.00
481,256,1.00
482,256,1.00
483,256,1.00
484,256,1.00
485,256,1.00
475,257,0.90
476,257,1.00
477,257,1.00
478,257,1.00
479,257,1.00
480,257,1.00
481,257,1.00
482,257,1.00
483,257,1.00
484,257,1.00
485,257,1.00
475,258,0.90
476,258,1.00
477,258,1.00
478,258,1.00
479,258,1.00
480,258,1.00
481,258,1.00
482,258,1.00
483,258,1.00
484,258,1.00
485,258,1.00
475,259,0.90
476,259,1.00
477,259,1.00
478,259,1.00
479,259,1.00
480,259,1.00
481,259,1.00
482,259,1.00
483,259,1.00
484,259,1.00
485,259,1.00
475,260,0.90
476,260,1.00
477,260,1.00
478,260,1.00
479,260,1.00
480,260,1.00
481,260,1.00
482,260,1.00
483,260,1.00
484,260,1.00
485,260,1.00
486,250,1.00
486,251,1.00
486,252,1.00
486,253,1.00
486,254,1.00
486,255,1.00
486,256,1.00
486,257,1.00
486,258,1.00
486,259,1.00
486,260,1.00
487,250,1.00
487,251,1.00
487,252,1.00
487,253,1.00
487,254,1.00
487,255,1.00
487,256,1.00
487,257,1.00
487,258,1.00
487,259,1.00
487,260,1.00
488,250,1.00
488,251,1.00
488,252,1.00
488,253,1.00
488,254,1.00
488,255,1.00
488,256,1.00
488,257,1.00
488,258,1.00
488,259,1.00
488,260,1.00
489,250,0.30
489,251,1.00
489,252,1.00
489,253,1.00
489,254,1.00
489,255,1.00
489,256,1.00
489,257,1.00
489,258,1.00
489,259,1.00
489,260,1.00
490,251,1.00
490,252,1.00
490,253,1.00
490,254,1.00
490,255,1.00
490,256,1.00
490,257,1.00
490,258,1.00
490,259,1.00
490,260,1.00
480,261,0.90
481,261,1.00
482,261,1.00
483,261,1.00
484,261,1.00
485,261,1.00
486,261,1.00
487,261,1.00
488,261,1.00
489,261,1.00
490,261,1.00
491,251,0.60
491,252,1.00
491,253,1.00
491,254,1.00
491,255,1.00
491,256,1.00
491,257,1.00
491,258,1.00
491,259,1.00
491,260,1.00
491,261,1.00
492,251,0.30
492,252,1.00
492,253,1.00
492,254,1.00
492,255,1.00
492,256,1.00
492,257,1.00
492,258,1.00
492,259,1.00
492,260,1.00
492,261,1.00
493,252,0.90
494,252,0.90
493,253,1.00
494,253,1.00
493,254,1.00
494,254,1.00
493,255,1.00
494,255,1.00
493,256,1.00
494,256,1.00
493,257,1.00
494,257,1.00
493,258,1.00
494,258,1.00
493,259,1.00
494,259,1.00
493,260,1.00
494,260,1.00
493,261,1.00
494,261,1.00
484,262,0.30
485,262,0.90
486,262,1.00
487,262,1.00
488,262,1.00
489,262,1.00
490,262,1.00
491,262,1.00
492,262,1.00
493,262,1.00
494,262,1.00
495,252,0.60
495,253,1.00
495,254,1.00
495,255,1.00
495,256,1.00
495,257,1.00
495,258,1.00
495,259,1.00
495,260,1.00
495,261,1.00
495,262,1.00
496,253,0.90
496,254,1.00
496,255,1.00
496,256,1.00
496,257,1.00
496,258,1.00
496,259,1.00
496,260,1.00
496,261,1.00
496,262,1.00
486,263,0.60
487,263,0.90
488,263,1.00
489,263,1.00
490,263,1.00
491,263,1.00
492,263,1.00
493,263,1.00
494,263,1.00
495,263,1.00
496,263,1.00
497,253,0.30
497,254,0.90
497,255,1.00
497,256,1.00
497,257,1.00
497,258,1.00
497,259,1.00
497,260,1.00
497,261,1.00
497,262,1.00
497,263,1.00
498,254,0.60
498,255,1.00
498,256,1.00
498,257,1.00
498,258,1.00
498,259,1.00
498,260,1.00
498,261,1.00
498,262,1.00
498,263,1.00
488,264,0.60
489,264,0.90
490,264,1.00
491,264,1.00
492,264,1.00
493,264,1.00
494,264,1.00
495,264,1.00
496,264,1.00
497,264,1.00
498,264,1.00
499,255,0.60
499,256,1.00
499,257,1.00
499,258,1.00
499,259,1.00
499,260,1.00
499,261,1.00
499,262,1.00
499,263,1.00
499,264,1.00
489,265,0.30
490,265,0.60
491,265,1.00
492,265,1.00
493,265,1.00
494,265,1.00
495,265,1.00
496,265,1.00
497,265,1.00
498,265,1.00
499,265,1.00
500,255,0.30
500,256,1.00
500,257,1.00
500,258,1.00
500,259,1.00
500,260,1.00
500,261,1.00
500,262,1.00
500,263,1.00
500,264,1.00
500,265,1.00
501,256,1.00
501,257,1.00
501,258,1.00
501,259,1.00
501,260,1.00
501,261,1.00
501,262,1.00
501,263,1.00
501,264,1.00
501,265,1.00
491,266,0.60
492,266,1.00
493,266,1.00
494,266,1.00
495,266,1.00
496,266,1.00
497,266,1.00
498,266,1.00
499,266,1.00
500,266,1.00
501,266,1.00
502,256,0.90
502,257,1.00
502,258,1.00
502,259,1.00
502,260,1.00
502,261,1.00
502,262,1.00
502,263,1.00
502,264,1.00
502,265,1.00
502,266,1.00
503,257,0.90
503,258,1.00
503,259,1.00
503,260,1.00
503,261,1.00
503,262,1.00
503,263,1.00
503,264,1.00
503,265,1.00
503,266,1.00
493,267,0.30
494,267,0.60
495,267,0.90
496,267,0.90
497,267,1.00
498,267,1.00
499,267,1.00
500,267,1.00
501,267,1.00
502,267,1.00
503,267,1.00
504,257,0.60
504,258,0.90
504,259,1.00
504,260,1.00
504,261,1.00
504,262,1.00
504,263,1.00
504,264,1.00
504,265,1.00
504,266,1.00
504,267,1.00
505,257,0.30
505,258,0.60
505,259,1.00
505,260,1.00
505,261,1.00
505,262,1.00
505,263,1.00
505,264,1.00
505,265,1.00
505,266,1.00
505,267,1.00
506,258,0.30
507,258,0.30
506,259,1.00
507,259,1.00
506,260,1.00
507,260,1.00
506,261,1.00
507,261,1.00
506,262,1.00
507,262,1.00
506,263,1.00
507,263,1.00
506,264,1.00
507,264,1.00
506,265,1.00
507,265,1.00
506,266,1.00
507,266,1.00
506,267,1.00
507,267,1.00
497,268,0.30
498,268,0.60
499,268,1.00
500,268,1.00
501,268,1.00
502,268,1.00
503,268,1.00
504,268,1.00
505,268,1.00
506,268,1.00
507,268,1.00
508,259,0.90
508,260,1.00
508,261,1.00
508,262,1.00
508,263,1.00
508,264,1.00
508,265,1.00
508,266,1.00
508,267,1.00
508,268,1.00
498,269,0.30
499,269,0.90
500,269,1.00
501,269,1.00
502,269,1.00
503,269,1.00
504,269,1.00
505,269,1.00
506,269,1.00
507,269,1.00
508,269,1.00
509,259,0.60
509,260,1.00
509,261,1.00
509,262,1.00
509,263,1.00
509,264,1.00
509,265,1.00
509,266,1.00
509,267,1.00
509,268,1.00
509,269,1.00
510,260,0.90
510,261,1.00
510,262,1.00
510,263,1.00
510,264,1.00
510,265,1.00
510,266,1.00
510,267,1.00
510,268,1.00
510,269,1.00
500,270,0.90
501,270,1.00
502,270,1.00
503,270,1.00
504,270,1.00
505,270,1.00
506,270,1.00
507,270,1.00
508,270,1.00
509,270,1.00
510,270,1.00
511,261,1.00
511,262,1.00
511,263,1.00
511,264,1.00
511,265,1.00
511,266,1.00
511,267,1.00
511,268,1.00
511,269,1.00
511,270,1.00
501,271,0.30
502,271,1.00
503,271,1.00
504,271,1.00
505,271,1.00
506,271,1.00
507,271,1.00
508,271,1.00
509,271,1.00
510,271,1.00
511,271,1.00
512,261,1.00
512,262,1.00
512,263,1.00
512,264,1.00
512,265,1.00
512,266,1.00
512,267,1.00
512,268,1.00
512,269,1.00
512,270,1.00
512,271,1.00
513,261,0.30
513,262,0.90
513,263,1.00
513,264,1.00
513,265,1.00
513,266,1.00
513,267,1.00
513,268,1.00
513,269,1.00
513,270,1.00
513,271,1.00
514,262,0.60
514,263,1.00
514,264,1.00
514,265,1.00
514,266,1.00
514,267,1.00
514,268,1.00
514,269,1.00
514,270,1.00
514,271,1.00
504,272,0.30
505,272,0.90
506,272,1.00
507,272,1.00
508,272,1.00
509,272,1.00
510,272,1.00
511,272,1.00
512,272,1.00
513,272,1.00
514,272,1.00
515,262,0.30
515,263,1.00
515,264,1.00
515,265,1.00
515,266,1.00
515,267,1.00
515,268,1.00
515,269,1.00
515,270,1.00
515,271,1.00
515,272,1.00
505,273,0.30
506,273,0.60
507,273,0.90
508,273,1.00
509,273,1.00
510,273,1.00
511,273,1.00
512,273,1.00
513,273,1.00
514,273,1.00
515,273,1.00
516,263,0.60
516,264,1.00
516,265,1.00
516,266,1.00
516,267,1.00
516,268,1.00
516,269,1.00
516,270,1.00
516,271,1.00
516,272,1.00
516,273,1.00
517,263,0.30
517,264,1.00
517,265,1.00
517,266,1.00
517,267,1.00
517,268,1.00
517,269,1.00
517,270,1.00
517,271,1.00
517,272,1.00
517,273,1.00
518,264,1.00
518,265,1.00
518,266,1.00
518,267,1.00
518,268,1.00
518,269,1.00
518,270,1.00
518,271,1.00
518,272,1.00
518,273,1.00
508,274,0.60
509,274,1.00
510,274,1.00
511,274,1.00
512,274,1.00
513,274,1.00
514,274,1.00
515,274,1.00
516,274,1.00
517,274,1.00
518,274,1.00
519,264,0.60
519,265,1.00
519,266,1.00
519,267,1.00
519,268,1.00
519,269,1.00
519,270,1.00
519,271,1.00
519,272,1.00
519,273,1.00
519,274,1.00
509,275,0.30
510,275,0.30
511,275,0.60
512,275,0.90
513,275,0.90
514,275,1.00
515,275,1.00
516,275,1.00
517,275,1.00
518,275,1.00
519,275,1.00
520,265,0.60
521,265,0.60
520,266,1.00
521,266,1.00
520,267,1.00
521,267,1.00
520,268,1.00
521,268,1.00
520,269,1.00
521,269,1.00
520,270,1.00
521,270,1.00
520,271,1.00
521,271,1.00
520,272,1.00
521,272,1.00
520,273,1.00
521,273,1.00
520,274,1.00
521,274,1.00
520,275,1.00
521,275,1.00
522,265,0.30
522,266,1.00
522,267,1.00
522,268,1.00
522,269,1.00
522,270,1.00
522,271,1.00
522,272,1.00
522,273,1.00
522,274,1.00
522,275,1.00
523,266,0.90
524,266,0.90
523,267,1.00
524,267,1.00
523,268,1.00
524,268,1.00
523,269,1.00
524,269,1.00
523,270,1.00
524,270,1.00
523,271,1.00
524,271,1.00
523,272,1.00
524,272,1.00
523,273,1.00
524,273,1.00
523,274,1.00
524,274,1.00
523,275,1.00
524,275,1.00
514,276,0.30
515,276,0.90
516,276,1.00
517,276,1.00
518,276,1.00
519,276,1.00
520,276,1.00
521,276,1.00
522,276,1.00
523,276,1.00
524,276,1.00
525,266,0.60
525,267,1.00
525,268,1.00
525,269,1.00
525,270,1.00
525,271,1.00
525,272,1.00
525,273,1.00
525,274,1.00
525,275,1.00
525,276,1.00
526,267,1.00
526,268,1.00
526,269,1.00
526,270,1.00
526,271,1.00
526,272,1.00
526,273,1.00
526,274,1.00
526,275,1.00
526,276,1.00
516,277,0.60
517,277,0.90
518,277,1.00
519,277,1.00
520,277,1.00
521,277,1.00
522,277,1.00
523,277,1.00
524,277,1.00
525,277,1.00
526,277,1.00
527,267,0.60
527,268,1.00
527,269,1.00
527,270,1.00
527,271,1.00
527,272,1.00
527,273,1.00
527,274,1.00
527,275,1.00
527,276,1.00
527,277,1.00
528,267,0.30
528,268,0.90
528,269,1.00
528,270,1.00
528,271,1.00
528,272,1.00
528,273,1.00
528,274,1.00
528,275,1.00
528,276,1.00
528,277,1.00
529,268,0.60
529,269,1.00
529,270,1.00
529,271,1.00
529,272,1.00
529,273,1.00
529,274,1.00
529,275,1.00
529,276,1.00
529,277,1.00
519,278,0.30
520,278,0.90
521,278,1.00
522,278,1.00
523,278,1.00
524,278,1.00
525,278,1.00
526,278,1.00
527,278,1.00
528,278,1.00
529,278,1.00
530,268,0.30
530,269,0.90
530,270,1.00
530,271,1.00
530,272,1.00
530,273,1.00
530,274,1.00
530,275,1.00
530,276,1.00
530,277,1.00
530,278,1.00
520,279,0.30
521,279,0.60
522,279,1.00
523,279,1.00
524,279,1.00
525,279,1.00
526,279,1.00
527,279,1.00
528,279,1.00
529,279,1.00
530,279,1.00
531,269,0.30
531,270,0.90
531,271,1.00
531,272,1.00
531,273,1.00
531,274,1.00
531,275,1.00
531,276,1.00
531,277,1.00
531,278,1.00
531,279,1.00
532,270,0.60
532,271,1.00
532,272,1.00
532,273,1.00
532,274,1.00
532,275,1.00
532,276,1.00
532,277,1.00
532,278,1.00
532,279,1.00
522,280,0.60
523,280,1.00
524,280,1.00
525,280,1.00
526,280,1.00
527,280,1.00
528,280,1.00
529,280,1.00
530,280,1.00
531,280,1.00
532,280,1.00
533,271,1.00
533,272,1.00
533,273,1.00
533,274,1.00
533,275,1.00
533,276,1.00
533,277,1.00
533,278,1.00
533,279,1.00
533,280,1.00
523,281,0.60
524,281,1.00
525,281,1.00
526,281,1.00
527,281,1.00
528,281,1.00
529,281,1.00
530,281,1.00
531,281,1.00
532,281,1.00
533,281,1.00
534,271,1.00
534,272,1.00
534,273,1.00
534,274,1.00
534,275,1.00
534,276,1.00
534,277,1.00
534,278,1.00
534,279,1.00
534,280,1.00
534,281,1.00
535,271,0.30
535,272,0.90
535,273,1.00
535,274,1.00
535,275,1.00
535,276,1.00
535,277,1.00
535,278,1.00
535,279,1.00
535,280,1.00
535,281,1.00
525,282,0.30
526,282,0.60
527,282,0.90
528,282,1.00
529,282,1.00
530,282,1.00
531,282,1.00
532,282,1.00
533,282,1.00
534,282,1.00
535,282,1.00
536,272,0.30
536,273,1.00
536,274,1.00
536,275,1.00
536,276,1.00
536,277,1.00
536,278,1.00
536,279,1.00
536,280,1.00
536,281,1.00
536,282,1.00
537,273,0.90
537,274,1.00
537,275,1.00
537,276,1.00
537,277,1.00
537,278,1.00
537,279,1.00
537,280,1.00
537,281,1.00
537,282,1.00
527,283,0.30
528,283,0.90
529,283,1.00
530,283,1.00
531,283,1.00
532,283,1.00
533,283,1.00
534,283,1.00
535,283,1.00
536,283,1.00
537,283,1.00
538,273,0.60
538,274,1.00
538,275,1.00
538,276,1.00
538,277,1.00
538,278,1.00
538,279,1.00
538,280,1.00
538,281,1.00
538,282,1.00
538,283,1.00
539,274,1.00
539,275,1.00
539,276,1.00
539,277,1.00
539,278,1.00
539,279,1.00
539,280,1.00
539,281,1.00
539,282,1.00
539,283,1.00
529,284,0.30
530,284,0.90
531,284,1.00
532,284,1.00
533,284,1.00
534,284,1.00
535,284,1.00
536,284,1.00
537,284,1.00
538,284,1.00
539,284,1.00
540,274,0.90
540,275,1.00
540,276,1.00
540,277,1.00
540,278,1.00
540,279,1.00
540,280,1.00
540,281,1.00
540,282,1.00
540,283,1.00
540,284,1.00
541,274,0.30
541,275,0.90
541,276,1.00
541,277,1.00
541,278,1.00
541,279,1.00
541,280,1.00
541,281,1.00
541,282,1.00
541,283,1.00
541,284,1.00
542,275,0.60
542,276,1.00
542,277,1.00
542,278,1.00
542,279,1.00
542,280,1.00
542,281,1.00
542,282,1.00
542,283,1.00
542,284,1.00
532,285,0.30
533,285,0.60
534,285,0.90
535,285,1.00
536,285,1.00
537,285,1.00
538,285,1.00
539,285,1.00
540,285,1.00
541,285,1.00
542,285,1.00
543,275,0.30
543,276,1.00
543,277,1.00
543,278,1.00
543,279,1.00
543,280,1.00
543,281,1.00
543,282,1.00
543,283,1.00
543,284,1.00
543,285,1.00
544,276,1.00
544,277,1.00
544,278,1.00
544,279,1.00
544,280,1.00
544,281,1.00
544,282,1.00
544,283,1.00
544,284,1.00
544,285,1.00
534,286,0.30
535,286,0.60
536,286,1.00
537,286,1.00
538,286,1.00
539,286,1.00
540,286,1.00
541,286,1.00
542,286,1.00
543,286,1.00
544,286,1.00
545,276,0.90
545,277,1.00
545,278,1.00
545,279,1.00
545,280,1.00
545,281,1.00
545,282,1.00
545,283,1.00
545,284,1.00
545,285,1.00
545,286,1.00
546,276,0.60
546,277,1.00
546,278,1.00
546,279,1.00
546,280,1.00
546,281,1.00
546,282,1.00
546,283,1.00
546,284,1.00
546,285,1.00
546,286,1.00
547,277,0.60
548,277,0.60
547,278,1.00
548,278,1.00
547,279,1.00
548,279,1.00
547,280,1.00
548,280,1.00
547,281,1.00
548,281,1.00
547,282,1.00
548,282,1.00
547,283,1.00
548,283,1.00
547,284,1.00
548,284,1.00
547,285,1.00
548,285,1.00
547,286,1.00
548,286,1.00
538,287,0.30
539,287,0.60
540,287,1.00
541,287,1.00
542,287,1.00
543,287,1.00
544,287,1.00
545,287,1.00
546,287,1.00
547,287,1.00
548,287,1.00
549,277,0.30
549,278,0.90
549,279,1.00
549,280,1.00
549,281,1.00
549,282,1.00
549,283,1.00
549,284,1.00
549,285,1.00
549,286,1.00
549,287,1.00
550,278,0.60
550,279,1.00
550,280,1.00
550,281,1.00
550,282,1.00
550,283,1.00
550,284,1.00
550,285,1.00
550,286,1.00
550,287,1.00
540,288,0.60
541,288,0.90
542,288,1.00
543,288,1.00
544,288,1.00
545,288,1.00
546,288,1.00
547,288,1.00
548,288,1.00
549,288,1.00
550,288,1.00
551,279,0.90
551,280,1.00
551,281,1.00
551,282,1.00
551,283,1.00
551,284,1.00
551,285,1.00
551,286,1.00
551,287,1.00
551,288,1.00
541,289,0.30
542,289,0.60
543,289,0.90
544,289,1.00
545,289,1.00
546,289,1.00
547,289,1.00
548,289,1.00
549,289,1.00
550,289,1.00
551,289,1.00
552,279,0.60
552,280,1.00
552,281,1.00
552,282,1.00
552,283,1.00
552,284,1.00
552,285,1.00
552,286,1.00
552,287,1.00
552,288,1.00
552,289,1.00
553,279,0.30
553,280,1.00
553,281,1.00
553,282,1.00
553,283,1.00
553,284,1.00
553,285,1.00
553,286,1.00
553,287,1.00
553,288,1.00
553,289,1.00
554,280,1.00
554,281,1.00
554,282,1.00
554,283,1.00
554,284,1.00
554,285,1.00
554,286,1.00
554,287,1.00
554,288,1.00
554,289,1.00
544,290,0.90
545,290,1.00
546,290,1.00
547,290,1.00
548,290,1.00
549,290,1.00
550,290,1.00
551,290,1.00
552,290,1.00
553,290,1.00
554,290,1.00
555,280,0.30
555,281,0.90
555,282,1.00
555,283,1.00
555,284,1.00
555,285,1.00
555,286,1.00
555,287,1.00
555,288,1.00
555,289,1.00
555,290,1.00
556,281,0.60
556,282,1.00
556,283,1.00
556,284,1.00
556,285,1.00
556,286,1.00
556,287,1.00
556,288,1.00
556,289,1.00
556,290,1.00
546,291,0.30
547,291,0.60
548,291,0.90
549,291,1.00
550,291,1.00
551,291,1.00
552,291,1.00
553,291,1.00
554,291,1.00
555,291,1.00
556,291,1.00
557,281,0.30
557,282,1.00
557,283,1.00
557,284,1.00
557,285,1.00
557,286,1.00
557,287,1.00
557,288,1.00
557,289,1.00
557,290,1.00
557,291,1.00
558,282,0.90
558,283,1.00
558,284,1.00
558,285,1.00
558,286,1.00
558,287,1.00
558,288,1.00
558,289,1.00
558,290,1.00
558,291,1.00
548,292,0.30
549,292,0.60
550,292,1.00
551,292,1.00
552,292,1.00
553,292,1.00
554,292,1.00
555,292,1.00
556,292,1.00
557,292,1.00
558,292,1.00
559,282,0.60
559,283,1.00
559,284,1.00
559,285,1.00
559,286,1.00
559,287,1.00
559,288,1.00
559,289,1.00
559,290,1.00
559,291,1.00
559,292,1.00
560,282,0.30
560,283,1.00
560,284,1.00
560,285,1.00
560,286,1.00
560,287,1.00
560,288,1.00
560,289,1.00
560,290,1.00
560,291,1.00
560,292,1.00
550,293,0.30
551,293,0.60
552,293,1.00
553,293,1.00
554,293,1.00
555,293,1.00
556,293,1.00
557,293,1.00
558,293,1.00
559,293,1.00
560,293,1.00
561,283,0.60
561,284,1.00
561,285,1.00
561,286,1.00
561,287,1.00
561,288,1.00
561,289,1.00
561,290,1.00
561,291,1.00
561,292,1.00
561,293,1.00
562,283,0.30
562,284,1.00
562,285,1.00
562,286,1.00
562,287,1.00
562,288,1.00
562,289,1.00
562,290,1.00
562,291,1.00
562,292,1.00
562,293,1.00
552,294,0.30
553,294,0.90
554,294,1.00
555,294,1.00
556,294,1.00
557,294,1.00
558,294,1.00
559,294,1.00
560,294,1.00
561,294,1.00
562,294,1.00
563,284,0.90
563,285,1.00
563,286,1.00
563,287,1.00
563,288,1.00
563,289,1.00
563,290,1.00
563,291,1.00
563,292,1.00
563,293,1.00
563,294,1.00
564,284,0.30
564,285,1.00
564,286,1.00
564,287,1.00
564,288,1.00
564,289,1.00
564,290,1.00
564,291,1.00
564,292,1.00
564,293,1.00
564,294,1.00
565,285,0.90
565,286,1.00
565,287,1.00
565,288,1.00
565,289,1.00
565,290,1.00
565,291,1.00
565,292,1.00
565,293,1.00
565,294,1.00
555,295,0.60
556,295,0.90
557,295,1.00
558,295,1.00
559,295,1.00
560,295,1.00
561,295,1.00
562,295,1.00
563,295,1.00
564,295,1.00
565,295,1.00
566,285,0.30
566,286,0.90
566,287,1.00
566,288,1.00
566,289,1.00
566,290,1.00
566,291,1.00
566,292,1.00
566,293,1.00
566,294,1.00
566,295,1.00
567,286,0.60
567,287,1.00
567,288,1.00
567,289,1.00
567,290,1.00
567,291,1.00
567,292,1.00
567,293,1.00
567,294,1.00
567,295,1.00
557,296,0.30
558,296,0.60
559,296,0.90
560,296,1.00
561,296,1.00
562,296,1.00
563,296,1.00
564,296,1.00
565,296,1.00
566,296,1.00
567,296,1.00
568,286,0.30
568,287,1.00
568,288,1.00
568,289,1.00
568,290,1.00
568,291,1.00
568,292,1.00
568,293,1.00
568,294,1.00
568,295,1.00
568,296,1.00
569,287,0.90
569,288,1.00
569,289,1.00
569,290,1.00
569,291,1.00
569,292,1.00
569,293,1.00
569,294,1.00
569,295,1.00
569,296,1.00
559,297,0.30
560,297,0.60
561,297,0.90
562,297,1.00
563,297,1.00
564,297,1.00
565,297,1.00
566,297,1.00
567,297,1.00
568,297,1.00
569,297,1.00
570,287,0.60
570,288,1.00
570,289,1.00
570,290,1.00
570,291,1.00
570,292,1.00
570,293,1.00
570,294,1.00
570,295,1.00
570,296,1.00
570,297,1.00
571,287,0.30
571,288,0.90
571,289,1.00
571,290,1.00
571,291,1.00
571,292,1.00
571,293,1.00
571,294,1.00
571,295,1.00
571,296,1.00
571,297,1.00
572,288,0.60
572,289,1.00
572,290,1.00
572,291,1.00
572,292,1.00
572,293,1.00
572,294,1.00
572,295,1.00
572,296,1.00
572,297,1.00
562,298,0.30
563,298,0.60
564,298,0.60
565,298,0.90
566,298,1.00
567,298,1.00
568,298,1.00
569,298,1.00
570,298,1.00
571,298,1.00
572,298,1.00
573,288,0.30
573,289,1.00
573,290,1.00
573,291,1.00
573,292,1.00
573,293,1.00
573,294,1.00
573,295,1.00
573,296,1.00
573,297,1.00
573,298,1.00
574,289,0.90
575,289,0.90
574,290,1.00
575,290,1.00
574,291,1.00
575,291,1.00
574,292,1.00
575,292,1.00
574,293,1.00
575,293,1.00
574,294,1.00
575,294,1.00
574,295,1.00
575,295,1.00
574,296,1.00
575,296,1.00
574,297,1.00
575,297,1.00
574,298,1.00
575,298,1.00
565,299,0.30
566,299,0.90
567,299,1.00
568,299,1.00
569,299,1.00
570,299,1.00
571,299,1.00
572,299,1.00
573,299,1.00
574,299,1.00
575,299,1.00
576,289,0.60
576,290,1.00
576,291,1.00
576,292,1.00
576,293,1.00
576,294,1.00
576,295,1.00
576,296,1.00
576,297,1.00
576,298,1.00
576,299,1.00
577,290,0.90
577,291,1.00
577,292,1.00
577,293,1.00
577,294,1.00
577,295,1.00
577,296,1.00
577,297,1.00
577,298,1.00
577,299,1.00
567,300,0.30
568,300,0.60
569,300,1.00
570,300,1.00
571,300,1.00
572,300,1.00
573,300,1.00
574,300,1.00
575,300,1.00
576,300,1.00
577,300,1.00
578,290,0.60
578,291,1.00
578,292,1.00
578,293,1.00
578,294,1.00
578,295,1.00
578,296,1.00
578,297,1.00
578,298,1.00
578,299,1.00
578,300,1.00
579,290,0.30
579,291,0.90
579,292,1.00
579,293,1.00
579,294,1.00
579,295,1.00
579,296,1.00
579,297,1.00
579,298,1.00
579,299,1.00
579,300,1.00
569,301,0.30
570,301,0.30
571,301,0.90
572,301,1.00
573,301,1.00
574,301,1.00
575,301,1.00
576,301,1.00
577,301,1.00
578,301,1.00
579,301,1.00
580,291,0.30
581,291,0.30
580,292,1.00
581,292,1.00
580,293,1.00
581,293,1.00
580,294,1.00
581,294,1.00
580,295,1.00
581,295,1.00
580,296,1.00
581,296,1.00
580,297,1.00
581,297,1.00
580,298,1.00
581,298,1.00
580,299,1.00
581,299,1.00
580,300,1.00
581,300,1.00
580,301,1.00
581,301,1.00
571,302,0.30
572,302,0.90
573,302,1.00
574,302,1.00
575,302,1.00
576,302,1.00
577,302,1.00
578,302,1.00
579,302,1.00
580,302,1.00
581,302,1.00
582,292,0.90
582,293,1.00
582,294,1.00
582,295,1.00
582,296,1.00
582,297,1.00
582,298,1.00
582,299,1.00
582,300,1.00
582,301,1.00
582,302,1.00
583,292,0.30
583,293,1.00
583,294,1.00
583,295,1.00
583,296,1.00
583,297,1.00
583,298,1.00
583,299,1.00
583,300,1.00
583,301,1.00
583,302,1.00
573,303,0.30
574,303,0.90
575,303,1.00
576,303,1.00
577,303,1.00
578,303,1.00
579,303,1.00
580,303,1.00
581,303,1.00
582,303,1.00
583,303,1.00
584,293,0.90
584,294,1.00
584,295,1.00
584,296,1.00
584,297,1.00
584,298,1.00
584,299,1.00
584,300,1.00
584,301,1.00
584,302,1.00
584,303,1.00
585,293,0.30
585,294,0.90
585,295,1.00
585,296,1.00
585,297,1.00
585,298,1.00
585,299,1.00
585,300,1.00
585,301,1.00
585,302,1.00
585,303,1.00
586,294,0.60
586,295,1.00
586,296,1.00
586,297,1.00
586,298,1.00
586,299,1.00
586,300,1.00
586,301,1.00
586,302,1.00
586,303,1.00
576,304,0.30
577,304,0.90
578,304,1.00
579,304,1.00
580,304,1.00
581,304,1.00
582,304,1.00
583,304,1.00
584,304,1.00
585,304,1.00
586,304,1.00
587,294,0.30
587,295,1.00
587,296,1.00
587,297,1.00
587,298,1.00
587,299,1.00
587,300,1.00
587,301,1.00
587,302,1.00
587,303,1.00
587,304,1.00
577,305,0.30
578,305,0.60
579,305,0.60
580,305,0.90
581,305,1.00
582,305,1.00
583,305,1.00
584,305,1.00
585,305,1.00
586,305,1.00
587,305,1.00
588,295,0.60
588,296,1.00
588,297,1.00
588,298,1.00
588,299,1.00
588,300,1.00
588,301,1.00
588,302,1.00
588,303,1.00
588,304,1.00
588,305,1.00
589,295,0.30
590,295,0.30
589,296,1.00
590,296,1.00
589,297,1.00
590,297,1.00
589,298,1.00
590,298,1.00
589,299,1.00
590,299,1.00
589,300,1.00
590,300,1.00
589,301,1.00
590,301,1.00
589,302,1.00
590,302,1.00
589,303,1.00
590,303,1.00
589,304,1.00
590,304,1.00
589,305,1.00
590,305,1.00
591,296,1.00
591,297,1.00
591,298,1.00
591,299,1.00
591,300,1.00
591,301,1.00
591,302,1.00
591,303,1.00
591,304,1.00
591,305,1.00
581,306,0.30
582,306,0.60
583,306,0.90
584,306,1.00
585,306,1.00
586,306,1.00
587,306,1.00
588,306,1.00
589,306,1.00
590,306,1.00
591,306,1.00
592,296,0.90
592,297,1.00
592,298,1.00
592,299,1.00
592,300,1.00
592,301,1.00
592,302,1.00
592,303,1.00
592,304,1.00
592,305,1.00
592,306,1.00
593,296,0.60
593,297,1.00
593,298,1.00
593,299,1.00
593,300,1.00
593,301,1.00
593,302,1.00
593,303,1.00
593,304,1.00
593,305,1.00
593,306,1.00
594,296,0.30
594,297,0.90
594,298,1.00
594,299,1.00
594,300,1.00
594,301,1.00
594,302,1.00
594,303,1.00
594,304,1.00
594,305,1.00
594,306,1.00
595,297,0.60
595,298,1.00
595,299,1.00
595,300,1.00
595,301,1.00
595,302,1.00
595,303,1.00
595,304,1.00
595,305,1.00
595,306,1.00
585,307,0.30
586,307,0.60
587,307,0.90
588,307,1.00
589,307,1.00
590,307,1.00
591,307,1.00
592,307,1.00
593,307,1.00
594,307,1.00
595,307,1.00
596,297,0.30
596,298,1.00
596,299,1.00
596,300,1.00
596,301,1.00
596,302,1.00
596,303,1.00
596,304,1.00
596,305,1.00
596,306,1.00
596,307,1.00
597,298,0.90
597,299,1.00
597,300,1.00
597,301,1.00
597,302,1.00
597,303,1.00
597,304,1.00
597,305,1.00
597,306,1.00
597,307,1.00
587,308,0.30
588,308,0.60
589,308,1.00
590,308,1.00
591,308,1.00
592,308,1.00
593,308,1.00
594,308,1.00
595,308,1.00
596,308,1.00
597,308,1.00
598,298,0.60
598,299,1.00
598,300,1.00
598,301,1.00
598,302,1.00
598,303,1.00
598,304,1.00
598,305,1.00
598,306,1.00
598,307,1.00
598,308,1.00
599,298,0.30
599,299,1.00
599,300,1.00
599,301,1.00
599,302,1.00
599,303,1.00
599,304,1.00
599,305,1.00
599,306,1.00
599,307,1.00
599,308,1.00
589,309,0.30
590,309,1.00
591,309,1.00
592,309,1.00
593,309,1.00
594,309,1.00
595,309,1.00
596,309,1.00
597,309,1.00
598,309,1.00
599,309,1.00
600,299,0.90
600,300,1.00
600,301,1.00
600,302,1.00
600,303,1.00
600,304,1.00
600,305,1.00
600,306,1.00
600,307,1.00
600,308,1.00
600,309,1.00
601,300,0.90
601,301,1.00
601,302,1.00
601,303,1.00
601,304,1.00
601,305,1.00
601,306,1.00
601,307,1.00
601,308,1.00
601,309,1.00
591,310,0.30
592,310,0.90
593,310,0.90
594,310,1.00
595,310,1.00
596,310,1.00
597,310,1.00
598,310,1.00
599,310,1.00
600,310,1.00
601,310,1.00
602,300,0.60
602,301,1.00
602,302,1.00
602,303,1.00
602,304,1.00
602,305,1.00
602,306,1.00
602,307,1.00
602,308,1.00
602,309,1.00
602,310,1.00
603,301,0.60
604,301,0.60
603,302,1.00
604,302,1.00
603,303,1.00
604,303,1.00
603,304,1.00
604,304,1.00
603,305,1.00
604,305,1.00
603,306,1.00
604,306,1.00
603,307,1.00
604,307,1.00
603,308,1.00
604,308,1.00
603,309,1.00
604,309,1.00
603,310,1.00
604,310,1.00
594,311,0.30
595,311,0.90
596,311,1.00
597,311,1.00
598,311,1.00
599,311,1.00
600,311,1.00
601,311,1.00
602,311,1.00
603,311,1.00
604,311,1.00
605,301,0.30
605,302,1.00
605,303,1.00
605,304,1.00
605,305,1.00
605,306,1.00
605,307,1.00
605,308,1.00
605,309,1.00
605,310,1.00
605,311,1.00
595,312,0.30
596,312,0.60
597,312,0.90
598,312,1.00
599,312,1.00
600,312,1.00
601,312,1.00
602,312,1.00
603,312,1.00
604,312,1.00
605,312,1.00
606,302,0.60
606,303,1.00
606,304,1.00
606,305,1.00
606,306,1.00
606,307,1.00
606,308,1.00
606,309,1.00
606,310,1.00
606,311,1.00
606,312,1.00
607,302,0.30
607,303,1.00
607,304,1.00
607,305,1.00
607,306,1.00
607,307,1.00
607,308,1.00
607,309,1.00
607,310,1.00
607,311,1.00
607,312,1.00
608,303,0.90
608,304,1.00
608,305,1.00
608,306,1.00
608,307,1.00
608,308,1.00
608,309,1.00
608,310,1.00
608,311,1.00
608,312,1.00
598,313,0.30
599,313,0.60
600,313,0.90
601,313,1.00
602,313,1.00
603,313,1.00
604,313,1.00
605,313,1.00
606,313,1.00
607,313,1.00
608,313,1.00
609,303,0.60
609,304,1.00
609,305,1.00
609,306,1.00
609,307,1.00
609,308,1.00
609,309,1.00
609,310,1.00
609,311,1.00
609,312,1.00
609,313,1.00
610,303,0.30
610,304,0.90
610,305,1.00
610,306,1.00
610,307,1.00
610,308,1.00
610,309,1.00
610,310,1.00
610,311,1.00
610,312,1.00
610,313,1.00
611,304,0.60
611,305,1.00
611,306,1.00
611,307,1.00
611,308,1.00
611,309,1.00
611,310,1.00
611,311,1.00
611,312,1.00
611,313,1.00
601,314,0.30
602,314,0.60
603,314,0.90
604,314,1.00
605,314,1.00
606,314,1.00
607,314,1.00
608,314,1.00
609,314,1.00
610,314,1.00
611,314,1.00
612,304,0.30
612,305,1.00
612,306,1.00
612,307,1.00
612,308,1.00
612,309,1.00
612,310,1.00
612,311,1.00
612,312,1.00
612,313,1.00
612,314,1.00
613,305,0.90
613,306,1.00
613,307,1.00
613,308,1.00
613,309,1.00
613,310,1.00
613,311,1.00
613,312,1.00
613,313,1.00
613,314,1.00
603,315,0.30
604,315,1.00
605,315,1.00
606,315,1.00
607,315,1.00
608,315,1.00
609,315,1.00
610,315,1.00
611,315,1.00
612,315,1.00
613,315,1.00
614,305,0.60
614,306,1.00
614,307,1.00
614,308,1.00
614,309,1.00
614,310,1.00
614,311,1.00
614,312,1.00
614,313,1.00
614,314,1.00
614,315,1.00
604,316,0.30
605,316,0.60
606,316,0.90
607,316,1.00
608,316,1.00
609,316,1.00
610,316,1.00
611,316,1.00
612,316,1.00
613,316,1.00
614,316,1.00
615,306,0.60
615,307,0.90
615,308,1.00
615,309,1.00
615,310,1.00
615,311,1.00
615,312,1.00
615,313,1.00
615,314,1.00
615,315,1.00
615,316,1.00
616,306,0.30
616,307,0.60
616,308,0.90
616,309,1.00
616,310,1.00
616,311,1.00
616,312,1.00
616,313,1.00
616,314,1.00
616,315,1.00
616,316,1.00
617,307,0.30
617,308,0.60
617,309,0.90
617,310,1.00
617,311,1.00
617,312,1.00
617,313,1.00
617,314,1.00
617,315,1.00
617,316,1.00
607,317,0.30
608,317,0.60
609,317,0.90
610,317,1.00
611,317,1.00
612,317,1.00
613,317,1.00
614,317,1.00
615,317,1.00
616,317,1.00
617,317,1.00
618,308,0.30
618,309,0.60
618,310,1.00
618,311,1.00
618,312,1.00
618,313,1.00
618,314,1.00
618,315,1.00
618,316,1.00
618,317,1.00
608,318,0.30
609,318,0.60
610,318,0.90
611,318,1.00
612,318,1.00
613,318,1.00
614,318,1.00
615,318,1.00
616,318,1.00
617,318,1.00
618,318,1.00
619,309,0.30
619,310,0.90
619,311,1.00
619,312,1.00
619,313,1.00
619,314,1.00
619,315,1.00
619,316,1.00
619,317,1.00
619,318,1.00
609,319,0.30
610,319,0.60
611,319,0.90
612,319,1.00
613,319,1.00
614,319,1.00
615,319,1.00
616,319,1.00
617,319,1.00
618,319,1.00
619,319,1.00
620,310,0.60
620,311,0.90
620,312,1.00
620,313,1.00
620,314,1.00
620,315,1.00
620,316,1.00
620,317,1.00
620,318,1.00
620,319,1.00
610,320,0.30
611,320,0.60
612,320,0.90
613,320,1.00
614,320,1.00
615,320,1.00
616,320,1.00
617,320,1.00
618,320,1.00
619,320,1.00
620,320,1.00
621,310,0.30
621,311,0.60
621,312,0.90
621,313,1.00
621,314,1.00
621,315,1.00
621,316,1.00
621,317,1.00
621,318,1.00
621,319,1.00
621,320,1.00
622,311,0.30
622,312,0.60
622,313,1.00
622,314,1.00
622,315,1.00
622,316,1.00
622,317,1.00
622,318,1.00
622,319,1.00
622,320,1.00
612,321,0.30
613,321,0.90
614,321,1.00
615,321,1.00
616,321,1.00
617,321,1.00
618,321,1.00
619,321,1.00
620,321,1.00
621,321,1.00
622,321,1.00
623,312,0.30
623,313,0.90
623,314,1.00
623,315,1.00
623,316,1.00
623,317,1.00
623,318,1.00
623,319,1.00
623,320,1.00
623,321,1.00
613,322,0.60
614,322,1.00
615,322,1.00
616,322,1.00
617,322,1.00
618,322,1.00
619,322,1.00
620,322,1.00
621,322,1.00
622,322,1.00
623,322,1.00
613,323,0.30
614,323,0.90
615,323,1.00
616,323,1.00
617,323,1.00
618,323,1.00
619,323,1.00
620,323,1.00
621,323,1.00
622,323,1.00
623,323,1.00
624,313,0.30
624,314,0.90
624,315,1.00
624,316,1.00
624,317,1.00
624,318,1.00
624,319,1.00
624,320,1.00
624,321,1.00
624,322,1.00
624,323,1.00
614,324,0.30
615,324,0.90
616,324,1.00
617,324,1.00
618,324,1.00
619,324,1.00
620,324,1.00
621,324,1.00
622,324,1.00
623,324,1.00
624,324,1.00
625,314,0.30
625,315,0.90
625,316,0.90
625,317,1.00
625,318,1.00
625,319,1.00
625,320,1.00
625,321,1.00
625,322,1.00
625,323,1.00
625,324,1.00
615,325,0.30
616,325,0.60
617,325,1.00
618,325,1.00
619,325,1.00
620,325,1.00
621,325,1.00
622,325,1.00
623,325,1.00
624,325,1.00
625,325,1.00
626,315,0.30
626,316,0.30
626,317,0.90
626,318,1.00
626,319,1.00
626,320,1.00
626,321,1.00
626,322,1.00
626,323,1.00
626,324,1.00
626,325,1.00
627,317,0.60
627,318,0.90
627,319,1.00
627,320,1.00
627,321,1.00
627,322,1.00
627,323,1.00
627,324,1.00
627,325,1.00
617,326,0.90
618,326,1.00
619,326,1.00
620,326,1.00
621,326,1.00
622,326,1.00
623,326,1.00
624,326,1.00
625,326,1.00
626,326,1.00
627,326,1.00
617,327,0.90
618,327,1.00
619,327,1.00
620,327,1.00
621,327,1.00
622,327,1.00
623,327,1.00
624,327,1.00
625,327,1.00
626,327,1.00
627,327,1.00
617,328,0.30
618,328,0.60
619,328,0.90
620,328,1.00
621,328,1.00
622,328,1.00
623,328,1.00
624,328,1.00
625,328,1.00
626,328,1.00
627,328,1.00
628,319,0.30
628,320,0.90
628,321,1.00
628,322,1.00
628,323,1.00
628,324,1.00
628,325,1.00
628,326,1.00
628,327,1.00
628,328,1.00
618,329,0.30
619,329,0.60
620,329,1.00
621,329,1.00
622,329,1.00
623,329,1.00
624,329,1.00
625,329,1.00
626,329,1.00
627,329,1.00
628,329,1.00
629,320,0.60
629,321,0.90
629,322,1.00
629,323,1.00
629,324,1.00
629,325,1.00
629,326,1.00
629,327,1.00
629,328,1.00
629,329,1.00
619,330,0.30
620,330,0.90
621,330,1.00
622,330,1.00
623,330,1.00
624,330,1.00
625,330,1.00
626,330,1.00
627,330,1.00
628,330,1.00
629,330,1.00
630,320,0.30
630,321,0.60
630,322,1.00
630,323,1.00
630,324,1.00
630,325,1.00
630,326,1.00
630,327,1.00
630,328,1.00
630,329,1.00
630,330,1.00
620,331,0.30
621,331,0.90
622,331,1.00
623,331,1.00
624,331,1.00
625,331,1.00
626,331,1.00
627,331,1.00
628,331,1.00
629,331,1.00
630,331,1.00
631,322,0.60
631,323,0.90
631,324,1.00
631,325,1.00
631,326,1.00
631,327,1.00
631,328,1.00
631,329,1.00
631,330,1.00
631,331,1.00
621,332,0.60
622,332,1.00
623,332,1.00
624,332,1.00
625,332,1.00
626,332,1.00
627,332,1.00
628,332,1.00
629,332,1.00
630,332,1.00
631,332,1.00
632,323,0.30
632,324,0.90
632,325,1.00
632,326,1.00
632,327,1.00
632,328,1.00
632,329,1.00
632,330,1.00
632,331,1.00
632,332,1.00
622,333,1.00
623,333,1.00
624,333,1.00
625,333,1.00
626,333,1.00
627,333,1.00
628,333,1.00
629,333,1.00
630,333,1.00
631,333,1.00
632,333,1.00
622,334,1.00
623,334,1.00
624,334,1.00
625,334,1.00
626,334,1.00
627,334,1.00
628,334,1.00
629,334,1.00
630,334,1.00
631,334,1.00
632,334,1.00
622,335,0.60
623,335,1.00
624,335,1.00
625,335,1.00
626,335,1.00
627,335,1.00
628,335,1.00
629,335,1.00
630,335,1.00
631,335,1.00
632,335,1.00
633,327,0.30
633,328,0.90
633,329,1.00
633,330,1.00
633,331,1.00
633,332,1.00
633,333,1.00
633,334,1.00
633,335,1.00
623,336,1.00
624,336,1.00
625,336,1.00
626,336,1.00
627,336,1.00
628,336,1.00
629,336,1.00
630,336,1.00
631,336,1.00
632,336,1.00
633,336,1.00
623,337,1.00
624,337,1.00
625,337,1.00
626,337,1.00
627,337,1.00
628,337,1.00
629,337,1.00
630,337,1.00
631,337,1.00
632,337,1.00
633,337,1.00
623,338,1.00
624,338,1.00
625,338,1.00
626,338,1.00
627,338,1.00
628,338,1.00
629,338,1.00
630,338,1.00
631,338,1.00
632,338,1.00
633,338,1.00
623,339,1.00
624,339,1.00
625,339,1.00
626,339,1.00
627,339,1.00
628,339,1.00
629,339,1.00
630,339,1.00
631,339,1.00
632,339,1.00
633,339,1.00
623,340,1.00
624,340,1.00
625,340,1.00
626,340,1.00
627,340,1.00
628,340,1.00
629,340,1.00
630,340,1.00
631,340,1.00
632,340,1.00
633,340,1.00
623,341,1.00
624,341,1.00
625,341,1.00
626,341,1.00
627,341,1.00
628,341,1.00
629,341,1.00
630,341,1.00
631,341,1.00
632,341,1.00
633,341,1.00
623,342,0.60
624,342,1.00
625,342,1.00
626,342,1.00
627,342,1.00
628,342,1.00
629,342,1.00
630,342,1.00
631,342,1.00
632,342,1.00
633,342,1.00
623,343,0.30
624,343,1.00
625,343,1.00
626,343,1.00
627,343,1.00
628,343,1.00
629,343,1.00
630,343,1.00
631,343,1.00
632,343,1.00
633,343,1.00
634,334,0.60
634,335,0.90
634,336,1.00
634,337,1.00
634,338,1.00
634,339,1.00
634,340,1.00
634,341,1.00
634,342,1.00
634,343,1.00
624,344,1.00
625,344,1.00
626,344,1.00
627,344,1.00
628,344,1.00
629,344,1.00
630,344,1.00
631,344,1.00
632,344,1.00
633,344,1.00
634,344,1.00
624,345,1.00
625,345,1.00
626,345,1.00
627,345,1.00
628,345,1.00
629,345,1.00
630,345,1.00
631,345,1.00
632,345,1.00
633,345,1.00
634,345,1.00
624,346,0.90
625,346,1.00
626,346,1.00
627,346,1.00
628,346,1.00
629,346,1.00
630,346,1.00
631,346,1.00
632,346,1.00
633,346,1.00
634,346,1.00
624,347,0.30
625,347,0.60
626,347,1.00
627,347,1.00
628,347,1.00
629,347,1.00
630,347,1.00
631,347,1.00
632,347,1.00
633,347,1.00
634,347,1.00
635,339,0.30
635,340,0.60
635,341,0.90
635,342,1.00
635,343,1.00
635,344,1.00
635,345,1.00
635,346,1.00
635,347,1.00
625,348,0.30
626,348,0.90
627,348,1.00
628,348,1.00
629,348,1.00
630,348,1.00
631,348,1.00
632,348,1.00
633,348,1.00
634,348,1.00
635,348,1.00
625,349,0.30
626,349,0.90
627,349,1.00
628,349,1.00
629,349,1.00
630,349,1.00
631,349,1.00
632,349,1.00
633,349,1.00
634,349,1.00
635,349,1.00
636,340,0.30
636,341,0.60
636,342,0.90
636,343,1.00
636,344,1.00
636,345,1.00
636,346,1.00
636,347,1.00
636,348,1.00
636,349,1.00
626,350,0.60
627,350,1.00
628,350,1.00
629,350,1.00
630,350,1.00
631,350,1.00
632,350,1.00
633,350,1.00
634,350,1.00
635,350,1.00
636,350,1.00
626,351,0.30
627,351,1.00
628,351,1.00
629,351,1.00
630,351,1.00
631,351,1.00
632,351,1.00
633,351,1.00
634,351,1.00
635,351,1.00
636,351,1.00
637,342,0.30
637,343,0.60
637,344,1.00
637,345,1.00
637,346,1.00
637,347,1.00
637,348,1.00
637,349,1.00
637,350,1.00
637,351,1.00
627,352,1.00
628,352,1.00
629,352,1.00
630,352,1.00
631,352,1.00
632,352,1.00
633,352,1.00
634,352,1.00
635,352,1.00
636,352,1.00
637,352,1.00
627,353,1.00
628,353,1.00
629,353,1.00
630,353,1.00
631,353,1.00
632,353,1.00
633,353,1.00
634,353,1.00
635,353,1.00
636,353,1.00
637,353,1.00
627,354,0.90
628,354,1.00
629,354,1.00
630,354,1.00
631,354,1.00
632,354,1.00
633,354,1.00
634,354,1.00
635,354,1.00
636,354,1.00
637,354,1.00
627,355,0.30
628,355,1.00
629,355,1.00
630,355,1.00
631,355,1.00
632,355,1.00
633,355,1.00
634,355,1.00
635,355,1.00
636,355,1.00
637,355,1.00
638,345,0.30
638,346,0.60
638,347,0.90
638,348,1.00
638,349,1.00
638,350,1.00
638,351,1.00
638,352,1.00
638,353,1.00
638,354,1.00
638,355,1.00
628,356,0.90
629,356,1.00
630,356,1.00
631,356,1.00
632,356,1.00
633,356,1.00
634,356,1.00
635,356,1.00
636,356,1.00
637,356,1.00
638,356,1.00
628,357,0.60
629,357,1.00
630,357,1.00
631,357,1.00
632,357,1.00
633,357,1.00
634,357,1.00
635,357,1.00
636,357,1.00
637,357,1.00
638,357,1.00
628,358,0.30
629,358,1.00
630,358,1.00
631,358,1.00
632,358,1.00
633,358,1.00
634,358,1.00
635,358,1.00
636,358,1.00
637,358,1.00
638,358,1.00
639,350,0.30
639,351,0.30
639,352,0.30
639,353,0.60
639,354,0.60
639,355,0.60
639,356,0.90
639,357,1.00
639,358,1.00
629,359,1.00
630,359,1.00
631,359,1.00
632,359,1.00
633,359,1.00
634,359,1.00
635,359,1.00
636,359,1.00
637,359,1.00
638,359,1.00
639,359,1.00
629,360,1.00
630,360,1.00
631,360,1.00
632,360,1.00
633,360,1.00
634,360,1.00
635,360,1.00
636,360,1.00
637,360,1.00
638,360,1.00
639,360,1.00
629,361,1.00
630,361,1.00
631,361,1.00
632,361,1.00
633,361,1.00
634,361,1.00
635,361,1.00
636,361,1.00
637,361,1.00
638,361,1.00
639,361,1.00
629,362,1.00
630,362,1.00
631,362,1.00
632,362,1.00
633,362,1.00
634,362,1.00
635,362,1.00
636,362,1.00
637,362,1.00
638,362,1.00
639,362,1.00
629,363,1.00
630,363,1.00
631,363,1.00
632,363,1.00
633,363,1.00
634,363,1.00
635,363,1.00
636,363,1.00
637,363,1.00
638,363,1.00
639,363,1.00
629,364,1.00
630,364,1.00
631,364,1.00
632,364,1.00
633,364,1.00
634,364,1.00
635,364,1.00
636,364,1.00
637,364,1.00
638,364,1.00
639,364,1.00
629,365,1.00
630,365,1.00
631,365,1.00
632,365,1.00
633,365,1.00
634,365,1.00
635,365,1.00
636,365,1.00
637,365,1.00
638,365,1.00
639,365,1.00
629,366,1.00
630,366,1.00
631,366,1.00
632,366,1.00
633,366,1.00
634,366,1.00
635,366,1.00
636,366,1.00
637,366,1.00
638,366,1.00
639,366,1.00
629,367,1.00
630,367,1.00
631,367,1.00
632,367,1.00
633,367,1.00
634,367,1.00
635,367,1.00
636,367,1.00
637,367,1.00
638,367,1.00
639,367,1.00
629,368,1.00
630,368,1.00
631,368,1.00
632,368,1.00
633,368,1.00
634,368,1.00
635,368,1.00
636,368,1.00
637,368,1.00
638,368,1.00
639,368,1.00
629,369,1.00
630,369,1.00
631,369,1.00
632,369,1.00
633,369,1.00
634,369,1.00
635,369,1.00
636,369,1.00
637,369,1.00
638,369,1.00
639,369,1.00
629,370,1.00
630,370,1.00
631,370,1.00
632,370,1.00
633,370,1.00
634,370,1.00
635,370,1.00
636,370,1.00
637,370,1.00
638,370,1.00
639,370,1.00
629,371,1.00
630,371,1.00
631,371,1.00
632,371,1.00
633,371,1.00
634,371,1.00
635,371,1.00
636,371,1.00
637,371,1.00
638,371,1.00
639,371,1.00
629,372,1.00
630,372,1.00
631,372,1.00
632,372,1.00
633,372,1.00
634,372,1.00
635,372,1.00
636,372,1.00
637,372,1.00
638,372,1.00
639,372,1.00
629,373,1.00
630,373,1.00
631,373,1.00
632,373,1.00
633,373,1.00
634,373,1.00
635,373,1.00
636,373,1.00
637,373,1.00
638,373,1.00
639,373,1.00
629,374,1.00
630,374,1.00
631,374,1.00
632,374,1.00
633,374,1.00
634,374,1.00
635,374,1.00
636,374,1.00
637,374,1.00
638,374,1.00
639,374,1.00
629,375,1.00
630,375,1.00
631,375,1.00
632,375,1.00
633,375,1.00
634,375,1.00
635,375,1.00
636,375,1.00
637,375,1.00
638,375,1.00
639,375,1.00
629,376,1.00
630,376,1.00
631,376,1.00
632,376,1.00
633,376,1.00
634,376,1.00
635,376,1.00
636,376,1.00
637,376,1.00
638,376,1.00
639,376,1.00
629,377,1.00
630,377,1.00
631,377,1.00
632,377,1.00
633,377,1.00
634,377,1.00
635,377,1.00
636,377,1.00
637,377,1.00
638,377,1.00
639,377,1.00
629,378,1.00
630,378,1.00
631,378,1.00
632,378,1.00
633,378,1.00
634,378,1.00
635,378,1.00
636,378,1.00
637,378,1.00
638,378,1.00
639,378,1.00
629,379,1.00
630,379,1.00
631,379,1.00
632,379,1.00
633,379,1.00
634,379,1.00
635,379,1.00
636,379,1.00
637,379,1.00
638,379,1.00
639,379,1.00
629,380,1.00
630,380,1.00
631,380,1.00
632,380,1.00
633,380,1.00
634,380,1.00
635,380,1.00
636,380,1.00
637,380,1.00
638,380,1.00
639,380,1.00
629,381,1.00
630,381,1.00
631,381,1.00
632,381,1.00
633,381,1.00
634,381,1.00
635,381,1.00
636,381,1.00
637,381,1.00
638,381,1.00
639,381,1.00
629,382,1.00
630,382,1.00
631,382,1.00
632,382,1.00
633,382,1.00
634,382,1.00
635,382,1.00
636,382,1.00
637,382,1.00
638,382,1.00
639,382,0.60
628,373,0.30
628,374,0.60
628,375,0.90
628,376,0.90
628,377,1.00
628,378,1.00
628,379,1.00
628,380,1.00
628,381,1.00
628,382,1.00
628,383,1.00
629,383,1.00
630,383,1.00
631,383,1.00
632,383,1.00
633,383,1.00
634,383,1.00
635,383,1.00
636,383,1.00
637,383,1.00
638,383,0.90
628,384,1.00
629,384,1.00
630,384,1.00
631,384,1.00
632,384,1.00
633,384,1.00
634,384,1.00
635,384,1.00
636,384,1.00
637,384,0.90
638,384,0.60
628,385,1.00
629,385,1.00
630,385,1.00
631,385,1.00
632,385,1.00
633,385,1.00
634,385,1.00
635,385,1.00
636,385,0.60
637,385,0.60
638,385,0.30
627,377,0.30
627,378,0.30
627,379,0.30
627,380,0.30
627,381,0.30
627,382,0.60
627,383,0.60
627,384,1.00
627,385,1.00
627,386,1.00
628,386,1.00
629,386,1.00
630,386,1.00
631,386,1.00
632,386,1.00
633,386,1.00
634,386,1.00
635,386,0.60
636,386,0.30
637,386,0.30
627,387,1.00
628,387,1.00
629,387,1.00
630,387,1.00
631,387,1.00
632,387,1.00
633,387,1.00
634,387,1.00
635,387,0.60
636,387,0.30
637,387,0.30
625,382,0.30
626,382,0.30
625,383,0.30
626,383,0.30
625,384,0.60
626,384,0.60
625,385,1.00
626,385,1.00
625,386,1.00
626,386,1.00
625,387,1.00
626,387,1.00
625,388,1.00
626,388,1.00
627,388,1.00
628,388,1.00
629,388,1.00
630,388,1.00
631,388,1.00
632,388,1.00
633,388,1.00
634,388,1.00
635,388,0.30
625,389,1.00
626,389,1.00
627,389,1.00
628,389,1.00
629,389,1.00
630,389,1.00
631,389,1.00
632,389,1.00
633,389,1.00
634,389,1.00
635,389,0.30
625,390,1.00
626,390,1.00
627,390,1.00
628,390,1.00
629,390,1.00
630,390,1.00
631,390,1.00
632,390,1.00
633,390,1.00
634,390,1.00
635,390,0.30
625,391,1.00
626,391,1.00
627,391,1.00
628,391,1.00
629,391,1.00
630,391,1.00
631,391,1.00
632,391,1.00
633,391,1.00
634,391,1.00
635,391,0.30
625,392,1.00
626,392,1.00
627,392,1.00
628,392,1.00
629,392,1.00
630,392,1.00
631,392,1.00
632,392,1.00
633,392,1.00
634,392,1.00
635,392,0.30
624,384,0.30
624,385,0.90
624,386,1.00
624,387,1.00
624,388,1.00
624,389,1.00
624,390,1.00
624,391,1.00
624,392,1.00
624,393,1.00
625,393,1.00
626,393,1.00
627,393,1.00
628,393,1.00
629,393,1.00
630,393,1.00
631,393,1.00
632,393,1.00
633,393,1.00
634,393,0.90
624,394,1.00
625,394,1.00
626,394,1.00
627,394,1.00
628,394,1.00
629,394,1.00
630,394,1.00
631,394,1.00
632,394,1.00
633,394,1.00
634,394,0.90
624,395,1.00
625,395,1.00
626,395,1.00
627,395,1.00
628,395,1.00
629,395,1.00
630,395,1.00
631,395,1.00
632,395,0.90
633,395,0.90
634,395,0.60
623,386,0.30
623,387,0.30
623,388,0.60
623,389,0.90
623,390,1.00
623,391,1.00
623,392,1.00
623,393,1.00
623,394,1.00
623,395,1.00
623,396,1.00
624,396,1.00
625,396,1.00
626,396,1.00
627,396,1.00
628,396,1.00
629,396,1.00
630,396,1.00
631,396,0.90
632,396,0.30
633,396,0.30
621,388,0.30
622,388,0.30
621,389,0.60
622,389,0.60
621,390,0.90
622,390,0.90
621,391,1.00
622,391,1.00
621,392,1.00
622,392,1.00
621,393,1.00
622,393,1.00
621,394,1.00
622,394,1.00
621,395,1.00
622,395,1.00
621,396,1.00
622,396,1.00
621,397,1.00
622,397,1.00
623,397,1.00
624,397,1.00
625,397,1.00
626,397,1.00
627,397,1.00
628,397,1.00
629,397,1.00
630,397,1.00
631,397,0.60
621,398,1.00
622,398,1.00
623,398,1.00
624,398,1.00
625,398,1.00
626,398,1.00
627,398,1.00
628,398,1.00
629,398,1.00
630,398,1.00
631,398,0.60
621,399,1.00
622,399,1.00
623,399,1.00
624,399,1.00
625,399,1.00
626,399,1.00
627,399,1.00
628,399,1.00
629,399,1.00
630,399,1.00
631,399,0.30
620,390,0.30
620,391,0.90
620,392,1.00
620,393,1.00
620,394,1.00
620,395,1.00
620,396,1.00
620,397,1.00
620,398,1.00
620,399,1.00
620,400,1.00
621,400,1.00
622,400,1.00
623,400,1.00
624,400,1.00
625,400,1.00
626,400,1.00
627,400,1.00
628,400,1.00
629,400,1.00
630,400,1.00
620,401,1.00
621,401,1.00
622,401,1.00
623,401,1.00
624,401,1.00
625,401,1.00
626,401,1.00
627,401,1.00
628,401,1.00
629,401,1.00
630,401,0.90
620,402,1.00
621,402,1.00
622,402,1.00
623,402,1.00
624,402,1.00
625,402,1.00
626,402,1.00
627,402,1.00
628,402,1.00
629,402,1.00
630,402,0.30
619,392,0.30
619,393,0.30
619,394,0.60
619,395,1.00
619,396,1.00
619,397,1.00
619,398,1.00
619,399,1.00
619,400,1.00
619,401,1.00
619,402,1.00
619,403,1.00
620,403,1.00
621,403,1.00
622,403,1.00
623,403,1.00
624,403,1.00
625,403,1.00
626,403,1.00
627,403,1.00
628,403,1.00
629,403,0.90
619,404,1.00
620,404,1.00
621,404,1.00
622,404,1.00
623,404,1.00
624,404,1.00
625,404,1.00
626,404,1.00
627,404,1.00
628,404,1.00
629,404,0.90
619,405,1.00
620,405,1.00
621,405,1.00
622,405,1.00
623,405,1.00
624,405,1.00
625,405,1.00
626,405,1.00
627,405,1.00
628,405,1.00
629,405,0.60
618,395,0.30
618,396,0.60
618,397,1.00
618,398,1.00
618,399,1.00
618,400,1.00
618,401,1.00
618,402,1.00
618,403,1.00
618,404,1.00
618,405,1.00
618,406,1.00
619,406,1.00
620,406,1.00
621,406,1.00
622,406,1.00
623,406,1.00
624,406,1.00
625,406,1.00
626,406,1.00
627,406,1.00
628,406,0.60
618,407,1.00
619,407,1.00
620,407,1.00
621,407,1.00
622,407,1.00
623,407,1.00
624,407,1.00
625,407,1.00
626,407,1.00
627,407,1.00
628,407,0.30
617,397,0.30
617,398,1.00
617,399,1.00
617,400,1.00
617,401,1.00
617,402,1.00
617,403,1.00
617,404,1.00
617,405,1.00
617,406,1.00
617,407,1.00
617,408,1.00
618,408,1.00
619,408,1.00
620,408,1.00
621,408,1.00
622,408,1.00
623,408,1.00
624,408,1.00
625,408,1.00
626,408,1.00
627,408,0.90
616,399,0.60
616,400,0.90
616,401,1.00
616,402,1.00
616,403,1.00
616,404,1.00
616,405,1.00
616,406,1.00
616,407,1.00
616,408,1.00
616,409,1.00
617,409,1.00
618,409,1.00
619,409,1.00
620,409,1.00
621,409,1.00
622,409,1.00
623,409,1.00
624,409,1.00
625,409,1.00
626,409,0.60
615,400,0.30
615,401,0.90
615,402,1.00
615,403,1.00
615,404,1.00
615,405,1.00
615,406,1.00
615,407,1.00
615,408,1.00
615,409,1.00
615,410,1.00
616,410,1.00
617,410,1.00
618,410,1.00
619,410,1.00
620,410,1.00
621,410,1.00
622,410,1.00
623,410,1.00
624,410,1.00
625,410,1.00
615,411,1.00
616,411,1.00
617,411,1.00
618,411,1.00
619,411,1.00
620,411,1.00
621,411,1.00
622,411,1.00
623,411,1.00
624,411,1.00
625,411,0.90
615,412,1.00
616,412,1.00
617,412,1.00
618,412,1.00
619,412,1.00
620,412,1.00
621,412,1.00
622,412,1.00
623,412,1.00
624,412,0.90
625,412,0.30
614,402,0.30
614,403,0.60
614,404,0.90
614,405,1.00
614,406,1.00
614,407,1.00
614,408,1.00
614,409,1.00
614,410,1.00
614,411,1.00
614,412,1.00
614,413,1.00
615,413,1.00
616,413,1.00
617,413,1.00
618,413,1.00
619,413,1.00
620,413,1.00
621,413,1.00
622,413,1.00
623,413,1.00
624,413,0.30
613,404,0.30
613,405,0.90
613,406,1.00
613,407,1.00
613,408,1.00
613,409,1.00
613,410,1.00
613,411,1.00
613,412,1.00
613,413,1.00
613,414,1.00
614,414,1.00
615,414,1.00
616,414,1.00
617,414,1.00
618,414,1.00
619,414,1.00
620,414,1.00
621,414,1.00
622,414,1.00
623,414,1.00
613,415,0.90
614,415,0.90
615,415,0.90
616,415,1.00
617,415,1.00
618,415,1.00
619,415,1.00
620,415,1.00
621,415,0.90
622,415,0.90
623,415,0.90
613,416,0.30
614,416,0.30
615,416,0.30
616,416,0.30
617,416,0.30
618,416,0.30
619,416,0.30
620,416,0.30
621,416,0.30
622,416,0.30
623,416,0.30

465,680,0.90
466,680,0.90
467,680,0.90
468,680,1.00
469,680,1.00
470,680,1.00
471,680,1.00
472,680,1.00
473,680,1.00
474,680,1.00
475,680,1.00
465,681,0.90
466,681,0.90
467,681,0.90
468,681,1.00
469,681,1.00
470,681,1.00
471,681,1.00
472,681,1.00
473,681,1.00
474,681,1.00
475,681,1.00
465,682,0.90
466,682,0.90
467,682,1.00
468,682,1.00
469,682,1.00
470,682,1.00
471,682,1.00
472,682,1.00
473,682,1.00
474,682,1.00
475,682,1.00
465,683,0.90
466,683,1.00
467,683,1.00
468,683,1.00
469,683,1.00
470,683,1.00
471,683,1.00
472,683,1.00
473,683,1.00
474,683,1.00
475,683,1.00
465,684,0.90
466,684,1.00
467,684,1.00
468,684,1.00
469,684,1.00
470,684,1.00
471,684,1.00
472,684,1.00
473,684,1.00
474,684,1.00
475,684,1.00
465,685,0.90
466,685,1.00
467,685,1.00
468,685,1.00
469,685,1.00
470,685,1.00
471,685,1.00
472,685,1.00
473,685,1.00
474,685,1.00
475,685,1.00
465,686,0.90
466,686,1.00
467,686,1.00
468,686,1.00
469,686,1.00
470,686,1.00
471,686,1.00
472,686,1.00
473,686,1.00
474,686,1.00
475,686,1.00
465,687,0.90
466,687,1.00
467,687,1.00
468,687,1.00
469,687,1.00
470,687,1.00
471,687,1.00
472,687,1.00
473,687,1.00
474,687,1.00
475,687,1.00
465,688,0.90
466,688,0.90
467,688,1.00
468,688,1.00
469,688,1.00
470,688,1.00
471,688,1.00
472,688,1.00
473,688,1.00
474,688,1.00
475,688,1.00
465,689,0.90
466,689,0.90
467,689,0.90
468,689,1.00
469,689,1.00
470,689,1.00
471,689,1.00
472,689,1.00
473,689,0.90
474,689,1.00
475,689,1.00
465,690,0.90
466,690,0.90
467,690,0.90
468,690,0.90
469,690,1.00
470,690,1.00
471,690,1.00
472,690,1.00
473,690,1.00
474,690,1.00
475,690,1.00
476,680,1.00
477,680,1.00
478,680,1.00
479,680,1.00
480,680,1.00
481,680,1.00
482,680,1.00
483,680,1.00
484,680,1.00
476,681,1.00
477,681,1.00
478,681,1.00
479,681,1.00
480,681,1.00
481,681,1.00
482,681,1.00
483,681,1.00
484,681,1.00
476,682,1.00
477,682,1.00
478,682,1.00
479,682,1.00
480,682,1.00
481,682,1.00
482,682,1.00
483,682,1.00
484,682,1.00
476,683,1.00
477,683,1.00
478,683,1.00
479,683,1.00
480,683,1.00
481,683,1.00
482,683,1.00
483,683,1.00
484,683,1.00
476,684,1.00
477,684,1.00
478,684,1.00
479,684,1.00
480,684,1.00
481,684,1.00
482,684,1.00
483,684,1.00
484,684,1.00
476,685,1.00
477,685,1.00
478,685,1.00
479,685,1.00
480,685,1.00
481,685,1.00
482,685,1.00
483,685,1.00
484,685,1.00
476,686,1.00
477,686,1.00
478,686,1.00
479,686,1.00
480,686,1.00
481,686,1.00
482,686,1.00
483,686,1.00
484,686,1.00
476,687,1.00
477,687,1.00
478,687,1.00
479,687,1.00
480,687,1.00
481,687,1.00
482,687,1.00
483,687,1.00
484,687,1.00
476,688,1.00
477,688,1.00
478,688,1.00
479,688,1.00
480,688,1.00
481,688,1.00
482,688,1.00
483,688,1.00
484,688,1.00
476,689,1.00
477,689,1.00
478,689,1.00
479,689,1.00
480,689,1.00
481,689,1.00
482,689,1.00
483,689,1.00
484,689,1.00
476,690,1.00
477,690,1.00
478,690,1.00
479,690,1.00
480,690,1.00
481,690,1.00
482,690,1.00
483,690,1.00
484,690,1.00
489,679,1.00
490,679,1.00
491,679,1.00
492,679,1.00
493,679,1.00
494,679,1.00
495,679,0.90
496,679,0.60
497,679,0.30
498,679,0.30
499,679,0.60
489,680,1.00
490,680,1.00
491,680,1.00
492,680,1.00
493,680,1.00
494,680,1.00
495,680,1.00
496,680,0.75
497,680,0.60
498,680,0.60
499,680,0.90
489,681,1.00
490,681,1.00
491,681,1.00
492,681,1.00
493,681,1.00
494,681,1.00
495,681,1.00
496,681,0.99
497,681,0.81
498,681,0.60
499,681,0.90
489,682,1.00
490,682,1.00
491,682,1.00
492,682,1.00
493,682,1.00
494,682,1.00
495,682,1.00
496,682,1.00
497,682,0.99
498,682,0.75
499,682,1.00
489,683,1.00
490,683,1.00
491,683,1.00
492,683,1.00
493,683,1.00
494,683,1.00
495,683,1.00
496,683,1.00
497,683,1.00
498,683,0.99
499,683,1.00
489,684,1.00
490,684,1.00
491,684,1.00
492,684,1.00
493,684,1.00
494,684,1.00
495,684,1.00
496,684,1.00
497,684,1.00
498,684,1.00
499,684,1.00
489,685,1.00
490,685,1.00
491,685,1.00
492,685,1.00
493,685,1.00
494,685,1.00
495,685,1.00
496,685,1.00
497,685,1.00
498,685,1.00
499,685,1.00
489,686,1.00
490,686,1.00
491,686,1.00
492,686,1.00
493,686,1.00
494,686,1.00
495,686,1.00
496,686,1.00
497,686,1.00
498,686,1.00
499,686,1.00
489,687,1.00
490,687,1.00
491,687,1.00
492,687,1.00
493,687,1.00
494,687,1.00
495,687,1.00
496,687,1.00
497,687,1.00
498,687,1.00
499,687,1.00
489,688,1.00
490,688,1.00
491,688,1.00
492,688,1.00
493,688,1.00
494,688,1.00
495,688,1.00
496,688,1.00
497,688,1.00
498,688,1.00
499,688,1.00
489,689,1.00
490,689,0.85
491,689,1.00
492,689,1.00
493,689,1.00
494,689,1.00
495,689,1.00
496,689,1.00
497,689,1.00
498,689,1.00
499,689,0.90
508,677,0.60
509,677,0.60
510,677,0.30
511,677,0.30
512,677,0.30
513,677,0.30
514,677,0.30
515,677,0.30
516,677,0.30
517,677,0.30
518,677,0.90
508,678,0.90
509,678,0.90
510,678,0.60
511,678,0.45
512,678,0.55
513,678,0.58
514,678,0.55
515,678,0.45
516,678,0.30
517,678,0.30
518,678,0.90
508,679,0.90
509,679,0.90
510,679,0.81
511,679,0.69
512,679,0.81
513,679,0.86
514,679,0.81
515,679,0.69
516,679,0.51
517,679,0.30
518,679,0.90
508,680,1.00
509,680,1.00
510,680,0.99
511,680,0.91
512,680,1.00
513,680,1.00
514,680,1.00
515,680,0.91
516,680,0.69
517,680,0.45
518,680,0.90
508,681,1.00
509,681,1.00
510,681,1.00
511,681,1.00
512,681,1.00
513,681,1.00
514,681,1.00
515,681,1.00
516,681,0.81
517,681,0.55
518,681,0.90
508,682,1.00
509,682,1.00
510,682,1.00
511,682,1.00
512,682,1.00
513,682,1.00
514,682,1.00
515,682,1.00
516,682,0.86
517,682,0.58
518,682,0.90
508,683,1.00
509,683,1.00
510,683,1.00
511,683,1.00
512,683,1.00
513,683,1.00
514,683,1.00
515,683,1.00
516,683,0.81
517,683,0.55
518,683,0.90
508,684,1.00
509,684,1.00
510,684,0.99
511,684,0.91
512,684,1.00
513,684,1.00
514,684,1.00
515,684,0.91
516,684,0.69
517,684,0.45
518,684,0.90
508,685,1.00
509,685,1.00
510,685,0.81
511,685,0.69
512,685,0.81
513,685,0.86
514,685,0.81
515,685,0.69
516,685,0.51
517,685,0.30
518,685,0.90
508,686,1.00
509,686,0.90
510,686,0.60
511,686,0.45
512,686,0.55
513,686,0.58
514,686,0.55
515,686,0.45
516,686,0.30
517,686,0.30
518,686,0.90
508,687,0.90
509,687,0.90
510,687,0.60
511,687,0.30
512,687,0.30
513,687,0.30
514,687,0.30
515,687,0.30
516,687,0.30
517,687,0.30
518,687,0.90
523,675,1.00
524,675,1.00
525,675,1.00
526,675,1.00
527,675,1.00
528,675,1.00
529,675,1.00
530,675,1.00
531,675,1.00
532,675,1.00
533,675,0.60
523,676,1.00
524,676,1.00
525,676,1.00
526,676,1.00
527,676,1.00
528,676,1.00
529,676,1.00
530,676,1.00
531,676,1.00
532,676,1.00
533,676,0.60
523,677,1.00
524,677,1.00
525,677,1.00
526,677,1.00
527,677,1.00
528,677,1.00
529,677,1.00
530,677,1.00
531,677,1.00
532,677,1.00
533,677,0.60
523,678,1.00
524,678,1.00
525,678,1.00
526,678,1.00
527,678,1.00
528,678,1.00
529,678,1.00
530,678,1.00
531,678,1.00
532,678,1.00
533,678,0.60
523,679,1.00
524,679,1.00
525,679,1.00
526,679,1.00
527,679,1.00
528,679,1.00
529,679,1.00
530,679,1.00
531,679,1.00
532,679,1.00
533,679,0.60
523,680,1.00
524,680,1.00
525,680,1.00
526,680,1.00
527,680,1.00
528,680,1.00
529,680,1.00
530,680,1.00
531,680,1.00
532,680,1.00
533,680,0.60
523,681,1.00
524,681,1.00
525,681,1.00
526,681,1.00
527,681,1.00
528,681,1.00
529,681,1.00
530,681,1.00
531,681,1.00
532,681,1.00
533,681,0.60
523,682,1.00
524,682,1.00
525,682,1.00
526,682,1.00
527,682,1.00
528,682,1.00
529,682,1.00
530,682,1.00
531,682,1.00
532,682,0.75
533,682,0.30
523,683,1.00
524,683,1.00
525,683,1.00
526,683,1.00
527,683,1.00
528,683,1.00
529,683,1.00
530,683,0.99
531,683,0.81
532,683,0.60
533,683,0.30
523,684,1.00
524,684,1.00
525,684,1.00
526,684,1.00
527,684,1.00
528,684,1.00
529,684,0.55
530,684,0.45
531,684,0.30
532,684,0.30
533,684,0.30
523,685,1.00
524,685,1.00
525,685,1.00
526,685,1.00
527,685,0.90
528,685,0.90
529,685,0.30
530,685,0.30
531,685,0.30
532,685,0.30
533,685,0.30
540,672,0.30
541,672,0.60
542,672,0.90
543,672,1.00
544,672,1.00
545,672,1.00
546,672,1.00
547,672,1.00
548,672,1.00
549,672,1.00
550,672,1.00
540,673,0.30
541,673,0.60
542,673,0.60
543,673,0.75
544,673,0.99
545,673,1.00
546,673,1.00
547,673,1.00
548,673,1.00
549,673,1.00
550,673,1.00
540,674,0.30
541,674,0.60
542,674,0.81
543,674,0.99
544,674,1.00
545,674,1.00
546,674,1.00
547,674,1.00
548,674,1.00
549,674,1.00
550,674,1.00
540,675,0.30
541,675,0.45
542,675,0.69
543,675,0.91
544,675,1.00
545,675,1.00
546,675,1.00
547,675,1.00
548,675,1.00
549,675,1.00
550,675,1.00
540,676,0.30
541,676,0.55
542,676,0.81
543,676,1.00
544,676,1.00
545,676,1.00
546,676,1.00
547,676,1.00
548,676,1.00
549,676,1.00
550,676,1.00
540,677,0.30
541,677,0.58
542,677,0.86
543,677,1.00
544,677,1.00
545,677,1.00
546,677,1.00
547,677,1.00
548,677,1.00
549,677,1.00
550,677,1.00
540,678,0.30
541,678,0.55
542,678,0.81
543,678,1.00
544,678,1.00
545,678,1.00
546,678,1.00
547,678,1.00
548,678,1.00
549,678,1.00
550,678,1.00
540,679,0.30
541,679,0.45
542,679,0.69
543,679,0.91
544,679,1.00
545,679,1.00
546,679,1.00
547,679,1.00
548,679,1.00
549,679,1.00
550,679,1.00
540,680,0.30
541,680,0.30
542,680,0.51
543,680,0.69
544,680,0.81
545,680,1.00
546,680,1.00
547,680,0.99
548,680,0.96
549,680,1.00
550,680,1.00
540,681,0.30
541,681,0.30
542,681,0.30
543,681,0.45
544,681,0.55
545,681,0.88
546,681,0.85
547,681,0.75
548,681,0.60
549,681,0.60
550,681,0.60
540,682,0.30
541,682,0.30
542,682,0.30
543,682,0.30
544,682,0.30
545,682,0.30
546,682,0.30
547,682,0.30
548,682,0.30
549,682,0.30
550,682,0.30
545,671,1.00
546,671,1.00
547,671,1.00
548,671,1.00
549,671,1.00
550,671,1.00
551,671,1.00
552,671,1.00
553,671,0.85
554,671,0.88
555,671,0.85
551,672,1.00
552,672,1.00
553,672,1.00
554,672,1.00
555,672,1.00
551,673,1.00
552,673,1.00
553,673,1.00
554,673,1.00
555,673,1.00
551,674,1.00
552,674,1.00
553,674,1.00
554,674,1.00
555,674,1.00
551,675,1.00
552,675,1.00
553,675,1.00
554,675,1.00
555,675,1.00
551,676,1.00
552,676,1.00
553,676,1.00
554,676,1.00
555,676,1.00
551,677,1.00
552,677,1.00
553,677,1.00
554,677,1.00
555,677,1.00
551,678,1.00
552,678,1.00
553,678,1.00
554,678,1.00
555,678,1.00
551,679,1.00
552,679,1.00
553,679,1.00
554,679,0.88
555,679,0.85
551,680,0.85
552,680,0.75
553,680,0.60
554,680,0.60
555,680,0.60
551,681,0.30
552,681,0.30
553,681,0.30
554,681,0.30
555,681,0.30
549,670,1.00
550,670,1.00
551,670,0.90
552,670,0.60
553,670,0.30
554,670,0.30
555,670,0.30
556,670,0.30
557,670,0.30
558,670,0.60
559,670,0.85
556,671,0.45
557,671,0.30
558,671,0.60
559,671,0.88
556,672,0.69
557,672,0.51
558,672,0.60
559,672,0.85
556,673,0.91
557,673,0.69
558,673,0.75
559,673,0.75
556,674,1.00
557,674,0.81
558,674,0.85
559,674,0.60
556,675,1.00
557,675,0.86
558,675,0.88
559,675,0.60
556,676,1.00
557,676,0.81
558,676,0.85
559,676,0.60
556,677,0.91
557,677,0.69
558,677,0.45
559,677,0.30
556,678,0.69
557,678,0.51
558,678,0.30
559,678,0.30
556,679,0.45
557,679,0.30
558,679,0.30
559,679,0.30
556,680,0.30
557,680,0.30
558,680,0.30
559,680,0.30
558,666,0.30
559,666,0.30
560,666,0.30
561,666,0.30
562,666,0.30
563,666,0.60
564,666,0.60
565,666,0.81
566,666,1.00
567,666,1.00
568,666,1.00
558,667,0.30
559,667,0.30
560,667,0.30
561,667,0.45
562,667,0.55
563,667,0.88
564,667,0.99
565,667,1.00
566,667,1.00
567,667,1.00
568,667,1.00
558,668,0.30
559,668,0.30
560,668,0.51
561,668,0.69
562,668,0.81
563,668,1.00
564,668,1.00
565,668,1.00
566,668,1.00
567,668,1.00
568,668,1.00
558,669,0.30
559,669,0.45
560,669,0.69
561,669,0.91
562,669,1.00
563,669,1.00
564,669,1.00
565,669,1.00
566,669,1.00
567,669,1.00
568,669,1.00
560,670,0.81
561,670,1.00
562,670,1.00
563,670,1.00
564,670,1.00
565,670,1.00
566,670,1.00
567,670,1.00
568,670,1.00
560,671,0.86
561,671,1.00
562,671,1.00
563,671,1.00
564,671,1.00
565,671,1.00
566,671,1.00
567,671,1.00
568,671,1.00
560,672,0.81
561,672,1.00
562,672,1.00
563,672,1.00
564,672,1.00
565,672,1.00
566,672,1.00
567,672,1.00
568,672,1.00
560,673,0.69
561,673,0.91
562,673,1.00
563,673,1.00
564,673,1.00
565,673,1.00
566,673,1.00
567,673,0.99
568,673,0.88
560,674,0.51
561,674,0.69
562,674,0.81
563,674,1.00
564,674,1.00
565,674,0.99
566,674,0.81
567,674,0.60
568,674,0.60
560,675,0.30
561,675,0.45
562,675,0.55
563,675,0.58
564,675,0.55
565,675,0.45
566,675,0.30
567,675,0.30
568,675,0.30
560,676,0.30
561,676,0.30
562,676,0.30
563,676,0.30
564,676,0.30
565,676,0.30
566,676,0.30
567,676,0.30
568,676,0.30
563,664,0.30
564,664,0.30
565,664,0.30
566,664,0.60
567,664,0.60
568,664,0.81
569,664,0.99
570,664,1.00
571,664,1.00
572,664,1.00
573,664,1.00
563,665,0.30
564,665,0.30
565,665,0.30
566,665,0.75
567,665,0.99
568,665,1.00
569,665,1.00
570,665,1.00
571,665,1.00
572,665,1.00
573,665,1.00
569,666,1.00
570,666,1.00
571,666,1.00
572,666,1.00
573,666,1.00
569,667,1.00
570,667,1.00
571,667,1.00
572,667,1.00
573,667,1.00
569,668,1.00
570,668,1.00
571,668,1.00
572,668,1.00
573,668,1.00
569,669,1.00
570,669,1.00
571,669,1.00
572,669,1.00
573,669,1.00
569,670,1.00
570,670,1.00
571,670,1.00
572,670,1.00
573,670,1.00
569,671,1.00
570,671,1.00
571,671,1.00
572,671,1.00
573,671,1.00
569,672,1.00
570,672,0.99
571,672,1.00
572,672,1.00
573,672,1.00
569,673,0.55
570,673,0.45
571,673,0.60
572,673,0.88
573,673,1.00
569,674,0.30
570,674,0.30
571,674,0.60
572,674,0.85
573,674,1.00
566,662,0.60
567,662,0.60
568,662,0.60
569,662,0.90
570,662,0.90
571,662,0.90
572,662,0.60
573,662,0.90
574,662,1.00
575,662,1.00
576,662,1.00
566,663,0.30
567,663,0.30
568,663,0.30
569,663,0.45
570,663,0.55
571,663,0.58
572,663,0.55
573,663,0.75
574,663,0.85
575,663,1.00
576,663,1.00
574,664,0.96
575,664,0.99
576,664,1.00
574,665,0.99
575,665,1.00
576,665,1.00
574,666,1.00
575,666,1.00
576,666,1.00
574,667,1.00
575,667,1.00
576,667,1.00
574,668,1.00
575,668,1.00
576,668,1.00
574,669,1.00
575,669,1.00
576,669,1.00
574,670,1.00
575,670,1.00
576,670,1.00
574,671,1.00
575,671,1.00
576,671,1.00
574,672,1.00
575,672,1.00
576,672,1.00
573,657,1.00
574,657,1.00
575,657,1.00
576,657,1.00
577,657,1.00
578,657,0.88
579,657,0.60
580,657,0.30
581,657,0.60
582,657,0.85
583,657,1.00
573,658,1.00
574,658,1.00
575,658,1.00
576,658,1.00
577,658,1.00
578,658,1.00
579,658,0.85
580,658,0.45
581,658,0.60
582,658,0.88
583,658,1.00
573,659,1.00
574,659,1.00
575,659,1.00
576,659,1.00
577,659,1.00
578,659,1.00
579,659,1.00
580,659,0.69
581,659,0.81
582,659,0.85
583,659,1.00
573,660,1.00
574,660,1.00
575,660,1.00
576,660,1.00
577,660,1.00
578,660,1.00
579,660,1.00
580,660,0.91
581,660,0.99
582,660,0.90
583,660,1.00
573,661,0.85
574,661,1.00
575,661,1.00
576,661,1.00
577,661,1.00
578,661,1.00
579,661,1.00
580,661,1.00
581,661,1.00
582,661,0.85
583,661,1.00
577,662,1.00
578,662,1.00
579,662,1.00
580,662,1.00
581,662,1.00
582,662,1.00
583,662,1.00
577,663,1.00
578,663,1.00
579,663,1.00
580,663,1.00
581,663,1.00
582,663,1.00
583,663,1.00
577,664,1.00
578,664,1.00
579,664,1.00
580,664,1.00
581,664,1.00
582,664,1.00
583,664,1.00
577,665,1.00
578,665,1.00
579,665,1.00
580,665,1.00
581,665,1.00
582,665,1.00
583,665,1.00
577,666,1.00
578,666,1.00
579,666,1.00
580,666,1.00
581,666,1.00
582,666,1.00
583,666,1.00
577,667,1.00
578,667,1.00
579,667,1.00
580,667,1.00
581,667,1.00
582,667,1.00
583,667,1.00
581,653,0.60
582,653,0.30
583,653,0.30
584,653,0.30
585,653,0.30
586,653,0.30
587,653,0.30
588,653,0.30
589,653,0.60
590,653,0.90
591,653,1.00
581,654,0.30
582,654,0.30
583,654,0.30
584,654,0.45
585,654,0.55
586,654,0.58
587,654,0.55
588,654,0.45
589,654,0.30
590,654,0.60
591,654,0.88
581,655,0.30
582,655,0.30
583,655,0.81
584,655,0.99
585,655,1.00
586,655,1.00
587,655,1.00
588,655,0.99
589,655,0.81
590,655,0.90
591,655,1.00
581,656,0.30
582,656,0.45
583,656,0.99
584,656,1.00
585,656,1.00
586,656,1.00
587,656,1.00
588,656,1.00
589,656,1.00
590,656,1.00
591,656,1.00
584,657,1.00
585,657,1.00
586,657,1.00
587,657,1.00
588,657,1.00
589,657,1.00
590,657,1.00
591,657,1.00
584,658,1.00
585,658,1.00
586,658,1.00
587,658,1.00
588,658,1.00
589,658,1.00
590,658,1.00
591,658,1.00
584,659,1.00
585,659,1.00
586,659,1.00
587,659,1.00
588,659,1.00
589,659,1.00
590,659,1.00
591,659,1.00
584,660,1.00
585,660,1.00
586,660,1.00
587,660,1.00
588,660,1.00
589,660,1.00
590,660,1.00
591,660,1.00
584,661,1.00
585,661,1.00
586,661,1.00
587,661,1.00
588,661,1.00
589,661,1.00
590,661,1.00
591,661,1.00
584,662,1.00
585,662,1.00
586,662,1.00
587,662,1.00
588,662,1.00
589,662,1.00
590,662,1.00
591,662,0.99
584,663,0.90
585,663,1.00
586,663,1.00
587,663,1.00
588,663,1.00
589,663,1.00
590,663,0.99
591,663,0.81
590,649,0.85
591,649,1.00
592,649,1.00
593,649,1.00
594,649,1.00
595,649,1.00
596,649,1.00
597,649,1.00
598,649,0.85
599,649,0.60
600,649,0.30
590,650,0.75
591,650,0.99
592,650,1.00
593,650,1.00
594,650,1.00
595,650,1.00
596,650,1.00
597,650,1.00
598,650,0.75
599,650,0.60
600,650,0.30
590,651,0.60
591,651,0.81
592,651,1.00
593,651,1.00
594,651,1.00
595,651,1.00
596,651,1.00
597,651,1.00
598,651,1.00
599,651,0.90
600,651,0.60
590,652,0.60
591,652,0.75
592,652,1.00
593,652,1.00
594,652,1.00
595,652,1.00
596,652,1.00
597,652,1.00
598,652,1.00
599,652,1.00
600,652,0.88
592,653,1.00
593,653,1.00
594,653,1.00
595,653,1.00
596,653,1.00
597,653,1.00
598,653,1.00
599,653,1.00
600,653,1.00
592,654,0.86
593,654,1.00
594,654,1.00
595,654,1.00
596,654,1.00
597,654,1.00
598,654,1.00
599,654,1.00
600,654,1.00
592,655,1.00
593,655,1.00
594,655,1.00
595,655,1.00
596,655,1.00
597,655,1.00
598,655,1.00
599,655,1.00
600,655,1.00
592,656,0.99
593,656,1.00
594,656,1.00
595,656,1.00
596,656,1.00
597,656,1.00
598,656,1.00
599,656,1.00
600,656,1.00
592,657,0.81
593,657,0.99
594,657,0.81
595,657,1.00
596,657,1.00
597,657,1.00
598,657,1.00
599,657,1.00
600,657,1.00
592,658,0.75
593,658,0.75
594,658,0.55
595,658,0.88
596,658,0.99
597,658,1.00
598,658,1.00
599,658,1.00
600,658,1.00
592,659,0.85
593,659,0.60
594,659,0.30
595,659,0.60
596,659,0.60
597,659,0.81
598,659,0.99
599,659,1.00
600,659,1.00
601,643,0.30
602,643,0.30
603,643,0.30
604,643,0.30
605,643,0.30
606,643,0.30
607,643,0.30
608,643,0.30
609,643,0.60
610,643,1.00
611,643,1.00
601,644,0.30
602,644,0.30
603,644,0.30
604,644,0.45
605,644,0.55
606,644,0.58
607,644,0.55
608,644,0.45
609,644,0.60
610,644,1.00
611,644,1.00
601,645,0.30
602,645,0.30
603,645,0.51
604,645,0.69
605,645,0.81
606,645,0.86
607,645,0.81
608,645,0.69
609,645,0.81
610,645,1.00
611,645,1.00
601,646,0.30
602,646,0.45
603,646,0.69
604,646,0.91
605,646,1.00
606,646,1.00
607,646,1.00
608,646,0.91
609,646,0.99
610,646,1.00
611,646,1.00
601,647,0.30
602,647,0.55
603,647,0.81
604,647,1.00
605,647,1.00
606,647,1.00
607,647,1.00
608,647,1.00
609,647,1.00
610,647,1.00
611,647,1.00
601,648,0.30
602,648,0.58
603,648,0.86
604,648,1.00
605,648,1.00
606,648,1.00
607,648,1.00
608,648,1.00
609,648,1.00
610,648,1.00
611,648,1.00
601,649,0.30
602,649,0.55
603,649,0.81
604,649,1.00
605,649,1.00
606,649,1.00
607,649,1.00
608,649,1.00
609,649,0.81
610,649,0.85
611,649,0.75
601,650,0.30
602,650,0.45
603,650,0.69
604,650,0.91
605,650,1.00
606,650,1.00
607,650,1.00
608,650,0.91
609,650,0.69
610,650,0.75
611,650,0.60
601,651,0.60
602,651,0.60
603,651,0.81
604,651,0.99
605,651,1.00
606,651,0.86
607,651,0.81
608,651,0.69
609,651,0.51
610,651,0.60
611,651,0.60
601,652,0.85
602,652,0.75
603,652,0.60
604,652,0.75
605,652,0.85
606,652,0.58
607,652,0.55
608,652,0.45
609,652,0.30
610,652,0.60
611,652,0.60
601,653,1.00
602,653,0.99
603,653,0.81
604,653,0.60
605,653,0.60
606,653,0.30
607,653,0.30
608,653,0.30
609,653,0.30
610,653,0.30
611,653,0.30
609,638,0.30
610,638,0.30
611,638,0.30
612,638,0.30
613,638,0.30
614,638,0.30
615,638,0.30
616,638,0.30
617,638,0.30
618,638,0.30
619,638,0.30
609,639,0.30
610,639,0.30
611,639,0.30
612,639,0.45
613,639,0.55
614,639,0.58
615,639,0.55
616,639,0.45
617,639,0.30
618,639,0.60
619,639,0.60
609,640,0.30
610,640,0.30
611,640,0.51
612,640,0.69
613,640,0.81
614,640,0.86
615,640,0.81
616,640,0.69
617,640,0.51
618,640,0.60
619,640,0.60
609,641,0.30
610,641,0.45
611,641,0.69
612,641,0.91
613,641,1.00
614,641,1.00
615,641,1.00
616,641,0.91
617,641,0.69
618,641,0.75
619,641,0.60
609,642,0.30
610,642,0.85
611,642,1.00
612,642,1.00
613,642,1.00
614,642,1.00
615,642,1.00
616,642,1.00
617,642,1.00
618,642,1.00
619,642,1.00
612,643,1.00
613,643,1.00
614,643,1.00
615,643,1.00
616,643,1.00
617,643,1.00
618,643,1.00
619,643,1.00
612,644,1.00
613,644,1.00
614,644,1.00
615,644,1.00
616,644,1.00
617,644,1.00
618,644,1.00
619,644,1.00
612,645,1.00
613,645,1.00
614,645,1.00
615,645,1.00
616,645,1.00
617,645,1.00
618,645,1.00
619,645,1.00
612,646,1.00
613,646,1.00
614,646,1.00
615,646,1.00
616,646,1.00
617,646,1.00
618,646,1.00
619,646,1.00
612,647,1.00
613,647,1.00
614,647,1.00
615,647,1.00
616,647,1.00
617,647,1.00
618,647,1.00
619,647,1.00
612,648,1.00
613,648,1.00
614,648,1.00
615,648,1.00
616,648,1.00
617,648,1.00
618,648,1.00
619,648,1.00
628,628,0.60
629,628,0.60
630,628,0.60
631,628,0.60
632,628,0.60
633,628,0.60
634,628,0.60
635,628,0.60
636,628,0.60
637,628,0.60
638,628,0.30
628,629,0.60
629,629,0.60
630,629,0.75
631,629,0.99
632,629,1.00
633,629,1.00
634,629,0.99
635,629,0.75
636,629,0.60
637,629,0.60
638,629,0.30
628,630,0.60
629,630,0.81
630,630,1.00
631,630,1.00
632,630,1.00
633,630,1.00
634,630,1.00
635,630,1.00
636,630,0.81
637,630,0.60
638,630,0.30
628,631,0.75
629,631,1.00
630,631,1.00
631,631,1.00
632,631,1.00
633,631,1.00
634,631,1.00
635,631,1.00
636,631,1.00
637,631,0.75
638,631,0.30
628,632,0.85
629,632,1.00
630,632,1.00
631,632,1.00
632,632,1.00
633,632,1.00
634,632,1.00
635,632,1.00
636,632,1.00
637,632,0.85
638,632,0.30
628,633,1.00
629,633,1.00
630,633,1.00
631,633,1.00
632,633,1.00
633,633,1.00
634,633,1.00
635,633,1.00
636,633,1.00
637,633,0.88
638,633,0.30
628,634,1.00
629,634,1.00
630,634,1.00
631,634,1.00
632,634,1.00
633,634,1.00
634,634,1.00
635,634,1.00
636,634,1.00
637,634,1.00
638,634,0.60
628,635,1.00
629,635,1.00
630,635,1.00
631,635,1.00
632,635,1.00
633,635,1.00
634,635,1.00
635,635,1.00
636,635,1.00
637,635,1.00
638,635,1.00
628,636,1.00
629,636,1.00
630,636,1.00
631,636,1.00
632,636,1.00
633,636,1.00
634,636,1.00
635,636,1.00
636,636,1.00
637,636,1.00
638,636,1.00
628,637,1.00
629,637,1.00
630,637,1.00
631,637,1.00
632,637,1.00
633,637,1.00
634,637,1.00
635,637,1.00
636,637,1.00
637,637,1.00
638,637,1.00
628,638,1.00
629,638,1.00
630,638,1.00
631,638,1.00
632,638,1.00
633,638,1.00
634,638,1.00
635,638,1.00
636,638,1.00
637,638,1.00
638,638,1.00
646,618,0.30
647,618,0.30
648,618,0.30
649,618,0.30
650,618,0.30
651,618,0.30
652,618,0.30
653,618,0.30
654,618,0.60
655,618,0.90
656,618,1.00
646,619,0.30
647,619,0.30
648,619,0.30
649,619,0.45
650,619,0.55
651,619,0.58
652,619,0.55
653,619,0.45
654,619,0.60
655,619,0.90
656,619,1.00
646,620,0.30
647,620,0.30
648,620,0.51
649,620,0.69
650,620,0.81
651,620,1.00
652,620,1.00
653,620,0.99
654,620,1.00
655,620,1.00
656,620,1.00
646,621,0.30
647,621,0.45
648,621,0.69
649,621,0.91
650,621,1.00
651,621,1.00
652,621,1.00
653,621,1.00
654,621,1.00
655,621,1.00
656,621,1.00
646,622,0.30
647,622,0.55
648,622,0.81
649,622,1.00
650,622,1.00
651,622,1.00
652,622,1.00
653,622,1.00
654,622,1.00
655,622,1.00
656,622,1.00
646,623,0.30
647,623,0.58
648,623,1.00
649,623,1.00
650,623,1.00
651,623,1.00
652,623,1.00
653,623,1.00
654,623,1.00
655,623,1.00
656,623,1.00
646,624,0.30
647,624,0.55
648,624,1.00
649,624,1.00
650,624,1.00
651,624,1.00
652,624,1.00
653,624,1.00
654,624,1.00
655,624,1.00
656,624,1.00
646,625,0.30
647,625,0.45
648,625,0.99
649,625,1.00
650,625,1.00
651,625,1.00
652,625,1.00
653,625,1.00
654,625,1.00
655,625,1.00
656,625,1.00
646,626,0.60
647,626,0.60
648,626,1.00
649,626,1.00
650,626,1.00
651,626,1.00
652,626,1.00
653,626,1.00
654,626,1.00
655,626,1.00
656,626,1.00
646,627,0.90
647,627,0.90
648,627,1.00
649,627,1.00
650,627,1.00
651,627,1.00
652,627,1.00
653,627,1.00
654,627,1.00
655,627,1.00
656,627,1.00
646,628,1.00
647,628,1.00
648,628,1.00
649,628,1.00
650,628,1.00
651,628,1.00
652,628,1.00
653,628,1.00
654,628,1.00
655,628,1.00
656,628,1.00
655,613,0.30
656,613,0.30
657,613,0.30
658,613,0.60
659,613,0.60
660,613,0.60
661,613,0.60
662,613,0.90
663,613,1.00
664,613,1.00
665,613,1.00
655,614,0.30
656,614,0.30
657,614,0.30
658,614,0.75
659,614,0.85
660,614,0.88
661,614,0.99
662,614,1.00
663,614,1.00
664,614,1.00
665,614,1.00
655,615,0.30
656,615,0.30
657,615,0.51
658,615,0.99
659,615,1.00
660,615,1.00
661,615,1.00
662,615,1.00
663,615,1.00
664,615,1.00
665,615,1.00
655,616,0.30
656,616,0.45
657,616,0.99
658,616,1.00
659,616,1.00
660,616,1.00
661,616,1.00
662,616,1.00
663,616,1.00
664,616,1.00
665,616,1.00
655,617,0.30
656,617,0.55
657,617,1.00
658,617,1.00
659,617,1.00
660,617,1.00
661,617,1.00
662,617,1.00
663,617,1.00
664,617,1.00
665,617,1.00
657,618,1.00
658,618,1.00
659,618,1.00
660,618,1.00
661,618,1.00
662,618,1.00
663,618,1.00
664,618,1.00
665,618,1.00
657,619,1.00
658,619,1.00
659,619,1.00
660,619,1.00
661,619,1.00
662,619,1.00
663,619,1.00
664,619,1.00
665,619,1.00
657,620,1.00
658,620,1.00
659,620,1.00
660,620,1.00
661,620,1.00
662,620,1.00
663,620,1.00
664,620,1.00
665,620,1.00
657,621,1.00
658,621,1.00
659,621,1.00
660,621,1.00
661,621,1.00
662,621,1.00
663,621,1.00
664,621,1.00
665,621,1.00
657,622,1.00
658,622,1.00
659,622,1.00
660,622,1.00
661,622,1.00
662,622,1.00
663,622,1.00
664,622,1.00
665,622,1.00
657,623,1.00
658,623,1.00
659,623,1.00
660,623,1.00
661,623,1.00
662,623,1.00
663,623,1.00
664,623,1.00
665,623,1.00
662,609,0.30
663,609,0.90
664,609,0.90
665,609,0.90
666,609,0.90
667,609,0.90
668,609,0.90
669,609,0.90
670,609,0.90
671,609,0.90
672,609,0.90
662,610,0.30
663,610,0.90
664,610,0.90
665,610,1.00
666,610,1.00
667,610,1.00
668,610,1.00
669,610,1.00
670,610,1.00
671,610,0.90
672,610,0.90
662,611,0.30
663,611,0.90
664,611,1.00
665,611,1.00
666,611,1.00
667,611,1.00
668,611,1.00
669,611,1.00
670,611,1.00
671,611,1.00
672,611,0.90
662,612,0.30
663,612,1.00
664,612,1.00
665,612,1.00
666,612,1.00
667,612,1.00
668,612,1.00
669,612,1.00
670,612,1.00
671,612,1.00
672,612,1.00
666,613,1.00
667,613,1.00
668,613,1.00
669,613,1.00
670,613,1.00
671,613,1.00
672,613,1.00
666,614,1.00
667,614,1.00
668,614,1.00
669,614,1.00
670,614,1.00
671,614,1.00
672,614,1.00
666,615,1.00
667,615,1.00
668,615,1.00
669,615,1.00
670,615,1.00
671,615,1.00
672,615,1.00
666,616,1.00
667,616,1.00
668,616,1.00
669,616,1.00
670,616,1.00
671,616,1.00
672,616,1.00
666,617,1.00
667,617,1.00
668,617,1.00
669,617,1.00
670,617,1.00
671,617,1.00
672,617,1.00
666,618,1.00
667,618,1.00
668,618,1.00
669,618,1.00
670,618,1.00
671,618,1.00
672,618,1.00
666,619,1.00
667,619,1.00
668,619,1.00
669,619,1.00
670,619,1.00
671,619,1.00
672,619,1.00
673,609,0.60
673,610,0.60
673,611,0.60
673,612,0.60
673,613,0.60
673,614,0.90
673,615,0.90
673,616,0.90
673,617,0.90
673,618,0.90
673,619,0.90
666,620,1.00
667,620,1.00
668,620,1.00
666,621,1.00
667,621,1.00
668,621,1.00
666,622,1.00
667,622,1.00
668,622,1.00
666,623,1.00
667,623,1.00
668,623,1.00
627,628,0.30
627,629,0.30
627,630,0.30
627,631,0.30
627,632,0.30
627,633,0.60
627,634,0.85
627,635,1.00
627,636,1.00
627,637,1.00
627,638,1.00
589,643,0.60
590,643,0.60
591,643,0.60
592,643,0.30
593,643,0.30
594,643,0.30
595,643,0.30
596,643,0.30
597,643,0.30
598,643,0.30
599,643,0.30
589,644,0.60
590,644,0.60
591,644,0.60
592,644,0.45
593,644,0.55
594,644,0.58
595,644,0.55
596,644,0.45
597,644,0.30
598,644,0.30
599,644,0.30
589,645,0.30
590,645,0.30
591,645,0.51
592,645,0.69
593,645,0.81
594,645,0.86
595,645,0.81
596,645,0.69
597,645,0.51
598,645,0.30
599,645,0.30
589,646,0.30
590,646,0.45
591,646,0.69
592,646,0.91
593,646,1.00
594,646,1.00
595,646,1.00
596,646,0.91
597,646,0.69
598,646,0.45
599,646,0.30
589,647,0.30
590,647,0.55
591,647,0.81
592,647,1.00
593,647,1.00
594,647,1.00
595,647,1.00
596,647,1.00
597,647,0.81
598,647,0.55
599,647,0.30
589,648,0.30
590,648,0.58
591,648,0.86
592,648,1.00
593,648,1.00
594,648,1.00
595,648,1.00
596,648,1.00
597,648,0.86
598,648,0.58
599,648,0.30
589,649,0.30
589,650,0.30
589,651,0.30
589,652,0.30
569,652,1.00
570,652,0.90
571,652,0.90
572,652,0.60
573,652,0.60
574,652,0.75
575,652,0.85
576,652,0.88
577,652,0.85
578,652,0.75
579,652,0.60
569,653,0.90
570,653,0.90
571,653,0.90
572,653,0.75
573,653,0.85
574,653,0.88
575,653,0.85
576,653,0.75
577,653,0.60
578,653,0.60
579,653,0.60
569,654,1.00
570,654,0.90
571,654,0.81
572,654,0.69
573,654,0.81
574,654,0.86
575,654,0.81
576,654,0.69
577,654,0.51
578,654,0.30
579,654,0.30
569,655,1.00
570,655,1.00
571,655,0.99
572,655,0.91
573,655,1.00
574,655,1.00
575,655,1.00
576,655,0.91
577,655,0.69
578,655,0.45
579,655,0.30
569,656,1.00
570,656,1.00
571,656,1.00
572,656,1.00
573,656,1.00
574,656,1.00
575,656,1.00
576,656,1.00
577,656,0.81
578,656,0.55
579,656,0.30
569,657,1.00
570,657,1.00
571,657,1.00
572,657,1.00
569,658,1.00
570,658,1.00
571,658,1.00
572,658,1.00
569,659,0.99
570,659,0.90
571,659,0.99
572,659,0.91
569,660,0.81
570,660,0.60
571,660,0.81
572,660,0.69
569,661,0.60
570,661,0.60
571,661,0.60
572,661,0.45
541,664,1.00
542,664,1.00
543,664,0.90
544,664,0.81
545,664,0.99
546,664,1.00
547,664,1.00
548,664,1.00
549,664,0.99
550,664,0.81
551,664,0.60
541,665,0.99
542,665,1.00
543,665,1.00
544,665,1.00
545,665,1.00
546,665,1.00
547,665,1.00
548,665,1.00
549,665,1.00
550,665,0.99
551,665,0.75
541,666,0.81
542,666,0.90
543,666,1.00
544,666,1.00
545,666,1.00
546,666,1.00
547,666,1.00
548,666,1.00
549,666,1.00
550,666,1.00
551,666,0.85
541,667,0.60
542,667,1.00
543,667,1.00
544,667,1.00
545,667,1.00
546,667,1.00
547,667,1.00
548,667,1.00
549,667,1.00
550,667,1.00
551,667,0.88
541,668,0.60
542,668,1.00
543,668,1.00
544,668,1.00
545,668,1.00
546,668,1.00
547,668,1.00
548,668,1.00
549,668,1.00
550,668,1.00
551,668,0.85
541,669,0.30
542,669,0.88
543,669,1.00
544,669,1.00
545,669,1.00
546,669,1.00
547,669,1.00
548,669,1.00
549,669,1.00
550,669,1.00
551,669,0.75
541,670,0.30
542,670,0.85
543,670,1.00
544,670,1.00
545,670,1.00
546,670,1.00
547,670,1.00
548,670,1.00
541,671,0.30
542,671,0.75
543,671,0.99
544,671,1.00
522,673,1.00
523,673,1.00
524,673,1.00
525,673,1.00
526,673,1.00
527,673,1.00
528,673,1.00
529,673,1.00
530,673,1.00
531,673,1.00
532,673,1.00
522,674,1.00
523,674,1.00
524,674,1.00
525,674,1.00
526,674,1.00
527,674,1.00
528,674,1.00
529,674,1.00
530,674,1.00
531,674,1.00
532,674,1.00
522,675,1.00
522,676,1.00
522,677,1.00
522,678,1.00
522,679,1.00
522,680,1.00
522,681,1.00
522,682,1.00
522,683,1.00
489,690,1.00
490,690,0.58
491,690,0.86
492,690,1.00
493,690,1.00
494,690,1.00
495,690,1.00
496,690,1.00
497,690,1.00
498,690,0.88
499,690,0.60
489,691,1.00
490,691,0.55
491,691,0.81
492,691,1.00
493,691,1.00
494,691,1.00
495,691,1.00
496,691,1.00
497,691,0.81
498,691,0.55
499,691,0.30
489,692,0.60
490,692,0.45
491,692,0.69
492,692,0.91
493,692,1.00
494,692,1.00
495,692,1.00
496,692,0.91
497,692,0.69
498,692,0.45
499,692,0.30
489,693,0.30
490,693,0.30
491,693,0.51
492,693,0.69
493,693,0.81
494,693,0.86
495,693,0.81
496,693,0.69
497,693,0.51
498,693,0.30
499,693,0.30
489,694,0.30
490,694,0.30
491,694,0.30
492,694,0.45
493,694,0.55
494,694,0.58
495,694,0.55
496,694,0.45
497,694,0.30
498,694,0.30
499,694,0.30
489,695,0.30
490,695,0.30
491,695,0.30
492,695,0.30
493,695,0.30
494,695,0.30
495,695,0.30
496,695,0.30
497,695,0.30
498,695,0.30
499,695,0.30
469,691,0.30
470,691,0.30
471,691,0.30
472,691,0.45
473,691,0.55
474,691,1.00
475,691,1.00
476,691,1.00
477,691,1.00
478,691,1.00
479,691,1.00
469,692,0.30
470,692,0.30
471,692,0.51
472,692,0.69
473,692,0.81
474,692,1.00
475,692,1.00
476,692,1.00
477,692,1.00
478,692,1.00
479,692,1.00
469,693,0.30
470,693,0.45
471,693,0.69
472,693,0.91
473,693,1.00
474,693,1.00
475,693,1.00
476,693,1.00
477,693,1.00
478,693,1.00
479,693,1.00
469,694,0.60
470,694,0.55
471,694,0.81
472,694,1.00
473,694,1.00
474,694,1.00
475,694,1.00
476,694,1.00
477,694,1.00
478,694,1.00
479,694,1.00
469,695,0.60
470,695,0.58
471,695,0.86
472,695,1.00
473,695,1.00
474,695,1.00
475,695,1.00
476,695,1.00
477,695,1.00
478,695,1.00
479,695,1.00
469,696,0.60
470,696,0.55
471,696,0.81
472,696,1.00
473,696,1.00
474,696,1.00
475,696,1.00
476,696,1.00
477,696,1.00
478,696,1.00
479,696,1.00
469,697,0.60
470,697,0.45
471,697,0.69
472,697,0.91
473,697,1.00
474,697,1.00
475,697,1.00
476,697,1.00
477,697,1.00
478,697,1.00
479,697,1.00
469,698,0.60
470,698,0.30
471,698,0.51
472,698,0.69
473,698,0.81
474,698,1.00
475,698,1.00
476,698,0.99
477,698,0.96
478,698,0.85
479,698,0.88
469,699,0.60
470,699,0.30
471,699,0.30
472,699,0.45
473,699,0.55
474,699,0.88
475,699,0.85
476,699,0.75
477,699,0.60
478,699,0.60
479,699,0.60
469,700,0.60
470,700,0.30
471,700,0.30
472,700,0.30
473,700,0.30
474,700,0.30
475,700,0.30
476,700,0.30
477,700,0.30
478,700,0.30
479,700,0.30
450,695,0.30
451,695,0.30
452,695,0.30
453,695,0.30
454,695,0.30
455,695,0.30
456,695,0.30
457,695,0.30
458,695,0.30
459,695,0.60
460,695,0.60
450,696,0.90
451,696,0.90
452,696,0.90
453,696,1.00
454,696,1.00
455,696,1.00
456,696,1.00
457,696,0.75
458,696,0.30
459,696,0.60
460,696,0.60
450,697,1.00
451,697,1.00
452,697,1.00
453,697,1.00
454,697,1.00
455,697,1.00
456,697,1.00
457,697,0.99
458,697,0.51
459,697,0.60
460,697,0.75
450,698,1.00
451,698,1.00
452,698,1.00
453,698,1.00
454,698,1.00
455,698,1.00
456,698,1.00
457,698,1.00
458,698,0.69
459,698,0.75
460,698,0.85
450,699,1.00
451,699,1.00
452,699,1.00
453,699,1.00
454,699,1.00
455,699,1.00
456,699,1.00
457,699,1.00
458,699,0.81
459,699,0.85
460,699,0.88
450,700,1.00
451,700,1.00
452,700,1.00
453,700,1.00
454,700,1.00
455,700,1.00
456,700,1.00
457,700,1.00
458,700,0.86
459,700,0.88
460,700,0.85
450,701,1.00
451,701,1.00
452,701,1.00
453,701,1.00
454,701,1.00
455,701,1.00
456,701,1.00
457,701,1.00
458,701,0.81
459,701,0.85
460,701,0.75
450,702,1.00
451,702,1.00
452,702,1.00
453,702,1.00
454,702,1.00
455,702,1.00
456,702,1.00
457,702,1.00
458,702,0.69
459,702,0.75
460,702,0.60
450,703,1.00
451,703,1.00
452,703,1.00
453,703,1.00
454,703,1.00
455,703,1.00
456,703,1.00
457,703,0.99
458,703,0.51
459,703,0.60
460,703,0.60
450,704,1.00
451,704,1.00
452,704,1.00
453,704,1.00
454,704,1.00
455,704,1.00
456,704,1.00
457,704,0.75
458,704,0.30
459,704,0.60
460,704,0.60
450,705,1.00
451,705,1.00
452,705,1.00
453,705,1.00
454,705,1.00
455,705,0.90
456,705,0.90
457,705,0.60
458,705,0.30
459,705,0.30
460,705,0.30
446,696,0.30
447,696,0.60
448,696,0.60
449,696,0.60
446,697,0.30
447,697,0.60
448,697,0.60
449,697,0.75
446,698,0.30
447,698,0.60
448,698,0.81
449,698,1.00
446,699,0.30
447,699,0.75
448,699,1.00
449,699,1.00
446,700,0.30
447,700,0.85
448,700,1.00
449,700,1.00
446,701,0.30
447,701,0.88
448,701,1.00
449,701,1.00
446,702,0.30
447,702,0.85
448,702,1.00
449,702,1.00
446,703,0.30
447,703,0.75
448,703,1.00
449,703,1.00
446,704,0.30
447,704,0.60
448,704,0.81
449,704,1.00
446,705,0.30
447,705,0.60
448,705,0.60
449,705,0.75
446,706,0.30
447,706,0.60
448,706,0.60
449,706,0.60
450,706,0.60
451,706,0.60
452,706,0.60
453,706,0.60
454,706,0.60
455,706,0.60
456,706,0.60
457,706,0.30
459,694,0.30
460,694,0.30
461,694,0.30
462,694,0.30
463,694,0.30
464,694,0.30
465,694,0.30
466,694,0.30
467,694,0.30
468,694,0.30
461,695,0.30
462,695,0.45
463,695,0.55
464,695,0.58
465,695,0.55
466,695,0.45
467,695,0.30
468,695,0.30
461,696,0.51
462,696,0.69
463,696,0.81
464,696,0.86
465,696,0.81
466,696,0.69
467,696,0.51
468,696,0.30
461,697,0.69
462,697,0.91
463,697,1.00
464,697,1.00
465,697,1.00
466,697,0.91
467,697,0.69
468,697,0.45
461,698,0.81
462,698,1.00
463,698,1.00
464,698,1.00
465,698,1.00
466,698,1.00
467,698,0.81
468,698,0.55
461,699,0.86
462,699,1.00
463,699,1.00
464,699,1.00
465,699,1.00
466,699,1.00
467,699,0.86
468,699,0.58
461,700,0.81
462,700,1.00
463,700,1.00
464,700,1.00
465,700,1.00
466,700,1.00
467,700,0.81
468,700,0.55
461,701,0.69
462,701,0.91
463,701,1.00
464,701,1.00
465,701,1.00
466,701,0.91
467,701,0.69
468,701,0.45
469,701,0.30
461,702,0.51
462,702,0.69
463,702,0.81
464,702,0.86
465,702,0.81
466,702,0.69
467,702,0.51
468,702,0.30
469,702,0.30
461,703,0.30
462,703,0.45
463,703,0.55
464,703,0.58
465,703,0.55
466,703,0.45
467,703,0.30
468,703,0.30
469,703,0.30
461,704,0.30
462,704,0.30
463,704,0.30
464,704,0.30
465,704,0.30
466,704,0.30
467,704,0.30
468,704,0.30
469,704,0.30
480,691,1.00
481,691,1.00
482,691,1.00
483,691,1.00
484,691,1.00
480,692,1.00
481,692,1.00
482,692,1.00
483,692,1.00
484,692,1.00
480,693,1.00
481,693,1.00
482,693,1.00
483,693,1.00
484,693,1.00
480,694,1.00
481,694,1.00
482,694,1.00
483,694,1.00
484,694,1.00
480,695,1.00
481,695,1.00
482,695,1.00
483,695,1.00
484,695,1.00
480,696,1.00
481,696,1.00
482,696,1.00
483,696,1.00
484,696,1.00
480,697,0.81
481,697,0.69
482,697,0.51
483,697,0.30
484,697,0.30
480,698,0.55
481,698,0.45
482,698,0.30
483,698,0.30
484,698,0.30
480,699,0.30
481,699,0.30
482,699,0.30
483,699,0.30
484,699,0.30
500,680,1.00
501,680,1.00
502,680,1.00
503,680,1.00
504,680,1.00
505,680,1.00
506,680,1.00
507,680,1.00
500,681,1.00
501,681,1.00
502,681,1.00
503,681,1.00
504,681,1.00
505,681,1.00
506,681,1.00
507,681,1.00
500,682,1.00
501,682,1.00
502,682,1.00
503,682,1.00
504,682,1.00
505,682,1.00
506,682,1.00
507,682,1.00
500,683,1.00
501,683,1.00
502,683,1.00
503,683,1.00
504,683,1.00
505,683,1.00
506,683,1.00
507,683,1.00
500,684,1.00
501,684,1.00
502,684,1.00
503,684,1.00
504,684,1.00
505,684,1.00
506,684,1.00
507,684,1.00
500,685,1.00
501,685,1.00
502,685,1.00
503,685,1.00
504,685,1.00
505,685,1.00
506,685,1.00
507,685,1.00
500,686,1.00
501,686,1.00
502,686,1.00
503,686,1.00
504,686,1.00
505,686,1.00
506,686,1.00
507,686,1.00
500,687,1.00
501,687,1.00
502,687,1.00
503,687,1.00
504,687,1.00
505,687,1.00
506,687,1.00
507,687,1.00
500,688,0.99
501,688,1.00
502,688,1.00
503,688,1.00
504,688,0.99
505,688,0.81
506,688,0.60
507,688,0.60
500,689,0.45
501,689,0.55
502,689,0.58
503,689,0.55
504,689,0.45
505,689,0.30
506,689,0.30
507,689,0.30
500,690,0.30
501,690,0.30
502,690,0.30
503,690,0.30
504,690,0.30
505,690,0.30
506,690,0.30
507,690,0.30
522,670,1.00
523,670,1.00
524,670,1.00
525,670,1.00
526,670,1.00
527,670,1.00
528,670,1.00
529,670,1.00
530,670,1.00
531,670,1.00
532,670,1.00
522,671,1.00
523,671,1.00
524,671,1.00
525,671,1.00
526,671,1.00
527,671,1.00
528,671,1.00
529,671,1.00
530,671,1.00
531,671,1.00
532,671,1.00
522,672,1.00
523,672,1.00
524,672,1.00
525,672,1.00
526,672,1.00
527,672,1.00
528,672,1.00
529,672,1.00
530,672,1.00
531,672,1.00
532,672,1.00
542,662,0.85
543,662,0.60
544,662,0.30
545,662,0.60
546,662,0.60
547,662,0.60
548,662,0.60
549,662,0.60
550,662,0.60
551,662,0.60
552,662,0.60
542,663,0.88
543,663,0.60
544,663,0.30
545,663,0.45
546,663,0.55
547,663,0.58
548,663,0.55
549,663,0.45
550,663,0.30
551,663,0.30
552,663,0.30
552,664,0.30
552,665,0.30
552,666,0.30
552,667,0.30
552,668,0.30
552,669,0.30
561,652,0.75
562,652,0.99
563,652,1.00
564,652,1.00
565,652,1.00
566,652,1.00
567,652,1.00
568,652,0.99
561,653,0.60
562,653,0.81
563,653,0.99
564,653,1.00
565,653,1.00
566,653,1.00
567,653,1.00
568,653,0.96
561,654,0.60
562,654,0.60
563,654,0.96
564,654,1.00
565,654,1.00
566,654,1.00
567,654,1.00
568,654,0.99
561,655,0.60
562,655,0.75
563,655,0.99
564,655,1.00
565,655,1.00
566,655,1.00
567,655,1.00
568,655,1.00
561,656,0.30
562,656,0.55
563,656,0.81
564,656,1.00
565,656,1.00
566,656,1.00
567,656,1.00
568,656,1.00
561,657,0.30
562,657,0.58
563,657,0.86
564,657,1.00
565,657,1.00
566,657,1.00
567,657,1.00
568,657,1.00
561,658,0.30
562,658,0.55
563,658,0.81
564,658,1.00
565,658,1.00
566,658,1.00
567,658,1.00
568,658,1.00
561,659,0.30
562,659,0.45
563,659,0.69
564,659,0.91
565,659,1.00
566,659,1.00
567,659,1.00
568,659,0.91
561,660,0.30
562,660,0.30
563,660,0.51
564,660,0.69
565,660,0.81
566,660,0.86
567,660,0.81
568,660,0.69
561,661,0.30
562,661,0.30
563,661,0.30
564,661,0.45
565,661,0.55
566,661,0.58
567,661,0.55
568,661,0.45
561,662,0.30
562,662,0.30
563,662,0.30
564,662,0.30
565,662,0.30
571,643,0.30
572,643,0.30
573,643,0.30
574,643,0.30
575,643,0.60
576,643,0.75
577,643,1.00
578,643,1.00
579,643,1.00
580,643,1.00
581,643,1.00
571,644,0.30
572,644,0.30
573,644,0.30
574,644,0.45
575,644,0.85
576,644,1.00
577,644,1.00
578,644,1.00
579,644,1.00
580,644,1.00
581,644,1.00
571,645,0.30
572,645,0.30
573,645,0.51
574,645,0.69
575,645,1.00
576,645,1.00
577,645,1.00
578,645,1.00
579,645,1.00
580,645,1.00
581,645,1.00
571,646,0.30
572,646,0.45
573,646,0.69
574,646,0.91
575,646,1.00
576,646,1.00
577,646,1.00
578,646,1.00
579,646,1.00
580,646,1.00
581,646,1.00
571,647,0.30
572,647,0.55
573,647,0.81
574,647,1.00
575,647,1.00
576,647,1.00
577,647,1.00
578,647,1.00
579,647,1.00
580,647,1.00
581,647,1.00
571,648,0.30
572,648,0.58
573,648,0.86
574,648,1.00
575,648,1.00
576,648,1.00
577,648,1.00
578,648,1.00
579,648,1.00
580,648,1.00
581,648,1.00
571,649,0.30
572,649,0.55
573,649,0.81
574,649,1.00
575,649,1.00
576,649,1.00
577,649,1.00
578,649,1.00
579,649,1.00
580,649,1.00
581,649,0.85
571,650,0.30
572,650,0.45
573,650,0.69
574,650,0.91
575,650,1.00
576,650,1.00
577,650,1.00
578,650,1.00
579,650,0.99
580,650,0.75
581,650,0.60
571,651,0.30
572,651,0.30
573,651,0.51
574,651,0.69
575,651,0.81
576,651,0.86
577,651,0.81
578,651,0.69
579,651,0.51
580,651,0.30
581,651,0.30
580,652,0.30
581,652,0.30
580,653,0.30
575,640,0.30
576,640,0.30
577,640,0.90
578,640,1.00
579,640,1.00
580,640,1.00
581,640,1.00
582,640,1.00
583,640,1.00
584,640,1.00
585,640,1.00
575,641,0.30
576,641,0.30
577,641,0.90
578,641,1.00
579,641,1.00
580,641,1.00
581,641,1.00
582,641,1.00
583,641,1.00
584,641,1.00
585,641,1.00
575,642,0.30
576,642,0.30
577,642,1.00
578,642,1.00
579,642,1.00
580,642,1.00
581,642,1.00
582,642,1.00
583,642,1.00
584,642,1.00
585,642,1.00
582,643,1.00
583,643,1.00
584,643,1.00
585,643,1.00
582,644,1.00
583,644,1.00
584,644,1.00
585,644,1.00
582,645,1.00
583,645,1.00
584,645,1.00
585,645,1.00
582,646,1.00
583,646,1.00
584,646,1.00
585,646,1.00
582,647,1.00
583,647,1.00
584,647,0.90
585,647,0.60
582,648,0.99
583,648,0.81
584,648,0.60
585,648,0.60
582,649,0.45
583,649,0.30
584,649,0.30
585,649,0.30
582,650,0.30
583,650,0.30
584,650,0.30
585,650,0.30
577,638,0.60
578,638,0.60
579,638,0.81
580,638,0.99
581,638,1.00
582,638,1.00
583,638,1.00
584,638,1.00
585,638,1.00
586,638,1.00
587,638,1.00
577,639,0.60
578,639,0.75
579,639,0.99
580,639,1.00
581,639,1.00
582,639,1.00
583,639,1.00
584,639,1.00
585,639,1.00
586,639,1.00
587,639,1.00
586,640,1.00
587,640,1.00
586,641,1.00
587,641,1.00
586,642,1.00
587,642,1.00
586,643,1.00
587,643,1.00
586,644,1.00
587,644,0.90
586,645,0.75
587,645,0.60
586,646,0.60
587,646,0.60
586,647,0.30
587,647,0.30
586,648,0.30
587,648,0.30
581,634,0.30
582,634,0.30
583,634,0.30
584,634,0.30
585,634,0.30
586,634,0.30
587,634,0.30
588,634,0.30
589,634,0.60
590,634,1.00
591,634,1.00
581,635,0.30
582,635,0.30
583,635,0.30
584,635,0.45
585,635,0.55
586,635,0.58
587,635,0.55
588,635,0.45
589,635,0.60
590,635,1.00
591,635,1.00
581,636,0.60
582,636,0.60
583,636,0.81
584,636,0.99
585,636,1.00
586,636,1.00
587,636,1.00
588,636,0.69
589,636,0.81
590,636,0.85
591,636,1.00
581,637,0.85
582,637,1.00
583,637,1.00
584,637,1.00
585,637,1.00
586,637,1.00
587,637,1.00
588,637,0.91
589,637,0.99
590,637,0.90
591,637,0.99
588,638,1.00
589,638,1.00
590,638,0.85
591,638,0.81
588,639,1.00
589,639,1.00
590,639,0.88
591,639,0.60
588,640,1.00
589,640,1.00
590,640,0.85
591,640,0.60
588,641,0.91
589,641,0.69
590,641,0.45
591,641,0.30
588,642,0.69
589,642,0.51
590,642,0.30
591,642,0.30
588,643,0.45
588,644,0.30
590,625,0.90
591,625,0.60
592,625,0.60
593,625,0.60
594,625,0.30
595,625,0.30
596,625,0.30
597,625,0.30
598,625,0.30
599,625,0.60
600,625,0.60
590,626,0.60
591,626,0.30
592,626,0.30
593,626,0.45
594,626,0.55
595,626,0.58
596,626,0.55
597,626,0.45
598,626,0.30
599,626,0.60
600,626,0.60
590,627,0.60
591,627,0.30
592,627,0.51
593,627,0.69
594,627,0.81
595,627,0.86
596,627,0.81
597,627,0.69
598,627,0.51
599,627,0.60
600,627,0.75
590,628,0.60
591,628,0.45
592,628,0.69
593,628,0.91
594,628,1.00
595,628,1.00
596,628,1.00
597,628,0.91
598,628,0.69
599,628,0.75
600,628,0.85
590,629,0.60
591,629,0.55
592,629,0.81
593,629,1.00
594,629,1.00
595,629,1.00
596,629,1.00
597,629,1.00
598,629,0.81
599,629,0.85
600,629,0.88
590,630,0.90
591,630,0.88
592,630,1.00
593,630,1.00
594,630,1.00
595,630,1.00
596,630,1.00
597,630,1.00
598,630,1.00
599,630,1.00
600,630,0.85
590,631,0.60
591,631,0.85
592,631,1.00
593,631,1.00
594,631,1.00
595,631,1.00
596,631,1.00
597,631,1.00
598,631,1.00
599,631,1.00
600,631,0.75
590,632,0.60
591,632,0.96
592,632,1.00
593,632,1.00
594,632,1.00
595,632,1.00
596,632,1.00
597,632,1.00
598,632,0.99
599,632,1.00
600,632,0.60
590,633,0.75
591,633,0.99
592,633,1.00
593,633,1.00
594,633,1.00
595,633,1.00
596,633,1.00
597,633,1.00
598,633,0.96
599,633,0.90
600,633,0.60
592,634,1.00
593,634,1.00
594,634,1.00
595,634,1.00
596,634,1.00
597,634,1.00
598,634,0.85
599,634,0.90
600,634,0.60
592,635,1.00
593,635,1.00
594,635,1.00
595,635,1.00
596,635,1.00
597,635,1.00
598,635,0.88
599,635,0.60
600,635,0.30
608,605,0.30
609,605,0.30
610,605,0.30
611,605,0.30
612,605,0.30
613,605,0.30
614,605,0.30
615,605,0.30
616,605,0.30
617,605,0.30
618,605,0.30
608,606,0.30
609,606,0.30
610,606,0.30
611,606,0.45
612,606,0.55
613,606,0.58
614,606,0.55
615,606,0.45
616,606,0.30
617,606,0.30
618,606,0.30
608,607,0.30
609,607,0.30
610,607,0.51
611,607,0.69
612,607,0.81
613,607,0.86
614,607,0.81
615,607,0.69
616,607,0.51
617,607,0.30
618,607,0.30
608,608,0.30
609,608,0.45
610,608,0.69
611,608,0.91
612,608,1.00
613,608,1.00
614,608,1.00
615,608,0.91
616,608,0.69
617,608,0.45
618,608,0.30
608,609,0.30
609,609,0.55
610,609,0.81
611,609,1.00
612,609,1.00
613,609,1.00
614,609,1.00
615,609,1.00
616,609,0.81
617,609,0.55
618,609,0.30
608,610,0.30
609,610,0.58
610,610,0.86
611,610,1.00
612,610,1.00
613,610,1.00
614,610,1.00
615,610,1.00
616,610,0.86
617,610,0.58
618,610,0.30
608,611,0.30
609,611,0.55
610,611,0.81
611,611,1.00
612,611,1.00
613,611,1.00
614,611,1.00
615,611,1.00
616,611,0.81
617,611,0.55
618,611,0.30
608,612,0.60
609,612,0.75
610,612,0.99
611,612,0.91
612,612,1.00
613,612,1.00
614,612,1.00
615,612,0.91
616,612,0.69
617,612,0.45
618,612,0.30
608,613,0.60
609,613,0.60
610,613,0.81
611,613,0.69
612,613,0.81
613,613,0.86
614,613,0.81
615,613,0.69
616,613,0.51
617,613,0.30
618,613,0.30
608,614,0.81
609,614,0.60
610,614,0.60
611,614,0.45
612,614,0.55
613,614,0.58
614,614,0.55
615,614,0.45
616,614,0.30
617,614,0.30
618,614,0.30
608,615,0.99
609,615,0.75
610,615,0.60
611,615,0.30
612,615,0.30
613,615,0.30
614,615,0.30
615,615,0.30
616,615,0.30
617,615,0.30
618,615,0.30
619,590,0.90
620,590,0.90
621,590,0.90
622,590,1.00
623,590,1.00
624,590,1.00
625,590,1.00
626,590,1.00
627,590,1.00
628,590,1.00
629,590,1.00
619,591,1.00
620,591,1.00
621,591,1.00
622,591,1.00
623,591,1.00
624,591,1.00
625,591,1.00
626,591,1.00
627,591,1.00
628,591,1.00
629,591,1.00
619,592,1.00
620,592,1.00
621,592,1.00
622,592,1.00
623,592,1.00
624,592,1.00
625,592,1.00
626,592,1.00
627,592,1.00
628,592,1.00
629,592,1.00
619,593,1.00
620,593,1.00
621,593,1.00
622,593,1.00
623,593,1.00
624,593,1.00
625,593,1.00
626,593,1.00
627,593,1.00
628,593,1.00
629,593,1.00
619,594,1.00
620,594,1.00
621,594,1.00
622,594,1.00
623,594,1.00
624,594,1.00
625,594,1.00
626,594,1.00
627,594,1.00
628,594,1.00
629,594,1.00
619,595,1.00
620,595,1.00
621,595,1.00
622,595,1.00
623,595,1.00
624,595,1.00
625,595,1.00
626,595,1.00
627,595,1.00
628,595,1.00
629,595,1.00
619,596,1.00
620,596,1.00
621,596,1.00
622,596,1.00
623,596,1.00
624,596,1.00
625,596,1.00
626,596,1.00
627,596,1.00
628,596,1.00
629,596,1.00
619,597,1.00
620,597,1.00
621,597,1.00
622,597,1.00
623,597,1.00
624,597,1.00
625,597,1.00
626,597,1.00
627,597,1.00
628,597,1.00
629,597,1.00
619,598,1.00
620,598,1.00
621,598,1.00
622,598,1.00
623,598,1.00
624,598,1.00
625,598,1.00
626,598,1.00
627,598,0.81
628,598,0.60
629,598,0.60
619,599,1.00
620,599,1.00
621,599,0.90
622,599,1.00
623,599,0.85
624,599,0.88
625,599,0.85
626,599,0.75
627,599,0.60
628,599,0.60
629,599,0.60
619,600,0.90
620,600,0.90
621,600,0.60
622,600,0.60
623,600,0.30
624,600,0.30
625,600,0.30
626,600,0.30
627,600,0.30
628,600,0.30
629,600,0.30
622,587,0.60
623,587,1.00
624,587,1.00
625,587,1.00
626,587,1.00
627,587,1.00
628,587,1.00
629,587,1.00
630,587,1.00
631,587,1.00
632,587,1.00
622,588,0.60
623,588,1.00
624,588,1.00
625,588,1.00
626,588,1.00
627,588,1.00
628,588,1.00
629,588,1.00
630,588,1.00
631,588,1.00
632,588,1.00
622,589,0.90
623,589,1.00
624,589,1.00
625,589,1.00
626,589,1.00
627,589,1.00
628,589,1.00
629,589,1.00
630,589,1.00
631,589,1.00
632,589,1.00
630,590,1.00
631,590,1.00
632,590,1.00
630,591,1.00
631,591,1.00
632,591,1.00
630,592,1.00
631,592,1.00
632,592,1.00
630,593,1.00
631,593,1.00
632,593,1.00
630,594,1.00
631,594,1.00
632,594,1.00
630,595,1.00
631,595,0.60
632,595,0.60
630,596,0.60
631,596,0.60
632,596,0.60
630,597,0.60
631,597,0.90
632,597,0.90
619,589,0.30
620,589,0.30
621,589,0.30
586,613,1.00
587,613,1.00
588,613,0.90
589,613,1.00
590,613,1.00
591,613,1.00
592,613,0.85
593,613,0.75
594,613,0.90
595,613,1.00
596,613,1.00
586,614,1.00
587,614,1.00
588,614,1.00
589,614,1.00
590,614,1.00
591,614,1.00
592,614,1.00
593,614,1.00
594,614,1.00
595,614,1.00
596,614,1.00
586,615,1.00
587,615,1.00
588,615,1.00
589,615,1.00
590,615,1.00
591,615,1.00
592,615,1.00
593,615,1.00
594,615,1.00
595,615,1.00
596,615,1.00
586,616,1.00
587,616,1.00
588,616,1.00
589,616,1.00
590,616,1.00
591,616,1.00
592,616,1.00
593,616,1.00
594,616,1.00
595,616,1.00
596,616,1.00
586,617,1.00
587,617,1.00
588,617,1.00
589,617,1.00
590,617,1.00
591,617,1.00
592,617,1.00
593,617,1.00
594,617,1.00
595,617,1.00
596,617,1.00
586,618,1.00
587,618,1.00
588,618,1.00
589,618,1.00
590,618,1.00
591,618,1.00
592,618,1.00
593,618,1.00
594,618,1.00
595,618,1.00
596,618,1.00
586,619,1.00
587,619,1.00
588,619,1.00
589,619,1.00
590,619,1.00
591,619,1.00
592,619,1.00
593,619,1.00
594,619,1.00
595,619,1.00
596,619,1.00
586,620,1.00
587,620,1.00
588,620,1.00
589,620,1.00
590,620,1.00
591,620,1.00
592,620,1.00
593,620,1.00
594,620,1.00
595,620,0.75
596,620,0.60
586,621,1.00
587,621,1.00
588,621,1.00
589,621,1.00
590,621,1.00
591,621,1.00
592,621,1.00
593,621,1.00
594,621,0.81
595,621,0.60
596,621,0.60
586,622,1.00
587,622,1.00
588,622,1.00
589,622,1.00
590,622,1.00
591,622,1.00
592,622,1.00
593,622,1.00
594,622,0.60
595,622,0.60
596,622,0.60
586,623,1.00
587,623,1.00
588,623,1.00
589,623,1.00
590,623,1.00
591,623,1.00
592,623,0.60
593,623,0.60
594,623,0.30
595,623,0.30
596,623,0.30
553,639,0.30
554,639,0.30
555,639,0.30
556,639,0.30
557,639,0.30
558,639,0.60
559,639,0.60
560,639,0.60
561,639,0.75
562,639,0.85
563,639,0.88
553,640,0.30
554,640,0.30
555,640,0.30
556,640,0.45
557,640,0.55
558,640,0.88
559,640,0.85
560,640,0.75
561,640,0.60
562,640,0.60
563,640,0.60
553,641,0.30
554,641,0.30
555,641,0.51
556,641,0.69
557,641,0.81
558,641,0.86
559,641,0.81
560,641,0.69
561,641,0.51
562,641,0.30
563,641,0.30
553,642,0.60
554,642,0.75
555,642,0.99
556,642,1.00
557,642,1.00
558,642,1.00
559,642,1.00
560,642,0.91
561,642,0.69
562,642,0.45
563,642,0.30
553,643,0.85
554,643,0.99
555,643,1.00
556,643,1.00
557,643,1.00
558,643,1.00
559,643,1.00
560,643,1.00
561,643,0.81
562,643,0.55
563,643,0.30
553,644,1.00
554,644,1.00
555,644,1.00
556,644,1.00
557,644,1.00
558,644,1.00
559,644,1.00
560,644,1.00
561,644,0.86
562,644,0.58
563,644,0.30
553,645,1.00
554,645,1.00
555,645,1.00
556,645,1.00
557,645,1.00
558,645,1.00
559,645,1.00
560,645,1.00
561,645,1.00
562,645,0.85
563,645,0.60
553,646,1.00
554,646,1.00
555,646,1.00
556,646,1.00
557,646,1.00
558,646,1.00
559,646,1.00
560,646,1.00
561,646,0.99
562,646,0.75
563,646,0.75
553,647,1.00
554,647,1.00
555,647,1.00
556,647,1.00
557,647,1.00
558,647,0.86
559,647,0.81
560,647,0.99
561,647,0.81
562,647,0.81
563,647,0.99
553,648,1.00
554,648,1.00
555,648,1.00
556,648,0.99
557,648,0.85
558,648,0.58
559,648,0.55
560,648,0.75
561,648,0.75
562,648,0.99
563,648,1.00
553,649,1.00
554,649,1.00
555,649,0.99
556,649,0.75
557,649,0.60
558,649,0.30
559,649,0.30
560,649,0.60
561,649,0.85
562,649,1.00
563,649,1.00
522,661,0.99
523,661,1.00
524,661,1.00
525,661,1.00
526,661,1.00
527,661,1.00
528,661,1.00
529,661,1.00
530,661,1.00
531,661,1.00
532,661,1.00
522,662,1.00
523,662,1.00
524,662,1.00
525,662,1.00
526,662,1.00
527,662,1.00
528,662,1.00
529,662,1.00
530,662,1.00
531,662,1.00
532,662,1.00
522,663,1.00
523,663,1.00
524,663,1.00
525,663,1.00
526,663,1.00
527,663,1.00
528,663,1.00
529,663,1.00
530,663,1.00
531,663,1.00
532,663,1.00
522,664,1.00
523,664,1.00
524,664,1.00
525,664,1.00
526,664,1.00
527,664,1.00
528,664,1.00
529,664,1.00
530,664,1.00
531,664,1.00
532,664,1.00
522,665,1.00
523,665,1.00
524,665,1.00
525,665,1.00
526,665,1.00
527,665,1.00
528,665,1.00
529,665,1.00
530,665,1.00
531,665,1.00
532,665,1.00
522,666,1.00
523,666,1.00
524,666,1.00
525,666,1.00
526,666,1.00
527,666,1.00
528,666,1.00
529,666,1.00
530,666,1.00
531,666,1.00
532,666,1.00
522,667,1.00
523,667,1.00
524,667,1.00
525,667,1.00
526,667,1.00
527,667,1.00
528,667,1.00
529,667,1.00
530,667,1.00
531,667,1.00
532,667,1.00
522,668,1.00
523,668,1.00
524,668,1.00
525,668,1.00
526,668,1.00
527,668,1.00
528,668,1.00
529,668,1.00
530,668,1.00
531,668,1.00
532,668,1.00
522,669,1.00
523,669,1.00
524,669,1.00
525,669,1.00
526,669,1.00
527,669,1.00
528,669,1.00
529,669,1.00
530,669,1.00
531,669,1.00
532,669,1.00
515,665,0.90
516,665,0.90
517,665,0.60
518,665,0.60
519,665,0.60
520,665,0.90
521,665,1.00
515,666,0.90
516,666,0.90
517,666,0.60
518,666,0.90
519,666,1.00
520,666,1.00
521,666,1.00
515,667,0.90
516,667,0.90
517,667,1.00
518,667,1.00
519,667,1.00
520,667,1.00
521,667,1.00
515,668,1.00
516,668,1.00
517,668,1.00
518,668,1.00
519,668,1.00
520,668,1.00
521,668,1.00
515,669,1.00
516,669,1.00
517,669,1.00
518,669,1.00
519,669,1.00
520,669,1.00
521,669,1.00
515,670,1.00
516,670,1.00
517,670,1.00
518,670,1.00
519,670,1.00
520,670,1.00
521,670,1.00
515,671,1.00
516,671,1.00
517,671,1.00
518,671,1.00
519,671,1.00
520,671,1.00
521,671,1.00
515,672,1.00
516,672,1.00
517,672,1.00
518,672,1.00
519,672,1.00
520,672,1.00
521,672,1.00
515,673,0.90
516,673,0.90
517,673,1.00
518,673,1.00
519,673,1.00
520,673,1.00
521,673,1.00
515,674,0.90
516,674,0.90
517,674,0.60
518,674,0.90
519,674,1.00
520,674,1.00
521,674,1.00
515,675,0.90
516,675,0.90
517,675,0.60
518,675,0.60
519,675,0.60
520,675,0.60
521,675,0.90
520,658,0.60
521,658,0.60
522,658,0.60
523,658,0.60
524,658,0.60
525,658,0.30
526,658,0.60
527,658,0.85
528,658,1.00
529,658,1.00
530,658,1.00
520,659,0.30
521,659,0.30
522,659,0.30
523,659,0.45
524,659,0.55
525,659,0.58
526,659,0.85
527,659,1.00
528,659,1.00
529,659,1.00
530,659,1.00
520,660,0.30
521,660,0.30
522,660,0.51
523,660,0.69
524,660,0.81
525,660,0.86
526,660,1.00
527,660,1.00
528,660,1.00
529,660,1.00
530,660,1.00
520,661,0.30
521,661,0.45
520,662,0.30
521,662,0.55
520,663,0.30
521,663,0.58
520,664,0.30
521,664,0.55
539,639,1.00
540,639,1.00
541,639,1.00
542,639,1.00
543,639,1.00
544,639,1.00
545,639,0.90
546,639,0.90
547,639,0.90
548,639,0.60
549,639,0.30
539,640,1.00
540,640,1.00
541,640,1.00
542,640,1.00
543,640,0.99
544,640,0.88
545,640,0.55
546,640,0.45
547,640,0.30
548,640,0.30
549,640,0.30
539,641,1.00
540,641,1.00
541,641,1.00
542,641,1.00
543,641,1.00
544,641,1.00
545,641,0.81
546,641,0.69
547,641,0.51
548,641,0.30
549,641,0.30
539,642,0.88
540,642,0.99
541,642,1.00
542,642,1.00
543,642,1.00
544,642,1.00
545,642,1.00
546,642,0.91
547,642,0.99
548,642,0.75
549,642,0.60
539,643,0.60
540,643,0.85
541,643,1.00
542,643,1.00
543,643,1.00
544,643,1.00
545,643,1.00
546,643,1.00
547,643,1.00
548,643,0.85
549,643,0.60
539,644,0.30
540,644,0.58
541,644,0.86
542,644,1.00
543,644,1.00
544,644,1.00
545,644,1.00
546,644,1.00
547,644,1.00
548,644,0.88
549,644,0.81
539,645,0.30
540,645,0.55
541,645,0.81
542,645,1.00
543,645,1.00
544,645,1.00
545,645,1.00
546,645,1.00
547,645,1.00
548,645,0.99
549,645,0.99
539,646,0.30
540,646,0.45
541,646,0.69
542,646,0.91
543,646,1.00
544,646,1.00
545,646,1.00
546,646,0.91
547,646,0.99
548,646,0.99
549,646,1.00
539,647,0.30
540,647,0.30
541,647,0.51
542,647,0.99
543,647,1.00
544,647,1.00
545,647,1.00
546,647,0.99
547,647,1.00
548,647,1.00
549,647,1.00
539,648,0.30
540,648,0.30
541,648,0.30
542,648,0.75
543,648,0.85
544,648,0.88
545,648,0.99
546,648,0.99
547,648,1.00
548,648,1.00
549,648,1.00
539,649,0.30
540,649,0.30
541,649,0.30
542,649,0.60
543,649,0.60
544,649,0.81
545,649,0.99
546,649,1.00
547,649,1.00
548,649,1.00
549,649,1.00
559,620,1.00
560,620,0.90
561,620,0.90
562,620,0.30
563,620,0.30
564,620,0.30
565,620,0.60
566,620,0.75
567,620,0.99
568,620,1.00
569,620,1.00
559,621,1.00
560,621,1.00
561,621,0.90
562,621,0.45
563,621,0.55
564,621,0.58
565,621,0.85
566,621,0.99
567,621,1.00
568,621,1.00
569,621,1.00
559,622,1.00
560,622,1.00
561,622,1.00
562,622,0.69
563,622,0.81
564,622,0.86
565,622,1.00
566,622,1.00
567,622,1.00
568,622,1.00
569,622,1.00
559,623,1.00
560,623,1.00
561,623,1.00
562,623,0.91
563,623,1.00
564,623,1.00
565,623,1.00
566,623,1.00
567,623,1.00
568,623,1.00
569,623,1.00
559,624,1.00
560,624,1.00
561,624,1.00
562,624,1.00
563,624,1.00
564,624,1.00
565,624,1.00
566,624,1.00
567,624,1.00
568,624,1.00
569,624,1.00
559,625,1.00
560,625,1.00
561,625,1.00
562,625,1.00
563,625,1.00
564,625,1.00
565,625,1.00
566,625,1.00
567,625,1.00
568,625,1.00
569,625,1.00
559,626,1.00
560,626,1.00
561,626,1.00
562,626,1.00
563,626,1.00
564,626,1.00
565,626,1.00
566,626,1.00
567,626,1.00
568,626,1.00
569,626,1.00
559,627,1.00
560,627,1.00
561,627,1.00
562,627,0.91
563,627,1.00
564,627,1.00
565,627,1.00
566,627,1.00
567,627,1.00
568,627,1.00
569,627,1.00
559,628,1.00
560,628,0.90
561,628,1.00
562,628,0.69
563,628,0.81
564,628,1.00
565,628,1.00
566,628,1.00
567,628,1.00
568,628,1.00
569,628,1.00
559,629,0.60
560,629,0.30
561,629,0.30
562,629,0.45
563,629,0.55
564,629,0.88
565,629,1.00
566,629,1.00
567,629,1.00
568,629,1.00
569,629,1.00
559,630,0.90
560,630,0.60
561,630,0.60
562,630,0.60
563,630,0.60
564,630,0.90
565,630,1.00
566,630,1.00
567,630,1.00
568,630,1.00
569,630,1.00
569,611,0.30
570,611,0.30
571,611,0.60
572,611,0.90
573,611,1.00
574,611,1.00
575,611,1.00
576,611,1.00
577,611,1.00
578,611,1.00
579,611,1.00
569,612,0.30
570,612,0.30
571,612,0.60
572,612,1.00
573,612,1.00
574,612,1.00
575,612,1.00
576,612,1.00
577,612,1.00
578,612,1.00
579,612,1.00
569,613,0.30
570,613,0.30
571,613,0.81
572,613,1.00
573,613,1.00
574,613,1.00
575,613,1.00
576,613,1.00
577,613,1.00
578,613,1.00
579,613,1.00
569,614,0.30
570,614,0.45
571,614,0.99
572,614,1.00
573,614,1.00
574,614,1.00
575,614,1.00
576,614,1.00
577,614,1.00
578,614,1.00
579,614,1.00
569,615,0.30
570,615,0.55
571,615,1.00
572,615,1.00
573,615,1.00
574,615,1.00
575,615,1.00
576,615,1.00
577,615,1.00
578,615,1.00
579,615,1.00
569,616,0.30
570,616,0.58
571,616,1.00
572,616,1.00
573,616,1.00
574,616,1.00
575,616,1.00
576,616,1.00
577,616,1.00
578,616,1.00
579,616,1.00
569,617,0.60
570,617,0.85
571,617,1.00
572,617,1.00
573,617,1.00
574,617,1.00
575,617,1.00
576,617,1.00
577,617,1.00
578,617,1.00
579,617,1.00
569,618,0.85
570,618,1.00
571,618,1.00
572,618,1.00
573,618,1.00
574,618,1.00
575,618,1.00
576,618,1.00
577,618,1.00
578,618,1.00
579,618,1.00
569,619,1.00
570,619,1.00
571,619,1.00
572,619,1.00
573,619,1.00
574,619,1.00
575,619,1.00
576,619,1.00
577,619,1.00
578,619,1.00
579,619,1.00
570,620,1.00
571,620,1.00
572,620,1.00
573,620,1.00
574,620,1.00
575,620,0.85
576,620,0.45
577,620,0.30
578,620,0.60
579,620,0.75
570,621,1.00
571,621,1.00
572,621,1.00
573,621,1.00
574,621,0.85
575,621,0.60
576,621,0.30
577,621,0.30
578,621,0.60
579,621,0.85
571,609,0.30
572,609,0.60
573,609,0.60
574,609,1.00
575,609,1.00
576,609,1.00
577,609,1.00
578,609,1.00
579,609,1.00
580,609,1.00
581,609,1.00
571,610,0.30
572,610,0.60
573,610,0.60
574,610,1.00
575,610,1.00
576,610,1.00
577,610,1.00
578,610,1.00
579,610,1.00
580,610,1.00
581,610,1.00
580,611,1.00
581,611,1.00
580,612,1.00
581,612,1.00
580,613,1.00
581,613,1.00
580,614,1.00
581,614,1.00
580,615,1.00
581,615,1.00
580,616,1.00
581,616,1.00
580,617,1.00
581,617,1.00
580,618,0.90
581,618,1.00
580,619,1.00
581,619,1.00
582,609,1.00
582,610,1.00
582,611,1.00
582,612,1.00
582,613,1.00
582,614,1.00
582,615,1.00
582,616,1.00
582,617,1.00
582,618,1.00
582,619,1.00
565,617,0.60
566,617,0.60
567,617,0.60
568,617,0.30
565,618,0.30
566,618,0.30
567,618,0.30
568,618,0.45
565,619,0.30
566,619,0.30
567,619,0.51
568,619,0.69
570,622,1.00
571,622,1.00
572,622,1.00
573,622,1.00
574,622,0.88
575,622,0.60
570,623,1.00
571,623,1.00
572,623,1.00
573,623,1.00
574,623,1.00
575,623,1.00
570,624,1.00
571,624,1.00
572,624,1.00
573,624,1.00
574,624,1.00
575,624,1.00
570,625,1.00
571,625,1.00
572,625,1.00
573,625,1.00
574,625,1.00
575,625,1.00
570,626,1.00
571,626,1.00
572,626,1.00
573,626,1.00
574,626,1.00
575,626,1.00
570,627,1.00
571,627,1.00
572,627,1.00
573,627,1.00
574,627,1.00
575,627,1.00
550,647,1.00
551,647,1.00
552,647,1.00
550,648,1.00
551,648,1.00
552,648,1.00
550,649,1.00
551,649,1.00
552,649,1.00
542,650,0.30
543,650,0.45
544,650,0.69
545,650,0.91
546,650,1.00
547,650,1.00
548,650,1.00
549,650,1.00
550,650,1.00
551,650,1.00
552,650,1.00
542,651,0.30
543,651,0.55
544,651,0.81
545,651,1.00
546,651,1.00
547,651,1.00
548,651,1.00
549,651,1.00
550,651,1.00
551,651,1.00
552,651,0.88
542,652,0.30
543,652,0.58
544,652,0.86
545,652,1.00
546,652,1.00
547,652,1.00
548,652,1.00
549,652,1.00
550,652,1.00
551,652,1.00
552,652,0.90
542,653,0.30
543,653,0.55
544,653,0.81
545,653,1.00
546,653,1.00
547,653,1.00
548,653,1.00
549,653,1.00
550,653,1.00
551,653,1.00
552,653,0.75
542,654,0.30
543,654,0.45
544,654,0.69
545,654,1.00
546,654,1.00
547,654,1.00
548,654,1.00
549,654,1.00
550,654,1.00
551,654,1.00
552,654,0.99
542,655,0.30
543,655,0.30
544,655,0.51
545,655,0.99
546,655,1.00
547,655,1.00
548,655,1.00
549,655,1.00
550,655,1.00
551,655,1.00
552,655,1.00
542,656,0.30
543,656,0.30
544,656,0.30
545,656,0.75
546,656,1.00
547,656,1.00
548,656,1.00
549,656,1.00
550,656,1.00
551,656,1.00
552,656,1.00
542,657,0.30
543,657,0.30
544,657,0.30
545,657,0.60
546,657,0.88
547,657,1.00
548,657,1.00
549,657,1.00
550,657,1.00
551,657,1.00
552,657,1.00
533,671,0.99
533,672,0.75
533,673,0.60
533,674,0.30
519,677,0.60
520,677,0.60
521,677,0.90
519,678,0.60
520,678,0.60
521,678,1.00
519,679,0.60
520,679,1.00
521,679,1.00
519,680,0.90
520,680,1.00
521,680,1.00
519,681,1.00
520,681,1.00
521,681,1.00
519,682,1.00
520,682,1.00
521,682,1.00
519,683,1.00
520,683,1.00
521,683,1.00
519,684,0.90
520,684,1.00
521,684,1.00
522,684,1.00
519,685,0.60
520,685,1.00
521,685,1.00
522,685,1.00
519,686,0.60
520,686,0.60
521,686,0.90
522,686,1.00
523,686,1.00
524,686,1.00
525,686,0.90
526,686,0.60
527,686,0.60
528,686,0.60
519,687,0.60
520,687,0.60
521,687,0.60
522,687,0.60
523,687,0.60
524,687,0.60
525,687,0.60
526,687,0.60
527,687,0.60
528,687,0.60
521,676,0.30
533,658,1.00
534,658,1.00
535,658,0.85
536,658,0.60
537,658,0.30
538,658,0.30
539,658,0.30
540,658,0.30
541,658,0.30
542,658,0.30
543,658,0.30
533,659,1.00
534,659,1.00
535,659,0.88
536,659,0.75
537,659,0.55
538,659,0.58
539,659,0.55
540,659,0.45
541,659,0.30
542,659,0.30
543,659,0.30
533,660,1.00
534,660,1.00
535,660,1.00
536,660,0.99
537,660,0.81
538,660,0.86
539,660,0.81
540,660,0.69
541,660,0.51
542,660,0.30
543,660,0.30
533,661,1.00
534,661,1.00
535,661,1.00
536,661,1.00
537,661,1.00
538,661,1.00
539,661,1.00
540,661,0.91
541,661,0.69
542,661,0.45
543,661,0.30
533,662,0.99
534,662,1.00
535,662,1.00
536,662,1.00
537,662,1.00
538,662,1.00
539,662,1.00
540,662,1.00
541,662,0.81
533,663,1.00
534,663,1.00
535,663,1.00
536,663,1.00
537,663,1.00
538,663,1.00
539,663,1.00
540,663,1.00
541,663,0.86
533,664,1.00
534,664,1.00
535,664,1.00
536,664,1.00
537,664,1.00
538,664,1.00
539,664,1.00
540,664,1.00
533,665,0.99
534,665,0.96
535,665,0.99
536,665,1.00
537,665,1.00
538,665,1.00
539,665,1.00
540,665,0.91
533,666,1.00
534,666,0.99
535,666,0.96
536,666,0.99
537,666,0.81
538,666,0.86
539,666,0.81
540,666,0.69
533,667,1.00
534,667,1.00
535,667,0.85
536,667,0.75
537,667,0.55
538,667,0.58
539,667,0.55
540,667,0.45
533,668,1.00
534,668,1.00
535,668,0.88
536,668,0.60
537,668,0.30
538,668,0.30
539,668,0.30
540,668,0.30
550,642,0.30
551,642,0.30
552,642,0.30
550,643,0.45
551,643,0.55
552,643,0.58
550,644,0.69
551,644,0.81
552,644,0.86
550,645,0.91
551,645,1.00
552,645,1.00
550,646,1.00
551,646,1.00
552,646,1.00
553,650,0.81
554,650,0.69
555,650,0.51
556,650,0.30
557,650,0.30
553,651,0.55
554,651,0.45
555,651,0.30
556,651,0.30
557,651,0.30
553,652,0.60
554,652,0.60
555,652,0.60
556,652,0.30
557,652,0.30
558,630,1.00
558,631,0.90
559,631,0.60
560,631,0.30
561,631,0.45
562,631,0.55
563,631,0.58
564,631,0.85
565,631,0.99
566,631,1.00
567,631,1.00
568,631,1.00
558,632,0.60
559,632,0.60
560,632,0.51
561,632,0.69
562,632,0.81
563,632,0.86
564,632,1.00
565,632,1.00
566,632,1.00
567,632,1.00
568,632,1.00
558,633,0.60
559,633,0.75
560,633,0.69
561,633,0.91
562,633,1.00
563,633,1.00
564,633,1.00
565,633,1.00
566,633,1.00
567,633,1.00
568,633,1.00
558,634,0.30
559,634,0.55
560,634,0.81
561,634,1.00
562,634,1.00
563,634,1.00
564,634,1.00
565,634,1.00
566,634,1.00
567,634,0.99
568,634,0.85
558,635,0.30
559,635,0.58
560,635,0.86
561,635,1.00
562,635,1.00
563,635,1.00
564,635,1.00
565,635,1.00
566,635,1.00
567,635,0.88
568,635,0.60
558,636,0.30
559,636,0.55
560,636,0.81
561,636,1.00
562,636,1.00
563,636,1.00
564,636,1.00
565,636,1.00
566,636,0.81
567,636,0.55
568,636,0.30
558,637,0.30
559,637,0.45
560,637,0.69
561,637,0.91
562,637,1.00
563,637,1.00
564,637,1.00
565,637,0.91
566,637,0.69
567,637,0.45
568,637,0.30
558,638,0.30
559,638,0.30
560,638,0.51
561,638,0.69
562,638,0.81
563,638,0.86
564,638,0.81
565,638,0.69
566,638,0.51
567,638,0.30
568,638,0.30
564,639,0.55
565,639,0.45
566,639,0.30
567,639,0.30
568,639,0.30
564,640,0.30
565,640,0.30
566,640,0.30
567,640,0.30
568,640,0.30
570,628,1.00
571,628,1.00
572,628,1.00
573,628,1.00
574,628,1.00
570,629,1.00
571,629,1.00
572,629,1.00
573,629,1.00
574,629,1.00
570,630,1.00
571,630,1.00
572,630,1.00
573,630,1.00
574,630,1.00
569,631,1.00
570,631,1.00
571,631,1.00
572,631,1.00
573,631,1.00
574,631,1.00
569,632,1.00
570,632,1.00
571,632,1.00
572,632,1.00
573,632,1.00
574,632,1.00
569,633,1.00
570,633,1.00
571,633,0.99
572,633,0.81
573,633,0.60
574,633,0.60
569,634,0.58
570,634,0.55
571,634,0.45
572,634,0.30
573,634,0.30
574,634,0.30
569,635,0.30
570,635,0.30
571,635,0.30
572,635,0.30
573,635,0.30
574,635,0.30
576,623,0.85
577,623,0.75
576,624,1.00
577,624,0.99
576,625,1.00
577,625,1.00
576,626,1.00
577,626,1.00
576,627,1.00
577,627,1.00
575,628,1.00
576,628,1.00
577,628,1.00
575,629,1.00
576,629,1.00
577,629,1.00
575,630,1.00
576,630,1.00
577,630,0.99
575,631,1.00
576,631,0.85
577,631,0.75
575,632,0.60
576,632,0.60
577,632,0.60
575,633,0.30
576,633,0.30
577,633,0.30
576,622,0.30
577,622,0.30
578,622,0.60
579,622,0.88
580,622,1.00
578,623,0.60
579,623,0.85
580,623,1.00
578,624,0.81
579,624,0.75
580,624,1.00
578,625,0.99
579,625,0.75
580,625,1.00
578,626,1.00
579,626,0.85
580,626,0.90
578,627,1.00
579,627,0.88
580,627,0.90
578,628,0.81
579,628,0.55
580,628,0.60
578,629,0.69
579,629,0.45
580,629,0.60
578,630,0.51
579,630,0.30
580,630,0.60
578,631,0.30
579,631,0.30
580,631,0.30
578,632,0.30
579,632,0.30
580,632,0.30
583,617,1.00
584,617,1.00
585,617,1.00
583,618,1.00
584,618,1.00
585,618,1.00
583,619,1.00
584,619,1.00
585,619,1.00
580,620,0.99
581,620,1.00
582,620,1.00
583,620,1.00
584,620,1.00
585,620,1.00
580,621,1.00
581,621,1.00
582,621,1.00
583,621,1.00
584,621,1.00
585,621,1.00
581,622,1.00
582,622,1.00
583,622,1.00
584,622,1.00
585,622,1.00
581,623,1.00
582,623,1.00
583,623,1.00
584,623,1.00
585,623,1.00
581,624,1.00
582,624,1.00
583,624,1.00
584,624,1.00
585,624,1.00
586,624,1.00
587,624,1.00
588,624,1.00
581,625,1.00
582,625,1.00
583,625,1.00
584,625,1.00
585,625,1.00
586,625,1.00
587,625,1.00
588,625,1.00
581,626,0.99
582,626,1.00
583,626,1.00
584,626,1.00
585,626,1.00
586,626,1.00
587,626,1.00
588,626,1.00
581,627,0.75
582,627,0.99
583,627,1.00
584,627,1.00
585,627,1.00
586,627,1.00
587,627,1.00
588,627,0.99
586,612,0.85
587,612,0.60
588,612,0.30
589,612,0.30
590,612,0.30
591,612,0.30
592,612,0.30
593,612,0.30
594,612,0.60
595,612,1.00
596,612,1.00
594,609,0.60
595,609,1.00
596,609,1.00
597,609,1.00
598,609,1.00
599,609,1.00
600,609,1.00
601,609,1.00
602,609,0.90
603,609,0.90
604,609,0.60
594,610,0.60
595,610,0.90
596,610,1.00
597,610,1.00
598,610,1.00
599,610,1.00
600,610,1.00
601,610,1.00
602,610,1.00
603,610,0.90
604,610,0.60
594,611,0.60
595,611,0.90
596,611,1.00
597,611,1.00
598,611,1.00
599,611,1.00
600,611,1.00
601,611,1.00
602,611,1.00
603,611,1.00
604,611,0.60
597,612,1.00
598,612,1.00
599,612,1.00
600,612,1.00
601,612,1.00
602,612,1.00
603,612,1.00
604,612,1.00
597,613,1.00
598,613,1.00
599,613,1.00
600,613,1.00
601,613,1.00
602,613,1.00
603,613,1.00
604,613,1.00
597,614,1.00
598,614,1.00
599,614,1.00
600,614,1.00
601,614,1.00
602,614,1.00
603,614,1.00
604,614,1.00
597,615,1.00
598,615,1.00
599,615,1.00
600,615,1.00
601,615,1.00
602,615,1.00
603,615,1.00
604,615,1.00
597,616,1.00
598,616,1.00
599,616,1.00
600,616,1.00
601,616,1.00
602,616,1.00
603,616,1.00
604,616,1.00
597,617,1.00
598,617,1.00
599,617,1.00
600,617,1.00
601,617,1.00
602,617,1.00
603,617,1.00
604,617,1.00
597,618,0.75
598,618,0.99
599,618,1.00
600,618,1.00
601,618,1.00
602,618,1.00
603,618,1.00
604,618,1.00
597,619,0.60
598,619,0.60
599,619,0.60
600,619,0.90
601,619,1.00
602,619,1.00
603,619,1.00
604,619,1.00
605,609,0.30
605,610,0.30
605,611,0.30
605,612,0.60
605,613,0.88
605,614,1.00
605,615,1.00
605,616,1.00
605,617,1.00
605,618,1.00
605,619,1.00
589,624,1.00
590,624,0.75
589,625,0.88
589,626,0.55
589,627,0.45
581,628,0.30
582,628,0.51
583,628,0.69
584,628,0.81
585,628,0.86
586,628,0.81
587,628,0.69
588,628,0.51
589,628,0.30
581,629,0.30
582,629,0.30
583,629,0.45
584,629,0.55
585,629,0.58
586,629,0.55
587,629,0.45
588,629,0.30
589,629,0.30
581,630,0.30
582,630,0.30
583,630,0.30
584,630,0.30
585,630,0.30
586,630,0.30
587,630,0.30
588,630,0.30
589,630,0.60
526,654,0.30
527,654,0.30
528,654,0.30
529,654,0.30
530,654,0.30
531,654,0.30
532,654,0.30
533,654,0.30
534,654,0.30
535,654,0.30
536,654,0.30
526,655,0.30
527,655,0.30
528,655,0.30
529,655,0.45
530,655,0.55
531,655,0.58
532,655,0.55
533,655,0.45
534,655,0.30
535,655,0.30
536,655,0.30
526,656,0.30
527,656,0.30
528,656,0.51
529,656,0.69
530,656,0.81
531,656,0.86
532,656,0.81
533,656,0.69
534,656,0.51
535,656,0.30
536,656,0.30
526,657,0.30
527,657,0.45
528,657,0.69
529,657,0.91
530,657,1.00
531,657,1.00
532,657,1.00
533,657,0.91
534,657,0.69
535,657,0.45
536,657,0.30
531,658,1.00
532,658,1.00
531,659,1.00
532,659,1.00
531,660,1.00
532,660,1.00
486,678,1.00
487,678,1.00
488,678,1.00
489,678,1.00
490,678,1.00
491,678,1.00
492,678,1.00
493,678,1.00
494,678,1.00
495,678,0.60
496,678,0.30
486,679,1.00
487,679,1.00
488,679,1.00
486,680,1.00
487,680,1.00
488,680,1.00
486,681,1.00
487,681,1.00
488,681,1.00
486,682,1.00
487,682,1.00
488,682,1.00
486,683,1.00
487,683,1.00
488,683,1.00
486,684,1.00
487,684,1.00
488,684,1.00
486,685,1.00
487,685,1.00
488,685,1.00
486,686,1.00
487,686,1.00
488,686,1.00
486,687,1.00
487,687,1.00
488,687,1.00
486,688,1.00
487,688,1.00
488,688,1.00
485,686,1.00
485,687,1.00
485,688,1.00
485,689,1.00
485,690,1.00
485,691,1.00
485,692,0.60
485,693,0.30
485,694,0.30
485,695,0.30
485,696,0.30
485,675,1.00
486,675,1.00
487,675,1.00
488,675,1.00
489,675,1.00
490,675,1.00
491,675,1.00
492,675,1.00
493,675,1.00
494,675,1.00
495,675,0.81
485,676,1.00
486,676,1.00
487,676,1.00
488,676,1.00
489,676,1.00
490,676,1.00
491,676,1.00
492,676,1.00
493,676,1.00
494,676,1.00
495,676,0.60
485,677,1.00
486,677,1.00
487,677,1.00
488,677,1.00
489,677,1.00
490,677,1.00
491,677,1.00
492,677,1.00
493,677,1.00
494,677,0.90
495,677,0.60
485,678,1.00
485,679,1.00
485,680,1.00
485,681,1.00
485,682,1.00
485,683,1.00
485,684,1.00
485,685,1.00
509,654,1.00
510,654,1.00
511,654,1.00
512,654,1.00
513,654,1.00
514,654,1.00
515,654,1.00
516,654,1.00
517,654,1.00
518,654,1.00
519,654,1.00
509,655,1.00
510,655,1.00
511,655,1.00
512,655,1.00
513,655,1.00
514,655,1.00
515,655,1.00
516,655,1.00
517,655,1.00
518,655,1.00
519,655,1.00
509,656,1.00
510,656,1.00
511,656,1.00
512,656,1.00
513,656,1.00
514,656,1.00
515,656,1.00
516,656,1.00
517,656,1.00
518,656,1.00
519,656,1.00
509,657,1.00
510,657,1.00
511,657,1.00
512,657,1.00
513,657,1.00
514,657,1.00
515,657,1.00
516,657,1.00
517,657,1.00
518,657,1.00
519,657,1.00
509,658,1.00
510,658,1.00
511,658,1.00
512,658,1.00
513,658,1.00
514,658,1.00
515,658,1.00
516,658,1.00
517,658,1.00
518,658,0.85
519,658,0.60
509,659,1.00
510,659,1.00
511,659,1.00
512,659,1.00
513,659,1.00
514,659,1.00
515,659,1.00
516,659,1.00
517,659,1.00
518,659,0.58
519,659,0.30
509,660,1.00
510,660,1.00
511,660,1.00
512,660,1.00
513,660,1.00
514,660,1.00
515,660,1.00
516,660,1.00
517,660,1.00
518,660,0.55
519,660,0.30
509,661,1.00
510,661,1.00
511,661,1.00
512,661,1.00
513,661,1.00
514,661,1.00
515,661,1.00
516,661,1.00
517,661,0.99
518,661,0.45
519,661,0.30
509,662,0.60
510,662,0.30
511,662,0.51
512,662,0.69
513,662,0.81
514,662,0.86
515,662,0.81
516,662,0.69
517,662,0.51
518,662,0.30
519,662,0.30
509,663,0.60
510,663,0.30
511,663,0.30
512,663,0.45
513,663,0.55
514,663,0.58
515,663,0.55
516,663,0.45
517,663,0.30
518,663,0.30
519,663,0.30
509,664,0.60
510,664,0.30
511,664,0.30
512,664,0.30
513,664,0.30
514,664,0.30
515,664,0.30
516,664,0.30
517,664,0.30
518,664,0.30
519,664,0.30
534,633,0.30
535,633,0.30
536,633,0.30
537,633,0.60
538,633,1.00
539,633,1.00
540,633,1.00
541,633,1.00
542,633,1.00
543,633,1.00
544,633,1.00
534,634,0.30
535,634,0.30
536,634,0.30
537,634,0.75
538,634,1.00
539,634,1.00
540,634,1.00
541,634,1.00
542,634,1.00
543,634,1.00
544,634,1.00
534,635,0.30
535,635,0.30
536,635,0.51
537,635,0.99
538,635,1.00
539,635,1.00
540,635,1.00
541,635,1.00
542,635,1.00
543,635,1.00
544,635,1.00
534,636,0.30
535,636,0.45
536,636,0.69
537,636,1.00
538,636,1.00
539,636,1.00
540,636,1.00
541,636,1.00
542,636,1.00
543,636,1.00
544,636,1.00
534,637,0.30
535,637,0.55
536,637,0.81
537,637,1.00
538,637,1.00
539,637,1.00
540,637,1.00
541,637,1.00
542,637,1.00
543,637,1.00
544,637,1.00
534,638,0.30
535,638,0.58
536,638,0.86
537,638,1.00
538,638,1.00
539,638,1.00
540,638,1.00
541,638,1.00
542,638,1.00
543,638,1.00
544,638,1.00
534,639,0.30
535,639,0.55
536,639,0.81
537,639,1.00
538,639,1.00
534,640,0.30
535,640,0.45
536,640,0.69
537,640,0.91
538,640,1.00
534,641,0.30
535,641,0.30
536,641,0.51
537,641,0.69
538,641,0.81
534,642,0.30
535,642,0.30
536,642,0.30
537,642,0.45
538,642,0.55
534,643,0.30
535,643,0.30
536,643,0.30
537,643,0.30
538,643,0.30
548,621,0.30
549,621,0.30
550,621,0.30
551,621,0.90
552,621,1.00
553,621,1.00
554,621,1.00
555,621,1.00
556,621,1.00
557,621,1.00
558,621,1.00
548,622,0.30
549,622,0.30
550,622,0.30
551,622,1.00
552,622,1.00
553,622,1.00
554,622,1.00
555,622,1.00
556,622,1.00
557,622,1.00
558,622,1.00
548,623,0.30
549,623,0.60
550,623,0.81
551,623,1.00
552,623,1.00
553,623,1.00
554,623,1.00
555,623,1.00
556,623,1.00
557,623,1.00
558,623,1.00
548,624,0.30
549,624,0.75
550,624,0.99
551,624,1.00
552,624,1.00
553,624,1.00
554,624,1.00
555,624,1.00
556,624,1.00
557,624,1.00
558,624,1.00
548,625,0.30
549,625,0.85
550,625,1.00
551,625,1.00
552,625,1.00
553,625,1.00
554,625,1.00
555,625,1.00
556,625,1.00
557,625,1.00
558,625,1.00
548,626,0.30
549,626,0.88
550,626,1.00
551,626,1.00
552,626,1.00
553,626,1.00
554,626,1.00
555,626,1.00
556,626,1.00
557,626,1.00
558,626,1.00
548,627,0.60
549,627,0.85
550,627,1.00
551,627,1.00
552,627,1.00
553,627,1.00
554,627,1.00
555,627,1.00
556,627,1.00
557,627,1.00
558,627,1.00
548,628,0.60
549,628,0.75
550,628,1.00
551,628,1.00
552,628,1.00
553,628,1.00
554,628,1.00
555,628,1.00
556,628,1.00
557,628,1.00
558,628,1.00
548,629,0.90
549,629,0.60
550,629,1.00
551,629,1.00
552,629,1.00
553,629,1.00
554,629,1.00
555,629,1.00
556,629,1.00
557,629,1.00
558,629,0.85
548,630,0.90
549,630,0.60
550,630,0.75
551,630,1.00
552,630,1.00
553,630,1.00
554,630,1.00
555,630,1.00
556,630,1.00
557,630,0.99
548,631,0.90
549,631,0.60
550,631,0.60
551,631,0.81
552,631,0.99
553,631,1.00
554,631,1.00
555,631,1.00
556,631,0.99
557,631,0.81
551,618,0.60
552,618,0.60
553,618,0.60
554,618,0.60
555,618,0.60
556,618,0.60
557,618,0.60
558,618,0.60
559,618,0.60
560,618,0.60
561,618,0.60
551,619,0.60
552,619,0.60
553,619,0.60
554,619,0.90
555,619,1.00
556,619,1.00
557,619,1.00
558,619,0.90
559,619,0.60
560,619,0.60
561,619,0.60
551,620,0.60
552,620,0.60
553,620,1.00
554,620,1.00
555,620,1.00
556,620,1.00
557,620,1.00
558,620,1.00
538,627,0.30
539,627,0.30
540,627,0.30
541,627,0.30
542,627,0.30
543,627,0.30
544,627,0.30
545,627,0.30
546,627,0.30
547,627,0.30
538,628,0.30
539,628,0.30
540,628,0.30
541,628,0.45
542,628,0.55
543,628,0.58
544,628,0.55
545,628,0.45
546,628,0.30
547,628,0.30
538,629,0.90
539,629,0.90
540,629,1.00
541,629,1.00
542,629,1.00
543,629,1.00
544,629,1.00
545,629,1.00
546,629,1.00
547,629,0.90
538,630,0.90
539,630,1.00
540,630,1.00
541,630,1.00
542,630,1.00
543,630,1.00
544,630,1.00
545,630,1.00
546,630,1.00
547,630,1.00
538,631,0.90
539,631,1.00
540,631,1.00
541,631,1.00
542,631,1.00
543,631,1.00
544,631,1.00
545,631,1.00
546,631,1.00
547,631,1.00
538,632,1.00
539,632,1.00
540,632,1.00
541,632,1.00
542,632,1.00
543,632,1.00
544,632,1.00
545,632,1.00
546,632,1.00
547,632,1.00
548,632,0.60
545,633,1.00
546,633,1.00
547,633,1.00
548,633,0.60
545,634,1.00
546,634,1.00
547,634,1.00
548,634,0.60
545,635,1.00
546,635,1.00
547,635,1.00
548,635,0.60
545,636,1.00
546,636,1.00
547,636,1.00
548,636,0.60
545,637,1.00
546,637,1.00
547,637,0.90
548,637,0.60
506,651,0.30
507,651,0.60
508,651,0.60
509,651,0.60
510,651,0.60
511,651,0.60
512,651,0.60
513,651,0.90
514,651,1.00
515,651,1.00
516,651,1.00
506,652,0.30
507,652,0.60
508,652,0.60
509,652,0.75
510,652,0.99
511,652,1.00
512,652,1.00
513,652,1.00
514,652,1.00
515,652,1.00
516,652,1.00
506,653,0.30
507,653,0.60
508,653,0.81
509,653,1.00
510,653,1.00
511,653,1.00
512,653,1.00
513,653,1.00
514,653,1.00
515,653,1.00
516,653,1.00
506,654,0.30
507,654,0.75
508,654,1.00
506,655,0.30
507,655,0.85
508,655,1.00
506,656,0.60
507,656,1.00
508,656,1.00
506,657,0.60
507,657,1.00
508,657,1.00
506,658,0.81
507,658,1.00
508,658,1.00
506,659,1.00
507,659,1.00
508,659,1.00
506,660,1.00
507,660,1.00
508,660,1.00
506,661,1.00
507,661,1.00
508,661,1.00
484,671,1.00
485,671,0.90
486,671,0.60
487,671,0.90
488,671,1.00
489,671,1.00
490,671,1.00
491,671,1.00
492,671,1.00
493,671,1.00
494,671,1.00
484,672,1.00
485,672,1.00
486,672,0.85
487,672,1.00
488,672,1.00
489,672,1.00
490,672,1.00
491,672,1.00
492,672,1.00
493,672,1.00
494,672,1.00
484,673,1.00
485,673,1.00
486,673,1.00
487,673,1.00
488,673,1.00
489,673,1.00
490,673,1.00
491,673,1.00
492,673,1.00
493,673,1.00
494,673,1.00
484,674,1.00
485,674,1.00
486,674,1.00
487,674,1.00
488,674,1.00
489,674,1.00
490,674,1.00
491,674,1.00
492,674,1.00
493,674,1.00
494,674,1.00
484,675,1.00
484,676,1.00
484,677,1.00
484,678,1.00
484,679,1.00
479,676,1.00
480,676,1.00
481,676,1.00
482,676,1.00
483,676,1.00
479,677,1.00
480,677,1.00
481,677,1.00
482,677,1.00
483,677,1.00
479,678,1.00
480,678,1.00
481,678,1.00
482,678,1.00
483,678,1.00
479,679,1.00
480,679,1.00
481,679,1.00
482,679,1.00
483,679,1.00
482,671,1.00
483,671,0.99
482,672,1.00
483,672,1.00
482,673,1.00
483,673,1.00
482,674,1.00
483,674,1.00
482,675,1.00
483,675,1.00
498,656,1.00
499,656,1.00
500,656,1.00
501,656,0.99
502,656,0.75
503,656,0.60
504,656,0.30
505,656,0.30
498,657,1.00
499,657,1.00
500,657,0.99
501,657,0.96
502,657,0.85
503,657,0.88
504,657,0.55
505,657,0.45
498,658,0.88
499,658,0.85
500,658,0.96
501,658,0.99
502,658,1.00
503,658,1.00
504,658,0.81
505,658,0.69
498,659,0.60
499,659,1.00
500,659,1.00
501,659,1.00
502,659,1.00
503,659,1.00
504,659,1.00
505,659,1.00
498,660,0.30
499,660,0.85
500,660,1.00
501,660,1.00
502,660,1.00
503,660,1.00
504,660,1.00
505,660,1.00
498,661,0.30
499,661,0.88
500,661,1.00
501,661,1.00
502,661,1.00
503,661,1.00
504,661,1.00
505,661,1.00
498,662,0.30
499,662,0.85
500,662,1.00
501,662,1.00
502,662,1.00
503,662,1.00
504,662,1.00
505,662,1.00
506,662,1.00
507,662,1.00
508,662,0.75
498,663,0.60
499,663,1.00
500,663,1.00
501,663,1.00
502,663,1.00
503,663,1.00
504,663,1.00
505,663,1.00
506,663,1.00
507,663,1.00
508,663,0.85
498,664,0.88
499,664,1.00
500,664,1.00
501,664,1.00
502,664,1.00
503,664,1.00
504,664,1.00
505,664,1.00
506,664,1.00
507,664,1.00
508,664,0.88
498,665,1.00
499,665,1.00
500,665,1.00
501,665,1.00
502,665,1.00
503,665,1.00
504,665,1.00
505,665,1.00
506,665,1.00
507,665,1.00
508,665,1.00
498,666,1.00
499,666,1.00
500,666,1.00
501,666,1.00
502,666,1.00
503,666,1.00
504,666,1.00
505,666,1.00
506,666,1.00
507,666,1.00
508,666,1.00
514,643,0.90
515,643,0.90
516,643,0.90
517,643,0.90
518,643,0.90
519,643,0.90
520,643,0.85
521,643,1.00
522,643,1.00
523,643,1.00
524,643,1.00
514,644,0.30
515,644,0.30
516,644,0.30
517,644,0.45
518,644,0.55
519,644,0.88
520,644,1.00
521,644,1.00
522,644,1.00
523,644,1.00
524,644,1.00
514,645,0.30
515,645,0.30
516,645,0.51
517,645,0.69
518,645,0.81
519,645,1.00
520,645,1.00
521,645,1.00
522,645,1.00
523,645,1.00
524,645,1.00
514,646,0.30
515,646,0.45
516,646,0.69
517,646,0.91
518,646,1.00
519,646,1.00
520,646,1.00
521,646,1.00
522,646,1.00
523,646,1.00
524,646,1.00
514,647,0.90
515,647,1.00
516,647,1.00
517,647,1.00
518,647,1.00
519,647,1.00
520,647,1.00
521,647,1.00
522,647,1.00
523,647,1.00
524,647,1.00
514,648,1.00
515,648,1.00
516,648,1.00
517,648,1.00
518,648,1.00
519,648,1.00
520,648,1.00
521,648,1.00
522,648,1.00
523,648,1.00
524,648,1.00
514,649,1.00
515,649,1.00
516,649,1.00
517,649,1.00
518,649,1.00
519,649,1.00
520,649,1.00
521,649,1.00
522,649,1.00
523,649,1.00
524,649,1.00
514,650,1.00
515,650,1.00
516,650,1.00
517,650,1.00
518,650,1.00
519,650,1.00
520,650,1.00
521,650,1.00
522,650,1.00
523,650,1.00
524,650,0.90
517,651,1.00
518,651,1.00
519,651,1.00
520,651,1.00
521,651,1.00
522,651,1.00
523,651,1.00
524,651,0.90
517,652,1.00
518,652,1.00
519,652,1.00
520,652,1.00
521,652,1.00
522,652,1.00
523,652,1.00
524,652,0.90
517,653,1.00
518,653,1.00
519,653,1.00
520,653,1.00
521,653,1.00
522,653,1.00
523,653,1.00
524,653,0.90
521,637,1.00
522,637,1.00
523,637,1.00
524,637,1.00
525,637,1.00
526,637,0.90
527,637,0.60
528,637,0.60
529,637,0.60
530,637,0.60
531,637,0.60
521,638,1.00
522,638,1.00
523,638,1.00
524,638,1.00
525,638,1.00
526,638,1.00
527,638,1.00
528,638,0.90
529,638,0.60
530,638,0.60
531,638,0.60
521,639,0.90
522,639,0.90
523,639,1.00
524,639,1.00
525,639,1.00
526,639,1.00
527,639,1.00
528,639,1.00
529,639,1.00
530,639,0.60
531,639,0.60
521,640,0.90
522,640,1.00
523,640,1.00
524,640,1.00
525,640,1.00
526,640,1.00
527,640,1.00
528,640,1.00
529,640,1.00
530,640,0.90
531,640,0.60
521,641,1.00
522,641,1.00
523,641,1.00
524,641,1.00
525,641,1.00
526,641,1.00
527,641,1.00
528,641,1.00
529,641,1.00
530,641,1.00
531,641,0.60
521,642,1.00
522,642,1.00
523,642,1.00
524,642,1.00
525,642,1.00
526,642,1.00
527,642,1.00
528,642,1.00
529,642,1.00
530,642,1.00
531,642,0.60
525,643,1.00
526,643,1.00
527,643,1.00
528,643,1.00
529,643,1.00
530,643,1.00
531,643,0.60
525,644,1.00
526,644,1.00
527,644,1.00
528,644,1.00
529,644,1.00
530,644,0.90
531,644,0.60
525,645,1.00
526,645,1.00
527,645,1.00
528,645,1.00
529,645,1.00
530,645,0.60
531,645,0.60
525,646,1.00
526,646,1.00
527,646,1.00
528,646,1.00
529,646,0.90
530,646,0.60
531,646,0.60
525,647,1.00
526,647,1.00
527,647,1.00
528,647,0.90
529,647,0.90
530,647,0.60
531,647,0.60
519,639,0.60
520,639,0.30
519,640,0.60
520,640,0.30
519,641,0.60
520,641,0.30
519,642,0.60
520,642,0.45
525,648,0.55
526,648,0.45
527,648,0.30
528,648,0.30
529,648,0.30
525,649,0.30
526,649,0.30
527,649,0.30
528,649,0.30
529,649,0.30
509,665,0.60
509,666,0.75
499,667,1.00
500,667,1.00
501,667,1.00
502,667,1.00
503,667,1.00
504,667,0.86
505,667,0.81
506,667,0.99
507,667,0.81
508,667,0.81
509,667,0.99
499,668,1.00
500,668,1.00
501,668,1.00
502,668,1.00
503,668,0.85
504,668,0.58
505,668,0.55
506,668,0.75
507,668,0.75
508,668,0.99
509,668,1.00
499,669,1.00
500,669,1.00
501,669,1.00
502,669,0.85
503,669,0.60
504,669,0.30
505,669,0.30
506,669,0.60
507,669,0.85
508,669,1.00
509,669,1.00
486,689,1.00
487,689,1.00
488,689,1.00
486,690,1.00
487,690,1.00
488,690,0.90
486,691,1.00
487,691,0.90
488,691,0.90
486,692,0.30
487,692,0.30
488,692,0.30
487,667,0.30
488,667,0.30
489,667,0.30
490,667,0.30
491,667,0.30
492,667,0.30
493,667,0.60
494,667,0.85
495,667,1.00
496,667,1.00
497,667,1.00
487,668,0.30
488,668,0.30
489,668,0.30
490,668,0.45
491,668,0.55
492,668,0.58
493,668,0.85
494,668,1.00
495,668,1.00
496,668,1.00
497,668,1.00
487,669,0.30
488,669,0.30
489,669,0.51
490,669,0.69
491,669,0.81
492,669,0.86
493,669,1.00
494,669,1.00
495,669,1.00
496,669,1.00
497,669,1.00
487,670,0.30
488,670,0.45
489,670,0.69
490,670,0.91
491,670,1.00
492,670,1.00
493,670,1.00
494,670,1.00
495,670,1.00
496,670,1.00
497,670,1.00
495,671,1.00
496,671,1.00
497,671,1.00
495,672,1.00
496,672,1.00
497,672,0.85
495,673,1.00
496,673,0.85
497,673,0.60
495,674,0.69
496,674,0.45
497,674,0.30
496,675,0.30
497,675,0.30
496,676,0.30
497,676,0.30
496,677,0.30
497,677,0.30
508,633,0.60
509,633,0.60
510,633,0.60
511,633,0.60
512,633,0.60
513,633,0.60
514,633,0.60
515,633,0.90
516,633,1.00
517,633,1.00
518,633,1.00
508,634,0.60
509,634,0.60
510,634,0.60
511,634,0.75
512,634,0.99
513,634,1.00
514,634,1.00
515,634,1.00
516,634,1.00
517,634,1.00
518,634,1.00
508,635,0.60
509,635,0.60
510,635,0.81
511,635,1.00
512,635,1.00
513,635,1.00
514,635,1.00
515,635,1.00
516,635,1.00
517,635,1.00
518,635,1.00
508,636,0.30
509,636,0.75
510,636,1.00
511,636,1.00
512,636,1.00
513,636,1.00
514,636,1.00
515,636,1.00
516,636,1.00
517,636,1.00
518,636,1.00
508,637,0.30
509,637,0.85
510,637,1.00
511,637,1.00
512,637,1.00
513,637,1.00
514,637,1.00
515,637,1.00
516,637,1.00
517,637,1.00
518,637,1.00
508,638,0.30
509,638,0.88
510,638,1.00
511,638,1.00
512,638,1.00
513,638,1.00
514,638,1.00
515,638,1.00
516,638,1.00
517,638,1.00
518,638,1.00
508,639,0.30
509,639,0.85
510,639,1.00
511,639,1.00
512,639,1.00
513,639,1.00
514,639,1.00
515,639,1.00
516,639,1.00
517,639,1.00
518,639,0.85
508,640,0.30
509,640,0.75
510,640,1.00
511,640,1.00
512,640,1.00
513,640,1.00
514,640,1.00
515,640,1.00
516,640,1.00
517,640,1.00
518,640,0.75
508,641,0.30
509,641,0.60
510,641,0.81
511,641,1.00
512,641,1.00
513,641,1.00
514,641,1.00
515,641,1.00
516,641,1.00
517,641,0.81
518,641,0.60
508,642,0.30
509,642,0.60
510,642,0.60
511,642,0.75
512,642,0.99
513,642,1.00
514,642,1.00
515,642,0.99
516,642,0.75
517,642,0.60
518,642,0.60
508,643,0.30
509,643,0.60
510,643,0.60
511,643,0.60
512,643,0.60
513,643,0.60
519,633,1.00
519,634,1.00
519,635,1.00
519,636,1.00
519,637,1.00
519,638,0.90
493,649,1.00
494,649,1.00
495,649,0.99
496,649,0.75
497,649,0.60
498,649,0.30
499,649,0.30
500,649,0.30
501,649,0.30
502,649,0.30
503,649,0.30
493,650,1.00
494,650,1.00
495,650,1.00
496,650,0.99
497,650,0.85
498,650,0.58
499,650,0.55
500,650,0.45
501,650,0.30
502,650,0.30
503,650,0.30
493,651,1.00
494,651,1.00
495,651,1.00
496,651,1.00
497,651,1.00
498,651,0.86
499,651,0.81
500,651,0.69
501,651,0.51
502,651,0.30
503,651,0.30
493,652,1.00
494,652,1.00
495,652,1.00
496,652,1.00
497,652,1.00
498,652,1.00
499,652,1.00
500,652,0.91
501,652,0.69
502,652,0.45
503,652,0.30
493,653,1.00
494,653,1.00
495,653,1.00
496,653,1.00
497,653,1.00
498,653,1.00
499,653,1.00
500,653,1.00
501,653,0.81
502,653,0.55
503,653,0.30
493,654,1.00
494,654,1.00
495,654,1.00
496,654,1.00
497,654,1.00
498,654,1.00
499,654,1.00
500,654,1.00
501,654,0.86
502,654,0.58
503,654,0.30
493,655,1.00
494,655,0.99
495,655,1.00
496,655,1.00
497,655,1.00
498,655,1.00
499,655,1.00
500,655,1.00
501,655,0.81
502,655,0.55
503,655,0.30
493,656,0.90
494,656,0.75
495,656,0.99
496,656,1.00
497,656,1.00
493,657,0.60
494,657,0.30
495,657,0.51
496,657,0.69
497,657,0.81
493,658,0.60
494,658,0.30
495,658,0.30
496,658,0.45
497,658,0.55
493,659,0.60
494,659,0.30
495,659,0.30
496,659,0.30
497,659,0.30
475,668,0.30
476,668,0.30
477,668,0.30
478,668,0.30
479,668,0.30
480,668,0.30
481,668,0.30
482,668,0.30
483,668,0.30
484,668,0.30
485,668,0.30
475,669,0.30
476,669,0.30
477,669,0.30
478,669,0.45
479,669,0.55
480,669,0.58
481,669,0.55
482,669,0.45
483,669,0.30
484,669,0.30
485,669,0.30
475,670,0.60
476,670,0.60
477,670,0.81
478,670,0.99
479,670,1.00
480,670,1.00
481,670,1.00
482,670,0.99
483,670,0.51
484,670,0.30
485,670,0.30
475,671,0.75
476,671,0.99
477,671,1.00
478,671,1.00
479,671,1.00
480,671,1.00
481,671,1.00
475,672,1.00
476,672,1.00
477,672,1.00
478,672,1.00
479,672,1.00
480,672,1.00
481,672,1.00
475,673,1.00
476,673,1.00
477,673,1.00
478,673,1.00
479,673,1.00
480,673,1.00
481,673,1.00
475,674,1.00
476,674,1.00
477,674,1.00
478,674,1.00
479,674,1.00
480,674,1.00
481,674,1.00
475,675,1.00
476,675,1.00
477,675,1.00
478,675,1.00
479,675,1.00
480,675,1.00
481,675,1.00
475,676,1.00
476,676,1.00
477,676,1.00
478,676,1.00
475,677,1.00
476,677,1.00
477,677,1.00
478,677,1.00
475,678,1.00
476,678,1.00
477,678,1.00
478,678,1.00
472,672,0.60
473,672,0.60
474,672,0.81
472,673,0.90
473,673,1.00
474,673,1.00
472,674,1.00
473,674,1.00
474,674,1.00
472,675,1.00
473,675,1.00
474,675,1.00
472,676,1.00
473,676,1.00
474,676,1.00
472,677,1.00
473,677,1.00
474,677,1.00
472,678,1.00
473,678,1.00
474,678,1.00
472,679,1.00
473,679,1.00
474,679,1.00
475,679,1.00
476,679,1.00
477,679,1.00
478,679,1.00
472,670,0.30
473,670,0.30
474,670,0.30
472,671,0.30
473,671,0.30
474,671,0.30
483,653,0.30
484,653,0.30
485,653,0.30
486,653,0.30
487,653,0.60
488,653,0.75
489,653,0.99
490,653,1.00
491,653,1.00
492,653,1.00
483,654,0.30
484,654,0.30
485,654,0.30
486,654,0.45
487,654,0.85
488,654,0.88
489,654,1.00
490,654,1.00
491,654,1.00
492,654,1.00
483,655,0.60
484,655,0.60
485,655,0.81
486,655,0.99
487,655,1.00
488,655,1.00
489,655,1.00
490,655,1.00
491,655,1.00
492,655,0.88
483,656,0.85
484,656,1.00
485,656,1.00
486,656,1.00
487,656,1.00
488,656,1.00
489,656,1.00
490,656,1.00
491,656,0.99
492,656,0.75
483,657,1.00
484,657,1.00
485,657,1.00
486,657,1.00
487,657,1.00
488,657,1.00
489,657,1.00
490,657,1.00
491,657,0.81
492,657,0.55
483,658,1.00
484,658,1.00
485,658,1.00
486,658,1.00
487,658,1.00
488,658,1.00
489,658,1.00
490,658,1.00
491,658,0.86
492,658,0.58
483,659,1.00
484,659,1.00
485,659,1.00
486,659,1.00
487,659,1.00
488,659,1.00
489,659,1.00
490,659,1.00
491,659,0.81
492,659,0.55
483,660,1.00
484,660,1.00
485,660,1.00
486,660,1.00
487,660,1.00
488,660,1.00
489,660,1.00
490,660,0.91
491,660,0.69
492,660,0.45
493,660,0.30
483,661,1.00
484,661,1.00
485,661,1.00
486,661,1.00
487,661,1.00
488,661,1.00
489,661,1.00
490,661,0.69
491,661,0.51
492,661,0.30
493,661,0.30
483,662,1.00
484,662,1.00
485,662,1.00
486,662,1.00
487,662,1.00
488,662,1.00
489,662,0.85
490,662,0.45
491,662,0.30
492,662,0.30
493,662,0.30
483,663,1.00
484,663,1.00
485,663,1.00
486,663,0.99
487,663,0.81
488,663,0.60
489,663,0.60
490,663,0.30
491,663,0.30
492,663,0.30
493,663,0.60
487,646,0.30
488,646,0.30
489,646,0.30
490,646,0.30
491,646,0.30
492,646,0.30
493,646,0.30
494,646,0.30
495,646,0.30
496,646,0.30
497,646,0.30
487,647,0.30
488,647,0.30
489,647,0.30
490,647,0.45
491,647,0.55
492,647,0.58
493,647,0.55
494,647,0.45
495,647,0.30
496,647,0.30
497,647,0.30
487,648,0.30
488,648,0.30
489,648,0.51
490,648,0.69
491,648,0.81
492,648,0.86
493,648,0.81
494,648,0.69
495,648,0.51
496,648,0.30
497,648,0.30
487,649,0.30
488,649,0.45
489,649,0.69
490,649,0.91
491,649,1.00
492,649,1.00
487,650,0.30
488,650,0.55
489,650,0.81
490,650,1.00
491,650,1.00
492,650,1.00
487,651,0.30
488,651,0.58
489,651,0.86
490,651,1.00
491,651,1.00
492,651,1.00
487,652,0.30
488,652,0.55
489,652,0.81
490,652,1.00
491,652,1.00
492,652,1.00
495,631,1.00
496,631,1.00
497,631,1.00
498,631,1.00
499,631,1.00
500,631,1.00
501,631,1.00
502,631,1.00
503,631,1.00
504,631,1.00
505,631,1.00
495,632,1.00
496,632,1.00
497,632,1.00
498,632,1.00
499,632,1.00
500,632,1.00
501,632,1.00
502,632,1.00
503,632,1.00
504,632,1.00
505,632,1.00
495,633,1.00
496,633,1.00
497,633,1.00
498,633,1.00
499,633,1.00
500,633,1.00
501,633,1.00
502,633,1.00
503,633,1.00
504,633,1.00
505,633,1.00
495,634,0.90
496,634,1.00
497,634,1.00
498,634,1.00
499,634,1.00
500,634,1.00
501,634,1.00
502,634,1.00
503,634,1.00
504,634,1.00
505,634,1.00
495,635,0.30
496,635,0.85
497,635,1.00
498,635,1.00
499,635,1.00
500,635,1.00
501,635,1.00
502,635,1.00
503,635,1.00
504,635,1.00
505,635,1.00
495,636,0.30
496,636,0.88
497,636,1.00
498,636,1.00
499,636,1.00
500,636,1.00
501,636,1.00
502,636,1.00
503,636,1.00
504,636,1.00
505,636,0.75
495,637,0.30
496,637,0.85
497,637,1.00
498,637,1.00
499,637,1.00
500,637,1.00
501,637,1.00
502,637,1.00
503,637,1.00
504,637,1.00
505,637,0.60
495,638,0.30
496,638,0.75
497,638,0.99
498,638,1.00
499,638,1.00
500,638,1.00
501,638,1.00
502,638,1.00
503,638,1.00
504,638,0.75
505,638,0.60
495,639,0.30
496,639,0.60
497,639,0.81
498,639,0.99
499,639,1.00
500,639,1.00
501,639,1.00
502,639,0.99
503,639,0.81
504,639,0.60
505,639,0.60
495,640,0.30
496,640,0.30
497,640,0.30
498,640,0.45
499,640,0.55
500,640,0.58
501,640,0.55
502,640,0.45
503,640,0.30
504,640,0.30
505,640,0.30
495,641,0.30
496,641,0.30
497,641,0.30
498,641,0.30
499,641,0.30
500,641,0.30
501,641,0.30
502,641,0.30
503,641,0.30
504,641,0.30
505,641,0.30
498,625,1.00
499,625,1.00
500,625,1.00
501,625,1.00
502,625,1.00
503,625,0.88
504,625,0.60
505,625,0.30
506,625,0.30
507,625,0.30
508,625,0.30
498,626,1.00
499,626,1.00
500,626,1.00
501,626,1.00
502,626,1.00
503,626,1.00
504,626,0.85
505,626,0.45
506,626,0.30
507,626,0.30
508,626,0.30
498,627,1.00
499,627,1.00
500,627,1.00
501,627,1.00
502,627,1.00
503,627,1.00
504,627,1.00
505,627,0.69
506,627,0.51
507,627,0.30
508,627,0.30
498,628,1.00
499,628,1.00
500,628,1.00
501,628,1.00
502,628,1.00
503,628,1.00
504,628,1.00
505,628,0.91
506,628,0.69
507,628,0.45
508,628,0.30
498,629,1.00
499,629,1.00
500,629,1.00
501,629,1.00
502,629,1.00
503,629,1.00
504,629,1.00
505,629,1.00
506,629,1.00
507,629,0.55
508,629,0.30
498,630,1.00
499,630,1.00
500,630,1.00
501,630,1.00
502,630,1.00
503,630,1.00
504,630,1.00
505,630,1.00
506,630,1.00
507,630,0.58
508,630,0.30
506,631,1.00
507,631,0.55
508,631,0.30
506,632,0.99
507,632,0.45
508,632,0.30
506,633,0.81
507,633,0.30
506,634,0.60
507,634,0.30
506,635,0.60
507,635,0.30
496,629,1.00
497,629,1.00
496,630,1.00
497,630,1.00
506,636,0.30
506,637,0.30
506,638,0.30
506,639,0.30
479,655,0.30
480,655,0.30
481,655,0.30
482,655,0.30
479,656,0.30
480,656,0.30
481,656,0.30
482,656,0.45
479,657,0.30
480,657,0.30
481,657,0.51
482,657,0.69
479,658,0.30
480,658,0.45
481,658,0.69
482,658,0.91
479,659,0.30
480,659,0.55
481,659,0.81
482,659,1.00
479,660,0.30
480,660,0.58
481,660,0.86
482,660,1.00
479,661,0.30
480,661,0.55
481,661,0.81
482,661,1.00
479,662,0.30
480,662,0.45
481,662,0.69
482,662,0.91
479,663,0.30
480,663,0.30
481,663,0.51
482,663,0.69
479,664,0.30
480,664,0.30
481,664,0.30
482,664,0.45
483,664,0.55
484,664,0.58
485,664,0.55
486,664,0.45
487,664,0.30
488,664,0.30
489,664,0.30
479,665,0.30
480,665,0.30
481,665,0.30
482,665,0.30
483,665,0.30
484,665,0.30
485,665,0.30
486,665,0.30
487,665,0.30
488,665,0.30
489,665,0.30
469,673,0.30
470,673,0.30
471,673,0.30
469,674,0.30
470,674,0.30
471,674,0.30
469,675,0.30
470,675,0.30
471,675,0.51
469,676,0.30
470,676,0.45
471,676,0.69
469,677,0.30
470,677,0.55
471,677,0.81
469,678,0.90
470,678,1.00
471,678,1.00
469,679,0.90
470,679,1.00
471,679,1.00
468,678,0.30
468,679,0.30
494,663,0.30
495,663,0.30
496,663,0.30
497,663,0.30
493,664,0.30
494,664,0.30
495,664,0.30
496,664,0.45
497,664,0.55
493,665,0.30
494,665,0.30
495,665,0.51
496,665,0.69
497,665,0.81
493,666,0.30
494,666,0.45
495,666,0.69
496,666,0.91
497,666,1.00
498,667,1.00
498,668,1.00
498,669,1.00
498,670,1.00
499,670,1.00
500,670,0.91
501,670,0.69
502,670,0.45
503,670,0.30
498,671,0.86
499,671,0.81
500,671,0.69
501,671,0.51
502,671,0.30
503,671,0.30
498,672,0.58
499,672,0.55
500,672,0.45
501,672,0.30
502,672,0.30
503,672,0.30
498,673,0.30
499,673,0.30
500,673,0.30
501,673,0.30
502,673,0.30
503,673,0.30
513,647,0.30
513,648,0.30
513,649,0.30
513,650,0.30
520,654,1.00
521,654,1.00
522,654,1.00
523,654,1.00
520,655,1.00
521,655,1.00
522,655,1.00
523,655,1.00
520,656,1.00
521,656,1.00
522,656,1.00
523,656,0.90
520,657,1.00
521,657,1.00
522,657,0.90
523,657,0.90
524,654,0.60
524,655,0.60
524,656,0.60
524,657,0.60
510,665,0.30
511,665,0.30
512,665,0.30
513,665,0.30
514,665,0.30
510,666,0.55
511,666,0.58
512,666,0.55
513,666,0.45
514,666,0.30
510,667,0.81
511,667,0.86
512,667,0.81
513,667,0.69
514,667,0.51
510,668,1.00
511,668,1.00
512,668,1.00
513,668,0.91
514,668,0.69
510,669,1.00
511,669,1.00
512,669,1.00
513,669,1.00
514,669,0.81
506,670,0.30
507,670,0.58
508,670,0.86
509,670,1.00
510,670,1.00
511,670,1.00
512,670,1.00
513,670,1.00
514,670,0.86
506,671,0.30
507,671,0.55
508,671,0.81
509,671,1.00
510,671,1.00
511,671,1.00
512,671,1.00
513,671,1.00
514,671,0.81
506,672,0.30
507,672,0.45
508,672,0.69
509,672,0.91
510,672,1.00
511,672,1.00
512,672,1.00
513,672,0.91
514,672,0.69
506,673,0.30
507,673,0.30
508,673,0.51
509,673,0.69
510,673,0.81
511,673,0.86
512,673,0.81
513,673,0.69
514,673,0.51
506,674,0.30
507,674,0.30
508,674,0.30
509,674,0.45
510,674,0.55
511,674,0.58
512,674,0.55
513,674,0.45
514,674,0.30
506,675,0.30
507,675,0.30
508,675,0.30
509,675,0.30
510,675,0.30
511,675,0.30
512,675,0.30
513,675,0.30
514,675,0.30
499,677,0.30
500,677,0.30
501,677,0.30
502,677,0.30
503,677,0.30
504,677,0.30
505,677,0.30
506,677,0.30
507,677,0.30
499,678,0.30
500,678,0.60
501,678,0.60
502,678,0.75
503,678,0.85
504,678,0.88
505,678,0.85
506,678,0.75
507,678,0.60
500,679,0.60
501,679,0.81
502,679,0.99
503,679,1.00
504,679,1.00
505,679,1.00
506,679,1.00
507,679,0.96
508,688,0.30
509,688,0.30
510,688,0.30
533,669,1.00
534,669,0.81
535,669,0.55
536,669,0.30
533,670,0.91
534,670,0.69
535,670,0.45
536,670,0.30
534,671,0.51
535,671,0.30
536,671,0.30
534,672,0.30
535,672,0.30
536,672,0.30
534,673,0.30
535,673,0.30
536,673,0.30
553,653,0.30
554,653,0.30
555,653,0.30
553,654,0.51
554,654,0.30
555,654,0.30
553,655,0.69
554,655,0.45
555,655,0.30
553,656,0.81
554,656,0.55
555,656,0.30
553,657,0.86
554,657,0.58
555,657,0.30
545,658,0.30
546,658,0.55
547,658,0.81
548,658,1.00
549,658,1.00
550,658,1.00
551,658,1.00
552,658,1.00
553,658,0.81
554,658,0.55
555,658,0.30
545,659,0.30
546,659,0.45
547,659,0.69
548,659,0.91
549,659,1.00
550,659,1.00
551,659,1.00
552,659,0.91
553,659,0.69
554,659,0.45
555,659,0.30
545,660,0.30
546,660,0.30
547,660,0.51
548,660,0.69
549,660,0.81
550,660,0.86
551,660,0.81
552,660,0.69
553,660,0.51
554,660,0.30
555,660,0.30
545,661,0.30
546,661,0.30
547,661,0.30
548,661,0.45
549,661,0.55
550,661,0.58
551,661,0.55
552,661,0.45
553,661,0.30
554,661,0.30
555,661,0.30
553,662,0.30
554,662,0.30
555,662,0.30
564,645,0.30
565,645,0.30
566,645,0.30
567,645,0.30
568,645,0.30
569,645,0.30
570,645,0.30
564,646,0.55
565,646,0.58
566,646,0.55
567,646,0.45
568,646,0.30
569,646,0.30
570,646,0.30
564,647,0.81
565,647,0.86
566,647,0.81
567,647,0.69
568,647,0.51
569,647,0.30
570,647,0.30
564,648,1.00
565,648,1.00
566,648,1.00
567,648,0.91
568,648,0.69
569,648,0.45
570,648,0.30
564,649,1.00
565,649,1.00
566,649,1.00
567,649,1.00
568,649,0.81
569,649,0.55
570,649,0.30
560,650,0.30
561,650,0.58
562,650,0.86
563,650,1.00
564,650,1.00
565,650,1.00
566,650,1.00
567,650,1.00
568,650,0.86
569,650,0.58
570,650,0.30
560,651,0.30
561,651,0.55
562,651,0.81
563,651,1.00
564,651,1.00
565,651,1.00
566,651,1.00
567,651,1.00
568,651,0.81
569,651,0.55
570,651,0.30
560,652,0.30
560,653,0.30
560,654,0.30
560,655,0.30
577,636,0.30
578,636,0.30
579,636,0.30
580,636,0.30
577,637,0.30
578,637,0.30
579,637,0.30
580,637,0.45
589,631,0.30
589,632,0.30
589,633,0.30
592,636,1.00
593,636,1.00
594,636,1.00
595,636,1.00
596,636,1.00
597,636,0.81
598,636,0.55
599,636,0.30
592,637,0.91
593,637,1.00
594,637,1.00
595,637,1.00
596,637,0.91
597,637,0.69
598,637,0.45
599,637,0.30
592,638,0.69
593,638,0.81
594,638,0.86
595,638,0.81
596,638,0.69
597,638,0.51
598,638,0.30
599,638,0.30
592,639,0.45
593,639,0.55
594,639,0.58
595,639,0.55
596,639,0.45
597,639,0.30
598,639,0.30
599,639,0.30
592,640,0.30
593,640,0.30
594,640,0.30
595,640,0.30
596,640,0.30
597,640,0.30
598,640,0.30
599,640,0.30
599,624,0.30
600,624,0.30
601,624,0.30
602,624,0.30
603,624,0.30
604,624,0.30
605,624,0.60
606,624,0.75
607,624,0.99
608,624,1.00
609,624,1.00
601,625,0.30
602,625,0.45
603,625,0.55
604,625,0.58
605,625,0.85
606,625,0.99
607,625,1.00
608,625,1.00
609,625,1.00
601,626,0.51
602,626,0.69
603,626,0.81
604,626,0.86
605,626,1.00
606,626,1.00
607,626,1.00
608,626,1.00
609,626,1.00
601,627,0.69
602,627,0.91
603,627,1.00
604,627,1.00
605,627,1.00
606,627,1.00
607,627,1.00
608,627,1.00
609,627,1.00
601,628,0.81
602,628,1.00
603,628,1.00
604,628,1.00
605,628,1.00
606,628,1.00
607,628,1.00
608,628,1.00
609,628,1.00
601,629,0.86
602,629,1.00
603,629,1.00
604,629,1.00
605,629,1.00
606,629,1.00
607,629,1.00
608,629,1.00
609,629,1.00
601,630,0.81
602,630,1.00
603,630,1.00
604,630,1.00
605,630,1.00
606,630,1.00
607,630,1.00
608,630,0.99
609,630,0.85
601,631,0.69
602,631,0.91
603,631,1.00
604,631,1.00
605,631,1.00
606,631,1.00
607,631,0.99
608,631,0.75
609,631,0.60
601,632,0.51
602,632,0.69
603,632,0.81
604,632,0.86
605,632,0.81
606,632,0.69
607,632,0.51
608,632,0.30
609,632,0.30
601,633,0.30
602,633,0.45
603,633,0.55
604,633,0.58
605,633,0.55
606,633,0.45
607,633,0.30
608,633,0.30
609,633,0.30
601,634,0.30
602,634,0.30
603,634,0.30
604,634,0.30
605,634,0.30
606,634,0.30
607,634,0.30
608,634,0.30
609,634,0.30
605,621,0.88
606,621,0.85
607,621,0.75
608,621,0.60
609,621,0.90
610,621,1.00
611,621,0.99
612,621,1.00
613,621,1.00
614,621,1.00
615,621,1.00
605,622,0.60
606,622,0.60
607,622,0.60
608,622,0.75
609,622,1.00
610,622,1.00
611,622,1.00
612,622,1.00
613,622,1.00
614,622,1.00
615,622,1.00
605,623,0.30
606,623,0.30
607,623,0.51
608,623,0.69
609,623,1.00
610,623,1.00
611,623,1.00
612,623,1.00
613,623,1.00
614,623,1.00
615,623,1.00
610,624,1.00
611,624,1.00
612,624,1.00
613,624,1.00
614,624,1.00
615,624,1.00
610,625,1.00
611,625,1.00
612,625,1.00
613,625,1.00
614,625,1.00
615,625,1.00
610,626,1.00
611,626,1.00
612,626,1.00
613,626,1.00
614,626,1.00
615,626,1.00
610,627,1.00
611,627,1.00
612,627,1.00
613,627,1.00
614,627,1.00
615,627,1.00
610,628,1.00
611,628,1.00
612,628,1.00
613,628,1.00
614,628,1.00
615,628,1.00
610,629,0.86
611,629,0.81
612,629,0.99
613,629,1.00
614,629,1.00
615,629,1.00
610,630,0.58
611,630,0.55
612,630,0.75
613,630,0.88
614,630,1.00
615,630,1.00
610,631,0.30
611,631,0.30
612,631,0.60
613,631,0.85
614,631,1.00
615,631,1.00
609,618,0.85
610,618,0.60
611,618,0.30
612,618,0.30
613,618,0.30
614,618,0.30
615,618,0.30
616,618,0.30
617,618,0.30
618,618,0.30
619,618,0.30
609,619,0.75
610,619,0.60
611,619,0.30
612,619,0.45
613,619,0.55
614,619,0.58
615,619,0.55
616,619,0.45
617,619,0.30
618,619,0.30
619,619,0.30
609,620,0.60
610,620,0.60
611,620,0.51
612,620,0.69
613,620,0.81
614,620,0.86
615,620,0.81
616,620,0.69
617,620,0.51
618,620,0.30
619,620,0.30
616,621,0.91
617,621,0.69
618,621,0.45
619,621,0.30
616,622,1.00
617,622,0.81
618,622,0.55
619,622,0.30
616,623,1.00
617,623,0.86
618,623,0.58
619,623,0.30
616,624,1.00
617,624,0.81
618,624,0.55
619,624,0.30
616,625,1.00
617,625,0.99
618,625,0.75
619,625,0.60
616,626,1.00
617,626,1.00
618,626,0.85
619,626,0.75
616,627,1.00
617,627,1.00
618,627,1.00
619,627,0.99
616,628,1.00
617,628,1.00
618,628,1.00
619,628,1.00
627,609,1.00
628,609,1.00
629,609,1.00
630,609,0.99
631,609,1.00
632,609,1.00
633,609,1.00
634,609,1.00
635,609,1.00
636,609,1.00
637,609,1.00
627,610,0.85
628,610,0.88
629,610,0.85
630,610,0.90
631,610,1.00
632,610,1.00
633,610,1.00
634,610,1.00
635,610,1.00
636,610,1.00
637,610,1.00
627,611,0.60
628,611,0.60
629,611,0.81
630,611,0.99
631,611,1.00
632,611,1.00
633,611,1.00
634,611,1.00
635,611,1.00
636,611,1.00
637,611,1.00
627,612,0.30
628,612,0.45
629,612,0.69
630,612,0.91
631,612,1.00
632,612,1.00
633,612,1.00
634,612,1.00
635,612,1.00
636,612,1.00
637,612,1.00
627,613,0.30
628,613,0.55
629,613,0.81
630,613,1.00
631,613,1.00
632,613,1.00
633,613,1.00
634,613,1.00
635,613,1.00
636,613,1.00
637,613,1.00
627,614,0.30
628,614,0.58
629,614,0.86
630,614,1.00
631,614,1.00
632,614,1.00
633,614,1.00
634,614,1.00
635,614,1.00
636,614,1.00
637,614,1.00
627,615,0.30
628,615,0.55
629,615,0.81
630,615,1.00
631,615,1.00
632,615,1.00
633,615,1.00
634,615,1.00
635,615,1.00
636,615,1.00
637,615,1.00
627,616,0.30
628,616,0.45
629,616,0.69
630,616,0.91
631,616,1.00
632,616,1.00
633,616,1.00
634,616,1.00
635,616,1.00
636,616,1.00
637,616,1.00
627,617,0.30
628,617,0.30
629,617,0.51
630,617,0.99
631,617,1.00
632,617,1.00
633,617,1.00
634,617,1.00
635,617,1.00
636,617,1.00
637,617,1.00
627,618,0.30
628,618,0.30
629,618,0.30
630,618,0.75
631,618,1.00
632,618,1.00
633,618,1.00
634,618,1.00
635,618,1.00
636,618,1.00
637,618,1.00
627,619,0.30
628,619,0.30
629,619,0.30
630,619,0.60
631,619,0.60
632,619,1.00
633,619,1.00
634,619,1.00
635,619,1.00
636,619,1.00
637,619,1.00
631,608,0.99
632,608,0.75
633,608,0.60
634,608,0.30
635,608,0.30
636,608,0.30
637,608,0.30
638,608,0.30
639,608,0.30
640,608,0.30
641,608,0.30
638,609,0.75
639,609,0.60
640,609,0.60
641,609,0.60
638,610,1.00
639,610,0.96
640,610,0.60
641,610,0.60
638,611,1.00
639,611,1.00
640,611,0.96
641,611,0.60
638,612,1.00
639,612,1.00
640,612,1.00
641,612,0.75
638,613,1.00
639,613,1.00
640,613,1.00
641,613,0.85
638,614,1.00
639,614,1.00
640,614,1.00
641,614,0.88
638,615,1.00
639,615,1.00
640,615,1.00
641,615,0.85
638,616,1.00
639,616,1.00
640,616,0.99
641,616,0.75
638,617,1.00
639,617,1.00
640,617,1.00
641,617,0.60
638,618,1.00
639,618,1.00
640,618,0.90
641,618,0.60
642,609,0.30
642,610,0.30
642,611,0.30
642,612,0.30
642,613,0.30
642,614,0.30
642,615,0.30
642,616,0.30
642,617,0.30
642,618,0.30
638,619,0.81
639,619,0.60
640,619,0.60
641,619,0.30
642,619,0.30
630,620,0.30
631,620,0.45
632,620,0.69
633,620,0.91
634,620,1.00
635,620,1.00
636,620,1.00
637,620,0.91
638,620,0.69
639,620,0.45
640,620,0.30
630,621,0.30
631,621,0.55
632,621,0.81
633,621,1.00
634,621,1.00
635,621,1.00
636,621,1.00
637,621,1.00
638,621,0.81
639,621,0.55
640,621,0.30
630,622,0.30
631,622,0.58
632,622,0.86
633,622,1.00
634,622,1.00
635,622,1.00
636,622,1.00
637,622,1.00
638,622,0.86
639,622,0.58
640,622,0.30
630,623,0.30
631,623,0.55
632,623,0.81
633,623,1.00
634,623,1.00
635,623,1.00
636,623,1.00
637,623,1.00
638,623,0.81
639,623,0.55
640,623,0.30
630,624,0.30
631,624,0.45
632,624,0.69
633,624,0.91
634,624,1.00
635,624,1.00
636,624,1.00
637,624,0.91
638,624,0.69
639,624,0.45
640,624,0.30
630,625,0.30
631,625,0.30
632,625,0.51
633,625,0.69
634,625,0.81
635,625,0.86
636,625,0.81
637,625,0.69
638,625,0.51
639,625,0.30
640,625,0.30
630,626,0.30
631,626,0.30
632,626,0.30
633,626,0.45
634,626,0.55
635,626,0.58
636,626,0.55
637,626,0.45
638,626,0.30
639,626,0.30
640,626,0.30
630,627,0.30
631,627,0.30
632,627,0.30
633,627,0.30
634,627,0.30
635,627,0.30
636,627,0.30
637,627,0.30
638,627,0.30
639,627,0.30
640,627,0.30
623,633,0.30
624,633,0.30
625,633,0.30
626,633,0.30
623,634,0.30
624,634,0.30
625,634,0.30
626,634,0.45
623,635,0.30
624,635,0.30
625,635,0.51
626,635,0.69
623,636,0.30
624,636,0.45
625,636,0.69
626,636,0.91
623,637,0.30
624,637,0.55
625,637,0.81
626,637,1.00
623,638,0.60
624,638,0.88
625,638,1.00
626,638,1.00
623,639,0.90
624,639,1.00
625,639,1.00
626,639,1.00
627,639,1.00
628,639,1.00
629,639,1.00
630,639,1.00
631,639,1.00
632,639,1.00
633,639,1.00
623,640,1.00
624,640,1.00
625,640,1.00
626,640,1.00
627,640,1.00
628,640,1.00
629,640,1.00
630,640,1.00
631,640,1.00
632,640,1.00
633,640,1.00
623,641,1.00
624,641,1.00
625,641,1.00
626,641,1.00
627,641,1.00
628,641,1.00
629,641,1.00
630,641,1.00
631,641,1.00
632,641,1.00
633,641,1.00
623,642,1.00
624,642,1.00
625,642,1.00
626,642,1.00
627,642,1.00
628,642,1.00
629,642,1.00
630,642,1.00
631,642,1.00
632,642,0.99
633,642,1.00
623,643,1.00
624,643,1.00
625,643,1.00
626,643,1.00
627,643,1.00
628,643,1.00
629,643,1.00
630,643,1.00
631,643,0.90
632,643,0.81
633,643,0.99
620,647,1.00
621,647,1.00
622,647,1.00
623,647,1.00
624,647,1.00
625,647,1.00
620,648,1.00
621,648,1.00
622,648,1.00
623,648,1.00
624,648,1.00
625,648,1.00
615,649,1.00
616,649,1.00
617,649,1.00
618,649,1.00
619,649,1.00
620,649,1.00
621,649,1.00
622,649,1.00
623,649,1.00
624,649,1.00
625,649,1.00
615,650,1.00
616,650,1.00
617,650,1.00
618,650,1.00
619,650,1.00
620,650,1.00
621,650,1.00
622,650,1.00
623,650,1.00
624,650,1.00
625,650,1.00
615,651,1.00
616,651,1.00
617,651,1.00
618,651,1.00
619,651,1.00
620,651,1.00
621,651,1.00
622,651,1.00
623,651,1.00
624,651,1.00
625,651,1.00
615,652,1.00
616,652,1.00
617,652,1.00
618,652,1.00
619,652,1.00
620,652,1.00
621,652,1.00
622,652,1.00
623,652,1.00
624,652,1.00
625,652,0.99
615,653,0.85
616,653,1.00
617,653,1.00
618,653,1.00
619,653,1.00
620,653,1.00
621,653,1.00
622,653,1.00
623,653,1.00
624,653,1.00
625,653,0.75
615,654,0.88
616,654,1.00
617,654,1.00
618,654,1.00
619,654,1.00
620,654,1.00
621,654,1.00
622,654,1.00
623,654,1.00
624,654,1.00
625,654,0.60
615,655,0.85
616,655,1.00
617,655,1.00
618,655,1.00
619,655,1.00
620,655,1.00
621,655,1.00
622,655,1.00
623,655,1.00
624,655,0.60
625,655,0.30
615,656,0.75
616,656,0.99
617,656,1.00
618,656,1.00
619,656,1.00
620,656,1.00
621,656,1.00
622,656,1.00
623,656,0.75
624,656,0.60
625,656,0.30
615,657,0.60
616,657,0.81
617,657,0.99
618,657,1.00
619,657,1.00
620,657,1.00
621,657,0.99
622,657,0.81
623,657,0.60
624,657,0.60
625,657,0.30
614,649,1.00
614,650,1.00
614,651,0.85
614,652,0.60
614,653,0.30
614,654,0.30
614,655,0.30
614,656,0.30
614,657,0.30
614,658,0.30
615,658,0.30
616,658,0.30
617,658,0.45
618,658,0.55
619,658,0.58
620,658,0.55
621,658,0.45
622,658,0.30
623,658,0.30
624,658,0.30
614,659,0.30
615,659,0.30
616,659,0.30
617,659,0.30
618,659,0.30
619,659,0.30
620,659,0.30
621,659,0.30
622,659,0.30
623,659,0.30
624,659,0.30
622,644,1.00
623,644,1.00
624,644,1.00
625,644,1.00
626,644,1.00
627,644,1.00
628,644,1.00
629,644,1.00
630,644,1.00
631,644,0.90
632,644,0.60
622,645,1.00
623,645,1.00
624,645,1.00
625,645,1.00
626,645,1.00
627,645,1.00
628,645,1.00
629,645,1.00
630,645,1.00
631,645,0.90
632,645,0.60
622,646,1.00
623,646,1.00
624,646,1.00
625,646,1.00
626,646,1.00
627,646,1.00
628,646,1.00
629,646,1.00
630,646,0.81
631,646,0.60
632,646,0.30
626,647,1.00
627,647,1.00
628,647,1.00
629,647,1.00
630,647,0.99
631,647,0.75
632,647,0.30
626,648,1.00
627,648,1.00
628,648,1.00
629,648,1.00
630,648,1.00
631,648,0.85
632,648,0.30
626,649,1.00
627,649,1.00
628,649,1.00
629,649,1.00
630,649,0.86
631,649,0.58
632,649,0.30
626,650,1.00
627,650,1.00
628,650,1.00
629,650,1.00
630,650,0.81
631,650,0.55
632,650,0.30
626,651,1.00
627,651,1.00
628,651,1.00
629,651,0.91
630,651,0.69
631,651,0.45
632,651,0.30
626,652,0.81
627,652,0.86
628,652,0.81
629,652,0.69
630,652,0.51
631,652,0.30
632,652,0.30
626,653,0.55
627,653,0.58
628,653,0.55
629,653,0.45
630,653,0.30
631,653,0.30
632,653,0.30
626,654,0.30
627,654,0.30
628,654,0.30
629,654,0.30
630,654,0.30
631,654,0.30
632,654,0.30
639,634,0.30
640,634,0.30
641,634,0.30
642,634,0.30
643,634,0.60
644,634,0.75
639,635,0.88
640,635,0.85
641,635,0.45
642,635,0.30
643,635,0.60
644,635,0.60
639,636,1.00
640,636,1.00
641,636,0.69
642,636,0.51
643,636,0.60
644,636,0.60
639,637,1.00
640,637,1.00
641,637,0.91
642,637,0.69
643,637,0.75
644,637,0.60
639,638,1.00
640,638,1.00
641,638,1.00
642,638,0.81
643,638,0.55
644,638,0.30
634,639,1.00
635,639,1.00
636,639,1.00
637,639,1.00
638,639,1.00
639,639,1.00
640,639,1.00
641,639,1.00
642,639,0.86
643,639,0.58
644,639,0.30
634,640,1.00
635,640,1.00
636,640,1.00
637,640,1.00
638,640,1.00
639,640,1.00
640,640,1.00
641,640,1.00
642,640,0.81
643,640,0.55
644,640,0.30
634,641,1.00
635,641,1.00
636,641,1.00
637,641,1.00
638,641,1.00
639,641,1.00
640,641,1.00
641,641,0.91
642,641,0.69
643,641,0.45
644,641,0.30
634,642,1.00
635,642,1.00
636,642,1.00
637,642,1.00
638,642,1.00
639,642,1.00
640,642,1.00
641,642,0.69
642,642,0.51
643,642,0.30
644,642,0.30
634,643,1.00
635,643,1.00
636,643,1.00
637,643,1.00
638,643,1.00
639,643,0.88
640,643,0.85
641,643,0.45
642,643,0.30
643,643,0.30
644,643,0.30
634,644,0.85
635,644,0.88
636,644,0.85
637,644,0.75
638,644,0.60
639,644,0.60
640,644,0.60
641,644,0.30
642,644,0.30
643,644,0.30
644,644,0.30
643,627,0.30
644,627,0.30
645,627,0.60
643,628,0.30
644,628,0.30
645,628,0.60
643,629,0.30
644,629,0.30
645,629,0.81
646,629,1.00
647,629,1.00
648,629,1.00
649,629,1.00
650,629,1.00
651,629,1.00
652,629,1.00
653,629,1.00
643,630,0.30
644,630,0.45
645,630,0.99
646,630,1.00
647,630,1.00
648,630,1.00
649,630,1.00
650,630,1.00
651,630,1.00
652,630,1.00
653,630,1.00
643,631,0.30
644,631,0.55
645,631,1.00
646,631,1.00
647,631,1.00
648,631,1.00
649,631,1.00
650,631,1.00
651,631,1.00
652,631,1.00
653,631,1.00
643,632,0.30
644,632,0.58
645,632,1.00
646,632,1.00
647,632,1.00
648,632,1.00
649,632,1.00
650,632,1.00
651,632,1.00
652,632,1.00
653,632,1.00
643,633,0.30
644,633,0.55
645,633,1.00
646,633,1.00
647,633,1.00
648,633,1.00
649,633,1.00
650,633,1.00
651,633,1.00
652,633,1.00
653,633,1.00
645,634,0.99
646,634,1.00
647,634,1.00
648,634,1.00
649,634,1.00
650,634,1.00
651,634,1.00
652,634,1.00
653,634,0.81
645,635,0.81
646,635,0.99
647,635,1.00
648,635,1.00
649,635,1.00
650,635,1.00
651,635,1.00
652,635,0.75
653,635,0.60
645,636,0.60
646,636,0.75
647,636,0.85
648,636,0.88
649,636,0.85
650,636,0.75
651,636,0.60
652,636,0.60
653,636,0.60
645,637,0.30
646,637,0.30
647,637,0.30
648,637,0.30
649,637,0.30
650,637,0.30
651,637,0.30
652,637,0.30
653,637,0.30
645,626,0.30
654,629,1.00
655,629,1.00
654,630,1.00
655,630,1.00
654,631,1.00
655,631,0.99
654,632,1.00
655,632,0.75
654,633,0.75
655,633,0.60
654,634,0.30
655,634,0.30
654,635,0.30
655,635,0.30
654,636,0.30
655,636,0.30
657,624,1.00
658,624,1.00
657,625,1.00
658,625,1.00
657,626,1.00
658,626,1.00
657,627,1.00
658,627,1.00
657,628,1.00
658,628,1.00
656,629,1.00
657,629,1.00
658,629,0.75
656,630,0.99
657,630,0.75
658,630,0.60
656,631,0.51
657,631,0.30
658,631,0.30
656,632,0.30
657,632,0.30
658,632,0.30
656,633,0.30
657,633,0.30
658,633,0.30
659,624,1.00
660,624,1.00
661,624,1.00
659,625,1.00
660,625,1.00
661,625,1.00
659,626,1.00
660,626,1.00
661,626,1.00
659,627,1.00
660,627,0.99
661,627,0.75
659,628,0.81
660,628,0.60
661,628,0.60
659,629,0.30
660,629,0.30
661,629,0.30
659,630,0.30
660,630,0.30
661,630,0.30
662,624,1.00
663,624,1.00
664,624,1.00
662,625,1.00
663,625,1.00
664,625,1.00
662,626,1.00
663,626,0.90
664,626,0.90
662,627,0.30
663,627,0.30
664,627,0.30
662,628,0.30
663,628,0.30
664,628,0.30
665,624,1.00
666,624,1.00
667,624,1.00
665,625,0.75
666,625,0.60
667,625,0.60
665,626,0.60
666,626,0.60
667,626,0.60
669,620,1.00
670,620,1.00
671,620,1.00
672,620,0.85
669,621,1.00
670,621,1.00
671,621,1.00
672,621,0.75
669,622,1.00
670,622,1.00
671,622,0.81
672,622,0.60
669,623,0.99
670,623,0.75
671,623,0.60
672,623,0.60
668,624,0.90
669,624,0.60
670,624,0.60
671,624,0.60
672,624,0.60
673,620,0.30
673,621,0.30
673,622,0.30
673,623,0.30
673,624,0.30
668,625,0.30
668,626,0.30
633,644,0.45
633,645,0.30
634,645,0.30
635,645,0.30
636,645,0.30
637,645,0.30
638,645,0.30
639,645,0.30
640,645,0.30
621,638,0.30
622,638,0.30
621,639,0.60
622,639,0.60
621,640,0.75
622,640,0.85
621,641,0.99
622,641,1.00
621,642,1.00
622,642,1.00
621,643,1.00
622,643,1.00
621,644,1.00
621,645,1.00
621,646,1.00
620,639,0.30
620,640,0.30
620,641,0.51
620,642,0.99
620,643,1.00
620,644,1.00
620,645,1.00
620,646,0.99
612,649,0.69
613,649,0.91
612,650,0.51
613,650,0.69
612,651,0.30
613,651,0.45
612,652,0.30
613,652,0.30
601,654,1.00
602,654,0.91
603,654,0.69
604,654,0.45
605,654,0.30
601,655,1.00
602,655,1.00
603,655,0.81
604,655,0.55
605,655,0.30
601,656,1.00
602,656,1.00
603,656,0.86
604,656,0.58
605,656,0.30
601,657,1.00
602,657,1.00
603,657,0.81
604,657,0.55
605,657,0.30
601,658,1.00
602,658,0.91
603,658,0.69
604,658,0.45
605,658,0.30
601,659,0.81
602,659,0.69
603,659,0.51
604,659,0.30
605,659,0.30
595,660,0.30
596,660,0.30
597,660,0.30
598,660,0.45
599,660,0.55
600,660,0.58
601,660,0.55
602,660,0.45
603,660,0.30
604,660,0.30
605,660,0.30
595,661,0.30
596,661,0.30
597,661,0.30
598,661,0.30
599,661,0.30
600,661,0.30
601,661,0.30
602,661,0.30
603,661,0.30
604,661,0.30
605,661,0.30
584,665,1.00
585,665,1.00
584,666,1.00
585,666,0.85
584,667,1.00
585,667,0.88
577,668,1.00
578,668,1.00
579,668,1.00
580,668,1.00
581,668,1.00
582,668,1.00
583,668,1.00
584,668,1.00
585,668,0.85
577,669,1.00
578,669,1.00
579,669,1.00
580,669,1.00
581,669,1.00
582,669,1.00
583,669,1.00
584,669,1.00
585,669,0.75
577,670,1.00
578,670,1.00
579,670,1.00
580,670,1.00
581,670,1.00
582,670,1.00
583,670,1.00
584,670,1.00
585,670,0.60
577,671,1.00
578,671,1.00
579,671,1.00
580,671,1.00
581,671,1.00
582,671,1.00
583,671,1.00
584,671,0.85
585,671,0.60
577,672,1.00
578,672,1.00
579,672,1.00
580,672,1.00
581,672,1.00
582,672,1.00
583,672,0.99
584,672,0.75
585,672,0.60
575,673,1.00
576,673,1.00
577,673,1.00
578,673,1.00
579,673,1.00
580,673,1.00
581,673,1.00
582,673,0.69
583,673,0.51
584,673,0.30
585,673,0.30
575,674,1.00
576,674,1.00
577,674,1.00
578,674,1.00
579,674,1.00
580,674,1.00
581,674,0.85
582,674,0.45
583,674,0.30
584,674,0.30
585,674,0.30
575,675,1.00
576,675,1.00
577,675,1.00
578,675,1.00
579,675,0.99
580,675,0.75
581,675,0.60
582,675,0.30
583,675,0.30
584,675,0.30
585,675,0.30
574,673,1.00
574,674,1.00
571,675,0.30
572,675,0.45
573,675,0.69
574,675,0.91
571,676,0.30
572,676,0.30
573,676,0.51
574,676,0.69
575,676,0.81
576,676,0.86
577,676,0.81
578,676,0.69
579,676,0.51
580,676,0.30
581,676,0.30
571,677,0.30
572,677,0.30
573,677,0.30
574,677,0.45
575,677,0.55
576,677,0.58
577,677,0.55
578,677,0.45
579,677,0.30
580,677,0.30
581,677,0.30
571,678,0.30
572,678,0.30
573,678,0.30
574,678,0.30
575,678,0.30
576,678,0.30
577,678,0.30
578,678,0.30
579,678,0.30
580,678,0.30
581,678,0.30
584,664,0.81
585,664,0.60
586,664,0.75
586,665,0.60
586,666,0.30
586,667,0.30
586,668,0.30
586,669,0.30
586,670,0.30
586,671,0.30
586,672,0.30
592,660,0.58
593,660,0.30
592,661,0.55
593,661,0.30
592,662,0.45
593,662,0.30
592,663,0.30
593,663,0.30
587,664,0.55
588,664,0.58
589,664,0.55
590,664,0.45
591,664,0.30
592,664,0.30
593,664,0.30
587,665,0.30
588,665,0.30
589,665,0.30
590,665,0.30
591,665,0.30
592,665,0.30
593,665,0.30
620,625,0.30
621,625,0.30
622,625,0.30
620,626,0.30
621,626,0.30
622,626,0.30
620,627,0.51
621,627,0.30
622,627,0.30
620,628,0.69
621,628,0.45
622,628,0.30
616,629,1.00
617,629,1.00
618,629,1.00
619,629,1.00
620,629,0.81
621,629,0.55
622,629,0.30
616,630,1.00
617,630,1.00
618,630,1.00
619,630,1.00
620,630,0.86
621,630,0.58
622,630,0.30
616,631,1.00
617,631,1.00
618,631,1.00
619,631,1.00
620,631,0.81
621,631,0.55
622,631,0.30
612,632,0.30
613,632,0.45
614,632,0.69
615,632,0.91
616,632,1.00
617,632,1.00
618,632,1.00
619,632,0.91
620,632,0.69
621,632,0.45
622,632,0.30
612,633,0.30
613,633,0.30
614,633,0.51
615,633,0.69
616,633,0.81
617,633,0.86
618,633,0.81
619,633,0.69
620,633,0.51
621,633,0.30
622,633,0.30
612,634,0.30
613,634,0.30
614,634,0.30
615,634,0.45
616,634,0.55
617,634,0.58
618,634,0.55
619,634,0.45
620,634,0.30
621,634,0.30
622,634,0.30
612,635,0.30
613,635,0.30
614,635,0.30
615,635,0.30
616,635,0.30
617,635,0.30
618,635,0.30
619,635,0.30
620,635,0.30
621,635,0.30
622,635,0.30
640,595,0.90
641,595,0.90
642,595,0.90
643,595,0.90
644,595,0.90
645,595,0.90
646,595,0.90
647,595,0.90
648,595,0.90
649,595,0.90
650,595,0.90
640,596,0.90
641,596,0.90
642,596,0.90
643,596,1.00
644,596,1.00
645,596,1.00
646,596,1.00
647,596,1.00
648,596,0.90
649,596,0.90
650,596,0.90
640,597,1.00
641,597,1.00
642,597,1.00
643,597,1.00
644,597,1.00
645,597,1.00
646,597,1.00
647,597,1.00
648,597,1.00
649,597,0.90
650,597,0.90
640,598,1.00
641,598,1.00
642,598,1.00
643,598,1.00
644,598,1.00
645,598,1.00
646,598,1.00
647,598,1.00
648,598,1.00
649,598,1.00
650,598,0.90
640,599,1.00
641,599,1.00
642,599,1.00
643,599,1.00
644,599,1.00
645,599,1.00
646,599,1.00
647,599,1.00
648,599,1.00
649,599,1.00
650,599,0.90
640,600,1.00
641,600,1.00
642,600,1.00
643,600,1.00
644,600,1.00
645,600,1.00
646,600,1.00
647,600,1.00
648,600,1.00
649,600,1.00
650,600,0.90
640,601,1.00
641,601,1.00
642,601,1.00
643,601,1.00
644,601,1.00
645,601,1.00
646,601,1.00
647,601,1.00
648,601,1.00
649,601,1.00
650,601,0.90
640,602,1.00
641,602,1.00
642,602,1.00
643,602,1.00
644,602,1.00
645,602,1.00
646,602,1.00
647,602,1.00
648,602,1.00
649,602,1.00
650,602,0.90
640,603,1.00
641,603,1.00
642,603,1.00
643,603,1.00
644,603,1.00
645,603,1.00
646,603,1.00
647,603,1.00
648,603,1.00
649,603,0.90
650,603,0.90
640,604,1.00
641,604,1.00
642,604,0.90
643,604,1.00
644,604,1.00
645,604,1.00
646,604,1.00
647,604,1.00
648,604,0.90
649,604,0.90
650,604,0.90
640,605,1.00
641,605,1.00
642,605,0.90
643,605,0.90
644,605,0.90
645,605,0.90
646,605,0.90
647,605,0.90
648,605,0.90
649,605,0.90
650,605,0.90
633,597,0.30
634,597,0.30
635,597,0.30
636,597,0.30
637,597,0.30
638,597,0.30
639,597,0.30
631,598,0.30
632,598,0.30
633,598,0.30
634,598,0.45
635,598,0.55
636,598,0.58
637,598,0.55
638,598,0.45
639,598,0.30
631,599,0.30
632,599,0.30
633,599,0.51
634,599,0.69
635,599,0.81
636,599,0.86
637,599,0.81
638,599,0.69
639,599,0.51
631,600,0.30
632,600,0.45
633,600,0.69
634,600,0.91
635,600,1.00
636,600,1.00
637,600,1.00
638,600,0.91
639,600,0.69
631,601,0.60
632,601,0.85
633,601,1.00
634,601,1.00
635,601,1.00
636,601,1.00
637,601,1.00
638,601,1.00
639,601,0.81
631,602,0.60
632,602,0.88
633,602,1.00
634,602,1.00
635,602,1.00
636,602,1.00
637,602,1.00
638,602,1.00
639,602,0.86
631,603,0.81
632,603,0.85
633,603,1.00
634,603,1.00
635,603,1.00
636,603,1.00
637,603,1.00
638,603,1.00
639,603,0.81
631,604,0.99
632,604,0.90
633,604,0.99
634,604,0.91
635,604,1.00
636,604,1.00
637,604,1.00
638,604,0.91
639,604,0.69
631,605,1.00
632,605,0.85
633,605,0.81
634,605,0.69
635,605,0.81
636,605,0.86
637,605,0.81
638,605,0.69
639,605,0.51
631,606,1.00
632,606,0.88
633,606,0.60
634,606,0.45
635,606,0.55
636,606,0.58
637,606,0.55
638,606,0.45
639,606,0.30
640,606,0.30
641,606,0.30
631,607,1.00
632,607,0.85
633,607,0.60
634,607,0.30
635,607,0.30
636,607,0.30
637,607,0.30
638,607,0.30
639,607,0.30
640,607,0.30
641,607,0.30
623,601,0.30
624,601,0.30
625,601,0.30
626,601,0.30
627,601,0.30
628,601,0.30
629,601,0.30
630,601,0.30
623,602,0.30
624,602,0.30
625,602,0.30
626,602,0.45
627,602,0.55
628,602,0.58
629,602,0.55
630,602,0.45
623,603,0.30
624,603,0.30
625,603,0.51
626,603,0.69
627,603,0.81
628,603,0.86
629,603,0.81
630,603,0.69
623,604,0.30
624,604,0.45
625,604,0.69
626,604,0.91
627,604,1.00
628,604,1.00
629,604,1.00
630,604,0.91
623,605,0.30
624,605,0.55
625,605,0.81
626,605,1.00
627,605,1.00
628,605,1.00
629,605,1.00
630,605,1.00
623,606,0.30
624,606,0.58
625,606,0.86
626,606,1.00
627,606,1.00
628,606,1.00
629,606,1.00
630,606,1.00
623,607,0.30
624,607,0.55
625,607,0.81
626,607,1.00
627,607,1.00
628,607,1.00
629,607,1.00
630,607,1.00
623,608,0.30
624,608,0.45
625,608,0.69
626,608,0.91
627,608,1.00
628,608,1.00
629,608,1.00
630,608,0.91
623,609,0.30
624,609,0.30
625,609,0.51
626,609,0.69
623,610,0.30
624,610,0.30
625,610,0.30
626,610,0.45
623,611,0.30
624,611,0.30
625,611,0.30
626,611,0.30
606,612,0.30
607,612,0.30
606,613,0.55
607,613,0.45
606,614,0.81
607,614,0.69
606,615,1.00
607,615,0.91
606,616,1.00
607,616,1.00
608,616,0.81
609,616,0.55
610,616,0.30
606,617,1.00
607,617,1.00
608,617,0.86
609,617,0.58
610,617,0.30
606,618,1.00
607,618,1.00
608,618,0.81
606,619,1.00
607,619,0.91
608,619,0.69
600,620,0.30
601,620,0.30
602,620,0.51
603,620,0.69
604,620,0.81
605,620,0.86
606,620,0.81
607,620,0.69
608,620,0.51
600,621,0.30
601,621,0.30
602,621,0.30
603,621,0.45
604,621,0.55
600,622,0.30
601,622,0.30
602,622,0.30
603,622,0.30
604,622,0.30
583,615,1.00
584,615,1.00
585,615,1.00
583,616,1.00
584,616,1.00
585,616,1.00
591,624,0.30
592,624,0.30
593,624,0.30
583,613,1.00
584,613,1.00
585,613,0.99
583,614,1.00
584,614,1.00
585,614,1.00
593,601,1.00
594,601,0.88
595,601,0.60
596,601,0.30
597,601,0.30
598,601,0.30
599,601,0.30
600,601,0.30
601,601,0.30
602,601,0.30
603,601,0.30
593,602,1.00
594,602,0.85
595,602,0.60
596,602,0.45
597,602,0.55
598,602,0.58
599,602,0.55
600,602,0.45
601,602,0.30
602,602,0.30
603,602,0.30
593,603,0.99
594,603,0.75
595,603,0.81
596,603,0.69
597,603,0.81
598,603,0.86
599,603,0.81
600,603,0.69
601,603,0.51
602,603,0.30
603,603,0.30
593,604,0.81
594,604,0.75
595,604,0.99
596,604,0.91
597,604,1.00
598,604,1.00
599,604,1.00
600,604,0.91
601,604,0.69
602,604,0.45
603,604,0.30
593,605,0.60
594,605,0.85
595,605,1.00
596,605,1.00
597,605,1.00
598,605,1.00
599,605,1.00
600,605,1.00
601,605,0.81
602,605,0.55
603,605,0.30
593,606,0.60
594,606,0.88
595,606,1.00
596,606,1.00
597,606,1.00
598,606,1.00
599,606,1.00
600,606,1.00
601,606,0.86
602,606,0.58
603,606,0.30
593,607,0.30
594,607,0.55
595,607,0.81
596,607,1.00
597,607,1.00
598,607,1.00
599,607,1.00
600,607,1.00
601,607,0.81
602,607,0.55
603,607,0.30
593,608,0.30
594,608,0.45
595,608,0.69
596,608,0.91
597,608,1.00
598,608,1.00
599,608,1.00
600,608,0.91
601,608,0.69
602,608,0.45
603,608,0.30
593,609,0.30
593,610,0.30
593,611,0.30
610,591,1.00
611,591,1.00
612,591,1.00
613,591,1.00
614,591,0.90
615,591,0.75
616,591,0.85
617,591,0.88
618,591,0.85
610,592,1.00
611,592,1.00
612,592,1.00
613,592,1.00
614,592,1.00
615,592,1.00
616,592,1.00
617,592,1.00
618,592,1.00
610,593,1.00
611,593,1.00
612,593,1.00
613,593,1.00
614,593,1.00
615,593,1.00
616,593,1.00
617,593,1.00
618,593,1.00
610,594,1.00
611,594,1.00
612,594,1.00
613,594,1.00
614,594,1.00
615,594,1.00
616,594,1.00
617,594,1.00
618,594,1.00
610,595,0.85
611,595,0.99
612,595,1.00
613,595,1.00
614,595,1.00
615,595,1.00
616,595,1.00
617,595,1.00
618,595,1.00
610,596,0.60
611,596,0.88
612,596,1.00
613,596,1.00
614,596,1.00
615,596,1.00
616,596,1.00
617,596,1.00
618,596,1.00
610,597,0.30
611,597,0.55
612,597,1.00
613,597,1.00
614,597,1.00
615,597,1.00
616,597,1.00
617,597,1.00
618,597,1.00
610,598,0.30
611,598,0.45
612,598,0.99
613,598,1.00
614,598,1.00
615,598,1.00
616,598,1.00
617,598,1.00
618,598,1.00
610,599,0.30
611,599,0.30
612,599,0.81
613,599,0.99
614,599,1.00
615,599,1.00
616,599,1.00
617,599,1.00
618,599,1.00
610,600,0.30
611,600,0.30
612,600,0.60
613,600,0.75
614,600,0.85
615,600,0.88
616,600,0.85
617,600,0.75
618,600,0.60
610,601,0.30
611,601,0.30
612,601,0.30
613,601,0.30
614,601,0.30
615,601,0.30
616,601,0.30
617,601,0.30
618,601,0.30
619,601,0.30
620,601,0.30
623,584,0.60
624,584,0.60
625,584,0.60
626,584,0.60
627,584,0.60
628,584,0.60
629,584,0.60
630,584,0.60
631,584,0.60
632,584,0.60
633,584,0.60
623,585,0.60
624,585,0.60
625,585,0.60
626,585,0.90
627,585,1.00
628,585,1.00
629,585,1.00
630,585,0.90
631,585,0.60
632,585,0.60
633,585,0.60
623,586,0.60
624,586,0.60
625,586,1.00
626,586,1.00
627,586,1.00
628,586,1.00
629,586,1.00
630,586,1.00
631,586,1.00
632,586,0.60
633,586,0.60
633,587,0.60
633,588,0.60
633,589,0.60
633,590,0.60
633,591,0.60
633,592,0.60
633,593,0.60
633,594,0.60
612,590,1.00
613,590,0.85
614,590,0.60
615,590,0.30
616,590,0.30
617,590,0.30
618,590,0.30
577,606,0.30
578,606,0.30
579,606,0.30
580,606,0.30
581,606,0.30
582,606,0.30
583,606,0.30
584,606,0.30
585,606,0.60
586,606,0.60
587,606,0.60
577,607,0.90
578,607,0.90
579,607,0.90
580,607,1.00
581,607,1.00
582,607,1.00
583,607,1.00
584,607,1.00
585,607,0.30
586,607,0.30
587,607,0.30
577,608,1.00
578,608,1.00
579,608,1.00
580,608,1.00
581,608,1.00
582,608,1.00
583,608,1.00
584,608,1.00
585,608,0.51
586,608,0.30
587,608,0.30
583,609,1.00
584,609,1.00
585,609,0.69
586,609,0.45
587,609,0.30
583,610,1.00
584,610,1.00
585,610,0.81
586,610,0.55
587,610,0.30
583,611,1.00
584,611,1.00
585,611,0.86
586,611,0.58
587,611,0.30
583,612,1.00
584,612,1.00
585,612,0.81
574,607,0.60
575,607,0.60
576,607,0.60
574,608,0.60
575,608,0.60
576,608,0.60
585,596,0.30
586,596,0.30
587,596,0.30
588,596,0.30
589,596,0.30
590,596,0.30
591,596,0.30
592,596,0.30
593,596,0.30
594,596,0.30
595,596,0.30
585,597,0.30
586,597,0.30
587,597,0.30
588,597,0.45
589,597,0.55
590,597,0.58
591,597,0.55
592,597,0.45
593,597,0.30
594,597,0.30
595,597,0.30
585,598,0.30
586,598,0.30
587,598,0.51
588,598,0.69
589,598,0.81
590,598,0.86
591,598,0.81
592,598,0.69
593,598,0.51
594,598,0.30
595,598,0.30
585,599,0.30
586,599,0.45
587,599,0.69
588,599,0.91
589,599,1.00
590,599,1.00
591,599,1.00
592,599,0.91
593,599,0.69
594,599,0.45
595,599,0.30
585,600,0.30
586,600,0.55
587,600,0.81
588,600,1.00
589,600,1.00
590,600,1.00
591,600,1.00
592,600,1.00
593,600,0.81
594,600,0.55
595,600,0.30
585,601,0.30
586,601,0.58
587,601,0.86
588,601,1.00
589,601,1.00
590,601,1.00
591,601,1.00
592,601,1.00
585,602,0.30
586,602,0.55
587,602,0.81
588,602,1.00
589,602,1.00
590,602,1.00
591,602,1.00
592,602,1.00
585,603,0.30
586,603,0.45
587,603,0.69
588,603,0.91
589,603,1.00
590,603,1.00
591,603,1.00
592,603,0.91
585,604,0.30
586,604,0.30
587,604,0.51
588,604,0.69
589,604,0.81
590,604,0.86
591,604,0.81
592,604,0.69
585,605,0.30
586,605,0.30
587,605,0.30
588,605,0.45
589,605,0.55
590,605,0.58
591,605,0.55
592,605,0.45
588,606,0.30
589,606,0.30
590,606,0.30
591,606,0.30
592,606,0.30
608,575,0.60
609,575,0.85
610,575,1.00
611,575,1.00
612,575,1.00
613,575,1.00
614,575,1.00
615,575,1.00
616,575,1.00
617,575,1.00
618,575,1.00
608,576,0.60
609,576,0.75
610,576,0.99
611,576,1.00
612,576,1.00
613,576,1.00
614,576,1.00
615,576,1.00
616,576,1.00
617,576,1.00
618,576,1.00
608,577,0.90
609,577,0.60
610,577,1.00
611,577,1.00
612,577,1.00
613,577,1.00
614,577,1.00
615,577,1.00
616,577,1.00
617,577,1.00
618,577,1.00
608,578,0.90
609,578,0.75
610,578,0.99
611,578,1.00
612,578,1.00
613,578,1.00
614,578,1.00
615,578,1.00
616,578,1.00
617,578,1.00
618,578,1.00
608,579,0.90
609,579,0.85
610,579,1.00
611,579,1.00
612,579,1.00
613,579,1.00
614,579,1.00
615,579,1.00
616,579,1.00
617,579,1.00
618,579,1.00
608,580,0.60
609,580,0.58
610,580,0.86
611,580,1.00
612,580,1.00
613,580,1.00
614,580,1.00
615,580,1.00
616,580,1.00
617,580,1.00
618,580,0.85
608,581,0.60
609,581,0.55
610,581,0.81
611,581,1.00
612,581,1.00
613,581,1.00
614,581,1.00
615,581,1.00
616,581,1.00
617,581,0.85
618,581,0.60
608,582,0.60
609,582,0.45
610,582,0.69
611,582,0.91
612,582,1.00
613,582,1.00
614,582,1.00
615,582,0.91
616,582,0.69
617,582,0.45
618,582,0.30
608,583,0.60
609,583,0.30
610,583,0.51
611,583,0.69
612,583,0.81
613,583,0.86
614,583,0.81
615,583,0.69
616,583,0.51
617,583,0.30
618,583,0.30
608,584,0.60
609,584,0.30
610,584,0.30
611,584,0.45
612,584,0.55
613,584,0.58
614,584,0.55
615,584,0.45
616,584,0.30
617,584,0.30
618,584,0.30
608,585,0.60
609,585,0.30
610,585,0.30
611,585,0.30
612,585,0.30
613,585,0.30
614,585,0.30
615,585,0.30
616,585,0.30
617,585,0.30
618,585,0.30
612,571,1.00
613,571,1.00
614,571,1.00
615,571,0.99
616,571,0.81
617,571,0.60
618,571,0.60
619,571,0.30
620,571,0.60
621,571,0.85
622,571,1.00
612,572,1.00
613,572,1.00
614,572,1.00
615,572,1.00
616,572,1.00
617,572,1.00
618,572,0.85
619,572,0.45
620,572,0.60
621,572,0.75
622,572,0.99
612,573,1.00
613,573,1.00
614,573,1.00
615,573,1.00
616,573,1.00
617,573,1.00
618,573,1.00
619,573,0.69
620,573,0.81
621,573,0.60
622,573,0.81
612,574,1.00
613,574,1.00
614,574,1.00
615,574,1.00
616,574,1.00
617,574,1.00
618,574,1.00
619,574,0.91
620,574,0.99
621,574,0.75
622,574,0.60
619,575,1.00
620,575,1.00
621,575,0.85
622,575,0.60
619,576,1.00
620,576,0.86
621,576,0.58
622,576,0.30
619,577,1.00
620,577,0.81
621,577,0.55
622,577,0.30
619,578,0.91
620,578,0.69
621,578,0.45
622,578,0.30
619,579,0.69
620,579,0.51
621,579,0.30
622,579,0.30
619,580,0.45
620,580,0.30
621,580,0.30
622,580,0.30
619,581,0.30
620,581,0.30
621,581,0.30
622,581,0.30
598,577,1.00
599,577,1.00
600,577,1.00
601,577,1.00
602,577,1.00
603,577,1.00
604,577,1.00
605,577,1.00
606,577,1.00
607,577,0.60
598,578,1.00
599,578,1.00
600,578,1.00
601,578,1.00
602,578,1.00
603,578,1.00
604,578,1.00
605,578,1.00
606,578,1.00
607,578,0.60
598,579,1.00
599,579,1.00
600,579,1.00
601,579,1.00
602,579,1.00
603,579,1.00
604,579,1.00
605,579,1.00
606,579,1.00
607,579,0.60
598,580,1.00
599,580,1.00
600,580,1.00
601,580,1.00
602,580,1.00
603,580,1.00
604,580,1.00
605,580,1.00
606,580,1.00
607,580,0.75
598,581,1.00
599,581,1.00
600,581,1.00
601,581,1.00
602,581,1.00
603,581,1.00
604,581,1.00
605,581,1.00
606,581,1.00
607,581,0.85
598,582,1.00
599,582,1.00
600,582,1.00
601,582,1.00
602,582,1.00
603,582,1.00
604,582,1.00
605,582,1.00
606,582,1.00
607,582,0.58
598,583,0.60
599,583,0.55
600,583,0.81
601,583,1.00
602,583,1.00
603,583,1.00
604,583,1.00
605,583,1.00
606,583,0.81
607,583,0.55
598,584,0.60
599,584,0.45
600,584,0.69
601,584,0.91
602,584,1.00
603,584,1.00
604,584,1.00
605,584,0.91
606,584,0.69
607,584,0.45
598,585,0.60
599,585,0.30
600,585,0.51
601,585,0.69
602,585,0.81
603,585,0.86
604,585,0.81
605,585,0.69
606,585,0.51
607,585,0.30
598,586,0.60
599,586,0.30
600,586,0.30
601,586,0.45
602,586,0.55
603,586,0.58
604,586,0.85
605,586,0.75
606,586,0.60
607,586,0.60
608,586,0.60
598,587,0.60
599,587,0.30
600,587,0.30
601,587,0.30
602,587,0.30
603,587,0.30
604,587,0.60
605,587,0.60
606,587,0.60
607,587,0.75
608,587,0.85
557,598,0.30
558,598,0.60
559,598,0.60
560,598,0.60
561,598,0.60
562,598,0.60
563,598,0.60
564,598,0.60
565,598,0.60
566,598,0.60
567,598,0.60
557,599,0.30
558,599,0.60
559,599,0.60
560,599,0.75
561,599,0.99
562,599,1.00
563,599,1.00
564,599,0.99
565,599,0.75
566,599,0.60
567,599,0.60
557,600,0.30
558,600,0.60
559,600,0.81
560,600,1.00
561,600,1.00
562,600,1.00
563,600,1.00
564,600,1.00
565,600,1.00
566,600,0.81
567,600,0.60
557,601,0.30
558,601,0.75
559,601,1.00
560,601,1.00
561,601,1.00
562,601,1.00
563,601,1.00
564,601,1.00
565,601,1.00
566,601,1.00
567,601,0.75
557,602,0.30
558,602,0.85
559,602,1.00
560,602,1.00
561,602,1.00
562,602,1.00
563,602,1.00
564,602,1.00
565,602,1.00
566,602,1.00
567,602,0.85
557,603,0.30
558,603,0.88
559,603,1.00
560,603,1.00
561,603,1.00
562,603,1.00
563,603,1.00
564,603,1.00
565,603,1.00
566,603,1.00
567,603,0.88
557,604,0.30
558,604,0.85
559,604,1.00
560,604,1.00
561,604,1.00
562,604,1.00
563,604,1.00
564,604,1.00
565,604,1.00
566,604,1.00
567,604,0.85
557,605,0.60
558,605,1.00
559,605,1.00
560,605,1.00
561,605,1.00
562,605,1.00
563,605,1.00
564,605,1.00
565,605,1.00
566,605,1.00
567,605,0.75
557,606,0.60
558,606,0.90
559,606,0.81
560,606,1.00
561,606,1.00
562,606,1.00
563,606,1.00
564,606,1.00
565,606,1.00
566,606,0.81
567,606,0.60
557,607,0.90
558,607,1.00
559,607,0.90
560,607,1.00
561,607,1.00
562,607,1.00
563,607,1.00
564,607,1.00
565,607,1.00
566,607,0.90
567,607,0.90
557,608,1.00
558,608,1.00
559,608,0.90
560,608,1.00
561,608,1.00
562,608,1.00
563,608,1.00
564,608,1.00
565,608,0.90
566,608,0.90
567,608,0.90
539,607,0.75
540,607,0.60
541,607,0.30
542,607,0.30
543,607,0.30
544,607,0.30
545,607,0.30
546,607,0.30
547,607,0.30
548,607,0.60
549,607,0.60
539,608,0.90
540,608,0.90
541,608,0.60
542,608,0.75
543,608,0.85
544,608,0.88
545,608,0.85
546,608,0.75
547,608,0.30
548,608,0.60
549,608,0.75
539,609,1.00
540,609,1.00
541,609,1.00
542,609,1.00
543,609,1.00
544,609,1.00
545,609,1.00
546,609,0.99
547,609,0.51
548,609,0.60
549,609,0.85
539,610,1.00
540,610,1.00
541,610,1.00
542,610,1.00
543,610,1.00
544,610,1.00
545,610,1.00
546,610,1.00
547,610,0.69
548,610,0.75
549,610,0.88
539,611,1.00
540,611,1.00
541,611,1.00
542,611,1.00
543,611,1.00
544,611,1.00
545,611,1.00
546,611,1.00
547,611,0.81
548,611,0.85
549,611,0.85
539,612,1.00
540,612,1.00
541,612,1.00
542,612,1.00
543,612,1.00
544,612,1.00
545,612,1.00
546,612,1.00
547,612,0.86
548,612,0.88
549,612,0.75
539,613,1.00
540,613,1.00
541,613,1.00
542,613,1.00
543,613,1.00
544,613,1.00
545,613,1.00
546,613,1.00
547,613,0.81
548,613,0.85
549,613,0.60
539,614,1.00
540,614,1.00
541,614,1.00
542,614,1.00
543,614,1.00
544,614,1.00
545,614,1.00
546,614,1.00
547,614,0.69
548,614,0.75
549,614,0.60
539,615,1.00
540,615,1.00
541,615,1.00
542,615,1.00
543,615,1.00
544,615,1.00
545,615,1.00
546,615,0.99
547,615,0.51
548,615,0.60
549,615,0.60
539,616,1.00
540,616,1.00
541,616,1.00
542,616,1.00
543,616,1.00
544,616,1.00
545,616,0.85
546,616,0.75
547,616,0.30
548,616,0.30
549,616,0.30
539,617,1.00
540,617,1.00
541,617,1.00
542,617,1.00
543,617,1.00
544,617,0.90
545,617,0.60
546,617,0.60
547,617,0.30
548,617,0.30
549,617,0.30
536,608,1.00
537,608,0.99
538,608,0.81
536,609,0.85
537,609,0.75
538,609,0.60
536,610,0.60
537,610,0.60
538,610,0.81
536,611,0.60
537,611,0.75
538,611,0.99
536,612,0.60
537,612,0.99
538,612,1.00
536,613,0.81
537,613,1.00
538,613,1.00
536,614,0.99
537,614,1.00
538,614,1.00
536,615,1.00
537,615,1.00
538,615,1.00
536,616,1.00
537,616,1.00
538,616,1.00
536,617,1.00
537,617,1.00
538,617,1.00
536,618,0.99
537,618,1.00
538,618,1.00
539,618,1.00
540,618,1.00
541,618,1.00
542,618,0.99
543,618,0.75
544,618,0.60
545,618,0.30
546,618,0.30
534,611,0.30
535,611,0.30
534,612,0.30
535,612,0.30
534,613,0.30
535,613,0.30
534,614,0.30
535,614,0.45
534,615,0.30
535,615,0.55
534,616,0.30
535,616,0.58
534,617,0.30
535,617,0.55
534,618,0.30
535,618,0.45
534,619,0.60
535,619,0.30
536,619,0.51
537,619,0.69
538,619,0.81
539,619,0.86
540,619,0.81
541,619,0.69
542,619,0.51
543,619,0.30
544,619,0.30
534,620,0.90
535,620,0.60
536,620,0.60
537,620,0.45
538,620,0.55
539,620,0.58
540,620,0.55
541,620,0.45
542,620,0.30
543,620,0.30
544,620,0.30
534,621,0.90
535,621,0.60
536,621,0.60
537,621,0.30
538,621,0.30
539,621,0.30
540,621,0.30
541,621,0.30
542,621,0.30
543,621,0.30
544,621,0.30
524,619,0.60
525,619,0.60
526,619,0.30
527,619,0.30
528,619,0.30
529,619,0.30
530,619,0.30
531,619,0.30
532,619,0.30
533,619,0.30
524,620,0.30
525,620,0.30
526,620,0.60
527,620,0.75
528,620,0.85
529,620,0.88
530,620,0.85
531,620,0.75
532,620,0.60
533,620,0.60
524,621,0.30
525,621,0.30
526,621,0.81
527,621,0.99
528,621,1.00
529,621,1.00
530,621,1.00
531,621,1.00
532,621,1.00
533,621,0.75
524,622,0.30
525,622,0.45
526,622,0.99
527,622,1.00
528,622,1.00
529,622,1.00
530,622,1.00
531,622,1.00
532,622,1.00
533,622,1.00
534,622,0.81
524,623,0.30
525,623,0.55
526,623,1.00
527,623,1.00
528,623,1.00
529,623,1.00
530,623,1.00
531,623,1.00
532,623,1.00
533,623,1.00
534,623,0.99
524,624,0.30
525,624,0.58
526,624,1.00
527,624,1.00
528,624,1.00
529,624,1.00
530,624,1.00
531,624,1.00
532,624,1.00
533,624,1.00
534,624,1.00
524,625,0.30
525,625,0.55
526,625,1.00
527,625,1.00
528,625,1.00
529,625,1.00
530,625,1.00
531,625,1.00
532,625,1.00
533,625,1.00
534,625,1.00
524,626,0.30
525,626,0.45
526,626,0.99
527,626,1.00
528,626,1.00
529,626,1.00
530,626,1.00
531,626,1.00
532,626,1.00
533,626,1.00
534,626,1.00
524,627,0.30
525,627,0.30
526,627,0.81
527,627,1.00
528,627,1.00
529,627,1.00
530,627,1.00
531,627,1.00
532,627,1.00
533,627,1.00
534,627,0.99
524,628,0.90
525,628,0.90
526,628,0.90
527,628,0.75
528,628,1.00
529,628,1.00
530,628,1.00
531,628,1.00
532,628,1.00
533,628,0.99
534,628,0.81
524,629,0.90
525,629,0.90
526,629,0.90
527,629,0.60
528,629,0.60
529,629,0.75
530,629,0.85
531,629,0.88
532,629,0.85
533,629,0.75
534,629,0.60
516,628,0.60
517,628,0.60
518,628,0.60
519,628,0.60
520,628,0.60
521,628,0.60
522,628,0.60
523,628,0.60
516,629,0.60
517,629,0.60
518,629,0.75
519,629,0.99
520,629,1.00
521,629,1.00
522,629,0.99
523,629,0.75
516,630,0.60
517,630,0.81
518,630,1.00
519,630,1.00
520,630,1.00
521,630,1.00
522,630,1.00
523,630,1.00
524,630,0.81
525,630,0.60
526,630,0.60
516,631,0.75
517,631,1.00
518,631,1.00
519,631,1.00
520,631,1.00
521,631,1.00
522,631,1.00
523,631,1.00
524,631,1.00
525,631,0.75
526,631,0.30
516,632,0.85
517,632,1.00
518,632,1.00
519,632,1.00
520,632,1.00
521,632,1.00
522,632,1.00
523,632,1.00
524,632,1.00
525,632,0.85
526,632,0.30
520,633,1.00
521,633,1.00
522,633,1.00
523,633,1.00
524,633,1.00
525,633,0.88
526,633,0.30
520,634,1.00
521,634,1.00
522,634,1.00
523,634,1.00
524,634,1.00
525,634,0.85
526,634,0.30
520,635,1.00
521,635,1.00
522,635,1.00
523,635,1.00
524,635,1.00
525,635,0.75
526,635,0.30
520,636,1.00
521,636,1.00
522,636,1.00
523,636,1.00
524,636,0.81
525,636,0.60
526,636,0.30
520,637,1.00
520,638,0.60
515,628,0.30
515,629,0.30
515,630,0.30
515,631,0.30
515,632,0.30
535,622,0.30
536,622,0.30
535,623,0.45
536,623,0.30
535,624,0.55
536,624,0.30
535,625,0.58
536,625,0.30
535,626,0.55
536,626,0.30
535,627,0.45
536,627,0.30
535,628,0.30
536,628,0.30
535,629,0.30
536,629,0.30
527,630,0.30
528,630,0.30
529,630,0.30
530,630,0.30
531,630,0.30
532,630,0.30
533,630,0.30
534,630,0.30
535,630,0.30
536,630,0.30
574,584,0.30
575,584,0.30
576,584,0.30
577,584,0.30
578,584,0.30
579,584,0.60
580,584,0.60
581,584,0.60
582,584,0.60
583,584,0.60
584,584,0.60
574,585,0.30
575,585,0.30
576,585,0.30
577,585,0.45
578,585,0.55
579,585,0.88
580,585,0.85
581,585,0.75
582,585,0.75
583,585,0.85
584,585,0.88
574,586,0.30
575,586,0.30
576,586,0.51
577,586,0.69
578,586,0.81
579,586,1.00
580,586,1.00
581,586,1.00
582,586,1.00
583,586,1.00
584,586,1.00
574,587,0.30
575,587,0.45
576,587,0.69
577,587,0.91
578,587,1.00
579,587,1.00
580,587,1.00
581,587,1.00
582,587,1.00
583,587,1.00
584,587,1.00
574,588,0.30
575,588,0.55
576,588,0.81
577,588,1.00
578,588,1.00
579,588,1.00
580,588,1.00
581,588,1.00
582,588,1.00
583,588,1.00
584,588,1.00
574,589,0.30
575,589,0.58
576,589,0.86
577,589,1.00
578,589,1.00
579,589,1.00
580,589,1.00
581,589,1.00
582,589,1.00
583,589,1.00
584,589,1.00
574,590,0.30
575,590,0.55
576,590,0.81
577,590,1.00
578,590,1.00
579,590,1.00
580,590,1.00
581,590,1.00
582,590,1.00
583,590,1.00
584,590,1.00
574,591,0.30
575,591,0.45
576,591,0.69
577,591,0.91
578,591,1.00
579,591,1.00
580,591,1.00
581,591,1.00
582,591,1.00
583,591,1.00
584,591,1.00
574,592,0.30
575,592,0.30
576,592,0.51
577,592,0.69
578,592,0.81
579,592,1.00
580,592,1.00
581,592,1.00
582,592,1.00
583,592,1.00
584,592,1.00
574,593,0.30
575,593,0.30
576,593,0.30
577,593,0.45
578,593,0.55
579,593,0.88
580,593,0.85
581,593,0.75
582,593,0.75
583,593,0.85
584,593,0.88
574,594,0.30
575,594,0.30
576,594,0.30
577,594,0.30
578,594,0.30
579,594,0.60
580,594,0.60
581,594,0.60
582,594,0.60
583,594,0.60
584,594,0.60
597,571,0.30
598,571,0.30
599,571,0.30
600,571,0.30
601,571,0.30
602,571,0.30
603,571,0.30
604,571,0.30
605,571,0.30
606,571,0.30
607,571,0.30
597,572,0.90
598,572,0.90
599,572,0.90
600,572,1.00
601,572,1.00
602,572,1.00
603,572,1.00
604,572,1.00
605,572,0.90
606,572,0.90
607,572,0.30
597,573,0.90
598,573,0.90
599,573,1.00
600,573,1.00
601,573,1.00
602,573,1.00
603,573,1.00
604,573,1.00
605,573,1.00
606,573,0.90
607,573,0.30
597,574,0.90
598,574,1.00
599,574,1.00
600,574,1.00
601,574,1.00
602,574,1.00
603,574,1.00
604,574,1.00
605,574,1.00
606,574,1.00
607,574,0.30
597,575,1.00
598,575,1.00
599,575,1.00
600,575,1.00
601,575,1.00
602,575,1.00
603,575,1.00
604,575,1.00
605,575,1.00
606,575,1.00
607,575,0.30
597,576,1.00
598,576,1.00
599,576,1.00
600,576,1.00
601,576,1.00
602,576,1.00
603,576,1.00
604,576,1.00
605,576,1.00
606,576,1.00
607,576,0.30
597,577,1.00
597,578,1.00
597,579,1.00
597,580,1.00
597,581,1.00
608,569,0.30
609,569,0.30
610,569,0.30
611,569,0.30
612,569,0.30
613,569,0.30
614,569,0.30
615,569,0.30
616,569,0.30
617,569,0.30
618,569,0.30
608,570,0.30
609,570,0.30
610,570,0.30
611,570,0.45
612,570,0.55
613,570,0.58
614,570,0.55
615,570,0.45
616,570,0.30
617,570,0.30
618,570,0.30
608,571,0.30
609,571,0.30
610,571,0.51
611,571,0.69
608,572,0.30
609,572,0.45
610,572,0.69
611,572,0.91
608,573,0.30
609,573,0.55
610,573,0.81
611,573,1.00
608,574,0.30
609,574,0.58
610,574,0.86
611,574,1.00
620,565,0.30
621,565,0.30
622,565,0.30
623,565,0.30
624,565,0.30
625,565,0.30
626,565,0.30
627,565,0.30
628,565,0.30
629,565,0.30
630,565,0.30
620,566,0.30
621,566,0.30
622,566,0.30
623,566,0.45
624,566,0.55
625,566,0.58
626,566,0.55
627,566,0.45
628,566,0.30
629,566,0.30
630,566,0.30
620,567,0.30
621,567,0.30
622,567,0.51
623,567,0.69
624,567,0.81
625,567,0.86
626,567,0.81
627,567,0.69
628,567,0.51
629,567,0.30
630,567,0.30
620,568,0.30
621,568,0.45
622,568,0.69
623,568,0.91
624,568,1.00
625,568,1.00
626,568,1.00
627,568,0.91
628,568,0.69
629,568,0.45
630,568,0.30
620,569,0.30
621,569,0.55
622,569,0.81
623,569,1.00
624,569,1.00
625,569,1.00
626,569,1.00
627,569,1.00
628,569,0.81
629,569,0.55
630,569,0.30
620,570,0.30
621,570,0.58
622,570,0.86
623,570,1.00
624,570,1.00
625,570,1.00
626,570,1.00
627,570,1.00
628,570,0.86
629,570,0.58
630,570,0.30
623,571,1.00
624,571,1.00
625,571,1.00
626,571,1.00
627,571,1.00
628,571,0.81
629,571,0.55
630,571,0.30
623,572,0.91
624,572,1.00
625,572,1.00
626,572,1.00
627,572,0.91
628,572,0.69
629,572,0.45
630,572,0.30
623,573,0.69
624,573,0.81
625,573,0.86
626,573,0.81
627,573,0.69
628,573,0.51
629,573,0.30
630,573,0.30
623,574,0.45
624,574,0.55
625,574,0.58
626,574,0.55
627,574,0.45
628,574,0.30
629,574,0.30
630,574,0.30
623,575,0.30
624,575,0.30
625,575,0.30
626,575,0.30
627,575,0.30
628,575,0.30
629,575,0.30
630,575,0.30
631,562,0.30
632,562,0.30
633,562,0.60
634,562,0.60
635,562,0.60
636,562,0.60
637,562,0.60
638,562,0.60
639,562,0.60
640,562,0.60
641,562,0.60
631,563,0.30
632,563,0.30
633,563,0.60
634,563,0.75
635,563,0.85
636,563,1.00
637,563,1.00
638,563,1.00
639,563,0.85
640,563,0.75
641,563,0.60
631,564,0.30
632,564,0.30
633,564,0.81
634,564,0.99
635,564,1.00
636,564,1.00
637,564,1.00
638,564,1.00
639,564,1.00
640,564,0.99
641,564,0.81
631,565,0.30
632,565,0.45
633,565,0.99
634,565,1.00
635,565,1.00
636,565,1.00
637,565,1.00
638,565,1.00
639,565,1.00
640,565,1.00
641,565,0.99
631,566,0.30
632,566,0.55
633,566,1.00
634,566,1.00
635,566,1.00
636,566,1.00
637,566,1.00
638,566,1.00
639,566,1.00
640,566,1.00
641,566,1.00
631,567,0.30
632,567,0.58
633,567,1.00
634,567,1.00
635,567,1.00
636,567,1.00
637,567,1.00
638,567,1.00
639,567,1.00
640,567,1.00
641,567,1.00
631,568,0.30
632,568,0.55
633,568,1.00
634,568,1.00
635,568,1.00
636,568,1.00
637,568,1.00
638,568,1.00
639,568,1.00
640,568,1.00
641,568,1.00
631,569,0.30
632,569,0.45
633,569,0.99
634,569,1.00
635,569,1.00
636,569,1.00
637,569,1.00
638,569,1.00
639,569,1.00
640,569,1.00
641,569,0.99
631,570,0.30
632,570,0.30
633,570,0.81
634,570,0.99
635,570,1.00
636,570,1.00
637,570,1.00
638,570,1.00
639,570,1.00
640,570,0.99
641,570,0.81
631,571,0.30
632,571,0.30
633,571,0.60
634,571,0.75
635,571,0.85
636,571,1.00
637,571,1.00
638,571,1.00
639,571,0.85
640,571,0.75
641,571,0.60
631,572,0.30
632,572,0.30
633,572,0.60
634,572,0.60
635,572,0.60
636,572,0.60
637,572,0.60
638,572,0.60
639,572,0.60
640,572,0.60
641,572,0.60
642,562,0.30
643,562,0.30
642,563,0.30
643,563,0.30
642,564,0.30
643,564,0.30
642,565,0.45
643,565,0.30
642,566,0.55
643,566,0.30
642,567,0.58
643,567,0.30
642,568,0.55
643,568,0.30
642,569,0.45
643,569,0.30
642,570,0.30
643,570,0.30
642,571,0.30
643,571,0.30
642,572,0.30
643,572,0.30
609,586,0.30
610,586,0.30
611,586,0.30
612,586,0.30
613,586,0.30
614,586,0.30
609,587,0.58
610,587,0.55
611,587,0.45
612,587,0.30
613,587,0.30
614,587,0.30
604,588,0.30
605,588,0.30
606,588,0.51
607,588,0.69
608,588,0.81
609,588,0.86
610,588,0.81
611,588,0.69
612,588,0.51
613,588,0.30
614,588,0.30
604,589,0.30
605,589,0.45
606,589,0.69
607,589,0.91
608,589,1.00
609,589,1.00
610,589,1.00
611,589,0.91
612,589,0.69
613,589,0.45
614,589,0.30
604,590,0.30
605,590,0.55
606,590,0.81
607,590,1.00
608,590,1.00
609,590,1.00
610,590,1.00
611,590,1.00
604,591,0.30
605,591,0.58
606,591,0.86
607,591,1.00
608,591,1.00
609,591,1.00
604,592,0.30
605,592,0.55
606,592,0.81
607,592,1.00
608,592,1.00
609,592,1.00
604,593,0.30
605,593,0.45
606,593,0.69
607,593,0.91
608,593,1.00
609,593,1.00
604,594,0.30
605,594,0.30
606,594,0.51
607,594,0.69
608,594,0.81
609,594,0.86
604,595,0.30
605,595,0.30
606,595,0.30
607,595,0.45
608,595,0.55
609,595,0.58
604,596,0.30
605,596,0.30
606,596,0.30
607,596,0.30
608,596,0.30
609,596,0.30
549,632,0.30
550,632,0.30
551,632,0.30
552,632,0.45
553,632,0.55
554,632,0.58
555,632,0.55
556,632,0.45
557,632,0.30
549,633,0.30
550,633,0.30
551,633,0.30
552,633,0.30
553,633,0.30
554,633,0.30
555,633,0.30
556,633,0.30
557,633,0.30
545,638,0.75
546,638,0.60
547,638,0.60
548,638,0.30
537,629,0.30
537,630,0.30
537,631,0.30
537,632,0.30
557,609,0.85
558,609,0.60
559,609,0.51
560,609,0.69
561,609,0.81
562,609,0.86
563,609,0.81
564,609,0.69
565,609,0.51
566,609,0.30
567,609,0.30
557,610,0.88
558,610,0.75
559,610,0.69
560,610,0.91
561,610,1.00
562,610,1.00
563,610,1.00
564,610,0.91
565,610,0.69
566,610,0.45
567,610,0.30
557,611,0.85
558,611,0.85
559,611,0.81
560,611,1.00
561,611,1.00
562,611,1.00
563,611,1.00
564,611,1.00
565,611,0.81
566,611,0.55
567,611,0.30
557,612,0.75
558,612,0.88
559,612,0.86
560,612,1.00
561,612,1.00
562,612,1.00
563,612,1.00
564,612,1.00
565,612,0.86
566,612,0.58
567,612,0.30
557,613,0.60
558,613,0.85
559,613,0.81
560,613,1.00
561,613,1.00
562,613,1.00
563,613,1.00
564,613,1.00
565,613,0.81
566,613,0.55
567,613,0.30
557,614,0.60
558,614,0.75
559,614,0.69
560,614,0.91
561,614,1.00
562,614,1.00
563,614,1.00
564,614,0.91
565,614,0.69
566,614,0.45
567,614,0.30
557,615,0.60
558,615,0.60
559,615,0.51
560,615,0.69
561,615,0.81
562,615,0.86
563,615,0.81
564,615,0.69
565,615,0.51
566,615,0.30
567,615,0.30
557,616,0.30
558,616,0.30
559,616,0.30
560,616,0.45
561,616,0.55
562,616,0.58
563,616,0.55
564,616,0.45
565,616,0.30
566,616,0.30
567,616,0.30
557,617,0.30
558,617,0.30
559,617,0.30
560,617,0.30
561,617,0.30
562,617,0.30
563,617,0.30
564,617,0.30
588,579,0.60
589,579,0.75
590,579,0.85
591,579,0.88
592,579,0.85
593,579,0.75
594,579,0.60
595,579,0.60
596,579,1.00
588,580,0.81
589,580,0.99
590,580,1.00
591,580,1.00
592,580,1.00
593,580,1.00
594,580,1.00
595,580,0.75
596,580,1.00
588,581,0.99
589,581,1.00
590,581,1.00
591,581,1.00
592,581,1.00
593,581,1.00
594,581,1.00
595,581,1.00
596,581,1.00
588,582,1.00
589,582,1.00
590,582,1.00
591,582,1.00
592,582,1.00
593,582,1.00
594,582,1.00
595,582,1.00
596,582,1.00
597,582,1.00
588,583,1.00
589,583,1.00
590,583,1.00
591,583,1.00
592,583,1.00
593,583,1.00
594,583,1.00
595,583,1.00
596,583,1.00
597,583,0.55
588,584,1.00
589,584,1.00
590,584,1.00
591,584,1.00
592,584,1.00
593,584,1.00
594,584,1.00
595,584,1.00
596,584,1.00
597,584,0.58
588,585,1.00
589,585,1.00
590,585,1.00
591,585,1.00
592,585,1.00
593,585,1.00
594,585,1.00
595,585,1.00
596,585,1.00
597,585,0.55
588,586,1.00
589,586,1.00
590,586,1.00
591,586,1.00
592,586,1.00
593,586,1.00
594,586,1.00
595,586,1.00
596,586,0.99
597,586,0.45
588,587,1.00
589,587,1.00
590,587,1.00
591,587,1.00
592,587,1.00
593,587,1.00
594,587,1.00
595,587,0.99
596,587,0.81
597,587,0.30
588,588,1.00
589,588,0.90
590,588,0.60
591,588,0.75
592,588,0.85
593,588,0.88
594,588,0.85
595,588,0.75
596,588,0.60
597,588,0.30
598,588,0.30
588,589,0.88
589,589,0.60
590,589,0.30
591,589,0.30
592,589,0.30
593,589,0.30
594,589,0.30
595,589,0.30
596,589,0.30
597,589,0.30
598,589,0.30
596,572,0.60
596,573,0.60
596,574,0.60
596,575,0.60
596,576,0.60
596,577,0.60
596,578,0.90
586,578,0.30
587,578,0.30
588,578,0.30
589,578,0.30
590,578,0.30
591,578,0.30
592,578,0.30
593,578,0.30
594,578,0.30
595,578,0.30
586,579,0.30
587,579,0.30
586,580,0.30
587,580,0.30
586,581,0.30
587,581,0.45
586,582,0.30
587,582,0.55
586,583,0.30
587,583,0.58
586,584,0.60
587,584,0.85
586,585,0.75
587,585,0.75
586,586,0.99
587,586,0.81
586,587,1.00
587,587,0.99
586,588,1.00
587,588,1.00
585,584,0.30
585,585,0.55
585,586,0.81
585,587,1.00
585,588,1.00
585,589,1.00
586,589,1.00
587,589,0.86
585,590,1.00
586,590,1.00
587,590,0.81
588,590,0.55
589,590,0.30
585,591,1.00
586,591,0.91
587,591,0.69
588,591,0.45
589,591,0.30
585,592,0.81
586,592,0.69
587,592,0.51
588,592,0.30
589,592,0.30
585,593,0.55
586,593,0.45
587,593,0.30
588,593,0.30
589,593,0.30
585,594,0.30
586,594,0.30
587,594,0.30
588,594,0.30
589,594,0.30
568,598,0.30
568,599,0.30
568,600,0.30
568,601,0.30
568,602,0.30
568,603,0.30
568,604,0.30
568,605,0.30
568,606,0.30
568,607,0.30
568,608,0.30
548,605,0.30
549,605,0.30
550,605,0.30
551,605,0.30
552,605,0.30
553,605,0.30
554,605,0.30
555,605,0.30
556,605,0.30
548,606,0.30
549,606,0.30
550,606,0.30
551,606,0.45
552,606,0.55
553,606,0.58
554,606,0.55
555,606,0.45
556,606,0.30
550,607,0.51
551,607,0.69
552,607,0.81
553,607,0.86
554,607,0.81
555,607,0.69
556,607,0.51
550,608,0.69
551,608,0.91
552,608,1.00
553,608,1.00
554,608,1.00
555,608,0.91
556,608,0.69
550,609,0.81
551,609,1.00
552,609,1.00
553,609,1.00
554,609,1.00
555,609,1.00
556,609,0.81
550,610,0.86
551,610,1.00
552,610,1.00
553,610,1.00
554,610,1.00
555,610,1.00
556,610,0.86
550,611,0.81
551,611,1.00
552,611,1.00
553,611,1.00
554,611,1.00
555,611,1.00
556,611,0.81
550,612,0.69
551,612,0.91
552,612,1.00
553,612,1.00
554,612,1.00
555,612,0.91
556,612,0.69
550,613,0.51
551,613,0.69
552,613,0.81
553,613,0.86
554,613,0.81
555,613,0.69
556,613,0.51
550,614,0.30
551,614,0.45
552,614,0.55
553,614,0.58
554,614,0.55
555,614,0.45
556,614,0.30
550,615,0.30
551,615,0.30
552,615,0.30
553,615,0.30
554,615,0.30
555,615,0.30
556,615,0.30
559,581,1.00
560,581,1.00
561,581,1.00
562,581,1.00
563,581,1.00
564,581,1.00
565,581,1.00
566,581,1.00
567,581,0.60
568,581,0.60
569,581,0.60
559,582,1.00
560,582,1.00
561,582,1.00
562,582,1.00
563,582,1.00
564,582,1.00
565,582,1.00
566,582,1.00
567,582,0.60
568,582,0.60
569,582,0.60
559,583,1.00
560,583,1.00
561,583,1.00
562,583,1.00
563,583,1.00
564,583,1.00
565,583,1.00
566,583,0.99
567,583,0.51
568,583,0.30
569,583,0.30
559,584,1.00
560,584,1.00
561,584,1.00
562,584,1.00
563,584,1.00
564,584,1.00
565,584,1.00
566,584,1.00
567,584,0.69
568,584,0.45
569,584,0.30
559,585,1.00
560,585,1.00
561,585,1.00
562,585,1.00
563,585,1.00
564,585,1.00
565,585,1.00
566,585,1.00
567,585,0.81
568,585,0.55
569,585,0.30
559,586,1.00
560,586,1.00
561,586,1.00
562,586,1.00
563,586,1.00
564,586,1.00
565,586,1.00
566,586,1.00
567,586,0.86
568,586,0.58
569,586,0.30
559,587,0.88
560,587,1.00
561,587,1.00
562,587,1.00
563,587,1.00
564,587,1.00
565,587,1.00
566,587,1.00
567,587,0.81
568,587,0.55
569,587,0.30
559,588,0.60
560,588,0.75
561,588,0.99
562,588,1.00
563,588,1.00
564,588,1.00
565,588,1.00
566,588,0.91
567,588,0.69
568,588,0.45
569,588,0.30
559,589,0.30
560,589,0.30
561,589,0.51
562,589,0.69
563,589,0.81
564,589,0.86
565,589,0.81
566,589,0.69
567,589,0.51
568,589,0.30
569,589,0.30
559,590,0.30
560,590,0.30
561,590,0.30
562,590,0.45
563,590,0.55
564,590,0.58
565,590,0.55
566,590,0.45
567,590,0.30
568,590,0.30
569,590,0.30
559,591,0.30
560,591,0.30
561,591,0.30
562,591,0.30
563,591,0.30
564,591,0.30
565,591,0.30
566,591,0.30
567,591,0.30
568,591,0.30
569,591,0.30
584,549,0.30
585,549,0.30
586,549,0.30
587,549,0.30
588,549,0.30
589,549,0.60
590,549,1.00
591,549,1.00
592,549,1.00
593,549,1.00
594,549,1.00
584,550,0.30
585,550,0.30
586,550,0.30
587,550,0.45
588,550,0.55
589,550,0.88
590,550,1.00
591,550,1.00
592,550,1.00
593,550,1.00
594,550,1.00
584,551,0.30
585,551,0.30
586,551,0.51
587,551,0.69
588,551,0.81
589,551,1.00
590,551,1.00
591,551,1.00
592,551,1.00
593,551,1.00
594,551,1.00
584,552,0.30
585,552,0.45
586,552,0.69
587,552,0.91
588,552,1.00
589,552,1.00
590,552,1.00
591,552,1.00
592,552,1.00
593,552,1.00
594,552,0.90
584,553,0.30
585,553,0.55
586,553,0.81
587,553,1.00
588,553,1.00
589,553,1.00
590,553,1.00
591,553,1.00
592,553,0.81
593,553,0.55
594,553,0.30
584,554,0.30
585,554,0.58
586,554,0.86
587,554,1.00
588,554,1.00
589,554,1.00
590,554,1.00
591,554,1.00
592,554,0.86
593,554,0.58
594,554,0.30
584,555,0.30
585,555,0.55
586,555,0.81
587,555,1.00
588,555,1.00
589,555,1.00
590,555,1.00
591,555,1.00
592,555,0.81
593,555,0.55
594,555,0.30
584,556,0.30
585,556,0.45
586,556,0.69
587,556,0.91
588,556,1.00
589,556,1.00
590,556,1.00
591,556,0.91
592,556,0.69
593,556,0.45
594,556,0.30
584,557,0.30
585,557,0.30
586,557,0.51
587,557,0.69
588,557,0.81
589,557,0.86
590,557,0.81
591,557,0.69
592,557,0.51
593,557,0.30
594,557,0.30
584,558,0.30
585,558,0.30
586,558,0.30
587,558,0.45
588,558,0.55
589,558,0.58
590,558,0.55
591,558,0.45
592,558,0.30
593,558,0.30
594,558,0.30
584,559,0.30
585,559,0.30
586,559,0.30
587,559,0.30
588,559,0.30
589,559,0.30
590,559,0.30
591,559,0.30
592,559,0.30
593,559,0.30
594,559,0.30
589,542,0.30
590,542,0.60
591,542,0.60
592,542,0.60
593,542,0.60
594,542,0.60
595,542,0.60
596,542,0.60
597,542,0.60
598,542,0.60
599,542,0.60
589,543,0.30
590,543,0.60
591,543,0.60
592,543,0.75
593,543,0.99
594,543,1.00
595,543,1.00
596,543,0.99
597,543,0.75
598,543,0.60
599,543,0.60
589,544,0.30
590,544,0.60
591,544,0.81
592,544,1.00
593,544,1.00
594,544,1.00
595,544,1.00
596,544,1.00
597,544,1.00
598,544,0.81
599,544,0.60
589,545,0.30
590,545,0.75
591,545,1.00
592,545,1.00
593,545,1.00
594,545,1.00
595,545,1.00
596,545,1.00
597,545,1.00
598,545,1.00
599,545,0.75
589,546,0.30
590,546,0.85
591,546,1.00
592,546,1.00
593,546,1.00
594,546,1.00
595,546,1.00
596,546,1.00
597,546,1.00
598,546,1.00
599,546,0.85
589,547,0.30
590,547,0.88
591,547,1.00
592,547,1.00
593,547,1.00
594,547,1.00
595,547,1.00
596,547,1.00
597,547,1.00
598,547,1.00
599,547,0.88
589,548,0.30
590,548,0.85
591,548,1.00
592,548,1.00
593,548,1.00
594,548,1.00
595,548,1.00
596,548,1.00
597,548,1.00
598,548,1.00
599,548,0.85
595,549,1.00
596,549,1.00
597,549,1.00
598,549,1.00
599,549,0.75
595,550,1.00
596,550,1.00
597,550,1.00
598,550,0.81
599,550,0.60
595,551,1.00
596,551,0.99
597,551,0.75
598,551,0.60
599,551,0.60
595,552,0.60
596,552,0.60
597,552,0.60
598,552,0.60
599,552,0.60
600,542,0.30
600,543,0.30
600,544,0.30
600,545,0.30
600,546,0.30
600,547,0.30
600,548,0.30
600,549,0.30
600,550,0.30
600,551,0.30
600,552,0.30
543,578,0.75
544,578,0.99
545,578,1.00
546,578,1.00
547,578,1.00
548,578,1.00
549,578,1.00
550,578,0.99
551,578,0.75
552,578,0.60
553,578,0.30
543,579,0.85
544,579,1.00
545,579,1.00
546,579,1.00
547,579,1.00
548,579,1.00
549,579,1.00
550,579,1.00
551,579,0.85
552,579,0.60
553,579,0.30
543,580,0.88
544,580,1.00
545,580,1.00
546,580,1.00
547,580,1.00
548,580,1.00
549,580,1.00
550,580,1.00
551,580,1.00
552,580,0.60
553,580,0.30
543,581,0.85
544,581,1.00
545,581,1.00
546,581,1.00
547,581,1.00
548,581,1.00
549,581,1.00
550,581,1.00
551,581,1.00
552,581,0.75
553,581,0.30
543,582,0.75
544,582,1.00
545,582,1.00
546,582,1.00
547,582,1.00
548,582,1.00
549,582,1.00
550,582,1.00
551,582,1.00
552,582,0.85
553,582,0.30
543,583,0.60
544,583,1.00
545,583,1.00
546,583,1.00
547,583,1.00
548,583,1.00
549,583,1.00
550,583,1.00
551,583,1.00
552,583,0.88
553,583,0.30
543,584,0.90
544,584,1.00
545,584,1.00
546,584,1.00
547,584,1.00
548,584,1.00
549,584,1.00
550,584,1.00
551,584,1.00
552,584,0.85
553,584,0.30
543,585,1.00
544,585,1.00
545,585,1.00
546,585,1.00
547,585,1.00
548,585,1.00
549,585,1.00
550,585,1.00
551,585,0.99
552,585,0.75
553,585,0.30
543,586,1.00
544,586,0.99
545,586,1.00
546,586,0.99
547,586,1.00
548,586,0.86
549,586,0.81
550,586,0.69
551,586,0.51
552,586,0.30
553,586,0.30
543,587,1.00
544,587,1.00
545,587,0.99
546,587,0.90
547,587,0.85
548,587,0.58
549,587,0.55
550,587,0.45
551,587,0.30
552,587,0.30
553,587,0.30
543,588,1.00
544,588,1.00
545,588,1.00
546,588,1.00
547,588,0.90
548,588,0.60
549,588,0.60
550,588,0.60
551,588,0.60
552,588,0.60
553,588,0.60
537,584,0.30
538,584,0.30
539,584,0.30
540,584,0.30
541,584,0.30
542,584,0.60
537,585,0.30
538,585,0.30
539,585,0.30
540,585,0.45
541,585,0.55
542,585,0.88
537,586,0.30
538,586,0.30
539,586,0.51
540,586,0.69
541,586,0.81
542,586,0.86
537,587,0.30
538,587,0.45
539,587,0.69
540,587,0.91
541,587,1.00
542,587,1.00
537,588,0.30
538,588,0.55
539,588,0.81
540,588,1.00
541,588,1.00
542,588,1.00
537,589,0.90
538,589,1.00
539,589,1.00
540,589,1.00
541,589,1.00
542,589,1.00
543,589,1.00
544,589,1.00
545,589,1.00
546,589,1.00
547,589,0.85
537,590,1.00
538,590,1.00
539,590,1.00
540,590,1.00
541,590,1.00
542,590,1.00
543,590,1.00
544,590,1.00
545,590,1.00
546,590,1.00
547,590,1.00
537,591,1.00
538,591,1.00
539,591,1.00
540,591,1.00
541,591,1.00
542,591,1.00
543,591,1.00
544,591,1.00
545,591,1.00
546,591,1.00
547,591,1.00
537,592,1.00
538,592,1.00
539,592,1.00
540,592,1.00
541,592,1.00
542,592,1.00
543,592,1.00
544,592,1.00
545,592,1.00
546,592,1.00
547,592,1.00
537,593,1.00
538,593,1.00
539,593,1.00
540,593,1.00
541,593,1.00
542,593,1.00
543,593,0.85
544,593,1.00
545,593,1.00
546,593,1.00
547,593,1.00
537,594,1.00
538,594,1.00
539,594,1.00
540,594,1.00
541,594,1.00
542,594,0.90
543,594,0.60
544,594,0.85
545,594,1.00
546,594,1.00
547,594,1.00
532,589,0.60
533,589,0.60
534,589,0.60
535,589,0.60
536,589,0.60
532,590,0.60
533,590,0.60
534,590,0.60
535,590,0.90
536,590,1.00
532,591,0.60
533,591,0.60
534,591,1.00
535,591,1.00
536,591,1.00
532,592,0.60
533,592,0.90
534,592,1.00
535,592,1.00
536,592,1.00
532,593,0.60
533,593,1.00
534,593,1.00
535,593,1.00
536,593,1.00
532,594,0.60
533,594,1.00
534,594,1.00
535,594,1.00
536,594,1.00
532,595,0.60
533,595,1.00
534,595,1.00
535,595,1.00
536,595,1.00
537,595,1.00
538,595,1.00
539,595,1.00
540,595,1.00
541,595,1.00
542,595,0.60
532,596,0.60
533,596,0.90
534,596,1.00
535,596,1.00
536,596,1.00
537,596,1.00
538,596,1.00
539,596,1.00
540,596,1.00
541,596,0.90
542,596,0.60
532,597,0.60
533,597,0.60
534,597,1.00
535,597,1.00
536,597,1.00
537,597,1.00
538,597,1.00
539,597,1.00
540,597,1.00
541,597,0.60
542,597,0.60
532,598,0.60
533,598,0.60
534,598,0.60
535,598,0.90
536,598,1.00
537,598,1.00
538,598,1.00
539,598,0.90
540,598,0.60
541,598,0.60
542,598,0.60
532,599,0.60
533,599,0.60
534,599,0.60
535,599,0.60
536,599,0.60
537,599,0.60
538,599,0.60
539,599,0.60
540,599,0.60
541,599,0.60
542,599,0.60
542,575,0.30
543,575,0.60
544,575,0.60
545,575,0.81
546,575,0.99
547,575,1.00
548,575,1.00
549,575,1.00
550,575,0.99
551,575,0.81
552,575,0.60
542,576,0.30
543,576,0.60
544,576,0.60
545,576,0.75
546,576,0.99
547,576,1.00
548,576,1.00
549,576,0.99
550,576,0.75
551,576,0.60
552,576,0.60
542,577,0.30
543,577,0.60
544,577,0.81
545,577,0.99
546,577,1.00
547,577,1.00
548,577,1.00
549,577,0.99
550,577,0.81
551,577,0.60
552,577,0.60
542,578,0.30
542,579,0.30
542,580,0.30
542,581,0.30
542,582,0.30
542,583,0.30
556,557,0.30
557,557,0.30
558,557,0.30
559,557,0.60
560,557,0.85
561,557,1.00
562,557,1.00
563,557,1.00
564,557,1.00
565,557,1.00
566,557,1.00
556,558,0.30
557,558,0.30
558,558,0.30
559,558,0.75
560,558,1.00
561,558,1.00
562,558,1.00
563,558,1.00
564,558,1.00
565,558,1.00
566,558,1.00
556,559,0.30
557,559,0.30
558,559,0.51
559,559,0.99
560,559,1.00
561,559,1.00
562,559,1.00
563,559,1.00
564,559,1.00
565,559,1.00
566,559,1.00
556,560,0.30
557,560,0.45
558,560,0.69
559,560,1.00
560,560,1.00
561,560,1.00
562,560,1.00
563,560,1.00
564,560,1.00
565,560,1.00
566,560,1.00
556,561,0.30
557,561,0.55
558,561,0.81
559,561,1.00
560,561,1.00
561,561,1.00
562,561,1.00
563,561,1.00
564,561,1.00
565,561,1.00
566,561,0.99
556,562,0.30
557,562,0.58
558,562,0.86
559,562,1.00
560,562,1.00
561,562,1.00
562,562,1.00
563,562,1.00
564,562,1.00
565,562,1.00
566,562,0.75
556,563,0.30
557,563,0.55
558,563,0.81
559,563,1.00
560,563,1.00
561,563,1.00
562,563,1.00
563,563,1.00
564,563,1.00
565,563,0.85
566,563,0.60
556,564,0.30
557,564,0.45
558,564,0.69
559,564,0.91
560,564,1.00
561,564,1.00
562,564,1.00
563,564,0.91
564,564,0.69
565,564,0.45
566,564,0.30
556,565,0.30
557,565,0.30
558,565,0.51
559,565,0.69
560,565,0.81
561,565,0.86
562,565,0.81
563,565,0.69
564,565,0.51
565,565,0.30
566,565,0.30
556,566,0.30
557,566,0.30
558,566,0.30
559,566,0.45
560,566,0.55
561,566,0.58
562,566,0.55
563,566,0.45
564,566,0.30
565,566,0.30
566,566,0.30
556,567,0.30
557,567,0.30
558,567,0.30
559,567,0.30
560,567,0.30
561,567,0.30
562,567,0.30
563,567,0.30
564,567,0.30
565,567,0.30
566,567,0.30
559,553,0.30
560,553,0.30
561,553,0.30
562,553,0.30
563,553,0.30
564,553,0.30
565,553,0.30
566,553,0.30
567,553,0.30
568,553,0.30
569,553,0.30
559,554,0.30
560,554,0.30
561,554,0.30
562,554,0.45
563,554,0.55
564,554,0.58
565,554,0.55
566,554,0.45
567,554,0.30
568,554,0.30
569,554,0.30
559,555,0.30
560,555,0.30
561,555,0.51
562,555,0.69
563,555,0.81
564,555,0.86
565,555,0.81
566,555,0.69
567,555,0.51
568,555,0.30
569,555,0.30
559,556,0.30
560,556,0.45
561,556,0.69
562,556,0.91
563,556,1.00
564,556,1.00
565,556,1.00
566,556,0.91
567,556,0.69
568,556,0.45
569,556,0.30
567,557,0.81
568,557,0.55
569,557,0.30
567,558,0.86
568,558,0.58
569,558,0.30
567,559,0.81
568,559,0.55
569,559,0.30
567,560,0.69
568,560,0.45
569,560,0.30
567,561,0.51
568,561,0.30
569,561,0.30
567,562,0.30
568,562,0.30
569,562,0.30
567,563,0.30
568,563,0.30
569,563,0.30
543,567,0.30
544,567,0.30
545,567,0.30
546,567,0.30
547,567,0.30
548,567,0.30
549,567,0.30
550,567,0.30
551,567,0.30
552,567,0.30
553,567,0.30
543,568,0.30
544,568,0.30
545,568,0.30
546,568,0.45
547,568,0.55
548,568,0.58
549,568,0.55
550,568,0.45
551,568,0.30
552,568,0.30
553,568,0.30
543,569,0.30
544,569,0.30
545,569,0.51
546,569,0.69
547,569,0.81
548,569,0.86
549,569,0.81
550,569,0.69
551,569,0.51
552,569,0.30
553,569,0.30
543,570,0.30
544,570,0.45
545,570,0.69
546,570,0.91
547,570,1.00
548,570,1.00
549,570,1.00
550,570,0.91
551,570,0.69
552,570,0.45
553,570,0.30
543,571,0.30
544,571,0.55
545,571,0.81
546,571,1.00
547,571,1.00
548,571,1.00
549,571,1.00
550,571,1.00
551,571,0.81
552,571,0.55
553,571,0.30
543,572,0.30
544,572,0.58
545,572,0.86
546,572,1.00
547,572,1.00
548,572,1.00
549,572,1.00
550,572,1.00
551,572,0.86
552,572,0.58
553,572,0.30
543,573,0.30
544,573,0.55
545,573,0.81
546,573,1.00
547,573,1.00
548,573,1.00
549,573,1.00
550,573,1.00
551,573,0.81
552,573,0.55
553,573,0.30
543,574,0.30
544,574,0.45
545,574,0.69
546,574,0.91
547,574,1.00
548,574,1.00
549,574,1.00
550,574,0.91
551,574,0.69
552,574,0.45
553,574,0.30
553,575,0.30
553,576,0.30
553,577,0.30
491,619,0.30
492,619,0.30
493,619,0.30
494,619,0.30
495,619,0.30
496,619,0.30
497,619,0.30
498,619,0.30
499,619,0.30
500,619,0.30
501,619,0.30
491,620,0.30
492,620,0.30
493,620,0.30
494,620,0.75
495,620,0.85
496,620,0.88
497,620,0.85
498,620,0.75
499,620,0.60
500,620,0.60
501,620,0.60
491,621,0.30
492,621,0.30
493,621,0.51
494,621,0.99
495,621,1.00
496,621,1.00
497,621,1.00
498,621,1.00
499,621,1.00
500,621,0.85
501,621,0.75
491,622,0.30
492,622,0.45
493,622,0.69
494,622,1.00
495,622,1.00
496,622,1.00
497,622,1.00
498,622,1.00
499,622,1.00
500,622,1.00
501,622,0.99
491,623,0.30
492,623,0.55
493,623,0.81
494,623,1.00
495,623,1.00
496,623,1.00
497,623,1.00
498,623,1.00
499,623,1.00
500,623,1.00
501,623,1.00
491,624,0.90
492,624,1.00
493,624,1.00
494,624,1.00
495,624,1.00
496,624,1.00
497,624,1.00
498,624,1.00
499,624,1.00
500,624,1.00
501,624,1.00
491,625,1.00
492,625,1.00
493,625,1.00
494,625,1.00
495,625,1.00
496,625,1.00
497,625,1.00
491,626,1.00
492,626,1.00
493,626,1.00
494,626,1.00
495,626,1.00
496,626,1.00
497,626,1.00
491,627,1.00
492,627,1.00
493,627,1.00
494,627,1.00
495,627,1.00
496,627,1.00
497,627,1.00
491,628,1.00
492,628,1.00
493,628,1.00
494,628,1.00
495,628,1.00
496,628,1.00
497,628,1.00
491,629,1.00
492,629,1.00
493,629,1.00
494,629,1.00
495,629,1.00
487,624,0.30
488,624,0.60
489,624,0.60
490,624,0.60
487,625,0.30
488,625,0.60
489,625,0.60
490,625,0.75
487,626,0.30
488,626,0.60
489,626,0.81
490,626,1.00
487,627,0.30
488,627,0.75
489,627,1.00
490,627,1.00
487,628,0.30
488,628,0.85
489,628,1.00
490,628,1.00
487,629,0.30
488,629,0.88
489,629,1.00
490,629,1.00
487,630,0.30
488,630,0.85
489,630,1.00
490,630,1.00
491,630,1.00
492,630,1.00
493,630,1.00
494,630,1.00
495,630,1.00
487,631,0.30
488,631,0.75
489,631,1.00
490,631,1.00
491,631,1.00
492,631,1.00
493,631,1.00
494,631,1.00
487,632,0.30
488,632,0.60
489,632,0.81
490,632,1.00
491,632,1.00
492,632,1.00
493,632,1.00
494,632,1.00
487,633,0.30
488,633,0.60
489,633,0.60
490,633,0.75
491,633,0.99
492,633,1.00
493,633,1.00
494,633,0.99
487,634,0.30
488,634,0.60
489,634,0.60
490,634,0.60
491,634,0.60
492,634,0.60
493,634,0.60
494,634,0.60
502,620,0.30
503,620,0.30
504,620,0.30
502,621,0.30
503,621,0.30
504,621,0.30
502,622,0.51
503,622,0.30
504,622,0.30
502,623,0.69
503,623,0.45
504,623,0.30
502,624,0.81
503,624,0.55
504,624,0.30
515,609,0.30
516,609,0.30
517,609,0.30
518,609,0.30
519,609,0.30
520,609,0.30
521,609,0.30
522,609,0.30
523,609,0.30
524,609,0.30
525,609,0.30
515,610,0.30
516,610,0.30
517,610,0.30
518,610,0.45
519,610,0.55
520,610,0.58
521,610,0.55
522,610,0.45
523,610,0.30
524,610,0.30
525,610,0.30
515,611,0.30
516,611,0.30
517,611,0.51
518,611,0.69
519,611,0.81
520,611,0.86
521,611,0.81
522,611,0.69
523,611,0.51
524,611,0.30
525,611,0.30
515,612,0.30
516,612,0.45
517,612,0.69
518,612,0.91
519,612,1.00
520,612,1.00
521,612,1.00
522,612,0.91
523,612,0.69
524,612,0.45
525,612,0.30
515,613,0.30
516,613,0.55
517,613,0.81
518,613,1.00
519,613,1.00
520,613,1.00
521,613,1.00
522,613,1.00
523,613,0.81
524,613,0.55
525,613,0.30
515,614,0.30
516,614,0.58
517,614,0.86
518,614,1.00
519,614,1.00
520,614,1.00
521,614,1.00
522,614,1.00
523,614,0.86
524,614,0.58
525,614,0.30
515,615,0.30
516,615,0.55
517,615,0.81
518,615,1.00
519,615,1.00
520,615,1.00
521,615,1.00
522,615,1.00
523,615,0.81
524,615,0.55
525,615,0.30
515,616,0.30
516,616,0.45
517,616,0.69
518,616,0.91
519,616,1.00
520,616,1.00
521,616,1.00
522,616,0.91
523,616,0.69
524,616,0.45
525,616,0.30
515,617,0.30
516,617,0.30
517,617,0.51
518,617,0.69
519,617,0.81
520,617,0.86
521,617,0.81
522,617,0.69
523,617,0.51
524,617,0.30
525,617,0.30
515,618,0.30
516,618,0.30
517,618,0.30
518,618,0.45
519,618,0.55
520,618,0.58
521,618,0.55
522,618,0.45
523,618,0.30
524,618,0.30
525,618,0.30
515,619,0.30
516,619,0.30
517,619,0.30
518,619,0.30
519,619,0.30
520,619,0.30
521,619,0.30
522,619,0.30
523,619,0.30
530,600,0.30
531,600,0.30
532,600,0.30
533,600,0.30
534,600,0.30
535,600,0.30
536,600,0.30
537,600,0.30
538,600,0.30
539,600,0.30
540,600,0.30
530,601,0.30
531,601,0.30
532,601,0.30
533,601,0.45
534,601,0.55
535,601,0.58
536,601,0.55
537,601,0.45
538,601,0.30
539,601,0.30
540,601,0.30
530,602,0.30
531,602,0.30
532,602,0.51
533,602,0.69
534,602,0.81
535,602,0.86
536,602,0.81
537,602,0.69
538,602,0.51
539,602,0.30
540,602,0.30
530,603,0.30
531,603,0.45
532,603,0.69
533,603,0.91
534,603,1.00
535,603,1.00
536,603,1.00
537,603,0.91
538,603,0.69
539,603,0.45
540,603,0.30
530,604,0.30
531,604,0.55
532,604,0.81
533,604,1.00
534,604,1.00
535,604,1.00
536,604,1.00
537,604,1.00
538,604,0.81
539,604,0.55
540,604,0.30
530,605,0.30
531,605,0.58
532,605,0.86
533,605,1.00
534,605,1.00
535,605,1.00
536,605,1.00
537,605,1.00
538,605,0.86
539,605,0.58
540,605,0.30
530,606,0.30
531,606,0.55
532,606,0.81
533,606,1.00
534,606,1.00
535,606,1.00
536,606,1.00
537,606,1.00
538,606,0.81
539,606,0.55
540,606,0.30
530,607,0.30
531,607,0.45
532,607,0.69
533,607,0.91
534,607,1.00
535,607,1.00
536,607,1.00
537,607,0.91
538,607,0.69
530,608,0.30
531,608,0.30
532,608,0.51
533,608,0.69
534,608,0.81
535,608,0.86
530,609,0.30
531,609,0.30
532,609,0.30
533,609,0.45
534,609,0.55
535,609,0.58
530,610,0.30
531,610,0.30
532,610,0.30
533,610,0.30
534,610,0.30
535,610,0.30
548,589,0.58
549,589,0.55
550,589,0.45
551,589,0.30
552,589,0.30
553,589,0.30
548,590,0.86
549,590,0.81
550,590,0.69
551,590,0.51
552,590,0.30
553,590,0.30
548,591,1.00
549,591,1.00
550,591,0.91
551,591,0.69
552,591,0.45
553,591,0.30
548,592,1.00
549,592,1.00
550,592,1.00
551,592,0.81
552,592,0.55
553,592,0.30
548,593,1.00
549,593,1.00
550,593,1.00
551,593,0.86
552,593,0.58
553,593,0.30
548,594,1.00
549,594,1.00
550,594,1.00
551,594,0.81
552,594,0.55
553,594,0.30
543,595,0.30
544,595,0.45
545,595,0.69
546,595,0.91
547,595,1.00
548,595,1.00
549,595,1.00
550,595,0.91
551,595,0.69
552,595,0.45
553,595,0.30
543,596,0.30
544,596,0.30
545,596,0.51
546,596,0.69
547,596,0.81
548,596,0.86
549,596,0.81
550,596,0.69
551,596,0.51
552,596,0.30
553,596,0.30
543,597,0.30
544,597,0.30
545,597,0.30
546,597,0.45
547,597,0.55
548,597,0.58
549,597,0.55
550,597,0.45
551,597,0.30
552,597,0.30
553,597,0.30
543,598,0.30
544,598,0.30
545,598,0.30
546,598,0.30
547,598,0.30
548,598,0.30
549,598,0.30
550,598,0.30
551,598,0.30
552,598,0.30
553,598,0.30
554,578,0.30
555,578,0.30
556,578,0.60
557,578,0.60
558,578,0.81
559,578,1.00
560,578,1.00
561,578,1.00
562,578,1.00
563,578,1.00
564,578,1.00
554,579,0.30
555,579,0.30
556,579,0.60
557,579,0.90
558,579,1.00
559,579,1.00
560,579,1.00
561,579,1.00
562,579,1.00
563,579,1.00
564,579,1.00
554,580,0.30
555,580,0.30
556,580,0.81
557,580,1.00
558,580,1.00
559,580,1.00
560,580,1.00
561,580,1.00
562,580,1.00
563,580,1.00
564,580,1.00
554,581,0.30
555,581,0.45
556,581,0.99
557,581,1.00
558,581,1.00
554,582,0.30
555,582,0.55
556,582,1.00
557,582,1.00
558,582,1.00
554,583,0.30
555,583,0.58
556,583,1.00
557,583,1.00
558,583,1.00
554,584,0.30
555,584,0.55
556,584,1.00
557,584,1.00
558,584,1.00
554,585,0.30
555,585,0.45
556,585,0.99
557,585,1.00
558,585,1.00
554,586,0.30
555,586,0.30
556,586,0.81
557,586,0.99
558,586,1.00
554,587,0.30
555,587,0.30
556,587,0.30
557,587,0.45
558,587,0.55
554,588,0.30
555,588,0.30
556,588,0.30
557,588,0.30
558,588,0.30
556,576,0.30
557,576,0.30
558,576,0.30
559,576,0.60
560,576,1.00
561,576,1.00
562,576,1.00
563,576,1.00
564,576,1.00
565,576,1.00
566,576,1.00
556,577,0.30
557,577,0.30
558,577,0.30
559,577,0.75
560,577,1.00
561,577,1.00
562,577,1.00
563,577,1.00
564,577,1.00
565,577,1.00
566,577,1.00
565,578,1.00
566,578,1.00
565,579,1.00
566,579,1.00
565,580,1.00
566,580,1.00
559,572,0.30
560,572,0.60
561,572,0.60
562,572,0.81
563,572,0.99
564,572,1.00
565,572,1.00
566,572,1.00
567,572,0.99
568,572,0.81
569,572,0.60
559,573,0.30
560,573,0.60
561,573,0.75
562,573,1.00
563,573,1.00
564,573,1.00
565,573,1.00
566,573,1.00
567,573,1.00
568,573,0.99
569,573,0.75
559,574,0.30
560,574,0.60
561,574,1.00
562,574,1.00
563,574,1.00
564,574,1.00
565,574,1.00
566,574,1.00
567,574,1.00
568,574,1.00
569,574,0.85
559,575,0.30
560,575,0.75
561,575,1.00
562,575,1.00
563,575,1.00
564,575,1.00
565,575,1.00
566,575,1.00
567,575,1.00
568,575,1.00
569,575,0.88
567,576,1.00
568,576,1.00
569,576,0.85
567,577,1.00
568,577,1.00
569,577,0.75
567,578,1.00
568,578,1.00
569,578,0.60
567,579,1.00
568,579,0.75
569,579,0.60
567,580,0.81
568,580,0.60
569,580,0.60
560,570,0.30
561,570,0.30
562,570,0.30
563,570,0.30
564,570,0.30
565,570,0.30
566,570,0.30
567,570,0.30
568,570,0.30
569,570,0.30
570,570,0.30
560,571,0.30
561,571,0.30
562,571,0.30
563,571,0.45
564,571,0.55
565,571,0.58
566,571,0.55
567,571,0.45
568,571,0.30
569,571,0.30
570,571,0.30
570,572,0.30
570,573,0.30
570,574,0.30
570,575,0.30
570,576,0.30
570,577,0.30
570,578,0.30
570,579,0.30
570,580,0.30

560,570,1.00
561,570,1.00
562,570,1.00
563,570,1.00
564,570,1.00
565,570,1.00
566,570,1.00
567,570,1.00
568,570,1.00
569,570,0.60
570,570,0.60
560,571,1.00
561,571,1.00
562,571,0.99
563,571,1.00
564,571,1.00
565,571,1.00
566,571,1.00
567,571,1.00
568,571,0.99
569,571,0.75
570,571,0.60
560,572,1.00
561,572,1.00
562,572,1.00
563,572,1.00
564,572,1.00
565,572,1.00
566,572,1.00
567,572,1.00
568,572,1.00
569,572,0.85
570,572,0.60
560,573,0.90
561,573,1.00
562,573,1.00
563,573,1.00
564,573,1.00
565,573,1.00
566,573,1.00
567,573,1.00
568,573,1.00
569,573,1.00
570,573,0.60
560,574,0.90
561,574,1.00
562,574,1.00
563,574,1.00
564,574,1.00
565,574,1.00
566,574,1.00
567,574,1.00
568,574,1.00
569,574,1.00
570,574,0.90
560,575,0.90
561,575,1.00
562,575,1.00
563,575,1.00
564,575,1.00
565,575,1.00
566,575,1.00
567,575,1.00
568,575,1.00
569,575,1.00
570,575,0.90
560,576,0.60
561,576,1.00
562,576,1.00
563,576,1.00
564,576,1.00
565,576,1.00
566,576,1.00
567,576,1.00
568,576,1.00
569,576,1.00
570,576,0.90
560,577,0.60
561,577,1.00
562,577,1.00
563,577,1.00
564,577,1.00
565,577,1.00
566,577,1.00
567,577,1.00
568,577,1.00
569,577,1.00
570,577,1.00
560,578,0.60
561,578,0.90
562,578,1.00
563,578,1.00
564,578,1.00
565,578,1.00
566,578,1.00
567,578,1.00
568,578,1.00
569,578,1.00
570,578,1.00
560,579,0.30
561,579,0.60
562,579,0.88
563,579,1.00
564,579,1.00
565,579,1.00
566,579,1.00
567,579,1.00
568,579,1.00
569,579,1.00
570,579,0.88
560,580,0.30
561,580,0.60
562,580,0.85
563,580,1.00
564,580,1.00
565,580,1.00
566,580,1.00
567,580,1.00
568,580,1.00
569,580,1.00
570,580,0.85
560,568,1.00
561,568,1.00
562,568,1.00
563,568,1.00
564,568,1.00
565,568,1.00
566,568,1.00
567,568,1.00
568,568,1.00
569,568,1.00
570,568,1.00
560,569,1.00
561,569,1.00
562,569,1.00
563,569,1.00
564,569,1.00
565,569,1.00
566,569,1.00
567,569,1.00
568,569,1.00
569,569,0.90
570,569,0.90
560,559,0.90
561,559,0.90
562,559,0.60
563,559,0.75
564,559,0.85
565,559,1.00
566,559,1.00
567,559,1.00
568,559,0.90
569,559,0.90
570,559,0.90
560,560,0.90
561,560,0.90
562,560,1.00
563,560,1.00
564,560,1.00
565,560,1.00
566,560,1.00
567,560,1.00
568,560,1.00
569,560,1.00
570,560,1.00
560,561,0.90
561,561,1.00
562,561,1.00
563,561,1.00
564,561,1.00
565,561,1.00
566,561,1.00
567,561,1.00
568,561,1.00
569,561,1.00
570,561,1.00
560,562,1.00
561,562,1.00
562,562,1.00
563,562,1.00
564,562,1.00
565,562,1.00
566,562,1.00
567,562,1.00
568,562,1.00
569,562,1.00
570,562,1.00
560,563,1.00
561,563,1.00
562,563,1.00
563,563,1.00
564,563,1.00
565,563,1.00
566,563,1.00
567,563,1.00
568,563,1.00
569,563,1.00
570,563,1.00
560,564,1.00
561,564,1.00
562,564,1.00
563,564,1.00
564,564,1.00
565,564,1.00
566,564,1.00
567,564,1.00
568,564,1.00
569,564,1.00
570,564,1.00
560,565,1.00
561,565,1.00
562,565,1.00
563,565,1.00
564,565,1.00
565,565,1.00
566,565,1.00
567,565,1.00
568,565,1.00
569,565,1.00
570,565,1.00
560,566,1.00
561,566,1.00
562,566,1.00
563,566,1.00
564,566,1.00
565,566,1.00
566,566,1.00
567,566,1.00
568,566,1.00
569,566,1.00
570,566,1.00
560,567,1.00
561,567,1.00
562,567,1.00
563,567,1.00
564,567,1.00
565,567,1.00
566,567,1.00
567,567,1.00
568,567,1.00
569,567,1.00
570,567,1.00
560,558,1.00
561,558,1.00
562,558,0.90
563,558,0.60
564,558,0.60
565,558,0.60
566,558,0.60
567,558,0.60
568,558,0.60
569,558,0.60
570,558,0.60
558,560,0.30
559,560,0.30
558,561,0.30
559,561,0.30
558,562,0.30
559,562,0.30
558,563,0.30
559,563,0.45
558,564,0.30
559,564,0.55
558,565,0.60
559,565,0.88
558,566,0.75
559,566,0.85
558,567,0.99
559,567,0.96
558,568,1.00
559,568,0.99
558,569,1.00
559,569,1.00
558,570,1.00
559,570,1.00
551,565,0.60
552,565,0.60
553,565,0.60
554,565,0.60
555,565,0.60
556,565,0.60
557,565,0.30
551,566,0.30
552,566,0.30
553,566,0.30
554,566,0.45
555,566,0.55
556,566,0.58
557,566,0.55
551,567,0.30
552,567,0.30
553,567,0.51
554,567,0.69
555,567,0.81
556,567,0.86
557,567,0.81
551,568,0.30
552,568,0.45
553,568,0.69
554,568,0.91
555,568,1.00
556,568,1.00
557,568,1.00
551,569,0.30
552,569,0.55
553,569,0.81
554,569,1.00
555,569,1.00
556,569,1.00
557,569,1.00
551,570,0.30
552,570,0.58
553,570,0.86
554,570,1.00
555,570,1.00
556,570,1.00
557,570,1.00
551,571,0.30
552,571,0.55
553,571,0.81
554,571,1.00
555,571,1.00
556,571,1.00
557,571,1.00
558,571,1.00
559,571,0.81
551,572,0.30
552,572,0.45
553,572,0.69
554,572,0.91
555,572,1.00
556,572,1.00
557,572,1.00
558,572,0.91
559,572,0.69
551,573,0.30
552,573,0.30
553,573,0.51
554,573,0.69
555,573,0.81
556,573,0.86
557,573,0.81
558,573,0.69
559,573,0.51
551,574,0.30
552,574,0.30
553,574,0.30
554,574,0.45
555,574,0.55
556,574,0.58
557,574,0.55
558,574,0.45
559,574,0.30
551,575,0.30
552,575,0.30
553,575,0.30
554,575,0.30
555,575,0.30
556,575,0.30
557,575,0.30
558,575,0.30
559,575,0.30
534,583,0.30
535,583,0.30
536,583,0.30
537,583,0.30
538,583,0.30
539,583,0.30
540,583,0.30
541,583,0.30
542,583,0.30
543,583,0.30
544,583,0.30
534,584,0.30
535,584,0.30
536,584,0.30
537,584,0.45
538,584,0.55
539,584,0.58
540,584,0.55
541,584,0.45
542,584,0.30
543,584,0.30
544,584,0.30
534,585,0.30
535,585,0.30
536,585,0.51
537,585,0.69
538,585,0.81
539,585,0.86
540,585,0.81
541,585,0.69
542,585,0.51
543,585,0.30
544,585,0.30
534,586,0.30
535,586,0.45
536,586,0.69
537,586,0.91
538,586,1.00
539,586,1.00
540,586,1.00
541,586,0.91
542,586,0.69
543,586,0.45
544,586,0.30
534,587,0.30
535,587,0.55
536,587,0.81
537,587,1.00
538,587,1.00
539,587,1.00
540,587,1.00
541,587,1.00
542,587,0.81
543,587,0.55
544,587,0.30
534,588,0.30
535,588,0.58
536,588,0.86
537,588,1.00
538,588,1.00
539,588,1.00
540,588,1.00
541,588,1.00
542,588,0.86
543,588,0.58
544,588,0.30
534,589,0.30
535,589,0.55
536,589,0.81
537,589,1.00
538,589,1.00
539,589,1.00
540,589,1.00
541,589,1.00
542,589,0.81
543,589,0.55
544,589,0.30
534,590,0.90
535,590,1.00
536,590,0.99
537,590,0.91
538,590,1.00
539,590,1.00
540,590,1.00
541,590,0.91
542,590,0.69
543,590,0.45
544,590,0.30
534,591,1.00
535,591,0.90
536,591,0.81
537,591,0.69
538,591,0.81
539,591,0.86
540,591,0.81
541,591,0.69
542,591,0.51
543,591,0.30
544,591,0.30
534,592,1.00
535,592,0.90
536,592,0.60
537,592,0.45
538,592,0.55
539,592,0.58
540,592,0.55
541,592,0.45
542,592,0.30
543,592,0.30
544,592,0.30
534,593,1.00
535,593,1.00
536,593,0.60
537,593,0.30
538,593,0.30
539,593,0.30
540,593,0.30
541,593,0.30
542,593,0.30
543,593,0.30
544,593,0.30
526,605,0.60
527,605,0.60
528,605,0.30
529,605,0.30
530,605,0.30
531,605,0.30
532,605,0.30
533,605,0.30
534,605,0.30
535,605,0.30
536,605,0.30
526,606,0.30
527,606,0.30
528,606,0.30
529,606,0.45
530,606,0.55
531,606,0.58
532,606,0.55
533,606,0.45
534,606,0.30
535,606,0.30
536,606,0.30
526,607,0.30
527,607,0.30
528,607,0.51
529,607,0.69
530,607,0.81
531,607,0.86
532,607,0.81
533,607,0.69
534,607,0.51
535,607,0.30
536,607,0.30
526,608,0.30
527,608,0.45
528,608,0.69
529,608,0.91
530,608,1.00
531,608,1.00
532,608,1.00
533,608,0.91
534,608,0.69
535,608,0.45
536,608,0.30
526,609,0.30
527,609,0.55
528,609,0.81
529,609,1.00
530,609,1.00
531,609,1.00
532,609,1.00
533,609,1.00
534,609,0.81
535,609,0.55
536,609,0.30
526,610,0.30
527,610,0.58
528,610,0.86
529,610,1.00
530,610,1.00
531,610,1.00
532,610,1.00
533,610,1.00
534,610,0.86
535,610,0.58
536,610,0.30
526,611,0.30
527,611,0.55
528,611,0.81
529,611,1.00
530,611,1.00
531,611,1.00
532,611,1.00
533,611,1.00
534,611,0.81
535,611,0.55
536,611,0.30
526,612,0.30
527,612,0.45
528,612,0.69
529,612,0.91
530,612,1.00
531,612,1.00
532,612,1.00
533,612,0.91
534,612,0.69
535,612,0.45
536,612,0.30
526,613,0.30
527,613,0.30
528,613,0.51
529,613,0.69
530,613,0.81
531,613,0.86
532,613,0.81
533,613,0.69
534,613,0.51
535,613,0.30
536,613,0.30
526,614,0.30
527,614,0.30
528,614,0.30
529,614,0.45
530,614,0.55
531,614,0.58
532,614,0.55
533,614,0.45
534,614,0.30
535,614,0.30
536,614,0.30
526,615,0.30
527,615,0.30
528,615,0.30
529,615,0.30
530,615,0.30
531,615,0.30
532,615,0.30
533,615,0.30
534,615,0.30
535,615,0.30
536,615,0.30
522,618,0.30
523,618,0.30
524,618,0.30
525,618,0.30
526,618,0.30
527,618,0.30
528,618,0.30
529,618,0.30
530,618,0.30
531,618,0.30
532,618,0.30
522,619,0.30
523,619,0.30
524,619,0.30
525,619,0.45
526,619,0.55
527,619,0.58
528,619,0.55
529,619,0.45
530,619,0.30
531,619,0.30
532,619,0.30
522,620,0.30
523,620,0.30
524,620,0.51
525,620,0.69
526,620,0.81
527,620,0.86
528,620,0.81
529,620,0.69
530,620,0.51
531,620,0.30
532,620,0.30
522,621,0.30
523,621,0.45
524,621,0.69
525,621,0.91
526,621,1.00
527,621,1.00
528,621,1.00
529,621,0.91
530,621,0.69
531,621,0.45
532,621,0.30
522,622,0.90
523,622,0.85
524,622,1.00
525,622,1.00
526,622,1.00
527,622,1.00
528,622,1.00
529,622,1.00
530,622,1.00
531,622,0.55
532,622,0.30
522,623,1.00
523,623,1.00
524,623,1.00
525,623,1.00
526,623,1.00
527,623,1.00
528,623,1.00
529,623,1.00
530,623,1.00
531,623,0.58
532,623,0.30
522,624,1.00
523,624,1.00
524,624,1.00
525,624,1.00
526,624,1.00
527,624,1.00
528,624,1.00
529,624,1.00
530,624,1.00
531,624,0.55
532,624,0.30
522,625,1.00
523,625,1.00
524,625,1.00
525,625,1.00
526,625,1.00
527,625,1.00
528,625,1.00
529,625,1.00
530,625,0.99
531,625,0.45
532,625,0.30
522,626,1.00
523,626,1.00
524,626,1.00
525,626,1.00
526,626,1.00
527,626,1.00
528,626,1.00
529,626,1.00
530,626,0.81
531,626,0.30
532,626,0.30
522,627,1.00
523,627,1.00
524,627,1.00
525,627,1.00
526,627,1.00
527,627,1.00
528,627,1.00
529,627,1.00
530,627,0.60
531,627,0.30
532,627,0.30
522,628,1.00
523,628,1.00
524,628,1.00
525,628,1.00
526,628,1.00
527,628,1.00
528,628,1.00
529,628,1.00
530,628,0.60
531,628,0.30
532,628,0.30
520,622,0.60
521,622,0.60
520,623,1.00
521,623,1.00
520,624,1.00
521,624,1.00
520,625,1.00
521,625,1.00
520,626,1.00
521,626,1.00
520,627,1.00
521,627,1.00
520,628,1.00
521,628,1.00
520,629,1.00
521,629,1.00
522,629,1.00
523,629,1.00
524,629,1.00
525,629,1.00
526,629,1.00
527,629,1.00
528,629,1.00
529,629,0.75
530,629,0.30
520,630,1.00
521,630,1.00
522,630,1.00
523,630,1.00
524,630,1.00
525,630,1.00
526,630,1.00
527,630,1.00
528,630,0.96
529,630,0.60
530,630,0.30
520,631,1.00
521,631,1.00
522,631,1.00
523,631,1.00
524,631,1.00
525,631,1.00
526,631,1.00
527,631,0.96
528,631,0.60
529,631,0.60
530,631,0.30
520,632,1.00
521,632,1.00
522,632,1.00
523,632,1.00
524,632,1.00
525,632,1.00
526,632,1.00
527,632,0.60
528,632,0.60
529,632,0.60
530,632,0.30
519,623,1.00
519,624,1.00
519,625,1.00
519,626,1.00
519,627,1.00
519,628,1.00
519,629,1.00
519,630,1.00
519,631,1.00
519,632,1.00
519,633,0.60
520,633,0.60
521,633,0.60
522,633,0.60
523,633,0.60
524,633,0.60
525,633,0.60
526,633,0.60
527,633,0.30
528,633,0.30
529,633,0.30
516,623,0.85
517,623,0.88
518,623,0.85
516,624,1.00
517,624,1.00
518,624,1.00
516,625,1.00
517,625,1.00
518,625,1.00
516,626,1.00
517,626,1.00
518,626,1.00
516,627,1.00
517,627,1.00
518,627,1.00
516,628,1.00
517,628,1.00
518,628,1.00
516,629,1.00
517,629,1.00
518,629,1.00
516,630,1.00
517,630,1.00
518,630,1.00
516,631,0.85
517,631,0.88
518,631,1.00
516,632,0.60
517,632,0.60
518,632,0.60
516,633,0.30
517,633,0.30
518,633,0.30
512,622,0.30
513,622,0.30
514,622,0.30
515,622,0.30
516,622,0.30
517,622,0.30
518,622,0.30
519,622,0.30
512,623,0.30
513,623,0.30
514,623,0.30
515,623,0.45
512,624,0.30
513,624,0.30
514,624,0.51
515,624,0.69
512,625,0.30
513,625,0.45
514,625,0.69
515,625,0.91
512,626,0.30
513,626,0.55
514,626,0.81
515,626,1.00
512,627,0.30
513,627,0.58
514,627,0.86
515,627,1.00
512,628,0.30
513,628,0.55
514,628,0.81
515,628,1.00
512,629,0.30
513,629,0.45
514,629,0.69
515,629,0.91
512,630,0.30
513,630,0.30
514,630,0.51
515,630,0.69
512,631,0.30
513,631,0.30
514,631,0.30
515,631,0.45
512,632,0.30
513,632,0.30
514,632,0.30
515,632,0.30
517,595,0.30
518,595,0.30
519,595,0.30
520,595,0.30
521,595,0.30
522,595,0.30
523,595,0.30
524,595,0.90
525,595,1.00
526,595,1.00
527,595,1.00
517,596,0.30
518,596,0.30
519,596,0.30
520,596,0.45
521,596,0.55
522,596,0.58
523,596,0.55
524,596,1.00
525,596,1.00
526,596,1.00
527,596,1.00
517,597,0.30
518,597,0.30
519,597,0.51
520,597,0.69
521,597,0.81
522,597,0.86
523,597,0.81
524,597,1.00
525,597,1.00
526,597,1.00
527,597,1.00
517,598,0.30
518,598,0.45
519,598,0.69
520,598,0.91
521,598,1.00
522,598,1.00
523,598,1.00
524,598,1.00
525,598,1.00
526,598,1.00
527,598,1.00
517,599,0.30
518,599,0.55
519,599,0.81
520,599,1.00
521,599,1.00
522,599,1.00
523,599,1.00
524,599,1.00
525,599,1.00
526,599,1.00
527,599,1.00
517,600,0.30
518,600,0.58
519,600,0.86
520,600,1.00
521,600,1.00
522,600,1.00
523,600,1.00
524,600,1.00
525,600,1.00
526,600,1.00
527,600,1.00
517,601,0.30
518,601,0.55
519,601,0.81
520,601,1.00
521,601,1.00
522,601,1.00
523,601,1.00
524,601,1.00
525,601,1.00
526,601,1.00
527,601,1.00
517,602,0.30
518,602,0.45
519,602,0.69
520,602,0.91
521,602,1.00
522,602,1.00
523,602,1.00
524,602,1.00
525,602,0.99
526,602,0.75
527,602,0.60
517,603,0.30
518,603,0.30
519,603,0.51
520,603,0.69
521,603,0.81
522,603,0.86
523,603,0.81
524,603,0.69
525,603,0.51
526,603,0.30
527,603,0.30
517,604,0.30
518,604,0.30
519,604,0.30
520,604,0.45
521,604,0.55
522,604,0.58
523,604,0.55
524,604,0.45
525,604,0.30
526,604,0.30
527,604,0.30
517,605,0.30
518,605,0.30
519,605,0.30
520,605,0.30
521,605,0.30
522,605,0.30
523,605,0.30
524,605,0.30
525,605,0.30
546,555,0.30
547,555,0.30
548,555,0.30
549,555,0.30
550,555,0.30
551,555,0.60
552,555,1.00
553,555,1.00
554,555,1.00
555,555,1.00
556,555,1.00
546,556,0.30
547,556,0.30
548,556,0.30
549,556,0.45
550,556,0.55
551,556,0.88
552,556,1.00
553,556,1.00
554,556,1.00
555,556,1.00
556,556,1.00
546,557,0.30
547,557,0.30
548,557,0.51
549,557,0.69
550,557,0.81
551,557,1.00
552,557,1.00
553,557,1.00
554,557,1.00
555,557,1.00
556,557,1.00
546,558,0.30
547,558,0.45
548,558,0.69
549,558,0.91
550,558,1.00
551,558,1.00
552,558,1.00
553,558,1.00
554,558,1.00
555,558,1.00
556,558,1.00
546,559,0.30
547,559,0.55
548,559,0.81
549,559,1.00
550,559,1.00
551,559,1.00
552,559,1.00
553,559,1.00
554,559,1.00
555,559,0.85
556,559,0.60
546,560,0.30
547,560,0.58
548,560,0.86
549,560,1.00
550,560,1.00
551,560,1.00
552,560,1.00
553,560,1.00
554,560,0.86
555,560,0.58
556,560,0.30
546,561,0.30
547,561,0.55
548,561,0.81
549,561,1.00
550,561,1.00
551,561,1.00
552,561,1.00
553,561,1.00
554,561,0.81
555,561,0.55
556,561,0.30
546,562,0.60
547,562,0.75
548,562,0.99
549,562,1.00
550,562,1.00
551,562,1.00
552,562,1.00
553,562,0.91
554,562,0.69
555,562,0.45
556,562,0.30
546,563,0.85
547,563,0.75
548,563,0.81
549,563,0.99
550,563,1.00
551,563,0.86
552,563,0.81
553,563,0.69
554,563,0.51
555,563,0.30
556,563,0.30
546,564,1.00
547,564,0.99
548,564,0.81
549,564,0.75
550,564,0.85
551,564,0.58
552,564,0.55
553,564,0.45
554,564,0.30
555,564,0.30
556,564,0.30
546,565,1.00
547,565,1.00
548,565,0.99
549,565,0.75
550,565,0.60
551,549,0.30
552,549,0.60
553,549,0.60
554,549,0.60
555,549,0.75
556,549,0.85
557,549,1.00
558,549,1.00
559,549,1.00
560,549,1.00
561,549,1.00
551,550,0.30
552,550,0.60
553,550,0.60
554,550,0.96
555,550,1.00
556,550,1.00
557,550,1.00
558,550,1.00
559,550,1.00
560,550,1.00
561,550,1.00
551,551,0.30
552,551,0.60
553,551,0.96
554,551,1.00
555,551,1.00
556,551,1.00
557,551,1.00
558,551,1.00
559,551,1.00
560,551,1.00
561,551,1.00
551,552,0.30
552,552,0.75
553,552,1.00
554,552,1.00
555,552,1.00
556,552,1.00
557,552,1.00
558,552,1.00
559,552,1.00
560,552,1.00
561,552,1.00
551,553,0.30
552,553,0.85
553,553,1.00
554,553,1.00
555,553,1.00
556,553,1.00
557,553,1.00
558,553,1.00
559,553,1.00
560,553,1.00
561,553,1.00
551,554,0.30
552,554,0.88
553,554,1.00
554,554,1.00
555,554,1.00
556,554,1.00
557,554,1.00
558,554,1.00
559,554,1.00
560,554,1.00
561,554,1.00
557,555,1.00
558,555,1.00
559,555,1.00
560,555,1.00
561,555,1.00
557,556,1.00
558,556,1.00
559,556,1.00
560,556,1.00
561,556,0.90
557,557,1.00
558,557,1.00
559,557,0.96
560,557,0.90
561,557,0.90
557,558,0.85
558,558,0.75
559,558,0.60
557,559,0.30
558,559,0.30
559,559,0.30
552,548,0.30
553,548,0.30
554,548,0.30
555,548,0.30
556,548,0.30
557,548,0.60
558,548,0.75
559,548,0.99
560,548,1.00
561,548,1.00
562,548,1.00
562,549,1.00
562,550,1.00
562,551,1.00
562,552,1.00
562,553,1.00
562,554,1.00
562,555,0.99
562,556,0.81
562,557,0.60
557,541,0.30
558,541,0.60
559,541,0.88
560,541,1.00
561,541,1.00
562,541,1.00
563,541,1.00
564,541,1.00
565,541,1.00
566,541,1.00
567,541,0.88
557,542,0.30
558,542,0.60
559,542,0.85
560,542,1.00
561,542,1.00
562,542,1.00
563,542,1.00
564,542,1.00
565,542,1.00
566,542,1.00
567,542,0.85
557,543,0.30
558,543,0.60
559,543,0.96
560,543,1.00
561,543,1.00
562,543,1.00
563,543,1.00
564,543,1.00
565,543,1.00
566,543,0.99
567,543,0.75
557,544,0.30
558,544,0.75
559,544,0.99
560,544,1.00
561,544,1.00
562,544,1.00
563,544,1.00
564,544,1.00
565,544,1.00
566,544,0.96
567,544,0.60
557,545,0.30
558,545,0.85
559,545,1.00
560,545,1.00
561,545,1.00
562,545,1.00
563,545,1.00
564,545,1.00
565,545,1.00
566,545,0.85
567,545,0.60
557,546,0.30
558,546,0.88
559,546,1.00
560,546,1.00
561,546,1.00
562,546,1.00
563,546,1.00
564,546,1.00
565,546,1.00
566,546,0.88
567,546,0.60
557,547,0.30
558,547,0.55
559,547,0.81
560,547,1.00
561,547,1.00
562,547,1.00
563,547,1.00
564,547,1.00
565,547,0.81
566,547,0.55
567,547,0.30
563,548,1.00
564,548,1.00
565,548,0.99
566,548,0.75
567,548,0.60
563,549,1.00
564,549,1.00
565,549,1.00
566,549,0.85
567,549,0.75
563,550,1.00
564,550,1.00
565,550,1.00
566,550,1.00
567,550,0.99
563,551,1.00
564,551,1.00
565,551,1.00
566,551,1.00
567,551,1.00
564,530,1.00
565,530,1.00
566,530,1.00
567,530,1.00
568,530,1.00
569,530,1.00
570,530,1.00
571,530,1.00
572,530,1.00
573,530,1.00
574,530,1.00
564,531,1.00
565,531,1.00
566,531,1.00
567,531,1.00
568,531,1.00
569,531,1.00
570,531,1.00
571,531,1.00
572,531,1.00
573,531,1.00
574,531,1.00
564,532,1.00
565,532,1.00
566,532,1.00
567,532,1.00
568,532,1.00
569,532,1.00
570,532,1.00
571,532,1.00
572,532,1.00
573,532,1.00
574,532,1.00
564,533,1.00
565,533,1.00
566,533,1.00
567,533,1.00
568,533,1.00
569,533,1.00
570,533,1.00
571,533,1.00
572,533,1.00
573,533,1.00
574,533,1.00
564,534,1.00
565,534,1.00
566,534,1.00
567,534,1.00
568,534,1.00
569,534,1.00
570,534,1.00
571,534,1.00
572,534,1.00
573,534,1.00
574,534,1.00
564,535,1.00
565,535,1.00
566,535,1.00
567,535,1.00
568,535,1.00
569,535,1.00
570,535,1.00
571,535,1.00
572,535,1.00
573,535,1.00
574,535,1.00
564,536,1.00
565,536,1.00
566,536,1.00
567,536,1.00
568,536,1.00
569,536,1.00
570,536,1.00
571,536,1.00
572,536,1.00
573,536,1.00
574,536,1.00
564,537,1.00
565,537,1.00
566,537,1.00
567,537,1.00
568,537,1.00
569,537,1.00
570,537,1.00
571,537,1.00
572,537,1.00
573,537,1.00
574,537,1.00
564,538,1.00
565,538,1.00
566,538,1.00
567,538,1.00
568,538,1.00
569,538,1.00
570,538,1.00
571,538,1.00
572,538,1.00
573,538,1.00
574,538,1.00
564,539,1.00
565,539,1.00
566,539,1.00
567,539,1.00
568,539,1.00
569,539,1.00
570,539,1.00
571,539,1.00
572,539,1.00
573,539,1.00
574,539,1.00
564,540,1.00
565,540,1.00
566,540,1.00
567,540,0.85
568,540,0.60
569,540,0.30
570,540,0.30
571,540,0.30
572,540,0.30
573,540,0.60
574,540,0.60
564,529,0.90
565,529,0.90
566,529,0.90
567,529,0.90
568,529,0.90
569,529,0.90
570,529,0.90
571,529,0.90
572,529,0.90
573,529,1.00
574,529,1.00
558,536,0.30
559,536,0.30
560,536,0.30
561,536,0.30
562,536,0.30
563,536,0.30
558,537,0.30
559,537,0.30
560,537,0.30
561,537,0.45
562,537,0.55
563,537,0.58
558,538,0.30
559,538,0.30
560,538,0.51
561,538,0.69
562,538,0.81
563,538,0.86
558,539,0.30
559,539,0.45
560,539,0.69
561,539,0.91
562,539,1.00
563,539,1.00
558,540,0.30
559,540,0.55
560,540,0.81
561,540,1.00
562,540,1.00
563,540,1.00
568,541,0.30
568,542,0.30
568,543,0.30
568,544,0.30
568,545,0.30
568,546,0.30
540,562,0.30
541,562,0.30
542,562,0.30
543,562,0.30
544,562,0.30
545,562,0.30
540,563,0.30
541,563,0.30
542,563,0.30
543,563,0.45
544,563,0.55
545,563,0.58
540,564,0.30
541,564,0.30
542,564,0.51
543,564,0.69
544,564,0.81
545,564,0.86
540,565,0.30
541,565,0.45
542,565,0.69
543,565,0.91
544,565,1.00
545,565,1.00
540,566,0.30
541,566,0.55
542,566,0.81
543,566,1.00
544,566,1.00
545,566,1.00
546,566,1.00
547,566,1.00
548,566,0.81
549,566,0.55
550,566,0.30
540,567,0.30
541,567,0.58
542,567,0.86
543,567,1.00
544,567,1.00
545,567,1.00
546,567,1.00
547,567,1.00
548,567,0.86
549,567,0.58
550,567,0.30
540,568,0.30
541,568,0.55
542,568,0.81
543,568,1.00
544,568,1.00
545,568,1.00
546,568,1.00
547,568,1.00
548,568,0.81
549,568,0.55
550,568,0.30
540,569,0.60
541,569,0.75
542,569,0.99
543,569,1.00
544,569,1.00
545,569,1.00
546,569,1.00
547,569,1.00
548,569,0.99
549,569,0.45
550,569,0.30
540,570,0.60
541,570,0.75
542,570,1.00
543,570,1.00
544,570,1.00
545,570,1.00
546,570,1.00
547,570,0.99
548,570,0.81
549,570,0.30
550,570,0.30
540,571,0.81
541,571,0.99
542,571,1.00
543,571,1.00
544,571,1.00
545,571,1.00
546,571,1.00
547,571,0.75
548,571,0.60
549,571,0.30
550,571,0.30
540,572,0.99
541,572,1.00
542,572,1.00
543,572,1.00
544,572,1.00
545,572,1.00
546,572,0.99
547,572,0.75
548,572,0.60
549,572,0.30
550,572,0.30
526,590,0.60
527,590,0.60
528,590,0.60
529,590,0.60
530,590,0.60
531,590,0.60
532,590,0.60
533,590,0.60
526,591,0.90
527,591,0.90
528,591,1.00
529,591,1.00
530,591,1.00
531,591,1.00
532,591,1.00
533,591,1.00
526,592,1.00
527,592,1.00
528,592,1.00
529,592,1.00
530,592,1.00
531,592,1.00
532,592,1.00
533,592,1.00
526,593,1.00
527,593,1.00
528,593,1.00
529,593,1.00
530,593,1.00
531,593,1.00
532,593,1.00
533,593,1.00
526,594,1.00
527,594,1.00
528,594,1.00
529,594,1.00
530,594,1.00
531,594,1.00
532,594,1.00
533,594,1.00
534,594,1.00
535,594,0.85
536,594,0.30
528,595,1.00
529,595,1.00
530,595,1.00
531,595,1.00
532,595,1.00
533,595,1.00
534,595,1.00
535,595,0.88
536,595,0.30
528,596,1.00
529,596,1.00
530,596,1.00
531,596,1.00
532,596,1.00
533,596,1.00
534,596,1.00
535,596,0.85
536,596,0.30
528,597,1.00
529,597,1.00
530,597,1.00
531,597,1.00
532,597,1.00
533,597,1.00
534,597,1.00
535,597,0.75
536,597,0.30
528,598,1.00
529,598,1.00
530,598,1.00
531,598,1.00
532,598,1.00
533,598,1.00
534,598,1.00
535,598,0.60
536,598,0.30
528,599,1.00
529,599,1.00
530,599,1.00
531,599,1.00
532,599,1.00
533,599,1.00
534,599,1.00
535,599,0.60
536,599,0.30
528,600,1.00
529,600,1.00
530,600,1.00
531,600,1.00
532,600,1.00
533,600,1.00
534,600,1.00
535,600,0.60
536,600,0.30
524,592,0.60
525,592,0.90
524,593,0.60
525,593,0.90
524,594,0.60
525,594,1.00
528,601,0.85
529,601,0.88
530,601,0.85
531,601,0.75
532,601,0.60
533,601,0.60
534,601,0.60
528,602,0.30
529,602,0.30
530,602,0.30
531,602,0.30
532,602,0.30
533,602,0.30
534,602,0.30
524,591,0.30
525,591,0.60
525,590,0.30
538,569,0.30
539,569,0.30
538,570,0.30
539,570,0.30
538,571,0.30
539,571,0.30
538,572,0.30
539,572,0.45
538,573,0.30
539,573,0.55
540,573,0.81
541,573,1.00
542,573,1.00
543,573,1.00
544,573,1.00
545,573,1.00
546,573,0.81
547,573,0.55
548,573,0.30
538,574,0.30
539,574,0.58
540,574,0.86
541,574,1.00
542,574,1.00
543,574,1.00
544,574,1.00
545,574,1.00
546,574,0.86
547,574,0.58
548,574,0.30
538,575,0.30
539,575,0.55
540,575,0.81
541,575,1.00
542,575,1.00
543,575,1.00
544,575,1.00
545,575,1.00
546,575,0.81
547,575,0.55
548,575,0.30
538,576,0.30
539,576,0.45
540,576,0.69
541,576,0.91
542,576,1.00
543,576,1.00
544,576,1.00
545,576,0.91
546,576,0.69
547,576,0.45
548,576,0.30
538,577,0.30
539,577,0.30
540,577,0.51
541,577,0.69
542,577,0.81
543,577,0.86
544,577,0.81
545,577,0.69
546,577,0.51
547,577,0.30
548,577,0.30
538,578,0.30
539,578,0.30
540,578,0.30
541,578,0.45
542,578,0.55
543,578,0.58
544,578,0.55
545,578,0.45
546,578,0.30
547,578,0.30
548,578,0.30
538,579,0.30
539,579,0.30
540,579,0.30
541,579,0.30
542,579,0.30
543,579,0.30
544,579,0.30
545,579,0.30
546,579,0.30
547,579,0.30
548,579,0.30
568,548,0.30
569,548,0.30
570,548,0.30
568,549,0.30
569,549,0.30
570,549,0.30
568,550,0.51
569,550,0.30
570,550,0.30
568,551,0.69
569,551,0.45
570,551,0.30
563,552,1.00
564,552,1.00
565,552,1.00
566,552,1.00
567,552,1.00
568,552,0.81
569,552,0.55
570,552,0.30
563,553,1.00
564,553,1.00
565,553,1.00
566,553,1.00
567,553,1.00
568,553,0.86
569,553,0.58
570,553,0.30
563,554,1.00
564,554,1.00
565,554,1.00
566,554,1.00
567,554,1.00
568,554,0.81
569,554,0.55
570,554,0.30
563,555,0.91
564,555,1.00
565,555,1.00
566,555,1.00
567,555,0.91
568,555,0.69
569,555,0.45
570,555,0.30
563,556,0.69
564,556,0.81
565,556,0.86
566,556,0.81
567,556,0.69
568,556,0.51
569,556,0.30
570,556,0.30
563,557,0.45
564,557,0.55
565,557,0.58
566,557,0.55
567,557,0.45
568,557,0.30
569,557,0.30
570,557,0.30
603,505,0.30
604,505,0.30
605,505,0.30
606,505,0.30
607,505,0.30
608,505,0.30
609,505,0.90
610,505,1.00
611,505,1.00
612,505,1.00
613,505,1.00
603,506,0.30
604,506,0.30
605,506,0.30
606,506,0.45
607,506,0.55
608,506,0.58
609,506,1.00
610,506,1.00
611,506,1.00
612,506,1.00
613,506,1.00
603,507,0.30
604,507,0.30
605,507,0.51
606,507,0.69
607,507,0.81
608,507,0.86
609,507,1.00
610,507,1.00
611,507,1.00
612,507,1.00
613,507,1.00
603,508,0.30
604,508,0.45
605,508,0.69
606,508,0.91
607,508,1.00
608,508,1.00
609,508,1.00
610,508,1.00
611,508,1.00
612,508,1.00
613,508,1.00
603,509,0.30
604,509,0.55
605,509,0.81
606,509,1.00
607,509,1.00
608,509,1.00
609,509,1.00
610,509,1.00
611,509,1.00
612,509,1.00
613,509,1.00
603,510,0.30
604,510,0.58
605,510,0.86
606,510,1.00
607,510,1.00
608,510,1.00
609,510,1.00
610,510,1.00
611,510,1.00
612,510,0.88
613,510,0.60
603,511,0.30
604,511,0.55
605,511,0.81
606,511,1.00
607,511,1.00
608,511,1.00
609,511,1.00
610,511,1.00
611,511,0.81
612,511,0.55
613,511,0.30
603,512,0.30
604,512,0.45
605,512,0.69
606,512,0.91
607,512,1.00
608,512,1.00
609,512,1.00
610,512,0.91
611,512,0.69
612,512,0.45
613,512,0.30
603,513,0.30
604,513,0.30
605,513,0.51
606,513,0.69
607,513,0.81
608,513,0.86
609,513,0.81
610,513,0.69
611,513,0.51
612,513,0.30
613,513,0.30
603,514,0.30
604,514,0.30
605,514,0.30
606,514,0.45
607,514,0.55
608,514,0.58
609,514,0.55
610,514,0.45
611,514,0.30
612,514,0.30
613,514,0.30
603,515,0.30
604,515,0.30
605,515,0.30
606,515,0.30
607,515,0.30
608,515,0.30
609,515,0.30
610,515,0.30
611,515,0.30
612,515,0.30
613,515,0.30
609,499,0.30
610,499,0.30
611,499,0.30
612,499,0.30
613,499,0.30
614,499,0.30
615,499,0.30
616,499,0.30
617,499,0.30
618,499,0.30
619,499,0.30
609,500,0.60
610,500,0.60
611,500,0.60
612,500,0.75
613,500,0.85
614,500,0.88
615,500,0.85
616,500,0.75
617,500,0.60
618,500,0.60
619,500,0.60
609,501,0.60
610,501,0.60
611,501,0.81
612,501,1.00
613,501,1.00
614,501,1.00
615,501,1.00
616,501,1.00
617,501,0.81
618,501,0.60
619,501,0.60
609,502,0.60
610,502,0.75
611,502,1.00
612,502,1.00
613,502,1.00
614,502,1.00
615,502,1.00
616,502,1.00
617,502,1.00
618,502,0.75
619,502,0.60
609,503,0.60
610,503,0.99
611,503,1.00
612,503,1.00
613,503,1.00
614,503,1.00
615,503,1.00
616,503,1.00
617,503,1.00
618,503,0.99
619,503,0.60
609,504,0.60
610,504,1.00
611,504,1.00
612,504,1.00
613,504,1.00
614,504,1.00
615,504,1.00
616,504,1.00
617,504,1.00
618,504,1.00
619,504,0.60
614,505,1.00
615,505,1.00
616,505,1.00
617,505,1.00
618,505,1.00
619,505,0.60
614,506,1.00
615,506,1.00
616,506,1.00
617,506,1.00
618,506,0.99
619,506,0.60
614,507,1.00
615,507,1.00
616,507,1.00
617,507,1.00
618,507,0.75
619,507,0.60
614,508,1.00
615,508,1.00
616,508,1.00
617,508,0.81
618,508,0.60
619,508,0.60
614,509,0.88
615,509,0.85
616,509,0.75
617,509,0.60
618,509,0.60
619,509,0.60
614,510,0.30
615,510,0.30
616,510,0.30
617,510,0.30
618,510,0.30
619,510,0.30
593,524,1.00
594,524,1.00
595,524,0.60
596,524,0.30
597,524,0.30
598,524,0.30
599,524,0.30
600,524,0.30
601,524,0.30
602,524,0.30
603,524,0.30
593,525,1.00
594,525,1.00
595,525,0.90
596,525,0.75
597,525,0.85
598,525,0.88
599,525,0.55
600,525,0.45
601,525,0.30
602,525,0.30
603,525,0.30
593,526,1.00
594,526,1.00
595,526,1.00
596,526,0.99
597,526,1.00
598,526,1.00
599,526,0.81
600,526,0.69
601,526,0.51
602,526,0.30
603,526,0.30
593,527,1.00
594,527,1.00
595,527,1.00
596,527,1.00
597,527,1.00
598,527,1.00
599,527,1.00
600,527,0.91
601,527,0.69
602,527,0.45
603,527,0.30
593,528,1.00
594,528,1.00
595,528,1.00
596,528,1.00
597,528,1.00
598,528,1.00
599,528,1.00
600,528,1.00
601,528,0.81
602,528,0.55
603,528,0.30
593,529,1.00
594,529,1.00
595,529,1.00
596,529,1.00
597,529,1.00
598,529,1.00
599,529,1.00
600,529,1.00
601,529,0.86
602,529,0.58
603,529,0.30
593,530,1.00
594,530,1.00
595,530,1.00
596,530,1.00
597,530,1.00
598,530,1.00
599,530,1.00
600,530,1.00
601,530,0.81
602,530,0.55
603,530,0.30
593,531,1.00
594,531,1.00
595,531,1.00
596,531,1.00
597,531,1.00
598,531,1.00
599,531,1.00
600,531,0.91
601,531,0.69
602,531,0.45
603,531,0.30
593,532,1.00
594,532,1.00
595,532,1.00
596,532,1.00
597,532,1.00
598,532,1.00
599,532,0.81
600,532,0.69
601,532,0.51
602,532,0.30
603,532,0.30
593,533,1.00
594,533,1.00
595,533,1.00
596,533,1.00
597,533,1.00
598,533,1.00
599,533,0.55
600,533,0.45
601,533,0.30
602,533,0.30
603,533,0.30
593,534,1.00
594,534,1.00
595,534,1.00
596,534,1.00
597,534,1.00
598,534,0.90
599,534,0.30
600,534,0.30
601,534,0.30
602,534,0.30
603,534,0.30
571,574,0.30
571,575,0.30
571,576,0.30
571,577,0.30
571,578,0.30
571,579,0.30
571,580,0.30
561,581,0.60
562,581,0.75
563,581,0.99
564,581,1.00
565,581,1.00
566,581,1.00
567,581,1.00
568,581,0.91
569,581,0.69
570,581,0.45
571,581,0.30
561,582,1.00
562,582,1.00
563,582,1.00
564,582,1.00
565,582,1.00
566,582,1.00
567,582,0.81
568,582,0.69
569,582,0.51
570,582,0.30
571,582,0.30
561,583,1.00
562,583,1.00
563,583,1.00
564,583,1.00
565,583,1.00
566,583,1.00
567,583,0.55
568,583,0.45
569,583,0.30
570,583,0.30
571,583,0.30
561,584,1.00
562,584,1.00
563,584,1.00
564,584,1.00
565,584,1.00
566,584,1.00
567,584,0.30
568,584,0.30
569,584,0.30
570,584,0.30
571,584,0.30
556,582,0.90
557,582,0.90
558,582,0.90
559,582,1.00
560,582,1.00
556,583,0.90
557,583,0.90
558,583,1.00
559,583,1.00
560,583,1.00
556,584,0.90
557,584,1.00
558,584,1.00
559,584,1.00
560,584,1.00
556,585,0.90
557,585,1.00
558,585,1.00
559,585,1.00
560,585,1.00
561,585,1.00
562,585,1.00
563,585,1.00
564,585,1.00
565,585,1.00
566,585,0.90
556,586,0.90
557,586,1.00
558,586,1.00
559,586,1.00
560,586,1.00
561,586,1.00
562,586,1.00
563,586,1.00
564,586,1.00
565,586,1.00
566,586,0.90
556,587,0.90
557,587,1.00
558,587,1.00
559,587,1.00
560,587,1.00
561,587,1.00
562,587,1.00
563,587,1.00
564,587,1.00
565,587,1.00
566,587,0.90
556,588,0.90
557,588,1.00
558,588,1.00
559,588,1.00
560,588,1.00
561,588,1.00
562,588,1.00
563,588,1.00
564,588,1.00
565,588,1.00
566,588,0.90
556,589,0.90
557,589,1.00
558,589,1.00
559,589,1.00
560,589,1.00
561,589,1.00
562,589,1.00
563,589,1.00
564,589,1.00
565,589,1.00
566,589,0.90
556,590,0.90
557,590,0.90
558,590,1.00
559,590,1.00
560,590,1.00
561,590,1.00
562,590,1.00
563,590,1.00
564,590,1.00
565,590,0.90
566,590,0.90
556,591,0.90
557,591,0.90
558,591,0.90
559,591,1.00
560,591,1.00
561,591,1.00
562,591,1.00
563,591,1.00
564,591,0.90
565,591,0.90
566,591,0.90
556,592,0.60
557,592,0.60
558,592,0.60
559,592,0.60
560,592,0.60
561,592,0.60
562,592,0.60
563,592,0.60
564,592,0.60
565,592,0.60
566,592,0.60
556,581,0.30
557,581,0.30
558,581,0.30
559,581,0.30
560,581,0.30
571,559,0.30
572,559,0.30
573,559,0.60
574,559,1.00
575,559,1.00
571,560,0.55
572,560,0.45
573,560,0.60
574,560,1.00
575,560,1.00
571,561,0.81
572,561,0.69
573,561,0.81
574,561,0.75
575,561,0.99
571,562,1.00
572,562,0.91
573,562,0.99
574,562,0.75
575,562,0.81
571,563,1.00
572,563,1.00
573,563,1.00
574,563,0.85
575,563,0.60
571,564,1.00
572,564,1.00
573,564,1.00
574,564,0.88
575,564,0.60
571,565,1.00
572,565,1.00
573,565,0.81
574,565,0.55
575,565,0.30
571,566,1.00
572,566,0.91
573,566,0.69
574,566,0.45
575,566,0.30
571,567,0.81
572,567,0.69
573,567,0.51
574,567,0.30
575,567,0.30
571,568,0.55
572,568,0.45
573,568,0.30
574,568,0.30
575,568,0.30
571,569,0.30
572,569,0.30
573,569,0.30
574,569,0.30
575,569,0.30
586,527,1.00
587,527,1.00
588,527,1.00
589,527,1.00
590,527,1.00
591,527,1.00
592,527,1.00
586,528,1.00
587,528,1.00
588,528,1.00
589,528,1.00
590,528,1.00
591,528,1.00
592,528,1.00
586,529,1.00
587,529,1.00
588,529,1.00
589,529,1.00
590,529,1.00
591,529,1.00
592,529,1.00
586,530,1.00
587,530,1.00
588,530,1.00
589,530,1.00
590,530,1.00
591,530,1.00
592,530,1.00
586,531,1.00
587,531,1.00
588,531,1.00
589,531,1.00
590,531,1.00
591,531,1.00
592,531,1.00
586,532,1.00
587,532,1.00
588,532,1.00
589,532,1.00
590,532,1.00
591,532,1.00
592,532,1.00
586,533,1.00
587,533,1.00
588,533,1.00
589,533,1.00
590,533,1.00
591,533,1.00
592,533,1.00
586,534,1.00
587,534,1.00
588,534,1.00
589,534,1.00
590,534,1.00
591,534,1.00
592,534,1.00
586,535,0.88
587,535,0.85
588,535,1.00
589,535,1.00
590,535,1.00
591,535,1.00
592,535,1.00
593,535,1.00
594,535,1.00
595,535,1.00
596,535,1.00
586,536,0.60
587,536,0.60
588,536,0.90
589,536,1.00
590,536,1.00
591,536,1.00
592,536,1.00
593,536,1.00
594,536,1.00
595,536,1.00
596,536,1.00
586,537,0.30
587,537,0.30
588,537,0.60
589,537,0.75
590,537,0.99
591,537,1.00
592,537,1.00
593,537,1.00
594,537,1.00
595,537,1.00
596,537,0.99
588,525,1.00
589,525,1.00
590,525,1.00
591,525,1.00
592,525,1.00
588,526,1.00
589,526,1.00
590,526,1.00
591,526,1.00
592,526,1.00
597,535,0.88
598,535,0.60
597,536,0.55
598,536,0.30
597,537,0.45
598,537,0.30
588,538,0.30
589,538,0.30
590,538,0.51
591,538,0.69
592,538,0.81
593,538,0.86
594,538,0.81
595,538,0.69
596,538,0.51
597,538,0.30
598,538,0.30
588,539,0.30
589,539,0.30
590,539,0.30
591,539,0.45
592,539,0.55
593,539,0.58
594,539,0.55
595,539,0.45
596,539,0.30
597,539,0.30
598,539,0.30
588,540,0.60
589,540,0.60
590,540,0.60
591,540,0.60
592,540,0.30
593,540,0.30
594,540,0.30
595,540,0.30
596,540,0.30
597,540,0.30
598,540,0.30
579,593,0.30
580,593,0.30
581,593,0.30
582,593,0.60
583,593,0.60
584,593,0.81
585,593,0.99
586,593,1.00
587,593,1.00
588,593,1.00
589,593,1.00
579,594,0.30
580,594,0.30
581,594,0.30
582,594,0.75
583,594,0.85
584,594,0.88
585,594,0.99
586,594,0.99
587,594,0.88
588,594,0.85
589,594,0.75
579,595,0.60
580,595,0.60
581,595,0.81
582,595,0.99
583,595,1.00
584,595,1.00
585,595,1.00
586,595,0.99
587,595,0.81
588,595,0.60
589,595,0.60
579,596,0.60
580,596,0.75
581,596,0.99
582,596,0.91
583,596,1.00
584,596,1.00
585,596,1.00
586,596,0.91
587,596,0.69
588,596,0.45
589,596,0.30
579,597,0.81
580,597,0.85
581,597,1.00
582,597,1.00
583,597,1.00
584,597,1.00
585,597,1.00
586,597,1.00
587,597,0.81
588,597,0.55
589,597,0.30
579,598,1.00
580,598,1.00
581,598,1.00
582,598,1.00
583,598,1.00
584,598,1.00
585,598,1.00
586,598,1.00
587,598,1.00
588,598,0.88
589,598,0.60
579,599,1.00
580,599,1.00
581,599,1.00
582,599,1.00
583,599,1.00
584,599,1.00
585,599,1.00
586,599,1.00
587,599,1.00
588,599,0.85
589,599,0.60
579,600,1.00
580,600,1.00
581,600,1.00
582,600,1.00
583,600,1.00
584,600,1.00
585,600,1.00
586,600,1.00
587,600,1.00
588,600,0.75
589,600,0.60
579,601,1.00
580,601,1.00
581,601,1.00
582,601,1.00
583,601,1.00
584,601,1.00
585,601,1.00
586,601,1.00
587,601,1.00
588,601,0.75
589,601,0.60
579,602,1.00
580,602,1.00
581,602,1.00
582,602,1.00
583,602,1.00
584,602,1.00
585,602,1.00
586,602,1.00
587,602,1.00
588,602,0.85
589,602,0.60
579,603,1.00
580,603,1.00
581,603,1.00
582,603,1.00
583,603,1.00
584,603,1.00
585,603,1.00
586,603,1.00
587,603,1.00
588,603,1.00
589,603,0.90
575,613,0.60
576,613,0.60
577,613,0.60
578,613,0.60
579,613,0.90
580,613,0.90
581,613,0.90
582,613,0.90
583,613,0.90
584,613,0.90
585,613,0.90
575,614,0.60
576,614,0.60
577,614,0.60
578,614,0.90
579,614,1.00
580,614,1.00
581,614,1.00
582,614,0.90
583,614,0.60
584,614,0.60
585,614,0.60
575,615,0.60
576,615,0.60
577,615,1.00
578,615,1.00
579,615,1.00
580,615,1.00
581,615,1.00
582,615,1.00
583,615,1.00
584,615,0.60
585,615,0.60
575,616,0.60
576,616,0.90
577,616,1.00
578,616,1.00
579,616,1.00
580,616,1.00
581,616,1.00
582,616,1.00
583,616,1.00
584,616,0.90
585,616,0.60
575,617,0.60
576,617,1.00
577,617,1.00
578,617,1.00
579,617,1.00
580,617,1.00
581,617,1.00
582,617,1.00
583,617,1.00
584,617,1.00
585,617,0.60
575,618,0.60
576,618,1.00
577,618,1.00
578,618,1.00
579,618,1.00
580,618,1.00
581,618,1.00
582,618,1.00
583,618,1.00
584,618,1.00
585,618,0.60
575,619,0.90
576,619,1.00
577,619,1.00
578,619,1.00
579,619,1.00
580,619,1.00
581,619,1.00
582,619,1.00
583,619,1.00
584,619,1.00
585,619,0.60
575,620,0.90
576,620,0.90
577,620,1.00
578,620,1.00
579,620,1.00
580,620,1.00
581,620,1.00
582,620,1.00
583,620,1.00
584,620,0.90
585,620,0.60
575,621,0.90
576,621,0.60
577,621,1.00
578,621,1.00
579,621,1.00
580,621,1.00
581,621,1.00
582,621,1.00
583,621,1.00
584,621,0.60
585,621,0.60
575,622,0.90
576,622,0.60
577,622,0.60
578,622,0.90
579,622,1.00
580,622,1.00
581,622,1.00
582,622,0.90
583,622,0.60
584,622,0.60
585,622,0.60
575,623,0.90
576,623,0.60
577,623,0.60
578,623,0.60
579,623,0.60
580,623,0.60
581,623,0.60
582,623,0.60
583,623,0.60
584,623,0.60
585,623,0.60
595,587,1.00
596,587,0.85
597,587,0.60
598,587,0.30
599,587,0.30
600,587,0.30
601,587,0.30
602,587,0.30
603,587,0.30
604,587,0.30
605,587,0.30
595,588,1.00
596,588,0.88
597,588,0.60
598,588,0.45
599,588,0.55
600,588,0.58
601,588,0.55
602,588,0.45
603,588,0.30
604,588,0.30
605,588,0.30
595,589,1.00
596,589,0.85
597,589,0.81
598,589,0.69
599,589,0.81
600,589,0.86
601,589,0.81
602,589,0.69
603,589,0.51
604,589,0.30
605,589,0.30
595,590,0.99
596,590,0.90
597,590,0.99
598,590,0.91
599,590,1.00
600,590,1.00
601,590,1.00
602,590,0.91
603,590,0.69
604,590,0.45
605,590,0.30
595,591,0.81
596,591,0.85
597,591,1.00
598,591,1.00
599,591,1.00
600,591,1.00
601,591,1.00
602,591,1.00
603,591,0.81
604,591,0.55
605,591,0.30
595,592,0.60
596,592,0.88
597,592,1.00
598,592,1.00
599,592,1.00
600,592,1.00
601,592,1.00
602,592,1.00
603,592,0.86
604,592,0.58
605,592,0.30
595,593,0.60
596,593,0.85
597,593,1.00
598,593,1.00
599,593,1.00
600,593,1.00
601,593,1.00
602,593,1.00
603,593,0.81
604,593,0.55
605,593,0.30
595,594,0.30
596,594,0.45
597,594,0.69
598,594,0.91
599,594,1.00
600,594,1.00
601,594,1.00
602,594,0.91
603,594,0.99
604,594,0.75
605,594,0.60
595,595,0.30
596,595,0.30
597,595,0.51
598,595,0.69
599,595,1.00
600,595,1.00
601,595,1.00
602,595,0.99
603,595,1.00
604,595,1.00
605,595,1.00
595,596,0.30
596,596,0.30
597,596,0.30
598,596,0.45
599,596,0.85
600,596,0.88
601,596,0.85
602,596,1.00
603,596,1.00
604,596,1.00
605,596,1.00
595,597,0.30
596,597,0.30
597,597,0.30
598,597,0.30
599,597,0.60
600,597,0.60
601,597,0.81
602,597,1.00
603,597,1.00
604,597,1.00
605,597,1.00
598,563,0.60
599,563,0.60
600,563,0.60
601,563,0.60
602,563,0.60
603,563,0.60
604,563,0.60
605,563,0.60
606,563,0.60
607,563,0.60
608,563,0.60
598,564,0.30
599,564,0.30
600,564,0.30
601,564,0.45
602,564,0.55
603,564,0.58
604,564,0.55
605,564,0.45
606,564,0.30
607,564,0.30
608,564,0.30
598,565,0.30
599,565,0.30
600,565,0.51
601,565,0.69
602,565,0.81
603,565,0.86
604,565,0.81
605,565,0.69
606,565,0.51
607,565,0.30
608,565,0.30
598,566,0.30
599,566,0.45
600,566,0.69
601,566,0.91
602,566,1.00
603,566,1.00
604,566,1.00
605,566,0.91
606,566,0.69
607,566,0.45
608,566,0.30
598,567,0.30
599,567,0.55
600,567,0.81
601,567,1.00
602,567,1.00
603,567,1.00
604,567,1.00
605,567,1.00
606,567,0.81
607,567,0.55
608,567,0.30
598,568,0.30
599,568,0.58
600,568,0.86
601,568,1.00
602,568,1.00
603,568,1.00
604,568,1.00
605,568,1.00
606,568,0.86
607,568,0.58
608,568,0.30
598,569,0.30
599,569,0.55
600,569,0.81
601,569,1.00
602,569,1.00
603,569,1.00
604,569,1.00
605,569,1.00
606,569,0.81
607,569,0.55
608,569,0.30
598,570,0.30
599,570,0.45
600,570,0.69
601,570,0.91
602,570,1.00
603,570,1.00
604,570,1.00
605,570,0.91
606,570,0.69
607,570,0.45
608,570,0.30
598,571,0.30
599,571,0.30
600,571,0.81
601,571,0.99
602,571,1.00
603,571,1.00
604,571,1.00
605,571,0.99
606,571,0.81
607,571,0.60
608,571,0.60
598,572,0.30
599,572,0.30
600,572,0.60
601,572,0.75
602,572,0.85
603,572,1.00
604,572,1.00
605,572,1.00
606,572,0.85
607,572,0.75
608,572,0.60
598,573,0.30
599,573,0.30
600,573,0.60
601,573,0.60
602,573,0.81
603,573,0.99
604,573,1.00
605,573,1.00
606,573,1.00
607,573,0.99
608,573,0.81
598,553,0.90
599,553,0.90
600,553,0.90
601,553,1.00
602,553,1.00
603,553,1.00
604,553,1.00
605,553,1.00
606,553,0.90
607,553,0.90
608,553,0.90
598,554,0.90
599,554,0.90
600,554,1.00
601,554,1.00
602,554,1.00
603,554,1.00
604,554,1.00
605,554,1.00
606,554,1.00
607,554,0.90
608,554,0.90
598,555,0.90
599,555,1.00
600,555,1.00
601,555,1.00
602,555,1.00
603,555,1.00
604,555,1.00
605,555,1.00
606,555,1.00
607,555,1.00
608,555,0.90
598,556,0.90
599,556,1.00
600,556,1.00
601,556,1.00
602,556,1.00
603,556,1.00
604,556,1.00
605,556,1.00
606,556,1.00
607,556,1.00
608,556,0.90
598,557,0.90
599,557,1.00
600,557,1.00
601,557,1.00
602,557,1.00
603,557,1.00
604,557,1.00
605,557,1.00
606,557,1.00
607,557,1.00
608,557,0.90
598,558,0.90
599,558,1.00
600,558,1.00
601,558,1.00
602,558,1.00
603,558,1.00
604,558,1.00
605,558,1.00
606,558,1.00
607,558,1.00
608,558,0.90
598,559,0.90
599,559,1.00
600,559,1.00
601,559,1.00
602,559,1.00
603,559,1.00
604,559,1.00
605,559,1.00
606,559,1.00
607,559,1.00
608,559,0.90
598,560,0.90
599,560,1.00
600,560,1.00
601,560,1.00
602,560,1.00
603,560,1.00
604,560,1.00
605,560,1.00
606,560,1.00
607,560,1.00
608,560,0.90
598,561,0.90
599,561,0.90
600,561,1.00
601,561,1.00
602,561,1.00
603,561,1.00
604,561,1.00
605,561,1.00
606,561,1.00
607,561,0.90
608,561,0.90
598,562,0.90
599,562,0.90
600,562,0.90
601,562,1.00
602,562,1.00
603,562,1.00
604,562,1.00
605,562,1.00
606,562,0.90
607,562,0.90
608,562,0.90
598,552,0.60
599,552,0.60
600,552,0.60
601,552,0.60
602,552,0.60
603,552,0.60
604,552,0.60
605,552,0.60
606,552,0.60
607,552,0.60
608,552,0.60
609,571,0.30
610,571,0.30
609,572,0.30
610,572,0.30
609,573,0.30
610,573,0.30
600,574,0.30
601,574,0.45
602,574,0.69
603,574,0.91
604,574,1.00
605,574,1.00
606,574,1.00
607,574,0.91
608,574,0.69
609,574,0.45
610,574,0.30
600,575,0.30
601,575,0.55
602,575,0.81
603,575,1.00
604,575,1.00
605,575,1.00
606,575,1.00
607,575,1.00
608,575,0.81
609,575,0.55
610,575,0.30
600,576,0.30
601,576,0.58
602,576,0.86
603,576,1.00
604,576,1.00
605,576,1.00
606,576,1.00
607,576,1.00
608,576,0.86
609,576,0.58
610,576,0.30
600,577,0.30
601,577,0.55
602,577,0.81
603,577,1.00
604,577,1.00
605,577,1.00
606,577,1.00
607,577,1.00
608,577,0.81
609,577,0.55
610,577,0.30
600,578,0.30
601,578,0.45
602,578,0.69
603,578,0.91
604,578,1.00
605,578,1.00
606,578,1.00
607,578,0.91
608,578,0.69
609,578,0.45
610,578,0.30
600,579,0.30
601,579,0.30
602,579,0.51
603,579,0.69
604,579,0.81
605,579,0.86
606,579,0.81
607,579,0.69
608,579,0.51
609,579,0.30
610,579,0.30
600,580,0.30
601,580,0.30
602,580,0.30
603,580,0.45
604,580,0.55
605,580,0.58
606,580,0.55
607,580,0.45
608,580,0.30
609,580,0.30
610,580,0.30
600,581,0.30
601,581,0.30
602,581,0.30
603,581,0.30
604,581,0.30
605,581,0.30
606,581,0.30
607,581,0.30
608,581,0.30
609,581,0.30
610,581,0.30
606,594,0.30
607,594,0.30
608,594,0.30
609,594,0.30
610,594,0.30
611,594,0.30
612,594,0.30
613,594,0.30
606,595,1.00
607,595,1.00
608,595,1.00
609,595,1.00
610,595,0.75
611,595,0.60
612,595,0.60
613,595,0.60
606,596,1.00
607,596,1.00
608,596,1.00
609,596,1.00
610,596,1.00
611,596,1.00
612,596,0.90
613,596,0.60
606,597,1.00
607,597,1.00
608,597,1.00
609,597,1.00
610,597,1.00
611,597,1.00
612,597,1.00
613,597,0.60
603,598,1.00
604,598,1.00
605,598,1.00
606,598,1.00
607,598,1.00
608,598,1.00
609,598,1.00
610,598,1.00
611,598,1.00
612,598,1.00
613,598,0.60
603,599,1.00
604,599,1.00
605,599,1.00
606,599,1.00
607,599,1.00
608,599,1.00
609,599,1.00
610,599,1.00
611,599,1.00
612,599,1.00
613,599,0.60
603,600,1.00
604,600,1.00
605,600,1.00
606,600,1.00
607,600,1.00
608,600,1.00
609,600,1.00
610,600,1.00
611,600,1.00
612,600,1.00
613,600,0.60
603,601,1.00
604,601,1.00
605,601,1.00
606,601,1.00
607,601,1.00
608,601,1.00
609,601,1.00
610,601,1.00
611,601,1.00
612,601,1.00
613,601,0.60
603,602,1.00
604,602,1.00
605,602,1.00
606,602,1.00
607,602,1.00
608,602,1.00
609,602,1.00
610,602,1.00
611,602,1.00
612,602,1.00
613,602,0.60
603,603,1.00
604,603,1.00
605,603,1.00
606,603,1.00
607,603,1.00
608,603,1.00
609,603,1.00
610,603,1.00
611,603,1.00
612,603,0.90
613,603,0.60
603,604,1.00
604,604,1.00
605,604,1.00
606,604,1.00
607,604,1.00
608,604,1.00
609,604,1.00
610,604,1.00
611,604,0.90
612,604,0.90
613,604,0.60
603,605,0.90
604,605,0.90
605,605,1.00
606,605,1.00
607,605,1.00
608,605,1.00
609,605,1.00
610,605,0.60
611,605,0.60
612,605,0.60
613,605,0.30
602,598,1.00
602,599,1.00
602,600,1.00
602,601,1.00
602,602,1.00
602,603,0.99
602,604,0.75
602,605,0.60
602,606,0.30
603,606,0.30
604,606,0.30
605,606,0.30
606,606,0.30
607,606,0.30
608,606,0.30
609,606,0.30
610,606,0.60
611,606,0.60
612,606,0.60
585,523,1.00
586,523,1.00
587,523,1.00
588,523,1.00
589,523,1.00
590,523,1.00
591,523,1.00
592,523,1.00
593,523,1.00
594,523,1.00
595,523,0.30
585,524,1.00
586,524,1.00
587,524,1.00
588,524,1.00
589,524,1.00
590,524,1.00
591,524,1.00
592,524,1.00
585,525,1.00
586,525,1.00
587,525,1.00
585,526,1.00
586,526,1.00
587,526,1.00
585,527,1.00
585,528,1.00
585,529,1.00
585,530,1.00
585,531,1.00
585,532,1.00
585,533,1.00
584,519,1.00
585,519,1.00
586,519,1.00
587,519,1.00
588,519,1.00
589,519,1.00
590,519,1.00
591,519,1.00
592,519,1.00
593,519,1.00
594,519,1.00
584,520,1.00
585,520,1.00
586,520,1.00
587,520,1.00
588,520,1.00
589,520,1.00
590,520,1.00
591,520,1.00
592,520,1.00
593,520,1.00
594,520,1.00
584,521,1.00
585,521,1.00
586,521,1.00
587,521,1.00
588,521,1.00
589,521,1.00
590,521,1.00
591,521,1.00
592,521,1.00
593,521,1.00
594,521,1.00
584,522,1.00
585,522,1.00
586,522,1.00
587,522,1.00
588,522,1.00
589,522,1.00
590,522,1.00
591,522,1.00
592,522,1.00
593,522,1.00
594,522,1.00
584,523,1.00
584,524,1.00
584,525,1.00
584,526,1.00
584,527,1.00
584,528,1.00
584,529,1.00
584,518,1.00
585,518,1.00
586,518,1.00
587,518,1.00
588,518,1.00
589,518,1.00
590,518,1.00
591,518,1.00
592,518,1.00
593,518,1.00
594,518,1.00
584,544,1.00
585,544,1.00
586,544,1.00
587,544,1.00
588,544,1.00
589,544,1.00
590,544,0.85
591,544,0.60
592,544,0.30
593,544,0.30
594,544,0.30
584,545,1.00
585,545,1.00
586,545,1.00
587,545,1.00
588,545,1.00
589,545,1.00
590,545,1.00
591,545,0.75
592,545,0.30
593,545,0.30
594,545,0.30
584,546,1.00
585,546,1.00
586,546,1.00
587,546,1.00
588,546,1.00
589,546,1.00
590,546,1.00
591,546,0.99
592,546,0.51
593,546,0.30
594,546,0.30
584,547,1.00
585,547,1.00
586,547,1.00
587,547,1.00
588,547,1.00
589,547,1.00
590,547,1.00
591,547,1.00
592,547,0.69
593,547,0.45
594,547,0.30
584,548,0.99
585,548,1.00
586,548,1.00
587,548,1.00
588,548,1.00
589,548,1.00
590,548,1.00
591,548,1.00
592,548,0.81
593,548,0.55
594,548,0.30
584,549,1.00
585,549,1.00
586,549,1.00
587,549,1.00
588,549,1.00
589,549,1.00
590,549,1.00
591,549,1.00
592,549,0.86
593,549,0.58
594,549,0.30
584,550,1.00
585,550,1.00
586,550,1.00
587,550,1.00
588,550,1.00
589,550,1.00
590,550,1.00
591,550,1.00
592,550,0.81
593,550,0.55
594,550,0.30
584,551,1.00
585,551,0.75
586,551,0.99
587,551,0.91
588,551,1.00
589,551,1.00
590,551,1.00
591,551,0.91
592,551,0.69
593,551,0.45
594,551,0.30
584,552,1.00
585,552,1.00
586,552,1.00
587,552,0.99
588,552,1.00
589,552,1.00
590,552,1.00
591,552,0.99
592,552,0.81
593,552,0.60
594,552,0.60
584,553,1.00
585,553,1.00
586,553,0.90
587,553,0.90
588,553,1.00
589,553,1.00
590,553,1.00
591,553,0.90
592,553,0.60
593,553,0.60
594,553,0.60
584,554,1.00
585,554,1.00
586,554,1.00
587,554,0.99
588,554,1.00
589,554,1.00
590,554,1.00
591,554,0.99
592,554,0.81
593,554,0.60
594,554,0.60
582,585,0.30
583,585,0.30
584,585,0.30
585,585,0.30
586,585,0.30
587,585,0.60
588,585,0.60
589,585,0.81
590,585,0.99
591,585,1.00
592,585,1.00
582,586,0.30
583,586,0.30
584,586,0.30
585,586,0.45
586,586,0.55
587,586,0.88
588,586,0.99
589,586,1.00
590,586,1.00
591,586,1.00
592,586,1.00
582,587,0.30
583,587,0.30
584,587,0.51
585,587,0.69
586,587,0.81
587,587,1.00
588,587,1.00
589,587,1.00
590,587,1.00
591,587,1.00
592,587,1.00
582,588,0.30
583,588,0.45
584,588,0.69
585,588,0.91
586,588,1.00
587,588,1.00
588,588,1.00
589,588,1.00
590,588,1.00
591,588,1.00
592,588,1.00
582,589,0.30
583,589,0.55
584,589,0.81
585,589,1.00
586,589,1.00
587,589,1.00
588,589,1.00
589,589,1.00
590,589,1.00
591,589,1.00
592,589,1.00
582,590,0.30
583,590,0.58
584,590,0.86
585,590,1.00
586,590,1.00
587,590,1.00
588,590,1.00
589,590,1.00
590,590,1.00
591,590,1.00
592,590,1.00
582,591,0.30
583,591,0.55
584,591,0.81
585,591,1.00
586,591,1.00
587,591,1.00
588,591,1.00
589,591,1.00
590,591,1.00
591,591,1.00
592,591,1.00
582,592,0.30
583,592,0.45
584,592,0.69
585,592,0.91
586,592,1.00
587,592,1.00
588,592,1.00
589,592,1.00
590,592,1.00
591,592,0.99
592,592,0.88
590,593,0.81
591,593,0.60
592,593,0.60
590,594,0.30
591,594,0.30
592,594,0.30
590,595,0.30
591,595,0.30
592,595,0.30
579,604,0.90
580,604,1.00
581,604,1.00
582,604,1.00
583,604,1.00
584,604,1.00
585,604,1.00
586,604,1.00
587,604,1.00
588,604,0.85
589,604,0.60
579,605,0.90
580,605,1.00
581,605,1.00
582,605,1.00
583,605,1.00
584,605,1.00
585,605,1.00
586,605,1.00
587,605,1.00
588,605,0.75
589,605,0.60
579,606,0.60
580,606,0.75
581,606,1.00
582,606,1.00
583,606,1.00
584,606,1.00
585,606,1.00
586,606,1.00
587,606,1.00
588,606,0.75
589,606,0.60
579,607,0.60
580,607,0.85
581,607,1.00
582,607,1.00
583,607,1.00
584,607,1.00
585,607,1.00
586,607,1.00
587,607,1.00
588,607,0.85
589,607,0.60
579,608,0.60
580,608,0.88
581,608,1.00
582,608,1.00
583,608,1.00
584,608,1.00
585,608,1.00
586,608,1.00
587,608,1.00
588,608,0.88
589,608,0.60
579,609,0.30
580,609,0.55
581,609,0.81
582,609,1.00
583,609,1.00
584,609,1.00
585,609,1.00
586,609,1.00
587,609,0.81
588,609,0.55
589,609,0.30
579,610,0.30
580,610,0.45
581,610,0.69
582,610,0.91
583,610,1.00
584,610,1.00
585,610,1.00
586,610,0.91
587,610,0.69
588,610,0.45
589,610,0.30
579,611,0.30
580,611,0.30
581,611,0.51
582,611,0.69
583,611,0.81
584,611,0.86
585,611,0.81
586,611,0.69
587,611,0.51
588,611,0.30
589,611,0.30
579,612,0.30
580,612,0.30
581,612,0.30
582,612,0.45
583,612,0.55
584,612,0.58
585,612,0.55
586,612,0.45
587,612,0.30
588,612,0.30
589,612,0.30
586,613,0.30
587,613,0.30
588,613,0.30
589,613,0.30
579,574,1.00
580,574,1.00
581,574,1.00
582,574,1.00
583,574,1.00
584,574,1.00
585,574,1.00
586,574,1.00
587,574,1.00
588,574,1.00
589,574,1.00
579,575,1.00
580,575,1.00
581,575,1.00
582,575,1.00
583,575,1.00
584,575,1.00
585,575,1.00
586,575,1.00
587,575,1.00
588,575,1.00
589,575,1.00
579,576,1.00
580,576,1.00
581,576,1.00
582,576,1.00
583,576,1.00
584,576,1.00
585,576,1.00
586,576,1.00
587,576,1.00
588,576,1.00
589,576,1.00
579,577,1.00
580,577,1.00
581,577,1.00
582,577,1.00
583,577,1.00
584,577,1.00
585,577,1.00
586,577,0.91
587,577,0.69
588,577,0.45
589,577,0.30
579,578,1.00
580,578,1.00
581,578,1.00
582,578,1.00
583,578,1.00
584,578,1.00
585,578,1.00
586,578,1.00
587,578,0.81
588,578,0.55
589,578,0.30
579,579,1.00
580,579,1.00
581,579,1.00
582,579,1.00
583,579,1.00
584,579,1.00
585,579,1.00
586,579,1.00
587,579,0.86
588,579,0.58
589,579,0.30
579,580,1.00
580,580,1.00
581,580,1.00
582,580,1.00
583,580,1.00
584,580,1.00
585,580,1.00
586,580,1.00
587,580,0.81
588,580,0.55
589,580,0.30
579,581,1.00
580,581,1.00
581,581,1.00
582,581,1.00
583,581,1.00
584,581,1.00
585,581,1.00
586,581,0.91
587,581,0.69
588,581,0.45
589,581,0.30
579,582,1.00
580,582,1.00
581,582,1.00
582,582,1.00
583,582,1.00
584,582,1.00
585,582,0.81
586,582,0.69
587,582,0.51
588,582,0.30
589,582,0.30
579,583,0.90
580,583,0.90
581,583,0.90
582,583,1.00
583,583,1.00
584,583,1.00
585,583,0.55
586,583,0.45
587,583,0.60
588,583,0.60
589,583,0.60
579,584,0.30
580,584,0.30
581,584,0.30
582,584,0.30
583,584,0.30
584,584,0.30
585,584,0.30
586,584,0.30
587,584,0.60
588,584,0.60
589,584,0.60
579,566,0.81
580,566,1.00
581,566,1.00
582,566,1.00
583,566,1.00
584,566,1.00
585,566,1.00
586,566,1.00
587,566,1.00
588,566,1.00
589,566,1.00
579,567,0.99
580,567,1.00
581,567,1.00
582,567,1.00
583,567,1.00
584,567,1.00
585,567,1.00
586,567,1.00
587,567,1.00
588,567,1.00
589,567,1.00
579,568,1.00
580,568,1.00
581,568,1.00
582,568,1.00
583,568,1.00
584,568,1.00
585,568,1.00
586,568,1.00
587,568,1.00
588,568,1.00
589,568,1.00
579,569,1.00
580,569,1.00
581,569,1.00
582,569,1.00
583,569,1.00
584,569,1.00
585,569,1.00
586,569,1.00
587,569,1.00
588,569,1.00
589,569,1.00
579,570,1.00
580,570,1.00
581,570,1.00
582,570,1.00
583,570,1.00
584,570,1.00
585,570,1.00
586,570,1.00
587,570,1.00
588,570,1.00
589,570,1.00
579,571,0.99
580,571,1.00
581,571,1.00
582,571,1.00
583,571,1.00
584,571,1.00
585,571,1.00
586,571,1.00
587,571,1.00
588,571,1.00
589,571,1.00
579,572,1.00
580,572,1.00
581,572,1.00
582,572,1.00
583,572,1.00
584,572,1.00
585,572,1.00
586,572,1.00
587,572,1.00
588,572,1.00
589,572,1.00
579,573,1.00
580,573,1.00
581,573,1.00
582,573,1.00
583,573,1.00
584,573,1.00
585,573,1.00
586,573,1.00
587,573,1.00
588,573,1.00
589,573,1.00
571,595,0.30
572,595,0.30
573,595,0.30
574,595,0.30
575,595,0.30
576,595,0.30
577,595,0.30
578,595,0.30
571,596,0.30
572,596,0.30
573,596,0.30
574,596,0.45
575,596,0.55
576,596,0.58
577,596,0.55
578,596,0.45
571,597,0.30
572,597,0.30
573,597,0.51
574,597,0.69
575,597,0.81
576,597,0.86
577,597,0.81
578,597,0.69
571,598,0.30
572,598,0.45
573,598,0.69
574,598,0.91
575,598,1.00
576,598,1.00
577,598,1.00
578,598,0.91
571,599,0.30
572,599,0.55
573,599,0.81
574,599,1.00
575,599,1.00
576,599,1.00
577,599,1.00
578,599,1.00
571,600,0.60
572,600,0.88
573,600,1.00
574,600,1.00
575,600,1.00
576,600,1.00
577,600,1.00
578,600,1.00
571,601,0.75
572,601,1.00
573,601,1.00
574,601,1.00
575,601,1.00
576,601,1.00
577,601,1.00
578,601,1.00
571,602,0.99
572,602,1.00
573,602,1.00
574,602,1.00
575,602,1.00
576,602,1.00
577,602,1.00
578,602,1.00
571,603,1.00
572,603,1.00
573,603,1.00
574,603,1.00
575,603,1.00
576,603,1.00
577,603,1.00
578,603,0.99
571,604,1.00
572,604,1.00
573,604,1.00
574,604,1.00
575,604,1.00
576,604,1.00
577,604,1.00
578,604,0.75
571,605,1.00
572,605,1.00
573,605,1.00
574,605,1.00
575,605,1.00
576,605,1.00
577,605,0.88
578,605,0.60
565,619,0.30
566,619,0.30
567,619,0.30
568,619,0.30
569,619,0.30
570,619,0.30
571,619,0.30
572,619,0.30
573,619,0.30
574,619,0.30
565,620,0.30
566,620,0.30
567,620,0.30
568,620,0.45
569,620,0.55
570,620,0.58
571,620,0.55
572,620,0.45
573,620,0.30
574,620,0.30
565,621,0.30
566,621,0.30
567,621,0.51
568,621,0.69
569,621,0.81
570,621,0.86
571,621,0.81
572,621,0.69
573,621,0.51
574,621,0.30
565,622,0.30
566,622,0.45
567,622,0.69
568,622,0.91
569,622,1.00
570,622,1.00
571,622,1.00
572,622,0.91
573,622,0.69
574,622,0.45
565,623,0.30
566,623,0.55
567,623,0.81
568,623,1.00
569,623,1.00
570,623,1.00
571,623,1.00
572,623,1.00
573,623,0.81
574,623,0.55
565,624,0.30
566,624,0.58
567,624,0.86
568,624,1.00
569,624,1.00
570,624,1.00
571,624,1.00
572,624,1.00
573,624,0.86
574,624,0.58
575,624,0.30
565,625,0.30
566,625,0.55
567,625,0.81
568,625,1.00
569,625,1.00
570,625,1.00
571,625,1.00
572,625,1.00
573,625,0.81
574,625,0.55
575,625,0.30
565,626,0.30
566,626,0.45
567,626,0.69
568,626,0.91
569,626,1.00
570,626,1.00
571,626,1.00
572,626,0.91
573,626,0.69
574,626,0.45
575,626,0.30
565,627,0.30
566,627,0.30
567,627,0.51
568,627,0.69
569,627,0.81
570,627,0.86
571,627,0.81
572,627,0.69
573,627,0.51
574,627,0.30
575,627,0.30
565,628,0.30
566,628,0.30
567,628,0.30
568,628,0.45
569,628,0.55
570,628,0.58
571,628,0.55
572,628,0.45
573,628,0.30
574,628,0.30
575,628,0.30
565,629,0.30
566,629,0.30
567,629,0.30
568,629,0.30
569,629,0.30
570,629,0.30
571,629,0.30
572,629,0.30
573,629,0.30
574,629,0.30
575,629,0.30
568,600,0.30
569,600,0.30
570,600,0.30
568,601,0.30
569,601,0.30
570,601,0.30
568,602,0.30
569,602,0.30
570,602,0.51
568,603,0.30
569,603,0.45
570,603,0.69
568,604,0.30
569,604,0.55
570,604,0.81
568,605,0.30
569,605,0.58
570,605,0.86
568,606,0.30
569,606,0.55
570,606,0.81
571,606,1.00
572,606,1.00
573,606,1.00
574,606,1.00
575,606,1.00
576,606,0.81
577,606,0.55
578,606,0.30
568,607,0.30
569,607,0.45
570,607,0.69
571,607,0.91
572,607,1.00
573,607,1.00
574,607,1.00
575,607,0.91
576,607,0.69
577,607,0.45
578,607,0.30
568,608,0.30
569,608,0.30
570,608,0.51
571,608,0.69
572,608,0.81
573,608,0.86
574,608,0.81
575,608,0.69
576,608,0.51
577,608,0.30
578,608,0.30
568,609,0.30
569,609,0.30
570,609,0.30
571,609,0.45
572,609,0.55
573,609,0.58
574,609,0.55
575,609,0.45
576,609,0.30
577,609,0.30
578,609,0.30
568,610,0.30
569,610,0.30
570,610,0.30
571,610,0.30
572,610,0.30
573,610,0.30
574,610,0.30
575,610,0.30
576,610,0.30
577,610,0.30
578,610,0.30
574,573,0.90
575,573,0.90
576,573,0.90
577,573,1.00
578,573,1.00
574,574,0.90
575,574,0.90
576,574,1.00
577,574,1.00
578,574,1.00
574,575,0.90
575,575,1.00
576,575,1.00
577,575,1.00
578,575,1.00
574,576,0.90
575,576,1.00
576,576,1.00
577,576,1.00
578,576,1.00
574,577,0.90
575,577,1.00
576,577,1.00
577,577,1.00
578,577,1.00
574,578,0.90
575,578,1.00
576,578,1.00
577,578,1.00
578,578,1.00
574,579,0.90
575,579,1.00
576,579,1.00
577,579,1.00
578,579,1.00
574,580,0.90
575,580,1.00
576,580,1.00
577,580,1.00
578,580,1.00
574,581,0.90
575,581,0.90
576,581,1.00
577,581,1.00
578,581,1.00
574,582,0.90
575,582,0.90
576,582,0.90
577,582,1.00
578,582,1.00
574,583,0.60
575,583,0.60
576,583,0.60
577,583,0.60
578,583,0.60
574,572,0.30
575,572,0.30
576,572,0.30
577,572,0.60
578,572,0.60
577,564,0.60
578,564,0.60
579,564,0.60
580,564,0.60
581,564,0.60
582,564,0.60
583,564,0.60
584,564,0.30
585,564,0.30
586,564,0.30
587,564,0.30
577,565,0.30
578,565,0.30
579,565,0.30
580,565,0.45
581,565,0.55
582,565,0.58
583,565,0.55
584,565,0.45
585,565,0.30
586,565,0.30
587,565,0.30
577,566,0.30
578,566,0.30
577,567,0.30
578,567,0.45
577,568,0.30
578,568,0.55
577,569,0.30
578,569,0.58
577,570,0.30
578,570,0.55
577,571,0.30
578,571,0.45
584,517,0.90
585,517,0.90
586,517,1.00
587,517,1.00
588,517,1.00
589,517,1.00
590,517,1.00
591,517,1.00
592,517,1.00
593,517,0.90
594,517,0.90
584,515,0.30
585,515,0.30
586,515,0.30
587,515,0.30
588,515,0.30
589,515,0.30
590,515,0.30
591,515,0.30
592,515,0.30
593,515,0.30
594,515,0.30
584,516,0.30
585,516,0.30
586,516,0.30
587,516,0.45
588,516,0.55
589,516,0.58
590,516,0.55
591,516,0.45
592,516,0.30
593,516,0.30
594,516,0.30
584,555,1.00
585,555,0.99
586,555,0.99
587,555,0.91
588,555,1.00
589,555,1.00
590,555,1.00
591,555,0.91
592,555,0.69
593,555,0.45
594,555,0.30
584,556,1.00
585,556,0.99
586,556,1.00
587,556,1.00
588,556,1.00
589,556,1.00
590,556,1.00
591,556,1.00
592,556,0.81
593,556,0.55
594,556,0.30
584,557,1.00
585,557,0.88
586,557,1.00
587,557,1.00
588,557,1.00
589,557,1.00
590,557,1.00
591,557,1.00
592,557,0.86
593,557,0.58
594,557,0.30
584,558,0.90
585,558,0.85
586,558,1.00
587,558,1.00
588,558,1.00
589,558,1.00
590,558,1.00
591,558,1.00
592,558,0.81
593,558,0.55
594,558,0.30
584,559,0.90
585,559,0.75
586,559,0.99
587,559,0.91
588,559,1.00
589,559,1.00
590,559,1.00
591,559,0.91
592,559,0.69
593,559,0.45
594,559,0.30
584,560,0.60
585,560,0.30
586,560,0.51
587,560,0.69
588,560,0.81
589,560,0.86
590,560,0.81
591,560,0.69
592,560,0.51
593,560,0.30
594,560,0.30
584,561,0.30
585,561,0.30
586,561,0.30
587,561,0.45
588,561,0.55
589,561,0.58
590,561,0.55
591,561,0.45
592,561,0.30
593,561,0.30
594,561,0.30
584,562,0.30
585,562,0.30
586,562,0.30
587,562,0.30
588,562,0.30
589,562,0.30
590,562,0.30
591,562,0.30
592,562,0.30
593,562,0.30
594,562,0.30
590,566,1.00
591,566,0.90
592,566,0.90
593,566,0.30
590,567,1.00
591,567,0.90
592,567,0.90
593,567,0.30
590,568,1.00
591,568,1.00
592,568,0.90
593,568,0.30
590,569,1.00
591,569,1.00
592,569,1.00
593,569,0.30
590,570,1.00
591,570,1.00
592,570,1.00
593,570,0.30
590,571,1.00
591,571,1.00
592,571,1.00
593,571,0.30
590,572,1.00
591,572,1.00
592,572,1.00
593,572,0.30
590,573,1.00
591,573,1.00
592,573,1.00
593,573,0.30
590,574,1.00
591,574,1.00
592,574,0.90
593,574,0.30
590,575,1.00
591,575,0.90
592,575,0.90
593,575,0.30
590,576,1.00
591,576,0.90
592,576,0.90
593,576,0.30
579,524,0.30
580,524,0.30
581,524,0.30
582,524,0.30
583,524,0.30
579,525,0.60
580,525,0.60
581,525,0.60
582,525,0.75
583,525,0.85
579,526,0.85
580,526,0.75
581,526,1.00
582,526,1.00
583,526,1.00
579,527,1.00
580,527,1.00
581,527,1.00
582,527,1.00
583,527,1.00
579,528,1.00
580,528,1.00
581,528,1.00
582,528,1.00
583,528,1.00
579,529,1.00
580,529,1.00
581,529,1.00
582,529,1.00
583,529,1.00
579,530,1.00
580,530,1.00
581,530,1.00
582,530,1.00
583,530,1.00
584,530,1.00
579,531,1.00
580,531,1.00
581,531,1.00
582,531,1.00
583,531,1.00
584,531,1.00
579,532,1.00
580,532,1.00
581,532,1.00
582,532,1.00
583,532,1.00
584,532,1.00
579,533,1.00
580,533,1.00
581,533,1.00
582,533,1.00
583,533,1.00
584,533,1.00
579,534,1.00
580,534,1.00
581,534,1.00
582,534,1.00
583,534,1.00
584,534,0.99
585,534,1.00
581,535,1.00
582,535,1.00
583,535,0.90
584,535,0.45
585,535,0.55
581,536,0.81
582,536,0.60
583,536,0.60
584,536,0.30
585,536,0.30
581,540,0.81
582,540,0.60
583,540,0.60
584,540,0.30
585,540,0.30
586,540,0.30
587,540,0.30
581,541,0.99
582,541,0.75
583,541,0.60
584,541,0.45
585,541,0.55
586,541,0.58
587,541,0.55
588,541,0.45
589,541,0.30
590,541,0.30
591,541,0.30
581,542,1.00
582,542,0.85
583,542,0.81
584,542,0.69
585,542,0.81
586,542,0.86
587,542,0.81
588,542,0.69
589,542,0.51
590,542,0.30
591,542,0.30
581,543,1.00
582,543,1.00
583,543,0.99
584,543,0.91
585,543,1.00
586,543,1.00
587,543,1.00
588,543,0.91
589,543,0.69
590,543,0.45
591,543,0.30
581,544,1.00
582,544,1.00
583,544,1.00
581,545,0.99
582,545,1.00
583,545,1.00
581,546,0.81
582,546,0.85
583,546,1.00
581,547,0.60
582,547,0.75
583,547,0.99
581,548,0.60
582,548,0.60
583,548,0.81
581,549,0.60
582,549,0.60
583,549,0.60
581,550,1.00
582,550,1.00
583,550,1.00
576,549,0.30
577,549,0.30
578,549,0.30
579,549,0.30
580,549,0.30
576,550,0.60
577,550,0.60
578,550,0.60
579,550,0.75
580,550,0.85
576,551,0.60
577,551,0.75
578,551,1.00
579,551,1.00
580,551,1.00
581,551,1.00
582,551,1.00
583,551,0.99
576,552,0.81
577,552,1.00
578,552,1.00
579,552,1.00
580,552,1.00
581,552,1.00
582,552,1.00
583,552,1.00
576,553,0.99
577,553,1.00
578,553,1.00
579,553,1.00
580,553,1.00
581,553,1.00
582,553,1.00
583,553,1.00
576,554,1.00
577,554,1.00
578,554,1.00
579,554,1.00
580,554,1.00
581,554,1.00
582,554,1.00
583,554,1.00
576,555,1.00
577,555,1.00
578,555,1.00
579,555,1.00
580,555,1.00
581,555,1.00
582,555,1.00
583,555,1.00
576,556,1.00
577,556,1.00
578,556,1.00
579,556,1.00
580,556,1.00
581,556,1.00
582,556,1.00
583,556,1.00
576,557,1.00
577,557,1.00
578,557,1.00
579,557,1.00
580,557,1.00
581,557,1.00
582,557,1.00
583,557,1.00
576,558,1.00
577,558,1.00
578,558,1.00
579,558,1.00
580,558,1.00
581,558,1.00
582,558,1.00
583,558,1.00
576,559,1.00
577,559,1.00
578,559,1.00
579,559,1.00
580,559,1.00
581,559,1.00
582,559,1.00
583,559,0.90
573,554,0.30
574,554,0.60
575,554,0.85
573,555,0.30
574,555,0.60
575,555,0.88
573,556,0.30
574,556,0.60
575,556,1.00
573,557,0.30
574,557,0.75
575,557,1.00
573,558,0.30
574,558,0.85
575,558,1.00
576,560,1.00
577,560,1.00
578,560,1.00
579,560,1.00
580,560,1.00
581,560,1.00
582,560,0.85
583,560,0.60
576,561,0.91
577,561,1.00
578,561,1.00
579,561,1.00
580,561,0.91
581,561,0.69
582,561,0.45
583,561,0.30
576,562,0.69
577,562,0.81
578,562,0.86
579,562,0.81
580,562,0.69
581,562,0.51
582,562,0.30
583,562,0.30
576,563,0.45
577,563,0.55
578,563,0.58
579,563,0.55
580,563,0.45
581,563,0.30
582,563,0.30
583,563,0.30
576,564,0.30
575,538,0.60
576,538,0.60
577,538,0.60
578,538,0.60
579,538,0.60
580,538,0.60
581,538,0.60
582,538,0.60
583,538,0.60
575,539,0.30
576,539,0.45
577,539,0.55
578,539,0.58
579,539,0.55
580,539,0.45
581,539,0.30
582,539,0.30
583,539,0.30
575,540,0.51
576,540,0.69
577,540,0.81
578,540,0.86
579,540,0.81
580,540,0.69
573,541,0.30
574,541,0.45
575,541,0.69
576,541,0.91
577,541,1.00
578,541,1.00
579,541,1.00
580,541,0.91
573,542,0.30
574,542,0.55
575,542,0.81
576,542,1.00
577,542,1.00
578,542,1.00
579,542,1.00
580,542,1.00
573,543,0.30
574,543,0.58
575,543,0.86
576,543,1.00
577,543,1.00
578,543,1.00
579,543,1.00
580,543,1.00
573,544,0.30
574,544,0.55
575,544,0.81
576,544,1.00
577,544,1.00
578,544,1.00
579,544,1.00
580,544,1.00
573,545,0.30
574,545,0.45
575,545,0.69
576,545,0.91
577,545,1.00
578,545,1.00
579,545,1.00
580,545,0.91
573,546,0.30
574,546,0.30
575,546,0.51
576,546,0.69
577,546,0.81
578,546,0.86
579,546,0.81
580,546,0.69
573,547,0.30
574,547,0.30
575,547,0.30
576,547,0.45
577,547,0.55
578,547,0.58
579,547,0.55
580,547,0.45
573,548,0.30
574,548,0.30
575,548,0.30
576,548,0.30
577,548,0.30
578,548,0.30
579,548,0.30
580,548,0.30
573,525,0.30
574,525,0.30
575,525,0.30
576,525,0.30
577,525,0.30
578,525,0.30
573,526,0.30
574,526,0.30
575,526,0.30
576,526,0.45
577,526,0.55
578,526,0.58
573,527,0.30
574,527,0.30
575,527,0.51
576,527,0.69
577,527,0.81
578,527,0.86
573,528,0.60
574,528,0.75
575,528,0.99
576,528,1.00
577,528,1.00
578,528,1.00
575,529,1.00
576,529,1.00
577,529,1.00
578,529,1.00
575,530,1.00
576,530,1.00
577,530,1.00
578,530,1.00
575,531,1.00
576,531,1.00
577,531,1.00
578,531,1.00
575,532,1.00
576,532,1.00
577,532,1.00
578,532,1.00
575,533,1.00
576,533,1.00
577,533,1.00
578,533,1.00
575,534,1.00
576,534,1.00
577,534,1.00
578,534,1.00
575,535,0.99
576,535,1.00
577,535,1.00
578,535,1.00
579,535,1.00
580,535,1.00
575,536,0.51
576,536,0.69
577,536,0.81
578,536,0.86
579,536,0.81
580,536,0.69
575,537,0.30
576,537,0.45
577,537,0.55
578,537,0.58
579,537,0.55
580,537,0.45
581,537,0.30
582,537,0.30
583,537,0.30
574,550,0.30
575,550,0.30
574,551,0.30
575,551,0.30
574,552,0.30
575,552,0.30
574,553,0.30
575,553,0.45
590,583,0.30
591,583,0.30
592,583,0.30
593,583,0.30
594,583,0.30
595,583,0.30
596,583,0.30
597,583,0.30
590,584,0.45
591,584,0.55
592,584,0.58
593,584,0.55
594,584,0.45
595,584,0.30
596,584,0.30
597,584,0.30
593,585,0.81
594,585,0.69
595,585,0.51
596,585,0.30
597,585,0.30
593,586,1.00
594,586,0.91
595,586,0.69
596,586,0.45
597,586,0.30
593,587,1.00
594,587,1.00
593,588,1.00
594,588,1.00
593,589,1.00
594,589,1.00
593,590,1.00
594,590,0.91
593,591,0.81
594,591,0.69
593,592,0.55
594,592,0.45
593,593,0.30
594,593,0.30
599,598,0.30
600,598,0.45
601,598,0.69
599,599,0.30
600,599,0.55
601,599,0.81
599,600,0.30
600,600,0.58
601,600,0.86
599,601,0.30
600,601,0.55
601,601,0.81
599,602,0.30
600,602,0.45
601,602,0.69
599,603,0.30
600,603,0.30
601,603,0.51
599,604,0.30
600,604,0.30
601,604,0.30
599,605,0.30
600,605,0.30
601,605,0.30
613,606,0.30
614,606,0.30
615,606,0.30
616,606,0.30
617,606,0.30
618,606,0.30
619,606,0.30
620,606,0.30
610,607,0.30
611,607,0.30
612,607,0.30
613,607,0.45
614,607,0.55
615,607,0.58
616,607,0.55
617,607,0.45
618,607,0.30
619,607,0.30
620,607,0.30
610,608,0.30
611,608,0.30
612,608,0.51
613,608,0.69
614,608,0.81
615,608,0.86
616,608,0.81
617,608,0.69
618,608,0.51
619,608,0.30
620,608,0.30
610,609,0.30
611,609,0.45
612,609,0.99
613,609,1.00
614,609,1.00
615,609,1.00
616,609,1.00
617,609,1.00
618,609,0.99
619,609,0.75
620,609,0.60
610,610,0.30
611,610,0.55
612,610,1.00
613,610,1.00
614,610,1.00
615,610,1.00
616,610,1.00
617,610,1.00
618,610,1.00
619,610,0.99
620,610,0.60
610,611,0.30
611,611,0.58
612,611,1.00
613,611,1.00
614,611,1.00
615,611,1.00
616,611,1.00
617,611,1.00
618,611,1.00
619,611,1.00
620,611,0.81
610,612,0.30
611,612,0.55
612,612,1.00
613,612,1.00
614,612,1.00
615,612,1.00
616,612,1.00
617,612,1.00
618,612,1.00
619,612,1.00
620,612,0.99
610,613,0.30
611,613,0.45
612,613,0.99
613,613,1.00
614,613,1.00
615,613,1.00
616,613,1.00
617,613,1.00
618,613,1.00
619,613,1.00
620,613,1.00
610,614,0.30
611,614,0.30
612,614,0.81
613,614,1.00
614,614,1.00
615,614,1.00
616,614,1.00
617,614,1.00
618,614,1.00
619,614,1.00
620,614,1.00
610,615,0.30
611,615,0.30
612,615,0.60
613,615,0.99
614,615,1.00
615,615,1.00
616,615,1.00
617,615,1.00
618,615,1.00
619,615,1.00
620,615,1.00
610,616,0.30
611,616,0.30
612,616,0.60
613,616,0.75
614,616,0.99
615,616,1.00
616,616,1.00
617,616,1.00
618,616,1.00
619,616,1.00
620,616,1.00
621,609,0.30
622,609,0.30
621,610,0.30
622,610,0.30
621,611,0.30
622,611,0.30
621,612,0.45
622,612,0.30
621,613,0.55
622,613,0.30
621,614,0.88
622,614,0.60
621,615,0.85
622,615,0.75
621,616,0.96
622,616,0.99
612,617,0.30
613,617,0.30
614,617,0.51
615,617,0.69
616,617,0.81
617,617,0.86
618,617,0.81
619,617,0.99
620,617,0.96
621,617,0.99
622,617,1.00
612,618,0.30
613,618,0.30
614,618,0.30
615,618,0.45
616,618,0.55
617,618,0.58
618,618,0.55
619,618,0.75
620,618,0.85
621,618,1.00
622,618,1.00
612,619,0.30
613,619,0.30
614,619,0.30
615,619,0.30
616,619,0.30
617,619,0.30
618,619,0.30
619,619,0.60
620,619,0.88
621,619,1.00
622,619,1.00
623,614,0.30
624,614,0.30
625,614,0.30
626,614,0.30
627,614,0.30
628,614,0.30
629,614,0.30
623,615,0.55
624,615,0.58
625,615,0.55
626,615,0.45
627,615,0.30
628,615,0.30
629,615,0.30
623,616,0.81
624,616,0.86
625,616,0.81
626,616,0.69
627,616,0.51
628,616,0.30
629,616,0.30
623,617,1.00
624,617,1.00
625,617,1.00
626,617,0.91
627,617,0.69
628,617,0.45
629,617,0.30
623,618,1.00
624,618,1.00
625,618,1.00
626,618,1.00
627,618,0.81
628,618,0.55
629,618,0.30
623,619,1.00
624,619,1.00
625,619,1.00
626,619,1.00
627,619,0.86
628,619,0.58
629,619,0.30
619,620,0.30
620,620,0.55
621,620,0.81
622,620,1.00
623,620,1.00
624,620,1.00
625,620,1.00
626,620,1.00
627,620,0.81
628,620,0.55
629,620,0.30
619,621,0.30
620,621,0.45
621,621,0.69
622,621,0.91
623,621,1.00
624,621,1.00
625,621,1.00
626,621,0.91
627,621,0.69
628,621,0.45
629,621,0.30
619,622,0.30
620,622,0.30
621,622,0.51
622,622,0.69
623,622,0.81
624,622,0.86
625,622,0.81
626,622,0.69
627,622,0.51
628,622,0.30
629,622,0.30
619,623,0.30
620,623,0.30
621,623,0.30
622,623,0.45
623,623,0.55
624,623,0.58
625,623,0.55
626,623,0.45
627,623,0.30
628,623,0.30
629,623,0.30
619,624,0.30
620,624,0.30
621,624,0.30
622,624,0.30
623,624,0.30
624,624,0.30
625,624,0.30
626,624,0.30
627,624,0.30
628,624,0.30
629,624,0.30
640,611,0.30
641,611,0.30
642,611,0.30
643,611,0.30
644,611,0.30
645,611,0.30
646,611,0.30
647,611,0.30
648,611,0.30
649,611,0.30
650,611,0.30
640,612,0.30
641,612,0.30
642,612,0.30
643,612,0.45
644,612,0.55
645,612,0.58
646,612,0.55
647,612,0.45
648,612,0.30
649,612,0.30
650,612,0.30
640,613,0.30
641,613,0.30
642,613,0.51
643,613,0.69
644,613,0.81
645,613,0.86
646,613,0.81
647,613,0.69
648,613,0.51
649,613,0.30
650,613,0.30
640,614,0.30
641,614,0.45
642,614,0.69
643,614,0.91
644,614,1.00
645,614,1.00
646,614,1.00
647,614,0.91
648,614,0.69
649,614,0.45
650,614,0.30
640,615,0.30
641,615,0.55
642,615,0.81
643,615,1.00
644,615,1.00
645,615,1.00
646,615,1.00
647,615,1.00
648,615,0.81
649,615,0.55
650,615,0.30
640,616,0.30
641,616,0.58
642,616,0.86
643,616,1.00
644,616,1.00
645,616,1.00
646,616,1.00
647,616,1.00
648,616,0.86
649,616,0.58
650,616,0.30
640,617,0.30
641,617,0.55
642,617,0.81
643,617,1.00
644,617,1.00
645,617,1.00
646,617,1.00
647,617,1.00
648,617,0.81
649,617,0.55
650,617,0.30
640,618,0.30
641,618,0.45
642,618,0.69
643,618,0.91
644,618,1.00
645,618,1.00
646,618,1.00
647,618,0.91
648,618,0.69
649,618,0.45
650,618,0.30
640,619,0.30
641,619,0.30
642,619,0.51
643,619,0.69
644,619,0.81
645,619,0.86
646,619,0.81
647,619,0.69
648,619,0.51
649,619,0.30
650,619,0.30
640,620,0.30
641,620,0.30
642,620,0.30
643,620,0.45
644,620,0.55
645,620,0.58
646,620,0.55
647,620,0.45
648,620,0.30
649,620,0.30
650,620,0.30
640,621,0.30
641,621,0.30
642,621,0.30
643,621,0.30
644,621,0.30
645,621,0.30
646,621,0.30
647,621,0.30
648,621,0.30
649,621,0.30
650,621,0.30
656,610,0.30
657,610,0.30
658,610,0.30
659,610,0.30
660,610,0.30
661,610,0.30
662,610,0.30
663,610,0.30
664,610,0.60
665,610,0.60
666,610,0.60
656,611,0.30
657,611,0.30
658,611,0.30
659,611,0.45
660,611,0.55
661,611,0.58
662,611,0.55
663,611,0.45
664,611,0.60
665,611,0.60
666,611,0.60
656,612,0.30
657,612,0.30
658,612,0.51
659,612,0.69
660,612,0.81
661,612,0.86
662,612,0.81
663,612,0.69
664,612,0.81
665,612,0.60
666,612,0.81
656,613,0.30
657,613,0.45
658,613,0.69
659,613,0.91
660,613,1.00
661,613,1.00
662,613,1.00
663,613,0.91
664,613,0.99
665,613,0.90
666,613,0.99
656,614,0.30
657,614,0.55
658,614,0.81
659,614,1.00
660,614,1.00
661,614,1.00
662,614,1.00
663,614,1.00
664,614,1.00
665,614,1.00
666,614,1.00
656,615,0.30
657,615,0.58
658,615,0.86
659,615,1.00
660,615,1.00
661,615,1.00
662,615,1.00
663,615,1.00
664,615,1.00
665,615,1.00
666,615,1.00
656,616,0.30
657,616,0.55
658,616,0.81
659,616,1.00
660,616,1.00
661,616,1.00
662,616,1.00
663,616,1.00
664,616,1.00
665,616,1.00
666,616,1.00
656,617,0.30
657,617,0.45
658,617,0.69
659,617,0.91
660,617,1.00
661,617,1.00
662,617,1.00
663,617,0.91
664,617,0.99
665,617,0.90
666,617,0.99
656,618,0.30
657,618,0.30
658,618,0.51
659,618,0.69
660,618,0.81
661,618,0.86
662,618,0.81
663,618,0.69
664,618,0.81
665,618,0.60
666,618,0.81
656,619,0.30
657,619,0.30
658,619,0.30
659,619,0.45
660,619,0.55
661,619,0.58
662,619,0.55
663,619,0.45
664,619,0.60
665,619,0.60
666,619,0.60
656,620,0.30
657,620,0.30
658,620,0.30
659,620,0.30
660,620,0.30
661,620,0.30
662,620,0.30
663,620,0.30
664,620,0.60
665,620,0.60
666,620,0.60
667,610,0.30
668,610,0.30
669,610,0.30
670,610,0.30
671,610,0.60
672,610,0.60
673,610,0.81
674,610,0.99
667,611,0.45
668,611,0.55
669,611,0.58
670,611,0.55
671,611,0.75
672,611,0.75
673,611,0.99
674,611,1.00
667,612,0.69
668,612,0.81
669,612,0.86
670,612,0.81
671,612,0.99
672,612,1.00
673,612,1.00
674,612,1.00
667,613,0.91
668,613,1.00
669,613,1.00
670,613,1.00
671,613,1.00
672,613,1.00
673,613,1.00
674,613,1.00
667,614,1.00
668,614,1.00
669,614,1.00
670,614,1.00
671,614,1.00
672,614,1.00
673,614,1.00
674,614,1.00
667,615,1.00
668,615,1.00
669,615,1.00
670,615,1.00
671,615,1.00
672,615,1.00
673,615,1.00
674,615,1.00
667,616,1.00
668,616,1.00
669,616,1.00
670,616,1.00
671,616,1.00
672,616,1.00
673,616,1.00
674,616,0.99
667,617,0.91
668,617,1.00
669,617,1.00
670,617,1.00
671,617,1.00
672,617,0.99
673,617,0.75
674,617,0.75
667,618,0.69
668,618,0.81
669,618,0.86
670,618,0.81
671,618,0.99
672,618,0.81
673,618,0.60
674,618,0.60
667,619,0.45
668,619,0.55
669,619,0.58
670,619,0.55
671,619,0.45
672,619,0.30
673,619,0.30
674,619,0.30
667,620,0.30
668,620,0.30
669,620,0.30
670,620,0.30
671,620,0.30
672,620,0.30
673,620,0.30
674,620,0.30
671,608,0.30
672,608,0.30
673,608,0.30
674,608,0.30
675,608,0.30
676,608,0.30
677,608,0.30
678,608,0.30
679,608,0.30
680,608,0.30
681,608,0.30
671,609,0.30
672,609,0.30
673,609,0.30
674,609,0.45
675,609,0.55
676,609,0.58
677,609,0.55
678,609,0.45
679,609,0.30
680,609,0.30
681,609,0.30
675,610,0.81
676,610,0.86
677,610,0.81
678,610,0.69
679,610,0.51
680,610,0.30
681,610,0.30
675,611,1.00
676,611,1.00
677,611,1.00
678,611,0.91
679,611,0.69
680,611,0.45
681,611,0.30
675,612,1.00
676,612,1.00
677,612,1.00
678,612,1.00
679,612,0.81
680,612,0.55
681,612,0.30
675,613,1.00
676,613,1.00
677,613,1.00
678,613,1.00
679,613,0.86
680,613,0.58
681,613,0.30
675,614,1.00
676,614,1.00
677,614,1.00
678,614,1.00
679,614,0.81
680,614,0.55
681,614,0.30
675,615,1.00
676,615,1.00
677,615,1.00
678,615,0.91
679,615,0.69
680,615,0.45
681,615,0.30
675,616,0.81
676,616,0.86
677,616,0.81
678,616,0.69
679,616,0.51
680,616,0.30
681,616,0.30
675,617,0.55
676,617,0.58
677,617,0.55
678,617,0.45
679,617,0.30
680,617,0.30
681,617,0.30
675,618,0.30
676,618,0.30
677,618,0.30
678,618,0.30
679,618,0.30
680,618,0.30
681,618,0.30
699,572,0.30
700,572,0.30
701,572,0.30
702,572,0.30
703,572,0.30
704,572,0.30
705,572,0.30
706,572,0.30
707,572,0.30
708,572,0.30
709,572,0.30
699,573,0.30
700,573,0.30
701,573,0.30
702,573,0.45
703,573,0.55
704,573,0.58
705,573,0.55
706,573,0.45
707,573,0.30
708,573,0.30
709,573,0.30
699,574,0.30
700,574,0.30
701,574,0.51
702,574,0.69
703,574,0.81
704,574,0.86
705,574,0.81
706,574,0.69
707,574,0.51
708,574,0.30
709,574,0.30
699,575,0.30
700,575,0.45
701,575,0.69
702,575,0.91
703,575,1.00
704,575,1.00
705,575,1.00
706,575,0.91
707,575,0.69
708,575,0.45
709,575,0.30
699,576,0.30
700,576,0.55
701,576,0.81
702,576,1.00
703,576,1.00
704,576,1.00
705,576,1.00
706,576,1.00
707,576,0.81
708,576,0.55
709,576,0.30
699,577,0.30
700,577,0.58
701,577,0.86
702,577,1.00
703,577,1.00
704,577,1.00
705,577,1.00
706,577,1.00
707,577,0.86
708,577,0.58
709,577,0.30
699,578,0.30
700,578,0.55
701,578,0.81
702,578,1.00
703,578,1.00
704,578,1.00
705,578,1.00
706,578,1.00
707,578,0.81
708,578,0.55
709,578,0.30
699,579,0.30
700,579,0.45
701,579,0.69
702,579,0.91
703,579,1.00
704,579,1.00
705,579,1.00
706,579,0.91
707,579,0.69
708,579,0.45
709,579,0.30
699,580,0.30
700,580,0.30
701,580,0.51
702,580,0.69
703,580,0.81
704,580,0.86
705,580,0.81
706,580,0.69
707,580,0.51
708,580,0.30
709,580,0.30
699,581,0.30
700,581,0.30
701,581,0.30
702,581,0.45
703,581,0.55
704,581,0.58
705,581,0.55
706,581,0.45
707,581,0.30
708,581,0.30
709,581,0.30
699,582,0.30
700,582,0.30
701,582,0.30
702,582,0.30
703,582,0.30
704,582,0.30
705,582,0.30
706,582,0.30
707,582,0.30
708,582,0.30
709,582,0.30
734,536,0.30
735,536,0.30
736,536,0.30
737,536,0.30
738,536,0.30
739,536,0.30
740,536,0.30
741,536,0.30
742,536,0.30
743,536,0.30
744,536,0.30
734,537,0.30
735,537,0.30
736,537,0.30
737,537,0.45
738,537,0.55
739,537,0.58
740,537,0.55
741,537,0.45
742,537,0.30
743,537,0.30
744,537,0.30
734,538,0.30
735,538,0.30
736,538,0.51
737,538,0.69
738,538,0.81
739,538,0.86
740,538,0.81
741,538,0.69
742,538,0.51
743,538,0.30
744,538,0.30
734,539,0.30
735,539,0.45
736,539,0.69
737,539,0.91
738,539,1.00
739,539,1.00
740,539,1.00
741,539,0.91
742,539,0.69
743,539,0.45
744,539,0.30
734,540,0.30
735,540,0.55
736,540,0.81
737,540,1.00
738,540,1.00
739,540,1.00
740,540,1.00
741,540,1.00
742,540,0.81
743,540,0.55
744,540,0.30
734,541,0.30
735,541,0.58
736,541,0.86
737,541,1.00
738,541,1.00
739,541,1.00
740,541,1.00
741,541,1.00
742,541,0.86
743,541,0.58
744,541,0.30
734,542,0.30
735,542,0.55
736,542,0.81
737,542,1.00
738,542,1.00
739,542,1.00
740,542,1.00
741,542,1.00
742,542,0.81
743,542,0.55
744,542,0.30
734,543,0.30
735,543,0.45
736,543,0.69
737,543,0.91
738,543,1.00
739,543,1.00
740,543,1.00
741,543,0.91
742,543,0.69
743,543,0.45
744,543,0.30
734,544,0.30
735,544,0.30
736,544,0.51
737,544,0.69
738,544,0.81
739,544,0.86
740,544,0.81
741,544,0.69
742,544,0.51
743,544,0.30
744,544,0.30
734,545,0.30
735,545,0.30
736,545,0.30
737,545,0.45
738,545,0.55
739,545,0.58
740,545,0.55
741,545,0.45
742,545,0.30
743,545,0.30
744,545,0.30
734,546,0.30
735,546,0.30
736,546,0.30
737,546,0.30
738,546,0.30
739,546,0.30
740,546,0.30
741,546,0.30
742,546,0.30
743,546,0.30
744,546,0.30
748,522,0.30
749,522,0.30
750,522,0.30
751,522,0.30
752,522,0.30
753,522,0.60
754,522,0.60
755,522,0.60
756,522,0.60
757,522,0.60
758,522,0.60
748,523,0.30
749,523,0.30
750,523,0.30
751,523,0.45
752,523,0.55
753,523,0.58
754,523,0.55
755,523,0.45
756,523,0.30
757,523,0.30
758,523,0.30
748,524,0.30
749,524,0.30
750,524,0.51
751,524,0.69
752,524,0.81
753,524,0.86
754,524,0.81
755,524,0.69
756,524,0.51
757,524,0.30
758,524,0.30
748,525,0.30
749,525,0.45
750,525,0.69
751,525,0.91
752,525,1.00
753,525,1.00
754,525,1.00
755,525,0.91
756,525,0.69
757,525,0.45
758,525,0.30
748,526,0.30
749,526,0.55
750,526,0.81
751,526,1.00
752,526,1.00
753,526,1.00
754,526,1.00
755,526,1.00
756,526,0.81
757,526,0.55
758,526,0.30
748,527,0.30
749,527,0.58
750,527,0.86
751,527,1.00
752,527,1.00
753,527,1.00
754,527,1.00
755,527,1.00
756,527,0.86
757,527,0.58
758,527,0.30
748,528,0.30
749,528,0.55
750,528,0.81
751,528,1.00
752,528,1.00
753,528,1.00
754,528,1.00
755,528,1.00
756,528,0.81
757,528,0.55
758,528,0.30
748,529,0.30
749,529,0.45
750,529,0.69
751,529,0.91
752,529,1.00
753,529,1.00
754,529,1.00
755,529,0.91
756,529,0.69
757,529,0.45
758,529,0.30
748,530,0.30
749,530,0.30
750,530,0.51
751,530,0.69
752,530,0.81
753,530,0.86
754,530,0.81
755,530,0.69
756,530,0.51
757,530,0.30
758,530,0.30
748,531,0.30
749,531,0.30
750,531,0.30
751,531,0.45
752,531,0.55
753,531,0.58
754,531,0.55
755,531,0.45
756,531,0.30
757,531,0.30
758,531,0.30
748,532,0.30
749,532,0.30
750,532,0.30
751,532,0.30
752,532,0.30
753,532,0.30
754,532,0.30
755,532,0.30
756,532,0.30
757,532,0.30
758,532,0.30
753,512,0.30
754,512,0.60
755,512,0.85
756,512,1.00
757,512,1.00
758,512,1.00
759,512,1.00
760,512,1.00
761,512,1.00
762,512,1.00
763,512,0.85
753,513,0.30
754,513,0.60
755,513,0.75
756,513,1.00
757,513,1.00
758,513,1.00
759,513,1.00
760,513,1.00
761,513,1.00
762,513,0.99
763,513,0.75
753,514,0.30
754,514,0.60
755,514,0.81
756,514,1.00
757,514,1.00
758,514,1.00
759,514,1.00
760,514,1.00
761,514,1.00
762,514,0.81
763,514,0.60
753,515,0.30
754,515,0.75
755,515,0.99
756,515,1.00
757,515,1.00
758,515,1.00
759,515,1.00
760,515,1.00
761,515,1.00
762,515,0.75
763,515,0.60
753,516,0.30
754,516,0.85
755,516,1.00
756,516,1.00
757,516,1.00
758,516,1.00
759,516,1.00
760,516,1.00
761,516,1.00
762,516,0.85
763,516,0.60
753,517,0.30
754,517,0.58
755,517,0.86
756,517,1.00
757,517,1.00
758,517,1.00
759,517,1.00
760,517,1.00
761,517,0.86
762,517,0.58
763,517,0.30
753,518,0.30
754,518,0.55
755,518,0.81
756,518,1.00
757,518,1.00
758,518,1.00
759,518,1.00
760,518,1.00
761,518,0.81
762,518,0.55
763,518,0.30
753,519,0.30
754,519,0.45
755,519,0.69
756,519,0.91
757,519,1.00
758,519,1.00
759,519,1.00
760,519,0.91
761,519,0.69
762,519,0.45
763,519,0.30
753,520,0.30
754,520,0.30
755,520,0.51
756,520,0.69
757,520,0.81
758,520,0.86
759,520,0.81
760,520,0.69
761,520,0.51
762,520,0.30
763,520,0.30
753,521,0.30
754,521,0.30
755,521,0.30
756,521,0.45
757,521,0.55
758,521,0.58
759,521,0.55
760,521,0.45
761,521,0.30
762,521,0.30
763,521,0.30
759,522,0.30
760,522,0.30
761,522,0.30
762,522,0.30
763,522,0.30
754,506,1.00
755,506,1.00
756,506,1.00
757,506,1.00
758,506,1.00
759,506,1.00
760,506,1.00
761,506,1.00
762,506,1.00
763,506,0.88
764,506,0.60
754,507,1.00
755,507,1.00
756,507,1.00
757,507,1.00
758,507,1.00
759,507,1.00
760,507,1.00
761,507,1.00
762,507,1.00
763,507,0.85
764,507,0.60
754,508,1.00
755,508,1.00
756,508,1.00
757,508,1.00
758,508,1.00
759,508,1.00
760,508,1.00
761,508,1.00
762,508,1.00
763,508,0.75
764,508,0.60
754,509,1.00
755,509,1.00
756,509,1.00
757,509,1.00
758,509,1.00
759,509,1.00
760,509,1.00
761,509,1.00
762,509,1.00
763,509,0.75
764,509,0.60
754,510,0.60
755,510,0.85
756,510,1.00
757,510,1.00
758,510,1.00
759,510,1.00
760,510,1.00
761,510,1.00
762,510,1.00
763,510,0.85
764,510,0.60
754,511,0.60
755,511,0.88
756,511,1.00
757,511,1.00
758,511,1.00
759,511,1.00
760,511,1.00
761,511,1.00
762,511,1.00
763,511,0.88
764,511,0.60
764,512,0.30
764,513,0.30
764,514,0.30
764,515,0.30
764,516,0.30
754,501,1.00
755,501,1.00
756,501,1.00
757,501,1.00
758,501,1.00
759,501,0.90
760,501,0.60
761,501,0.30
762,501,0.30
763,501,0.30
764,501,0.30
754,502,1.00
755,502,1.00
756,502,1.00
757,502,1.00
758,502,1.00
759,502,1.00
760,502,0.85
761,502,0.45
762,502,0.30
763,502,0.30
764,502,0.30
754,503,1.00
755,503,1.00
756,503,1.00
757,503,1.00
758,503,1.00
759,503,1.00
760,503,1.00
761,503,0.69
762,503,0.51
763,503,0.30
764,503,0.30
754,504,1.00
755,504,1.00
756,504,1.00
757,504,1.00
758,504,1.00
759,504,1.00
760,504,1.00
761,504,0.91
762,504,0.69
763,504,0.45
764,504,0.30
754,505,1.00
755,505,1.00
756,505,1.00
757,505,1.00
758,505,1.00
759,505,1.00
760,505,1.00
761,505,1.00
762,505,0.81
763,505,0.55
764,505,0.30
750,499,1.00
751,499,1.00
752,499,1.00
753,499,1.00
754,499,1.00
755,499,1.00
756,499,1.00
757,499,1.00
758,499,0.60
759,499,0.60
760,499,0.30
750,500,1.00
751,500,1.00
752,500,1.00
753,500,1.00
754,500,1.00
755,500,1.00
756,500,1.00
757,500,1.00
758,500,0.60
759,500,0.60
760,500,0.30
750,501,1.00
751,501,1.00
752,501,1.00
753,501,1.00
750,502,1.00
751,502,1.00
752,502,1.00
753,502,1.00
750,503,1.00
751,503,1.00
752,503,1.00
753,503,1.00
750,504,1.00
751,504,1.00
752,504,1.00
753,504,1.00
750,505,1.00
751,505,1.00
752,505,1.00
753,505,1.00
750,506,1.00
751,506,1.00
752,506,1.00
753,506,1.00
750,507,1.00
751,507,1.00
752,507,1.00
753,507,1.00
750,508,1.00
751,508,1.00
752,508,1.00
753,508,1.00
750,509,0.90
751,509,0.90
752,509,0.90
753,509,0.90
749,498,0.30
750,498,0.30
751,498,0.30
752,498,0.30
753,498,0.30
754,498,0.30
755,498,0.30
756,498,0.30
757,498,0.30
758,498,0.30
759,498,0.30
749,499,0.90
749,500,0.90
749,501,1.00
749,502,1.00
749,503,1.00
749,504,1.00
749,505,1.00
749,506,1.00
749,507,1.00
749,508,0.90
747,499,0.60
748,499,0.60
747,500,0.60
748,500,0.60
747,501,0.60
748,501,0.60
747,502,0.60
748,502,0.90
747,503,0.60
748,503,1.00
747,504,0.60
748,504,1.00
747,505,0.60
748,505,1.00
747,506,0.60
748,506,0.90
747,507,0.60
748,507,0.60
747,508,0.60
748,508,0.60
747,509,0.60
748,509,0.60
749,509,0.60
733,414,0.30
734,414,0.30
735,414,0.30
736,414,0.30
737,414,0.30
738,414,0.30
739,414,0.30
740,414,0.30
741,414,0.30
742,414,0.30
743,414,0.30
733,415,0.30
734,415,0.30
735,415,0.30
736,415,0.45
737,415,0.55
738,415,0.58
739,415,0.55
740,415,0.45
741,415,0.30
742,415,0.30
743,415,0.30
733,416,0.30
734,416,0.30
735,416,0.51
736,416,0.69
737,416,0.81
738,416,0.86
739,416,0.81
740,416,0.69
741,416,0.51
742,416,0.30
743,416,0.30
733,417,0.30
734,417,0.45
735,417,0.69
736,417,0.91
737,417,1.00
738,417,1.00
739,417,1.00
740,417,0.91
741,417,0.69
742,417,0.45
743,417,0.30
733,418,0.30
734,418,0.55
735,418,0.81
736,418,1.00
737,418,1.00
738,418,1.00
739,418,1.00
740,418,1.00
741,418,0.81
742,418,0.55
743,418,0.30
733,419,0.30
734,419,0.58
735,419,0.86
736,419,1.00
737,419,1.00
738,419,1.00
739,419,1.00
740,419,1.00
741,419,0.86
742,419,0.58
743,419,0.30
733,420,0.30
734,420,0.55
735,420,0.81
736,420,1.00
737,420,1.00
738,420,1.00
739,420,1.00
740,420,1.00
741,420,0.81
742,420,0.55
743,420,0.30
733,421,0.30
734,421,0.45
735,421,0.69
736,421,0.91
737,421,1.00
738,421,1.00
739,421,1.00
740,421,0.91
741,421,0.69
742,421,0.45
743,421,0.30
733,422,0.30
734,422,0.30
735,422,0.51
736,422,0.69
737,422,0.81
738,422,0.86
739,422,0.81
740,422,0.69
741,422,0.51
742,422,0.30
743,422,0.30
733,423,0.30
734,423,0.30
735,423,0.30
736,423,0.45
737,423,0.55
738,423,0.58
739,423,0.55
740,423,0.45
741,423,0.30
742,423,0.30
743,423,0.30
733,424,0.30
734,424,0.30
735,424,0.30
736,424,0.30
737,424,0.30
738,424,0.30
739,424,0.30
740,424,0.30
741,424,0.30
742,424,0.30
743,424,0.30
725,366,0.30
726,366,0.30
727,366,0.30
728,366,0.30
729,366,0.30
730,366,0.30
731,366,0.30
732,366,0.30
733,366,0.30
734,366,0.30
735,366,0.30
725,367,0.30
726,367,0.30
727,367,0.30
728,367,0.45
729,367,0.55
730,367,0.58
731,367,0.55
732,367,0.45
733,367,0.30
734,367,0.30
735,367,0.30
725,368,0.30
726,368,0.30
727,368,0.51
728,368,0.69
729,368,0.81
730,368,0.86
731,368,0.81
732,368,0.69
733,368,0.51
734,368,0.30
735,368,0.30
725,369,0.30
726,369,0.45
727,369,0.69
728,369,0.91
729,369,1.00
730,369,1.00
731,369,1.00
732,369,0.91
733,369,0.69
734,369,0.45
735,369,0.30
725,370,0.30
726,370,0.55
727,370,0.81
728,370,1.00
729,370,1.00
730,370,1.00
731,370,1.00
732,370,1.00
733,370,0.81
734,370,0.55
735,370,0.30
725,371,0.30
726,371,0.58
727,371,0.86
728,371,1.00
729,371,1.00
730,371,1.00
731,371,1.00
732,371,1.00
733,371,0.86
734,371,0.58
735,371,0.30
725,372,0.30
726,372,0.55
727,372,0.81
728,372,1.00
729,372,1.00
730,372,1.00
731,372,1.00
732,372,1.00
733,372,0.81
734,372,0.55
735,372,0.30
725,373,0.30
726,373,0.45
727,373,0.69
728,373,0.91
729,373,1.00
730,373,1.00
731,373,1.00
732,373,0.91
733,373,0.69
734,373,0.45
735,373,0.30
725,374,0.30
726,374,0.30
727,374,0.51
728,374,0.69
729,374,0.81
730,374,0.86
731,374,0.81
732,374,0.69
733,374,0.51
734,374,0.30
735,374,0.30
725,375,0.30
726,375,0.30
727,375,0.30
728,375,0.45
729,375,0.55
730,375,0.58
731,375,0.55
732,375,0.45
733,375,0.30
734,375,0.30
735,375,0.30
725,376,0.30
726,376,0.30
727,376,0.30
728,376,0.30
729,376,0.30
730,376,0.30
731,376,0.30
732,376,0.30
733,376,0.30
734,376,0.30
735,376,0.30

628,306,0.60
629,306,0.60
630,306,0.60
631,306,0.60
632,306,0.60
633,306,0.60
634,306,0.60
635,306,0.60
636,306,0.60
637,306,0.60
638,306,0.60
628,307,0.60
629,307,0.60
630,307,0.60
631,307,0.90
632,307,1.00
633,307,1.00
634,307,1.00
635,307,0.90
636,307,0.60
637,307,0.60
638,307,0.60
628,308,0.60
629,308,0.60
630,308,1.00
631,308,1.00
632,308,1.00
633,308,1.00
634,308,1.00
635,308,1.00
636,308,1.00
637,308,0.60
638,308,0.60
628,309,0.60
629,309,0.90
630,309,1.00
631,309,1.00
632,309,1.00
633,309,1.00
634,309,1.00
635,309,1.00
636,309,1.00
637,309,0.90
638,309,0.60
628,310,0.60
629,310,1.00
630,310,1.00
631,310,1.00
632,310,1.00
633,310,1.00
634,310,1.00
635,310,1.00
636,310,1.00
637,310,1.00
638,310,0.60
628,311,0.60
629,311,1.00
630,311,1.00
631,311,1.00
632,311,1.00
633,311,1.00
634,311,1.00
635,311,1.00
636,311,1.00
637,311,1.00
638,311,0.90
628,312,0.60
629,312,1.00
630,312,1.00
631,312,1.00
632,312,1.00
633,312,1.00
634,312,1.00
635,312,1.00
636,312,1.00
637,312,1.00
638,312,1.00
628,313,0.60
629,313,0.90
630,313,1.00
631,313,1.00
632,313,1.00
633,313,1.00
634,313,1.00
635,313,1.00
636,313,1.00
637,313,1.00
638,313,1.00
628,314,0.60
629,314,0.60
630,314,1.00
631,314,1.00
632,314,1.00
633,314,1.00
634,314,1.00
635,314,1.00
636,314,1.00
637,314,1.00
638,314,1.00
628,315,0.60
629,315,0.60
630,315,0.60
631,315,1.00
632,315,1.00
633,315,1.00
634,315,1.00
635,315,1.00
636,315,1.00
637,315,1.00
638,315,1.00
628,316,0.60
629,316,0.60
630,316,0.60
631,316,0.90
632,316,1.00
633,316,1.00
634,316,1.00
635,316,1.00
636,316,1.00
637,316,1.00
638,316,1.00
639,311,0.30
640,311,0.30
641,311,0.30
639,312,0.30
640,312,0.30
641,312,0.30
639,313,0.51
640,313,0.30
641,313,0.30
639,314,0.69
640,314,0.45
641,314,0.30
639,315,1.00
640,315,0.85
641,315,0.60
639,316,1.00
640,316,1.00
641,316,0.85
631,317,0.30
632,317,0.55
633,317,0.81
634,317,1.00
635,317,1.00
636,317,1.00
637,317,1.00
638,317,1.00
639,317,1.00
640,317,1.00
641,317,1.00
631,318,0.30
632,318,0.45
633,318,0.69
634,318,0.91
635,318,1.00
636,318,1.00
637,318,1.00
638,318,1.00
639,318,1.00
640,318,1.00
641,318,1.00
631,319,0.30
632,319,0.30
633,319,0.51
634,319,0.69
635,319,0.81
636,319,0.86
637,319,1.00
638,319,1.00
639,319,1.00
640,319,1.00
641,319,1.00
631,320,0.30
632,320,0.30
633,320,0.30
634,320,0.45
635,320,0.55
636,320,0.58
637,320,0.85
638,320,1.00
639,320,1.00
640,320,1.00
641,320,1.00
631,321,0.30
632,321,0.30
633,321,0.30
634,321,0.30
635,321,0.30
636,321,0.30
637,321,0.60
638,321,0.85
639,321,1.00
640,321,1.00
641,321,1.00
642,315,0.30
643,315,0.30
644,315,0.30
645,315,0.30
646,315,0.30
647,315,0.30
642,316,0.58
643,316,0.55
644,316,0.45
645,316,0.30
646,316,0.30
647,316,0.30
642,317,0.86
643,317,0.81
644,317,0.69
645,317,0.51
646,317,0.30
647,317,0.30
642,318,1.00
643,318,1.00
644,318,0.91
645,318,0.69
646,318,0.45
647,318,0.30
642,319,1.00
643,319,1.00
644,319,1.00
645,319,1.00
646,319,0.85
647,319,0.60
642,320,1.00
643,320,1.00
644,320,1.00
645,320,1.00
646,320,1.00
647,320,0.75
642,321,1.00
643,321,1.00
644,321,1.00
645,321,1.00
646,321,1.00
647,321,0.99
637,322,0.30
638,322,0.45
639,322,0.69
640,322,1.00
641,322,1.00
642,322,1.00
643,322,1.00
644,322,1.00
645,322,1.00
646,322,1.00
647,322,1.00
637,323,0.30
638,323,0.30
639,323,0.51
640,323,0.99
641,323,1.00
642,323,1.00
643,323,1.00
644,323,1.00
645,323,1.00
646,323,1.00
647,323,1.00
637,324,0.30
638,324,0.30
639,324,0.30
640,324,0.75
641,324,1.00
642,324,1.00
643,324,1.00
644,324,1.00
645,324,1.00
646,324,1.00
647,324,1.00
637,325,0.30
638,325,0.30
639,325,0.30
640,325,0.60
641,325,0.85
642,325,1.00
643,325,1.00
644,325,1.00
645,325,1.00
646,325,1.00
647,325,1.00
648,319,0.30
649,319,0.30
650,319,0.30
648,320,0.30
649,320,0.30
650,320,0.30
648,321,0.51
649,321,0.30
650,321,0.30
648,322,0.99
649,322,0.75
650,322,0.60
648,323,1.00
649,323,1.00
650,323,0.85
648,324,1.00
649,324,1.00
650,324,1.00
648,325,1.00
649,325,1.00
650,325,1.00
640,326,0.30
641,326,0.45
642,326,0.69
643,326,0.91
644,326,1.00
645,326,1.00
646,326,1.00
647,326,1.00
648,326,1.00
649,326,1.00
650,326,1.00
640,327,0.30
641,327,0.30
642,327,0.51
643,327,0.69
644,327,1.00
645,327,1.00
646,327,1.00
647,327,1.00
648,327,1.00
649,327,1.00
650,327,1.00
640,328,0.30
641,328,0.30
642,328,0.30
643,328,0.45
644,328,0.85
645,328,1.00
646,328,1.00
647,328,1.00
648,328,1.00
649,328,1.00
650,328,1.00
640,329,0.30
641,329,0.30
642,329,0.30
643,329,0.30
644,329,0.60
645,329,0.75
646,329,0.99
647,329,1.00
648,329,1.00
649,329,1.00
650,329,1.00
651,322,0.30
652,322,0.30
653,322,0.30
654,322,0.30
651,323,0.45
652,323,0.30
653,323,0.30
654,323,0.30
651,324,0.69
652,324,0.51
653,324,0.30
654,324,0.30
651,325,1.00
652,325,0.99
653,325,0.75
654,325,0.60
651,326,1.00
652,326,1.00
653,326,1.00
654,326,0.88
651,327,1.00
652,327,1.00
653,327,1.00
654,327,1.00
651,328,1.00
652,328,1.00
653,328,1.00
654,328,1.00
651,329,1.00
652,329,1.00
653,329,1.00
654,329,1.00
644,330,0.30
645,330,0.30
646,330,0.51
647,330,0.69
648,330,0.81
649,330,1.00
650,330,1.00
651,330,1.00
652,330,1.00
653,330,1.00
654,330,1.00
644,331,0.30
645,331,0.30
646,331,0.30
647,331,0.45
648,331,0.55
649,331,0.88
650,331,1.00
651,331,1.00
652,331,1.00
653,331,1.00
654,331,1.00
644,332,0.30
645,332,0.30
646,332,0.30
647,332,0.30
648,332,0.30
649,332,0.60
650,332,0.75
651,332,0.99
652,332,1.00
653,332,1.00
654,332,1.00
655,325,0.30
656,325,0.30
657,325,0.30
658,325,0.30
659,325,0.30
655,326,0.55
656,326,0.45
657,326,0.30
658,326,0.30
659,326,0.30
655,327,0.81
656,327,0.69
657,327,0.51
658,327,0.30
659,327,0.30
655,328,1.00
656,328,1.00
657,328,0.99
658,328,0.75
659,328,0.60
655,329,1.00
656,329,1.00
657,329,1.00
658,329,1.00
659,329,0.88
655,330,1.00
656,330,1.00
657,330,1.00
658,330,1.00
659,330,1.00
655,331,1.00
656,331,1.00
657,331,1.00
658,331,1.00
659,331,1.00
655,332,1.00
656,332,1.00
657,332,1.00
658,332,1.00
659,332,1.00
649,333,0.30
650,333,0.30
651,333,0.51
652,333,0.69
653,333,0.81
654,333,1.00
655,333,1.00
656,333,1.00
657,333,1.00
658,333,1.00
659,333,1.00
649,334,0.30
650,334,0.30
651,334,0.30
652,334,0.45
653,334,0.55
654,334,0.88
655,334,1.00
656,334,1.00
657,334,1.00
658,334,1.00
659,334,1.00
649,335,0.30
650,335,0.30
651,335,0.30
652,335,0.30
653,335,0.30
654,335,0.60
655,335,0.75
656,335,0.99
657,335,1.00
658,335,1.00
659,335,1.00
660,328,0.30
661,328,0.30
662,328,0.30
663,328,0.30
664,328,0.30
660,329,0.55
661,329,0.45
662,329,0.30
663,329,0.30
664,329,0.30
660,330,0.81
661,330,0.69
662,330,0.51
663,330,0.30
664,330,0.30
660,331,1.00
661,331,0.91
662,331,0.69
663,331,0.45
664,331,0.30
660,332,1.00
661,332,1.00
662,332,0.81
663,332,0.55
664,332,0.30
660,333,1.00
661,333,1.00
662,333,0.86
663,333,0.58
664,333,0.30
660,334,1.00
661,334,1.00
662,334,1.00
663,334,0.85
664,334,0.60
660,335,1.00
661,335,1.00
662,335,0.99
663,335,0.75
664,335,0.75
654,336,0.30
655,336,0.30
656,336,0.51
657,336,0.69
658,336,0.81
659,336,0.86
660,336,0.81
661,336,0.99
662,336,0.81
663,336,0.81
664,336,0.99
654,337,0.30
655,337,0.30
656,337,0.30
657,337,0.45
658,337,0.55
659,337,0.58
660,337,0.55
661,337,0.75
662,337,0.75
663,337,0.99
664,337,1.00
654,338,0.30
655,338,0.30
656,338,0.30
657,338,0.30
658,338,0.30
659,338,0.30
660,338,0.30
661,338,0.60
662,338,0.85
663,338,1.00
664,338,1.00
665,334,0.30
666,334,0.30
667,334,0.30
668,334,0.30
669,334,0.30
670,334,0.30
671,334,0.30
665,335,0.55
666,335,0.58
667,335,0.55
668,335,0.45
669,335,0.30
670,335,0.30
671,335,0.30
665,336,0.81
666,336,0.86
667,336,0.81
668,336,0.69
669,336,0.51
670,336,0.30
671,336,0.30
665,337,1.00
666,337,1.00
667,337,1.00
668,337,1.00
669,337,0.99
670,337,0.75
671,337,0.60
665,338,1.00
666,338,1.00
667,338,1.00
668,338,1.00
669,338,1.00
670,338,1.00
671,338,0.75
661,339,0.30
662,339,0.58
663,339,0.86
664,339,1.00
665,339,1.00
666,339,1.00
667,339,1.00
668,339,1.00
669,339,1.00
670,339,1.00
671,339,0.99
661,340,0.30
662,340,0.55
663,340,0.81
664,340,1.00
665,340,1.00
666,340,1.00
667,340,1.00
668,340,1.00
669,340,1.00
670,340,1.00
671,340,1.00
661,341,0.30
662,341,0.45
663,341,0.69
664,341,1.00
665,341,1.00
666,341,1.00
667,341,1.00
668,341,1.00
669,341,1.00
670,341,1.00
671,341,1.00
661,342,0.30
662,342,0.30
663,342,0.51
664,342,0.99
665,342,1.00
666,342,1.00
667,342,1.00
668,342,1.00
669,342,1.00
670,342,1.00
671,342,1.00
661,343,0.30
662,343,0.30
663,343,0.30
664,343,0.75
665,343,1.00
666,343,1.00
667,343,1.00
668,343,1.00
669,343,1.00
670,343,1.00
671,343,1.00
661,344,0.30
662,344,0.30
663,344,0.30
664,344,0.60
665,344,0.75
666,344,0.99
667,344,1.00
668,344,1.00
669,344,1.00
670,344,1.00
671,344,1.00
672,337,0.30
673,337,0.30
674,337,0.30
672,338,0.30
673,338,0.30
674,338,0.30
672,339,0.51
673,339,0.30
674,339,0.30
672,340,0.69
673,340,0.45
674,340,0.30
672,341,1.00
673,341,0.85
674,341,0.60
672,342,1.00
673,342,1.00
674,342,0.88
672,343,1.00
673,343,1.00
674,343,1.00
672,344,1.00
673,344,1.00
674,344,1.00
664,345,0.30
665,345,0.30
666,345,0.51
667,345,0.69
668,345,0.81
669,345,1.00
670,345,1.00
671,345,1.00
672,345,1.00
673,345,1.00
674,345,1.00
664,346,0.30
665,346,0.30
666,346,0.30
667,346,0.45
668,346,0.55
669,346,0.88
670,346,1.00
671,346,1.00
672,346,1.00
673,346,1.00
674,346,1.00
664,347,0.30
665,347,0.30
666,347,0.30
667,347,0.30
668,347,0.30
669,347,0.60
670,347,0.85
671,347,1.00
672,347,1.00
673,347,1.00
674,347,1.00
675,341,0.30
676,341,0.30
677,341,0.30
678,341,0.30
679,341,0.30
675,342,0.55
676,342,0.45
677,342,0.30
678,342,0.30
679,342,0.30
675,343,0.81
676,343,0.69
677,343,0.51
678,343,0.30
679,343,0.30
675,344,1.00
676,344,0.91
677,344,0.69
678,344,0.45
679,344,0.30
675,345,1.00
676,345,1.00
677,345,1.00
678,345,0.85
679,345,0.60
675,346,1.00
676,346,1.00
677,346,1.00
678,346,1.00
679,346,0.85
675,347,1.00
676,347,1.00
677,347,1.00
678,347,1.00
679,347,1.00
669,348,0.30
670,348,0.45
671,348,0.69
672,348,0.91
673,348,1.00
674,348,1.00
675,348,1.00
676,348,1.00
677,348,1.00
678,348,1.00
679,348,1.00
669,349,0.30
670,349,0.30
671,349,0.51
672,349,0.69
673,349,0.81
674,349,0.86
675,349,1.00
676,349,1.00
677,349,1.00
678,349,1.00
679,349,1.00
669,350,0.30
670,350,0.30
671,350,0.30
672,350,0.45
673,350,0.55
674,350,0.58
675,350,0.85
676,350,1.00
677,350,1.00
678,350,1.00
679,350,1.00
669,351,0.30
670,351,0.30
671,351,0.30
672,351,0.30
673,351,0.30
674,351,0.30
675,351,0.60
676,351,0.85
677,351,1.00
678,351,1.00
679,351,1.00
680,345,0.30
681,345,0.30
682,345,0.30
683,345,0.30
684,345,0.30
685,345,0.30
680,346,0.58
681,346,0.55
682,346,0.45
683,346,0.30
684,346,0.30
685,346,0.30
680,347,0.86
681,347,0.81
682,347,0.69
683,347,0.51
684,347,0.30
685,347,0.30
680,348,1.00
681,348,1.00
682,348,0.91
683,348,0.69
684,348,0.45
685,348,0.30
680,349,1.00
681,349,1.00
682,349,1.00
683,349,1.00
684,349,0.85
685,349,0.60
680,350,1.00
681,350,1.00
682,350,1.00
683,350,1.00
684,350,1.00
685,350,0.88
680,351,1.00
681,351,1.00
682,351,1.00
683,351,1.00
684,351,1.00
685,351,1.00
675,352,0.30
676,352,0.45
677,352,0.69
678,352,0.91
679,352,1.00
680,352,1.00
681,352,1.00
682,352,1.00
683,352,1.00
684,352,1.00
685,352,1.00
675,353,0.30
676,353,0.30
677,353,0.51
678,353,0.69
679,353,0.81
680,353,1.00
681,353,1.00
682,353,1.00
683,353,1.00
684,353,1.00
685,353,1.00
675,354,0.30
676,354,0.30
677,354,0.30
678,354,0.45
679,354,0.55
680,354,0.88
681,354,1.00
682,354,1.00
683,354,1.00
684,354,1.00
685,354,1.00
675,355,0.30
676,355,0.30
677,355,0.30
678,355,0.30
679,355,0.30
680,355,0.60
681,355,0.85
682,355,1.00
683,355,1.00
684,355,1.00
685,355,1.00
686,349,0.30
687,349,0.30
688,349,0.30
689,349,0.30
690,349,0.30
686,350,0.55
687,350,0.45
688,350,0.30
689,350,0.30
690,350,0.30
686,351,0.81
687,351,0.69
688,351,0.51
689,351,0.30
690,351,0.30
686,352,1.00
687,352,1.00
688,352,0.99
689,352,0.75
690,352,0.60
686,353,1.00
687,353,1.00
688,353,1.00
689,353,1.00
690,353,0.75
686,354,1.00
687,354,1.00
688,354,1.00
689,354,1.00
690,354,0.99
686,355,1.00
687,355,1.00
688,355,1.00
689,355,1.00
690,355,1.00
680,356,0.30
681,356,0.45
682,356,0.69
683,356,1.00
684,356,1.00
685,356,1.00
686,356,1.00
687,356,1.00
688,356,1.00
689,356,1.00
690,356,1.00
680,357,0.30
681,357,0.30
682,357,0.51
683,357,0.99
684,357,1.00
685,357,1.00
686,357,1.00
687,357,1.00
688,357,1.00
689,357,1.00
690,357,1.00
680,358,0.30
681,358,0.30
682,358,0.30
683,358,0.75
684,358,1.00
685,358,1.00
686,358,1.00
687,358,1.00
688,358,1.00
689,358,1.00
690,358,1.00
680,359,0.30
681,359,0.30
682,359,0.30
683,359,0.60
684,359,0.75
685,359,0.99
686,359,1.00
687,359,1.00
688,359,1.00
689,359,1.00
690,359,1.00
691,352,0.30
692,352,0.30
693,352,0.30
691,353,0.30
692,353,0.30
693,353,0.30
691,354,0.51
692,354,0.30
693,354,0.30
691,355,0.99
692,355,0.75
693,355,0.60
691,356,1.00
692,356,1.00
693,356,0.75
691,357,1.00
692,357,1.00
693,357,0.99
691,358,1.00
692,358,1.00
693,358,1.00
691,359,1.00
692,359,1.00
693,359,1.00
683,360,0.30
684,360,0.30
685,360,0.51
686,360,0.99
687,360,1.00
688,360,1.00
689,360,1.00
690,360,1.00
691,360,1.00
692,360,1.00
693,360,1.00
683,361,0.30
684,361,0.30
685,361,0.30
686,361,0.75
687,361,1.00
688,361,1.00
689,361,1.00
690,361,1.00
691,361,1.00
692,361,1.00
693,361,1.00
683,362,0.30
684,362,0.30
685,362,0.30
686,362,0.60
687,362,0.75
688,362,0.99
689,362,1.00
690,362,1.00
691,362,1.00
692,362,1.00
693,362,1.00
694,355,0.30
695,355,0.30
696,355,0.30
694,356,0.30
695,356,0.30
696,356,0.30
694,357,0.51
695,357,0.30
696,357,0.30
694,358,0.99
695,358,0.75
696,358,0.60
694,359,1.00
695,359,1.00
696,359,0.85
694,360,1.00
695,360,1.00
696,360,1.00
694,361,1.00
695,361,1.00
696,361,1.00
694,362,1.00
695,362,1.00
696,362,1.00
686,363,0.30
687,363,0.30
688,363,0.51
689,363,0.69
690,363,1.00
691,363,1.00
692,363,1.00
693,363,1.00
694,363,1.00
695,363,1.00
696,363,1.00
686,364,0.30
687,364,0.30
688,364,0.30
689,364,0.45
690,364,0.85
691,364,1.00
692,364,1.00
693,364,1.00
694,364,1.00
695,364,1.00
696,364,1.00
686,365,0.30
687,365,0.30
688,365,0.30
689,365,0.30
690,365,0.60
691,365,0.75
692,365,0.99
693,365,1.00
694,365,1.00
695,365,1.00
696,365,1.00
697,358,0.30
698,358,0.30
699,358,0.30
700,358,0.30
697,359,0.45
698,359,0.30
699,359,0.30
700,359,0.30
697,360,0.69
698,360,0.51
699,360,0.30
700,360,0.30
697,361,1.00
698,361,0.99
699,361,0.75
700,361,0.60
697,362,1.00
698,362,1.00
699,362,1.00
700,362,0.75
697,363,1.00
698,363,1.00
699,363,1.00
700,363,0.99
697,364,1.00
698,364,1.00
699,364,1.00
700,364,1.00
697,365,1.00
698,365,1.00
699,365,1.00
700,365,1.00
690,366,0.30
691,366,0.30
692,366,0.51
693,366,0.99
694,366,1.00
695,366,1.00
696,366,1.00
697,366,1.00
698,366,1.00
699,366,1.00
700,366,1.00
690,367,0.30
691,367,0.30
692,367,0.30
693,367,0.75
694,367,1.00
695,367,1.00
696,367,1.00
697,367,1.00
698,367,1.00
699,367,1.00
700,367,1.00
690,368,0.30
691,368,0.30
692,368,0.30
693,368,0.60
694,368,0.75
695,368,0.99
696,368,1.00
697,368,1.00
698,368,1.00
699,368,1.00
700,368,1.00
701,361,0.30
702,361,0.30
703,361,0.30
701,362,0.30
702,362,0.30
703,362,0.30
701,363,0.51
702,363,0.30
703,363,0.30
701,364,0.69
702,364,0.45
703,364,0.30
701,365,0.81
702,365,0.55
703,365,0.30
701,366,0.86
702,366,0.58
703,366,0.30
701,367,1.00
702,367,0.85
703,367,0.60
701,368,1.00
702,368,0.99
703,368,0.88
693,369,0.30
694,369,0.30
695,369,0.51
696,369,0.69
697,369,0.81
698,369,1.00
699,369,1.00
700,369,1.00
701,369,1.00
702,369,1.00
703,369,1.00
693,370,0.30
694,370,0.30
695,370,0.30
696,370,0.45
697,370,0.55
698,370,0.88
699,370,0.99
700,370,1.00
701,370,1.00
702,370,1.00
703,370,1.00
693,371,0.30
694,371,0.30
695,371,0.30
696,371,0.30
697,371,0.30
698,371,0.60
699,371,0.85
700,371,1.00
701,371,1.00
702,371,1.00
703,371,1.00
704,367,0.30
705,367,0.30
706,367,0.30
707,367,0.30
708,367,0.30
704,368,0.55
705,368,0.45
706,368,0.30
707,368,0.30
708,368,0.30
704,369,0.81
705,369,0.69
706,369,0.51
707,369,0.30
708,369,0.30
704,370,1.00
705,370,0.91
706,370,0.69
707,370,0.45
708,370,0.30
704,371,1.00
705,371,1.00
706,371,0.81
707,371,0.55
708,371,0.30
698,372,0.30
699,372,0.58
700,372,0.86
701,372,1.00
702,372,1.00
703,372,1.00
704,372,1.00
705,372,1.00
706,372,1.00
707,372,0.88
708,372,0.60
698,373,0.30
699,373,0.55
700,373,0.81
701,373,1.00
702,373,1.00
703,373,1.00
704,373,1.00
705,373,1.00
706,373,1.00
707,373,1.00
708,373,0.85
698,374,0.30
699,374,0.45
700,374,0.69
701,374,0.91
702,374,1.00
703,374,1.00
704,374,1.00
705,374,1.00
706,374,1.00
707,374,1.00
708,374,1.00
698,375,0.30
699,375,0.30
700,375,0.51
701,375,0.69
702,375,1.00
703,375,1.00
704,375,1.00
705,375,1.00
706,375,1.00
707,375,1.00
708,375,1.00
698,376,0.30
699,376,0.30
700,376,0.30
701,376,0.45
702,376,0.85
703,376,1.00
704,376,1.00
705,376,1.00
706,376,1.00
707,376,1.00
708,376,1.00
698,377,0.30
699,377,0.30
700,377,0.30
701,377,0.30
702,377,0.60
703,377,0.88
704,377,1.00
705,377,1.00
706,377,1.00
707,377,1.00
708,377,1.00
709,372,0.30
710,372,0.30
711,372,0.60
712,372,0.75
709,373,0.45
710,373,0.30
711,373,0.60
712,373,0.85
709,374,0.69
710,374,0.51
711,374,0.60
712,374,0.88
709,375,0.91
710,375,0.69
711,375,0.75
712,375,0.85
709,376,1.00
710,376,1.00
711,376,1.00
712,376,1.00
709,377,1.00
710,377,1.00
711,377,1.00
712,377,1.00
702,378,0.30
703,378,0.55
704,378,0.81
705,378,1.00
706,378,1.00
707,378,1.00
708,378,1.00
709,378,1.00
710,378,1.00
711,378,1.00
712,378,1.00
702,379,0.30
703,379,0.45
704,379,0.69
705,379,0.91
706,379,1.00
707,379,1.00
708,379,1.00
709,379,1.00
710,379,1.00
711,379,1.00
712,379,1.00
702,380,0.30
703,380,0.30
704,380,0.51
705,380,0.69
706,380,1.00
707,380,1.00
708,380,1.00
709,380,1.00
710,380,1.00
711,380,1.00
712,380,1.00
702,381,0.30
703,381,0.30
704,381,0.30
705,381,0.45
706,381,0.85
707,381,1.00
708,381,1.00
709,381,1.00
710,381,1.00
711,381,1.00
712,381,1.00
702,382,0.30
703,382,0.30
704,382,0.30
705,382,0.30
706,382,0.60
707,382,0.85
708,382,1.00
709,382,1.00
710,382,1.00
711,382,1.00
712,382,1.00
713,376,1.00
714,376,1.00
715,376,1.00
716,376,1.00
713,377,1.00
714,377,1.00
715,377,1.00
716,377,1.00
713,378,1.00
714,378,1.00
715,378,1.00
716,378,1.00
713,379,1.00
714,379,1.00
715,379,1.00
716,379,1.00
713,380,1.00
714,380,1.00
715,380,1.00
716,380,1.00
713,381,1.00
714,381,1.00
715,381,1.00
716,381,1.00
713,382,1.00
714,382,1.00
715,382,1.00
716,382,1.00
706,383,0.30
707,383,0.45
708,383,0.69
709,383,1.00
710,383,1.00
711,383,1.00
712,383,1.00
713,383,1.00
714,383,1.00
715,383,1.00
716,383,1.00
706,384,0.30
707,384,0.30
708,384,0.51
709,384,0.99
710,384,1.00
711,384,1.00
712,384,1.00
713,384,1.00
714,384,1.00
715,384,1.00
716,384,1.00
706,385,0.30
707,385,0.30
708,385,0.30
709,385,0.75
710,385,1.00
711,385,1.00
712,385,1.00
713,385,1.00
714,385,1.00
715,385,1.00
716,385,1.00
706,386,0.30
707,386,0.30
708,386,0.30
709,386,0.60
710,386,0.88
711,386,1.00
712,386,1.00
713,386,1.00
714,386,1.00
715,386,1.00
716,386,1.00
717,381,1.00
718,381,1.00
719,381,1.00
717,382,1.00
718,382,1.00
719,382,1.00
717,383,1.00
718,383,1.00
719,383,1.00
717,384,1.00
718,384,1.00
719,384,1.00
717,385,1.00
718,385,1.00
719,385,1.00
717,386,1.00
718,386,1.00
719,386,1.00
709,387,0.30
710,387,0.55
711,387,0.81
712,387,1.00
713,387,1.00
714,387,1.00
715,387,1.00
716,387,1.00
717,387,1.00
718,387,1.00
719,387,1.00
709,388,0.30
710,388,0.45
711,388,0.69
712,388,1.00
713,388,1.00
714,388,1.00
715,388,1.00
716,388,1.00
717,388,1.00
718,388,1.00
719,388,1.00
709,389,0.30
710,389,0.30
711,389,0.51
712,389,0.99
713,389,1.00
714,389,1.00
715,389,1.00
716,389,1.00
717,389,1.00
718,389,1.00
719,389,1.00
709,390,0.30
710,390,0.30
711,390,0.30
712,390,0.75
713,390,1.00
714,390,1.00
715,390,1.00
716,390,1.00
717,390,1.00
718,390,1.00
719,390,1.00
709,391,0.30
710,391,0.30
711,391,0.30
712,391,0.60
713,391,1.00
714,391,1.00
715,391,1.00
716,391,1.00
717,391,1.00
718,391,1.00
719,391,1.00
720,387,1.00
721,387,1.00
722,387,0.85
720,388,1.00
721,388,1.00
722,388,0.88
720,389,1.00
721,389,1.00
722,389,0.85
720,390,1.00
721,390,1.00
722,390,1.00
720,391,1.00
721,391,1.00
722,391,1.00
712,392,0.30
713,392,0.88
714,392,1.00
715,392,1.00
716,392,1.00
717,392,1.00
718,392,1.00
719,392,1.00
720,392,1.00
721,392,1.00
722,392,1.00
712,393,0.30
713,393,0.85
714,393,1.00
715,393,1.00
716,393,1.00
717,393,1.00
718,393,1.00
719,393,1.00
720,393,1.00
721,393,1.00
722,393,1.00
712,394,0.30
713,394,0.45
714,394,0.69
715,394,0.91
716,394,1.00
717,394,1.00
718,394,1.00
719,394,1.00
720,394,1.00
721,394,1.00
722,394,1.00
712,395,0.30
713,395,0.30
714,395,0.51
715,395,0.69
716,395,1.00
717,395,1.00
718,395,1.00
719,395,1.00
720,395,1.00
721,395,1.00
722,395,1.00
712,396,0.30
713,396,0.30
714,396,0.30
715,396,0.45
716,396,0.85
717,396,1.00
718,396,1.00
719,396,1.00
720,396,1.00
721,396,1.00
722,396,1.00
712,397,0.30
713,397,0.30
714,397,0.30
715,397,0.30
716,397,0.60
717,397,1.00
718,397,1.00
719,397,1.00
720,397,1.00
721,397,1.00
722,397,1.00
723,393,1.00
724,393,1.00
725,393,1.00
726,393,0.99
723,394,1.00
724,394,1.00
725,394,1.00
726,394,1.00
723,395,1.00
724,395,1.00
725,395,1.00
726,395,1.00
723,396,1.00
724,396,1.00
725,396,1.00
726,396,1.00
723,397,1.00
724,397,1.00
725,397,1.00
726,397,1.00
716,398,0.30
717,398,0.88
718,398,1.00
719,398,1.00
720,398,1.00
721,398,1.00
722,398,1.00
723,398,1.00
724,398,1.00
725,398,1.00
726,398,1.00
716,399,0.30
717,399,0.85
718,399,1.00
719,399,1.00
720,399,1.00
721,399,1.00
722,399,1.00
723,399,1.00
724,399,1.00
725,399,1.00
726,399,1.00
716,400,0.30
717,400,0.75
718,400,1.00
719,400,1.00
720,400,1.00
721,400,1.00
722,400,1.00
723,400,1.00
724,400,1.00
725,400,1.00
726,400,1.00
716,401,0.30
717,401,0.60
718,401,0.96
719,401,1.00
720,401,1.00
721,401,1.00
722,401,1.00
723,401,1.00
724,401,1.00
725,401,1.00
726,401,1.00
716,402,0.30
717,402,0.60
718,402,0.60
719,402,0.96
720,402,1.00
721,402,1.00
722,402,1.00
723,402,1.00
724,402,1.00
725,402,1.00
726,402,1.00
716,403,0.30
717,403,0.60
718,403,0.60
719,403,0.60
720,403,1.00
721,403,1.00
722,403,1.00
723,403,1.00
724,403,1.00
725,403,1.00
726,403,1.00
727,394,0.85
727,395,0.88
727,396,0.85
727,397,1.00
727,398,1.00
727,399,1.00
727,400,1.00
727,401,1.00
727,402,1.00
727,403,1.00
717,404,0.30
718,404,0.30
719,404,0.30
720,404,0.60
721,404,0.75
722,404,0.99
723,404,1.00
724,404,1.00
725,404,1.00
726,404,1.00
727,404,1.00
728,401,1.00
729,401,1.00
730,401,1.00
728,402,1.00
729,402,1.00
730,402,1.00
728,403,1.00
729,403,1.00
730,403,1.00
728,404,1.00
729,404,1.00
730,404,1.00
720,405,0.30
721,405,0.55
722,405,0.81
723,405,1.00
724,405,1.00
725,405,1.00
726,405,1.00
727,405,1.00
728,405,1.00
729,405,1.00
730,405,1.00
720,406,0.30
721,406,0.58
722,406,0.86
723,406,1.00
724,406,1.00
725,406,1.00
726,406,1.00
727,406,1.00
728,406,1.00
729,406,1.00
730,406,1.00
720,407,0.30
721,407,0.55
722,407,0.81
723,407,1.00
724,407,1.00
725,407,1.00
726,407,1.00
727,407,1.00
728,407,1.00
729,407,1.00
730,407,1.00
720,408,0.30
721,408,0.45
722,408,0.69
723,408,0.91
724,408,1.00
725,408,1.00
726,408,1.00
727,408,1.00
728,408,1.00
729,408,1.00
730,408,1.00
720,409,0.30
721,409,0.30
722,409,0.51
723,409,0.69
724,409,1.00
725,409,1.00
726,409,1.00
727,409,1.00
728,409,1.00
729,409,1.00
730,409,1.00
720,410,0.30
721,410,0.30
722,410,0.30
723,410,0.45
724,410,0.85
725,410,1.00
726,410,1.00
727,410,1.00
728,410,1.00
729,410,1.00
730,410,1.00
720,411,0.30
721,411,0.30
722,411,0.30
723,411,0.30
724,411,0.60
725,411,0.85
726,411,1.00
727,411,1.00
728,411,1.00
729,411,1.00
730,411,1.00
731,407,1.00
732,407,1.00
733,407,1.00
734,407,1.00
731,408,1.00
732,408,1.00
733,408,1.00
734,408,1.00
731,409,1.00
732,409,1.00
733,409,1.00
734,409,0.99
731,410,1.00
732,410,1.00
733,410,0.99
734,410,0.75
731,411,1.00
732,411,1.00
733,411,0.85
734,411,0.60
724,412,0.30
725,412,0.58
726,412,0.86
727,412,1.00
728,412,1.00
729,412,1.00
730,412,1.00
731,412,1.00
732,412,0.86
733,412,0.58
734,412,0.30
724,413,0.30
725,413,0.55
726,413,0.81
727,413,1.00
728,413,1.00
729,413,1.00
730,413,1.00
731,413,1.00
732,413,0.81
733,413,0.55
734,413,0.30
724,414,0.30
725,414,0.45
726,414,0.69
727,414,0.91
728,414,1.00
729,414,1.00
730,414,1.00
731,414,0.91
732,414,0.69
733,414,0.45
734,414,0.30
724,415,0.30
725,415,0.30
726,415,0.51
727,415,0.69
728,415,0.81
729,415,0.86
730,415,0.81
731,415,0.69
732,415,0.51
733,415,0.30
734,415,0.30
724,416,0.30
725,416,0.30
726,416,0.30
727,416,0.45
728,416,0.55
729,416,0.58
730,416,0.55
731,416,0.45
732,416,0.30
733,416,0.30
734,416,0.30
724,417,0.30
725,417,0.30
726,417,0.30
727,417,0.30
728,417,0.30
729,417,0.30
730,417,0.30
731,417,0.30
732,417,0.30
733,417,0.60
734,417,0.90
730,420,0.60
731,420,0.60
732,420,0.60
733,420,0.90
734,420,1.00
735,420,1.00
736,420,1.00
737,420,1.00
738,420,1.00
739,420,1.00
740,420,1.00
730,421,0.60
731,421,0.60
732,421,0.75
733,421,1.00
734,421,1.00
735,421,1.00
736,421,1.00
737,421,1.00
738,421,1.00
739,421,1.00
740,421,1.00
730,422,0.60
731,422,0.81
732,422,1.00
733,422,1.00
734,422,1.00
735,422,1.00
736,422,1.00
737,422,1.00
738,422,1.00
739,422,1.00
740,422,1.00
730,423,0.75
731,423,1.00
732,423,1.00
733,423,1.00
734,423,1.00
735,423,1.00
736,423,1.00
737,423,1.00
738,423,1.00
739,423,1.00
740,423,1.00
730,424,0.85
731,424,1.00
732,424,1.00
733,424,1.00
734,424,1.00
735,424,1.00
736,424,1.00
737,424,1.00
738,424,1.00
739,424,1.00
740,424,1.00
730,425,0.88
731,425,1.00
732,425,1.00
733,425,1.00
734,425,1.00
735,425,1.00
736,425,1.00
737,425,1.00
738,425,1.00
739,425,1.00
740,425,1.00
730,426,0.85
731,426,1.00
732,426,1.00
733,426,1.00
734,426,1.00
735,426,1.00
736,426,1.00
737,426,1.00
738,426,1.00
739,426,1.00
740,426,1.00
730,427,0.75
731,427,1.00
732,427,1.00
733,427,1.00
734,427,1.00
735,427,1.00
736,427,1.00
737,427,1.00
738,427,1.00
739,427,1.00
740,427,1.00
730,428,0.60
731,428,1.00
732,428,1.00
733,428,1.00
734,428,1.00
735,428,1.00
736,428,1.00
737,428,1.00
738,428,1.00
739,428,1.00
740,428,1.00
730,429,0.60
731,429,0.90
732,429,1.00
733,429,1.00
734,429,1.00
735,429,1.00
736,429,1.00
737,429,1.00
738,429,1.00
739,429,1.00
740,429,1.00
730,430,0.60
731,430,0.90
732,430,1.00
733,430,1.00
734,430,1.00
735,430,1.00
736,430,1.00
737,430,1.00
738,430,1.00
739,430,1.00
740,430,1.00
741,425,1.00
741,426,1.00
741,427,1.00
741,428,0.60
741,429,0.75
741,430,1.00
731,431,0.30
732,431,0.85
733,431,1.00
734,431,1.00
735,431,1.00
736,431,1.00
737,431,1.00
738,431,1.00
739,431,1.00
740,431,1.00
741,431,1.00
731,432,0.30
732,432,0.75
733,432,1.00
734,432,1.00
735,432,1.00
736,432,1.00
737,432,1.00
738,432,1.00
739,432,1.00
740,432,1.00
741,432,1.00
731,433,0.30
732,433,0.60
733,433,1.00
734,433,1.00
735,433,1.00
736,433,1.00
737,433,1.00
738,433,1.00
739,433,1.00
740,433,1.00
741,433,1.00
731,434,0.30
732,434,0.60
733,434,1.00
734,434,1.00
735,434,1.00
736,434,1.00
737,434,1.00
738,434,1.00
739,434,1.00
740,434,1.00
741,434,1.00
731,435,0.30
732,435,0.60
733,435,1.00
734,435,1.00
735,435,1.00
736,435,1.00
737,435,1.00
738,435,1.00
739,435,1.00
740,435,1.00
741,435,1.00
742,426,0.90
742,427,0.90
742,428,0.30
742,429,0.30
742,430,0.60
742,431,0.90
742,432,0.90
742,433,1.00
742,434,1.00
742,435,1.00
732,436,0.30
733,436,0.90
734,436,1.00
735,436,1.00
736,436,1.00
737,436,1.00
738,436,1.00
739,436,1.00
740,436,1.00
741,436,1.00
742,436,1.00
743,430,0.30
743,431,0.60
743,432,0.60
743,433,0.60
743,434,0.90
743,435,1.00
743,436,1.00
733,437,0.60
734,437,0.99
735,437,1.00
736,437,1.00
737,437,1.00
738,437,1.00
739,437,1.00
740,437,1.00
741,437,1.00
742,437,1.00
743,437,1.00
733,438,0.60
734,438,0.75
735,438,1.00
736,438,1.00
737,438,1.00
738,438,1.00
739,438,1.00
740,438,1.00
741,438,1.00
742,438,1.00
743,438,1.00
733,439,0.60
734,439,0.60
735,439,0.81
736,439,1.00
737,439,1.00
738,439,1.00
739,439,1.00
740,439,1.00
741,439,1.00
742,439,1.00
743,439,1.00
733,440,0.60
734,440,0.60
735,440,0.60
736,440,0.75
737,440,0.85
738,440,0.88
739,440,0.85
740,440,1.00
741,440,1.00
742,440,1.00
743,440,1.00
733,441,0.30
734,441,0.30
735,441,0.30
736,441,0.30
737,441,0.30
738,441,0.30
739,441,0.30
740,441,0.60
741,441,0.75
742,441,0.99
743,441,1.00
738,448,0.30
739,448,0.30
740,448,0.30
741,448,0.30
742,448,0.30
743,448,0.30
744,448,0.30
745,448,0.30
746,448,0.30
747,448,0.30
748,448,0.60
738,449,0.30
739,449,0.60
740,449,0.60
741,449,0.75
742,449,0.85
743,449,0.88
744,449,0.85
745,449,0.75
746,449,0.60
747,449,0.60
748,449,0.60
738,450,0.30
739,450,0.90
740,450,1.00
741,450,1.00
742,450,1.00
743,450,1.00
744,450,1.00
745,450,1.00
746,450,1.00
747,450,0.90
748,450,0.90
738,451,0.30
739,451,1.00
740,451,1.00
741,451,1.00
742,451,1.00
743,451,1.00
744,451,1.00
745,451,1.00
746,451,1.00
747,451,1.00
748,451,0.90
738,452,0.30
739,452,1.00
740,452,1.00
741,452,1.00
742,452,1.00
743,452,1.00
744,452,1.00
745,452,1.00
746,452,1.00
747,452,1.00
748,452,1.00
738,453,0.30
739,453,1.00
740,453,1.00
741,453,1.00
742,453,1.00
743,453,1.00
744,453,1.00
745,453,1.00
746,453,1.00
747,453,1.00
748,453,1.00
738,454,0.30
739,454,1.00
740,454,1.00
741,454,1.00
742,454,1.00
743,454,1.00
744,454,1.00
745,454,1.00
746,454,1.00
747,454,1.00
748,454,1.00
738,455,0.30
739,455,1.00
740,455,1.00
741,455,1.00
742,455,1.00
743,455,1.00
744,455,1.00
745,455,1.00
746,455,1.00
747,455,1.00
748,455,1.00
738,456,0.30
739,456,0.90
740,456,1.00
741,456,1.00
742,456,1.00
743,456,1.00
744,456,1.00
745,456,1.00
746,456,1.00
747,456,1.00
748,456,1.00
738,457,0.30
739,457,0.90
740,457,1.00
741,457,1.00
742,457,1.00
743,457,1.00
744,457,1.00
745,457,1.00
746,457,1.00
747,457,1.00
748,457,1.00
738,458,0.30
739,458,0.90
740,458,1.00
741,458,1.00
742,458,1.00
743,458,1.00
744,458,1.00
745,458,1.00
746,458,1.00
747,458,1.00
748,458,1.00
749,450,0.90
749,451,0.90
749,452,1.00
749,453,1.00
749,454,1.00
749,455,1.00
749,456,1.00
749,457,1.00
749,458,1.00
739,459,0.60
740,459,0.90
741,459,1.00
742,459,1.00
743,459,1.00
744,459,1.00
745,459,1.00
746,459,1.00
747,459,1.00
748,459,1.00
749,459,1.00
739,460,0.30
740,460,0.60
741,460,0.60
742,460,0.81
743,460,0.99
744,460,1.00
745,460,1.00
746,460,1.00
747,460,0.99
748,460,0.81
749,460,0.90
749,449,0.30
729,420,0.30
729,421,0.30
729,422,0.30
729,423,0.30
729,424,0.30
729,425,0.30
729,426,0.30
729,427,0.30
729,428,0.30
729,429,0.30
729,430,0.30
731,401,1.00
732,401,1.00
733,401,1.00
734,401,1.00
735,401,1.00
736,401,1.00
737,401,1.00
731,402,1.00
732,402,1.00
733,402,1.00
734,402,1.00
735,402,1.00
736,402,1.00
737,402,1.00
731,403,1.00
732,403,1.00
733,403,1.00
734,403,1.00
735,403,1.00
736,403,1.00
737,403,1.00
731,404,1.00
732,404,1.00
733,404,1.00
734,404,1.00
735,404,0.69
736,404,0.45
737,404,0.30
731,405,1.00
732,405,1.00
733,405,1.00
734,405,1.00
735,405,0.81
736,405,0.55
737,405,0.30
731,406,1.00
732,406,1.00
733,406,1.00
734,406,1.00
735,406,0.86
736,406,0.58
737,406,0.30
735,407,0.81
736,407,0.55
737,407,0.30
735,408,0.69
736,408,0.45
737,408,0.30
735,409,0.51
736,409,0.30
737,409,0.30
735,410,0.30
736,410,0.30
737,410,0.30
735,411,0.30
736,411,0.30
737,411,0.30
730,393,0.90
731,393,0.90
732,393,0.90
733,393,0.90
734,393,0.90
735,393,0.90
736,393,0.90
737,393,0.90
738,393,0.90
739,393,0.90
740,393,0.90
730,394,0.90
731,394,0.90
732,394,0.90
733,394,1.00
734,394,1.00
735,394,1.00
736,394,1.00
737,394,1.00
738,394,0.90
739,394,0.90
740,394,0.90
730,395,0.90
731,395,0.90
732,395,1.00
733,395,1.00
734,395,1.00
735,395,1.00
736,395,1.00
737,395,1.00
738,395,1.00
739,395,0.90
740,395,0.90
730,396,0.90
731,396,1.00
732,396,1.00
733,396,1.00
734,396,1.00
735,396,1.00
736,396,1.00
737,396,1.00
738,396,1.00
739,396,1.00
740,396,0.90
730,397,1.00
731,397,1.00
732,397,1.00
733,397,1.00
734,397,1.00
735,397,1.00
736,397,1.00
737,397,1.00
738,397,1.00
739,397,1.00
740,397,0.90
730,398,1.00
731,398,1.00
732,398,1.00
733,398,1.00
734,398,1.00
735,398,1.00
736,398,1.00
737,398,1.00
738,398,1.00
739,398,1.00
740,398,0.90
730,399,1.00
731,399,1.00
732,399,1.00
733,399,1.00
734,399,1.00
735,399,1.00
736,399,1.00
737,399,1.00
738,399,1.00
739,399,1.00
740,399,0.90
730,400,1.00
731,400,1.00
732,400,1.00
733,400,1.00
734,400,1.00
735,400,1.00
736,400,1.00
737,400,1.00
738,400,1.00
739,400,1.00
740,400,0.90
738,401,1.00
739,401,0.90
740,401,0.90
738,402,0.90
739,402,0.90
740,402,0.90
738,403,0.90
739,403,0.90
740,403,0.90
735,417,0.60
736,417,0.60
737,417,0.60
738,417,0.60
739,417,0.90
740,417,0.90
741,417,0.90
742,417,0.90
743,417,0.90
744,417,0.60
734,418,0.60
735,418,0.60
736,418,0.75
737,418,0.99
738,418,1.00
739,418,1.00
740,418,0.99
741,418,0.75
742,418,0.60
743,418,0.60
744,418,0.30
734,419,0.60
735,419,0.81
736,419,1.00
737,419,1.00
738,419,1.00
739,419,1.00
740,419,1.00
741,419,1.00
742,419,0.81
743,419,0.60
744,419,0.30
741,420,1.00
742,420,1.00
743,420,0.75
744,420,0.30
741,421,1.00
742,421,1.00
743,421,0.85
744,421,0.30
741,422,1.00
742,422,1.00
743,422,0.88
744,422,0.30
741,423,1.00
742,423,1.00
743,423,0.85
744,423,0.30
741,424,1.00
742,424,1.00
743,424,0.75
744,424,0.30
742,425,0.81
743,425,0.60
744,425,0.30
743,426,0.60
744,426,0.30
743,427,0.60
744,427,0.30
750,452,0.60
750,453,0.75
750,454,0.85
750,455,0.88
750,456,0.85
750,457,0.75
750,458,0.60
750,459,0.60
750,460,0.60
740,461,0.30
741,461,0.30
742,461,0.30
743,461,0.45
744,461,0.55
745,461,0.88
746,461,0.85
747,461,0.75
748,461,0.60
749,461,0.60
750,461,0.60
740,462,0.30
741,462,0.30
742,462,0.30
743,462,0.30
744,462,0.30
745,462,0.60
746,462,0.60
747,462,0.60
748,462,0.75
749,462,0.85
750,462,0.88
741,466,0.30
742,466,0.30
743,466,0.30
744,466,0.30
745,466,0.60
746,466,0.88
747,466,1.00
748,466,1.00
749,466,1.00
750,466,1.00
751,466,1.00
741,467,0.30
742,467,0.30
743,467,0.30
744,467,0.45
745,467,0.85
746,467,1.00
747,467,1.00
748,467,1.00
749,467,1.00
750,467,1.00
751,467,1.00
741,468,0.30
742,468,0.30
743,468,0.51
744,468,0.69
745,468,1.00
746,468,1.00
747,468,1.00
748,468,1.00
749,468,1.00
750,468,1.00
751,468,1.00
741,469,0.30
742,469,0.45
743,469,0.69
744,469,1.00
745,469,1.00
746,469,1.00
747,469,1.00
748,469,1.00
749,469,1.00
750,469,1.00
751,469,1.00
741,470,0.30
742,470,0.55
743,470,0.81
744,470,1.00
745,470,1.00
746,470,1.00
747,470,1.00
748,470,1.00
749,470,1.00
750,470,1.00
751,470,1.00
741,471,0.30
742,471,0.58
743,471,0.86
744,471,1.00
745,471,1.00
746,471,1.00
747,471,1.00
748,471,1.00
749,471,1.00
750,471,1.00
751,471,1.00
741,472,0.30
742,472,0.55
743,472,0.81
744,472,1.00
745,472,1.00
746,472,1.00
747,472,1.00
748,472,1.00
749,472,1.00
750,472,1.00
751,472,1.00
741,473,0.30
742,473,0.45
743,473,0.69
744,473,1.00
745,473,1.00
746,473,1.00
747,473,1.00
748,473,1.00
749,473,1.00
750,473,1.00
751,473,1.00
741,474,0.30
742,474,0.30
743,474,0.51
744,474,0.99
745,474,1.00
746,474,1.00
747,474,1.00
748,474,1.00
749,474,1.00
750,474,1.00
751,474,1.00
741,475,0.30
742,475,0.30
743,475,0.30
744,475,0.75
745,475,1.00
746,475,1.00
747,475,1.00
748,475,1.00
749,475,1.00
750,475,1.00
751,475,1.00
741,476,0.30
742,476,0.30
743,476,0.30
744,476,0.60
745,476,0.75
746,476,0.99
747,476,1.00
748,476,1.00
749,476,1.00
750,476,1.00
751,476,1.00
741,480,0.60
742,480,0.60
743,480,0.60
744,480,0.60
745,480,0.60
746,480,0.60
747,480,0.60
748,480,0.60
749,480,0.60
750,480,0.60
751,480,0.60
741,481,0.60
742,481,0.60
743,481,0.60
744,481,0.90
745,481,1.00
746,481,1.00
747,481,1.00
748,481,1.00
749,481,1.00
750,481,1.00
751,481,1.00
741,482,0.60
742,482,0.60
743,482,1.00
744,482,1.00
745,482,1.00
746,482,1.00
747,482,1.00
748,482,1.00
749,482,1.00
750,482,1.00
751,482,1.00
741,483,0.60
742,483,0.90
743,483,1.00
744,483,1.00
745,483,1.00
746,483,1.00
747,483,1.00
748,483,1.00
749,483,1.00
750,483,1.00
751,483,1.00
741,484,0.60
742,484,1.00
743,484,1.00
744,484,1.00
745,484,1.00
746,484,1.00
747,484,1.00
748,484,1.00
749,484,1.00
750,484,1.00
751,484,1.00
741,485,0.60
742,485,1.00
743,485,1.00
744,485,1.00
745,485,1.00
746,485,1.00
747,485,1.00
748,485,1.00
749,485,1.00
750,485,1.00
751,485,1.00
741,486,0.60
742,486,1.00
743,486,1.00
744,486,1.00
745,486,1.00
746,486,1.00
747,486,1.00
748,486,1.00
749,486,1.00
750,486,1.00
751,486,1.00
741,487,0.60
742,487,0.90
743,487,1.00
744,487,1.00
745,487,1.00
746,487,1.00
747,487,1.00
748,487,1.00
749,487,1.00
750,487,1.00
751,487,1.00
741,488,0.60
742,488,0.60
743,488,1.00
744,488,1.00
745,488,1.00
746,488,1.00
747,488,1.00
748,488,1.00
749,488,1.00
750,488,1.00
751,488,1.00
741,489,0.60
742,489,0.60
743,489,0.60
744,489,0.90
745,489,1.00
746,489,1.00
747,489,1.00
748,489,1.00
749,489,1.00
750,489,1.00
751,489,1.00
741,490,0.60
742,490,0.60
743,490,0.60
744,490,0.60
745,490,0.60
746,490,0.60
747,490,0.60
748,490,0.90
749,490,1.00
750,490,1.00
751,490,1.00
751,461,0.30
752,461,0.30
753,461,0.30
754,461,0.30
755,461,0.60
751,462,0.55
752,462,0.45
753,462,0.30
754,462,0.30
755,462,0.60
745,463,0.30
746,463,0.30
747,463,0.51
748,463,0.69
749,463,0.81
750,463,0.86
751,463,0.81
752,463,0.69
753,463,0.51
754,463,0.30
755,463,0.60
745,464,0.30
746,464,0.45
747,464,0.69
748,464,0.91
749,464,1.00
750,464,1.00
751,464,1.00
752,464,0.91
753,464,0.69
754,464,0.45
755,464,0.60
745,465,0.30
746,465,0.55
747,465,0.81
748,465,1.00
749,465,1.00
750,465,1.00
751,465,1.00
752,465,1.00
753,465,0.81
754,465,0.55
755,465,0.60
752,466,1.00
753,466,0.86
754,466,0.58
755,466,0.60
752,467,1.00
753,467,0.81
754,467,0.55
755,467,0.60
752,468,0.91
753,468,0.69
754,468,0.45
755,468,0.60
752,469,0.99
753,469,0.81
754,469,0.60
755,469,0.30
752,470,0.75
753,470,0.60
754,470,0.60
755,470,0.30
752,471,0.81
753,471,0.60
754,471,0.60
755,471,0.30
744,434,0.30
745,434,0.30
746,434,0.60
747,434,0.60
748,434,0.90
749,434,1.00
750,434,1.00
744,435,0.55
745,435,0.58
746,435,0.85
747,435,0.75
748,435,0.90
749,435,0.90
750,435,1.00
744,436,0.81
745,436,0.86
746,436,0.81
747,436,0.69
748,436,0.81
749,436,0.75
750,436,0.99
744,437,1.00
745,437,1.00
746,437,1.00
747,437,0.91
748,437,0.99
749,437,0.99
750,437,1.00
744,438,1.00
745,438,1.00
746,438,1.00
747,438,1.00
748,438,1.00
749,438,1.00
750,438,1.00
744,439,1.00
745,439,1.00
746,439,1.00
747,439,1.00
748,439,1.00
749,439,1.00
750,439,1.00
744,440,1.00
745,440,1.00
746,440,1.00
747,440,1.00
748,440,1.00
749,440,1.00
750,440,1.00
744,441,1.00
745,441,1.00
746,441,1.00
747,441,0.91
748,441,1.00
749,441,1.00
750,441,1.00
740,442,0.30
741,442,0.30
742,442,0.51
743,442,0.69
744,442,0.81
745,442,0.86
746,442,0.81
747,442,0.69
748,442,1.00
749,442,1.00
750,442,1.00
740,443,0.30
741,443,0.30
742,443,0.30
743,443,0.45
744,443,0.55
745,443,0.58
746,443,0.55
747,443,0.45
748,443,0.90
749,443,1.00
750,443,1.00
740,444,0.30
741,444,0.30
742,444,0.30
743,444,0.30
744,444,0.30
745,444,0.30
746,444,0.30
747,444,0.30
748,444,0.60
749,444,0.85
750,444,1.00
733,418,0.30
733,419,0.30
728,397,0.60
729,397,0.30
728,398,0.85
729,398,0.58
728,399,1.00
729,399,0.86
728,400,1.00
729,400,1.00
723,390,0.60
724,390,0.30
725,390,0.30
726,390,0.30
727,390,0.30
728,390,0.30
723,391,0.88
724,391,0.55
725,391,0.45
726,391,0.30
727,391,0.30
728,391,0.30
723,392,1.00
724,392,0.81
725,392,0.69
726,392,0.51
727,392,0.30
728,392,0.30
727,393,0.45
728,393,0.30
728,394,0.30
728,395,0.30
728,396,0.30
720,383,0.75
721,383,0.60
722,383,0.60
723,383,0.60
720,384,0.75
721,384,0.60
722,384,0.60
723,384,0.60
720,385,0.99
721,385,0.81
722,385,0.30
723,385,0.30
720,386,1.00
721,386,0.99
722,386,0.45
723,386,0.30
723,387,0.30
723,388,0.30
723,389,0.30
717,376,1.00
718,376,1.00
719,376,1.00
720,376,1.00
721,376,1.00
717,377,1.00
718,377,1.00
719,377,1.00
720,377,1.00
721,377,1.00
717,378,1.00
718,378,1.00
719,378,1.00
720,378,1.00
721,378,1.00
717,379,1.00
718,379,1.00
719,379,1.00
720,379,1.00
721,379,1.00
717,380,1.00
718,380,1.00
719,380,0.81
720,380,0.85
721,380,0.60
720,381,0.88
721,381,0.60
720,382,0.85
721,382,0.60
711,369,0.30
712,369,0.30
713,369,0.60
714,369,0.60
715,369,0.60
716,369,0.60
717,369,0.60
718,369,0.60
719,369,0.60
720,369,0.60
721,369,0.60
711,370,0.30
712,370,0.30
713,370,0.60
714,370,0.75
715,370,0.85
716,370,1.00
717,370,1.00
718,370,1.00
719,370,0.85
720,370,0.75
721,370,0.60
711,371,0.30
712,371,0.30
713,371,0.81
714,371,0.99
715,371,1.00
716,371,1.00
717,371,1.00
718,371,1.00
719,371,1.00
720,371,0.99
721,371,0.81
713,372,0.99
714,372,1.00
715,372,1.00
716,372,1.00
717,372,1.00
718,372,1.00
719,372,1.00
720,372,1.00
721,372,1.00
713,373,1.00
714,373,1.00
715,373,1.00
716,373,1.00
717,373,1.00
718,373,1.00
719,373,1.00
720,373,1.00
721,373,1.00
713,374,1.00
714,374,1.00
715,374,1.00
716,374,1.00
717,374,1.00
718,374,1.00
719,374,1.00
720,374,1.00
721,374,1.00
713,375,1.00
714,375,1.00
715,375,1.00
716,375,1.00
717,375,1.00
718,375,1.00
719,375,1.00
720,375,1.00
721,375,1.00
722,369,0.30
723,369,0.30
722,370,0.30
723,370,0.30
722,371,0.30
723,371,0.30
722,372,0.75
723,372,0.60
722,373,0.85
723,373,0.75
722,374,1.00
723,374,1.00
722,375,1.00
723,375,1.00
722,376,1.00
723,376,1.00
722,377,1.00
723,377,1.00
722,378,1.00
723,378,1.00
722,379,1.00
723,379,1.00
724,372,0.30
725,372,0.30
726,372,0.30
727,372,0.30
728,372,0.30
729,372,0.30
730,372,0.30
724,373,0.55
725,373,0.58
726,373,0.55
727,373,0.45
728,373,0.30
729,373,0.30
730,373,0.30
724,374,1.00
725,374,1.00
726,374,1.00
727,374,0.99
728,374,0.81
729,374,0.60
730,374,0.60
724,375,1.00
725,375,1.00
726,375,1.00
727,375,1.00
728,375,1.00
729,375,0.90
730,375,0.60
724,376,1.00
725,376,1.00
726,376,1.00
727,376,1.00
728,376,1.00
729,376,1.00
730,376,0.81
724,377,1.00
725,377,1.00
726,377,1.00
727,377,1.00
728,377,1.00
729,377,1.00
730,377,0.99
724,378,1.00
725,378,1.00
726,378,1.00
727,378,1.00
728,378,1.00
729,378,1.00
730,378,1.00
724,379,1.00
725,379,1.00
726,379,1.00
727,379,1.00
728,379,1.00
729,379,1.00
730,379,1.00
722,380,0.81
723,380,1.00
724,380,1.00
725,380,1.00
726,380,1.00
727,380,1.00
728,380,1.00
729,380,1.00
730,380,1.00
722,381,0.60
723,381,0.90
724,381,1.00
725,381,1.00
726,381,1.00
727,381,1.00
728,381,1.00
729,381,1.00
730,381,0.99
722,382,0.60
723,382,0.60
724,382,0.81
725,382,0.99
726,382,1.00
727,382,1.00
728,382,1.00
729,382,0.99
730,382,0.81
731,374,0.30
732,374,0.30
731,375,0.30
732,375,0.30
731,376,0.30
732,376,0.30
731,377,0.45
732,377,0.30
731,378,0.55
732,378,0.30
731,379,0.58
732,379,0.30
731,380,0.55
732,380,0.30
731,381,0.45
732,381,0.30
731,382,0.30
732,382,0.30
724,383,0.30
725,383,0.45
726,383,0.55
727,383,0.58
728,383,0.55
729,383,0.45
730,383,0.30
731,383,0.30
732,383,0.30
724,384,0.30
725,384,0.30
726,384,0.30
727,384,0.30
728,384,0.30
729,384,0.30
730,384,0.30
731,384,0.30
732,384,0.30
739,407,0.30
740,407,0.30
741,407,0.30
742,407,0.30
743,407,0.30
744,407,0.30
745,407,0.30
746,407,0.30
747,407,0.30
748,407,0.30
749,407,0.30
739,408,0.30
740,408,0.30
741,408,0.30
742,408,0.45
743,408,0.55
744,408,0.58
745,408,0.55
746,408,0.45
747,408,0.30
748,408,0.30
749,408,0.30
739,409,0.30
740,409,0.30
741,409,0.51
742,409,0.69
743,409,0.81
744,409,0.86
745,409,0.81
746,409,0.69
747,409,0.51
748,409,0.30
749,409,0.30
739,410,0.30
740,410,0.45
741,410,0.69
742,410,0.91
743,410,1.00
744,410,1.00
745,410,1.00
746,410,0.91
747,410,0.69
748,410,0.45
749,410,0.30
739,411,0.30
740,411,0.55
741,411,0.81
742,411,1.00
743,411,1.00
744,411,1.00
745,411,1.00
746,411,1.00
747,411,0.81
748,411,0.55
749,411,0.30
739,412,0.30
740,412,0.58
741,412,0.86
742,412,1.00
743,412,1.00
744,412,1.00
745,412,1.00
746,412,1.00
747,412,0.86
748,412,0.58
749,412,0.30
739,413,0.30
740,413,0.55
741,413,0.81
742,413,1.00
743,413,1.00
744,413,1.00
745,413,1.00
746,413,1.00
747,413,0.81
748,413,0.55
749,413,0.30
739,414,0.30
740,414,0.45
741,414,0.69
742,414,0.91
743,414,1.00
744,414,1.00
745,414,1.00
746,414,0.91
747,414,0.69
748,414,0.45
749,414,0.30
739,415,0.30
740,415,0.30
741,415,0.51
742,415,0.69
743,415,0.81
744,415,0.86
745,415,0.81
746,415,0.69
747,415,0.51
748,415,0.30
749,415,0.30
739,416,0.30
740,416,0.30
741,416,0.30
742,416,0.45
743,416,0.55
744,416,0.58
745,416,0.55
746,416,0.45
747,416,0.30
748,416,0.30
749,416,0.30
745,417,0.30
746,417,0.30
747,417,0.30
748,417,0.30
749,417,0.30
752,472,0.69
753,472,0.45
754,472,0.30
752,473,0.81
753,473,0.55
754,473,0.30
752,474,0.86
753,474,0.58
754,474,0.30
752,475,0.81
753,475,0.55
754,475,0.30
752,476,0.69
753,476,0.45
754,476,0.30
744,477,0.30
745,477,0.30
746,477,0.51
747,477,0.69
748,477,0.81
749,477,0.86
750,477,0.81
751,477,0.69
752,477,0.51
753,477,0.30
754,477,0.30
744,478,0.30
745,478,0.30
746,478,0.30
747,478,0.45
748,478,0.55
749,478,0.58
750,478,0.55
751,478,0.45
752,478,0.30
753,478,0.30
754,478,0.30
744,479,0.30
745,479,0.30
746,479,0.30
747,479,0.30
748,479,0.30
749,479,0.30
750,479,0.30
751,479,0.30
752,479,0.30
753,479,0.30
754,479,0.30
744,491,0.30
745,491,0.30
746,491,0.30
747,491,0.30
748,491,0.60
749,491,0.90
750,491,1.00
751,491,1.00
752,491,1.00
753,491,1.00
754,491,1.00
744,492,0.30
745,492,0.30
746,492,0.30
747,492,0.45
748,492,0.55
749,492,0.58
750,492,0.85
751,492,0.75
752,492,0.81
753,492,0.99
754,492,1.00
744,493,0.30
745,493,0.30
746,493,0.51
747,493,0.69
748,493,0.81
749,493,0.86
750,493,1.00
751,493,0.99
752,493,0.81
753,493,0.75
754,493,1.00
744,494,0.30
745,494,0.45
746,494,0.69
747,494,0.91
748,494,1.00
749,494,1.00
750,494,1.00
751,494,1.00
752,494,0.99
753,494,0.75
754,494,0.90
744,495,0.30
745,495,0.55
746,495,0.81
747,495,1.00
748,495,1.00
749,495,1.00
750,495,1.00
751,495,1.00
752,495,0.81
753,495,0.55
754,495,0.60
744,496,0.30
745,496,0.58
746,496,0.86
747,496,1.00
748,496,1.00
749,496,1.00
750,496,1.00
751,496,1.00
752,496,0.86
753,496,0.58
754,496,0.60
744,497,0.30
745,497,0.55
746,497,0.81
747,497,1.00
748,497,1.00
749,497,1.00
750,497,1.00
751,497,1.00
752,497,0.81
753,497,0.55
754,497,0.30
744,498,0.30
745,498,0.45
746,498,0.69
747,498,0.91
748,498,1.00
749,498,1.00
750,498,1.00
751,498,0.91
752,498,0.69
753,498,0.45
754,498,0.30
744,499,0.30
745,499,0.30
746,499,0.51
747,499,0.69
748,499,0.81
749,499,0.86
750,499,0.81
751,499,0.69
752,499,0.51
753,499,0.30
754,499,0.30
744,500,0.30
745,500,0.30
746,500,0.30
747,500,0.45
748,500,0.55
749,500,0.58
750,500,0.55
751,500,0.45
752,500,0.30
753,500,0.30
754,500,0.30
744,501,0.30
745,501,0.30
746,501,0.30
747,501,0.30
748,501,0.30
749,501,0.30
750,501,0.30
751,501,0.30
752,501,0.30
753,501,0.30
754,501,0.30
744,504,0.30
745,504,0.30
746,504,0.30
747,504,0.30
748,504,0.30
749,504,0.30
750,504,0.30
751,504,0.30
752,504,0.30
753,504,0.30
754,504,0.30
744,505,0.30
745,505,0.30
746,505,0.30
747,505,0.45
748,505,0.55
749,505,0.58
750,505,0.55
751,505,0.45
752,505,0.30
753,505,0.30
754,505,0.30
744,506,0.30
745,506,0.30
746,506,0.51
747,506,0.69
748,506,0.81
749,506,0.86
750,506,0.81
751,506,0.69
752,506,0.51
753,506,0.30
754,506,0.30
744,507,0.30
745,507,0.45
746,507,0.69
747,507,0.91
748,507,1.00
749,507,1.00
750,507,1.00
751,507,0.91
752,507,0.69
753,507,0.45
754,507,0.30
744,508,0.30
745,508,0.55
746,508,0.81
747,508,1.00
748,508,1.00
749,508,1.00
750,508,1.00
751,508,1.00
752,508,0.81
753,508,0.55
754,508,0.30
744,509,0.30
745,509,0.58
746,509,0.86
747,509,1.00
748,509,1.00
749,509,1.00
750,509,1.00
751,509,1.00
752,509,0.86
753,509,0.58
754,509,0.30
744,510,0.30
745,510,0.55
746,510,0.81
747,510,1.00
748,510,1.00
749,510,1.00
750,510,1.00
751,510,1.00
752,510,0.81
753,510,0.55
754,510,0.30
744,511,0.30
745,511,0.45
746,511,0.99
747,511,1.00
748,511,1.00
749,511,1.00
750,511,1.00
751,511,1.00
752,511,0.99
753,511,0.75
754,511,0.60
744,512,0.30
745,512,0.30
746,512,0.81
747,512,0.99
748,512,1.00
749,512,1.00
750,512,1.00
751,512,1.00
752,512,1.00
753,512,0.75
754,512,0.60
744,513,0.30
745,513,0.30
746,513,0.60
747,513,0.75
748,513,1.00
749,513,1.00
750,513,1.00
751,513,1.00
752,513,1.00
753,513,0.99
754,513,0.81
744,514,0.30
745,514,0.30
746,514,0.60
747,514,0.75
748,514,0.99
749,514,1.00
750,514,1.00
751,514,1.00
752,514,1.00
753,514,1.00
754,514,0.99
743,524,0.30
744,524,0.60
745,524,0.88
746,524,1.00
747,524,1.00
748,524,1.00
749,524,1.00
750,524,1.00
751,524,1.00
752,524,1.00
753,524,0.88
743,525,0.30
744,525,0.60
745,525,0.85
746,525,1.00
747,525,1.00
748,525,1.00
749,525,1.00
750,525,1.00
751,525,1.00
752,525,1.00
753,525,0.85
743,526,0.30
744,526,0.60
745,526,0.96
746,526,1.00
747,526,1.00
748,526,1.00
749,526,1.00
750,526,1.00
751,526,1.00
752,526,0.99
753,526,0.75
743,527,0.30
744,527,0.75
745,527,0.99
746,527,1.00
747,527,1.00
748,527,1.00
749,527,1.00
750,527,1.00
751,527,1.00
752,527,0.96
753,527,0.60
743,528,0.30
744,528,0.85
745,528,1.00
746,528,1.00
747,528,1.00
748,528,1.00
749,528,1.00
750,528,1.00
751,528,1.00
752,528,0.85
753,528,0.60
743,529,0.30
744,529,0.88
745,529,1.00
746,529,1.00
747,529,1.00
748,529,1.00
749,529,1.00
750,529,1.00
751,529,1.00
752,529,0.88
753,529,0.60
743,530,0.30
744,530,0.55
745,530,1.00
746,530,1.00
747,530,1.00
748,530,1.00
749,530,1.00
750,530,1.00
751,530,1.00
752,530,0.85
753,530,0.60
743,531,0.30
744,531,0.45
745,531,0.99
746,531,1.00
747,531,1.00
748,531,1.00
749,531,1.00
750,531,1.00
751,531,1.00
752,531,0.90
753,531,0.60
743,532,0.30
744,532,0.30
745,532,0.81
746,532,1.00
747,532,1.00
748,532,1.00
749,532,1.00
750,532,1.00
751,532,1.00
752,532,1.00
753,532,1.00
743,533,0.30
744,533,0.30
745,533,0.60
746,533,1.00
747,533,1.00
748,533,1.00
749,533,1.00
750,533,1.00
751,533,1.00
752,533,1.00
753,533,1.00
743,534,0.30
744,534,0.30
745,534,0.60
746,534,1.00
747,534,1.00
748,534,1.00
749,534,1.00
750,534,1.00
751,534,1.00
752,534,1.00
753,534,1.00
740,539,0.60
741,539,0.60
742,539,0.60
743,539,0.60
744,539,0.60
745,539,0.90
746,539,1.00
747,539,1.00
748,539,1.00
749,539,1.00
750,539,1.00
740,540,0.60
741,540,0.60
742,540,0.60
743,540,0.90
744,540,1.00
745,540,1.00
746,540,1.00
747,540,1.00
748,540,1.00
749,540,1.00
750,540,1.00
740,541,0.60
741,541,0.60
742,541,1.00
743,541,1.00
744,541,1.00
745,541,1.00
746,541,1.00
747,541,1.00
748,541,1.00
749,541,1.00
750,541,1.00
740,542,0.60
741,542,0.90
742,542,1.00
743,542,1.00
744,542,1.00
745,542,1.00
746,542,1.00
747,542,1.00
748,542,1.00
749,542,1.00
750,542,0.90
740,543,0.60
741,543,1.00
742,543,1.00
743,543,1.00
744,543,1.00
745,543,1.00
746,543,1.00
747,543,1.00
748,543,1.00
749,543,1.00
750,543,0.60
740,544,0.60
741,544,1.00
742,544,1.00
743,544,1.00
744,544,1.00
745,544,1.00
746,544,1.00
747,544,1.00
748,544,1.00
749,544,1.00
750,544,0.60
740,545,0.60
741,545,1.00
742,545,1.00
743,545,1.00
744,545,1.00
745,545,1.00
746,545,1.00
747,545,1.00
748,545,1.00
749,545,1.00
750,545,0.60
740,546,0.60
741,546,0.90
742,546,1.00
743,546,1.00
744,546,1.00
745,546,1.00
746,546,1.00
747,546,1.00
748,546,1.00
749,546,0.90
750,546,0.60
740,547,0.60
741,547,0.60
742,547,1.00
743,547,1.00
744,547,1.00
745,547,1.00
746,547,1.00
747,547,1.00
748,547,1.00
749,547,0.60
750,547,0.60
740,548,0.90
741,548,0.90
742,548,0.90
743,548,1.00
744,548,1.00
745,548,1.00
746,548,1.00
747,548,1.00
748,548,0.90
749,548,0.60
750,548,0.60
740,549,0.90
741,549,1.00
742,549,1.00
743,549,1.00
744,549,1.00
745,549,1.00
746,549,0.90
747,549,0.90
748,549,0.90
749,549,0.60
750,549,0.60
754,530,0.30
755,530,0.30
754,531,0.30
755,531,0.30
754,532,0.60
755,532,0.60
754,533,0.75
755,533,0.60
754,534,1.00
755,534,0.60
745,535,0.30
746,535,0.88
747,535,1.00
748,535,1.00
749,535,1.00
750,535,1.00
751,535,1.00
752,535,1.00
753,535,1.00
754,535,1.00
755,535,0.75
745,536,0.30
746,536,0.85
747,536,1.00
748,536,1.00
749,536,1.00
750,536,1.00
751,536,1.00
752,536,1.00
753,536,1.00
754,536,1.00
755,536,0.85
745,537,0.30
746,537,0.75
747,537,1.00
748,537,1.00
749,537,1.00
750,537,1.00
751,537,1.00
752,537,1.00
753,537,1.00
754,537,1.00
755,537,0.88
745,538,0.30
746,538,0.60
747,538,1.00
748,538,1.00
749,538,1.00
750,538,1.00
751,538,1.00
752,538,1.00
753,538,1.00
754,538,1.00
755,538,0.85
751,539,1.00
752,539,1.00
753,539,1.00
754,539,0.99
755,539,0.75
751,540,1.00
752,540,1.00
753,540,0.99
754,540,0.81
755,540,0.60
754,486,1.00
755,486,1.00
756,486,1.00
757,486,1.00
758,486,1.00
759,486,1.00
760,486,0.90
761,486,0.30
762,486,0.30
763,486,0.30
764,486,0.30
754,487,1.00
755,487,1.00
756,487,1.00
757,487,1.00
758,487,1.00
759,487,1.00
760,487,1.00
761,487,0.45
762,487,0.30
763,487,0.30
764,487,0.30
754,488,1.00
755,488,1.00
756,488,1.00
757,488,1.00
758,488,1.00
759,488,1.00
760,488,1.00
761,488,0.69
762,488,0.51
763,488,0.30
764,488,0.30
754,489,1.00
755,489,1.00
756,489,1.00
757,489,1.00
758,489,1.00
759,489,1.00
760,489,1.00
761,489,0.91
762,489,0.69
763,489,0.45
764,489,0.30
754,490,1.00
755,490,1.00
756,490,1.00
757,490,1.00
758,490,1.00
759,490,1.00
760,490,1.00
761,490,1.00
762,490,0.81
763,490,0.55
764,490,0.30
755,491,1.00
756,491,1.00
757,491,1.00
758,491,1.00
759,491,1.00
760,491,1.00
761,491,1.00
762,491,0.86
763,491,0.58
764,491,0.30
755,492,1.00
756,492,1.00
757,492,1.00
758,492,1.00
759,492,1.00
760,492,1.00
761,492,1.00
762,492,0.81
763,492,0.55
764,492,0.30
755,493,1.00
756,493,1.00
757,493,1.00
758,493,1.00
759,493,1.00
760,493,1.00
761,493,0.91
762,493,0.69
763,493,0.45
764,493,0.30
755,494,0.60
756,494,0.81
757,494,0.99
758,494,1.00
759,494,1.00
760,494,1.00
761,494,0.69
762,494,0.51
763,494,0.30
764,494,0.30
755,495,0.30
756,495,0.30
757,495,0.45
758,495,0.55
759,495,0.58
760,495,0.55
761,495,0.45
762,495,0.30
763,495,0.30
764,495,0.30
755,496,0.30
756,496,0.30
757,496,0.30
758,496,0.30
759,496,0.30
760,496,0.30
761,496,0.30
762,496,0.30
763,496,0.30
764,496,0.30
750,450,0.30
751,450,0.30
752,450,0.30
753,450,0.30
754,450,0.30
755,450,0.30
756,450,0.30
757,450,0.30
758,450,0.30
759,450,0.30
750,451,0.30
751,451,0.30
752,451,0.45
753,451,0.55
754,451,0.58
755,451,0.55
756,451,0.45
757,451,0.30
758,451,0.30
759,451,0.30
751,452,0.51
752,452,0.69
753,452,0.81
754,452,0.86
755,452,0.81
756,452,0.69
757,452,0.51
758,452,0.30
759,452,0.30
751,453,0.69
752,453,0.91
753,453,1.00
754,453,1.00
755,453,1.00
756,453,0.91
757,453,0.69
758,453,0.45
759,453,0.30
751,454,0.81
752,454,1.00
753,454,1.00
754,454,1.00
755,454,1.00
756,454,1.00
757,454,0.81
758,454,0.55
759,454,0.30
751,455,0.86
752,455,1.00
753,455,1.00
754,455,1.00
755,455,1.00
756,455,1.00
757,455,0.86
758,455,0.58
759,455,0.30
751,456,0.81
752,456,1.00
753,456,1.00
754,456,1.00
755,456,1.00
756,456,1.00
757,456,0.81
758,456,0.55
759,456,0.30
751,457,0.69
752,457,0.91
753,457,1.00
754,457,1.00
755,457,1.00
756,457,0.91
757,457,0.69
758,457,0.45
759,457,0.30
751,458,0.51
752,458,0.69
753,458,0.81
754,458,0.86
755,458,1.00
756,458,0.99
757,458,0.81
758,458,0.60
759,458,0.60
751,459,0.30
752,459,0.45
753,459,0.55
754,459,0.58
755,459,0.85
756,459,0.75
757,459,0.60
758,459,0.75
759,459,0.85
751,460,0.30
752,460,0.30
753,460,0.30
754,460,0.30
755,460,0.60
756,460,0.60
757,460,0.81
758,460,0.99
759,460,1.00
751,438,1.00
752,438,1.00
753,438,1.00
754,438,1.00
755,438,1.00
756,438,1.00
757,438,0.88
758,438,0.60
751,439,1.00
752,439,1.00
753,439,1.00
754,439,1.00
755,439,1.00
756,439,1.00
757,439,0.85
758,439,0.60
751,440,1.00
752,440,1.00
753,440,1.00
754,440,1.00
755,440,1.00
756,440,1.00
757,440,0.75
758,440,0.60
751,441,1.00
752,441,1.00
753,441,1.00
754,441,1.00
755,441,1.00
756,441,1.00
757,441,0.75
758,441,0.60
751,442,1.00
752,442,1.00
753,442,1.00
754,442,1.00
755,442,1.00
756,442,1.00
757,442,0.85
758,442,0.60
751,443,1.00
752,443,1.00
753,443,1.00
754,443,1.00
755,443,1.00
756,443,1.00
757,443,0.88
758,443,0.60
751,444,1.00
752,444,1.00
753,444,1.00
754,444,1.00
755,444,1.00
756,444,0.81
757,444,0.55
758,444,0.30
748,445,0.30
749,445,0.45
750,445,0.69
751,445,0.91
752,445,1.00
753,445,1.00
754,445,1.00
755,445,0.91
756,445,0.69
757,445,0.45
758,445,0.30
748,446,0.30
749,446,0.30
750,446,0.51
751,446,0.69
752,446,0.81
753,446,0.86
754,446,0.81
755,446,0.69
756,446,0.51
757,446,0.30
758,446,0.30
748,447,0.30
749,447,0.30
750,447,0.30
751,447,0.45
752,447,0.55
753,447,0.58
754,447,0.55
755,447,0.45
756,447,0.30
757,447,0.30
758,447,0.30
749,448,0.30
750,448,0.30
751,448,0.30
752,448,0.30
753,448,0.30
754,448,0.30
755,448,0.30
756,448,0.30
757,448,0.30
758,448,0.30
748,433,0.81
749,433,0.99
750,433,1.00
751,433,1.00
752,433,1.00
753,433,0.99
754,433,0.81
755,433,0.60
756,433,0.60
757,433,0.30
758,433,0.30
751,434,1.00
752,434,1.00
753,434,1.00
754,434,0.85
755,434,0.75
756,434,0.60
757,434,0.30
758,434,0.30
751,435,0.99
752,435,1.00
753,435,1.00
754,435,1.00
755,435,0.99
756,435,0.81
757,435,0.30
758,435,0.30
751,436,0.91
752,436,1.00
753,436,1.00
754,436,1.00
755,436,0.91
756,436,0.69
757,436,0.45
758,436,0.30
751,437,1.00
752,437,1.00
753,437,1.00
754,437,1.00
755,437,1.00
756,437,0.81
757,437,0.55
758,437,0.30
746,425,0.90
747,425,1.00
748,425,1.00
749,425,1.00
750,425,1.00
751,425,1.00
752,425,1.00
753,425,1.00
754,425,1.00
755,425,1.00
756,425,0.90
746,426,0.90
747,426,1.00
748,426,1.00
749,426,1.00
750,426,1.00
751,426,1.00
752,426,1.00
753,426,1.00
754,426,1.00
755,426,1.00
756,426,0.90
746,427,0.90
747,427,1.00
748,427,1.00
749,427,1.00
750,427,1.00
751,427,1.00
752,427,1.00
753,427,1.00
754,427,1.00
755,427,1.00
756,427,0.90
746,428,0.90
747,428,1.00
748,428,1.00
749,428,1.00
750,428,1.00
751,428,1.00
752,428,1.00
753,428,1.00
754,428,1.00
755,428,1.00
756,428,0.90
746,429,0.90
747,429,1.00
748,429,1.00
749,429,1.00
750,429,1.00
751,429,1.00
752,429,1.00
753,429,1.00
754,429,1.00
755,429,1.00
756,429,0.90
746,430,0.90
747,430,1.00
748,430,1.00
749,430,1.00
750,430,1.00
751,430,1.00
752,430,1.00
753,430,1.00
754,430,1.00
755,430,1.00
756,430,0.90
746,431,0.90
747,431,1.00
748,431,1.00
749,431,1.00
750,431,1.00
751,431,1.00
752,431,1.00
753,431,1.00
754,431,1.00
755,431,1.00
756,431,0.90
746,432,0.90
747,432,1.00
748,432,1.00
749,432,1.00
750,432,1.00
751,432,1.00
752,432,1.00
753,432,1.00
754,432,1.00
755,432,1.00
756,432,0.90
746,433,0.30
747,433,0.30
746,422,0.60
747,422,0.60
748,422,0.60
749,422,0.60
750,422,0.60
751,422,0.60
752,422,0.60
753,422,0.60
754,422,0.60
755,422,0.60
756,422,0.60
746,423,0.60
747,423,0.60
748,423,0.60
749,423,0.90
750,423,1.00
751,423,1.00
752,423,1.00
753,423,0.90
754,423,0.60
755,423,0.60
756,423,0.60
746,424,0.60
747,424,0.60
748,424,1.00
749,424,1.00
750,424,1.00
751,424,1.00
752,424,1.00
753,424,1.00
754,424,1.00
755,424,0.60
756,424,0.60
760,458,0.30
761,458,0.30
762,458,0.30
763,458,0.30
764,458,0.30
765,458,0.30
760,459,0.58
761,459,0.55
762,459,0.45
763,459,0.30
764,459,0.30
765,459,0.30
760,460,0.86
761,460,0.81
762,460,0.69
763,460,0.51
764,460,0.30
765,460,0.30
756,461,0.45
757,461,0.69
758,461,0.91
759,461,1.00
760,461,1.00
761,461,1.00
762,461,0.91
763,461,0.69
764,461,0.45
765,461,0.30
756,462,0.55
757,462,0.81
758,462,1.00
759,462,1.00
760,462,1.00
761,462,1.00
762,462,1.00
763,462,0.81
764,462,0.55
765,462,0.30
756,463,0.58
757,463,0.86
758,463,1.00
759,463,1.00
760,463,1.00
761,463,1.00
762,463,1.00
763,463,0.86
764,463,0.58
765,463,0.30
756,464,0.55
757,464,0.81
758,464,1.00
759,464,1.00
760,464,1.00
761,464,1.00
762,464,1.00
763,464,0.81
764,464,0.55
765,464,0.30
756,465,0.45
757,465,0.69
758,465,0.91
759,465,1.00
760,465,1.00
761,465,1.00
762,465,0.91
763,465,0.69
764,465,0.45
765,465,0.30
756,466,0.30
757,466,0.51
758,466,0.69
759,466,0.81
760,466,0.86
761,466,0.81
762,466,0.69
763,466,0.51
764,466,0.30
765,466,0.30
756,467,0.30
757,467,0.30
758,467,0.45
759,467,0.55
760,467,0.58
761,467,0.55
762,467,0.45
763,467,0.30
764,467,0.30
765,467,0.30
756,468,0.30
757,468,0.30
758,468,0.30
759,468,0.30
760,468,0.30
761,468,0.30
762,468,0.30
763,468,0.30
764,468,0.30
765,468,0.30
756,500,0.30
757,500,0.30
758,500,0.30
759,500,0.30
760,500,0.30
761,500,0.30
762,500,0.30
763,500,0.30
764,500,0.30
765,500,0.30
766,500,0.30
756,501,0.30
757,501,0.30
758,501,0.30
759,501,0.45
760,501,0.55
761,501,0.58
762,501,0.55
763,501,0.45
764,501,0.30
765,501,0.30
766,501,0.30
756,502,0.30
757,502,0.30
758,502,0.51
759,502,0.69
760,502,0.81
761,502,0.86
762,502,0.81
763,502,0.69
764,502,0.51
765,502,0.30
766,502,0.30
756,503,0.30
757,503,0.45
758,503,0.69
759,503,0.91
760,503,1.00
761,503,1.00
762,503,1.00
763,503,0.91
764,503,0.69
765,503,0.45
766,503,0.30
756,504,0.30
757,504,0.55
758,504,0.81
759,504,1.00
760,504,1.00
761,504,1.00
762,504,1.00
763,504,1.00
764,504,0.81
765,504,0.55
766,504,0.30
756,505,0.30
757,505,0.58
758,505,0.86
759,505,1.00
760,505,1.00
761,505,1.00
762,505,1.00
763,505,1.00
764,505,0.86
765,505,0.58
766,505,0.30
756,506,0.30
757,506,0.55
758,506,0.81
759,506,1.00
760,506,1.00
761,506,1.00
762,506,1.00
763,506,1.00
764,506,0.81
765,506,0.55
766,506,0.30
756,507,0.30
757,507,0.45
758,507,0.69
759,507,0.91
760,507,1.00
761,507,1.00
762,507,1.00
763,507,0.91
764,507,0.69
765,507,0.45
766,507,0.30
756,508,0.30
757,508,0.30
758,508,0.51
759,508,0.69
760,508,0.81
761,508,0.86
762,508,0.81
763,508,0.69
764,508,0.51
765,508,0.30
766,508,0.30
756,509,0.30
757,509,0.30
758,509,0.30
759,509,0.45
760,509,0.55
761,509,0.58
762,509,0.55
763,509,0.45
764,509,0.30
765,509,0.30
766,509,0.30
756,510,0.30
757,510,0.30
758,510,0.30
759,510,0.30
760,510,0.30
761,510,0.30
762,510,0.30
763,510,0.30
764,510,0.30
765,510,0.30
766,510,0.30
756,532,0.30
756,533,0.30
756,534,0.30
756,535,0.30
756,536,0.30
756,537,0.30
756,538,0.30
756,539,0.30
756,540,0.30
751,541,0.58
752,541,0.55
753,541,0.45
754,541,0.30
755,541,0.30
756,541,0.30
751,542,0.30
752,542,0.30
753,542,0.30
754,542,0.30
755,542,0.30
756,542,0.30
738,548,0.30
739,548,0.30
738,549,0.30
739,549,0.30
738,550,0.30
739,550,0.30
740,550,0.51
741,550,0.69
742,550,0.81
743,550,0.86
744,550,0.81
745,550,0.69
746,550,0.51
747,550,0.30
748,550,0.30
738,551,0.90
739,551,1.00
740,551,1.00
741,551,1.00
742,551,1.00
743,551,1.00
744,551,1.00
745,551,1.00
746,551,0.69
747,551,0.45
748,551,0.30
738,552,1.00
739,552,1.00
740,552,1.00
741,552,1.00
742,552,1.00
743,552,1.00
744,552,1.00
745,552,1.00
746,552,0.81
747,552,0.55
748,552,0.30
738,553,1.00
739,553,1.00
740,553,1.00
741,553,1.00
742,553,1.00
743,553,1.00
744,553,1.00
745,553,1.00
746,553,0.86
747,553,0.58
748,553,0.30
738,554,1.00
739,554,1.00
740,554,1.00
741,554,1.00
742,554,1.00
743,554,1.00
744,554,1.00
745,554,1.00
746,554,0.81
747,554,0.55
748,554,0.30
738,555,1.00
739,555,1.00
740,555,1.00
741,555,1.00
742,555,1.00
743,555,1.00
744,555,1.00
745,555,1.00
746,555,0.69
747,555,0.45
748,555,0.30
738,556,1.00
739,556,1.00
740,556,1.00
741,556,1.00
742,556,1.00
743,556,1.00
744,556,1.00
745,556,1.00
746,556,0.51
747,556,0.30
748,556,0.30
738,557,1.00
739,557,1.00
740,557,1.00
741,557,1.00
742,557,1.00
743,557,1.00
744,557,1.00
745,557,1.00
746,557,0.30
747,557,0.30
748,557,0.30
738,558,1.00
739,558,1.00
740,558,1.00
741,558,1.00
742,558,1.00
743,558,1.00
744,558,1.00
745,558,1.00
746,558,0.30
747,558,0.30
748,558,0.30
735,551,0.60
736,551,0.60
737,551,0.60
735,552,1.00
736,552,1.00
737,552,1.00
735,553,1.00
736,553,1.00
737,553,1.00
735,554,1.00
736,554,1.00
737,554,1.00
735,555,1.00
736,555,1.00
737,555,1.00
735,556,1.00
736,556,1.00
737,556,1.00
735,557,1.00
736,557,1.00
737,557,1.00
735,558,1.00
736,558,1.00
737,558,1.00
735,559,1.00
736,559,1.00
737,559,1.00
738,559,1.00
739,559,1.00
740,559,1.00
741,559,1.00
742,559,1.00
743,559,1.00
744,559,1.00
745,559,1.00
735,560,1.00
736,560,1.00
737,560,1.00
738,560,1.00
739,560,1.00
740,560,1.00
741,560,1.00
742,560,1.00
743,560,1.00
744,560,1.00
745,560,1.00
735,561,1.00
736,561,1.00
737,561,1.00
738,561,1.00
739,561,1.00
740,561,1.00
741,561,1.00
742,561,1.00
743,561,1.00
744,561,1.00
745,561,1.00
735,562,0.60
736,562,0.60
737,562,0.60
738,562,0.60
739,562,0.60
740,562,0.60
741,562,0.60
742,562,0.60
743,562,0.60
744,562,0.60
745,562,0.60
744,519,0.30
745,519,0.30
746,519,0.60
747,519,0.60
748,519,0.81
749,519,0.99
750,519,1.00
751,519,1.00
752,519,1.00
753,519,0.99
754,519,0.81
744,520,0.30
745,520,0.30
746,520,0.60
747,520,0.75
748,520,0.85
749,520,1.00
750,520,1.00
751,520,1.00
752,520,0.85
753,520,0.75
754,520,0.60
744,521,0.30
745,521,0.30
746,521,0.81
747,521,0.99
748,521,1.00
749,521,1.00
750,521,1.00
751,521,0.99
752,521,0.81
753,521,0.60
754,521,0.60
744,522,0.30
745,522,0.45
746,522,0.69
747,522,0.91
748,522,1.00
749,522,1.00
750,522,1.00
751,522,0.91
752,522,0.69
753,522,0.45
754,522,0.30
744,523,0.30
745,523,0.55
746,523,0.81
747,523,1.00
748,523,1.00
749,523,1.00
750,523,1.00
751,523,1.00
752,523,0.81
753,523,0.55
754,523,0.30
754,524,0.30
754,525,0.30
754,526,0.30
754,527,0.30
754,528,0.30
754,529,0.30
755,511,0.30
756,511,0.30
755,512,0.30
756,512,0.30
755,513,0.30
756,513,0.30
755,514,0.45
756,514,0.30
746,515,0.30
747,515,0.55
748,515,0.81
749,515,1.00
750,515,1.00
751,515,1.00
752,515,1.00
753,515,1.00
754,515,0.81
755,515,0.55
756,515,0.30
746,516,0.30
747,516,0.58
748,516,0.86
749,516,1.00
750,516,1.00
751,516,1.00
752,516,1.00
753,516,1.00
754,516,0.86
755,516,0.58
756,516,0.30
746,517,0.30
747,517,0.55
748,517,0.81
749,517,1.00
750,517,1.00
751,517,1.00
752,517,1.00
753,517,1.00
754,517,0.81
755,517,0.55
756,517,0.30
746,518,0.30
747,518,0.45
748,518,0.69
749,518,0.91
750,518,1.00
751,518,1.00
752,518,1.00
753,518,0.91
754,518,0.69
755,518,0.45
756,518,0.30
755,519,0.30
756,519,0.30
755,520,0.30
756,520,0.30
755,521,0.30
756,521,0.30
752,484,1.00
753,484,1.00
754,484,1.00
755,484,1.00
756,484,1.00
757,484,1.00
758,484,1.00
759,484,1.00
760,484,0.60
752,485,1.00
753,485,1.00
754,485,1.00
755,485,1.00
756,485,1.00
757,485,1.00
758,485,1.00
759,485,1.00
760,485,0.60
752,486,1.00
753,486,1.00
752,487,1.00
753,487,1.00
752,488,1.00
753,488,1.00
752,489,1.00
753,489,1.00
752,490,1.00
753,490,1.00
752,481,0.90
753,481,0.90
754,481,0.90
755,481,0.90
756,481,0.90
757,481,0.90
758,481,0.90
759,481,0.60
760,481,0.30
752,482,1.00
753,482,1.00
754,482,1.00
755,482,1.00
756,482,1.00
757,482,1.00
758,482,0.90
759,482,0.60
760,482,0.30
752,483,1.00
753,483,1.00
754,483,1.00
755,483,1.00
756,483,1.00
757,483,1.00
758,483,1.00
759,483,0.60
760,483,0.30

764,469,0.60
765,469,0.60
766,469,0.60
767,469,0.60
768,469,0.60
769,469,0.60
770,469,0.60
771,469,0.60
772,469,0.60
773,469,0.60
774,469,0.60
764,470,0.60
765,470,0.60
766,470,0.60
767,470,0.90
768,470,1.00
769,470,1.00
770,470,1.00
771,470,0.90
772,470,0.60
773,470,0.60
774,470,0.60
764,471,0.60
765,471,0.60
766,471,1.00
767,471,1.00
768,471,1.00
769,471,1.00
770,471,1.00
771,471,1.00
772,471,1.00
773,471,0.60
774,471,0.60
764,472,0.60
765,472,0.90
766,472,1.00
767,472,1.00
768,472,1.00
769,472,1.00
770,472,1.00
771,472,1.00
772,472,1.00
773,472,0.90
774,472,0.60
764,473,0.60
765,473,1.00
766,473,1.00
767,473,1.00
768,473,1.00
769,473,1.00
770,473,1.00
771,473,1.00
772,473,1.00
773,473,1.00
774,473,0.60
764,474,0.60
765,474,1.00
766,474,1.00
767,474,1.00
768,474,1.00
769,474,1.00
770,474,1.00
771,474,1.00
772,474,1.00
773,474,1.00
774,474,0.60
764,475,0.60
765,475,1.00
766,475,1.00
767,475,1.00
768,475,1.00
769,475,1.00
770,475,1.00
771,475,1.00
772,475,1.00
773,475,1.00
774,475,0.60
764,476,0.60
765,476,0.90
766,476,1.00
767,476,1.00
768,476,1.00
769,476,1.00
770,476,1.00
771,476,1.00
772,476,1.00
773,476,0.90
774,476,0.60
764,477,0.60
765,477,0.60
766,477,1.00
767,477,1.00
768,477,1.00
769,477,1.00
770,477,1.00
771,477,1.00
772,477,1.00
773,477,0.60
774,477,0.60
764,478,0.60
765,478,0.60
766,478,0.60
767,478,0.90
768,478,1.00
769,478,1.00
770,478,1.00
771,478,0.90
772,478,0.60
773,478,0.60
774,478,0.60
764,479,0.60
765,479,0.60
766,479,0.60
767,479,0.60
768,479,0.60
769,479,0.60
770,479,0.60
771,479,0.60
772,479,0.60
773,479,0.60
774,479,0.60
753,469,0.30
754,469,0.30
755,469,0.30
756,469,0.30
757,469,0.30
758,469,0.30
759,469,0.30
760,469,0.30
761,469,0.30
762,469,0.30
763,469,0.30
753,470,0.60
754,470,0.60
755,470,0.60
756,470,0.75
757,470,0.85
758,470,0.88
759,470,0.85
760,470,0.75
761,470,0.60
762,470,0.60
763,470,0.60
753,471,0.60
754,471,0.60
755,471,0.81
756,471,1.00
757,471,1.00
758,471,1.00
759,471,1.00
760,471,1.00
761,471,0.81
762,471,0.60
763,471,0.60
753,472,0.60
754,472,0.75
755,472,1.00
756,472,1.00
757,472,1.00
758,472,1.00
759,472,1.00
760,472,1.00
761,472,1.00
762,472,0.75
763,472,0.60
753,473,0.60
754,473,0.99
755,473,1.00
756,473,1.00
757,473,1.00
758,473,1.00
759,473,1.00
760,473,1.00
761,473,1.00
762,473,0.99
763,473,0.60
753,474,0.60
754,474,1.00
755,474,1.00
756,474,1.00
757,474,1.00
758,474,1.00
759,474,1.00
760,474,1.00
761,474,1.00
762,474,1.00
763,474,0.60
753,475,0.60
754,475,1.00
755,475,1.00
756,475,1.00
757,475,1.00
758,475,1.00
759,475,1.00
760,475,1.00
761,475,1.00
762,475,1.00
763,475,0.60
753,476,0.60
754,476,0.99
755,476,1.00
756,476,1.00
757,476,1.00
758,476,1.00
759,476,1.00
760,476,1.00
761,476,1.00
762,476,0.99
763,476,0.60
753,477,0.60
754,477,0.75
755,477,1.00
756,477,1.00
757,477,1.00
758,477,1.00
759,477,1.00
760,477,1.00
761,477,1.00
762,477,0.75
763,477,0.60
753,478,0.60
754,478,0.60
755,478,0.81
756,478,1.00
757,478,1.00
758,478,1.00
759,478,1.00
760,478,1.00
761,478,0.81
762,478,0.60
763,478,0.60
753,479,0.60
754,479,0.60
755,479,0.60
756,479,0.75
757,479,0.85
758,479,0.88
759,479,0.85
760,479,0.75
761,479,0.60
762,479,0.60
763,479,0.60
753,480,0.30
754,480,0.30
755,480,0.30
756,480,0.30
757,480,0.30
758,480,0.30
759,480,0.30
760,480,0.30
761,480,0.30
762,480,0.30
763,480,0.30
735,523,0.30
736,523,0.30
737,523,0.30
738,523,0.30
739,523,0.30
740,523,0.30
741,523,0.30
742,523,0.30
743,523,0.30
744,523,0.30
745,523,0.30
735,524,0.30
736,524,0.30
737,524,0.30
738,524,0.45
739,524,0.55
740,524,0.58
741,524,0.55
742,524,0.45
743,524,0.30
744,524,0.30
745,524,0.30
735,525,0.30
736,525,0.30
737,525,0.51
738,525,0.69
739,525,0.81
740,525,0.86
741,525,0.81
742,525,0.69
743,525,0.51
744,525,0.30
745,525,0.30
735,526,0.30
736,526,0.45
737,526,0.69
738,526,0.91
739,526,1.00
740,526,1.00
741,526,1.00
742,526,0.91
743,526,0.69
744,526,0.45
745,526,0.30
735,527,0.30
736,527,0.55
737,527,0.81
738,527,1.00
739,527,1.00
740,527,1.00
741,527,1.00
742,527,1.00
743,527,0.81
744,527,0.55
745,527,0.30
735,528,0.30
736,528,0.58
737,528,0.86
738,528,1.00
739,528,1.00
740,528,1.00
741,528,1.00
742,528,1.00
743,528,0.86
744,528,0.58
745,528,0.30
735,529,0.30
736,529,0.55
737,529,0.81
738,529,1.00
739,529,1.00
740,529,1.00
741,529,1.00
742,529,1.00
743,529,0.81
744,529,0.55
745,529,0.30
735,530,0.30
736,530,0.45
737,530,0.69
738,530,0.91
739,530,1.00
740,530,1.00
741,530,1.00
742,530,0.91
743,530,0.69
744,530,0.45
745,530,0.30
735,531,0.30
736,531,0.30
737,531,0.51
738,531,0.69
739,531,0.81
740,531,0.86
741,531,0.81
742,531,0.69
743,531,0.51
744,531,0.30
745,531,0.30
735,532,0.30
736,532,0.30
737,532,0.30
738,532,0.45
739,532,0.55
740,532,0.58
741,532,0.55
742,532,0.45
743,532,0.30
744,532,0.30
745,532,0.30
735,533,0.30
736,533,0.30
737,533,0.30
738,533,0.30
739,533,0.30
740,533,0.30
741,533,0.30
742,533,0.30
743,533,0.30
744,533,0.30
745,533,0.30
708,581,1.00
709,581,1.00
710,581,1.00
711,581,1.00
712,581,0.85
713,581,0.88
714,581,1.00
715,581,1.00
716,581,0.90
717,581,1.00
718,581,1.00
708,582,1.00
709,582,1.00
710,582,1.00
711,582,1.00
712,582,0.85
713,582,0.88
714,582,1.00
715,582,1.00
716,582,0.90
717,582,1.00
718,582,1.00
708,583,1.00
709,583,0.90
710,583,1.00
711,583,0.99
712,583,0.81
713,583,0.86
714,583,1.00
715,583,0.99
716,583,1.00
717,583,1.00
718,583,1.00
708,584,0.90
709,584,1.00
710,584,1.00
711,584,1.00
712,584,1.00
713,584,1.00
714,584,1.00
715,584,1.00
716,584,1.00
717,584,1.00
718,584,1.00
708,585,0.30
709,585,0.55
710,585,0.81
711,585,1.00
712,585,1.00
713,585,1.00
714,585,1.00
715,585,1.00
716,585,1.00
717,585,1.00
718,585,1.00
708,586,0.30
709,586,0.58
710,586,0.86
711,586,1.00
712,586,1.00
713,586,1.00
714,586,1.00
715,586,1.00
716,586,1.00
717,586,1.00
718,586,1.00
708,587,0.30
709,587,0.55
710,587,0.81
711,587,1.00
712,587,1.00
713,587,1.00
714,587,1.00
715,587,1.00
716,587,1.00
717,587,1.00
718,587,1.00
708,588,0.30
709,588,0.45
710,588,0.69
711,588,0.91
712,588,1.00
713,588,1.00
714,588,1.00
715,588,1.00
716,588,1.00
717,588,1.00
718,588,1.00
708,589,0.30
709,589,0.30
710,589,0.51
711,589,0.69
712,589,0.81
713,589,0.86
714,589,1.00
715,589,0.99
716,589,1.00
717,589,0.99
718,589,1.00
708,590,0.60
709,590,0.60
710,590,0.60
711,590,0.75
712,590,0.85
713,590,0.58
714,590,0.85
715,590,0.75
716,590,0.60
717,590,0.75
718,590,0.85
708,591,0.85
709,591,0.75
710,591,0.60
711,591,0.60
712,591,0.60
713,591,0.30
714,591,0.60
715,591,0.60
716,591,0.60
717,591,0.60
718,591,0.60
702,590,0.30
703,590,0.30
704,590,0.30
705,590,0.30
706,590,0.30
707,590,0.30
702,591,0.30
703,591,0.30
704,591,0.30
705,591,0.45
706,591,0.55
707,591,0.58
702,592,0.30
703,592,0.30
704,592,0.51
705,592,0.69
706,592,0.81
707,592,0.86
708,592,0.81
709,592,0.99
710,592,0.81
711,592,0.60
712,592,0.60
702,593,0.30
703,593,0.45
704,593,0.69
705,593,0.91
706,593,1.00
707,593,1.00
708,593,1.00
709,593,1.00
710,593,0.99
711,593,0.75
712,593,0.75
702,594,0.30
703,594,0.55
704,594,0.81
705,594,1.00
706,594,1.00
707,594,1.00
708,594,1.00
709,594,1.00
710,594,1.00
711,594,1.00
712,594,0.99
702,595,0.30
703,595,0.58
704,595,0.86
705,595,1.00
706,595,1.00
707,595,1.00
708,595,1.00
709,595,1.00
710,595,1.00
711,595,1.00
712,595,1.00
702,596,0.90
703,596,1.00
704,596,1.00
705,596,1.00
706,596,1.00
707,596,1.00
708,596,1.00
709,596,1.00
710,596,1.00
711,596,1.00
712,596,1.00
702,597,1.00
703,597,1.00
704,597,1.00
705,597,1.00
706,597,1.00
707,597,1.00
708,597,1.00
709,597,1.00
710,597,1.00
711,597,1.00
712,597,1.00
702,598,1.00
703,598,1.00
704,598,1.00
705,598,0.99
706,598,1.00
707,598,0.86
708,598,0.81
709,598,0.99
710,598,1.00
711,598,1.00
712,598,1.00
702,599,1.00
703,599,1.00
704,599,1.00
705,599,0.90
706,599,0.85
707,599,0.58
708,599,0.55
709,599,0.75
710,599,0.75
711,599,0.99
712,599,1.00
702,600,1.00
703,600,1.00
704,600,1.00
705,600,0.85
706,600,0.60
707,600,0.30
708,600,0.30
709,600,0.60
710,600,0.60
711,600,0.81
712,600,0.99
696,596,0.90
697,596,0.60
698,596,0.60
699,596,0.60
700,596,0.60
701,596,0.60
696,597,0.90
697,597,0.75
698,597,0.85
699,597,1.00
700,597,1.00
701,597,1.00
696,598,1.00
697,598,0.99
698,598,1.00
699,598,1.00
700,598,1.00
701,598,1.00
696,599,1.00
697,599,1.00
698,599,1.00
699,599,1.00
700,599,1.00
701,599,1.00
696,600,1.00
697,600,1.00
698,600,1.00
699,600,1.00
700,600,1.00
701,600,1.00
696,601,1.00
697,601,1.00
698,601,1.00
699,601,1.00
700,601,1.00
701,601,1.00
702,601,1.00
703,601,1.00
704,601,1.00
705,601,0.58
706,601,0.30
696,602,1.00
697,602,1.00
698,602,1.00
699,602,1.00
700,602,1.00
701,602,1.00
702,602,1.00
703,602,1.00
704,602,1.00
705,602,0.55
706,602,0.30
696,603,1.00
697,603,1.00
698,603,1.00
699,603,1.00
700,603,1.00
701,603,1.00
702,603,1.00
703,603,1.00
704,603,0.99
705,603,0.45
706,603,0.30
696,604,1.00
697,604,1.00
698,604,1.00
699,604,1.00
700,604,1.00
701,604,1.00
702,604,1.00
703,604,0.99
704,604,0.81
705,604,0.30
706,604,0.30
696,605,1.00
697,605,1.00
698,605,1.00
699,605,1.00
700,605,1.00
701,605,1.00
702,605,0.85
703,605,0.75
704,605,0.60
705,605,0.30
706,605,0.30
696,606,1.00
697,606,1.00
698,606,1.00
699,606,1.00
700,606,0.90
701,606,0.60
702,606,0.60
703,606,0.60
704,606,0.60
705,606,0.30
706,606,0.30
690,600,1.00
691,600,1.00
692,600,1.00
693,600,0.99
694,600,1.00
695,600,1.00
690,601,1.00
691,601,1.00
692,601,1.00
693,601,1.00
694,601,1.00
695,601,1.00
690,602,0.90
691,602,0.90
692,602,1.00
693,602,1.00
694,602,1.00
695,602,1.00
690,603,0.90
691,603,1.00
692,603,1.00
693,603,1.00
694,603,1.00
695,603,1.00
690,604,1.00
691,604,1.00
692,604,1.00
693,604,1.00
694,604,1.00
695,604,1.00
690,605,1.00
691,605,1.00
692,605,1.00
693,605,1.00
694,605,1.00
695,605,1.00
690,606,1.00
691,606,1.00
692,606,1.00
693,606,1.00
694,606,1.00
695,606,1.00
690,607,1.00
691,607,1.00
692,607,1.00
693,607,1.00
694,607,1.00
695,607,1.00
696,607,1.00
697,607,1.00
698,607,1.00
699,607,0.75
700,607,0.30
690,608,1.00
691,608,1.00
692,608,1.00
693,608,1.00
694,608,1.00
695,608,1.00
696,608,1.00
697,608,1.00
698,608,0.96
699,608,0.60
700,608,0.30
690,609,1.00
691,609,1.00
692,609,1.00
693,609,1.00
694,609,1.00
695,609,1.00
696,609,1.00
697,609,0.96
698,609,0.60
699,609,0.60
700,609,0.30
690,610,1.00
691,610,1.00
692,610,1.00
693,610,1.00
694,610,1.00
695,610,1.00
696,610,0.75
697,610,0.60
698,610,0.60
699,610,0.60
700,610,0.30
689,601,0.75
689,602,0.60
689,603,0.60
689,604,0.85
689,605,1.00
689,606,1.00
689,607,1.00
689,608,1.00
689,609,1.00
689,610,1.00
689,611,1.00
690,611,1.00
691,611,1.00
692,611,0.99
693,611,0.81
694,611,0.60
695,611,0.60
696,611,0.30
697,611,0.30
698,611,0.30
699,611,0.30
685,603,0.30
686,603,0.30
687,603,0.30
688,603,0.30
685,604,0.30
686,604,0.30
687,604,0.30
688,604,0.45
685,605,0.30
686,605,0.30
687,605,0.51
688,605,0.69
685,606,0.30
686,606,0.45
687,606,0.69
688,606,0.91
685,607,0.30
686,607,0.55
687,607,0.81
688,607,1.00
685,608,0.30
686,608,0.58
687,608,0.86
688,608,1.00
685,609,0.30
686,609,0.55
687,609,0.81
688,609,1.00
685,610,0.30
686,610,0.45
687,610,0.69
688,610,0.91
685,611,0.30
686,611,0.30
687,611,0.51
688,611,0.69
685,612,0.30
686,612,0.30
687,612,0.30
688,612,0.45
689,612,0.55
690,612,0.58
691,612,0.55
692,612,0.45
693,612,0.30
694,612,0.30
695,612,0.30
685,613,0.30
686,613,0.30
687,613,0.30
688,613,0.30
689,613,0.30
690,613,0.30
691,613,0.30
692,613,0.30
693,613,0.30
694,613,0.30
695,613,0.30
708,572,0.85
709,572,0.60
710,572,0.30
711,572,0.60
712,572,0.60
713,572,1.00
714,572,1.00
715,572,1.00
716,572,1.00
717,572,1.00
718,572,1.00
708,573,0.75
709,573,0.60
710,573,0.30
711,573,0.75
712,573,0.99
713,573,1.00
714,573,1.00
715,573,1.00
716,573,1.00
717,573,1.00
718,573,1.00
708,574,1.00
709,574,1.00
710,574,1.00
711,574,1.00
712,574,1.00
713,574,1.00
714,574,1.00
715,574,1.00
716,574,1.00
717,574,1.00
718,574,1.00
708,575,1.00
709,575,1.00
710,575,1.00
711,575,1.00
712,575,1.00
713,575,1.00
714,575,1.00
715,575,1.00
716,575,1.00
717,575,1.00
718,575,1.00
708,576,1.00
709,576,1.00
710,576,1.00
711,576,1.00
712,576,1.00
713,576,1.00
714,576,1.00
715,576,1.00
716,576,1.00
717,576,1.00
718,576,1.00
708,577,1.00
709,577,1.00
710,577,1.00
711,577,1.00
712,577,1.00
713,577,1.00
714,577,1.00
715,577,1.00
716,577,1.00
717,577,1.00
718,577,1.00
708,578,1.00
709,578,1.00
710,578,1.00
711,578,1.00
712,578,1.00
713,578,1.00
714,578,1.00
715,578,1.00
716,578,1.00
717,578,1.00
718,578,1.00
708,579,1.00
709,579,1.00
710,579,1.00
711,579,1.00
712,579,1.00
713,579,1.00
714,579,1.00
715,579,1.00
716,579,1.00
717,579,1.00
718,579,1.00
708,580,1.00
709,580,1.00
710,580,1.00
711,580,1.00
712,580,1.00
713,580,1.00
714,580,1.00
715,580,0.99
716,580,0.81
717,580,0.90
718,580,1.00
754,528,0.30
755,528,0.30
756,528,0.60
757,528,0.60
758,528,0.81
759,528,0.99
760,528,1.00
761,528,1.00
762,528,1.00
763,528,0.99
764,528,0.81
754,529,0.30
755,529,0.30
756,529,0.60
757,529,0.90
758,529,1.00
759,529,1.00
760,529,1.00
761,529,1.00
762,529,1.00
763,529,1.00
764,529,0.99
754,530,0.30
755,530,0.30
756,530,0.81
757,530,1.00
758,530,1.00
759,530,1.00
760,530,1.00
761,530,1.00
762,530,1.00
763,530,1.00
764,530,1.00
754,531,0.30
755,531,0.45
756,531,0.99
757,531,1.00
758,531,1.00
759,531,1.00
760,531,1.00
761,531,1.00
762,531,1.00
763,531,1.00
764,531,1.00
754,532,0.30
755,532,0.55
756,532,1.00
757,532,1.00
758,532,1.00
759,532,1.00
760,532,1.00
761,532,1.00
762,532,1.00
763,532,1.00
764,532,1.00
754,533,0.30
755,533,0.58
756,533,1.00
757,533,1.00
758,533,1.00
759,533,1.00
760,533,1.00
761,533,1.00
762,533,1.00
763,533,1.00
764,533,0.99
754,534,0.30
755,534,0.55
756,534,1.00
757,534,1.00
758,534,1.00
759,534,1.00
760,534,1.00
761,534,1.00
762,534,1.00
763,534,1.00
764,534,0.81
754,535,0.30
755,535,0.45
756,535,0.99
757,535,1.00
758,535,1.00
759,535,1.00
760,535,1.00
761,535,1.00
762,535,1.00
763,535,0.90
764,535,0.60
754,536,0.30
755,536,0.30
756,536,0.81
757,536,0.99
758,536,1.00
759,536,1.00
760,536,1.00
761,536,0.99
762,536,0.81
763,536,0.60
764,536,0.60
754,537,0.30
755,537,0.30
756,537,0.30
757,537,0.45
758,537,0.55
759,537,0.58
760,537,0.55
761,537,0.45
762,537,0.30
763,537,0.30
764,537,0.30
754,538,0.30
755,538,0.30
756,538,0.30
757,538,0.30
758,538,0.30
759,538,0.30
760,538,0.30
761,538,0.30
762,538,0.30
763,538,0.30
764,538,0.30
756,526,0.30
757,526,0.30
758,526,0.30
759,526,0.30
760,526,0.30
761,526,0.30
762,526,0.30
763,526,0.30
764,526,0.30
765,526,0.30
766,526,0.30
756,527,0.30
757,527,0.30
758,527,0.30
759,527,0.45
760,527,0.55
761,527,0.58
762,527,0.55
763,527,0.45
764,527,0.30
765,527,0.30
766,527,0.30
765,528,0.30
766,528,0.30
765,529,0.45
766,529,0.30
765,530,0.55
766,530,0.30
765,531,0.58
766,531,0.30
765,532,0.55
766,532,0.30
765,533,0.45
766,533,0.30
765,534,0.30
766,534,0.30
765,535,0.30
766,535,0.30
765,536,0.30
766,536,0.30
740,540,0.30
741,540,0.30
742,540,0.30
743,540,0.30
744,540,0.30
745,540,0.30
746,540,0.30
747,540,0.30
748,540,0.30
749,540,0.30
750,540,0.30
740,541,0.30
741,541,0.30
742,541,0.30
743,541,0.45
744,541,0.55
745,541,0.58
746,541,0.55
747,541,0.45
748,541,0.30
749,541,0.30
750,541,0.30
740,542,0.30
741,542,0.30
742,542,0.51
743,542,0.69
744,542,0.81
745,542,0.86
746,542,0.81
747,542,0.69
748,542,0.51
749,542,0.30
750,542,0.30
740,543,0.30
741,543,0.45
742,543,0.69
743,543,0.91
744,543,1.00
745,543,1.00
746,543,1.00
747,543,0.91
748,543,0.69
749,543,0.45
750,543,0.30
740,544,0.30
741,544,0.55
742,544,0.81
743,544,1.00
744,544,1.00
745,544,1.00
746,544,1.00
747,544,1.00
748,544,0.81
749,544,0.55
750,544,0.30
740,545,0.30
741,545,0.58
742,545,0.86
743,545,1.00
744,545,1.00
745,545,1.00
746,545,1.00
747,545,1.00
748,545,0.86
749,545,0.58
750,545,0.30
740,546,0.30
741,546,0.55
742,546,0.81
743,546,1.00
744,546,1.00
745,546,1.00
746,546,1.00
747,546,1.00
748,546,0.81
749,546,0.55
750,546,0.30
740,547,0.30
741,547,0.45
742,547,0.69
743,547,0.91
744,547,1.00
745,547,1.00
746,547,1.00
747,547,0.91
748,547,0.69
749,547,0.45
750,547,0.30
740,548,0.30
741,548,0.30
742,548,0.51
743,548,0.69
744,548,0.81
745,548,0.86
746,548,0.81
747,548,0.69
748,548,0.51
749,548,0.30
750,548,0.30
740,549,0.30
741,549,0.30
742,549,0.30
743,549,0.45
744,549,0.55
745,549,0.58
746,549,0.55
747,549,0.45
748,549,0.30
749,549,0.30
750,549,0.30
740,550,0.30
741,550,0.30
742,550,0.30
743,550,0.30
744,550,0.30
745,550,0.30
746,550,0.30
747,550,0.30
748,550,0.30
749,550,0.30
750,550,0.30
699,566,1.00
700,566,1.00
701,566,1.00
702,566,1.00
703,566,0.99
704,566,0.75
705,566,0.60
706,566,0.30
707,566,0.30
708,566,0.30
709,566,0.30
699,567,1.00
700,567,1.00
701,567,1.00
702,567,1.00
703,567,1.00
704,567,0.88
705,567,0.85
706,567,0.45
707,567,0.30
708,567,0.30
709,567,0.30
699,568,1.00
700,568,1.00
701,568,1.00
702,568,1.00
703,568,1.00
704,568,1.00
705,568,1.00
706,568,0.69
707,568,0.51
708,568,0.30
709,568,0.30
699,569,1.00
700,569,1.00
701,569,1.00
702,569,1.00
703,569,1.00
704,569,1.00
705,569,1.00
706,569,0.91
707,569,0.69
708,569,0.45
709,569,0.30
699,570,1.00
700,570,1.00
701,570,1.00
702,570,1.00
703,570,1.00
704,570,1.00
705,570,1.00
706,570,1.00
707,570,0.81
708,570,0.55
709,570,0.30
699,571,0.99
700,571,1.00
701,571,1.00
702,571,1.00
703,571,1.00
704,571,1.00
705,571,1.00
706,571,1.00
707,571,0.86
708,571,0.58
709,571,0.30
699,572,0.81
700,572,0.85
701,572,1.00
702,572,1.00
703,572,1.00
704,572,1.00
705,572,1.00
706,572,1.00
707,572,0.81
699,573,0.60
700,573,0.75
701,573,0.99
702,573,0.91
703,573,1.00
704,573,1.00
705,573,1.00
706,573,0.91
707,573,0.69
699,574,0.60
700,574,0.90
701,574,1.00
702,574,1.00
703,574,1.00
704,574,1.00
705,574,1.00
706,574,1.00
707,574,1.00
699,575,0.30
700,575,0.60
701,575,0.90
702,575,1.00
703,575,1.00
704,575,1.00
705,575,1.00
706,575,1.00
707,575,1.00
699,576,0.30
700,576,0.60
701,576,0.90
702,576,1.00
703,576,1.00
704,576,1.00
705,576,1.00
706,576,1.00
707,576,1.00
687,573,1.00
688,573,1.00
689,573,1.00
690,573,1.00
691,573,1.00
692,573,0.90
693,573,0.60
694,573,0.75
695,573,0.85
696,573,0.88
697,573,0.85
687,574,1.00
688,574,1.00
689,574,1.00
690,574,1.00
691,574,1.00
692,574,1.00
693,574,1.00
694,574,1.00
695,574,0.60
696,574,0.60
697,574,0.60
687,575,1.00
688,575,1.00
689,575,1.00
690,575,1.00
691,575,1.00
692,575,1.00
693,575,1.00
694,575,1.00
695,575,0.81
696,575,0.60
697,575,0.60
687,576,1.00
688,576,1.00
689,576,1.00
690,576,1.00
691,576,1.00
692,576,1.00
693,576,1.00
694,576,1.00
695,576,0.99
696,576,0.75
697,576,0.60
687,577,1.00
688,577,1.00
689,577,1.00
690,577,1.00
691,577,1.00
692,577,1.00
693,577,1.00
694,577,1.00
695,577,1.00
696,577,0.85
697,577,0.60
687,578,1.00
688,578,1.00
689,578,1.00
690,578,1.00
691,578,1.00
692,578,1.00
693,578,1.00
694,578,1.00
695,578,1.00
696,578,1.00
697,578,0.60
687,579,1.00
688,579,1.00
689,579,1.00
690,579,1.00
691,579,1.00
692,579,1.00
693,579,1.00
694,579,1.00
695,579,1.00
696,579,1.00
697,579,0.60
687,580,1.00
688,580,1.00
689,580,1.00
690,580,1.00
691,580,1.00
692,580,1.00
693,580,1.00
694,580,1.00
695,580,1.00
696,580,1.00
697,580,0.60
687,581,1.00
688,581,1.00
689,581,1.00
690,581,1.00
691,581,1.00
692,581,1.00
693,581,1.00
694,581,1.00
695,581,1.00
696,581,0.85
697,581,0.60
687,582,1.00
688,582,1.00
689,582,1.00
690,582,1.00
691,582,1.00
692,582,1.00
693,582,1.00
694,582,1.00
695,582,0.99
696,582,0.75
697,582,0.60
687,583,1.00
688,583,1.00
689,583,1.00
690,583,1.00
691,583,1.00
692,583,1.00
693,583,1.00
694,583,1.00
695,583,0.81
696,583,0.60
697,583,0.60
684,574,1.00
685,574,1.00
686,574,1.00
684,575,1.00
685,575,1.00
686,575,1.00
684,576,1.00
685,576,1.00
686,576,1.00
684,577,1.00
685,577,1.00
686,577,1.00
684,578,1.00
685,578,1.00
686,578,1.00
684,579,1.00
685,579,1.00
686,579,1.00
684,580,1.00
685,580,1.00
686,580,1.00
684,581,1.00
685,581,1.00
686,581,1.00
684,582,1.00
685,582,1.00
686,582,1.00
684,583,1.00
685,583,1.00
686,583,1.00
684,584,1.00
685,584,1.00
686,584,1.00
687,584,1.00
688,584,0.90
689,584,0.90
690,584,1.00
691,584,1.00
692,584,1.00
693,584,1.00
694,584,1.00
691,564,0.30
692,564,0.30
693,564,0.30
694,564,0.30
695,564,0.60
696,564,0.88
697,564,1.00
698,564,1.00
699,564,1.00
700,564,1.00
701,564,1.00
691,565,0.30
692,565,0.30
693,565,0.30
694,565,0.45
695,565,0.85
696,565,1.00
697,565,1.00
698,565,1.00
699,565,1.00
700,565,1.00
701,565,1.00
691,566,0.30
692,566,0.30
693,566,0.51
694,566,0.69
695,566,1.00
696,566,1.00
697,566,1.00
698,566,1.00
691,567,0.30
692,567,0.45
693,567,0.69
694,567,0.91
695,567,1.00
696,567,1.00
697,567,1.00
698,567,1.00
691,568,0.60
692,568,0.85
693,568,0.81
694,568,1.00
695,568,1.00
696,568,1.00
697,568,1.00
698,568,1.00
691,569,0.60
692,569,0.88
693,569,0.86
694,569,1.00
695,569,1.00
696,569,1.00
697,569,1.00
698,569,1.00
691,570,0.60
692,570,0.85
693,570,0.81
694,570,1.00
695,570,1.00
696,570,1.00
697,570,1.00
698,570,1.00
691,571,0.75
692,571,0.75
693,571,0.69
694,571,0.91
695,571,1.00
696,571,1.00
697,571,1.00
698,571,0.91
691,572,0.85
692,572,0.60
693,572,0.51
694,572,0.69
695,572,0.81
696,572,0.86
697,572,0.81
698,572,0.69
698,573,0.45
698,574,0.30
719,543,0.30
720,543,0.30
721,543,0.30
722,543,0.30
723,543,0.30
724,543,0.30
725,543,0.60
726,543,1.00
727,543,1.00
728,543,1.00
729,543,1.00
719,544,0.30
720,544,0.30
721,544,0.30
722,544,0.45
723,544,0.55
724,544,0.58
725,544,0.85
726,544,1.00
727,544,1.00
728,544,1.00
729,544,1.00
719,545,0.30
720,545,0.30
721,545,0.51
722,545,0.69
723,545,0.81
724,545,0.86
725,545,1.00
726,545,1.00
727,545,1.00
728,545,1.00
729,545,1.00
719,546,0.30
720,546,0.45
721,546,0.69
722,546,0.91
723,546,1.00
724,546,1.00
725,546,1.00
726,546,1.00
727,546,1.00
728,546,1.00
729,546,1.00
719,547,0.30
720,547,0.55
721,547,0.81
722,547,1.00
723,547,1.00
724,547,1.00
725,547,1.00
726,547,1.00
727,547,1.00
728,547,1.00
729,547,1.00
719,548,0.30
720,548,0.58
721,548,0.86
722,548,1.00
723,548,1.00
724,548,1.00
725,548,1.00
726,548,1.00
727,548,1.00
728,548,1.00
729,548,1.00
719,549,0.30
720,549,0.55
721,549,0.81
722,549,1.00
723,549,1.00
724,549,1.00
725,549,1.00
726,549,1.00
727,549,1.00
728,549,1.00
729,549,1.00
719,550,0.30
720,550,0.45
721,550,0.69
722,550,0.91
723,550,1.00
724,550,1.00
725,550,1.00
726,550,1.00
727,550,0.99
728,550,0.96
729,550,0.99
719,551,0.30
720,551,0.30
721,551,0.51
722,551,0.69
723,551,0.81
724,551,0.86
725,551,0.81
726,551,0.99
727,551,0.81
728,551,0.60
729,551,0.75
719,552,0.30
720,552,0.30
721,552,0.60
722,552,0.75
723,552,0.85
724,552,0.88
725,552,0.85
726,552,1.00
727,552,0.90
728,552,0.90
729,552,0.90
719,553,0.30
720,553,0.30
721,553,0.60
722,553,0.60
723,553,0.60
724,553,0.75
725,553,0.85
726,553,0.88
727,553,0.85
728,553,0.75
729,553,0.60
725,538,0.30
726,538,0.30
727,538,0.30
728,538,0.60
729,538,0.60
730,538,0.81
731,538,0.99
732,538,1.00
733,538,1.00
734,538,1.00
735,538,0.99
725,539,0.30
726,539,0.30
727,539,0.90
728,539,1.00
729,539,1.00
730,539,1.00
731,539,1.00
732,539,1.00
733,539,1.00
734,539,1.00
735,539,1.00
725,540,0.30
726,540,0.30
727,540,1.00
728,540,1.00
729,540,1.00
730,540,1.00
731,540,1.00
732,540,1.00
733,540,1.00
734,540,1.00
735,540,1.00
725,541,0.30
726,541,0.45
727,541,1.00
728,541,1.00
729,541,1.00
730,541,1.00
731,541,1.00
732,541,1.00
733,541,1.00
734,541,1.00
735,541,1.00
725,542,0.30
726,542,0.85
727,542,1.00
728,542,1.00
729,542,1.00
730,542,1.00
731,542,1.00
732,542,1.00
733,542,1.00
734,542,1.00
735,542,1.00
730,543,1.00
731,543,1.00
732,543,1.00
733,543,1.00
734,543,1.00
735,543,1.00
730,544,1.00
731,544,1.00
732,544,1.00
733,544,1.00
734,544,1.00
735,544,1.00
730,545,1.00
731,545,1.00
732,545,1.00
733,545,1.00
734,545,1.00
735,545,1.00
730,546,1.00
731,546,1.00
732,546,1.00
733,546,1.00
734,546,1.00
735,546,1.00
730,547,1.00
731,547,1.00
732,547,1.00
733,547,1.00
734,547,1.00
735,547,1.00
730,548,1.00
731,548,1.00
732,548,1.00
733,548,1.00
734,548,1.00
735,548,1.00
728,536,0.30
729,536,0.30
730,536,0.30
731,536,0.30
732,536,0.30
733,536,0.30
734,536,0.30
735,536,0.30
736,536,0.30
737,536,0.30
738,536,0.30
728,537,0.30
729,537,0.30
730,537,0.30
731,537,0.45
732,537,0.55
733,537,0.58
734,537,0.55
735,537,0.45
736,537,0.30
737,537,0.30
738,537,0.30
736,538,0.51
737,538,0.30
738,538,0.30
736,539,1.00
737,539,1.00
738,539,0.60
736,540,1.00
737,540,1.00
738,540,0.60
736,541,1.00
737,541,1.00
738,541,0.60
736,542,1.00
737,542,1.00
738,542,0.60
736,543,1.00
737,543,1.00
738,543,0.60
736,544,1.00
737,544,1.00
738,544,0.60
736,545,1.00
737,545,1.00
738,545,0.60
736,546,1.00
737,546,1.00
738,546,0.60
736,547,1.00
737,547,0.90
738,547,0.30
736,548,1.00
737,548,0.90
738,548,0.30
730,549,1.00
731,549,1.00
732,549,1.00
733,549,1.00
734,549,1.00
735,549,1.00
736,549,1.00
737,549,0.90
738,549,0.30
721,563,0.85
722,563,1.00
723,563,1.00
724,563,1.00
725,563,1.00
726,563,1.00
727,563,1.00
728,563,1.00
729,563,0.85
730,563,0.60
731,563,0.30
721,564,0.75
722,564,0.99
723,564,1.00
724,564,1.00
725,564,1.00
726,564,1.00
727,564,1.00
728,564,1.00
729,564,0.75
730,564,0.60
731,564,0.30
721,565,0.60
722,565,0.81
723,565,1.00
724,565,1.00
725,565,1.00
726,565,1.00
727,565,1.00
728,565,1.00
729,565,0.81
730,565,0.60
731,565,0.30
721,566,0.60
722,566,0.75
723,566,1.00
724,566,1.00
725,566,1.00
726,566,1.00
727,566,1.00
728,566,1.00
729,566,0.99
730,566,0.75
731,566,0.30
721,567,0.60
722,567,0.85
723,567,1.00
724,567,1.00
725,567,1.00
726,567,1.00
727,567,1.00
728,567,1.00
729,567,1.00
730,567,0.85
731,567,0.30
721,568,0.90
722,568,1.00
723,568,1.00
724,568,1.00
725,568,1.00
726,568,1.00
727,568,1.00
728,568,1.00
729,568,0.86
730,568,0.58
731,568,0.30
721,569,1.00
722,569,1.00
723,569,1.00
724,569,1.00
725,569,1.00
726,569,1.00
727,569,1.00
728,569,1.00
729,569,0.81
730,569,0.55
731,569,0.30
721,570,1.00
722,570,1.00
723,570,1.00
724,570,1.00
725,570,1.00
726,570,1.00
727,570,1.00
728,570,0.91
729,570,0.69
730,570,0.45
731,570,0.30
721,571,1.00
722,571,1.00
723,571,1.00
724,571,1.00
725,571,1.00
726,571,1.00
727,571,1.00
728,571,0.99
729,571,0.81
730,571,0.30
731,571,0.30
721,572,1.00
722,572,1.00
723,572,1.00
724,572,1.00
725,572,1.00
726,572,1.00
727,572,1.00
728,572,1.00
729,572,0.60
730,572,0.30
731,572,0.30
721,573,1.00
722,573,1.00
723,573,1.00
724,573,1.00
725,573,1.00
726,573,1.00
727,573,1.00
728,573,0.90
729,573,0.60
730,573,0.30
731,573,0.30
719,571,1.00
720,571,1.00
719,572,1.00
720,572,1.00
719,573,1.00
720,573,1.00
719,574,1.00
720,574,1.00
721,574,1.00
722,574,1.00
723,574,1.00
724,574,1.00
725,574,1.00
726,574,1.00
727,574,1.00
728,574,0.75
729,574,0.30
719,575,1.00
720,575,1.00
721,575,1.00
722,575,1.00
723,575,1.00
724,575,1.00
725,575,1.00
726,575,1.00
727,575,1.00
728,575,0.85
729,575,0.30
719,576,1.00
720,576,1.00
721,576,1.00
722,576,1.00
723,576,1.00
724,576,1.00
725,576,1.00
726,576,1.00
727,576,1.00
728,576,0.88
729,576,0.30
719,577,1.00
720,577,1.00
721,577,1.00
722,577,1.00
723,577,1.00
724,577,1.00
725,577,1.00
726,577,1.00
727,577,1.00
728,577,0.85
729,577,0.30
719,578,1.00
720,578,1.00
721,578,1.00
722,578,1.00
723,578,1.00
724,578,1.00
725,578,1.00
726,578,1.00
727,578,1.00
728,578,0.75
729,578,0.30
719,579,1.00
720,579,1.00
721,579,1.00
722,579,1.00
723,579,1.00
724,579,1.00
725,579,1.00
726,579,1.00
727,579,1.00
728,579,0.90
729,579,0.60
719,580,1.00
720,580,1.00
721,580,1.00
722,580,1.00
723,580,1.00
724,580,1.00
725,580,1.00
726,580,1.00
727,580,1.00
728,580,0.90
729,580,0.60
719,581,1.00
720,581,1.00
721,581,1.00
722,581,1.00
723,581,1.00
724,581,1.00
725,581,1.00
726,581,1.00
727,581,1.00
728,581,0.90
729,581,0.81
719,582,1.00
720,582,1.00
721,582,1.00
722,582,1.00
723,582,1.00
724,582,1.00
725,582,0.81
726,582,0.60
727,582,0.90
728,582,0.75
719,583,1.00
720,583,1.00
721,583,1.00
722,583,1.00
723,583,1.00
724,583,1.00
725,583,0.60
726,583,0.60
727,583,0.90
719,584,1.00
720,584,1.00
721,584,1.00
722,584,1.00
723,584,1.00
724,584,1.00
725,584,0.85
726,584,0.88
727,584,1.00
717,568,0.60
718,568,0.60
719,568,0.60
720,568,0.60
717,569,0.85
718,569,0.88
719,569,0.85
720,569,0.90
717,570,1.00
718,570,1.00
719,570,1.00
720,570,1.00
717,571,1.00
718,571,1.00
720,557,0.30
721,557,0.60
722,557,0.88
723,557,1.00
724,557,1.00
725,557,1.00
726,557,1.00
727,557,1.00
728,557,1.00
729,557,1.00
730,557,0.88
720,558,0.30
721,558,0.60
722,558,0.85
723,558,1.00
724,558,1.00
725,558,1.00
726,558,1.00
727,558,1.00
728,558,1.00
729,558,1.00
730,558,0.85
720,559,0.30
721,559,0.60
722,559,0.96
723,559,1.00
724,559,1.00
725,559,1.00
726,559,1.00
727,559,1.00
728,559,1.00
729,559,0.99
730,559,0.75
720,560,0.30
721,560,0.75
722,560,0.99
723,560,1.00
724,560,1.00
725,560,1.00
726,560,1.00
727,560,1.00
728,560,1.00
729,560,0.96
730,560,0.60
720,561,0.30
721,561,0.85
722,561,1.00
723,561,1.00
724,561,1.00
725,561,1.00
726,561,1.00
727,561,1.00
728,561,1.00
729,561,0.85
730,561,0.60
720,562,0.30
721,562,0.88
722,562,1.00
723,562,1.00
724,562,1.00
725,562,1.00
726,562,1.00
727,562,1.00
728,562,1.00
729,562,0.88
730,562,0.60
720,563,0.30
720,564,0.30
720,565,0.30
720,566,0.30
720,567,0.30
730,552,0.60
731,552,0.60
730,553,0.30
731,553,0.30
721,554,0.30
722,554,0.30
723,554,0.51
724,554,0.69
725,554,0.81
726,554,0.86
727,554,0.81
728,554,0.69
729,554,0.51
730,554,0.30
731,554,0.30
721,555,0.30
722,555,0.45
723,555,0.69
724,555,0.91
725,555,1.00
726,555,1.00
727,555,1.00
728,555,0.91
729,555,0.69
730,555,0.45
731,555,0.30
721,556,0.30
722,556,0.55
723,556,0.81
724,556,1.00
725,556,1.00
726,556,1.00
727,556,1.00
728,556,1.00
729,556,0.81
730,556,0.55
731,556,0.30
731,557,0.30
731,558,0.30
731,559,0.30
731,560,0.30
731,561,0.30
731,562,0.30
730,550,0.81
731,550,0.86
732,550,0.81
733,550,0.69
734,550,0.51
735,550,0.30
736,550,0.30
730,551,0.55
731,551,0.58
732,551,0.55
733,551,0.45
734,551,0.30
735,551,0.30
736,551,0.30
732,552,0.30
733,552,0.30
734,552,0.30
735,552,0.30
736,552,0.30
708,550,0.30
709,550,0.30
710,550,0.30
711,550,0.30
712,550,0.30
713,550,0.30
714,550,0.30
715,550,0.30
716,550,0.30
717,550,0.30
718,550,0.30
708,551,0.30
709,551,0.30
710,551,0.30
711,551,0.45
712,551,0.55
713,551,0.58
714,551,0.55
715,551,0.45
716,551,0.30
717,551,0.30
718,551,0.30
708,552,0.30
709,552,0.30
710,552,0.51
711,552,0.69
712,552,0.81
713,552,0.86
714,552,0.81
715,552,0.69
716,552,0.51
717,552,0.30
718,552,0.30
708,553,0.30
709,553,0.45
710,553,0.69
711,553,0.91
712,553,1.00
713,553,1.00
714,553,1.00
715,553,0.91
716,553,0.69
717,553,0.45
718,553,0.30
708,554,0.30
709,554,0.55
710,554,0.81
711,554,1.00
712,554,1.00
713,554,1.00
714,554,1.00
715,554,1.00
716,554,0.81
717,554,0.55
718,554,0.30
708,555,0.30
709,555,0.58
710,555,0.86
711,555,1.00
712,555,1.00
713,555,1.00
714,555,1.00
715,555,1.00
716,555,0.86
717,555,0.58
718,555,0.30
708,556,0.30
709,556,0.55
710,556,0.81
711,556,1.00
712,556,1.00
713,556,1.00
714,556,1.00
715,556,1.00
716,556,0.81
717,556,0.55
718,556,0.30
708,557,0.30
709,557,0.45
710,557,0.69
711,557,0.91
712,557,1.00
713,557,1.00
714,557,1.00
715,557,0.91
716,557,0.69
717,557,0.45
718,557,0.30
708,558,0.30
709,558,0.30
710,558,0.51
711,558,0.69
712,558,0.81
713,558,0.86
714,558,0.81
715,558,0.69
716,558,0.51
717,558,0.30
718,558,0.30
708,559,0.30
709,559,0.30
710,559,0.30
711,559,0.45
712,559,0.55
713,559,0.58
714,559,0.55
715,559,0.45
716,559,0.30
717,559,0.30
718,559,0.30
708,560,0.30
709,560,0.30
710,560,0.30
711,560,0.30
712,560,0.30
713,560,0.30
714,560,0.30
715,560,0.30
716,560,0.30
717,560,0.30
718,560,0.30
695,559,0.30
696,559,0.30
697,559,0.30
698,559,0.30
699,559,0.30
700,559,0.30
701,559,0.30
702,559,0.30
703,559,0.30
704,559,0.30
705,559,0.30
695,560,0.30
696,560,0.30
697,560,0.30
698,560,0.45
699,560,0.55
700,560,0.58
701,560,0.55
702,560,0.45
703,560,0.30
704,560,0.30
705,560,0.30
695,561,0.30
696,561,0.30
697,561,0.51
698,561,0.69
699,561,0.81
700,561,0.86
701,561,0.81
702,561,0.69
703,561,0.51
704,561,0.30
705,561,0.30
695,562,0.30
696,562,0.45
697,562,0.69
698,562,0.91
699,562,1.00
700,562,1.00
701,562,1.00
702,562,0.91
703,562,0.69
704,562,0.45
705,562,0.30
695,563,0.30
696,563,0.55
697,563,0.81
698,563,1.00
699,563,1.00
700,563,1.00
701,563,1.00
702,563,1.00
703,563,0.81
704,563,0.55
705,563,0.30
702,564,1.00
703,564,0.86
704,564,0.58
705,564,0.30
702,565,1.00
703,565,0.81
704,565,0.55
705,565,0.30
682,568,0.30
683,568,0.30
684,568,0.30
685,568,0.30
686,568,0.30
687,568,0.30
688,568,0.30
689,568,0.30
690,568,0.30
682,569,0.30
683,569,0.30
684,569,0.30
685,569,0.45
686,569,0.55
687,569,0.58
688,569,0.55
689,569,0.45
690,569,0.30
682,570,0.30
683,570,0.30
684,570,0.51
685,570,0.69
686,570,0.81
687,570,0.86
688,570,0.81
689,570,0.69
690,570,0.51
682,571,0.30
683,571,0.45
684,571,0.69
685,571,0.91
686,571,1.00
687,571,1.00
688,571,1.00
689,571,0.91
690,571,0.69
682,572,0.30
683,572,0.55
684,572,0.81
685,572,1.00
686,572,1.00
687,572,1.00
688,572,1.00
689,572,1.00
690,572,0.81
682,573,0.60
683,573,0.88
684,573,1.00
685,573,1.00
686,573,1.00
682,574,0.60
683,574,0.85
682,575,0.81
683,575,0.75
682,576,0.99
683,576,0.75
682,577,1.00
683,577,1.00
682,578,1.00
683,578,1.00
674,573,0.30
675,573,0.30
676,573,0.30
677,573,0.30
678,573,0.30
679,573,0.30
680,573,0.30
681,573,0.30
674,574,0.30
675,574,0.30
676,574,0.30
677,574,0.45
678,574,0.55
679,574,0.58
680,574,0.55
681,574,0.45
674,575,0.30
675,575,0.30
676,575,0.51
677,575,0.69
678,575,0.81
679,575,0.86
680,575,0.81
681,575,0.69
674,576,0.30
675,576,0.45
676,576,0.69
677,576,0.91
678,576,1.00
679,576,1.00
680,576,1.00
681,576,0.91
674,577,0.30
675,577,0.55
676,577,1.00
677,577,1.00
678,577,1.00
679,577,1.00
680,577,1.00
681,577,1.00
674,578,0.30
675,578,0.58
676,578,1.00
677,578,1.00
678,578,1.00
679,578,1.00
680,578,1.00
681,578,1.00
674,579,0.30
675,579,0.55
676,579,1.00
677,579,1.00
678,579,1.00
679,579,1.00
680,579,1.00
681,579,1.00
682,579,1.00
683,579,1.00
674,580,0.30
675,580,0.45
676,580,0.99
677,580,1.00
678,580,1.00
679,580,1.00
680,580,1.00
681,580,1.00
682,580,1.00
683,580,1.00
674,581,0.60
675,581,0.60
676,581,1.00
677,581,1.00
678,581,1.00
679,581,1.00
680,581,1.00
681,581,1.00
682,581,1.00
683,581,1.00
674,582,0.90
675,582,0.90
676,582,1.00
677,582,1.00
678,582,1.00
679,582,1.00
680,582,1.00
681,582,1.00
682,582,1.00
683,582,1.00
674,583,1.00
675,583,1.00
676,583,1.00
677,583,1.00
678,583,1.00
679,583,1.00
680,583,1.00
681,583,1.00
682,583,1.00
683,583,1.00
663,577,0.30
664,577,0.30
665,577,0.30
666,577,0.30
667,577,0.30
668,577,0.30
669,577,0.30
670,577,0.30
671,577,0.30
672,577,0.30
673,577,0.30
663,578,0.30
664,578,0.30
665,578,0.30
666,578,0.45
667,578,0.55
668,578,0.58
669,578,0.55
670,578,0.45
671,578,0.30
672,578,0.30
673,578,0.30
663,579,0.30
664,579,0.30
665,579,0.51
666,579,0.69
667,579,0.81
668,579,0.86
669,579,0.81
670,579,0.69
671,579,0.51
672,579,0.30
673,579,0.30
663,580,0.60
664,580,0.75
665,580,0.99
666,580,1.00
667,580,1.00
668,580,1.00
669,580,1.00
670,580,0.91
671,580,0.69
672,580,0.45
673,580,0.30
663,581,1.00
664,581,0.85
665,581,1.00
666,581,1.00
667,581,1.00
668,581,1.00
669,581,1.00
670,581,1.00
671,581,0.81
672,581,0.55
673,581,0.60
663,582,1.00
664,582,1.00
665,582,1.00
666,582,1.00
667,582,1.00
668,582,1.00
669,582,1.00
670,582,1.00
671,582,1.00
672,582,0.88
673,582,0.90
663,583,1.00
664,583,1.00
665,583,1.00
666,583,1.00
667,583,1.00
668,583,1.00
669,583,1.00
670,583,1.00
671,583,1.00
672,583,1.00
673,583,1.00
663,584,1.00
664,584,1.00
665,584,1.00
666,584,1.00
667,584,1.00
668,584,1.00
669,584,1.00
670,584,1.00
671,584,1.00
672,584,1.00
673,584,1.00
663,585,1.00
664,585,1.00
665,585,1.00
666,585,0.99
667,585,1.00
668,585,1.00
669,585,1.00
670,585,1.00
671,585,1.00
672,585,1.00
673,585,1.00
663,586,1.00
664,586,1.00
665,586,0.85
666,586,0.75
667,586,0.85
668,586,1.00
669,586,1.00
670,586,1.00
671,586,1.00
672,586,1.00
673,586,1.00
663,587,1.00
664,587,1.00
665,587,0.75
666,587,0.60
667,587,0.60
668,587,1.00
669,587,1.00
670,587,1.00
671,587,1.00
672,587,1.00
673,587,1.00
656,580,0.30
657,580,0.30
658,580,0.30
659,580,0.30
660,580,0.30
661,580,0.30
662,580,0.30
656,581,0.60
657,581,0.60
658,581,0.60
659,581,0.75
660,581,0.85
661,581,0.88
662,581,0.85
656,582,1.00
657,582,1.00
658,582,1.00
659,582,1.00
660,582,1.00
661,582,1.00
662,582,1.00
656,583,1.00
657,583,1.00
658,583,1.00
659,583,1.00
660,583,1.00
661,583,1.00
662,583,1.00
656,584,1.00
657,584,1.00
658,584,1.00
659,584,1.00
660,584,1.00
661,584,1.00
662,584,1.00
656,585,1.00
657,585,1.00
658,585,1.00
659,585,1.00
660,585,1.00
661,585,1.00
662,585,1.00
656,586,1.00
657,586,1.00
658,586,1.00
659,586,1.00
660,586,1.00
661,586,1.00
662,586,1.00
656,587,1.00
657,587,1.00
658,587,1.00
659,587,1.00
660,587,1.00
661,587,1.00
662,587,1.00
656,588,1.00
657,588,1.00
658,588,1.00
659,588,1.00
660,588,1.00
661,588,1.00
662,588,1.00
663,588,1.00
664,588,1.00
665,588,0.30
666,588,0.30
656,589,1.00
657,589,1.00
658,589,1.00
659,589,1.00
660,589,1.00
661,589,1.00
662,589,1.00
663,589,1.00
664,589,0.90
665,589,0.30
666,589,0.30
656,590,1.00
657,590,1.00
658,590,1.00
659,590,1.00
660,590,1.00
661,590,1.00
662,590,1.00
663,590,1.00
664,590,0.90
665,590,0.30
666,590,0.30
653,582,0.60
654,582,0.60
655,582,0.60
653,583,0.60
654,583,0.60
655,583,0.81
653,584,0.60
654,584,0.75
655,584,1.00
653,585,0.60
654,585,0.99
655,585,1.00
653,586,0.60
654,586,1.00
655,586,1.00
653,587,0.60
654,587,1.00
655,587,1.00
653,588,0.60
654,588,1.00
655,588,1.00
653,589,0.60
654,589,1.00
655,589,1.00
653,590,0.60
654,590,1.00
655,590,1.00
653,591,0.60
654,591,1.00
655,591,1.00
656,591,1.00
657,591,1.00
658,591,1.00
659,591,1.00
660,591,1.00
661,591,1.00
662,591,1.00
663,591,1.00
653,592,0.30
654,592,0.90
655,592,1.00
656,592,1.00
657,592,1.00
658,592,1.00
659,592,1.00
660,592,1.00
661,592,1.00
662,592,1.00
663,592,1.00
653,581,0.30
654,581,0.30
655,581,0.30
676,584,1.00
677,584,1.00
678,584,1.00
679,584,1.00
680,584,1.00
681,584,1.00
682,584,1.00
683,584,1.00
676,585,1.00
677,585,1.00
678,585,1.00
679,585,1.00
680,585,1.00
681,585,1.00
682,585,1.00
683,585,1.00
684,585,1.00
685,585,1.00
686,585,0.85
676,586,1.00
677,586,1.00
678,586,1.00
679,586,1.00
680,586,1.00
681,586,1.00
682,586,1.00
683,586,1.00
684,586,1.00
685,586,0.99
686,586,0.75
676,587,1.00
677,587,1.00
678,587,1.00
679,587,1.00
680,587,1.00
681,587,1.00
682,587,1.00
683,587,1.00
684,587,0.99
685,587,0.81
686,587,0.60
700,577,0.30
701,577,0.75
702,577,1.00
703,577,1.00
704,577,1.00
705,577,1.00
706,577,1.00
707,577,1.00
700,578,0.30
701,578,0.85
702,578,1.00
703,578,1.00
704,578,1.00
705,578,1.00
706,578,1.00
707,578,1.00
700,579,0.30
701,579,0.88
702,579,1.00
703,579,1.00
704,579,1.00
705,579,1.00
706,579,1.00
707,579,1.00
700,580,0.30
701,580,0.85
702,580,1.00
703,580,1.00
704,580,1.00
705,580,1.00
706,580,1.00
707,580,1.00
700,581,0.30
701,581,0.75
702,581,1.00
703,581,1.00
704,581,1.00
705,581,1.00
706,581,1.00
707,581,1.00
700,582,0.30
701,582,0.60
702,582,0.81
703,582,1.00
704,582,1.00
705,582,1.00
706,582,1.00
707,582,1.00
700,583,0.30
701,583,0.60
702,583,0.60
703,583,0.75
704,583,0.99
705,583,1.00
706,583,1.00
707,583,0.99
700,584,0.30
701,584,0.60
702,584,0.60
703,584,0.60
704,584,0.60
705,584,0.60
706,584,0.60
707,584,0.60
674,584,1.00
675,584,1.00
674,585,1.00
675,585,1.00
674,586,1.00
675,586,1.00
674,587,1.00
675,587,1.00
668,588,0.85
669,588,1.00
670,588,1.00
671,588,1.00
672,588,1.00
673,588,1.00
674,588,1.00
675,588,1.00
676,588,1.00
677,588,1.00
678,588,1.00
668,589,0.88
669,589,1.00
670,589,1.00
671,589,1.00
672,589,1.00
673,589,1.00
674,589,1.00
675,589,1.00
676,589,1.00
677,589,1.00
678,589,1.00
668,590,0.85
669,590,1.00
670,590,1.00
671,590,1.00
672,590,1.00
673,590,1.00
674,590,1.00
675,590,1.00
676,590,1.00
677,590,1.00
678,590,1.00
668,591,0.75
669,591,0.99
670,591,1.00
671,591,1.00
672,591,1.00
673,591,1.00
674,591,1.00
675,591,1.00
676,591,1.00
677,591,1.00
678,591,0.90
668,592,0.60
669,592,0.81
670,592,0.99
671,592,1.00
672,592,1.00
673,592,1.00
674,592,0.99
675,592,0.81
676,592,0.60
677,592,0.90
678,592,0.75
664,591,0.60
664,592,0.60
654,593,0.90
655,593,1.00
656,593,1.00
657,593,1.00
658,593,1.00
659,593,1.00
660,593,1.00
661,593,1.00
662,593,1.00
663,593,0.90
664,593,0.60
654,594,1.00
655,594,1.00
656,594,1.00
657,594,1.00
658,594,1.00
659,594,1.00
660,594,1.00
661,594,1.00
662,594,1.00
663,594,0.60
664,594,0.60
654,595,1.00
655,595,1.00
656,595,1.00
657,595,1.00
658,595,1.00
659,595,1.00
660,595,1.00
661,595,1.00
662,595,0.60
663,595,0.60
664,595,0.60
654,596,1.00
655,596,1.00
656,596,1.00
657,596,1.00
658,596,1.00
659,596,1.00
660,596,1.00
661,596,0.90
662,596,0.60
663,596,0.60
664,596,0.60
679,588,1.00
680,588,1.00
681,588,1.00
682,588,1.00
683,588,0.85
679,589,1.00
680,589,1.00
681,589,1.00
682,589,0.90
683,589,0.90
679,590,0.85
680,590,0.90
681,590,0.85
682,590,0.88
683,590,0.85
679,591,0.81
680,591,0.99
681,591,1.00
682,591,1.00
683,591,1.00
687,585,0.60
687,586,0.30
687,587,0.30
684,588,0.45
685,588,0.30
686,588,0.30
687,588,0.30
684,589,0.60
685,589,0.60
686,589,0.60
687,589,0.60
667,588,0.30
667,589,0.30
667,590,0.30
667,591,0.30
667,592,0.30
667,593,0.30
668,593,0.30
669,593,0.30
670,593,0.45
671,593,0.55
672,593,0.58
673,593,0.55
674,593,0.45
675,593,0.30
676,593,0.30
677,593,0.60
667,594,0.30
668,594,0.30
669,594,0.30
670,594,0.30
671,594,0.30
672,594,0.30
673,594,0.30
674,594,0.30
675,594,0.30
676,594,0.30
677,594,0.60
632,588,0.30
633,588,0.30
634,588,0.30
635,588,0.60
636,588,0.60
637,588,0.60
638,588,0.90
639,588,0.90
640,588,0.90
641,588,0.90
642,588,0.90
632,589,0.30
633,589,0.30
634,589,0.30
635,589,0.75
636,589,0.85
637,589,0.88
638,589,0.99
639,589,0.99
640,589,0.88
641,589,0.85
642,589,0.75
632,590,0.30
633,590,0.30
634,590,0.51
635,590,0.99
636,590,1.00
637,590,1.00
638,590,1.00
639,590,1.00
640,590,1.00
641,590,1.00
642,590,0.99
632,591,0.30
633,591,0.45
634,591,0.69
635,591,1.00
636,591,1.00
637,591,1.00
638,591,1.00
639,591,1.00
640,591,1.00
641,591,1.00
642,591,1.00
632,592,0.30
633,592,0.55
634,592,0.81
635,592,1.00
636,592,1.00
637,592,1.00
638,592,1.00
639,592,1.00
640,592,1.00
641,592,1.00
642,592,1.00
632,593,0.30
633,593,0.58
634,593,0.86
635,593,1.00
636,593,1.00
637,593,1.00
638,593,1.00
639,593,1.00
640,593,1.00
641,593,1.00
642,593,1.00
632,594,0.30
633,594,0.55
634,594,0.81
635,594,1.00
636,594,1.00
637,594,1.00
638,594,1.00
639,594,1.00
640,594,1.00
641,594,1.00
642,594,1.00
632,595,0.30
633,595,0.45
634,595,0.69
635,595,1.00
636,595,1.00
637,595,1.00
638,595,1.00
639,595,1.00
640,595,1.00
641,595,1.00
642,595,1.00
632,596,0.30
633,596,0.30
634,596,0.51
635,596,0.99
636,596,1.00
637,596,1.00
638,596,1.00
639,596,1.00
640,596,1.00
641,596,1.00
642,596,1.00
632,597,0.30
633,597,0.30
634,597,0.30
635,597,0.75
636,597,0.85
637,597,0.88
638,597,0.99
639,597,1.00
640,597,1.00
641,597,1.00
642,597,1.00
632,598,0.30
633,598,0.30
634,598,0.30
635,598,0.60
636,598,0.60
637,598,0.60
638,598,0.60
639,598,1.00
640,598,1.00
641,598,1.00
642,598,1.00
643,588,0.60
644,588,0.60
645,588,0.60
643,589,0.30
644,589,0.30
645,589,0.30
643,590,0.51
644,590,0.30
645,590,0.30
643,591,0.69
644,591,0.45
645,591,0.30
643,592,0.81
644,592,0.55
645,592,0.30
643,593,0.86
644,593,0.58
645,593,0.30
643,594,0.81
644,594,0.55
645,594,0.30
643,595,0.69
644,595,0.45
645,595,0.30
643,596,0.81
644,596,0.60
645,596,0.60
643,597,1.00
644,597,1.00
645,597,1.00
643,598,1.00
644,598,1.00
645,598,1.00
694,596,1.00
695,596,0.85
694,597,1.00
695,597,0.88
694,598,1.00
695,598,0.85
694,599,0.99
695,599,0.90
713,592,0.30
714,592,0.30
715,592,0.30
716,592,0.30
717,592,0.30
718,592,0.30
719,592,0.30
713,593,0.55
714,593,0.58
715,593,0.55
716,593,0.45
717,593,0.30
718,593,0.30
719,593,0.30
713,594,0.81
714,594,0.86
715,594,0.81
716,594,0.69
717,594,0.51
718,594,0.30
719,594,0.30
713,595,1.00
714,595,1.00
715,595,1.00
716,595,0.91
717,595,0.69
718,595,0.45
719,595,0.30
713,596,1.00
714,596,1.00
715,596,1.00
716,596,1.00
717,596,0.81
718,596,0.55
719,596,0.30
713,597,1.00
714,597,1.00
715,597,1.00
716,597,1.00
717,597,0.86
718,597,0.58
719,597,0.30
713,598,1.00
714,598,1.00
715,598,1.00
716,598,1.00
717,598,0.81
718,598,0.55
719,598,0.30
713,599,1.00
714,599,1.00
715,599,1.00
716,599,0.91
717,599,0.69
718,599,0.45
719,599,0.30
713,600,0.81
714,600,0.86
715,600,0.81
716,600,0.69
717,600,0.51
718,600,0.30
719,600,0.30
709,601,0.30
710,601,0.30
711,601,0.30
712,601,0.45
713,601,0.55
714,601,0.58
715,601,0.55
716,601,0.45
717,601,0.30
718,601,0.30
719,601,0.30
709,602,0.30
710,602,0.30
711,602,0.30
712,602,0.30
713,602,0.30
714,602,0.30
715,602,0.30
716,602,0.30
717,602,0.30
718,602,0.30
719,602,0.30
728,583,0.85
729,583,1.00
730,583,1.00
731,583,1.00
728,584,1.00
729,584,1.00
730,584,1.00
731,584,1.00
721,585,1.00
722,585,1.00
723,585,1.00
724,585,0.99
725,585,0.81
726,585,0.86
727,585,1.00
728,585,1.00
729,585,1.00
730,585,1.00
731,585,1.00
721,586,1.00
722,586,1.00
723,586,1.00
724,586,1.00
725,586,1.00
726,586,1.00
727,586,1.00
728,586,1.00
729,586,1.00
730,586,1.00
731,586,1.00
721,587,1.00
722,587,1.00
723,587,1.00
724,587,1.00
725,587,1.00
726,587,1.00
727,587,1.00
728,587,1.00
729,587,1.00
730,587,1.00
731,587,1.00
721,588,1.00
722,588,1.00
723,588,1.00
724,588,1.00
725,588,1.00
726,588,1.00
727,588,1.00
728,588,1.00
729,588,1.00
730,588,1.00
731,588,0.85
721,589,0.99
722,589,1.00
723,589,1.00
724,589,1.00
725,589,1.00
726,589,1.00
727,589,1.00
728,589,1.00
729,589,1.00
730,589,0.85
731,589,0.60
721,590,0.75
722,590,0.75
723,590,0.99
724,590,1.00
725,590,1.00
726,590,1.00
727,590,1.00
728,590,0.91
729,590,0.69
730,590,0.45
731,590,0.30
721,591,0.60
722,591,0.60
723,591,0.81
724,591,0.99
725,591,0.81
726,591,0.86
727,591,0.81
728,591,0.69
729,591,0.51
730,591,0.30
731,591,0.30
721,592,0.30
722,592,0.30
723,592,0.30
724,592,0.45
725,592,0.55
726,592,0.58
727,592,0.55
728,592,0.45
729,592,0.30
730,592,0.30
731,592,0.30
721,593,0.30
722,593,0.30
723,593,0.30
724,593,0.30
725,593,0.30
726,593,0.30
727,593,0.30
728,593,0.30
729,593,0.30
730,593,0.30
731,593,0.30
730,579,0.30
731,579,0.30
732,579,0.30
733,579,0.30
734,579,0.30
735,579,0.30
736,579,0.30
737,579,0.30
730,580,0.45
731,580,0.55
732,580,0.58
733,580,0.55
734,580,0.45
735,580,0.30
736,580,0.30
737,580,0.30
730,581,0.69
731,581,0.81
732,581,0.86
733,581,0.81
734,581,0.69
735,581,0.51
736,581,0.30
737,581,0.30
729,582,0.69
730,582,0.91
731,582,1.00
732,582,1.00
733,582,1.00
734,582,0.91
735,582,0.69
736,582,0.45
737,582,0.30
732,583,1.00
733,583,1.00
734,583,1.00
735,583,0.81
736,583,0.55
737,583,0.30
732,584,1.00
733,584,1.00
734,584,1.00
735,584,0.86
736,584,0.58
737,584,0.30
732,585,1.00
733,585,1.00
734,585,1.00
735,585,0.81
736,585,0.55
737,585,0.30
732,586,1.00
733,586,1.00
734,586,0.91
735,586,0.69
736,586,0.45
737,586,0.30
732,587,0.86
733,587,0.81
734,587,0.69
735,587,0.51
736,587,0.30
737,587,0.30
732,588,0.58
733,588,0.55
734,588,0.45
735,588,0.30
736,588,0.30
737,588,0.30
732,589,0.30
733,589,0.30
734,589,0.30
735,589,0.30
736,589,0.30
737,589,0.30
719,585,1.00
720,585,1.00
719,586,1.00
720,586,1.00
719,587,1.00
720,587,1.00
719,588,1.00
720,588,1.00
719,589,0.86
720,589,0.81
719,590,0.58
720,590,0.55
719,591,0.30
720,591,0.30
686,592,0.75
687,592,0.60
688,592,0.30
689,592,0.30
690,592,0.30
691,592,0.30
692,592,0.30
693,592,0.30
694,592,0.30
695,592,0.30
696,592,0.30
686,593,0.85
687,593,0.60
688,593,0.30
689,593,0.45
690,593,0.55
691,593,0.58
692,593,0.55
693,593,0.45
694,593,0.30
695,593,0.30
696,593,0.30
686,594,0.88
687,594,0.60
688,594,0.51
689,594,0.69
690,594,0.81
691,594,0.86
692,594,0.81
693,594,0.69
694,594,0.51
695,594,0.30
696,594,0.30
686,595,0.85
687,595,0.75
688,595,0.69
689,595,0.91
690,595,1.00
691,595,1.00
692,595,1.00
693,595,0.91
694,595,0.69
695,595,0.45
696,595,0.30
686,596,0.75
687,596,0.85
688,596,0.81
689,596,1.00
690,596,1.00
691,596,1.00
692,596,1.00
693,596,1.00
686,597,0.60
687,597,0.88
688,597,0.86
689,597,1.00
690,597,1.00
691,597,1.00
692,597,1.00
693,597,1.00
686,598,0.60
687,598,0.85
688,598,0.81
689,598,1.00
690,598,1.00
691,598,1.00
692,598,1.00
693,598,1.00
686,599,0.60
687,599,0.75
688,599,0.69
689,599,0.91
690,599,1.00
691,599,1.00
692,599,1.00
693,599,0.91
686,600,0.30
687,600,0.30
688,600,0.51
689,600,0.69
686,601,0.30
687,601,0.30
688,601,0.30
686,602,0.30
687,602,0.30
688,602,0.30
665,598,0.30
666,598,0.30
667,598,0.30
668,598,0.30
669,598,0.30
670,598,0.30
671,598,0.30
672,598,0.30
673,598,0.30
674,598,0.30
675,598,0.30
665,599,0.60
666,599,0.60
667,599,0.60
668,599,0.75
669,599,0.85
670,599,0.88
671,599,0.85
672,599,0.75
673,599,0.60
674,599,0.60
675,599,0.30
665,600,0.60
666,600,0.60
667,600,0.96
668,600,1.00
669,600,1.00
670,600,1.00
671,600,1.00
672,600,0.99
673,600,0.81
674,600,0.60
675,600,0.30
665,601,0.60
666,601,0.96
667,601,1.00
668,601,1.00
669,601,1.00
670,601,1.00
671,601,1.00
672,601,1.00
673,601,0.99
674,601,0.75
675,601,0.30
665,602,0.75
666,602,1.00
667,602,1.00
668,602,1.00
669,602,1.00
670,602,1.00
671,602,1.00
672,602,1.00
673,602,1.00
674,602,0.85
675,602,0.30
665,603,0.85
666,603,1.00
667,603,1.00
668,603,1.00
669,603,1.00
670,603,1.00
671,603,1.00
672,603,1.00
673,603,1.00
674,603,0.88
675,603,0.30
665,604,0.88
666,604,1.00
667,604,1.00
668,604,1.00
669,604,1.00
670,604,1.00
671,604,1.00
672,604,1.00
673,604,1.00
674,604,0.85
675,604,0.30
665,605,0.85
666,605,1.00
667,605,1.00
668,605,1.00
669,605,1.00
670,605,1.00
671,605,1.00
672,605,1.00
673,605,1.00
674,605,0.75
675,605,0.30
665,606,0.75
666,606,0.99
667,606,1.00
668,606,1.00
669,606,1.00
670,606,1.00
671,606,1.00
672,606,1.00
673,606,0.96
674,606,0.60
675,606,0.30
665,607,0.60
666,607,0.81
667,607,0.99
668,607,1.00
669,607,1.00
670,607,1.00
671,607,1.00
672,607,0.96
673,607,0.60
674,607,0.60
675,607,0.30
665,608,0.60
666,608,0.60
667,608,0.75
668,608,0.85
669,608,0.88
670,608,0.85
671,608,0.75
672,608,0.60
673,608,0.60
674,608,0.60
675,608,0.30
664,599,0.30
664,600,0.30
664,601,0.30
664,602,0.30
664,603,0.30
664,604,0.30
664,605,0.30
664,606,0.30
664,607,0.30
664,608,0.30
664,609,0.30
665,609,0.30
666,609,0.30
667,609,0.30
668,609,0.30
669,609,0.30
670,609,0.30
671,609,0.30
672,609,0.30
673,609,0.30
674,609,0.30
684,590,0.45
685,590,0.30
686,590,0.30
687,590,0.30
684,591,0.69
685,591,0.51
686,591,0.30
687,591,0.30
679,592,0.69
680,592,0.91
681,592,1.00
682,592,1.00
683,592,1.00
684,592,0.91
685,592,0.69
678,593,0.55
679,593,0.81
680,593,1.00
681,593,1.00
682,593,1.00
683,593,1.00
684,593,1.00
685,593,0.81
678,594,0.58
679,594,0.86
680,594,1.00
681,594,1.00
682,594,1.00
683,594,1.00
684,594,1.00
685,594,0.86
677,595,0.30
678,595,0.55
679,595,0.81
680,595,1.00
681,595,1.00
682,595,1.00
683,595,1.00
684,595,1.00
685,595,0.81
677,596,0.30
678,596,0.45
679,596,0.69
680,596,0.91
681,596,1.00
682,596,1.00
683,596,1.00
684,596,0.91
685,596,0.69
677,597,0.30
678,597,0.30
679,597,0.51
680,597,0.69
681,597,0.81
682,597,0.86
683,597,0.81
684,597,0.69
685,597,0.51
677,598,0.30
678,598,0.30
679,598,0.30
680,598,0.45
681,598,0.55
682,598,0.58
683,598,0.55
684,598,0.45
685,598,0.30
677,599,0.30
678,599,0.30
679,599,0.30
680,599,0.30
681,599,0.30
682,599,0.30
683,599,0.30
684,599,0.30
685,599,0.30
711,570,0.30
712,570,0.30
713,570,0.60
714,570,0.60
715,570,0.81
716,570,0.99
711,571,0.30
712,571,0.30
713,571,0.60
714,571,0.90
715,571,1.00
716,571,1.00
713,568,0.30
714,568,0.30
715,568,0.30
716,568,0.30
713,569,0.30
714,569,0.30
715,569,0.30
716,569,0.45
695,584,0.30
696,584,0.30
697,584,0.30
688,585,0.30
689,585,0.30
690,585,0.30
691,585,0.30
692,585,0.30
693,585,0.30
694,585,0.30
695,585,0.30
696,585,0.30
697,585,0.30
651,593,0.30
652,593,0.30
653,593,0.30
651,594,0.30
652,594,0.30
653,594,0.30
651,595,0.30
652,595,0.30
653,595,0.51
651,596,0.60
652,596,0.75
653,596,0.69
651,597,0.60
652,597,0.85
653,597,0.81
654,597,1.00
655,597,1.00
656,597,1.00
657,597,1.00
658,597,1.00
659,597,0.81
660,597,0.55
661,597,0.30
651,598,0.60
652,598,0.88
653,598,0.86
654,598,1.00
655,598,1.00
656,598,1.00
657,598,1.00
658,598,1.00
659,598,0.86
660,598,0.58
661,598,0.30
651,599,0.75
652,599,0.85
653,599,0.81
654,599,1.00
655,599,1.00
656,599,1.00
657,599,1.00
658,599,1.00
659,599,0.81
660,599,0.55
661,599,0.30
651,600,0.85
652,600,0.75
653,600,0.69
654,600,0.91
655,600,1.00
656,600,1.00
657,600,1.00
658,600,0.91
659,600,0.69
660,600,0.45
661,600,0.30
651,601,0.88
652,601,0.60
653,601,0.51
654,601,0.69
655,601,0.81
656,601,0.86
657,601,0.81
658,601,0.69
659,601,0.51
660,601,0.30
661,601,0.30
651,602,0.85
652,602,0.60
653,602,0.30
654,602,0.45
655,602,0.55
656,602,0.58
657,602,0.55
658,602,0.45
659,602,0.30
660,602,0.30
661,602,0.30
651,603,0.75
652,603,0.60
653,603,0.30
654,603,0.30
655,603,0.30
656,603,0.30
657,603,0.30
658,603,0.30
659,603,0.30
660,603,0.30
661,603,0.30
646,596,0.30
647,596,0.30
648,596,0.30
649,596,0.30
650,596,0.30
646,597,1.00
647,597,1.00
648,597,1.00
649,597,1.00
650,597,0.30
646,598,1.00
647,598,1.00
648,598,1.00
649,598,1.00
650,598,0.51
642,599,1.00
643,599,1.00
644,599,1.00
645,599,1.00
646,599,1.00
647,599,1.00
648,599,1.00
649,599,1.00
650,599,0.69
642,600,1.00
643,600,1.00
644,600,1.00
645,600,1.00
646,600,1.00
647,600,1.00
648,600,1.00
649,600,1.00
650,600,0.81
642,601,1.00
643,601,1.00
644,601,1.00
645,601,1.00
646,601,1.00
647,601,1.00
648,601,1.00
649,601,1.00
650,601,0.86
642,602,1.00
643,602,1.00
644,602,1.00
645,602,1.00
646,602,1.00
647,602,1.00
648,602,1.00
649,602,1.00
650,602,0.81
642,603,1.00
643,603,1.00
644,603,1.00
645,603,1.00
646,603,1.00
647,603,1.00
648,603,1.00
649,603,1.00
650,603,0.69
642,604,1.00
643,604,1.00
644,604,1.00
645,604,1.00
646,604,1.00
647,604,1.00
648,604,1.00
649,604,1.00
650,604,0.51
651,604,0.30
652,604,0.30
642,605,1.00
643,605,1.00
644,605,1.00
645,605,1.00
646,605,1.00
647,605,1.00
648,605,1.00
649,605,1.00
650,605,0.30
651,605,0.30
652,605,0.30
642,606,1.00
643,606,1.00
644,606,1.00
645,606,1.00
646,606,1.00
647,606,0.90
648,606,0.90
649,606,0.90
650,606,0.30
651,606,0.30
652,606,0.30
639,599,0.60
640,599,0.60
641,599,1.00
639,600,0.60
640,600,0.90
641,600,1.00
639,601,0.60
640,601,1.00
641,601,1.00
639,602,0.60
640,602,1.00
641,602,1.00
639,603,0.60
640,603,1.00
641,603,1.00
639,604,0.60
640,604,0.90
641,604,1.00
639,605,0.60
640,605,0.60
641,605,1.00
639,606,0.60
640,606,0.60
641,606,0.60
639,607,0.60
640,607,0.60
641,607,0.60
642,607,0.60
643,607,0.60
644,607,0.60
645,607,0.60
646,607,0.60
647,607,0.60
648,607,0.60
649,607,0.60
638,578,0.30
639,578,0.30
640,578,0.30
641,578,0.30
642,578,0.30
643,578,0.30
644,578,0.30
645,578,0.30
646,578,0.30
647,578,0.60
648,578,0.60
638,579,0.30
639,579,0.30
640,579,0.30
641,579,0.45
642,579,0.55
643,579,0.58
644,579,0.55
645,579,0.45
646,579,0.30
647,579,0.30
648,579,0.30
638,580,0.30
639,580,0.30
640,580,0.51
641,580,0.69
642,580,0.81
643,580,0.86
644,580,0.81
645,580,0.69
646,580,0.51
647,580,0.30
648,580,0.30
638,581,0.30
639,581,0.45
640,581,0.69
641,581,0.91
642,581,1.00
643,581,1.00
644,581,1.00
645,581,0.91
646,581,0.69
647,581,0.45
648,581,0.30
638,582,0.30
639,582,0.55
640,582,0.81
641,582,1.00
642,582,1.00
643,582,1.00
644,582,1.00
645,582,1.00
646,582,0.81
647,582,0.55
648,582,0.30
638,583,0.30
639,583,0.58
640,583,0.86
641,583,1.00
642,583,1.00
643,583,1.00
644,583,1.00
645,583,1.00
646,583,0.86
647,583,0.58
648,583,0.30
638,584,0.30
639,584,0.55
640,584,0.81
641,584,1.00
642,584,1.00
643,584,1.00
644,584,1.00
645,584,1.00
646,584,0.81
647,584,0.55
648,584,0.30
638,585,0.30
639,585,0.45
640,585,0.69
641,585,0.91
642,585,1.00
643,585,1.00
644,585,1.00
645,585,0.91
646,585,0.69
647,585,0.45
648,585,0.30
638,586,0.30
639,586,0.30
640,586,0.51
641,586,0.69
642,586,0.81
643,586,0.86
644,586,0.81
645,586,0.69
646,586,0.51
647,586,0.30
648,586,0.30
638,587,0.30
639,587,0.30
640,587,0.30
641,587,0.45
642,587,0.55
643,587,0.58
644,587,0.55
645,587,0.45
646,587,0.30
647,587,0.30
648,587,0.30
646,588,0.30
647,588,0.30
648,588,0.30
655,528,0.30
656,528,0.30
657,528,0.30
658,528,0.30
659,528,0.30
660,528,0.60
661,528,1.00
662,528,1.00
663,528,1.00
664,528,1.00
665,528,1.00
655,529,0.30
656,529,0.30
657,529,0.30
658,529,0.45
659,529,0.55
660,529,0.88
661,529,1.00
662,529,1.00
663,529,1.00
664,529,1.00
665,529,1.00
655,530,0.30
656,530,0.30
657,530,0.51
658,530,0.69
659,530,0.81
660,530,1.00
661,530,1.00
662,530,1.00
663,530,1.00
664,530,1.00
665,530,1.00
655,531,0.30
656,531,0.45
657,531,0.69
658,531,0.91
659,531,1.00
660,531,1.00
661,531,1.00
662,531,1.00
663,531,1.00
664,531,1.00
665,531,1.00
655,532,0.30
656,532,0.55
657,532,0.81
658,532,1.00
659,532,1.00
660,532,1.00
661,532,1.00
662,532,1.00
663,532,1.00
664,532,1.00
665,532,1.00
655,533,0.30
656,533,0.58
657,533,0.86
658,533,1.00
659,533,1.00
660,533,1.00
661,533,1.00
662,533,1.00
663,533,1.00
664,533,1.00
665,533,1.00
655,534,0.30
656,534,0.55
657,534,0.81
658,534,1.00
659,534,1.00
660,534,1.00
661,534,1.00
662,534,1.00
663,534,1.00
664,534,1.00
665,534,1.00
655,535,0.30
656,535,0.45
657,535,0.69
658,535,0.91
659,535,1.00
660,535,1.00
661,535,1.00
662,535,1.00
663,535,1.00
664,535,1.00
665,535,1.00
655,536,0.30
656,536,0.30
657,536,0.51
658,536,0.69
659,536,0.81
660,536,0.86
661,536,1.00
662,536,0.99
663,536,1.00
664,536,0.99
665,536,1.00
655,537,0.30
656,537,0.30
657,537,0.30
658,537,0.45
659,537,0.55
660,537,0.58
661,537,0.85
662,537,0.75
663,537,0.60
664,537,0.75
665,537,0.85
655,538,0.30
656,538,0.30
657,538,0.30
658,538,0.30
659,538,0.30
660,538,0.30
661,538,0.60
662,538,0.60
663,538,0.60
664,538,0.60
665,538,0.60
660,520,0.30
661,520,0.30
662,520,0.30
663,520,0.30
664,520,0.30
665,520,0.30
666,520,0.30
667,520,0.30
668,520,0.30
669,520,0.30
670,520,0.30
660,521,0.30
661,521,0.60
662,521,0.60
663,521,0.75
664,521,1.00
665,521,1.00
666,521,1.00
667,521,1.00
668,521,0.90
669,521,0.90
670,521,0.90
660,522,0.30
661,522,0.60
662,522,0.81
663,522,0.99
664,522,1.00
665,522,1.00
666,522,1.00
667,522,1.00
668,522,1.00
669,522,1.00
670,522,1.00
660,523,0.30
661,523,0.75
662,523,0.99
663,523,1.00
664,523,1.00
665,523,1.00
666,523,1.00
667,523,1.00
668,523,1.00
669,523,1.00
670,523,1.00
660,524,0.30
661,524,0.85
662,524,1.00
663,524,1.00
664,524,1.00
665,524,1.00
666,524,1.00
667,524,1.00
668,524,1.00
669,524,1.00
670,524,1.00
660,525,0.30
661,525,0.88
662,525,1.00
663,525,1.00
664,525,1.00
665,525,1.00
666,525,1.00
667,525,1.00
668,525,1.00
669,525,1.00
670,525,1.00
660,526,0.30
661,526,0.85
662,526,1.00
663,526,1.00
664,526,1.00
665,526,1.00
666,526,1.00
667,526,1.00
668,526,1.00
669,526,1.00
670,526,1.00
660,527,0.30
661,527,0.75
662,527,1.00
663,527,1.00
664,527,1.00
665,527,1.00
666,527,1.00
667,527,1.00
668,527,1.00
669,527,1.00
670,527,1.00
666,528,1.00
667,528,1.00
668,528,1.00
669,528,1.00
670,528,1.00
666,529,1.00
667,529,1.00
668,529,1.00
669,529,1.00
670,529,1.00
666,530,1.00
667,530,1.00
668,530,1.00
669,530,1.00
670,530,1.00
671,521,0.60
671,522,0.75
671,523,0.99
671,524,1.00
671,525,1.00
671,526,1.00
671,527,1.00
671,528,1.00
671,529,1.00
671,530,1.00
666,531,1.00
667,531,1.00
668,531,1.00
669,531,1.00
670,531,1.00
671,531,0.90
657,539,0.30
658,539,0.30
659,539,0.30
660,539,0.30
661,539,0.30
662,539,0.30
663,539,0.30
664,539,0.30
665,539,0.30
666,539,0.30
667,539,0.30
657,540,0.30
658,540,0.30
659,540,0.30
660,540,0.45
661,540,0.55
662,540,0.58
663,540,0.55
664,540,0.45
665,540,0.30
666,540,0.30
667,540,0.30
657,541,0.30
658,541,0.30
659,541,0.51
660,541,0.69
661,541,0.81
662,541,0.86
663,541,0.81
664,541,0.69
665,541,0.51
666,541,0.30
667,541,0.30
657,542,0.30
658,542,0.45
659,542,0.69
660,542,0.91
661,542,1.00
662,542,1.00
663,542,1.00
664,542,0.91
665,542,0.69
666,542,0.45
667,542,0.30
657,543,0.30
658,543,0.55
659,543,0.81
660,543,1.00
661,543,1.00
662,543,1.00
663,543,1.00
664,543,1.00
665,543,0.81
666,543,0.55
667,543,0.30
657,544,0.30
658,544,0.58
659,544,0.86
660,544,1.00
661,544,1.00
662,544,1.00
663,544,1.00
664,544,1.00
665,544,0.86
666,544,0.58
667,544,0.30
657,545,0.30
658,545,0.55
659,545,0.81
660,545,1.00
661,545,1.00
662,545,1.00
663,545,1.00
664,545,1.00
665,545,0.81
666,545,0.55
667,545,0.30
657,546,0.30
658,546,0.45
659,546,0.69
660,546,0.91
661,546,1.00
662,546,1.00
663,546,1.00
664,546,0.91
665,546,0.69
666,546,0.45
667,546,0.30
657,547,0.30
658,547,0.30
659,547,0.51
660,547,0.69
661,547,0.81
662,547,0.86
663,547,0.81
664,547,0.69
665,547,0.51
666,547,0.30
667,547,0.30
657,548,0.30
658,548,0.30
659,548,0.30
660,548,0.45
661,548,0.55
662,548,0.58
663,548,0.55
664,548,0.45
665,548,0.30
666,548,0.30
667,548,0.30
657,549,0.30
658,549,0.30
659,549,0.30
660,549,0.30
661,549,0.30
662,549,0.30
663,549,0.30
664,549,0.30
665,549,0.30
666,549,0.30
667,549,0.30
648,566,0.60
649,566,0.60
650,566,0.60
651,566,0.60
652,566,0.60
653,566,0.60
654,566,0.60
655,566,0.60
656,566,0.60
657,566,0.60
658,566,0.30
648,567,0.60
649,567,0.60
650,567,0.75
651,567,0.99
652,567,1.00
653,567,1.00
654,567,0.99
655,567,0.75
656,567,0.60
657,567,0.60
658,567,0.30
648,568,0.90
649,568,1.00
650,568,1.00
651,568,1.00
652,568,1.00
653,568,1.00
654,568,1.00
655,568,1.00
656,568,1.00
657,568,0.90
658,568,0.30
648,569,1.00
649,569,1.00
650,569,1.00
651,569,1.00
652,569,1.00
653,569,1.00
654,569,1.00
655,569,1.00
656,569,1.00
657,569,1.00
658,569,0.30
648,570,1.00
649,570,1.00
650,570,1.00
651,570,1.00
652,570,1.00
653,570,1.00
654,570,1.00
655,570,1.00
656,570,1.00
657,570,1.00
658,570,0.30
648,571,1.00
649,571,1.00
650,571,1.00
651,571,1.00
652,571,1.00
653,571,1.00
654,571,1.00
655,571,1.00
656,571,1.00
657,571,1.00
658,571,0.30
648,572,1.00
649,572,1.00
650,572,1.00
651,572,1.00
652,572,1.00
653,572,1.00
654,572,1.00
655,572,1.00
656,572,1.00
657,572,1.00
658,572,0.30
648,573,1.00
649,573,1.00
650,573,1.00
651,573,1.00
652,573,1.00
653,573,1.00
654,573,1.00
655,573,1.00
656,573,1.00
657,573,1.00
658,573,0.30
648,574,1.00
649,574,1.00
650,574,1.00
651,574,1.00
652,574,1.00
653,574,1.00
654,574,1.00
655,574,1.00
656,574,1.00
657,574,0.90
658,574,0.30
648,575,1.00
649,575,1.00
650,575,1.00
651,575,1.00
652,575,1.00
653,575,1.00
654,575,1.00
655,575,1.00
656,575,1.00
657,575,0.90
658,575,0.30
648,576,0.90
649,576,1.00
650,576,1.00
651,576,1.00
652,576,1.00
653,576,1.00
654,576,1.00
655,576,1.00
656,576,0.90
657,576,0.90
658,576,0.30
647,568,0.60
647,569,0.60
647,570,0.60
647,571,0.60
647,572,0.60
647,573,0.60
647,574,0.60
647,575,0.60
647,576,0.60
647,577,0.30
648,577,0.30
649,577,0.30
650,577,0.45
651,577,0.55
652,577,0.58
653,577,0.55
654,577,0.45
655,577,0.30
656,577,0.30
657,577,0.30
649,578,0.30
650,578,0.30
651,578,0.30
652,578,0.30
653,578,0.30
654,578,0.30
655,578,0.30
656,578,0.30
657,578,0.30
647,566,0.30
647,567,0.30
666,532,1.00
667,532,1.00
668,532,1.00
669,532,0.81
670,532,0.55
671,532,0.30
666,533,1.00
667,533,1.00
668,533,1.00
669,533,0.86
670,533,0.58
671,533,0.30
666,534,1.00
667,534,1.00
668,534,1.00
669,534,0.81
670,534,0.55
671,534,0.30
666,535,1.00
667,535,1.00
668,535,0.91
669,535,0.69
670,535,0.45
671,535,0.30
666,536,0.86
667,536,0.81
668,536,0.69
669,536,0.51
670,536,0.30
671,536,0.30
666,537,0.58
667,537,0.55
668,537,0.45
669,537,0.30
670,537,0.30
671,537,0.30
666,538,0.30
667,538,0.30
668,538,0.30
669,538,0.30
670,538,0.30
671,538,0.30
672,521,0.30
673,521,0.30
674,521,0.30
672,522,0.30
673,522,0.30
674,522,0.30
672,523,0.51
673,523,0.30
674,523,0.30
672,524,0.69
673,524,0.45
674,524,0.30
672,525,0.81
673,525,0.55
674,525,0.30
672,526,0.86
673,526,0.58
674,526,0.30
672,527,0.81
673,527,0.55
674,527,0.30
672,528,0.69
673,528,0.45
674,528,0.30
672,529,0.51
673,529,0.30
674,529,0.30
672,530,0.30
673,530,0.30
674,530,0.30
672,531,0.30
673,531,0.30
674,531,0.30
679,493,0.30
680,493,0.30
681,493,0.60
682,493,0.60
683,493,0.60
684,493,0.75
685,493,0.85
686,493,0.88
687,493,0.85
688,493,0.75
689,493,0.60
679,494,0.30
680,494,0.30
681,494,0.60
682,494,0.75
683,494,1.00
684,494,1.00
685,494,1.00
686,494,1.00
687,494,1.00
688,494,0.99
689,494,0.81
679,495,0.30
680,495,0.30
681,495,0.81
682,495,1.00
683,495,1.00
684,495,1.00
685,495,1.00
686,495,1.00
687,495,1.00
688,495,1.00
689,495,0.99
679,496,0.30
680,496,0.45
681,496,0.99
682,496,1.00
683,496,1.00
684,496,1.00
685,496,1.00
686,496,1.00
687,496,1.00
688,496,1.00
689,496,1.00
679,497,0.30
680,497,0.55
681,497,1.00
682,497,1.00
683,497,1.00
684,497,1.00
685,497,1.00
686,497,1.00
687,497,1.00
688,497,1.00
689,497,1.00
679,498,0.30
680,498,0.58
681,498,1.00
682,498,1.00
683,498,1.00
684,498,1.00
685,498,1.00
686,498,1.00
687,498,1.00
688,498,1.00
689,498,1.00
679,499,0.30
680,499,0.55
681,499,1.00
682,499,1.00
683,499,1.00
684,499,1.00
685,499,1.00
686,499,1.00
687,499,1.00
688,499,1.00
689,499,0.99
679,500,0.30
680,500,0.45
681,500,0.99
682,500,1.00
683,500,1.00
684,500,1.00
685,500,1.00
686,500,1.00
687,500,1.00
688,500,1.00
689,500,0.81
679,501,0.30
680,501,0.30
681,501,0.81
682,501,0.99
683,501,1.00
684,501,1.00
685,501,1.00
686,501,1.00
687,501,1.00
688,501,0.75
689,501,0.60
679,502,0.30
680,502,0.30
681,502,0.60
682,502,0.75
683,502,0.85
684,502,0.88
685,502,0.85
686,502,0.75
687,502,0.60
688,502,0.60
689,502,0.60
679,503,0.30
680,503,0.30
681,503,0.30
682,503,0.30
683,503,0.30
684,503,0.30
685,503,0.30
686,503,0.30
687,503,0.30
688,503,0.30
689,503,0.30
681,492,0.30
682,492,0.30
683,492,0.30
684,492,0.30
685,492,0.30
686,492,0.30
687,492,0.30
688,492,0.30
689,492,0.30
690,492,0.30
691,492,0.30
690,493,0.30
691,493,0.30
690,494,0.30
691,494,0.30
690,495,0.45
691,495,0.30
690,496,0.55
691,496,0.30
690,497,0.58
691,497,0.30
690,498,0.55
691,498,0.30
690,499,0.45
691,499,0.30
690,500,0.30
691,500,0.30
690,501,0.30
691,501,0.30
690,502,0.30
691,502,0.30

666,476,0.30
667,476,0.30
668,476,0.30
669,476,0.30
670,476,0.30
671,476,0.30
672,476,0.30
673,476,0.30
674,476,0.30
675,476,0.30
676,476,0.30
666,477,0.60
667,477,0.60
668,477,0.60
669,477,0.75
670,477,0.85
671,477,0.88
672,477,0.85
673,477,0.75
674,477,0.60
675,477,0.60
676,477,0.60
666,478,0.60
667,478,0.60
668,478,0.81
669,478,1.00
670,478,1.00
671,478,1.00
672,478,1.00
673,478,1.00
674,478,0.81
675,478,0.60
676,478,0.60
666,479,0.60
667,479,0.75
668,479,1.00
669,479,1.00
670,479,1.00
671,479,1.00
672,479,1.00
673,479,1.00
674,479,1.00
675,479,0.75
676,479,0.60
666,480,0.60
667,480,0.99
668,480,1.00
669,480,1.00
670,480,1.00
671,480,1.00
672,480,1.00
673,480,1.00
674,480,1.00
675,480,0.99
676,480,0.60
666,481,0.60
667,481,1.00
668,481,1.00
669,481,1.00
670,481,1.00
671,481,1.00
672,481,1.00
673,481,1.00
674,481,1.00
675,481,1.00
676,481,0.60
666,482,0.60
667,482,1.00
668,482,1.00
669,482,1.00
670,482,1.00
671,482,1.00
672,482,1.00
673,482,1.00
674,482,1.00
675,482,1.00
676,482,0.60
666,483,0.60
667,483,0.99
668,483,1.00
669,483,1.00
670,483,1.00
671,483,1.00
672,483,1.00
673,483,1.00
674,483,1.00
675,483,0.99
676,483,0.60
666,484,0.60
667,484,0.75
668,484,1.00
669,484,1.00
670,484,1.00
671,484,1.00
672,484,1.00
673,484,1.00
674,484,1.00
675,484,0.75
676,484,0.60
666,485,0.60
667,485,0.60
668,485,0.81
669,485,1.00
670,485,1.00
671,485,1.00
672,485,1.00
673,485,1.00
674,485,0.81
675,485,0.60
676,485,0.60
666,486,0.60
667,486,0.60
668,486,0.60
669,486,0.75
670,486,0.85
671,486,0.88
672,486,0.85
673,486,0.75
674,486,0.60
675,486,0.60
676,486,0.60
666,487,0.30
667,487,0.30
668,487,0.30
669,487,0.30
670,487,0.30
671,487,0.30
672,487,0.30
673,487,0.30
674,487,0.30
675,487,0.30
676,487,0.30
654,493,0.30
655,493,0.30
656,493,0.30
657,493,0.30
658,493,0.30
659,493,0.30
660,493,0.30
661,493,0.30
662,493,0.30
663,493,0.30
664,493,0.30
654,494,0.30
655,494,0.30
656,494,0.30
657,494,0.45
658,494,0.55
659,494,0.58
660,494,0.55
661,494,0.45
662,494,0.30
663,494,0.30
664,494,0.30
654,495,0.30
655,495,0.30
656,495,0.51
657,495,0.69
658,495,0.81
659,495,0.86
660,495,0.81
661,495,0.69
662,495,0.51
663,495,0.30
664,495,0.30
654,496,0.30
655,496,0.45
656,496,0.69
657,496,0.91
658,496,1.00
659,496,1.00
660,496,1.00
661,496,0.91
662,496,0.69
663,496,0.45
664,496,0.30
654,497,0.30
655,497,0.55
656,497,0.81
657,497,1.00
658,497,1.00
659,497,1.00
660,497,1.00
661,497,1.00
662,497,0.81
663,497,0.55
664,497,0.30
654,498,0.30
655,498,0.58
656,498,0.86
657,498,1.00
658,498,1.00
659,498,1.00
660,498,1.00
661,498,1.00
662,498,0.86
663,498,0.58
664,498,0.30
654,499,0.30
655,499,0.55
656,499,0.81
657,499,1.00
658,499,1.00
659,499,1.00
660,499,1.00
661,499,1.00
662,499,0.81
663,499,0.55
664,499,0.30
654,500,0.30
655,500,0.45
656,500,0.69
657,500,0.91
658,500,1.00
659,500,1.00
660,500,1.00
661,500,0.91
662,500,0.69
663,500,0.45
664,500,0.30
654,501,0.30
655,501,0.30
656,501,0.51
657,501,0.69
658,501,0.81
659,501,0.86
660,501,0.81
661,501,0.69
662,501,0.51
663,501,0.30
664,501,0.30
654,502,0.30
655,502,0.30
656,502,0.30
657,502,0.45
658,502,0.55
659,502,0.58
660,502,0.55
661,502,0.45
662,502,0.30
663,502,0.30
664,502,0.30
654,503,0.30
655,503,0.30
656,503,0.30
657,503,0.30
658,503,0.30
659,503,0.30
660,503,0.30
661,503,0.30
662,503,0.30
663,503,0.30
664,503,0.30
642,505,1.00
643,505,1.00
644,505,1.00
645,505,1.00
646,505,1.00
647,505,1.00
648,505,0.85
649,505,0.60
650,505,0.30
651,505,0.30
652,505,0.30
642,506,1.00
643,506,1.00
644,506,1.00
645,506,1.00
646,506,1.00
647,506,1.00
648,506,1.00
649,506,0.75
650,506,0.30
651,506,0.30
652,506,0.30
642,507,1.00
643,507,1.00
644,507,1.00
645,507,1.00
646,507,1.00
647,507,1.00
648,507,1.00
649,507,0.99
650,507,0.51
651,507,0.30
652,507,0.30
642,508,1.00
643,508,1.00
644,508,1.00
645,508,1.00
646,508,1.00
647,508,1.00
648,508,1.00
649,508,1.00
650,508,0.69
651,508,0.45
652,508,0.30
642,509,1.00
643,509,1.00
644,509,1.00
645,509,1.00
646,509,1.00
647,509,1.00
648,509,1.00
649,509,1.00
650,509,0.81
651,509,0.55
652,509,0.30
642,510,1.00
643,510,1.00
644,510,1.00
645,510,1.00
646,510,1.00
647,510,1.00
648,510,1.00
649,510,1.00
650,510,0.86
651,510,0.58
652,510,0.30
642,511,1.00
643,511,1.00
644,511,1.00
645,511,1.00
646,511,1.00
647,511,1.00
648,511,1.00
649,511,1.00
650,511,0.81
651,511,0.55
652,511,0.30
642,512,1.00
643,512,1.00
644,512,1.00
645,512,1.00
646,512,1.00
647,512,1.00
648,512,1.00
649,512,1.00
650,512,0.69
651,512,0.45
652,512,0.30
642,513,1.00
643,513,1.00
644,513,1.00
645,513,1.00
646,513,1.00
647,513,1.00
648,513,1.00
649,513,0.99
650,513,0.51
651,513,0.30
652,513,0.30
642,514,1.00
643,514,1.00
644,514,1.00
645,514,1.00
646,514,1.00
647,514,1.00
648,514,1.00
649,514,0.75
650,514,0.30
651,514,0.30
652,514,0.30
642,515,1.00
643,515,1.00
644,515,1.00
645,515,1.00
646,515,1.00
647,515,1.00
648,515,0.85
649,515,0.60
650,515,0.30
651,515,0.30
652,515,0.30
639,509,1.00
640,509,1.00
641,509,1.00
639,510,1.00
640,510,1.00
641,510,0.90
639,511,0.90
640,511,0.90
641,511,0.81
639,512,0.60
640,512,0.75
641,512,0.69
639,513,0.30
640,513,0.55
641,513,0.81
639,514,0.30
640,514,0.58
641,514,0.86
639,515,0.30
640,515,0.55
641,515,0.81
639,516,0.30
640,516,0.45
641,516,0.69
642,516,0.91
643,516,1.00
644,516,1.00
645,516,1.00
646,516,0.91
647,516,0.69
648,516,0.45
649,516,0.30
639,517,0.30
640,517,0.30
641,517,0.51
642,517,0.69
643,517,0.81
644,517,0.86
645,517,0.81
646,517,0.69
647,517,0.51
648,517,0.30
649,517,0.30
639,518,0.30
640,518,0.30
641,518,0.30
642,518,0.45
643,518,0.55
644,518,0.58
645,518,0.55
646,518,0.45
647,518,0.30
648,518,0.30
649,518,0.30
639,519,0.30
640,519,0.30
641,519,0.30
642,519,0.30
643,519,0.30
644,519,0.30
645,519,0.30
646,519,0.30
647,519,0.30
648,519,0.30
649,519,0.30
622,523,0.60
623,523,0.60
624,523,0.60
625,523,0.60
626,523,0.30
627,523,0.30
628,523,0.30
629,523,0.30
630,523,0.30
631,523,0.30
632,523,0.30
622,524,1.00
623,524,0.90
624,524,0.90
625,524,1.00
626,524,0.85
627,524,0.88
628,524,0.85
629,524,0.45
630,524,0.30
631,524,0.30
632,524,0.30
622,525,1.00
623,525,1.00
624,525,1.00
625,525,1.00
626,525,1.00
627,525,1.00
628,525,1.00
629,525,0.69
630,525,0.51
631,525,0.30
632,525,0.30
622,526,1.00
623,526,1.00
624,526,1.00
625,526,1.00
626,526,1.00
627,526,1.00
628,526,1.00
629,526,0.91
630,526,0.69
631,526,0.45
632,526,0.30
622,527,1.00
623,527,1.00
624,527,1.00
625,527,1.00
626,527,1.00
627,527,1.00
628,527,1.00
629,527,1.00
630,527,0.81
631,527,0.55
632,527,0.30
622,528,1.00
623,528,1.00
624,528,1.00
625,528,1.00
626,528,1.00
627,528,1.00
628,528,1.00
629,528,1.00
630,528,0.86
631,528,0.58
632,528,0.30
622,529,1.00
623,529,1.00
624,529,1.00
625,529,1.00
626,529,1.00
627,529,1.00
628,529,1.00
629,529,1.00
630,529,0.81
631,529,0.55
632,529,0.30
622,530,1.00
623,530,1.00
624,530,1.00
625,530,1.00
626,530,1.00
627,530,1.00
628,530,1.00
629,530,0.91
630,530,0.69
631,530,0.45
632,530,0.30
622,531,1.00
623,531,1.00
624,531,1.00
625,531,1.00
626,531,1.00
627,531,1.00
628,531,1.00
629,531,0.69
630,531,0.51
631,531,0.30
632,531,0.30
622,532,1.00
623,532,1.00
624,532,1.00
625,532,1.00
626,532,1.00
627,532,0.88
628,532,0.85
629,532,0.45
630,532,0.30
631,532,0.30
632,532,0.30
622,533,1.00
623,533,1.00
624,533,1.00
625,533,1.00
626,533,0.60
627,533,0.60
628,533,0.60
629,533,0.30
630,533,0.30
631,533,0.30
632,533,0.30
611,531,0.30
612,531,0.30
613,531,0.30
614,531,0.30
615,531,0.60
616,531,0.60
617,531,0.81
618,531,1.00
619,531,1.00
620,531,1.00
621,531,1.00
611,532,0.30
612,532,0.30
613,532,0.30
614,532,0.45
615,532,0.85
616,532,0.88
617,532,0.85
618,532,1.00
619,532,1.00
620,532,1.00
621,532,1.00
611,533,0.30
612,533,0.30
613,533,0.51
614,533,0.69
615,533,1.00
616,533,1.00
617,533,1.00
618,533,1.00
619,533,1.00
620,533,0.90
621,533,1.00
611,534,0.60
612,534,0.75
613,534,0.99
614,534,1.00
615,534,1.00
616,534,1.00
617,534,1.00
618,534,1.00
619,534,0.99
620,534,0.75
621,534,0.60
611,535,0.85
612,535,1.00
613,535,1.00
614,535,1.00
615,535,1.00
616,535,1.00
617,535,1.00
618,535,1.00
619,535,0.81
620,535,0.55
621,535,0.30
611,536,1.00
612,536,1.00
613,536,1.00
614,536,1.00
615,536,1.00
616,536,1.00
617,536,1.00
618,536,1.00
619,536,0.86
620,536,0.58
621,536,0.30
611,537,1.00
612,537,1.00
613,537,1.00
614,537,1.00
615,537,1.00
616,537,1.00
617,537,1.00
618,537,1.00
619,537,0.81
620,537,0.55
621,537,0.30
611,538,1.00
612,538,1.00
613,538,1.00
614,538,1.00
615,538,1.00
616,538,1.00
617,538,1.00
618,538,0.91
619,538,0.69
620,538,0.45
621,538,0.30
611,539,1.00
612,539,1.00
613,539,1.00
614,539,1.00
615,539,1.00
616,539,1.00
617,539,1.00
618,539,0.69
619,539,0.51
620,539,0.30
621,539,0.30
611,540,1.00
612,540,1.00
613,540,1.00
614,540,1.00
615,540,1.00
616,540,1.00
617,540,0.85
618,540,0.45
619,540,0.30
620,540,0.30
621,540,0.30
611,541,1.00
612,541,1.00
613,541,1.00
614,541,1.00
615,541,0.99
616,541,0.75
617,541,0.60
618,541,0.30
619,541,0.60
620,541,0.60
621,541,0.60
607,534,0.30
608,534,0.30
609,534,0.30
610,534,0.30
607,535,0.30
608,535,0.30
609,535,0.30
610,535,0.45
607,536,0.30
608,536,0.30
609,536,0.51
610,536,0.69
607,537,0.30
608,537,0.45
609,537,0.69
610,537,0.91
607,538,0.30
608,538,0.55
609,538,0.81
610,538,1.00
607,539,0.30
608,539,0.58
609,539,0.86
610,539,1.00
607,540,0.30
608,540,0.55
609,540,0.81
610,540,1.00
607,541,0.30
608,541,0.45
609,541,0.69
610,541,0.91
607,542,0.30
608,542,0.30
609,542,0.51
610,542,0.69
611,542,0.81
612,542,0.86
613,542,0.81
614,542,0.69
615,542,0.51
616,542,0.30
617,542,0.30
607,543,0.30
608,543,0.30
609,543,0.30
610,543,0.45
611,543,0.55
612,543,0.58
613,543,0.55
614,543,0.45
615,543,0.30
616,543,0.30
617,543,0.30
607,544,0.30
608,544,0.30
609,544,0.30
610,544,0.30
611,544,0.30
612,544,0.30
613,544,0.30
614,544,0.30
615,544,0.30
616,544,0.30
617,544,0.30
628,450,0.60
629,450,0.30
630,450,0.30
631,450,0.30
632,450,0.30
633,450,0.30
634,450,0.30
635,450,0.30
636,450,0.30
637,450,0.30
638,450,0.30
628,451,0.60
629,451,0.30
630,451,0.30
631,451,0.45
632,451,0.55
633,451,0.58
634,451,0.55
635,451,0.45
636,451,0.30
637,451,0.30
638,451,0.30
628,452,0.60
629,452,0.30
630,452,0.51
631,452,0.69
632,452,0.81
633,452,0.86
634,452,0.81
635,452,0.69
636,452,0.51
637,452,0.30
638,452,0.30
628,453,0.60
629,453,0.45
630,453,0.69
631,453,0.91
632,453,1.00
633,453,1.00
634,453,1.00
635,453,0.91
636,453,0.69
637,453,0.45
638,453,0.30
628,454,0.60
629,454,0.55
630,454,0.81
631,454,1.00
632,454,1.00
633,454,1.00
634,454,1.00
635,454,1.00
636,454,0.81
637,454,0.55
638,454,0.30
628,455,0.60
629,455,0.58
630,455,0.86
631,455,1.00
632,455,1.00
633,455,1.00
634,455,1.00
635,455,1.00
636,455,0.86
637,455,0.58
638,455,0.30
628,456,0.60
629,456,0.55
630,456,0.81
631,456,1.00
632,456,1.00
633,456,1.00
634,456,1.00
635,456,1.00
636,456,0.81
637,456,0.55
638,456,0.30
628,457,0.60
629,457,0.45
630,457,0.69
631,457,0.91
632,457,1.00
633,457,1.00
634,457,1.00
635,457,0.91
636,457,0.69
637,457,0.45
638,457,0.30
628,458,0.30
629,458,0.30
630,458,0.51
631,458,0.69
632,458,0.81
633,458,0.86
634,458,0.81
635,458,0.69
636,458,0.51
637,458,0.30
638,458,0.30
628,459,0.30
629,459,0.30
630,459,0.30
631,459,0.45
632,459,0.55
633,459,0.58
634,459,0.55
635,459,0.45
636,459,0.30
637,459,0.30
638,459,0.30
628,460,0.30
629,460,0.30
630,460,0.30
631,460,0.30
632,460,0.30
633,460,0.30
634,460,0.30
635,460,0.30
636,460,0.30
637,460,0.30
638,460,0.30
648,404,0.30
649,404,0.30
650,404,0.30
651,404,0.30
652,404,0.30
653,404,0.30
654,404,0.30
655,404,0.30
656,404,0.30
657,404,0.30
658,404,0.30
648,405,0.30
649,405,0.30
650,405,0.30
651,405,0.45
652,405,0.55
653,405,0.58
654,405,0.55
655,405,0.45
656,405,0.30
657,405,0.30
658,405,0.30
648,406,0.30
649,406,0.30
650,406,0.51
651,406,0.69
652,406,0.81
653,406,0.86
654,406,0.81
655,406,0.69
656,406,0.51
657,406,0.30
658,406,0.30
648,407,0.30
649,407,0.45
650,407,0.69
651,407,0.91
652,407,1.00
653,407,1.00
654,407,1.00
655,407,0.91
656,407,0.69
657,407,0.45
658,407,0.30
648,408,0.30
649,408,0.55
650,408,0.81
651,408,1.00
652,408,1.00
653,408,1.00
654,408,1.00
655,408,1.00
656,408,0.81
657,408,0.55
658,408,0.30
648,409,0.30
649,409,0.58
650,409,0.86
651,409,1.00
652,409,1.00
653,409,1.00
654,409,1.00
655,409,1.00
656,409,0.86
657,409,0.58
658,409,0.30
648,410,0.30
649,410,0.55
650,410,0.81
651,410,1.00
652,410,1.00
653,410,1.00
654,410,1.00
655,410,1.00
656,410,0.81
657,410,0.55
658,410,0.30
648,411,0.30
649,411,0.45
650,411,0.69
651,411,0.91
652,411,1.00
653,411,1.00
654,411,1.00
655,411,0.91
656,411,0.69
657,411,0.45
658,411,0.30
648,412,0.30
649,412,0.30
650,412,0.51
651,412,0.69
652,412,0.81
653,412,0.86
654,412,0.81
655,412,0.69
656,412,0.51
657,412,0.30
658,412,0.30
648,413,0.30
649,413,0.30
650,413,0.30
651,413,0.45
652,413,0.55
653,413,0.58
654,413,0.55
655,413,0.45
656,413,0.30
657,413,0.30
658,413,0.30
648,414,0.30
649,414,0.30
650,414,0.30
651,414,0.30
652,414,0.30
653,414,0.30
654,414,0.30
655,414,0.30
656,414,0.30
657,414,0.30
658,414,0.30
645,427,1.00
646,427,1.00
647,427,1.00
648,427,0.99
649,427,0.81
650,427,0.60
651,427,0.60
652,427,0.30
653,427,0.30
654,427,0.30
655,427,0.30
645,428,0.85
646,428,0.88
647,428,0.85
648,428,0.90
649,428,0.85
650,428,0.88
651,428,0.85
652,428,0.45
653,428,0.30
654,428,0.30
655,428,0.30
645,429,0.60
646,429,0.60
647,429,0.81
648,429,0.99
649,429,1.00
650,429,1.00
651,429,1.00
652,429,0.69
653,429,0.51
654,429,0.30
655,429,0.30
645,430,0.30
646,430,0.45
647,430,0.69
648,430,0.91
649,430,1.00
650,430,1.00
651,430,1.00
652,430,0.91
653,430,0.69
654,430,0.45
655,430,0.30
645,431,0.30
646,431,0.55
647,431,0.81
648,431,1.00
649,431,1.00
650,431,1.00
651,431,1.00
652,431,1.00
653,431,0.81
654,431,0.55
655,431,0.30
645,432,0.30
646,432,0.58
647,432,0.86
648,432,1.00
649,432,1.00
650,432,1.00
651,432,1.00
652,432,1.00
653,432,0.86
654,432,0.58
655,432,0.30
645,433,0.30
646,433,0.55
647,433,0.81
648,433,1.00
649,433,1.00
650,433,1.00
651,433,1.00
652,433,1.00
653,433,0.81
654,433,0.55
655,433,0.30
645,434,0.30
646,434,0.45
647,434,0.69
648,434,0.91
649,434,1.00
650,434,1.00
651,434,1.00
652,434,0.91
653,434,0.69
654,434,0.45
655,434,0.30
645,435,0.30
646,435,0.30
647,435,0.51
648,435,0.69
649,435,0.81
650,435,0.86
651,435,0.81
652,435,0.69
653,435,0.51
654,435,0.30
655,435,0.30
645,436,0.30
646,436,0.30
647,436,0.30
648,436,0.45
649,436,0.55
650,436,0.58
651,436,0.55
652,436,0.45
653,436,0.30
654,436,0.30
655,436,0.30
645,437,0.30
646,437,0.30
647,437,0.30
648,437,0.30
649,437,0.30
650,437,0.30
651,437,0.30
652,437,0.30
653,437,0.30
654,437,0.30
655,437,0.30
630,502,0.60
631,502,0.30
632,502,0.30
633,502,0.60
634,502,0.60
635,502,0.81
636,502,0.99
637,502,1.00
638,502,1.00
639,502,1.00
640,502,1.00
630,503,0.60
631,503,0.30
632,503,0.30
633,503,0.75
634,503,0.99
635,503,1.00
636,503,1.00
637,503,1.00
638,503,1.00
639,503,1.00
640,503,1.00
630,504,0.60
631,504,0.30
632,504,0.51
633,504,0.99
634,504,1.00
635,504,1.00
636,504,1.00
637,504,1.00
638,504,1.00
639,504,1.00
640,504,1.00
630,505,0.60
631,505,0.45
632,505,0.69
633,505,1.00
634,505,1.00
635,505,1.00
636,505,1.00
637,505,1.00
638,505,1.00
639,505,1.00
640,505,1.00
630,506,0.30
631,506,0.55
632,506,0.81
633,506,1.00
634,506,1.00
635,506,1.00
636,506,1.00
637,506,1.00
638,506,1.00
639,506,1.00
640,506,1.00
630,507,0.30
631,507,0.58
632,507,0.86
633,507,1.00
634,507,1.00
635,507,1.00
636,507,1.00
637,507,1.00
638,507,1.00
639,507,1.00
640,507,1.00
630,508,0.30
631,508,0.55
632,508,0.81
633,508,1.00
634,508,1.00
635,508,1.00
636,508,1.00
637,508,1.00
638,508,1.00
639,508,1.00
640,508,1.00
630,509,0.30
631,509,0.45
632,509,0.69
633,509,1.00
634,509,1.00
635,509,1.00
636,509,1.00
637,509,1.00
638,509,1.00
630,510,0.30
631,510,0.30
632,510,0.51
633,510,0.99
634,510,1.00
635,510,1.00
636,510,1.00
637,510,0.99
638,510,0.81
630,511,0.30
631,511,0.30
632,511,0.30
633,511,0.45
634,511,0.55
635,511,0.58
636,511,0.55
637,511,0.45
638,511,0.30
630,512,0.30
631,512,0.30
632,512,0.30
633,512,0.30
634,512,0.30
635,512,0.30
636,512,0.30
637,512,0.30
638,512,0.30
622,541,0.30
623,541,0.30
624,541,0.30
625,541,0.30
626,541,0.30
627,541,0.30
628,541,0.30
629,541,0.30
619,542,0.30
620,542,0.30
621,542,0.30
622,542,0.45
623,542,0.55
624,542,0.58
625,542,0.55
626,542,0.45
627,542,0.30
628,542,0.30
629,542,0.30
619,543,0.30
620,543,0.30
621,543,0.51
622,543,0.69
623,543,0.81
624,543,0.86
625,543,0.81
626,543,0.69
627,543,0.51
628,543,0.30
629,543,0.30
619,544,0.30
620,544,0.45
621,544,0.69
622,544,0.91
623,544,1.00
624,544,1.00
625,544,1.00
626,544,0.91
627,544,0.69
628,544,0.45
629,544,0.30
619,545,0.30
620,545,0.55
621,545,0.81
622,545,1.00
623,545,1.00
624,545,1.00
625,545,1.00
626,545,1.00
627,545,0.81
628,545,0.55
629,545,0.30
619,546,0.30
620,546,0.58
621,546,0.86
622,546,1.00
623,546,1.00
624,546,1.00
625,546,1.00
626,546,1.00
627,546,0.86
628,546,0.58
629,546,0.30
619,547,0.30
620,547,0.55
621,547,0.81
622,547,1.00
623,547,1.00
624,547,1.00
625,547,1.00
626,547,1.00
627,547,0.81
628,547,0.55
629,547,0.30
619,548,0.30
620,548,0.45
621,548,0.69
622,548,0.91
623,548,1.00
624,548,1.00
625,548,1.00
626,548,0.91
627,548,0.69
628,548,0.45
629,548,0.30
619,549,0.30
620,549,0.30
621,549,0.51
622,549,0.69
623,549,0.81
624,549,0.86
625,549,0.81
626,549,0.69
627,549,0.51
628,549,0.30
629,549,0.30
619,550,0.30
620,550,0.30
621,550,0.30
622,550,0.45
623,550,0.55
624,550,0.58
625,550,0.55
626,550,0.45
627,550,0.30
628,550,0.30
629,550,0.30
619,551,0.60
620,551,0.60
621,551,0.60
622,551,0.60
623,551,0.60
624,551,0.60
625,551,0.60
626,551,0.60
627,551,0.60
628,551,0.60
629,551,0.30
618,551,0.30
618,552,0.30
619,552,0.30
620,552,0.30
621,552,0.45
622,552,0.55
623,552,0.58
624,552,0.55
625,552,0.45
626,552,0.30
627,552,0.30
628,552,0.30
618,553,0.30
619,553,0.30
620,553,0.51
621,553,0.69
622,553,0.81
623,553,0.86
624,553,0.81
625,553,0.69
626,553,0.51
627,553,0.30
628,553,0.30
618,554,0.30
619,554,0.45
620,554,0.69
621,554,0.91
622,554,1.00
623,554,1.00
624,554,1.00
625,554,0.91
626,554,0.69
627,554,0.45
628,554,0.30
618,555,0.30
619,555,0.55
620,555,0.81
621,555,1.00
622,555,1.00
623,555,1.00
624,555,1.00
625,555,1.00
626,555,0.81
627,555,0.55
628,555,0.30
618,556,0.30
619,556,0.58
620,556,0.86
621,556,1.00
622,556,1.00
623,556,1.00
624,556,1.00
625,556,1.00
626,556,0.86
627,556,0.58
628,556,0.30
618,557,0.30
619,557,0.55
620,557,0.81
621,557,1.00
622,557,1.00
623,557,1.00
624,557,1.00
625,557,1.00
626,557,0.81
627,557,0.55
628,557,0.30
618,558,0.30
619,558,0.45
620,558,0.69
621,558,0.91
622,558,1.00
623,558,1.00
624,558,1.00
625,558,0.91
626,558,0.69
627,558,0.45
628,558,0.30
618,559,0.30
619,559,0.30
620,559,0.51
621,559,0.69
622,559,0.81
623,559,0.86
624,559,0.81
625,559,0.69
626,559,0.51
627,559,0.30
628,559,0.30
618,560,0.30
619,560,0.30
620,560,0.30
621,560,0.45
622,560,0.55
623,560,0.58
624,560,0.55
625,560,0.45
626,560,0.30
627,560,0.30
628,560,0.30
618,561,0.60
619,561,0.60
620,561,0.60
621,561,0.60
622,561,0.60
623,561,0.60
624,561,0.60
625,561,0.60
626,561,0.60
627,561,0.30
628,561,0.30
617,562,0.60
618,562,0.60
619,562,0.75
620,562,0.85
621,562,0.88
622,562,0.85
623,562,0.75
624,562,0.60
625,562,0.60
626,562,0.60
627,562,0.30
617,563,0.60
618,563,0.81
619,563,0.99
620,563,1.00
621,563,1.00
622,563,1.00
623,563,1.00
624,563,0.96
625,563,0.60
626,563,0.60
627,563,0.30
617,564,0.75
618,564,0.99
619,564,1.00
620,564,1.00
621,564,1.00
622,564,1.00
623,564,1.00
624,564,1.00
625,564,0.96
626,564,0.60
627,564,0.30
617,565,0.85
618,565,1.00
619,565,1.00
620,565,1.00
621,565,1.00
622,565,1.00
623,565,1.00
624,565,1.00
625,565,1.00
626,565,0.75
627,565,0.30
617,566,0.88
618,566,1.00
619,566,1.00
620,566,1.00
621,566,1.00
622,566,1.00
623,566,1.00
624,566,1.00
625,566,1.00
626,566,0.85
627,566,0.30
617,567,0.85
618,567,1.00
619,567,1.00
620,567,1.00
621,567,1.00
622,567,1.00
623,567,1.00
624,567,1.00
625,567,1.00
626,567,0.88
627,567,0.30
617,568,0.75
618,568,1.00
619,568,1.00
620,568,1.00
621,568,1.00
622,568,1.00
623,568,1.00
624,568,1.00
625,568,1.00
626,568,0.85
627,568,0.30
617,569,0.60
618,569,0.96
619,569,1.00
620,569,1.00
621,569,1.00
622,569,1.00
623,569,1.00
624,569,1.00
625,569,0.99
626,569,0.75
627,569,0.30
617,570,0.60
618,570,0.60
619,570,0.96
620,570,1.00
621,570,1.00
622,570,1.00
623,570,1.00
624,570,0.99
625,570,0.81
626,570,0.60
627,570,0.30
617,571,0.60
618,571,0.60
619,571,0.60
620,571,0.75
621,571,0.85
622,571,0.88
623,571,0.85
624,571,0.75
625,571,0.60
626,571,0.60
627,571,0.30
617,572,0.30
618,572,0.30
619,572,0.30
620,572,0.30
621,572,0.30
622,572,0.30
623,572,0.30
624,572,0.30
625,572,0.30
626,572,0.30
627,572,0.30
616,561,0.30
617,561,0.30
616,562,0.30
616,563,0.30
616,564,0.30
616,565,0.30
616,566,0.30
616,567,0.30
616,568,0.30
616,569,0.30
616,570,0.30
616,571,0.30
639,501,0.85
640,501,0.75
641,501,0.60
642,501,0.60
643,501,0.60
644,501,0.30
645,501,0.30
646,501,0.30
647,501,0.30
648,501,0.30
649,501,0.30
641,502,0.81
642,502,0.75
643,502,0.85
644,502,0.58
645,502,0.55
646,502,0.45
647,502,0.30
648,502,0.30
649,502,0.30
641,503,1.00
642,503,1.00
643,503,1.00
644,503,0.86
645,503,0.81
646,503,0.69
647,503,0.51
648,503,0.30
649,503,0.30
641,504,1.00
642,504,1.00
643,504,1.00
644,504,1.00
645,504,1.00
646,504,0.91
647,504,0.69
648,504,0.45
649,504,0.30
641,505,1.00
641,506,1.00
641,507,1.00
641,508,1.00
643,487,0.30
644,487,0.30
645,487,0.30
646,487,0.30
647,487,0.30
648,487,0.30
649,487,0.30
650,487,0.30
651,487,0.30
652,487,0.30
653,487,0.30
643,488,0.30
644,488,0.30
645,488,0.30
646,488,0.45
647,488,0.55
648,488,0.58
649,488,0.55
650,488,0.45
651,488,0.30
652,488,0.30
653,488,0.30
643,489,0.30
644,489,0.30
645,489,0.51
646,489,0.69
647,489,0.81
648,489,0.86
649,489,0.81
650,489,0.69
651,489,0.51
652,489,0.30
653,489,0.30
643,490,0.30
644,490,0.45
645,490,0.69
646,490,0.91
647,490,1.00
648,490,1.00
649,490,1.00
650,490,0.91
651,490,0.69
652,490,0.45
653,490,0.30
643,491,0.30
644,491,0.55
645,491,0.81
646,491,1.00
647,491,1.00
648,491,1.00
649,491,1.00
650,491,1.00
651,491,0.81
652,491,0.55
653,491,0.30
643,492,0.30
644,492,0.58
645,492,0.86
646,492,1.00
647,492,1.00
648,492,1.00
649,492,1.00
650,492,1.00
651,492,0.86
652,492,0.58
653,492,0.30
643,493,0.30
644,493,0.55
645,493,0.81
646,493,1.00
647,493,1.00
648,493,1.00
649,493,1.00
650,493,1.00
651,493,0.81
652,493,0.55
653,493,0.30
643,494,0.30
644,494,0.45
645,494,0.69
646,494,0.91
647,494,1.00
648,494,1.00
649,494,1.00
650,494,0.91
651,494,0.69
652,494,0.45
653,494,0.30
643,495,0.30
644,495,0.30
645,495,0.51
646,495,0.69
647,495,0.81
648,495,0.86
649,495,0.81
650,495,0.69
651,495,0.51
652,495,0.30
653,495,0.30
643,496,0.30
644,496,0.30
645,496,0.30
646,496,0.45
647,496,0.55
648,496,0.58
649,496,0.55
650,496,0.45
651,496,0.30
652,496,0.30
653,496,0.30
643,497,0.30
644,497,0.30
645,497,0.30
646,497,0.30
647,497,0.30
648,497,0.30
649,497,0.30
650,497,0.30
651,497,0.30
652,497,0.30
653,497,0.30
633,500,0.30
634,500,0.30
635,500,0.30
636,500,0.30
637,500,0.30
638,500,0.30
639,500,0.30
640,500,0.30
641,500,0.30
642,500,0.30
643,500,0.30
633,501,0.30
634,501,0.30
635,501,0.30
636,501,0.45
637,501,0.55
638,501,0.58
618,524,0.75
619,524,0.85
620,524,0.88
621,524,0.85
618,525,0.99
619,525,1.00
620,525,1.00
621,525,1.00
618,526,1.00
619,526,1.00
620,526,1.00
621,526,1.00
618,527,1.00
619,527,1.00
620,527,1.00
621,527,1.00
618,528,1.00
619,528,1.00
620,528,1.00
621,528,1.00
618,529,1.00
619,529,1.00
620,529,1.00
621,529,1.00
618,530,1.00
619,530,1.00
620,530,1.00
621,530,1.00
622,534,0.30
623,534,0.30
624,534,0.30
625,534,0.30
626,534,0.30
627,534,0.30
628,534,0.30
615,523,1.00
616,523,0.90
617,523,0.60
618,523,0.30
619,523,0.30
620,523,0.30
621,523,0.30
615,524,1.00
616,524,0.90
617,524,0.60
615,525,0.88
616,525,0.60
617,525,0.51
615,526,0.85
616,526,0.75
617,526,0.69
615,527,0.75
616,527,0.85
617,527,0.81
615,528,0.60
616,528,0.88
617,528,0.86
615,529,0.60
616,529,0.85
617,529,0.81
615,530,0.60
616,530,0.75
617,530,0.69
614,446,0.30
615,446,0.30
616,446,0.30
617,446,0.30
618,446,0.30
619,446,0.30
620,446,0.30
621,446,0.30
622,446,0.30
623,446,0.30
624,446,0.30
614,447,0.30
615,447,0.30
616,447,0.30
617,447,0.45
618,447,0.85
619,447,0.88
620,447,0.85
621,447,0.75
622,447,0.60
623,447,0.60
624,447,0.60
614,448,0.30
615,448,0.30
616,448,0.51
617,448,0.69
618,448,1.00
619,448,1.00
620,448,1.00
621,448,1.00
622,448,1.00
623,448,0.88
624,448,0.85
614,449,0.30
615,449,0.45
616,449,0.69
617,449,0.91
618,449,1.00
619,449,1.00
620,449,1.00
621,449,1.00
622,449,1.00
623,449,1.00
624,449,1.00
614,450,0.30
615,450,0.55
616,450,0.81
617,450,1.00
618,450,1.00
619,450,1.00
620,450,1.00
621,450,1.00
622,450,1.00
623,450,1.00
624,450,1.00
614,451,0.30
615,451,0.58
616,451,0.86
617,451,1.00
618,451,1.00
619,451,1.00
620,451,1.00
621,451,1.00
622,451,1.00
623,451,1.00
624,451,1.00
614,452,0.30
615,452,0.55
616,452,0.81
617,452,1.00
618,452,1.00
619,452,1.00
620,452,1.00
621,452,1.00
622,452,1.00
623,452,1.00
624,452,1.00
614,453,0.30
615,453,0.45
616,453,0.69
617,453,0.91
618,453,1.00
619,453,1.00
620,453,1.00
621,453,1.00
622,453,1.00
623,453,1.00
624,453,1.00
614,454,0.30
615,454,0.30
616,454,0.51
617,454,0.69
618,454,1.00
619,454,1.00
620,454,1.00
621,454,1.00
622,454,1.00
623,454,1.00
624,454,1.00
614,455,0.30
615,455,0.30
616,455,0.30
617,455,0.45
618,455,0.85
619,455,0.88
620,455,1.00
621,455,1.00
622,455,1.00
623,455,1.00
624,455,1.00
614,456,0.30
615,456,0.30
616,456,0.30
617,456,0.30
618,456,0.60
619,456,0.60
620,456,0.60
621,456,0.75
622,456,0.85
623,456,0.88
624,456,0.85
625,447,0.30
626,447,0.30
627,447,0.30
628,447,0.30
625,448,0.45
626,448,0.30
627,448,0.30
628,448,0.30
625,449,0.69
626,449,0.51
627,449,0.30
628,449,0.30
625,450,0.91
626,450,0.69
627,450,0.45
625,451,1.00
626,451,0.81
627,451,0.55
625,452,1.00
626,452,0.86
627,452,0.58
625,453,1.00
626,453,0.81
627,453,0.55
625,454,0.91
626,454,0.69
627,454,0.45
625,455,0.69
626,455,0.51
627,455,0.30
625,456,0.45
626,456,0.30
627,456,0.30
618,457,0.30
619,457,0.30
620,457,0.30
621,457,0.30
622,457,0.30
623,457,0.30
624,457,0.30
625,457,0.30
626,457,0.30
627,457,0.30
615,498,0.30
616,498,0.30
617,498,0.30
618,498,0.30
619,498,0.30
620,498,0.60
621,498,0.75
622,498,0.99
623,498,1.00
624,498,1.00
625,498,1.00
615,499,0.30
616,499,0.30
617,499,0.30
618,499,0.45
619,499,0.55
620,499,0.88
621,499,1.00
622,499,1.00
623,499,1.00
624,499,1.00
625,499,1.00
615,500,0.30
616,500,0.30
617,500,0.51
618,500,0.69
619,500,0.81
620,500,1.00
621,500,1.00
622,500,1.00
623,500,1.00
624,500,1.00
625,500,1.00
615,501,0.30
616,501,0.45
617,501,0.69
618,501,0.91
619,501,1.00
620,501,1.00
621,501,1.00
622,501,1.00
623,501,1.00
624,501,1.00
625,501,1.00
615,502,0.30
616,502,0.55
617,502,0.81
618,502,1.00
619,502,1.00
620,502,1.00
621,502,1.00
622,502,1.00
623,502,1.00
624,502,1.00
625,502,1.00
615,503,0.30
616,503,0.58
617,503,0.86
618,503,1.00
619,503,1.00
620,503,1.00
621,503,1.00
622,503,1.00
623,503,1.00
624,503,1.00
625,503,1.00
615,504,0.30
616,504,0.55
617,504,0.81
618,504,1.00
619,504,1.00
620,504,1.00
621,504,1.00
622,504,1.00
623,504,1.00
624,504,1.00
625,504,0.88
615,505,0.30
616,505,0.45
617,505,0.69
618,505,0.91
619,505,1.00
620,505,1.00
621,505,1.00
622,505,1.00
623,505,0.99
624,505,0.75
625,505,0.60
615,506,0.30
616,506,0.30
617,506,0.51
618,506,0.69
619,506,0.81
620,506,0.86
621,506,0.81
622,506,0.69
623,506,0.51
624,506,0.30
625,506,0.30
615,507,0.30
616,507,0.30
617,507,0.30
618,507,0.45
619,507,0.55
620,507,0.58
621,507,0.55
622,507,0.45
623,507,0.30
624,507,0.30
625,507,0.30
615,508,0.30
616,508,0.30
617,508,0.30
618,508,0.30
619,508,0.30
620,508,0.30
621,508,0.30
622,508,0.30
623,508,0.30
624,508,0.30
625,508,0.30
606,520,0.30
607,520,0.60
608,520,0.85
609,520,1.00
610,520,1.00
611,520,1.00
612,520,1.00
613,520,1.00
614,520,1.00
615,520,1.00
616,520,0.85
606,521,0.30
607,521,0.60
608,521,0.75
609,521,1.00
610,521,1.00
611,521,1.00
612,521,1.00
613,521,1.00
614,521,1.00
615,521,0.99
616,521,0.75
606,522,0.30
607,522,0.60
608,522,0.81
609,522,1.00
610,522,1.00
611,522,1.00
612,522,1.00
613,522,1.00
614,522,1.00
615,522,0.81
616,522,0.60
606,523,0.30
607,523,0.75
608,523,0.99
609,523,1.00
610,523,1.00
611,523,1.00
612,523,1.00
613,523,1.00
614,523,1.00
606,524,0.30
607,524,0.85
608,524,1.00
609,524,1.00
610,524,1.00
611,524,1.00
612,524,1.00
613,524,1.00
614,524,1.00
606,525,0.30
607,525,0.58
608,525,0.86
609,525,1.00
610,525,1.00
611,525,1.00
612,525,1.00
613,525,1.00
614,525,0.86
606,526,0.30
607,526,0.55
608,526,0.81
609,526,1.00
610,526,1.00
611,526,1.00
612,526,1.00
613,526,1.00
614,526,0.81
606,527,0.30
607,527,0.45
608,527,0.69
609,527,0.91
610,527,1.00
611,527,1.00
612,527,1.00
613,527,0.91
614,527,0.69
606,528,0.30
607,528,0.30
608,528,0.51
609,528,0.69
610,528,0.81
611,528,0.86
612,528,0.81
613,528,0.69
614,528,0.51
606,529,0.30
607,529,0.30
608,529,0.30
609,529,0.45
610,529,0.55
611,529,0.58
612,529,0.55
613,529,0.45
614,529,0.30
606,530,0.30
607,530,0.30
608,530,0.30
609,530,0.30
610,530,0.30
611,530,0.30
612,530,0.30
613,530,0.30
614,530,0.30
607,514,0.30
608,514,0.30
609,514,0.30
610,514,0.30
611,514,0.30
612,514,0.30
613,514,0.30
614,514,0.30
615,514,0.30
616,514,0.30
617,514,0.30
607,515,0.30
608,515,0.30
609,515,0.30
610,515,0.45
611,515,0.55
612,515,0.58
613,515,0.55
614,515,0.45
615,515,0.30
616,515,0.30
617,515,0.30
607,516,0.30
608,516,0.30
609,516,0.51
610,516,0.69
611,516,0.81
612,516,0.86
613,516,0.81
614,516,0.69
615,516,0.51
616,516,0.30
617,516,0.30
607,517,0.30
608,517,0.45
609,517,0.69
610,517,0.91
611,517,1.00
612,517,1.00
613,517,1.00
614,517,0.91
615,517,0.69
616,517,0.45
617,517,0.30
607,518,0.30
608,518,0.55
609,518,0.81
610,518,1.00
611,518,1.00
612,518,1.00
613,518,1.00
614,518,1.00
615,518,0.81
616,518,0.55
617,518,0.30
607,519,0.30
608,519,0.58
609,519,0.86
610,519,1.00
611,519,1.00
612,519,1.00
613,519,1.00
614,519,1.00
615,519,0.86
616,519,0.58
617,519,0.30
617,520,0.30
617,521,0.30
617,522,0.30
620,495,0.30
621,495,0.30
622,495,0.30
623,495,0.30
624,495,0.30
625,495,0.30
626,495,0.30
627,495,0.30
628,495,0.30
629,495,0.30
630,495,0.30
620,496,0.30
621,496,0.30
622,496,0.30
623,496,0.45
624,496,0.55
625,496,0.58
626,496,0.55
627,496,0.45
628,496,0.30
629,496,0.30
630,496,0.30
620,497,0.30
621,497,0.30
622,497,0.51
623,497,0.69
624,497,0.81
625,497,0.86
626,497,0.81
627,497,0.69
628,497,0.51
629,497,0.30
630,497,0.30
626,498,1.00
627,498,0.91
628,498,0.69
629,498,0.45
630,498,0.30
626,499,1.00
627,499,1.00
628,499,0.81
629,499,0.55
630,499,0.30
626,500,1.00
627,500,1.00
628,500,0.86
629,500,0.58
630,500,0.30
626,501,1.00
627,501,1.00
628,501,0.81
629,501,0.55
630,501,0.30
626,502,1.00
627,502,0.91
628,502,0.69
629,502,0.45
626,503,0.81
627,503,0.69
628,503,0.51
629,503,0.30
626,504,0.55
627,504,0.45
628,504,0.30
629,504,0.30
626,505,0.30
627,505,0.30
628,505,0.30
629,505,0.30
636,467,0.30
637,467,0.30
638,467,0.30
639,467,0.30
640,467,0.30
641,467,0.30
642,467,0.30
643,467,0.30
644,467,0.30
645,467,0.30
646,467,0.30
636,468,0.30
637,468,0.30
638,468,0.30
639,468,0.45
640,468,0.55
641,468,0.58
642,468,0.55
643,468,0.45
644,468,0.30
645,468,0.30
646,468,0.30
636,469,0.30
637,469,0.30
638,469,0.51
639,469,0.69
640,469,0.81
641,469,0.86
642,469,0.81
643,469,0.69
644,469,0.51
645,469,0.30
646,469,0.30
636,470,0.30
637,470,0.45
638,470,0.69
639,470,0.91
640,470,1.00
641,470,1.00
642,470,1.00
643,470,0.91
644,470,0.69
645,470,0.45
646,470,0.30
636,471,0.30
637,471,0.55
638,471,0.81
639,471,1.00
640,471,1.00
641,471,1.00
642,471,1.00
643,471,1.00
644,471,0.81
645,471,0.55
646,471,0.30
636,472,0.30
637,472,0.58
638,472,0.86
639,472,1.00
640,472,1.00
641,472,1.00
642,472,1.00
643,472,1.00
644,472,0.86
645,472,0.58
646,472,0.30
636,473,0.30
637,473,0.55
638,473,0.81
639,473,1.00
640,473,1.00
641,473,1.00
642,473,1.00
643,473,1.00
644,473,0.81
645,473,0.55
646,473,0.30
636,474,0.30
637,474,0.45
638,474,0.69
639,474,0.91
640,474,1.00
641,474,1.00
642,474,1.00
643,474,0.91
644,474,0.69
645,474,0.45
646,474,0.30
636,475,0.30
637,475,0.30
638,475,0.51
639,475,0.69
640,475,0.81
641,475,0.86
642,475,0.81
643,475,0.69
644,475,0.51
645,475,0.30
646,475,0.30
636,476,0.30
637,476,0.30
638,476,0.30
639,476,0.45
640,476,0.55
641,476,0.58
642,476,0.55
643,476,0.45
644,476,0.30
645,476,0.30
646,476,0.30
636,477,0.30
637,477,0.30
638,477,0.30
639,477,0.30
640,477,0.30
641,477,0.30
642,477,0.30
643,477,0.30
644,477,0.30
645,477,0.30
646,477,0.30
645,449,0.30
646,449,0.30
647,449,0.30
648,449,0.30
649,449,0.30
650,449,0.30
651,449,0.30
652,449,0.30
653,449,0.30
654,449,0.30
655,449,0.30
645,450,0.30
646,450,0.30
647,450,0.30
648,450,0.45
649,450,0.55
650,450,0.58
651,450,0.55
652,450,0.45
653,450,0.30
654,450,0.30
655,450,0.30
645,451,0.30
646,451,0.30
647,451,0.51
648,451,0.69
649,451,0.81
650,451,0.86
651,451,0.81
652,451,0.69
653,451,0.51
654,451,0.30
655,451,0.30
645,452,0.30
646,452,0.45
647,452,0.69
648,452,0.91
649,452,1.00
650,452,1.00
651,452,1.00
652,452,0.91
653,452,0.69
654,452,0.45
655,452,0.30
645,453,0.30
646,453,0.55
647,453,0.81
648,453,1.00
649,453,1.00
650,453,1.00
651,453,1.00
652,453,1.00
653,453,0.81
654,453,0.55
655,453,0.30
645,454,0.30
646,454,0.58
647,454,0.86
648,454,1.00
649,454,1.00
650,454,1.00
651,454,1.00
652,454,1.00
653,454,0.86
654,454,0.58
655,454,0.30
645,455,0.30
646,455,0.55
647,455,0.81
648,455,1.00
649,455,1.00
650,455,1.00
651,455,1.00
652,455,1.00
653,455,0.81
654,455,0.55
655,455,0.30
645,456,0.30
646,456,0.45
647,456,0.69
648,456,0.91
649,456,1.00
650,456,1.00
651,456,1.00
652,456,0.91
653,456,0.69
654,456,0.45
655,456,0.30
645,457,0.30
646,457,0.30
647,457,0.51
648,457,0.69
649,457,0.81
650,457,0.86
651,457,0.81
652,457,0.69
653,457,0.51
654,457,0.30
655,457,0.30
645,458,0.30
646,458,0.30
647,458,0.30
648,458,0.45
649,458,0.55
650,458,0.58
651,458,0.55
652,458,0.45
653,458,0.30
654,458,0.30
655,458,0.30
645,459,0.30
646,459,0.30
647,459,0.30
648,459,0.30
649,459,0.30
650,459,0.30
651,459,0.30
652,459,0.30
653,459,0.30
654,459,0.30
655,459,0.30
658,422,0.30
659,422,0.30
660,422,0.30
661,422,0.30
662,422,0.30
663,422,0.30
664,422,0.30
665,422,0.30
666,422,0.30
667,422,0.30
668,422,0.30
658,423,0.30
659,423,0.30
660,423,0.30
661,423,0.45
662,423,0.55
663,423,0.58
664,423,0.55
665,423,0.45
666,423,0.30
667,423,0.30
668,423,0.30
658,424,0.30
659,424,0.30
660,424,0.51
661,424,0.69
662,424,0.81
663,424,0.86
664,424,0.81
665,424,0.69
666,424,0.51
667,424,0.30
668,424,0.30
658,425,0.30
659,425,0.45
660,425,0.69
661,425,0.91
662,425,1.00
663,425,1.00
664,425,1.00
665,425,0.91
666,425,0.69
667,425,0.45
668,425,0.30
658,426,0.30
659,426,0.55
660,426,0.81
661,426,1.00
662,426,1.00
663,426,1.00
664,426,1.00
665,426,1.00
666,426,0.81
667,426,0.55
668,426,0.30
658,427,0.30
659,427,0.58
660,427,0.86
661,427,1.00
662,427,1.00
663,427,1.00
664,427,1.00
665,427,1.00
666,427,0.86
667,427,0.58
668,427,0.30
658,428,0.30
659,428,0.55
660,428,0.81
661,428,1.00
662,428,1.00
663,428,1.00
664,428,1.00
665,428,1.00
666,428,0.81
667,428,0.55
668,428,0.30
658,429,0.30
659,429,0.45
660,429,0.69
661,429,0.91
662,429,1.00
663,429,1.00
664,429,1.00
665,429,0.91
666,429,0.69
667,429,0.45
668,429,0.30
658,430,0.30
659,430,0.30
660,430,0.51
661,430,0.69
662,430,0.81
663,430,0.86
664,430,0.81
665,430,0.69
666,430,0.51
667,430,0.30
668,430,0.30
658,431,0.30
659,431,0.30
660,431,0.30
661,431,0.45
662,431,0.55
663,431,0.58
664,431,0.55
665,431,0.45
666,431,0.30
667,431,0.30
668,431,0.30
658,432,0.30
659,432,0.30
660,432,0.30
661,432,0.30
662,432,0.30
663,432,0.30
664,432,0.30
665,432,0.30
666,432,0.30
667,432,0.30
668,432,0.30
665,391,0.30
666,391,0.30
667,391,0.30
668,391,0.30
669,391,0.30
670,391,0.30
671,391,0.30
672,391,0.30
673,391,0.30
674,391,0.30
675,391,0.30
665,392,0.30
666,392,0.30
667,392,0.30
668,392,0.45
669,392,0.55
670,392,0.58
671,392,0.55
672,392,0.45
673,392,0.30
674,392,0.30
675,392,0.30
665,393,0.30
666,393,0.30
667,393,0.51
668,393,0.69
669,393,0.81
670,393,0.86
671,393,0.81
672,393,0.69
673,393,0.51
674,393,0.30
675,393,0.30
665,394,0.30
666,394,0.45
667,394,0.69
668,394,0.91
669,394,1.00
670,394,1.00
671,394,1.00
672,394,0.91
673,394,0.69
674,394,0.45
675,394,0.30
665,395,0.30
666,395,0.55
667,395,0.81
668,395,1.00
669,395,1.00
670,395,1.00
671,395,1.00
672,395,1.00
673,395,0.81
674,395,0.55
675,395,0.30
665,396,0.30
666,396,0.58
667,396,0.86
668,396,1.00
669,396,1.00
670,396,1.00
671,396,1.00
672,396,1.00
673,396,0.86
674,396,0.58
675,396,0.30
665,397,0.30
666,397,0.55
667,397,0.81
668,397,1.00
669,397,1.00
670,397,1.00
671,397,1.00
672,397,1.00
673,397,0.81
674,397,0.55
675,397,0.30
665,398,0.30
666,398,0.45
667,398,0.69
668,398,0.91
669,398,1.00
670,398,1.00
671,398,1.00
672,398,0.91
673,398,0.69
674,398,0.45
675,398,0.30
665,399,0.30
666,399,0.30
667,399,0.51
668,399,0.69
669,399,0.81
670,399,0.86
671,399,0.81
672,399,0.69
673,399,0.51
674,399,0.30
675,399,0.30
665,400,0.30
666,400,0.30
667,400,0.30
668,400,0.45
669,400,0.55
670,400,0.58
671,400,0.55
672,400,0.45
673,400,0.30
674,400,0.30
675,400,0.30
665,401,0.30
666,401,0.30
667,401,0.30
668,401,0.30
669,401,0.30
670,401,0.30
671,401,0.30
672,401,0.30
673,401,0.30
674,401,0.30
675,401,0.30
665,365,1.00
666,365,1.00
667,365,1.00
668,365,1.00
669,365,1.00
670,365,1.00
671,365,1.00
672,365,1.00
673,365,1.00
674,365,0.90
675,365,0.60
665,366,0.90
666,366,0.90
667,366,0.90
668,366,1.00
669,366,1.00
670,366,1.00
671,366,1.00
672,366,1.00
673,366,0.90
674,366,0.90
675,366,0.60
665,367,0.60
666,367,0.60
667,367,0.81
668,367,0.99
669,367,1.00
670,367,1.00
671,367,1.00
672,367,0.99
673,367,0.81
674,367,0.60
675,367,0.60
665,368,0.30
666,368,0.45
667,368,0.69
668,368,0.91
669,368,1.00
670,368,1.00
671,368,1.00
672,368,0.91
673,368,0.69
674,368,0.45
675,368,0.30
665,369,0.60
666,369,0.85
667,369,0.81
668,369,1.00
669,369,1.00
670,369,1.00
671,369,1.00
672,369,1.00
673,369,0.81
674,369,0.55
675,369,0.30
665,370,0.60
666,370,0.88
667,370,0.86
668,370,1.00
669,370,1.00
670,370,1.00
671,370,1.00
672,370,1.00
673,370,0.86
674,370,0.58
675,370,0.30
665,371,0.60
666,371,0.85
667,371,0.81
668,371,1.00
669,371,1.00
670,371,1.00
671,371,1.00
672,371,1.00
673,371,0.81
674,371,0.55
675,371,0.30
665,372,0.75
666,372,0.75
667,372,0.69
668,372,0.91
669,372,1.00
670,372,1.00
671,372,1.00
672,372,0.91
673,372,0.69
674,372,0.45
675,372,0.30
665,373,0.85
666,373,0.60
667,373,0.51
668,373,0.69
669,373,0.81
670,373,0.86
671,373,0.81
672,373,0.69
673,373,0.51
674,373,0.30
675,373,0.30
665,374,0.88
666,374,0.60
667,374,0.30
668,374,0.45
669,374,0.55
670,374,0.58
671,374,0.55
672,374,0.45
673,374,0.30
674,374,0.30
675,374,0.30
665,375,0.85
666,375,0.60
667,375,0.30
668,375,0.30
669,375,0.30
670,375,0.30
671,375,0.30
672,375,0.30
673,375,0.30
674,375,0.30
675,375,0.30
665,357,1.00
666,357,1.00
667,357,1.00
668,357,1.00
669,357,1.00
670,357,1.00
671,357,1.00
672,357,1.00
673,357,0.90
674,357,0.60
675,357,0.30
665,358,1.00
666,358,1.00
667,358,1.00
668,358,1.00
669,358,1.00
670,358,1.00
671,358,1.00
672,358,1.00
673,358,0.90
674,358,0.60
675,358,0.30
665,359,1.00
666,359,1.00
667,359,1.00
668,359,1.00
669,359,1.00
670,359,1.00
671,359,1.00
672,359,1.00
673,359,1.00
674,359,0.60
675,359,0.30
665,360,1.00
666,360,1.00
667,360,1.00
668,360,1.00
669,360,1.00
670,360,1.00
671,360,1.00
672,360,1.00
673,360,1.00
674,360,0.75
675,360,0.30
665,361,1.00
666,361,1.00
667,361,1.00
668,361,1.00
669,361,1.00
670,361,1.00
671,361,1.00
672,361,1.00
673,361,1.00
674,361,0.85
675,361,0.30
665,362,1.00
666,362,1.00
667,362,1.00
668,362,1.00
669,362,1.00
670,362,1.00
671,362,1.00
672,362,1.00
673,362,1.00
674,362,0.88
675,362,0.30
665,363,1.00
666,363,1.00
667,363,1.00
668,363,1.00
669,363,1.00
670,363,1.00
671,363,1.00
672,363,1.00
673,363,1.00
674,363,0.85
675,363,0.30
665,364,1.00
666,364,1.00
667,364,1.00
668,364,1.00
669,364,1.00
670,364,1.00
671,364,1.00
672,364,1.00
673,364,1.00
674,364,0.75
675,364,0.30
664,356,1.00
665,356,1.00
666,356,1.00
667,356,1.00
668,356,1.00
669,356,1.00
670,356,1.00
671,356,0.90
672,356,0.90
673,356,0.60
674,356,0.30
664,357,1.00
664,358,1.00
664,359,1.00
664,360,1.00
664,361,1.00
664,362,1.00
664,363,0.90
664,364,0.90
664,365,0.60
664,366,0.30
663,355,0.60
664,355,0.60
665,355,0.75
666,355,0.85
667,355,0.88
668,355,0.85
669,355,0.75
670,355,0.60
671,355,0.60
672,355,0.60
673,355,0.30
663,356,0.60
663,357,0.75
663,358,0.85
663,359,0.88
663,360,0.85
663,361,0.75
663,362,0.60
663,363,0.60
663,364,0.60
663,365,0.30
662,354,0.30
663,354,0.30
664,354,0.30
665,354,0.30
666,354,0.30
667,354,0.30
668,354,0.30
669,354,0.30
670,354,0.30
671,354,0.30
672,354,0.30
662,355,0.30
662,356,0.30
662,357,0.30
662,358,0.30
662,359,0.30
662,360,0.30
662,361,0.30
662,362,0.30
662,363,0.30
662,364,0.30
656,369,0.30
657,369,0.30
658,369,0.30
659,369,0.30
660,369,0.30
661,369,0.30
662,369,0.30
663,369,0.30
664,369,0.30
656,370,0.30
657,370,0.30
658,370,0.30
659,370,0.45
660,370,0.55
661,370,0.58
662,370,0.55
663,370,0.45
664,370,0.30
656,371,0.30
657,371,0.30
658,371,0.51
659,371,0.69
660,371,0.81
661,371,0.86
662,371,0.81
663,371,0.69
664,371,0.51
656,372,0.30
657,372,0.45
658,372,0.69
659,372,0.91
660,372,1.00
661,372,1.00
662,372,1.00
663,372,0.91
664,372,0.69
656,373,0.90
657,373,1.00
658,373,1.00
659,373,1.00
660,373,1.00
661,373,1.00
662,373,1.00
663,373,1.00
664,373,0.81
656,374,1.00
657,374,1.00
658,374,1.00
659,374,1.00
660,374,1.00
661,374,1.00
662,374,1.00
663,374,1.00
664,374,0.86
656,375,1.00
657,375,1.00
658,375,1.00
659,375,1.00
660,375,1.00
661,375,1.00
662,375,1.00
663,375,1.00
664,375,0.81
656,376,1.00
657,376,1.00
658,376,1.00
659,376,1.00
660,376,1.00
661,376,1.00
662,376,1.00
663,376,0.91
664,376,0.69
665,376,0.45
666,376,0.30
656,377,1.00
657,377,1.00
658,377,1.00
659,377,1.00
660,377,1.00
661,377,1.00
662,377,0.81
663,377,0.69
664,377,0.51
665,377,0.30
666,377,0.30
656,378,1.00
657,378,1.00
658,378,1.00
659,378,1.00
660,378,1.00
661,378,0.88
662,378,0.55
663,378,0.45
664,378,0.30
665,378,0.30
666,378,0.30
656,379,1.00
657,379,1.00
658,379,1.00
659,379,1.00
660,379,1.00
661,379,0.60
662,379,0.30
663,379,0.30
664,379,0.30
665,379,0.30
666,379,0.30
642,415,0.30
643,415,0.30
644,415,0.30
645,415,0.30
646,415,0.30
647,415,0.30
648,415,0.30
649,415,0.30
650,415,0.30
651,415,0.30
652,415,0.30
642,416,0.30
643,416,0.30
644,416,0.30
645,416,0.45
646,416,0.55
647,416,0.58
648,416,0.55
649,416,0.45
650,416,0.30
651,416,0.30
652,416,0.30
642,417,0.30
643,417,0.30
644,417,0.51
645,417,0.69
646,417,0.81
647,417,0.86
648,417,0.81
649,417,0.69
650,417,0.51
651,417,0.30
652,417,0.30
642,418,0.30
643,418,0.45
644,418,0.69
645,418,0.91
646,418,1.00
647,418,1.00
648,418,1.00
649,418,0.91
650,418,0.69
651,418,0.45
652,418,0.30
642,419,0.60
643,419,0.85
644,419,1.00
645,419,1.00
646,419,1.00
647,419,1.00
648,419,1.00
649,419,1.00
650,419,1.00
651,419,0.85
652,419,0.30
642,420,0.60
643,420,0.88
644,420,1.00
645,420,1.00
646,420,1.00
647,420,1.00
648,420,1.00
649,420,1.00
650,420,1.00
651,420,0.88
652,420,0.30
642,421,0.60
643,421,1.00
644,421,1.00
645,421,1.00
646,421,1.00
647,421,1.00
648,421,1.00
649,421,1.00
650,421,1.00
651,421,0.85
652,421,0.30
642,422,0.75
643,422,1.00
644,422,1.00
645,422,1.00
646,422,1.00
647,422,1.00
648,422,1.00
649,422,1.00
650,422,1.00
651,422,0.75
652,422,0.30
642,423,0.85
643,423,1.00
644,423,1.00
645,423,1.00
646,423,1.00
647,423,1.00
648,423,1.00
649,423,1.00
650,423,1.00
651,423,0.60
652,423,0.30
642,424,0.88
643,424,1.00
644,424,1.00
645,424,1.00
646,424,1.00
647,424,1.00
648,424,1.00
649,424,1.00
650,424,0.88
651,424,0.60
652,424,0.30
642,425,0.85
643,425,1.00
644,425,1.00
645,425,1.00
646,425,1.00
647,425,1.00
648,425,1.00
649,425,1.00
650,425,0.85
651,425,0.60
652,425,0.30
641,419,0.30
641,420,0.30
641,421,0.30
641,422,0.30
641,423,0.30
641,424,0.30
641,425,0.30
641,426,0.30
642,426,0.45
643,426,0.69
644,426,0.91
645,426,1.00
646,426,1.00
647,426,1.00
648,426,0.91
649,426,0.69
650,426,0.45
651,426,0.30
641,427,0.30
642,427,0.30
643,427,0.51
644,427,0.69
641,428,0.30
642,428,0.30
643,428,0.30
644,428,0.45
641,429,0.30
642,429,0.30
643,429,0.30
644,429,0.30
648,383,0.30
649,383,0.30
650,383,0.90
651,383,1.00
652,383,1.00
653,383,1.00
654,383,1.00
655,383,1.00
656,383,1.00
657,383,1.00
658,383,1.00
648,384,0.30
649,384,0.30
650,384,0.60
651,384,0.75
652,384,0.85
653,384,0.88
654,384,0.85
655,384,0.75
656,384,0.60
657,384,0.60
658,384,0.60
648,385,0.30
649,385,0.30
650,385,0.51
651,385,0.69
652,385,0.81
653,385,0.86
654,385,0.81
655,385,0.69
656,385,0.51
657,385,0.30
658,385,0.30
648,386,0.30
649,386,0.45
650,386,0.69
651,386,0.91
652,386,1.00
653,386,1.00
654,386,1.00
655,386,0.91
656,386,0.69
657,386,0.45
658,386,0.30
648,387,0.30
649,387,0.55
650,387,0.81
651,387,1.00
652,387,1.00
653,387,1.00
654,387,1.00
655,387,1.00
656,387,0.81
657,387,0.55
658,387,0.30
648,388,0.30
649,388,0.58
650,388,0.86
651,388,1.00
652,388,1.00
653,388,1.00
654,388,1.00
655,388,1.00
656,388,0.86
657,388,0.58
658,388,0.30
648,389,0.30
649,389,0.55
650,389,0.81
651,389,1.00
652,389,1.00
653,389,1.00
654,389,1.00
655,389,1.00
656,389,0.81
657,389,0.55
658,389,0.30
648,390,0.30
649,390,0.45
650,390,0.69
651,390,0.91
652,390,1.00
653,390,1.00
654,390,1.00
655,390,0.91
656,390,0.69
657,390,0.45
658,390,0.30
648,391,0.30
649,391,0.30
650,391,0.51
651,391,0.69
652,391,0.81
653,391,0.86
654,391,0.81
655,391,0.69
656,391,0.51
657,391,0.30
658,391,0.30
648,392,0.30
649,392,0.30
650,392,0.30
651,392,0.45
652,392,0.55
653,392,0.58
654,392,0.55
655,392,0.45
656,392,0.30
657,392,0.30
658,392,0.30
648,393,0.30
649,393,0.30
650,393,0.30
651,393,0.30
652,393,0.30
653,393,0.30
654,393,0.30
655,393,0.30
656,393,0.30
657,393,0.30
658,393,0.30
650,374,0.60
651,374,0.90
652,374,0.90
653,374,1.00
654,374,1.00
655,374,1.00
650,375,0.60
651,375,0.90
652,375,1.00
653,375,1.00
654,375,1.00
655,375,1.00
650,376,0.60
651,376,1.00
652,376,1.00
653,376,1.00
654,376,1.00
655,376,1.00
650,377,0.60
651,377,1.00
652,377,1.00
653,377,1.00
654,377,1.00
655,377,1.00
650,378,0.60
651,378,1.00
652,378,1.00
653,378,1.00
654,378,1.00
655,378,1.00
650,379,0.60
651,379,1.00
652,379,1.00
653,379,1.00
654,379,1.00
655,379,1.00
650,380,0.60
651,380,1.00
652,380,1.00
653,380,1.00
654,380,1.00
655,380,1.00
656,380,1.00
657,380,1.00
658,380,1.00
659,380,1.00
660,380,1.00
650,381,0.60
651,381,1.00
652,381,1.00
653,381,1.00
654,381,1.00
655,381,1.00
656,381,1.00
657,381,1.00
658,381,1.00
659,381,1.00
660,381,0.90
650,382,0.60
651,382,0.90
652,382,1.00
653,382,1.00
654,382,1.00
655,382,1.00
656,382,1.00
657,382,1.00
658,382,1.00
659,382,0.90
660,382,0.90
659,383,0.90
660,383,0.90
659,384,0.30
660,384,0.30
650,373,0.30
651,373,0.60
652,373,0.60
653,373,0.60
654,373,0.60
655,373,0.60
661,380,0.30
661,381,0.30
661,382,0.30
661,383,0.30

648,349,0.90
649,349,1.00
650,349,1.00
651,349,1.00
652,349,1.00
653,349,1.00
654,349,1.00
655,349,1.00
656,349,1.00
657,349,1.00
658,349,1.00
648,350,0.90
649,350,1.00
650,350,1.00
651,350,1.00
652,350,1.00
653,350,1.00
654,350,1.00
655,350,1.00
656,350,1.00
657,350,1.00
658,350,1.00
648,351,0.90
649,351,1.00
650,351,1.00
651,351,1.00
652,351,1.00
653,351,1.00
654,351,1.00
655,351,1.00
656,351,1.00
657,351,1.00
658,351,1.00
648,352,0.90
649,352,1.00
650,352,1.00
651,352,1.00
652,352,1.00
653,352,1.00
654,352,1.00
655,352,1.00
656,352,1.00
657,352,1.00
658,352,1.00
648,353,0.90
649,353,1.00
650,353,1.00
651,353,1.00
652,353,1.00
653,353,1.00
654,353,1.00
655,353,1.00
656,353,1.00
657,353,1.00
658,353,1.00
648,354,0.90
649,354,1.00
650,354,1.00
651,354,1.00
652,354,1.00
653,354,1.00
654,354,1.00
655,354,1.00
656,354,1.00
657,354,1.00
658,354,1.00
648,355,0.90
649,355,1.00
650,355,1.00
651,355,1.00
652,355,1.00
653,355,1.00
654,355,1.00
655,355,1.00
656,355,1.00
657,355,1.00
658,355,1.00
648,356,0.90
649,356,1.00
650,356,1.00
651,356,1.00
652,356,1.00
653,356,1.00
654,356,1.00
655,356,1.00
656,356,1.00
657,356,1.00
658,356,1.00
648,357,0.90
649,357,0.90
650,357,1.00
651,357,1.00
652,357,1.00
653,357,1.00
654,357,1.00
655,357,1.00
656,357,1.00
657,357,0.90
658,357,0.90
648,358,0.90
649,358,0.90
650,358,0.90
651,358,1.00
652,358,1.00
653,358,1.00
654,358,1.00
655,358,1.00
656,358,0.90
657,358,0.90
658,358,0.90
648,359,0.60
649,359,0.60
650,359,0.60
651,359,0.60
652,359,0.60
653,359,0.60
654,359,0.60
655,359,0.60
656,359,0.60
657,359,0.60
658,359,0.60
648,364,0.60
649,364,0.60
650,364,0.60
651,364,0.60
652,364,0.60
653,364,0.60
654,364,0.60
655,364,0.60
656,364,0.60
657,364,0.30
658,364,0.30
648,365,0.90
649,365,1.00
650,365,1.00
651,365,1.00
652,365,1.00
653,365,1.00
654,365,1.00
655,365,1.00
656,365,0.90
657,365,0.30
658,365,0.30
648,366,1.00
649,366,1.00
650,366,1.00
651,366,1.00
652,366,1.00
653,366,1.00
654,366,1.00
655,366,1.00
656,366,1.00
657,366,0.30
658,366,0.30
648,367,1.00
649,367,1.00
650,367,1.00
651,367,1.00
652,367,1.00
653,367,1.00
654,367,1.00
655,367,1.00
656,367,1.00
657,367,0.45
658,367,0.30
648,368,1.00
649,368,1.00
650,368,1.00
651,368,1.00
652,368,1.00
653,368,1.00
654,368,1.00
655,368,1.00
656,368,1.00
657,368,0.55
658,368,0.30
648,369,1.00
649,369,1.00
650,369,1.00
651,369,1.00
652,369,1.00
653,369,1.00
654,369,1.00
655,369,1.00
656,369,1.00
657,369,0.58
658,369,0.30
648,370,1.00
649,370,1.00
650,370,1.00
651,370,1.00
652,370,1.00
653,370,1.00
654,370,1.00
655,370,1.00
656,370,1.00
657,370,0.55
658,370,0.30
648,371,1.00
649,371,1.00
650,371,1.00
651,371,1.00
652,371,1.00
653,371,1.00
654,371,1.00
655,371,1.00
656,371,1.00
657,371,0.45
658,371,0.30
648,372,1.00
649,372,1.00
650,372,1.00
651,372,1.00
652,372,1.00
653,372,1.00
654,372,1.00
655,372,1.00
656,372,1.00
657,372,0.30
658,372,0.30
648,373,1.00
649,373,1.00
650,373,1.00
651,373,1.00
652,373,1.00
653,373,1.00
654,373,1.00
655,373,1.00
656,373,0.90
657,373,0.30
658,373,0.30
648,374,0.90
649,374,1.00
650,374,1.00
651,374,1.00
652,374,1.00
653,374,1.00
654,374,0.90
655,374,0.90
656,374,0.90
657,374,0.30
658,374,0.30
648,348,0.30
649,348,0.60
650,348,0.60
651,348,0.81
652,348,0.99
653,348,1.00
654,348,1.00
655,348,1.00
656,348,0.99
657,348,0.81
658,348,0.60
652,332,0.60
653,332,0.60
654,332,0.60
655,332,0.75
656,332,0.85
657,332,0.88
658,332,0.85
659,332,0.75
660,332,0.60
661,332,0.60
662,332,0.60
652,333,0.60
653,333,0.60
654,333,0.81
655,333,1.00
656,333,1.00
657,333,1.00
658,333,1.00
659,333,1.00
660,333,0.81
661,333,0.60
662,333,0.60
652,334,0.60
653,334,0.75
654,334,1.00
655,334,1.00
656,334,1.00
657,334,1.00
658,334,1.00
659,334,1.00
660,334,1.00
661,334,0.75
662,334,0.60
652,335,0.60
653,335,0.99
654,335,1.00
655,335,1.00
656,335,1.00
657,335,1.00
658,335,1.00
659,335,1.00
660,335,1.00
661,335,0.99
662,335,0.60
652,336,0.60
653,336,1.00
654,336,1.00
655,336,1.00
656,336,1.00
657,336,1.00
658,336,1.00
659,336,1.00
660,336,1.00
661,336,1.00
662,336,0.60
652,337,0.60
653,337,1.00
654,337,1.00
655,337,1.00
656,337,1.00
657,337,1.00
658,337,1.00
659,337,1.00
660,337,1.00
661,337,1.00
662,337,0.60
652,338,0.60
653,338,0.99
654,338,1.00
655,338,1.00
656,338,1.00
657,338,1.00
658,338,1.00
659,338,1.00
660,338,1.00
661,338,0.99
662,338,0.60
652,339,0.60
653,339,0.75
654,339,1.00
655,339,1.00
656,339,1.00
657,339,1.00
658,339,1.00
659,339,1.00
660,339,1.00
661,339,0.75
662,339,0.60
652,340,0.60
653,340,0.60
654,340,0.81
655,340,1.00
656,340,1.00
657,340,1.00
658,340,1.00
659,340,1.00
660,340,0.81
661,340,0.60
662,340,0.60
652,341,0.60
653,341,0.60
654,341,0.60
655,341,0.75
656,341,0.85
657,341,0.88
658,341,0.85
659,341,0.75
660,341,0.60
661,341,0.60
662,341,0.60
652,342,0.30
653,342,0.30
654,342,0.30
655,342,0.30
656,342,0.30
657,342,0.30
658,342,0.30
659,342,0.30
660,342,0.30
661,342,0.30
662,342,0.30
652,331,0.30
653,331,0.30
654,331,0.30
655,331,0.30
656,331,0.30
657,331,0.30
658,331,0.30
659,331,0.30
660,331,0.30
661,331,0.30
662,331,0.30
649,346,0.30
650,346,0.30
651,346,0.30
652,346,0.30
653,346,0.30
654,346,0.30
655,346,0.30
656,346,0.30
657,346,0.30
658,346,0.30
659,346,0.30
649,347,0.30
650,347,0.30
651,347,0.30
652,347,0.45
653,347,0.55
654,347,0.58
655,347,0.55
656,347,0.45
657,347,0.30
658,347,0.30
659,347,0.30
659,348,0.30
659,349,0.30
659,350,0.30
659,351,0.30
659,352,0.30
659,353,0.30
659,354,0.30
659,355,0.30
659,356,0.30
646,364,0.30
647,364,0.30
646,365,0.60
647,365,0.60
646,366,0.60
647,366,0.60
646,367,0.60
647,367,0.75
646,368,0.60
647,368,0.99
646,369,0.60
647,369,1.00
646,370,0.60
647,370,1.00
646,371,0.60
647,371,0.99
646,372,0.60
647,372,0.75
646,373,0.60
647,373,0.60
646,374,0.60
647,374,0.60
646,375,0.30
647,375,0.30
648,375,0.30
649,375,0.30
650,375,0.30
651,375,0.30
652,375,0.30
653,375,0.30
654,375,0.30
655,375,0.30
656,375,0.30
644,377,0.30
645,377,0.30
646,377,0.30
647,377,0.30
648,377,0.30
649,377,0.30
650,377,0.30
651,377,0.30
652,377,0.30
653,377,0.30
654,377,0.30
644,378,0.30
645,378,0.30
646,378,0.30
647,378,0.45
648,378,0.55
649,378,0.58
650,378,0.55
651,378,0.45
652,378,0.30
653,378,0.30
654,378,0.30
644,379,0.30
645,379,0.30
646,379,0.51
647,379,0.69
648,379,0.81
649,379,0.86
650,379,0.81
651,379,0.69
652,379,0.51
653,379,0.30
654,379,0.30
644,380,0.30
645,380,0.45
646,380,0.69
647,380,0.91
648,380,1.00
649,380,1.00
650,380,1.00
651,380,0.91
652,380,0.69
653,380,0.45
654,380,0.30
644,381,0.30
645,381,0.55
646,381,0.81
647,381,1.00
648,381,1.00
649,381,1.00
650,381,1.00
651,381,1.00
652,381,0.81
653,381,0.55
654,381,0.30
644,382,0.30
645,382,0.58
646,382,0.86
647,382,1.00
648,382,1.00
649,382,1.00
650,382,1.00
651,382,1.00
652,382,0.86
653,382,0.58
654,382,0.30
644,383,0.30
645,383,0.55
646,383,0.81
647,383,1.00
648,383,1.00
649,383,1.00
650,383,1.00
651,383,1.00
652,383,0.81
653,383,0.55
654,383,0.30
644,384,0.30
645,384,0.45
646,384,0.69
647,384,0.91
648,384,1.00
649,384,1.00
650,384,1.00
651,384,0.91
652,384,0.69
653,384,0.45
654,384,0.30
644,385,0.30
645,385,0.30
646,385,0.51
647,385,0.69
648,385,0.81
649,385,0.86
650,385,0.81
651,385,0.69
652,385,0.51
653,385,0.30
654,385,0.30
644,386,0.30
645,386,0.30
646,386,0.30
647,386,0.45
648,386,0.55
649,386,0.58
650,386,0.55
651,386,0.45
652,386,0.30
653,386,0.30
654,386,0.30
644,387,0.30
645,387,0.30
646,387,0.30
647,387,0.30
648,387,0.30
649,387,0.30
650,387,0.30
651,387,0.30
652,387,0.30
653,387,0.30
654,387,0.30
632,417,0.30
633,417,0.30
634,417,0.60
635,417,0.60
636,417,0.60
637,417,0.60
638,417,0.60
639,417,0.60
640,417,0.60
641,417,0.60
642,417,0.60
632,418,0.30
633,418,0.30
634,418,0.30
635,418,0.45
636,418,0.55
637,418,0.58
638,418,0.55
639,418,0.45
640,418,0.30
641,418,0.30
642,418,0.30
632,419,0.30
633,419,0.30
634,419,0.51
635,419,0.69
636,419,0.81
637,419,0.86
638,419,0.81
639,419,0.69
640,419,0.51
641,419,0.30
642,419,0.30
632,420,0.30
633,420,0.45
634,420,0.69
635,420,0.91
636,420,1.00
637,420,1.00
638,420,1.00
639,420,0.91
640,420,0.69
641,420,0.45
642,420,0.30
632,421,0.30
633,421,0.55
634,421,0.81
635,421,1.00
636,421,1.00
637,421,1.00
638,421,1.00
639,421,1.00
640,421,0.81
641,421,0.55
642,421,0.30
632,422,0.30
633,422,0.58
634,422,0.86
635,422,1.00
636,422,1.00
637,422,1.00
638,422,1.00
639,422,1.00
640,422,0.86
641,422,0.58
642,422,0.30
632,423,0.30
633,423,0.55
634,423,0.81
635,423,1.00
636,423,1.00
637,423,1.00
638,423,1.00
639,423,1.00
640,423,0.81
641,423,0.55
642,423,0.30
632,424,0.30
633,424,0.45
634,424,0.69
635,424,0.91
636,424,1.00
637,424,1.00
638,424,1.00
639,424,0.91
640,424,0.69
641,424,0.45
642,424,0.30
632,425,0.30
633,425,0.30
634,425,0.51
635,425,0.69
636,425,0.81
637,425,0.86
638,425,0.81
639,425,0.69
640,425,0.51
641,425,0.30
642,425,0.30
632,426,0.30
633,426,0.30
634,426,0.30
635,426,0.45
636,426,0.55
637,426,0.58
638,426,0.55
639,426,0.45
640,426,0.30
641,426,0.30
642,426,0.30
632,427,0.30
633,427,0.30
634,427,0.30
635,427,0.30
636,427,0.30
637,427,0.30
638,427,0.30
639,427,0.30
640,427,0.30
641,427,0.30
642,427,0.30
627,431,0.30
628,431,0.30
629,431,0.30
630,431,0.30
631,431,0.30
632,431,0.30
633,431,0.30
634,431,0.30
635,431,0.30
636,431,0.30
637,431,0.30
627,432,0.30
628,432,0.30
629,432,0.30
630,432,0.45
631,432,0.55
632,432,0.58
633,432,0.55
634,432,0.45
635,432,0.30
636,432,0.30
637,432,0.30
627,433,0.30
628,433,0.30
629,433,0.51
630,433,0.69
631,433,0.81
632,433,0.86
633,433,0.81
634,433,0.69
635,433,0.51
636,433,0.30
637,433,0.30
627,434,0.30
628,434,0.45
629,434,0.69
630,434,0.91
631,434,1.00
632,434,1.00
633,434,1.00
634,434,0.91
635,434,0.69
636,434,0.45
637,434,0.30
627,435,0.30
628,435,0.55
629,435,0.81
630,435,1.00
631,435,1.00
632,435,1.00
633,435,1.00
634,435,1.00
635,435,0.81
636,435,0.55
637,435,0.30
627,436,0.30
628,436,0.58
629,436,0.86
630,436,1.00
631,436,1.00
632,436,1.00
633,436,1.00
634,436,1.00
635,436,0.86
636,436,0.58
637,436,0.30
627,437,0.30
628,437,0.55
629,437,0.81
630,437,1.00
631,437,1.00
632,437,1.00
633,437,1.00
634,437,1.00
635,437,0.81
636,437,0.55
637,437,0.30
627,438,0.30
628,438,0.45
629,438,0.69
630,438,0.91
631,438,1.00
632,438,1.00
633,438,1.00
634,438,0.91
635,438,0.69
636,438,0.45
637,438,0.30
627,439,0.60
628,439,0.60
629,439,0.81
630,439,0.99
631,439,1.00
632,439,1.00
633,439,1.00
634,439,0.69
635,439,0.51
636,439,0.30
637,439,0.30
627,440,0.85
628,440,0.88
629,440,0.85
630,440,0.90
631,440,0.85
632,440,0.88
633,440,0.85
634,440,0.45
635,440,0.30
636,440,0.30
637,440,0.30
627,441,1.00
628,441,1.00
629,441,1.00
630,441,1.00
631,441,1.00
632,441,1.00
633,441,1.00
634,441,0.60
635,441,0.60
636,441,0.60
637,441,0.60
623,439,0.30
624,439,0.30
625,439,0.30
626,439,0.30
623,440,0.30
624,440,0.30
625,440,0.30
626,440,0.45
623,441,0.90
624,441,0.90
625,441,1.00
626,441,1.00
623,442,1.00
624,442,1.00
625,442,1.00
626,442,1.00
627,442,1.00
628,442,1.00
629,442,1.00
630,442,1.00
631,442,1.00
632,442,1.00
633,442,1.00
623,443,1.00
624,443,1.00
625,443,1.00
626,443,1.00
627,443,1.00
628,443,1.00
629,443,1.00
630,443,1.00
631,443,1.00
632,443,1.00
633,443,1.00
623,444,1.00
624,444,1.00
625,444,1.00
626,444,1.00
627,444,1.00
628,444,1.00
629,444,1.00
630,444,1.00
631,444,1.00
632,444,1.00
633,444,1.00
623,445,1.00
624,445,1.00
625,445,1.00
626,445,1.00
627,445,1.00
628,445,1.00
629,445,1.00
630,445,1.00
631,445,1.00
632,445,1.00
633,445,1.00
623,446,1.00
624,446,1.00
625,446,1.00
626,446,1.00
627,446,1.00
628,446,1.00
629,446,1.00
630,446,1.00
631,446,1.00
632,446,1.00
633,446,1.00
623,447,1.00
624,447,1.00
625,447,1.00
626,447,1.00
627,447,1.00
628,447,1.00
629,447,1.00
630,447,1.00
631,447,1.00
632,447,1.00
633,447,1.00
623,448,1.00
624,448,1.00
625,448,1.00
626,448,1.00
627,448,1.00
628,448,1.00
629,448,1.00
630,448,1.00
631,448,1.00
632,448,1.00
633,448,1.00
623,449,1.00
624,449,1.00
625,449,1.00
626,449,1.00
627,449,1.00
628,449,1.00
629,449,1.00
630,449,1.00
631,449,1.00
632,449,1.00
633,449,1.00
623,450,0.90
624,450,0.90
625,450,1.00
626,450,1.00
627,450,1.00
628,450,1.00
629,450,1.00
630,450,1.00
631,450,1.00
632,450,1.00
633,450,1.00
623,451,0.90
624,451,0.90
625,451,0.90
626,451,1.00
627,451,1.00
628,451,1.00
629,451,1.00
630,451,1.00
631,451,0.90
632,451,1.00
633,451,1.00
623,452,0.30
624,452,0.30
625,452,0.30
626,452,0.30
627,452,0.30
628,452,0.30
629,452,0.30
630,452,0.30
631,452,0.30
632,452,0.60
633,452,0.75
634,407,0.30
635,407,0.30
636,407,0.30
637,407,0.30
638,407,0.30
639,407,0.30
640,407,0.30
641,407,0.30
642,407,0.30
643,407,0.30
644,407,0.30
634,408,0.30
635,408,0.30
636,408,0.30
637,408,0.45
638,408,0.55
639,408,0.58
640,408,0.55
641,408,0.45
642,408,0.30
643,408,0.30
644,408,0.30
634,409,0.30
635,409,0.30
636,409,0.51
637,409,0.69
638,409,0.81
639,409,0.86
640,409,0.81
641,409,0.69
642,409,0.51
643,409,0.30
644,409,0.30
634,410,0.30
635,410,0.45
636,410,0.69
637,410,0.91
638,410,1.00
639,410,1.00
640,410,1.00
641,410,0.91
642,410,0.69
643,410,0.45
644,410,0.30
634,411,0.30
635,411,0.55
636,411,0.81
637,411,1.00
638,411,1.00
639,411,1.00
640,411,1.00
641,411,1.00
642,411,0.81
643,411,0.55
644,411,0.30
634,412,0.30
635,412,0.58
636,412,0.86
637,412,1.00
638,412,1.00
639,412,1.00
640,412,1.00
641,412,1.00
642,412,0.86
643,412,0.58
644,412,0.30
634,413,0.30
635,413,0.55
636,413,0.81
637,413,1.00
638,413,1.00
639,413,1.00
640,413,1.00
641,413,1.00
642,413,0.81
643,413,0.55
644,413,0.30
634,414,0.30
635,414,0.45
636,414,0.69
637,414,0.91
638,414,1.00
639,414,1.00
640,414,1.00
641,414,0.91
642,414,0.69
643,414,0.45
644,414,0.30
634,415,0.30
635,415,0.30
636,415,0.51
637,415,0.69
638,415,0.81
639,415,0.86
640,415,0.81
641,415,0.69
642,415,0.51
643,415,0.30
644,415,0.30
634,416,0.30
635,416,0.30
636,416,0.30
637,416,0.45
638,416,0.55
639,416,0.58
640,416,0.55
641,416,0.45
642,416,0.30
643,416,0.30
644,416,0.30
643,417,0.30
644,417,0.30
640,390,0.60
641,390,0.60
642,390,0.60
643,390,0.75
644,390,0.85
645,390,0.88
646,390,0.85
647,390,0.75
648,390,0.60
649,390,0.60
650,390,0.60
640,391,0.60
641,391,0.60
642,391,0.81
643,391,1.00
644,391,1.00
645,391,1.00
646,391,1.00
647,391,1.00
648,391,0.81
649,391,0.60
650,391,0.60
640,392,0.60
641,392,0.75
642,392,1.00
643,392,1.00
644,392,1.00
645,392,1.00
646,392,1.00
647,392,1.00
648,392,1.00
649,392,0.75
650,392,0.60
640,393,0.60
641,393,0.99
642,393,1.00
643,393,1.00
644,393,1.00
645,393,1.00
646,393,1.00
647,393,1.00
648,393,1.00
649,393,0.99
650,393,0.60
640,394,0.60
641,394,1.00
642,394,1.00
643,394,1.00
644,394,1.00
645,394,1.00
646,394,1.00
647,394,1.00
648,394,1.00
649,394,1.00
650,394,0.60
640,395,0.90
641,395,1.00
642,395,1.00
643,395,1.00
644,395,1.00
645,395,1.00
646,395,1.00
647,395,1.00
648,395,1.00
649,395,1.00
650,395,0.90
640,396,0.90
641,396,1.00
642,396,1.00
643,396,1.00
644,396,1.00
645,396,1.00
646,396,1.00
647,396,1.00
648,396,1.00
649,396,1.00
650,396,0.90
640,397,0.90
641,397,1.00
642,397,1.00
643,397,1.00
644,397,1.00
645,397,1.00
646,397,1.00
647,397,1.00
648,397,1.00
649,397,1.00
650,397,0.90
640,398,0.90
641,398,1.00
642,398,1.00
643,398,1.00
644,398,1.00
645,398,1.00
646,398,1.00
647,398,1.00
648,398,1.00
649,398,1.00
650,398,0.90
640,399,0.90
641,399,1.00
642,399,1.00
643,399,1.00
644,399,1.00
645,399,1.00
646,399,1.00
647,399,1.00
648,399,1.00
649,399,1.00
650,399,0.90
640,400,0.60
641,400,0.88
642,400,1.00
643,400,1.00
644,400,1.00
645,400,1.00
646,400,1.00
647,400,1.00
648,400,1.00
649,400,0.88
650,400,0.60
640,389,0.30
641,389,0.30
642,389,0.30
643,389,0.30
644,389,0.30
645,389,0.30
646,389,0.30
647,389,0.30
648,389,0.30
649,389,0.30
650,389,0.30
640,401,0.30
641,401,0.55
642,401,0.81
643,401,1.00
644,401,1.00
645,401,1.00
646,401,1.00
647,401,1.00
648,401,0.81
649,401,0.55
650,401,0.30
640,402,0.30
641,402,0.45
642,402,0.69
643,402,0.91
644,402,1.00
645,402,1.00
646,402,1.00
647,402,0.91
648,402,0.69
649,402,0.45
650,402,0.30
640,403,0.30
641,403,0.30
642,403,0.51
643,403,0.69
644,403,0.81
645,403,0.86
646,403,0.81
647,403,0.69
648,403,0.51
649,403,0.30
650,403,0.30
640,404,0.30
641,404,0.30
642,404,0.30
643,404,0.45
644,404,0.55
645,404,0.58
646,404,0.55
647,404,0.45
648,404,0.30
649,404,0.30
650,404,0.30
640,405,0.30
641,405,0.30
642,405,0.30
643,405,0.30
644,405,0.30
645,405,0.30
646,405,0.30
647,405,0.30
648,405,0.30
649,405,0.30
650,405,0.30
638,441,0.30
639,441,0.30
640,441,0.30
641,441,0.30
642,441,0.30
643,441,0.30
634,442,0.30
635,442,0.30
636,442,0.45
637,442,0.55
638,442,0.58
639,442,0.55
640,442,0.45
641,442,0.30
642,442,0.30
643,442,0.30
634,443,0.30
635,443,0.51
636,443,0.69
637,443,0.81
638,443,0.86
639,443,0.81
640,443,0.69
641,443,0.51
642,443,0.30
643,443,0.30
634,444,0.45
635,444,0.69
636,444,0.91
637,444,1.00
638,444,1.00
639,444,1.00
640,444,0.91
641,444,0.69
642,444,0.45
643,444,0.30
634,445,0.55
635,445,0.81
636,445,1.00
637,445,1.00
638,445,1.00
639,445,1.00
640,445,1.00
641,445,0.81
642,445,0.55
643,445,0.30
634,446,0.58
635,446,0.86
636,446,1.00
637,446,1.00
638,446,1.00
639,446,1.00
640,446,1.00
641,446,0.86
642,446,0.58
643,446,0.30
634,447,0.55
635,447,0.81
636,447,1.00
637,447,1.00
638,447,1.00
639,447,1.00
640,447,1.00
641,447,0.81
642,447,0.55
643,447,0.30
634,448,0.45
635,448,0.69
636,448,0.91
637,448,1.00
638,448,1.00
639,448,1.00
640,448,0.91
641,448,0.69
642,448,0.45
643,448,0.30
634,449,0.60
635,449,0.81
636,449,0.99
637,449,1.00
638,449,1.00
639,449,1.00
640,449,0.99
641,449,0.81
642,449,0.60
643,449,0.30
634,450,0.60
635,450,0.75
636,450,0.99
637,450,1.00
638,450,1.00
639,450,0.99
640,450,0.75
641,450,0.60
642,450,0.60
643,450,0.30
634,451,0.81
635,451,0.99
636,451,1.00
637,451,1.00
638,451,1.00
639,451,0.99
640,451,0.81
641,451,0.60
642,451,0.60
643,451,0.30
634,452,0.69
635,452,0.91
636,452,1.00
637,452,1.00
638,452,1.00
639,452,0.91
640,452,0.69
641,452,0.45
642,452,0.30
632,453,0.30
633,453,0.55
634,453,0.81
635,453,1.00
636,453,1.00
637,453,1.00
638,453,1.00
639,453,1.00
640,453,0.81
641,453,0.55
642,453,0.30
632,454,0.30
633,454,0.58
634,454,0.86
635,454,1.00
636,454,1.00
637,454,1.00
638,454,1.00
639,454,1.00
640,454,0.86
641,454,0.58
642,454,0.30
632,455,0.30
633,455,0.55
634,455,0.81
635,455,1.00
636,455,1.00
637,455,1.00
638,455,1.00
639,455,1.00
640,455,0.81
641,455,0.55
642,455,0.30
632,456,0.30
633,456,0.45
634,456,0.69
635,456,0.91
636,456,1.00
637,456,1.00
638,456,1.00
639,456,0.91
640,456,0.69
641,456,0.45
642,456,0.30
632,457,0.30
633,457,0.30
634,457,0.51
635,457,0.69
636,457,0.81
637,457,0.86
638,457,0.81
639,457,0.69
640,457,0.51
641,457,0.30
642,457,0.30
632,458,0.30
633,458,0.30
634,458,0.30
635,458,0.45
636,458,0.55
637,458,0.58
638,458,0.55
639,458,0.45
640,458,0.30
641,458,0.30
642,458,0.30
632,459,0.30
633,459,0.30
634,459,0.30
635,459,0.30
636,459,0.30
637,459,0.30
638,459,0.30
639,459,0.30
640,459,0.30
641,459,0.30
642,459,0.30
656,402,0.30
657,402,0.30
658,402,0.30
659,402,0.30
660,402,0.30
661,402,0.30
662,402,0.30
663,402,0.30
664,402,0.30
665,402,0.30
666,402,0.30
656,403,0.30
657,403,0.30
658,403,0.30
659,403,0.45
660,403,0.55
661,403,0.58
662,403,0.55
663,403,0.45
664,403,0.30
665,403,0.30
666,403,0.30
656,404,0.30
657,404,0.30
658,404,0.51
659,404,0.69
660,404,0.81
661,404,0.86
662,404,0.81
663,404,0.69
664,404,0.51
665,404,0.30
666,404,0.30
656,405,0.30
657,405,0.45
658,405,0.69
659,405,0.91
660,405,1.00
661,405,1.00
662,405,1.00
663,405,0.91
664,405,0.69
665,405,0.45
666,405,0.30
656,406,0.30
657,406,0.55
658,406,0.81
659,406,1.00
660,406,1.00
661,406,1.00
662,406,1.00
663,406,1.00
664,406,0.81
665,406,0.55
666,406,0.30
656,407,0.30
657,407,0.58
658,407,0.86
659,407,1.00
660,407,1.00
661,407,1.00
662,407,1.00
663,407,1.00
664,407,0.86
665,407,0.58
666,407,0.30
656,408,0.30
657,408,0.55
658,408,0.81
659,408,1.00
660,408,1.00
661,408,1.00
662,408,1.00
663,408,1.00
664,408,0.81
665,408,0.55
666,408,0.30
656,409,0.30
657,409,0.45
658,409,0.69
659,409,0.91
660,409,1.00
661,409,1.00
662,409,1.00
663,409,0.91
664,409,0.69
665,409,0.45
666,409,0.30
656,410,0.30
657,410,0.30
658,410,0.51
659,410,0.69
660,410,0.81
661,410,0.86
662,410,0.81
663,410,0.69
664,410,0.51
665,410,0.30
666,410,0.30
656,411,0.30
657,411,0.30
658,411,0.30
659,411,0.45
660,411,0.55
661,411,0.58
662,411,0.55
663,411,0.45
664,411,0.30
665,411,0.30
666,411,0.30
656,412,0.30
657,412,0.30
658,412,0.30
659,412,0.30
660,412,0.30
661,412,0.30
662,412,0.30
663,412,0.30
664,412,0.30
665,412,0.30
666,412,0.30
667,380,0.30
668,380,0.30
669,380,0.30
670,380,0.30
671,380,0.30
672,380,0.30
673,380,0.30
674,380,0.30
675,380,0.30
676,380,0.30
677,380,0.30
667,381,0.30
668,381,0.30
669,381,0.30
670,381,0.45
671,381,0.55
672,381,0.58
673,381,0.55
674,381,0.45
675,381,0.30
676,381,0.30
677,381,0.30
667,382,0.30
668,382,0.30
669,382,0.51
670,382,0.69
671,382,0.81
672,382,0.86
673,382,0.81
674,382,0.69
675,382,0.51
676,382,0.30
677,382,0.30
667,383,0.30
668,383,0.45
669,383,0.69
670,383,0.91
671,383,1.00
672,383,1.00
673,383,1.00
674,383,0.91
675,383,0.69
676,383,0.45
677,383,0.30
667,384,0.30
668,384,0.55
669,384,0.81
670,384,1.00
671,384,1.00
672,384,1.00
673,384,1.00
674,384,1.00
675,384,0.81
676,384,0.55
677,384,0.30
667,385,0.30
668,385,0.58
669,385,0.86
670,385,1.00
671,385,1.00
672,385,1.00
673,385,1.00
674,385,1.00
675,385,0.86
676,385,0.58
677,385,0.30
667,386,0.30
668,386,0.55
669,386,0.81
670,386,1.00
671,386,1.00
672,386,1.00
673,386,1.00
674,386,1.00
675,386,1.00
676,386,0.85
677,386,0.60
667,387,0.30
668,387,0.45
669,387,0.69
670,387,1.00
671,387,1.00
672,387,1.00
673,387,1.00
674,387,1.00
675,387,1.00
676,387,0.99
677,387,0.75
667,388,0.30
668,388,0.30
669,388,0.51
670,388,0.99
671,388,1.00
672,388,1.00
673,388,1.00
674,388,1.00
675,388,1.00
676,388,1.00
677,388,0.99
667,389,0.30
668,389,0.30
669,389,0.30
670,389,0.75
671,389,0.99
672,389,1.00
673,389,1.00
674,389,1.00
675,389,1.00
676,389,1.00
677,389,1.00
667,390,0.30
668,390,0.30
669,390,0.30
670,390,0.60
671,390,0.85
672,390,1.00
673,390,1.00
674,390,1.00
675,390,1.00
676,390,1.00
677,390,1.00
678,358,0.30
679,358,0.60
680,358,0.60
681,358,0.60
682,358,0.60
683,358,0.60
684,358,0.60
685,358,0.60
686,358,0.60
687,358,0.60
688,358,0.60
678,359,0.30
679,359,0.60
680,359,0.60
681,359,0.75
682,359,0.99
683,359,1.00
684,359,1.00
685,359,0.99
686,359,0.75
687,359,0.60
688,359,0.60
678,360,0.30
679,360,0.60
680,360,0.81
681,360,1.00
682,360,1.00
683,360,1.00
684,360,1.00
685,360,1.00
686,360,1.00
687,360,0.81
688,360,0.60
678,361,0.30
679,361,0.75
680,361,1.00
681,361,1.00
682,361,1.00
683,361,1.00
684,361,1.00
685,361,1.00
686,361,1.00
687,361,1.00
688,361,0.75
678,362,0.30
679,362,0.85
680,362,1.00
681,362,1.00
682,362,1.00
683,362,1.00
684,362,1.00
685,362,1.00
686,362,1.00
687,362,1.00
688,362,0.85
678,363,0.30
679,363,0.88
680,363,1.00
681,363,1.00
682,363,1.00
683,363,1.00
684,363,1.00
685,363,1.00
686,363,1.00
687,363,1.00
688,363,0.88
678,364,0.30
679,364,0.85
680,364,1.00
681,364,1.00
682,364,1.00
683,364,1.00
684,364,1.00
685,364,1.00
686,364,1.00
687,364,1.00
688,364,0.85
678,365,0.30
679,365,0.75
680,365,1.00
681,365,1.00
682,365,1.00
683,365,1.00
684,365,1.00
685,365,1.00
686,365,1.00
687,365,1.00
688,365,0.75
678,366,0.30
679,366,0.60
680,366,0.81
681,366,1.00
682,366,1.00
683,366,1.00
684,366,1.00
685,366,1.00
686,366,1.00
687,366,0.81
688,366,0.60
678,367,0.30
679,367,0.60
680,367,0.60
681,367,0.75
682,367,0.99
683,367,1.00
684,367,1.00
685,367,0.99
686,367,0.75
687,367,0.60
688,367,0.60
678,368,0.30
679,368,0.60
680,368,0.60
681,368,0.60
682,368,0.60
683,368,0.60
684,368,0.60
685,368,0.60
686,368,0.60
687,368,0.60
688,368,0.60
689,358,0.30
689,359,0.30
689,360,0.30
689,361,0.30
689,362,0.30
689,363,0.30
689,364,0.30
689,365,0.30
689,366,0.30
689,367,0.30
689,368,0.30
678,386,0.30
679,386,0.30
680,386,0.30
678,387,0.30
679,387,0.30
680,387,0.30
678,388,0.51
679,388,0.30
680,388,0.30
678,389,0.69
679,389,0.45
680,389,0.30
678,390,0.81
679,390,0.55
680,390,0.30
670,391,0.30
671,391,0.58
672,391,0.86
673,391,1.00
674,391,1.00
675,391,1.00
676,391,1.00
677,391,1.00
678,391,0.86
679,391,0.58
680,391,0.30
670,392,0.30
671,392,0.55
672,392,0.81
673,392,1.00
674,392,1.00
675,392,1.00
676,392,1.00
677,392,1.00
678,392,0.81
679,392,0.55
680,392,0.30
670,393,0.30
671,393,0.45
672,393,0.69
673,393,0.91
674,393,1.00
675,393,1.00
676,393,1.00
677,393,0.91
678,393,0.69
679,393,0.45
680,393,0.30
670,394,0.30
671,394,0.30
672,394,0.51
673,394,0.69
674,394,0.81
675,394,0.86
676,394,0.81
677,394,0.69
678,394,0.51
679,394,0.30
680,394,0.30
670,395,0.30
671,395,0.30
672,395,0.30
673,395,0.45
674,395,0.55
675,395,0.58
676,395,0.55
677,395,0.45
678,395,0.30
679,395,0.30
680,395,0.30
670,396,0.30
671,396,0.30
672,396,0.30
673,396,0.30
674,396,0.30
675,396,0.30
676,396,0.30
677,396,0.30
678,396,0.30
679,396,0.30
680,396,0.30
657,417,0.30
658,417,0.30
659,417,0.30
660,417,0.30
661,417,0.30
662,417,0.30
663,417,0.30
664,417,0.30
665,417,0.30
666,417,0.30
667,417,0.30
657,418,0.30
658,418,0.30
659,418,0.30
660,418,0.45
661,418,0.55
662,418,0.58
663,418,0.55
664,418,0.45
665,418,0.30
666,418,0.30
667,418,0.30
657,419,0.30
658,419,0.30
659,419,0.51
660,419,0.69
661,419,0.81
662,419,0.86
663,419,0.81
664,419,0.69
665,419,0.51
666,419,0.30
667,419,0.30
657,420,0.30
658,420,0.45
659,420,0.69
660,420,0.91
661,420,1.00
662,420,1.00
663,420,1.00
664,420,0.91
665,420,0.69
666,420,0.45
667,420,0.30
657,421,0.30
658,421,0.55
659,421,0.81
660,421,1.00
661,421,1.00
662,421,1.00
663,421,1.00
664,421,1.00
665,421,0.81
666,421,0.55
667,421,0.30
657,422,0.30
658,422,0.58
659,422,0.86
660,422,1.00
661,422,1.00
662,422,1.00
663,422,1.00
664,422,1.00
665,422,0.86
666,422,0.58
667,422,0.30
657,423,0.30
658,423,0.55
659,423,0.81
660,423,1.00
661,423,1.00
662,423,1.00
663,423,1.00
664,423,1.00
665,423,0.81
666,423,0.55
667,423,0.30
657,424,0.30
658,424,0.45
659,424,0.69
660,424,0.91
661,424,1.00
662,424,1.00
663,424,1.00
664,424,0.91
665,424,0.69
666,424,0.45
667,424,0.30
657,425,0.30
658,425,0.30
659,425,0.51
660,425,0.69
661,425,0.81
662,425,0.86
663,425,0.81
664,425,0.69
665,425,0.51
666,425,0.30
667,425,0.30
657,426,0.30
658,426,0.30
659,426,0.30
660,426,0.45
661,426,0.55
662,426,0.58
663,426,0.55
664,426,0.45
665,426,0.30
666,426,0.30
667,426,0.30
657,427,0.30
658,427,0.30
659,427,0.30
660,427,0.30
661,427,0.30
662,427,0.30
663,427,0.30
664,427,0.30
665,427,0.30
666,427,0.30
667,427,0.30
645,446,0.30
646,446,0.30
647,446,0.30
648,446,0.30
649,446,0.30
650,446,0.30
651,446,0.30
652,446,0.30
653,446,0.30
654,446,0.30
655,446,0.30
645,447,0.30
646,447,0.30
647,447,0.30
648,447,0.45
649,447,0.55
650,447,0.58
651,447,0.55
652,447,0.45
653,447,0.30
654,447,0.30
655,447,0.30
645,448,0.30
646,448,0.30
647,448,0.51
648,448,0.69
649,448,0.81
650,448,0.86
651,448,0.81
652,448,0.69
653,448,0.51
654,448,0.30
655,448,0.30
645,449,0.30
646,449,0.45
647,449,0.69
648,449,0.91
649,449,1.00
650,449,1.00
651,449,1.00
652,449,0.91
653,449,0.69
654,449,0.45
655,449,0.30
645,450,0.30
646,450,0.55
647,450,0.81
648,450,1.00
649,450,1.00
650,450,1.00
651,450,1.00
652,450,1.00
653,450,0.81
654,450,0.55
655,450,0.30
645,451,0.30
646,451,0.58
647,451,0.86
648,451,1.00
649,451,1.00
650,451,1.00
651,451,1.00
652,451,1.00
653,451,0.86
654,451,0.58
655,451,0.30
645,452,0.30
646,452,0.55
647,452,0.81
648,452,1.00
649,452,1.00
650,452,1.00
651,452,1.00
652,452,1.00
653,452,0.81
654,452,0.55
655,452,0.30
645,453,0.30
646,453,0.45
647,453,0.69
648,453,0.91
649,453,1.00
650,453,1.00
651,453,1.00
652,453,0.91
653,453,0.69
654,453,0.45
655,453,0.30
645,454,0.30
646,454,0.30
647,454,0.51
648,454,0.69
649,454,0.81
650,454,0.86
651,454,0.81
652,454,0.69
653,454,0.51
654,454,0.30
655,454,0.30
645,455,0.30
646,455,0.30
647,455,0.30
648,455,0.45
649,455,0.55
650,455,0.58
651,455,0.55
652,455,0.45
653,455,0.30
654,455,0.30
655,455,0.30
645,456,0.30
646,456,0.30
647,456,0.30
648,456,0.30
649,456,0.30
650,456,0.30
651,456,0.30
652,456,0.30
653,456,0.30
654,456,0.30
655,456,0.30
635,472,1.00
636,472,1.00
637,472,1.00
638,472,1.00
639,472,1.00
640,472,0.90
641,472,0.60
642,472,0.30
643,472,0.30
644,472,0.30
645,472,0.30
635,473,1.00
636,473,1.00
637,473,1.00
638,473,1.00
639,473,1.00
640,473,1.00
641,473,0.85
642,473,0.45
643,473,0.30
644,473,0.30
645,473,0.30
635,474,1.00
636,474,1.00
637,474,1.00
638,474,1.00
639,474,1.00
640,474,1.00
641,474,1.00
642,474,0.69
643,474,0.51
644,474,0.30
645,474,0.30
635,475,1.00
636,475,1.00
637,475,1.00
638,475,1.00
639,475,1.00
640,475,1.00
641,475,1.00
642,475,0.91
643,475,0.69
644,475,0.45
645,475,0.30
635,476,1.00
636,476,1.00
637,476,1.00
638,476,1.00
639,476,1.00
640,476,1.00
641,476,1.00
642,476,1.00
643,476,0.81
644,476,0.55
645,476,0.30
635,477,1.00
636,477,1.00
637,477,1.00
638,477,1.00
639,477,1.00
640,477,1.00
641,477,1.00
642,477,1.00
643,477,0.86
644,477,0.58
645,477,0.30
635,478,1.00
636,478,1.00
637,478,1.00
638,478,1.00
639,478,1.00
640,478,1.00
641,478,1.00
642,478,1.00
643,478,0.81
644,478,0.55
645,478,0.30
635,479,1.00
636,479,1.00
637,479,1.00
638,479,1.00
639,479,1.00
640,479,1.00
641,479,1.00
642,479,0.91
643,479,0.69
644,479,0.45
645,479,0.30
635,480,1.00
636,480,1.00
637,480,1.00
638,480,1.00
639,480,1.00
640,480,1.00
641,480,1.00
642,480,0.69
643,480,0.51
644,480,0.30
645,480,0.30
635,481,1.00
636,481,1.00
637,481,1.00
638,481,1.00
639,481,1.00
640,481,1.00
641,481,0.85
642,481,0.45
643,481,0.30
644,481,0.30
645,481,0.30
635,482,1.00
636,482,1.00
637,482,1.00
638,482,0.90
639,482,0.90
640,482,0.90
641,482,0.60
642,482,0.30
643,482,0.30
644,482,0.30
645,482,0.30
625,493,0.75
626,493,0.60
627,493,0.60
628,493,0.60
629,493,0.30
630,493,0.30
631,493,0.30
632,493,0.30
633,493,0.30
634,493,0.30
635,493,0.30
625,494,0.90
626,494,0.90
627,494,0.90
628,494,0.75
629,494,0.55
630,494,0.58
631,494,0.55
632,494,0.45
633,494,0.30
634,494,0.30
635,494,0.30
625,495,0.90
626,495,0.90
627,495,1.00
628,495,0.99
629,495,1.00
630,495,1.00
631,495,1.00
632,495,0.99
633,495,0.81
634,495,0.30
635,495,0.30
625,496,1.00
626,496,1.00
627,496,1.00
628,496,1.00
629,496,1.00
630,496,1.00
631,496,1.00
632,496,1.00
633,496,1.00
634,496,0.45
635,496,0.30
625,497,1.00
626,497,1.00
627,497,1.00
628,497,1.00
629,497,1.00
630,497,1.00
631,497,1.00
632,497,1.00
633,497,1.00
634,497,0.55
635,497,0.30
625,498,1.00
626,498,1.00
627,498,1.00
628,498,1.00
629,498,1.00
630,498,1.00
631,498,1.00
632,498,1.00
633,498,1.00
634,498,0.58
635,498,0.30
625,499,1.00
626,499,1.00
627,499,1.00
628,499,1.00
629,499,1.00
630,499,1.00
631,499,1.00
632,499,1.00
633,499,1.00
634,499,0.55
635,499,0.30
625,500,1.00
626,500,1.00
627,500,1.00
628,500,1.00
629,500,1.00
630,500,1.00
631,500,1.00
632,500,1.00
633,500,1.00
634,500,0.45
635,500,0.30
625,501,1.00
626,501,1.00
627,501,1.00
628,501,1.00
629,501,1.00
630,501,1.00
631,501,1.00
632,501,1.00
633,501,1.00
634,501,0.30
635,501,0.30
625,502,1.00
626,502,1.00
627,502,1.00
628,502,1.00
629,502,1.00
630,502,1.00
631,502,1.00
632,502,1.00
633,502,0.90
634,502,0.30
635,502,0.30
625,503,1.00
626,503,1.00
627,503,1.00
628,503,1.00
629,503,1.00
630,503,1.00
631,503,1.00
632,503,1.00
633,503,0.90
634,503,0.30
635,503,0.30
623,496,1.00
624,496,1.00
623,497,1.00
624,497,1.00
623,498,1.00
624,498,1.00
623,499,1.00
624,499,1.00
623,500,1.00
624,500,1.00
623,501,1.00
624,501,1.00
623,502,1.00
624,502,1.00
623,503,1.00
624,503,1.00
623,504,0.90
624,504,0.90
625,504,1.00
626,504,1.00
627,504,1.00
628,504,1.00
629,504,1.00
630,504,1.00
631,504,0.81
632,504,0.60
633,504,0.60
623,505,0.60
624,505,0.60
625,505,0.60
626,505,0.75
627,505,0.85
628,505,0.88
629,505,0.85
630,505,0.75
631,505,0.60
632,505,0.60
633,505,0.60
623,506,0.30
624,506,0.30
625,506,0.30
626,506,0.30
627,506,0.30
628,506,0.30
629,506,0.30
630,506,0.30
631,506,0.30
632,506,0.30
633,506,0.30
623,495,0.85
624,495,0.75
630,473,1.00
631,473,1.00
632,473,1.00
633,473,1.00
634,473,1.00
630,474,1.00
631,474,1.00
632,474,1.00
633,474,1.00
634,474,1.00
630,475,1.00
631,475,1.00
632,475,1.00
633,475,1.00
634,475,1.00
630,476,1.00
631,476,1.00
632,476,1.00
633,476,1.00
634,476,1.00
630,477,1.00
631,477,1.00
632,477,1.00
633,477,1.00
634,477,1.00
630,478,1.00
631,478,1.00
632,478,1.00
633,478,1.00
634,478,1.00
630,479,1.00
631,479,1.00
632,479,1.00
633,479,1.00
634,479,1.00
630,480,1.00
631,480,1.00
632,480,1.00
633,480,1.00
634,480,1.00
630,481,0.85
631,481,1.00
632,481,1.00
633,481,1.00
634,481,1.00
630,482,0.60
631,482,0.90
632,482,0.90
633,482,1.00
634,482,1.00
630,483,0.30
631,483,0.30
632,483,0.30
633,483,0.30
634,483,0.30
635,483,0.30
636,483,0.30
637,483,0.30
638,483,0.30
639,483,0.30
640,483,0.30
631,472,1.00
632,472,1.00
633,472,1.00
634,472,1.00
630,470,0.75
631,470,0.99
632,470,1.00
633,470,1.00
634,470,1.00
635,470,1.00
636,470,1.00
637,470,0.99
638,470,0.75
639,470,0.60
640,470,0.30
630,471,0.85
631,471,1.00
632,471,1.00
633,471,1.00
634,471,1.00
635,471,1.00
636,471,1.00
637,471,1.00
638,471,0.85
639,471,0.60
640,471,0.30
630,472,1.00
629,467,0.30
630,467,0.30
631,467,0.30
632,467,0.30
633,467,0.30
634,467,0.30
635,467,0.30
636,467,0.30
637,467,0.30
638,467,0.30
639,467,0.30
629,468,0.30
630,468,0.30
631,468,0.30
632,468,0.45
633,468,0.55
634,468,0.58
635,468,0.55
636,468,0.45
637,468,0.30
638,468,0.30
639,468,0.30
629,469,0.30
630,469,0.30
631,469,0.51
632,469,0.69
633,469,0.81
634,469,0.86
635,469,0.81
636,469,0.69
637,469,0.51
638,469,0.30
639,469,0.30
629,470,0.30
629,471,0.30
629,472,0.60
629,473,0.88
629,474,1.00
629,475,1.00
629,476,1.00
629,477,1.00
624,472,0.30
625,472,0.30
626,472,0.30
627,472,0.30
628,472,0.30
624,473,0.30
625,473,0.30
626,473,0.30
627,473,0.45
628,473,0.55
624,474,0.30
625,474,0.30
626,474,0.51
627,474,0.69
628,474,0.81
624,475,0.30
625,475,0.45
626,475,0.69
627,475,0.91
628,475,1.00
624,476,0.30
625,476,0.55
626,476,0.81
627,476,1.00
628,476,1.00
624,477,0.30
625,477,0.58
626,477,0.86
627,477,1.00
628,477,1.00
624,478,0.30
625,478,0.55
626,478,0.81
627,478,1.00
628,478,1.00
629,478,1.00
624,479,0.30
625,479,0.45
626,479,0.69
627,479,0.91
628,479,1.00
629,479,1.00
624,480,0.30
625,480,0.30
626,480,0.51
627,480,0.69
628,480,0.81
629,480,0.86
624,481,0.30
625,481,0.30
626,481,0.30
627,481,0.45
628,481,0.55
629,481,0.58
624,482,0.30
625,482,0.30
626,482,0.30
627,482,0.30
628,482,0.30
629,482,0.30
618,484,0.30
619,484,0.30
620,484,0.30
621,484,0.30
622,484,0.30
623,484,0.30
624,484,0.30
625,484,0.30
626,484,0.30
627,484,0.30
628,484,0.30
618,485,0.30
619,485,0.30
620,485,0.30
621,485,0.45
622,485,0.55
623,485,0.58
624,485,0.55
625,485,0.45
626,485,0.30
627,485,0.30
628,485,0.30
618,486,0.30
619,486,0.30
620,486,0.51
621,486,0.69
622,486,0.81
623,486,0.86
624,486,0.81
625,486,0.69
626,486,0.51
627,486,0.30
628,486,0.30
618,487,0.30
619,487,0.45
620,487,0.69
621,487,0.91
622,487,1.00
623,487,1.00
624,487,1.00
625,487,0.91
626,487,0.69
627,487,0.45
628,487,0.30
618,488,0.30
619,488,0.55
620,488,0.81
621,488,1.00
622,488,1.00
623,488,1.00
624,488,1.00
625,488,1.00
626,488,0.81
627,488,0.55
628,488,0.30
618,489,0.30
619,489,0.58
620,489,0.86
621,489,1.00
622,489,1.00
623,489,1.00
624,489,1.00
625,489,1.00
626,489,0.86
627,489,0.58
628,489,0.30
618,490,0.30
619,490,0.55
620,490,0.81
621,490,1.00
622,490,1.00
623,490,1.00
624,490,1.00
625,490,1.00
626,490,0.81
627,490,0.55
628,490,0.30
618,491,0.30
619,491,0.45
620,491,0.69
621,491,0.91
622,491,1.00
623,491,1.00
624,491,1.00
625,491,0.91
626,491,0.69
627,491,0.45
628,491,0.30
618,492,0.30
619,492,0.30
620,492,0.51
621,492,0.69
622,492,0.81
623,492,0.86
624,492,0.81
625,492,0.69
626,492,0.51
627,492,0.30
628,492,0.30
618,493,0.30
619,493,0.30
620,493,0.30
621,493,0.45
622,493,0.55
623,493,0.58
624,493,0.55
618,494,0.60
619,494,0.60
620,494,0.60
621,494,0.60
622,494,0.60
623,494,0.60
624,494,0.60
617,494,0.30
617,495,0.30
618,495,0.30
619,495,0.30
620,495,0.45
621,495,0.55
622,495,0.58
617,496,0.30
618,496,0.30
619,496,0.51
620,496,0.69
621,496,0.81
622,496,0.86
617,497,0.30
618,497,0.45
619,497,0.69
620,497,0.91
621,497,1.00
622,497,1.00
617,498,0.30
618,498,0.55
619,498,0.81
620,498,1.00
621,498,1.00
622,498,1.00
617,499,0.30
618,499,0.58
619,499,0.86
620,499,1.00
621,499,1.00
622,499,1.00
617,500,0.30
618,500,0.55
619,500,0.81
620,500,1.00
621,500,1.00
622,500,1.00
617,501,0.30
618,501,0.45
619,501,0.69
620,501,0.91
621,501,1.00
622,501,1.00
617,502,0.30
618,502,0.30
619,502,0.51
620,502,0.69
621,502,0.81
622,502,0.86
617,503,0.30
618,503,0.30
619,503,0.30
620,503,0.45
621,503,0.55
622,503,0.58
617,504,0.30
618,504,0.30
619,504,0.30
620,504,0.30
621,504,0.30
622,504,0.30
616,507,0.30
617,507,0.30
618,507,0.30
619,507,0.30
620,507,0.30
621,507,0.30
622,507,0.30
623,507,0.30
624,507,0.30
625,507,0.30
626,507,0.30
616,508,0.30
617,508,0.30
618,508,0.30
619,508,0.45
620,508,0.55
621,508,0.58
622,508,0.55
623,508,0.45
624,508,0.30
625,508,0.30
626,508,0.30
616,509,0.30
617,509,0.30
618,509,0.51
619,509,0.69
620,509,0.81
621,509,0.86
622,509,0.81
623,509,0.69
624,509,0.51
625,509,0.30
626,509,0.30
616,510,0.30
617,510,0.45
618,510,0.69
619,510,0.91
620,510,1.00
621,510,1.00
622,510,1.00
623,510,0.91
624,510,0.69
625,510,0.45
626,510,0.30
616,511,0.30
617,511,0.55
618,511,0.81
619,511,1.00
620,511,1.00
621,511,1.00
622,511,1.00
623,511,1.00
624,511,0.81
625,511,0.55
626,511,0.30
616,512,0.30
617,512,0.58
618,512,0.86
619,512,1.00
620,512,1.00
621,512,1.00
622,512,1.00
623,512,1.00
624,512,0.86
625,512,0.58
626,512,0.30
616,513,0.30
617,513,0.55
618,513,0.81
619,513,1.00
620,513,1.00
621,513,1.00
622,513,1.00
623,513,1.00
624,513,0.81
625,513,0.55
626,513,0.30
616,514,0.30
617,514,0.45
618,514,0.69
619,514,0.91
620,514,1.00
621,514,1.00
622,514,1.00
623,514,0.91
624,514,0.69
625,514,0.45
626,514,0.30
616,515,0.30
617,515,0.30
618,515,0.51
619,515,0.69
620,515,0.81
621,515,0.86
622,515,0.81
623,515,0.69
624,515,0.51
625,515,0.30
626,515,0.30
616,516,0.30
617,516,0.30
618,516,0.30
619,516,0.45
620,516,0.55
621,516,0.58
622,516,0.55
623,516,0.45
624,516,0.30
625,516,0.30
626,516,0.30
616,517,0.30
617,517,0.30
618,517,0.30
619,517,0.30
620,517,0.30
621,517,0.30
622,517,0.30
623,517,0.30
624,517,0.30
625,517,0.30
626,517,0.30
615,528,0.30
616,528,0.30
617,528,0.30
618,528,0.30
619,528,0.30
620,528,0.30
621,528,0.30
622,528,0.30
623,528,0.30
624,528,0.30
625,528,0.30
615,529,0.60
616,529,0.30
617,529,0.30
618,529,0.45
619,529,0.55
620,529,0.58
621,529,0.55
622,529,0.45
623,529,0.30
624,529,0.30
625,529,0.30
615,530,0.60
616,530,0.30
617,530,0.51
618,530,0.69
619,530,0.81
620,530,0.86
621,530,0.81
622,530,0.69
623,530,0.51
624,530,0.30
625,530,0.30
615,531,0.60
616,531,0.45
617,531,0.69
618,531,0.91
619,531,1.00
620,531,1.00
621,531,1.00
622,531,0.91
623,531,0.69
624,531,0.45
625,531,0.30
615,532,0.60
616,532,0.55
617,532,0.81
618,532,1.00
619,532,1.00
620,532,1.00
621,532,1.00
622,532,1.00
623,532,0.81
624,532,0.55
625,532,0.30
615,533,0.90
616,533,0.58
617,533,0.86
618,533,1.00
619,533,1.00
620,533,1.00
621,533,1.00
622,533,1.00
623,533,0.86
624,533,0.58
625,533,0.30
615,534,0.90
616,534,0.55
617,534,0.81
618,534,1.00
619,534,1.00
620,534,1.00
621,534,1.00
622,534,1.00
623,534,0.81
624,534,0.55
625,534,0.30
615,535,0.90
616,535,0.45
617,535,0.69
618,535,0.91
619,535,1.00
620,535,1.00
621,535,1.00
622,535,0.91
623,535,0.69
624,535,0.45
625,535,0.30
615,536,0.90
616,536,0.30
617,536,0.51
618,536,0.69
619,536,0.81
620,536,0.86
621,536,0.81
622,536,0.69
623,536,0.51
624,536,0.30
625,536,0.30
615,537,0.90
616,537,0.30
617,537,0.30
618,537,0.45
619,537,0.55
620,537,0.58
621,537,0.55
622,537,0.45
623,537,0.30
624,537,0.30
625,537,0.30
615,538,0.90
616,538,0.30
617,538,0.30
618,538,0.30
619,538,0.30
620,538,0.30
621,538,0.30
622,538,0.30
623,538,0.30
624,538,0.30
625,538,0.30
612,554,0.30
613,554,0.60
614,554,0.60
615,554,0.60
616,554,0.60
617,554,0.60
618,554,0.60
619,554,0.60
620,554,0.60
621,554,0.60
622,554,0.60
612,555,0.30
613,555,0.60
614,555,0.60
615,555,0.75
616,555,0.99
617,555,1.00
618,555,1.00
619,555,0.99
620,555,0.75
621,555,0.60
622,555,0.60
612,556,0.30
613,556,0.60
614,556,0.81
615,556,1.00
616,556,1.00
617,556,1.00
618,556,1.00
619,556,1.00
620,556,1.00
621,556,0.81
622,556,0.60
612,557,0.30
613,557,0.75
614,557,1.00
615,557,1.00
616,557,1.00
617,557,1.00
618,557,1.00
619,557,1.00
620,557,1.00
621,557,1.00
622,557,0.75
612,558,0.30
613,558,0.85
614,558,1.00
615,558,1.00
616,558,1.00
617,558,1.00
618,558,1.00
619,558,1.00
620,558,1.00
621,558,1.00
622,558,0.85
612,559,0.90
613,559,1.00
614,559,1.00
615,559,1.00
616,559,1.00
617,559,1.00
618,559,1.00
619,559,1.00
620,559,1.00
621,559,1.00
622,559,0.88
612,560,1.00
613,560,1.00
614,560,1.00
615,560,1.00
616,560,1.00
617,560,1.00
618,560,1.00
619,560,1.00
620,560,1.00
621,560,1.00
622,560,0.85
612,561,1.00
613,561,1.00
614,561,1.00
615,561,1.00
616,561,1.00
617,561,1.00
618,561,1.00
619,561,1.00
620,561,1.00
621,561,1.00
622,561,0.75
612,562,1.00
613,562,1.00
614,562,1.00
615,562,1.00
616,562,1.00
617,562,1.00
618,562,1.00
619,562,1.00
620,562,1.00
621,562,0.81
622,562,0.60
612,563,1.00
613,563,1.00
614,563,1.00
615,563,1.00
616,563,1.00
617,563,1.00
618,563,1.00
619,563,0.99
620,563,0.75
621,563,0.60
622,563,0.60
612,564,1.00
613,564,1.00
614,564,1.00
615,564,1.00
616,564,1.00
617,564,1.00
618,564,0.90
619,564,0.60
620,564,0.60
621,564,0.60
622,564,0.60
611,566,1.00
612,566,1.00
613,566,1.00
614,566,1.00
615,566,1.00
616,566,1.00
617,566,1.00
618,566,0.90
619,566,0.60
620,566,0.60
621,566,0.30
611,567,1.00
612,567,1.00
613,567,1.00
614,567,1.00
615,567,1.00
616,567,1.00
617,567,1.00
618,567,1.00
619,567,0.60
620,567,0.60
621,567,0.30
611,568,1.00
612,568,1.00
613,568,1.00
614,568,1.00
615,568,1.00
616,568,1.00
617,568,1.00
618,568,1.00
619,568,0.81
620,568,0.60
621,568,0.30
611,569,1.00
612,569,1.00
613,569,1.00
614,569,1.00
615,569,1.00
616,569,1.00
617,569,1.00
618,569,1.00
619,569,1.00
620,569,0.75
621,569,0.30
611,570,1.00
612,570,1.00
613,570,1.00
614,570,1.00
615,570,1.00
616,570,1.00
617,570,1.00
618,570,1.00
619,570,1.00
620,570,0.85
621,570,0.30
611,571,0.88
612,571,1.00
613,571,1.00
614,571,1.00
615,571,1.00
616,571,1.00
617,571,1.00
618,571,1.00
619,571,1.00
620,571,0.88
621,571,0.30
611,572,0.85
612,572,1.00
613,572,1.00
614,572,1.00
615,572,1.00
616,572,1.00
617,572,1.00
618,572,1.00
619,572,1.00
620,572,0.85
621,572,0.30
611,573,0.75
612,573,1.00
613,573,1.00
614,573,1.00
615,573,1.00
616,573,1.00
617,573,1.00
618,573,1.00
619,573,1.00
620,573,0.75
621,573,0.30
611,574,0.60
612,574,0.81
613,574,1.00
614,574,1.00
615,574,1.00
616,574,1.00
617,574,1.00
618,574,1.00
619,574,0.81
620,574,0.60
621,574,0.30
611,575,0.60
612,575,0.60
613,575,0.75
614,575,0.99
615,575,1.00
616,575,1.00
617,575,0.99
618,575,0.75
619,575,0.60
620,575,0.60
621,575,0.30
611,576,0.60
612,576,0.60
613,576,0.60
614,576,0.60
615,576,0.60
616,576,0.60
617,576,0.60
618,576,0.60
619,576,0.60
620,576,0.60
621,576,0.30
610,566,1.00
610,567,1.00
610,568,1.00
610,569,1.00
610,570,0.60
610,571,0.30
610,572,0.30
610,573,0.30
610,574,0.30
610,575,0.30
610,576,0.30
608,559,0.60
609,559,0.60
610,559,0.60
611,559,0.60
608,560,0.90
609,560,1.00
610,560,1.00
611,560,1.00
608,561,1.00
609,561,1.00
610,561,1.00
611,561,1.00
608,562,1.00
609,562,1.00
610,562,1.00
611,562,1.00
608,563,1.00
609,563,1.00
610,563,1.00
611,563,1.00
608,564,1.00
609,564,1.00
610,564,1.00
611,564,1.00
608,565,1.00
609,565,1.00
610,565,1.00
611,565,1.00
612,565,1.00
613,565,1.00
614,565,1.00
615,565,1.00
616,565,1.00
617,565,0.55
618,565,0.30
608,566,1.00
609,566,1.00
608,567,1.00
609,567,1.00
608,568,1.00
609,568,1.00
608,569,0.90
609,569,1.00
606,539,1.00
607,539,1.00
608,539,1.00
609,539,1.00
610,539,1.00
611,539,1.00
612,539,1.00
613,539,1.00
614,539,1.00
615,539,0.90
616,539,0.30
606,540,0.75
607,540,0.99
608,540,1.00
609,540,1.00
610,540,1.00
611,540,1.00
612,540,1.00
613,540,1.00
614,540,0.75
615,540,0.60
616,540,0.30
606,541,0.60
607,541,0.81
608,541,1.00
609,541,1.00
610,541,1.00
611,541,1.00
612,541,1.00
613,541,1.00
614,541,0.81
615,541,0.60
616,541,0.30
606,542,0.60
607,542,0.75
608,542,1.00
609,542,1.00
610,542,1.00
611,542,1.00
612,542,1.00
613,542,1.00
614,542,0.99
615,542,0.75
616,542,0.30
606,543,0.60
607,543,0.85
608,543,1.00
609,543,1.00
610,543,1.00
611,543,1.00
612,543,1.00
613,543,1.00
614,543,1.00
615,543,0.85
616,543,0.30
606,544,0.30
607,544,0.58
608,544,0.86
609,544,1.00
610,544,1.00
611,544,1.00
612,544,1.00
613,544,1.00
614,544,0.86
615,544,0.58
616,544,0.30
606,545,0.30
607,545,0.55
608,545,0.81
609,545,1.00
610,545,1.00
611,545,1.00
612,545,1.00
613,545,1.00
614,545,0.81
615,545,0.55
616,545,0.30
606,546,0.30
607,546,0.45
608,546,0.69
609,546,0.91
610,546,1.00
611,546,1.00
612,546,1.00
613,546,0.91
614,546,0.69
615,546,0.45
616,546,0.30
606,547,0.30
607,547,0.30
608,547,0.51
609,547,0.69
610,547,0.81
611,547,0.86
612,547,0.81
613,547,0.69
614,547,0.51
615,547,0.30
616,547,0.30
606,548,0.30
607,548,0.30
608,548,0.30
609,548,0.45
610,548,0.55
611,548,0.58
612,548,0.55
613,548,0.45
614,548,0.30
615,548,0.30
616,548,0.30
606,549,0.30
607,549,0.30
608,549,0.30
609,549,0.30
610,549,0.30
611,549,0.30
612,549,0.30
613,549,0.30
614,549,0.30
615,549,0.30
616,549,0.30
605,529,0.30
606,529,0.30
607,529,0.30
608,529,0.30
609,529,0.30
610,529,0.30
611,529,0.30
612,529,0.30
613,529,0.30
614,529,0.30
605,530,0.30
606,530,0.30
607,530,0.30
608,530,0.45
609,530,0.55
610,530,0.58
611,530,0.55
612,530,0.45
613,530,0.30
614,530,0.30
605,531,0.30
606,531,0.30
607,531,0.51
608,531,0.69
609,531,0.81
610,531,0.86
611,531,0.81
612,531,0.69
613,531,0.51
614,531,0.30
605,532,0.30
606,532,0.45
607,532,0.69
608,532,0.91
609,532,1.00
610,532,1.00
611,532,1.00
612,532,0.91
613,532,0.69
614,532,0.45
605,533,0.60
606,533,0.85
607,533,1.00
608,533,1.00
609,533,1.00
610,533,1.00
611,533,1.00
612,533,1.00
613,533,1.00
614,533,0.85
605,534,0.60
606,534,0.88
607,534,1.00
608,534,1.00
609,534,1.00
610,534,1.00
611,534,1.00
612,534,1.00
613,534,1.00
614,534,0.88
605,535,0.60
606,535,0.85
607,535,1.00
608,535,1.00
609,535,1.00
610,535,1.00
611,535,1.00
612,535,1.00
613,535,1.00
614,535,0.85
605,536,0.60
606,536,0.90
607,536,1.00
608,536,1.00
609,536,1.00
610,536,1.00
611,536,1.00
612,536,1.00
613,536,1.00
614,536,0.90
605,537,0.60
606,537,0.85
607,537,1.00
608,537,1.00
609,537,1.00
610,537,1.00
611,537,1.00
612,537,1.00
613,537,1.00
614,537,0.85
605,538,0.60
606,538,0.88
607,538,1.00
608,538,1.00
609,538,1.00
610,538,1.00
611,538,1.00
612,538,1.00
613,538,1.00
614,538,0.88
605,539,0.60
605,540,0.30
605,541,0.30
605,542,0.30
605,543,0.30
606,560,0.60
607,560,0.60
606,561,0.60
607,561,0.60
606,562,0.60
607,562,0.75
606,563,0.60
607,563,0.99
606,564,0.60
607,564,1.00
606,565,0.60
607,565,1.00
606,566,0.60
607,566,0.99
606,567,0.60
607,567,0.75
606,568,0.60
607,568,0.60
606,569,0.60
607,569,0.60
606,570,0.30
607,570,0.30
608,570,0.30
609,570,0.30
606,559,0.30
607,559,0.30
623,554,0.60
623,555,0.60
623,556,0.60
623,557,0.60
623,558,0.60
623,559,0.60
623,560,0.60
623,561,0.60
623,562,0.60
623,563,0.60
623,564,0.60
624,554,0.30
625,554,0.30
626,554,0.30
627,554,0.30
628,554,0.30
629,554,0.30
630,554,0.30
631,554,0.30
632,554,0.30
633,554,0.30
624,555,0.30
625,555,0.30
626,555,0.45
627,555,0.55
628,555,0.58
629,555,0.55
630,555,0.45
631,555,0.30
632,555,0.30
633,555,0.30
624,556,0.30
625,556,0.51
626,556,0.69
627,556,0.81
628,556,0.86
629,556,0.81
630,556,0.69
631,556,0.51
632,556,0.30
633,556,0.30
624,557,0.45
625,557,0.69
626,557,0.91
627,557,1.00
628,557,1.00
629,557,1.00
630,557,0.91
631,557,0.69
632,557,0.45
633,557,0.30
624,558,0.55
625,558,0.81
626,558,1.00
627,558,1.00
628,558,1.00
629,558,1.00
630,558,1.00
631,558,0.81
632,558,0.55
633,558,0.30
624,559,0.58
625,559,0.86
626,559,1.00
627,559,1.00
628,559,1.00
629,559,1.00
630,559,1.00
631,559,0.86
632,559,0.58
633,559,0.30
624,560,0.55
625,560,0.81
626,560,1.00
627,560,1.00
628,560,1.00
629,560,1.00
630,560,1.00
631,560,0.81
632,560,0.55
633,560,0.30
624,561,0.45
625,561,0.69
626,561,0.91
627,561,1.00
628,561,1.00
629,561,1.00
630,561,0.91
631,561,0.69
632,561,0.45
633,561,0.30
624,562,0.30
625,562,0.51
626,562,0.69
627,562,0.81
628,562,0.86
629,562,0.81
630,562,0.69
631,562,0.51
632,562,0.30
633,562,0.30
624,563,0.30
625,563,0.30
626,563,0.45
627,563,0.55
628,563,0.58
629,563,0.55
630,563,0.45
631,563,0.30
632,563,0.30
633,563,0.30
624,564,0.30
625,564,0.30
626,564,0.30
627,564,0.30
628,564,0.30
629,564,0.30
630,564,0.30
631,564,0.30
632,564,0.30
633,564,0.30
636,556,0.60
637,556,0.60
638,556,0.60
639,556,0.60
640,556,0.60
641,556,0.60
642,556,0.60
643,556,0.60
644,556,0.60
645,556,0.60
646,556,0.60
636,557,0.90
637,557,1.00
638,557,1.00
639,557,1.00
640,557,1.00
641,557,1.00
642,557,1.00
643,557,1.00
644,557,1.00
645,557,1.00
646,557,1.00
636,558,0.90
637,558,1.00
638,558,1.00
639,558,1.00
640,558,1.00
641,558,1.00
642,558,1.00
643,558,1.00
644,558,1.00
645,558,1.00
646,558,1.00
636,559,0.90
637,559,1.00
638,559,1.00
639,559,1.00
640,559,1.00
641,559,1.00
642,559,1.00
643,559,1.00
644,559,1.00
645,559,1.00
646,559,1.00
636,560,0.90
637,560,1.00
638,560,1.00
639,560,1.00
640,560,1.00
641,560,1.00
642,560,1.00
643,560,1.00
644,560,1.00
645,560,1.00
646,560,1.00
636,561,0.90
637,561,1.00
638,561,1.00
639,561,1.00
640,561,1.00
641,561,1.00
642,561,1.00
643,561,1.00
644,561,1.00
645,561,1.00
646,561,1.00
636,562,0.90
637,562,1.00
638,562,1.00
639,562,1.00
640,562,1.00
641,562,1.00
642,562,1.00
643,562,1.00
644,562,1.00
645,562,1.00
646,562,1.00
636,563,0.90
637,563,1.00
638,563,1.00
639,563,1.00
640,563,1.00
641,563,1.00
642,563,1.00
643,563,1.00
644,563,1.00
645,563,1.00
646,563,1.00
636,564,0.90
637,564,1.00
638,564,1.00
639,564,1.00
640,564,1.00
641,564,1.00
642,564,1.00
643,564,1.00
644,564,1.00
645,564,1.00
646,564,1.00
636,565,0.90
637,565,1.00
638,565,1.00
639,565,1.00
640,565,1.00
641,565,1.00
642,565,1.00
643,565,1.00
644,565,1.00
645,565,1.00
646,565,1.00
636,566,0.90
637,566,1.00
638,566,1.00
639,566,1.00
640,566,1.00
641,566,1.00
642,566,1.00
643,566,1.00
644,566,1.00
645,566,1.00
646,566,1.00
636,567,0.30
637,567,1.00
638,567,1.00
639,567,1.00
640,567,1.00
641,567,1.00
642,567,1.00
643,567,1.00
644,567,1.00
645,567,1.00
646,567,1.00
631,570,0.30
632,570,0.30
633,570,0.30
634,570,0.30
635,570,0.30
636,570,0.30
637,570,0.60
638,570,0.60
639,570,0.60
640,570,0.75
641,570,0.85
631,571,0.30
632,571,0.30
633,571,0.30
634,571,0.45
635,571,0.55
636,571,0.58
637,571,0.85
638,571,0.75
639,571,0.60
640,571,0.60
641,571,0.60
631,572,0.30
632,572,0.30
633,572,0.51
634,572,0.69
635,572,0.81
636,572,0.86
637,572,0.81
638,572,0.69
639,572,0.51
640,572,0.30
641,572,0.30
631,573,0.30
632,573,0.45
633,573,0.69
634,573,0.91
635,573,1.00
636,573,1.00
637,573,1.00
638,573,0.91
639,573,0.69
640,573,0.45
641,573,0.30
631,574,0.30
632,574,0.55
633,574,0.81
634,574,1.00
635,574,1.00
636,574,1.00
637,574,1.00
638,574,1.00
639,574,0.81
640,574,0.55
641,574,0.30
631,575,0.30
632,575,0.58
633,575,0.86
634,575,1.00
635,575,1.00
636,575,1.00
637,575,1.00
638,575,1.00
639,575,0.86
640,575,0.58
641,575,0.30
631,576,0.90
632,576,1.00
633,576,1.00
634,576,1.00
635,576,1.00
636,576,1.00
637,576,1.00
638,576,1.00
639,576,0.81
640,576,0.55
641,576,0.30
631,577,1.00
632,577,1.00
633,577,1.00
634,577,1.00
635,577,1.00
636,577,1.00
637,577,1.00
638,577,1.00
639,577,0.69
640,577,0.45
641,577,0.30
631,578,1.00
632,578,1.00
633,578,1.00
634,578,1.00
635,578,1.00
636,578,1.00
637,578,1.00
638,578,1.00
639,578,0.51
640,578,0.30
641,578,0.30
631,579,1.00
632,579,1.00
633,579,1.00
634,579,1.00
635,579,1.00
636,579,1.00
637,579,1.00
638,579,1.00
639,579,0.30
640,579,0.30
641,579,0.30
631,580,1.00
632,580,1.00
633,580,1.00
634,580,1.00
635,580,1.00
636,580,1.00
637,580,1.00
638,580,0.90
639,580,0.30
640,580,0.30
641,580,0.30
628,576,0.60
629,576,0.60
630,576,0.60
628,577,0.60
629,577,0.60
630,577,0.60
628,578,0.60
629,578,0.60
630,578,1.00
628,579,0.60
629,579,0.90
630,579,1.00
628,580,0.60
629,580,1.00
630,580,1.00
628,581,0.60
629,581,1.00
630,581,1.00
631,581,1.00
632,581,1.00
633,581,1.00
634,581,1.00
635,581,1.00
636,581,1.00
637,581,1.00
638,581,0.60
628,582,0.60
629,582,1.00
630,582,1.00
631,582,1.00
632,582,1.00
633,582,1.00
634,582,1.00
635,582,1.00
636,582,1.00
637,582,1.00
638,582,0.60
628,583,0.60
629,583,0.90
630,583,1.00
631,583,1.00
632,583,1.00
633,583,1.00
634,583,1.00
635,583,1.00
636,583,1.00
637,583,0.90
638,583,0.60
628,584,0.60
629,584,0.60
630,584,1.00
631,584,1.00
632,584,1.00
633,584,1.00
634,584,1.00
635,584,1.00
636,584,1.00
637,584,0.60
638,584,0.60
628,585,0.60
629,585,0.60
630,585,0.60
631,585,0.90
632,585,1.00
633,585,1.00
634,585,1.00
635,585,0.90
636,585,0.60
637,585,0.60
638,585,0.60
628,586,0.60
629,586,0.60
630,586,0.60
631,586,0.60
632,586,0.60
633,586,0.60
634,586,0.60
635,586,0.60
636,586,0.60
637,586,0.60
638,586,0.60
636,531,0.30
637,531,0.60
638,531,0.60
639,531,0.81
640,531,0.99
641,531,1.00
642,531,1.00
643,531,1.00
644,531,1.00
645,531,1.00
646,531,1.00
636,532,0.30
637,532,0.60
638,532,0.75
639,532,1.00
640,532,1.00
641,532,1.00
642,532,1.00
643,532,1.00
644,532,1.00
645,532,1.00
646,532,1.00
636,533,0.30
637,533,0.60
638,533,1.00
639,533,1.00
640,533,1.00
641,533,1.00
642,533,1.00
643,533,1.00
644,533,1.00
645,533,1.00
646,533,1.00
636,534,0.30
637,534,0.75
638,534,1.00
639,534,1.00
640,534,1.00
641,534,1.00
642,534,1.00
643,534,1.00
644,534,1.00
645,534,1.00
646,534,1.00
636,535,0.30
637,535,0.85
638,535,1.00
639,535,1.00
640,535,1.00
641,535,1.00
642,535,1.00
643,535,1.00
644,535,1.00
645,535,1.00
646,535,1.00
636,536,0.60
637,536,1.00
638,536,1.00
639,536,1.00
640,536,1.00
641,536,1.00
642,536,1.00
643,536,1.00
644,536,1.00
645,536,1.00
646,536,1.00
636,537,0.90
637,537,1.00
638,537,1.00
639,537,1.00
640,537,1.00
641,537,1.00
642,537,1.00
643,537,1.00
644,537,1.00
645,537,1.00
646,537,1.00
636,538,1.00
637,538,1.00
638,538,1.00
639,538,1.00
640,538,1.00
641,538,1.00
642,538,1.00
643,538,1.00
644,538,1.00
645,538,1.00
646,538,1.00
636,539,1.00
637,539,1.00
638,539,1.00
639,539,1.00
640,539,1.00
641,539,1.00
642,539,1.00
643,539,1.00
644,539,1.00
645,539,1.00
646,539,1.00
636,540,1.00
637,540,1.00
638,540,1.00
639,540,1.00
640,540,1.00
641,540,1.00
642,540,1.00
643,540,1.00
644,540,1.00
645,540,0.60
646,540,0.60
636,541,1.00
637,541,1.00
638,541,1.00
639,541,1.00
640,541,1.00
641,541,1.00
642,541,1.00
643,541,1.00
644,541,0.90
645,541,0.30
646,541,0.30
637,505,0.60
638,505,0.75
639,505,0.99
640,505,1.00
641,505,1.00
642,505,1.00
643,505,1.00
644,505,1.00
645,505,1.00
646,505,1.00
647,505,1.00
637,506,0.60
638,506,0.85
639,506,1.00
640,506,1.00
641,506,1.00
642,506,1.00
643,506,1.00
644,506,1.00
645,506,1.00
646,506,1.00
647,506,1.00
637,507,0.60
638,507,0.88
639,507,1.00
640,507,1.00
641,507,1.00
642,507,1.00
643,507,1.00
644,507,1.00
645,507,1.00
646,507,1.00
647,507,0.90
637,508,0.60
638,508,0.99
639,508,1.00
640,508,1.00
641,508,1.00
642,508,1.00
643,508,1.00
644,508,1.00
645,508,1.00
646,508,0.99
647,508,0.60
637,509,0.60
638,509,1.00
639,509,1.00
640,509,1.00
641,509,1.00
642,509,1.00
643,509,1.00
644,509,1.00
645,509,1.00
646,509,1.00
647,509,0.90
637,510,0.60
638,510,1.00
639,510,1.00
640,510,1.00
641,510,1.00
642,510,1.00
643,510,1.00
644,510,1.00
645,510,1.00
646,510,1.00
647,510,0.90
637,511,0.60
638,511,1.00
639,511,1.00
640,511,1.00
641,511,1.00
642,511,1.00
643,511,1.00
644,511,1.00
645,511,1.00
646,511,1.00
647,511,0.90
637,512,0.60
638,512,1.00
639,512,1.00
640,512,1.00
641,512,1.00
642,512,1.00
643,512,1.00
644,512,1.00
645,512,1.00
646,512,1.00
647,512,1.00
637,513,0.30
638,513,0.60
639,513,1.00
640,513,1.00
641,513,1.00
642,513,1.00
643,513,1.00
644,513,1.00
645,513,1.00
646,513,1.00
647,513,0.85
637,514,0.30
638,514,0.60
639,514,0.88
640,514,1.00
641,514,1.00
642,514,1.00
643,514,1.00
644,514,1.00
645,514,1.00
646,514,1.00
647,514,0.88
637,515,0.30
638,515,0.60
639,515,0.85
640,515,1.00
641,515,1.00
642,515,1.00
643,515,1.00
644,515,1.00
645,515,1.00
646,515,1.00
647,515,0.85
637,502,0.30
638,502,0.30
639,502,0.30
640,502,0.30
641,502,0.30
642,502,0.30
643,502,0.30
644,502,0.90
645,502,1.00
646,502,1.00
647,502,1.00
637,503,0.30
638,503,0.30
639,503,0.30
640,503,0.45
641,503,0.55
642,503,0.58
643,503,0.55
644,503,1.00
645,503,1.00
646,503,1.00
647,503,1.00
637,504,0.30
638,504,0.30
639,504,0.51
640,504,0.69
641,504,0.81
642,504,0.86
643,504,0.81
644,504,0.99
645,504,0.96
646,504,0.99
647,504,1.00
648,509,0.30
648,510,0.30
648,511,0.30
648,512,0.30
648,513,0.30
648,514,0.30
648,515,0.30
638,516,0.30
639,516,0.45
640,516,0.69
641,516,0.91
642,516,1.00
643,516,1.00
644,516,1.00
645,516,0.91
646,516,0.69
647,516,0.45
648,516,0.30
638,517,0.30
639,517,0.30
640,517,0.51
641,517,0.69
642,517,0.81
643,517,0.86
644,517,0.81
645,517,0.69
646,517,0.51
647,517,0.30
648,517,0.30
638,518,0.30
639,518,0.30
640,518,0.30
641,518,0.45
642,518,0.55
643,518,0.58
644,518,0.55
645,518,0.45
646,518,0.30
647,518,0.30
648,518,0.30
638,519,0.30
639,519,0.30
640,519,0.30
641,519,0.30
642,519,0.30
643,519,0.30
644,519,0.30
645,519,0.30
646,519,0.30
647,519,0.30
648,519,0.30
640,544,1.00
641,544,1.00
642,544,1.00
643,544,1.00
644,544,0.90
645,544,0.30
646,544,0.30
647,544,0.30
648,544,0.30
649,544,0.30
650,544,0.30
640,545,1.00
641,545,1.00
642,545,1.00
643,545,1.00
644,545,1.00
645,545,0.58
646,545,0.55
647,545,0.45
648,545,0.30
649,545,0.30
650,545,0.30
640,546,1.00
641,546,1.00
642,546,1.00
643,546,1.00
644,546,1.00
645,546,0.86
646,546,0.81
647,546,0.69
648,546,0.51
649,546,0.30
650,546,0.30
640,547,0.60
641,547,0.75
642,547,0.99
643,547,1.00
644,547,1.00
645,547,1.00
646,547,1.00
647,547,0.91
648,547,0.69
649,547,0.45
650,547,0.30
640,548,0.30
641,548,0.55
642,548,0.81
643,548,1.00
644,548,1.00
645,548,1.00
646,548,1.00
647,548,1.00
648,548,0.81
649,548,0.55
650,548,0.30
640,549,0.30
641,549,0.58
642,549,0.86
643,549,1.00
644,549,1.00
645,549,1.00
646,549,1.00
647,549,1.00
648,549,0.86
649,549,0.58
650,549,0.30
640,550,0.30
641,550,0.55
642,550,0.81
643,550,1.00
644,550,1.00
645,550,1.00
646,550,1.00
647,550,1.00
648,550,0.81
649,550,0.55
650,550,0.30
640,551,0.30
641,551,0.45
642,551,0.69
643,551,0.91
644,551,1.00
645,551,1.00
646,551,1.00
647,551,0.91
648,551,0.69
649,551,0.45
650,551,0.30
640,552,0.30
641,552,0.30
642,552,0.51
643,552,0.69
644,552,0.81
645,552,0.86
646,552,0.81
647,552,0.69
648,552,0.51
649,552,0.30
650,552,0.30
640,553,0.30
641,553,0.30
642,553,0.30
643,553,0.45
644,553,0.55
645,553,0.58
646,553,0.55
647,553,0.45
648,553,0.30
649,553,0.30
650,553,0.30
640,554,0.30
641,554,0.30
642,554,0.30
643,554,0.30
644,554,0.30
645,554,0.30
646,554,0.30
647,554,0.30
648,554,0.30
649,554,0.30
650,554,0.30
647,558,0.60
647,559,0.60
647,560,0.60
647,561,0.90
647,562,0.90
647,563,0.90
647,564,0.90
647,565,0.90
647,566,0.90
647,567,0.90
637,568,0.60
638,568,0.75
639,568,0.99
640,568,1.00
641,568,1.00
642,568,1.00
643,568,1.00
644,568,1.00
645,568,0.99
646,568,0.75
647,568,0.60
637,569,0.30
638,569,0.30
639,569,0.51
640,569,0.69
641,569,0.81
642,569,0.86
643,569,0.81
644,569,0.69
645,569,0.51
646,569,0.30
647,569,0.30
642,570,0.58
643,570,0.55
644,570,0.45
645,570,0.30
646,570,0.30
647,570,0.30
642,571,0.30
643,571,0.30
644,571,0.30
645,571,0.30
646,571,0.30
647,571,0.30
647,557,0.30
642,530,0.88
643,530,0.85
644,530,0.75
645,530,0.60
646,530,0.60
647,530,0.60
648,530,0.30
649,530,0.30
650,530,0.30
651,530,0.30
652,530,0.30
647,531,0.88
648,531,0.55
649,531,0.45
650,531,0.30
651,531,0.30
652,531,0.30
647,532,1.00
648,532,0.81
649,532,0.69
650,532,0.51
651,532,0.30
652,532,0.30
647,533,1.00
648,533,1.00
649,533,0.91
650,533,0.69
651,533,0.45
652,533,0.30
647,534,1.00
648,534,1.00
649,534,1.00
650,534,0.81
651,534,0.55
652,534,0.30
647,535,1.00
648,535,1.00
649,535,1.00
650,535,0.86
651,535,0.58
652,535,0.30
647,536,1.00
648,536,1.00
649,536,1.00
650,536,0.81
651,536,0.55
652,536,0.30
647,537,1.00
648,537,1.00
649,537,0.91
650,537,0.69
651,537,0.45
652,537,0.30
647,538,1.00
648,538,0.81
649,538,0.69
650,538,0.51
651,538,0.30
652,538,0.30
647,539,0.88
648,539,0.55
649,539,0.45
650,539,0.30
651,539,0.30
652,539,0.30
647,540,0.30
648,540,0.30
649,540,0.30
650,540,0.30
651,540,0.30
652,540,0.30
644,493,0.60
645,493,0.85
646,493,1.00
647,493,1.00
648,493,1.00
649,493,1.00
650,493,1.00
651,493,1.00
652,493,1.00
653,493,0.85
654,493,0.60
644,494,0.60
645,494,0.88
646,494,1.00
647,494,1.00
648,494,1.00
649,494,1.00
650,494,1.00
651,494,1.00
652,494,1.00
653,494,0.88
654,494,0.60
644,495,0.60
645,495,0.85
646,495,1.00
647,495,1.00
648,495,1.00
649,495,1.00
650,495,1.00
651,495,1.00
652,495,1.00
653,495,0.85
654,495,0.60
644,496,0.60
645,496,0.90
646,496,1.00
647,496,1.00
648,496,1.00
649,496,1.00
650,496,1.00
651,496,1.00
652,496,1.00
653,496,0.90
654,496,0.60
644,497,0.90
645,497,1.00
646,497,1.00
647,497,1.00
648,497,1.00
649,497,1.00
650,497,1.00
651,497,1.00
652,497,1.00
653,497,1.00
654,497,0.90
644,498,0.90
645,498,1.00
646,498,1.00
647,498,1.00
648,498,1.00
649,498,1.00
650,498,1.00
651,498,1.00
652,498,1.00
653,498,1.00
654,498,0.90
644,499,0.90
645,499,1.00
646,499,1.00
647,499,1.00
648,499,1.00
649,499,1.00
650,499,1.00
651,499,1.00
652,499,1.00
653,499,1.00
654,499,0.90
644,500,0.60
645,500,0.90
646,500,1.00
647,500,1.00
648,500,1.00
649,500,1.00
650,500,1.00
651,500,1.00
652,500,1.00
653,500,0.90
654,500,0.60
644,501,0.60
645,501,0.85
646,501,1.00
647,501,1.00
648,501,1.00
649,501,1.00
650,501,1.00
651,501,1.00
652,501,1.00
653,501,0.85
654,501,0.60
648,502,1.00
649,502,1.00
650,502,1.00
651,502,1.00
652,502,1.00
653,502,0.88
654,502,0.60
648,503,1.00
649,503,1.00
650,503,1.00
651,503,1.00
652,503,1.00
653,503,0.85
654,503,0.60
644,489,0.30
645,489,0.30
646,489,0.30
647,489,0.30
648,489,0.30
649,489,0.30
650,489,0.30
651,489,0.30
652,489,0.30
653,489,0.30
654,489,0.30
644,490,0.30
645,490,0.30
646,490,0.30
647,490,0.45
648,490,0.55
649,490,0.58
650,490,0.55
651,490,0.45
652,490,0.30
653,490,0.30
654,490,0.30
644,491,0.30
645,491,0.30
646,491,0.51
647,491,0.69
648,491,0.81
649,491,0.86
650,491,0.81
651,491,0.69
652,491,0.51
653,491,0.30
654,491,0.30
644,492,0.30
645,492,0.45
646,492,0.69
647,492,0.91
648,492,1.00
649,492,1.00
650,492,1.00
651,492,0.91
652,492,0.69
653,492,0.45
654,492,0.30
648,504,1.00
649,504,1.00
650,504,1.00
651,504,0.91
652,504,0.69
653,504,0.45
654,504,0.30
648,505,0.81
649,505,0.86
650,505,0.81
651,505,0.69
652,505,0.51
653,505,0.30
654,505,0.30
648,506,0.55
649,506,0.58
650,506,0.55
651,506,0.45
652,506,0.30
653,506,0.30
654,506,0.30
648,507,0.30
649,507,0.30
650,507,0.30
651,507,0.30
652,507,0.30
653,507,0.30
654,507,0.30
637,529,0.30
638,529,0.30
639,529,0.30
640,529,0.30
641,529,0.30
642,529,0.30
643,529,0.30
644,529,0.30
645,529,0.30
646,529,0.30
647,529,0.30
637,530,0.30
638,530,0.30
639,530,0.30
640,530,0.45
641,530,0.55
634,536,0.30
635,536,0.30
634,537,0.60
635,537,0.60
634,538,0.60
635,538,0.60
634,539,0.60
635,539,0.75
634,540,0.60
635,540,0.99
634,541,0.60
635,541,1.00
634,542,0.60
635,542,1.00
636,542,1.00
637,542,1.00
638,542,1.00
639,542,1.00
640,542,1.00
641,542,1.00
642,542,1.00
643,542,1.00
644,542,0.60
634,543,0.60
635,543,0.99
636,543,1.00
637,543,1.00
638,543,1.00
639,543,1.00
640,543,1.00
641,543,1.00
642,543,1.00
643,543,0.99
644,543,0.60
634,544,0.60
635,544,0.75
636,544,1.00
637,544,1.00
638,544,1.00
639,544,1.00
634,545,0.60
635,545,0.60
636,545,0.81
637,545,1.00
638,545,1.00
639,545,1.00
634,546,0.60
635,546,0.60
636,546,0.60
637,546,0.75
638,546,0.85
639,546,0.88
634,547,0.30
635,547,0.30
636,547,0.30
637,547,0.30
638,547,0.30
639,547,0.30

632,515,0.60
633,515,0.60
634,515,0.60
635,515,0.60
636,515,0.60
637,515,0.60
638,515,0.60
639,515,0.60
640,515,0.60
641,515,0.90
642,515,0.90
632,516,0.60
633,516,0.60
634,516,0.60
635,516,0.90
636,516,1.00
637,516,1.00
638,516,1.00
639,516,0.90
640,516,0.60
641,516,0.90
642,516,0.90
632,517,0.60
633,517,0.60
634,517,1.00
635,517,1.00
636,517,1.00
637,517,1.00
638,517,1.00
639,517,1.00
640,517,1.00
641,517,0.90
642,517,0.90
632,518,0.60
633,518,0.90
634,518,1.00
635,518,1.00
636,518,1.00
637,518,1.00
638,518,1.00
639,518,1.00
640,518,1.00
641,518,1.00
642,518,1.00
632,519,0.60
633,519,1.00
634,519,1.00
635,519,1.00
636,519,1.00
637,519,1.00
638,519,1.00
639,519,1.00
640,519,1.00
641,519,1.00
642,519,1.00
632,520,0.60
633,520,1.00
634,520,1.00
635,520,1.00
636,520,1.00
637,520,1.00
638,520,1.00
639,520,1.00
640,520,1.00
641,520,1.00
642,520,1.00
632,521,0.60
633,521,1.00
634,521,1.00
635,521,1.00
636,521,1.00
637,521,1.00
638,521,1.00
639,521,1.00
640,521,1.00
641,521,1.00
642,521,1.00
632,522,0.60
633,522,0.90
634,522,1.00
635,522,1.00
636,522,1.00
637,522,1.00
638,522,1.00
639,522,1.00
640,522,1.00
641,522,1.00
642,522,1.00
632,523,0.60
633,523,0.60
634,523,1.00
635,523,1.00
636,523,1.00
637,523,1.00
638,523,1.00
639,523,1.00
640,523,1.00
641,523,0.90
642,523,0.90
632,524,0.60
633,524,0.60
634,524,0.60
635,524,0.90
636,524,1.00
637,524,1.00
638,524,1.00
639,524,0.90
640,524,0.60
641,524,0.90
642,524,0.90
632,525,0.60
633,525,0.60
634,525,0.60
635,525,0.60
636,525,0.60
637,525,0.60
638,525,0.60
639,525,0.60
640,525,0.60
641,525,0.90
642,525,0.90
643,515,0.30
644,515,0.30
645,515,0.30
646,515,0.30
647,515,0.30
648,515,0.30
649,515,0.30
650,515,0.30
651,515,0.30
643,516,0.30
644,516,0.45
645,516,0.55
646,516,0.58
647,516,0.55
648,516,0.45
649,516,0.30
650,516,0.30
651,516,0.30
643,517,0.51
644,517,0.69
645,517,0.81
646,517,0.86
647,517,0.81
648,517,0.69
649,517,0.51
650,517,0.30
651,517,0.30
643,518,0.69
644,518,0.91
645,518,1.00
646,518,1.00
647,518,1.00
648,518,0.91
649,518,0.69
650,518,0.45
651,518,0.30
643,519,0.81
644,519,1.00
645,519,1.00
646,519,1.00
647,519,1.00
648,519,1.00
649,519,0.81
650,519,0.55
651,519,0.30
643,520,0.86
644,520,1.00
645,520,1.00
646,520,1.00
647,520,1.00
648,520,1.00
649,520,0.86
650,520,0.58
651,520,0.30
643,521,0.81
644,521,1.00
645,521,1.00
646,521,1.00
647,521,1.00
648,521,1.00
649,521,0.81
650,521,0.55
651,521,0.30
643,522,0.69
644,522,0.91
645,522,1.00
646,522,1.00
647,522,1.00
648,522,0.91
649,522,0.69
650,522,0.45
651,522,0.30
643,523,0.51
644,523,0.69
645,523,0.81
646,523,0.86
647,523,0.81
648,523,0.69
649,523,0.51
650,523,0.30
651,523,0.30
643,524,0.30
644,524,0.45
645,524,0.55
646,524,0.58
647,524,0.55
648,524,0.45
649,524,0.30
650,524,0.30
651,524,0.30
643,525,0.30
644,525,0.30
645,525,0.30
646,525,0.30
647,525,0.30
648,525,0.30
649,525,0.30
650,525,0.30
651,525,0.30
655,517,0.75
656,517,0.85
657,517,1.00
658,517,1.00
659,517,1.00
660,517,1.00
661,517,1.00
662,517,1.00
663,517,1.00
664,517,1.00
665,517,1.00
655,518,0.60
656,518,0.90
657,518,1.00
658,518,1.00
659,518,1.00
660,518,1.00
661,518,1.00
662,518,1.00
663,518,1.00
664,518,1.00
665,518,1.00
655,519,0.30
656,519,0.60
657,519,1.00
658,519,1.00
659,519,1.00
660,519,1.00
661,519,1.00
662,519,1.00
663,519,1.00
664,519,1.00
665,519,1.00
655,520,0.30
656,520,0.75
657,520,0.99
658,520,1.00
659,520,1.00
660,520,1.00
661,520,1.00
662,520,1.00
663,520,1.00
664,520,1.00
665,520,1.00
655,521,0.30
656,521,0.85
657,521,1.00
658,521,1.00
659,521,1.00
660,521,1.00
661,521,1.00
662,521,1.00
663,521,1.00
664,521,1.00
665,521,1.00
655,522,0.30
656,522,0.88
657,522,1.00
658,522,1.00
659,522,1.00
660,522,1.00
661,522,1.00
662,522,1.00
663,522,1.00
664,522,1.00
665,522,1.00
655,523,0.30
656,523,0.85
657,523,1.00
658,523,1.00
659,523,1.00
660,523,1.00
661,523,1.00
662,523,1.00
663,523,1.00
664,523,1.00
665,523,1.00
655,524,0.30
656,524,0.75
657,524,1.00
658,524,1.00
659,524,1.00
660,524,1.00
661,524,1.00
662,524,1.00
663,524,1.00
664,524,1.00
665,524,1.00
655,525,0.30
656,525,0.60
657,525,1.00
658,525,1.00
659,525,1.00
660,525,1.00
661,525,1.00
662,525,1.00
663,525,1.00
664,525,1.00
665,525,1.00
655,526,0.30
656,526,0.60
657,526,0.90
658,526,1.00
659,526,1.00
660,526,1.00
661,526,1.00
662,526,1.00
663,526,1.00
664,526,1.00
665,526,1.00
655,527,0.30
656,527,0.60
657,527,0.90
658,527,1.00
659,527,1.00
660,527,1.00
661,527,1.00
662,527,1.00
663,527,1.00
664,527,1.00
665,527,1.00
664,515,1.00
665,515,1.00
666,515,1.00
667,515,1.00
668,515,1.00
669,515,1.00
670,515,1.00
671,515,1.00
672,515,1.00
673,515,1.00
674,515,1.00
664,516,1.00
665,516,1.00
666,516,1.00
667,516,1.00
668,516,1.00
669,516,1.00
670,516,1.00
671,516,1.00
672,516,1.00
673,516,1.00
674,516,1.00
666,517,1.00
667,517,1.00
668,517,1.00
669,517,1.00
670,517,1.00
671,517,1.00
672,517,1.00
673,517,1.00
674,517,1.00
666,518,1.00
667,518,1.00
668,518,1.00
669,518,1.00
670,518,1.00
671,518,1.00
672,518,1.00
673,518,1.00
674,518,1.00
666,519,1.00
667,519,1.00
668,519,1.00
669,519,1.00
670,519,1.00
671,519,1.00
672,519,1.00
673,519,1.00
674,519,1.00
666,520,1.00
667,520,1.00
668,520,1.00
669,520,1.00
670,520,1.00
671,520,1.00
672,520,1.00
673,520,1.00
674,520,1.00
666,521,1.00
667,521,1.00
668,521,1.00
669,521,1.00
670,521,1.00
671,521,1.00
672,521,1.00
673,521,1.00
674,521,1.00
666,522,1.00
667,522,1.00
668,522,1.00
669,522,1.00
670,522,1.00
671,522,1.00
672,522,1.00
673,522,1.00
674,522,1.00
666,523,1.00
667,523,1.00
668,523,1.00
669,523,1.00
670,523,1.00
671,523,1.00
672,523,1.00
673,523,1.00
674,523,1.00
666,524,1.00
667,524,1.00
668,524,1.00
669,524,1.00
670,524,1.00
671,524,1.00
672,524,1.00
673,524,1.00
674,524,1.00
666,525,1.00
667,525,1.00
668,525,1.00
669,525,1.00
670,525,1.00
671,525,1.00
672,525,1.00
673,525,1.00
674,525,1.00
688,507,0.85
689,507,0.88
690,507,0.85
691,507,0.75
692,507,0.60
693,507,0.60
694,507,0.60
695,507,0.30
696,507,0.30
697,507,0.60
698,507,0.60
688,508,1.00
689,508,1.00
690,508,1.00
691,508,1.00
692,508,1.00
693,508,0.88
694,508,0.85
695,508,0.45
696,508,0.30
697,508,0.60
698,508,0.60
688,509,1.00
689,509,1.00
690,509,1.00
691,509,1.00
692,509,1.00
693,509,1.00
694,509,1.00
695,509,0.69
696,509,0.51
697,509,0.60
698,509,0.60
688,510,1.00
689,510,1.00
690,510,1.00
691,510,1.00
692,510,1.00
693,510,1.00
694,510,1.00
695,510,0.91
696,510,0.69
697,510,0.75
698,510,0.75
688,511,1.00
689,511,1.00
690,511,1.00
691,511,1.00
692,511,1.00
693,511,1.00
694,511,1.00
695,511,1.00
696,511,0.81
697,511,0.85
698,511,0.85
688,512,1.00
689,512,1.00
690,512,1.00
691,512,1.00
692,512,1.00
693,512,1.00
694,512,1.00
695,512,1.00
696,512,0.86
697,512,0.88
698,512,1.00
688,513,1.00
689,513,1.00
690,513,1.00
691,513,1.00
692,513,1.00
693,513,1.00
694,513,1.00
695,513,1.00
696,513,0.81
697,513,0.85
698,513,1.00
688,514,1.00
689,514,1.00
690,514,1.00
691,514,1.00
692,514,1.00
693,514,1.00
694,514,1.00
695,514,0.91
696,514,0.69
697,514,0.75
698,514,1.00
688,515,1.00
689,515,1.00
690,515,1.00
691,515,1.00
692,515,1.00
693,515,1.00
694,515,1.00
695,515,0.69
696,515,0.51
697,515,0.60
698,515,0.90
688,516,1.00
689,516,1.00
690,516,1.00
691,516,1.00
692,516,1.00
693,516,0.88
694,516,0.85
695,516,0.45
696,516,0.30
697,516,0.60
698,516,1.00
688,517,1.00
689,517,1.00
690,517,1.00
691,517,0.90
692,517,0.90
693,517,0.60
694,517,0.90
695,517,0.90
696,517,0.90
697,517,1.00
698,517,1.00
699,507,0.30
700,507,0.60
701,507,0.60
702,507,0.60
703,507,0.60
704,507,0.60
705,507,0.60
706,507,0.60
707,507,0.60
699,508,0.30
700,508,0.75
701,508,0.85
702,508,0.88
703,508,0.99
704,508,0.99
705,508,0.88
706,508,0.85
707,508,0.75
699,509,0.51
700,509,0.99
701,509,1.00
702,509,1.00
703,509,1.00
704,509,1.00
705,509,1.00
706,509,1.00
707,509,0.99
699,510,0.69
700,510,1.00
701,510,1.00
702,510,1.00
703,510,1.00
704,510,1.00
705,510,1.00
706,510,1.00
707,510,1.00
699,511,0.81
700,511,1.00
701,511,1.00
702,511,1.00
703,511,1.00
704,511,1.00
705,511,1.00
706,511,1.00
707,511,1.00
699,512,1.00
700,512,1.00
701,512,1.00
702,512,1.00
703,512,1.00
704,512,1.00
705,512,1.00
706,512,1.00
707,512,1.00
699,513,1.00
700,513,1.00
701,513,1.00
702,513,1.00
703,513,1.00
704,513,1.00
705,513,1.00
706,513,1.00
707,513,1.00
699,514,0.99
700,514,1.00
701,514,1.00
702,514,1.00
703,514,1.00
704,514,1.00
705,514,1.00
706,514,1.00
707,514,1.00
699,515,0.96
700,515,1.00
701,515,1.00
702,515,1.00
703,515,1.00
704,515,1.00
705,515,1.00
706,515,1.00
707,515,1.00
699,516,1.00
700,516,1.00
701,516,1.00
702,516,1.00
703,516,1.00
704,516,1.00
705,516,1.00
706,516,1.00
707,516,1.00
699,517,1.00
700,517,1.00
701,517,1.00
702,517,1.00
703,517,1.00
704,517,1.00
705,517,1.00
706,517,1.00
707,517,1.00
708,510,0.99
709,510,0.75
710,510,0.60
711,510,0.30
712,510,0.30
713,510,0.30
714,510,0.30
715,510,0.30
708,511,1.00
709,511,1.00
710,511,0.88
711,511,0.55
712,511,0.45
713,511,0.30
714,511,0.30
715,511,0.30
708,512,1.00
709,512,1.00
710,512,1.00
711,512,0.81
712,512,0.69
713,512,0.51
714,512,0.30
715,512,0.30
708,513,1.00
709,513,1.00
710,513,1.00
711,513,1.00
712,513,0.91
713,513,0.69
714,513,0.45
715,513,0.30
708,514,1.00
709,514,1.00
710,514,1.00
711,514,1.00
712,514,1.00
713,514,0.81
714,514,0.55
715,514,0.30
708,515,1.00
709,515,1.00
710,515,1.00
711,515,1.00
712,515,1.00
713,515,0.86
714,515,0.58
715,515,0.30
708,516,1.00
709,516,1.00
710,516,1.00
711,516,1.00
712,516,1.00
713,516,0.81
714,516,0.55
715,516,0.30
708,517,1.00
709,517,1.00
710,517,1.00
711,517,1.00
712,517,0.91
713,517,0.69
714,517,0.45
715,517,0.30
705,518,1.00
706,518,1.00
707,518,1.00
708,518,1.00
709,518,0.81
710,518,0.86
711,518,0.81
712,518,0.69
713,518,0.51
714,518,0.30
715,518,0.30
705,519,1.00
706,519,1.00
707,519,1.00
708,519,1.00
709,519,0.55
710,519,0.58
711,519,0.55
712,519,0.75
713,519,0.60
714,519,0.60
715,519,0.60
705,520,1.00
706,520,1.00
707,520,1.00
708,520,0.90
709,520,0.30
710,520,0.60
711,520,0.60
712,520,0.90
713,520,0.90
714,520,0.90
715,520,1.00
717,516,0.30
718,516,0.30
719,516,0.30
720,516,0.30
721,516,0.30
722,516,0.30
723,516,0.90
724,516,1.00
725,516,1.00
726,516,1.00
727,516,1.00
717,517,0.30
718,517,0.30
719,517,0.30
720,517,0.45
721,517,0.55
722,517,0.58
723,517,1.00
724,517,1.00
725,517,1.00
726,517,1.00
727,517,1.00
717,518,0.30
718,518,0.30
719,518,0.51
720,518,0.69
721,518,0.81
722,518,0.86
723,518,1.00
724,518,1.00
725,518,1.00
726,518,1.00
727,518,1.00
717,519,0.60
718,519,0.75
719,519,0.99
720,519,1.00
721,519,1.00
722,519,1.00
723,519,1.00
724,519,1.00
725,519,1.00
726,519,1.00
727,519,1.00
717,520,1.00
718,520,1.00
719,520,1.00
720,520,1.00
721,520,1.00
722,520,1.00
723,520,1.00
724,520,1.00
725,520,1.00
726,520,1.00
727,520,1.00
717,521,1.00
718,521,1.00
719,521,1.00
720,521,1.00
721,521,1.00
722,521,1.00
723,521,1.00
724,521,1.00
725,521,1.00
726,521,1.00
727,521,1.00
717,522,1.00
718,522,1.00
719,522,1.00
720,522,1.00
721,522,1.00
722,522,1.00
723,522,1.00
724,522,1.00
725,522,1.00
726,522,1.00
727,522,1.00
717,523,1.00
718,523,1.00
719,523,1.00
720,523,1.00
721,523,1.00
722,523,1.00
723,523,1.00
724,523,1.00
725,523,1.00
726,523,1.00
727,523,1.00
717,524,1.00
718,524,1.00
719,524,1.00
720,524,1.00
721,524,1.00
722,524,1.00
723,524,0.81
724,524,0.99
725,524,1.00
726,524,1.00
727,524,1.00
717,525,1.00
718,525,1.00
719,525,1.00
720,525,1.00
721,525,1.00
722,525,1.00
723,525,1.00
724,525,1.00
725,525,1.00
726,525,1.00
727,525,1.00
717,526,1.00
718,526,1.00
719,526,1.00
720,526,1.00
721,526,1.00
722,526,1.00
723,526,1.00
724,526,1.00
725,526,1.00
726,526,1.00
727,526,1.00
728,520,1.00
729,520,1.00
730,520,1.00
731,520,1.00
732,520,1.00
733,520,1.00
734,520,1.00
728,521,1.00
729,521,1.00
730,521,1.00
731,521,1.00
732,521,1.00
733,521,1.00
734,521,1.00
728,522,1.00
729,522,1.00
730,522,1.00
731,522,1.00
732,522,1.00
733,522,1.00
734,522,1.00
728,523,1.00
729,523,1.00
730,523,1.00
731,523,1.00
732,523,1.00
733,523,1.00
734,523,0.90
728,524,1.00
729,524,1.00
730,524,1.00
731,524,1.00
732,524,1.00
733,524,1.00
734,524,1.00
728,525,1.00
729,525,1.00
730,525,1.00
731,525,1.00
732,525,1.00
733,525,1.00
734,525,1.00
728,526,1.00
729,526,1.00
730,526,1.00
731,526,1.00
732,526,1.00
733,526,1.00
734,526,1.00
724,527,1.00
725,527,1.00
726,527,1.00
727,527,1.00
728,527,1.00
729,527,1.00
730,527,1.00
731,527,1.00
732,527,1.00
733,527,1.00
734,527,1.00
724,528,1.00
725,528,1.00
726,528,1.00
727,528,1.00
728,528,1.00
729,528,1.00
730,528,1.00
731,528,1.00
732,528,1.00
733,528,1.00
734,528,1.00
724,529,1.00
725,529,1.00
726,529,1.00
727,529,1.00
728,529,1.00
729,529,1.00
730,529,1.00
731,529,1.00
732,529,1.00
733,529,1.00
734,529,1.00
724,530,1.00
725,530,1.00
726,530,1.00
727,530,1.00
728,530,1.00
729,530,1.00
730,530,1.00
731,530,1.00
732,530,1.00
733,530,1.00
734,530,0.90
735,521,0.90
735,522,0.90
735,523,0.60
735,524,0.60
735,525,0.60
735,526,0.60
735,527,0.60
735,528,0.60
735,529,0.60
735,530,0.60
725,531,1.00
726,531,1.00
727,531,1.00
728,531,1.00
729,531,0.85
730,531,0.88
731,531,0.85
732,531,0.75
733,531,0.60
734,531,0.60
735,531,0.60
725,532,1.00
726,532,1.00
727,532,1.00
728,532,0.90
729,532,0.30
730,532,0.30
731,532,0.30
732,532,0.30
733,532,0.30
734,532,0.30
735,532,0.30
693,545,0.30
694,545,0.30
695,545,0.60
696,545,0.88
697,545,1.00
698,545,1.00
699,545,1.00
700,545,1.00
701,545,1.00
702,545,1.00
703,545,1.00
693,546,0.30
694,546,0.30
695,546,0.60
696,546,0.99
697,546,1.00
698,546,1.00
699,546,1.00
700,546,1.00
701,546,1.00
702,546,1.00
703,546,1.00
693,547,0.30
694,547,0.30
695,547,0.81
696,547,1.00
697,547,1.00
698,547,1.00
699,547,1.00
700,547,1.00
701,547,1.00
702,547,1.00
703,547,0.99
693,548,0.30
694,548,0.45
695,548,0.99
696,548,1.00
697,548,1.00
698,548,1.00
699,548,1.00
700,548,1.00
701,548,1.00
702,548,1.00
703,548,0.81
693,549,0.30
694,549,0.55
695,549,1.00
696,549,1.00
697,549,1.00
698,549,1.00
699,549,1.00
700,549,1.00
701,549,1.00
702,549,0.99
703,549,0.60
693,550,0.30
694,550,0.58
695,550,1.00
696,550,1.00
697,550,1.00
698,550,1.00
699,550,1.00
700,550,1.00
701,550,1.00
702,550,0.88
703,550,0.60
693,551,0.30
694,551,0.55
695,551,0.81
696,551,1.00
697,551,1.00
698,551,1.00
699,551,1.00
700,551,1.00
701,551,0.81
702,551,0.55
703,551,0.30
693,552,0.30
694,552,0.45
695,552,0.69
696,552,0.91
697,552,1.00
698,552,1.00
699,552,1.00
700,552,0.91
701,552,0.69
702,552,0.45
703,552,0.30
693,553,0.30
694,553,0.30
695,553,0.51
696,553,0.69
697,553,0.81
698,553,0.86
699,553,0.81
700,553,0.69
701,553,0.51
702,553,0.30
703,553,0.30
693,554,0.30
694,554,0.30
695,554,0.30
696,554,0.45
697,554,0.55
698,554,0.58
699,554,0.55
700,554,0.45
701,554,0.30
702,554,0.30
703,554,0.30
693,555,0.30
694,555,0.30
695,555,0.30
696,555,0.30
697,555,0.30
698,555,0.30
699,555,0.30
700,555,0.30
701,555,0.30
702,555,0.30
703,555,0.30
662,563,1.00
663,563,1.00
664,563,1.00
665,563,1.00
666,563,1.00
667,563,1.00
668,563,1.00
669,563,1.00
670,563,1.00
671,563,1.00
672,563,1.00
662,564,0.99
663,564,1.00
664,564,1.00
665,564,1.00
666,564,1.00
667,564,1.00
668,564,1.00
669,564,0.90
670,564,1.00
671,564,1.00
672,564,1.00
662,565,0.81
663,565,0.99
664,565,1.00
665,565,1.00
666,565,1.00
667,565,1.00
668,565,1.00
669,565,0.99
670,565,1.00
671,565,1.00
672,565,1.00
662,566,0.60
663,566,0.90
664,566,1.00
665,566,1.00
666,566,1.00
667,566,1.00
668,566,1.00
669,566,1.00
670,566,1.00
671,566,1.00
672,566,1.00
662,567,0.60
663,567,0.85
664,567,1.00
665,567,1.00
666,567,1.00
667,567,1.00
668,567,1.00
669,567,1.00
670,567,1.00
671,567,1.00
672,567,1.00
662,568,0.90
663,568,1.00
664,568,1.00
665,568,1.00
666,568,1.00
667,568,1.00
668,568,1.00
669,568,1.00
670,568,1.00
671,568,1.00
672,568,0.90
662,569,1.00
663,569,1.00
664,569,1.00
665,569,1.00
666,569,1.00
667,569,1.00
668,569,1.00
669,569,1.00
670,569,1.00
671,569,1.00
672,569,0.90
662,570,1.00
663,570,1.00
664,570,1.00
665,570,1.00
666,570,1.00
667,570,1.00
668,570,1.00
669,570,0.91
670,570,0.69
671,570,0.45
672,570,0.30
662,571,1.00
663,571,1.00
664,571,1.00
665,571,0.99
666,571,0.81
667,571,0.86
668,571,0.81
669,571,0.69
670,571,0.51
671,571,0.30
672,571,0.30
662,572,1.00
663,572,1.00
664,572,1.00
665,572,0.75
666,572,0.55
667,572,0.58
668,572,0.55
669,572,0.45
670,572,0.30
671,572,0.30
672,572,0.30
662,573,1.00
663,573,1.00
664,573,1.00
665,573,0.60
666,573,0.30
667,573,0.30
668,573,0.30
669,573,0.30
670,573,0.30
671,573,0.30
672,573,0.30
655,568,1.00
656,568,1.00
657,568,1.00
658,568,1.00
659,568,0.60
660,568,0.60
661,568,0.60
655,569,1.00
656,569,1.00
657,569,1.00
658,569,1.00
659,569,1.00
660,569,1.00
661,569,0.99
655,570,0.60
656,570,0.81
657,570,1.00
658,570,1.00
659,570,1.00
660,570,1.00
661,570,1.00
655,571,0.75
656,571,1.00
657,571,1.00
658,571,1.00
659,571,1.00
660,571,1.00
661,571,1.00
655,572,0.85
656,572,1.00
657,572,1.00
658,572,1.00
659,572,1.00
660,572,1.00
661,572,1.00
655,573,0.88
656,573,1.00
657,573,1.00
658,573,1.00
659,573,1.00
660,573,1.00
661,573,1.00
655,574,0.85
656,574,1.00
657,574,1.00
658,574,1.00
659,574,1.00
660,574,1.00
661,574,1.00
662,574,1.00
663,574,1.00
664,574,0.85
665,574,0.30
655,575,1.00
656,575,1.00
657,575,1.00
658,575,1.00
659,575,1.00
660,575,1.00
661,575,1.00
662,575,1.00
663,575,1.00
664,575,0.75
665,575,0.30
655,576,1.00
656,576,1.00
657,576,1.00
658,576,1.00
659,576,1.00
660,576,1.00
661,576,1.00
662,576,1.00
663,576,0.81
664,576,0.60
665,576,0.30
655,577,1.00
656,577,1.00
657,577,1.00
658,577,0.99
659,577,1.00
660,577,1.00
661,577,0.99
662,577,0.75
663,577,0.60
664,577,0.60
665,577,0.30
655,578,1.00
656,578,1.00
657,578,0.90
658,578,0.60
659,578,0.60
660,578,0.60
661,578,0.60
662,578,0.60
663,578,0.60
664,578,0.60
665,578,0.30
654,568,1.00
654,569,0.90
654,570,0.30
654,571,0.30
654,572,0.30
654,573,0.30
654,574,0.30
654,575,0.60
654,576,0.90
654,577,1.00
654,578,1.00
674,558,0.88
675,558,0.60
676,558,0.30
677,558,0.30
678,558,0.30
679,558,0.30
680,558,0.60
681,558,0.75
682,558,0.99
683,558,1.00
684,558,1.00
674,559,1.00
675,559,1.00
676,559,0.90
677,559,1.00
678,559,1.00
679,559,1.00
680,559,1.00
681,559,0.99
682,559,1.00
683,559,1.00
684,559,1.00
674,560,1.00
675,560,1.00
676,560,1.00
677,560,1.00
678,560,1.00
679,560,1.00
680,560,1.00
681,560,1.00
682,560,1.00
683,560,1.00
684,560,1.00
674,561,1.00
675,561,1.00
676,561,1.00
677,561,1.00
678,561,1.00
679,561,1.00
680,561,1.00
681,561,1.00
682,561,1.00
683,561,1.00
684,561,1.00
674,562,1.00
675,562,1.00
676,562,1.00
677,562,1.00
678,562,1.00
679,562,1.00
680,562,1.00
681,562,1.00
682,562,1.00
683,562,1.00
684,562,1.00
674,563,1.00
675,563,1.00
676,563,1.00
677,563,1.00
678,563,1.00
679,563,1.00
680,563,1.00
681,563,1.00
682,563,1.00
683,563,1.00
684,563,1.00
674,564,1.00
675,564,1.00
676,564,1.00
677,564,1.00
678,564,1.00
679,564,1.00
680,564,1.00
681,564,1.00
682,564,1.00
683,564,0.99
684,564,0.85
674,565,1.00
675,565,1.00
676,565,1.00
677,565,1.00
678,565,1.00
679,565,1.00
680,565,1.00
681,565,1.00
682,565,0.99
683,565,0.75
684,565,0.60
674,566,1.00
675,566,1.00
676,566,1.00
677,566,1.00
678,566,1.00
679,566,1.00
680,566,1.00
681,566,0.69
682,566,0.51
683,566,0.30
684,566,0.30
674,567,1.00
675,567,1.00
676,567,1.00
677,567,1.00
678,567,1.00
679,567,1.00
680,567,1.00
681,567,0.45
682,567,0.30
683,567,0.30
684,567,0.30
674,568,1.00
675,568,1.00
676,568,1.00
677,568,1.00
678,568,0.90
679,568,0.90
680,568,0.90
681,568,0.30
682,568,0.30
683,568,0.30
684,568,0.30
710,536,0.30
711,536,0.30
712,536,0.30
713,536,0.30
714,536,0.60
715,536,0.85
716,536,1.00
717,536,1.00
718,536,1.00
719,536,1.00
720,536,1.00
710,537,0.30
711,537,0.30
712,537,0.30
713,537,0.45
714,537,0.85
715,537,1.00
716,537,1.00
717,537,1.00
718,537,1.00
719,537,1.00
720,537,1.00
710,538,0.30
711,538,0.30
712,538,0.51
713,538,0.69
714,538,1.00
715,538,1.00
716,538,1.00
717,538,1.00
718,538,1.00
719,538,1.00
720,538,1.00
710,539,0.30
711,539,0.45
712,539,0.69
713,539,0.91
714,539,1.00
715,539,1.00
716,539,1.00
717,539,1.00
718,539,1.00
719,539,1.00
720,539,1.00
710,540,0.30
711,540,0.55
712,540,0.81
713,540,1.00
714,540,1.00
715,540,1.00
716,540,1.00
717,540,1.00
718,540,1.00
719,540,1.00
720,540,1.00
710,541,0.30
711,541,0.58
712,541,0.86
713,541,1.00
714,541,1.00
715,541,1.00
716,541,1.00
717,541,1.00
718,541,1.00
719,541,1.00
720,541,0.85
710,542,0.30
711,542,0.55
712,542,0.81
713,542,1.00
714,542,1.00
715,542,1.00
716,542,1.00
717,542,1.00
718,542,1.00
719,542,0.85
720,542,0.60
710,543,0.30
711,543,0.45
712,543,0.69
713,543,0.91
714,543,1.00
715,543,1.00
716,543,1.00
717,543,0.91
718,543,0.69
719,543,0.45
720,543,0.30
710,544,0.30
711,544,0.30
712,544,0.51
713,544,0.69
714,544,0.81
715,544,0.86
716,544,0.81
717,544,0.69
718,544,0.51
719,544,0.30
720,544,0.30
710,545,0.30
711,545,0.30
712,545,0.30
713,545,0.45
714,545,0.55
715,545,0.58
716,545,0.55
717,545,0.45
718,545,0.30
719,545,0.30
720,545,0.30
710,546,0.30
711,546,0.30
712,546,0.30
713,546,0.30
714,546,0.30
715,546,0.30
716,546,0.30
717,546,0.30
718,546,0.30
719,546,0.30
720,546,0.30
714,532,0.30
715,532,0.30
716,532,0.30
717,532,0.30
718,532,0.90
719,532,1.00
720,532,1.00
721,532,1.00
722,532,1.00
723,532,1.00
724,532,1.00
714,533,0.30
715,533,0.30
716,533,0.30
717,533,0.45
718,533,1.00
719,533,1.00
720,533,1.00
721,533,1.00
722,533,1.00
723,533,1.00
724,533,1.00
714,534,0.30
715,534,0.30
716,534,0.51
717,534,0.69
718,534,1.00
719,534,1.00
720,534,1.00
721,534,1.00
722,534,1.00
723,534,1.00
724,534,1.00
714,535,0.30
715,535,0.45
716,535,0.69
717,535,0.91
718,535,1.00
719,535,1.00
720,535,1.00
721,535,1.00
722,535,1.00
723,535,1.00
724,535,0.90
721,536,1.00
722,536,0.81
723,536,0.55
724,536,0.30
721,537,1.00
722,537,0.86
723,537,0.58
724,537,0.30
721,538,1.00
722,538,0.81
723,538,0.55
724,538,0.30
721,539,0.91
722,539,0.69
723,539,0.45
724,539,0.30
721,540,0.69
722,540,0.51
723,540,0.30
724,540,0.30
721,541,0.45
722,541,0.30
723,541,0.30
724,541,0.30
721,542,0.30
722,542,0.30
723,542,0.30
724,542,0.30
718,527,1.00
719,527,1.00
720,527,1.00
721,527,1.00
722,527,1.00
723,527,1.00
718,528,1.00
719,528,1.00
720,528,1.00
721,528,1.00
722,528,1.00
723,528,1.00
718,529,1.00
719,529,1.00
720,529,1.00
721,529,1.00
722,529,1.00
723,529,1.00
718,530,0.90
719,530,1.00
720,530,1.00
721,530,1.00
722,530,1.00
723,530,1.00
718,531,0.60
719,531,1.00
720,531,1.00
721,531,1.00
722,531,1.00
723,531,1.00
724,531,1.00
725,533,1.00
726,533,1.00
727,533,0.60
728,533,0.60
725,534,0.90
726,534,0.60
727,534,0.60
728,534,0.60
725,535,0.60
726,535,0.60
727,535,0.60
728,535,0.60
695,540,0.30
696,540,0.30
697,540,0.60
698,540,0.75
699,540,0.99
700,540,1.00
701,540,1.00
702,540,1.00
703,540,1.00
704,540,1.00
705,540,0.99
695,541,0.30
696,541,0.30
697,541,0.60
698,541,0.75
699,541,1.00
700,541,1.00
701,541,1.00
702,541,1.00
703,541,1.00
704,541,0.99
705,541,0.81
695,542,0.30
696,542,0.30
697,542,0.81
698,542,0.99
699,542,1.00
700,542,1.00
701,542,1.00
702,542,1.00
703,542,1.00
704,542,0.75
705,542,0.60
695,543,0.30
696,543,0.45
697,543,0.99
698,543,1.00
699,543,1.00
700,543,1.00
701,543,1.00
702,543,1.00
703,543,0.99
704,543,0.75
705,543,0.60
695,544,0.30
696,544,0.55
697,544,0.81
698,544,1.00
699,544,1.00
700,544,1.00
701,544,1.00
702,544,1.00
703,544,0.81
704,544,0.55
705,544,0.30
704,545,0.58
705,545,0.30
704,546,0.55
705,546,0.30
704,547,0.45
705,547,0.30
704,548,0.30
705,548,0.30
704,549,0.30
705,549,0.30
704,550,0.30
705,550,0.30
670,559,1.00
671,559,1.00
672,559,1.00
673,559,1.00
670,560,1.00
671,560,1.00
672,560,1.00
673,560,1.00
670,561,1.00
671,561,1.00
672,561,1.00
673,561,1.00
670,562,1.00
671,562,1.00
672,562,1.00
673,562,1.00
673,563,1.00
673,564,1.00
673,565,1.00
673,566,1.00
673,567,1.00
673,568,0.90
673,569,0.60
674,569,0.60
675,569,0.60
676,569,0.60
677,569,0.60
678,569,0.60
679,569,0.60
680,569,0.60
697,533,1.00
698,533,1.00
699,533,1.00
700,533,0.90
701,533,0.60
702,533,0.60
703,533,0.60
704,533,0.60
705,533,0.30
706,533,0.30
707,533,0.30
697,534,1.00
698,534,1.00
699,534,0.85
700,534,0.75
701,534,0.55
702,534,0.58
703,534,0.55
704,534,0.45
705,534,0.30
706,534,0.30
707,534,0.30
697,535,1.00
698,535,0.99
699,535,0.96
700,535,0.99
701,535,0.81
702,535,0.86
703,535,0.81
704,535,0.69
705,535,0.51
706,535,0.30
707,535,0.30
697,536,0.99
698,536,0.96
699,536,0.99
700,536,1.00
701,536,1.00
702,536,1.00
703,536,1.00
704,536,0.91
705,536,0.69
706,536,0.45
707,536,0.30
697,537,0.75
698,537,0.85
699,537,1.00
700,537,1.00
701,537,1.00
702,537,1.00
703,537,1.00
704,537,1.00
705,537,0.81
706,537,0.55
707,537,0.30
697,538,0.60
698,538,0.88
699,538,1.00
700,538,1.00
701,538,1.00
702,538,1.00
703,538,1.00
704,538,1.00
705,538,0.86
706,538,0.58
707,538,0.30
697,539,0.30
698,539,0.55
699,539,0.81
700,539,1.00
701,539,1.00
702,539,1.00
703,539,1.00
704,539,1.00
705,539,0.81
706,539,0.55
707,539,0.30
706,540,0.45
707,540,0.30
706,541,0.30
707,541,0.30
706,542,0.30
707,542,0.30
706,543,0.30
707,543,0.30
716,519,0.30
716,520,0.85
712,521,0.60
713,521,0.75
714,521,1.00
715,521,1.00
716,521,1.00
712,522,0.81
713,522,1.00
714,522,1.00
715,522,1.00
716,522,1.00
712,523,0.99
713,523,1.00
714,523,1.00
715,523,1.00
716,523,1.00
712,524,1.00
713,524,1.00
714,524,1.00
715,524,1.00
716,524,1.00
712,525,1.00
713,525,1.00
714,525,1.00
715,525,1.00
716,525,1.00
712,526,1.00
713,526,1.00
714,526,1.00
715,526,1.00
716,526,1.00
712,527,0.99
713,527,1.00
714,527,1.00
715,527,1.00
716,527,1.00
717,527,1.00
712,528,0.81
713,528,0.99
714,528,1.00
715,528,1.00
716,528,1.00
717,528,1.00
712,529,0.60
713,529,0.75
714,529,0.85
715,529,0.88
716,529,0.85
717,529,0.75
710,521,0.30
711,521,0.30
710,522,0.30
711,522,0.30
710,523,0.30
711,523,0.45
710,524,0.30
711,524,0.55
710,525,0.30
711,525,0.58
710,526,0.30
711,526,0.55
710,527,0.30
711,527,0.45
710,528,0.30
711,528,0.30
710,529,0.30
711,529,0.30
710,530,0.30
711,530,0.30
712,530,0.30
713,530,0.30
714,530,0.30
715,530,0.30
716,530,0.30
717,530,0.30
681,541,1.00
682,541,1.00
683,541,1.00
684,541,1.00
685,541,1.00
686,541,0.88
687,541,0.60
688,541,0.30
689,541,0.30
690,541,0.30
691,541,0.30
681,542,1.00
682,542,1.00
683,542,1.00
684,542,1.00
685,542,1.00
686,542,1.00
687,542,0.85
688,542,0.45
689,542,0.30
690,542,0.30
691,542,0.30
681,543,1.00
682,543,1.00
683,543,1.00
684,543,1.00
685,543,1.00
686,543,1.00
687,543,1.00
688,543,0.69
689,543,0.51
690,543,0.30
691,543,0.30
681,544,1.00
682,544,1.00
683,544,1.00
684,544,1.00
685,544,1.00
686,544,1.00
687,544,1.00
688,544,0.91
689,544,0.69
690,544,0.45
691,544,0.30
681,545,1.00
682,545,1.00
683,545,1.00
684,545,1.00
685,545,1.00
686,545,1.00
687,545,1.00
688,545,1.00
689,545,0.81
690,545,0.55
691,545,0.30
681,546,1.00
682,546,1.00
683,546,1.00
684,546,1.00
685,546,1.00
686,546,1.00
687,546,1.00
688,546,1.00
689,546,0.86
690,546,0.58
691,546,0.30
681,547,1.00
682,547,1.00
683,547,1.00
684,547,1.00
685,547,1.00
686,547,1.00
687,547,1.00
688,547,1.00
689,547,0.81
690,547,0.55
691,547,0.30
681,548,1.00
682,548,1.00
683,548,1.00
684,548,1.00
685,548,1.00
686,548,1.00
687,548,1.00
688,548,0.91
689,548,0.69
690,548,0.45
691,548,0.30
681,549,1.00
682,549,1.00
683,549,1.00
684,549,1.00
685,549,1.00
686,549,0.86
687,549,0.81
688,549,0.69
689,549,0.51
690,549,0.30
691,549,0.30
681,550,1.00
682,550,1.00
683,550,0.99
684,550,0.90
685,550,0.85
686,550,0.58
687,550,0.55
688,550,0.45
689,550,0.30
690,550,0.30
691,550,0.30
681,551,1.00
682,551,0.99
683,551,0.81
684,551,0.60
685,551,0.60
686,551,0.30
687,551,0.30
688,551,0.30
689,551,0.30
690,551,0.30
691,551,0.30
665,553,0.30
666,553,0.30
667,553,0.90
668,553,0.90
669,553,1.00
670,553,1.00
671,553,1.00
672,553,1.00
673,553,1.00
674,553,1.00
675,553,1.00
665,554,0.30
666,554,0.30
667,554,0.60
668,554,0.75
669,554,0.85
670,554,1.00
671,554,1.00
672,554,1.00
673,554,0.85
674,554,0.75
675,554,0.60
665,555,0.30
666,555,0.30
667,555,0.81
668,555,0.99
669,555,1.00
670,555,1.00
671,555,1.00
672,555,0.99
673,555,0.81
674,555,0.60
675,555,0.60
665,556,0.30
666,556,0.45
667,556,0.69
668,556,0.91
669,556,1.00
670,556,1.00
671,556,1.00
672,556,0.91
673,556,0.69
674,556,0.45
675,556,0.30
665,557,0.60
666,557,0.85
667,557,1.00
668,557,1.00
669,557,1.00
670,557,1.00
671,557,1.00
672,557,1.00
673,557,0.81
674,557,0.55
675,557,0.30
665,558,0.88
666,558,1.00
667,558,1.00
668,558,1.00
669,558,1.00
670,558,1.00
671,558,1.00
672,558,1.00
673,558,0.86
665,559,1.00
666,559,1.00
667,559,1.00
668,559,1.00
669,559,1.00
665,560,1.00
666,560,1.00
667,560,1.00
668,560,1.00
669,560,1.00
665,561,1.00
666,561,1.00
667,561,1.00
668,561,1.00
669,561,1.00
665,562,1.00
666,562,1.00
667,562,1.00
668,562,1.00
669,562,1.00
660,557,0.30
661,557,0.30
662,557,0.30
663,557,0.30
664,557,0.30
660,558,0.30
661,558,0.30
662,558,0.30
663,558,0.45
664,558,0.55
660,559,0.30
661,559,0.30
662,559,0.51
663,559,0.69
664,559,0.81
660,560,0.30
661,560,0.45
662,560,0.69
663,560,0.91
664,560,1.00
660,561,0.30
661,561,0.55
662,561,0.81
663,561,1.00
664,561,1.00
660,562,0.30
661,562,0.58
662,562,0.86
663,562,1.00
664,562,1.00
660,563,0.30
661,563,0.55
660,564,0.30
661,564,0.45
660,565,0.30
661,565,0.30
660,566,0.30
661,566,0.30
660,567,0.30
661,567,0.30
667,545,0.60
668,545,0.60
669,545,0.81
670,545,0.99
671,545,1.00
672,545,1.00
673,545,1.00
674,545,0.99
675,545,1.00
676,545,0.90
677,545,1.00
667,546,0.60
668,546,0.75
669,546,0.99
670,546,1.00
671,546,1.00
672,546,1.00
673,546,1.00
674,546,1.00
675,546,1.00
676,546,1.00
677,546,1.00
667,547,0.60
668,547,0.85
669,547,1.00
670,547,1.00
671,547,1.00
672,547,1.00
673,547,1.00
674,547,1.00
675,547,1.00
676,547,1.00
677,547,1.00
667,548,0.60
668,548,1.00
669,548,1.00
670,548,1.00
671,548,1.00
672,548,1.00
673,548,1.00
674,548,1.00
675,548,1.00
676,548,1.00
677,548,1.00
667,549,0.60
668,549,1.00
669,549,1.00
670,549,1.00
671,549,1.00
672,549,1.00
673,549,1.00
674,549,1.00
675,549,1.00
676,549,1.00
677,549,1.00
667,550,0.60
668,550,1.00
669,550,1.00
670,550,1.00
671,550,1.00
672,550,1.00
673,550,1.00
674,550,1.00
675,550,1.00
676,550,1.00
677,550,1.00
667,551,0.60
668,551,0.85
669,551,1.00
670,551,1.00
671,551,1.00
672,551,1.00
673,551,1.00
674,551,1.00
675,551,1.00
676,551,1.00
677,551,1.00
667,552,0.60
668,552,0.75
669,552,0.99
670,552,1.00
671,552,1.00
672,552,1.00
673,552,1.00
674,552,1.00
675,552,1.00
676,552,1.00
677,552,0.90
676,553,0.90
677,553,0.90
676,554,0.30
677,554,0.30
676,555,0.30
677,555,0.30
678,523,0.85
679,523,0.88
680,523,0.85
681,523,0.75
682,523,0.60
683,523,0.60
684,523,0.90
685,523,0.85
686,523,1.00
687,523,1.00
688,523,1.00
678,524,0.90
679,524,0.60
680,524,0.60
681,524,0.75
682,524,0.85
683,524,0.88
684,524,1.00
685,524,0.90
686,524,1.00
687,524,1.00
688,524,1.00
678,525,0.60
679,525,0.30
680,525,0.51
681,525,0.69
682,525,0.81
683,525,0.86
684,525,1.00
685,525,0.99
686,525,1.00
687,525,1.00
688,525,1.00
678,526,0.60
679,526,0.45
680,526,0.99
681,526,1.00
682,526,1.00
683,526,1.00
684,526,1.00
685,526,1.00
686,526,1.00
687,526,1.00
688,526,1.00
678,527,0.60
679,527,0.55
680,527,1.00
681,527,1.00
682,527,1.00
683,527,1.00
684,527,1.00
685,527,1.00
686,527,1.00
687,527,1.00
688,527,1.00
678,528,0.60
679,528,0.58
680,528,1.00
681,528,1.00
682,528,1.00
683,528,1.00
684,528,1.00
685,528,1.00
686,528,1.00
687,528,1.00
688,528,1.00
678,529,0.60
679,529,0.55
680,529,1.00
681,529,1.00
682,529,1.00
683,529,1.00
684,529,1.00
685,529,1.00
686,529,1.00
687,529,1.00
688,529,0.99
678,530,0.60
679,530,0.45
680,530,0.99
681,530,1.00
682,530,1.00
683,530,1.00
684,530,1.00
685,530,1.00
686,530,1.00
687,530,1.00
688,530,1.00
678,531,0.60
679,531,0.30
680,531,0.81
681,531,1.00
682,531,1.00
683,531,1.00
684,531,1.00
685,531,1.00
686,531,1.00
687,531,1.00
688,531,1.00
678,532,0.60
679,532,0.30
680,532,0.60
681,532,0.99
682,532,1.00
683,532,1.00
684,532,1.00
685,532,1.00
686,532,1.00
687,532,1.00
688,532,1.00
678,533,0.60
679,533,0.30
680,533,0.60
681,533,0.75
682,533,0.99
683,533,1.00
684,533,1.00
685,533,1.00
686,533,1.00
687,533,1.00
688,533,0.99
682,509,1.00
683,509,1.00
684,509,1.00
685,509,1.00
686,509,1.00
687,509,1.00
682,510,1.00
683,510,1.00
684,510,1.00
685,510,1.00
686,510,1.00
687,510,1.00
682,511,1.00
683,511,1.00
684,511,1.00
685,511,1.00
686,511,1.00
687,511,1.00
682,512,1.00
683,512,1.00
684,512,1.00
685,512,1.00
686,512,1.00
687,512,1.00
682,513,1.00
683,513,1.00
684,513,1.00
685,513,1.00
686,513,1.00
687,513,1.00
682,514,1.00
683,514,1.00
684,514,1.00
685,514,1.00
686,514,1.00
687,514,1.00
682,515,1.00
683,515,1.00
684,515,1.00
685,515,1.00
686,515,1.00
687,515,1.00
682,516,1.00
683,516,1.00
684,516,1.00
685,516,1.00
686,516,1.00
687,516,1.00
682,517,1.00
683,517,1.00
684,517,1.00
685,517,1.00
686,517,1.00
687,517,1.00
682,518,1.00
683,518,1.00
684,518,1.00
685,518,1.00
686,518,1.00
687,518,1.00
688,518,1.00
689,518,1.00
690,518,1.00
691,518,1.00
692,518,0.90
682,519,1.00
683,519,1.00
684,519,1.00
685,519,1.00
686,519,1.00
687,519,1.00
688,519,1.00
689,519,1.00
690,519,1.00
691,519,1.00
692,519,1.00
684,506,0.60
685,506,0.60
686,506,0.60
687,506,0.60
688,506,0.30
689,506,0.30
690,506,0.30
691,506,0.30
692,506,0.30
693,506,0.30
694,506,0.30
684,507,0.75
685,507,0.60
686,507,0.60
687,507,0.75
684,508,0.99
685,508,0.81
686,508,0.81
687,508,0.99
655,531,0.30
656,531,0.30
657,531,0.60
658,531,0.60
659,531,0.60
660,531,0.60
661,531,0.60
662,531,0.60
663,531,0.60
664,531,0.60
665,531,0.60
655,532,0.30
656,532,0.30
657,532,0.30
658,532,0.75
659,532,0.85
660,532,0.88
661,532,0.85
662,532,0.75
663,532,0.60
664,532,0.60
665,532,0.60
655,533,0.30
656,533,0.30
657,533,0.51
658,533,0.99
659,533,1.00
660,533,1.00
661,533,1.00
662,533,1.00
663,533,1.00
664,533,0.85
665,533,0.75
655,534,0.30
656,534,0.45
657,534,0.69
658,534,1.00
659,534,1.00
660,534,1.00
661,534,1.00
662,534,1.00
663,534,1.00
664,534,1.00
665,534,0.99
655,535,0.30
656,535,0.55
657,535,0.81
658,535,1.00
659,535,1.00
660,535,1.00
661,535,1.00
662,535,1.00
663,535,1.00
664,535,1.00
665,535,1.00
655,536,0.30
656,536,0.58
657,536,0.86
658,536,1.00
659,536,1.00
660,536,1.00
661,536,1.00
662,536,1.00
663,536,1.00
664,536,1.00
665,536,1.00
655,537,0.30
656,537,0.55
657,537,0.81
658,537,1.00
659,537,1.00
660,537,1.00
661,537,1.00
662,537,1.00
663,537,1.00
664,537,1.00
665,537,1.00
655,538,0.30
656,538,0.45
657,538,0.69
658,538,1.00
659,538,1.00
660,538,1.00
661,538,1.00
662,538,1.00
663,538,1.00
664,538,1.00
665,538,1.00
655,539,0.30
656,539,0.30
657,539,0.51
658,539,0.99
659,539,1.00
660,539,1.00
661,539,1.00
662,539,1.00
663,539,1.00
664,539,1.00
665,539,1.00
655,540,0.30
656,540,0.30
657,540,0.30
658,540,0.75
659,540,0.85
660,540,1.00
661,540,1.00
662,540,1.00
663,540,1.00
664,540,1.00
665,540,0.99
655,541,0.30
656,541,0.30
657,541,0.30
658,541,0.60
659,541,0.60
660,541,0.60
661,541,0.75
662,541,0.85
663,541,0.88
664,541,0.85
665,541,0.75
630,551,0.30
631,551,0.30
632,551,0.30
633,551,0.30
634,551,0.30
635,551,0.60
636,551,0.75
637,551,0.99
638,551,1.00
639,551,1.00
640,551,1.00
630,552,0.30
631,552,0.30
632,552,0.30
633,552,0.45
634,552,0.55
635,552,0.88
636,552,1.00
637,552,1.00
638,552,1.00
639,552,1.00
640,552,1.00
630,553,0.30
631,553,0.30
632,553,0.51
633,553,0.69
634,553,0.81
635,553,1.00
636,553,1.00
637,553,1.00
638,553,1.00
639,553,1.00
640,553,1.00
630,554,0.30
631,554,0.45
632,554,0.69
633,554,0.91
634,554,1.00
635,554,1.00
636,554,1.00
637,554,1.00
638,554,1.00
639,554,1.00
640,554,1.00
630,555,0.30
631,555,0.55
632,555,0.81
633,555,1.00
634,555,1.00
635,555,1.00
636,555,1.00
637,555,1.00
638,555,1.00
639,555,1.00
640,555,1.00
630,556,0.30
631,556,0.58
632,556,0.86
633,556,1.00
634,556,1.00
635,556,1.00
636,556,1.00
637,556,1.00
638,556,1.00
639,556,1.00
640,556,1.00
630,557,0.30
631,557,0.55
632,557,0.81
633,557,1.00
634,557,1.00
635,557,1.00
636,557,1.00
637,557,1.00
638,557,1.00
639,557,1.00
640,557,0.88
630,558,0.30
631,558,0.45
632,558,0.69
633,558,0.91
634,558,1.00
635,558,1.00
636,558,1.00
637,558,1.00
638,558,0.99
639,558,0.75
640,558,0.60
630,559,0.30
631,559,0.30
632,559,0.51
633,559,0.69
634,559,0.81
635,559,0.86
636,559,0.81
637,559,0.69
638,559,0.51
639,559,0.30
640,559,0.30
630,560,0.30
631,560,0.30
632,560,0.30
633,560,0.45
634,560,0.55
635,560,0.58
636,560,0.55
637,560,0.45
638,560,0.30
639,560,0.30
640,560,0.30
630,561,0.30
631,561,0.30
632,561,0.30
633,561,0.30
634,561,0.30
635,561,0.30
636,561,0.30
637,561,0.30
638,561,0.30
639,561,0.30
640,561,0.30
635,548,0.30
636,548,0.30
637,548,0.30
638,548,0.30
639,548,0.30
640,548,0.30
641,548,0.30
642,548,0.30
643,548,0.30
644,548,0.30
645,548,0.30
635,549,0.30
636,549,0.30
637,549,0.30
638,549,0.45
639,549,0.55
640,549,0.58
641,549,0.55
642,549,0.45
643,549,0.30
644,549,0.30
645,549,0.30
635,550,0.30
636,550,0.30
637,550,0.51
638,550,0.69
639,550,0.81
640,550,0.86
641,550,0.81
642,550,0.69
643,550,0.51
644,550,0.30
645,550,0.30
641,551,1.00
642,551,0.91
643,551,0.69
644,551,0.45
645,551,0.30
641,552,1.00
642,552,1.00
643,552,1.00
644,552,0.85
645,552,0.60
641,553,1.00
642,553,1.00
643,553,1.00
644,553,0.88
645,553,0.60
641,554,1.00
642,554,1.00
643,554,1.00
644,554,0.85
645,554,0.81
641,555,1.00
642,555,0.91
643,555,0.99
644,555,0.90
645,555,0.99
641,556,0.81
642,556,0.69
643,556,0.81
644,556,0.85
645,556,1.00
641,557,0.55
642,557,0.45
643,557,0.60
644,557,0.88
645,557,1.00
641,558,0.30
642,558,0.30
643,558,0.60
644,558,0.85
645,558,1.00
689,526,1.00
690,526,1.00
689,527,1.00
690,527,1.00
689,528,0.60
690,528,0.90
689,529,0.45
690,529,0.60
689,530,0.55
690,530,0.60
689,531,0.58
690,531,0.60
689,532,0.55
690,532,0.60
689,533,0.45
690,533,0.60
680,534,0.30
681,534,0.30
682,534,0.51
683,534,0.69
684,534,0.81
685,534,0.86
686,534,0.81
687,534,0.69
688,534,0.51
689,534,0.30
690,534,0.60
680,535,0.30
681,535,0.30
682,535,0.30
683,535,0.45
684,535,0.55
685,535,0.58
686,535,0.55
687,535,0.45
688,535,0.30
689,535,0.30
690,535,0.60
680,536,0.60
681,536,0.60
682,536,0.60
683,536,0.60
684,536,0.60
685,536,0.60
686,536,0.60
687,536,0.60
688,536,0.30
689,536,0.30
690,536,0.60
694,518,0.90
695,518,0.90
696,518,0.90
697,518,0.75
698,518,1.00
699,518,1.00
700,518,1.00
701,518,1.00
702,518,1.00
703,518,1.00
704,518,1.00
694,519,0.90
695,519,0.90
696,519,1.00
697,519,1.00
698,519,1.00
699,519,1.00
700,519,1.00
701,519,1.00
702,519,1.00
703,519,1.00
704,519,1.00
694,520,1.00
695,520,1.00
696,520,1.00
697,520,1.00
698,520,1.00
699,520,1.00
700,520,1.00
701,520,1.00
702,520,1.00
703,520,1.00
704,520,1.00
694,521,1.00
695,521,1.00
696,521,1.00
697,521,1.00
698,521,1.00
699,521,1.00
700,521,1.00
701,521,1.00
702,521,1.00
703,521,1.00
704,521,1.00
694,522,1.00
695,522,1.00
696,522,1.00
697,522,1.00
698,522,1.00
699,522,1.00
700,522,1.00
701,522,1.00
702,522,1.00
703,522,1.00
704,522,1.00
694,523,1.00
695,523,1.00
696,523,1.00
697,523,1.00
698,523,1.00
699,523,1.00
700,523,1.00
701,523,1.00
702,523,1.00
703,523,1.00
704,523,1.00
694,524,1.00
695,524,1.00
696,524,1.00
697,524,1.00
698,524,1.00
699,524,1.00
700,524,1.00
701,524,1.00
702,524,1.00
703,524,1.00
704,524,1.00
694,525,1.00
695,525,1.00
696,525,1.00
697,525,1.00
698,525,1.00
699,525,1.00
700,525,1.00
701,525,1.00
702,525,1.00
703,525,1.00
704,525,1.00
694,526,1.00
695,526,1.00
696,526,1.00
697,526,1.00
698,526,1.00
699,526,1.00
700,526,1.00
701,526,1.00
702,526,1.00
703,526,1.00
704,526,1.00
694,527,1.00
695,527,1.00
696,527,1.00
697,527,1.00
698,527,1.00
699,527,1.00
700,527,1.00
701,527,1.00
702,527,1.00
703,527,1.00
704,527,0.90
705,521,1.00
705,522,1.00
705,523,1.00
705,524,0.99
705,525,0.75
705,526,0.60
705,527,0.30
691,528,0.60
692,528,0.60
693,528,0.60
694,528,0.90
695,528,1.00
696,528,1.00
697,528,1.00
698,528,1.00
699,528,1.00
700,528,1.00
691,529,0.30
692,529,0.30
693,529,0.45
694,529,0.85
695,529,1.00
696,529,1.00
697,529,1.00
698,529,1.00
699,529,1.00
700,529,1.00
691,530,0.30
692,530,0.51
693,530,0.69
694,530,1.00
695,530,1.00
696,530,1.00
697,530,1.00
698,530,1.00
699,530,1.00
700,530,1.00
691,531,0.45
692,531,0.69
693,531,0.91
694,531,1.00
695,531,1.00
696,531,1.00
697,531,1.00
698,531,1.00
699,531,1.00
700,531,1.00
691,532,0.55
692,532,0.81
693,532,1.00
694,532,1.00
695,532,1.00
696,532,1.00
697,532,1.00
698,532,1.00
699,532,1.00
700,532,0.85
691,533,0.58
692,533,0.86
693,533,1.00
694,533,1.00
695,533,1.00
696,533,1.00
691,534,0.55
692,534,0.81
693,534,1.00
694,534,1.00
695,534,1.00
696,534,1.00
691,535,0.45
692,535,0.69
693,535,0.91
694,535,1.00
695,535,1.00
696,535,1.00
691,536,0.30
692,536,0.51
693,536,0.69
694,536,0.81
695,536,0.86
696,536,0.81
690,537,0.30
691,537,0.30
692,537,0.30
693,537,0.45
694,537,0.55
695,537,0.58
696,537,0.55
690,538,0.30
691,538,0.30
692,538,0.30
693,538,0.30
694,538,0.30
695,538,0.30
696,538,0.30
680,555,0.30
681,555,0.30
682,555,0.30
683,555,0.30
684,555,0.30
685,555,0.30
686,555,0.30
687,555,0.30
688,555,0.30
689,555,0.30
690,555,0.30
680,556,0.30
681,556,0.30
682,556,0.30
683,556,0.45
684,556,0.55
685,556,0.58
686,556,0.55
687,556,0.45
688,556,0.30
689,556,0.30
690,556,0.30
680,557,0.30
681,557,0.30
682,557,0.51
683,557,0.69
684,557,0.81
685,557,0.86
686,557,0.81
687,557,0.69
688,557,0.51
689,557,0.30
690,557,0.30
685,558,1.00
686,558,1.00
687,558,0.91
688,558,0.69
689,558,0.45
690,558,0.30
685,559,1.00
686,559,1.00
687,559,1.00
688,559,0.81
689,559,0.55
690,559,0.30
685,560,1.00
686,560,1.00
687,560,1.00
688,560,0.86
689,560,0.58
690,560,0.30
685,561,1.00
686,561,1.00
687,561,1.00
688,561,0.81
689,561,0.55
690,561,0.30
685,562,1.00
686,562,1.00
687,562,0.91
688,562,0.69
689,562,0.45
690,562,0.30
685,563,0.86
686,563,0.81
687,563,0.69
688,563,0.51
689,563,0.30
690,563,0.30
685,564,0.58
686,564,0.55
687,564,0.45
688,564,0.30
689,564,0.30
690,564,0.30
685,565,0.30
686,565,0.30
687,565,0.30
688,565,0.30
689,565,0.30
690,565,0.30
675,573,0.60
676,573,0.60
677,573,0.60
678,573,0.60
679,573,0.60
680,573,0.60
681,573,0.60
682,573,0.60
683,573,0.60
684,573,0.60
685,573,0.30
675,574,0.60
676,574,0.60
677,574,0.75
678,574,0.99
679,574,1.00
680,574,1.00
681,574,0.99
682,574,0.75
683,574,0.60
684,574,0.60
685,574,0.30
675,575,0.60
676,575,0.81
677,575,1.00
678,575,1.00
679,575,1.00
680,575,1.00
681,575,1.00
682,575,1.00
683,575,0.81
684,575,0.60
685,575,0.30
675,576,0.75
676,576,1.00
677,576,1.00
678,576,1.00
679,576,1.00
680,576,1.00
681,576,1.00
682,576,1.00
683,576,1.00
684,576,0.75
685,576,0.30
675,577,0.85
676,577,1.00
677,577,1.00
678,577,1.00
679,577,1.00
680,577,1.00
681,577,1.00
682,577,1.00
683,577,1.00
684,577,0.85
685,577,0.30
675,578,0.88
676,578,1.00
677,578,1.00
678,578,1.00
679,578,1.00
680,578,1.00
681,578,1.00
682,578,1.00
683,578,1.00
684,578,0.88
685,578,0.30
675,579,0.85
676,579,1.00
677,579,1.00
678,579,1.00
679,579,1.00
680,579,1.00
681,579,1.00
682,579,1.00
683,579,1.00
684,579,0.85
685,579,0.30
675,580,0.75
676,580,1.00
677,580,1.00
678,580,1.00
679,580,1.00
680,580,1.00
681,580,1.00
682,580,1.00
683,580,1.00
684,580,0.75
685,580,0.30
675,581,0.60
676,581,0.81
677,581,1.00
678,581,1.00
679,581,1.00
680,581,1.00
681,581,1.00
682,581,1.00
683,581,0.81
684,581,0.60
685,581,0.30
675,582,0.60
676,582,0.60
677,582,0.75
678,582,0.99
679,582,1.00
680,582,1.00
681,582,0.99
682,582,0.75
683,582,0.60
684,582,0.60
685,582,0.30
675,583,0.60
676,583,0.60
677,583,0.60
678,583,0.60
679,583,0.60
680,583,0.60
681,583,0.60
682,583,0.60
683,583,0.60
684,583,0.60
685,583,0.30
674,573,0.30
674,574,0.30
674,575,0.30
674,576,0.30
674,577,0.30
674,578,0.30
674,579,0.30
674,580,0.30
674,581,0.30
674,582,0.30
674,583,0.30
675,543,0.60
676,543,0.60
677,543,0.90
678,543,0.75
679,543,0.99
680,543,1.00
675,544,0.60
676,544,0.60
677,544,0.90
678,544,0.75
679,544,1.00
680,544,1.00
678,545,0.99
679,545,1.00
680,545,1.00
678,546,1.00
679,546,1.00
680,546,1.00
678,547,1.00
679,547,1.00
680,547,1.00
678,548,1.00
679,548,1.00
680,548,1.00
678,549,1.00
679,549,1.00
680,549,1.00
678,550,0.91
679,550,1.00
680,550,1.00
678,551,0.69
679,551,0.81
680,551,0.86
678,552,0.45
679,552,0.55
680,552,0.58
681,552,0.55
682,552,0.45
683,552,0.30
684,552,0.30
685,552,0.30
678,553,0.30
679,553,0.30
680,553,0.30
681,553,0.30
682,553,0.30
683,553,0.30
684,553,0.30
685,553,0.30
677,536,0.30
678,536,0.30
679,536,0.30
677,537,0.30
678,537,0.30
679,537,0.30
680,537,0.45
681,537,0.55
682,537,0.58
683,537,0.55
684,537,0.45
685,537,0.30
686,537,0.30
687,537,0.30
677,538,0.30
678,538,0.30
679,538,0.51
680,538,0.69
681,538,0.81
682,538,0.86
683,538,0.81
684,538,0.69
685,538,0.51
686,538,0.30
687,538,0.30
677,539,0.30
678,539,0.45
679,539,0.69
680,539,0.91
681,539,1.00
682,539,1.00
683,539,1.00
684,539,0.91
685,539,0.69
686,539,0.45
687,539,0.30
677,540,0.30
678,540,0.55
679,540,0.81
680,540,1.00
681,540,1.00
682,540,1.00
683,540,1.00
684,540,1.00
685,540,0.81
686,540,0.55
687,540,0.30
677,541,0.30
678,541,0.58
679,541,0.86
680,541,1.00
677,542,0.30
678,542,0.55
679,542,0.81
680,542,1.00
667,543,0.30
668,543,0.30
669,543,0.30
670,543,0.30
671,543,0.30
672,543,0.30
673,543,0.30
674,543,0.30
667,544,0.30
668,544,0.30
669,544,0.30
670,544,0.45
671,544,0.55
672,544,0.58
673,544,0.55
674,544,0.45
648,559,1.00
649,559,1.00
650,559,1.00
651,559,1.00
652,559,1.00
653,559,0.90
654,559,0.60
655,559,0.60
656,559,0.60
657,559,0.60
658,559,0.60
648,560,1.00
649,560,1.00
650,560,1.00
651,560,1.00
652,560,1.00
653,560,1.00
654,560,1.00
655,560,0.90
656,560,0.60
657,560,0.60
658,560,0.60
648,561,1.00
649,561,1.00
650,561,1.00
651,561,1.00
652,561,1.00
653,561,1.00
654,561,1.00
655,561,1.00
656,561,1.00
657,561,0.60
658,561,0.60
648,562,0.90
649,562,1.00
650,562,1.00
651,562,1.00
652,562,1.00
653,562,1.00
654,562,1.00
655,562,1.00
656,562,1.00
657,562,0.90
658,562,0.60
648,563,0.90
649,563,1.00
650,563,1.00
651,563,1.00
652,563,1.00
653,563,1.00
654,563,1.00
655,563,1.00
656,563,1.00
657,563,1.00
658,563,0.60
648,564,1.00
649,564,1.00
650,564,1.00
651,564,1.00
652,564,1.00
653,564,1.00
654,564,1.00
655,564,1.00
656,564,1.00
657,564,1.00
658,564,0.60
648,565,1.00
649,565,1.00
650,565,1.00
651,565,1.00
652,565,1.00
653,565,1.00
654,565,1.00
655,565,1.00
656,565,1.00
657,565,1.00
658,565,0.60
648,566,1.00
649,566,1.00
650,566,1.00
651,566,1.00
652,566,1.00
653,566,1.00
654,566,1.00
655,566,1.00
656,566,1.00
657,566,0.90
658,566,0.60
648,567,1.00
649,567,1.00
650,567,1.00
651,567,1.00
652,567,1.00
653,567,1.00
654,567,1.00
655,567,1.00
656,567,1.00
657,567,0.60
658,567,0.60
648,568,1.00
649,568,1.00
650,568,1.00
651,568,1.00
652,568,1.00
653,568,1.00
648,569,1.00
649,569,1.00
650,569,1.00
651,569,1.00
652,569,0.90
653,569,0.60
642,563,0.30
643,563,0.30
644,563,0.30
645,563,0.30
646,563,0.30
647,563,0.30
642,564,0.60
643,564,0.60
644,564,0.60
645,564,0.75
646,564,0.85
647,564,0.88
642,565,0.60
643,565,0.60
644,565,0.96
645,565,1.00
646,565,1.00
647,565,1.00
642,566,0.60
643,566,0.96
644,566,1.00
645,566,1.00
646,566,1.00
647,566,1.00
642,567,0.75
643,567,1.00
644,567,1.00
645,567,1.00
646,567,1.00
647,567,1.00
642,568,0.85
643,568,1.00
644,568,1.00
645,568,1.00
646,568,1.00
647,568,1.00
642,569,0.88
643,569,1.00
644,569,1.00
645,569,1.00
646,569,1.00
647,569,1.00
642,570,0.85
643,570,1.00
644,570,1.00
645,570,1.00
646,570,1.00
647,570,1.00
648,570,1.00
649,570,1.00
650,570,1.00
651,570,0.75
652,570,0.30
642,571,0.75
643,571,0.99
644,571,1.00
645,571,1.00
646,571,1.00
647,571,1.00
648,571,1.00
649,571,1.00
650,571,0.96
651,571,0.60
652,571,0.30
642,572,0.60
643,572,0.81
644,572,0.99
645,572,1.00
646,572,1.00
647,572,1.00
648,572,1.00
649,572,0.96
650,572,0.60
651,572,0.60
652,572,0.30
642,573,0.60
643,573,0.60
644,573,0.75
645,573,0.85
646,573,0.88
647,573,0.85
648,573,0.75
649,573,0.60
650,573,0.60
651,573,0.60
652,573,0.30
641,564,0.30
641,565,0.30
641,566,0.30
641,567,0.30
641,568,0.30
641,569,0.30
641,570,0.30
641,571,0.30
641,572,0.30
641,573,0.30
641,574,0.30
642,574,0.30
643,574,0.30
644,574,0.30
645,574,0.30
646,574,0.30
647,574,0.30
648,574,0.30
649,574,0.30
650,574,0.30
651,574,0.30
646,552,0.30
647,552,0.30
648,552,0.30
649,552,0.30
650,552,0.30
651,552,0.30
652,552,0.30
653,552,0.30
646,553,0.45
647,553,0.55
648,553,0.58
649,553,0.55
650,553,0.45
651,553,0.30
652,553,0.30
653,553,0.30
646,554,0.69
647,554,0.81
648,554,0.86
649,554,0.81
650,554,0.69
651,554,0.51
652,554,0.30
653,554,0.30
646,555,0.91
647,555,1.00
648,555,1.00
649,555,1.00
650,555,0.91
651,555,0.69
652,555,0.45
653,555,0.30
646,556,1.00
647,556,1.00
648,556,1.00
649,556,1.00
650,556,1.00
651,556,0.81
652,556,0.55
653,556,0.30
646,557,1.00
647,557,1.00
648,557,1.00
649,557,1.00
650,557,1.00
651,557,0.86
652,557,0.58
653,557,0.30
646,558,1.00
647,558,1.00
648,558,1.00
649,558,1.00
650,558,1.00
651,558,0.81
652,558,0.55
653,558,0.30
643,559,0.30
644,559,0.45
645,559,0.69
646,559,0.91
647,559,1.00
643,560,0.30
644,560,0.30
645,560,0.51
646,560,0.69
647,560,0.81
643,561,0.30
644,561,0.30
645,561,0.30
646,561,0.45
647,561,0.55
643,562,0.30
644,562,0.30
645,562,0.30
646,562,0.30
647,562,0.30
666,526,1.00
666,527,1.00
656,528,0.30
657,528,0.60
658,528,0.75
659,528,1.00
660,528,1.00
661,528,1.00
662,528,1.00
663,528,1.00
664,528,1.00
665,528,1.00
666,528,1.00
661,491,0.30
662,491,0.30
663,491,0.30
664,491,0.30
665,491,0.30
666,491,0.30
667,491,0.30
668,491,0.30
669,491,0.30
670,491,0.30
671,491,0.30
661,492,0.30
662,492,0.30
663,492,0.30
664,492,0.45
665,492,0.55
666,492,0.58
667,492,0.55
668,492,0.45
669,492,0.30
670,492,0.30
671,492,0.30
661,493,0.30
662,493,0.30
663,493,0.51
664,493,0.69
665,493,0.81
666,493,0.86
667,493,0.81
668,493,0.69
669,493,0.51
670,493,0.30
671,493,0.30
661,494,0.30
662,494,0.45
663,494,0.69
664,494,0.91
665,494,1.00
666,494,1.00
667,494,1.00
668,494,0.91
669,494,0.69
670,494,0.45
671,494,0.30
661,495,0.30
662,495,0.55
663,495,0.81
664,495,1.00
665,495,1.00
666,495,1.00
667,495,1.00
668,495,1.00
669,495,0.81
670,495,0.55
671,495,0.30
661,496,0.30
662,496,0.58
663,496,0.86
664,496,1.00
665,496,1.00
666,496,1.00
667,496,1.00
668,496,1.00
669,496,0.86
670,496,0.58
671,496,0.30
661,497,0.30
662,497,0.55
663,497,0.81
664,497,1.00
665,497,1.00
666,497,1.00
667,497,1.00
668,497,1.00
669,497,0.81
670,497,0.55
671,497,0.30
661,498,0.30
662,498,0.45
663,498,0.69
664,498,0.91
665,498,1.00
666,498,1.00
667,498,1.00
668,498,0.91
669,498,0.69
670,498,0.45
671,498,0.30
661,499,0.30
662,499,0.30
663,499,0.51
664,499,0.69
665,499,0.81
666,499,0.86
667,499,0.81
668,499,0.69
669,499,0.51
670,499,0.30
671,499,0.30
661,500,0.60
662,500,0.60
663,500,0.60
664,500,0.45
665,500,0.55
666,500,0.58
667,500,0.55
668,500,0.45
669,500,0.30
670,500,0.30
671,500,0.30
661,501,0.60
662,501,0.60
663,501,0.60
664,501,0.30
665,501,0.30
666,501,0.30
667,501,0.30
668,501,0.30
669,501,0.30
670,501,0.30
671,501,0.30
660,470,0.90
661,470,0.60
662,470,0.81
663,470,0.99
664,470,1.00
665,470,1.00
666,470,1.00
667,470,1.00
668,470,1.00
669,470,1.00
670,470,1.00
660,471,0.90
661,471,0.75
662,471,0.99
663,471,1.00
664,471,1.00
665,471,1.00
666,471,1.00
667,471,1.00
668,471,1.00
669,471,1.00
670,471,1.00
660,472,0.90
661,472,0.85
662,472,1.00
663,472,1.00
664,472,1.00
665,472,1.00
666,472,1.00
667,472,1.00
668,472,1.00
669,472,1.00
670,472,1.00
660,473,0.90
661,473,1.00
662,473,1.00
663,473,1.00
664,473,1.00
665,473,1.00
666,473,1.00
667,473,1.00
668,473,1.00
669,473,1.00
670,473,1.00
660,474,0.90
661,474,1.00
662,474,1.00
663,474,1.00
664,474,1.00
665,474,1.00
666,474,1.00
667,474,1.00
668,474,1.00
669,474,1.00
670,474,1.00
660,475,0.90
661,475,1.00
662,475,1.00
663,475,1.00
664,475,1.00
665,475,1.00
666,475,1.00
667,475,1.00
668,475,1.00
669,475,1.00
670,475,1.00
660,476,0.90
661,476,0.85
662,476,1.00
663,476,1.00
664,476,1.00
665,476,1.00
666,476,1.00
667,476,1.00
668,476,1.00
669,476,1.00
670,476,1.00
660,477,0.90
661,477,0.75
662,477,0.99
663,477,1.00
664,477,1.00
665,477,1.00
666,477,1.00
667,477,1.00
668,477,1.00
669,477,1.00
670,477,1.00
660,478,0.90
661,478,0.60
662,478,0.81
663,478,0.99
664,478,1.00
665,478,1.00
666,478,1.00
667,478,1.00
668,478,1.00
669,478,1.00
670,478,1.00
660,479,0.30
661,479,0.30
662,479,0.30
663,479,0.45
664,479,0.55
665,479,0.58
666,479,0.85
667,479,0.90
668,479,0.99
669,479,1.00
670,479,1.00
660,480,0.60
661,480,0.60
662,480,0.60
663,480,0.60
664,480,0.30
665,480,0.30
666,480,0.60
667,480,0.60
668,480,0.81
669,480,0.99
670,480,1.00
642,469,1.00
643,469,0.85
644,469,0.75
645,469,0.60
646,469,0.60
647,469,0.60
648,469,0.30
649,469,1.00
650,469,1.00
651,469,1.00
652,469,1.00
642,470,0.90
643,470,0.60
644,470,0.60
645,470,0.75
646,470,0.85
647,470,0.88
648,470,0.55
649,470,1.00
650,470,1.00
651,470,1.00
652,470,1.00
642,471,0.60
643,471,0.30
644,471,0.51
645,471,0.69
646,471,0.81
647,471,0.86
648,471,0.81
649,471,1.00
650,471,1.00
651,471,1.00
652,471,1.00
642,472,0.30
643,472,0.45
644,472,0.69
645,472,0.91
646,472,1.00
647,472,1.00
648,472,1.00
649,472,1.00
650,472,1.00
651,472,1.00
652,472,1.00
642,473,0.30
643,473,0.55
644,473,0.81
645,473,1.00
646,473,1.00
647,473,1.00
648,473,1.00
649,473,1.00
650,473,1.00
651,473,1.00
652,473,1.00
642,474,0.30
643,474,0.58
644,474,0.86
645,474,1.00
646,474,1.00
647,474,1.00
648,474,1.00
649,474,1.00
650,474,1.00
651,474,1.00
652,474,1.00
642,475,0.30
643,475,0.55
644,475,0.81
645,475,1.00
646,475,1.00
647,475,1.00
648,475,1.00
649,475,1.00
650,475,1.00
651,475,1.00
652,475,1.00
642,476,0.30
643,476,0.45
644,476,0.69
645,476,0.91
646,476,1.00
647,476,1.00
648,476,1.00
649,476,1.00
650,476,1.00
651,476,1.00
652,476,1.00
642,477,0.30
643,477,0.30
644,477,0.51
645,477,0.69
646,477,0.81
647,477,0.86
648,477,0.81
649,477,1.00
650,477,1.00
651,477,1.00
652,477,1.00
642,478,0.60
643,478,0.60
644,478,0.60
645,478,0.75
646,478,0.85
647,478,0.88
648,478,0.85
649,478,1.00
650,478,1.00
651,478,1.00
652,478,1.00
642,479,0.85
643,479,0.88
644,479,0.85
645,479,0.75
646,479,0.60
647,479,0.60
648,479,0.60
649,479,0.90
650,479,0.90
651,479,1.00
652,479,1.00
631,479,0.30
632,479,0.30
633,479,0.30
634,479,0.30
635,479,0.30
636,479,0.30
637,479,0.30
638,479,0.60
639,479,0.60
640,479,0.60
641,479,0.75
631,480,0.30
632,480,0.30
633,480,0.30
634,480,0.45
635,480,0.55
636,480,0.58
637,480,0.55
638,480,0.75
639,480,0.60
640,480,0.81
641,480,0.99
631,481,0.30
632,481,0.30
633,481,0.51
634,481,0.69
635,481,0.81
636,481,0.86
637,481,0.81
638,481,0.99
639,481,0.96
640,481,0.99
641,481,1.00
631,482,0.30
632,482,0.45
633,482,0.69
634,482,0.91
635,482,1.00
636,482,1.00
637,482,1.00
638,482,1.00
639,482,1.00
640,482,1.00
641,482,1.00
631,483,0.30
632,483,0.55
633,483,0.81
634,483,1.00
635,483,1.00
636,483,1.00
637,483,1.00
638,483,1.00
639,483,1.00
640,483,1.00
641,483,1.00
631,484,0.30
632,484,0.58
633,484,0.86
634,484,1.00
635,484,1.00
636,484,1.00
637,484,1.00
638,484,1.00
639,484,1.00
640,484,1.00
641,484,1.00
631,485,0.60
632,485,0.85
633,485,1.00
634,485,1.00
635,485,1.00
636,485,1.00
637,485,1.00
638,485,1.00
639,485,1.00
640,485,1.00
641,485,1.00
631,486,0.60
632,486,0.75
633,486,0.99
634,486,1.00
635,486,1.00
636,486,1.00
637,486,1.00
638,486,1.00
639,486,1.00
640,486,1.00
641,486,1.00
631,487,0.60
632,487,0.60
633,487,1.00
634,487,1.00
635,487,1.00
636,487,1.00
637,487,1.00
638,487,1.00
639,487,1.00
640,487,0.90
641,487,1.00
631,488,0.60
632,488,0.75
633,488,0.99
634,488,1.00
635,488,1.00
636,488,1.00
637,488,1.00
638,488,1.00
639,488,1.00
640,488,1.00
641,488,0.90
631,489,0.60
632,489,0.85
633,489,1.00
634,489,1.00
635,489,1.00
636,489,1.00
637,489,1.00
638,489,1.00
639,489,1.00
640,489,0.85
641,489,0.60
631,490,0.30
632,490,0.58
633,490,0.86
634,490,1.00
635,490,1.00
636,490,1.00
637,490,1.00
638,490,1.00
639,490,0.86
640,490,0.58
641,490,0.30
631,491,0.30
632,491,0.55
633,491,0.81
634,491,1.00
635,491,1.00
636,491,1.00
637,491,1.00
638,491,1.00
639,491,0.81
640,491,0.85
641,491,0.60
631,492,0.30
632,492,0.45
633,492,0.69
634,492,1.00
635,492,1.00
636,492,1.00
637,492,1.00
638,492,1.00
639,492,0.99
640,492,1.00
641,492,0.90
631,493,0.30
632,493,0.30
633,493,0.51
634,493,0.99
635,493,1.00
636,493,1.00
637,493,1.00
638,493,1.00
639,493,1.00
640,493,1.00
641,493,1.00
631,494,0.30
632,494,0.30
633,494,0.30
634,494,0.75
635,494,0.85
636,494,1.00
637,494,1.00
638,494,1.00
639,494,1.00
640,494,1.00
641,494,1.00
631,495,0.30
632,495,0.30
633,495,0.30
634,495,0.60
635,495,0.75
636,495,0.99
637,495,1.00
638,495,1.00
639,495,1.00
640,495,1.00
641,495,1.00
642,492,0.60
643,492,0.75
644,492,0.85
642,493,0.81
643,493,0.99
644,493,1.00
642,494,1.00
643,494,1.00
644,494,1.00
642,495,1.00
643,495,1.00
644,495,1.00
634,496,0.30
635,496,0.55
636,496,0.81
637,496,1.00
638,496,1.00
639,496,1.00
640,496,1.00
641,496,1.00
642,496,1.00
643,496,1.00
644,496,1.00
634,497,0.30
635,497,0.58
636,497,0.86
637,497,1.00
638,497,1.00
639,497,1.00
640,497,1.00
641,497,1.00
642,497,1.00
643,497,1.00
644,497,1.00
634,498,0.30
635,498,0.55
636,498,0.81
637,498,1.00
638,498,1.00
639,498,1.00
640,498,1.00
641,498,1.00
642,498,1.00
643,498,1.00
644,498,1.00
634,499,0.30
635,499,0.45
636,499,0.69
637,499,0.91
638,499,1.00
639,499,1.00
640,499,1.00
641,499,1.00
642,499,1.00
643,499,1.00
644,499,1.00
634,500,0.30
635,500,0.30
636,500,0.51
637,500,0.69
638,500,0.81
639,500,0.86
640,500,1.00
641,500,0.99
642,500,0.81
643,500,0.75
644,500,0.85
634,501,0.30
635,501,0.30
636,501,0.30
637,501,0.45
638,501,0.55
639,501,0.58
640,501,0.85
641,501,0.75
642,501,0.60
643,501,0.60
644,501,0.60
634,502,0.30
635,502,0.30
636,502,0.30
637,502,0.30
638,502,0.30
639,502,0.30
640,502,0.30
641,502,0.30
642,502,0.30
643,502,0.30
644,502,0.30
642,491,0.30
643,491,0.30
644,491,0.30
645,491,0.30
646,491,0.30
647,491,0.30
648,491,0.30
649,491,0.30
650,491,0.30
645,492,0.58
646,492,0.55
647,492,0.45
648,492,0.30
649,492,0.30
650,492,0.30
645,493,0.86
646,493,0.81
647,493,0.69
648,493,0.51
649,493,0.30
650,493,0.30
645,494,1.00
646,494,1.00
647,494,0.91
648,494,0.69
649,494,0.45
650,494,0.30
645,495,1.00
646,495,1.00
647,495,1.00
648,495,0.81
649,495,0.55
650,495,0.30
645,496,1.00
646,496,1.00
647,496,1.00
648,496,0.86
649,496,0.58
650,496,0.30
645,497,1.00
646,497,1.00
647,497,1.00
648,497,0.81
649,497,0.55
650,497,0.30
645,498,1.00
646,498,1.00
647,498,0.91
648,498,0.69
649,498,0.45
650,498,0.30
645,499,0.86
646,499,0.81
647,499,0.69
648,499,0.51
649,499,0.30
650,499,0.30
645,500,0.58
646,500,0.55
647,500,0.45
648,500,0.30
649,500,0.30
650,500,0.30
645,501,0.30
646,501,0.30
647,501,0.30
648,501,0.30
649,501,0.30
650,501,0.30
638,478,0.30
639,478,0.30
640,478,0.30
641,478,0.30
642,480,0.81
643,480,0.86
644,480,0.81
645,480,0.69
646,480,0.51
647,480,0.30
648,480,0.30
642,481,1.00
643,481,1.00
644,481,1.00
645,481,0.91
646,481,0.69
647,481,0.45
648,481,0.30
642,482,1.00
643,482,1.00
644,482,1.00
645,482,1.00
646,482,0.81
647,482,0.55
648,482,0.30
642,483,1.00
643,483,1.00
644,483,1.00
645,483,1.00
646,483,0.86
647,483,0.58
648,483,0.30
642,484,1.00
643,484,1.00
644,484,1.00
645,484,1.00
646,484,0.81
647,484,0.55
648,484,0.30
642,485,1.00
643,485,1.00
644,485,1.00
645,485,0.91
646,485,0.69
647,485,0.45
648,485,0.30
642,486,0.81
643,486,0.86
644,486,0.81
645,486,0.69
646,486,0.51
647,486,0.30
648,486,0.30
642,487,0.55
643,487,0.58
644,487,0.55
645,487,0.45
646,487,0.30
647,487,0.30
648,487,0.30
642,488,0.30
643,488,0.30
644,488,0.30
645,488,0.30
646,488,0.30
647,488,0.30
648,488,0.30
632,461,0.30
633,461,0.30
634,461,0.60
635,461,0.85
636,461,1.00
637,461,1.00
638,461,1.00
639,461,1.00
640,461,1.00
641,461,1.00
642,461,1.00
632,462,0.30
633,462,0.30
634,462,0.60
635,462,1.00
636,462,1.00
637,462,1.00
638,462,1.00
639,462,1.00
640,462,1.00
641,462,1.00
642,462,1.00
632,463,0.30
633,463,0.30
634,463,0.81
635,463,1.00
636,463,1.00
637,463,1.00
638,463,1.00
639,463,1.00
640,463,1.00
641,463,1.00
642,463,1.00
632,464,0.30
633,464,0.45
634,464,0.99
635,464,1.00
636,464,1.00
637,464,1.00
638,464,1.00
639,464,1.00
640,464,1.00
641,464,1.00
642,464,1.00
632,465,0.30
633,465,0.55
634,465,1.00
635,465,1.00
636,465,1.00
637,465,1.00
638,465,1.00
639,465,1.00
640,465,1.00
641,465,1.00
642,465,1.00
632,466,0.30
633,466,0.58
634,466,1.00
635,466,1.00
636,466,1.00
637,466,1.00
638,466,1.00
639,466,1.00
640,466,1.00
641,466,1.00
642,466,1.00
632,467,0.30
633,467,0.55
634,467,1.00
635,467,1.00
636,467,1.00
637,467,1.00
638,467,1.00
639,467,1.00
640,467,1.00
641,467,1.00
642,467,1.00
632,468,0.30
633,468,0.45
634,468,0.69
635,468,0.91
636,468,1.00
637,468,1.00
638,468,1.00
639,468,1.00
640,468,1.00
641,468,1.00
642,468,1.00
632,469,0.30
633,469,0.30
634,469,0.51
635,469,0.69
636,469,0.81
637,469,1.00
638,469,1.00
639,469,0.99
640,469,0.96
641,469,0.85
632,470,0.30
633,470,0.30
634,470,0.30
635,470,0.45
636,470,0.55
637,470,0.88
638,470,0.85
639,470,0.75
640,470,0.60
641,470,0.60
632,471,0.30
633,471,0.30
634,471,0.30
635,471,0.30
636,471,0.30
637,471,0.30
638,471,0.30
639,471,0.30
640,471,0.30
641,471,0.30
634,457,0.30
635,457,0.30
636,457,0.30
637,457,0.60
638,457,1.00
639,457,1.00
640,457,1.00
641,457,1.00
642,457,1.00
643,457,1.00
644,457,1.00
634,458,0.30
635,458,0.30
636,458,0.30
637,458,0.75
638,458,1.00
639,458,1.00
640,458,1.00
641,458,1.00
642,458,1.00
643,458,1.00
644,458,1.00
634,459,0.30
635,459,0.30
636,459,0.51
637,459,0.99
638,459,1.00
639,459,1.00
640,459,1.00
641,459,1.00
642,459,1.00
643,459,1.00
644,459,1.00
634,460,0.30
635,460,0.45
636,460,0.69
637,460,1.00
638,460,1.00
639,460,1.00
640,460,1.00
641,460,1.00
642,460,1.00
643,460,1.00
644,460,1.00
643,461,1.00
644,461,1.00
643,462,1.00
644,462,1.00
643,463,1.00
644,463,1.00
643,464,1.00
644,464,1.00
643,465,1.00
644,465,1.00
643,466,1.00
644,466,1.00
643,467,1.00
644,467,1.00
653,477,1.00
654,477,1.00
655,477,1.00
656,477,1.00
657,477,1.00
658,477,1.00
659,477,1.00
653,478,1.00
654,478,1.00
655,478,1.00
656,478,1.00
657,478,1.00
658,478,1.00
659,478,1.00
653,479,1.00
654,479,1.00
655,479,1.00
656,479,0.99
657,479,0.81
658,479,0.60
659,479,0.60
649,480,0.30
650,480,0.45
651,480,0.69
652,480,0.91
653,480,1.00
654,480,1.00
655,480,1.00
656,480,1.00
657,480,0.99
658,480,0.75
659,480,0.60
649,481,0.30
650,481,0.55
651,481,0.81
652,481,1.00
653,481,1.00
654,481,1.00
655,481,1.00
656,481,1.00
657,481,1.00
658,481,1.00
659,481,0.85
649,482,0.30
650,482,0.58
651,482,0.86
652,482,1.00
653,482,1.00
654,482,1.00
655,482,1.00
656,482,1.00
657,482,1.00
658,482,1.00
659,482,1.00
649,483,0.30
650,483,0.55
651,483,0.81
652,483,1.00
653,483,1.00
654,483,1.00
655,483,1.00
656,483,1.00
657,483,1.00
658,483,1.00
659,483,1.00
649,484,0.30
650,484,0.45
651,484,0.69
652,484,0.91
653,484,1.00
654,484,1.00
655,484,1.00
656,484,1.00
657,484,1.00
658,484,1.00
659,484,1.00
649,485,0.30
650,485,0.30
651,485,0.51
652,485,0.69
653,485,1.00
654,485,1.00
655,485,1.00
656,485,1.00
657,485,1.00
658,485,1.00
659,485,1.00
649,486,0.30
650,486,0.30
651,486,0.30
652,486,0.45
653,486,0.85
654,486,1.00
655,486,1.00
656,486,1.00
657,486,1.00
658,486,1.00
659,486,1.00
649,487,0.30
650,487,0.30
651,487,0.30
652,487,0.30
653,487,0.60
654,487,0.75
655,487,0.99
656,487,1.00
657,487,1.00
658,487,1.00
659,487,1.00
667,526,1.00
668,526,1.00
669,526,1.00
670,526,1.00
671,526,1.00
672,526,1.00
673,526,1.00
674,526,1.00
667,527,1.00
668,527,1.00
669,527,1.00
670,527,1.00
671,527,1.00
672,527,1.00
673,527,1.00
674,527,1.00
667,528,1.00
668,528,1.00
669,528,1.00
670,528,1.00
671,528,1.00
672,528,1.00
673,528,1.00
674,528,1.00
664,529,1.00
665,529,1.00
666,529,0.90
667,529,1.00
668,529,1.00
669,529,1.00
670,529,1.00
671,529,1.00
672,529,1.00
673,529,1.00
674,529,1.00
664,530,0.75
665,530,0.60
666,530,0.60
667,530,0.60
668,530,0.60
669,530,0.85
670,530,1.00
671,530,1.00
672,530,1.00
673,530,1.00
674,530,1.00
666,466,0.30
667,466,0.30
668,466,0.30
669,466,0.30
670,466,0.30
671,466,0.30
672,466,0.30
673,466,0.30
674,466,0.30
675,466,0.30
676,466,0.30
666,467,0.30
667,467,0.30
668,467,0.30
669,467,0.45
670,467,0.55
671,467,0.58
672,467,0.55
673,467,0.45
674,467,0.30
675,467,0.30
676,467,0.30
666,468,0.60
667,468,0.60
668,468,0.81
669,468,0.99
670,468,1.00
671,468,0.86
672,468,0.81
673,468,0.69
674,468,0.51
675,468,0.30
676,468,0.30
666,469,0.85
667,469,0.90
668,469,0.99
669,469,1.00
670,469,1.00
671,469,1.00
672,469,1.00
673,469,0.91
674,469,0.69
675,469,0.45
676,469,0.30
671,470,1.00
672,470,1.00
673,470,1.00
674,470,0.81
675,470,0.55
676,470,0.30
671,471,1.00
672,471,1.00
673,471,1.00
674,471,0.86
675,471,0.58
676,471,0.30
671,472,1.00
672,472,1.00
673,472,1.00
674,472,1.00
675,472,0.85
676,472,0.60
671,473,1.00
672,473,1.00
673,473,1.00
674,473,0.99
675,473,0.75
676,473,0.60
671,474,1.00
672,474,1.00
673,474,1.00
674,474,1.00
675,474,0.60
676,474,0.60
671,475,1.00
672,475,1.00
673,475,1.00
674,475,0.99
675,475,0.75
676,475,0.60
671,476,1.00
672,476,1.00
673,476,1.00
674,476,1.00
675,476,0.85
676,476,0.60
667,447,1.00
668,447,1.00
669,447,1.00
670,447,1.00
671,447,1.00
672,447,1.00
673,447,1.00
674,447,1.00
675,447,1.00
676,447,1.00
677,447,0.90
667,448,1.00
668,448,1.00
669,448,1.00
670,448,1.00
671,448,1.00
672,448,1.00
673,448,1.00
674,448,1.00
675,448,1.00
676,448,1.00
677,448,0.90
667,449,1.00
668,449,1.00
669,449,1.00
670,449,1.00
671,449,1.00
672,449,1.00
673,449,1.00
674,449,1.00
675,449,1.00
676,449,1.00
677,449,0.90
667,450,1.00
668,450,1.00
669,450,1.00
670,450,1.00
671,450,1.00
672,450,1.00
673,450,1.00
674,450,1.00
675,450,1.00
676,450,1.00
677,450,0.90
667,451,1.00
668,451,1.00
669,451,1.00
670,451,1.00
671,451,1.00
672,451,1.00
673,451,1.00
674,451,1.00
675,451,1.00
676,451,1.00
677,451,0.90
667,452,1.00
668,452,1.00
669,452,1.00
670,452,1.00
671,452,1.00
672,452,1.00
673,452,1.00
674,452,1.00
675,452,1.00
676,452,1.00
677,452,0.60
667,453,1.00
668,453,1.00
669,453,1.00
670,453,1.00
671,453,1.00
672,453,1.00
673,453,1.00
674,453,1.00
675,453,1.00
676,453,0.99
677,453,0.60
667,454,1.00
668,454,1.00
669,454,1.00
670,454,1.00
671,454,1.00
672,454,1.00
673,454,1.00
674,454,1.00
675,454,1.00
676,454,0.75
677,454,0.60
667,455,1.00
668,455,1.00
669,455,1.00
670,455,1.00
671,455,1.00
672,455,1.00
673,455,1.00
674,455,1.00
675,455,0.81
676,455,0.60
677,455,0.60
667,456,1.00
668,456,1.00
669,456,1.00
670,456,1.00
671,456,1.00
672,456,0.88
673,456,0.85
674,456,0.75
675,456,0.60
676,456,0.60
677,456,0.60
667,457,1.00
668,457,1.00
669,457,1.00
670,457,1.00
671,457,1.00
672,457,0.30
673,457,0.30
674,457,0.30
675,457,0.30
676,457,0.30
677,457,0.30
667,441,1.00
668,441,0.88
669,441,0.60
670,441,0.30
671,441,0.30
672,441,0.30
673,441,0.30
674,441,0.30
675,441,0.30
676,441,0.30
677,441,0.30
667,442,1.00
668,442,0.85
669,442,0.60
670,442,0.45
671,442,0.55
672,442,0.58
673,442,0.55
674,442,0.45
675,442,0.30
676,442,0.30
677,442,0.30
667,443,0.99
668,443,0.75
669,443,0.81
670,443,0.69
671,443,0.81
672,443,0.86
673,443,0.81
674,443,0.69
675,443,0.51
676,443,0.30
677,443,0.30
667,444,1.00
668,444,1.00
669,444,1.00
670,444,0.91
671,444,1.00
672,444,1.00
673,444,1.00
674,444,0.91
675,444,0.69
676,444,0.45
677,444,0.30
667,445,0.90
668,445,1.00
669,445,1.00
670,445,1.00
671,445,1.00
672,445,1.00
673,445,1.00
674,445,1.00
675,445,0.81
676,445,0.55
677,445,0.30
667,446,1.00
668,446,1.00
669,446,1.00
670,446,1.00
671,446,1.00
672,446,1.00
673,446,1.00
674,446,1.00
675,446,1.00
676,446,0.88
677,446,0.60
671,477,1.00
672,477,1.00
673,477,1.00
674,477,0.86
675,477,0.58
676,477,0.30
671,478,1.00
672,478,1.00
673,478,1.00
674,478,0.81
675,478,0.55
676,478,0.30
671,479,1.00
672,479,1.00
673,479,0.91
674,479,0.69
675,479,0.45
676,479,0.30
671,480,0.86
672,480,0.81
673,480,0.69
674,480,0.51
675,480,0.30
676,480,0.30
666,481,0.30
667,481,0.30
668,481,0.30
669,481,0.45
670,481,0.55
671,481,0.58
672,481,0.55
673,481,0.45
674,481,0.30
675,481,0.30
676,481,0.30
666,482,0.30
667,482,0.30
668,482,0.30
669,482,0.30
670,482,0.30
671,482,0.30
672,482,0.30
673,482,0.30
674,482,0.30
675,482,0.30
676,482,0.30
659,529,0.81
660,529,0.99
661,529,1.00
662,529,1.00
663,529,1.00
666,532,0.30
667,532,0.30
668,532,0.60
666,533,0.30
667,533,0.30
668,533,0.60
666,534,0.51
667,534,0.30
668,534,0.60
666,535,0.69
667,535,0.45
668,535,0.30
666,536,0.81
667,536,0.55
668,536,0.30
666,537,0.86
667,537,0.58
668,537,0.30
666,538,0.81
667,538,0.55
668,538,0.30
666,539,0.69
667,539,0.45
668,539,0.30
666,540,0.51
667,540,0.30
668,540,0.30
666,541,0.30
667,541,0.30
668,541,0.30
658,542,0.30
659,542,0.30
660,542,0.30
661,542,0.30
662,542,0.30
663,542,0.30
664,542,0.30
665,542,0.30
666,542,0.30
667,542,0.30
668,542,0.30
657,529,0.30
658,529,0.30
657,530,0.30
658,530,0.30
659,530,0.30
660,530,0.45
661,530,0.55
662,530,0.58
663,530,0.55
666,531,0.30
667,531,0.30
660,468,0.60
661,468,0.30
662,468,0.30
663,468,0.30
664,468,0.30
665,468,0.30
660,469,0.60
661,469,0.30
662,469,0.30
663,469,0.45
664,469,0.55
665,469,0.58
661,455,1.00
662,455,1.00
663,455,1.00
664,455,1.00
665,455,1.00
666,455,1.00
661,456,1.00
662,456,1.00
663,456,1.00
664,456,1.00
665,456,1.00
666,456,1.00
661,457,1.00
662,457,1.00
663,457,1.00
664,457,1.00
665,457,1.00
666,457,1.00
661,458,1.00
662,458,1.00
663,458,1.00
664,458,1.00
665,458,1.00
666,458,1.00
667,458,1.00
668,458,1.00
669,458,1.00
670,458,1.00
671,458,0.90
661,459,1.00
662,459,1.00
663,459,1.00
664,459,1.00
665,459,1.00
666,459,1.00
667,459,1.00
668,459,1.00
669,459,1.00
670,459,1.00
671,459,0.90
661,460,1.00
662,460,1.00
663,460,1.00
664,460,1.00
665,460,1.00
666,460,1.00
667,460,1.00
668,460,1.00
669,460,1.00
670,460,1.00
671,460,0.90
661,461,1.00
662,461,1.00
663,461,1.00
664,461,1.00
665,461,1.00
666,461,1.00
667,461,1.00
668,461,1.00
669,461,1.00
670,461,1.00
671,461,0.90
661,462,1.00
662,462,1.00
663,462,1.00
664,462,1.00
665,462,1.00
666,462,1.00
667,462,1.00
668,462,1.00
669,462,1.00
670,462,1.00
671,462,0.90
661,463,1.00
662,463,1.00
663,463,1.00
664,463,1.00
665,463,1.00
666,463,1.00
667,463,1.00
668,463,1.00
669,463,1.00
670,463,0.90
671,463,0.90
661,464,0.90
662,464,0.90
663,464,0.90
664,464,1.00
665,464,1.00
666,464,1.00
667,464,1.00
668,464,1.00
669,464,0.90
670,464,0.90
671,464,0.90
661,465,0.60
662,465,0.60
663,465,0.60
664,465,0.60
665,465,0.60
666,465,0.60
667,465,0.60
668,465,0.60
669,465,0.60
670,465,0.60
671,465,0.60
661,454,1.00
662,454,1.00
663,454,1.00
664,454,1.00
665,454,1.00
666,454,1.00
660,451,0.75
661,451,0.99
662,451,1.00
663,451,1.00
664,451,1.00
665,451,1.00
666,451,1.00
660,452,0.60
661,452,0.81
662,452,0.99
663,452,1.00
664,452,1.00
665,452,1.00
666,452,1.00
660,453,0.90
661,453,0.90
662,453,1.00
663,453,1.00
664,453,1.00
665,453,1.00
666,453,1.00
660,454,1.00
660,455,1.00
660,456,1.00
660,457,1.00
660,458,1.00
660,459,1.00
660,460,1.00
660,461,1.00
659,444,0.60
660,444,0.60
661,444,0.81
662,444,0.99
663,444,1.00
664,444,1.00
665,444,1.00
666,444,0.99
659,445,0.60
660,445,0.60
661,445,0.60
662,445,0.90
663,445,1.00
664,445,1.00
665,445,1.00
666,445,0.90
659,446,0.60
660,446,0.60
661,446,0.81
662,446,0.99
663,446,1.00
664,446,1.00
665,446,1.00
666,446,0.99
659,447,0.30
660,447,0.45
661,447,0.69
662,447,0.91
663,447,1.00
664,447,1.00
665,447,1.00
666,447,0.91
659,448,0.30
660,448,0.55
661,448,0.81
662,448,1.00
663,448,1.00
664,448,1.00
665,448,1.00
666,448,1.00
659,449,0.30
660,449,0.58
661,449,0.86
662,449,1.00
663,449,1.00
664,449,1.00
665,449,1.00
666,449,1.00
659,450,0.30
660,450,0.55
661,450,0.81
662,450,1.00
663,450,1.00
664,450,1.00
665,450,1.00
666,450,1.00
659,451,0.30
659,452,0.30
659,453,0.60
659,454,0.88
659,436,0.30
660,436,0.30
661,436,0.30
662,436,0.30
663,436,0.30
664,436,0.30
665,436,0.30
666,436,0.30
667,436,0.30
668,436,0.30
669,436,0.30
659,437,0.30
660,437,0.30
661,437,0.30
662,437,0.45
663,437,0.55
664,437,0.58
665,437,0.55
666,437,0.45
667,437,0.30
668,437,0.30
669,437,0.30
659,438,0.30
660,438,0.30
661,438,0.51
662,438,0.69
663,438,0.81
664,438,0.86
665,438,0.81
666,438,0.69
667,438,0.51
668,438,0.30
669,438,0.30
659,439,0.30
660,439,0.45
661,439,0.69
662,439,0.91
663,439,1.00
664,439,1.00
665,439,1.00
666,439,0.91
667,439,0.69
668,439,0.45
669,439,0.30
659,440,0.30
660,440,0.55
661,440,0.81
662,440,1.00
663,440,1.00
664,440,1.00
665,440,1.00
666,440,1.00
667,440,0.81
668,440,0.55
669,440,0.30
659,441,0.30
660,441,0.58
661,441,0.86
662,441,1.00
663,441,1.00
664,441,1.00
665,441,1.00
666,441,1.00
659,442,0.30
660,442,0.55
661,442,0.81
662,442,1.00
663,442,1.00
664,442,1.00
665,442,1.00
666,442,1.00
659,443,0.30
660,443,0.45
661,443,0.69
662,443,0.91
663,443,1.00
664,443,1.00
665,443,1.00
666,443,0.91
654,453,0.30
655,453,0.30
656,453,0.30
657,453,0.30
658,453,0.30
654,454,0.30
655,454,0.30
656,454,0.30
657,454,0.45
658,454,0.55
654,455,0.30
655,455,0.30
656,455,0.51
657,455,0.69
658,455,0.81
659,455,0.86
654,456,0.30
655,456,0.45
656,456,0.69
657,456,0.91
658,456,1.00
659,456,1.00
654,457,0.30
655,457,0.55
656,457,0.81
657,457,1.00
658,457,1.00
659,457,1.00
654,458,0.30
655,458,0.58
656,458,0.86
657,458,1.00
658,458,1.00
659,458,1.00
654,459,0.30
655,459,0.55
656,459,0.81
657,459,1.00
658,459,1.00
659,459,1.00
654,460,0.30
655,460,0.45
656,460,0.69
657,460,0.91
658,460,1.00
659,460,1.00
654,461,0.30
655,461,0.30
656,461,0.51
657,461,0.69
658,461,0.81
659,461,0.86
654,462,0.30
655,462,0.30
656,462,0.30
657,462,0.45
658,462,0.55
659,462,0.58
660,462,0.55
654,463,0.30
655,463,0.30
656,463,0.30
657,463,0.30
658,463,0.30
659,463,0.30
660,463,0.30
650,468,0.90
651,468,0.90
652,468,0.90
653,468,0.90
654,468,0.90
655,468,0.90
656,468,0.90
657,468,0.90
658,468,0.90
659,468,0.90
653,469,1.00
654,469,1.00
655,469,1.00
656,469,1.00
657,469,1.00
658,469,1.00
659,469,1.00
653,470,1.00
654,470,1.00
655,470,1.00
656,470,1.00
657,470,1.00
658,470,1.00
659,470,1.00
653,471,1.00
654,471,1.00
655,471,1.00
656,471,1.00
657,471,1.00
658,471,1.00
659,471,1.00
653,472,1.00
654,472,1.00
655,472,1.00
656,472,1.00
657,472,1.00
658,472,1.00
659,472,1.00
653,473,1.00
654,473,1.00
655,473,1.00
656,473,1.00
657,473,1.00
658,473,1.00
659,473,1.00
653,474,1.00
654,474,1.00
655,474,1.00
656,474,1.00
657,474,1.00
658,474,1.00
659,474,1.00
653,475,1.00
654,475,1.00
655,475,1.00
656,475,1.00
657,475,1.00
658,475,1.00
659,475,1.00
653,476,1.00
654,476,1.00
655,476,1.00
656,476,1.00
657,476,1.00
658,476,1.00
659,476,1.00
649,468,0.60
660,481,0.45
661,481,0.30
662,481,0.30
663,481,0.30
660,482,0.69
661,482,0.51
662,482,0.30
663,482,0.30
660,483,0.91
661,483,0.69
662,483,0.45
663,483,0.30
660,484,1.00
661,484,0.81
662,484,0.55
663,484,0.30
660,485,1.00
661,485,0.86
662,485,0.58
663,485,0.30
660,486,1.00
661,486,0.81
662,486,0.55
663,486,0.30
660,487,0.91
661,487,0.69
662,487,0.45
663,487,0.30
653,488,0.30
654,488,0.30
655,488,0.51
656,488,0.69
657,488,0.81
658,488,0.86
659,488,0.81
660,488,0.69
661,488,0.51
662,488,0.30
663,488,0.30
653,489,0.30
654,489,0.30
655,489,0.30
656,489,0.45
657,489,0.55
658,489,0.58
659,489,0.55
660,489,0.45
661,489,0.30
662,489,0.30
663,489,0.30
653,490,0.30
654,490,0.30
655,490,0.30
656,490,0.30
657,490,0.30
658,490,0.30
659,490,0.30
660,490,0.30
661,490,0.30
662,490,0.30
663,490,0.30
653,500,0.30
654,500,0.30
655,500,0.30
656,500,0.30
657,500,0.30
658,500,0.30
659,500,0.30
660,500,0.30
653,501,0.30
654,501,0.30
655,501,0.30
656,501,0.45
657,501,0.55
658,501,0.58
659,501,0.55
660,501,0.45
653,502,0.30
654,502,0.30
655,502,0.51
656,502,0.69
657,502,0.81
658,502,0.86
659,502,0.81
660,502,0.69
661,502,0.51
662,502,0.30
663,502,0.30
653,503,0.30
654,503,0.45
655,503,0.69
656,503,0.91
657,503,1.00
658,503,1.00
659,503,1.00
660,503,0.91
661,503,0.69
662,503,0.45
663,503,0.30
653,504,0.30
654,504,0.55
655,504,0.81
656,504,1.00
657,504,1.00
658,504,1.00
659,504,1.00
660,504,1.00
661,504,0.81
662,504,0.55
663,504,0.30
653,505,0.30
654,505,0.58
655,505,0.86
656,505,1.00
657,505,1.00
658,505,1.00
659,505,1.00
660,505,1.00
661,505,1.00
662,505,0.88
663,505,0.60
653,506,0.30
654,506,0.55
655,506,0.81
656,506,1.00
657,506,1.00
658,506,1.00
659,506,1.00
660,506,1.00
661,506,1.00
662,506,1.00
663,506,0.88
653,507,0.30
654,507,0.45
655,507,0.69
656,507,0.91
657,507,1.00
658,507,1.00
659,507,1.00
660,507,1.00
661,507,1.00
662,507,1.00
663,507,1.00
653,508,0.60
654,508,0.60
655,508,0.81
656,508,0.99
657,508,1.00
658,508,1.00
659,508,1.00
660,508,1.00
661,508,1.00
662,508,1.00
663,508,1.00
653,509,0.60
654,509,0.60
655,509,0.75
656,509,0.99
657,509,1.00
658,509,1.00
659,509,1.00
660,509,1.00
661,509,1.00
662,509,1.00
663,509,1.00
653,510,0.60
654,510,0.81
655,510,0.99
656,510,1.00
657,510,1.00
658,510,1.00
659,510,1.00
660,510,1.00
661,510,1.00
662,510,1.00
663,510,1.00
652,508,0.30
652,509,0.30
652,510,0.30
652,511,0.30
653,511,0.45
654,511,0.69
655,511,0.91
656,511,1.00
657,511,1.00
658,511,1.00
659,511,1.00
660,511,1.00
661,511,1.00
662,511,1.00
652,512,0.30
653,512,0.55
654,512,0.81
655,512,1.00
656,512,1.00
657,512,1.00
658,512,1.00
659,512,1.00
660,512,1.00
661,512,1.00
662,512,1.00
652,513,0.30
653,513,0.58
654,513,0.86
655,513,1.00
656,513,1.00
657,513,1.00
658,513,1.00
659,513,1.00
660,513,1.00
661,513,1.00
662,513,1.00
652,514,0.30
653,514,0.55
654,514,0.81
655,514,1.00
656,514,1.00
657,514,1.00
658,514,1.00
659,514,1.00
660,514,1.00
661,514,1.00
662,514,1.00
652,515,0.30
653,515,0.45
654,515,0.69
655,515,0.91
656,515,1.00
657,515,1.00
658,515,1.00
659,515,1.00
660,515,1.00
661,515,1.00
662,515,1.00
652,516,0.30
653,516,0.30
654,516,0.51
655,516,0.69
656,516,0.81
657,516,1.00
658,516,1.00
659,516,1.00
660,516,1.00
661,516,1.00
662,516,1.00
652,517,0.30
653,517,0.30
654,517,0.30
652,518,0.30
653,518,0.30
654,518,0.30
664,509,1.00
665,509,1.00
666,509,1.00
667,509,0.85
664,510,1.00
665,510,1.00
666,510,1.00
667,510,0.88
663,511,1.00
664,511,1.00
665,511,1.00
666,511,1.00
667,511,0.85
663,512,1.00
664,512,1.00
665,512,1.00
666,512,1.00
667,512,1.00
663,513,1.00
664,513,1.00
665,513,1.00
666,513,1.00
667,513,1.00
663,514,1.00
664,514,1.00
665,514,1.00
666,514,1.00
667,514,1.00
663,515,1.00
663,516,1.00
674,514,1.00
675,514,1.00
676,514,1.00
677,514,1.00
678,514,0.90
679,514,1.00
680,514,1.00
681,514,1.00
675,515,1.00
676,515,1.00
677,515,1.00
678,515,1.00
679,515,1.00
680,515,1.00
681,515,1.00
675,516,1.00
676,516,1.00
677,516,1.00
678,516,1.00
679,516,1.00
680,516,1.00
681,516,1.00
675,517,1.00
676,517,1.00
677,517,1.00
678,517,1.00
679,517,1.00
680,517,1.00
681,517,1.00
675,518,1.00
676,518,1.00
677,518,1.00
678,518,1.00
679,518,1.00
680,518,1.00
681,518,1.00
675,519,1.00
676,519,1.00
677,519,1.00
678,519,1.00
679,519,1.00
680,519,1.00
681,519,1.00
675,520,1.00
676,520,1.00
677,520,1.00
678,520,1.00
679,520,1.00
680,520,1.00
681,520,1.00
682,520,1.00
683,520,0.85
684,520,0.90
675,521,1.00
676,521,0.99
677,521,1.00
678,521,1.00
679,521,1.00
680,521,1.00
681,521,0.91
682,521,0.69
683,521,0.45
684,521,0.60
675,522,0.90
676,522,0.81
677,522,0.99
678,522,0.81
679,522,0.86
680,522,0.81
681,522,0.69
682,522,0.51
683,522,0.30
684,522,0.60
675,523,0.60
676,523,0.60
677,523,0.75
675,524,0.60
676,524,0.60
677,524,0.60
693,518,0.60
693,519,0.75
685,520,0.75
686,520,1.00
687,520,1.00
688,520,1.00
689,520,1.00
690,520,1.00
691,520,1.00
692,520,1.00
693,520,1.00
685,521,0.55
686,521,1.00
687,521,1.00
688,521,1.00
689,521,1.00
690,521,1.00
691,521,1.00
692,521,1.00
693,521,1.00
685,522,0.58
686,522,1.00
687,522,1.00
688,522,1.00
689,522,1.00
690,522,1.00
691,522,1.00
692,522,1.00
693,522,1.00
689,523,1.00
690,523,1.00
691,523,1.00
692,523,1.00
693,523,1.00
689,524,1.00
690,524,1.00
691,524,1.00
692,524,1.00
693,524,1.00
689,525,1.00
690,525,1.00
691,525,1.00
692,525,1.00
693,525,1.00
691,526,1.00
692,526,1.00
693,526,0.99
691,527,0.88
692,527,0.85
693,527,0.75
679,510,1.00
680,510,1.00
681,510,1.00
679,511,1.00
680,511,1.00
681,511,1.00
679,512,1.00
680,512,1.00
681,512,1.00
679,513,0.99
680,513,1.00
681,513,1.00
677,506,1.00
678,506,1.00
679,506,1.00
680,506,0.85
681,506,0.60
682,506,0.30
683,506,0.30
677,507,1.00
678,507,1.00
679,507,1.00
680,507,1.00
681,507,0.85
682,507,0.58
683,507,0.55
677,508,1.00
678,508,1.00
679,508,1.00
680,508,1.00
681,508,1.00
682,508,0.86
683,508,0.81
677,509,1.00
678,509,1.00
679,509,1.00
680,509,1.00
681,509,1.00
677,510,1.00
678,510,1.00
677,511,1.00
678,511,1.00
677,512,1.00
678,512,1.00
677,513,1.00
678,513,0.75
678,494,0.30
679,494,0.30
680,494,0.30
681,494,0.30
682,494,0.30
683,494,0.30
684,494,0.30
685,494,0.30
686,494,0.30
687,494,0.30
688,494,0.30
678,495,0.30
679,495,0.30
680,495,0.30
681,495,0.45
682,495,0.55
683,495,0.58
684,495,0.55
685,495,0.45
686,495,0.30
687,495,0.30
688,495,0.30
678,496,0.30
679,496,0.30
680,496,0.51
681,496,0.69
682,496,0.81
683,496,0.86
684,496,0.81
685,496,0.69
686,496,0.51
687,496,0.30
688,496,0.30
678,497,0.30
679,497,0.45
680,497,0.69
681,497,0.91
682,497,1.00
683,497,1.00
684,497,1.00
685,497,0.91
686,497,0.69
687,497,0.45
688,497,0.30
678,498,0.30
679,498,0.55
680,498,0.81
681,498,1.00
682,498,1.00
683,498,1.00
684,498,1.00
685,498,1.00
686,498,0.81
687,498,0.55
688,498,0.30
678,499,0.30
679,499,0.58
680,499,0.86
681,499,1.00
682,499,1.00
683,499,1.00
684,499,1.00
685,499,1.00
686,499,0.86
687,499,0.58
688,499,0.30
678,500,0.30
679,500,0.55
680,500,0.81
681,500,1.00
682,500,1.00
683,500,1.00
684,500,1.00
685,500,1.00
686,500,0.81
687,500,0.55
688,500,0.30
678,501,0.30
679,501,0.45
680,501,0.69
681,501,0.91
682,501,1.00
683,501,1.00
684,501,1.00
685,501,0.91
686,501,0.69
687,501,0.45
688,501,0.30
678,502,0.60
679,502,0.60
680,502,0.81
681,502,0.99
682,502,0.81
683,502,0.86
684,502,0.81
685,502,0.69
686,502,0.51
687,502,0.30
688,502,0.30
678,503,0.75
679,503,0.60
680,503,0.60
681,503,0.75
682,503,0.55
683,503,0.58
684,503,0.55
685,503,0.45
686,503,0.30
687,503,0.30
688,503,0.30
678,504,0.99
679,504,0.81
680,504,0.60
681,504,0.60
682,504,0.30
683,504,0.30
684,504,0.30
685,504,0.30
686,504,0.30
687,504,0.30
688,504,0.30
679,476,0.60
680,476,0.75
681,476,0.99
682,476,1.00
683,476,1.00
684,476,1.00
685,476,1.00
686,476,1.00
687,476,0.99
688,476,0.75
689,476,0.60
679,477,0.60
680,477,0.60
681,477,0.81
682,477,1.00
683,477,1.00
684,477,1.00
685,477,1.00
686,477,1.00
687,477,0.81
688,477,0.60
689,477,0.60
679,478,0.60
680,478,0.60
681,478,0.81
682,478,1.00
683,478,1.00
684,478,1.00
685,478,1.00
686,478,1.00
687,478,0.81
688,478,0.60
689,478,0.60
679,479,0.60
680,479,0.75
681,479,0.99
682,479,1.00
683,479,1.00
684,479,1.00
685,479,1.00
686,479,1.00
687,479,0.99
688,479,0.75
689,479,0.60
679,480,0.30
680,480,0.55
681,480,0.81
682,480,1.00
683,480,1.00
684,480,1.00
685,480,1.00
686,480,1.00
687,480,0.81
688,480,0.55
689,480,0.30
679,481,0.30
680,481,0.58
681,481,0.86
682,481,1.00
683,481,1.00
684,481,1.00
685,481,1.00
686,481,1.00
687,481,0.86
688,481,0.58
689,481,0.30
679,482,0.30
680,482,0.55
681,482,0.81
682,482,1.00
683,482,1.00
684,482,1.00
685,482,1.00
686,482,1.00
687,482,0.81
688,482,0.55
689,482,0.30
679,483,0.30
680,483,0.45
681,483,0.69
682,483,0.91
683,483,1.00
684,483,1.00
685,483,1.00
686,483,0.91
687,483,0.69
688,483,0.45
689,483,0.30
679,484,0.30
680,484,0.30
681,484,0.51
682,484,0.69
683,484,0.81
684,484,0.86
685,484,0.81
686,484,0.69
687,484,0.51
688,484,0.30
689,484,0.30
679,485,0.30
680,485,0.30
681,485,0.30
682,485,0.45
683,485,0.55
684,485,0.58
685,485,0.55
686,485,0.45
687,485,0.30
688,485,0.30
689,485,0.30
679,486,0.30
680,486,0.30
681,486,0.30
682,486,0.30
683,486,0.30
684,486,0.30
685,486,0.30
686,486,0.30
687,486,0.30
688,486,0.30
689,486,0.30
679,469,0.30
680,469,0.60
681,469,0.60
682,469,0.60
683,469,0.60
684,469,0.60
685,469,0.60
686,469,0.60
687,469,0.60
688,469,0.60
689,469,0.60
679,470,0.30
680,470,0.30
681,470,0.30
682,470,0.45
683,470,0.55
684,470,0.58
685,470,0.55
686,470,0.45
687,470,0.30
688,470,0.30
689,470,0.30
679,471,0.30
680,471,0.30
681,471,0.51
682,471,0.69
683,471,0.81
684,471,0.86
685,471,0.81
686,471,0.69
687,471,0.51
688,471,0.30
689,471,0.30
679,472,0.30
680,472,0.45
681,472,0.69
682,472,0.91
683,472,1.00
684,472,1.00
685,472,1.00
686,472,0.91
687,472,0.69
688,472,0.45
689,472,0.30
679,473,0.30
680,473,0.55
681,473,0.81
682,473,1.00
683,473,1.00
684,473,1.00
685,473,1.00
686,473,1.00
687,473,0.81
688,473,0.55
689,473,0.30
679,474,0.30
680,474,0.58
681,474,0.86
682,474,1.00
683,474,1.00
684,474,1.00
685,474,1.00
686,474,1.00
687,474,0.86
688,474,0.58
689,474,0.30
679,475,0.30
680,475,0.55
681,475,0.81
682,475,1.00
683,475,1.00
684,475,1.00
685,475,1.00
686,475,1.00
687,475,0.81
688,475,0.55
689,475,0.30
680,459,0.30
681,459,0.30
682,459,0.30
683,459,0.30
684,459,0.30
685,459,0.30
686,459,0.30
687,459,0.30
688,459,0.30
689,459,0.30
690,459,0.30
680,460,0.30
681,460,0.30
682,460,0.30
683,460,0.45
684,460,0.55
685,460,0.58
686,460,0.55
687,460,0.45
688,460,0.30
689,460,0.30
690,460,0.30
680,461,0.30
681,461,0.30
682,461,0.51
683,461,0.69
684,461,0.81
685,461,0.86
686,461,0.81
687,461,0.69
688,461,0.51
689,461,0.30
690,461,0.30
680,462,0.30
681,462,0.45
682,462,0.69
683,462,0.91
684,462,1.00
685,462,1.00
686,462,1.00
687,462,0.91
688,462,0.69
689,462,0.45
690,462,0.30
680,463,0.30
681,463,0.55
682,463,0.81
683,463,1.00
684,463,1.00
685,463,1.00
686,463,1.00
687,463,1.00
688,463,0.81
689,463,0.55
690,463,0.30
680,464,0.30
681,464,0.58
682,464,0.86
683,464,1.00
684,464,1.00
685,464,1.00
686,464,1.00
687,464,1.00
688,464,0.86
689,464,0.58
690,464,0.30
680,465,0.30
681,465,0.55
682,465,0.81
683,465,1.00
684,465,1.00
685,465,1.00
686,465,1.00
687,465,1.00
688,465,0.81
689,465,0.55
690,465,0.30
680,466,0.30
681,466,0.45
682,466,0.69
683,466,0.91
684,466,1.00
685,466,1.00
686,466,1.00
687,466,0.91
688,466,0.69
689,466,0.45
690,466,0.30
680,467,0.30
681,467,0.30
682,467,0.51
683,467,0.69
684,467,0.81
685,467,0.86
686,467,0.81
687,467,0.69
688,467,0.51
689,467,0.30
690,467,0.30
680,468,0.30
681,468,0.30
682,468,0.30
683,468,0.45
684,468,0.55
685,468,0.58
686,468,0.55
687,468,0.45
688,468,0.30
689,468,0.30
690,468,0.30
690,469,0.30
681,419,0.30
682,419,0.30
683,419,0.30
684,419,0.30
685,419,0.30
686,419,0.30
687,419,0.30
688,419,0.30
689,419,0.30
690,419,0.30
691,419,0.30
681,420,0.30
682,420,0.30
683,420,0.30
684,420,0.45
685,420,0.55
686,420,0.58
687,420,0.55
688,420,0.45
689,420,0.30
690,420,0.30
691,420,0.30
681,421,0.30
682,421,0.30
683,421,0.51
684,421,0.69
685,421,0.81
686,421,0.86
687,421,0.81
688,421,0.69
689,421,0.51
690,421,0.30
691,421,0.30
681,422,0.30
682,422,0.45
683,422,0.69
684,422,0.91
685,422,1.00
686,422,1.00
687,422,1.00
688,422,0.91
689,422,0.69
690,422,0.45
691,422,0.30
681,423,0.30
682,423,0.55
683,423,0.81
684,423,1.00
685,423,1.00
686,423,1.00
687,423,1.00
688,423,1.00
689,423,0.81
690,423,0.55
691,423,0.30
681,424,0.30
682,424,0.58
683,424,0.86
684,424,1.00
685,424,1.00
686,424,1.00
687,424,1.00
688,424,1.00
689,424,0.86
690,424,0.58
691,424,0.30
681,425,0.30
682,425,0.55
683,425,0.81
684,425,1.00
685,425,1.00
686,425,1.00
687,425,1.00
688,425,1.00
689,425,0.81
690,425,0.55
691,425,0.30
681,426,0.30
682,426,0.45
683,426,0.69
684,426,0.91
685,426,1.00
686,426,1.00
687,426,1.00
688,426,0.91
689,426,0.69
690,426,0.45
691,426,0.30
681,427,0.30
682,427,0.30
683,427,0.51
684,427,0.69
685,427,0.81
686,427,1.00
687,427,1.00
688,427,1.00
689,427,1.00
690,427,0.90
691,427,0.90
681,428,0.30
682,428,0.30
683,428,0.30
684,428,0.45
685,428,0.55
686,428,1.00
687,428,1.00
688,428,1.00
689,428,1.00
690,428,1.00
691,428,1.00
681,429,0.30
682,429,0.30
683,429,0.30
684,429,0.30
685,429,0.30
686,429,0.90
687,429,0.90
688,429,1.00
689,429,1.00
690,429,1.00
691,429,1.00
679,405,1.00
680,405,1.00
681,405,1.00
682,405,1.00
683,405,1.00
684,405,1.00
685,405,1.00
686,405,1.00
687,405,1.00
688,405,0.90
689,405,0.30
679,406,1.00
680,406,1.00
681,406,1.00
682,406,1.00
683,406,1.00
684,406,1.00
685,406,1.00
686,406,1.00
687,406,1.00
688,406,0.90
689,406,0.30
679,407,1.00
680,407,1.00
681,407,1.00
682,407,1.00
683,407,1.00
684,407,1.00
685,407,1.00
686,407,1.00
687,407,1.00
688,407,0.90
689,407,0.30
679,408,1.00
680,408,1.00
681,408,1.00
682,408,1.00
683,408,1.00
684,408,1.00
685,408,1.00
686,408,1.00
687,408,1.00
688,408,1.00
689,408,0.30
679,409,1.00
680,409,1.00
681,409,1.00
682,409,1.00
683,409,1.00
684,409,1.00
685,409,1.00
686,409,1.00
687,409,1.00
688,409,1.00
689,409,0.30
679,410,1.00
680,410,1.00
681,410,1.00
682,410,1.00
683,410,1.00
684,410,1.00
685,410,1.00
686,410,1.00
687,410,1.00
688,410,1.00
689,410,0.30
679,411,1.00
680,411,1.00
681,411,1.00
682,411,1.00
683,411,1.00
684,411,1.00
685,411,1.00
686,411,1.00
687,411,1.00
688,411,1.00
689,411,0.30
679,412,1.00
680,412,1.00
681,412,1.00
682,412,1.00
683,412,1.00
684,412,1.00
685,412,1.00
686,412,1.00
687,412,1.00
688,412,1.00
689,412,0.30
679,413,1.00
680,413,1.00
681,413,1.00
682,413,1.00
683,413,1.00
684,413,1.00
685,413,1.00
686,413,0.99
687,413,0.81
688,413,0.30
689,413,0.30
679,414,1.00
680,414,1.00
681,414,0.90
682,414,1.00
683,414,0.85
684,414,0.88
685,414,0.85
686,414,0.75
687,414,0.60
688,414,0.30
689,414,0.30
679,415,0.75
680,415,0.60
681,415,0.60
682,415,0.60
683,415,0.30
684,415,0.30
685,415,0.30
686,415,0.30
687,415,0.30
688,415,0.30
689,415,0.30
678,402,0.60
679,402,0.60
680,402,0.60
681,402,0.60
682,402,0.60
683,402,0.60
684,402,0.60
685,402,0.60
686,402,0.60
687,402,0.60
688,402,0.60
678,403,0.60
679,403,0.60
680,403,0.60
681,403,0.90
682,403,1.00
683,403,1.00
684,403,1.00
685,403,0.90
686,403,0.60
687,403,0.60
688,403,0.60
678,404,0.90
679,404,0.90
680,404,1.00
681,404,1.00
682,404,1.00
683,404,1.00
684,404,1.00
685,404,1.00
686,404,1.00
687,404,0.90
688,404,0.60
678,405,0.90
678,406,1.00
678,407,1.00
678,408,1.00
678,409,1.00
678,410,1.00
678,411,1.00
678,412,1.00
677,404,0.30
677,405,0.30
677,406,0.60
677,407,0.88
677,408,1.00
677,409,1.00
677,410,1.00
677,411,1.00
677,412,1.00
677,413,1.00
678,413,1.00
677,414,1.00
678,414,1.00
672,406,1.00
673,406,1.00
674,406,0.85
675,406,0.60
676,406,0.30
672,407,1.00
673,407,1.00
674,407,0.88
675,407,0.75
676,407,0.55
672,408,1.00
673,408,1.00
674,408,1.00
675,408,0.99
676,408,0.81
672,409,1.00
673,409,1.00
674,409,1.00
675,409,1.00
676,409,1.00
672,410,0.99
673,410,1.00
674,410,1.00
675,410,1.00
676,410,1.00
672,411,0.75
673,411,0.88
674,411,1.00
675,411,1.00
676,411,1.00
672,412,0.60
673,412,0.85
674,412,1.00
675,412,1.00
676,412,1.00
672,413,0.30
673,413,0.45
674,413,0.69
675,413,0.91
676,413,1.00
672,414,0.30
673,414,0.30
674,414,0.51
675,414,0.69
676,414,0.81
672,415,0.30
673,415,0.30
674,415,0.30
675,415,0.45
676,415,0.55
677,415,0.58
678,415,0.55
672,416,0.30
673,416,0.30
674,416,0.30
675,416,0.30
676,416,0.30
677,416,0.30
678,416,0.30
679,416,0.30
680,416,0.30
681,416,0.30
682,416,0.30
665,402,1.00
666,402,1.00
667,402,1.00
668,402,0.75
669,402,0.60
670,402,0.60
671,402,0.60
672,402,0.30
673,402,0.30
674,402,0.30
675,402,0.30
665,403,1.00
666,403,1.00
667,403,0.90
668,403,0.75
669,403,0.85
670,403,0.88
671,403,0.85
672,403,0.45
673,403,0.30
674,403,0.30
675,403,0.30
665,404,1.00
666,404,0.88
667,404,0.81
668,404,0.69
669,404,0.81
670,404,0.86
671,404,0.81
672,404,0.69
673,404,0.51
674,404,0.30
675,404,0.30
665,405,1.00
666,405,0.99
667,405,0.99
668,405,0.91
669,405,1.00
670,405,1.00
671,405,1.00
672,405,0.91
673,405,0.69
674,405,0.45
675,405,0.30
665,406,0.99
666,406,0.99
667,406,1.00
668,406,1.00
669,406,1.00
670,406,1.00
671,406,1.00
665,407,0.81
666,407,0.88
667,407,1.00
668,407,1.00
669,407,1.00
670,407,1.00
671,407,1.00
665,408,0.60
666,408,0.85
667,408,1.00
668,408,1.00
669,408,1.00
670,408,1.00
671,408,1.00
665,409,0.60
666,409,0.75
667,409,0.99
668,409,0.91
669,409,1.00
670,409,1.00
671,409,1.00
665,410,0.30
666,410,0.30
667,410,0.51
668,410,0.69
669,410,0.81
670,410,0.86
671,410,0.81
665,411,0.30
666,411,0.30
667,411,0.30
668,411,0.45
669,411,0.55
670,411,0.58
671,411,0.55
665,412,0.30
666,412,0.30
667,412,0.30
668,412,0.30
669,412,0.30
670,412,0.30
671,412,0.30
661,393,0.30
662,393,0.30
663,393,0.30
664,393,0.30
665,393,0.30
666,393,0.30
667,393,0.30
668,393,0.30
669,393,0.30
670,393,0.30
671,393,0.30
661,394,0.30
662,394,0.30
663,394,0.30
664,394,0.45
665,394,0.55
666,394,0.58
667,394,0.55
668,394,0.45
669,394,0.30
670,394,0.30
671,394,0.30
661,395,0.30
662,395,0.30
663,395,0.51
664,395,0.69
665,395,0.81
666,395,0.86
667,395,0.81
668,395,0.69
669,395,0.51
670,395,0.30
671,395,0.30
661,396,0.30
662,396,0.45
663,396,0.69
664,396,0.91
665,396,1.00
666,396,1.00
667,396,1.00
668,396,0.91
669,396,0.69
670,396,0.45
671,396,0.30
661,397,0.30
662,397,0.55
663,397,0.81
664,397,1.00
665,397,1.00
666,397,1.00
667,397,1.00
668,397,1.00
669,397,0.81
670,397,0.55
671,397,0.30
661,398,0.30
662,398,0.58
663,398,0.86
664,398,1.00
665,398,1.00
666,398,1.00
667,398,1.00
668,398,1.00
669,398,0.86
670,398,0.58
671,398,0.30
661,399,0.60
662,399,0.85
663,399,1.00
664,399,1.00
665,399,1.00
666,399,1.00
667,399,1.00
668,399,1.00
669,399,0.81
670,399,0.55
671,399,0.30
661,400,0.85
662,400,1.00
663,400,1.00
664,400,1.00
665,400,1.00
666,400,1.00
667,400,1.00
668,400,0.91
669,400,0.69
670,400,0.45
671,400,0.30
661,401,1.00
662,401,1.00
663,401,1.00
664,401,1.00
665,401,1.00
666,401,1.00
667,401,1.00
668,401,0.69
669,401,0.51
670,401,0.30
671,401,0.30
661,402,1.00
662,402,1.00
663,402,1.00
664,402,1.00
661,403,1.00
662,403,1.00
663,403,1.00
664,403,1.00
657,399,0.30
658,399,0.30
659,399,0.30
660,399,0.30
657,400,0.30
658,400,0.30
659,400,0.30
660,400,0.45
657,401,0.30
658,401,0.30
659,401,0.51
660,401,0.69
657,402,0.30
658,402,0.45
659,402,0.69
660,402,0.91
657,403,0.30
658,403,0.55
659,403,0.81
660,403,1.00
657,404,0.30
658,404,0.58
659,404,0.86
660,404,1.00
661,404,1.00
662,404,1.00
663,404,1.00
664,404,1.00
657,405,0.30
658,405,0.55
659,405,0.81
660,405,1.00
661,405,1.00
662,405,1.00
663,405,1.00
664,405,1.00
657,406,0.30
658,406,0.45
659,406,0.69
660,406,0.91
661,406,1.00
662,406,1.00
663,406,1.00
664,406,0.91
657,407,0.30
658,407,0.30
659,407,0.51
660,407,0.69
661,407,0.81
662,407,0.86
663,407,0.81
664,407,0.69
657,408,0.30
658,408,0.30
659,408,0.30
660,408,0.45
661,408,0.55
662,408,0.58
663,408,0.55
664,408,0.45
657,409,0.30
658,409,0.30
659,409,0.30
660,409,0.30
661,409,0.30
662,409,0.30
663,409,0.30
664,409,0.30
647,416,0.30
648,416,0.30
649,416,0.30
650,416,0.30
651,416,0.30
652,416,0.30
653,416,0.30
654,416,0.30
655,416,0.30
656,416,0.30
657,416,0.30
647,417,0.30
648,417,0.30
649,417,0.30
650,417,0.45
651,417,0.55
652,417,0.58
653,417,0.55
654,417,0.45
655,417,0.30
656,417,0.30
657,417,0.30
647,418,0.30
648,418,0.30
649,418,0.51
650,418,0.69
651,418,0.81
652,418,0.86
653,418,0.81
654,418,0.69
655,418,0.51
656,418,0.30
657,418,0.30
647,419,0.30
648,419,0.45
649,419,0.69
650,419,0.91
651,419,1.00
652,419,1.00
653,419,1.00
654,419,0.91
655,419,0.69
656,419,0.45
657,419,0.30
647,420,0.30
648,420,0.55
649,420,0.81
650,420,1.00
651,420,1.00
652,420,1.00
653,420,1.00
654,420,1.00
655,420,0.81
656,420,0.55
657,420,0.30
647,421,0.30
648,421,0.58
649,421,0.86
650,421,1.00
651,421,1.00
652,421,1.00
653,421,1.00
654,421,1.00
655,421,0.86
656,421,0.58
657,421,0.30
647,422,0.30
648,422,0.55
649,422,0.81
650,422,1.00
651,422,1.00
652,422,1.00
653,422,1.00
654,422,1.00
655,422,0.81
656,422,0.55
657,422,0.30
647,423,0.30
648,423,0.45
649,423,0.69
650,423,0.91
651,423,1.00
652,423,1.00
653,423,1.00
654,423,0.91
655,423,0.69
656,423,0.45
657,423,0.30
647,424,0.30
648,424,0.30
649,424,0.51
650,424,0.69
651,424,0.81
652,424,0.86
653,424,0.81
654,424,0.69
655,424,0.51
656,424,0.30
657,424,0.30
647,425,0.30
648,425,0.30
649,425,0.30
650,425,0.45
651,425,0.55
652,425,0.58
653,425,0.55
654,425,0.45
655,425,0.30
656,425,0.30
657,425,0.30
647,426,0.30
648,426,0.30
649,426,0.30
650,426,0.30
651,426,0.30
652,426,0.30
653,426,0.30
654,426,0.30
655,426,0.30
656,426,0.30
657,426,0.30
642,435,0.30
643,435,0.30
644,435,0.30
645,435,0.30
646,435,0.30
647,435,0.30
648,435,0.30
649,435,0.30
650,435,0.30
651,435,0.30
652,435,0.30
642,436,0.30
643,436,0.30
644,436,0.30
645,436,0.45
646,436,0.55
647,436,0.58
648,436,0.55
649,436,0.45
650,436,0.30
651,436,0.30
652,436,0.30
642,437,0.30
643,437,0.30
644,437,0.51
645,437,0.69
646,437,0.81
647,437,0.86
648,437,0.81
649,437,0.69
650,437,0.51
651,437,0.30
652,437,0.30
642,438,0.30
643,438,0.45
644,438,0.69
645,438,0.91
646,438,1.00
647,438,1.00
648,438,1.00
649,438,0.91
650,438,0.69
651,438,0.45
652,438,0.30
642,439,0.30
643,439,0.55
644,439,0.81
645,439,1.00
646,439,1.00
647,439,1.00
648,439,1.00
649,439,1.00
650,439,0.81
651,439,0.55
652,439,0.30
642,440,0.30
643,440,0.58
644,440,0.86
645,440,1.00
646,440,1.00
647,440,1.00
648,440,1.00
649,440,1.00
650,440,0.86
651,440,0.58
652,440,0.30
642,441,0.30
643,441,0.55
644,441,0.81
645,441,1.00
646,441,1.00
647,441,1.00
648,441,1.00
649,441,1.00
650,441,0.81
651,441,0.55
652,441,0.30
642,442,0.60
643,442,0.75
644,442,0.99
645,442,1.00
646,442,1.00
647,442,1.00
648,442,1.00
649,442,1.00
650,442,0.99
651,442,0.75
652,442,0.30
642,443,0.60
643,443,0.60
644,443,0.96
645,443,1.00
646,443,1.00
647,443,1.00
648,443,1.00
649,443,0.99
650,443,0.81
651,443,0.60
652,443,0.30
642,444,0.60
643,444,0.81
644,444,0.99
645,444,1.00
646,444,1.00
647,444,1.00
648,444,1.00
649,444,0.96
650,444,0.60
651,444,0.60
652,444,0.30
642,445,0.75
643,445,0.99
644,445,1.00
645,445,1.00
646,445,1.00
647,445,1.00
648,445,1.00
649,445,0.99
650,445,0.75
651,445,0.60
652,445,0.30
641,442,0.60
641,443,0.60
641,444,0.60
641,445,0.60
641,446,0.60
642,446,0.55
643,446,0.81
644,446,1.00
645,446,1.00
646,446,1.00
647,446,1.00
648,446,1.00
649,446,0.81
650,446,0.55
651,446,0.30
641,447,0.30
642,447,0.58
643,447,0.86
644,447,1.00
645,447,1.00
646,447,1.00
647,447,1.00
648,447,1.00
649,447,0.86
650,447,0.58
651,447,0.30
641,448,0.30
642,448,0.55
643,448,0.81
644,448,1.00
645,448,1.00
646,448,1.00
647,448,1.00
648,448,1.00
649,448,0.81
650,448,0.55
651,448,0.30
641,449,0.30
642,449,0.45
643,449,0.69
644,449,0.91
645,449,1.00
646,449,1.00
647,449,1.00
648,449,0.91
649,449,0.69
650,449,0.45
651,449,0.30
641,450,0.30
642,450,0.30
643,450,0.51
644,450,0.69
645,450,0.81
646,450,0.86
647,450,0.81
648,450,0.69
649,450,0.51
650,450,0.30
651,450,0.30
641,451,0.30
642,451,0.30
643,451,0.30
644,451,0.45
645,451,0.55
646,451,0.58
647,451,0.55
648,451,0.45
649,451,0.30
650,451,0.30
651,451,0.30
641,452,0.30
642,452,0.30
643,452,0.30
644,452,0.30
645,452,0.30
646,452,0.30
647,452,0.30
648,452,0.30
649,452,0.30
650,452,0.30
651,452,0.30
645,457,1.00
646,457,1.00
647,457,1.00
648,457,0.99
645,458,1.00
646,458,1.00
647,458,1.00
648,458,1.00
645,459,1.00
646,459,1.00
647,459,1.00
648,459,1.00
645,460,1.00
646,460,1.00
647,460,1.00
648,460,1.00
645,461,1.00
646,461,1.00
647,461,1.00
648,461,0.99
645,462,1.00
646,462,1.00
647,462,1.00
648,462,0.81
645,463,1.00
646,463,1.00
647,463,1.00
648,463,0.60
645,464,1.00
646,464,1.00
647,464,1.00
648,464,0.60
645,465,1.00
646,465,1.00
647,465,0.60
648,465,0.30
645,466,1.00
646,466,0.85
647,466,0.60
648,466,0.30
645,467,0.99
646,467,0.75
647,467,0.60
648,467,0.30
643,468,0.81
644,468,0.69
645,468,0.51
646,468,0.30
647,468,0.30
637,454,0.30
638,454,0.30
639,454,0.30
640,454,0.60
641,454,0.60
642,454,0.60
643,454,0.60
644,454,0.60
645,454,0.60
646,454,0.60
647,454,0.60
637,455,0.30
638,455,0.30
639,455,0.30
640,455,0.75
641,455,0.85
642,455,0.88
643,455,0.99
644,455,0.99
645,455,0.88
646,455,0.85
647,455,0.75
637,456,0.30
638,456,0.30
639,456,0.51
640,456,0.99
641,456,1.00
642,456,1.00
643,456,1.00
644,456,1.00
645,456,1.00
646,456,1.00
647,456,0.99
631,436,0.30
632,436,0.30
633,436,0.30
634,436,0.30
635,436,0.30
636,436,0.30
637,436,0.30
638,436,0.30
639,436,0.30
640,436,0.30
641,436,0.30
631,437,0.30
632,437,0.30
633,437,0.30
634,437,0.45
635,437,0.55
636,437,0.58
637,437,0.55
638,437,0.45
639,437,0.30
640,437,0.30
641,437,0.30
631,438,0.30
632,438,0.30
633,438,0.51
634,438,0.69
635,438,0.81
636,438,0.86
637,438,0.81
638,438,0.69
639,438,0.51
640,438,0.30
641,438,0.30
631,439,0.30
632,439,0.45
633,439,0.69
634,439,0.91
635,439,1.00
636,439,1.00
637,439,1.00
638,439,0.91
639,439,0.69
640,439,0.45
641,439,0.30
631,440,0.30
632,440,0.55
633,440,0.81
634,440,1.00
635,440,1.00
636,440,1.00
637,440,1.00
638,440,1.00
639,440,0.81
640,440,0.55
641,440,0.30
631,441,0.30
632,441,0.58
633,441,0.86
634,441,1.00
635,441,1.00
636,441,1.00
637,441,1.00
638,441,1.00
639,441,0.86
640,441,0.58
641,441,0.30
631,442,0.30
632,442,0.55
633,442,0.81
634,442,1.00
635,442,1.00
636,442,1.00
637,442,1.00
638,442,1.00
639,442,0.81
640,442,0.55
631,443,0.30
632,443,0.45
633,443,0.69
634,443,0.91
635,443,1.00
636,443,1.00
637,443,1.00
638,443,0.91
639,443,0.69
640,443,0.45
631,444,0.30
632,444,0.30
633,444,0.51
634,444,0.69
635,444,0.81
636,444,0.86
637,444,0.81
638,444,0.69
639,444,0.51
640,444,0.30
631,445,0.30
632,445,0.30
633,445,0.30
634,445,0.45
635,445,0.55
636,445,0.58
637,445,0.55
638,445,0.45
639,445,0.30
640,445,0.30
631,446,0.30
632,446,0.30
633,446,0.30
634,446,0.30
635,446,0.30
636,446,0.30
637,446,0.30
638,446,0.30
639,446,0.30
640,446,0.30
621,421,0.30
622,421,0.30
623,421,0.30
624,421,0.30
625,421,0.30
626,421,0.30
627,421,0.30
628,421,0.30
629,421,0.30
630,421,0.30
631,421,0.30
621,422,0.30
622,422,0.30
623,422,0.30
624,422,0.45
625,422,0.55
626,422,0.58
627,422,0.55
628,422,0.45
629,422,0.30
630,422,0.30
631,422,0.30
621,423,0.30
622,423,0.30
623,423,0.51
624,423,0.69
625,423,0.81
626,423,0.86
627,423,0.81
628,423,0.69
629,423,0.51
630,423,0.30
631,423,0.30
621,424,0.30
622,424,0.45
623,424,0.69
624,424,0.91
625,424,1.00
626,424,1.00
627,424,1.00
628,424,0.91
629,424,0.69
630,424,0.45
631,424,0.30
621,425,0.30
622,425,0.55
623,425,0.81
624,425,1.00
625,425,1.00
626,425,1.00
627,425,1.00
628,425,1.00
629,425,0.81
630,425,0.55
631,425,0.30
621,426,0.30
622,426,0.58
623,426,0.86
624,426,1.00
625,426,1.00
626,426,1.00
627,426,1.00
628,426,1.00
629,426,0.86
630,426,0.58
631,426,0.30
621,427,0.30
622,427,0.55
623,427,0.81
624,427,1.00
625,427,1.00
626,427,1.00
627,427,1.00
628,427,1.00
629,427,0.81
630,427,0.55
631,427,0.30
621,428,0.30
622,428,0.45
623,428,0.69
624,428,0.91
625,428,1.00
626,428,1.00
627,428,1.00
628,428,0.91
629,428,0.69
630,428,0.45
631,428,0.30
621,429,0.30
622,429,0.30
623,429,0.51
624,429,0.69
625,429,0.81
626,429,0.86
627,429,0.81
628,429,0.69
629,429,0.51
630,429,0.30
631,429,0.30
621,430,0.30
622,430,0.30
623,430,0.30
624,430,0.45
625,430,0.55
626,430,0.58
627,430,0.55
628,430,0.45
629,430,0.30
630,430,0.30
631,430,0.30
621,431,0.30
622,431,0.30
623,431,0.30
624,431,0.30
625,431,0.30
626,431,0.30
627,431,0.30
628,431,0.30
629,431,0.30
630,431,0.30
631,431,0.30
619,410,0.60
620,410,0.60
621,410,0.60
622,410,0.60
623,410,0.60
624,410,0.60
625,410,0.60
626,410,0.60
627,410,0.60
628,410,0.60
629,410,0.60
619,411,0.60
620,411,0.60
621,411,0.60
622,411,0.90
623,411,1.00
624,411,1.00
625,411,1.00
626,411,0.90
627,411,0.60
628,411,0.60
629,411,0.60
619,412,0.60
620,412,0.60
621,412,1.00
622,412,1.00
623,412,1.00
624,412,1.00
625,412,1.00
626,412,1.00
627,412,1.00
628,412,0.60
629,412,0.60
619,413,0.60
620,413,0.90
621,413,1.00
622,413,1.00
623,413,1.00
624,413,1.00
625,413,1.00
626,413,1.00
627,413,1.00
628,413,0.90
629,413,0.60
619,414,0.60
620,414,1.00
621,414,1.00
622,414,1.00
623,414,1.00
624,414,1.00
625,414,1.00
626,414,1.00
627,414,1.00
628,414,1.00
629,414,0.60
619,415,0.60
620,415,1.00
621,415,1.00
622,415,1.00
623,415,1.00
624,415,1.00
625,415,1.00
626,415,1.00
627,415,1.00
628,415,1.00
629,415,0.60
619,416,0.60
620,416,1.00
621,416,1.00
622,416,1.00
623,416,1.00
624,416,1.00
625,416,1.00
626,416,1.00
627,416,1.00
628,416,1.00
629,416,0.60
619,417,0.60
620,417,0.90
621,417,1.00
622,417,1.00
623,417,1.00
624,417,1.00
625,417,1.00
626,417,1.00
627,417,1.00
628,417,0.90
629,417,0.60
619,418,0.60
620,418,0.60
621,418,1.00
622,418,1.00
623,418,1.00
624,418,1.00
625,418,1.00
626,418,1.00
627,418,1.00
628,418,0.60
629,418,0.60
619,419,0.60
620,419,0.60
621,419,0.60
622,419,0.90
623,419,1.00
624,419,1.00
625,419,1.00
626,419,0.90
627,419,0.60
628,419,0.60
629,419,0.60
619,420,0.60
620,420,0.60
621,420,0.60
622,420,0.60
623,420,0.60
624,420,0.60
625,420,0.60
626,420,0.60
627,420,0.60
628,420,0.60
629,420,0.60
648,454,0.30
649,454,0.30
650,454,0.30
648,455,0.30
649,455,0.30
650,455,0.30
648,456,0.51
649,456,0.30
650,456,0.30
649,457,0.45
650,457,0.30
649,458,0.55
650,458,0.30
649,459,0.58
650,459,0.30
649,460,0.55
650,460,0.30
649,461,0.45
650,461,0.30
649,462,0.30
650,462,0.30
649,463,0.30
650,463,0.30
649,464,0.30
650,464,0.30
664,505,0.30
665,505,0.30
666,505,0.30
667,505,0.30
668,505,0.30
664,506,0.55
665,506,0.45
666,506,0.30
667,506,0.30
668,506,0.30
664,507,0.81
665,507,0.69
666,507,0.51
667,507,0.30
668,507,0.30
664,508,1.00
665,508,0.91
666,508,0.69
667,508,0.45
668,508,0.60
668,509,0.60
668,510,0.60
668,511,0.60
668,512,0.90
668,513,1.00
668,514,1.00
669,512,0.85
670,512,1.00
671,512,1.00
672,512,1.00
673,512,1.00
674,512,1.00
675,512,1.00
669,513,1.00
670,513,1.00
671,513,1.00
672,513,1.00
673,513,1.00
674,513,1.00
675,513,1.00
669,514,1.00
670,514,1.00
671,514,1.00
672,514,1.00
673,514,1.00
676,513,1.00
669,508,0.30
670,508,0.30
671,508,0.60
672,508,0.85
673,508,1.00
674,508,1.00
675,508,1.00
676,508,1.00
669,509,0.30
670,509,0.30
671,509,0.75
672,509,0.99
673,509,1.00
674,509,1.00
675,509,1.00
676,509,1.00
669,510,0.30
670,510,0.51
671,510,0.99
672,510,1.00
673,510,1.00
674,510,1.00
675,510,1.00
676,510,1.00
669,511,0.45
670,511,0.69
671,511,1.00
672,511,1.00
673,511,1.00
674,511,1.00
675,511,1.00
676,511,1.00
676,512,1.00
671,502,0.30
672,502,0.30
673,502,0.30
674,502,0.30
675,502,0.30
676,502,0.30
677,502,0.30
671,503,0.30
672,503,0.30
673,503,0.30
674,503,0.45
675,503,0.55
676,503,0.58
677,503,0.55
671,504,0.30
672,504,0.30
673,504,0.51
674,504,0.69
675,504,0.81
676,504,0.86
677,504,0.81
671,505,0.30
672,505,0.45
673,505,0.69
674,505,0.91
675,505,1.00
676,505,1.00
677,505,1.00
678,505,0.91
679,505,0.69
680,505,0.45
681,505,0.30
671,506,0.30
672,506,0.55
673,506,0.81
674,506,1.00
675,506,1.00
676,506,1.00
671,507,0.30
672,507,0.58
673,507,0.86
674,507,1.00
675,507,1.00
676,507,1.00
675,525,0.45
676,525,0.30
677,525,0.30
675,526,0.69
676,526,0.51
677,526,0.30
675,527,0.91
676,527,0.69
677,527,0.45
675,528,1.00
676,528,0.81
677,528,0.55
675,529,1.00
676,529,0.86
677,529,0.58
675,530,1.00
676,530,0.81
677,530,0.55
668,531,0.30
669,531,0.45
670,531,0.69
671,531,0.91
672,531,1.00
673,531,1.00
674,531,1.00
675,531,0.91
676,531,0.69
677,531,0.45
669,532,0.30
670,532,0.51
671,532,0.69
672,532,0.81
673,532,0.86
674,532,0.81
675,532,0.69
676,532,0.51
677,532,0.30
669,533,0.30
670,533,0.30
671,533,0.45
672,533,0.55
673,533,0.58
674,533,0.55
675,533,0.45
676,533,0.30
677,533,0.30
669,534,0.30
670,534,0.30
671,534,0.30
672,534,0.30
673,534,0.30
674,534,0.30
675,534,0.30
676,534,0.30
677,534,0.30
678,534,0.30
647,576,0.60
648,576,0.60
649,576,0.75
650,576,0.85
651,576,0.88
652,576,0.85
653,576,0.75
647,577,0.60
648,577,0.81
649,577,0.99
650,577,1.00
651,577,1.00
652,577,1.00
653,577,1.00
647,578,0.75
648,578,0.99
649,578,1.00
650,578,1.00
651,578,1.00
652,578,1.00
653,578,1.00
647,579,0.85
648,579,1.00
649,579,1.00
650,579,1.00
651,579,1.00
652,579,1.00
653,579,1.00
654,579,1.00
655,579,1.00
656,579,0.75
657,579,0.30
647,580,0.88
648,580,1.00
649,580,1.00
650,580,1.00
651,580,1.00
652,580,1.00
653,580,1.00
654,580,1.00
655,580,1.00
656,580,0.85
657,580,0.30
647,581,0.85
648,581,1.00
649,581,1.00
650,581,1.00
651,581,1.00
652,581,1.00
653,581,1.00
654,581,1.00
655,581,1.00
656,581,0.88
657,581,0.30
647,582,0.75
648,582,1.00
649,582,1.00
650,582,1.00
651,582,1.00
652,582,1.00
653,582,1.00
654,582,1.00
655,582,1.00
656,582,0.85
657,582,0.30
647,583,0.60
648,583,0.96
649,583,1.00
650,583,1.00
651,583,1.00
652,583,1.00
653,583,1.00
654,583,1.00
655,583,0.99
656,583,0.75
657,583,0.30
647,584,0.60
648,584,0.60
649,584,0.96
650,584,1.00
651,584,1.00
652,584,1.00
653,584,1.00
654,584,0.99
655,584,0.81
656,584,0.60
657,584,0.30
647,585,0.60
648,585,0.60
649,585,0.60
650,585,0.75
651,585,0.85
652,585,0.88
653,585,0.85
654,585,0.75
655,585,0.60
656,585,0.60
657,585,0.30
647,586,0.30
648,586,0.30
649,586,0.30
650,586,0.30
651,586,0.30
652,586,0.30
653,586,0.30
654,586,0.30
655,586,0.30
656,586,0.30
657,586,0.30
646,575,0.30
647,575,0.30
648,575,0.30
649,575,0.30
650,575,0.30
651,575,0.30
652,575,0.30
653,575,0.30
646,576,0.30
646,577,0.30
646,578,0.30
646,579,0.30
646,580,0.30
646,581,0.30
646,582,0.30
646,583,0.30
646,584,0.30
646,585,0.30
701,528,1.00
702,528,0.86
703,528,0.58
704,528,0.30
701,529,1.00
702,529,0.81
703,529,0.55
704,529,0.30
701,530,0.91
702,530,0.69
703,530,0.45
704,530,0.30
701,531,0.69
702,531,0.51
703,531,0.30
704,531,0.30
701,532,0.45
702,532,0.30
703,532,0.30
704,532,0.30
716,493,0.30
717,493,0.30
718,493,0.30
719,493,0.30
720,493,0.30
721,493,0.30
722,493,0.30
723,493,0.60
724,493,0.88
725,493,1.00
726,493,1.00
716,494,0.30
717,494,0.30
718,494,0.30
719,494,0.45
720,494,0.55
721,494,0.58
722,494,0.55
723,494,0.75
724,494,0.85
725,494,1.00
726,494,1.00
716,495,0.30
717,495,0.30
718,495,0.51
719,495,0.69
720,495,0.81
721,495,0.86
722,495,0.81
723,495,0.99
724,495,0.96
725,495,0.99
726,495,1.00
716,496,0.30
717,496,0.45
718,496,0.69
719,496,0.91
720,496,1.00
721,496,1.00
722,496,1.00
723,496,1.00
724,496,0.99
725,496,1.00
726,496,1.00
716,497,0.30
717,497,0.55
718,497,0.81
719,497,1.00
720,497,1.00
721,497,1.00
722,497,1.00
723,497,1.00
724,497,1.00
725,497,1.00
726,497,1.00
716,498,0.30
717,498,0.58
718,498,0.86
719,498,1.00
720,498,1.00
721,498,1.00
722,498,1.00
723,498,1.00
724,498,1.00
725,498,1.00
726,498,0.90
716,499,0.30
717,499,0.55
718,499,0.81
719,499,1.00
720,499,1.00
721,499,1.00
722,499,1.00
723,499,1.00
724,499,0.81
725,499,0.85
726,499,0.75
716,500,0.30
717,500,0.45
718,500,0.69
719,500,0.91
720,500,1.00
721,500,1.00
722,500,1.00
723,500,1.00
724,500,0.99
725,500,1.00
726,500,1.00
716,501,0.30
717,501,0.30
718,501,0.51
719,501,0.69
720,501,0.81
721,501,0.86
722,501,0.81
723,501,0.99
724,501,0.81
725,501,0.90
726,501,1.00
716,502,0.30
717,502,0.30
718,502,0.30
719,502,0.45
720,502,0.55
721,502,0.58
722,502,0.55
723,502,0.75
724,502,0.60
725,502,1.00
726,502,1.00
716,503,0.30
717,503,0.30
718,503,0.30
719,503,0.30
720,503,0.30
721,503,0.30
722,503,0.30
723,503,0.60
724,503,0.75
725,503,1.00
726,503,1.00
731,483,0.30
732,483,0.30
733,483,0.30
734,483,0.30
735,483,0.30
736,483,0.30
737,483,0.30
738,483,0.30
739,483,0.30
740,483,0.30
741,483,0.30
731,484,0.30
732,484,0.30
733,484,0.30
734,484,0.75
735,484,0.85
736,484,0.88
737,484,0.85
738,484,0.75
739,484,0.60
740,484,0.60
741,484,0.60
731,485,0.30
732,485,0.30
733,485,0.51
734,485,0.99
735,485,1.00
736,485,1.00
737,485,1.00
738,485,1.00
739,485,1.00
740,485,0.85
741,485,0.75
731,486,0.30
732,486,0.45
733,486,0.69
734,486,1.00
735,486,1.00
736,486,1.00
737,486,1.00
738,486,1.00
739,486,1.00
740,486,1.00
741,486,0.99
731,487,0.30
732,487,0.55
733,487,0.81
734,487,1.00
735,487,1.00
736,487,1.00
737,487,1.00
738,487,1.00
739,487,1.00
740,487,1.00
741,487,1.00
731,488,0.60
732,488,0.88
733,488,1.00
734,488,1.00
735,488,1.00
736,488,1.00
737,488,1.00
738,488,1.00
739,488,1.00
740,488,1.00
741,488,1.00
731,489,0.60
732,489,0.85
733,489,1.00
734,489,1.00
735,489,1.00
736,489,1.00
737,489,1.00
738,489,1.00
739,489,1.00
740,489,1.00
741,489,1.00
731,490,0.81
732,490,0.75
733,490,0.99
734,490,1.00
735,490,1.00
736,490,1.00
737,490,1.00
738,490,1.00
739,490,1.00
740,490,1.00
741,490,1.00
731,491,0.99
732,491,0.75
733,491,0.81
734,491,0.99
735,491,1.00
736,491,1.00
737,491,1.00
738,491,1.00
739,491,1.00
740,491,1.00
741,491,1.00
731,492,1.00
732,492,0.85
733,492,0.60
734,492,0.75
735,492,0.85
736,492,1.00
737,492,1.00
738,492,1.00
739,492,1.00
740,492,1.00
741,492,0.99
731,493,1.00
732,493,0.88
733,493,0.60
734,493,0.60
735,493,0.60
736,493,0.60
737,493,0.75
738,493,0.85
739,493,0.88
740,493,0.85
741,493,0.75
742,484,0.30
743,484,0.30
744,484,0.30
742,485,0.30
743,485,0.30
744,485,0.30
742,486,0.51
743,486,0.30
744,486,0.30
742,487,0.69
743,487,0.45
744,487,0.30
742,488,0.81
743,488,0.55
744,488,0.30
742,489,0.86
743,489,0.58
744,489,0.30
742,490,0.81
743,490,0.55
744,490,0.30
742,491,0.69
743,491,0.45
744,491,0.30
742,492,0.51
743,492,0.30
744,492,0.30
742,493,0.30
743,493,0.30
744,493,0.30
734,494,0.30
735,494,0.30
736,494,0.30
737,494,0.30
738,494,0.30
739,494,0.30
740,494,0.30
741,494,0.30
742,494,0.30
743,494,0.30
744,494,0.30
732,500,1.00
733,500,1.00
734,500,0.85
735,500,0.60
736,500,0.30
737,500,0.30
738,500,0.30
739,500,0.30
740,500,0.30
741,500,0.30
742,500,0.30
732,501,1.00
733,501,1.00
734,501,0.88
735,501,0.75
736,501,0.55
737,501,0.58
738,501,0.55
739,501,0.45
740,501,0.30
741,501,0.30
742,501,0.30
732,502,1.00
733,502,1.00
734,502,1.00
735,502,0.99
736,502,0.81
737,502,0.86
738,502,0.81
739,502,0.69
740,502,0.51
741,502,0.30
742,502,0.30
732,503,1.00
733,503,1.00
734,503,1.00
735,503,1.00
736,503,1.00
737,503,1.00
738,503,1.00
739,503,0.91
740,503,0.69
741,503,0.45
742,503,0.30
732,504,1.00
733,504,1.00
734,504,1.00
735,504,1.00
736,504,1.00
737,504,1.00
738,504,1.00
739,504,1.00
740,504,0.81
741,504,0.55
742,504,0.30
732,505,1.00
733,505,1.00
734,505,1.00
735,505,1.00
736,505,1.00
737,505,1.00
738,505,1.00
739,505,1.00
740,505,0.86
741,505,0.58
742,505,0.30
732,506,1.00
733,506,1.00
734,506,1.00
735,506,1.00
736,506,1.00
737,506,1.00
738,506,1.00
739,506,1.00
740,506,0.81
741,506,0.55
742,506,0.30
732,507,0.75
733,507,0.75
734,507,0.69
735,507,0.91
736,507,1.00
737,507,1.00
738,507,1.00
739,507,0.91
740,507,0.69
741,507,0.45
742,507,0.30
732,508,0.60
733,508,0.60
734,508,0.51
735,508,0.69
736,508,0.81
737,508,0.86
738,508,0.81
739,508,0.69
740,508,0.51
741,508,0.30
742,508,0.30
732,509,0.60
733,509,0.60
734,509,0.30
735,509,0.45
736,509,0.55
737,509,0.58
738,509,0.55
739,509,0.45
740,509,0.30
741,509,0.30
742,509,0.30
732,510,0.90
733,510,0.90
734,510,0.60
735,510,0.60
736,510,0.30
737,510,0.30
738,510,0.30
739,510,0.30
740,510,0.30
741,510,0.30
742,510,0.30
723,511,0.30
724,511,0.30
725,511,0.90
726,511,0.90
727,511,0.90
728,511,1.00
729,511,1.00
730,511,1.00
731,511,1.00
732,511,1.00
733,511,0.90
723,512,0.30
724,512,0.30
725,512,1.00
726,512,1.00
727,512,1.00
728,512,1.00
729,512,1.00
730,512,1.00
731,512,1.00
732,512,1.00
733,512,1.00
723,513,0.60
724,513,0.60
725,513,1.00
726,513,1.00
727,513,1.00
728,513,1.00
729,513,1.00
730,513,1.00
731,513,1.00
732,513,1.00
733,513,1.00
723,514,0.60
724,514,0.75
725,514,1.00
726,514,1.00
727,514,1.00
728,514,1.00
729,514,1.00
730,514,1.00
731,514,1.00
732,514,1.00
733,514,1.00
723,515,0.60
724,515,0.85
725,515,1.00
726,515,1.00
727,515,1.00
728,515,1.00
729,515,1.00
730,515,1.00
731,515,1.00
732,515,1.00
733,515,1.00
728,516,1.00
729,516,1.00
730,516,1.00
731,516,1.00
732,516,1.00
733,516,1.00
728,517,1.00
729,517,1.00
730,517,1.00
731,517,1.00
732,517,1.00
733,517,1.00
728,518,1.00
729,518,1.00
730,518,1.00
731,518,1.00
732,518,1.00
733,518,1.00
728,519,1.00
729,519,1.00
730,519,1.00
731,519,1.00
732,519,1.00
733,519,1.00
727,500,1.00
728,500,1.00
729,500,1.00
730,500,1.00
731,500,1.00
727,501,1.00
728,501,1.00
729,501,1.00
730,501,1.00
731,501,1.00
727,502,1.00
728,502,1.00
729,502,1.00
730,502,1.00
731,502,1.00
727,503,1.00
728,503,1.00
729,503,1.00
730,503,1.00
731,503,1.00
723,504,0.30
724,504,0.55
725,504,1.00
726,504,1.00
727,504,1.00
728,504,1.00
729,504,1.00
730,504,1.00
731,504,1.00
723,505,0.30
724,505,0.58
725,505,1.00
726,505,1.00
727,505,1.00
728,505,1.00
729,505,1.00
730,505,1.00
731,505,1.00
723,506,0.30
724,506,0.55
725,506,1.00
726,506,1.00
727,506,1.00
728,506,1.00
729,506,1.00
730,506,1.00
731,506,1.00
723,507,0.30
724,507,0.45
725,507,0.69
726,507,0.91
727,507,1.00
728,507,1.00
729,507,1.00
730,507,0.91
731,507,0.69
723,508,0.30
724,508,0.30
725,508,0.51
726,508,0.69
727,508,0.81
728,508,0.86
729,508,0.81
730,508,0.69
731,508,0.51
723,509,0.30
724,509,0.30
725,509,0.30
726,509,0.45
727,509,0.55
728,509,0.58
729,509,0.55
730,509,0.45
731,509,0.30
723,510,0.30
724,510,0.30
725,510,0.60
726,510,0.60
727,510,0.60
728,510,0.60
729,510,0.60
730,510,0.60
731,510,0.60
723,488,0.30
724,488,0.30
725,488,0.30
726,488,0.30
727,488,0.30
728,488,0.30
729,488,0.30
730,488,0.30
723,489,0.30
724,489,0.30
725,489,0.30
726,489,0.45
727,489,0.55
728,489,0.58
729,489,0.55
730,489,0.45
723,490,0.30
724,490,0.30
725,490,0.51
726,490,0.69
727,490,0.81
728,490,0.86
729,490,0.81
730,490,0.69
723,491,0.30
724,491,0.45
725,491,0.69
726,491,0.91
727,491,1.00
728,491,1.00
729,491,1.00
730,491,0.91
723,492,0.30
724,492,0.55
725,492,0.81
726,492,1.00
727,492,1.00
728,492,1.00
729,492,1.00
730,492,1.00
727,493,1.00
728,493,1.00
729,493,1.00
730,493,1.00
727,494,1.00
728,494,1.00
729,494,1.00
730,494,1.00
731,494,0.81
732,494,0.55
733,494,0.30
727,495,1.00
728,495,1.00
729,495,1.00
730,495,0.91
731,495,0.69
732,495,0.45
733,495,0.30
727,496,1.00
728,496,1.00
729,496,1.00
730,496,0.99
731,496,0.81
732,496,0.60
733,496,0.60
727,497,0.85
728,497,1.00
729,497,1.00
730,497,1.00
731,497,0.85
732,497,0.75
733,497,0.60
727,498,0.81
728,498,0.99
729,498,1.00
730,498,1.00
731,498,1.00
732,498,0.99
733,498,0.81
725,463,0.60
726,463,0.60
727,463,0.60
728,463,0.60
729,463,0.60
730,463,0.60
731,463,0.60
732,463,0.60
733,463,0.60
734,463,0.60
735,463,0.30
725,464,0.60
726,464,0.60
727,464,0.75
728,464,0.99
729,464,1.00
730,464,1.00
731,464,0.99
732,464,0.75
733,464,0.60
734,464,0.60
735,464,0.30
725,465,0.60
726,465,0.81
727,465,1.00
728,465,1.00
729,465,1.00
730,465,1.00
731,465,1.00
732,465,1.00
733,465,0.81
734,465,0.60
735,465,0.30
725,466,0.75
726,466,1.00
727,466,1.00
728,466,1.00
729,466,1.00
730,466,1.00
731,466,1.00
732,466,1.00
733,466,1.00
734,466,0.75
735,466,0.30
725,467,0.85
726,467,1.00
727,467,1.00
728,467,1.00
729,467,1.00
730,467,1.00
731,467,1.00
732,467,1.00
733,467,1.00
734,467,0.85
735,467,0.30
725,468,0.88
726,468,1.00
727,468,1.00
728,468,1.00
729,468,1.00
730,468,1.00
731,468,1.00
732,468,1.00
733,468,1.00
734,468,0.88
735,468,0.30
725,469,0.85
726,469,1.00
727,469,1.00
728,469,1.00
729,469,1.00
730,469,1.00
731,469,1.00
732,469,1.00
733,469,1.00
734,469,0.85
735,469,0.30
725,470,0.75
726,470,1.00
727,470,1.00
728,470,1.00
729,470,1.00
730,470,1.00
731,470,1.00
732,470,1.00
733,470,1.00
734,470,0.75
735,470,0.30
725,471,0.60
726,471,0.81
727,471,1.00
728,471,1.00
729,471,1.00
730,471,1.00
731,471,1.00
732,471,1.00
733,471,0.81
734,471,0.60
735,471,0.30
725,472,0.60
726,472,0.60
727,472,0.75
728,472,0.99
729,472,1.00
730,472,1.00
731,472,0.99
732,472,0.75
733,472,0.60
734,472,0.60
735,472,0.30
725,473,0.60
726,473,0.60
727,473,0.60
728,473,0.60
729,473,0.60
730,473,0.60
731,473,0.60
732,473,0.60
733,473,0.60
734,473,0.60
735,473,0.30
725,441,0.85
726,441,0.60
727,441,0.30
728,441,0.30
729,441,0.30
730,441,0.30
731,441,0.30
732,441,0.30
733,441,0.30
734,441,0.30
735,441,0.30
725,442,1.00
726,442,0.90
727,442,0.60
728,442,0.75
729,442,0.85
730,442,0.88
731,442,0.85
732,442,0.75
733,442,0.60
734,442,0.60
735,442,0.30
725,443,1.00
726,443,0.90
727,443,0.96
728,443,1.00
729,443,1.00
730,443,1.00
731,443,1.00
732,443,0.99
733,443,0.81
734,443,0.60
735,443,0.30
725,444,1.00
726,444,1.00
727,444,1.00
728,444,1.00
729,444,1.00
730,444,1.00
731,444,1.00
732,444,1.00
733,444,0.99
734,444,0.75
735,444,0.30
725,445,1.00
726,445,1.00
727,445,1.00
728,445,1.00
729,445,1.00
730,445,1.00
731,445,1.00
732,445,1.00
733,445,1.00
734,445,0.85
735,445,0.30
725,446,1.00
726,446,1.00
727,446,1.00
728,446,1.00
729,446,1.00
730,446,1.00
731,446,1.00
732,446,1.00
733,446,1.00
734,446,0.88
735,446,0.30
725,447,1.00
726,447,1.00
727,447,1.00
728,447,1.00
729,447,1.00
730,447,1.00
731,447,1.00
732,447,1.00
733,447,1.00
734,447,0.85
735,447,0.30
725,448,0.85
726,448,1.00
727,448,1.00
728,448,1.00
729,448,1.00
730,448,1.00
731,448,1.00
732,448,1.00
733,448,1.00
734,448,0.75
735,448,0.30
725,449,0.75
726,449,0.99
727,449,1.00
728,449,1.00
729,449,1.00
730,449,1.00
731,449,1.00
732,449,1.00
733,449,0.96
734,449,0.60
735,449,0.30
725,450,0.60
726,450,0.81
727,450,0.99
728,450,1.00
729,450,1.00
730,450,1.00
731,450,1.00
732,450,0.96
733,450,0.60
734,450,0.60
735,450,0.30
725,451,0.60
726,451,0.60
727,451,0.75
728,451,0.85
729,451,0.88
730,451,0.85
731,451,0.75
732,451,0.60
733,451,0.60
734,451,0.60
735,451,0.30
724,442,1.00
724,443,1.00
724,444,0.99
724,445,0.81
724,446,0.60
724,447,0.60
724,448,0.30
724,449,0.30
724,450,0.30
724,451,0.30
724,452,0.30
725,452,0.30
726,452,0.30
727,452,0.30
728,452,0.30
729,452,0.30
730,452,0.30
731,452,0.30
732,452,0.30
733,452,0.30
734,452,0.30
724,463,0.30
724,464,0.30
724,465,0.30
724,466,0.30
724,467,0.30
724,468,0.30
724,469,0.30
724,470,0.30
724,471,0.30
724,472,0.30
724,473,0.30
734,496,0.30
735,496,0.30
734,497,0.30
735,497,0.30
734,498,0.30
735,498,0.30
727,499,0.69
728,499,0.91
729,499,1.00
730,499,1.00
731,499,1.00
732,499,0.91
733,499,0.69
734,499,0.45
735,499,0.30
734,511,0.60
735,511,0.60
734,512,0.90
735,512,0.90
734,513,1.00
735,513,0.90
734,514,1.00
735,514,0.90
734,515,1.00
735,515,0.90
734,516,1.00
735,516,0.90
734,517,1.00
735,517,0.90
734,518,1.00
735,518,0.90
734,519,1.00
735,519,0.90
735,520,0.90
719,475,0.30
720,475,0.30
721,475,0.30
722,475,0.30
723,475,0.30
724,475,0.30
725,475,0.30
726,475,0.30
727,475,0.30
728,475,0.30
729,475,0.30
719,476,0.30
720,476,0.30
721,476,0.30
722,476,0.45
723,476,0.55
724,476,0.58
725,476,0.55
726,476,0.45
727,476,0.30
728,476,0.30
729,476,0.30
719,477,0.30
720,477,0.30
721,477,0.51
722,477,0.69
723,477,0.81
724,477,0.86
725,477,0.81
726,477,0.69
727,477,0.51
728,477,0.30
729,477,0.30
719,478,0.30
720,478,0.45
721,478,0.69
722,478,0.91
723,478,1.00
724,478,1.00
725,478,1.00
726,478,0.91
727,478,0.69
728,478,0.45
729,478,0.30
719,479,0.30
720,479,0.55
721,479,0.81
722,479,1.00
723,479,1.00
724,479,1.00
725,479,1.00
726,479,1.00
727,479,0.81
728,479,0.55
729,479,0.30
719,480,0.30
720,480,0.58
721,480,0.86
722,480,1.00
723,480,1.00
724,480,1.00
725,480,1.00
726,480,1.00
727,480,0.86
728,480,0.58
729,480,0.30
719,481,0.30
720,481,0.55
721,481,0.81
722,481,1.00
723,481,1.00
724,481,1.00
725,481,1.00
726,481,1.00
727,481,0.81
728,481,0.55
729,481,0.30
719,482,0.30
720,482,0.45
721,482,0.69
722,482,0.91
723,482,1.00
724,482,1.00
725,482,1.00
726,482,0.91
727,482,0.69
728,482,0.45
729,482,0.30
719,483,0.30
720,483,0.30
721,483,0.51
722,483,0.69
723,483,0.81
724,483,0.86
725,483,0.81
726,483,0.69
727,483,0.51
728,483,0.30
729,483,0.30
719,484,0.30
720,484,0.30
721,484,0.30
722,484,0.45
723,484,0.55
724,484,0.58
725,484,0.55
726,484,0.45
727,484,0.30
728,484,0.30
729,484,0.30
719,485,0.30
720,485,0.30
721,485,0.30
722,485,0.30
723,485,0.30
724,485,0.30
725,485,0.30
726,485,0.30
727,485,0.30
728,485,0.30
729,485,0.30
716,437,0.30
717,437,0.30
718,437,0.30
719,437,0.30
720,437,0.30
721,437,0.30
722,437,0.30
723,437,0.30
724,437,0.30
725,437,0.30
726,437,0.30
716,438,0.30
717,438,0.30
718,438,0.30
719,438,0.45
720,438,0.55
721,438,0.58
722,438,0.55
723,438,0.45
724,438,0.30
725,438,0.30
726,438,0.30
716,439,0.30
717,439,0.30
718,439,0.51
719,439,0.69
720,439,0.81
721,439,0.86
722,439,0.81
723,439,0.69
724,439,0.51
725,439,0.30
726,439,0.30
716,440,0.30
717,440,0.45
718,440,0.69
719,440,0.91
720,440,1.00
721,440,1.00
722,440,1.00
723,440,0.91
724,440,0.69
725,440,0.45
726,440,0.30
716,441,0.30
717,441,0.55
718,441,0.81
719,441,1.00
720,441,1.00
721,441,1.00
722,441,1.00
723,441,1.00
724,441,0.81
716,442,0.30
717,442,0.58
718,442,0.86
719,442,1.00
720,442,1.00
721,442,1.00
722,442,1.00
723,442,1.00
716,443,0.30
717,443,0.55
718,443,0.81
719,443,1.00
720,443,1.00
721,443,1.00
722,443,1.00
723,443,1.00
716,444,0.30
717,444,0.45
718,444,0.69
719,444,0.91
720,444,1.00
721,444,1.00
722,444,1.00
723,444,0.91
716,445,0.30
717,445,0.30
718,445,0.51
719,445,0.69
720,445,0.81
721,445,0.86
722,445,0.81
723,445,0.69
716,446,0.30
717,446,0.30
718,446,0.30
719,446,0.45
720,446,0.55
721,446,0.58
722,446,0.55
723,446,0.45
716,447,0.30
717,447,0.30
718,447,0.30
719,447,0.30
720,447,0.30
721,447,0.30
722,447,0.30
723,447,0.30
713,422,0.30
714,422,0.30
715,422,0.30
716,422,0.30
717,422,0.30
718,422,0.30
719,422,0.30
720,422,0.30
721,422,0.30
722,422,0.30
723,422,0.30
713,423,0.30
714,423,0.30
715,423,0.30
716,423,0.45
717,423,0.55
718,423,0.58
719,423,0.55
720,423,0.45
721,423,0.30
722,423,0.30
723,423,0.30
713,424,0.30
714,424,0.30
715,424,0.51
716,424,0.69
717,424,0.81
718,424,0.86
719,424,0.81
720,424,0.69
721,424,0.51
722,424,0.30
723,424,0.30
713,425,0.30
714,425,0.45
715,425,0.69
716,425,0.91
717,425,1.00
718,425,1.00
719,425,1.00
720,425,0.91
721,425,0.69
722,425,0.45
723,425,0.30
713,426,0.30
714,426,0.55
715,426,0.81
716,426,1.00
717,426,1.00
718,426,1.00
719,426,1.00
720,426,1.00
721,426,0.81
722,426,0.55
723,426,0.30
713,427,0.30
714,427,0.58
715,427,0.86
716,427,1.00
717,427,1.00
718,427,1.00
719,427,1.00
720,427,1.00
721,427,0.86
722,427,0.58
723,427,0.30
713,428,0.30
714,428,0.55
715,428,0.81
716,428,1.00
717,428,1.00
718,428,1.00
719,428,1.00
720,428,1.00
721,428,0.81
722,428,0.55
723,428,0.30
713,429,0.30
714,429,0.45
715,429,0.69
716,429,0.91
717,429,1.00
718,429,1.00
719,429,1.00
720,429,0.91
721,429,0.69
722,429,0.45
723,429,0.30
713,430,0.30
714,430,0.30
715,430,0.51
716,430,0.69
717,430,0.81
718,430,0.86
719,430,0.81
720,430,0.69
721,430,0.51
722,430,0.30
723,430,0.30
713,431,0.30
714,431,0.30
715,431,0.30
716,431,0.45
717,431,0.55
718,431,0.58
719,431,0.55
720,431,0.45
721,431,0.30
722,431,0.30
723,431,0.30
713,432,0.30
714,432,0.30
715,432,0.30
716,432,0.30
717,432,0.30
718,432,0.30
719,432,0.30
720,432,0.30
721,432,0.30
722,432,0.30
723,432,0.30
705,406,0.30
706,406,0.30
707,406,0.30
708,406,0.30
709,406,0.30
710,406,0.30
711,406,0.30
712,406,0.30
713,406,0.30
714,406,0.30
715,406,0.30
705,407,0.30
706,407,0.30
707,407,0.30
708,407,0.45
709,407,0.55
710,407,0.58
711,407,0.55
712,407,0.45
713,407,0.30
714,407,0.30
715,407,0.30
705,408,0.30
706,408,0.30
707,408,0.51
708,408,0.69
709,408,0.81
710,408,0.86
711,408,0.81
712,408,0.69
713,408,0.51
714,408,0.30
715,408,0.30
705,409,0.30
706,409,0.45
707,409,0.69
708,409,0.91
709,409,1.00
710,409,1.00
711,409,1.00
712,409,0.91
713,409,0.69
714,409,0.45
715,409,0.30
705,410,0.30
706,410,0.55
707,410,0.81
708,410,1.00
709,410,1.00
710,410,1.00
711,410,1.00
712,410,1.00
713,410,0.81
714,410,0.55
715,410,0.30
705,411,0.30
706,411,0.58
707,411,0.86
708,411,1.00
709,411,1.00
710,411,1.00
711,411,1.00
712,411,1.00
713,411,0.86
714,411,0.58
715,411,0.30
705,412,0.30
706,412,0.55
707,412,0.81
708,412,1.00
709,412,1.00
710,412,1.00
711,412,1.00
712,412,1.00
713,412,0.81
714,412,0.55
715,412,0.30
705,413,0.30
706,413,0.45
707,413,0.69
708,413,0.91
709,413,1.00
710,413,1.00
711,413,1.00
712,413,0.91
713,413,0.69
714,413,0.45
715,413,0.30
705,414,0.30
706,414,0.30
707,414,0.51
708,414,0.69
709,414,0.81
710,414,0.86
711,414,0.81
712,414,0.69
713,414,0.51
714,414,0.30
715,414,0.30
705,415,0.30
706,415,0.30
707,415,0.30
708,415,0.45
709,415,0.55
710,415,0.58
711,415,0.55
712,415,0.45
713,415,0.30
714,415,0.30
715,415,0.30
705,416,0.30
706,416,0.30
707,416,0.30
708,416,0.30
709,416,0.30
710,416,0.30
711,416,0.30
712,416,0.30
713,416,0.30
714,416,0.30
715,416,0.30
694,383,1.00
695,383,1.00
696,383,1.00
697,383,1.00
698,383,1.00
699,383,0.60
700,383,0.30
701,383,0.30
702,383,0.30
703,383,0.30
704,383,0.30
694,384,1.00
695,384,1.00
696,384,1.00
697,384,1.00
698,384,1.00
699,384,0.88
700,384,0.55
701,384,0.45
702,384,0.30
703,384,0.30
704,384,0.30
694,385,1.00
695,385,1.00
696,385,1.00
697,385,1.00
698,385,1.00
699,385,1.00
700,385,0.81
701,385,0.69
702,385,0.51
703,385,0.30
704,385,0.30
694,386,1.00
695,386,1.00
696,386,1.00
697,386,1.00
698,386,1.00
699,386,1.00
700,386,1.00
701,386,0.91
702,386,0.69
703,386,0.45
704,386,0.30
694,387,1.00
695,387,1.00
696,387,1.00
697,387,1.00
698,387,1.00
699,387,1.00
700,387,1.00
701,387,1.00
702,387,0.81
703,387,0.55
704,387,0.30
694,388,0.60
695,388,0.88
696,388,1.00
697,388,1.00
698,388,1.00
699,388,1.00
700,388,1.00
701,388,1.00
702,388,0.86
703,388,0.58
704,388,0.30
694,389,0.30
695,389,0.55
696,389,0.81
697,389,1.00
698,389,1.00
699,389,1.00
700,389,1.00
701,389,1.00
702,389,0.81
703,389,0.55
704,389,0.30
694,390,0.30
695,390,0.45
696,390,0.69
697,390,0.91
698,390,1.00
699,390,1.00
700,390,1.00
701,390,0.91
702,390,0.69
703,390,0.45
704,390,0.30
694,391,0.30
695,391,0.30
696,391,0.51
697,391,0.69
698,391,0.81
699,391,0.86
700,391,0.81
701,391,0.69
702,391,0.51
703,391,0.30
704,391,0.30
694,392,0.30
695,392,0.30
696,392,0.30
697,392,0.45
698,392,0.55
699,392,0.58
700,392,0.55
701,392,0.45
702,392,0.30
703,392,0.30
704,392,0.30
694,393,0.60
695,393,0.60
696,393,0.60
697,393,0.60
698,393,0.60
699,393,0.60
700,393,0.30
701,393,0.30
702,393,0.30
703,393,0.30
704,393,0.30
689,378,1.00
690,378,1.00
691,378,1.00
692,378,1.00
693,378,1.00
694,378,1.00
695,378,1.00
696,378,0.90
697,378,0.60
698,378,0.60
699,378,0.30
689,379,1.00
690,379,1.00
691,379,1.00
692,379,1.00
693,379,1.00
694,379,1.00
695,379,1.00
696,379,1.00
697,379,0.60
698,379,0.60
699,379,0.30
689,380,1.00
690,380,1.00
691,380,1.00
692,380,1.00
693,380,1.00
694,380,1.00
695,380,1.00
696,380,1.00
697,380,0.96
698,380,0.60
699,380,0.30
689,381,1.00
690,381,1.00
691,381,1.00
692,381,1.00
693,381,1.00
694,381,1.00
695,381,1.00
696,381,1.00
697,381,1.00
698,381,0.75
699,381,0.30
689,382,1.00
690,382,1.00
691,382,1.00
692,382,1.00
693,382,1.00
694,382,1.00
695,382,1.00
696,382,1.00
697,382,1.00
698,382,0.85
699,382,0.30
689,383,1.00
690,383,1.00
691,383,1.00
692,383,1.00
693,383,1.00
689,384,1.00
690,384,1.00
691,384,1.00
692,384,1.00
693,384,1.00
689,385,1.00
690,385,1.00
691,385,1.00
692,385,1.00
693,385,1.00
689,386,1.00
690,386,1.00
691,386,1.00
692,386,1.00
693,386,1.00
689,387,0.90
690,387,0.90
691,387,0.90
692,387,1.00
693,387,1.00
689,388,0.30
690,388,0.30
691,388,0.30
692,388,0.30
693,388,0.30
688,377,0.60
689,377,0.60
690,377,0.60
691,377,0.60
692,377,0.60
693,377,0.60
694,377,0.60
695,377,0.60
696,377,0.60
697,377,0.30
698,377,0.30
688,378,0.60
688,379,0.81
688,380,0.99
688,381,1.00
688,382,1.00
688,383,1.00
688,384,0.99
688,385,0.81
688,386,0.60
688,387,0.60
686,377,0.30
687,377,0.30
686,378,0.30
687,378,0.30
686,379,0.30
687,379,0.30
686,380,0.30
687,380,0.45
686,381,0.30
687,381,0.55
686,382,0.30
687,382,0.58
686,383,0.30
687,383,0.55
686,384,0.30
687,384,0.45
686,385,0.30
687,385,0.30
686,386,0.30
687,386,0.30
686,387,0.30
687,387,0.30
689,393,0.30
690,393,0.30
691,393,0.30
692,393,0.30
693,393,0.30
689,394,0.30
690,394,0.30
691,394,0.30
692,394,0.45
693,394,0.55
694,394,0.58
695,394,0.55
696,394,0.45
697,394,0.30
698,394,0.30
699,394,0.30
689,395,0.30
690,395,0.30
691,395,0.51
692,395,0.69
693,395,0.81
694,395,0.86
695,395,0.81
696,395,0.69
697,395,0.51
698,395,0.30
699,395,0.30
689,396,0.30
690,396,0.45
691,396,0.69
692,396,0.91
693,396,1.00
694,396,1.00
695,396,1.00
696,396,0.91
697,396,0.69
698,396,0.45
699,396,0.30
689,397,0.30
690,397,0.55
691,397,0.81
692,397,1.00
693,397,1.00
694,397,1.00
695,397,1.00
696,397,1.00
697,397,0.81
698,397,0.55
699,397,0.30
689,398,0.30
690,398,0.58
691,398,0.86
692,398,1.00
693,398,1.00
694,398,1.00
695,398,1.00
696,398,1.00
697,398,0.86
698,398,0.58
699,398,0.30
689,399,0.30
690,399,0.55
691,399,0.81
692,399,1.00
693,399,1.00
694,399,1.00
695,399,1.00
696,399,1.00
697,399,0.81
698,399,0.55
699,399,0.30
689,400,0.30
690,400,0.45
691,400,0.69
692,400,0.91
693,400,1.00
694,400,1.00
695,400,1.00
696,400,0.91
697,400,0.69
698,400,0.45
699,400,0.30
689,401,0.30
690,401,0.30
691,401,0.51
692,401,0.69
693,401,0.81
694,401,0.86
695,401,0.81
696,401,0.69
697,401,0.51
698,401,0.30
699,401,0.30
689,402,0.30
690,402,0.30
691,402,0.30
692,402,0.45
693,402,0.55
694,402,0.58
695,402,0.55
696,402,0.45
697,402,0.30
698,402,0.30
699,402,0.30
689,403,0.30
690,403,0.30
691,403,0.30
692,403,0.30
693,403,0.30
694,403,0.30
695,403,0.30
696,403,0.30
697,403,0.30
698,403,0.30
699,403,0.30
700,431,0.30
701,431,0.30
702,431,0.30
703,431,0.30
704,431,0.30
705,431,0.30
706,431,0.30
707,431,0.30
708,431,0.30
709,431,0.30
710,431,0.30
700,432,0.30
701,432,0.30
702,432,0.30
703,432,0.45
704,432,0.55
705,432,0.58
706,432,0.55
707,432,0.45
708,432,0.30
709,432,0.30
710,432,0.30
700,433,0.30
701,433,0.30
702,433,0.51
703,433,0.69
704,433,0.81
705,433,0.86
706,433,0.81
707,433,0.69
708,433,0.51
709,433,0.30
710,433,0.30
700,434,0.30
701,434,0.45
702,434,0.69
703,434,0.91
704,434,1.00
705,434,1.00
706,434,1.00
707,434,0.91
708,434,0.69
709,434,0.45
710,434,0.30
700,435,0.30
701,435,0.55
702,435,0.81
703,435,1.00
704,435,1.00
705,435,1.00
706,435,1.00
707,435,1.00
708,435,0.81
709,435,0.55
710,435,0.30
700,436,0.30
701,436,0.58
702,436,0.86
703,436,1.00
704,436,1.00
705,436,1.00
706,436,1.00
707,436,1.00
708,436,0.86
709,436,0.58
710,436,0.30
700,437,0.30
701,437,0.55
702,437,0.81
703,437,1.00
704,437,1.00
705,437,1.00
706,437,1.00
707,437,1.00
708,437,0.81
709,437,0.55
710,437,0.30
700,438,0.30
701,438,0.45
702,438,0.69
703,438,0.91
704,438,1.00
705,438,1.00
706,438,1.00
707,438,0.91
708,438,0.69
709,438,0.45
710,438,0.30
700,439,0.30
701,439,0.30
702,439,0.51
703,439,0.69
704,439,0.81
705,439,0.86
706,439,0.81
707,439,0.69
708,439,0.51
709,439,0.30
710,439,0.30
700,440,0.30
701,440,0.30
702,440,0.30
703,440,0.45
704,440,0.55
705,440,0.58
706,440,0.55
707,440,0.45
708,440,0.30
709,440,0.30
710,440,0.30
700,441,0.30
701,441,0.30
702,441,0.30
703,441,0.30
704,441,0.30
705,441,0.30
706,441,0.30
707,441,0.30
708,441,0.30
709,441,0.30
710,441,0.30
701,461,0.60
702,461,0.60
703,461,0.60
704,461,0.60
705,461,0.60
706,461,0.60
707,461,0.60
708,461,0.30
709,461,0.30
710,461,0.30
711,461,0.30
701,462,0.85
702,462,0.88
703,462,0.85
704,462,0.90
705,462,0.85
706,462,0.88
707,462,0.85
708,462,0.45
709,462,0.30
710,462,0.30
711,462,0.30
701,463,1.00
702,463,1.00
703,463,1.00
704,463,1.00
705,463,1.00
706,463,1.00
707,463,1.00
708,463,0.69
709,463,0.51
710,463,0.30
711,463,0.30
701,464,1.00
702,464,1.00
703,464,1.00
704,464,1.00
705,464,1.00
706,464,1.00
707,464,1.00
708,464,0.91
709,464,0.69
710,464,0.45
711,464,0.30
701,465,1.00
702,465,1.00
703,465,1.00
704,465,1.00
705,465,1.00
706,465,1.00
707,465,1.00
708,465,1.00
709,465,0.81
710,465,0.55
711,465,0.30
701,466,1.00
702,466,1.00
703,466,1.00
704,466,1.00
705,466,1.00
706,466,1.00
707,466,1.00
708,466,1.00
709,466,0.86
710,466,0.58
711,466,0.30
701,467,1.00
702,467,1.00
703,467,1.00
704,467,1.00
705,467,1.00
706,467,1.00
707,467,1.00
708,467,1.00
709,467,0.81
710,467,0.55
711,467,0.30
701,468,1.00
702,468,1.00
703,468,1.00
704,468,1.00
705,468,1.00
706,468,1.00
707,468,1.00
708,468,0.91
709,468,0.69
710,468,0.45
711,468,0.30
701,469,1.00
702,469,1.00
703,469,1.00
704,469,1.00
705,469,1.00
706,469,1.00
707,469,1.00
708,469,0.69
709,469,0.51
710,469,0.30
711,469,0.30
701,470,0.85
702,470,0.88
703,470,0.85
704,470,0.90
705,470,0.85
706,470,0.88
707,470,0.85
708,470,0.45
709,470,0.30
710,470,0.30
711,470,0.30
701,471,0.60
702,471,0.60
703,471,0.60
704,471,0.60
705,471,0.60
706,471,0.60
707,471,0.60
708,471,0.30
709,471,0.30
710,471,0.30
711,471,0.30
708,507,0.30
709,507,0.30
710,507,0.30
708,508,0.30
709,508,0.30
710,508,0.30
708,509,0.51
709,509,0.30
710,509,0.30
706,521,1.00
707,521,0.88
708,521,0.60
706,522,1.00
707,522,0.85
708,522,0.60
706,523,0.69
707,523,0.45
708,523,0.30
706,524,0.51
707,524,0.30
708,524,0.30
706,525,0.30
707,525,0.30
708,525,0.30
706,526,0.30
707,526,0.30
708,526,0.30
698,479,0.30
699,479,0.30
700,479,0.30
701,479,0.30
702,479,0.30
703,479,0.30
704,479,0.30
705,479,0.30
706,479,0.30
707,479,0.30
708,479,0.30
698,480,0.30
699,480,0.30
700,480,0.30
701,480,0.45
702,480,0.55
703,480,0.58
704,480,0.55
705,480,0.45
706,480,0.30
707,480,0.30
708,480,0.30
698,481,0.30
699,481,0.30
700,481,0.51
701,481,0.69
702,481,0.81
703,481,0.86
704,481,0.81
705,481,0.69
706,481,0.51
707,481,0.30
708,481,0.30
698,482,0.30
699,482,0.45
700,482,0.69
701,482,0.91
702,482,1.00
703,482,1.00
704,482,1.00
705,482,0.91
706,482,0.69
707,482,0.45
708,482,0.30
698,483,0.30
699,483,0.55
700,483,0.81
701,483,1.00
702,483,1.00
703,483,1.00
704,483,1.00
705,483,1.00
706,483,0.81
707,483,0.55
708,483,0.30
698,484,0.30
699,484,0.58
700,484,0.86
701,484,1.00
702,484,1.00
703,484,1.00
704,484,1.00
705,484,1.00
706,484,0.86
707,484,0.58
708,484,0.30
698,485,0.30
699,485,0.55
700,485,0.81
701,485,1.00
702,485,1.00
703,485,1.00
704,485,1.00
705,485,1.00
706,485,0.81
707,485,0.55
708,485,0.30
698,486,0.30
699,486,0.45
700,486,0.69
701,486,0.91
702,486,1.00
703,486,1.00
704,486,1.00
705,486,0.91
706,486,0.69
707,486,0.45
708,486,0.30
698,487,0.30
699,487,0.30
700,487,0.51
701,487,0.69
702,487,0.81
703,487,0.86
704,487,0.81
705,487,0.69
706,487,0.51
707,487,0.30
708,487,0.30
698,488,0.30
699,488,0.30
700,488,0.30
701,488,0.45
702,488,0.55
703,488,0.58
704,488,0.55
705,488,0.45
706,488,0.30
707,488,0.30
708,488,0.30
698,489,0.30
699,489,0.30
700,489,0.30
701,489,0.30
702,489,0.30
703,489,0.30
704,489,0.30
705,489,0.30
706,489,0.30
707,489,0.30
708,489,0.30
697,461,0.30
698,461,0.30
699,461,0.30
700,461,0.30
697,462,0.30
698,462,0.30
699,462,0.30
700,462,0.45
697,463,0.30
698,463,0.30
699,463,0.51
700,463,0.69
697,464,0.30
698,464,0.45
699,464,0.69
700,464,0.91
697,465,0.30
698,465,0.55
699,465,0.81
700,465,1.00
697,466,0.30
698,466,0.58
699,466,0.86
700,466,1.00
697,467,0.30
698,467,0.55
699,467,0.81
700,467,1.00
697,468,0.30
698,468,0.45
699,468,0.69
700,468,0.91
697,469,0.30
698,469,0.30
699,469,0.51
700,469,0.69
697,470,0.30
698,470,0.30
699,470,0.30
700,470,0.45
697,471,0.30
698,471,0.30
699,471,0.30
700,471,0.30
692,443,0.30
693,443,0.30
694,443,0.30
695,443,0.30
696,443,0.30
697,443,0.30
698,443,0.30
699,443,0.30
700,443,0.30
701,443,0.30
702,443,0.30
692,444,0.30
693,444,0.30
694,444,0.30
695,444,0.45
696,444,0.55
697,444,0.58
698,444,0.55
699,444,0.45
700,444,0.30
701,444,0.30
702,444,0.30
692,445,0.30
693,445,0.30
694,445,0.51
695,445,0.69
696,445,0.81
697,445,0.86
698,445,0.81
699,445,0.69
700,445,0.51
701,445,0.30
702,445,0.30
692,446,0.30
693,446,0.45
694,446,0.69
695,446,0.91
696,446,1.00
697,446,1.00
698,446,1.00
699,446,0.91
700,446,0.69
701,446,0.45
702,446,0.30
692,447,0.30
693,447,0.55
694,447,0.81
695,447,1.00
696,447,1.00
697,447,1.00
698,447,1.00
699,447,1.00
700,447,0.81
701,447,0.55
702,447,0.30
692,448,0.30
693,448,0.58
694,448,0.86
695,448,1.00
696,448,1.00
697,448,1.00
698,448,1.00
699,448,1.00
700,448,0.86
701,448,0.58
702,448,0.30
692,449,0.30
693,449,0.55
694,449,0.81
695,449,1.00
696,449,1.00
697,449,1.00
698,449,1.00
699,449,1.00
700,449,0.81
701,449,0.55
702,449,0.30
692,450,0.30
693,450,0.45
694,450,0.69
695,450,0.91
696,450,1.00
697,450,1.00
698,450,1.00
699,450,0.91
700,450,0.69
701,450,0.45
702,450,0.30
692,451,0.30
693,451,0.30
694,451,0.51
695,451,0.69
696,451,0.81
697,451,0.86
698,451,0.81
699,451,0.69
700,451,0.51
701,451,0.30
702,451,0.30
692,452,0.30
693,452,0.30
694,452,0.30
695,452,0.45
696,452,0.55
697,452,0.58
698,452,0.55
699,452,0.45
700,452,0.30
701,452,0.30
702,452,0.30
692,453,0.30
693,453,0.30
694,453,0.30
695,453,0.30
696,453,0.30
697,453,0.30
698,453,0.30
699,453,0.30
700,453,0.30
701,453,0.30
702,453,0.30
692,427,0.60
693,427,0.60
694,427,0.60
695,427,0.60
696,427,0.60
692,428,1.00
693,428,0.90
694,428,0.60
695,428,0.60
696,428,0.60
692,429,1.00
693,429,1.00
694,429,1.00
695,429,0.60
696,429,0.60
686,430,0.60
687,430,0.90
688,430,1.00
689,430,1.00
690,430,1.00
691,430,1.00
692,430,1.00
693,430,1.00
694,430,1.00
695,430,0.90
696,430,0.60
686,431,0.60
687,431,1.00
688,431,1.00
689,431,1.00
690,431,1.00
691,431,1.00
692,431,1.00
693,431,1.00
694,431,1.00
695,431,1.00
696,431,0.60
686,432,0.60
687,432,1.00
688,432,1.00
689,432,1.00
690,432,1.00
691,432,1.00
692,432,1.00
693,432,1.00
694,432,1.00
695,432,1.00
696,432,0.60
686,433,0.60
687,433,1.00
688,433,1.00
689,433,1.00
690,433,1.00
691,433,1.00
692,433,1.00
693,433,1.00
694,433,1.00
695,433,1.00
696,433,0.60
686,434,0.60
687,434,0.90
688,434,1.00
689,434,1.00
690,434,1.00
691,434,1.00
692,434,1.00
693,434,1.00
694,434,1.00
695,434,0.90
696,434,0.60
686,435,0.60
687,435,0.60
688,435,1.00
689,435,1.00
690,435,1.00
691,435,1.00
692,435,1.00
693,435,1.00
694,435,1.00
695,435,0.60
696,435,0.60
686,436,0.60
687,436,0.60
688,436,0.60
689,436,0.90
690,436,1.00
691,436,1.00
692,436,1.00
693,436,0.90
694,436,0.60
695,436,0.60
696,436,0.60
686,437,0.60
687,437,0.60
688,437,0.60
689,437,0.60
690,437,0.60
691,437,0.60
692,437,0.60
693,437,0.60
694,437,0.60
695,437,0.60
696,437,0.60

670,423,0.60
671,423,0.60
672,423,0.60
673,423,0.60
674,423,0.60
675,423,0.60
676,423,0.60
677,423,0.60
678,423,0.60
679,423,0.60
680,423,0.60
670,424,0.60
671,424,0.60
672,424,0.60
673,424,0.90
674,424,1.00
675,424,1.00
676,424,1.00
677,424,0.90
678,424,0.60
679,424,0.60
680,424,0.60
670,425,0.60
671,425,0.60
672,425,1.00
673,425,1.00
674,425,1.00
675,425,1.00
676,425,1.00
677,425,1.00
678,425,1.00
679,425,0.60
680,425,0.60
670,426,0.60
671,426,0.90
672,426,1.00
673,426,1.00
674,426,1.00
675,426,1.00
676,426,1.00
677,426,1.00
678,426,1.00
679,426,0.90
680,426,0.60
670,427,0.60
671,427,1.00
672,427,1.00
673,427,1.00
674,427,1.00
675,427,1.00
676,427,1.00
677,427,1.00
678,427,1.00
679,427,1.00
680,427,0.60
670,428,0.60
671,428,1.00
672,428,1.00
673,428,1.00
674,428,1.00
675,428,1.00
676,428,1.00
677,428,1.00
678,428,1.00
679,428,1.00
680,428,0.60
670,429,0.60
671,429,1.00
672,429,1.00
673,429,1.00
674,429,1.00
675,429,1.00
676,429,1.00
677,429,1.00
678,429,1.00
679,429,1.00
680,429,0.60
670,430,0.60
671,430,0.90
672,430,1.00
673,430,1.00
674,430,1.00
675,430,1.00
676,430,1.00
677,430,1.00
678,430,1.00
679,430,0.90
680,430,0.60
670,431,0.60
671,431,0.60
672,431,1.00
673,431,1.00
674,431,1.00
675,431,1.00
676,431,1.00
677,431,1.00
678,431,1.00
679,431,0.60
680,431,0.60
670,432,0.60
671,432,0.60
672,432,0.60
673,432,0.90
674,432,1.00
675,432,1.00
676,432,1.00
677,432,0.90
678,432,0.60
679,432,0.60
680,432,0.60
670,433,0.60
671,433,0.60
672,433,0.60
673,433,0.60
674,433,0.60
675,433,0.60
676,433,0.60
677,433,0.60
678,433,0.60
679,433,0.60
680,433,0.60
674,439,0.30
675,439,0.30
676,439,0.30
677,439,0.30
678,439,0.30
679,439,0.30
680,439,0.30
681,439,0.30
682,439,0.30
683,439,0.30
684,439,0.30
674,440,0.30
675,440,0.30
676,440,0.30
677,440,0.45
678,440,0.55
679,440,0.58
680,440,0.55
681,440,0.45
682,440,0.30
683,440,0.30
684,440,0.30
674,441,0.30
675,441,0.30
676,441,0.51
677,441,0.69
678,441,0.81
679,441,0.86
680,441,0.81
681,441,0.69
682,441,0.51
683,441,0.30
684,441,0.30
674,442,0.30
675,442,0.45
676,442,0.69
677,442,0.91
678,442,1.00
679,442,1.00
680,442,1.00
681,442,0.91
682,442,0.69
683,442,0.45
684,442,0.30
674,443,0.30
675,443,0.55
676,443,0.81
677,443,1.00
678,443,1.00
679,443,1.00
680,443,1.00
681,443,1.00
682,443,0.81
683,443,0.55
684,443,0.30
674,444,0.30
675,444,0.58
676,444,0.86
677,444,1.00
678,444,1.00
679,444,1.00
680,444,1.00
681,444,1.00
682,444,1.00
683,444,1.00
684,444,0.90
674,445,0.30
675,445,0.55
676,445,0.81
677,445,1.00
678,445,1.00
679,445,1.00
680,445,1.00
681,445,1.00
682,445,1.00
683,445,1.00
684,445,1.00
674,446,0.30
675,446,0.45
676,446,0.69
677,446,0.91
678,446,1.00
679,446,1.00
680,446,1.00
681,446,1.00
682,446,1.00
683,446,1.00
684,446,1.00
674,447,0.30
675,447,0.30
676,447,0.51
677,447,0.69
678,447,0.81
679,447,0.86
680,447,0.81
681,447,1.00
682,447,1.00
683,447,1.00
684,447,1.00
674,448,0.30
675,448,0.30
676,448,0.30
677,448,0.45
678,448,0.55
679,448,0.58
680,448,0.55
681,448,1.00
682,448,1.00
683,448,1.00
684,448,1.00
674,449,0.30
675,449,0.30
676,449,0.30
677,449,0.30
678,449,0.30
679,449,0.30
680,449,0.30
681,449,0.90
682,449,1.00
683,449,1.00
684,449,1.00
683,458,0.30
684,458,0.30
685,458,0.30
686,458,0.30
687,458,0.30
688,458,0.30
689,458,0.30
690,458,0.30
691,458,0.30
692,458,0.30
693,458,0.30
683,459,0.30
684,459,0.30
685,459,0.30
686,459,0.45
687,459,0.55
688,459,0.58
689,459,0.55
690,459,0.45
691,459,0.30
692,459,0.30
693,459,0.30
683,460,0.30
684,460,0.30
685,460,0.51
686,460,0.69
687,460,0.81
688,460,0.86
689,460,0.81
690,460,0.69
691,460,0.51
692,460,0.30
693,460,0.30
683,461,0.30
684,461,0.45
685,461,0.69
686,461,0.91
687,461,1.00
688,461,1.00
689,461,1.00
690,461,0.91
691,461,0.69
692,461,0.45
693,461,0.30
683,462,0.30
684,462,0.55
685,462,0.81
686,462,1.00
687,462,1.00
688,462,1.00
689,462,1.00
690,462,1.00
691,462,0.81
692,462,0.55
693,462,0.30
683,463,0.30
684,463,0.58
685,463,0.86
686,463,1.00
687,463,1.00
688,463,1.00
689,463,1.00
690,463,1.00
691,463,0.86
692,463,0.58
693,463,0.30
683,464,0.30
684,464,0.55
685,464,0.81
686,464,1.00
687,464,1.00
688,464,1.00
689,464,1.00
690,464,1.00
691,464,0.81
692,464,0.55
693,464,0.30
683,465,0.30
684,465,0.45
685,465,0.69
686,465,1.00
687,465,1.00
688,465,1.00
689,465,1.00
690,465,1.00
691,465,0.99
692,465,0.75
693,465,0.60
683,466,0.30
684,466,0.30
685,466,0.51
686,466,0.99
687,466,1.00
688,466,1.00
689,466,1.00
690,466,1.00
691,466,1.00
692,466,1.00
693,466,1.00
683,467,0.30
684,467,0.30
685,467,0.30
686,467,0.75
687,467,1.00
688,467,1.00
689,467,1.00
690,467,1.00
691,467,1.00
692,467,1.00
693,467,1.00
683,468,0.30
684,468,0.30
685,468,0.30
686,468,0.60
687,468,1.00
688,468,1.00
689,468,1.00
690,468,1.00
691,468,1.00
692,468,1.00
693,468,1.00
694,465,0.30
695,465,0.30
696,465,0.30
694,466,0.60
695,466,0.60
696,466,0.60
694,467,0.96
695,467,0.60
696,467,0.60
694,468,1.00
695,468,0.96
696,468,0.60
686,469,0.30
687,469,0.85
688,469,1.00
689,469,1.00
690,469,1.00
691,469,1.00
692,469,1.00
693,469,1.00
694,469,1.00
695,469,1.00
696,469,1.00
686,470,0.30
687,470,0.88
688,470,1.00
689,470,1.00
690,470,1.00
691,470,1.00
692,470,1.00
693,470,1.00
694,470,1.00
695,470,1.00
696,470,1.00
686,471,0.30
687,471,0.85
688,471,1.00
689,471,1.00
690,471,1.00
691,471,1.00
692,471,1.00
693,471,1.00
694,471,1.00
695,471,1.00
696,471,1.00
686,472,0.30
687,472,0.75
688,472,1.00
689,472,1.00
690,472,1.00
691,472,1.00
692,472,1.00
693,472,1.00
694,472,1.00
695,472,1.00
696,472,1.00
686,473,0.30
687,473,0.60
688,473,0.96
689,473,1.00
690,473,1.00
691,473,1.00
692,473,1.00
693,473,1.00
694,473,1.00
695,473,1.00
696,473,1.00
686,474,0.30
687,474,0.60
688,474,0.60
689,474,0.96
690,474,1.00
691,474,1.00
692,474,1.00
693,474,1.00
694,474,1.00
695,474,1.00
696,474,1.00
686,475,0.30
687,475,0.60
688,475,0.60
689,475,0.60
690,475,0.75
691,475,0.85
692,475,0.88
693,475,0.85
694,475,1.00
695,475,1.00
696,475,1.00
697,466,0.30
697,467,0.30
697,468,0.30
697,469,0.60
697,470,0.75
697,471,0.99
697,472,1.00
697,473,1.00
697,474,1.00
697,475,1.00
687,476,0.30
688,476,0.30
689,476,0.30
690,476,0.30
691,476,0.30
692,476,0.30
693,476,0.30
694,476,0.60
695,476,0.75
696,476,0.99
697,476,1.00
689,485,0.30
690,485,0.30
691,485,0.30
692,485,0.30
693,485,0.30
694,485,0.30
695,485,0.30
696,485,0.30
697,485,0.30
698,485,0.90
699,485,0.90
689,486,0.30
690,486,0.30
691,486,0.30
692,486,0.45
693,486,0.55
694,486,0.58
695,486,0.55
696,486,0.45
697,486,0.30
698,486,0.90
699,486,0.90
689,487,0.30
690,487,0.30
691,487,0.51
692,487,0.69
693,487,0.81
694,487,0.86
695,487,0.81
696,487,0.69
697,487,0.51
698,487,0.90
699,487,0.90
689,488,0.60
690,488,0.75
691,488,0.99
692,488,1.00
693,488,1.00
694,488,1.00
695,488,1.00
696,488,0.91
697,488,0.69
698,488,1.00
699,488,1.00
689,489,0.85
690,489,1.00
691,489,1.00
692,489,1.00
693,489,1.00
694,489,1.00
695,489,1.00
696,489,1.00
697,489,0.81
698,489,1.00
699,489,1.00
689,490,1.00
690,490,1.00
691,490,1.00
692,490,1.00
693,490,1.00
694,490,1.00
695,490,1.00
696,490,1.00
697,490,0.86
698,490,1.00
699,490,1.00
689,491,1.00
690,491,1.00
691,491,1.00
692,491,1.00
693,491,1.00
694,491,1.00
695,491,1.00
696,491,1.00
697,491,0.81
698,491,1.00
699,491,1.00
689,492,1.00
690,492,1.00
691,492,1.00
692,492,1.00
693,492,1.00
694,492,1.00
695,492,1.00
696,492,0.91
697,492,0.69
698,492,1.00
699,492,1.00
689,493,1.00
690,493,1.00
691,493,1.00
692,493,1.00
693,493,1.00
694,493,1.00
695,493,1.00
696,493,0.69
697,493,0.51
698,493,1.00
699,493,1.00
689,494,1.00
690,494,1.00
691,494,1.00
692,494,1.00
693,494,1.00
694,494,1.00
695,494,0.85
696,494,0.45
697,494,0.30
698,494,1.00
699,494,1.00
689,495,1.00
690,495,1.00
691,495,1.00
692,495,1.00
693,495,0.99
694,495,0.75
695,495,0.60
696,495,0.30
697,495,0.30
698,495,1.00
699,495,1.00
690,506,0.30
691,506,0.30
692,506,0.30
693,506,0.30
694,506,0.30
695,506,0.30
696,506,0.30
697,506,0.30
698,506,0.30
699,506,0.30
700,506,0.30
690,507,0.30
691,507,0.30
692,507,0.30
693,507,0.45
694,507,0.55
695,507,0.58
696,507,0.55
697,507,0.45
698,507,0.30
699,507,0.30
700,507,0.30
690,508,0.30
691,508,0.30
692,508,0.51
693,508,0.69
694,508,0.81
695,508,0.86
696,508,0.81
697,508,0.69
698,508,0.51
699,508,0.30
700,508,0.30
690,509,0.30
691,509,0.45
692,509,0.69
693,509,0.91
694,509,1.00
695,509,1.00
696,509,1.00
697,509,0.91
698,509,0.69
699,509,0.45
700,509,0.30
690,510,0.30
691,510,0.55
692,510,0.81
693,510,1.00
694,510,1.00
695,510,1.00
696,510,1.00
697,510,1.00
698,510,0.81
699,510,0.55
700,510,0.30
690,511,0.30
691,511,0.58
692,511,0.86
693,511,1.00
694,511,1.00
695,511,1.00
696,511,1.00
697,511,1.00
698,511,0.86
699,511,0.58
700,511,0.30
690,512,0.30
691,512,0.55
692,512,0.81
693,512,1.00
694,512,1.00
695,512,1.00
696,512,1.00
697,512,1.00
698,512,0.81
699,512,0.55
700,512,0.30
690,513,0.30
691,513,0.45
692,513,0.69
693,513,0.91
694,513,1.00
695,513,1.00
696,513,1.00
697,513,0.91
698,513,0.69
699,513,0.45
700,513,0.30
690,514,0.30
691,514,0.30
692,514,0.51
693,514,0.69
694,514,0.81
695,514,0.86
696,514,0.81
697,514,0.69
698,514,0.51
699,514,0.30
700,514,0.30
690,515,0.30
691,515,0.30
692,515,0.30
693,515,0.45
694,515,0.55
695,515,0.58
696,515,0.55
697,515,0.45
698,515,0.30
699,515,0.30
700,515,0.30
690,516,0.30
691,516,0.30
692,516,0.30
693,516,0.30
694,516,0.30
695,516,0.30
696,516,0.30
697,516,0.30
698,516,0.30
699,516,0.30
700,516,0.30
685,488,0.30
686,488,0.30
687,488,0.30
688,488,0.30
685,489,0.30
686,489,0.30
687,489,0.30
688,489,0.45
685,490,0.30
686,490,0.30
687,490,0.51
688,490,0.69
685,491,0.30
686,491,0.45
687,491,0.69
688,491,0.91
685,492,0.30
686,492,0.55
687,492,0.81
688,492,1.00
685,493,0.30
686,493,0.58
687,493,0.86
688,493,1.00
685,494,0.30
686,494,0.55
687,494,0.81
688,494,1.00
685,495,0.30
686,495,0.45
687,495,0.69
688,495,0.91
685,496,0.30
686,496,0.30
687,496,0.51
688,496,0.69
689,496,0.81
690,496,0.86
691,496,0.81
692,496,0.69
693,496,0.51
694,496,0.30
695,496,0.30
685,497,0.30
686,497,0.30
687,497,0.30
688,497,0.45
689,497,0.55
690,497,0.58
691,497,0.55
692,497,0.45
693,497,0.30
694,497,0.30
695,497,0.30
685,498,0.30
686,498,0.30
687,498,0.30
688,498,0.30
689,498,0.30
690,498,0.30
691,498,0.30
692,498,0.30
693,498,0.30
694,498,0.30
695,498,0.30
685,444,0.60
686,444,0.60
687,444,0.60
688,444,0.60
689,444,0.60
690,444,0.60
691,444,0.60
685,445,1.00
686,445,1.00
687,445,1.00
688,445,0.90
689,445,0.60
690,445,0.60
691,445,0.60
685,446,1.00
686,446,1.00
687,446,1.00
688,446,1.00
689,446,1.00
690,446,0.90
691,446,0.90
685,447,1.00
686,447,1.00
687,447,1.00
688,447,1.00
689,447,1.00
690,447,1.00
691,447,1.00
685,448,1.00
686,448,1.00
687,448,1.00
688,448,1.00
689,448,1.00
690,448,1.00
691,448,1.00
685,449,1.00
686,449,1.00
687,449,1.00
688,449,1.00
689,449,1.00
690,449,1.00
691,449,1.00
681,450,0.60
682,450,1.00
683,450,1.00
684,450,1.00
685,450,1.00
686,450,1.00
687,450,1.00
688,450,1.00
689,450,1.00
690,450,1.00
691,450,1.00
681,451,0.60
682,451,1.00
683,451,1.00
684,451,1.00
685,451,1.00
686,451,1.00
687,451,1.00
688,451,1.00
689,451,1.00
690,451,1.00
691,451,1.00
681,452,0.60
682,452,1.00
683,452,1.00
684,452,1.00
685,452,1.00
686,452,1.00
687,452,1.00
688,452,1.00
689,452,1.00
690,452,1.00
691,452,1.00
681,453,0.60
682,453,1.00
683,453,1.00
684,453,1.00
685,453,1.00
686,453,1.00
687,453,1.00
688,453,1.00
689,453,1.00
690,453,1.00
691,453,1.00
681,454,0.60
682,454,1.00
683,454,1.00
684,454,1.00
685,454,1.00
686,454,1.00
687,454,1.00
688,454,1.00
689,454,1.00
690,454,1.00
691,454,1.00
692,446,0.30
692,447,0.60
692,448,0.60
692,449,0.60
692,450,0.60
692,451,0.60
692,452,0.60
692,453,0.60
692,454,0.60
682,455,0.60
683,455,0.60
684,455,0.81
685,455,1.00
686,455,1.00
687,455,1.00
688,455,1.00
689,455,1.00
690,455,0.81
691,455,0.60
692,455,0.60
682,456,0.60
683,456,0.60
684,456,0.60
685,456,0.75
686,456,0.85
687,456,0.88
688,456,0.85
689,456,0.75
690,456,0.60
691,456,0.60
692,456,0.60
682,457,0.30
683,457,0.30
684,457,0.30
685,457,0.30
686,457,0.30
687,457,0.30
688,457,0.30
689,457,0.30
690,457,0.30
691,457,0.30
692,457,0.30
649,469,0.30
650,469,0.30
651,469,0.30
652,469,0.30
653,469,0.30
654,469,0.30
655,469,0.30
656,469,0.30
657,469,0.30
658,469,0.30
659,469,0.30
649,470,0.30
650,470,0.30
651,470,0.30
652,470,0.45
653,470,0.55
654,470,0.58
655,470,0.55
656,470,0.45
657,470,0.30
658,470,0.30
659,470,0.30
649,471,0.30
650,471,0.30
651,471,0.51
652,471,0.69
653,471,0.81
654,471,0.86
655,471,0.81
656,471,0.69
657,471,0.51
658,471,0.30
659,471,0.30
649,472,0.30
650,472,0.45
651,472,0.69
652,472,0.91
653,472,1.00
654,472,1.00
655,472,1.00
656,472,0.91
657,472,0.69
658,472,0.45
659,472,0.30
649,473,0.30
650,473,0.55
651,473,0.81
652,473,1.00
653,473,1.00
654,473,1.00
655,473,1.00
656,473,1.00
657,473,0.81
658,473,0.55
659,473,0.30
649,474,0.30
650,474,0.58
651,474,0.86
652,474,1.00
653,474,1.00
654,474,1.00
655,474,1.00
656,474,1.00
657,474,0.86
658,474,0.58
659,474,0.30
649,475,0.30
650,475,0.55
651,475,0.81
652,475,1.00
653,475,1.00
654,475,1.00
655,475,1.00
656,475,1.00
657,475,0.81
658,475,0.55
659,475,0.30
649,476,0.30
650,476,0.45
651,476,0.69
652,476,0.91
653,476,1.00
654,476,1.00
655,476,1.00
656,476,0.91
657,476,0.69
658,476,0.45
659,476,0.30
649,477,0.30
650,477,0.30
651,477,0.51
652,477,0.69
653,477,0.81
654,477,0.86
655,477,0.81
656,477,0.69
657,477,0.51
658,477,0.30
659,477,0.30
649,478,0.30
650,478,0.30
651,478,0.30
652,478,0.45
653,478,0.55
654,478,0.58
655,478,0.55
656,478,0.45
657,478,0.30
658,478,0.30
659,478,0.30
649,479,0.30
650,479,0.30
651,479,0.30
652,479,0.30
653,479,0.30
654,479,0.30
655,479,0.30
656,479,0.30
657,479,0.30
658,479,0.30
659,479,0.30
606,477,0.30
607,477,0.30
608,477,0.90
609,477,0.90
610,477,1.00
611,477,1.00
612,477,1.00
613,477,1.00
614,477,1.00
615,477,1.00
616,477,1.00
606,478,0.30
607,478,0.30
608,478,0.90
609,478,1.00
610,478,1.00
611,478,1.00
612,478,1.00
613,478,1.00
614,478,1.00
615,478,1.00
616,478,0.90
606,479,0.30
607,479,0.30
608,479,1.00
609,479,1.00
610,479,1.00
611,479,1.00
612,479,1.00
613,479,1.00
614,479,1.00
615,479,1.00
616,479,1.00
606,480,0.30
607,480,0.45
608,480,0.99
609,480,1.00
610,480,1.00
611,480,1.00
612,480,1.00
613,480,1.00
614,480,1.00
615,480,1.00
616,480,0.99
606,481,0.30
607,481,0.55
608,481,1.00
609,481,1.00
610,481,1.00
611,481,1.00
612,481,1.00
613,481,1.00
614,481,1.00
615,481,1.00
616,481,1.00
606,482,0.30
607,482,0.58
608,482,1.00
609,482,1.00
610,482,1.00
611,482,1.00
612,482,1.00
613,482,1.00
614,482,1.00
615,482,1.00
616,482,1.00
606,483,0.30
607,483,0.55
608,483,1.00
609,483,1.00
610,483,1.00
611,483,1.00
612,483,1.00
613,483,1.00
614,483,1.00
615,483,1.00
616,483,1.00
606,484,0.30
607,484,0.45
608,484,0.99
609,484,1.00
610,484,1.00
611,484,1.00
612,484,1.00
613,484,1.00
614,484,1.00
615,484,1.00
616,484,0.99
606,485,0.30
607,485,0.30
608,485,0.81
609,485,0.99
610,485,1.00
611,485,1.00
612,485,1.00
613,485,1.00
614,485,1.00
615,485,0.99
616,485,0.81
606,486,0.30
607,486,0.30
608,486,0.60
609,486,0.75
610,486,0.85
611,486,1.00
612,486,1.00
613,486,1.00
614,486,0.85
615,486,0.75
616,486,0.60
606,487,0.30
607,487,0.30
608,487,0.60
609,487,0.60
610,487,0.60
611,487,0.60
612,487,0.60
613,487,0.60
614,487,0.60
615,487,0.60
616,487,0.60
622,457,0.30
623,457,0.30
624,457,0.30
625,457,0.30
626,457,0.60
627,457,0.60
628,457,0.90
629,457,1.00
630,457,1.00
631,457,1.00
632,457,1.00
622,458,0.30
623,458,0.30
624,458,0.30
625,458,0.45
626,458,0.85
627,458,0.88
628,458,0.85
629,458,0.75
630,458,0.60
631,458,0.60
632,458,0.60
622,459,0.30
623,459,0.30
624,459,0.51
625,459,0.69
626,459,0.81
627,459,0.86
628,459,0.81
629,459,0.69
630,459,0.51
631,459,0.30
632,459,0.30
622,460,0.30
623,460,0.45
624,460,0.69
625,460,0.91
626,460,1.00
627,460,1.00
628,460,1.00
629,460,0.91
630,460,0.69
631,460,0.45
632,460,0.30
622,461,0.30
623,461,0.55
624,461,0.81
625,461,1.00
626,461,1.00
627,461,1.00
628,461,1.00
629,461,1.00
630,461,0.81
631,461,0.55
632,461,0.30
622,462,0.30
623,462,0.58
624,462,0.86
625,462,1.00
626,462,1.00
627,462,1.00
628,462,1.00
629,462,1.00
630,462,0.86
631,462,0.58
632,462,0.30
622,463,0.30
623,463,0.55
624,463,0.81
625,463,1.00
626,463,1.00
627,463,1.00
628,463,1.00
629,463,1.00
630,463,0.81
631,463,0.55
632,463,0.30
622,464,0.30
623,464,0.45
624,464,0.69
625,464,0.91
626,464,1.00
627,464,1.00
628,464,1.00
629,464,0.91
630,464,0.69
631,464,0.45
632,464,0.30
622,465,0.30
623,465,0.30
624,465,0.51
625,465,0.69
626,465,0.81
627,465,0.86
628,465,0.81
629,465,0.69
630,465,0.51
631,465,0.30
632,465,0.30
622,466,0.30
623,466,0.30
624,466,0.30
625,466,0.45
626,466,0.55
627,466,0.58
628,466,0.55
629,466,0.45
630,466,0.30
631,466,0.30
632,466,0.30
622,467,0.30
623,467,0.30
624,467,0.30
625,467,0.30
626,467,0.30
627,467,0.30
628,467,0.30
629,467,0.30
630,467,0.30
631,467,0.30
632,467,0.30
626,448,0.30
627,448,0.30
628,448,0.60
629,448,0.60
630,448,0.60
631,448,0.75
632,448,0.85
633,448,0.88
634,448,0.85
635,448,0.75
636,448,0.60
626,449,0.30
627,449,0.30
628,449,0.60
629,449,0.75
630,449,1.00
631,449,1.00
632,449,1.00
633,449,1.00
634,449,1.00
635,449,0.99
636,449,0.81
626,450,0.30
627,450,0.30
628,450,0.81
629,450,1.00
630,450,1.00
631,450,1.00
632,450,1.00
633,450,1.00
634,450,1.00
635,450,1.00
636,450,0.99
626,451,0.30
627,451,0.45
628,451,0.99
629,451,1.00
630,451,1.00
631,451,1.00
632,451,1.00
633,451,1.00
634,451,1.00
635,451,1.00
636,451,1.00
626,452,0.30
627,452,0.55
628,452,1.00
629,452,1.00
630,452,1.00
631,452,1.00
632,452,1.00
633,452,1.00
634,452,1.00
635,452,1.00
636,452,1.00
626,453,0.30
627,453,0.58
628,453,1.00
629,453,1.00
630,453,1.00
631,453,1.00
632,453,1.00
633,453,1.00
634,453,1.00
635,453,1.00
636,453,1.00
626,454,0.30
627,454,0.55
628,454,1.00
629,454,1.00
630,454,1.00
631,454,1.00
632,454,1.00
633,454,1.00
634,454,1.00
635,454,1.00
636,454,0.99
626,455,0.30
627,455,0.45
628,455,0.99
629,455,1.00
630,455,1.00
631,455,1.00
632,455,1.00
633,455,1.00
634,455,1.00
635,455,1.00
636,455,0.81
626,456,0.30
627,456,0.30
628,456,0.81
629,456,0.99
630,456,1.00
631,456,1.00
632,456,1.00
633,456,1.00
634,456,1.00
635,456,0.75
636,456,0.60
633,457,0.75
634,457,0.60
635,457,0.60
636,457,0.60
633,458,0.30
634,458,0.30
635,458,0.30
636,458,0.30
628,447,0.30
629,447,0.30
630,447,0.30
631,447,0.30
632,447,0.30
633,447,0.30
634,447,0.30
635,447,0.30
636,447,0.30
637,447,0.30
638,447,0.30
637,448,0.30
638,448,0.30
637,449,0.30
638,449,0.30
637,450,0.45
638,450,0.30
637,451,0.55
638,451,0.30
637,452,0.58
638,452,0.30
637,453,0.55
638,453,0.30
637,454,0.45
638,454,0.30
637,455,0.30
638,455,0.30
637,456,0.30
638,456,0.30
637,457,0.30
638,457,0.30
676,395,0.30
677,395,0.30
678,395,0.30
679,395,0.30
680,395,0.30
681,395,0.30
682,395,0.60
683,395,0.85
684,395,1.00
685,395,1.00
686,395,1.00
676,396,0.30
677,396,0.30
678,396,0.30
679,396,0.45
680,396,0.55
681,396,0.58
682,396,0.85
683,396,1.00
684,396,1.00
685,396,1.00
686,396,1.00
676,397,0.30
677,397,0.30
678,397,0.51
679,397,0.69
680,397,0.81
681,397,0.86
682,397,1.00
683,397,1.00
684,397,1.00
685,397,1.00
686,397,1.00
676,398,0.30
677,398,0.45
678,398,0.69
679,398,0.91
680,398,1.00
681,398,1.00
682,398,1.00
683,398,1.00
684,398,1.00
685,398,1.00
686,398,1.00
676,399,0.30
677,399,0.55
678,399,0.81
679,399,1.00
680,399,1.00
681,399,1.00
682,399,1.00
683,399,1.00
684,399,1.00
685,399,1.00
686,399,1.00
676,400,0.30
677,400,0.58
678,400,0.86
679,400,1.00
680,400,1.00
681,400,1.00
682,400,1.00
683,400,1.00
684,400,1.00
685,400,1.00
686,400,1.00
676,401,0.30
677,401,0.55
678,401,0.81
679,401,1.00
680,401,1.00
681,401,1.00
682,401,1.00
683,401,1.00
684,401,1.00
685,401,1.00
686,401,0.90
676,402,0.30
677,402,0.45
678,402,0.69
679,402,0.91
680,402,1.00
681,402,1.00
682,402,1.00
683,402,0.91
684,402,0.99
685,402,0.75
686,402,0.60
676,403,0.30
677,403,0.30
678,403,0.51
679,403,0.69
680,403,0.81
681,403,0.86
682,403,0.81
683,403,0.69
684,403,0.51
685,403,0.30
686,403,0.30
676,404,0.30
677,404,0.30
678,404,0.30
679,404,0.45
680,404,0.55
681,404,0.58
682,404,0.55
683,404,0.45
684,404,0.30
685,404,0.30
686,404,0.30
676,405,0.30
677,405,0.30
678,405,0.30
679,405,0.30
680,405,0.30
681,405,0.30
682,405,0.30
683,405,0.30
684,405,0.30
685,405,0.30
686,405,0.30
680,362,1.00
681,362,1.00
682,362,1.00
683,362,0.99
684,362,0.81
685,362,0.60
686,362,0.60
687,362,0.30
688,362,0.30
689,362,0.30
690,362,0.30
680,363,1.00
681,363,1.00
682,363,1.00
683,363,1.00
684,363,1.00
685,363,1.00
686,363,0.85
687,363,0.45
688,363,0.30
689,363,0.30
690,363,0.30
680,364,1.00
681,364,1.00
682,364,1.00
683,364,1.00
684,364,1.00
685,364,1.00
686,364,1.00
687,364,0.69
688,364,0.51
689,364,0.30
690,364,0.30
680,365,1.00
681,365,1.00
682,365,1.00
683,365,1.00
684,365,1.00
685,365,1.00
686,365,1.00
687,365,0.91
688,365,0.69
689,365,0.45
690,365,0.30
680,366,1.00
681,366,1.00
682,366,1.00
683,366,1.00
684,366,1.00
685,366,1.00
686,366,1.00
687,366,1.00
688,366,0.81
689,366,0.55
690,366,0.30
680,367,1.00
681,367,1.00
682,367,1.00
683,367,1.00
684,367,1.00
685,367,1.00
686,367,1.00
687,367,1.00
688,367,0.86
689,367,0.58
690,367,0.30
680,368,1.00
681,368,1.00
682,368,1.00
683,368,1.00
684,368,1.00
685,368,1.00
686,368,1.00
687,368,1.00
688,368,0.81
689,368,0.55
690,368,0.30
680,369,1.00
681,369,1.00
682,369,1.00
683,369,1.00
684,369,1.00
685,369,1.00
686,369,1.00
687,369,0.91
688,369,0.69
689,369,0.45
690,369,0.30
680,370,0.90
681,370,0.60
682,370,0.81
683,370,0.99
684,370,1.00
685,370,1.00
686,370,1.00
687,370,0.69
688,370,0.51
689,370,0.30
690,370,0.30
680,371,0.60
681,371,0.30
682,371,0.30
683,371,0.45
684,371,0.55
685,371,0.58
686,371,0.55
687,371,0.45
688,371,0.30
689,371,0.30
690,371,0.30
680,372,0.60
681,372,0.30
682,372,0.30
683,372,0.30
684,372,0.30
685,372,0.30
686,372,0.30
687,372,0.30
688,372,0.30
689,372,0.30
690,372,0.30
681,349,0.30
682,349,0.30
683,349,0.30
684,349,0.30
685,349,0.30
686,349,0.30
687,349,0.30
688,349,0.30
689,349,0.30
690,349,0.30
691,349,0.30
681,350,0.30
682,350,0.30
683,350,0.30
684,350,0.45
685,350,0.55
686,350,0.58
687,350,0.55
688,350,0.45
689,350,0.30
690,350,0.30
691,350,0.30
681,351,0.30
682,351,0.30
683,351,0.51
684,351,0.69
685,351,0.81
686,351,0.86
687,351,0.81
688,351,0.69
689,351,0.51
690,351,0.30
691,351,0.30
681,352,0.30
682,352,0.45
683,352,0.69
684,352,0.91
685,352,1.00
686,352,1.00
687,352,1.00
688,352,0.91
689,352,0.69
690,352,0.45
691,352,0.30
681,353,0.30
682,353,0.55
683,353,0.81
684,353,1.00
685,353,1.00
686,353,1.00
687,353,1.00
688,353,1.00
689,353,0.81
690,353,0.55
691,353,0.30
681,354,0.30
682,354,0.58
683,354,0.86
684,354,1.00
685,354,1.00
686,354,1.00
687,354,1.00
688,354,1.00
689,354,0.86
690,354,0.58
691,354,0.30
681,355,0.30
682,355,0.55
683,355,0.81
684,355,1.00
685,355,1.00
686,355,1.00
687,355,1.00
688,355,1.00
689,355,0.81
690,355,0.55
691,355,0.30
681,356,0.30
682,356,0.45
683,356,0.69
684,356,0.91
685,356,1.00
686,356,1.00
687,356,1.00
688,356,0.91
689,356,0.69
690,356,0.45
691,356,0.30
681,357,0.30
682,357,0.30
683,357,0.51
684,357,0.69
685,357,0.81
686,357,0.86
687,357,0.81
688,357,0.69
689,357,0.51
690,357,0.30
691,357,0.30
681,358,0.30
682,358,0.30
683,358,0.30
684,358,0.45
685,358,0.55
686,358,0.58
687,358,0.55
688,358,0.45
689,358,0.30
690,358,0.30
691,358,0.30
681,359,0.30
682,359,0.30
683,359,0.30
684,359,0.30
685,359,0.30
686,359,0.30
687,359,0.30
688,359,0.30
689,359,0.30
690,359,0.30
691,359,0.30
676,360,0.30
677,360,0.30
678,360,0.30
679,360,0.30
680,360,0.30
681,360,0.30
682,360,0.30
683,360,0.30
684,360,0.30
685,360,0.30
686,360,0.30
676,361,0.30
677,361,0.30
678,361,0.30
679,361,0.45
680,361,0.55
681,361,0.58
682,361,0.55
683,361,0.45
684,361,0.30
685,361,0.30
686,361,0.30
676,362,0.30
677,362,0.30
678,362,0.51
679,362,0.69
676,363,0.30
677,363,0.45
678,363,0.69
679,363,0.91
676,364,0.60
677,364,0.85
678,364,1.00
679,364,1.00
676,365,0.85
677,365,1.00
678,365,1.00
679,365,1.00
676,366,1.00
677,366,1.00
678,366,1.00
679,366,1.00
676,367,1.00
677,367,1.00
678,367,1.00
679,367,1.00
676,368,1.00
677,368,1.00
678,368,1.00
679,368,1.00
676,369,1.00
677,369,1.00
678,369,1.00
679,369,1.00
676,370,1.00
677,370,1.00
678,370,1.00
679,370,0.85
665,380,0.30
666,380,0.30
667,380,0.30
668,380,0.30
669,380,0.30
670,380,0.30
671,380,0.30
672,380,0.30
673,380,0.30
674,380,0.30
675,380,0.30
665,381,0.30
666,381,0.30
667,381,0.30
668,381,0.45
669,381,0.55
670,381,0.58
671,381,0.55
672,381,0.45
673,381,0.30
674,381,0.30
675,381,0.30
665,382,0.30
666,382,0.30
667,382,0.51
668,382,0.69
669,382,0.81
670,382,0.86
671,382,0.81
672,382,0.69
673,382,0.51
674,382,0.30
675,382,0.30
665,383,0.30
666,383,0.45
667,383,0.69
668,383,0.91
669,383,1.00
670,383,1.00
671,383,1.00
672,383,0.91
673,383,0.69
674,383,0.45
675,383,0.30
665,384,0.30
666,384,0.55
667,384,0.81
668,384,1.00
669,384,1.00
670,384,1.00
671,384,1.00
672,384,1.00
673,384,0.81
674,384,0.55
675,384,0.30
665,385,0.30
666,385,0.58
667,385,0.86
668,385,1.00
669,385,1.00
670,385,1.00
671,385,1.00
672,385,1.00
673,385,0.86
674,385,0.58
675,385,0.30
665,386,0.30
666,386,0.55
667,386,0.81
668,386,1.00
669,386,1.00
670,386,1.00
671,386,1.00
672,386,1.00
673,386,0.81
674,386,0.55
675,386,0.30
665,387,0.30
666,387,0.45
667,387,0.69
668,387,0.91
669,387,1.00
670,387,1.00
671,387,1.00
672,387,0.91
673,387,0.69
674,387,0.45
675,387,0.30
665,388,0.30
666,388,0.30
667,388,0.51
668,388,0.69
669,388,0.81
670,388,0.86
671,388,0.81
672,388,0.69
673,388,0.51
674,388,0.30
675,388,0.30
665,389,0.30
666,389,0.30
667,389,0.30
668,389,0.45
669,389,0.55
670,389,0.58
671,389,0.55
672,389,0.45
673,389,0.30
674,389,0.30
675,389,0.30
665,390,0.30
666,390,0.30
667,390,0.30
668,390,0.30
669,390,0.30
670,390,0.30
671,390,0.30
672,390,0.30
673,390,0.30
674,390,0.30
675,390,0.30
636,425,0.30
637,425,0.30
638,425,0.30
639,425,0.30
640,425,0.30
641,425,0.30
642,425,0.30
643,425,0.30
644,425,0.30
645,425,0.30
646,425,0.30
636,426,0.30
637,426,0.30
638,426,0.30
639,426,0.45
640,426,0.55
641,426,0.58
642,426,0.55
643,426,0.45
644,426,0.30
645,426,0.30
646,426,0.30
636,427,0.30
637,427,0.30
638,427,0.51
639,427,0.69
640,427,0.81
641,427,0.86
642,427,0.81
643,427,0.69
644,427,0.51
645,427,0.30
646,427,0.30
636,428,0.30
637,428,0.45
638,428,0.69
639,428,0.91
640,428,1.00
641,428,1.00
642,428,1.00
643,428,0.91
644,428,0.69
645,428,0.45
646,428,0.30
636,429,0.30
637,429,0.55
638,429,0.81
639,429,1.00
640,429,1.00
641,429,1.00
642,429,1.00
643,429,1.00
644,429,0.81
645,429,0.55
646,429,0.30
636,430,0.30
637,430,0.58
638,430,0.86
639,430,1.00
640,430,1.00
641,430,1.00
642,430,1.00
643,430,1.00
644,430,0.86
645,430,0.58
646,430,0.30
636,431,0.30
637,431,0.55
638,431,0.81
639,431,1.00
640,431,1.00
641,431,1.00
642,431,1.00
643,431,1.00
644,431,0.81
645,431,0.55
646,431,0.30
636,432,0.30
637,432,0.45
638,432,0.69
639,432,0.91
640,432,1.00
641,432,1.00
642,432,1.00
643,432,0.91
644,432,0.69
645,432,0.45
646,432,0.30
636,433,0.30
637,433,0.30
638,433,0.51
639,433,0.69
640,433,0.81
641,433,0.86
642,433,0.81
643,433,0.69
644,433,0.51
645,433,0.30
646,433,0.30
636,434,0.30
637,434,0.30
638,434,0.30
639,434,0.45
640,434,0.55
641,434,0.58
642,434,0.55
643,434,0.45
644,434,0.30
645,434,0.30
646,434,0.30
636,435,0.30
637,435,0.30
638,435,0.30
639,435,0.30
640,435,0.30
641,435,0.30
642,435,0.30
643,435,0.30
644,435,0.30
645,435,0.30
646,435,0.30
610,464,0.30
611,464,0.30
612,464,0.30
613,464,0.30
614,464,0.30
615,464,0.30
616,464,0.30
617,464,0.30
618,464,0.30
619,464,0.30
620,464,0.30
610,465,0.30
611,465,0.30
612,465,0.30
613,465,0.45
614,465,0.55
615,465,0.58
616,465,0.55
617,465,0.45
618,465,0.30
619,465,0.30
620,465,0.30
610,466,0.30
611,466,0.30
612,466,0.51
613,466,0.69
614,466,0.81
615,466,0.86
616,466,0.81
617,466,0.69
618,466,0.51
619,466,0.30
620,466,0.30
610,467,0.30
611,467,0.45
612,467,0.69
613,467,0.91
614,467,1.00
615,467,1.00
616,467,1.00
617,467,0.91
618,467,0.69
619,467,0.45
620,467,0.30
610,468,0.30
611,468,0.55
612,468,0.81
613,468,1.00
614,468,1.00
615,468,1.00
616,468,1.00
617,468,1.00
618,468,0.81
619,468,0.55
620,468,0.30
610,469,0.60
611,469,0.88
612,469,1.00
613,469,1.00
614,469,1.00
615,469,1.00
616,469,1.00
617,469,1.00
618,469,1.00
619,469,0.58
620,469,0.30
610,470,0.60
611,470,0.99
612,470,1.00
613,470,1.00
614,470,1.00
615,470,1.00
616,470,1.00
617,470,1.00
618,470,1.00
619,470,0.55
620,470,0.30
610,471,0.81
611,471,1.00
612,471,1.00
613,471,1.00
614,471,1.00
615,471,1.00
616,471,1.00
617,471,1.00
618,471,0.99
619,471,0.45
620,471,0.30
610,472,0.99
611,472,1.00
612,472,1.00
613,472,1.00
614,472,1.00
615,472,1.00
616,472,1.00
617,472,1.00
618,472,0.81
619,472,0.30
620,472,0.30
610,473,1.00
611,473,1.00
612,473,1.00
613,473,1.00
614,473,1.00
615,473,1.00
616,473,1.00
617,473,0.99
618,473,0.60
619,473,0.30
620,473,0.30
610,474,1.00
611,474,1.00
612,474,1.00
613,474,1.00
614,474,1.00
615,474,1.00
616,474,1.00
617,474,0.88
618,474,0.60
619,474,0.30
620,474,0.30
617,477,0.60
618,477,0.60
617,478,0.60
618,478,0.60
617,479,0.60
618,479,0.60
617,480,0.45
618,480,0.30
617,481,0.55
618,481,0.30
617,482,0.58
618,482,0.30
617,483,0.55
618,483,0.30
617,484,0.45
618,484,0.30
617,485,0.30
618,485,0.30
617,486,0.30
618,486,0.30
617,487,0.30
618,487,0.30
608,469,0.30
609,469,0.30
608,470,0.30
609,470,0.30
608,471,0.30
609,471,0.30
608,472,0.30
609,472,0.45
608,473,0.30
609,473,0.55
608,474,0.30
609,474,0.58
608,475,0.30
609,475,0.55
610,475,0.81
611,475,1.00
612,475,1.00
613,475,1.00
614,475,1.00
615,475,1.00
616,475,0.81
617,475,0.55
618,475,0.30
608,476,0.30
609,476,0.45
610,476,0.69
611,476,0.91
612,476,1.00
613,476,1.00
614,476,1.00
615,476,0.91
616,476,0.69
617,476,0.45
618,476,0.30
633,384,0.30
634,384,0.30
635,384,0.30
636,384,0.30
637,384,0.30
638,384,0.30
639,384,0.30
640,384,0.30
641,384,0.30
642,384,0.30
643,384,0.30
633,385,0.30
634,385,0.30
635,385,0.30
636,385,0.45
637,385,0.55
638,385,0.58
639,385,0.55
640,385,0.45
641,385,0.30
642,385,0.30
643,385,0.30
633,386,0.30
634,386,0.30
635,386,0.51
636,386,0.69
637,386,0.81
638,386,0.86
639,386,0.81
640,386,0.69
641,386,0.51
642,386,0.30
643,386,0.30
633,387,0.30
634,387,0.45
635,387,0.69
636,387,0.91
637,387,1.00
638,387,1.00
639,387,1.00
640,387,0.91
641,387,0.69
642,387,0.45
643,387,0.30
633,388,0.30
634,388,0.55
635,388,0.81
636,388,1.00
637,388,1.00
638,388,1.00
639,388,1.00
640,388,1.00
641,388,0.81
642,388,0.55
643,388,0.30
633,389,0.30
634,389,0.58
635,389,0.86
636,389,1.00
637,389,1.00
638,389,1.00
639,389,1.00
640,389,1.00
641,389,0.86
642,389,0.58
643,389,0.30
633,390,0.30
634,390,0.55
635,390,0.81
636,390,1.00
637,390,1.00
638,390,1.00
639,390,1.00
640,390,1.00
641,390,0.81
642,390,0.55
643,390,0.30
633,391,0.30
634,391,0.45
635,391,0.69
636,391,0.91
637,391,1.00
638,391,1.00
639,391,1.00
640,391,0.91
641,391,0.69
642,391,0.45
643,391,0.30
633,392,0.30
634,392,0.30
635,392,0.51
636,392,0.69
637,392,0.81
638,392,0.86
639,392,0.81
640,392,0.69
641,392,0.51
642,392,0.30
643,392,0.30
633,393,0.30
634,393,0.30
635,393,0.30
636,393,0.45
637,393,0.55
638,393,0.58
639,393,0.55
640,393,0.45
641,393,0.30
642,393,0.30
643,393,0.30
633,394,0.30
634,394,0.30
635,394,0.30
636,394,0.30
637,394,0.30
638,394,0.30
639,394,0.30
640,394,0.30
641,394,0.30
642,394,0.30
643,394,0.30
641,348,0.30
642,348,0.30
643,348,0.30
644,348,0.30
645,348,0.30
646,348,0.30
647,348,0.30
648,348,0.30
649,348,0.30
650,348,0.30
651,348,0.30
641,349,0.30
642,349,0.30
643,349,0.30
644,349,0.45
645,349,0.55
646,349,0.58
647,349,0.55
648,349,0.45
649,349,0.30
650,349,0.30
651,349,0.30
641,350,0.30
642,350,0.30
643,350,0.51
644,350,0.69
645,350,0.81
646,350,0.86
647,350,0.81
648,350,0.69
649,350,0.51
650,350,0.30
651,350,0.30
641,351,0.30
642,351,0.45
643,351,0.69
644,351,0.91
645,351,1.00
646,351,1.00
647,351,1.00
648,351,0.91
649,351,0.69
650,351,0.45
651,351,0.30
641,352,0.30
642,352,0.55
643,352,0.81
644,352,1.00
645,352,1.00
646,352,1.00
647,352,1.00
648,352,1.00
649,352,0.81
650,352,0.55
651,352,0.30
641,353,0.30
642,353,0.58
643,353,0.86
644,353,1.00
645,353,1.00
646,353,1.00
647,353,1.00
648,353,1.00
649,353,0.86
650,353,0.58
651,353,0.30
641,354,0.30
642,354,0.55
643,354,0.81
644,354,1.00
645,354,1.00
646,354,1.00
647,354,1.00
648,354,1.00
649,354,0.81
650,354,0.55
651,354,0.30
641,355,0.30
642,355,0.45
643,355,0.69
644,355,0.91
645,355,1.00
646,355,1.00
647,355,1.00
648,355,0.91
649,355,0.69
650,355,0.45
651,355,0.30
641,356,0.30
642,356,0.30
643,356,0.51
644,356,0.69
645,356,0.81
646,356,0.86
647,356,0.81
648,356,0.69
649,356,0.51
650,356,0.30
651,356,0.30
641,357,0.30
642,357,0.30
643,357,0.30
644,357,0.45
645,357,0.55
646,357,0.58
647,357,0.55
648,357,0.45
649,357,0.30
650,357,0.30
651,357,0.30
641,358,0.30
642,358,0.30
643,358,0.30
644,358,0.30
645,358,0.30
646,358,0.30
647,358,0.30
648,358,0.30
649,358,0.30
650,358,0.30
651,358,0.30
643,330,0.60
644,330,0.60
645,330,0.81
646,330,0.99
647,330,1.00
648,330,1.00
649,330,1.00
650,330,0.99
651,330,0.81
652,330,0.60
653,330,0.60
643,331,0.60
644,331,0.75
645,331,0.99
646,331,1.00
647,331,1.00
648,331,1.00
649,331,1.00
650,331,1.00
651,331,0.99
652,331,0.75
653,331,0.60
643,332,0.60
644,332,0.85
645,332,1.00
646,332,1.00
647,332,1.00
648,332,1.00
649,332,1.00
650,332,1.00
651,332,1.00
652,332,0.85
653,332,0.60
643,333,0.60
644,333,1.00
645,333,1.00
646,333,1.00
647,333,1.00
648,333,1.00
649,333,1.00
650,333,1.00
651,333,1.00
652,333,1.00
653,333,0.60
643,334,0.60
644,334,1.00
645,334,1.00
646,334,1.00
647,334,1.00
648,334,1.00
649,334,1.00
650,334,1.00
651,334,1.00
652,334,1.00
653,334,0.60
643,335,0.60
644,335,1.00
645,335,1.00
646,335,1.00
647,335,1.00
648,335,1.00
649,335,1.00
650,335,1.00
651,335,1.00
652,335,1.00
653,335,0.60
643,336,0.60
644,336,0.85
645,336,1.00
646,336,1.00
647,336,1.00
648,336,1.00
649,336,1.00
650,336,1.00
651,336,1.00
652,336,0.85
653,336,0.60
643,337,0.60
644,337,0.75
645,337,0.99
646,337,1.00
647,337,1.00
648,337,1.00
649,337,1.00
650,337,1.00
651,337,0.99
652,337,0.75
653,337,0.60
643,338,0.60
644,338,0.60
645,338,0.81
646,338,0.99
647,338,1.00
648,338,1.00
649,338,1.00
650,338,0.99
651,338,0.81
652,338,0.60
653,338,0.60
643,339,0.30
644,339,0.30
645,339,0.30
646,339,0.45
647,339,0.55
648,339,0.58
649,339,0.55
650,339,0.45
651,339,0.30
652,339,0.30
653,339,0.30
643,340,0.30
644,340,0.30
645,340,0.30
646,340,0.30
647,340,0.30
648,340,0.30
649,340,0.30
650,340,0.30
651,340,0.30
652,340,0.30
653,340,0.30
643,328,0.30
644,328,0.30
645,328,0.30
646,328,0.30
647,328,0.30
648,328,0.30
649,328,0.30
650,328,0.30
651,328,0.30
652,328,0.30
653,328,0.30
643,329,0.30
644,329,0.30
645,329,0.30
646,329,0.45
647,329,0.55
648,329,0.58
649,329,0.55
650,329,0.45
651,329,0.30
652,329,0.30
653,329,0.30
654,342,0.30
655,342,0.30
656,342,0.30
657,342,0.30
658,342,0.30
659,342,0.30
660,342,0.30
661,342,0.30
662,342,0.30
663,342,0.30
664,342,0.30
654,343,0.30
655,343,0.30
656,343,0.30
657,343,0.45
658,343,0.55
659,343,0.58
660,343,0.55
661,343,0.45
662,343,0.30
663,343,0.30
664,343,0.30
654,344,0.30
655,344,0.30
656,344,0.51
657,344,0.69
658,344,0.81
659,344,0.86
660,344,0.81
661,344,0.69
662,344,0.51
663,344,0.30
664,344,0.30
654,345,0.30
655,345,0.45
656,345,0.69
657,345,0.91
658,345,1.00
659,345,1.00
660,345,1.00
661,345,0.91
662,345,0.69
663,345,0.45
664,345,0.30
654,346,0.30
655,346,0.55
656,346,0.81
657,346,1.00
658,346,1.00
659,346,1.00
660,346,1.00
661,346,1.00
662,346,0.81
663,346,0.55
664,346,0.30
654,347,0.30
655,347,0.58
656,347,0.86
657,347,1.00
658,347,1.00
659,347,1.00
660,347,1.00
661,347,1.00
662,347,0.86
663,347,0.58
664,347,0.30
654,348,0.30
655,348,0.55
656,348,0.81
657,348,1.00
658,348,1.00
659,348,1.00
660,348,1.00
661,348,1.00
662,348,0.81
663,348,0.55
664,348,0.30
654,349,0.30
655,349,0.45
656,349,0.69
657,349,0.91
658,349,1.00
659,349,1.00
660,349,1.00
661,349,0.91
662,349,0.69
663,349,0.45
664,349,0.30
654,350,0.30
655,350,0.30
656,350,0.51
657,350,0.69
658,350,0.81
659,350,0.86
660,350,0.81
661,350,0.69
662,350,0.51
663,350,0.30
664,350,0.30
654,351,0.30
655,351,0.30
656,351,0.30
657,351,0.45
658,351,0.55
659,351,0.58
660,351,0.55
661,351,0.45
662,351,0.30
663,351,0.30
664,351,0.30
654,352,0.30
655,352,0.30
656,352,0.30
657,352,0.30
658,352,0.30
659,352,0.30
660,352,0.30
661,352,0.30
662,352,0.30
663,352,0.30
664,352,0.30
670,364,0.30
671,364,0.30
672,364,0.30
673,364,0.30
674,364,0.30
675,364,0.30
670,365,0.30
671,365,0.30
672,365,0.30
673,365,0.45
674,365,0.55
675,365,0.58
670,366,0.30
671,366,0.30
672,366,0.51
673,366,0.69
674,366,0.81
675,366,0.86
670,367,0.30
671,367,0.45
672,367,0.69
673,367,0.91
674,367,1.00
675,367,1.00
670,368,0.30
671,368,0.55
672,368,0.81
673,368,1.00
674,368,1.00
675,368,1.00
670,369,0.30
671,369,0.58
672,369,0.86
673,369,1.00
674,369,1.00
675,369,1.00
670,370,0.30
671,370,0.55
672,370,0.81
673,370,1.00
674,370,1.00
675,370,1.00
670,371,0.30
671,371,0.45
672,371,0.69
673,371,0.91
674,371,1.00
675,371,1.00
676,371,1.00
677,371,0.91
678,371,0.69
679,371,0.45
670,372,0.30
671,372,0.30
672,372,0.51
673,372,0.69
674,372,0.81
675,372,0.86
676,372,0.81
677,372,0.69
678,372,0.51
679,372,0.30
670,373,0.30
671,373,0.30
672,373,0.30
673,373,0.45
674,373,0.55
675,373,0.58
676,373,0.55
677,373,0.45
678,373,0.30
679,373,0.30
680,373,0.30
670,374,0.30
671,374,0.30
672,374,0.30
673,374,0.30
674,374,0.30
675,374,0.30
676,374,0.30
677,374,0.60
678,374,0.60
679,374,0.60
680,374,0.60
684,392,0.90
685,392,1.00
686,392,1.00
687,392,1.00
688,392,0.85
689,392,0.75
690,392,0.60
691,392,0.60
692,392,0.60
693,392,0.30
694,392,0.60
684,393,0.81
685,393,0.99
686,393,1.00
687,393,1.00
688,393,1.00
689,393,1.00
690,393,1.00
691,393,0.75
692,393,0.60
693,393,0.30
694,393,0.60
684,394,0.99
685,394,1.00
686,394,1.00
687,394,1.00
688,394,1.00
689,394,1.00
690,394,1.00
691,394,1.00
692,394,0.81
693,394,0.30
694,394,0.60
687,395,1.00
688,395,1.00
689,395,1.00
690,395,1.00
691,395,1.00
692,395,0.99
693,395,0.45
694,395,0.60
687,396,1.00
688,396,1.00
689,396,1.00
690,396,1.00
691,396,1.00
692,396,1.00
693,396,0.55
694,396,0.60
687,397,1.00
688,397,1.00
689,397,1.00
690,397,1.00
691,397,1.00
692,397,1.00
693,397,0.58
694,397,0.60
687,398,1.00
688,398,1.00
689,398,1.00
690,398,1.00
691,398,1.00
692,398,1.00
693,398,0.55
694,398,0.60
687,399,1.00
688,399,1.00
689,399,1.00
690,399,1.00
691,399,1.00
692,399,0.99
693,399,0.45
694,399,0.90
687,400,1.00
688,400,1.00
689,400,1.00
690,400,1.00
691,400,0.99
692,400,0.81
693,400,0.60
694,400,1.00
687,401,0.75
688,401,0.85
689,401,0.88
690,401,0.85
691,401,0.75
692,401,0.60
693,401,0.60
694,401,1.00
687,402,0.30
688,402,0.30
689,402,0.30
690,402,0.30
691,402,0.30
692,402,0.30
693,402,0.60
694,402,1.00
696,429,0.30
697,429,0.30
698,429,0.30
699,429,0.30
700,429,0.30
701,429,0.30
702,429,0.30
703,429,0.30
704,429,0.30
705,429,0.30
706,429,0.30
696,430,0.30
697,430,0.30
698,430,0.30
699,430,0.45
700,430,0.55
701,430,0.58
702,430,0.55
703,430,0.45
704,430,0.30
705,430,0.30
706,430,0.30
696,431,0.30
697,431,0.30
698,431,0.51
699,431,0.69
700,431,0.81
701,431,0.86
702,431,0.81
703,431,0.69
704,431,0.51
705,431,0.30
706,431,0.30
696,432,0.30
697,432,0.45
698,432,0.69
699,432,1.00
700,432,1.00
701,432,1.00
702,432,1.00
703,432,1.00
704,432,0.99
705,432,0.75
706,432,0.60
696,433,0.30
697,433,0.55
698,433,0.81
699,433,1.00
700,433,1.00
701,433,1.00
702,433,1.00
703,433,1.00
704,433,1.00
705,433,1.00
706,433,0.75
696,434,0.30
697,434,0.58
698,434,0.86
699,434,1.00
700,434,1.00
701,434,1.00
702,434,1.00
703,434,1.00
704,434,1.00
705,434,1.00
706,434,0.99
696,435,0.30
697,435,0.55
698,435,0.81
699,435,1.00
700,435,1.00
701,435,1.00
702,435,1.00
703,435,1.00
704,435,1.00
705,435,1.00
706,435,1.00
696,436,0.30
697,436,0.45
698,436,0.69
699,436,1.00
700,436,1.00
701,436,1.00
702,436,1.00
703,436,1.00
704,436,1.00
705,436,1.00
706,436,1.00
696,437,0.30
697,437,0.30
698,437,0.51
699,437,0.99
700,437,1.00
701,437,1.00
702,437,1.00
703,437,1.00
704,437,1.00
705,437,1.00
706,437,1.00
696,438,0.30
697,438,0.30
698,438,0.30
699,438,0.75
700,438,1.00
701,438,1.00
702,438,1.00
703,438,1.00
704,438,1.00
705,438,1.00
706,438,1.00
696,439,0.30
697,439,0.30
698,439,0.30
699,439,0.60
700,439,0.75
701,439,0.99
702,439,1.00
703,439,1.00
704,439,1.00
705,439,1.00
706,439,1.00
705,461,1.00
706,461,1.00
707,461,1.00
708,461,1.00
709,461,1.00
710,461,1.00
711,461,1.00
712,461,1.00
713,461,1.00
714,461,0.88
715,461,0.60
705,462,1.00
706,462,1.00
707,462,1.00
708,462,1.00
709,462,1.00
710,462,1.00
711,462,1.00
712,462,1.00
713,462,1.00
714,462,0.85
715,462,0.60
705,463,1.00
706,463,1.00
707,463,1.00
708,463,1.00
709,463,1.00
710,463,1.00
711,463,1.00
712,463,1.00
713,463,1.00
714,463,0.75
715,463,0.60
705,464,1.00
706,464,1.00
707,464,1.00
708,464,1.00
709,464,1.00
710,464,1.00
711,464,1.00
712,464,1.00
713,464,1.00
714,464,0.75
715,464,0.60
705,465,0.90
706,465,1.00
707,465,1.00
708,465,1.00
709,465,1.00
710,465,1.00
711,465,1.00
712,465,1.00
713,465,1.00
714,465,0.85
715,465,0.60
705,466,0.60
706,466,0.88
707,466,1.00
708,466,1.00
709,466,1.00
710,466,1.00
711,466,1.00
712,466,1.00
713,466,1.00
714,466,0.88
715,466,0.60
705,467,0.30
706,467,0.55
707,467,0.81
708,467,1.00
709,467,1.00
710,467,1.00
711,467,1.00
712,467,1.00
713,467,0.81
714,467,0.55
715,467,0.30
705,468,0.30
706,468,0.45
707,468,0.69
708,468,0.91
709,468,1.00
710,468,1.00
711,468,1.00
712,468,1.00
713,468,0.99
714,468,0.75
715,468,0.60
705,469,0.30
706,469,0.30
707,469,0.51
708,469,0.69
709,469,0.81
710,469,0.86
711,469,0.81
712,469,0.99
713,469,0.81
714,469,0.60
715,469,0.75
705,470,0.30
706,470,0.30
707,470,0.30
708,470,0.45
709,470,0.55
710,470,0.58
711,470,0.55
712,470,0.75
713,470,0.60
714,470,0.81
715,470,0.99
705,471,0.30
706,471,0.30
707,471,0.30
708,471,0.30
709,471,0.30
710,471,0.30
711,471,0.30
712,471,0.60
713,471,0.75
714,471,0.99
715,471,1.00
705,456,0.75
706,456,0.85
707,456,0.88
708,456,0.85
709,456,0.75
710,456,0.60
711,456,0.60
712,456,0.60
713,456,0.30
714,456,0.60
715,456,0.60
705,457,0.99
706,457,1.00
707,457,1.00
708,457,1.00
709,457,1.00
710,457,1.00
711,457,0.85
712,457,0.75
713,457,0.30
714,457,0.60
715,457,0.60
705,458,1.00
706,458,1.00
707,458,1.00
708,458,1.00
709,458,1.00
710,458,1.00
711,458,1.00
712,458,0.99
713,458,0.51
714,458,0.30
715,458,0.30
705,459,1.00
706,459,1.00
707,459,1.00
708,459,1.00
709,459,1.00
710,459,1.00
711,459,1.00
712,459,1.00
713,459,0.69
714,459,0.45
715,459,0.30
705,460,1.00
706,460,1.00
707,460,1.00
708,460,1.00
709,460,1.00
710,460,1.00
711,460,1.00
712,460,1.00
713,460,0.81
714,460,0.55
715,460,0.30
707,432,0.30
708,432,0.30
709,432,0.30
707,433,0.30
708,433,0.30
709,433,0.30
707,434,0.51
708,434,0.30
709,434,0.30
707,435,0.69
708,435,0.45
709,435,0.30
707,436,0.81
708,436,0.55
709,436,0.30
707,437,1.00
708,437,0.88
709,437,0.60
707,438,1.00
708,438,1.00
709,438,0.75
707,439,1.00
708,439,1.00
709,439,0.99
699,440,0.30
700,440,0.30
701,440,0.51
702,440,0.99
703,440,1.00
704,440,1.00
705,440,1.00
706,440,1.00
707,440,1.00
708,440,1.00
709,440,1.00
699,441,0.30
700,441,0.30
701,441,0.30
702,441,0.75
703,441,1.00
704,441,1.00
705,441,1.00
706,441,1.00
707,441,1.00
708,441,1.00
709,441,1.00
699,442,0.30
700,442,0.30
701,442,0.30
702,442,0.60
703,442,0.88
704,442,1.00
705,442,1.00
706,442,1.00
707,442,1.00
708,442,1.00
709,442,1.00
699,415,0.30
700,415,0.60
701,415,1.00
702,415,1.00
703,415,1.00
704,415,1.00
705,415,1.00
706,415,1.00
707,415,1.00
708,415,1.00
709,415,1.00
699,416,0.30
700,416,0.60
701,416,1.00
702,416,1.00
703,416,1.00
704,416,1.00
705,416,1.00
706,416,1.00
707,416,1.00
708,416,1.00
709,416,1.00
699,417,0.30
700,417,0.60
701,417,1.00
702,417,1.00
703,417,1.00
704,417,1.00
705,417,1.00
706,417,1.00
707,417,1.00
708,417,1.00
709,417,1.00
699,418,0.30
700,418,0.45
701,418,0.99
702,418,1.00
703,418,1.00
704,418,1.00
705,418,1.00
706,418,1.00
707,418,1.00
708,418,1.00
709,418,1.00
699,419,0.30
700,419,0.55
701,419,1.00
702,419,1.00
703,419,1.00
704,419,1.00
705,419,1.00
706,419,1.00
707,419,1.00
708,419,1.00
709,419,1.00
699,420,0.30
700,420,0.58
701,420,1.00
702,420,1.00
703,420,1.00
704,420,1.00
705,420,1.00
706,420,1.00
707,420,1.00
708,420,1.00
709,420,1.00
699,421,0.30
700,421,0.55
701,421,1.00
702,421,1.00
703,421,1.00
704,421,1.00
705,421,1.00
706,421,1.00
707,421,1.00
708,421,1.00
709,421,1.00
699,422,0.30
700,422,0.45
701,422,0.99
702,422,1.00
703,422,1.00
704,422,1.00
705,422,1.00
706,422,1.00
707,422,1.00
708,422,1.00
709,422,1.00
699,423,0.30
700,423,0.30
701,423,0.81
702,423,0.99
703,423,1.00
704,423,1.00
705,423,1.00
706,423,1.00
707,423,1.00
708,423,1.00
709,423,1.00
699,424,0.30
700,424,0.30
701,424,0.60
702,424,0.75
703,424,0.85
704,424,0.88
705,424,0.85
706,424,1.00
707,424,0.90
708,424,0.90
709,424,0.90
699,425,0.30
700,425,0.30
701,425,0.30
702,425,0.30
703,425,0.30
704,425,0.30
705,425,0.30
706,425,0.30
707,425,0.30
708,425,0.30
709,425,0.30
701,414,1.00
702,414,1.00
703,414,1.00
704,414,1.00
705,414,1.00
706,414,1.00
707,414,1.00
708,414,1.00
709,414,1.00
710,414,1.00
711,414,0.90
710,415,1.00
711,415,1.00
710,416,1.00
711,416,1.00
710,417,1.00
711,417,1.00
710,418,1.00
711,418,1.00
710,419,1.00
711,419,1.00
710,420,1.00
711,420,1.00
710,421,1.00
711,421,1.00
710,422,1.00
711,422,1.00
710,423,0.85
711,423,0.88
710,424,0.60
711,424,0.60
710,437,0.30
711,437,0.30
712,437,0.30
710,438,0.30
711,438,0.30
712,438,0.30
710,439,0.51
711,439,0.30
712,439,0.30
710,440,0.69
711,440,0.45
712,440,0.30
710,441,0.81
711,441,0.55
712,441,0.30
710,442,0.86
711,442,0.58
712,442,0.30
702,443,0.30
703,443,0.55
704,443,0.81
705,443,1.00
706,443,1.00
707,443,1.00
708,443,1.00
709,443,1.00
710,443,0.81
711,443,0.55
712,443,0.30
702,444,0.30
703,444,0.45
704,444,0.69
705,444,0.91
706,444,1.00
707,444,1.00
708,444,1.00
709,444,0.91
710,444,0.69
711,444,0.45
712,444,0.30
702,445,0.30
703,445,0.30
704,445,0.51
705,445,0.69
706,445,0.81
707,445,0.86
708,445,0.81
709,445,0.69
710,445,0.51
711,445,0.30
712,445,0.30
702,446,0.30
703,446,0.30
704,446,0.30
705,446,0.45
706,446,0.55
707,446,0.58
708,446,0.55
709,446,0.45
710,446,0.30
711,446,0.30
712,446,0.30
702,447,0.30
703,447,0.30
704,447,0.30
705,447,0.30
706,447,0.30
707,447,0.30
708,447,0.30
709,447,0.30
710,447,0.30
711,447,0.30
712,447,0.30
702,455,0.30
703,455,0.30
704,455,0.30
705,455,0.30
706,455,0.30
707,455,0.30
708,455,0.30
709,455,0.30
710,455,0.30
711,455,0.30
712,455,0.30
702,456,0.30
703,456,0.30
704,456,0.30
702,457,0.30
703,457,0.30
704,457,0.51
702,458,0.30
703,458,0.45
704,458,0.69
702,459,0.30
703,459,0.55
704,459,0.81
702,460,0.30
703,460,0.58
704,460,0.86
702,461,0.30
703,461,0.55
704,461,0.81
702,462,0.30
703,462,0.45
704,462,0.69
702,463,0.30
703,463,0.30
704,463,0.51
702,464,0.30
703,464,0.30
704,464,0.30
702,465,0.30
703,465,0.30
704,465,0.30
701,476,1.00
702,476,0.99
703,476,0.75
704,476,0.60
705,476,0.30
706,476,0.30
707,476,0.30
708,476,0.30
709,476,0.30
710,476,0.30
711,476,0.30
701,477,1.00
702,477,1.00
703,477,0.90
704,477,1.00
705,477,0.85
706,477,0.88
707,477,0.85
708,477,0.75
709,477,0.30
710,477,0.30
711,477,0.30
701,478,1.00
702,478,1.00
703,478,1.00
704,478,1.00
705,478,1.00
706,478,1.00
707,478,1.00
708,478,0.99
709,478,0.51
710,478,0.30
711,478,0.30
701,479,1.00
702,479,1.00
703,479,1.00
704,479,1.00
705,479,1.00
706,479,1.00
707,479,1.00
708,479,1.00
709,479,0.69
710,479,0.45
711,479,0.30
701,480,1.00
702,480,1.00
703,480,1.00
704,480,1.00
705,480,1.00
706,480,1.00
707,480,1.00
708,480,1.00
709,480,0.81
710,480,0.55
711,480,0.30
701,481,1.00
702,481,1.00
703,481,1.00
704,481,1.00
705,481,1.00
706,481,1.00
707,481,1.00
708,481,1.00
709,481,0.86
710,481,0.58
711,481,0.30
701,482,1.00
702,482,1.00
703,482,1.00
704,482,1.00
705,482,1.00
706,482,1.00
707,482,1.00
708,482,1.00
709,482,0.81
710,482,0.55
711,482,0.30
701,483,1.00
702,483,1.00
703,483,1.00
704,483,1.00
705,483,1.00
706,483,1.00
707,483,1.00
708,483,1.00
709,483,0.69
710,483,0.45
711,483,0.30
701,484,1.00
702,484,1.00
703,484,1.00
704,484,1.00
705,484,1.00
706,484,1.00
707,484,1.00
708,484,0.99
709,484,0.51
710,484,0.30
711,484,0.30
701,485,1.00
702,485,1.00
703,485,1.00
704,485,1.00
705,485,1.00
706,485,1.00
707,485,1.00
708,485,1.00
709,485,0.30
710,485,0.30
711,485,0.30
701,486,1.00
702,486,1.00
703,486,1.00
704,486,1.00
705,486,1.00
706,486,0.90
707,486,0.90
708,486,0.90
709,486,0.30
710,486,0.30
711,486,0.30
700,492,1.00
701,492,1.00
702,492,1.00
703,492,1.00
704,492,1.00
705,492,1.00
706,492,1.00
707,492,1.00
708,492,0.90
700,493,1.00
701,493,1.00
702,493,1.00
703,493,1.00
704,493,1.00
705,493,1.00
706,493,1.00
707,493,1.00
708,493,0.90
700,494,1.00
701,494,1.00
702,494,1.00
703,494,1.00
704,494,1.00
705,494,1.00
706,494,1.00
707,494,1.00
708,494,0.90
700,495,1.00
701,495,1.00
702,495,1.00
703,495,1.00
704,495,1.00
705,495,1.00
706,495,1.00
707,495,1.00
708,495,0.90
698,496,0.60
699,496,0.85
700,496,1.00
701,496,1.00
702,496,1.00
703,496,1.00
704,496,1.00
705,496,1.00
706,496,1.00
707,496,0.85
708,496,0.60
698,497,0.60
699,497,0.88
700,497,1.00
701,497,1.00
702,497,1.00
703,497,1.00
704,497,1.00
705,497,1.00
706,497,1.00
707,497,0.88
708,497,0.60
698,498,0.60
699,498,0.85
700,498,1.00
701,498,1.00
702,498,1.00
703,498,1.00
704,498,1.00
705,498,1.00
706,498,1.00
707,498,0.85
708,498,0.60
698,499,0.30
699,499,0.45
700,499,0.69
701,499,0.91
702,499,1.00
703,499,1.00
704,499,1.00
705,499,0.91
706,499,0.69
707,499,0.45
708,499,0.30
698,500,0.30
699,500,0.30
700,500,0.51
701,500,0.69
702,500,0.81
703,500,0.86
704,500,0.81
705,500,0.69
706,500,0.51
707,500,0.30
708,500,0.30
698,501,0.30
699,501,0.30
700,501,0.30
701,501,0.45
702,501,0.55
703,501,0.58
704,501,0.55
705,501,0.45
706,501,0.30
707,501,0.30
708,501,0.30
698,502,0.30
699,502,0.30
700,502,0.30
701,502,0.30
702,502,0.30
703,502,0.30
704,502,0.30
705,502,0.30
706,502,0.30
707,502,0.30
708,502,0.30
700,488,0.99
701,488,1.00
702,488,1.00
703,488,1.00
704,488,1.00
705,488,1.00
706,488,0.99
707,488,0.75
708,488,0.60
700,489,1.00
701,489,1.00
702,489,1.00
703,489,1.00
704,489,1.00
705,489,1.00
706,489,1.00
707,489,0.85
708,489,0.60
700,490,1.00
701,490,1.00
702,490,1.00
703,490,1.00
704,490,1.00
705,490,1.00
706,490,1.00
707,490,0.88
708,490,0.60
700,491,1.00
701,491,1.00
702,491,1.00
703,491,1.00
704,491,1.00
705,491,1.00
706,491,1.00
707,491,0.99
708,491,0.60
700,485,0.81
700,486,0.60
700,487,0.81
701,487,0.99
702,487,1.00
703,487,1.00
704,487,1.00
705,487,0.99
706,487,0.81
707,487,0.60
708,487,0.60
714,447,0.30
715,447,0.30
716,447,0.30
717,447,0.30
718,447,0.30
719,447,0.30
720,447,0.30
721,447,0.30
722,447,0.30
723,447,0.30
724,447,0.30
714,448,0.30
715,448,0.30
716,448,0.30
717,448,0.45
718,448,0.55
719,448,0.58
720,448,0.55
721,448,0.45
722,448,0.30
723,448,0.30
724,448,0.30
714,449,0.30
715,449,0.30
716,449,0.51
717,449,0.69
718,449,0.81
719,449,0.86
720,449,0.81
721,449,0.69
722,449,0.51
723,449,0.30
724,449,0.30
714,450,0.30
715,450,0.45
716,450,0.69
717,450,0.91
718,450,1.00
719,450,1.00
720,450,1.00
721,450,0.91
722,450,0.69
723,450,0.45
724,450,0.30
714,451,0.30
715,451,0.55
716,451,0.81
717,451,1.00
718,451,1.00
719,451,1.00
720,451,1.00
721,451,1.00
722,451,0.81
723,451,0.85
724,451,0.60
714,452,0.30
715,452,0.58
716,452,0.86
717,452,1.00
718,452,1.00
719,452,1.00
720,452,1.00
721,452,1.00
722,452,0.86
723,452,0.88
724,452,0.60
714,453,0.30
715,453,0.55
716,453,0.81
717,453,1.00
718,453,1.00
719,453,1.00
720,453,1.00
721,453,1.00
722,453,0.81
723,453,0.85
724,453,0.60
714,454,0.30
715,454,0.45
716,454,0.69
717,454,0.91
718,454,1.00
719,454,1.00
720,454,1.00
721,454,0.91
722,454,0.69
723,454,0.75
724,454,0.75
714,455,0.30
715,455,0.30
716,455,0.51
717,455,0.69
718,455,0.81
719,455,0.86
720,455,0.81
721,455,0.69
722,455,0.51
723,455,0.60
724,455,0.85
716,456,0.30
717,456,0.45
718,456,0.55
719,456,0.58
720,456,0.55
721,456,0.45
722,456,0.30
723,456,0.60
724,456,0.88
716,457,0.30
717,457,0.30
718,457,0.30
719,457,0.30
720,457,0.30
721,457,0.30
722,457,0.30
723,457,0.60
724,457,0.85
716,468,0.30
717,468,0.30
718,468,0.30
719,468,0.30
720,468,0.30
721,468,0.30
722,468,0.30
716,469,0.55
717,469,0.58
718,469,0.55
719,469,0.45
720,469,0.30
721,469,0.30
722,469,0.30
716,470,0.81
717,470,0.86
718,470,0.81
719,470,0.69
720,470,0.51
721,470,0.30
722,470,0.30
716,471,1.00
717,471,1.00
718,471,1.00
719,471,0.91
720,471,0.69
721,471,0.45
722,471,0.30
712,472,0.30
713,472,0.55
714,472,0.81
715,472,1.00
716,472,1.00
717,472,1.00
718,472,1.00
719,472,1.00
720,472,0.81
721,472,0.55
722,472,0.30
712,473,0.30
713,473,0.88
714,473,1.00
715,473,1.00
716,473,1.00
717,473,1.00
718,473,1.00
719,473,1.00
720,473,1.00
721,473,0.88
722,473,0.60
712,474,0.30
713,474,0.85
714,474,1.00
715,474,1.00
716,474,1.00
717,474,1.00
718,474,1.00
719,474,1.00
720,474,1.00
721,474,0.85
722,474,0.60
712,475,0.30
713,475,0.75
714,475,0.99
715,475,1.00
716,475,1.00
717,475,1.00
718,475,1.00
719,475,1.00
720,475,1.00
721,475,0.96
722,475,0.60
712,476,0.30
713,476,0.60
714,476,0.96
715,476,1.00
716,476,1.00
717,476,1.00
718,476,1.00
719,476,1.00
720,476,1.00
721,476,0.99
722,476,0.75
712,477,0.30
713,477,0.60
714,477,0.85
715,477,1.00
716,477,1.00
717,477,1.00
718,477,1.00
719,477,1.00
720,477,1.00
721,477,1.00
722,477,0.85
712,478,0.30
713,478,0.60
714,478,0.88
715,478,1.00
716,478,1.00
717,478,1.00
718,478,1.00
719,478,1.00
720,478,1.00
721,478,1.00
722,478,0.88
723,473,0.30
723,474,0.30
723,475,0.30
723,476,0.30
723,477,0.30
723,478,0.30
713,479,0.30
714,479,0.55
715,479,0.81
716,479,1.00
717,479,1.00
718,479,1.00
719,479,1.00
720,479,1.00
721,479,0.81
722,479,0.55
723,479,0.30
713,480,0.30
714,480,0.45
715,480,0.69
716,480,0.91
717,480,1.00
718,480,1.00
719,480,1.00
720,480,0.91
721,480,0.69
722,480,0.45
723,480,0.30
713,481,0.30
714,481,0.30
715,481,0.51
716,481,0.69
717,481,0.81
718,481,0.86
719,481,0.81
720,481,0.69
721,481,0.51
722,481,0.30
723,481,0.30
713,482,0.30
714,482,0.30
715,482,0.30
716,482,0.45
717,482,0.55
718,482,0.58
719,482,0.55
720,482,0.45
721,482,0.30
722,482,0.30
723,482,0.30
713,483,0.30
714,483,0.30
715,483,0.30
716,483,0.30
717,483,0.30
718,483,0.30
719,483,0.30
720,483,0.30
721,483,0.30
722,483,0.30
723,483,0.30
733,466,0.60
734,466,0.60
735,466,0.81
736,466,0.99
737,466,1.00
738,466,1.00
739,466,1.00
740,466,0.99
741,466,0.81
742,466,0.60
743,466,0.60
733,467,0.60
734,467,0.75
735,467,0.99
736,467,1.00
737,467,1.00
738,467,1.00
739,467,1.00
740,467,1.00
741,467,0.99
742,467,0.75
743,467,0.60
733,468,0.60
734,468,0.85
735,468,1.00
736,468,1.00
737,468,1.00
738,468,1.00
739,468,1.00
740,468,1.00
741,468,1.00
742,468,0.85
743,468,0.60
733,469,0.60
734,469,1.00
735,469,1.00
736,469,1.00
737,469,1.00
738,469,1.00
739,469,1.00
740,469,1.00
741,469,1.00
742,469,1.00
743,469,0.60
733,470,0.60
734,470,1.00
735,470,1.00
736,470,1.00
737,470,1.00
738,470,1.00
739,470,1.00
740,470,1.00
741,470,1.00
742,470,1.00
743,470,0.60
733,471,0.60
734,471,1.00
735,471,1.00
736,471,1.00
737,471,1.00
738,471,1.00
739,471,1.00
740,471,1.00
741,471,1.00
742,471,1.00
743,471,0.60
733,472,0.60
734,472,0.85
735,472,1.00
736,472,1.00
737,472,1.00
738,472,1.00
739,472,1.00
740,472,1.00
741,472,1.00
742,472,0.85
743,472,0.60
733,473,0.60
734,473,0.75
735,473,0.99
736,473,1.00
737,473,1.00
738,473,1.00
739,473,1.00
740,473,1.00
741,473,0.99
742,473,0.75
743,473,0.60
733,474,0.60
734,474,0.60
735,474,0.81
736,474,0.99
737,474,1.00
738,474,1.00
739,474,1.00
740,474,0.99
741,474,0.81
742,474,0.60
743,474,0.60
733,475,0.30
734,475,0.30
735,475,0.30
736,475,0.45
737,475,0.55
738,475,0.58
739,475,0.55
740,475,0.45
741,475,0.30
742,475,0.30
743,475,0.30
733,476,0.30
734,476,0.30
735,476,0.30
736,476,0.30
737,476,0.30
738,476,0.30
739,476,0.30
740,476,0.30
741,476,0.30
742,476,0.30
743,476,0.30
733,464,0.30
734,464,0.30
735,464,0.30
736,464,0.30
737,464,0.30
738,464,0.30
739,464,0.30
740,464,0.30
741,464,0.30
742,464,0.30
743,464,0.30
733,465,0.30
734,465,0.30
735,465,0.30
736,465,0.45
737,465,0.55
738,465,0.58
739,465,0.55
740,465,0.45
741,465,0.30
742,465,0.30
743,465,0.30
725,451,0.30
726,451,0.30
727,451,0.30
728,451,0.30
729,451,0.30
730,451,0.30
731,451,0.30
732,451,0.30
733,451,0.30
725,452,0.30
726,452,0.45
727,452,0.55
728,452,0.58
729,452,0.55
730,452,0.45
731,452,0.30
732,452,0.30
733,452,0.30
725,453,0.51
726,453,0.69
727,453,0.81
728,453,0.86
729,453,0.81
730,453,0.69
731,453,0.51
732,453,0.30
733,453,0.30
725,454,0.69
726,454,0.91
727,454,1.00
728,454,1.00
729,454,1.00
730,454,0.91
731,454,0.69
732,454,0.45
733,454,0.30
725,455,0.81
726,455,1.00
727,455,1.00
728,455,1.00
729,455,1.00
730,455,1.00
731,455,0.81
732,455,0.55
733,455,0.30
725,456,0.86
726,456,1.00
727,456,1.00
728,456,1.00
729,456,1.00
730,456,1.00
731,456,0.86
732,456,0.58
733,456,0.30
725,457,0.81
726,457,1.00
727,457,1.00
728,457,1.00
729,457,1.00
730,457,1.00
731,457,0.81
732,457,0.55
733,457,0.30
723,458,0.30
724,458,0.45
725,458,0.69
726,458,0.91
727,458,1.00
728,458,1.00
729,458,1.00
730,458,0.91
731,458,0.69
732,458,0.45
733,458,0.30
723,459,0.30
724,459,0.30
725,459,0.51
726,459,0.69
727,459,0.81
728,459,0.86
729,459,0.81
730,459,0.69
731,459,0.51
732,459,0.30
733,459,0.30
723,460,0.30
724,460,0.30
725,460,0.30
726,460,0.45
727,460,0.55
728,460,0.58
729,460,0.55
730,460,0.45
731,460,0.30
732,460,0.30
733,460,0.30
723,461,0.30
724,461,0.30
725,461,0.30
726,461,0.30
727,461,0.30
728,461,0.30
729,461,0.30
730,461,0.30
731,461,0.30
732,461,0.30
733,461,0.30
715,431,0.30
716,431,0.30
717,431,0.30
718,431,0.30
719,431,0.30
720,431,0.30
721,431,0.30
722,431,0.30
723,431,0.30
724,431,0.30
725,431,0.30
715,432,0.30
716,432,0.30
717,432,0.30
718,432,0.45
719,432,0.55
720,432,0.58
721,432,0.55
722,432,0.45
723,432,0.30
724,432,0.30
725,432,0.30
715,433,0.30
716,433,0.30
717,433,0.51
718,433,0.69
719,433,0.81
720,433,0.86
721,433,0.81
722,433,0.69
723,433,0.51
724,433,0.30
725,433,0.30
715,434,0.30
716,434,0.45
717,434,0.69
718,434,0.91
719,434,1.00
720,434,1.00
721,434,1.00
722,434,0.91
723,434,0.69
724,434,0.45
725,434,0.30
715,435,0.30
716,435,0.55
717,435,0.81
718,435,1.00
719,435,1.00
720,435,1.00
721,435,1.00
722,435,1.00
723,435,0.81
724,435,0.55
725,435,0.30
715,436,0.30
716,436,0.58
717,436,0.86
718,436,1.00
719,436,1.00
720,436,1.00
721,436,1.00
722,436,1.00
723,436,0.86
724,436,0.58
725,436,0.30
715,437,0.30
716,437,0.55
717,437,0.81
718,437,1.00
719,437,1.00
720,437,1.00
721,437,1.00
722,437,1.00
723,437,0.81
724,437,0.55
725,437,0.30
715,438,0.30
716,438,0.45
717,438,0.69
718,438,0.91
719,438,1.00
720,438,1.00
721,438,1.00
722,438,0.91
723,438,0.69
724,438,0.45
725,438,0.30
715,439,0.30
716,439,0.30
717,439,0.51
718,439,0.69
719,439,0.81
720,439,0.86
721,439,0.81
722,439,0.69
723,439,0.51
724,439,0.30
725,439,0.30
715,440,0.30
716,440,0.30
717,440,0.30
718,440,0.45
719,440,0.55
720,440,0.58
721,440,0.55
722,440,0.45
723,440,0.30
724,440,0.30
725,440,0.30
715,441,0.30
716,441,0.30
717,441,0.30
718,441,0.30
719,441,0.30
720,441,0.30
721,441,0.30
722,441,0.30
723,441,0.30
724,441,0.30
725,441,0.30
712,414,0.30
713,414,0.30
714,414,0.30
715,414,0.30
716,414,0.30
712,415,0.55
713,415,0.45
714,415,0.30
715,415,0.30
716,415,0.30
712,416,0.81
713,416,0.69
714,416,0.51
715,416,0.30
716,416,0.30
712,417,1.00
713,417,0.91
714,417,0.69
715,417,0.45
716,417,0.30
712,418,1.00
713,418,1.00
714,418,0.81
715,418,0.55
716,418,0.30
712,419,1.00
713,419,1.00
714,419,0.86
715,419,0.58
716,419,0.30
712,420,1.00
713,420,1.00
714,420,0.81
715,420,0.55
716,420,0.30
712,421,1.00
713,421,0.91
714,421,0.69
715,421,0.45
716,421,0.30
712,422,0.81
713,422,0.69
714,422,0.51
715,422,0.30
716,422,0.30
712,423,0.55
713,423,0.45
714,423,0.30
715,423,0.30
716,423,0.30
712,424,0.30
713,424,0.30
714,424,0.30
715,424,0.30
716,424,0.30
701,407,1.00
702,407,1.00
703,407,1.00
704,407,1.00
705,407,1.00
706,407,1.00
707,407,1.00
708,407,1.00
709,407,1.00
710,407,1.00
711,407,1.00
701,408,1.00
702,408,1.00
703,408,1.00
704,408,1.00
705,408,1.00
706,408,1.00
707,408,1.00
708,408,1.00
709,408,1.00
710,408,1.00
711,408,1.00
701,409,1.00
702,409,1.00
703,409,1.00
704,409,1.00
705,409,1.00
706,409,1.00
707,409,1.00
708,409,1.00
709,409,1.00
710,409,1.00
711,409,0.90
701,410,1.00
702,410,1.00
703,410,1.00
704,410,1.00
705,410,1.00
706,410,1.00
707,410,1.00
708,410,1.00
709,410,1.00
710,410,0.75
711,410,0.30
701,411,0.85
702,411,1.00
703,411,1.00
704,411,1.00
705,411,1.00
706,411,1.00
707,411,1.00
708,411,1.00
709,411,1.00
710,411,0.85
711,411,0.30
701,412,0.88
702,412,1.00
703,412,1.00
704,412,1.00
705,412,1.00
706,412,1.00
707,412,1.00
708,412,1.00
709,412,1.00
710,412,0.88
711,412,0.30
701,413,0.85
702,413,1.00
703,413,1.00
704,413,1.00
705,413,1.00
706,413,1.00
707,413,1.00
708,413,1.00
709,413,1.00
710,413,0.85
711,413,0.30
700,407,1.00
700,408,1.00
700,409,1.00
700,410,0.60
700,411,0.30
700,412,0.30
700,413,0.30
700,414,0.30
686,410,0.30
687,410,0.30
688,410,0.30
689,410,0.30
690,410,0.30
691,410,0.30
692,410,0.30
693,410,0.60
694,410,0.60
695,410,0.60
696,410,0.60
686,411,0.30
687,411,0.30
688,411,0.30
689,411,0.45
690,411,0.55
691,411,0.58
692,411,0.55
693,411,0.45
694,411,0.30
695,411,0.30
696,411,0.30
686,412,0.30
687,412,0.30
688,412,0.51
689,412,0.69
690,412,0.81
691,412,0.86
692,412,0.81
693,412,0.69
694,412,0.51
695,412,0.30
696,412,0.30
686,413,0.30
687,413,0.45
688,413,0.69
689,413,0.91
690,413,1.00
691,413,1.00
692,413,1.00
693,413,0.91
694,413,0.69
695,413,0.45
696,413,0.30
686,414,0.30
687,414,0.55
688,414,0.81
689,414,1.00
690,414,1.00
691,414,1.00
692,414,1.00
693,414,1.00
694,414,0.81
695,414,0.55
696,414,0.30
686,415,0.30
687,415,0.58
688,415,0.86
689,415,1.00
690,415,1.00
691,415,1.00
692,415,1.00
693,415,1.00
694,415,0.86
695,415,0.58
696,415,0.30
686,416,0.30
687,416,0.55
688,416,0.81
689,416,1.00
690,416,1.00
691,416,1.00
692,416,1.00
693,416,1.00
694,416,0.81
695,416,0.55
696,416,0.30
686,417,0.30
687,417,0.45
688,417,0.69
689,417,0.91
690,417,1.00
691,417,1.00
692,417,1.00
693,417,0.91
694,417,0.69
695,417,0.45
696,417,0.30
686,418,0.30
687,418,0.30
688,418,0.51
689,418,0.69
690,418,0.81
691,418,0.86
692,418,0.81
693,418,0.69
694,418,0.51
695,418,0.30
696,418,0.30
686,419,0.30
687,419,0.30
688,419,0.30
689,419,0.45
690,419,0.55
691,419,0.58
692,419,0.55
693,419,0.45
694,419,0.30
695,419,0.30
696,419,0.30
686,420,0.30
687,420,0.30
688,420,0.30
689,420,0.30
690,420,0.30
691,420,0.30
692,420,0.30
693,420,0.30
694,420,0.30
695,420,0.30
696,420,0.30
695,400,0.90
696,400,1.00
697,400,1.00
698,400,1.00
699,400,1.00
700,400,1.00
701,400,1.00
702,400,1.00
703,400,1.00
695,401,0.90
696,401,1.00
697,401,1.00
698,401,1.00
699,401,1.00
700,401,1.00
701,401,1.00
702,401,1.00
703,401,1.00
695,402,1.00
696,402,1.00
697,402,1.00
698,402,1.00
699,402,1.00
700,402,1.00
701,402,1.00
702,402,1.00
703,402,1.00
693,403,0.30
694,403,0.75
695,403,1.00
696,403,1.00
697,403,1.00
698,403,1.00
699,403,1.00
700,403,1.00
701,403,1.00
702,403,1.00
703,403,1.00
693,404,0.30
694,404,0.85
695,404,1.00
696,404,1.00
697,404,1.00
698,404,1.00
699,404,1.00
700,404,1.00
701,404,1.00
702,404,1.00
703,404,1.00
693,405,0.30
694,405,0.88
695,405,1.00
696,405,1.00
697,405,1.00
698,405,1.00
699,405,1.00
700,405,1.00
701,405,1.00
702,405,1.00
703,405,1.00
693,406,0.30
694,406,0.85
695,406,1.00
696,406,1.00
697,406,1.00
698,406,1.00
699,406,1.00
700,406,1.00
701,406,1.00
702,406,1.00
703,406,1.00
693,407,0.30
694,407,0.75
695,407,0.99
696,407,1.00
697,407,1.00
698,407,1.00
699,407,1.00
693,408,0.30
694,408,0.60
695,408,0.81
696,408,0.99
697,408,1.00
698,408,1.00
699,408,1.00
693,409,0.30
694,409,0.60
695,409,0.60
696,409,0.75
697,409,0.85
698,409,0.88
699,409,0.85
697,410,0.30
698,410,0.30
699,410,0.30
695,399,0.75
696,399,0.99
697,399,1.00
698,399,1.00
699,399,1.00
700,399,1.00
701,399,1.00
702,399,0.99
703,399,1.00
704,399,1.00
704,400,1.00
704,401,1.00
704,402,1.00
704,403,1.00
704,404,1.00
704,405,1.00
704,406,1.00
705,399,0.90
706,399,1.00
707,399,1.00
708,399,1.00
709,399,1.00
710,399,1.00
711,399,1.00
712,399,1.00
713,399,0.90
705,400,1.00
706,400,1.00
707,400,1.00
708,400,1.00
709,400,1.00
710,400,1.00
711,400,1.00
712,400,1.00
713,400,1.00
705,401,1.00
706,401,1.00
707,401,1.00
708,401,1.00
709,401,1.00
710,401,1.00
711,401,1.00
712,401,1.00
713,401,1.00
705,402,1.00
706,402,1.00
707,402,1.00
708,402,1.00
709,402,1.00
710,402,1.00
711,402,1.00
712,402,1.00
713,402,1.00
705,403,1.00
706,403,1.00
707,403,1.00
708,403,1.00
709,403,1.00
710,403,1.00
711,403,1.00
712,403,1.00
713,403,1.00
705,404,1.00
706,404,1.00
707,404,1.00
708,404,1.00
709,404,1.00
710,404,1.00
711,404,1.00
712,404,1.00
713,404,1.00
705,405,1.00
706,405,1.00
707,405,1.00
708,405,1.00
709,405,1.00
710,405,1.00
711,405,1.00
712,405,1.00
713,405,1.00
705,406,1.00
706,406,1.00
707,406,1.00
708,406,1.00
709,406,1.00
710,406,1.00
711,406,1.00
712,406,1.00
713,406,1.00
712,407,1.00
713,407,0.90
712,408,0.60
713,408,0.60
712,409,0.60
713,409,0.60
714,399,0.60
714,400,0.60
714,401,0.60
714,402,0.60
714,403,0.60
714,404,0.60
714,405,0.60
714,406,0.60
714,407,0.60
714,408,0.30
714,409,0.30
704,397,0.60
705,397,0.30
706,397,0.30
707,397,0.30
708,397,0.30
709,397,0.30
710,397,0.30
711,397,0.30
712,397,0.30
713,397,0.30
714,397,0.30
704,398,0.60
705,398,0.30
706,398,0.30
707,398,0.45
708,398,0.55
709,398,0.58
710,398,0.55
711,398,0.45
712,398,0.30
713,398,0.30
714,398,0.30
695,392,0.30
696,392,0.30
697,392,0.30
698,392,0.30
699,392,0.30
700,392,0.30
701,392,0.30
702,392,0.30
703,392,0.30
704,392,0.30
695,393,0.30
696,393,0.30
697,393,0.45
698,393,0.55
699,393,0.58
700,393,0.55
701,393,0.45
702,393,0.30
703,393,0.30
704,393,0.30
695,394,0.30
696,394,0.51
697,394,0.69
698,394,0.81
699,394,0.86
700,394,0.81
701,394,0.69
702,394,0.51
703,394,0.30
704,394,0.30
695,395,0.45
696,395,0.69
697,395,0.91
698,395,1.00
699,395,1.00
700,395,1.00
701,395,0.91
702,395,0.69
703,395,0.45
704,395,0.30
695,396,0.55
696,396,0.81
697,396,1.00
698,396,1.00
699,396,1.00
700,396,1.00
701,396,1.00
702,396,0.81
703,396,0.55
704,396,0.30
695,397,0.58
696,397,0.86
697,397,1.00
698,397,1.00
699,397,1.00
700,397,1.00
701,397,1.00
702,397,0.86
703,397,0.58
695,398,0.55
696,398,0.81
697,398,1.00
698,398,1.00
699,398,1.00
700,398,1.00
701,398,1.00
702,398,0.81
703,398,0.55
677,382,0.90
678,382,1.00
679,382,1.00
680,382,1.00
681,382,1.00
682,382,1.00
683,382,1.00
684,382,1.00
685,382,1.00
686,382,1.00
687,382,0.90
677,383,0.90
678,383,1.00
679,383,1.00
680,383,1.00
681,383,1.00
682,383,1.00
683,383,1.00
684,383,1.00
685,383,1.00
686,383,1.00
687,383,0.90
677,384,0.90
678,384,1.00
679,384,1.00
680,384,1.00
681,384,1.00
682,384,1.00
683,384,1.00
684,384,1.00
685,384,1.00
686,384,1.00
687,384,0.90
677,385,0.60
678,385,0.99
679,385,1.00
680,385,1.00
681,385,1.00
682,385,1.00
683,385,1.00
684,385,1.00
685,385,1.00
686,385,0.99
687,385,0.60
677,386,0.60
678,386,0.99
679,386,1.00
680,386,1.00
681,386,1.00
682,386,1.00
683,386,1.00
684,386,1.00
685,386,1.00
686,386,0.99
687,386,0.60
677,387,0.60
678,387,0.88
679,387,1.00
680,387,1.00
681,387,1.00
682,387,1.00
683,387,1.00
684,387,1.00
685,387,1.00
686,387,0.88
687,387,0.60
677,388,0.60
678,388,0.85
679,388,1.00
680,388,1.00
681,388,1.00
682,388,1.00
683,388,1.00
684,388,1.00
685,388,1.00
686,388,0.85
687,388,0.60
677,389,0.60
678,389,0.75
679,389,0.99
680,389,1.00
681,389,1.00
682,389,1.00
683,389,1.00
684,389,1.00
685,389,0.99
686,389,0.75
687,389,0.60
677,390,0.30
678,390,0.30
679,390,0.51
680,390,0.69
681,390,0.81
682,390,0.86
683,390,0.81
684,390,0.69
685,390,0.51
686,390,0.30
687,390,0.30
677,391,0.30
678,391,0.30
679,391,0.30
680,391,0.45
681,391,0.55
682,391,0.88
683,391,0.85
684,391,0.75
685,391,0.60
686,391,0.60
687,391,0.60
677,392,0.30
678,392,0.30
679,392,0.30
680,392,0.30
681,392,0.30
682,392,0.60
683,392,0.60
677,379,0.60
678,379,0.88
679,379,1.00
680,379,1.00
681,379,1.00
682,379,1.00
683,379,1.00
684,379,1.00
685,379,1.00
686,379,0.88
687,379,0.60
677,380,0.60
678,380,0.85
679,380,1.00
680,380,1.00
681,380,1.00
682,380,1.00
683,380,1.00
684,380,1.00
685,380,1.00
686,380,0.85
687,380,0.60
677,381,0.60
678,381,0.75
679,381,1.00
680,381,1.00
681,381,1.00
682,381,1.00
683,381,1.00
684,381,1.00
685,381,1.00
686,381,0.75
687,381,0.60
681,374,0.30
682,374,0.30
683,374,0.30
684,374,0.30
685,374,0.30
686,374,0.30
687,374,0.30
677,375,0.30
678,375,0.30
679,375,0.30
680,375,0.45
681,375,0.55
682,375,0.58
683,375,0.55
684,375,0.45
685,375,0.30
686,375,0.30
687,375,0.30
677,376,0.30
678,376,0.30
679,376,0.51
680,376,0.69
681,376,0.81
682,376,0.86
683,376,0.81
684,376,0.69
685,376,0.51
686,376,0.30
687,376,0.30
677,377,0.30
678,377,0.45
679,377,0.69
680,377,0.91
681,377,1.00
682,377,1.00
683,377,1.00
684,377,0.91
685,377,0.69
686,377,0.45
687,377,0.30
677,378,0.30
678,378,0.55
679,378,0.81
680,378,1.00
681,378,1.00
682,378,1.00
683,378,1.00
684,378,1.00
685,378,0.81
686,378,0.55
687,378,0.30
688,391,0.30
689,391,0.30
690,391,0.30
691,391,0.30
692,391,0.30
682,393,0.30
683,393,0.30
682,394,0.30
683,394,0.45
698,469,0.30
699,469,0.30
700,469,0.30
701,469,0.30
702,469,0.30
703,469,0.30
704,469,0.30
698,470,0.55
699,470,0.58
700,470,0.55
701,470,0.45
702,470,0.30
703,470,0.30
704,470,0.30
698,471,0.81
699,471,0.86
700,471,0.81
701,471,0.69
702,471,0.51
703,471,0.30
704,471,0.30
698,472,1.00
699,472,1.00
700,472,1.00
701,472,0.91
702,472,0.69
703,472,0.45
704,472,0.30
698,473,1.00
699,473,1.00
700,473,1.00
701,473,1.00
702,473,0.81
703,473,0.55
704,473,0.30
698,474,1.00
699,474,1.00
700,474,1.00
701,474,1.00
702,474,0.86
703,474,0.58
704,474,0.30
698,475,1.00
699,475,1.00
700,475,1.00
701,475,1.00
702,475,0.81
703,475,0.55
704,475,0.30
698,476,1.00
699,476,1.00
700,476,1.00
694,477,0.30
695,477,0.30
696,477,0.51
697,477,0.69
698,477,1.00
699,477,1.00
700,477,1.00
694,478,0.30
695,478,0.30
696,478,0.30
697,478,0.45
698,478,0.85
699,478,0.88
700,478,0.85
694,479,0.30
695,479,0.30
696,479,0.30
697,479,0.30
698,479,0.60
699,479,0.60
700,479,0.81
698,480,0.30
699,480,0.45
700,480,0.69
698,481,0.30
699,481,0.55
700,481,0.81
698,482,0.30
699,482,0.58
700,482,0.86
698,483,0.30
699,483,0.55
700,483,0.81
698,484,0.30
699,484,0.45
700,484,0.69
712,488,0.30
713,488,0.30
714,488,0.30
715,488,0.30
716,488,0.30
717,488,0.30
718,488,0.30
719,488,0.30
720,488,0.30
721,488,0.30
722,488,0.30
712,489,0.30
713,489,0.30
714,489,0.30
715,489,0.45
716,489,0.55
717,489,0.58
718,489,0.55
719,489,0.45
720,489,0.30
721,489,0.30
722,489,0.30
712,490,0.30
713,490,0.30
714,490,0.51
715,490,0.69
716,490,0.81
717,490,0.86
718,490,0.81
719,490,0.69
720,490,0.51
721,490,0.30
722,490,0.30
712,491,0.30
713,491,0.45
714,491,0.69
715,491,0.91
716,491,1.00
717,491,1.00
718,491,1.00
719,491,0.91
720,491,0.69
721,491,0.45
722,491,0.30
712,492,0.30
713,492,0.55
714,492,1.00
715,492,1.00
716,492,1.00
717,492,1.00
718,492,1.00
719,492,1.00
720,492,1.00
721,492,0.85
722,492,0.60
712,493,0.30
713,493,0.58
714,493,1.00
715,493,1.00
716,493,1.00
717,493,1.00
718,493,1.00
719,493,1.00
720,493,1.00
721,493,1.00
722,493,0.60
712,494,0.30
713,494,0.55
714,494,1.00
715,494,1.00
716,494,1.00
717,494,1.00
718,494,1.00
719,494,1.00
720,494,1.00
721,494,1.00
722,494,0.81
712,495,0.30
713,495,0.45
714,495,0.99
715,495,1.00
716,495,1.00
717,495,1.00
718,495,1.00
719,495,1.00
720,495,1.00
721,495,1.00
722,495,0.99
712,496,0.90
713,496,0.90
714,496,1.00
715,496,1.00
716,496,1.00
717,496,1.00
718,496,1.00
719,496,1.00
720,496,1.00
721,496,1.00
722,496,1.00
712,497,0.90
713,497,1.00
714,497,1.00
715,497,1.00
716,497,1.00
717,497,1.00
718,497,1.00
719,497,1.00
720,497,1.00
721,497,1.00
722,497,1.00
712,498,1.00
713,498,1.00
714,498,1.00
715,498,1.00
716,498,1.00
717,498,1.00
718,498,1.00
719,498,1.00
720,498,1.00
721,498,1.00
722,498,1.00
723,492,0.30
724,492,0.30
723,493,0.30
724,493,0.30
723,494,0.30
724,494,0.30
723,495,0.45
724,495,0.30
723,496,0.55
724,496,0.30
723,497,0.58
724,497,0.30
723,498,0.55
724,498,0.30
714,499,1.00
715,499,1.00
716,499,1.00
717,499,1.00
718,499,1.00
719,499,1.00
720,499,1.00
721,499,0.91
722,499,0.69
723,499,0.45
724,499,0.30
714,500,1.00
715,500,1.00
716,500,1.00
717,500,1.00
718,500,1.00
719,500,1.00
720,500,1.00
721,500,0.69
722,500,0.51
723,500,0.30
724,500,0.30
714,501,1.00
715,501,1.00
716,501,1.00
717,501,1.00
718,501,1.00
719,501,1.00
720,501,1.00
721,501,0.45
722,501,0.30
723,501,0.30
724,501,0.30
714,502,1.00
715,502,1.00
716,502,1.00
717,502,1.00
718,502,1.00
719,502,1.00
720,502,0.90
721,502,0.30
722,502,0.30
723,502,0.30
724,502,0.30
715,506,1.00
716,506,1.00
717,506,1.00
718,506,1.00
719,506,1.00
720,506,1.00
721,506,1.00
722,506,0.99
723,506,0.81
724,506,0.60
725,506,0.60
715,507,0.60
716,507,0.75
717,507,0.99
718,507,1.00
719,507,1.00
720,507,1.00
721,507,1.00
722,507,1.00
723,507,0.99
724,507,0.75
725,507,0.60
715,508,0.60
716,508,0.85
717,508,1.00
718,508,1.00
719,508,1.00
720,508,1.00
721,508,1.00
722,508,1.00
723,508,1.00
724,508,0.85
725,508,0.60
715,509,0.60
716,509,1.00
717,509,1.00
718,509,1.00
719,509,1.00
720,509,1.00
721,509,1.00
722,509,1.00
723,509,1.00
724,509,1.00
725,509,0.90
715,510,0.60
716,510,1.00
717,510,1.00
718,510,1.00
719,510,1.00
720,510,1.00
721,510,1.00
722,510,1.00
723,510,1.00
724,510,1.00
725,510,0.90
715,511,0.60
716,511,1.00
717,511,1.00
718,511,1.00
719,511,1.00
720,511,1.00
721,511,1.00
722,511,1.00
723,511,1.00
724,511,1.00
725,511,0.90
715,512,0.60
716,512,1.00
717,512,1.00
718,512,1.00
719,512,1.00
720,512,1.00
721,512,1.00
722,512,1.00
723,512,1.00
724,512,1.00
725,512,1.00
715,513,0.60
716,513,1.00
717,513,1.00
718,513,1.00
719,513,1.00
720,513,1.00
721,513,1.00
722,513,1.00
723,513,1.00
724,513,1.00
725,513,1.00
715,514,0.60
716,514,0.90
717,514,1.00
718,514,1.00
719,514,1.00
720,514,1.00
721,514,1.00
722,514,1.00
723,514,1.00
724,514,1.00
725,514,1.00
715,515,0.30
716,515,0.60
717,515,0.85
718,515,1.00
719,515,1.00
720,515,1.00
721,515,1.00
722,515,1.00
723,515,1.00
724,515,1.00
725,515,0.85
715,516,0.30
716,516,0.60
717,516,0.75
718,516,0.99
719,516,1.00
720,516,1.00
721,516,1.00
722,516,1.00
723,516,1.00
724,516,0.99
725,516,0.75
726,509,0.30
726,510,0.30
726,511,0.30
726,512,0.30
726,513,0.30
726,514,0.30
726,515,0.30
726,516,0.30
716,517,0.30
717,517,0.30
718,517,0.51
719,517,0.69
720,517,0.81
721,517,0.86
722,517,0.81
723,517,0.69
724,517,0.51
725,517,0.30
726,517,0.30
716,518,0.30
717,518,0.30
718,518,0.30
719,518,0.45
720,518,0.55
721,518,0.58
722,518,0.55
723,518,0.45
724,518,0.30
725,518,0.30
726,518,0.30
716,519,0.30
717,519,0.30
718,519,0.30
719,519,0.30
720,519,0.30
721,519,0.30
722,519,0.30
723,519,0.30
724,519,0.30
725,519,0.30
726,519,0.30
715,504,1.00
716,504,1.00
717,504,1.00
718,504,1.00
719,504,0.90
720,504,0.90
721,504,0.30
722,504,0.30
723,504,0.30
724,504,0.30
725,504,0.30
715,505,1.00
716,505,1.00
717,505,1.00
718,505,1.00
719,505,1.00
720,505,1.00
721,505,0.55
722,505,0.45
723,505,0.30
724,505,0.30
725,505,0.30
710,496,0.60
711,496,0.60
710,497,0.60
711,497,0.60
710,498,0.60
711,498,0.60
710,499,0.60
711,499,0.90
712,499,1.00
713,499,1.00
710,500,0.60
711,500,1.00
712,500,1.00
713,500,1.00
710,501,0.60
711,501,1.00
712,501,1.00
713,501,1.00
710,502,0.60
711,502,1.00
712,502,1.00
713,502,1.00
710,503,0.60
711,503,0.90
712,503,1.00
713,503,1.00
714,503,1.00
715,503,1.00
716,503,1.00
717,503,1.00
718,503,1.00
719,503,0.90
720,503,0.60
710,504,0.60
711,504,0.60
712,504,1.00
713,504,1.00
714,504,1.00
710,505,0.60
711,505,0.60
712,505,0.60
713,505,0.90
714,505,1.00
710,506,0.60
711,506,0.60
712,506,0.60
713,506,0.60
714,506,0.60

