555,488,1.00
556,488,1.00
557,488,1.00
558,488,1.00
559,488,1.00
560,488,1.00
561,488,1.00
555,489,1.00
556,489,1.00
557,489,1.00
558,489,1.00
559,489,1.00
560,489,1.00
561,489,1.00
555,490,1.00
556,490,1.00
557,490,1.00
558,490,1.00
559,490,1.00
560,490,1.00
561,490,1.00
555,491,1.00
556,491,1.00
557,491,1.00
558,491,1.00
559,491,1.00
560,491,1.00
561,491,1.00
555,492,1.00
556,492,1.00
557,492,1.00
558,492,1.00
559,492,1.00
560,492,1.00
561,492,1.00
555,493,1.00
556,493,1.00
557,493,1.00
558,493,1.00
559,493,1.00
560,493,1.00
561,493,1.00
555,494,1.00
556,494,1.00
557,494,1.00
558,494,1.00
559,494,1.00
560,494,1.00
561,494,1.00
554,488,1.00
554,489,1.00
554,490,1.00
554,491,1.00
554,492,1.00
554,493,1.00
554,494,1.00
553,488,1.00
553,489,1.00
553,490,1.00
553,491,1.00
553,492,1.00
553,493,1.00
553,494,1.00
552,488,0.60
552,489,1.00
552,490,1.00
552,491,1.00
552,492,1.00
552,493,1.00
552,494,1.00
552,495,1.00
553,495,1.00
554,495,1.00
555,495,1.00
556,495,1.00
557,495,1.00
558,495,0.60
551,489,1.00
551,490,1.00
551,491,1.00
551,492,1.00
551,493,1.00
551,494,1.00
551,495,1.00
550,489,0.60
550,490,1.00
550,491,1.00
550,492,1.00
550,493,1.00
550,494,1.00
550,495,1.00
550,496,1.00
551,496,1.00
552,496,1.00
553,496,1.00
554,496,1.00
555,496,1.00
556,496,0.30
549,490,1.00
549,491,1.00
549,492,1.00
549,493,1.00
549,494,1.00
549,495,1.00
549,496,1.00
548,490,1.00
548,491,1.00
548,492,1.00
548,493,1.00
548,494,1.00
548,495,1.00
548,496,1.00
547,490,0.60
547,491,1.00
547,492,1.00
547,493,1.00
547,494,1.00
547,495,1.00
547,496,1.00
546,491,1.00
546,492,1.00
546,493,1.00
546,494,1.00
546,495,1.00
546,496,1.00
546,497,1.00
547,497,1.00
548,497,1.00
549,497,1.00
550,497,1.00
551,497,0.90
552,497,0.30
545,491,1.00
545,492,1.00
545,493,1.00
545,494,1.00
545,495,1.00
545,496,1.00
545,497,1.00
544,491,0.90
544,492,1.00
544,493,1.00
544,494,1.00
544,495,1.00
544,496,1.00
544,497,1.00
543,491,0.30
543,492,1.00
543,493,1.00
543,494,1.00
543,495,1.00
543,496,1.00
543,497,1.00
543,498,1.00
544,498,1.00
545,498,1.00
546,498,1.00
547,498,1.00
548,498,0.90
549,498,0.30
542,492,0.90
542,493,1.00
542,494,1.00
542,495,1.00
542,496,1.00
542,497,1.00
542,498,1.00
541,492,0.30
541,493,1.00
541,494,1.00
541,495,1.00
541,496,1.00
541,497,1.00
541,498,1.00
541,499,1.00
542,499,1.00
543,499,1.00
544,499,1.00
545,499,0.90
546,499,0.60
547,499,0.30
540,493,0.90
540,494,1.00
540,495,1.00
540,496,1.00
540,497,1.00
540,498,1.00
540,499,1.00
539,493,0.60
539,494,1.00
539,495,1.00
539,496,1.00
539,497,1.00
539,498,1.00
539,499,1.00
538,493,0.30
538,494,1.00
538,495,1.00
538,496,1.00
538,497,1.00
538,498,1.00
538,499,1.00
537,494,0.90
537,495,1.00
537,496,1.00
537,497,1.00
537,498,1.00
537,499,1.00
537,500,1.00
538,500,1.00
539,500,1.00
540,500,1.00
541,500,0.90
542,500,0.60
543,500,0.30
536,494,0.60
536,495,1.00
536,496,1.00
536,497,1.00
536,498,1.00
536,499,1.00
536,500,1.00
535,494,0.30
535,495,1.00
535,496,1.00
535,497,1.00
535,498,1.00
535,499,1.00
535,500,1.00
534,495,1.00
534,496,1.00
534,497,1.00
534,498,1.00
534,499,1.00
534,500,1.00
534,501,1.00
535,501,1.00
536,501,1.00
537,501,1.00
538,501,1.00
539,501,0.60
540,501,0.30
533,495,0.90
533,496,1.00
533,497,1.00
533,498,1.00
533,499,1.00
533,500,1.00
533,501,1.00
532,495,0.60
532,496,1.00
532,497,1.00
532,498,1.00
532,499,1.00
532,500,1.00
532,501,1.00
531,496,0.90
531,497,1.00
531,498,1.00
531,499,1.00
531,500,1.00
531,501,1.00
531,502,1.00
532,502,1.00
533,502,1.00
534,502,1.00
535,502,0.90
536,502,0.90
537,502,0.30
530,496,0.60
530,497,1.00
530,498,1.00
530,499,1.00
530,500,1.00
530,501,1.00
530,502,1.00
528,497,0.60
529,497,0.60
528,498,0.98
529,498,1.00
528,499,1.00
529,499,1.00
528,500,1.00
529,500,1.00
528,501,1.00
529,501,1.00
528,502,1.00
529,502,1.00
528,503,1.00
529,503,1.00
530,503,1.00
531,503,0.98
532,503,0.90
533,503,0.60
534,503,0.30
527,497,0.30
527,498,0.60
527,499,1.00
527,500,1.00
527,501,1.00
527,502,1.00
527,503,1.00
526,498,0.30
526,499,1.00
526,500,1.00
526,501,1.00
526,502,1.00
526,503,1.00
526,504,1.00
527,504,1.00
528,504,1.00
529,504,0.98
530,504,0.60
531,504,0.30
532,504,0.30
524,499,0.90
525,499,0.90
524,500,1.00
525,500,1.00
524,501,1.00
525,501,1.00
524,502,1.00
525,502,1.00
524,503,1.00
525,503,1.00
524,504,1.00
525,504,1.00
524,505,1.00
525,505,1.00
526,505,1.00
527,505,0.90
528,505,0.90
529,505,0.60
530,505,0.30
523,499,0.60
523,500,1.00
523,501,1.00
523,502,1.00
523,503,1.00
523,504,1.00
523,505,1.00
522,499,0.30
522,500,1.00
522,501,1.00
522,502,1.00
522,503,1.00
522,504,1.00
522,505,1.00
520,500,1.00
521,500,1.00
520,501,1.00
521,501,1.00
520,502,1.00
521,502,1.00
520,503,1.00
521,503,1.00
520,504,1.00
521,504,1.00
520,505,1.00
521,505,1.00
520,506,1.00
521,506,1.00
522,506,1.00
523,506,1.00
524,506,0.90
525,506,0.60
526,506,0.30
519,500,0.90
519,501,1.00
519,502,1.00
519,503,1.00
519,504,1.00
519,505,1.00
519,506,1.00
518,500,0.60
518,501,1.00
518,502,1.00
518,503,1.00
518,504,1.00
518,505,1.00
518,506,1.00
517,500,0.30
517,501,1.00
517,502,1.00
517,503,1.00
517,504,1.00
517,505,1.00
517,506,1.00
516,501,0.90
516,502,1.00
516,503,1.00
516,504,1.00
516,505,1.00
516,506,1.00
516,507,1.00
517,507,1.00
518,507,1.00
519,507,1.00
520,507,0.90
521,507,0.60
522,507,0.30
515,501,0.60
515,502,1.00
515,503,1.00
515,504,1.00
515,505,1.00
515,506,1.00
515,507,1.00
514,501,0.30
514,502,0.90
514,503,1.00
514,504,1.00
514,505,1.00
514,506,1.00
514,507,1.00
513,502,0.60
513,503,1.00
513,504,1.00
513,505,1.00
513,506,1.00
513,507,1.00
513,508,1.00
514,508,1.00
515,508,1.00
516,508,1.00
517,508,0.90
518,508,0.60
519,508,0.30
512,502,0.30
512,503,0.90
512,504,1.00
512,505,1.00
512,506,1.00
512,507,1.00
512,508,1.00
511,503,0.60
511,504,1.00
511,505,1.00
511,506,1.00
511,507,1.00
511,508,1.00
511,509,1.00
512,509,1.00
513,509,1.00
514,509,1.00
515,509,0.90
516,509,0.60
517,509,0.30
510,503,0.30
510,504,1.00
510,505,1.00
510,506,1.00
510,507,1.00
510,508,1.00
510,509,1.00
509,504,1.00
509,505,1.00
509,506,1.00
509,507,1.00
509,508,1.00
509,509,1.00
509,510,1.00
510,510,1.00
511,510,1.00
512,510,1.00
513,510,0.90
514,510,0.60
515,510,0.30
508,504,1.00
508,505,1.00
508,506,1.00
508,507,1.00
508,508,1.00
508,509,1.00
508,510,1.00
507,504,0.90
507,505,1.00
507,506,1.00
507,507,1.00
507,508,1.00
507,509,1.00
507,510,1.00
506,504,0.60
506,505,1.00
506,506,1.00
506,507,1.00
506,508,1.00
506,509,1.00
506,510,1.00
505,504,0.30
505,505,0.90
505,506,1.00
505,507,1.00
505,508,1.00
505,509,1.00
505,510,1.00
504,505,0.60
504,506,1.00
504,507,1.00
504,508,1.00
504,509,1.00
504,510,1.00
504,511,1.00
505,511,1.00
506,511,1.00
507,511,1.00
508,511,1.00
509,511,0.90
510,511,0.60
503,506,1.00
503,507,1.00
503,508,1.00
503,509,1.00
503,510,1.00
503,511,1.00
503,512,1.00
504,512,1.00
505,512,1.00
506,512,1.00
507,512,1.00
508,512,0.60
509,512,0.30
502,506,0.90
502,507,1.00
502,508,1.00
502,509,1.00
502,510,1.00
502,511,1.00
502,512,1.00
501,506,0.60
501,507,1.00
501,508,1.00
501,509,1.00
501,510,1.00
501,511,1.00
501,512,1.00
500,507,0.60
500,508,1.00
500,509,1.00
500,510,1.00
500,511,1.00
500,512,1.00
500,513,1.00
501,513,1.00
502,513,1.00
503,513,1.00
504,513,0.90
505,513,0.60
506,513,0.30
499,507,0.30
499,508,0.90
499,509,1.00
499,510,1.00
499,511,1.00
499,512,1.00
499,513,1.00
498,508,0.60
498,509,1.00
498,510,1.00
498,511,1.00
498,512,1.00
498,513,1.00
498,514,1.00
499,514,1.00
500,514,1.00
501,514,0.98
502,514,0.90
503,514,0.60
504,514,0.30
497,508,0.30
497,509,0.90
497,510,1.00
497,511,1.00
497,512,1.00
497,513,1.00
497,514,1.00
496,509,0.60
496,510,1.00
496,511,1.00
496,512,1.00
496,513,1.00
496,514,1.00
496,515,1.00
497,515,1.00
498,515,1.00
499,515,0.90
500,515,0.60
501,515,0.30
502,515,0.30
494,509,0.30
495,509,0.30
494,510,1.00
495,510,1.00
494,511,1.00
495,511,1.00
494,512,1.00
495,512,1.00
494,513,1.00
495,513,1.00
494,514,1.00
495,514,1.00
494,515,1.00
495,515,1.00
493,510,0.90
493,511,1.00
493,512,1.00
493,513,1.00
493,514,1.00
493,515,1.00
493,516,1.00
494,516,1.00
495,516,1.00
496,516,1.00
497,516,1.00
498,516,0.60
499,516,0.30
492,510,0.60
492,511,1.00
492,512,1.00
492,513,1.00
492,514,1.00
492,515,1.00
492,516,1.00
491,510,0.30
491,511,1.00
491,512,1.00
491,513,1.00
491,514,1.00
491,515,1.00
491,516,1.00
491,517,1.00
492,517,1.00
493,517,1.00
494,517,1.00
495,517,1.00
496,517,1.00
497,517,0.30
490,511,1.00
490,512,1.00
490,513,1.00
490,514,1.00
490,515,1.00
490,516,1.00
490,517,1.00
489,511,0.90
489,512,1.00
489,513,1.00
489,514,1.00
489,515,1.00
489,516,1.00
489,517,1.00
488,511,0.30
488,512,1.00
488,513,1.00
488,514,1.00
488,515,1.00
488,516,1.00
488,517,1.00
488,518,1.00
489,518,1.00
490,518,1.00
491,518,1.00
492,518,1.00
493,518,0.90
494,518,0.30
487,512,1.00
487,513,1.00
487,514,1.00
487,515,1.00
487,516,1.00
487,517,1.00
487,518,1.00
486,512,0.90
486,513,1.00
486,514,1.00
486,515,1.00
486,516,1.00
486,517,1.00
486,518,1.00
485,512,0.60
485,513,1.00
485,514,1.00
485,515,1.00
485,516,1.00
485,517,1.00
485,518,1.00
484,513,1.00
484,514,1.00
484,515,1.00
484,516,1.00
484,517,1.00
484,518,1.00
484,519,1.00
485,519,1.00
486,519,1.00
487,519,1.00
488,519,1.00
489,519,0.60
490,519,0.30
483,513,1.00
483,514,1.00
483,515,1.00
483,516,1.00
483,517,1.00
483,518,1.00
483,519,1.00
482,513,0.90
482,514,1.00
482,515,1.00
482,516,1.00
482,517,1.00
482,518,1.00
482,519,1.00
481,513,0.30
481,514,1.00
481,515,1.00
481,516,1.00
481,517,1.00
481,518,1.00
481,519,1.00
480,514,1.00
480,515,1.00
480,516,1.00
480,517,1.00
480,518,1.00
480,519,1.00
480,520,1.00
481,520,1.00
482,520,1.00
483,520,1.00
484,520,1.00
485,520,0.90
486,520,0.60
479,514,1.00
479,515,1.00
479,516,1.00
479,517,1.00
479,518,1.00
479,519,1.00
479,520,1.00
478,514,0.90
478,515,1.00
478,516,1.00
478,517,1.00
478,518,1.00
478,519,1.00
478,520,1.00
477,514,0.30
477,515,1.00
477,516,1.00
477,517,1.00
477,518,1.00
477,519,1.00
477,520,1.00
476,515,1.00
476,516,1.00
476,517,1.00
476,518,1.00
476,519,1.00
476,520,1.00
476,521,1.00
477,521,1.00
478,521,1.00
479,521,1.00
480,521,1.00
481,521,0.90
482,521,0.60
475,515,0.60
475,516,1.00
475,517,1.00
475,518,1.00
475,519,1.00
475,520,1.00
475,521,1.00
474,515,0.30
474,516,1.00
474,517,1.00
474,518,1.00
474,519,1.00
474,520,1.00
474,521,1.00
474,522,1.00
475,522,1.00
476,522,1.00
477,522,1.00
478,522,0.90
479,522,0.60
480,522,0.30
473,516,0.90
473,517,1.00
473,518,1.00
473,519,1.00
473,520,1.00
473,521,1.00
473,522,1.00
472,516,0.60
472,517,1.00
472,518,1.00
472,519,1.00
472,520,1.00
472,521,1.00
472,522,1.00
471,516,0.30
471,517,1.00
471,518,1.00
471,519,1.00
471,520,1.00
471,521,1.00
471,522,1.00
470,517,1.00
470,518,1.00
470,519,1.00
470,520,1.00
470,521,1.00
470,522,1.00
470,523,1.00
471,523,1.00
472,523,1.00
473,523,1.00
474,523,0.90
475,523,0.60
476,523,0.30
469,517,1.00
469,518,1.00
469,519,1.00
469,520,1.00
469,521,1.00
469,522,1.00
469,523,1.00
468,517,0.90
468,518,1.00
468,519,1.00
468,520,1.00
468,521,1.00
468,522,1.00
468,523,1.00
467,517,0.60
467,518,1.00
467,519,1.00
467,520,1.00
467,521,1.00
467,522,1.00
467,523,1.00
466,517,0.30
466,518,1.00
466,519,1.00
466,520,1.00
466,521,1.00
466,522,1.00
466,523,1.00
465,518,1.00
465,519,1.00
465,520,1.00
465,521,1.00
465,522,1.00
465,523,1.00
465,524,1.00
466,524,1.00
467,524,1.00
468,524,1.00
469,524,1.00
470,524,0.90
471,524,0.60
464,518,0.60
464,519,1.00
464,520,1.00
464,521,1.00
464,522,1.00
464,523,1.00
464,524,1.00
463,518,0.30
463,519,1.00
463,520,1.00
463,521,1.00
463,522,1.00
463,523,1.00
463,524,1.00
462,519,1.00
462,520,1.00
462,521,1.00
462,522,1.00
462,523,1.00
462,524,1.00
462,525,1.00
463,525,1.00
464,525,1.00
465,525,1.00
466,525,1.00
467,525,0.90
468,525,0.30
461,519,0.90
461,520,1.00
461,521,1.00
461,522,1.00
461,523,1.00
461,524,1.00
461,525,1.00
460,519,0.30
460,520,1.00
460,521,1.00
460,522,1.00
460,523,1.00
460,524,1.00
460,525,1.00
459,520,0.90
459,521,1.00
459,522,1.00
459,523,1.00
459,524,1.00
459,525,1.00
459,526,1.00
460,526,1.00
461,526,1.00
462,526,1.00
463,526,0.90
464,526,0.60
465,526,0.30
458,520,0.60
458,521,1.00
458,522,1.00
458,523,1.00
458,524,1.00
458,525,1.00
458,526,1.00
457,520,0.30
457,521,1.00
457,522,1.00
457,523,1.00
457,524,1.00
457,525,1.00
457,526,1.00
456,521,1.00
456,522,1.00
456,523,1.00
456,524,1.00
456,525,1.00
456,526,1.00
456,527,1.00
457,527,1.00
458,527,1.00
459,527,1.00
460,527,1.00
461,527,0.90
462,527,0.60
455,521,0.60
455,522,1.00
455,523,1.00
455,524,1.00
455,525,1.00
455,526,1.00
455,527,1.00
454,521,0.30
454,522,1.00
454,523,1.00
454,524,1.00
454,525,1.00
454,526,1.00
454,527,1.00
453,522,0.90
453,523,1.00
453,524,1.00
453,525,1.00
453,526,1.00
453,527,1.00
453,528,1.00
454,528,1.00
455,528,1.00
456,528,1.00
457,528,0.90
458,528,0.60
459,528,0.30
452,522,0.60
452,523,1.00
452,524,1.00
452,525,1.00
452,526,1.00
452,527,1.00
452,528,1.00
451,522,0.30
451,523,1.00
451,524,1.00
451,525,1.00
451,526,1.00
451,527,1.00
451,528,1.00
450,523,0.90
450,524,1.00
450,525,1.00
450,526,1.00
450,527,1.00
450,528,1.00
450,529,1.00
451,529,1.00
452,529,1.00
453,529,1.00
454,529,1.00
455,529,0.90
456,529,0.60
449,523,0.30
449,524,0.90
449,525,1.00
449,526,1.00
449,527,1.00
449,528,1.00
449,529,1.00
448,524,0.60
448,525,0.98
448,526,1.00
448,527,1.00
448,528,1.00
448,529,1.00
448,530,1.00
449,530,1.00
450,530,1.00
451,530,0.90
452,530,0.60
453,530,0.60
454,530,0.30
447,524,0.30
447,525,0.60
447,526,1.00
447,527,1.00
447,528,1.00
447,529,1.00
447,530,1.00
445,525,0.30
446,525,0.30
445,526,0.90
446,526,0.98
445,527,1.00
446,527,1.00
445,528,1.00
446,528,1.00
445,529,1.00
446,529,1.00
445,530,1.00
446,530,1.00
445,531,1.00
446,531,1.00
447,531,1.00
448,531,1.00
449,531,0.68
450,531,0.60
451,531,0.30
444,526,0.60
444,527,1.00
444,528,1.00
444,529,1.00
444,530,1.00
444,531,1.00
444,532,1.00
445,532,1.00
446,532,0.98
447,532,0.90
448,532,0.60
449,532,0.30
450,532,0.30
442,526,0.30
443,526,0.30
442,527,0.60
443,527,0.68
442,528,0.98
443,528,1.00
442,529,1.00
443,529,1.00
442,530,1.00
443,530,1.00
442,531,1.00
443,531,1.00
442,532,1.00
443,532,1.00
441,527,0.30
441,528,0.60
441,529,1.00
441,530,1.00
441,531,1.00
441,532,1.00
441,533,1.00
442,533,1.00
443,533,0.96
444,533,0.68
445,533,0.60
446,533,0.30
447,533,0.30
439,528,0.30
440,528,0.30
439,529,0.60
440,529,0.68
439,530,1.00
440,530,1.00
439,531,1.00
440,531,1.00
439,532,1.00
440,532,1.00
439,533,1.00
440,533,1.00
439,534,1.00
440,534,1.00
441,534,0.68
442,534,0.60
443,534,0.30
444,534,0.30
445,534,0.30
436,529,0.30
437,529,0.30
438,529,0.30
436,530,0.60
437,530,0.68
438,530,0.96
436,531,1.00
437,531,1.00
438,531,1.00
436,532,1.00
437,532,1.00
438,532,1.00
436,533,1.00
437,533,1.00
438,533,1.00
436,534,1.00
437,534,1.00
438,534,1.00
436,535,1.00
437,535,1.00
438,535,1.00
439,535,0.68
440,535,0.60
441,535,0.30
442,535,0.30
434,530,0.30
435,530,0.30
434,531,0.60
435,531,0.68
434,532,1.00
435,532,1.00
434,533,1.00
435,533,1.00
434,534,1.00
435,534,1.00
434,535,1.00
435,535,1.00
434,536,1.00
435,536,1.00
436,536,1.00
437,536,0.98
438,536,0.60
439,536,0.30
440,536,0.30
432,531,0.30
433,531,0.30
432,532,0.90
433,532,0.98
432,533,1.00
433,533,1.00
432,534,1.00
433,534,1.00
432,535,1.00
433,535,1.00
432,536,1.00
433,536,1.00
432,537,1.00
433,537,1.00
434,537,1.00
435,537,1.00
436,537,0.68
437,537,0.60
438,537,0.30
431,532,0.60
431,533,1.00
431,534,1.00
431,535,1.00
431,536,1.00
431,537,1.00
431,538,1.00
432,538,1.00
433,538,0.90
434,538,0.60
435,538,0.60
436,538,0.30
437,538,0.30
429,532,0.30
430,532,0.30
429,533,0.60
430,533,0.68
429,534,1.00
430,534,1.00
429,535,1.00
430,535,1.00
429,536,1.00
430,536,1.00
429,537,1.00
430,537,1.00
429,538,1.00
430,538,1.00
427,533,0.30
428,533,0.30
427,534,0.90
428,534,0.98
427,535,1.00
428,535,1.00
427,536,1.00
428,536,1.00
427,537,1.00
428,537,1.00
427,538,1.00
428,538,1.00
427,539,1.00
428,539,1.00
429,539,1.00
430,539,1.00
431,539,0.68
432,539,0.60
433,539,0.30
426,534,0.60
426,535,1.00
426,536,1.00
426,537,1.00
426,538,1.00
426,539,1.00
426,540,1.00
427,540,1.00
428,540,1.00
429,540,1.00
430,540,0.90
431,540,0.30
432,540,0.30
424,534,0.30
425,534,0.30
424,535,1.00
425,535,1.00
424,536,1.00
425,536,1.00
424,537,1.00
425,537,1.00
424,538,1.00
425,538,1.00
424,539,1.00
425,539,1.00
424,540,1.00
425,540,1.00
424,541,1.00
425,541,1.00
426,541,1.00
427,541,1.00
428,541,1.00
429,541,0.90
430,541,0.30
423,535,1.00
423,536,1.00
423,537,1.00
423,538,1.00
423,539,1.00
423,540,1.00
423,541,1.00
422,535,1.00
422,536,1.00
422,537,1.00
422,538,1.00
422,539,1.00
422,540,1.00
422,541,1.00
421,535,0.90
421,536,1.00
421,537,1.00
421,538,1.00
421,539,1.00
421,540,1.00
421,541,1.00
420,535,0.30
420,536,1.00
420,537,1.00
420,538,1.00
420,539,1.00
420,540,1.00
420,541,1.00
418,536,1.00
419,536,1.00
418,537,1.00
419,537,1.00
418,538,1.00
419,538,1.00
418,539,1.00
419,539,1.00
418,540,1.00
419,540,1.00
418,541,1.00
419,541,1.00
418,542,1.00
419,542,1.00
420,542,1.00
421,542,0.90
422,542,0.90
423,542,0.60
424,542,0.30
417,536,1.00
417,537,1.00
417,538,1.00
417,539,1.00
417,540,1.00
417,541,1.00
417,542,1.00
416,536,0.90
416,537,1.00
416,538,1.00
416,539,1.00
416,540,1.00
416,541,1.00
416,542,1.00
414,536,0.60
415,536,0.60
414,537,1.00
415,537,1.00
414,538,1.00
415,538,1.00
414,539,1.00
415,539,1.00
414,540,1.00
415,540,1.00
414,541,1.00
415,541,1.00
414,542,1.00
415,542,1.00
412,536,0.30
413,536,0.30
412,537,1.00
413,537,1.00
412,538,1.00
413,538,1.00
412,539,1.00
413,539,1.00
412,540,1.00
413,540,1.00
412,541,1.00
413,541,1.00
412,542,1.00
413,542,1.00
411,537,0.90
411,538,1.00
411,539,1.00
411,540,1.00
411,541,1.00
411,542,1.00
411,543,1.00
412,543,1.00
413,543,0.90
414,543,0.90
415,543,0.60
416,543,0.30
417,543,0.30
409,537,0.60
410,537,0.60
409,538,1.00
410,538,1.00
409,539,1.00
410,539,1.00
409,540,1.00
410,540,1.00
409,541,1.00
410,541,1.00
409,542,1.00
410,542,1.00
409,543,1.00
410,543,1.00
408,537,0.30
408,538,1.00
408,539,1.00
408,540,1.00
408,541,1.00
408,542,1.00
408,543,1.00
406,538,0.90
407,538,0.90
406,539,1.00
407,539,1.00
406,540,1.00
407,540,1.00
406,541,1.00
407,541,1.00
406,542,1.00
407,542,1.00
406,543,1.00
407,543,1.00
406,544,1.00
407,544,1.00
408,544,1.00
409,544,0.90
410,544,0.60
411,544,0.60
412,544,0.30
405,538,0.60
405,539,1.00
405,540,1.00
405,541,1.00
405,542,1.00
405,543,1.00
405,544,1.00
403,538,0.30
404,538,0.30
403,539,0.90
404,539,0.98
403,540,1.00
404,540,1.00
403,541,1.00
404,541,1.00
403,542,1.00
404,542,1.00
403,543,1.00
404,543,1.00
403,544,1.00
404,544,1.00
402,539,0.60
402,540,1.00
402,541,1.00
402,542,1.00
402,543,1.00
402,544,1.00
402,545,1.00
403,545,0.98
404,545,0.90
405,545,0.60
406,545,0.60
407,545,0.30
408,545,0.30
400,539,0.30
401,539,0.30
400,540,0.90
401,540,0.98
400,541,1.00
401,541,1.00
400,542,1.00
401,542,1.00
400,543,1.00
401,543,1.00
400,544,1.00
401,544,1.00
400,545,1.00
401,545,1.00
398,540,0.60
399,540,0.60
398,541,1.00
399,541,1.00
398,542,1.00
399,542,1.00
398,543,1.00
399,543,1.00
398,544,1.00
399,544,1.00
398,545,1.00
399,545,1.00
398,546,1.00
399,546,1.00
400,546,0.98
401,546,0.90
402,546,0.60
403,546,0.30
404,546,0.30
396,540,0.30
397,540,0.30
396,541,0.90
397,541,0.98
396,542,1.00
397,542,1.00
396,543,1.00
397,543,1.00
396,544,1.00
397,544,1.00
396,545,1.00
397,545,1.00
396,546,1.00
397,546,1.00
395,541,0.60
395,542,1.00
395,543,1.00
395,544,1.00
395,545,1.00
395,546,1.00
395,547,1.00
396,547,0.98
397,547,0.90
398,547,0.60
399,547,0.60
400,547,0.30
401,547,0.30
393,541,0.30
394,541,0.30
393,542,0.60
394,542,0.68
393,543,1.00
394,543,1.00
393,544,1.00
394,544,1.00
393,545,1.00
394,545,1.00
393,546,1.00
394,546,1.00
393,547,1.00
394,547,1.00
391,542,0.30
392,542,0.30
391,543,0.90
392,543,0.98
391,544,1.00
392,544,1.00
391,545,1.00
392,545,1.00
391,546,1.00
392,546,1.00
391,547,1.00
392,547,1.00
391,548,1.00
392,548,1.00
393,548,1.00
394,548,0.68
395,548,0.60
396,548,0.30
397,548,0.30
389,543,0.60
390,543,0.60
389,544,1.00
390,544,1.00
389,545,1.00
390,545,1.00
389,546,1.00
390,546,1.00
389,547,1.00
390,547,1.00
389,548,1.00
390,548,1.00
389,549,1.00
390,549,1.00
391,549,0.90
392,549,0.60
393,549,0.60
394,549,0.30
395,549,0.30
387,543,0.30
388,543,0.30
387,544,0.60
388,544,0.68
387,545,1.00
388,545,1.00
387,546,1.00
388,546,1.00
387,547,1.00
388,547,1.00
387,548,1.00
388,548,1.00
387,549,1.00
388,549,1.00
385,544,0.30
386,544,0.30
385,545,0.90
386,545,0.98
385,546,1.00
386,546,1.00
385,547,1.00
386,547,1.00
385,548,1.00
386,548,1.00
385,549,1.00
386,549,1.00
385,550,1.00
386,550,1.00
387,550,1.00
388,550,1.00
389,550,0.68
390,550,0.60
391,550,0.30
384,545,0.60
384,546,1.00
384,547,1.00
384,548,1.00
384,549,1.00
384,550,1.00
384,551,1.00
385,551,1.00
386,551,1.00
387,551,0.90
388,551,0.60
389,551,0.30
390,551,0.30
382,545,0.30
383,545,0.30
382,546,1.00
383,546,1.00
382,547,1.00
383,547,1.00
382,548,1.00
383,548,1.00
382,549,1.00
383,549,1.00
382,550,1.00
383,550,1.00
382,551,1.00
383,551,1.00
381,546,0.90
381,547,1.00
381,548,1.00
381,549,1.00
381,550,1.00
381,551,1.00
381,552,1.00
382,552,1.00
383,552,1.00
384,552,0.90
385,552,0.60
386,552,0.60
387,552,0.30
380,546,0.60
380,547,1.00
380,548,1.00
380,549,1.00
380,550,1.00
380,551,1.00
380,552,1.00
378,546,0.30
379,546,0.30
378,547,0.90
379,547,0.98
378,548,1.00
379,548,1.00
378,549,1.00
379,549,1.00
378,550,1.00
379,550,1.00
378,551,1.00
379,551,1.00
378,552,1.00
379,552,1.00
377,547,0.60
377,548,1.00
377,549,1.00
377,550,1.00
377,551,1.00
377,552,1.00
377,553,1.00
378,553,1.00
379,553,1.00
380,553,1.00
381,553,0.90
382,553,0.60
383,553,0.30
376,547,0.30
376,548,1.00
376,549,1.00
376,550,1.00
376,551,1.00
376,552,1.00
376,553,1.00
375,548,0.90
375,549,1.00
375,550,1.00
375,551,1.00
375,552,1.00
375,553,1.00
375,554,1.00
376,554,1.00
377,554,1.00
378,554,1.00
379,554,0.90
380,554,0.60
381,554,0.30
374,548,0.60
374,549,1.00
374,550,1.00
374,551,1.00
374,552,1.00
374,553,1.00
374,554,1.00
373,548,0.30
373,549,0.90
373,550,1.00
373,551,1.00
373,552,1.00
373,553,1.00
373,554,1.00
372,549,0.60
372,550,1.00
372,551,1.00
372,552,1.00
372,553,1.00
372,554,1.00
372,555,1.00
373,555,1.00
374,555,1.00
375,555,1.00
376,555,0.90
377,555,0.60
378,555,0.30
371,549,0.30
371,550,1.00
371,551,1.00
371,552,1.00
371,553,1.00
371,554,1.00
371,555,1.00
370,550,0.90
370,551,1.00
370,552,1.00
370,553,1.00
370,554,1.00
370,555,1.00
370,556,1.00
371,556,1.00
372,556,1.00
373,556,1.00
374,556,0.90
375,556,0.60
376,556,0.30
369,550,0.60
369,551,1.00
369,552,1.00
369,553,1.00
369,554,1.00
369,555,1.00
369,556,1.00
368,550,0.30
368,551,1.00
368,552,1.00
368,553,1.00
368,554,1.00
368,555,1.00
368,556,1.00
367,551,1.00
367,552,1.00
367,553,1.00
367,554,1.00
367,555,1.00
367,556,1.00
367,557,1.00
368,557,1.00
369,557,1.00
370,557,1.00
371,557,1.00
372,557,1.00
373,557,0.60
366,551,0.60
366,552,1.00
366,553,1.00
366,554,1.00
366,555,1.00
366,556,1.00
366,557,1.00
365,552,0.60
365,553,1.00
365,554,1.00
365,555,1.00
365,556,1.00
365,557,1.00
365,558,1.00
366,558,1.00
367,558,1.00
368,558,0.98
369,558,0.90
370,558,0.60
371,558,0.30
364,552,0.30
364,553,0.90
364,554,1.00
364,555,1.00
364,556,1.00
364,557,1.00
364,558,1.00
363,553,0.60
363,554,1.00
363,555,1.00
363,556,1.00
363,557,1.00
363,558,1.00
363,559,1.00
364,559,1.00
365,559,0.98
366,559,0.90
367,559,0.60
368,559,0.30
369,559,0.30
361,553,0.30
362,553,0.30
361,554,0.60
362,554,0.68
361,555,1.00
362,555,1.00
361,556,1.00
362,556,1.00
361,557,1.00
362,557,1.00
361,558,1.00
362,558,1.00
361,559,1.00
362,559,1.00
360,554,0.30
360,555,0.90
360,556,1.00
360,557,1.00
360,558,1.00
360,559,1.00
360,560,1.00
361,560,1.00
362,560,0.96
363,560,0.68
364,560,0.60
365,560,0.30
366,560,0.30
358,555,0.60
359,555,0.60
358,556,1.00
359,556,1.00
358,557,1.00
359,557,1.00
358,558,1.00
359,558,1.00
358,559,1.00
359,559,1.00
358,560,1.00
359,560,1.00
358,561,0.98
359,561,0.90
360,561,0.60
361,561,0.60
362,561,0.30
363,561,0.30
364,561,0.30
355,555,0.30
356,555,0.30
357,555,0.30
355,556,0.60
356,556,0.68
357,556,0.96
355,557,1.00
356,557,1.00
357,557,1.00
355,558,1.00
356,558,1.00
357,558,1.00
355,559,1.00
356,559,1.00
357,559,1.00
355,560,1.00
356,560,1.00
357,560,1.00
355,561,1.00
356,561,1.00
357,561,0.96
353,556,0.30
354,556,0.30
353,557,0.60
354,557,0.68
353,558,1.00
354,558,1.00
353,559,1.00
354,559,1.00
353,560,1.00
354,560,1.00
353,561,1.00
354,561,1.00
353,562,1.00
354,562,0.96
355,562,0.68
356,562,0.60
357,562,0.30
358,562,0.30
359,562,0.30
350,557,0.30
351,557,0.30
352,557,0.30
350,558,0.60
351,558,0.68
352,558,0.96
350,559,1.00
351,559,1.00
352,559,1.00
350,560,1.00
351,560,1.00
352,560,1.00
350,561,1.00
351,561,1.00
352,561,1.00
350,562,1.00
351,562,1.00
352,562,1.00
350,563,1.00
351,563,0.96
352,563,0.68
353,563,0.60
354,563,0.30
355,563,0.30
356,563,0.30
347,558,0.30
348,558,0.30
349,558,0.30
347,559,0.60
348,559,0.68
349,559,0.96
347,560,1.00
348,560,1.00
349,560,1.00
347,561,1.00
348,561,1.00
349,561,1.00
347,562,1.00
348,562,1.00
349,562,1.00
347,563,1.00
348,563,1.00
349,563,1.00
347,564,1.00
348,564,0.96
349,564,0.68
350,564,0.60
351,564,0.30
352,564,0.30
353,564,0.30
344,559,0.30
345,559,0.30
346,559,0.30
344,560,0.60
345,560,0.68
346,560,0.96
344,561,1.00
345,561,1.00
346,561,1.00
344,562,1.00
345,562,1.00
346,562,1.00
344,563,1.00
345,563,1.00
346,563,1.00
344,564,1.00
345,564,1.00
346,564,1.00
344,565,1.00
345,565,0.96
346,565,0.68
347,565,0.60
348,565,0.30
349,565,0.30
350,565,0.30
341,560,0.30
342,560,0.30
343,560,0.30
341,561,0.30
342,561,0.38
343,561,0.66
341,562,0.60
342,562,0.96
343,562,1.00
341,563,1.00
342,563,1.00
343,563,1.00
341,564,1.00
342,564,1.00
343,564,1.00
341,565,1.00
342,565,1.00
343,565,1.00
341,566,1.00
342,566,1.00
343,566,0.96
344,566,0.60
345,566,0.30
346,566,0.30
347,566,0.30
338,562,0.30
339,562,0.30
340,562,0.30
338,563,0.60
339,563,0.68
340,563,0.96
338,564,1.00
339,564,1.00
340,564,1.00
338,565,1.00
339,565,1.00
340,565,1.00
338,566,1.00
339,566,1.00
340,566,1.00
338,567,1.00
339,567,1.00
340,567,1.00
341,567,1.00
342,567,0.66
343,567,0.38
344,567,0.30
338,568,1.00
339,568,0.96
340,568,0.68
341,568,0.60
342,568,0.30
343,568,0.30
344,568,0.30
335,563,0.30
336,563,0.30
337,563,0.30
335,564,0.60
336,564,0.68
337,564,0.96
335,565,1.00
336,565,1.00
337,565,1.00
335,566,1.00
336,566,1.00
337,566,1.00
335,567,1.00
336,567,1.00
337,567,1.00
335,568,1.00
336,568,1.00
337,568,1.00
335,569,1.00
336,569,0.96
337,569,0.68
338,569,0.60
339,569,0.30
340,569,0.30
341,569,0.30
332,564,0.30
333,564,0.30
334,564,0.30
332,565,0.60
333,565,0.68
334,565,0.96
332,566,1.00
333,566,1.00
334,566,1.00
332,567,1.00
333,567,1.00
334,567,1.00
332,568,1.00
333,568,1.00
334,568,1.00
332,569,1.00
333,569,1.00
334,569,1.00
332,570,1.00
333,570,0.96
334,570,0.68
335,570,0.60
336,570,0.30
337,570,0.30
338,570,0.30
329,565,0.30
330,565,0.30
331,565,0.30
329,566,0.60
330,566,0.68
331,566,0.96
329,567,0.96
330,567,1.00
331,567,1.00
329,568,1.00
330,568,1.00
331,568,1.00
329,569,1.00
330,569,1.00
331,569,1.00
329,570,1.00
330,570,1.00
331,570,0.96
329,571,0.96
330,571,0.68
331,571,0.60
332,571,0.30
333,571,0.30
334,571,0.30
335,571,0.30
325,566,0.30
326,566,0.30
327,566,0.30
328,566,0.30
325,567,0.60
326,567,0.68
327,567,0.96
328,567,1.00
325,568,1.00
326,568,1.00
327,568,1.00
328,568,1.00
325,569,1.00
326,569,1.00
327,569,1.00
328,569,1.00
325,570,1.00
326,570,1.00
327,570,1.00
328,570,1.00
325,571,1.00
326,571,1.00
327,571,1.00
328,571,1.00
325,572,1.00
326,572,0.96
327,572,0.68
328,572,0.60
329,572,0.30
330,572,0.30
331,572,0.30
322,567,0.30
323,567,0.30
324,567,0.30
322,568,0.90
323,568,0.98
324,568,0.96
322,569,1.00
323,569,1.00
324,569,1.00
322,570,1.00
323,570,1.00
324,570,1.00
322,571,1.00
323,571,1.00
324,571,1.00
322,572,1.00
323,572,1.00
324,572,1.00
322,573,1.00
323,573,1.00
324,573,0.68
325,573,0.60
326,573,0.30
327,573,0.30
328,573,0.30
319,568,0.60
320,568,0.60
321,568,0.60
319,569,1.00
320,569,1.00
321,569,1.00
319,570,1.00
320,570,1.00
321,570,1.00
319,571,1.00
320,571,1.00
321,571,1.00
319,572,1.00
320,572,1.00
321,572,1.00
319,573,1.00
320,573,1.00
321,573,1.00
319,574,1.00
320,574,0.98
321,574,0.90
322,574,0.60
323,574,0.60
324,574,0.30
325,574,0.30
317,568,0.30
318,568,0.30
317,569,0.60
318,569,0.68
317,570,1.00
318,570,1.00
317,571,1.00
318,571,1.00
317,572,1.00
318,572,1.00
317,573,1.00
318,573,1.00
317,574,1.00
318,574,1.00
315,569,0.30
316,569,0.30
315,570,0.90
316,570,0.98
315,571,1.00
316,571,1.00
315,572,1.00
316,572,1.00
315,573,1.00
316,573,1.00
315,574,1.00
316,574,1.00
315,575,1.00
316,575,1.00
317,575,1.00
318,575,0.98
319,575,0.60
320,575,0.30
321,575,0.30
313,570,0.60
314,570,0.60
313,571,1.00
314,571,1.00
313,572,1.00
314,572,1.00
313,573,1.00
314,573,1.00
313,574,1.00
314,574,1.00
313,575,1.00
314,575,1.00
313,576,1.00
314,576,1.00
315,576,1.00
316,576,0.98
317,576,0.90
318,576,0.60
319,576,0.30
312,570,0.30
312,571,1.00
312,572,1.00
312,573,1.00
312,574,1.00
312,575,1.00
312,576,1.00
311,571,0.90
311,572,1.00
311,573,1.00
311,574,1.00
311,575,1.00
311,576,1.00
311,577,1.00
312,577,1.00
313,577,1.00
314,577,0.90
315,577,0.60
316,577,0.30
317,577,0.30
309,571,0.60
310,571,0.60
309,572,1.00
310,572,1.00
309,573,1.00
310,573,1.00
309,574,1.00
310,574,1.00
309,575,1.00
310,575,1.00
309,576,1.00
310,576,1.00
309,577,1.00
310,577,1.00
308,571,0.30
308,572,1.00
308,573,1.00
308,574,1.00
308,575,1.00
308,576,1.00
308,577,1.00
307,572,1.00
307,573,1.00
307,574,1.00
307,575,1.00
307,576,1.00
307,577,1.00
307,578,1.00
308,578,1.00
309,578,1.00
310,578,1.00
311,578,0.90
312,578,0.60
313,578,0.30
306,572,0.90
306,573,1.00
306,574,1.00
306,575,1.00
306,576,1.00
306,577,1.00
306,578,1.00
305,572,0.60
305,573,1.00
305,574,1.00
305,575,1.00
305,576,1.00
305,577,1.00
305,578,1.00
304,572,0.30
304,573,1.00
304,574,1.00
304,575,1.00
304,576,1.00
304,577,1.00
304,578,1.00
304,579,1.00
305,579,1.00
306,579,1.00
307,579,1.00
308,579,1.00
309,579,0.90
310,579,0.30
303,573,1.00
303,574,1.00
303,575,1.00
303,576,1.00
303,577,1.00
303,578,1.00
303,579,1.00
302,573,0.90
302,574,1.00
302,575,1.00
302,576,1.00
302,577,1.00
302,578,1.00
302,579,1.00
301,573,0.30
301,574,1.00
301,575,1.00
301,576,1.00
301,577,1.00
301,578,1.00
301,579,1.00
300,574,0.90
300,575,1.00
300,576,1.00
300,577,1.00
300,578,1.00
300,579,1.00
300,580,1.00
301,580,1.00
302,580,1.00
303,580,1.00
304,580,1.00
305,580,1.00
306,580,0.60
299,574,0.30
299,575,1.00
299,576,1.00
299,577,1.00
299,578,1.00
299,579,1.00
299,580,1.00
299,581,1.00
300,581,1.00
301,581,1.00
302,581,1.00
303,581,1.00
304,581,0.90
305,581,0.30
298,575,1.00
298,576,1.00
298,577,1.00
298,578,1.00
298,579,1.00
298,580,1.00
298,581,1.00
297,575,0.90
297,576,1.00
297,577,1.00
297,578,1.00
297,579,1.00
297,580,1.00
297,581,1.00
297,582,1.00
298,582,1.00
299,582,1.00
300,582,1.00
301,582,0.90
302,582,0.60
303,582,0.30
296,576,0.30
296,577,0.90
296,578,1.00
296,579,1.00
296,580,1.00
296,581,1.00
296,582,1.00
295,577,0.60
295,578,1.00
295,579,1.00
295,580,1.00
295,581,1.00
295,582,1.00
295,583,1.00
296,583,1.00
297,583,1.00
298,583,0.90
299,583,0.60
300,583,0.60
301,583,0.30
294,577,0.30
294,578,1.00
294,579,1.00
294,580,1.00
294,581,1.00
294,582,1.00
294,583,1.00
292,578,1.00
293,578,1.00
292,579,1.00
293,579,1.00
292,580,1.00
293,580,1.00
292,581,1.00
293,581,1.00
292,582,1.00
293,582,1.00
292,583,1.00
293,583,1.00
292,584,1.00
293,584,1.00
294,584,1.00
295,584,1.00
296,584,1.00
297,584,0.60
298,584,0.30
291,578,0.90
291,579,1.00
291,580,1.00
291,581,1.00
291,582,1.00
291,583,1.00
291,584,1.00
290,578,0.60
290,579,1.00
290,580,1.00
290,581,1.00
290,582,1.00
290,583,1.00
290,584,1.00
290,585,1.00
291,585,1.00
292,585,1.00
293,585,1.00
294,585,1.00
295,585,1.00
296,585,0.60
289,579,0.90
289,580,1.00
289,581,1.00
289,582,1.00
289,583,1.00
289,584,1.00
289,585,1.00
288,579,0.30
288,580,1.00
288,581,1.00
288,582,1.00
288,583,1.00
288,584,1.00
288,585,1.00
288,586,1.00
289,586,1.00
290,586,1.00
291,586,1.00
292,586,1.00
293,586,1.00
294,586,0.30
287,580,1.00
287,581,1.00
287,582,1.00
287,583,1.00
287,584,1.00
287,585,1.00
287,586,1.00
286,581,1.00
286,582,1.00
286,583,1.00
286,584,1.00
286,585,1.00
286,586,1.00
286,587,1.00
287,587,1.00
288,587,1.00
289,587,1.00
290,587,1.00
291,587,0.60
292,587,0.30
285,581,1.00
285,582,1.00
285,583,1.00
285,584,1.00
285,585,1.00
285,586,1.00
285,587,1.00
284,581,0.90
284,582,0.98
284,583,1.00
284,584,1.00
284,585,1.00
284,586,0.98
284,587,0.90
283,581,0.30
283,582,0.30
283,583,0.30
283,584,0.30
283,585,0.30
283,586,0.30
283,587,0.30

274,500,0.30
275,500,0.30
276,500,0.30
277,500,0.30
278,500,0.30
279,500,0.30
280,500,0.30
274,501,0.90
275,501,0.98
276,501,1.00
277,501,1.00
278,501,1.00
279,501,0.98
280,501,0.90
274,502,0.90
275,502,1.00
276,502,1.00
277,502,1.00
278,502,1.00
279,502,1.00
280,502,0.90
274,503,1.00
275,503,1.00
276,503,1.00
277,503,1.00
278,503,1.00
279,503,1.00
280,503,1.00
274,504,1.00
275,504,1.00
276,504,1.00
277,504,1.00
278,504,1.00
279,504,1.00
280,504,1.00
274,505,1.00
275,505,1.00
276,505,1.00
277,505,1.00
278,505,1.00
279,505,1.00
280,505,1.00
274,506,1.00
275,506,1.00
276,506,1.00
277,506,1.00
278,506,1.00
279,506,1.00
280,506,1.00
274,507,1.00
275,507,1.00
276,507,1.00
277,507,1.00
278,507,1.00
279,507,1.00
280,507,1.00
274,508,0.60
275,508,1.00
276,508,1.00
277,508,1.00
278,508,1.00
279,508,1.00
280,508,0.98
274,509,0.60
275,509,1.00
276,509,1.00
277,509,1.00
278,509,1.00
279,509,1.00
280,509,1.00
274,510,0.30
275,510,0.68
276,510,1.00
277,510,1.00
278,510,1.00
279,510,1.00
280,510,1.00
274,511,0.30
275,511,0.60
276,511,1.00
277,511,1.00
278,511,1.00
279,511,1.00
280,511,1.00
281,507,0.30
281,508,0.30
281,509,0.30
281,510,0.60
281,511,0.68
275,512,0.30
276,512,0.98
277,512,1.00
278,512,1.00
279,512,1.00
280,512,1.00
281,512,1.00
275,513,0.30
276,513,0.90
277,513,1.00
278,513,1.00
279,513,1.00
280,513,1.00
281,513,1.00
282,510,0.30
282,511,0.30
282,512,0.60
282,513,0.60
276,514,0.60
277,514,1.00
278,514,1.00
279,514,1.00
280,514,1.00
281,514,1.00
282,514,0.60
276,515,0.60
277,515,1.00
278,515,1.00
279,515,1.00
280,515,1.00
281,515,1.00
282,515,0.90
276,516,0.60
277,516,1.00
278,516,1.00
279,516,1.00
280,516,1.00
281,516,1.00
282,516,0.98
276,517,0.30
277,517,0.68
278,517,1.00
279,517,1.00
280,517,1.00
281,517,1.00
282,517,1.00
276,518,0.30
277,518,0.60
278,518,1.00
279,518,1.00
280,518,1.00
281,518,1.00
282,518,1.00
283,515,0.30
283,516,0.30
283,517,0.60
283,518,0.68
277,519,0.30
278,519,1.00
279,519,1.00
280,519,1.00
281,519,1.00
282,519,1.00
283,519,1.00
277,520,0.30
278,520,0.98
279,520,1.00
280,520,1.00
281,520,1.00
282,520,1.00
283,520,1.00
277,521,0.30
278,521,0.90
279,521,1.00
280,521,1.00
281,521,1.00
282,521,1.00
283,521,1.00
284,517,0.30
284,518,0.30
284,519,0.60
284,520,0.60
284,521,0.60
278,522,0.90
279,522,1.00
280,522,1.00
281,522,1.00
282,522,1.00
283,522,1.00
284,522,0.90
278,523,0.90
279,523,1.00
280,523,1.00
281,523,1.00
282,523,1.00
283,523,1.00
284,523,0.90
278,524,0.90
279,524,1.00
280,524,1.00
281,524,1.00
282,524,1.00
283,524,1.00
284,524,0.90
278,525,0.90
279,525,1.00
280,525,1.00
281,525,1.00
282,525,1.00
283,525,1.00
284,525,0.90
278,526,0.60
279,526,1.00
280,526,1.00
281,526,1.00
282,526,1.00
283,526,1.00
284,526,0.90
278,527,0.60
279,527,1.00
280,527,1.00
281,527,1.00
282,527,1.00
283,527,1.00
284,527,1.00
278,528,0.60
279,528,1.00
280,528,1.00
281,528,1.00
282,528,1.00
283,528,1.00
284,528,1.00
278,529,0.30
279,529,1.00
280,529,1.00
281,529,1.00
282,529,1.00
283,529,1.00
284,529,1.00
278,530,0.30
279,530,1.00
280,530,1.00
281,530,1.00
282,530,1.00
283,530,1.00
284,530,1.00
285,526,0.30
285,527,0.60
285,528,0.60
285,529,0.90
285,530,1.00
279,531,1.00
280,531,1.00
281,531,1.00
282,531,1.00
283,531,1.00
284,531,1.00
285,531,1.00
279,532,1.00
280,532,1.00
281,532,1.00
282,532,1.00
283,532,1.00
284,532,1.00
285,532,1.00
279,533,0.90
280,533,1.00
281,533,1.00
282,533,1.00
283,533,1.00
284,533,1.00
285,533,1.00
279,534,0.60
280,534,1.00
281,534,1.00
282,534,1.00
283,534,1.00
284,534,1.00
285,534,1.00
279,535,0.60
280,535,1.00
281,535,1.00
282,535,1.00
283,535,1.00
284,535,1.00
285,535,1.00
279,536,0.30
280,536,1.00
281,536,1.00
282,536,1.00
283,536,1.00
284,536,1.00
285,536,1.00
286,532,0.30
286,533,0.90
286,534,1.00
286,535,1.00
286,536,1.00
280,537,1.00
281,537,1.00
282,537,1.00
283,537,1.00
284,537,1.00
285,537,1.00
286,537,1.00
280,538,1.00
281,538,1.00
282,538,1.00
283,538,1.00
284,538,1.00
285,538,1.00
286,538,1.00
280,539,1.00
281,539,1.00
282,539,1.00
283,539,1.00
284,539,1.00
285,539,1.00
286,539,1.00
280,540,1.00
281,540,1.00
282,540,1.00
283,540,1.00
284,540,1.00
285,540,1.00
286,540,1.00
280,541,1.00
281,541,1.00
282,541,1.00
283,541,1.00
284,541,1.00
285,541,1.00
286,541,1.00
280,542,1.00
281,542,1.00
282,542,1.00
283,542,1.00
284,542,1.00
285,542,1.00
286,542,1.00
280,543,1.00
281,543,1.00
282,543,1.00
283,543,1.00
284,543,1.00
285,543,1.00
286,543,1.00
280,544,1.00
281,544,1.00
282,544,1.00
283,544,1.00
284,544,1.00
285,544,1.00
286,544,1.00
280,545,1.00
281,545,1.00
282,545,1.00
283,545,1.00
284,545,1.00
285,545,1.00
286,545,1.00
280,546,1.00
281,546,1.00
282,546,1.00
283,546,1.00
284,546,1.00
285,546,1.00
286,546,1.00
280,547,1.00
281,547,1.00
282,547,1.00
283,547,1.00
284,547,1.00
285,547,1.00
286,547,1.00
280,548,1.00
281,548,1.00
282,548,1.00
283,548,1.00
284,548,1.00
285,548,1.00
286,548,1.00
280,549,1.00
281,549,1.00
282,549,1.00
283,549,1.00
284,549,1.00
285,549,1.00
286,549,1.00
280,550,1.00
281,550,1.00
282,550,1.00
283,550,1.00
284,550,1.00
285,550,1.00
286,550,1.00
280,551,1.00
281,551,1.00
282,551,1.00
283,551,1.00
284,551,1.00
285,551,1.00
286,551,1.00
280,552,1.00
281,552,1.00
282,552,1.00
283,552,1.00
284,552,1.00
285,552,1.00
286,552,1.00
280,553,1.00
281,553,1.00
282,553,1.00
283,553,1.00
284,553,1.00
285,553,1.00
286,553,1.00
280,554,1.00
281,554,1.00
282,554,1.00
283,554,1.00
284,554,1.00
285,554,1.00
286,554,1.00
280,555,1.00
281,555,1.00
282,555,1.00
283,555,1.00
284,555,1.00
285,555,1.00
286,555,1.00
280,556,1.00
281,556,1.00
282,556,1.00
283,556,1.00
284,556,1.00
285,556,1.00
286,556,1.00
280,557,1.00
281,557,1.00
282,557,1.00
283,557,1.00
284,557,1.00
285,557,1.00
286,557,1.00
280,558,1.00
281,558,1.00
282,558,1.00
283,558,1.00
284,558,1.00
285,558,1.00
286,558,1.00
280,559,1.00
281,559,1.00
282,559,1.00
283,559,1.00
284,559,1.00
285,559,1.00
286,559,1.00
280,560,1.00
281,560,1.00
282,560,1.00
283,560,1.00
284,560,1.00
285,560,1.00
286,560,1.00
280,561,1.00
281,561,1.00
282,561,1.00
283,561,1.00
284,561,1.00
285,561,1.00
286,561,1.00
280,562,0.90
281,562,1.00
282,562,1.00
283,562,1.00
284,562,1.00
285,562,1.00
286,562,1.00
280,563,0.60
281,563,1.00
282,563,1.00
283,563,1.00
284,563,1.00
285,563,1.00
286,563,1.00
280,564,0.30
281,564,1.00
282,564,1.00
283,564,1.00
284,564,1.00
285,564,1.00
286,564,1.00
287,559,0.30
287,560,0.60
287,561,1.00
287,562,1.00
287,563,1.00
287,564,1.00
281,565,1.00
282,565,1.00
283,565,1.00
284,565,1.00
285,565,1.00
286,565,1.00
287,565,1.00
281,566,1.00
282,566,1.00
283,566,1.00
284,566,1.00
285,566,1.00
286,566,1.00
287,566,1.00
281,567,1.00
282,567,1.00
283,567,1.00
284,567,1.00
285,567,1.00
286,567,1.00
287,567,1.00
281,568,1.00
282,568,1.00
283,568,1.00
284,568,1.00
285,568,1.00
286,568,1.00
287,568,1.00
281,569,1.00
282,569,1.00
283,569,1.00
284,569,1.00
285,569,1.00
286,569,1.00
287,569,1.00
281,570,0.90
282,570,1.00
283,570,1.00
284,570,1.00
285,570,1.00
286,570,1.00
287,570,1.00
281,571,0.60
282,571,1.00
283,571,1.00
284,571,1.00
285,571,1.00
286,571,1.00
287,571,1.00
288,566,0.60
288,567,0.90
288,568,1.00
288,569,1.00
288,570,1.00
288,571,1.00
282,572,1.00
283,572,1.00
284,572,1.00
285,572,1.00
286,572,1.00
287,572,1.00
288,572,1.00
282,573,1.00
283,573,1.00
284,573,1.00
285,573,1.00
286,573,1.00
287,573,1.00
288,573,1.00
282,574,1.00
283,574,1.00
284,574,1.00
285,574,1.00
286,574,1.00
287,574,1.00
288,574,1.00
282,575,1.00
283,575,1.00
284,575,1.00
285,575,1.00
286,575,1.00
287,575,1.00
288,575,1.00
282,576,1.00
283,576,1.00
284,576,1.00
285,576,1.00
286,576,1.00
287,576,1.00
288,576,1.00
282,577,0.90
283,577,1.00
284,577,1.00
285,577,1.00
286,577,1.00
287,577,1.00
288,577,1.00
282,578,0.60
283,578,1.00
284,578,1.00
285,578,1.00
286,578,1.00
287,578,1.00
288,578,1.00
282,579,0.30
283,579,1.00
284,579,1.00
285,579,1.00
286,579,1.00
287,579,1.00
288,579,1.00
289,574,0.30
289,575,0.90
289,576,0.90
289,577,0.90
289,578,0.90
289,579,0.90
283,580,0.90
284,580,1.00
285,580,1.00
286,580,1.00
287,580,1.00
288,580,1.00
289,580,0.90
283,581,0.60
284,581,0.60
285,581,0.60
286,581,0.60
287,581,0.60
288,581,0.60
289,581,0.60

273,508,0.90
274,508,0.90
275,508,0.90
276,508,0.90
277,508,0.90
278,508,0.90
279,508,0.90
273,509,1.00
274,509,1.00
275,509,1.00
276,509,1.00
277,509,1.00
278,509,1.00
279,509,1.00
273,510,1.00
274,510,1.00
275,510,1.00
276,510,1.00
277,510,1.00
278,510,1.00
279,510,1.00
273,511,1.00
274,511,1.00
275,511,1.00
276,511,1.00
277,511,1.00
278,511,1.00
279,511,1.00
273,512,1.00
274,512,1.00
275,512,1.00
276,512,1.00
277,512,1.00
278,512,1.00
279,512,1.00
273,513,1.00
274,513,1.00
275,513,1.00
276,513,1.00
277,513,1.00
278,513,1.00
279,513,1.00
273,514,1.00
274,514,1.00
275,514,1.00
276,514,1.00
277,514,1.00
278,514,1.00
279,514,1.00
273,515,1.00
274,515,1.00
275,515,1.00
276,515,1.00
277,515,1.00
278,515,1.00
279,515,1.00
273,516,1.00
274,516,1.00
275,516,1.00
276,516,1.00
277,516,1.00
278,516,1.00
279,516,1.00
273,517,0.90
274,517,1.00
275,517,1.00
276,517,1.00
277,517,1.00
278,517,1.00
279,517,1.00
273,518,0.60
274,518,1.00
275,518,1.00
276,518,1.00
277,518,1.00
278,518,1.00
279,518,1.00
280,513,0.30
280,514,0.60
280,515,1.00
280,516,1.00
280,517,1.00
280,518,1.00
274,519,1.00
275,519,1.00
276,519,1.00
277,519,1.00
278,519,1.00
279,519,1.00
280,519,1.00
274,520,1.00
275,520,1.00
276,520,1.00
277,520,1.00
278,520,1.00
279,520,1.00
280,520,1.00
274,521,0.90
275,521,1.00
276,521,1.00
277,521,1.00
278,521,1.00
279,521,1.00
280,521,1.00
274,522,0.30
275,522,1.00
276,522,1.00
277,522,1.00
278,522,1.00
279,522,1.00
280,522,1.00
281,516,0.30
281,517,0.60
281,518,1.00
281,519,1.00
281,520,1.00
281,521,1.00
281,522,1.00
275,523,0.90
276,523,1.00
277,523,1.00
278,523,1.00
279,523,1.00
280,523,1.00
281,523,1.00
275,524,0.60
276,524,1.00
277,524,1.00
278,524,1.00
279,524,1.00
280,524,1.00
281,524,1.00
282,519,0.30
282,520,0.60
282,521,1.00
282,522,1.00
282,523,1.00
282,524,1.00
276,525,1.00
277,525,1.00
278,525,1.00
279,525,1.00
280,525,1.00
281,525,1.00
282,525,1.00
276,526,1.00
277,526,1.00
278,526,1.00
279,526,1.00
280,526,1.00
281,526,1.00
282,526,1.00
276,527,1.00
277,527,1.00
278,527,1.00
279,527,1.00
280,527,1.00
281,527,1.00
282,527,1.00
276,528,1.00
277,528,1.00
278,528,1.00
279,528,1.00
280,528,1.00
281,528,1.00
282,528,1.00
276,529,1.00
277,529,1.00
278,529,1.00
279,529,1.00
280,529,1.00
281,529,1.00
282,529,1.00
276,530,1.00
277,530,1.00
278,530,1.00
279,530,1.00
280,530,1.00
281,530,1.00
282,530,1.00
276,531,1.00
277,531,1.00
278,531,1.00
279,531,1.00
280,531,1.00
281,531,1.00
282,531,1.00
276,532,1.00
277,532,1.00
278,532,1.00
279,532,1.00
280,532,1.00
281,532,1.00
282,532,1.00
276,533,1.00
277,533,1.00
278,533,1.00
279,533,1.00
280,533,1.00
281,533,1.00
282,533,1.00
276,534,1.00
277,534,1.00
278,534,1.00
279,534,1.00
280,534,1.00
281,534,1.00
282,534,1.00
276,535,1.00
277,535,1.00
278,535,1.00
279,535,1.00
280,535,1.00
281,535,1.00
282,535,1.00
276,536,1.00
277,536,1.00
278,536,1.00
279,536,1.00
280,536,1.00
281,536,1.00
282,536,1.00
276,537,0.90
277,537,1.00
278,537,1.00
279,537,1.00
280,537,1.00
281,537,1.00
282,537,1.00
276,538,0.30
277,538,1.00
278,538,1.00
279,538,1.00
280,538,1.00
281,538,1.00
282,538,1.00
283,532,0.30
283,533,1.00
283,534,1.00
283,535,1.00
283,536,1.00
283,537,1.00
283,538,1.00
277,539,1.00
278,539,1.00
279,539,1.00
280,539,1.00
281,539,1.00
282,539,1.00
283,539,1.00
277,540,1.00
278,540,1.00
279,540,1.00
280,540,1.00
281,540,1.00
282,540,1.00
283,540,1.00
277,541,1.00
278,541,1.00
279,541,1.00
280,541,1.00
281,541,1.00
282,541,1.00
283,541,1.00
277,542,0.90
278,542,1.00
279,542,1.00
280,542,1.00
281,542,1.00
282,542,1.00
283,542,1.00
277,543,0.60
278,543,1.00
279,543,1.00
280,543,1.00
281,543,1.00
282,543,1.00
283,543,1.00
277,544,0.30
278,544,1.00
279,544,1.00
280,544,1.00
281,544,1.00
282,544,1.00
283,544,1.00
284,539,0.60
284,540,1.00
284,541,1.00
284,542,1.00
284,543,1.00
284,544,1.00
278,545,1.00
279,545,1.00
280,545,1.00
281,545,1.00
282,545,1.00
283,545,1.00
284,545,1.00
278,546,1.00
279,546,1.00
280,546,1.00
281,546,1.00
282,546,1.00
283,546,1.00
284,546,1.00
278,547,1.00
279,547,1.00
280,547,1.00
281,547,1.00
282,547,1.00
283,547,1.00
284,547,1.00
278,548,0.60
279,548,1.00
280,548,1.00
281,548,1.00
282,548,1.00
283,548,1.00
284,548,1.00
285,544,0.30
285,545,0.30
285,546,0.60
285,547,0.90
285,548,0.90
279,549,1.00
280,549,1.00
281,549,1.00
282,549,1.00
283,549,1.00
284,549,1.00
285,549,1.00
279,550,1.00
280,550,1.00
281,550,1.00
282,550,1.00
283,550,1.00
284,550,1.00
285,550,1.00
279,551,0.90
280,551,1.00
281,551,1.00
282,551,1.00
283,551,1.00
284,551,1.00
285,551,1.00
279,552,0.90
280,552,1.00
281,552,1.00
282,552,1.00
283,552,1.00
284,552,1.00
285,552,1.00
279,553,0.60
280,553,1.00
281,553,1.00
282,553,1.00
283,553,1.00
284,553,1.00
285,553,1.00
279,554,0.30
280,554,1.00
281,554,1.00
282,554,1.00
283,554,1.00
284,554,1.00
285,554,1.00
279,555,0.30
280,555,1.00
281,555,1.00
282,555,1.00
283,555,1.00
284,555,1.00
285,555,1.00
286,549,0.30
286,550,1.00
286,551,1.00
286,552,1.00
286,553,1.00
286,554,1.00
286,555,1.00
280,556,1.00
281,556,1.00
282,556,1.00
283,556,1.00
284,556,1.00
285,556,1.00
286,556,1.00
280,557,1.00
281,557,1.00
282,557,1.00
283,557,1.00
284,557,1.00
285,557,1.00
286,557,1.00
280,558,1.00
281,558,1.00
282,558,1.00
283,558,1.00
284,558,1.00
285,558,1.00
286,558,1.00
280,559,1.00
281,559,1.00
282,559,1.00
283,559,1.00
284,559,1.00
285,559,1.00
286,559,1.00
280,560,0.90
281,560,1.00
282,560,1.00
283,560,1.00
284,560,1.00
285,560,1.00
286,560,1.00
280,561,0.60
281,561,1.00
282,561,1.00
283,561,1.00
284,561,1.00
285,561,1.00
286,561,1.00
280,562,0.60
281,562,1.00
282,562,1.00
283,562,1.00
284,562,1.00
285,562,1.00
286,562,1.00
280,563,0.30
281,563,1.00
282,563,1.00
283,563,1.00
284,563,1.00
285,563,1.00
286,563,1.00
287,558,0.60
287,559,1.00
287,560,1.00
287,561,1.00
287,562,1.00
287,563,1.00
281,564,1.00
282,564,1.00
283,564,1.00
284,564,1.00
285,564,1.00
286,564,1.00
287,564,1.00
281,565,0.90
282,565,0.90
283,565,0.90
284,565,0.90
285,565,0.90
286,565,0.90
287,565,0.90

551,454,0.90
552,454,0.90
553,454,0.90
554,454,0.90
555,454,0.90
556,454,0.90
557,454,0.90
551,455,1.00
552,455,1.00
553,455,1.00
554,455,1.00
555,455,1.00
556,455,1.00
557,455,1.00
551,456,1.00
552,456,1.00
553,456,1.00
554,456,1.00
555,456,1.00
556,456,1.00
557,456,1.00
551,457,1.00
552,457,1.00
553,457,1.00
554,457,1.00
555,457,1.00
556,457,1.00
557,457,1.00
551,458,1.00
552,458,1.00
553,458,1.00
554,458,1.00
555,458,1.00
556,458,1.00
557,458,1.00
551,459,1.00
552,459,1.00
553,459,1.00
554,459,1.00
555,459,1.00
556,459,1.00
557,459,1.00
551,460,1.00
552,460,1.00
553,460,1.00
554,460,1.00
555,460,1.00
556,460,1.00
557,460,1.00
551,461,0.30
552,461,1.00
553,461,1.00
554,461,1.00
555,461,1.00
556,461,1.00
557,461,1.00
558,455,0.30
558,456,0.90
558,457,1.00
558,458,1.00
558,459,1.00
558,460,1.00
558,461,1.00
552,462,0.90
553,462,1.00
554,462,1.00
555,462,1.00
556,462,1.00
557,462,1.00
558,462,1.00
552,463,0.30
553,463,0.90
554,463,1.00
555,463,1.00
556,463,1.00
557,463,1.00
558,463,1.00
559,458,0.30
559,459,0.60
559,460,0.90
559,461,0.98
559,462,1.00
559,463,1.00
553,464,0.60
554,464,1.00
555,464,1.00
556,464,1.00
557,464,1.00
558,464,1.00
559,464,1.00
553,465,0.30
554,465,0.90
555,465,1.00
556,465,1.00
557,465,1.00
558,465,1.00
559,465,1.00
560,460,0.30
560,461,0.30
560,462,0.90
560,463,1.00
560,464,1.00
560,465,1.00
554,466,0.60
555,466,1.00
556,466,1.00
557,466,1.00
558,466,1.00
559,466,1.00
560,466,1.00
554,467,0.30
555,467,1.00
556,467,1.00
557,467,1.00
558,467,1.00
559,467,1.00
560,467,1.00
554,468,0.30
555,468,1.00
556,468,1.00
557,468,1.00
558,468,1.00
559,468,1.00
560,468,1.00
561,462,0.30
561,463,0.90
561,464,1.00
561,465,1.00
561,466,1.00
561,467,1.00
561,468,1.00
555,469,1.00
556,469,1.00
557,469,1.00
558,469,1.00
559,469,1.00
560,469,1.00
561,469,1.00
555,470,0.90
556,470,1.00
557,470,1.00
558,470,1.00
559,470,1.00
560,470,1.00
561,470,1.00
562,465,0.90
562,466,1.00
562,467,1.00
562,468,1.00
562,469,1.00
562,470,1.00
556,471,1.00
557,471,1.00
558,471,1.00
559,471,1.00
560,471,1.00
561,471,1.00
562,471,1.00
556,472,1.00
557,472,1.00
558,472,1.00
559,472,1.00
560,472,1.00
561,472,1.00
562,472,1.00
556,473,1.00
557,473,1.00
558,473,1.00
559,473,1.00
560,473,1.00
561,473,1.00
562,473,1.00
556,474,0.30
557,474,1.00
558,474,1.00
559,474,1.00
560,474,1.00
561,474,1.00
562,474,1.00
563,469,0.30
563,470,0.90
563,471,1.00
563,472,1.00
563,473,1.00
563,474,1.00
557,475,1.00
558,475,1.00
559,475,1.00
560,475,1.00
561,475,1.00
562,475,1.00
563,475,1.00
557,476,1.00
558,476,1.00
559,476,1.00
560,476,1.00
561,476,1.00
562,476,1.00
563,476,1.00
557,477,1.00
558,477,1.00
559,477,1.00
560,477,1.00
561,477,1.00
562,477,1.00
563,477,1.00
557,478,0.90
558,478,1.00
559,478,1.00
560,478,1.00
561,478,1.00
562,478,1.00
563,478,1.00
557,479,0.60
558,479,1.00
559,479,1.00
560,479,1.00
561,479,1.00
562,479,1.00
563,479,1.00
557,480,0.30
558,480,1.00
559,480,1.00
560,480,1.00
561,480,1.00
562,480,1.00
563,480,1.00
564,475,0.60
564,476,1.00
564,477,1.00
564,478,1.00
564,479,1.00
564,480,1.00
558,481,1.00
559,481,1.00
560,481,1.00
561,481,1.00
562,481,1.00
563,481,1.00
564,481,1.00
558,482,1.00
559,482,1.00
560,482,1.00
561,482,1.00
562,482,1.00
563,482,1.00
564,482,1.00
558,483,0.30
559,483,1.00
560,483,1.00
561,483,1.00
562,483,1.00
563,483,1.00
564,483,1.00
565,477,0.90
565,478,1.00
565,479,1.00
565,480,1.00
565,481,1.00
565,482,1.00
565,483,1.00
559,484,0.90
560,484,0.90
561,484,0.90
562,484,0.90
563,484,0.90
564,484,0.90
565,484,0.90

506,458,0.30
507,458,0.60
508,458,0.60
509,458,0.60
510,458,0.60
511,458,0.60
512,458,0.60
506,459,0.30
507,459,0.68
508,459,1.00
509,459,1.00
510,459,1.00
511,459,1.00
512,459,0.68
506,460,0.30
507,460,0.96
508,460,1.00
509,460,1.00
510,460,1.00
511,460,1.00
512,460,0.96
506,461,0.30
507,461,1.00
508,461,1.00
509,461,1.00
510,461,1.00
511,461,1.00
512,461,1.00
506,462,0.30
507,462,0.96
508,462,1.00
509,462,1.00
510,462,1.00
511,462,1.00
512,462,0.96
506,463,0.30
507,463,0.68
508,463,1.00
509,463,1.00
510,463,1.00
511,463,1.00
512,463,0.68
506,464,0.30
507,464,0.60
508,464,0.60
509,464,0.60
510,464,0.60
511,464,0.60
512,464,0.60
513,458,0.30
513,459,0.30
513,460,0.30
513,461,0.30
513,462,0.30
513,463,0.30
513,464,0.30

513,455,1.00
514,455,1.00
515,455,1.00
516,455,1.00
517,455,1.00
518,455,1.00
519,455,0.90
513,456,1.00
514,456,1.00
515,456,1.00
516,456,1.00
517,456,1.00
518,456,1.00
519,456,0.90
513,457,1.00
514,457,1.00
515,457,1.00
516,457,1.00
517,457,1.00
518,457,1.00
519,457,0.90
513,458,1.00
514,458,1.00
515,458,1.00
516,458,1.00
517,458,1.00
518,458,1.00
519,458,0.90
513,459,1.00
514,459,1.00
515,459,1.00
516,459,1.00
517,459,1.00
518,459,1.00
519,459,0.90
513,460,1.00
514,460,1.00
515,460,1.00
516,460,1.00
517,460,1.00
518,460,1.00
519,460,0.90
513,461,1.00
514,461,1.00
515,461,1.00
516,461,1.00
517,461,1.00
518,461,1.00
519,461,0.90
512,455,1.00
512,456,1.00
512,457,1.00
512,458,1.00
512,459,1.00
512,460,1.00
512,461,1.00
511,455,1.00
511,456,1.00
511,457,1.00
511,458,1.00
511,459,1.00
511,460,1.00
511,461,1.00
510,455,1.00
510,456,1.00
510,457,1.00
510,458,1.00
510,459,1.00
510,460,1.00
510,461,1.00
509,455,1.00
509,456,1.00
509,457,1.00
509,458,1.00
509,459,1.00
509,460,1.00
509,461,1.00
508,455,1.00
508,456,1.00
508,457,1.00
508,458,1.00
508,459,1.00
508,460,1.00
508,461,1.00
507,455,1.00
507,456,1.00
507,457,1.00
507,458,1.00
507,459,1.00
507,460,1.00
507,461,1.00
506,455,1.00
506,456,1.00
506,457,1.00
506,458,1.00
506,459,1.00
506,460,1.00
506,461,1.00
505,455,0.30
505,456,1.00
505,457,1.00
505,458,1.00
505,459,1.00
505,460,1.00
505,461,1.00
505,462,1.00
506,462,1.00
507,462,1.00
508,462,1.00
509,462,1.00
510,462,1.00
511,462,1.00
505,463,1.00
506,463,1.00
507,463,1.00
508,463,1.00
509,463,1.00
510,463,1.00
511,463,1.00
505,464,1.00
506,464,1.00
507,464,1.00
508,464,1.00
509,464,1.00
510,464,1.00
511,464,1.00
505,465,1.00
506,465,1.00
507,465,1.00
508,465,1.00
509,465,1.00
510,465,1.00
511,465,1.00
505,466,1.00
506,466,1.00
507,466,1.00
508,466,1.00
509,466,1.00
510,466,1.00
511,466,1.00
505,467,1.00
506,467,1.00
507,467,1.00
508,467,1.00
509,467,1.00
510,467,1.00
511,467,1.00
505,468,1.00
506,468,1.00
507,468,1.00
508,468,1.00
509,468,1.00
510,468,1.00
511,468,1.00
505,469,1.00
506,469,1.00
507,469,1.00
508,469,1.00
509,469,1.00
510,469,1.00
511,469,1.00
505,470,0.90
506,470,1.00
507,470,1.00
508,470,1.00
509,470,1.00
510,470,1.00
511,470,1.00
505,471,0.30
506,471,1.00
507,471,1.00
508,471,1.00
509,471,1.00
510,471,1.00
511,471,1.00
512,465,0.30
512,466,0.90
512,467,1.00
512,468,1.00
512,469,1.00
512,470,1.00
512,471,1.00
506,472,1.00
507,472,1.00
508,472,1.00
509,472,1.00
510,472,1.00
511,472,1.00
512,472,1.00
506,473,0.90
507,473,1.00
508,473,1.00
509,473,1.00
510,473,1.00
511,473,1.00
512,473,1.00
506,474,0.30
507,474,1.00
508,474,1.00
509,474,1.00
510,474,1.00
511,474,1.00
512,474,1.00
513,469,0.30
513,470,0.90
513,471,1.00
513,472,1.00
513,473,1.00
513,474,1.00
507,475,1.00
508,475,1.00
509,475,1.00
510,475,1.00
511,475,1.00
512,475,1.00
513,475,1.00
507,476,0.90
508,476,1.00
509,476,1.00
510,476,1.00
511,476,1.00
512,476,1.00
513,476,1.00
507,477,0.30
508,477,1.00
509,477,1.00
510,477,1.00
511,477,1.00
512,477,1.00
513,477,1.00
514,472,0.60
514,473,0.90
514,474,1.00
514,475,1.00
514,476,1.00
514,477,1.00
508,478,1.00
509,478,1.00
510,478,1.00
511,478,1.00
512,478,1.00
513,478,1.00
514,478,1.00
508,479,0.90
509,479,1.00
510,479,1.00
511,479,1.00
512,479,1.00
513,479,1.00
514,479,1.00
508,480,0.60
509,480,1.00
510,480,1.00
511,480,1.00
512,480,1.00
513,480,1.00
514,480,1.00
515,475,0.60
515,476,1.00
515,477,1.00
515,478,1.00
515,479,1.00
515,480,1.00
509,481,0.90
510,481,1.00
511,481,1.00
512,481,1.00
513,481,1.00
514,481,1.00
515,481,1.00
509,482,0.30
510,482,1.00
511,482,1.00
512,482,1.00
513,482,1.00
514,482,1.00
515,482,1.00
516,476,0.30
516,477,0.90
516,478,1.00
516,479,1.00
516,480,1.00
516,481,1.00
516,482,1.00
510,483,1.00
511,483,1.00
512,483,1.00
513,483,1.00
514,483,1.00
515,483,1.00
516,483,1.00
510,484,0.60
511,484,1.00
512,484,1.00
513,484,1.00
514,484,1.00
515,484,1.00
516,484,1.00
517,479,0.60
517,480,1.00
517,481,1.00
517,482,1.00
517,483,1.00
517,484,1.00
511,485,1.00
512,485,1.00
513,485,1.00
514,485,1.00
515,485,1.00
516,485,1.00
517,485,1.00
511,486,0.60
512,486,1.00
513,486,1.00
514,486,1.00
515,486,1.00
516,486,1.00
517,486,1.00
518,481,0.30
518,482,0.60
518,483,1.00
518,484,1.00
518,485,1.00
518,486,1.00
512,487,1.00
513,487,1.00
514,487,1.00
515,487,1.00
516,487,1.00
517,487,1.00
518,487,1.00
512,488,0.90
513,488,1.00
514,488,1.00
515,488,1.00
516,488,1.00
517,488,1.00
518,488,1.00
512,489,0.60
513,489,1.00
514,489,1.00
515,489,1.00
516,489,1.00
517,489,1.00
518,489,1.00
519,484,0.60
519,485,1.00
519,486,1.00
519,487,1.00
519,488,1.00
519,489,1.00
513,490,1.00
514,490,1.00
515,490,1.00
516,490,1.00
517,490,1.00
518,490,1.00
519,490,1.00
513,491,0.90
514,491,1.00
515,491,1.00
516,491,1.00
517,491,1.00
518,491,1.00
519,491,1.00
513,492,0.30
514,492,1.00
515,492,1.00
516,492,1.00
517,492,1.00
518,492,1.00
519,492,1.00
520,487,0.60
520,488,1.00
520,489,1.00
520,490,1.00
520,491,1.00
520,492,1.00
514,493,1.00
515,493,1.00
516,493,1.00
517,493,1.00
518,493,1.00
519,493,1.00
520,493,1.00
514,494,1.00
515,494,1.00
516,494,1.00
517,494,1.00
518,494,1.00
519,494,1.00
520,494,1.00
514,495,0.30
515,495,1.00
516,495,1.00
517,495,1.00
518,495,1.00
519,495,1.00
520,495,1.00
521,489,0.90
521,490,0.90
521,491,0.90
521,492,0.90
521,493,0.90
521,494,0.90
521,495,0.90

513,460,0.60
514,460,0.60
515,460,0.60
516,460,0.60
517,460,0.60
518,460,0.60
519,460,0.60
513,461,0.60
514,461,0.76
515,461,1.00
516,461,1.00
517,461,1.00
518,461,0.76
519,461,0.60
513,462,0.90
514,462,1.00
515,462,1.00
516,462,1.00
517,462,1.00
518,462,1.00
519,462,0.90
513,463,1.00
514,463,1.00
515,463,1.00
516,463,1.00
517,463,1.00
518,463,1.00
519,463,1.00
513,464,1.00
514,464,1.00
515,464,1.00
516,464,1.00
517,464,1.00
518,464,1.00
519,464,1.00
513,465,1.00
514,465,1.00
515,465,1.00
516,465,1.00
517,465,1.00
518,465,1.00
519,465,1.00
513,466,1.00
514,466,1.00
515,466,1.00
516,466,1.00
517,466,1.00
518,466,1.00
519,466,1.00
513,467,1.00
514,467,1.00
515,467,1.00
516,467,1.00
517,467,1.00
518,467,1.00
519,467,1.00
513,468,1.00
514,468,1.00
515,468,1.00
516,468,1.00
517,468,1.00
518,468,1.00
519,468,1.00
513,469,1.00
514,469,1.00
515,469,1.00
516,469,1.00
517,469,1.00
518,469,1.00
519,469,1.00
513,470,1.00
514,470,1.00
515,470,1.00
516,470,1.00
517,470,1.00
518,470,1.00
519,470,1.00
513,471,1.00
514,471,1.00
515,471,1.00
516,471,1.00
517,471,1.00
518,471,1.00
519,471,1.00
513,472,1.00
514,472,1.00
515,472,1.00
516,472,1.00
517,472,1.00
518,472,1.00
519,472,1.00
513,473,1.00
514,473,1.00
515,473,1.00
516,473,1.00
517,473,1.00
518,473,1.00
519,473,1.00
513,474,1.00
514,474,1.00
515,474,1.00
516,474,1.00
517,474,1.00
518,474,1.00
519,474,1.00
513,475,1.00
514,475,1.00
515,475,1.00
516,475,1.00
517,475,1.00
518,475,1.00
519,475,1.00
513,476,0.60
514,476,1.00
515,476,1.00
516,476,1.00
517,476,1.00
518,476,1.00
519,476,1.00
513,477,0.30
514,477,1.00
515,477,1.00
516,477,1.00
517,477,1.00
518,477,1.00
519,477,1.00
520,472,0.30
520,473,0.90
520,474,1.00
520,475,1.00
520,476,1.00
520,477,1.00
514,478,1.00
515,478,1.00
516,478,1.00
517,478,1.00
518,478,1.00
519,478,1.00
520,478,1.00
514,479,0.90
515,479,1.00
516,479,1.00
517,479,1.00
518,479,1.00
519,479,1.00
520,479,1.00
514,480,0.30
515,480,1.00
516,480,1.00
517,480,1.00
518,480,1.00
519,480,1.00
520,480,1.00
521,474,0.30
521,475,0.60
521,476,1.00
521,477,1.00
521,478,1.00
521,479,1.00
521,480,1.00
515,481,0.90
516,481,1.00
517,481,1.00
518,481,1.00
519,481,1.00
520,481,1.00
521,481,1.00
515,482,0.60
516,482,1.00
517,482,1.00
518,482,1.00
519,482,1.00
520,482,1.00
521,482,1.00
522,476,0.30
522,477,0.90
522,478,1.00
522,479,1.00
522,480,1.00
522,481,1.00
522,482,1.00
516,483,0.60
517,483,1.00
518,483,1.00
519,483,1.00
520,483,1.00
521,483,1.00
522,483,1.00
523,478,0.60
523,479,0.90
523,480,1.00
523,481,1.00
523,482,1.00
523,483,1.00
517,484,0.60
518,484,1.00
519,484,1.00
520,484,1.00
521,484,1.00
522,484,1.00
523,484,1.00
524,479,0.30
524,480,0.60
524,481,0.90
524,482,1.00
524,483,1.00
524,484,1.00
518,485,0.60
519,485,0.98
520,485,1.00
521,485,1.00
522,485,1.00
523,485,1.00
524,485,1.00
518,486,0.30
519,486,0.60
520,486,1.00
521,486,1.00
522,486,1.00
523,486,1.00
524,486,1.00
525,481,0.30
525,482,0.60
525,483,0.98
525,484,1.00
525,485,1.00
525,486,1.00
519,487,0.30
520,487,0.90
521,487,1.00
522,487,1.00
523,487,1.00
524,487,1.00
525,487,1.00
526,482,0.30
526,483,0.60
526,484,0.90
526,485,1.00
526,486,1.00
526,487,1.00
520,488,0.60
521,488,1.00
522,488,1.00
523,488,1.00
524,488,1.00
525,488,1.00
526,488,1.00
520,489,0.30
521,489,0.90
522,489,1.00
523,489,1.00
524,489,1.00
525,489,1.00
526,489,1.00
527,484,0.30
527,485,0.90
527,486,1.00
527,487,1.00
527,488,1.00
527,489,1.00
521,490,0.60
522,490,1.00
523,490,1.00
524,490,1.00
525,490,1.00
526,490,1.00
527,490,1.00
521,491,0.30
522,491,1.00
523,491,1.00
524,491,1.00
525,491,1.00
526,491,1.00
527,491,1.00
528,485,0.30
528,486,0.60
528,487,1.00
528,488,1.00
528,489,1.00
528,490,1.00
528,491,1.00
522,492,1.00
523,492,1.00
524,492,1.00
525,492,1.00
526,492,1.00
527,492,1.00
528,492,1.00
529,487,0.90
529,488,1.00
529,489,1.00
529,490,1.00
529,491,1.00
529,492,1.00
523,493,1.00
524,493,1.00
525,493,1.00
526,493,1.00
527,493,1.00
528,493,1.00
529,493,1.00
523,494,1.00
524,494,1.00
525,494,1.00
526,494,1.00
527,494,1.00
528,494,1.00
529,494,1.00
523,495,0.60
524,495,1.00
525,495,1.00
526,495,1.00
527,495,1.00
528,495,1.00
529,495,1.00
530,489,0.60
530,490,1.00
530,491,1.00
530,492,1.00
530,493,1.00
530,494,1.00
530,495,1.00
524,496,1.00
525,496,1.00
526,496,1.00
527,496,1.00
528,496,1.00
529,496,1.00
530,496,1.00
522,493,0.90

514,462,0.60
515,462,0.60
516,462,0.60
517,462,0.60
518,462,0.60
519,462,0.60
520,462,0.60
514,463,0.60
515,463,0.76
516,463,1.00
517,463,1.00
518,463,1.00
519,463,0.76
520,463,0.60
514,464,0.90
515,464,1.00
516,464,1.00
517,464,1.00
518,464,1.00
519,464,1.00
520,464,0.90
514,465,1.00
515,465,1.00
516,465,1.00
517,465,1.00
518,465,1.00
519,465,1.00
520,465,1.00
514,466,1.00
515,466,1.00
516,466,1.00
517,466,1.00
518,466,1.00
519,466,1.00
520,466,1.00
514,467,1.00
515,467,1.00
516,467,1.00
517,467,1.00
518,467,1.00
519,467,1.00
520,467,1.00
514,468,1.00
515,468,1.00
516,468,1.00
517,468,1.00
518,468,1.00
519,468,1.00
520,468,1.00
514,469,1.00
515,469,1.00
516,469,1.00
517,469,1.00
518,469,1.00
519,469,1.00
520,469,1.00
514,470,1.00
515,470,1.00
516,470,1.00
517,470,1.00
518,470,1.00
519,470,1.00
520,470,1.00
514,471,1.00
515,471,1.00
516,471,1.00
517,471,1.00
518,471,1.00
519,471,1.00
520,471,1.00
514,472,1.00
515,472,1.00
516,472,1.00
517,472,1.00
518,472,1.00
519,472,1.00
520,472,1.00
514,473,1.00
515,473,1.00
516,473,1.00
517,473,1.00
518,473,1.00
519,473,1.00
520,473,1.00
514,474,0.90
515,474,1.00
516,474,1.00
517,474,1.00
518,474,1.00
519,474,1.00
520,474,1.00
514,475,0.30
515,475,1.00
516,475,1.00
517,475,1.00
518,475,1.00
519,475,1.00
520,475,1.00
521,470,0.90
521,471,1.00
521,472,1.00
521,473,1.00
521,474,1.00
521,475,1.00
515,476,1.00
516,476,1.00
517,476,1.00
518,476,1.00
519,476,1.00
520,476,1.00
521,476,1.00
515,477,0.90
516,477,1.00
517,477,1.00
518,477,1.00
519,477,1.00
520,477,1.00
521,477,1.00
515,478,0.30
516,478,1.00
517,478,1.00
518,478,1.00
519,478,1.00
520,478,1.00
521,478,1.00
522,472,0.30
522,473,0.90
522,474,1.00
522,475,1.00
522,476,1.00
522,477,1.00
522,478,1.00
516,479,1.00
517,479,1.00
518,479,1.00
519,479,1.00
520,479,1.00
521,479,1.00
522,479,1.00
516,480,1.00
517,480,1.00
518,480,1.00
519,480,1.00
520,480,1.00
521,480,1.00
522,480,1.00
516,481,0.30
517,481,1.00
518,481,1.00
519,481,1.00
520,481,1.00
521,481,1.00
522,481,1.00
523,475,1.00
523,476,1.00
523,477,1.00
523,478,1.00
523,479,1.00
523,480,1.00
523,481,1.00
517,482,0.90
518,482,1.00
519,482,1.00
520,482,1.00
521,482,1.00
522,482,1.00
523,482,1.00
517,483,0.30
518,483,1.00
519,483,1.00
520,483,1.00
521,483,1.00
522,483,1.00
523,483,1.00
524,478,0.30
524,479,0.90
524,480,1.00
524,481,1.00
524,482,1.00
524,483,1.00
518,484,1.00
519,484,1.00
520,484,1.00
521,484,1.00
522,484,1.00
523,484,1.00
524,484,1.00
518,485,1.00
519,485,1.00
520,485,1.00
521,485,1.00
522,485,1.00
523,485,1.00
524,485,1.00
518,486,1.00
519,486,1.00
520,486,1.00
521,486,1.00
522,486,1.00
523,486,1.00
524,486,1.00
518,487,1.00
519,487,1.00
520,487,1.00
521,487,1.00
522,487,1.00
523,487,1.00
524,487,1.00
518,488,0.60
519,488,1.00
520,488,1.00
521,488,1.00
522,488,1.00
523,488,1.00
524,488,1.00
525,482,0.30
525,483,0.90
525,484,1.00
525,485,1.00
525,486,1.00
525,487,1.00
525,488,1.00
519,489,1.00
520,489,1.00
521,489,1.00
522,489,1.00
523,489,1.00
524,489,1.00
525,489,1.00
519,490,1.00
520,490,1.00
521,490,1.00
522,490,1.00
523,490,1.00
524,490,1.00
525,490,1.00
519,491,1.00
520,491,1.00
521,491,1.00
522,491,1.00
523,491,1.00
524,491,1.00
525,491,1.00
519,492,1.00
520,492,1.00
521,492,1.00
522,492,1.00
523,492,1.00
524,492,1.00
525,492,1.00
519,493,0.90
520,493,0.90
521,493,0.90
522,493,0.90
523,493,0.90
524,493,0.90
525,493,0.90

511,495,1.00
512,495,1.00
513,495,1.00
514,495,1.00
515,495,1.00
516,495,0.60
517,495,0.30
511,496,1.00
512,496,1.00
513,496,1.00
514,496,1.00
515,496,1.00
516,496,0.68
517,496,0.30
511,497,1.00
512,497,1.00
513,497,1.00
514,497,1.00
515,497,1.00
516,497,0.96
517,497,0.30
511,498,1.00
512,498,1.00
513,498,1.00
514,498,1.00
515,498,1.00
516,498,1.00
517,498,0.30
511,499,1.00
512,499,1.00
513,499,1.00
514,499,1.00
515,499,1.00
516,499,0.96
517,499,0.30
511,500,1.00
512,500,1.00
513,500,1.00
514,500,1.00
515,500,1.00
516,500,0.68
517,500,0.30
511,501,1.00
512,501,1.00
513,501,1.00
514,501,1.00
515,501,1.00
516,501,0.60
517,501,0.30
510,495,1.00
510,496,1.00
510,497,1.00
510,498,1.00
510,499,1.00
510,500,1.00
510,501,1.00
509,495,1.00
509,496,1.00
509,497,1.00
509,498,1.00
509,499,1.00
509,500,1.00
509,501,1.00
508,495,1.00
508,496,1.00
508,497,1.00
508,498,1.00
508,499,1.00
508,500,1.00
508,501,1.00
507,495,1.00
507,496,1.00
507,497,1.00
507,498,1.00
507,499,1.00
507,500,1.00
507,501,1.00
506,495,0.60
506,496,1.00
506,497,1.00
506,498,1.00
506,499,1.00
506,500,1.00
506,501,1.00
505,495,0.30
505,496,1.00
505,497,1.00
505,498,1.00
505,499,1.00
505,500,1.00
505,501,1.00
505,502,1.00
506,502,1.00
507,502,1.00
508,502,1.00
509,502,1.00
510,502,0.90
511,502,0.30
504,496,1.00
504,497,1.00
504,498,1.00
504,499,1.00
504,500,1.00
504,501,1.00
504,502,1.00
503,496,1.00
503,497,1.00
503,498,1.00
503,499,1.00
503,500,1.00
503,501,1.00
503,502,1.00
502,497,1.00
502,498,1.00
502,499,1.00
502,500,1.00
502,501,1.00
502,502,1.00
502,503,1.00
503,503,1.00
504,503,1.00
505,503,1.00
506,503,1.00
507,503,1.00
508,503,1.00
501,498,1.00
501,499,1.00
501,500,1.00
501,501,1.00
501,502,1.00
501,503,1.00
501,504,1.00
502,504,1.00
503,504,1.00
504,504,1.00
505,504,1.00
506,504,1.00
507,504,0.60
500,498,0.60
500,499,1.00
500,500,1.00
500,501,1.00
500,502,1.00
500,503,1.00
500,504,1.00
499,499,0.90
499,500,1.00
499,501,1.00
499,502,1.00
499,503,1.00
499,504,1.00
499,505,1.00
500,505,1.00
501,505,1.00
502,505,1.00
503,505,1.00
504,505,0.90
505,505,0.30
498,499,0.60
498,500,1.00
498,501,1.00
498,502,1.00
498,503,1.00
498,504,1.00
498,505,1.00
497,500,0.60
497,501,1.00
497,502,1.00
497,503,1.00
497,504,1.00
497,505,1.00
497,506,1.00
498,506,1.00
499,506,1.00
500,506,1.00
501,506,0.90
502,506,0.60
503,506,0.30
496,500,0.30
496,501,1.00
496,502,1.00
496,503,1.00
496,504,1.00
496,505,1.00
496,506,1.00
495,501,0.90
495,502,1.00
495,503,1.00
495,504,1.00
495,505,1.00
495,506,1.00
495,507,1.00
496,507,1.00
497,507,1.00
498,507,1.00
499,507,0.90
500,507,0.60
501,507,0.30
494,501,0.60
494,502,1.00
494,503,1.00
494,504,1.00
494,505,1.00
494,506,1.00
494,507,1.00
493,501,0.30
493,502,1.00
493,503,1.00
493,504,1.00
493,505,1.00
493,506,1.00
493,507,1.00
492,502,0.90
492,503,1.00
492,504,1.00
492,505,1.00
492,506,1.00
492,507,1.00
492,508,1.00
493,508,1.00
494,508,1.00
495,508,1.00
496,508,0.90
497,508,0.60
498,508,0.30
491,502,0.60
491,503,1.00
491,504,1.00
491,505,1.00
491,506,1.00
491,507,1.00
491,508,1.00
490,502,0.30
490,503,1.00
490,504,1.00
490,505,1.00
490,506,1.00
490,507,1.00
490,508,1.00
489,503,0.90
489,504,1.00
489,505,1.00
489,506,1.00
489,507,1.00
489,508,1.00
489,509,1.00
490,509,1.00
491,509,1.00
492,509,1.00
493,509,1.00
494,509,0.90
495,509,0.30
488,503,0.60
488,504,1.00
488,505,1.00
488,506,1.00
488,507,1.00
488,508,1.00
488,509,1.00
487,504,0.90
487,505,1.00
487,506,1.00
487,507,1.00
487,508,1.00
487,509,1.00
487,510,1.00
488,510,1.00
489,510,1.00
490,510,1.00
491,510,0.90
492,510,0.60
493,510,0.30
486,504,0.60
486,505,1.00
486,506,1.00
486,507,1.00
486,508,1.00
486,509,1.00
486,510,1.00
485,504,0.30
485,505,1.00
485,506,1.00
485,507,1.00
485,508,1.00
485,509,1.00
485,510,1.00
484,505,0.90
484,506,1.00
484,507,1.00
484,508,1.00
484,509,1.00
484,510,1.00
484,511,1.00
485,511,1.00
486,511,1.00
487,511,1.00
488,511,0.90
489,511,0.60
490,511,0.30
483,505,0.60
483,506,1.00
483,507,1.00
483,508,1.00
483,509,1.00
483,510,1.00
483,511,1.00
482,505,0.30
482,506,1.00
482,507,1.00
482,508,1.00
482,509,1.00
482,510,1.00
482,511,1.00
481,506,0.90
481,507,1.00
481,508,1.00
481,509,1.00
481,510,1.00
481,511,1.00
481,512,1.00
482,512,1.00
483,512,1.00
484,512,1.00
485,512,1.00
486,512,0.90
487,512,0.60
480,506,0.30
480,507,1.00
480,508,1.00
480,509,1.00
480,510,1.00
480,511,1.00
480,512,1.00
479,507,1.00
479,508,1.00
479,509,1.00
479,510,1.00
479,511,1.00
479,512,1.00
479,513,1.00
480,513,1.00
481,513,1.00
482,513,1.00
483,513,1.00
484,513,1.00
485,513,0.60
478,507,1.00
478,508,1.00
478,509,1.00
478,510,1.00
478,511,1.00
478,512,1.00
478,513,1.00
477,507,0.60
477,508,1.00
477,509,1.00
477,510,1.00
477,511,1.00
477,512,1.00
477,513,1.00
476,508,0.90
476,509,1.00
476,510,1.00
476,511,1.00
476,512,1.00
476,513,1.00
476,514,1.00
477,514,1.00
478,514,1.00
479,514,1.00
480,514,0.90
481,514,0.60
482,514,0.30
475,508,0.60
475,509,0.98
475,510,1.00
475,511,1.00
475,512,1.00
475,513,1.00
475,514,1.00
474,508,0.30
474,509,0.60
474,510,1.00
474,511,1.00
474,512,1.00
474,513,1.00
474,514,1.00
473,509,0.30
473,510,0.90
473,511,1.00
473,512,1.00
473,513,1.00
473,514,1.00
473,515,1.00
474,515,1.00
475,515,1.00
476,515,1.00
477,515,0.68
478,515,0.60
479,515,0.30
472,510,0.60
472,511,1.00
472,512,1.00
472,513,1.00
472,514,1.00
472,515,1.00
472,516,1.00
473,516,1.00
474,516,0.98
475,516,0.90
476,516,0.60
477,516,0.30
478,516,0.30
470,510,0.30
471,510,0.30
470,511,0.60
471,511,0.68
470,512,0.98
471,512,1.00
470,513,1.00
471,513,1.00
470,514,1.00
471,514,1.00
470,515,1.00
471,515,1.00
470,516,1.00
471,516,1.00
469,511,0.30
469,512,0.60
469,513,1.00
469,514,1.00
469,515,1.00
469,516,1.00
469,517,1.00
470,517,1.00
471,517,1.00
472,517,0.98
473,517,0.60
474,517,0.30
475,517,0.30
467,512,0.30
468,512,0.30
467,513,0.60
468,513,0.68
467,514,0.98
468,514,1.00
467,515,1.00
468,515,1.00
467,516,1.00
468,516,1.00
467,517,1.00
468,517,1.00
467,518,1.00
468,518,1.00
469,518,1.00
470,518,1.00
471,518,0.68
472,518,0.60
473,518,0.30
466,513,0.30
466,514,0.60
466,515,1.00
466,516,1.00
466,517,1.00
466,518,1.00
466,519,1.00
467,519,1.00
468,519,1.00
469,519,0.98
470,519,0.60
471,519,0.30
472,519,0.30
464,514,0.30
465,514,0.30
464,515,0.60
465,515,0.68
464,516,1.00
465,516,1.00
464,517,1.00
465,517,1.00
464,518,1.00
465,518,1.00
464,519,1.00
465,519,1.00
464,520,1.00
465,520,1.00
466,520,1.00
467,520,1.00
468,520,0.68
469,520,0.60
470,520,0.30
463,515,0.30
463,516,0.90
463,517,1.00
463,518,1.00
463,519,1.00
463,520,1.00
463,521,1.00
464,521,1.00
465,521,1.00
466,521,0.98
467,521,0.60
468,521,0.30
469,521,0.30
461,516,0.60
462,516,0.60
461,517,0.98
462,517,1.00
461,518,1.00
462,518,1.00
461,519,1.00
462,519,1.00
461,520,1.00
462,520,1.00
461,521,1.00
462,521,1.00
461,522,1.00
462,522,1.00
463,522,1.00
464,522,1.00
465,522,0.90
466,522,0.60
467,522,0.30
460,516,0.30
460,517,0.60
460,518,1.00
460,519,1.00
460,520,1.00
460,521,1.00
460,522,1.00
459,517,0.30
459,518,0.90
459,519,1.00
459,520,1.00
459,521,1.00
459,522,1.00
459,523,1.00
460,523,1.00
461,523,1.00
462,523,1.00
463,523,0.68
464,523,0.60
465,523,0.30
458,518,0.60
458,519,1.00
458,520,1.00
458,521,1.00
458,522,1.00
458,523,1.00
458,524,1.00
459,524,1.00
460,524,0.98
461,524,0.90
462,524,0.60
463,524,0.30
464,524,0.30
456,518,0.30
457,518,0.30
456,519,0.90
457,519,0.98
456,520,1.00
457,520,1.00
456,521,1.00
457,521,1.00
456,522,1.00
457,522,1.00
456,523,1.00
457,523,1.00
456,524,1.00
457,524,1.00
455,519,0.60
455,520,1.00
455,521,1.00
455,522,1.00
455,523,1.00
455,524,1.00
455,525,1.00
456,525,1.00
457,525,0.98
458,525,0.90
459,525,0.60
460,525,0.30
461,525,0.30
453,519,0.30
454,519,0.30
453,520,0.60
454,520,0.68
453,521,1.00
454,521,1.00
453,522,1.00
454,522,1.00
453,523,1.00
454,523,1.00
453,524,1.00
454,524,1.00
453,525,1.00
454,525,1.00
452,520,0.30
452,521,0.90
452,522,1.00
452,523,1.00
452,524,1.00
452,525,1.00
452,526,1.00
453,526,1.00
454,526,1.00
455,526,0.98
456,526,0.60
457,526,0.30
458,526,0.30
450,521,0.60
451,521,0.60
450,522,0.98
451,522,1.00
450,523,1.00
451,523,1.00
450,524,1.00
451,524,1.00
450,525,1.00
451,525,1.00
450,526,1.00
451,526,1.00
450,527,1.00
451,527,1.00
452,527,0.98
453,527,0.90
454,527,0.60
455,527,0.60
456,527,0.30
449,521,0.30
449,522,0.60
449,523,1.00
449,524,1.00
449,525,1.00
449,526,1.00
449,527,1.00
447,522,0.30
448,522,0.30
447,523,0.90
448,523,0.68
447,524,1.00
448,524,1.00
447,525,1.00
448,525,1.00
447,526,1.00
448,526,1.00
447,527,1.00
448,527,1.00
447,528,1.00
448,528,0.96
449,528,0.68
450,528,0.60
451,528,0.30
452,528,0.30
453,528,0.30
444,523,0.60
445,523,0.60
446,523,0.60
444,524,1.00
445,524,1.00
446,524,1.00
444,525,1.00
445,525,1.00
446,525,1.00
444,526,1.00
445,526,1.00
446,526,1.00
444,527,1.00
445,527,1.00
446,527,1.00
444,528,1.00
445,528,1.00
446,528,1.00
444,529,0.90
445,529,0.60
446,529,0.60
447,529,0.60
448,529,0.30
449,529,0.30
450,529,0.30
441,523,0.30
442,523,0.30
443,523,0.30
441,524,0.60
442,524,0.68
443,524,0.96
441,525,1.00
442,525,1.00
443,525,1.00
441,526,1.00
442,526,1.00
443,526,1.00
441,527,1.00
442,527,1.00
443,527,1.00
441,528,1.00
442,528,1.00
443,528,1.00
441,529,1.00
442,529,1.00
443,529,0.68
438,524,0.30
439,524,0.30
440,524,0.30
438,525,0.60
439,525,0.68
440,525,0.96
438,526,1.00
439,526,1.00
440,526,1.00
438,527,1.00
439,527,1.00
440,527,1.00
438,528,1.00
439,528,1.00
440,528,1.00
438,529,1.00
439,529,1.00
440,529,1.00
438,530,1.00
439,530,1.00
440,530,0.96
441,530,0.68
442,530,0.60
443,530,0.30
444,530,0.30
436,525,0.30
437,525,0.30
436,526,0.90
437,526,0.98
436,527,1.00
437,527,1.00
436,528,1.00
437,528,1.00
436,529,1.00
437,529,1.00
436,530,1.00
437,530,1.00
436,531,1.00
437,531,1.00
438,531,0.68
439,531,0.60
440,531,0.30
441,531,0.30
442,531,0.30
433,526,0.60
434,526,0.60
435,526,0.60
433,527,1.00
434,527,1.00
435,527,1.00
433,528,1.00
434,528,1.00
435,528,1.00
433,529,1.00
434,529,1.00
435,529,1.00
433,530,1.00
434,530,1.00
435,530,1.00
433,531,1.00
434,531,1.00
435,531,1.00
433,532,1.00
434,532,0.98
435,532,0.90
436,532,0.60
437,532,0.60
438,532,0.30
439,532,0.30
431,526,0.30
432,526,0.30
431,527,0.60
432,527,0.68
431,528,1.00
432,528,1.00
431,529,1.00
432,529,1.00
431,530,1.00
432,530,1.00
431,531,1.00
432,531,1.00
431,532,1.00
432,532,1.00
429,527,0.30
430,527,0.30
429,528,0.60
430,528,0.68
429,529,1.00
430,529,1.00
429,530,1.00
430,530,1.00
429,531,1.00
430,531,1.00
429,532,1.00
430,532,1.00
429,533,1.00
430,533,1.00
431,533,1.00
432,533,0.98
433,533,0.60
434,533,0.30
435,533,0.30
427,528,0.30
428,528,0.30
427,529,0.60
428,529,0.68
427,530,0.98
428,530,1.00
427,531,1.00
428,531,1.00
427,532,1.00
428,532,1.00
427,533,1.00
428,533,1.00
427,534,1.00
428,534,1.00
429,534,1.00
430,534,1.00
431,534,0.68
432,534,0.60
433,534,0.30
426,529,0.30
426,530,0.60
426,531,1.00
426,532,1.00
426,533,1.00
426,534,1.00
426,535,1.00
427,535,1.00
428,535,1.00
429,535,0.98
430,535,0.60
431,535,0.30
432,535,0.30
424,530,0.30
425,530,0.30
424,531,0.60
425,531,0.68
424,532,0.98
425,532,1.00
424,533,1.00
425,533,1.00
424,534,1.00
425,534,1.00
424,535,1.00
425,535,1.00
424,536,1.00
425,536,1.00
426,536,1.00
427,536,1.00
428,536,0.68
429,536,0.60
430,536,0.30
423,531,0.30
423,532,0.60
423,533,1.00
423,534,1.00
423,535,1.00
423,536,1.00
423,537,1.00
424,537,1.00
425,537,1.00
426,537,0.98
427,537,0.60
428,537,0.30
429,537,0.30
421,532,0.30
422,532,0.30
421,533,1.00
422,533,1.00
421,534,1.00
422,534,1.00
421,535,1.00
422,535,1.00
421,536,1.00
422,536,1.00
421,537,1.00
422,537,1.00
421,538,1.00
422,538,1.00
423,538,1.00
424,538,1.00
425,538,0.98
426,538,0.60
427,538,0.30
420,533,0.90
420,534,1.00
420,535,1.00
420,536,1.00
420,537,1.00
420,538,1.00
420,539,1.00
421,539,1.00
422,539,1.00
423,539,1.00
424,539,1.00
425,539,0.60
426,539,0.30
419,533,0.60
419,534,1.00
419,535,1.00
419,536,1.00
419,537,1.00
419,538,1.00
419,539,1.00
418,533,0.30
418,534,0.90
418,535,0.90
418,536,0.90
418,537,0.90
418,538,0.90
418,539,0.90
418,540,0.60
419,540,0.60
420,540,0.60
421,540,0.60
422,540,0.60
423,540,0.60
424,540,0.60

465,465,0.30
466,465,0.30
467,465,0.30
468,465,0.30
469,465,0.30
470,465,0.30
471,465,0.30
465,466,0.60
466,466,0.68
467,466,0.96
468,466,1.00
469,466,0.96
470,466,0.68
471,466,0.60
465,467,0.60
466,467,1.00
467,467,1.00
468,467,1.00
469,467,1.00
470,467,1.00
471,467,0.60
465,468,0.60
466,468,1.00
467,468,1.00
468,468,1.00
469,468,1.00
470,468,1.00
471,468,0.60
465,469,0.90
466,469,1.00
467,469,1.00
468,469,1.00
469,469,1.00
470,469,1.00
471,469,0.90
465,470,0.90
466,470,1.00
467,470,1.00
468,470,1.00
469,470,1.00
470,470,1.00
471,470,0.90
465,471,0.90
466,471,1.00
467,471,1.00
468,471,1.00
469,471,1.00
470,471,1.00
471,471,0.90
465,472,0.60
466,472,1.00
467,472,1.00
468,472,1.00
469,472,1.00
470,472,1.00
471,472,0.60
465,473,0.30
466,473,0.66
467,473,1.00
468,473,1.00
469,473,1.00
470,473,0.66
471,473,0.30
465,474,0.60
466,474,0.68
467,474,0.96
468,474,1.00
469,474,0.96
470,474,0.68
471,474,0.60
465,475,0.60
466,475,0.68
467,475,0.96
468,475,1.00
469,475,0.96
470,475,0.68
471,475,0.60
465,476,0.60
466,476,0.96
467,476,1.00
468,476,1.00
469,476,1.00
470,476,0.96
471,476,0.60
465,477,0.90
466,477,1.00
467,477,1.00
468,477,1.00
469,477,1.00
470,477,1.00
471,477,0.90
465,478,0.90
466,478,1.00
467,478,1.00
468,478,1.00
469,478,1.00
470,478,1.00
471,478,1.00
465,479,0.90
466,479,1.00
467,479,1.00
468,479,1.00
469,479,1.00
470,479,1.00
471,479,1.00
465,480,0.90
466,480,1.00
467,480,1.00
468,480,1.00
469,480,1.00
470,480,1.00
471,480,1.00
465,481,0.60
466,481,1.00
467,481,1.00
468,481,1.00
469,481,1.00
470,481,1.00
471,481,1.00
465,482,0.60
466,482,1.00
467,482,1.00
468,482,1.00
469,482,1.00
470,482,1.00
471,482,1.00
465,483,0.30
466,483,1.00
467,483,1.00
468,483,1.00
469,483,1.00
470,483,1.00
471,483,1.00
472,478,0.60
472,479,1.00
472,480,1.00
472,481,1.00
472,482,1.00
472,483,1.00
466,484,1.00
467,484,1.00
468,484,1.00
469,484,1.00
470,484,1.00
471,484,1.00
472,484,1.00
466,485,1.00
467,485,1.00
468,485,1.00
469,485,1.00
470,485,1.00
471,485,1.00
472,485,1.00
473,480,0.30
473,481,0.60
473,482,1.00
473,483,1.00
473,484,1.00
473,485,1.00
467,486,0.90
468,486,1.00
469,486,1.00
470,486,1.00
471,486,1.00
472,486,1.00
473,486,1.00
467,487,0.60
468,487,1.00
469,487,1.00
470,487,1.00
471,487,1.00
472,487,1.00
473,487,1.00
467,488,0.30
468,488,1.00
469,488,1.00
470,488,1.00
471,488,1.00
472,488,1.00
473,488,1.00
474,482,0.30
474,483,0.60
474,484,0.90
474,485,1.00
474,486,1.00
474,487,1.00
474,488,1.00
468,489,0.60
469,489,1.00
470,489,1.00
471,489,1.00
472,489,1.00
473,489,1.00
474,489,1.00
468,490,0.30
469,490,1.00
470,490,1.00
471,490,1.00
472,490,1.00
473,490,1.00
474,490,1.00
475,485,0.30
475,486,0.60
475,487,0.90
475,488,1.00
475,489,1.00
475,490,1.00
469,491,0.90
470,491,1.00
471,491,1.00
472,491,1.00
473,491,1.00
474,491,1.00
475,491,1.00
469,492,0.60
470,492,1.00
471,492,1.00
472,492,1.00
473,492,1.00
474,492,1.00
475,492,1.00
469,493,0.30
470,493,1.00
471,493,1.00
472,493,1.00
473,493,1.00
474,493,1.00
475,493,1.00
476,488,0.30
476,489,0.60
476,490,0.90
476,491,1.00
476,492,1.00
476,493,1.00
470,494,0.90
471,494,1.00
472,494,1.00
473,494,1.00
474,494,1.00
475,494,1.00
476,494,1.00
470,495,0.60
471,495,1.00
472,495,1.00
473,495,1.00
474,495,1.00
475,495,1.00
476,495,1.00
470,496,0.30
471,496,1.00
472,496,1.00
473,496,1.00
474,496,1.00
475,496,1.00
476,496,1.00
477,491,0.30
477,492,0.30
477,493,0.60
477,494,0.60
477,495,0.90
477,496,0.90
471,497,0.90
472,497,1.00
473,497,1.00
474,497,1.00
475,497,1.00
476,497,1.00
477,497,1.00
471,498,0.60
472,498,1.00
473,498,1.00
474,498,1.00
475,498,1.00
476,498,1.00
477,498,0.98
471,499,0.60
472,499,1.00
473,499,1.00
474,499,1.00
475,499,1.00
476,499,1.00
477,499,1.00
471,500,0.30
472,500,1.00
473,500,1.00
474,500,1.00
475,500,1.00
476,500,1.00
477,500,1.00
471,501,0.30
472,501,1.00
473,501,1.00
474,501,1.00
475,501,1.00
476,501,1.00
477,501,1.00
478,497,0.30
478,498,0.30
478,499,0.60
478,500,0.90
478,501,0.90
472,502,1.00
473,502,1.00
474,502,1.00
475,502,1.00
476,502,1.00
477,502,1.00
478,502,1.00
472,503,1.00
473,503,1.00
474,503,1.00
475,503,1.00
476,503,1.00
477,503,1.00
478,503,1.00
472,504,1.00
473,504,1.00
474,504,1.00
475,504,1.00
476,504,1.00
477,504,1.00
478,504,1.00
472,505,1.00
473,505,1.00
474,505,1.00
475,505,1.00
476,505,1.00
477,505,1.00
478,505,1.00
472,506,1.00
473,506,1.00
474,506,1.00
475,506,1.00
476,506,1.00
477,506,1.00
478,506,1.00
472,507,1.00
473,507,1.00
474,507,1.00
475,507,1.00
476,507,1.00
477,507,1.00
478,507,1.00
472,508,1.00
473,508,1.00
474,508,1.00
475,508,1.00
476,508,1.00
477,508,1.00
478,508,1.00
472,509,0.90
473,509,1.00
474,509,1.00
475,509,1.00
476,509,1.00
477,509,1.00
478,509,0.90
472,510,0.60
473,510,0.60
474,510,0.60
475,510,0.60
476,510,0.60
477,510,0.60
478,510,0.60

471,468,0.60
472,468,0.60
473,468,0.60
474,468,0.60
475,468,0.60
476,468,0.60
477,468,0.60
471,469,0.90
472,469,1.00
473,469,1.00
474,469,1.00
475,469,1.00
476,469,1.00
477,469,0.90
471,470,0.90
472,470,1.00
473,470,1.00
474,470,1.00
475,470,1.00
476,470,1.00
477,470,0.90
471,471,1.00
472,471,1.00
473,471,1.00
474,471,1.00
475,471,1.00
476,471,1.00
477,471,1.00
471,472,1.00
472,472,1.00
473,472,1.00
474,472,1.00
475,472,1.00
476,472,1.00
477,472,1.00
471,473,1.00
472,473,1.00
473,473,1.00
474,473,1.00
475,473,1.00
476,473,1.00
477,473,1.00
471,474,1.00
472,474,1.00
473,474,1.00
474,474,1.00
475,474,1.00
476,474,1.00
477,474,1.00
471,475,1.00
472,475,1.00
473,475,1.00
474,475,1.00
475,475,1.00
476,475,1.00
477,475,1.00
471,476,1.00
472,476,1.00
473,476,1.00
474,476,1.00
475,476,1.00
476,476,1.00
477,476,1.00
471,477,1.00
472,477,1.00
473,477,1.00
474,477,1.00
475,477,1.00
476,477,1.00
477,477,1.00
471,478,1.00
472,478,1.00
473,478,1.00
474,478,1.00
475,478,1.00
476,478,1.00
477,478,1.00
471,479,1.00
472,479,1.00
473,479,1.00
474,479,1.00
475,479,1.00
476,479,1.00
477,479,1.00
471,480,1.00
472,480,1.00
473,480,1.00
474,480,1.00
475,480,1.00
476,480,1.00
477,480,1.00
471,481,1.00
472,481,1.00
473,481,1.00
474,481,1.00
475,481,1.00
476,481,1.00
477,481,1.00
471,482,1.00
472,482,1.00
473,482,1.00
474,482,1.00
475,482,1.00
476,482,1.00
477,482,1.00
471,483,1.00
472,483,1.00
473,483,1.00
474,483,1.00
475,483,1.00
476,483,1.00
477,483,1.00
471,484,1.00
472,484,1.00
473,484,1.00
474,484,1.00
475,484,1.00
476,484,1.00
477,484,1.00
471,485,1.00
472,485,1.00
473,485,1.00
474,485,1.00
475,485,1.00
476,485,1.00
477,485,1.00
471,486,1.00
472,486,1.00
473,486,1.00
474,486,1.00
475,486,1.00
476,486,1.00
477,486,1.00
471,487,1.00
472,487,1.00
473,487,1.00
474,487,1.00
475,487,1.00
476,487,1.00
477,487,1.00
471,488,0.90
472,488,1.00
473,488,1.00
474,488,1.00
475,488,1.00
476,488,1.00
477,488,1.00
471,489,0.60
472,489,1.00
473,489,1.00
474,489,1.00
475,489,1.00
476,489,1.00
477,489,1.00
471,490,0.30
472,490,1.00
473,490,1.00
474,490,1.00
475,490,1.00
476,490,1.00
477,490,1.00
478,485,0.30
478,486,0.60
478,487,0.90
478,488,1.00
478,489,1.00
478,490,1.00
472,491,1.00
473,491,1.00
474,491,1.00
475,491,1.00
476,491,1.00
477,491,1.00
478,491,1.00
472,492,0.90
473,492,1.00
474,492,1.00
475,492,1.00
476,492,1.00
477,492,1.00
478,492,1.00
472,493,0.60
473,493,1.00
474,493,1.00
475,493,1.00
476,493,1.00
477,493,1.00
478,493,1.00
472,494,0.30
473,494,1.00
474,494,1.00
475,494,1.00
476,494,1.00
477,494,1.00
478,494,1.00
479,489,0.30
479,490,0.60
479,491,1.00
479,492,1.00
479,493,1.00
479,494,1.00
473,495,0.90
474,495,1.00
475,495,1.00
476,495,1.00
477,495,1.00
478,495,1.00
479,495,1.00
473,496,0.60
474,496,1.00
475,496,1.00
476,496,1.00
477,496,1.00
478,496,1.00
479,496,1.00
473,497,0.30
474,497,0.90
475,497,1.00
476,497,1.00
477,497,1.00
478,497,1.00
479,497,1.00
480,491,0.30
480,492,0.60
480,493,0.90
480,494,1.00
480,495,1.00
480,496,1.00
480,497,1.00
474,498,0.30
475,498,0.90
476,498,1.00
477,498,1.00
478,498,1.00
479,498,1.00
480,498,1.00
481,493,0.30
481,494,0.60
481,495,0.60
481,496,1.00
481,497,1.00
481,498,1.00
475,499,0.60
476,499,1.00
477,499,1.00
478,499,1.00
479,499,1.00
480,499,1.00
481,499,1.00
475,500,0.30
476,500,0.90
477,500,1.00
478,500,1.00
479,500,1.00
480,500,1.00
481,500,1.00
482,496,0.60
482,497,0.90
482,498,1.00
482,499,1.00
482,500,1.00
476,501,0.60
477,501,1.00
478,501,1.00
479,501,1.00
480,501,1.00
481,501,1.00
482,501,1.00
476,502,0.60
477,502,1.00
478,502,1.00
479,502,1.00
480,502,1.00
481,502,1.00
482,502,1.00
483,497,0.30
483,498,0.90
483,499,1.00
483,500,1.00
483,501,1.00
483,502,1.00
477,503,0.90
478,503,1.00
479,503,1.00
480,503,1.00
481,503,1.00
482,503,1.00
483,503,1.00
477,504,0.60
478,504,1.00
479,504,1.00
480,504,1.00
481,504,1.00
482,504,1.00
483,504,1.00
484,499,0.60
484,500,0.90
484,501,1.00
484,502,1.00
484,503,1.00
484,504,1.00
478,505,0.90
479,505,1.00
480,505,1.00
481,505,1.00
482,505,1.00
483,505,1.00
484,505,1.00
478,506,0.30
479,506,1.00
480,506,1.00
481,506,1.00
482,506,1.00
483,506,1.00
484,506,1.00
485,501,0.90
485,502,0.90
485,503,0.90
485,504,0.90
485,505,0.90
485,506,0.90
479,507,0.90
480,507,0.90
481,507,0.90
482,507,0.90
483,507,0.90
484,507,0.90
485,507,0.90

457,473,1.00
458,473,1.00
459,473,1.00
460,473,1.00
461,473,1.00
462,473,0.90
463,473,0.60
457,474,1.00
458,474,1.00
459,474,1.00
460,474,1.00
461,474,1.00
462,474,1.00
463,474,0.60
457,475,1.00
458,475,1.00
459,475,1.00
460,475,1.00
461,475,1.00
462,475,1.00
463,475,0.60
457,476,1.00
458,476,1.00
459,476,1.00
460,476,1.00
461,476,1.00
462,476,1.00
463,476,0.60
457,477,1.00
458,477,1.00
459,477,1.00
460,477,1.00
461,477,1.00
462,477,1.00
463,477,0.60
457,478,1.00
458,478,1.00
459,478,1.00
460,478,1.00
461,478,1.00
462,478,1.00
463,478,0.60
457,479,1.00
458,479,1.00
459,479,1.00
460,479,1.00
461,479,1.00
462,479,0.90
463,479,0.60
456,471,1.00
457,471,1.00
458,471,1.00
459,471,1.00
460,471,1.00
461,471,0.60
462,471,0.30
456,472,1.00
457,472,1.00
458,472,1.00
459,472,1.00
460,472,1.00
461,472,0.68
462,472,0.30
456,473,1.00
456,474,1.00
456,475,1.00
456,476,1.00
456,477,1.00
455,469,0.90
456,469,0.90
457,469,0.90
458,469,0.90
459,469,0.90
460,469,0.90
461,469,0.30
455,470,1.00
456,470,1.00
457,470,1.00
458,470,1.00
459,470,1.00
460,470,1.00
461,470,0.30
455,471,1.00
455,472,1.00
455,473,1.00
455,474,1.00
455,475,1.00
454,469,0.60
454,470,0.90
454,471,0.90
454,472,0.90
454,473,0.90
454,474,0.90
454,475,0.90
454,476,0.30
455,476,0.60
455,477,0.30
455,478,0.30
456,478,0.96
455,479,0.30
456,479,0.68
455,480,0.30
456,480,0.90
457,480,1.00
458,480,1.00
459,480,1.00
460,480,1.00
461,480,1.00
462,480,0.60
456,481,0.60
457,481,1.00
458,481,1.00
459,481,1.00
460,481,1.00
461,481,1.00
462,481,0.60
456,482,0.90
457,482,1.00
458,482,1.00
459,482,1.00
460,482,1.00
461,482,1.00
462,482,0.90
456,483,0.90
457,483,1.00
458,483,1.00
459,483,1.00
460,483,1.00
461,483,1.00
462,483,1.00
456,484,0.90
457,484,1.00
458,484,1.00
459,484,1.00
460,484,1.00
461,484,1.00
462,484,1.00
456,485,1.00
457,485,1.00
458,485,1.00
459,485,1.00
460,485,1.00
461,485,1.00
462,485,1.00
456,486,1.00
457,486,1.00
458,486,1.00
459,486,1.00
460,486,1.00
461,486,1.00
462,486,1.00
456,487,1.00
457,487,1.00
458,487,1.00
459,487,1.00
460,487,1.00
461,487,1.00
462,487,1.00
456,488,1.00
457,488,1.00
458,488,1.00
459,488,1.00
460,488,1.00
461,488,1.00
462,488,1.00
463,483,0.30
463,484,1.00
463,485,1.00
463,486,1.00
463,487,1.00
463,488,1.00
457,489,1.00
458,489,1.00
459,489,1.00
460,489,1.00
461,489,1.00
462,489,1.00
463,489,1.00
457,490,1.00
458,490,1.00
459,490,1.00
460,490,1.00
461,490,1.00
462,490,1.00
463,490,0.90
456,489,1.00
456,490,1.00
454,485,0.30
455,485,0.30
454,486,0.90
455,486,0.98
454,487,1.00
455,487,1.00
454,488,1.00
455,488,1.00
454,489,1.00
455,489,1.00
454,490,1.00
455,490,1.00
454,491,1.00
455,491,1.00
456,491,1.00
457,491,1.00
458,491,1.00
459,491,0.90
460,491,0.90
453,486,0.60
453,487,1.00
453,488,1.00
453,489,1.00
453,490,1.00
453,491,1.00
453,492,1.00
454,492,1.00
455,492,1.00
456,492,1.00
457,492,0.90
458,492,1.00
459,492,0.98
452,486,0.30
452,487,0.90
452,488,1.00
452,489,1.00
452,490,1.00
452,491,1.00
452,492,1.00
450,487,0.60
451,487,0.60
450,488,1.00
451,488,1.00
450,489,1.00
451,489,1.00
450,490,1.00
451,490,1.00
450,491,1.00
451,491,1.00
450,492,1.00
451,492,1.00
450,493,1.00
451,493,1.00
452,493,1.00
453,493,0.90
454,493,0.90
455,493,0.98
456,493,0.96
449,487,0.30
449,488,1.00
449,489,1.00
449,490,1.00
449,491,1.00
449,492,1.00
449,493,1.00
447,488,1.00
448,488,1.00
447,489,1.00
448,489,1.00
447,490,1.00
448,490,1.00
447,491,1.00
448,491,1.00
447,492,1.00
448,492,1.00
447,493,1.00
448,493,1.00
447,494,1.00
448,494,1.00
449,494,1.00
450,494,1.00
451,494,1.00
452,494,0.90
453,494,0.60
446,488,0.90
446,489,1.00
446,490,1.00
446,491,1.00
446,492,1.00
446,493,1.00
446,494,1.00
445,488,0.60
445,489,1.00
445,490,1.00
445,491,1.00
445,492,1.00
445,493,1.00
445,494,1.00
444,488,0.30
444,489,1.00
444,490,1.00
444,491,1.00
444,492,1.00
444,493,1.00
444,494,1.00
443,489,1.00
443,490,1.00
443,491,1.00
443,492,1.00
443,493,1.00
443,494,1.00
443,495,1.00
444,495,1.00
445,495,1.00
446,495,1.00
447,495,1.00
448,495,1.00
449,495,0.60
442,489,1.00
442,490,1.00
442,491,1.00
442,492,1.00
442,493,1.00
442,494,1.00
442,495,1.00
441,489,0.90
441,490,1.00
441,491,1.00
441,492,1.00
441,493,1.00
441,494,1.00
441,495,1.00
441,496,0.90
442,496,1.00
443,496,1.00
444,496,1.00
445,496,1.00
446,496,1.00
447,496,1.00
441,497,0.90
442,497,1.00
443,497,1.00
444,497,1.00
445,497,1.00
446,497,1.00
447,497,1.00
441,498,0.90
442,498,1.00
443,498,1.00
444,498,1.00
445,498,1.00
446,498,1.00
447,498,1.00
441,499,0.90
442,499,1.00
443,499,1.00
444,499,1.00
445,499,1.00
446,499,1.00
447,499,1.00
441,500,0.90
442,500,1.00
443,500,1.00
444,500,1.00
445,500,1.00
446,500,1.00
447,500,1.00
441,501,0.60
442,501,1.00
443,501,1.00
444,501,1.00
445,501,1.00
446,501,1.00
447,501,1.00
441,502,0.60
442,502,1.00
443,502,1.00
444,502,1.00
445,502,1.00
446,502,1.00
447,502,1.00
441,503,0.60
442,503,1.00
443,503,1.00
444,503,1.00
445,503,1.00
446,503,1.00
447,503,1.00
448,499,1.00
448,500,1.00
448,501,1.00
448,502,1.00
448,503,1.00
442,504,1.00
443,504,1.00
444,504,1.00
445,504,1.00
446,504,1.00
447,504,1.00
448,504,1.00
442,505,1.00
443,505,1.00
444,505,1.00
445,505,1.00
446,505,1.00
447,505,1.00
448,505,1.00
442,506,1.00
443,506,1.00
444,506,1.00
445,506,1.00
446,506,1.00
447,506,1.00
448,506,1.00
442,507,1.00
443,507,1.00
444,507,1.00
445,507,1.00
446,507,1.00
447,507,1.00
448,507,1.00
442,508,1.00
443,508,1.00
444,508,1.00
445,508,1.00
446,508,1.00
447,508,1.00
448,508,1.00
442,509,1.00
443,509,1.00
444,509,1.00
445,509,1.00
446,509,1.00
447,509,1.00
448,509,1.00
442,510,1.00
443,510,1.00
444,510,1.00
445,510,1.00
446,510,1.00
447,510,1.00
448,510,1.00
449,506,1.00
449,507,1.00
449,508,1.00
449,509,1.00
449,510,1.00
443,511,1.00
444,511,1.00
445,511,1.00
446,511,1.00
447,511,1.00
448,511,1.00
449,511,1.00
443,512,1.00
444,512,1.00
445,512,1.00
446,512,1.00
447,512,1.00
448,512,1.00
449,512,1.00
443,513,1.00
444,513,1.00
445,513,1.00
446,513,1.00
447,513,1.00
448,513,1.00
449,513,1.00
443,514,1.00
444,514,1.00
445,514,1.00
446,514,1.00
447,514,1.00
448,514,1.00
449,514,1.00
443,515,1.00
444,515,1.00
445,515,1.00
446,515,1.00
447,515,1.00
448,515,1.00
449,515,1.00
450,509,1.00
450,510,1.00
450,511,1.00
450,512,1.00
450,513,1.00
450,514,1.00
450,515,1.00
444,516,1.00
445,516,1.00
446,516,1.00
447,516,1.00
448,516,1.00
449,516,1.00
450,516,1.00
444,517,1.00
445,517,1.00
446,517,1.00
447,517,1.00
448,517,1.00
449,517,1.00
450,517,1.00
444,518,1.00
445,518,1.00
446,518,1.00
447,518,1.00
448,518,1.00
449,518,1.00
450,518,1.00
451,513,1.00
451,514,1.00
451,515,1.00
451,516,1.00
451,517,1.00
451,518,1.00
445,519,1.00
446,519,1.00
447,519,1.00
448,519,1.00
449,519,1.00
450,519,1.00
451,519,1.00
445,520,1.00
446,520,1.00
447,520,1.00
448,520,1.00
449,520,1.00
450,520,1.00
451,520,1.00
452,514,1.00
452,515,1.00
452,516,1.00
452,517,1.00
452,518,1.00
452,519,1.00
452,520,1.00
452,513,1.00
453,513,1.00
453,514,1.00
453,515,1.00
453,516,1.00
453,517,1.00
453,518,1.00
453,519,1.00
451,511,1.00
452,511,1.00
453,511,1.00
454,511,1.00
455,511,1.00
451,512,1.00
452,512,1.00
453,512,1.00
454,512,1.00
455,512,1.00
454,513,1.00
455,513,1.00
454,514,1.00
455,514,1.00
454,515,1.00
455,515,1.00
454,516,1.00
455,516,0.90
454,517,0.60
455,517,0.30
451,510,1.00
452,510,1.00
453,510,1.00
454,510,1.00
455,510,1.00
456,510,1.00
456,511,1.00
456,512,1.00
456,513,1.00
456,514,1.00
456,515,0.98
456,516,0.60
457,510,1.00
457,511,1.00
457,512,1.00
457,513,1.00
457,514,1.00
457,515,0.60
457,516,0.30
453,509,1.00
454,509,0.90
455,509,0.98
456,509,1.00
457,509,1.00
458,509,1.00
459,509,1.00
458,510,1.00
459,510,1.00
458,511,1.00
459,511,1.00
458,512,1.00
459,512,1.00
458,513,1.00
459,513,1.00
458,514,0.68
459,514,0.60
458,515,0.30
459,515,0.30
454,508,1.00
455,508,0.96
456,508,0.98
457,508,0.98
458,508,1.00
459,508,1.00
460,508,1.00
460,509,1.00
460,510,1.00
460,511,1.00
460,512,1.00
460,513,1.00
460,514,0.30
456,507,1.00
457,507,0.60
458,507,0.60
459,507,0.60
460,507,0.90
461,507,0.90
462,507,1.00
461,508,1.00
462,508,1.00
461,509,1.00
462,509,1.00
461,510,1.00
462,510,1.00
461,511,1.00
462,511,1.00
461,512,1.00
462,512,1.00
461,513,0.90
462,513,0.90
463,507,0.98
464,507,1.00
463,508,1.00
464,508,1.00
463,509,1.00
464,509,1.00
463,510,1.00
464,510,1.00
463,511,1.00
464,511,1.00
463,512,1.00
464,512,1.00
463,513,0.60
464,513,0.60
465,507,1.00
466,507,1.00
465,508,1.00
466,508,1.00
465,509,1.00
466,509,1.00
465,510,1.00
466,510,1.00
465,511,1.00
466,511,1.00
465,512,1.00
466,512,1.00
465,513,0.30
466,513,0.30
462,506,0.60
463,506,0.60
464,506,0.60
465,506,0.90
466,506,1.00
467,506,1.00
468,506,1.00
467,507,1.00
468,507,1.00
467,508,1.00
468,508,1.00
467,509,1.00
468,509,1.00
467,510,1.00
468,510,1.00
467,511,1.00
468,511,1.00
467,512,0.90
468,512,0.90
469,506,1.00
470,506,1.00
469,507,1.00
470,507,1.00
469,508,1.00
470,508,1.00
469,509,1.00
470,509,1.00
469,510,1.00
470,510,1.00
469,511,1.00
470,511,1.00
469,512,0.60
470,512,0.60
471,506,1.00
471,507,1.00
471,508,1.00
471,509,1.00
471,510,1.00
471,511,0.90
471,512,0.30
466,505,0.30
467,505,0.90
468,505,1.00
469,505,1.00
470,505,1.00
471,505,1.00
472,505,1.00
472,506,1.00
472,507,1.00
472,508,1.00
472,509,1.00
472,510,0.98
472,511,0.60
473,505,1.00
473,506,1.00
473,507,1.00
473,508,0.98
473,509,0.90
473,510,0.60
473,511,0.30
467,504,1.00
468,504,1.00
469,504,1.00
470,504,1.00
471,504,1.00
472,504,1.00
473,504,1.00
468,503,1.00
469,503,1.00
470,503,1.00
471,503,1.00
472,503,1.00
473,503,1.00
474,503,1.00
474,504,1.00
474,505,1.00
474,506,0.90
474,507,0.60
474,508,0.30
474,509,0.30
468,501,1.00
469,501,1.00
470,501,1.00
471,501,1.00
472,501,1.00
473,501,1.00
474,501,1.00
468,502,1.00
469,502,1.00
470,502,1.00
471,502,1.00
472,502,1.00
473,502,1.00
474,502,1.00
469,500,1.00
470,500,1.00
471,500,1.00
472,500,1.00
473,500,1.00
474,500,1.00
475,500,1.00
475,501,1.00
475,502,1.00
475,503,1.00
475,504,1.00
475,505,0.90
475,506,0.30
469,499,1.00
470,499,1.00
471,499,1.00
472,499,1.00
473,499,1.00
474,499,1.00
475,499,1.00
469,498,1.00
470,498,1.00
471,498,1.00
472,498,1.00
473,498,1.00
474,498,1.00
475,498,0.90
468,498,1.00
468,499,1.00
468,500,1.00
467,498,1.00
467,499,1.00
467,500,1.00
467,501,1.00
467,502,1.00
467,503,1.00
466,498,1.00
466,499,1.00
466,500,1.00
466,501,1.00
466,502,1.00
466,503,1.00
466,504,0.60
464,498,1.00
465,498,1.00
464,499,1.00
465,499,1.00
464,500,1.00
465,500,1.00
464,501,1.00
465,501,1.00
464,502,1.00
465,502,1.00
464,503,1.00
465,503,1.00
464,504,1.00
465,504,0.60
463,497,1.00
464,497,1.00
465,497,1.00
466,497,1.00
467,497,1.00
468,497,1.00
469,497,1.00
463,498,1.00
463,499,1.00
463,500,1.00
463,501,1.00
463,502,1.00
463,503,1.00
462,497,1.00
462,498,1.00
462,499,1.00
462,500,1.00
462,501,1.00
462,502,1.00
462,503,1.00
462,496,1.00
463,496,1.00
464,496,1.00
465,496,1.00
466,496,1.00
467,496,1.00
468,496,1.00
461,496,1.00
461,497,1.00
461,498,1.00
461,499,1.00
461,500,1.00
461,501,1.00
461,502,1.00
460,496,1.00
460,497,1.00
460,498,1.00
460,499,1.00
460,500,1.00
460,501,1.00
460,502,1.00
459,496,1.00
459,497,1.00
459,498,1.00
459,499,1.00
459,500,1.00
459,501,1.00
459,502,1.00
458,496,1.00
458,497,1.00
458,498,1.00
458,499,1.00
458,500,1.00
458,501,1.00
458,502,1.00
456,497,1.00
457,497,1.00
456,498,1.00
457,498,1.00
456,499,1.00
457,499,1.00
456,500,1.00
457,500,1.00
456,501,1.00
457,501,1.00
456,502,1.00
457,502,1.00
456,503,1.00
457,503,1.00
458,503,1.00
459,503,1.00
460,503,1.00
461,503,1.00
455,498,1.00
455,499,1.00
455,500,1.00
455,501,1.00
455,502,1.00
455,503,1.00
455,504,1.00
456,504,1.00
457,504,1.00
458,504,1.00
459,504,1.00
460,504,1.00
461,504,1.00
454,498,1.00
454,499,1.00
454,500,1.00
454,501,1.00
454,502,1.00
454,503,1.00
454,504,1.00
453,499,1.00
453,500,1.00
453,501,1.00
453,502,1.00
453,503,1.00
453,504,1.00
453,505,1.00
454,505,1.00
455,505,1.00
456,505,1.00
457,505,1.00
458,505,1.00
459,505,1.00
451,500,1.00
452,500,1.00
451,501,1.00
452,501,1.00
451,502,1.00
452,502,1.00
451,503,1.00
452,503,1.00
451,504,1.00
452,504,1.00
451,505,1.00
452,505,1.00
451,506,1.00
452,506,1.00
453,506,1.00
454,506,1.00
455,506,1.00
456,506,1.00
457,506,1.00
450,500,1.00
450,501,1.00
450,502,1.00
450,503,1.00
450,504,1.00
450,505,1.00
450,506,1.00
450,507,1.00
451,507,1.00
452,507,1.00
453,507,1.00
454,507,1.00
455,507,1.00
449,501,1.00
449,502,1.00
449,503,0.98
449,504,1.00
449,505,1.00
450,508,1.00
451,508,1.00
452,508,1.00
453,508,1.00
451,509,1.00
452,509,1.00
442,511,1.00
442,512,1.00
442,513,1.00
442,514,1.00
441,509,1.00
441,510,1.00
441,511,1.00
441,512,1.00
441,513,1.00
441,514,1.00
441,515,1.00
442,515,1.00
439,510,1.00
440,510,1.00
439,511,1.00
440,511,1.00
439,512,1.00
440,512,1.00
439,513,1.00
440,513,1.00
439,514,1.00
440,514,1.00
439,515,1.00
440,515,1.00
439,516,1.00
440,516,1.00
441,516,1.00
442,516,1.00
443,516,1.00
438,510,1.00
438,511,1.00
438,512,1.00
438,513,1.00
438,514,1.00
438,515,1.00
438,516,1.00
437,511,1.00
437,512,1.00
437,513,1.00
437,514,1.00
437,515,1.00
437,516,1.00
437,517,1.00
438,517,1.00
439,517,1.00
440,517,1.00
441,517,1.00
442,517,1.00
443,517,1.00
436,511,1.00
436,512,1.00
436,513,1.00
436,514,1.00
436,515,1.00
436,516,1.00
436,517,1.00
435,511,1.00
435,512,1.00
435,513,1.00
435,514,1.00
435,515,1.00
435,516,1.00
435,517,1.00
434,512,1.00
434,513,1.00
434,514,1.00
434,515,1.00
434,516,1.00
434,517,1.00
434,518,1.00
435,518,1.00
436,518,1.00
437,518,1.00
438,518,1.00
439,518,1.00
440,518,1.00
432,512,1.00
433,512,1.00
432,513,1.00
433,513,1.00
432,514,1.00
433,514,1.00
432,515,1.00
433,515,1.00
432,516,1.00
433,516,1.00
432,517,1.00
433,517,1.00
432,518,1.00
433,518,0.98
431,512,1.00
431,513,1.00
431,514,1.00
431,515,1.00
431,516,1.00
431,517,1.00
431,518,1.00
428,513,1.00
429,513,1.00
430,513,1.00
428,514,1.00
429,514,1.00
430,514,1.00
428,515,1.00
429,515,1.00
430,515,1.00
428,516,1.00
429,516,1.00
430,516,1.00
428,517,1.00
429,517,1.00
430,517,1.00
428,518,1.00
429,518,1.00
430,518,1.00
428,519,1.00
429,519,1.00
430,519,1.00
431,519,0.68
432,519,0.60
433,519,0.30
434,519,0.30
426,514,1.00
427,514,1.00
426,515,1.00
427,515,1.00
426,516,1.00
427,516,1.00
426,517,1.00
427,517,1.00
426,518,1.00
427,518,1.00
426,519,1.00
427,519,1.00
426,520,0.96
427,520,1.00
428,520,0.96
429,520,0.68
430,520,0.60
431,520,0.30
432,520,0.30
424,515,1.00
425,515,1.00
424,516,1.00
425,516,1.00
424,517,1.00
425,517,1.00
424,518,0.98
425,518,1.00
424,519,1.00
425,519,0.96
424,520,1.00
425,520,0.68
424,521,1.00
425,521,0.60
426,521,0.30
427,521,0.30
428,521,0.30
429,521,0.30
430,521,0.30
419,517,1.00
420,517,1.00
421,517,1.00
422,517,1.00
423,517,1.00
419,518,1.00
420,518,0.98
421,518,0.96
422,518,1.00
423,518,0.96
419,519,0.98
420,519,1.00
421,519,1.00
422,519,1.00
423,519,1.00
419,520,1.00
420,520,1.00
421,520,1.00
422,520,1.00
423,520,1.00
419,521,1.00
420,521,1.00
421,521,1.00
422,521,1.00
423,521,1.00
419,522,1.00
420,522,1.00
421,522,1.00
422,522,1.00
423,522,1.00
424,522,0.68
425,522,0.30
419,523,1.00
420,523,1.00
421,523,1.00
422,523,1.00
423,523,0.68
424,523,0.60
425,523,0.30
418,518,1.00
418,519,0.60
418,520,1.00
418,521,1.00
418,522,1.00
418,523,1.00
418,524,1.00
419,524,1.00
420,524,0.96
421,524,0.68
422,524,0.60
423,524,0.60
424,524,0.60
416,519,0.60
417,519,0.30
416,520,0.60
417,520,0.68
416,521,1.00
417,521,1.00
416,522,1.00
417,522,1.00
416,523,1.00
417,523,1.00
416,524,1.00
417,524,1.00
416,525,1.00
417,525,1.00
418,525,0.98
419,525,0.90
420,525,0.60
421,525,0.60
422,525,0.60
413,520,0.30
414,520,0.30
415,520,0.30
413,521,0.30
414,521,0.38
415,521,0.66
413,522,0.30
414,522,0.66
415,522,1.00
413,523,0.60
414,523,1.00
415,523,1.00
413,524,0.68
414,524,0.96
415,524,1.00
413,525,0.96
414,525,0.68
415,525,0.66
413,526,1.00
414,526,0.90
415,526,0.60
416,526,0.60
417,526,0.90
418,526,0.68
419,526,0.96
408,523,0.30
409,523,0.30
410,523,0.30
411,523,0.30
412,523,0.30
408,524,0.60
409,524,0.68
410,524,0.96
411,524,1.00
412,524,0.96
408,525,1.00
409,525,1.00
410,525,1.00
411,525,1.00
412,525,1.00
408,526,1.00
409,526,1.00
410,526,1.00
411,526,1.00
412,526,1.00
408,527,1.00
409,527,1.00
410,527,1.00
411,527,1.00
412,527,1.00
413,527,1.00
414,527,1.00
408,528,1.00
409,528,1.00
410,528,1.00
411,528,1.00
412,528,1.00
413,528,1.00
414,528,1.00
408,529,1.00
409,529,1.00
410,529,1.00
411,529,1.00
412,529,1.00
413,529,1.00
414,529,1.00
406,524,0.30
407,524,0.30
406,525,0.60
407,525,0.68
406,526,1.00
407,526,1.00
406,527,1.00
407,527,1.00
406,528,1.00
407,528,1.00
406,529,1.00
407,529,1.00
406,530,1.00
407,530,1.00
408,530,1.00
409,530,1.00
410,530,1.00
411,530,1.00
412,530,1.00
404,525,0.30
405,525,0.30
404,526,0.90
405,526,0.98
404,527,1.00
405,527,1.00
404,528,1.00
405,528,1.00
404,529,1.00
405,529,1.00
404,530,1.00
405,530,1.00
404,531,1.00
405,531,1.00
406,531,1.00
407,531,1.00
408,531,1.00
409,531,1.00
410,531,1.00
403,526,1.00
403,527,1.00
403,528,1.00
403,529,1.00
403,530,1.00
403,531,1.00
403,532,1.00
404,532,1.00
405,532,1.00
406,532,1.00
407,532,1.00
408,532,0.98
409,532,0.96
401,526,1.00
402,526,1.00
401,527,1.00
402,527,1.00
401,528,1.00
402,528,1.00
401,529,1.00
402,529,1.00
401,530,1.00
402,530,1.00
401,531,1.00
402,531,1.00
401,532,1.00
402,532,1.00
400,527,1.00
400,528,1.00
400,529,1.00
400,530,1.00
400,531,1.00
400,532,1.00
400,533,1.00
401,533,1.00
402,533,1.00
403,533,1.00
404,533,1.00
405,533,1.00
406,533,0.60
399,528,1.00
399,529,1.00
399,530,1.00
399,531,1.00
399,532,1.00
399,533,1.00
399,534,1.00
400,534,1.00
401,534,1.00
402,534,1.00
403,534,1.00
404,534,0.90
405,534,0.60
397,528,1.00
398,528,1.00
397,529,1.00
398,529,1.00
397,530,1.00
398,530,1.00
397,531,1.00
398,531,1.00
397,532,1.00
398,532,1.00
397,533,1.00
398,533,1.00
397,534,1.00
398,534,1.00
407,533,0.60
408,533,0.60
413,530,1.00
411,531,1.00
412,531,1.00
413,531,0.96
410,532,0.77
411,532,0.96
412,532,0.68
413,532,0.60
409,533,0.30
410,533,0.30
411,533,0.30
412,533,0.30
413,533,0.30
415,527,0.66
416,527,0.38
417,527,0.60
415,528,1.00
416,528,0.66
417,528,0.60
415,529,1.00
416,529,0.77
417,529,0.60
414,530,1.00
415,530,1.00
416,530,0.66
417,530,0.60
414,531,0.77
415,531,0.66
416,531,0.38
417,531,0.60
414,532,0.30
415,532,0.30
416,532,0.30
417,532,0.30
423,525,0.60
420,526,0.77
421,526,0.66
422,526,0.38
423,526,0.60
418,527,0.66
419,527,1.00
420,527,1.00
421,527,1.00
422,527,0.66
423,527,0.60
418,528,0.77
419,528,1.00
420,528,1.00
421,528,1.00
422,528,0.77
423,528,0.60
418,529,0.66
419,529,1.00
420,529,1.00
421,529,1.00
422,529,0.66
423,529,0.60
418,530,0.38
419,530,0.66
420,530,0.77
421,530,0.66
422,530,0.38
423,530,0.60
418,531,0.30
419,531,0.30
420,531,0.30
421,531,0.30
422,531,0.30
423,531,0.30
425,524,0.30
426,524,0.30
427,524,0.30
428,524,0.60
429,524,0.96
424,525,0.38
425,525,0.66
426,525,0.77
427,525,0.66
428,525,0.68
429,525,1.00
424,526,0.66
425,526,1.00
426,526,1.00
427,526,1.00
428,526,0.96
429,526,0.96
424,527,0.77
425,527,1.00
426,527,1.00
427,527,1.00
428,527,1.00
429,527,0.68
424,528,0.66
425,528,1.00
426,528,1.00
427,528,1.00
428,528,0.96
429,528,0.60
424,529,0.38
425,529,0.66
426,529,0.77
427,529,0.66
428,529,0.38
429,529,0.30
424,530,0.30
425,530,0.30
426,530,0.30
427,530,0.30
428,530,0.30
429,530,0.30
428,522,0.30
429,522,0.30
430,522,0.30
431,522,0.30
432,522,0.30
433,522,0.60
434,522,0.68
428,523,0.30
429,523,0.38
430,523,0.66
431,523,0.77
432,523,0.66
433,523,0.68
434,523,0.96
430,524,1.00
431,524,1.00
432,524,1.00
433,524,0.96
434,524,1.00
430,525,1.00
431,525,1.00
432,525,1.00
433,525,1.00
434,525,0.96
430,526,1.00
431,526,1.00
432,526,1.00
433,526,0.96
434,526,0.68
430,527,0.66
431,527,0.77
432,527,0.66
433,527,0.68
434,527,0.60
430,528,0.30
431,528,0.30
432,528,0.30
433,528,0.30
434,528,0.30
433,521,0.30
434,521,0.30
435,521,1.00
436,521,1.00
437,521,1.00
438,521,1.00
439,521,1.00
435,522,0.96
436,522,1.00
437,522,1.00
438,522,0.98
439,522,1.00
435,523,1.00
436,523,1.00
437,523,1.00
438,523,0.66
439,523,0.30
435,524,1.00
436,524,1.00
437,524,1.00
438,524,0.77
439,524,0.30
435,525,1.00
436,525,1.00
437,525,1.00
438,525,0.66
439,525,0.30
435,526,0.66
436,526,0.77
437,526,0.66
438,526,0.38
439,526,0.30
435,527,0.30
436,527,0.30
437,527,0.30
438,527,0.30
439,527,0.30
441,518,1.00
442,518,1.00
443,518,1.00
440,519,1.00
441,519,1.00
442,519,1.00
443,519,1.00
444,519,1.00
440,520,1.00
441,520,1.00
442,520,1.00
443,520,1.00
444,520,1.00
440,521,1.00
441,521,1.00
442,521,1.00
443,521,1.00
444,521,1.00
445,521,1.00
446,521,1.00
440,522,1.00
441,522,1.00
442,522,1.00
443,522,1.00
444,522,1.00
445,522,1.00
446,522,1.00
440,523,0.30
441,523,0.38
442,523,0.96
443,523,1.00
444,523,1.00
445,523,1.00
446,523,1.00
440,524,0.30
441,524,0.30
442,524,0.60
443,524,0.90
444,524,0.90
445,524,0.90
446,524,0.90
447,521,1.00
448,521,1.00
447,522,1.00
448,522,1.00
447,523,1.00
448,523,1.00
447,524,0.60
448,524,0.60
449,521,1.00
449,522,1.00
449,523,0.90
449,524,0.30
450,521,1.00
450,522,1.00
450,523,0.60
451,521,1.00
451,522,1.00
451,523,0.30
452,521,1.00
452,522,1.00
453,520,1.00
453,521,1.00
453,522,1.00
454,518,0.30
454,519,0.30
454,520,0.30
454,521,0.30
454,522,0.30
439,519,1.00
439,520,1.00
437,519,1.00
438,519,1.00
437,520,1.00
438,520,1.00
435,519,1.00
436,519,1.00
435,520,1.00
436,520,1.00
440,509,1.00
460,505,1.00
461,505,1.00
458,506,0.60
459,506,0.60
460,506,0.60
461,506,0.60
462,504,1.00
463,504,1.00
462,505,0.98
463,505,0.90
464,505,0.30
461,494,1.00
462,494,1.00
463,494,1.00
464,494,1.00
465,494,1.00
466,494,1.00
467,494,1.00
461,495,1.00
462,495,1.00
463,495,1.00
464,495,1.00
465,495,1.00
466,495,1.00
467,495,1.00
462,493,1.00
463,493,1.00
464,493,1.00
465,493,1.00
466,493,1.00
467,493,1.00
468,493,1.00
468,494,1.00
468,495,1.00
463,492,1.00
464,492,1.00
465,492,1.00
466,492,1.00
467,492,1.00
468,492,1.00
469,492,1.00
469,493,1.00
469,494,1.00
469,495,1.00
469,496,1.00
470,492,1.00
470,493,1.00
470,494,1.00
470,495,1.00
470,496,1.00
470,497,1.00
464,491,1.00
465,491,1.00
466,491,1.00
467,491,1.00
468,491,1.00
469,491,1.00
470,491,1.00
463,491,1.00
462,491,1.00
462,492,1.00
461,491,0.90
461,492,1.00
461,493,1.00
460,492,1.00
460,493,1.00
460,494,1.00
460,495,1.00
458,493,0.96
459,493,1.00
458,494,1.00
459,494,1.00
458,495,1.00
459,495,1.00
457,493,0.77
454,494,0.60
455,494,0.96
456,494,1.00
457,494,1.00
454,495,0.96
455,495,1.00
456,495,1.00
457,495,1.00
454,496,1.00
455,496,1.00
456,496,1.00
457,496,1.00
454,497,1.00
455,497,1.00
450,495,0.30
451,495,0.38
452,495,0.66
453,495,0.77
450,496,0.60
451,496,0.96
452,496,1.00
453,496,1.00
450,497,0.96
451,497,1.00
452,497,1.00
453,497,1.00
450,498,1.00
451,498,1.00
452,498,1.00
453,498,1.00
450,499,1.00
451,499,1.00
452,499,0.96
448,496,0.30
449,496,0.30
448,497,0.66
449,497,0.77
448,498,1.00
449,498,1.00
449,499,1.00
449,500,1.00
438,503,0.30
439,503,0.30
440,503,0.30
438,504,0.60
439,504,0.68
440,504,0.96
441,504,1.00
438,505,1.00
439,505,1.00
440,505,1.00
441,505,1.00
438,506,1.00
439,506,1.00
440,506,1.00
441,506,1.00
438,507,1.00
439,507,1.00
440,507,1.00
441,507,1.00
438,508,1.00
439,508,1.00
440,508,1.00
441,508,1.00
438,509,1.00
439,509,1.00
437,504,0.30
437,505,0.90
437,506,1.00
437,507,1.00
437,508,1.00
437,509,1.00
437,510,1.00
436,505,0.60
436,506,0.68
436,507,1.00
436,508,1.00
436,509,1.00
436,510,1.00
435,505,0.30
435,506,0.30
435,507,0.90
435,508,1.00
435,509,1.00
435,510,1.00
434,507,0.60
434,508,1.00
434,509,1.00
434,510,1.00
434,511,1.00
433,507,0.30
433,508,0.90
433,509,1.00
433,510,1.00
433,511,1.00
432,508,0.60
432,509,0.90
432,510,1.00
432,511,1.00
430,509,0.30
431,509,0.30
430,510,1.00
431,510,1.00
430,511,1.00
431,511,1.00
430,512,1.00
429,510,0.90
429,511,1.00
429,512,1.00
428,510,0.60
428,511,1.00
428,512,1.00
427,510,0.30
427,511,1.00
427,512,1.00
427,513,1.00
423,511,1.00
424,511,1.00
425,511,1.00
426,511,1.00
423,512,1.00
424,512,1.00
425,512,1.00
426,512,1.00
423,513,1.00
424,513,1.00
425,513,1.00
426,513,1.00
423,514,1.00
424,514,1.00
425,514,1.00
423,515,1.00
423,516,1.00
422,511,1.00
422,512,1.00
422,513,1.00
422,514,1.00
422,515,1.00
422,516,1.00
421,511,1.00
421,512,1.00
421,513,1.00
421,514,1.00
421,515,1.00
421,516,1.00
420,511,1.00
420,512,1.00
420,513,1.00
420,514,1.00
420,515,1.00
420,516,1.00
419,511,1.00
419,512,1.00
419,513,1.00
419,514,1.00
419,515,1.00
419,516,1.00
418,511,1.00
418,512,1.00
418,513,1.00
418,514,1.00
418,515,1.00
418,516,1.00
418,517,1.00
417,511,1.00
417,512,1.00
417,513,1.00
417,514,1.00
417,515,1.00
417,516,1.00
417,517,1.00
416,511,0.60
416,512,1.00
416,513,1.00
416,514,1.00
416,515,1.00
416,516,1.00
416,517,1.00
415,511,0.30
415,512,1.00
415,513,1.00
415,514,1.00
415,515,1.00
415,516,1.00
415,517,1.00
414,512,1.00
414,513,1.00
414,514,1.00
414,515,1.00
414,516,1.00
414,517,1.00
414,518,1.00
415,518,1.00
416,518,1.00
417,518,0.90
413,512,0.90
413,513,1.00
413,514,1.00
413,515,1.00
413,516,1.00
413,517,1.00
413,518,1.00
412,512,0.60
412,513,1.00
412,514,1.00
412,515,1.00
412,516,1.00
412,517,1.00
412,518,1.00
410,512,0.30
411,512,0.30
410,513,1.00
411,513,1.00
410,514,1.00
411,514,1.00
410,515,1.00
411,515,1.00
410,516,1.00
411,516,1.00
410,517,1.00
411,517,1.00
410,518,1.00
411,518,1.00
410,519,1.00
411,519,1.00
412,519,1.00
413,519,1.00
414,519,1.00
415,519,0.90
409,513,1.00
409,514,1.00
409,515,1.00
409,516,1.00
409,517,1.00
409,518,1.00
409,519,1.00
408,513,1.00
408,514,1.00
408,515,1.00
408,516,1.00
408,517,1.00
408,518,1.00
408,519,1.00
407,513,1.00
407,514,1.00
407,515,1.00
407,516,1.00
407,517,1.00
407,518,1.00
407,519,1.00
405,513,1.00
406,513,1.00
405,514,1.00
406,514,1.00
405,515,1.00
406,515,1.00
405,516,1.00
406,516,1.00
405,517,1.00
406,517,1.00
405,518,1.00
406,518,1.00
405,519,1.00
406,519,1.00
404,513,1.00
404,514,1.00
404,515,1.00
404,516,1.00
404,517,1.00
404,518,1.00
404,519,1.00
403,513,1.00
403,514,1.00
403,515,1.00
403,516,1.00
403,517,1.00
403,518,1.00
403,519,1.00
402,513,1.00
402,514,1.00
402,515,1.00
402,516,1.00
402,517,1.00
402,518,1.00
402,519,1.00
401,513,1.00
401,514,1.00
401,515,1.00
401,516,1.00
401,517,1.00
401,518,1.00
401,519,1.00
400,513,1.00
400,514,1.00
400,515,1.00
400,516,1.00
400,517,1.00
400,518,1.00
400,519,1.00
399,513,1.00
399,514,1.00
399,515,1.00
399,516,1.00
399,517,1.00
399,518,1.00
399,519,1.00
398,513,1.00
398,514,1.00
398,515,1.00
398,516,1.00
398,517,1.00
398,518,1.00
398,519,1.00
397,513,0.90
397,514,1.00
397,515,1.00
397,516,1.00
397,517,1.00
397,518,1.00
397,519,1.00
396,513,0.60
396,514,1.00
396,515,1.00
396,516,1.00
396,517,1.00
396,518,1.00
396,519,1.00
395,513,0.30
395,514,1.00
395,515,1.00
395,516,1.00
395,517,1.00
395,518,1.00
395,519,1.00
394,514,1.00
394,515,1.00
394,516,1.00
394,517,1.00
394,518,1.00
394,519,1.00
394,520,1.00
395,520,1.00
396,520,1.00
397,520,1.00
398,520,1.00
399,520,0.90
400,520,0.30
393,514,1.00
393,515,1.00
393,516,1.00
393,517,1.00
393,518,1.00
393,519,1.00
393,520,1.00
392,514,1.00
392,515,1.00
392,516,1.00
392,517,1.00
392,518,1.00
392,519,1.00
392,520,1.00
392,521,1.00
393,521,1.00
394,521,1.00
395,521,1.00
396,521,1.00
397,521,1.00
398,521,0.90
391,516,0.60
391,517,1.00
391,518,1.00
391,519,1.00
391,520,1.00
391,521,1.00
391,522,1.00
392,522,1.00
393,522,1.00
394,522,1.00
395,522,1.00
396,522,1.00
397,522,1.00
391,523,1.00
392,523,1.00
393,523,1.00
394,523,1.00
395,523,1.00
396,523,1.00
397,523,0.60
390,518,1.00
390,519,1.00
390,520,1.00
390,521,1.00
390,522,1.00
390,523,1.00
390,524,1.00
391,524,1.00
392,524,1.00
393,524,1.00
394,524,1.00
395,524,1.00
396,524,1.00
389,518,0.60
389,519,1.00
389,520,1.00
389,521,1.00
389,522,1.00
389,523,1.00
389,524,1.00
389,525,1.00
390,525,1.00
391,525,1.00
392,525,1.00
393,525,1.00
394,525,1.00
395,525,1.00
389,526,1.00
390,526,1.00
391,526,1.00
392,526,1.00
393,526,1.00
394,526,1.00
395,526,0.90
389,527,1.00
390,527,1.00
391,527,1.00
392,527,1.00
393,527,1.00
394,527,1.00
395,527,0.90
389,528,1.00
390,528,1.00
391,528,1.00
392,528,1.00
393,528,1.00
394,528,1.00
395,528,1.00
388,524,0.30
388,525,0.60
388,526,1.00
388,527,1.00
388,528,1.00
388,529,1.00
389,529,1.00
390,529,1.00
391,529,1.00
392,529,1.00
393,529,1.00
394,529,1.00
388,530,1.00
389,530,1.00
390,530,1.00
391,530,1.00
392,530,1.00
393,530,1.00
394,530,1.00
387,526,0.98
387,527,1.00
387,528,1.00
387,529,1.00
387,530,1.00
387,531,1.00
388,531,1.00
389,531,1.00
390,531,1.00
391,531,1.00
392,531,1.00
393,531,1.00
387,532,1.00
388,532,1.00
389,532,1.00
390,532,1.00
391,532,1.00
392,532,1.00
393,532,1.00
387,533,1.00
388,533,1.00
389,533,1.00
390,533,1.00
391,533,1.00
392,533,1.00
393,533,1.00
387,534,1.00
388,534,1.00
389,534,1.00
390,534,1.00
391,534,1.00
392,534,1.00
393,534,1.00
387,535,1.00
388,535,1.00
389,535,1.00
390,535,1.00
391,535,1.00
392,535,1.00
393,535,1.00
394,531,1.00
394,532,1.00
394,533,1.00
394,534,1.00
394,535,1.00
395,529,1.00
395,530,1.00
395,531,1.00
395,532,1.00
395,533,1.00
395,534,1.00
395,535,1.00
396,530,1.00
396,531,1.00
396,532,1.00
396,533,1.00
396,534,1.00
396,535,1.00
390,536,0.60
391,536,0.90
392,536,0.90
393,536,0.90
394,536,0.90
395,536,0.90
396,536,0.90
397,535,0.90
397,536,0.30
396,529,1.00
398,535,0.60
399,535,0.60
400,535,0.30
396,528,1.00
396,526,1.00
397,526,1.00
398,526,1.00
399,526,1.00
400,526,1.00
396,527,1.00
397,527,1.00
398,527,1.00
399,527,1.00
397,525,1.00
398,525,1.00
399,525,1.00
400,525,1.00
401,525,1.00
402,525,1.00
403,525,1.00
397,524,1.00
398,524,1.00
399,524,1.00
400,524,1.00
401,524,1.00
402,524,1.00
403,524,0.90
396,525,0.68
386,525,0.30
387,525,0.30
386,526,0.60
386,527,1.00
386,528,1.00
386,529,1.00
386,530,1.00
386,531,1.00
383,526,0.30
384,526,0.30
385,526,0.30
383,527,0.60
384,527,0.68
385,527,0.96
383,528,0.96
384,528,1.00
385,528,1.00
383,529,1.00
384,529,1.00
385,529,1.00
383,530,1.00
384,530,1.00
385,530,1.00
383,531,1.00
384,531,1.00
385,531,0.96
383,532,0.96
384,532,0.68
385,532,0.60
386,532,0.30
379,527,0.30
380,527,0.30
381,527,0.30
382,527,0.30
379,528,0.60
380,528,0.68
381,528,0.96
382,528,0.77
379,529,0.96
380,529,1.00
381,529,1.00
382,529,1.00
379,530,1.00
380,530,1.00
381,530,1.00
382,530,1.00
379,531,1.00
380,531,1.00
381,531,1.00
382,531,1.00
379,532,1.00
380,532,1.00
381,532,0.96
382,532,0.77
379,533,0.96
380,533,0.68
381,533,0.60
382,533,0.30
383,533,0.30
384,533,0.30
385,533,0.30
375,528,0.30
376,528,0.30
377,528,0.30
378,528,0.30
375,529,0.60
376,529,0.68
377,529,0.96
378,529,1.00
375,530,1.00
376,530,1.00
377,530,1.00
378,530,1.00
375,531,1.00
376,531,1.00
377,531,1.00
378,531,1.00
375,532,1.00
376,532,1.00
377,532,1.00
378,532,1.00
375,533,1.00
376,533,1.00
377,533,1.00
378,533,1.00
375,534,1.00
376,534,0.96
377,534,0.68
378,534,0.60
379,534,0.30
380,534,0.30
381,534,0.30
372,529,0.30
373,529,0.30
374,529,0.30
372,530,0.60
373,530,0.68
374,530,0.96
372,531,1.00
373,531,1.00
374,531,1.00
372,532,1.00
373,532,1.00
374,532,1.00
372,533,1.00
373,533,1.00
374,533,1.00
372,534,1.00
373,534,1.00
374,534,1.00
372,535,1.00
373,535,0.96
374,535,0.68
375,535,0.60
376,535,0.30
377,535,0.30
378,535,0.30
369,530,0.30
370,530,0.30
371,530,0.30
369,531,0.90
370,531,0.98
371,531,0.96
369,532,1.00
370,532,1.00
371,532,1.00
369,533,1.00
370,533,1.00
371,533,1.00
369,534,1.00
370,534,1.00
371,534,1.00
369,535,1.00
370,535,1.00
371,535,1.00
369,536,1.00
370,536,1.00
371,536,0.68
372,536,0.60
373,536,0.30
374,536,0.30
375,536,0.30
366,531,0.60
367,531,0.60
368,531,0.60
366,532,1.00
367,532,1.00
368,532,1.00
366,533,1.00
367,533,1.00
368,533,1.00
366,534,1.00
367,534,1.00
368,534,1.00
366,535,1.00
367,535,1.00
368,535,1.00
366,536,1.00
367,536,1.00
368,536,1.00
366,537,1.00
367,537,1.00
368,537,0.90
369,537,0.60
370,537,0.60
371,537,0.30
372,537,0.30
364,531,0.30
365,531,0.30
364,532,0.90
365,532,0.98
364,533,1.00
365,533,1.00
364,534,1.00
365,534,1.00
364,535,1.00
365,535,1.00
364,536,1.00
365,536,1.00
364,537,1.00
365,537,1.00
362,532,0.60
363,532,0.60
362,533,0.98
363,533,1.00
362,534,1.00
363,534,1.00
362,535,1.00
363,535,1.00
362,536,1.00
363,536,1.00
362,537,1.00
363,537,1.00
362,538,0.98
363,538,0.90
364,538,0.60
365,538,0.60
366,538,0.60
367,538,0.60
368,538,0.30
361,532,0.30
361,533,0.90
361,534,1.00
361,535,1.00
361,536,1.00
361,537,1.00
361,538,1.00
357,533,0.60
358,533,0.60
359,533,0.60
360,533,0.60
357,534,1.00
358,534,1.00
359,534,1.00
360,534,1.00
357,535,1.00
358,535,1.00
359,535,1.00
360,535,1.00
357,536,1.00
358,536,1.00
359,536,1.00
360,536,1.00
357,537,1.00
358,537,1.00
359,537,1.00
360,537,1.00
357,538,1.00
358,538,1.00
359,538,1.00
360,538,1.00
357,539,1.00
358,539,0.98
359,539,0.90
360,539,0.60
361,539,0.60
362,539,0.30
363,539,0.30
355,533,0.30
356,533,0.30
355,534,0.60
356,534,0.68
355,535,0.96
356,535,1.00
355,536,1.00
356,536,1.00
355,537,1.00
356,537,1.00
355,538,1.00
356,538,1.00
355,539,1.00
356,539,1.00
353,534,0.30
354,534,0.30
353,535,0.30
354,535,0.38
353,536,0.60
354,536,0.96
353,537,1.00
354,537,1.00
353,538,1.00
354,538,1.00
353,539,1.00
354,539,1.00
353,540,1.00
354,540,1.00
355,540,1.00
356,540,0.60
357,540,0.30
358,540,0.30
359,540,0.30
350,536,0.30
351,536,0.30
352,536,0.30
350,537,0.30
351,537,0.38
352,537,0.66
350,538,0.60
351,538,0.96
352,538,1.00
350,539,0.98
351,539,1.00
352,539,1.00
350,540,1.00
351,540,1.00
352,540,1.00
350,541,1.00
351,541,1.00
352,541,1.00
353,541,1.00
354,541,1.00
355,541,0.98
356,541,0.60
350,542,1.00
351,542,1.00
352,542,1.00
353,542,1.00
354,542,1.00
355,542,0.90
356,542,0.68
349,538,0.30
349,539,0.60
349,540,0.98
349,541,1.00
349,542,1.00
349,543,1.00
350,543,1.00
351,543,1.00
352,543,1.00
353,543,1.00
354,543,1.00
355,543,0.60
349,544,1.00
350,544,1.00
351,544,1.00
352,544,1.00
353,544,1.00
354,544,1.00
355,544,0.60
348,539,0.30
348,540,0.60
348,541,0.90
348,542,0.90
348,543,0.90
348,544,0.90
348,545,0.90
349,545,1.00
350,545,1.00
351,545,1.00
352,545,1.00
353,545,1.00
354,545,0.90
348,546,0.60
349,546,0.68
350,546,0.96
351,546,1.00
352,546,0.96
353,546,0.68
354,546,0.60
348,547,0.30
349,547,0.30
350,547,0.30
351,547,0.30
352,547,0.30
353,547,0.30
354,547,0.30
357,541,0.30
358,541,0.30
359,541,0.30
360,541,0.30
361,541,0.30
357,542,0.66
358,542,0.77
359,542,0.66
360,542,0.38
361,542,0.30
356,543,0.66
357,543,1.00
358,543,1.00
359,543,1.00
360,543,0.66
361,543,0.30
356,544,0.77
357,544,1.00
358,544,1.00
359,544,1.00
360,544,0.77
361,544,0.30
355,545,0.30
356,545,0.66
357,545,1.00
358,545,1.00
359,545,1.00
360,545,0.66
361,545,0.30
355,546,0.30
356,546,0.38
357,546,0.66
358,546,0.77
359,546,0.66
360,546,0.38
361,546,0.30
355,547,0.30
356,547,0.30
357,547,0.30
358,547,0.30
359,547,0.30
360,547,0.30
361,547,0.30
365,541,0.30
366,541,0.30
367,541,0.30
368,541,0.30
369,541,0.30
370,541,0.60
371,541,0.60
365,542,0.30
366,542,0.38
367,542,0.66
368,542,0.77
369,542,0.66
370,542,0.68
371,542,0.68
365,543,0.60
366,543,0.96
367,543,1.00
368,543,1.00
369,543,1.00
370,543,0.96
371,543,0.96
365,544,0.96
366,544,1.00
367,544,1.00
368,544,1.00
369,544,1.00
370,544,1.00
371,544,1.00
365,545,1.00
366,545,1.00
367,545,1.00
368,545,1.00
369,545,1.00
370,545,0.96
371,545,0.96
365,546,1.00
366,546,1.00
367,546,1.00
368,546,1.00
369,546,0.96
370,546,0.68
371,546,0.68
365,547,1.00
366,547,1.00
367,547,1.00
368,547,0.96
369,547,0.90
370,547,0.90
371,547,0.90
372,541,0.30
373,541,0.30
374,541,0.60
375,541,0.98
376,541,1.00
372,542,0.66
373,542,0.77
374,542,0.96
375,542,1.00
376,542,1.00
372,543,1.00
373,543,1.00
374,543,1.00
375,543,1.00
376,543,1.00
372,544,1.00
373,544,1.00
374,544,1.00
375,544,1.00
376,544,1.00
372,545,1.00
373,545,1.00
374,545,1.00
375,545,1.00
376,545,1.00
372,546,0.66
373,546,1.00
374,546,1.00
375,546,1.00
376,546,1.00
372,547,0.60
373,547,0.90
374,547,0.98
375,547,1.00
376,547,1.00
377,541,1.00
378,541,1.00
379,541,1.00
380,541,1.00
381,541,1.00
377,542,1.00
378,542,1.00
379,542,1.00
380,542,1.00
381,542,1.00
377,543,1.00
378,543,1.00
379,543,1.00
380,543,1.00
381,543,1.00
377,544,1.00
378,544,1.00
379,544,1.00
380,544,1.00
381,544,1.00
377,545,1.00
378,545,1.00
379,545,1.00
380,545,1.00
381,545,1.00
377,546,1.00
378,546,1.00
379,546,1.00
380,546,1.00
381,546,1.00
377,547,1.00
378,547,1.00
379,547,1.00
380,547,1.00
381,547,1.00
378,540,0.60
379,540,0.60
380,540,0.90
381,540,0.60
382,540,0.90
383,540,1.00
384,540,1.00
382,541,1.00
383,541,1.00
384,541,1.00
382,542,1.00
383,542,1.00
384,542,1.00
382,543,1.00
383,543,1.00
384,543,1.00
382,544,1.00
383,544,1.00
384,544,1.00
382,545,1.00
383,545,1.00
384,545,1.00
382,546,1.00
383,546,0.90
384,546,0.90
385,540,1.00
386,540,1.00
385,541,1.00
386,541,1.00
385,542,1.00
386,542,1.00
385,543,1.00
386,543,1.00
385,544,1.00
386,544,1.00
385,545,1.00
386,545,1.00
385,546,0.30
386,546,0.30
382,539,0.30
383,539,0.60
384,539,1.00
385,539,1.00
386,539,1.00
387,539,1.00
388,539,1.00
387,540,1.00
388,540,1.00
387,541,1.00
388,541,1.00
387,542,1.00
388,542,1.00
387,543,1.00
388,543,1.00
387,544,1.00
388,544,1.00
387,545,1.00
388,545,1.00
389,539,1.00
389,540,1.00
389,541,1.00
389,542,1.00
389,543,1.00
389,544,1.00
389,545,1.00
390,539,1.00
390,540,1.00
390,541,1.00
390,542,1.00
390,543,1.00
390,544,1.00
390,545,1.00
391,539,0.60
391,540,0.60
391,541,0.60
391,542,0.60
391,543,0.60
391,544,0.60
391,545,0.60
374,540,0.30
375,540,0.30
376,540,0.30
377,540,0.30
363,543,0.30
364,543,0.30
363,544,0.30
364,544,0.38
363,545,0.30
364,545,0.66
363,546,0.30
364,546,0.77
363,547,0.30
364,547,0.66
363,548,0.30
364,548,0.38
365,548,0.96
366,548,1.00
367,548,0.96
368,548,0.68
369,548,0.90
363,549,0.60
364,549,0.60
365,549,0.60
366,549,0.68
367,549,0.96
368,549,1.00
369,549,1.00
349,548,0.30
350,548,0.30
351,548,0.30
352,548,0.30
353,548,0.30
354,548,0.30
355,548,0.30
349,549,0.30
350,549,0.38
351,549,0.66
352,549,0.77
353,549,0.66
354,549,0.38
355,549,0.90
349,550,0.30
350,550,0.66
351,550,1.00
352,550,1.00
353,550,1.00
354,550,0.66
355,550,0.90
349,551,0.30
350,551,0.77
351,551,1.00
352,551,1.00
353,551,1.00
354,551,0.77
355,551,0.90
349,552,0.30
350,552,0.66
351,552,1.00
352,552,1.00
353,552,1.00
354,552,0.66
355,552,0.90
349,553,0.30
350,553,0.38
351,553,0.66
352,553,0.77
353,553,0.66
354,553,0.38
355,553,0.90
349,554,0.30
350,554,0.30
351,554,0.30
352,554,0.30
353,554,0.30
354,554,0.30
355,554,0.90
321,560,0.30
322,560,0.30
323,560,0.60
324,560,0.68
325,560,0.96
326,560,1.00
327,560,0.96
321,561,0.30
322,561,0.38
323,561,0.96
324,561,1.00
325,561,1.00
326,561,1.00
327,561,1.00
321,562,0.30
322,562,0.66
323,562,1.00
324,562,1.00
325,562,1.00
326,562,1.00
327,562,1.00
321,563,0.30
322,563,0.77
323,563,1.00
324,563,1.00
325,563,1.00
326,563,1.00
327,563,1.00
321,564,0.30
322,564,0.66
323,564,1.00
324,564,1.00
325,564,1.00
326,564,1.00
327,564,0.96
321,565,0.30
322,565,0.38
323,565,0.96
324,565,1.00
325,565,0.96
326,565,0.68
327,565,0.60
321,566,0.30
322,566,0.30
323,566,0.30
324,566,0.30
325,566,0.30
326,566,0.30
327,566,0.30
312,564,0.60
313,564,0.60
314,564,0.30
315,564,0.30
316,564,0.30
317,564,0.30
318,564,0.30
312,565,0.68
313,565,0.68
314,565,0.66
315,565,0.77
316,565,0.66
317,565,0.38
318,565,0.30
312,566,0.96
313,566,0.96
314,566,1.00
315,566,1.00
316,566,1.00
317,566,0.66
318,566,0.30
312,567,1.00
313,567,1.00
314,567,1.00
315,567,1.00
316,567,1.00
317,567,0.77
318,567,0.30
312,568,1.00
313,568,0.96
314,568,1.00
315,568,1.00
316,568,1.00
317,568,0.66
318,568,0.30
312,569,0.98
313,569,0.68
314,569,0.66
315,569,0.77
316,569,0.66
317,569,0.38
318,569,0.30
312,570,0.90
313,570,0.60
314,570,0.30
315,570,0.30
316,570,0.30
317,570,0.30
318,570,0.30
306,567,0.30
307,567,0.60
308,567,1.00
309,567,1.00
310,567,1.00
311,567,1.00
306,568,0.30
307,568,0.68
308,568,1.00
309,568,1.00
310,568,1.00
311,568,1.00
306,569,0.30
307,569,0.96
308,569,1.00
309,569,1.00
310,569,1.00
311,569,1.00
306,570,0.30
307,570,1.00
308,570,1.00
309,570,1.00
310,570,1.00
311,570,1.00
306,571,0.30
307,571,0.66
308,571,1.00
309,571,1.00
310,571,1.00
311,571,0.66
312,571,0.30
306,572,0.30
307,572,0.38
308,572,0.66
309,572,0.77
310,572,0.66
311,572,0.38
312,572,0.30
306,573,0.30
307,573,0.30
308,573,0.30
309,573,0.30
310,573,0.30
311,573,0.30
312,573,0.30
297,571,0.96
298,571,0.68
299,571,0.60
300,571,0.30
301,571,0.30
302,571,0.30
303,571,0.30
297,572,1.00
298,572,1.00
299,572,1.00
300,572,1.00
301,572,0.66
302,572,0.38
303,572,0.30
297,573,1.00
298,573,1.00
299,573,1.00
300,573,1.00
301,573,1.00
302,573,0.66
303,573,0.30
297,574,1.00
298,574,1.00
299,574,1.00
300,574,1.00
301,574,1.00
302,574,0.77
303,574,0.30
297,575,1.00
298,575,1.00
299,575,1.00
300,575,1.00
301,575,1.00
302,575,0.66
303,575,0.30
297,576,1.00
298,576,1.00
299,576,1.00
300,576,1.00
301,576,0.66
302,576,0.38
303,576,0.30
297,577,1.00
298,577,0.96
299,577,0.68
300,577,0.60
301,577,0.30
302,577,0.30
303,577,0.30
294,572,0.96
295,572,1.00
296,572,1.00
294,573,1.00
295,573,1.00
296,573,1.00
294,574,1.00
295,574,1.00
296,574,1.00
294,575,1.00
295,575,1.00
296,575,1.00
294,576,1.00
295,576,1.00
296,576,1.00
294,577,1.00
295,577,1.00
296,577,1.00
294,578,1.00
295,578,1.00
296,578,0.68
297,578,0.60
298,578,0.30
299,578,0.30
300,578,0.30
291,573,0.90
292,573,0.90
293,573,0.90
291,574,1.00
292,574,1.00
293,574,1.00
291,575,1.00
292,575,1.00
293,575,1.00
291,576,1.00
292,576,1.00
293,576,1.00
291,577,1.00
292,577,1.00
293,577,1.00
291,578,1.00
292,578,1.00
293,578,1.00
291,579,1.00
292,579,1.00
293,579,1.00
294,579,0.60
295,579,0.60
296,579,0.30
297,579,0.30
289,573,0.60
290,573,0.60
289,574,1.00
290,574,1.00
289,575,1.00
290,575,1.00
289,576,1.00
290,576,1.00
289,577,1.00
290,577,1.00
289,578,1.00
290,578,1.00
289,579,1.00
290,579,1.00
287,574,1.00
288,574,1.00
287,575,1.00
288,575,1.00
287,576,1.00
288,576,1.00
287,577,1.00
288,577,1.00
287,578,1.00
288,578,1.00
287,579,1.00
288,579,1.00
287,580,1.00
288,580,1.00
289,580,1.00
290,580,1.00
291,580,1.00
292,580,0.90
293,580,0.60
286,574,1.00
286,575,1.00
286,576,1.00
286,577,1.00
286,578,1.00
286,579,1.00
286,580,0.90
285,574,0.60
285,575,0.60
285,576,0.60
285,577,0.60
285,578,0.60
285,579,0.60
285,580,0.60
286,573,0.30
287,573,0.30
288,573,0.30
293,570,0.30
294,570,0.30
295,570,0.30
296,570,0.30
297,570,0.30
298,570,0.30
299,570,0.30
293,571,0.30
294,571,0.38
295,571,0.66
296,571,0.77
293,572,0.30
307,564,0.30
308,564,0.30
309,564,0.30
310,564,0.30
311,564,0.30
307,565,0.30
308,565,0.38
309,565,0.66
310,565,0.77
311,565,0.66
307,566,0.30
308,566,0.66
309,566,1.00
310,566,1.00
311,566,1.00
323,559,0.30
324,559,0.30
325,559,0.30
326,559,0.30
327,559,0.30
328,559,0.30
329,559,0.30
328,560,0.38
329,560,0.30
328,561,0.66
329,561,0.30
328,562,0.77
329,562,0.30
328,563,0.66
329,563,0.30
328,564,0.38
329,564,0.30
328,565,0.30
329,565,0.30
356,552,1.00
357,552,1.00
358,552,1.00
359,552,1.00
360,552,1.00
361,552,1.00
362,552,1.00
356,553,1.00
357,553,1.00
358,553,1.00
359,553,1.00
360,553,1.00
361,553,1.00
362,553,1.00
356,554,1.00
357,554,1.00
358,554,1.00
359,554,1.00
360,554,1.00
361,554,1.00
362,554,0.96
356,555,0.90
357,555,1.00
358,555,1.00
359,555,1.00
360,555,1.00
361,555,1.00
362,555,0.60
356,556,0.30
357,556,0.66
358,556,1.00
359,556,1.00
360,556,1.00
361,556,0.66
362,556,0.30
356,557,0.30
357,557,0.38
358,557,0.66
359,557,0.77
360,557,0.66
361,557,0.38
362,557,0.30
356,558,0.30
357,558,0.30
358,558,0.30
359,558,0.30
360,558,0.30
361,558,0.30
362,558,0.30
373,549,1.00
374,549,1.00
375,549,1.00
376,549,1.00
377,549,1.00
378,549,1.00
379,549,1.00
373,550,1.00
374,550,1.00
375,550,1.00
376,550,1.00
377,550,1.00
378,550,1.00
379,550,1.00
373,551,1.00
374,551,1.00
375,551,1.00
376,551,1.00
377,551,1.00
378,551,1.00
379,551,1.00
373,552,1.00
374,552,1.00
375,552,1.00
376,552,1.00
377,552,1.00
378,552,1.00
379,552,1.00
373,553,0.60
374,553,0.96
375,553,1.00
376,553,1.00
377,553,1.00
378,553,1.00
379,553,1.00
373,554,0.30
374,554,0.38
375,554,0.66
376,554,1.00
377,554,0.96
378,554,1.00
379,554,1.00
373,555,0.30
374,555,0.30
375,555,0.30
376,555,0.30
377,555,0.30
378,555,0.30
379,555,0.30
376,548,1.00
377,548,1.00
378,548,1.00
379,548,1.00
380,548,1.00
381,548,1.00
382,548,1.00
380,549,1.00
381,549,1.00
382,549,1.00
380,550,1.00
381,550,1.00
382,550,1.00
380,551,1.00
381,551,1.00
382,551,1.00
380,552,1.00
381,552,1.00
382,552,1.00
380,553,1.00
381,553,1.00
382,553,1.00
380,554,1.00
381,554,1.00
382,554,1.00
383,548,1.00
384,548,1.00
383,549,1.00
384,549,1.00
383,550,1.00
384,550,1.00
383,551,1.00
384,551,1.00
383,552,1.00
384,552,1.00
383,553,1.00
384,553,1.00
383,554,0.90
384,554,0.90
385,548,1.00
385,549,1.00
385,550,1.00
385,551,1.00
385,552,1.00
385,553,1.00
385,554,0.30
382,547,1.00
383,547,1.00
384,547,1.00
385,547,0.90
373,548,0.96
374,548,1.00
375,548,1.00
370,548,0.68
371,548,0.96
372,548,0.77
370,549,1.00
371,549,1.00
372,549,1.00
369,550,1.00
370,550,1.00
371,550,1.00
372,550,1.00
369,551,1.00
370,551,1.00
371,551,1.00
372,551,1.00
369,552,1.00
370,552,1.00
371,552,0.96
372,552,0.77
369,553,0.96
370,553,0.68
371,553,0.60
372,553,0.30
365,550,0.30
366,550,0.66
367,550,1.00
368,550,1.00
365,551,0.30
366,551,0.77
367,551,1.00
368,551,1.00
365,552,0.30
366,552,0.66
367,552,1.00
368,552,1.00
365,553,0.30
366,553,0.38
367,553,0.66
368,553,0.77
365,554,0.30
366,554,0.30
367,554,0.30
368,554,0.30
369,554,0.30
370,554,0.30
371,554,0.30
358,549,0.90
359,549,0.90
360,549,0.90
361,549,0.90
362,549,0.30
358,550,1.00
359,550,1.00
360,550,1.00
361,550,1.00
362,550,0.66
363,550,0.38
364,550,0.30
358,551,1.00
359,551,1.00
360,551,1.00
361,551,1.00
362,551,1.00
363,551,0.66
364,551,0.30
363,552,0.77
364,552,0.30
363,553,0.66
364,553,0.30
363,554,0.38
364,554,0.30
363,555,0.30
364,555,0.30
356,549,0.60
357,549,0.60
356,550,0.76
357,550,1.00
356,551,1.00
357,551,1.00
355,555,0.60

341,487,0.60
342,487,0.60
343,487,0.60
344,487,0.60
345,487,0.60
346,487,0.60
347,487,0.60
341,488,0.60
342,488,0.76
343,488,1.00
344,488,1.00
345,488,1.00
346,488,0.76
347,488,0.60
341,489,0.60
342,489,1.00
343,489,1.00
344,489,1.00
345,489,1.00
346,489,1.00
347,489,0.60
341,490,0.60
342,490,1.00
343,490,1.00
344,490,1.00
345,490,1.00
346,490,1.00
347,490,0.60
341,491,0.90
342,491,1.00
343,491,1.00
344,491,1.00
345,491,1.00
346,491,1.00
347,491,0.90
341,492,0.90
342,492,1.00
343,492,1.00
344,492,1.00
345,492,1.00
346,492,1.00
347,492,1.00
341,493,0.90
342,493,1.00
343,493,1.00
344,493,1.00
345,493,1.00
346,493,1.00
347,493,1.00
341,494,0.30
342,494,1.00
343,494,1.00
344,494,1.00
345,494,1.00
346,494,1.00
347,494,1.00
341,495,0.30
342,495,1.00
343,495,1.00
344,495,1.00
345,495,1.00
346,495,1.00
347,495,1.00
341,496,0.30
342,496,0.98
343,496,1.00
344,496,1.00
345,496,1.00
346,496,1.00
347,496,1.00
341,497,0.30
342,497,0.90
343,497,1.00
344,497,1.00
345,497,1.00
346,497,1.00
347,497,1.00
348,492,0.30
348,493,0.60
348,494,0.60
348,495,0.60
348,496,0.90
348,497,1.00
342,498,0.60
343,498,1.00
344,498,1.00
345,498,1.00
346,498,1.00
347,498,1.00
348,498,1.00
342,499,0.30
343,499,1.00
344,499,1.00
345,499,1.00
346,499,1.00
347,499,1.00
348,499,1.00
349,496,0.30
349,497,0.60
349,498,0.60
349,499,0.90
343,500,0.90
344,500,1.00
345,500,1.00
346,500,1.00
347,500,1.00
348,500,1.00
349,500,1.00
343,501,0.90
344,501,1.00
345,501,1.00
346,501,1.00
347,501,1.00
348,501,1.00
349,501,1.00
343,502,0.90
344,502,1.00
345,502,1.00
346,502,1.00
347,502,1.00
348,502,1.00
349,502,1.00
343,503,0.60
344,503,1.00
345,503,1.00
346,503,1.00
347,503,1.00
348,503,1.00
349,503,1.00
343,504,0.30
344,504,1.00
345,504,1.00
346,504,1.00
347,504,1.00
348,504,1.00
349,504,1.00
343,505,0.30
344,505,1.00
345,505,1.00
346,505,1.00
347,505,1.00
348,505,1.00
349,505,1.00
350,500,0.30
350,501,0.60
350,502,0.90
350,503,1.00
350,504,1.00
350,505,1.00
344,506,1.00
345,506,1.00
346,506,1.00
347,506,1.00
348,506,1.00
349,506,1.00
350,506,1.00
344,507,1.00
345,507,1.00
346,507,1.00
347,507,1.00
348,507,1.00
349,507,1.00
350,507,1.00
344,508,1.00
345,508,1.00
346,508,1.00
347,508,1.00
348,508,1.00
349,508,1.00
350,508,1.00
344,509,0.90
345,509,1.00
346,509,1.00
347,509,1.00
348,509,1.00
349,509,1.00
350,509,1.00
344,510,0.60
345,510,1.00
346,510,1.00
347,510,1.00
348,510,1.00
349,510,1.00
350,510,1.00
344,511,0.30
345,511,1.00
346,511,1.00
347,511,1.00
348,511,1.00
349,511,1.00
350,511,1.00
351,506,0.30
351,507,0.30
351,508,0.60
351,509,0.90
351,510,0.90
351,511,1.00
345,512,1.00
346,512,1.00
347,512,1.00
348,512,1.00
349,512,1.00
350,512,1.00
351,512,1.00
345,513,0.90
346,513,1.00
347,513,1.00
348,513,1.00
349,513,1.00
350,513,1.00
351,513,0.90
345,514,0.90
346,514,1.00
347,514,1.00
348,514,1.00
349,514,1.00
350,514,1.00
351,514,0.90
345,515,0.60
346,515,0.96
347,515,1.00
348,515,1.00
349,515,1.00
350,515,0.96
351,515,0.60
345,516,0.30
346,516,0.68
347,516,0.96
348,516,1.00
349,516,0.96
350,516,0.68
351,516,0.60
345,517,0.30
346,517,0.60
347,517,0.68
348,517,0.96
349,517,1.00
350,517,0.96
351,517,0.68
352,516,0.30
352,517,0.30
346,518,0.30
347,518,0.66
348,518,1.00
349,518,1.00
350,518,1.00
351,518,0.66
352,518,0.30
346,519,0.30
347,519,0.77
348,519,1.00
349,519,1.00
350,519,1.00
351,519,0.77
352,519,0.30
346,520,0.30
347,520,0.96
348,520,1.00
349,520,1.00
350,520,1.00
351,520,0.96
352,520,0.60
346,521,0.30
347,521,0.68
348,521,1.00
349,521,1.00
350,521,1.00
351,521,1.00
352,521,0.68
346,522,0.30
347,522,0.60
348,522,0.96
349,522,1.00
350,522,1.00
351,522,1.00
352,522,0.96
353,520,0.30
353,521,0.30
353,522,0.30
347,523,0.30
348,523,0.77
349,523,1.00
350,523,1.00
351,523,1.00
352,523,0.77
353,523,0.30
347,524,0.30
348,524,0.66
349,524,1.00
350,524,1.00
351,524,1.00
352,524,0.66
353,524,0.30
347,525,0.30
348,525,0.38
349,525,0.66
350,525,0.77
351,525,0.66
352,525,0.38
353,525,0.30
347,526,0.30
348,526,0.30
349,526,0.30
350,526,0.30
351,526,0.30
352,526,0.30
353,526,0.30
348,527,0.30
349,527,0.30
350,527,0.30
351,527,0.30
352,527,0.30
353,527,0.30
354,527,0.30
348,528,0.30
349,528,0.38
350,528,0.66
351,528,0.77
352,528,0.66
353,528,0.38
354,528,0.30
348,529,0.30
349,529,0.66
350,529,1.00
351,529,1.00
352,529,1.00
353,529,0.66
354,529,0.30
348,530,0.30
349,530,0.77
350,530,1.00
351,530,1.00
352,530,1.00
353,530,0.77
354,530,0.30
348,531,0.60
349,531,0.96
350,531,1.00
351,531,1.00
352,531,1.00
353,531,0.96
354,531,0.60
348,532,0.60
349,532,0.76
350,532,1.00
351,532,1.00
352,532,1.00
353,532,0.76
354,532,0.60
348,533,0.60
349,533,0.96
350,533,1.00
351,533,1.00
352,533,1.00
353,533,0.96
354,533,0.60
348,534,0.30
349,534,0.77
350,534,1.00
351,534,1.00
352,534,1.00
353,534,0.77
354,534,0.30
348,535,0.30
349,535,0.66
350,535,1.00
351,535,1.00
352,535,1.00
353,535,0.66
354,535,0.30
348,536,0.30
349,536,0.38
350,536,0.66
351,536,0.77
352,536,0.66
353,536,0.38
354,536,0.30
348,537,0.30
349,537,0.30
350,537,0.30
351,537,0.60
352,537,0.60
353,537,0.60
354,537,0.60
350,538,0.30
351,538,0.60
352,538,0.68
353,538,0.96
354,538,1.00
355,538,0.96
356,538,0.68
350,539,0.30
351,539,0.68
352,539,1.00
353,539,1.00
354,539,1.00
355,539,1.00
356,539,0.96
350,540,0.30
351,540,0.96
352,540,1.00
353,540,1.00
354,540,1.00
355,540,1.00
356,540,1.00
350,541,0.30
351,541,1.00
352,541,1.00
353,541,1.00
354,541,1.00
355,541,1.00
356,541,1.00
350,542,0.30
351,542,1.00
352,542,1.00
353,542,1.00
354,542,1.00
355,542,1.00
356,542,1.00
350,543,0.30
351,543,1.00
352,543,1.00
353,543,1.00
354,543,1.00
355,543,1.00
356,543,1.00
350,544,0.30
351,544,0.90
352,544,1.00
353,544,1.00
354,544,1.00
355,544,1.00
356,544,1.00
357,541,0.60
357,542,0.90
357,543,0.90
357,544,0.60
351,545,0.60
352,545,1.00
353,545,1.00
354,545,1.00
355,545,1.00
356,545,1.00
357,545,0.60
351,546,0.60
352,546,1.00
353,546,1.00
354,546,1.00
355,546,1.00
356,546,1.00
357,546,0.60
351,547,0.60
352,547,0.68
353,547,0.96
354,547,1.00
355,547,0.96
356,547,0.68
357,547,0.60
351,548,0.30
352,548,0.30
353,548,0.30
354,548,0.30
355,548,0.30
356,548,0.30
357,548,0.30
355,537,0.30
356,537,0.30
357,537,0.30
357,538,0.30
357,539,0.30
357,540,0.30

350,486,0.60
351,486,0.60
352,486,0.60
353,486,0.60
354,486,0.60
355,486,0.60
356,486,0.60
350,487,0.60
351,487,0.76
352,487,1.00
353,487,1.00
354,487,1.00
355,487,0.76
356,487,0.60
350,488,0.60
351,488,1.00
352,488,1.00
353,488,1.00
354,488,1.00
355,488,1.00
356,488,0.60
350,489,0.90
351,489,1.00
352,489,1.00
353,489,1.00
354,489,1.00
355,489,1.00
356,489,0.90
350,490,0.90
351,490,1.00
352,490,1.00
353,490,1.00
354,490,1.00
355,490,1.00
356,490,0.90
350,491,1.00
351,491,1.00
352,491,1.00
353,491,1.00
354,491,1.00
355,491,1.00
356,491,1.00
350,492,1.00
351,492,1.00
352,492,1.00
353,492,1.00
354,492,1.00
355,492,1.00
356,492,1.00
350,493,1.00
351,493,1.00
352,493,1.00
353,493,1.00
354,493,1.00
355,493,1.00
356,493,1.00
350,494,1.00
351,494,1.00
352,494,1.00
353,494,1.00
354,494,1.00
355,494,1.00
356,494,1.00
350,495,1.00
351,495,1.00
352,495,1.00
353,495,1.00
354,495,1.00
355,495,1.00
356,495,1.00
350,496,1.00
351,496,1.00
352,496,1.00
353,496,1.00
354,496,1.00
355,496,1.00
356,496,1.00
350,497,1.00
351,497,1.00
352,497,1.00
353,497,1.00
354,497,1.00
355,497,1.00
356,497,1.00
350,498,1.00
351,498,1.00
352,498,1.00
353,498,1.00
354,498,1.00
355,498,1.00
356,498,1.00
350,499,1.00
351,499,1.00
352,499,1.00
353,499,1.00
354,499,1.00
355,499,1.00
356,499,1.00
350,500,1.00
351,500,1.00
352,500,1.00
353,500,1.00
354,500,1.00
355,500,1.00
356,500,1.00
350,501,1.00
351,501,1.00
352,501,1.00
353,501,1.00
354,501,1.00
355,501,1.00
356,501,1.00
350,502,1.00
351,502,1.00
352,502,1.00
353,502,1.00
354,502,1.00
355,502,1.00
356,502,1.00
350,503,1.00
351,503,1.00
352,503,1.00
353,503,1.00
354,503,1.00
355,503,1.00
356,503,1.00
350,504,1.00
351,504,1.00
352,504,1.00
353,504,1.00
354,504,1.00
355,504,1.00
356,504,1.00
350,505,1.00
351,505,1.00
352,505,1.00
353,505,1.00
354,505,1.00
355,505,1.00
356,505,1.00
350,506,1.00
351,506,1.00
352,506,1.00
353,506,1.00
354,506,1.00
355,506,1.00
356,506,1.00
350,507,0.60
351,507,1.00
352,507,1.00
353,507,1.00
354,507,1.00
355,507,1.00
356,507,1.00
350,508,0.30
351,508,1.00
352,508,1.00
353,508,1.00
354,508,1.00
355,508,1.00
356,508,1.00
357,502,0.30
357,503,0.30
357,504,0.60
357,505,0.90
357,506,0.90
357,507,1.00
357,508,1.00
351,509,0.60
352,509,1.00
353,509,1.00
354,509,1.00
355,509,1.00
356,509,1.00
357,509,1.00
351,510,0.60
352,510,1.00
353,510,1.00
354,510,1.00
355,510,1.00
356,510,1.00
357,510,1.00
351,511,0.30
352,511,0.90
353,511,1.00
354,511,1.00
355,511,1.00
356,511,1.00
357,511,1.00
358,507,0.30
358,508,0.60
358,509,0.60
358,510,0.90
358,511,1.00
352,512,0.60
353,512,1.00
354,512,1.00
355,512,1.00
356,512,1.00
357,512,1.00
358,512,1.00
352,513,0.60
353,513,1.00
354,513,1.00
355,513,1.00
356,513,1.00
357,513,1.00
358,513,1.00
352,514,0.30
353,514,1.00
354,514,1.00
355,514,1.00
356,514,1.00
357,514,1.00
358,514,1.00
359,510,0.30
359,511,0.60
359,512,1.00
359,513,1.00
359,514,1.00
353,515,0.90
354,515,1.00
355,515,1.00
356,515,1.00
357,515,1.00
358,515,1.00
359,515,1.00
353,516,0.90
354,516,1.00
355,516,1.00
356,516,1.00
357,516,1.00
358,516,1.00
359,516,1.00
353,517,0.60
354,517,1.00
355,517,1.00
356,517,1.00
357,517,1.00
358,517,1.00
359,517,1.00
353,518,0.30
354,518,0.90
355,518,1.00
356,518,1.00
357,518,1.00
358,518,1.00
359,518,1.00
360,512,0.30
360,513,0.30
360,514,0.60
360,515,0.60
360,516,1.00
360,517,1.00
360,518,1.00
354,519,0.30
355,519,1.00
356,519,1.00
357,519,1.00
358,519,1.00
359,519,1.00
360,519,1.00
354,520,0.30
355,520,1.00
356,520,1.00
357,520,1.00
358,520,1.00
359,520,1.00
360,520,1.00
361,516,0.60
361,517,0.60
361,518,0.90
361,519,1.00
361,520,1.00
355,521,1.00
356,521,1.00
357,521,1.00
358,521,1.00
359,521,1.00
360,521,1.00
361,521,1.00
355,522,1.00
356,522,1.00
357,522,1.00
358,522,1.00
359,522,1.00
360,522,1.00
361,522,1.00
355,523,0.60
356,523,1.00
357,523,1.00
358,523,1.00
359,523,1.00
360,523,1.00
361,523,1.00
355,524,0.60
356,524,1.00
357,524,1.00
358,524,1.00
359,524,1.00
360,524,1.00
361,524,1.00
355,525,0.30
356,525,1.00
357,525,1.00
358,525,1.00
359,525,1.00
360,525,1.00
361,525,1.00
362,520,0.30
362,521,1.00
362,522,1.00
362,523,1.00
362,524,1.00
362,525,1.00
356,526,1.00
357,526,1.00
358,526,1.00
359,526,1.00
360,526,1.00
361,526,1.00
362,526,1.00
356,527,1.00
357,527,1.00
358,527,1.00
359,527,1.00
360,527,1.00
361,527,1.00
362,527,1.00
356,528,0.90
357,528,1.00
358,528,1.00
359,528,1.00
360,528,1.00
361,528,1.00
362,528,1.00
363,522,1.00
363,523,1.00
363,524,1.00
363,525,1.00
363,526,1.00
363,527,1.00
363,528,0.60
364,522,1.00
364,523,1.00
364,524,1.00
364,525,1.00
364,526,1.00
364,527,1.00
364,528,0.30
363,521,1.00
364,521,1.00
365,521,1.00
365,522,1.00
365,523,1.00
365,524,1.00
365,525,1.00
365,526,1.00
365,527,1.00
366,521,1.00
366,522,1.00
366,523,1.00
366,524,1.00
366,525,1.00
366,526,1.00
366,527,1.00
367,521,1.00
367,522,1.00
367,523,1.00
367,524,1.00
367,525,1.00
367,526,1.00
367,527,1.00
368,521,1.00
368,522,1.00
368,523,1.00
368,524,1.00
368,525,1.00
368,526,1.00
368,527,0.90
369,521,1.00
369,522,1.00
369,523,1.00
369,524,1.00
369,525,1.00
369,526,1.00
369,527,0.60
370,521,1.00
370,522,1.00
370,523,1.00
370,524,1.00
370,525,1.00
370,526,0.90
370,527,0.30
365,520,0.30
366,520,0.30
367,520,0.60
368,520,0.60
369,520,0.60
370,520,0.90
371,520,1.00
371,521,1.00
371,522,1.00
371,523,1.00
371,524,1.00
371,525,1.00
371,526,0.60
372,520,1.00
373,520,1.00
372,521,1.00
373,521,1.00
372,522,1.00
373,522,1.00
372,523,1.00
373,523,1.00
372,524,1.00
373,524,1.00
372,525,0.98
373,525,0.90
372,526,0.30
373,526,0.30
370,519,0.30
371,519,0.60
372,519,0.60
373,519,0.90
374,519,1.00
375,519,1.00
376,519,1.00
374,520,1.00
375,520,1.00
376,520,1.00
374,521,1.00
375,521,1.00
376,521,1.00
374,522,1.00
375,522,1.00
376,522,1.00
374,523,1.00
375,523,1.00
376,523,1.00
374,524,1.00
375,524,1.00
376,524,1.00
374,525,0.60
375,525,0.60
376,525,0.60
377,519,1.00
377,520,1.00
377,521,1.00
377,522,1.00
377,523,1.00
377,524,1.00
377,525,0.30
373,518,0.30
374,518,0.60
375,518,0.60
376,518,1.00
377,518,1.00
378,518,1.00
379,518,1.00
378,519,1.00
379,519,1.00
378,520,1.00
379,520,1.00
378,521,1.00
379,521,1.00
378,522,1.00
379,522,1.00
378,523,1.00
379,523,1.00
378,524,1.00
379,524,1.00
380,518,1.00
380,519,1.00
380,520,1.00
380,521,1.00
380,522,1.00
380,523,1.00
380,524,1.00
381,518,1.00
382,518,1.00
381,519,1.00
382,519,1.00
381,520,1.00
382,520,1.00
381,521,1.00
382,521,1.00
381,522,1.00
382,522,1.00
381,523,1.00
382,523,1.00
381,524,1.00
382,524,1.00
383,518,1.00
383,519,1.00
383,520,1.00
383,521,1.00
383,522,1.00
383,523,1.00
383,524,0.90
384,518,1.00
384,519,1.00
384,520,1.00
384,521,1.00
384,522,1.00
384,523,1.00
384,524,0.60
379,517,0.30
380,517,0.60
381,517,1.00
382,517,1.00
383,517,1.00
384,517,1.00
385,517,1.00
385,518,1.00
385,519,1.00
385,520,1.00
385,521,1.00
385,522,1.00
385,523,1.00
386,517,1.00
386,518,1.00
386,519,1.00
386,520,1.00
386,521,1.00
386,522,1.00
386,523,1.00
387,517,1.00
387,518,1.00
387,519,1.00
387,520,1.00
387,521,1.00
387,522,1.00
387,523,1.00
388,517,1.00
388,518,1.00
388,519,1.00
388,520,1.00
388,521,1.00
388,522,1.00
388,523,1.00
389,517,1.00
390,517,1.00
389,518,1.00
390,518,1.00
389,519,1.00
390,519,1.00
389,520,1.00
390,520,1.00
389,521,1.00
390,521,1.00
389,522,1.00
390,522,1.00
389,523,1.00
390,523,1.00
391,517,1.00
392,517,1.00
391,518,1.00
392,518,1.00
391,519,1.00
392,519,1.00
391,520,1.00
392,520,1.00
391,521,1.00
392,521,1.00
391,522,1.00
392,522,1.00
391,523,0.60
392,523,0.60
393,517,1.00
393,518,1.00
393,519,1.00
393,520,1.00
393,521,1.00
393,522,1.00
393,523,0.30
389,516,0.30
390,516,0.60
391,516,0.60
392,516,0.90
393,516,1.00
394,516,1.00
395,516,1.00
394,517,1.00
395,517,1.00
394,518,1.00
395,518,1.00
394,519,1.00
395,519,1.00
394,520,1.00
395,520,1.00
394,521,1.00
395,521,1.00
394,522,1.00
395,522,1.00
396,516,1.00
396,517,1.00
396,518,1.00
396,519,1.00
396,520,1.00
396,521,1.00
396,522,1.00
397,516,1.00
398,516,1.00
397,517,1.00
398,517,1.00
397,518,1.00
398,518,1.00
397,519,1.00
398,519,1.00
397,520,1.00
398,520,1.00
397,521,1.00
398,521,1.00
397,522,1.00
398,522,1.00
399,516,1.00
399,517,1.00
399,518,1.00
399,519,1.00
399,520,1.00
399,521,1.00
399,522,1.00

352,491,0.60
353,491,0.60
354,491,0.60
355,491,0.60
356,491,0.60
357,491,0.60
358,491,0.60
352,492,0.90
353,492,1.00
354,492,1.00
355,492,1.00
356,492,1.00
357,492,1.00
358,492,0.90
352,493,1.00
353,493,1.00
354,493,1.00
355,493,1.00
356,493,1.00
357,493,1.00
358,493,1.00
352,494,1.00
353,494,1.00
354,494,1.00
355,494,1.00
356,494,1.00
357,494,1.00
358,494,1.00
352,495,1.00
353,495,1.00
354,495,1.00
355,495,1.00
356,495,1.00
357,495,1.00
358,495,1.00
352,496,1.00
353,496,1.00
354,496,1.00
355,496,1.00
356,496,1.00
357,496,1.00
358,496,1.00
352,497,1.00
353,497,1.00
354,497,1.00
355,497,1.00
356,497,1.00
357,497,1.00
358,497,1.00
352,498,1.00
353,498,1.00
354,498,1.00
355,498,1.00
356,498,1.00
357,498,1.00
358,498,1.00
352,499,1.00
353,499,1.00
354,499,1.00
355,499,1.00
356,499,1.00
357,499,1.00
358,499,1.00
352,500,1.00
353,500,1.00
354,500,1.00
355,500,1.00
356,500,1.00
357,500,1.00
358,500,1.00
352,501,1.00
353,501,1.00
354,501,1.00
355,501,1.00
356,501,1.00
357,501,1.00
358,501,1.00
352,502,1.00
353,502,1.00
354,502,1.00
355,502,1.00
356,502,1.00
357,502,1.00
358,502,1.00
352,503,1.00
353,503,1.00
354,503,1.00
355,503,1.00
356,503,1.00
357,503,1.00
358,503,1.00
352,504,0.90
353,504,1.00
354,504,1.00
355,504,1.00
356,504,1.00
357,504,1.00
358,504,1.00
352,505,0.60
353,505,1.00
354,505,1.00
355,505,1.00
356,505,1.00
357,505,1.00
358,505,1.00
352,506,0.30
353,506,1.00
354,506,1.00
355,506,1.00
356,506,1.00
357,506,1.00
358,506,1.00
359,501,0.30
359,502,0.90
359,503,1.00
359,504,1.00
359,505,1.00
359,506,1.00
353,507,1.00
354,507,1.00
355,507,1.00
356,507,1.00
357,507,1.00
358,507,1.00
359,507,1.00
353,508,0.90
354,508,1.00
355,508,1.00
356,508,1.00
357,508,1.00
358,508,1.00
359,508,1.00
353,509,0.30
354,509,1.00
355,509,1.00
356,509,1.00
357,509,1.00
358,509,1.00
359,509,1.00
360,504,0.30
360,505,0.60
360,506,0.90
360,507,1.00
360,508,1.00
360,509,1.00
354,510,0.90
355,510,1.00
356,510,1.00
357,510,1.00
358,510,1.00
359,510,1.00
360,510,1.00
354,511,0.60
355,511,1.00
356,511,1.00
357,511,1.00
358,511,1.00
359,511,1.00
360,511,1.00
354,512,0.30
355,512,1.00
356,512,1.00
357,512,1.00
358,512,1.00
359,512,1.00
360,512,1.00
361,507,0.30
361,508,0.60
361,509,0.90
361,510,1.00
361,511,1.00
361,512,1.00
355,513,1.00
356,513,1.00
357,513,1.00
358,513,1.00
359,513,1.00
360,513,1.00
361,513,1.00
355,514,0.90
356,514,1.00
357,514,1.00
358,514,1.00
359,514,1.00
360,514,1.00
361,514,1.00
355,515,0.60
356,515,1.00
357,515,1.00
358,515,1.00
359,515,1.00
360,515,1.00
361,515,1.00
355,516,0.30
356,516,1.00
357,516,1.00
358,516,1.00
359,516,1.00
360,516,1.00
361,516,1.00
362,510,0.30
362,511,0.30
362,512,0.60
362,513,0.90
362,514,0.90
362,515,1.00
362,516,1.00
356,517,0.60
357,517,1.00
358,517,1.00
359,517,1.00
360,517,1.00
361,517,1.00
362,517,1.00
356,518,0.60
357,518,1.00
358,518,1.00
359,518,1.00
360,518,1.00
361,518,1.00
362,518,1.00
356,519,0.30
357,519,0.90
358,519,1.00
359,519,1.00
360,519,1.00
361,519,1.00
362,519,1.00
363,515,0.30
363,516,0.30
363,517,0.60
363,518,0.90
363,519,0.98
357,520,0.60
358,520,1.00
359,520,1.00
360,520,1.00
361,520,1.00
362,520,1.00
363,520,1.00
357,521,0.60
358,521,1.00
359,521,1.00
360,521,1.00
361,521,1.00
362,521,1.00
363,521,1.00
357,522,0.30
358,522,0.68
359,522,1.00
360,522,1.00
361,522,1.00
362,522,1.00
363,522,1.00
357,523,0.30
358,523,0.60
359,523,1.00
360,523,1.00
361,523,1.00
362,523,1.00
363,523,1.00
364,518,0.30
364,519,0.30
364,520,0.30
364,521,0.60
364,522,0.68
364,523,1.00
358,524,0.30
359,524,0.90
360,524,1.00
361,524,1.00
362,524,1.00
363,524,1.00
364,524,1.00
365,521,0.30
365,522,0.30
365,523,0.60
365,524,0.90
359,525,0.60
360,525,1.00
361,525,1.00
362,525,1.00
363,525,1.00
364,525,1.00
365,525,0.98
359,526,0.60
360,526,1.00
361,526,1.00
362,526,1.00
363,526,1.00
364,526,1.00
365,526,1.00
359,527,0.60
360,527,1.00
361,527,1.00
362,527,1.00
363,527,1.00
364,527,1.00
365,527,1.00
359,528,0.30
360,528,0.68
361,528,1.00
362,528,1.00
363,528,1.00
364,528,1.00
365,528,1.00
359,529,0.30
360,529,0.60
361,529,0.98
362,529,1.00
363,529,1.00
364,529,1.00
365,529,1.00
366,524,0.30
366,525,0.30
366,526,0.30
366,527,0.30
366,528,0.60
366,529,0.68
360,530,0.30
361,530,0.90
362,530,1.00
363,530,1.00
364,530,1.00
365,530,1.00
366,530,1.00
367,528,0.30
367,529,0.30
367,530,0.60
361,531,0.60
362,531,1.00
363,531,1.00
364,531,1.00
365,531,1.00
366,531,1.00
367,531,0.60
361,532,0.60
362,532,1.00
363,532,1.00
364,532,1.00
365,532,1.00
366,532,1.00
367,532,0.90
361,533,0.60
362,533,1.00
363,533,1.00
364,533,1.00
365,533,1.00
366,533,1.00
367,533,0.98
361,534,0.60
362,534,1.00
363,534,1.00
364,534,1.00
365,534,1.00
366,534,1.00
367,534,1.00
361,535,0.30
362,535,0.68
363,535,1.00
364,535,1.00
365,535,1.00
366,535,1.00
367,535,1.00
361,536,0.30
362,536,0.60
363,536,1.00
364,536,1.00
365,536,1.00
366,536,1.00
367,536,1.00
368,532,0.30
368,533,0.30
368,534,0.30
368,535,0.60
368,536,0.98
362,537,0.30
363,537,0.68
364,537,1.00
365,537,1.00
366,537,1.00
367,537,1.00
368,537,1.00
362,538,0.30
363,538,0.60
364,538,1.00
365,538,1.00
366,538,1.00
367,538,1.00
368,538,1.00
369,535,0.30
369,536,0.60
369,537,0.68
369,538,1.00
363,539,0.30
364,539,0.96
365,539,1.00
366,539,1.00
367,539,1.00
368,539,1.00
369,539,1.00
363,540,0.30
364,540,0.68
365,540,1.00
366,540,1.00
367,540,1.00
368,540,1.00
369,540,1.00
363,541,0.30
364,541,0.60
365,541,0.98
366,541,1.00
367,541,1.00
368,541,1.00
369,541,1.00
370,536,0.30
370,537,0.30
370,538,0.60
370,539,1.00
370,540,1.00
370,541,1.00
364,542,0.60
365,542,0.90
366,542,1.00
367,542,1.00
368,542,1.00
369,542,1.00
370,542,1.00
371,538,0.30
371,539,1.00
371,540,1.00
371,541,1.00
371,542,1.00
365,543,0.68
366,543,1.00
367,543,1.00
368,543,1.00
369,543,1.00
370,543,1.00
371,543,1.00
365,544,0.96
366,544,1.00
367,544,1.00
368,544,1.00
369,544,1.00
370,544,1.00
371,544,1.00
372,539,0.90
373,539,1.00
372,540,1.00
373,540,1.00
372,541,1.00
373,541,1.00
372,542,1.00
373,542,1.00
372,543,1.00
373,543,1.00
372,544,1.00
373,544,1.00
367,545,1.00
368,545,1.00
369,545,1.00
370,545,1.00
371,545,0.90
372,545,0.90
373,545,1.00
374,539,0.90
374,540,1.00
374,541,1.00
374,542,1.00
374,543,1.00
374,544,1.00
374,545,0.90
375,539,0.90
376,539,1.00
375,540,1.00
376,540,1.00
375,541,1.00
376,541,1.00
375,542,1.00
376,542,1.00
375,543,1.00
376,543,1.00
375,544,1.00
376,544,1.00
375,545,0.90
376,545,1.00
377,539,0.90
378,539,0.90
379,539,0.90
377,540,1.00
378,540,1.00
379,540,1.00
377,541,1.00
378,541,1.00
379,541,1.00
377,542,1.00
378,542,1.00
379,542,1.00
377,543,1.00
378,543,1.00
379,543,1.00
377,544,1.00
378,544,1.00
379,544,1.00
377,545,0.90
378,545,0.90
379,545,0.90
380,539,0.90
381,539,1.00
382,539,1.00
380,540,1.00
381,540,1.00
382,540,1.00
380,541,1.00
381,541,1.00
382,541,1.00
380,542,1.00
381,542,1.00
382,542,1.00
380,543,1.00
381,543,1.00
382,543,1.00
380,544,1.00
381,544,1.00
382,544,0.96
380,545,0.90
381,545,0.90
382,545,0.60
383,539,1.00
384,539,1.00
385,539,1.00
386,539,1.00
383,540,1.00
384,540,1.00
385,540,1.00
386,540,1.00
383,541,1.00
384,541,1.00
385,541,1.00
386,541,1.00
383,542,1.00
384,542,1.00
385,542,1.00
386,542,1.00
383,543,1.00
384,543,1.00
385,543,1.00
386,543,1.00
383,544,0.77
384,544,0.66
385,544,0.68
386,544,0.68
383,545,0.30
384,545,0.30
385,545,0.60
386,545,0.60
387,539,0.90
388,539,0.98
389,539,1.00
390,539,1.00
391,539,1.00
387,540,1.00
388,540,1.00
389,540,1.00
390,540,1.00
391,540,1.00
387,541,1.00
388,541,1.00
389,541,1.00
390,541,1.00
391,541,1.00
387,542,1.00
388,542,1.00
389,542,1.00
390,542,1.00
391,542,1.00
387,543,1.00
388,543,1.00
389,543,1.00
390,543,1.00
391,543,1.00
387,544,0.96
388,544,1.00
389,544,0.96
390,544,0.68
391,544,0.60
387,545,0.30
388,545,0.30
389,545,0.30
390,545,0.30
391,545,0.30
387,538,0.60
388,538,0.60
389,538,1.00
390,538,1.00
391,538,1.00
392,538,1.00
393,538,1.00
392,539,1.00
393,539,1.00
392,540,1.00
393,540,1.00
392,541,1.00
393,541,1.00
392,542,1.00
393,542,0.96
392,543,0.68
393,543,0.60
392,544,0.30
393,544,0.30
391,537,1.00
392,537,1.00
393,537,1.00
394,537,1.00
395,537,1.00
396,537,1.00
397,537,1.00
394,538,1.00
395,538,1.00
396,538,1.00
397,538,1.00
394,539,1.00
395,539,1.00
396,539,1.00
397,539,1.00
394,540,1.00
395,540,1.00
396,540,1.00
397,540,1.00
394,541,1.00
395,541,1.00
396,541,1.00
397,541,1.00
394,542,0.77
395,542,0.96
396,542,0.68
397,542,0.60
394,543,0.30
395,543,0.30
396,543,0.30
397,543,0.30
395,536,1.00
396,536,1.00
397,536,1.00
398,536,1.00
399,536,1.00
400,536,1.00
401,536,1.00
398,537,1.00
399,537,1.00
400,537,1.00
401,537,1.00
398,538,1.00
399,538,1.00
400,538,1.00
401,538,1.00
398,539,1.00
399,539,1.00
400,539,1.00
401,539,1.00
398,540,1.00
399,540,1.00
400,540,1.00
401,540,1.00
398,541,1.00
399,541,1.00
400,541,1.00
401,541,1.00
398,542,0.30
399,542,0.30
400,542,0.30
401,542,0.30
396,535,0.90
397,535,1.00
398,535,1.00
399,535,1.00
400,535,1.00
401,535,1.00
402,535,1.00
402,536,1.00
402,537,1.00
402,538,1.00
402,539,1.00
402,540,1.00
402,541,1.00
403,535,0.90
403,536,0.90
403,537,0.90
403,538,0.90
403,539,0.90
403,540,0.90
403,541,0.90
395,535,0.60
393,535,0.60
394,535,0.60
393,536,0.68
394,536,0.68
388,535,0.30
389,535,0.30
390,535,0.30
391,535,0.30
392,535,0.30
388,536,0.30
389,536,0.38
390,536,0.66
391,536,0.77
392,536,0.66
388,537,0.30
389,537,0.66
390,537,1.00
381,537,0.30
382,537,0.30
383,537,0.30
384,537,0.30
385,537,0.30
386,537,0.30
387,537,0.30
381,538,0.30
382,538,0.38
383,538,0.66
384,538,0.77
385,538,0.66
386,538,0.38
364,543,0.30
364,544,0.30
364,545,0.30
365,545,0.77
366,545,1.00
364,546,0.30
365,546,0.66
366,546,1.00
367,546,1.00
368,546,1.00
369,546,0.66
370,546,0.30
364,547,0.30
365,547,0.38
366,547,0.66
367,547,0.77
368,547,0.66
369,547,0.38
370,547,0.30
364,548,0.30
365,548,0.30
366,548,0.30
367,548,0.30
368,548,0.30
369,548,0.30
370,548,0.30
355,544,1.00
356,544,0.60
357,544,0.60
358,544,0.60
359,544,0.60
360,544,0.30
361,544,0.30
355,545,1.00
356,545,1.00
357,545,1.00
358,545,1.00
359,545,0.96
360,545,0.38
361,545,0.30
355,546,1.00
356,546,1.00
357,546,1.00
358,546,1.00
359,546,1.00
360,546,0.66
361,546,0.30
355,547,1.00
356,547,1.00
357,547,1.00
358,547,1.00
359,547,1.00
360,547,0.77
361,547,0.30
355,548,1.00
356,548,1.00
357,548,1.00
358,548,1.00
359,548,1.00
360,548,0.66
361,548,0.30
355,549,1.00
356,549,1.00
357,549,1.00
358,549,1.00
359,549,0.96
360,549,0.38
361,549,0.30
355,550,0.98
356,550,0.90
357,550,0.60
358,550,0.60
359,550,0.60
360,550,0.30
361,550,0.30
353,544,1.00
354,544,1.00
353,545,1.00
354,545,1.00
353,546,1.00
354,546,1.00
353,547,1.00
354,547,1.00
353,548,1.00
354,548,1.00
353,549,1.00
354,549,1.00
353,550,1.00
354,550,0.96
350,545,1.00
351,545,1.00
352,545,1.00
350,546,1.00
351,546,1.00
352,546,1.00
350,547,1.00
351,547,1.00
352,547,1.00
350,548,1.00
351,548,1.00
352,548,1.00
350,549,1.00
351,549,1.00
352,549,1.00
350,550,1.00
351,550,0.98
352,550,0.96
350,551,1.00
351,551,0.60
352,551,0.30
353,551,0.30
354,551,0.30
355,551,0.30
356,551,0.30
345,546,1.00
346,546,1.00
347,546,1.00
348,546,1.00
349,546,1.00
345,547,1.00
346,547,1.00
347,547,1.00
348,547,1.00
349,547,1.00
345,548,1.00
346,548,1.00
347,548,1.00
348,548,1.00
349,548,1.00
345,549,1.00
346,549,1.00
347,549,1.00
348,549,1.00
349,549,1.00
345,550,1.00
346,550,1.00
347,550,1.00
348,550,1.00
349,550,1.00
345,551,1.00
346,551,1.00
347,551,1.00
348,551,1.00
349,551,1.00
345,552,1.00
346,552,1.00
347,552,1.00
348,552,1.00
349,552,1.00
350,552,0.90
351,552,0.30
342,547,0.60
343,547,0.68
344,547,1.00
342,548,0.60
343,548,0.68
344,548,1.00
342,549,0.30
343,549,0.96
344,549,1.00
342,550,0.60
343,550,1.00
344,550,1.00
342,551,0.60
343,551,1.00
344,551,1.00
342,552,0.90
343,552,1.00
344,552,1.00
342,553,0.98
343,553,1.00
344,553,1.00
345,553,1.00
346,553,1.00
347,553,1.00
348,553,1.00
332,549,0.60
333,549,0.60
334,549,0.60
335,549,0.60
336,549,0.60
337,549,0.60
338,549,0.30
332,550,0.68
333,550,1.00
334,550,1.00
335,550,1.00
336,550,1.00
337,550,0.68
338,550,0.30
332,551,0.96
333,551,1.00
334,551,1.00
335,551,1.00
336,551,1.00
337,551,0.96
338,551,0.30
332,552,1.00
333,552,1.00
334,552,1.00
335,552,1.00
336,552,1.00
337,552,1.00
338,552,0.60
332,553,0.96
333,553,1.00
334,553,1.00
335,553,1.00
336,553,1.00
337,553,1.00
338,553,0.68
332,554,0.98
333,554,1.00
334,554,1.00
335,554,1.00
336,554,1.00
337,554,0.98
338,554,0.96
332,555,1.00
333,555,0.98
334,555,0.90
335,555,0.60
336,555,0.60
337,555,0.90
338,555,1.00
322,552,0.30
323,552,0.30
324,552,0.30
325,552,0.30
326,552,0.30
327,552,0.30
328,552,0.30
322,553,0.30
323,553,0.38
324,553,0.66
325,553,0.77
326,553,0.66
327,553,0.38
328,553,0.30
322,554,0.30
323,554,0.66
324,554,1.00
325,554,1.00
326,554,1.00
327,554,0.66
328,554,0.60
322,555,0.30
323,555,0.77
324,555,1.00
325,555,1.00
326,555,1.00
327,555,0.77
328,555,0.60
322,556,0.60
323,556,0.96
324,556,1.00
325,556,1.00
326,556,1.00
327,556,0.66
328,556,0.60
322,557,0.96
323,557,0.76
324,557,0.96
325,557,0.77
326,557,0.66
327,557,0.38
328,557,0.60
322,558,1.00
323,558,0.96
324,558,0.60
325,558,0.30
326,558,0.30
327,558,0.30
328,558,0.60
311,556,0.30
312,556,0.30
313,556,0.30
314,556,0.30
315,556,0.60
316,556,0.60
317,556,0.60
311,557,0.90
312,557,0.98
313,557,0.96
314,557,1.00
315,557,1.00
316,557,0.76
317,557,0.96
311,558,1.00
312,558,1.00
313,558,1.00
314,558,1.00
315,558,1.00
316,558,1.00
317,558,1.00
311,559,1.00
312,559,1.00
313,559,1.00
314,559,1.00
315,559,1.00
316,559,1.00
317,559,1.00
311,560,1.00
312,560,1.00
313,560,1.00
314,560,1.00
315,560,1.00
316,560,1.00
317,560,1.00
311,561,1.00
312,561,1.00
313,561,1.00
314,561,1.00
315,561,1.00
316,561,1.00
317,561,1.00
311,562,1.00
312,562,1.00
313,562,1.00
314,562,1.00
315,562,1.00
316,562,1.00
317,562,1.00
306,557,0.30
307,557,0.30
308,557,0.30
309,557,0.60
310,557,0.60
306,558,1.00
307,558,0.98
308,558,0.96
309,558,1.00
310,558,1.00
306,559,1.00
307,559,1.00
308,559,1.00
309,559,1.00
310,559,1.00
306,560,1.00
307,560,1.00
308,560,1.00
309,560,1.00
310,560,1.00
306,561,1.00
307,561,1.00
308,561,1.00
309,561,1.00
310,561,1.00
306,562,1.00
307,562,1.00
308,562,1.00
309,562,1.00
310,562,1.00
306,563,1.00
307,563,1.00
308,563,1.00
309,563,0.90
310,563,0.60
311,563,0.60
312,563,0.90
301,558,1.00
302,558,1.00
303,558,1.00
304,558,1.00
305,558,1.00
301,559,1.00
302,559,1.00
303,559,1.00
304,559,1.00
305,559,1.00
301,560,1.00
302,560,1.00
303,560,1.00
304,560,1.00
305,560,1.00
301,561,1.00
302,561,1.00
303,561,1.00
304,561,1.00
305,561,1.00
301,562,1.00
302,562,1.00
303,562,1.00
304,562,1.00
305,562,1.00
301,563,1.00
302,563,1.00
303,563,1.00
304,563,1.00
305,563,1.00
301,564,1.00
302,564,1.00
303,564,1.00
304,564,1.00
305,564,1.00
306,564,1.00
307,564,1.00
300,558,0.90
300,559,0.98
300,560,1.00
300,561,1.00
300,562,1.00
300,563,1.00
300,564,1.00
299,558,0.30
299,559,0.30
299,560,1.00
299,561,1.00
299,562,1.00
299,563,1.00
299,564,1.00
308,564,0.96
313,563,0.68
314,563,0.96
315,563,1.00
318,556,0.60
319,556,0.60
320,556,0.60
321,556,0.60
318,557,1.00
319,557,1.00
320,557,1.00
321,557,1.00
318,558,1.00
319,558,1.00
320,558,1.00
321,558,1.00
318,559,1.00
319,559,1.00
320,559,1.00
321,559,1.00
318,560,1.00
319,560,1.00
320,560,1.00
321,560,1.00
318,561,1.00
319,561,1.00
320,561,1.00
321,561,1.00
318,562,0.90
319,562,0.60
320,562,0.60
321,562,0.60
329,554,0.30
330,554,0.30
331,554,0.60
329,555,0.38
330,555,0.66
331,555,1.00
329,556,0.66
330,556,1.00
331,556,1.00
332,556,1.00
333,556,0.66
334,556,0.30
329,557,0.77
330,557,1.00
331,557,1.00
332,557,1.00
333,557,0.77
334,557,0.30
329,558,0.66
330,558,1.00
331,558,1.00
332,558,1.00
333,558,0.66
334,558,0.30
328,559,0.30
329,559,0.38
330,559,0.66
331,559,0.77
332,559,0.66
333,559,0.38
334,559,0.30
328,560,0.30
329,560,0.30
330,560,0.30
331,560,0.30
332,560,0.30
333,560,0.30
334,560,0.30
339,552,0.30
340,552,0.30
341,552,0.30
339,553,0.66
340,553,0.77
341,553,0.66
339,554,1.00
340,554,1.00
341,554,1.00
342,554,0.96
343,554,1.00
339,555,1.00
340,555,1.00
341,555,1.00
342,555,1.00
343,555,1.00
337,556,0.30
338,556,0.66
339,556,1.00
340,556,1.00
341,556,1.00
342,556,0.96
343,556,0.90
337,557,0.30
338,557,0.38
339,557,0.66
340,557,0.77
341,557,0.66
342,557,0.38
343,557,0.30
337,558,0.30
338,558,0.30
339,558,0.30
340,558,0.30
341,558,0.30
342,558,0.30
343,558,0.30
344,554,1.00
345,554,1.00
346,554,1.00
347,554,1.00
348,554,1.00
344,555,1.00
345,555,1.00
346,555,1.00
347,555,1.00
348,555,0.98
344,556,0.60
345,556,0.60
346,556,0.60
347,556,0.60
348,556,0.60
349,553,1.00
349,554,0.90
349,555,0.60
349,556,0.30
350,553,0.60
350,554,0.30
346,544,1.00
347,544,1.00
348,544,1.00
349,544,1.00
350,544,1.00
351,544,1.00
352,544,1.00
346,545,1.00
347,545,1.00
348,545,1.00
349,545,1.00
347,542,0.60
348,542,0.90
349,542,1.00
350,542,1.00
351,542,1.00
352,542,1.00
353,542,1.00
347,543,0.68
348,543,0.98
349,543,1.00
350,543,1.00
351,543,1.00
352,543,1.00
353,543,1.00
349,540,1.00
350,540,1.00
351,540,1.00
352,540,1.00
353,540,1.00
354,540,1.00
355,540,0.90
349,541,1.00
350,541,1.00
351,541,1.00
352,541,1.00
353,541,1.00
354,541,1.00
355,541,0.90
354,542,1.00
355,542,0.90
354,543,1.00
355,543,0.90
348,540,0.30
348,541,0.30
342,542,0.30
343,542,0.30
344,542,0.30
345,542,0.30
346,542,0.30
342,543,0.30
343,543,0.38
344,543,0.66
345,543,0.77
346,543,0.66
342,544,0.30
343,544,0.66
344,544,1.00
345,544,1.00
342,545,0.30
343,545,0.77
344,545,1.00
345,545,1.00
342,546,0.30
343,546,0.66
344,546,1.00
331,549,0.30
331,550,0.30
331,551,0.30
331,552,0.30
331,553,0.30
322,559,1.00
323,559,0.77
324,559,0.30
322,560,1.00
323,560,0.66
324,560,0.30
322,561,0.66
323,561,0.38
324,561,0.30
322,562,0.30
323,562,0.30
324,562,0.30
316,563,0.66
317,563,0.38
318,563,0.30
312,564,0.30
313,564,0.30
314,564,0.30
315,564,0.30
316,564,0.30
317,564,0.30
318,564,0.30
309,564,0.30
303,565,1.00
304,565,1.00
305,565,1.00
306,565,1.00
307,565,0.66
308,565,0.38
309,565,0.30
303,566,1.00
304,566,1.00
305,566,1.00
306,566,0.90
307,566,0.30
308,566,0.30
309,566,0.30
300,565,1.00
301,565,1.00
302,565,1.00
300,566,1.00
301,566,1.00
302,566,1.00
299,565,1.00
299,566,1.00
298,560,0.60
298,561,0.98
298,562,1.00
298,563,1.00
298,564,1.00
298,565,1.00
298,566,0.98
297,560,0.30
297,561,0.60
297,562,0.60
297,563,0.60
297,564,0.60
297,565,0.60
297,566,0.60
297,567,0.30
298,567,0.30
299,567,0.30
300,567,0.30
301,567,0.30
302,567,0.30
303,567,0.30

274,495,0.60
275,495,0.60
276,495,0.90
277,495,0.90
278,495,0.90
279,495,1.00
280,495,1.00
274,496,0.60
275,496,0.76
276,496,1.00
277,496,1.00
278,496,1.00
279,496,1.00
280,496,1.00
274,497,0.60
275,497,1.00
276,497,1.00
277,497,1.00
278,497,1.00
279,497,1.00
280,497,1.00
274,498,0.60
275,498,1.00
276,498,1.00
277,498,1.00
278,498,1.00
279,498,1.00
280,498,1.00
274,499,0.60
275,499,1.00
276,499,1.00
277,499,1.00
278,499,1.00
279,499,1.00
280,499,1.00
274,500,0.60
275,500,0.76
276,500,1.00
277,500,1.00
278,500,1.00
279,500,1.00
280,500,1.00
274,501,0.60
275,501,0.60
276,501,0.90
277,501,0.90
278,501,0.90
279,501,1.00
280,501,1.00
281,495,1.00
282,495,1.00
281,496,1.00
282,496,1.00
281,497,1.00
282,497,1.00
281,498,1.00
282,498,1.00
281,499,1.00
282,499,1.00
281,500,1.00
282,500,1.00
281,501,1.00
282,501,1.00
283,495,1.00
284,495,1.00
285,495,1.00
283,496,1.00
284,496,1.00
285,496,1.00
283,497,1.00
284,497,1.00
285,497,1.00
283,498,1.00
284,498,1.00
285,498,1.00
283,499,1.00
284,499,1.00
285,499,1.00
283,500,1.00
284,500,1.00
285,500,1.00
283,501,1.00
284,501,1.00
285,501,1.00
286,495,1.00
286,496,1.00
286,497,1.00
286,498,1.00
286,499,1.00
286,500,1.00
286,501,1.00
287,495,1.00
287,496,1.00
287,497,1.00
287,498,1.00
287,499,1.00
287,500,1.00
287,501,1.00
288,495,1.00
288,496,1.00
288,497,1.00
288,498,1.00
288,499,1.00
288,500,1.00
288,501,1.00
289,495,1.00
289,496,1.00
289,497,1.00
289,498,1.00
289,499,1.00
289,500,1.00
289,501,1.00
290,495,1.00
290,496,1.00
290,497,1.00
290,498,1.00
290,499,1.00
290,500,1.00
290,501,1.00
291,495,1.00
291,496,1.00
291,497,1.00
291,498,1.00
291,499,1.00
291,500,1.00
291,501,1.00
292,495,1.00
292,496,1.00
292,497,1.00
292,498,1.00
292,499,1.00
292,500,1.00
292,501,1.00
293,495,1.00
293,496,1.00
293,497,1.00
293,498,1.00
293,499,1.00
293,500,1.00
293,501,1.00
294,495,1.00
294,496,1.00
294,497,1.00
294,498,1.00
294,499,1.00
294,500,1.00
294,501,1.00
295,495,1.00
295,496,1.00
295,497,1.00
295,498,1.00
295,499,1.00
295,500,1.00
295,501,1.00
296,495,1.00
296,496,1.00
296,497,1.00
296,498,1.00
296,499,1.00
296,500,1.00
296,501,1.00
297,495,1.00
297,496,1.00
297,497,1.00
297,498,1.00
297,499,1.00
297,500,1.00
297,501,1.00
298,495,1.00
298,496,1.00
298,497,1.00
298,498,1.00
298,499,1.00
298,500,1.00
298,501,0.90
299,495,1.00
299,496,1.00
299,497,1.00
299,498,1.00
299,499,1.00
299,500,1.00
299,501,0.60
294,494,0.30
295,494,0.30
296,494,0.90
297,494,1.00
298,494,1.00
299,494,1.00
300,494,1.00
300,495,1.00
300,496,1.00
300,497,1.00
300,498,1.00
300,499,1.00
300,500,1.00
301,494,1.00
302,494,1.00
301,495,1.00
302,495,1.00
301,496,1.00
302,496,1.00
301,497,1.00
302,497,1.00
301,498,1.00
302,498,1.00
301,499,1.00
302,499,1.00
301,500,0.90
302,500,0.90
303,494,1.00
303,495,1.00
303,496,1.00
303,497,1.00
303,498,1.00
303,499,1.00
303,500,0.30
299,493,0.30
300,493,0.60
301,493,0.90
302,493,1.00
303,493,1.00
304,493,1.00
305,493,1.00
304,494,1.00
305,494,1.00
304,495,1.00
305,495,1.00
304,496,1.00
305,496,1.00
304,497,1.00
305,497,1.00
304,498,1.00
305,498,1.00
304,499,0.90
305,499,1.00
306,493,1.00
306,494,1.00
306,495,1.00
306,496,1.00
306,497,1.00
306,498,1.00
306,499,1.00
307,493,1.00
307,494,1.00
307,495,1.00
307,496,1.00
307,497,1.00
307,498,1.00
307,499,1.00
302,492,0.30
303,492,0.30
304,492,0.90
305,492,1.00
306,492,1.00
307,492,1.00
308,492,1.00
308,493,1.00
308,494,1.00
308,495,1.00
308,496,1.00
308,497,1.00
308,498,1.00
309,492,1.00
310,492,1.00
309,493,1.00
310,493,1.00
309,494,1.00
310,494,1.00
309,495,1.00
310,495,1.00
309,496,1.00
310,496,1.00
309,497,1.00
310,497,1.00
309,498,1.00
310,498,1.00
311,492,0.60
311,493,0.90
311,494,0.90
311,495,1.00
311,496,1.00
311,497,1.00
311,498,1.00
308,499,1.00
309,499,1.00
310,499,1.00
311,499,1.00
305,500,0.60
306,500,1.00
307,500,1.00
308,500,1.00
309,500,1.00
310,500,1.00
311,500,0.98
305,501,0.60
306,501,1.00
307,501,1.00
308,501,1.00
309,501,1.00
310,501,1.00
311,501,1.00
305,502,0.30
306,502,0.98
307,502,1.00
308,502,1.00
309,502,1.00
310,502,1.00
311,502,1.00
305,503,0.30
306,503,1.00
307,503,1.00
308,503,1.00
309,503,1.00
310,503,1.00
311,503,1.00
312,499,0.30
312,500,0.30
312,501,0.60
312,502,0.60
312,503,0.90
306,504,0.90
307,504,1.00
308,504,1.00
309,504,1.00
310,504,1.00
311,504,1.00
312,504,0.90
306,505,0.90
307,505,1.00
308,505,1.00
309,505,1.00
310,505,1.00
311,505,1.00
312,505,1.00
306,506,0.60
307,506,1.00
308,506,1.00
309,506,1.00
310,506,1.00
311,506,1.00
312,506,0.98
306,507,0.60
307,507,1.00
308,507,1.00
309,507,1.00
310,507,1.00
311,507,1.00
312,507,1.00
306,508,0.30
307,508,1.00
308,508,1.00
309,508,1.00
310,508,1.00
311,508,1.00
312,508,1.00
306,509,0.30
307,509,1.00
308,509,1.00
309,509,1.00
310,509,1.00
311,509,1.00
312,509,1.00
313,505,0.30
313,506,0.30
313,507,0.60
313,508,0.90
313,509,0.90
307,510,0.90
308,510,1.00
309,510,1.00
310,510,1.00
311,510,1.00
312,510,1.00
313,510,1.00
307,511,0.90
308,511,1.00
309,511,1.00
310,511,1.00
311,511,1.00
312,511,1.00
313,511,1.00
307,512,0.60
308,512,1.00
309,512,1.00
310,512,1.00
311,512,1.00
312,512,1.00
313,512,1.00
307,513,0.60
308,513,1.00
309,513,1.00
310,513,1.00
311,513,1.00
312,513,1.00
313,513,1.00
307,514,0.30
308,514,0.90
309,514,1.00
310,514,1.00
311,514,1.00
312,514,1.00
313,514,1.00
314,510,0.30
314,511,0.60
314,512,0.60
314,513,0.90
314,514,0.98
308,515,0.60
309,515,1.00
310,515,1.00
311,515,1.00
312,515,1.00
313,515,1.00
314,515,1.00
308,516,0.60
309,516,1.00
310,516,1.00
311,516,1.00
312,516,1.00
313,516,1.00
314,516,1.00
308,517,0.30
309,517,1.00
310,517,1.00
311,517,1.00
312,517,1.00
313,517,1.00
314,517,1.00
315,513,0.30
315,514,0.30
315,515,0.60
315,516,0.90
315,517,1.00
309,518,0.90
310,518,1.00
311,518,1.00
312,518,1.00
313,518,1.00
314,518,1.00
315,518,1.00
309,519,0.90
310,519,1.00
311,519,1.00
312,519,1.00
313,519,1.00
314,519,1.00
315,519,1.00
309,520,0.60
310,520,1.00
311,520,1.00
312,520,1.00
313,520,1.00
314,520,1.00
315,520,1.00
309,521,0.60
310,521,1.00
311,521,1.00
312,521,1.00
313,521,1.00
314,521,1.00
315,521,1.00
309,522,0.30
310,522,1.00
311,522,1.00
312,522,1.00
313,522,1.00
314,522,1.00
315,522,1.00
316,517,0.30
316,518,0.60
316,519,0.90
316,520,1.00
316,521,1.00
316,522,1.00
310,523,1.00
311,523,1.00
312,523,1.00
313,523,1.00
314,523,1.00
315,523,1.00
316,523,1.00
310,524,1.00
311,524,1.00
312,524,1.00
313,524,1.00
314,524,1.00
315,524,1.00
316,524,1.00
310,525,1.00
311,525,1.00
312,525,1.00
313,525,1.00
314,525,1.00
315,525,1.00
316,525,1.00
310,526,1.00
311,526,1.00
312,526,1.00
313,526,1.00
314,526,1.00
315,526,1.00
316,526,1.00
310,527,1.00
311,527,1.00
312,527,1.00
313,527,1.00
314,527,1.00
315,527,1.00
316,527,1.00
317,522,0.30
317,523,0.60
317,524,1.00
317,525,1.00
317,526,1.00
317,527,1.00
311,528,1.00
312,528,1.00
313,528,1.00
314,528,1.00
315,528,1.00
316,528,1.00
317,528,1.00
311,529,1.00
312,529,1.00
313,529,1.00
314,529,1.00
315,529,1.00
316,529,1.00
317,529,1.00
311,530,1.00
312,530,1.00
313,530,1.00
314,530,1.00
315,530,1.00
316,530,1.00
317,530,1.00
311,531,1.00
312,531,1.00
313,531,1.00
314,531,1.00
315,531,1.00
316,531,1.00
317,531,1.00
311,532,1.00
312,532,1.00
313,532,1.00
314,532,1.00
315,532,1.00
316,532,1.00
317,532,1.00
318,526,1.00
318,527,1.00
318,528,1.00
318,529,1.00
318,530,1.00
318,531,1.00
318,532,1.00
319,526,1.00
319,527,1.00
319,528,1.00
319,529,1.00
319,530,1.00
319,531,1.00
319,532,1.00
320,526,1.00
320,527,1.00
320,528,1.00
320,529,1.00
320,530,1.00
320,531,1.00
320,532,1.00
321,526,1.00
321,527,1.00
321,528,1.00
321,529,1.00
321,530,1.00
321,531,1.00
321,532,1.00
322,526,1.00
322,527,1.00
322,528,1.00
322,529,1.00
322,530,1.00
322,531,1.00
322,532,1.00
323,526,1.00
323,527,1.00
323,528,1.00
323,529,1.00
323,530,1.00
323,531,1.00
323,532,1.00
324,526,1.00
324,527,1.00
324,528,1.00
324,529,1.00
324,530,1.00
324,531,1.00
324,532,1.00
325,526,1.00
325,527,1.00
325,528,1.00
325,529,1.00
325,530,1.00
325,531,1.00
325,532,1.00
326,526,1.00
326,527,1.00
326,528,1.00
326,529,1.00
326,530,1.00
326,531,1.00
326,532,1.00
327,526,1.00
327,527,1.00
327,528,1.00
327,529,1.00
327,530,1.00
327,531,1.00
327,532,1.00
328,526,1.00
328,527,1.00
328,528,1.00
328,529,1.00
328,530,1.00
328,531,1.00
328,532,1.00
329,526,1.00
329,527,1.00
329,528,1.00
329,529,1.00
329,530,1.00
329,531,1.00
329,532,1.00
330,526,1.00
331,526,1.00
330,527,1.00
331,527,1.00
330,528,1.00
331,528,1.00
330,529,1.00
331,529,1.00
330,530,1.00
331,530,1.00
330,531,1.00
331,531,1.00
330,532,1.00
331,532,1.00
332,526,1.00
333,526,1.00
332,527,1.00
333,527,1.00
332,528,1.00
333,528,1.00
332,529,1.00
333,529,1.00
332,530,1.00
333,530,1.00
332,531,1.00
333,531,1.00
332,532,0.60
333,532,0.60
334,526,1.00
334,527,1.00
334,528,1.00
334,529,1.00
334,530,1.00
334,531,0.90
334,532,0.30
330,525,1.00
331,525,1.00
332,525,1.00
333,525,1.00
334,525,1.00
335,525,1.00
336,525,1.00
335,526,1.00
336,526,1.00
335,527,1.00
336,527,1.00
335,528,1.00
336,528,1.00
335,529,1.00
336,529,1.00
335,530,1.00
336,530,1.00
335,531,0.60
336,531,0.60
337,525,1.00
337,526,1.00
337,527,1.00
337,528,1.00
337,529,1.00
337,530,0.90
337,531,0.30
333,524,1.00
334,524,1.00
335,524,1.00
336,524,1.00
337,524,1.00
338,524,1.00
339,524,1.00
338,525,1.00
339,525,1.00
338,526,1.00
339,526,1.00
338,527,1.00
339,527,1.00
338,528,1.00
339,528,1.00
338,529,1.00
339,529,1.00
338,530,0.60
339,530,0.60
340,524,1.00
340,525,1.00
340,526,1.00
340,527,1.00
340,528,1.00
340,529,0.90
340,530,0.30
336,523,1.00
337,523,1.00
338,523,1.00
339,523,1.00
340,523,1.00
341,523,1.00
342,523,1.00
341,524,1.00
342,524,1.00
341,525,1.00
342,525,1.00
341,526,1.00
342,526,1.00
341,527,1.00
342,527,1.00
341,528,1.00
342,528,1.00
341,529,0.60
342,529,0.60
343,523,1.00
343,524,1.00
343,525,1.00
343,526,1.00
343,527,1.00
343,528,0.90
343,529,0.30
339,522,1.00
340,522,1.00
341,522,1.00
342,522,1.00
343,522,1.00
344,522,1.00
345,522,1.00
344,523,1.00
345,523,1.00
344,524,1.00
345,524,1.00
344,525,1.00
345,525,1.00
344,526,1.00
345,526,1.00
344,527,1.00
345,527,1.00
344,528,0.60
345,528,0.60
346,522,1.00
347,522,1.00
346,523,1.00
347,523,1.00
346,524,1.00
347,524,1.00
346,525,1.00
347,525,1.00
346,526,1.00
347,526,0.98
346,527,0.68
347,527,0.60
346,528,0.30
347,528,0.30
342,521,1.00
343,521,1.00
344,521,1.00
345,521,1.00
346,521,1.00
347,521,1.00
348,521,1.00
348,522,1.00
348,523,1.00
348,524,1.00
348,525,1.00
348,526,0.60
348,527,0.30
345,520,1.00
346,520,1.00
347,520,1.00
348,520,1.00
349,520,1.00
350,520,1.00
351,520,1.00
349,521,1.00
350,521,1.00
351,521,1.00
349,522,1.00
350,522,1.00
351,522,1.00
349,523,1.00
350,523,1.00
351,523,1.00
349,524,1.00
350,524,1.00
351,524,1.00
349,525,1.00
350,525,1.00
351,525,1.00
349,526,0.30
350,526,0.30
351,526,0.30
347,519,1.00
348,519,1.00
349,519,1.00
350,519,1.00
351,519,1.00
352,519,1.00
353,519,1.00
352,520,1.00
353,520,1.00
352,521,1.00
353,521,1.00
352,522,1.00
353,522,1.00
352,523,1.00
353,523,1.00
352,524,1.00
353,524,1.00
352,525,1.00
353,525,1.00
354,519,1.00
354,520,1.00
354,521,1.00
354,522,1.00
354,523,1.00
354,524,1.00
354,525,1.00
355,519,0.90
355,520,0.90
355,521,0.90
355,522,0.90
355,523,0.90
355,524,0.90
355,525,0.90
346,519,1.00
344,519,1.00
345,519,1.00
344,520,1.00
343,519,1.00
343,520,1.00
340,519,0.90
341,519,0.90
342,519,0.90
340,520,1.00
341,520,1.00
342,520,1.00
340,521,1.00
341,521,1.00
339,519,0.60
339,520,1.00
339,521,1.00
337,519,0.30
338,519,0.30
337,520,1.00
338,520,1.00
337,521,1.00
338,521,1.00
337,522,1.00
338,522,1.00
335,520,0.90
336,520,0.90
335,521,1.00
336,521,1.00
335,522,1.00
336,522,1.00
335,523,1.00
333,520,0.60
334,520,0.60
333,521,1.00
334,521,1.00
333,522,1.00
334,522,1.00
333,523,1.00
334,523,1.00
332,520,0.30
332,521,0.90
332,522,1.00
332,523,1.00
332,524,1.00
331,521,0.60
331,522,1.00
331,523,1.00
331,524,1.00
329,521,0.30
330,521,0.30
329,522,1.00
330,522,1.00
329,523,1.00
330,523,1.00
329,524,1.00
330,524,1.00
329,525,1.00
327,522,0.90
328,522,0.90
327,523,1.00
328,523,1.00
327,524,1.00
328,524,1.00
327,525,1.00
328,525,1.00
326,522,0.60
326,523,1.00
326,524,1.00
326,525,1.00
325,522,0.30
325,523,1.00
325,524,1.00
325,525,1.00
323,523,0.90
324,523,0.90
323,524,1.00
324,524,1.00
323,525,1.00
324,525,1.00
322,523,0.60
322,524,1.00
322,525,1.00
320,523,0.30
321,523,0.30
320,524,1.00
321,524,1.00
320,525,1.00
321,525,1.00
319,524,1.00
319,525,1.00
318,524,1.00
318,525,1.00
309,525,0.60
309,526,1.00
309,527,1.00
309,528,1.00
310,528,1.00
309,529,1.00
310,529,1.00
309,530,1.00
310,530,1.00
309,531,1.00
310,531,1.00
308,525,0.30
308,526,0.90
308,527,1.00
308,528,1.00
308,529,1.00
308,530,1.00
308,531,1.00
308,532,0.90
309,532,0.98
310,532,1.00
308,533,0.30
309,533,0.30
310,533,0.30
311,533,0.30
312,533,0.30
313,533,0.30
314,533,0.30

298,507,1.00
299,507,1.00
300,507,1.00
301,507,1.00
302,507,0.90
303,507,0.90
304,507,0.60
298,508,1.00
299,508,1.00
300,508,1.00
301,508,1.00
302,508,1.00
303,508,1.00
304,508,0.60
298,509,1.00
299,509,1.00
300,509,1.00
301,509,1.00
302,509,1.00
303,509,1.00
304,509,0.60
298,510,1.00
299,510,1.00
300,510,1.00
301,510,1.00
302,510,1.00
303,510,1.00
304,510,1.00
298,511,1.00
299,511,1.00
300,511,1.00
301,511,1.00
302,511,1.00
303,511,1.00
304,511,1.00
298,512,1.00
299,512,1.00
300,512,1.00
301,512,1.00
302,512,1.00
303,512,1.00
304,512,1.00
298,513,1.00
299,513,1.00
300,513,1.00
301,513,1.00
302,513,1.00
303,513,1.00
304,513,1.00
297,507,1.00
297,508,1.00
297,509,1.00
297,510,1.00
297,511,1.00
297,512,1.00
297,513,1.00
295,507,1.00
296,507,1.00
295,508,1.00
296,508,1.00
295,509,1.00
296,509,1.00
295,510,1.00
296,510,1.00
295,511,1.00
296,511,1.00
295,512,1.00
296,512,1.00
295,513,1.00
296,513,1.00
293,507,1.00
294,507,1.00
293,508,1.00
294,508,1.00
293,509,1.00
294,509,1.00
293,510,1.00
294,510,1.00
293,511,1.00
294,511,1.00
293,512,1.00
294,512,1.00
293,513,1.00
294,513,1.00
292,507,1.00
292,508,1.00
292,509,1.00
292,510,1.00
292,511,1.00
292,512,1.00
292,513,1.00
290,507,1.00
291,507,1.00
290,508,1.00
291,508,1.00
290,509,1.00
291,509,1.00
290,510,1.00
291,510,1.00
290,511,1.00
291,511,1.00
290,512,1.00
291,512,1.00
290,513,1.00
291,513,1.00
289,507,1.00
289,508,1.00
289,509,1.00
289,510,1.00
289,511,1.00
289,512,1.00
289,513,1.00
287,508,1.00
288,508,1.00
287,509,1.00
288,509,1.00
287,510,1.00
288,510,1.00
287,511,1.00
288,511,1.00
287,512,1.00
288,512,1.00
287,513,1.00
288,513,1.00
287,514,1.00
288,514,1.00
289,514,1.00
290,514,1.00
291,514,1.00
292,514,0.30
293,514,0.30
283,510,1.00
284,510,1.00
285,510,1.00
286,510,1.00
283,511,1.00
284,511,1.00
285,511,1.00
286,511,1.00
283,512,1.00
284,512,1.00
285,512,1.00
286,512,1.00
283,513,1.00
284,513,1.00
285,513,1.00
286,513,1.00
283,514,1.00
284,514,1.00
285,514,1.00
286,514,1.00
283,515,1.00
284,515,1.00
285,515,1.00
286,515,1.00
287,515,1.00
288,515,1.00
289,515,1.00
283,516,1.00
284,516,1.00
285,516,1.00
286,516,1.00
287,516,1.00
288,516,1.00
289,516,1.00
282,510,1.00
282,511,1.00
282,512,1.00
282,513,1.00
282,514,1.00
282,515,1.00
282,516,1.00
281,510,1.00
281,511,1.00
281,512,1.00
281,513,1.00
281,514,1.00
281,515,1.00
281,516,1.00
280,510,1.00
280,511,1.00
280,512,1.00
280,513,1.00
280,514,1.00
280,515,1.00
280,516,1.00
280,509,1.00
281,509,1.00
282,509,1.00
283,509,1.00
284,509,1.00
285,509,1.00
286,509,1.00
284,506,1.00
285,506,1.00
286,506,1.00
287,506,1.00
288,506,1.00
289,506,1.00
290,506,1.00
284,507,1.00
285,507,1.00
286,507,1.00
287,507,1.00
288,507,1.00
284,508,1.00
285,508,1.00
286,508,1.00
288,504,0.90
289,504,0.98
290,504,1.00
291,504,1.00
292,504,0.96
293,504,0.68
294,504,0.90
288,505,1.00
289,505,1.00
290,505,1.00
291,505,1.00
292,505,1.00
293,505,1.00
294,505,0.90
291,506,1.00
292,506,1.00
293,506,1.00
294,506,0.90
294,501,0.30
295,501,0.30
296,501,0.30
297,501,0.30
298,501,0.30
299,501,0.30
300,501,0.60
294,502,0.30
295,502,0.68
296,502,0.96
297,502,1.00
298,502,0.96
299,502,0.68
300,502,0.90
294,503,0.60
295,503,0.96
296,503,1.00
297,503,1.00
298,503,1.00
299,503,1.00
300,503,0.98
295,504,1.00
296,504,1.00
297,504,1.00
298,504,1.00
299,504,1.00
300,504,1.00
295,505,0.96
296,505,1.00
297,505,1.00
298,505,1.00
299,505,1.00
300,505,1.00
295,506,0.68
296,506,1.00
297,506,1.00
298,506,1.00
299,506,1.00
300,506,0.96
300,499,0.30
301,499,0.30
302,499,0.30
303,499,0.60
304,499,1.00
305,499,1.00
306,499,1.00
300,500,0.30
301,500,0.68
302,500,0.96
303,500,1.00
304,500,1.00
305,500,1.00
306,500,1.00
301,501,0.96
302,501,1.00
303,501,1.00
304,501,1.00
305,501,1.00
306,501,1.00
301,502,1.00
302,502,1.00
303,502,1.00
304,502,1.00
305,502,1.00
306,502,1.00
301,503,1.00
302,503,1.00
303,503,1.00
304,503,1.00
305,503,1.00
306,503,1.00
301,504,0.98
302,504,1.00
303,504,1.00
304,504,1.00
305,504,1.00
306,504,1.00
301,505,0.90
302,505,0.68
303,505,1.00
304,505,1.00
305,505,1.00
306,505,1.00
307,499,0.90
308,499,0.90
309,499,0.90
307,500,1.00
308,500,1.00
309,500,1.00
307,501,1.00
308,501,1.00
309,501,1.00
307,502,1.00
308,502,1.00
309,502,1.00
307,503,1.00
308,503,1.00
309,503,1.00
307,504,1.00
308,504,1.00
309,504,1.00
307,505,1.00
308,505,1.00
309,505,1.00
310,499,0.60
310,500,0.90
310,501,0.90
310,502,0.90
310,503,0.90
310,504,0.90
310,505,0.90
304,506,0.60
305,506,0.60
306,506,0.60
307,506,0.60
308,506,0.30
309,506,0.30
310,506,0.30
301,506,0.60
302,506,0.30
303,506,0.30
288,503,0.30
289,503,0.30
290,503,0.30
291,503,0.30
292,503,0.30
293,503,0.30
285,504,1.00
286,504,0.60
287,504,0.60
285,505,1.00
286,505,0.76
287,505,0.96
281,504,0.90
282,504,0.90
283,504,0.90
284,504,0.90
281,505,1.00
282,505,1.00
283,505,1.00
284,505,1.00
281,506,1.00
282,506,1.00
283,506,1.00
281,507,1.00
282,507,1.00
283,507,1.00
281,508,1.00
282,508,1.00
283,508,1.00
279,504,0.60
280,504,0.60
279,505,0.90
280,505,1.00
279,506,1.00
280,506,1.00
279,507,1.00
280,507,1.00
279,508,1.00
280,508,1.00
279,509,1.00
279,510,1.00
278,505,0.30
278,506,0.60
278,507,0.60
278,508,0.60
278,509,0.60
278,510,0.60
278,511,0.60
279,511,0.68
278,512,0.30
279,512,0.30
280,517,0.30
281,517,0.38
282,517,0.66
283,517,0.77
284,517,0.66
285,517,1.00
286,517,1.00
280,518,0.30
281,518,0.30
282,518,0.30
283,518,0.30
284,518,0.30
285,518,0.90
286,518,1.00
284,523,0.30
285,523,0.90
286,523,1.00
287,523,1.00
288,523,1.00
289,523,1.00
290,523,1.00
284,524,0.30
285,524,0.98
286,524,1.00
287,524,1.00
288,524,1.00
289,524,1.00
290,524,1.00
284,525,0.60
285,525,1.00
286,525,1.00
287,525,1.00
288,525,1.00
289,525,1.00
290,525,1.00
284,526,0.90
285,526,1.00
286,526,1.00
287,526,1.00
288,526,1.00
289,526,1.00
290,526,1.00
284,527,1.00
285,527,1.00
286,527,1.00
287,527,1.00
288,527,1.00
289,527,1.00
290,527,1.00
284,528,1.00
285,528,1.00
286,528,1.00
287,528,1.00
288,528,1.00
289,528,1.00
290,528,1.00
284,529,1.00
285,529,1.00
286,529,1.00
287,529,1.00
288,529,1.00
289,529,1.00
290,529,1.00
288,533,1.00
289,533,1.00
290,533,1.00
291,533,0.90
292,533,0.30
293,533,0.30
294,533,0.30
288,534,1.00
289,534,1.00
290,534,1.00
291,534,1.00
292,534,0.66
293,534,0.38
294,534,0.30
288,535,1.00
289,535,1.00
290,535,1.00
291,535,1.00
292,535,1.00
293,535,0.66
294,535,0.30
288,536,1.00
289,536,1.00
290,536,1.00
291,536,1.00
292,536,1.00
293,536,0.77
294,536,0.30
288,537,1.00
289,537,1.00
290,537,1.00
291,537,1.00
292,537,1.00
293,537,0.66
294,537,0.30
288,538,1.00
289,538,1.00
290,538,1.00
291,538,1.00
292,538,0.96
293,538,0.38
294,538,0.30
288,539,1.00
289,539,1.00
290,539,1.00
291,539,0.96
292,539,0.60
293,539,0.30
294,539,0.30
292,541,0.60
293,541,0.30
294,541,0.30
295,541,0.30
296,541,0.90
297,541,1.00
298,541,1.00
292,542,0.30
293,542,0.38
294,542,0.66
295,542,0.77
296,542,1.00
297,542,1.00
298,542,1.00
292,543,0.30
293,543,0.66
294,543,1.00
295,543,1.00
296,543,1.00
297,543,1.00
298,543,1.00
292,544,0.60
293,544,1.00
294,544,1.00
295,544,1.00
296,544,1.00
297,544,1.00
298,544,1.00
292,545,0.60
293,545,1.00
294,545,1.00
295,545,1.00
296,545,1.00
297,545,1.00
298,545,1.00
292,546,0.90
293,546,1.00
294,546,1.00
295,546,1.00
296,546,1.00
297,546,1.00
298,546,1.00
292,547,0.90
293,547,1.00
294,547,1.00
295,547,1.00
296,547,1.00
297,547,1.00
298,547,1.00
299,546,1.00
300,546,1.00
299,547,1.00
300,547,1.00
294,548,1.00
295,548,1.00
296,548,1.00
297,548,1.00
298,548,1.00
299,548,1.00
300,548,0.98
294,549,1.00
295,549,1.00
296,549,1.00
297,549,1.00
298,549,1.00
299,549,1.00
300,549,0.90
294,550,0.90
295,550,0.96
296,550,1.00
297,550,1.00
298,550,1.00
299,550,1.00
300,550,1.00
294,551,0.60
295,551,0.38
296,551,0.96
297,551,1.00
298,551,1.00
299,551,1.00
300,551,1.00
294,552,0.90
295,552,0.30
296,552,0.60
297,552,1.00
298,552,1.00
299,552,1.00
300,552,1.00
301,550,0.96
302,550,0.68
301,551,1.00
302,551,0.96
301,552,1.00
302,552,1.00
296,553,0.30
297,553,1.00
298,553,1.00
299,553,1.00
300,553,1.00
301,553,1.00
302,553,0.96
296,554,0.30
297,554,0.96
298,554,1.00
299,554,1.00
300,554,1.00
301,554,1.00
302,554,0.68
296,555,0.60
297,555,0.98
298,555,1.00
299,555,1.00
300,555,1.00
301,555,0.68
302,555,0.60
296,556,0.96
297,556,1.00
298,556,1.00
299,556,0.98
300,556,0.90
301,556,0.60
302,556,0.60
303,556,0.30
297,557,1.00
298,557,1.00
299,557,1.00
300,557,1.00
301,557,0.66
302,557,0.38
303,557,0.30
297,558,1.00
298,558,1.00
299,558,1.00
300,558,1.00
301,558,1.00
302,558,0.66
303,558,0.30
297,559,1.00
298,559,1.00
299,559,1.00
300,559,1.00
301,559,1.00
302,559,0.77
303,559,0.30
297,560,1.00
298,560,1.00
299,560,1.00
300,560,1.00
301,560,1.00
302,560,0.66
303,560,0.30
297,561,0.60
298,561,0.68
299,561,1.00
300,561,1.00
301,561,1.00
302,561,0.98
303,561,0.90
297,562,0.30
298,562,0.30
299,562,0.90
300,562,1.00
301,562,1.00
302,562,1.00
303,562,1.00
304,561,0.60
305,561,0.60
304,562,0.76
305,562,0.60
299,563,1.00
300,563,1.00
301,563,1.00
302,563,1.00
303,563,1.00
304,563,1.00
305,563,0.90
299,564,1.00
300,564,1.00
301,564,1.00
302,564,1.00
303,564,1.00
304,564,1.00
305,564,1.00
299,565,1.00
300,565,1.00
301,565,1.00
302,565,1.00
303,565,1.00
304,565,1.00
305,565,1.00
299,566,1.00
300,566,1.00
301,566,1.00
302,566,1.00
303,566,1.00
304,566,1.00
305,566,1.00
299,567,1.00
300,567,1.00
301,567,1.00
302,567,1.00
303,567,1.00
304,567,1.00
305,567,1.00
299,568,1.00
300,568,1.00
301,568,1.00
302,568,1.00
303,568,1.00
304,568,1.00
305,568,1.00
299,569,1.00
300,569,1.00
301,569,1.00
302,569,1.00
303,569,1.00
304,569,1.00
305,569,1.00
299,570,1.00
300,570,1.00
301,570,1.00
302,570,1.00
303,570,1.00
304,570,1.00
305,570,1.00
299,571,1.00
300,571,1.00
301,571,1.00
302,571,1.00
303,571,1.00
304,571,1.00
305,571,0.90
299,572,1.00
300,572,1.00
301,572,1.00
302,572,1.00
303,572,1.00
304,572,1.00
305,572,0.90
299,573,1.00
300,573,1.00
301,573,1.00
302,573,1.00
303,573,1.00
304,573,1.00
305,573,0.90
299,574,1.00
300,574,0.60
301,574,0.60
302,574,0.60
303,574,0.60
304,574,0.60
305,574,0.60
301,549,0.60
302,549,0.30
303,549,0.30
303,550,0.30
303,551,0.30
303,552,0.30
303,553,0.30
303,554,0.30
303,555,0.30
296,540,0.60
297,540,0.96
298,540,1.00
299,540,1.00
300,540,1.00
301,540,1.00
302,540,1.00
299,541,1.00
300,541,1.00
301,541,1.00
302,541,1.00
299,542,1.00
300,542,1.00
301,542,1.00
302,542,1.00
299,543,1.00
300,543,1.00
301,543,1.00
302,543,1.00
299,544,1.00
300,544,1.00
301,544,1.00
302,544,1.00
299,545,1.00
300,545,1.00
301,545,1.00
302,545,1.00
301,546,1.00
302,546,0.90
296,536,0.90
297,536,1.00
298,536,1.00
299,536,1.00
300,536,1.00
301,536,1.00
302,536,1.00
296,537,0.90
297,537,1.00
298,537,1.00
299,537,1.00
300,537,1.00
301,537,1.00
302,537,1.00
296,538,0.60
297,538,0.96
298,538,1.00
299,538,1.00
300,538,1.00
301,538,1.00
302,538,1.00
296,539,0.30
297,539,0.77
298,539,1.00
299,539,1.00
300,539,1.00
301,539,1.00
302,539,1.00
296,532,1.00
297,532,1.00
298,532,1.00
299,532,1.00
300,532,1.00
301,532,1.00
302,532,1.00
296,533,0.90
297,533,1.00
298,533,1.00
299,533,1.00
300,533,1.00
301,533,1.00
302,533,0.90
296,534,0.90
297,534,1.00
298,534,1.00
299,534,1.00
300,534,1.00
301,534,1.00
302,534,1.00
296,535,0.90
297,535,1.00
298,535,1.00
299,535,1.00
300,535,1.00
301,535,1.00
302,535,1.00
296,529,1.00
297,529,1.00
298,529,1.00
299,529,1.00
300,529,1.00
301,529,1.00
302,529,1.00
296,530,1.00
297,530,1.00
298,530,1.00
299,530,1.00
300,530,1.00
301,530,1.00
302,530,1.00
296,531,1.00
297,531,1.00
298,531,1.00
299,531,1.00
300,531,1.00
301,531,1.00
302,531,0.90
296,524,1.00
297,524,1.00
298,524,1.00
299,524,1.00
300,524,1.00
301,524,1.00
302,524,1.00
296,525,1.00
297,525,1.00
298,525,1.00
299,525,1.00
300,525,1.00
301,525,1.00
302,525,1.00
296,526,1.00
297,526,1.00
298,526,1.00
299,526,1.00
300,526,1.00
301,526,1.00
302,526,1.00
296,527,1.00
297,527,1.00
298,527,1.00
299,527,1.00
300,527,1.00
301,527,1.00
302,527,1.00
296,528,1.00
297,528,1.00
298,528,1.00
299,528,1.00
300,528,1.00
301,528,1.00
302,528,1.00
296,521,1.00
297,521,1.00
298,521,1.00
299,521,1.00
300,521,1.00
301,521,1.00
302,521,1.00
296,522,1.00
297,522,1.00
298,522,1.00
299,522,1.00
300,522,1.00
301,522,1.00
302,522,1.00
296,523,1.00
297,523,1.00
298,523,1.00
299,523,1.00
300,523,1.00
301,523,1.00
302,523,1.00
296,519,1.00
297,519,1.00
298,519,1.00
299,519,1.00
300,519,1.00
301,519,1.00
302,519,1.00
296,520,1.00
297,520,1.00
298,520,1.00
299,520,1.00
300,520,1.00
301,520,1.00
302,520,1.00
296,517,0.60
297,517,0.98
298,517,1.00
299,517,1.00
300,517,1.00
301,517,1.00
302,517,1.00
296,518,0.60
297,518,1.00
298,518,1.00
299,518,1.00
300,518,1.00
301,518,1.00
302,518,1.00
296,516,0.30
297,516,0.30
298,516,0.30
299,516,1.00
300,516,1.00
301,516,1.00
302,516,1.00
303,517,1.00
303,518,1.00
303,519,1.00
303,520,1.00
303,521,1.00
303,522,1.00
303,523,1.00
303,524,1.00
303,525,1.00
303,526,1.00
303,527,1.00
303,528,1.00
303,529,0.98
301,547,0.68
301,548,0.60
294,555,0.60
295,555,0.30
294,556,0.60
295,556,0.38
294,557,0.60
295,557,0.66
296,557,1.00
294,558,0.60
295,558,0.77
296,558,1.00
294,559,0.30
295,559,0.66
296,559,1.00
294,560,0.30
295,560,0.38
296,560,0.66
294,561,0.30
295,561,0.30
296,561,0.30
294,563,0.30
295,563,0.30
296,563,0.30
297,563,0.30
298,563,0.30
294,564,0.60
295,564,0.68
296,564,0.96
297,564,1.00
298,564,0.66
294,565,1.00
295,565,1.00
296,565,1.00
297,565,1.00
298,565,1.00
294,566,1.00
295,566,1.00
296,566,1.00
297,566,1.00
298,566,1.00
294,567,1.00
295,567,1.00
296,567,1.00
297,567,1.00
298,567,1.00
294,568,1.00
295,568,1.00
296,568,1.00
297,568,1.00
298,568,1.00
294,569,1.00
295,569,1.00
296,569,1.00
297,569,1.00
298,569,1.00
293,567,1.00
293,568,1.00
293,569,1.00
293,570,1.00
294,570,1.00
295,570,1.00
296,570,1.00
297,570,1.00
298,570,1.00
293,571,1.00
294,571,1.00
295,571,1.00
296,571,1.00
297,571,1.00
298,571,1.00
293,572,1.00
294,572,1.00
295,572,1.00
296,572,1.00
297,572,1.00
298,572,1.00
293,573,1.00
294,573,1.00
295,573,1.00
296,573,1.00
297,573,1.00
298,573,1.00
293,574,1.00
294,574,1.00
295,574,1.00
296,574,1.00
297,574,1.00
298,574,1.00
293,575,1.00
294,575,1.00
295,575,1.00
296,575,1.00
297,575,1.00
298,575,1.00
299,575,0.90
292,569,1.00
292,570,0.90
292,571,0.60
292,572,0.60
292,573,0.60
292,574,0.60
292,575,0.60
291,564,1.00
292,564,1.00
293,564,0.30
291,565,1.00
292,565,1.00
293,565,0.66
291,566,1.00
292,566,1.00
293,566,1.00
291,567,1.00
292,567,1.00
291,568,1.00
292,568,1.00
291,569,0.90
291,570,0.30
288,552,0.90
289,552,1.00
290,552,1.00
291,552,1.00
292,552,1.00
293,552,0.96
288,553,0.60
289,553,0.76
290,553,1.00
291,553,1.00
292,553,1.00
293,553,0.76
294,553,0.60
288,554,0.90
289,554,1.00
290,554,1.00
291,554,1.00
292,554,1.00
293,554,0.96
294,554,0.60
288,555,0.96
289,555,1.00
290,555,1.00
291,555,1.00
292,555,1.00
293,555,0.77
288,556,1.00
289,556,1.00
290,556,1.00
291,556,1.00
292,556,1.00
293,556,0.66
288,557,1.00
289,557,1.00
290,557,1.00
291,557,1.00
292,557,0.96
293,557,0.38
288,558,1.00
289,558,1.00
290,558,1.00
291,558,1.00
292,558,0.90
293,558,0.30
286,535,1.00
287,535,1.00
286,536,0.96
287,536,1.00
286,537,0.68
287,537,1.00
286,538,0.60
287,538,1.00
286,539,0.30
287,539,0.66
286,540,0.30
287,540,0.38
288,540,0.66
289,540,0.77
290,540,0.66
291,540,0.38
292,540,0.30
286,541,0.30
287,541,0.30
288,541,0.30
289,541,0.30
290,541,0.30
291,541,0.30
285,520,0.90
286,520,0.98
287,520,1.00
288,520,1.00
289,520,1.00
290,520,0.98
291,520,1.00
285,521,0.60
286,521,1.00
287,521,1.00
288,521,1.00
289,521,1.00
290,521,1.00
291,521,0.90
285,522,0.60
286,522,1.00
287,522,1.00
288,522,1.00
289,522,1.00
290,522,1.00
291,522,1.00
291,523,1.00
291,524,1.00
291,525,1.00
291,526,1.00
290,515,1.00
291,515,1.00
290,516,1.00
291,516,1.00
287,517,1.00
288,517,1.00
289,517,1.00
290,517,1.00
291,517,0.90
287,518,1.00
288,518,1.00
289,518,1.00
290,518,1.00
291,518,0.60
285,519,0.90
286,519,0.98
287,519,1.00
288,519,1.00
289,519,1.00
290,519,0.98
291,519,1.00
285,532,1.00
286,532,1.00
287,532,1.00
288,532,1.00
289,532,1.00
290,532,1.00
291,532,1.00
285,533,0.90
286,533,0.98
287,533,1.00
285,534,0.30
286,534,0.66
287,534,1.00
285,535,0.30
285,536,0.30
285,537,0.30
285,538,0.30
286,546,0.30
287,546,0.30
288,546,0.30
289,546,0.30
290,546,0.30
291,546,0.30
286,547,0.30
287,547,0.38
288,547,0.66
289,547,0.77
290,547,0.66
291,547,0.38
286,548,0.30
287,548,0.66
288,548,1.00
289,548,1.00
290,548,1.00
291,548,0.96
292,548,0.90
286,549,0.30
287,549,0.77
288,549,1.00
289,549,1.00
290,549,1.00
291,549,1.00
292,549,1.00
286,550,0.30
287,550,0.66
288,550,1.00
289,550,1.00
290,550,1.00
291,550,1.00
292,550,1.00
286,551,0.30
287,551,0.38
288,551,0.96
289,551,1.00
290,551,1.00
291,551,1.00
292,551,1.00
286,552,0.30
287,552,0.30
286,558,0.60
287,558,0.96
286,559,0.90
287,559,1.00
288,559,1.00
289,559,1.00
290,559,1.00
291,559,1.00
292,559,0.90
286,560,0.90
287,560,1.00
288,560,1.00
289,560,1.00
290,560,1.00
291,560,1.00
292,560,0.90
286,561,0.60
287,561,1.00
288,561,1.00
289,561,1.00
290,561,1.00
291,561,1.00
292,561,0.60
286,562,0.90
287,562,1.00
288,562,1.00
289,562,1.00
290,562,1.00
291,562,1.00
292,562,0.90
286,563,1.00
287,563,1.00
288,563,1.00
289,563,1.00
290,563,1.00
291,563,1.00
292,563,1.00
286,564,1.00
287,564,1.00
288,564,1.00
289,564,1.00
290,564,1.00
286,565,1.00
287,565,1.00
288,565,1.00
289,565,1.00
290,565,1.00
286,566,0.90
287,566,1.00
288,566,1.00
289,566,1.00
290,566,1.00
286,567,0.90
287,567,1.00
288,567,1.00
289,567,1.00
290,567,1.00
286,568,0.90
287,568,1.00
288,568,1.00
289,568,1.00
290,568,1.00
286,569,0.60
287,569,0.60
288,569,0.60
289,569,0.60
290,569,0.60
286,554,0.30
287,554,0.30
286,555,0.30
287,555,0.38
286,556,0.30
287,556,0.66
286,557,0.30
287,557,0.77
293,548,0.96
293,549,0.76
293,550,0.96
293,551,0.77
302,547,0.30
302,548,0.30
303,540,1.00
304,540,0.98
303,541,1.00
304,541,0.96
303,542,1.00
304,542,1.00
303,543,1.00
304,543,0.96
303,544,1.00
304,544,0.68
303,545,0.68
304,545,0.60
303,546,0.30
304,546,0.30
303,539,0.96
304,539,0.68
305,539,1.00
305,540,1.00
305,541,1.00
305,542,1.00
305,543,1.00
305,544,1.00
305,545,0.90
303,534,0.30
304,534,0.30
305,534,0.30
303,535,0.66
304,535,0.38
305,535,0.30
303,536,1.00
304,536,0.66
305,536,0.30
303,537,1.00
304,537,0.77
305,537,0.30
303,538,1.00
304,538,0.66
305,538,0.60
304,523,1.00
305,523,1.00
304,524,1.00
305,524,1.00
304,525,1.00
305,525,1.00
304,526,1.00
305,526,0.60
304,527,0.96
305,527,0.60
304,528,0.68
305,528,0.60
304,529,0.60
305,529,0.60
299,514,1.00
300,514,1.00
301,514,1.00
302,514,1.00
303,514,1.00
304,514,1.00
305,514,1.00
299,515,1.00
300,515,1.00
301,515,1.00
302,515,1.00
303,515,1.00
304,515,1.00
305,515,1.00
303,516,1.00
304,516,1.00
305,516,1.00
304,517,1.00
305,517,1.00
304,518,1.00
305,518,1.00
304,519,1.00
305,519,1.00
304,520,1.00
305,520,1.00
305,510,1.00
305,511,1.00
305,512,1.00
305,513,1.00
304,521,1.00
305,521,1.00
304,522,1.00
305,522,1.00
303,530,0.30
304,530,0.30
295,526,0.90
295,527,1.00
295,528,1.00
295,529,1.00
295,530,1.00
295,531,1.00
295,532,0.90
293,526,0.90
294,526,0.60
293,527,1.00
294,527,1.00
293,528,1.00
294,528,1.00
293,529,1.00
294,529,1.00
293,530,1.00
294,530,1.00
293,531,1.00
294,531,1.00
293,532,0.90
294,532,0.60
292,526,0.90
291,527,1.00
292,527,1.00
291,528,1.00
292,528,1.00
291,529,1.00
292,529,1.00
291,530,1.00
292,530,1.00
291,531,1.00
292,531,0.76
292,532,0.60
287,530,1.00
288,530,1.00
289,530,1.00
290,530,1.00
287,531,1.00
288,531,1.00
289,531,1.00
290,531,1.00
285,530,1.00
286,530,1.00
285,531,1.00
286,531,1.00
284,530,0.90
284,531,0.90
284,532,0.60
284,533,0.30
292,522,1.00
292,523,0.96
292,524,0.68
292,525,0.60
292,519,0.30
293,519,0.30
294,519,0.30
295,519,0.30
292,520,0.38
293,520,0.66
294,520,0.77
295,520,0.66
292,521,0.66
293,521,1.00
294,521,1.00
295,521,1.00
293,522,1.00
294,522,1.00
295,522,1.00
293,523,1.00
294,523,1.00
295,523,1.00
293,524,0.66
294,524,0.77
295,524,0.66
293,525,0.30
294,525,0.30
295,525,0.30
306,519,0.30
307,519,0.30
308,519,0.30
306,520,0.66
307,520,0.38
308,520,0.30
306,521,1.00
307,521,0.66
308,521,0.30
306,522,1.00
307,522,0.77
308,522,0.30
306,523,1.00
307,523,0.96
308,523,0.60
306,524,1.00
307,524,1.00
308,524,1.00
306,525,0.96
307,525,1.00
308,525,1.00
309,523,0.30
310,523,0.30
311,523,0.30
309,524,0.66
310,524,0.38
311,524,0.30
309,525,1.00
310,525,0.66
311,525,0.30
306,526,0.77
307,526,1.00
308,526,1.00
309,526,1.00
310,526,0.77
311,526,0.30
306,527,0.66
307,527,1.00
308,527,1.00
309,527,1.00
310,527,0.66
311,527,0.30
306,528,0.38
307,528,0.66
308,528,0.77
309,528,0.66
310,528,0.38
311,528,0.30
306,529,0.30
307,529,0.30
308,529,0.30
309,529,0.30
310,529,0.30
311,529,0.30
307,531,0.30
308,531,0.30
309,531,0.30
310,531,0.30
311,531,0.30
312,531,0.30
313,531,0.30
307,532,0.30
308,532,0.38
309,532,0.66
310,532,0.77
311,532,0.66
312,532,0.38
313,532,0.30
307,533,0.30
308,533,0.66
309,533,1.00
310,533,1.00
311,533,1.00
312,533,0.66
313,533,0.30
307,534,0.30
308,534,0.77
309,534,1.00
310,534,1.00
311,534,1.00
312,534,0.77
313,534,0.30
307,535,0.30
308,535,0.66
309,535,1.00
310,535,1.00
311,535,1.00
312,535,0.66
313,535,0.30
307,536,0.30
308,536,0.38
309,536,0.66
310,536,1.00
311,536,0.96
312,536,0.68
313,536,0.60
307,537,0.90
308,537,0.90
309,537,0.90
310,537,1.00
311,537,1.00
312,537,1.00
313,537,1.00
308,542,1.00
309,542,1.00
310,542,1.00
311,542,1.00
312,542,1.00
313,542,1.00
314,542,1.00
308,543,1.00
309,543,1.00
310,543,1.00
311,543,1.00
312,543,1.00
313,543,1.00
314,543,0.60
308,544,1.00
309,544,1.00
310,544,1.00
311,544,1.00
312,544,1.00
313,544,1.00
314,544,0.60
308,545,1.00
309,545,1.00
310,545,1.00
311,545,1.00
312,545,1.00
313,545,1.00
314,545,0.90
308,546,1.00
309,546,1.00
310,546,1.00
311,546,1.00
312,546,1.00
313,546,1.00
314,546,1.00
308,547,0.30
309,547,0.38
310,547,0.66
311,547,0.77
312,547,0.96
313,547,1.00
314,547,1.00
308,548,0.30
309,548,0.30
310,548,0.30
311,548,0.30
312,548,1.00
313,548,1.00
314,548,1.00
309,551,0.30
310,551,0.30
311,551,0.30
312,551,1.00
313,551,1.00
314,551,1.00
315,551,1.00
309,552,0.30
310,552,0.38
311,552,0.66
312,552,1.00
313,552,1.00
314,552,1.00
315,552,1.00
309,553,0.30
310,553,0.66
311,553,1.00
312,553,1.00
313,553,1.00
314,553,1.00
315,553,1.00
309,554,0.30
310,554,0.77
311,554,1.00
312,554,1.00
313,554,1.00
314,554,1.00
315,554,1.00
309,555,0.30
310,555,0.66
311,555,1.00
312,555,1.00
313,555,1.00
314,555,0.66
315,555,0.30
309,556,0.30
310,556,0.68
311,556,1.00
312,556,1.00
313,556,1.00
314,556,1.00
315,556,1.00
309,557,0.30
310,557,0.60
311,557,0.98
312,557,1.00
313,557,1.00
314,557,1.00
315,557,1.00
316,556,0.90
316,557,1.00
310,558,0.30
311,558,0.96
312,558,1.00
313,558,1.00
314,558,1.00
315,558,1.00
316,558,1.00
310,559,0.30
311,559,1.00
312,559,1.00
313,559,1.00
314,559,1.00
315,559,1.00
316,559,1.00
310,560,0.30
311,560,0.96
312,560,1.00
313,560,1.00
314,560,1.00
315,560,1.00
316,560,1.00
310,561,0.30
311,561,0.68
312,561,1.00
313,561,1.00
314,561,1.00
315,561,1.00
316,561,1.00
310,562,0.30
311,562,0.60
312,562,0.60
313,562,0.90
314,562,0.90
315,562,0.90
316,562,0.90
317,556,0.60
317,557,0.96
317,558,1.00
317,559,1.00
317,560,1.00
317,561,0.96
317,562,0.60
318,556,0.30
319,556,0.60
318,557,0.38
319,557,0.60
318,558,0.66
319,558,0.60
318,559,0.77
319,559,0.60
318,560,0.66
319,560,0.60
318,561,0.38
319,561,0.60
318,562,0.30
319,562,0.60
320,556,0.30
321,556,0.30
322,556,0.30
323,556,0.30
324,556,0.30
325,556,0.30
320,557,0.38
321,557,0.66
322,557,0.77
323,557,0.66
324,557,0.38
325,557,0.30
320,558,0.66
321,558,1.00
322,558,1.00
323,558,1.00
324,558,0.66
325,558,0.30
320,559,0.77
321,559,1.00
322,559,1.00
323,559,1.00
324,559,0.77
325,559,0.30
320,560,0.66
321,560,1.00
322,560,1.00
323,560,1.00
324,560,0.66
325,560,0.30
320,561,0.38
321,561,0.66
322,561,0.77
323,561,0.66
324,561,0.38
325,561,0.30
320,562,0.30
321,562,0.30
322,562,0.30
323,562,0.30
324,562,0.30
325,562,0.30
332,554,0.30
333,554,0.30
334,554,0.30
335,554,0.30
336,554,0.30
337,554,0.30
338,554,0.30
332,555,0.30
333,555,0.38
334,555,0.66
335,555,0.77
336,555,0.66
337,555,0.38
338,555,0.30
332,556,0.30
333,556,0.66
334,556,1.00
335,556,1.00
336,556,1.00
337,556,0.66
338,556,0.30
332,557,0.30
333,557,0.77
334,557,1.00
335,557,1.00
336,557,1.00
337,557,0.77
338,557,0.30
332,558,0.30
333,558,0.66
334,558,1.00
335,558,1.00
336,558,1.00
337,558,0.66
338,558,0.30
332,559,0.30
333,559,0.38
334,559,0.66
335,559,0.77
336,559,0.66
337,559,0.38
338,559,0.30
332,560,0.30
333,560,0.30
334,560,0.30
335,560,0.30
336,560,0.30
337,560,0.30
338,560,0.30
344,551,0.60
345,551,0.60
346,551,0.60
347,551,0.68
348,551,0.96
349,551,1.00
350,551,0.96
344,552,0.30
345,552,0.38
346,552,0.96
347,552,1.00
348,552,0.96
349,552,0.68
350,552,0.60
344,553,0.30
345,553,0.66
346,553,1.00
347,553,1.00
348,553,1.00
349,553,0.66
350,553,0.30
344,554,0.30
345,554,0.77
346,554,1.00
347,554,1.00
348,554,1.00
349,554,0.77
350,554,0.30
344,555,0.30
345,555,0.66
346,555,1.00
347,555,1.00
348,555,1.00
349,555,0.66
350,555,0.30
344,556,0.30
345,556,0.38
346,556,0.66
347,556,0.77
348,556,0.66
349,556,0.38
350,556,0.30
344,557,0.30
345,557,0.30
346,557,0.30
347,557,0.30
348,557,0.30
349,557,0.30
350,557,0.30
352,549,1.00
353,549,1.00
354,549,1.00
355,549,1.00
356,549,1.00
357,549,1.00
358,549,1.00
352,550,1.00
353,550,1.00
354,550,1.00
355,550,1.00
356,550,1.00
357,550,1.00
358,550,1.00
352,551,1.00
353,551,1.00
354,551,1.00
355,551,1.00
356,551,1.00
357,551,1.00
358,551,1.00
352,552,0.98
353,552,1.00
354,552,1.00
355,552,1.00
356,552,1.00
357,552,1.00
358,552,1.00
352,553,0.60
353,553,0.96
354,553,1.00
355,553,1.00
356,553,1.00
357,553,1.00
358,553,1.00
352,554,0.30
353,554,0.38
354,554,1.00
355,554,1.00
356,554,1.00
357,554,0.98
358,554,0.90
352,555,0.30
353,555,0.30
354,555,0.30
355,555,0.30
356,555,0.30
357,555,0.30
358,555,0.30
354,548,1.00
355,548,1.00
356,548,0.98
357,548,0.90
358,548,0.60
359,548,0.60
360,548,0.60
359,549,0.76
360,549,0.60
359,550,1.00
360,550,0.60
359,551,1.00
360,551,0.60
359,552,1.00
360,552,0.60
359,553,0.76
360,553,0.60
359,554,0.60
360,554,0.60
351,547,0.68
352,547,0.60
353,547,0.30
354,547,0.30
355,547,0.30
356,547,0.30
357,547,0.30
351,548,0.96
352,548,0.68
353,548,0.66
351,549,1.00
351,550,0.96
351,551,0.68
351,552,0.60
351,553,0.30
346,546,0.60
347,546,0.30
348,546,0.30
349,546,0.30
350,546,0.30
351,546,0.30
352,546,0.30
346,547,0.60
347,547,0.38
348,547,0.66
349,547,0.77
350,547,0.66
346,548,0.30
347,548,0.66
348,548,1.00
349,548,1.00
350,548,1.00
346,549,0.30
347,549,0.77
348,549,1.00
349,549,1.00
350,549,1.00
346,550,0.30
347,550,0.66
348,550,1.00
349,550,1.00
350,550,1.00
339,545,0.30
340,545,0.60
341,545,0.96
342,545,1.00
343,545,1.00
344,545,1.00
345,545,0.96
339,546,0.30
340,546,0.68
341,546,1.00
342,546,1.00
343,546,1.00
344,546,1.00
345,546,0.68
339,547,0.30
340,547,0.96
341,547,1.00
342,547,1.00
343,547,1.00
344,547,0.96
345,547,0.60
339,548,0.30
340,548,0.77
341,548,1.00
342,548,1.00
343,548,1.00
344,548,0.77
345,548,0.30
339,549,0.30
340,549,0.66
341,549,1.00
342,549,1.00
343,549,1.00
344,549,0.66
345,549,0.30
339,550,0.30
340,550,0.38
341,550,0.66
342,550,0.77
343,550,0.66
344,550,0.38
345,550,0.30
339,551,0.30
340,551,0.30
341,551,0.30
342,551,0.30
343,551,0.30
330,545,0.96
331,545,1.00
332,545,0.96
333,545,0.68
334,545,0.60
335,545,0.30
336,545,0.30
330,546,1.00
331,546,1.00
332,546,1.00
333,546,1.00
334,546,0.96
335,546,0.38
336,546,0.30
330,547,1.00
331,547,1.00
332,547,1.00
333,547,1.00
334,547,1.00
335,547,0.66
336,547,0.30
330,548,1.00
331,548,1.00
332,548,1.00
333,548,1.00
334,548,1.00
335,548,0.77
336,548,0.30
330,549,0.96
331,549,1.00
332,549,1.00
333,549,1.00
334,549,1.00
335,549,0.66
336,549,0.30
330,550,0.60
331,550,0.68
332,550,0.96
333,550,1.00
334,550,0.96
335,550,0.38
336,550,0.30
330,551,0.30
331,551,0.30
332,551,0.30
333,551,0.30
334,551,0.30
335,551,0.30
336,551,0.30
321,545,0.60
322,545,0.30
323,545,0.30
324,545,0.30
325,545,0.30
326,545,0.30
327,545,0.30
321,546,0.60
322,546,0.38
323,546,0.66
324,546,0.77
325,546,0.66
326,546,0.38
327,546,0.30
321,547,0.90
322,547,0.96
323,547,1.00
324,547,1.00
325,547,1.00
326,547,0.66
327,547,0.30
321,548,1.00
322,548,1.00
323,548,1.00
324,548,1.00
325,548,1.00
326,548,0.77
327,548,0.30
321,549,1.00
322,549,1.00
323,549,1.00
324,549,1.00
325,549,1.00
326,549,0.66
327,549,0.30
321,550,1.00
322,550,1.00
323,550,1.00
324,550,1.00
325,550,0.66
326,550,0.38
327,550,0.30
321,551,1.00
322,551,1.00
323,551,0.96
324,551,0.60
325,551,0.30
326,551,0.30
327,551,0.30
315,547,1.00
316,547,1.00
317,547,1.00
318,547,1.00
319,547,1.00
320,547,1.00
315,548,1.00
316,548,1.00
317,548,1.00
318,548,1.00
319,548,1.00
320,548,1.00
314,549,1.00
315,549,1.00
316,549,1.00
317,549,1.00
318,549,1.00
319,549,1.00
320,549,1.00
314,550,1.00
315,550,1.00
316,550,1.00
317,550,1.00
318,550,1.00
319,550,1.00
320,550,1.00
316,551,1.00
317,551,1.00
318,551,1.00
319,551,1.00
320,551,1.00
316,552,1.00
317,552,1.00
318,552,1.00
319,552,1.00
320,552,1.00
316,553,1.00
317,553,1.00
318,553,1.00
319,553,1.00
320,553,1.00
312,549,1.00
313,549,1.00
312,550,1.00
313,550,1.00
316,554,1.00
317,554,1.00
318,554,1.00
315,545,0.60
316,545,0.96
317,545,1.00
318,545,1.00
315,546,1.00
316,546,1.00
317,546,1.00
318,546,1.00
315,543,0.30
316,543,0.30
317,543,0.60
318,543,0.60
319,543,0.60
320,543,0.60
321,543,0.60
315,544,0.30
316,544,0.38
317,544,0.66
318,544,0.77
319,544,0.66
320,544,0.38
321,544,0.30
319,545,1.00
320,545,0.66
319,546,1.00
320,546,0.77
330,535,0.96
331,535,1.00
332,535,1.00
333,535,1.00
334,535,0.96
335,535,0.60
336,535,0.30
330,536,1.00
331,536,1.00
332,536,1.00
333,536,1.00
334,536,1.00
335,536,0.68
336,536,0.30
330,537,0.96
331,537,1.00
332,537,1.00
333,537,1.00
334,537,1.00
335,537,0.96
336,537,0.30
330,538,0.68
331,538,1.00
332,538,1.00
333,538,1.00
334,538,1.00
335,538,1.00
336,538,0.30
330,539,0.60
331,539,0.96
332,539,1.00
333,539,1.00
334,539,1.00
335,539,0.96
336,539,0.30
330,540,0.30
331,540,0.38
332,540,0.66
333,540,0.77
334,540,0.66
335,540,0.38
336,540,0.30
330,541,0.30
331,541,0.30
332,541,0.30
333,541,0.30
334,541,0.30
335,541,0.30
336,541,0.30
337,532,0.60
338,532,1.00
339,532,1.00
340,532,1.00
341,532,1.00
342,532,1.00
343,532,1.00
337,533,0.60
338,533,1.00
339,533,1.00
340,533,1.00
341,533,1.00
342,533,1.00
343,533,1.00
337,534,0.60
338,534,1.00
339,534,1.00
340,534,1.00
341,534,1.00
342,534,1.00
343,534,1.00
337,535,0.60
338,535,1.00
339,535,1.00
340,535,1.00
341,535,1.00
342,535,1.00
343,535,1.00
337,536,0.60
338,536,1.00
339,536,1.00
340,536,1.00
341,536,1.00
342,536,1.00
343,536,1.00
337,537,0.30
338,537,0.68
339,537,1.00
340,537,1.00
341,537,1.00
342,537,1.00
343,537,1.00
337,538,0.30
338,538,0.60
339,538,0.60
340,538,0.60
341,538,0.60
342,538,0.60
343,538,0.60
340,531,1.00
341,531,1.00
342,531,1.00
343,531,1.00
344,531,1.00
345,531,1.00
346,531,1.00
344,532,1.00
345,532,1.00
346,532,1.00
344,533,1.00
345,533,1.00
346,533,1.00
344,534,1.00
345,534,1.00
346,534,1.00
344,535,1.00
345,535,1.00
346,535,1.00
344,536,1.00
345,536,1.00
346,536,1.00
344,537,1.00
345,537,1.00
346,537,1.00
347,531,1.00
347,532,1.00
347,533,1.00
347,534,1.00
347,535,1.00
347,536,1.00
347,537,1.00
348,531,1.00
348,532,1.00
348,533,1.00
348,534,1.00
348,535,1.00
348,536,1.00
348,537,0.90
349,531,1.00
349,532,1.00
349,533,1.00
349,534,1.00
349,535,1.00
349,536,0.96
349,537,0.60
350,531,1.00
351,531,1.00
350,532,1.00
351,532,1.00
350,533,1.00
351,533,1.00
350,534,1.00
351,534,1.00
350,535,1.00
351,535,1.00
350,536,0.38
351,536,0.60
350,537,0.30
351,537,0.60
348,529,0.60
349,529,0.60
350,529,0.60
351,529,1.00
352,529,1.00
353,529,1.00
354,529,0.90
348,530,0.68
349,530,1.00
350,530,1.00
351,530,1.00
352,530,1.00
353,530,1.00
354,530,1.00
352,531,1.00
353,531,1.00
354,531,1.00
352,532,1.00
353,532,1.00
354,532,1.00
352,533,1.00
353,533,1.00
354,533,1.00
352,534,1.00
353,534,1.00
354,534,1.00
352,535,1.00
353,535,1.00
354,535,1.00
355,529,0.60
356,529,0.60
357,529,0.60
355,530,1.00
356,530,0.76
357,530,0.60
355,531,1.00
356,531,1.00
357,531,0.60
355,532,1.00
356,532,1.00
357,532,0.60
355,533,1.00
356,533,1.00
357,533,0.60
355,534,1.00
356,534,0.76
357,534,0.60
355,535,0.90
356,535,0.90
357,535,0.90
347,529,0.30
347,530,0.30
337,530,0.30
338,530,0.30
339,530,0.30
340,530,0.30
341,530,0.30
342,530,0.30
343,530,0.30
337,531,0.30
338,531,0.38
339,531,0.66
329,533,0.30
330,533,0.30
331,533,0.30
332,533,0.30
333,533,0.30
334,533,0.30
335,533,0.30
329,534,0.30
330,534,0.38
331,534,0.66
332,534,0.77
333,534,0.66
334,534,0.38
335,534,0.30
329,535,0.30
329,536,0.30
329,537,0.30
329,538,0.30
329,539,0.30
322,535,0.30
323,535,0.30
324,535,0.30
325,535,0.30
326,535,0.30
327,535,0.30
328,535,0.30
322,536,0.30
323,536,0.38
324,536,0.66
325,536,0.77
326,536,0.66
327,536,0.38
328,536,0.30
322,537,0.60
323,537,0.96
324,537,1.00
325,537,1.00
326,537,1.00
327,537,0.66
328,537,0.30
322,538,0.68
323,538,1.00
324,538,1.00
325,538,1.00
326,538,1.00
327,538,0.77
328,538,0.30
322,539,0.96
323,539,0.96
324,539,1.00
325,539,1.00
326,539,1.00
327,539,0.66
328,539,0.30
322,540,1.00
323,540,0.68
324,540,0.66
325,540,0.77
326,540,0.66
327,540,0.38
328,540,0.30
322,541,0.96
323,541,0.60
324,541,0.30
325,541,0.30
326,541,0.30
327,541,0.30
328,541,0.30
314,536,0.60
315,536,0.60
316,536,0.60
317,536,0.30
318,536,0.30
319,536,0.30
320,536,0.30
314,537,0.96
315,537,0.76
316,537,0.96
317,537,1.00
318,537,0.96
319,537,0.68
320,537,0.60
314,538,1.00
315,538,1.00
316,538,1.00
317,538,1.00
318,538,1.00
319,538,1.00
320,538,1.00
314,539,1.00
315,539,1.00
316,539,1.00
317,539,1.00
318,539,1.00
319,539,1.00
320,539,1.00
314,540,1.00
315,540,1.00
316,540,1.00
317,540,1.00
318,540,1.00
319,540,1.00
320,540,1.00
314,541,1.00
315,541,0.76
316,541,0.96
317,541,1.00
318,541,1.00
319,541,1.00
320,541,1.00
315,542,0.60
316,542,0.60
317,542,0.60
318,542,0.68
319,542,0.96
320,542,1.00
310,538,1.00
311,538,1.00
312,538,1.00
313,538,1.00
310,539,1.00
311,539,1.00
312,539,1.00
313,539,1.00
310,540,1.00
311,540,1.00
312,540,1.00
313,540,1.00
310,541,1.00
311,541,1.00
312,541,1.00
313,541,1.00
307,538,0.98
308,538,1.00
309,538,1.00
307,539,1.00
308,539,1.00
309,539,1.00
307,540,1.00
308,540,1.00
309,540,1.00
307,541,1.00
308,541,1.00
309,541,1.00
307,542,1.00
307,543,1.00
306,537,0.30
306,538,0.60
306,539,0.98
306,540,1.00
306,541,1.00
306,542,1.00
306,543,1.00
306,544,1.00
307,544,1.00
306,545,0.98
307,545,1.00
305,546,0.30
306,546,0.60
307,546,0.60
321,537,0.30
321,538,0.66
321,539,1.00
321,540,1.00
321,541,1.00
321,542,0.66
322,542,0.38
323,542,0.30
322,543,0.30
323,543,0.30
344,538,0.30
359,530,0.30
360,530,0.30
361,530,0.60
362,530,1.00
363,530,1.00
364,530,1.00
365,530,1.00
359,531,0.30
360,531,0.38
361,531,0.96
362,531,1.00
363,531,1.00
364,531,1.00
365,531,1.00
359,532,0.30
360,532,0.66
361,532,1.00
362,532,1.00
363,532,1.00
364,532,1.00
365,532,1.00
359,533,0.30
360,533,0.77
361,533,1.00
362,533,1.00
363,533,1.00
364,533,1.00
365,533,1.00
359,534,0.30
360,534,0.66
361,534,1.00
362,534,1.00
363,534,1.00
364,534,1.00
365,534,1.00
359,535,0.30
360,535,0.38
361,535,0.96
362,535,1.00
363,535,1.00
364,535,1.00
365,535,1.00
359,536,0.30
360,536,0.30
361,536,0.60
362,536,1.00
363,536,1.00
364,536,1.00
365,536,1.00
366,530,0.90
367,530,0.90
368,530,0.60
366,531,1.00
367,531,1.00
368,531,0.60
366,532,1.00
367,532,1.00
368,532,0.60
366,533,1.00
367,533,1.00
368,533,0.60
366,534,1.00
367,534,1.00
368,534,0.60
366,535,1.00
367,535,1.00
368,535,0.60
366,536,0.90
367,536,0.90
368,536,0.60
352,536,0.38
353,536,0.66
354,536,0.77
355,536,0.66
356,536,0.38
357,536,0.30
352,537,0.66
353,537,1.00
354,537,1.00
355,537,1.00
356,537,0.66
357,537,0.30
351,538,0.30
352,538,0.77
353,538,1.00
354,538,1.00
355,538,1.00
356,538,0.77
357,538,0.30
351,539,0.30
352,539,0.66
353,539,1.00
354,539,1.00
355,539,1.00
356,539,0.66
357,539,0.30
351,540,0.30
352,540,0.38
353,540,0.66
354,540,0.77
355,540,0.66
356,540,0.38
357,540,0.30
351,541,0.30
352,541,0.30
353,541,0.30
354,541,0.30
355,541,0.30
356,541,0.30
357,541,0.30
340,541,0.30
341,541,0.30
342,541,0.30
343,541,0.30
344,541,0.30
345,541,0.30
346,541,0.30
340,542,0.30
341,542,0.38
342,542,0.66
343,542,0.77
344,542,0.66
345,542,0.38
346,542,0.30
340,543,0.30
341,543,0.66
342,543,1.00
343,543,1.00
344,543,1.00
345,543,0.66
346,543,0.30
340,544,0.30
341,544,0.77
342,544,1.00
343,544,1.00
344,544,1.00
345,544,0.77
346,544,0.30
346,545,0.30
328,544,0.30
329,544,0.30
330,544,0.30
331,544,0.30
332,544,0.30
333,544,0.30
334,544,0.30
328,545,0.30
329,545,0.38
328,546,0.30
329,546,0.66
328,547,0.30
329,547,0.77
328,548,0.30
329,548,0.66
328,549,0.30
329,549,0.38
328,550,0.30
329,550,0.30
321,552,1.00
322,552,0.66
323,552,0.38
324,552,0.30
321,553,1.00
322,553,0.30
323,553,0.30
324,553,0.30
319,554,1.00
320,554,1.00
321,554,0.90

453,465,0.60
454,465,0.90
455,465,1.00
456,465,1.00
457,465,1.00
458,465,1.00
459,465,1.00
453,466,0.60
454,466,1.00
455,466,1.00
456,466,1.00
457,466,1.00
458,466,1.00
459,466,1.00
453,467,0.60
454,467,1.00
455,467,1.00
456,467,1.00
457,467,1.00
458,467,1.00
459,467,1.00
453,468,0.60
454,468,1.00
455,468,1.00
456,468,1.00
457,468,1.00
458,468,1.00
459,468,1.00
453,469,0.60
454,469,1.00
455,469,1.00
456,469,1.00
457,469,1.00
458,469,1.00
459,469,1.00
453,470,0.60
454,470,1.00
455,470,1.00
456,470,1.00
457,470,1.00
458,470,1.00
459,470,1.00
453,471,0.60
454,471,0.90
455,471,1.00
456,471,1.00
457,471,1.00
458,471,1.00
459,471,1.00
460,465,1.00
460,466,1.00
460,467,1.00
460,468,1.00
460,469,1.00
460,470,1.00
460,471,1.00
461,465,1.00
461,466,1.00
461,467,1.00
461,468,1.00
461,469,1.00
461,470,1.00
461,471,1.00
462,465,1.00
462,466,1.00
462,467,1.00
462,468,1.00
462,469,1.00
462,470,1.00
462,471,1.00
463,465,1.00
463,466,1.00
463,467,1.00
463,468,1.00
463,469,1.00
463,470,1.00
463,471,1.00
464,465,1.00
464,466,1.00
464,467,1.00
464,468,1.00
464,469,1.00
464,470,1.00
464,471,0.60
458,464,0.60
459,464,1.00
460,464,1.00
461,464,1.00
462,464,1.00
463,464,1.00
464,464,1.00
465,464,1.00
465,465,1.00
465,466,1.00
465,467,1.00
465,468,1.00
465,469,1.00
465,470,1.00
466,464,1.00
466,465,1.00
466,466,1.00
466,467,1.00
466,468,1.00
466,469,1.00
466,470,1.00
467,464,1.00
467,465,1.00
467,466,1.00
467,467,1.00
467,468,1.00
467,469,1.00
467,470,0.60
461,463,0.60
462,463,1.00
463,463,1.00
464,463,1.00
465,463,1.00
466,463,1.00
467,463,1.00
468,463,1.00
468,464,1.00
468,465,1.00
468,466,1.00
468,467,1.00
468,468,1.00
468,469,1.00
469,463,0.98
469,464,1.00
469,465,1.00
469,466,1.00
469,467,0.98
469,468,0.90
469,469,0.60
464,462,0.30
465,462,0.30
466,462,0.30
467,462,0.30
468,462,0.30
469,462,0.30
470,462,0.30
470,463,0.30
470,464,0.30
470,465,0.30
470,466,0.30
470,467,0.30
470,468,0.30

470,460,0.30
471,460,0.30
472,460,0.30
473,460,0.30
474,460,0.30
475,460,0.30
476,460,0.30
470,461,0.30
471,461,0.38
472,461,0.66
473,461,0.77
474,461,0.66
475,461,0.38
476,461,0.30
470,462,0.30
471,462,0.66
472,462,1.00
473,462,1.00
474,462,1.00
475,462,0.66
476,462,0.30
470,463,0.30
471,463,0.77
472,463,1.00
473,463,1.00
474,463,1.00
475,463,0.77
476,463,0.30
470,464,0.30
471,464,0.66
472,464,1.00
473,464,1.00
474,464,1.00
475,464,0.66
476,464,0.30
470,465,0.30
471,465,0.38
472,465,0.66
473,465,0.77
474,465,0.66
475,465,0.38
476,465,0.30
470,466,0.30
471,466,0.30
472,466,0.30
473,466,0.30
474,466,0.30
475,466,0.30
476,466,0.30

499,456,0.30
500,456,0.30
501,456,0.30
502,456,0.30
503,456,0.30
504,456,0.30
505,456,0.30
499,457,0.30
500,457,0.38
501,457,0.66
502,457,0.77
503,457,0.66
504,457,0.38
505,457,0.30
499,458,0.30
500,458,0.66
501,458,1.00
502,458,1.00
503,458,1.00
504,458,0.66
505,458,0.30
499,459,0.30
500,459,0.77
501,459,1.00
502,459,1.00
503,459,1.00
504,459,0.77
505,459,0.30
499,460,0.30
500,460,0.66
501,460,1.00
502,460,1.00
503,460,1.00
504,460,0.66
505,460,0.30
499,461,0.30
500,461,0.38
501,461,0.66
502,461,0.77
503,461,0.66
504,461,0.38
505,461,0.30
499,462,0.30
500,462,0.30
501,462,0.30
502,462,0.30
503,462,0.30
504,462,0.30
505,462,0.30

553,452,0.30
554,452,0.30
555,452,0.30
556,452,0.30
557,452,0.30
558,452,0.30
559,452,0.30
553,453,0.30
554,453,0.38
555,453,0.66
556,453,0.77
557,453,0.66
558,453,0.38
559,453,0.30
553,454,0.30
554,454,0.66
555,454,1.00
556,454,1.00
557,454,1.00
558,454,0.66
559,454,0.30
553,455,0.30
554,455,0.77
555,455,1.00
556,455,1.00
557,455,1.00
558,455,0.77
559,455,0.30
553,456,0.30
554,456,0.66
555,456,1.00
556,456,1.00
557,456,1.00
558,456,0.66
559,456,0.30
553,457,0.30
554,457,0.38
555,457,0.66
556,457,0.77
557,457,0.66
558,457,0.38
559,457,0.30
553,458,0.30
554,458,0.30
555,458,0.30
556,458,0.30
557,458,0.30
558,458,0.30
559,458,0.30

557,471,0.60
558,471,0.60
559,471,0.60
560,471,0.60
561,471,0.60
562,471,0.60
563,471,0.60
557,472,0.60
558,472,0.76
559,472,1.00
560,472,1.00
561,472,1.00
562,472,0.76
563,472,0.60
557,473,0.60
558,473,1.00
559,473,1.00
560,473,1.00
561,473,1.00
562,473,1.00
563,473,0.60
557,474,0.60
558,474,1.00
559,474,1.00
560,474,1.00
561,474,1.00
562,474,1.00
563,474,0.60
557,475,0.60
558,475,1.00
559,475,1.00
560,475,1.00
561,475,1.00
562,475,1.00
563,475,0.60
557,476,0.60
558,476,0.76
559,476,1.00
560,476,1.00
561,476,1.00
562,476,0.76
563,476,0.60
557,477,0.60
558,477,0.60
559,477,0.60
560,477,0.60
561,477,0.60
562,477,0.60
563,477,0.60

561,484,0.30
562,484,0.30
563,484,0.30
564,484,0.30
565,484,0.30
566,484,0.30
567,484,0.30
561,485,0.30
562,485,0.38
563,485,0.66
564,485,0.77
565,485,0.66
566,485,0.38
567,485,0.30
561,486,0.30
562,486,0.66
563,486,1.00
564,486,1.00
565,486,1.00
566,486,0.66
567,486,0.30
561,487,0.30
562,487,0.77
563,487,1.00
564,487,1.00
565,487,1.00
566,487,0.77
567,487,0.30
561,488,0.30
562,488,0.66
563,488,1.00
564,488,1.00
565,488,1.00
566,488,0.66
567,488,0.30
561,489,0.30
562,489,0.38
563,489,0.66
564,489,0.77
565,489,0.66
566,489,0.38
567,489,0.30
561,490,0.30
562,490,0.30
563,490,0.30
564,490,0.30
565,490,0.30
566,490,0.30
567,490,0.30

462,517,0.60
463,517,0.60
464,517,0.60
465,517,0.60
466,517,0.60
467,517,0.60
468,517,0.60
462,518,0.90
463,518,1.00
464,518,1.00
465,518,1.00
466,518,1.00
467,518,0.76
468,518,0.60
462,519,1.00
463,519,1.00
464,519,1.00
465,519,1.00
466,519,1.00
467,519,1.00
468,519,0.60
462,520,1.00
463,520,1.00
464,520,1.00
465,520,1.00
466,520,1.00
467,520,1.00
468,520,0.60
462,521,1.00
463,521,1.00
464,521,1.00
465,521,1.00
466,521,1.00
467,521,1.00
468,521,0.60
462,522,1.00
463,522,1.00
464,522,1.00
465,522,1.00
466,522,1.00
467,522,0.76
468,522,0.60
462,523,1.00
463,523,1.00
464,523,1.00
465,523,0.98
466,523,0.90
467,523,0.60
468,523,0.60
460,518,0.30
461,518,0.30
460,519,0.60
461,519,0.68
460,520,0.96
461,520,1.00
460,521,1.00
461,521,1.00
460,522,1.00
461,522,1.00
460,523,1.00
461,523,1.00
460,524,0.96
461,524,0.68
462,524,0.60
463,524,0.30
464,524,0.30
465,524,0.30
466,524,0.30
456,519,0.30
457,519,0.30
458,519,0.30
459,519,0.30
456,520,0.60
457,520,0.68
458,520,0.96
459,520,1.00
456,521,1.00
457,521,1.00
458,521,1.00
459,521,1.00
456,522,1.00
457,522,1.00
458,522,1.00
459,522,1.00
456,523,1.00
457,523,1.00
458,523,1.00
459,523,1.00
456,524,1.00
457,524,1.00
458,524,1.00
459,524,1.00
456,525,1.00
457,525,1.00
458,525,0.68
459,525,0.60
460,525,0.30
461,525,0.30
462,525,0.30
453,520,0.30
454,520,0.30
455,520,0.30
453,521,0.60
454,521,0.68
455,521,0.96
453,522,1.00
454,522,1.00
455,522,1.00
453,523,1.00
454,523,1.00
455,523,1.00
453,524,1.00
454,524,1.00
455,524,1.00
453,525,1.00
454,525,1.00
455,525,1.00
453,526,1.00
454,526,1.00
455,526,0.96
456,526,0.68
457,526,0.60
458,526,0.30
459,526,0.30
451,521,0.30
452,521,0.30
451,522,0.90
452,522,0.98
451,523,1.00
452,523,1.00
451,524,1.00
452,524,1.00
451,525,1.00
452,525,1.00
451,526,1.00
452,526,1.00
451,527,1.00
452,527,1.00
453,527,0.98
454,527,0.60
455,527,0.30
456,527,0.30
457,527,0.30
448,522,0.60
449,522,0.60
450,522,0.60
448,523,1.00
449,523,1.00
450,523,1.00
448,524,1.00
449,524,1.00
450,524,1.00
448,525,1.00
449,525,1.00
450,525,1.00
448,526,1.00
449,526,1.00
450,526,1.00
448,527,1.00
449,527,1.00
450,527,1.00
448,528,1.00
449,528,1.00
450,528,0.98
451,528,0.90
452,528,0.60
453,528,0.60
454,528,0.30
447,522,0.30
447,523,0.90
447,524,1.00
447,525,1.00
447,526,1.00
447,527,1.00
447,528,1.00
445,523,0.60
446,523,0.60
445,524,0.96
446,524,1.00
445,525,1.00
446,525,1.00
445,526,1.00
446,526,1.00
445,527,1.00
446,527,1.00
445,528,1.00
446,528,1.00
445,529,1.00
446,529,1.00
447,529,0.90
448,529,0.60
449,529,0.60
450,529,0.30
451,529,0.30
443,523,0.30
444,523,0.30
443,524,0.30
444,524,0.38
443,525,0.60
444,525,0.96
443,526,1.00
444,526,1.00
443,527,1.00
444,527,1.00
443,528,1.00
444,528,1.00
443,529,1.00
444,529,1.00
441,525,0.30
442,525,0.30
441,526,0.60
442,526,0.68
441,527,1.00
442,527,1.00
441,528,1.00
442,528,1.00
441,529,1.00
442,529,1.00
441,530,1.00
442,530,1.00
443,530,1.00
444,530,1.00
445,530,0.66
446,530,0.38
447,530,0.30
441,531,1.00
442,531,1.00
443,531,0.98
444,531,0.60
445,531,0.30
446,531,0.30
447,531,0.30
438,526,0.30
439,526,0.30
440,526,0.30
438,527,0.60
439,527,0.68
440,527,0.96
438,528,0.98
439,528,1.00
440,528,1.00
438,529,1.00
439,529,1.00
440,529,1.00
438,530,1.00
439,530,1.00
440,530,1.00
438,531,1.00
439,531,1.00
440,531,1.00
438,532,1.00
439,532,1.00
440,532,1.00
441,532,1.00
442,532,0.68
443,532,0.60
444,532,0.30
437,527,0.30
437,528,0.60
437,529,1.00
437,530,1.00
437,531,1.00
437,532,1.00
437,533,1.00
438,533,1.00
439,533,0.96
440,533,0.68
441,533,0.60
442,533,0.30
443,533,0.30
435,528,0.30
436,528,0.30
435,529,0.60
436,529,0.68
435,530,1.00
436,530,1.00
435,531,1.00
436,531,1.00
435,532,1.00
436,532,1.00
435,533,1.00
436,533,1.00
435,534,1.00
436,534,1.00
437,534,0.68
438,534,0.60
439,534,0.30
440,534,0.30
441,534,0.30
432,529,0.30
433,529,0.30
434,529,0.30
432,530,0.60
433,530,0.68
434,530,0.96
432,531,1.00
433,531,1.00
434,531,1.00
432,532,1.00
433,532,1.00
434,532,1.00
432,533,1.00
433,533,1.00
434,533,1.00
432,534,1.00
433,534,1.00
434,534,1.00
432,535,1.00
433,535,1.00
434,535,0.96
435,535,0.68
436,535,0.60
437,535,0.30
438,535,0.30
430,530,0.30
431,530,0.30
430,531,0.60
431,531,0.68
430,532,0.96
431,532,1.00
430,533,1.00
431,533,1.00
430,534,1.00
431,534,1.00
430,535,1.00
431,535,1.00
430,536,0.96
431,536,0.68
432,536,0.60
433,536,0.30
434,536,0.30
435,536,0.30
436,536,0.30
426,531,0.30
427,531,0.30
428,531,0.30
429,531,0.30
426,532,0.60
427,532,0.68
428,532,0.96
429,532,1.00
426,533,1.00
427,533,1.00
428,533,1.00
429,533,1.00
426,534,1.00
427,534,1.00
428,534,1.00
429,534,1.00
426,535,1.00
427,535,1.00
428,535,1.00
429,535,1.00
426,536,1.00
427,536,1.00
428,536,1.00
429,536,1.00
426,537,1.00
427,537,1.00
428,537,0.68
429,537,0.60
430,537,0.30
431,537,0.30
432,537,0.30
423,532,0.30
424,532,0.30
425,532,0.30
423,533,0.30
424,533,0.38
425,533,0.66
423,534,0.60
424,534,0.96
425,534,1.00
423,535,0.96
424,535,1.00
425,535,1.00
423,536,1.00
424,536,1.00
425,536,1.00
423,537,1.00
424,537,1.00
425,537,1.00
423,538,1.00
424,538,1.00
425,538,1.00
426,538,0.96
427,538,0.60
428,538,0.30
429,538,0.30
421,534,0.30
422,534,0.30
421,535,0.30
422,535,0.38
421,536,0.60
422,536,0.96
421,537,0.68
422,537,1.00
421,538,0.96
422,538,0.96
421,539,1.00
422,539,0.68
423,539,0.66
424,539,0.77
425,539,0.66
426,539,0.38
427,539,0.30
421,540,0.96
422,540,0.60
423,540,0.30
424,540,0.30
425,540,0.30
426,540,0.30
427,540,0.30
416,536,0.30
417,536,0.30
418,536,0.30
419,536,0.30
420,536,0.30
416,537,0.60
417,537,0.68
418,537,0.96
419,537,0.77
420,537,0.66
416,538,0.96
417,538,1.00
418,538,1.00
419,538,1.00
420,538,1.00
416,539,1.00
417,539,1.00
418,539,1.00
419,539,1.00
420,539,1.00
416,540,1.00
417,540,1.00
418,540,1.00
419,540,1.00
420,540,1.00
416,541,1.00
417,541,1.00
418,541,0.96
419,541,0.77
420,541,0.66
421,541,0.38
422,541,0.30
416,542,0.96
417,542,0.68
418,542,0.60
419,542,0.30
420,542,0.30
421,542,0.30
422,542,0.30
412,537,0.30
413,537,0.30
414,537,0.30
415,537,0.30
412,538,0.30
413,538,0.38
414,538,0.66
415,538,0.77
412,539,0.60
413,539,0.96
414,539,1.00
415,539,1.00
412,540,0.68
413,540,1.00
414,540,1.00
415,540,1.00
412,541,0.96
413,541,0.96
414,541,1.00
415,541,1.00
412,542,1.00
413,542,0.68
414,542,0.66
415,542,0.77
412,543,0.96
413,543,0.60
414,543,0.30
415,543,0.30
416,543,0.30
417,543,0.30
418,543,0.30
407,539,0.30
408,539,0.30
409,539,0.30
410,539,0.30
411,539,0.30
407,540,0.30
408,540,0.38
409,540,0.66
410,540,0.77
411,540,0.66
407,541,0.60
408,541,0.96
409,541,1.00
410,541,1.00
411,541,1.00
407,542,0.96
408,542,1.00
409,542,1.00
410,542,1.00
411,542,1.00
407,543,1.00
408,543,1.00
409,543,1.00
410,543,1.00
411,543,1.00
407,544,1.00
408,544,1.00
409,544,0.96
410,544,0.77
411,544,0.66
412,544,0.38
413,544,0.30
407,545,1.00
408,545,0.96
409,545,0.60
410,545,0.30
411,545,0.30
412,545,0.30
413,545,0.30
403,541,0.30
404,541,0.30
405,541,0.30
406,541,0.30
403,542,0.30
404,542,0.38
405,542,0.66
406,542,0.77
403,543,0.60
404,543,0.96
405,543,1.00
406,543,1.00
403,544,0.68
404,544,1.00
405,544,1.00
406,544,1.00
403,545,0.96
404,545,0.96
405,545,1.00
406,545,1.00
403,546,1.00
404,546,0.68
405,546,0.66
406,546,0.77
407,546,0.66
408,546,0.38
409,546,0.30
403,547,0.96
404,547,0.60
405,547,0.30
406,547,0.30
407,547,0.30
408,547,0.30
409,547,0.30
398,543,0.30
399,543,0.30
400,543,0.30
401,543,0.30
402,543,0.30
398,544,0.90
399,544,0.98
400,544,0.96
401,544,1.00
402,544,0.66
398,545,1.00
399,545,1.00
400,545,1.00
401,545,1.00
402,545,1.00
398,546,1.00
399,546,1.00
400,546,1.00
401,546,1.00
402,546,1.00
398,547,1.00
399,547,1.00
400,547,1.00
401,547,1.00
402,547,1.00
398,548,1.00
399,548,1.00
400,548,1.00
401,548,1.00
402,548,0.66
403,548,0.38
404,548,0.30
398,549,1.00
399,549,1.00
400,549,0.68
401,549,0.60
402,549,0.30
403,549,0.30
404,549,0.30
395,544,0.60
396,544,0.60
397,544,0.60
395,545,1.00
396,545,1.00
397,545,1.00
395,546,1.00
396,546,1.00
397,546,1.00
395,547,1.00
396,547,1.00
397,547,1.00
395,548,1.00
396,548,1.00
397,548,1.00
395,549,1.00
396,549,1.00
397,549,1.00
395,550,0.98
396,550,0.90
397,550,0.60
398,550,0.60
399,550,0.60
400,550,0.30
401,550,0.30
393,544,0.30
394,544,0.30
393,545,0.60
394,545,0.68
393,546,1.00
394,546,1.00
393,547,1.00
394,547,1.00
393,548,1.00
394,548,1.00
393,549,1.00
394,549,1.00
393,550,1.00
394,550,1.00
390,545,0.30
391,545,0.30
392,545,0.30
390,546,0.60
391,546,0.68
392,546,0.96
390,547,1.00
391,547,1.00
392,547,1.00
390,548,1.00
391,548,1.00
392,548,1.00
390,549,1.00
391,549,1.00
392,549,1.00
390,550,1.00
391,550,1.00
392,550,1.00
390,551,1.00
391,551,1.00
392,551,0.96
393,551,0.68
394,551,0.60
395,551,0.30
396,551,0.30
388,546,0.30
389,546,0.30
388,547,0.60
389,547,0.68
388,548,1.00
389,548,1.00
388,549,1.00
389,549,1.00
388,550,1.00
389,550,1.00
388,551,1.00
389,551,1.00
388,552,1.00
389,552,0.96
390,552,0.68
391,552,0.60
392,552,0.30
393,552,0.30
394,552,0.30
385,547,0.30
386,547,0.30
387,547,0.30
385,548,0.60
386,548,0.68
387,548,0.96
385,549,1.00
386,549,1.00
387,549,1.00
385,550,1.00
386,550,1.00
387,550,1.00
385,551,1.00
386,551,1.00
387,551,1.00
385,552,1.00
386,552,1.00
387,552,1.00
385,553,1.00
386,553,0.96
387,553,0.68
388,553,0.60
389,553,0.30
390,553,0.30
391,553,0.30
382,548,0.30
383,548,0.30
384,548,0.30
382,549,0.60
383,549,0.68
384,549,0.96
382,550,1.00
383,550,1.00
384,550,1.00
382,551,1.00
383,551,1.00
384,551,1.00
382,552,1.00
383,552,1.00
384,552,1.00
382,553,1.00
383,553,1.00
384,553,1.00
382,554,1.00
383,554,0.96
384,554,0.68
385,554,0.60
386,554,0.30
387,554,0.30
388,554,0.30
379,549,0.30
380,549,0.30
381,549,0.30
379,550,0.60
380,550,0.68
381,550,0.96
379,551,1.00
380,551,1.00
381,551,1.00
379,552,1.00
380,552,1.00
381,552,1.00
379,553,1.00
380,553,1.00
381,553,1.00
379,554,1.00
380,554,1.00
381,554,1.00
379,555,1.00
380,555,0.96
381,555,0.68
382,555,0.60
383,555,0.30
384,555,0.30
385,555,0.30
376,550,0.30
377,550,0.30
378,550,0.30
376,551,0.60
377,551,0.68
378,551,0.96
376,552,1.00
377,552,1.00
378,552,1.00
376,553,1.00
377,553,1.00
378,553,1.00
376,554,1.00
377,554,1.00
378,554,1.00
376,555,1.00
377,555,1.00
378,555,0.96
376,556,1.00
377,556,0.68
378,556,0.60
379,556,0.30
380,556,0.30
381,556,0.30
382,556,0.30
372,551,0.30
373,551,0.30
374,551,0.30
375,551,0.30
372,552,0.60
373,552,0.68
374,552,0.96
375,552,1.00
372,553,1.00
373,553,1.00
374,553,1.00
375,553,1.00
372,554,1.00
373,554,1.00
374,554,1.00
375,554,1.00
372,555,1.00
373,555,1.00
374,555,1.00
375,555,1.00
372,556,1.00
373,556,1.00
374,556,1.00
375,556,1.00
372,557,1.00
373,557,1.00
374,557,0.96
375,557,0.68
376,557,0.60
377,557,0.30
378,557,0.30
370,552,0.30
371,552,0.30
370,553,0.60
371,553,0.68
370,554,1.00
371,554,1.00
370,555,1.00
371,555,1.00
370,556,1.00
371,556,1.00
370,557,1.00
371,557,1.00
370,558,1.00
371,558,0.96
372,558,0.68
373,558,0.60
374,558,0.30
375,558,0.30
376,558,0.30
367,553,0.30
368,553,0.30
369,553,0.30
367,554,0.90
368,554,0.98
369,554,0.96
367,555,1.00
368,555,1.00
369,555,1.00
367,556,1.00
368,556,1.00
369,556,1.00
367,557,1.00
368,557,1.00
369,557,1.00
367,558,1.00
368,558,1.00
369,558,1.00
367,559,1.00
368,559,1.00
369,559,0.68
370,559,0.60
371,559,0.30
372,559,0.30
373,559,0.30
364,554,0.60
365,554,0.60
366,554,0.60
364,555,1.00
365,555,1.00
366,555,1.00
364,556,1.00
365,556,1.00
366,556,1.00
364,557,1.00
365,557,1.00
366,557,1.00
364,558,1.00
365,558,1.00
366,558,1.00
364,559,1.00
365,559,1.00
366,559,1.00
364,560,1.00
365,560,1.00
366,560,1.00
367,560,0.90
368,560,0.60
369,560,0.30
370,560,0.30
362,554,0.30
363,554,0.30
362,555,0.60
363,555,0.68
362,556,0.98
363,556,1.00
362,557,1.00
363,557,1.00
362,558,1.00
363,558,1.00
362,559,1.00
363,559,1.00
362,560,1.00
363,560,1.00
361,555,0.30
361,556,0.60
361,557,0.98
361,558,1.00
361,559,1.00
361,560,1.00
361,561,1.00
362,561,1.00
363,561,1.00
364,561,1.00
365,561,0.98
366,561,0.60
367,561,0.30
360,556,0.30
360,557,0.60
360,558,0.68
360,559,0.96
360,560,1.00
360,561,0.96
360,562,0.68
361,562,0.96
362,562,1.00
363,562,0.96
364,562,0.68
365,562,0.60
366,562,0.30
359,557,0.30
359,558,0.30
359,559,0.30
359,560,0.30
359,561,0.30
359,562,0.30
359,563,0.30
360,563,0.30
361,563,0.30
362,563,0.30
363,563,0.30
364,563,0.30
365,563,0.30

303,546,0.30
304,546,0.60
305,546,0.60
306,546,0.60
307,546,0.60
308,546,0.60
309,546,0.60
303,547,0.30
304,547,0.68
305,547,1.00
306,547,1.00
307,547,1.00
308,547,1.00
309,547,0.68
303,548,0.30
304,548,0.96
305,548,1.00
306,548,1.00
307,548,1.00
308,548,1.00
309,548,0.96
303,549,0.30
304,549,1.00
305,549,1.00
306,549,1.00
307,549,1.00
308,549,1.00
309,549,1.00
303,550,0.30
304,550,0.96
305,550,1.00
306,550,1.00
307,550,1.00
308,550,1.00
309,550,0.96
303,551,0.30
304,551,0.68
305,551,1.00
306,551,1.00
307,551,1.00
308,551,1.00
309,551,0.68
303,552,0.30
304,552,0.60
305,552,0.60
306,552,0.60
307,552,0.60
308,552,0.60
309,552,0.60
310,546,0.30
310,547,0.30
310,548,0.30
310,549,0.30
310,550,0.30
310,551,0.30
310,552,0.30

302,541,0.60
303,541,0.60
304,541,0.60
305,541,0.60
306,541,0.60
307,541,0.60
308,541,0.60
302,542,0.60
303,542,0.76
304,542,1.00
305,542,1.00
306,542,1.00
307,542,0.76
308,542,0.60
302,543,0.60
303,543,1.00
304,543,1.00
305,543,1.00
306,543,1.00
307,543,1.00
308,543,0.60
302,544,0.60
303,544,1.00
304,544,1.00
305,544,1.00
306,544,1.00
307,544,1.00
308,544,0.60
302,545,0.60
303,545,1.00
304,545,1.00
305,545,1.00
306,545,1.00
307,545,1.00
308,545,0.60
302,546,0.60
303,546,0.76
304,546,1.00
305,546,1.00
306,546,1.00
307,546,0.76
308,546,0.60
302,547,0.60
303,547,0.60
304,547,0.60
305,547,0.60
306,547,0.60
307,547,0.60
308,547,0.60

273,495,0.30
274,495,0.30
275,495,0.30
276,495,0.30
277,495,0.30
278,495,0.30
279,495,0.30
273,496,0.30
274,496,0.38
275,496,0.66
276,496,0.77
277,496,0.66
278,496,0.38
279,496,0.30
273,497,0.30
274,497,0.66
275,497,1.00
276,497,1.00
277,497,1.00
278,497,0.66
279,497,0.30
273,498,0.30
274,498,0.77
275,498,1.00
276,498,1.00
277,498,1.00
278,498,0.77
279,498,0.30
273,499,0.30
274,499,0.66
275,499,1.00
276,499,1.00
277,499,1.00
278,499,0.66
279,499,0.30
273,500,0.30
274,500,0.38
275,500,0.66
276,500,0.77
277,500,0.66
278,500,0.38
279,500,0.30
273,501,0.30
274,501,0.30
275,501,0.30
276,501,0.30
277,501,0.30
278,501,0.30
279,501,0.30

