314,623,1.00
315,623,1.00
316,623,1.00
317,623,1.00
318,623,1.00
319,623,1.00
320,623,1.00
321,623,1.00
322,623,1.00
323,623,1.00
324,623,1.00
314,624,1.00
315,624,1.00
316,624,1.00
317,624,1.00
318,624,1.00
319,624,1.00
320,624,1.00
321,624,1.00
322,624,1.00
323,624,1.00
324,624,1.00
314,625,1.00
315,625,1.00
316,625,1.00
317,625,1.00
318,625,1.00
319,625,1.00
320,625,1.00
321,625,1.00
322,625,1.00
323,625,1.00
324,625,1.00
314,626,1.00
315,626,1.00
316,626,1.00
317,626,1.00
318,626,1.00
319,626,1.00
320,626,1.00
321,626,1.00
322,626,1.00
323,626,1.00
324,626,1.00
314,627,1.00
315,627,1.00
316,627,1.00
317,627,1.00
318,627,1.00
319,627,1.00
320,627,1.00
321,627,1.00
322,627,1.00
323,627,1.00
324,627,1.00
314,628,1.00
315,628,1.00
316,628,1.00
317,628,1.00
318,628,1.00
319,628,1.00
320,628,1.00
321,628,1.00
322,628,1.00
323,628,1.00
324,628,1.00
314,629,1.00
315,629,1.00
316,629,1.00
317,629,1.00
318,629,1.00
319,629,1.00
320,629,1.00
321,629,1.00
322,629,1.00
323,629,1.00
324,629,1.00
314,630,1.00
315,630,1.00
316,630,1.00
317,630,1.00
318,630,1.00
319,630,1.00
320,630,1.00
321,630,1.00
322,630,1.00
323,630,1.00
324,630,1.00
314,631,0.90
315,631,0.90
316,631,1.00
317,631,1.00
318,631,1.00
319,631,1.00
320,631,1.00
321,631,1.00
322,631,1.00
323,631,0.90
324,631,0.90
314,632,0.90
315,632,0.90
316,632,0.90
317,632,1.00
318,632,1.00
319,632,1.00
320,632,1.00
321,632,1.00
322,632,0.90
323,632,0.90
324,632,0.90
314,633,0.60
315,633,0.60
316,633,0.60
317,633,0.60
318,633,0.60
319,633,0.60
320,633,0.60
321,633,0.60
322,633,0.60
323,633,0.60
324,633,0.60
314,622,1.00
315,622,1.00
316,622,1.00
317,622,1.00
318,622,1.00
319,622,1.00
320,622,1.00
321,622,1.00
322,622,1.00
323,622,1.00
324,622,1.00
314,620,1.00
315,620,1.00
316,620,1.00
317,620,1.00
318,620,1.00
319,620,1.00
320,620,1.00
321,620,1.00
322,620,1.00
323,620,1.00
324,620,1.00
314,621,1.00
315,621,1.00
316,621,1.00
317,621,1.00
318,621,1.00
319,621,1.00
320,621,1.00
321,621,1.00
322,621,1.00
323,621,1.00
324,621,1.00
314,618,0.90
315,618,1.00
316,618,1.00
317,618,1.00
318,618,1.00
319,618,1.00
320,618,1.00
321,618,1.00
322,618,1.00
323,618,1.00
324,618,1.00
314,619,0.90
315,619,1.00
316,619,1.00
317,619,1.00
318,619,1.00
319,619,1.00
320,619,1.00
321,619,1.00
322,619,1.00
323,619,1.00
324,619,1.00
314,615,0.60
315,615,1.00
316,615,1.00
317,615,1.00
318,615,1.00
319,615,1.00
320,615,1.00
321,615,1.00
322,615,1.00
323,615,1.00
324,615,1.00
314,616,0.60
315,616,1.00
316,616,1.00
317,616,1.00
318,616,1.00
319,616,1.00
320,616,1.00
321,616,1.00
322,616,1.00
323,616,1.00
324,616,1.00
314,617,0.60
315,617,1.00
316,617,1.00
317,617,1.00
318,617,1.00
319,617,1.00
320,617,1.00
321,617,1.00
322,617,1.00
323,617,1.00
324,617,1.00
314,612,0.30
315,612,0.60
316,612,1.00
317,612,1.00
318,612,1.00
319,612,1.00
320,612,1.00
321,612,1.00
322,612,1.00
323,612,1.00
324,612,1.00
314,613,0.30
315,613,0.60
316,613,1.00
317,613,1.00
318,613,1.00
319,613,1.00
320,613,1.00
321,613,1.00
322,613,1.00
323,613,1.00
324,613,1.00
314,614,0.30
315,614,0.60
316,614,1.00
317,614,1.00
318,614,1.00
319,614,1.00
320,614,1.00
321,614,1.00
322,614,1.00
323,614,1.00
324,614,1.00
315,609,0.30
316,609,0.60
317,609,0.90
318,609,1.00
319,609,1.00
320,609,1.00
321,609,1.00
322,609,1.00
323,609,1.00
324,609,1.00
325,609,1.00
315,610,0.30
316,610,0.60
317,610,1.00
318,610,1.00
319,610,1.00
320,610,1.00
321,610,1.00
322,610,1.00
323,610,1.00
324,610,1.00
325,610,1.00
315,611,0.30
316,611,0.60
317,611,1.00
318,611,1.00
319,611,1.00
320,611,1.00
321,611,1.00
322,611,1.00
323,611,1.00
324,611,1.00
325,611,1.00
325,612,1.00
325,613,1.00
325,614,1.00
325,615,0.90
325,616,0.60
325,617,0.60
325,618,0.30
325,619,0.30
316,607,0.30
317,607,0.60
318,607,0.90
319,607,1.00
320,607,1.00
321,607,1.00
322,607,1.00
323,607,1.00
324,607,1.00
325,607,1.00
326,607,1.00
316,608,0.30
317,608,0.60
318,608,1.00
319,608,1.00
320,608,1.00
321,608,1.00
322,608,1.00
323,608,1.00
324,608,1.00
325,608,1.00
326,608,1.00
326,609,1.00
326,610,1.00
326,611,1.00
326,612,1.00
326,613,0.90
326,614,0.60
326,615,0.60
326,616,0.30
326,617,0.30
317,605,0.30
318,605,0.60
319,605,0.60
320,605,1.00
321,605,1.00
322,605,1.00
323,605,1.00
324,605,1.00
325,605,1.00
326,605,1.00
327,605,1.00
317,606,0.30
318,606,0.60
319,606,0.75
320,606,1.00
321,606,1.00
322,606,1.00
323,606,1.00
324,606,1.00
325,606,1.00
326,606,1.00
327,606,1.00
327,607,1.00
327,608,1.00
327,609,1.00
327,610,1.00
327,611,0.90
327,612,0.60
327,613,0.60
327,614,0.30
327,615,0.30
318,603,0.30
319,603,0.30
320,603,0.60
321,603,0.90
322,603,1.00
323,603,1.00
324,603,1.00
325,603,1.00
326,603,1.00
327,603,1.00
328,603,1.00
318,604,0.30
319,604,0.30
320,604,0.60
321,604,1.00
322,604,1.00
323,604,1.00
324,604,1.00
325,604,1.00
326,604,1.00
327,604,1.00
328,604,1.00
328,605,1.00
328,606,1.00
328,607,1.00
328,608,1.00
328,609,1.00
328,610,0.90
328,611,0.60
328,612,0.30
328,613,0.30
320,601,0.30
321,601,0.60
322,601,0.90
323,601,1.00
324,601,1.00
325,601,1.00
326,601,1.00
327,601,1.00
328,601,1.00
329,601,1.00
330,601,1.00
320,602,0.30
321,602,0.60
322,602,0.90
323,602,1.00
324,602,1.00
325,602,1.00
326,602,1.00
327,602,1.00
328,602,1.00
329,602,1.00
330,602,1.00
329,603,1.00
330,603,1.00
329,604,1.00
330,604,1.00
329,605,1.00
330,605,1.00
329,606,1.00
330,606,1.00
329,607,1.00
330,607,1.00
329,608,1.00
330,608,0.90
329,609,0.60
330,609,0.60
329,610,0.60
330,610,0.60
329,611,0.30
330,611,0.30
321,600,0.30
322,600,0.60
323,600,0.60
324,600,1.00
325,600,1.00
326,600,1.00
327,600,1.00
328,600,1.00
329,600,1.00
330,600,1.00
331,600,1.00
331,601,1.00
331,602,1.00
331,603,1.00
331,604,1.00
331,605,1.00
331,606,0.90
331,607,0.60
331,608,0.60
331,609,0.30
331,610,0.30
322,598,0.30
323,598,0.30
324,598,0.60
325,598,0.60
326,598,0.81
327,598,1.00
328,598,1.00
329,598,1.00
330,598,1.00
331,598,1.00
332,598,1.00
322,599,0.30
323,599,0.30
324,599,0.60
325,599,0.90
326,599,1.00
327,599,1.00
328,599,1.00
329,599,1.00
330,599,1.00
331,599,1.00
332,599,1.00
332,600,1.00
332,601,1.00
332,602,1.00
332,603,1.00
332,604,1.00
332,605,0.60
332,606,0.60
332,607,0.30
332,608,0.30
324,596,0.30
325,596,0.30
326,596,0.30
327,596,0.60
328,596,0.60
329,596,1.00
330,596,1.00
331,596,1.00
332,596,1.00
333,596,1.00
334,596,1.00
324,597,0.30
325,597,0.30
326,597,0.30
327,597,0.75
328,597,0.99
329,597,1.00
330,597,1.00
331,597,1.00
332,597,1.00
333,597,1.00
334,597,1.00
333,598,1.00
334,598,1.00
333,599,1.00
334,599,1.00
333,600,1.00
334,600,1.00
333,601,1.00
334,601,1.00
333,602,1.00
334,602,1.00
333,603,0.99
334,603,0.75
333,604,0.60
334,604,0.60
333,605,0.30
334,605,0.30
333,606,0.30
334,606,0.30
327,594,0.30
328,594,0.30
329,594,0.60
330,594,0.60
331,594,0.81
332,594,1.00
333,594,1.00
334,594,1.00
335,594,1.00
336,594,1.00
337,594,1.00
327,595,0.30
328,595,0.30
329,595,0.60
330,595,0.90
331,595,1.00
332,595,1.00
333,595,1.00
334,595,1.00
335,595,1.00
336,595,1.00
337,595,1.00
335,596,1.00
336,596,1.00
337,596,1.00
335,597,1.00
336,597,1.00
337,597,1.00
335,598,1.00
336,598,1.00
337,598,1.00
335,599,1.00
336,599,1.00
337,599,1.00
335,600,1.00
336,600,1.00
337,600,0.81
335,601,1.00
336,601,0.90
337,601,0.60
335,602,0.81
336,602,0.60
337,602,0.60
335,603,0.30
336,603,0.30
337,603,0.30
335,604,0.30
336,604,0.30
337,604,0.30
329,592,0.30
330,592,0.30
331,592,0.30
332,592,0.60
333,592,0.75
334,592,0.99
335,592,1.00
336,592,1.00
337,592,1.00
338,592,1.00
339,592,1.00
329,593,0.30
330,593,0.30
331,593,0.30
332,593,0.75
333,593,1.00
334,593,1.00
335,593,1.00
336,593,1.00
337,593,1.00
338,593,1.00
339,593,1.00
338,594,1.00
339,594,1.00
338,595,1.00
339,595,1.00
338,596,1.00
339,596,1.00
338,597,1.00
339,597,1.00
338,598,1.00
339,598,0.75
338,599,0.75
339,599,0.60
338,600,0.30
339,600,0.30
338,601,0.30
339,601,0.30
338,602,0.30
339,602,0.30
332,589,0.30
333,589,0.30
334,589,0.30
335,589,0.60
336,589,0.60
337,589,0.81
338,589,1.00
339,589,1.00
340,589,1.00
341,589,1.00
342,589,1.00
332,590,0.30
333,590,0.30
334,590,0.30
335,590,0.75
336,590,0.99
337,590,1.00
338,590,1.00
339,590,1.00
340,590,1.00
341,590,1.00
342,590,1.00
332,591,0.30
333,591,0.30
334,591,0.51
335,591,0.99
336,591,1.00
337,591,1.00
338,591,1.00
339,591,1.00
340,591,1.00
341,591,1.00
342,591,1.00
340,592,1.00
341,592,1.00
342,592,1.00
340,593,1.00
341,593,1.00
342,593,1.00
340,594,1.00
341,594,1.00
342,594,1.00
340,595,1.00
341,595,1.00
342,595,1.00
340,596,1.00
341,596,0.99
342,596,0.75
340,597,0.81
341,597,0.60
342,597,0.60
340,598,0.30
341,598,0.30
342,598,0.30
340,599,0.30
341,599,0.30
342,599,0.30
335,587,0.30
336,587,0.30
337,587,0.30
338,587,0.60
339,587,0.60
340,587,1.00
341,587,1.00
342,587,1.00
343,587,1.00
344,587,1.00
345,587,1.00
335,588,0.30
336,588,0.30
337,588,0.30
338,588,0.75
339,588,0.99
340,588,1.00
341,588,1.00
342,588,1.00
343,588,1.00
344,588,1.00
345,588,1.00
343,589,1.00
344,589,1.00
345,589,1.00
343,590,1.00
344,590,1.00
345,590,1.00
343,591,1.00
344,591,1.00
345,591,1.00
343,592,1.00
344,592,1.00
345,592,1.00
343,593,1.00
344,593,1.00
345,593,1.00
343,594,1.00
344,594,1.00
345,594,1.00
343,595,0.81
344,595,0.60
345,595,0.60
343,596,0.30
344,596,0.30
345,596,0.30
343,597,0.30
344,597,0.30
345,597,0.30
338,585,0.30
339,585,0.30
340,585,0.60
341,585,0.60
342,585,0.90
343,585,1.00
344,585,1.00
345,585,1.00
346,585,1.00
347,585,1.00
348,585,1.00
338,586,0.30
339,586,0.30
340,586,0.60
341,586,0.75
342,586,1.00
343,586,1.00
344,586,1.00
345,586,1.00
346,586,1.00
347,586,1.00
348,586,1.00
346,587,1.00
347,587,1.00
348,587,1.00
346,588,1.00
347,588,1.00
348,588,1.00
346,589,1.00
347,589,1.00
348,589,1.00
346,590,1.00
347,590,1.00
348,590,1.00
346,591,1.00
347,591,1.00
348,591,1.00
346,592,1.00
347,592,1.00
348,592,1.00
346,593,1.00
347,593,1.00
348,593,0.90
346,594,0.60
347,594,0.60
348,594,0.60
346,595,0.30
347,595,0.30
348,595,0.30
340,584,0.30
341,584,0.30
342,584,0.60
343,584,0.60
344,584,0.60
345,584,1.00
346,584,1.00
347,584,1.00
348,584,1.00
349,584,1.00
350,584,1.00
349,585,1.00
350,585,1.00
349,586,1.00
350,586,1.00
349,587,1.00
350,587,1.00
349,588,1.00
350,588,1.00
349,589,1.00
350,589,1.00
349,590,1.00
350,590,1.00
349,591,1.00
350,591,1.00
349,592,1.00
350,592,0.90
349,593,0.60
350,593,0.60
349,594,0.30
350,594,0.30
342,583,0.30
343,583,0.30
344,583,0.30
345,583,0.60
346,583,0.60
347,583,0.60
348,583,1.00
349,583,1.00
350,583,1.00
351,583,1.00
352,583,1.00
351,584,1.00
352,584,1.00
351,585,1.00
352,585,1.00
351,586,1.00
352,586,1.00
351,587,1.00
352,587,1.00
351,588,1.00
352,588,1.00
351,589,1.00
352,589,1.00
351,590,1.00
352,590,1.00
351,591,1.00
352,591,1.00
351,592,0.60
352,592,0.60
351,593,0.30
352,593,0.30
345,582,0.30
346,582,0.30
347,582,0.30
348,582,0.60
349,582,0.60
350,582,0.90
351,582,1.00
352,582,1.00
353,582,1.00
354,582,1.00
355,582,1.00
353,583,1.00
354,583,1.00
355,583,1.00
353,584,1.00
354,584,1.00
355,584,1.00
353,585,1.00
354,585,1.00
355,585,1.00
353,586,1.00
354,586,1.00
355,586,1.00
353,587,1.00
354,587,1.00
355,587,1.00
353,588,1.00
354,588,1.00
355,588,1.00
353,589,1.00
354,589,1.00
355,589,1.00
353,590,1.00
354,590,1.00
355,590,1.00
353,591,0.90
354,591,0.90
355,591,0.90
353,592,0.30
354,592,0.30
355,592,0.30
348,581,0.30
349,581,0.30
350,581,0.60
351,581,0.60
352,581,0.60
353,581,0.90
354,581,0.90
355,581,1.00
356,581,1.00
357,581,1.00
358,581,1.00
356,582,1.00
357,582,1.00
358,582,1.00
356,583,1.00
357,583,1.00
358,583,1.00
356,584,1.00
357,584,1.00
358,584,1.00
356,585,1.00
357,585,1.00
358,585,1.00
356,586,1.00
357,586,1.00
358,586,1.00
356,587,1.00
357,587,1.00
358,587,1.00
356,588,1.00
357,588,1.00
358,588,1.00
356,589,1.00
357,589,1.00
358,589,1.00
356,590,1.00
357,590,1.00
358,590,0.90
356,591,0.60
357,591,0.60
358,591,0.60
359,581,1.00
360,581,1.00
359,582,1.00
360,582,1.00
359,583,1.00
360,583,1.00
359,584,1.00
360,584,1.00
359,585,1.00
360,585,1.00
359,586,1.00
360,586,1.00
359,587,1.00
360,587,1.00
359,588,1.00
360,588,1.00
359,589,1.00
360,589,1.00
359,590,0.60
360,590,0.60
359,591,0.30
360,591,0.30
353,580,0.30
354,580,0.30
355,580,0.60
356,580,0.60
357,580,0.60
358,580,1.00
359,580,1.00
360,580,1.00
361,580,1.00
362,580,1.00
363,580,1.00
361,581,1.00
362,581,1.00
363,581,1.00
361,582,1.00
362,582,1.00
363,582,1.00
361,583,1.00
362,583,1.00
363,583,1.00
361,584,1.00
362,584,1.00
363,584,1.00
361,585,1.00
362,585,1.00
363,585,1.00
361,586,1.00
362,586,1.00
363,586,1.00
361,587,1.00
362,587,1.00
363,587,1.00
361,588,1.00
362,588,1.00
363,588,1.00
361,589,0.90
362,589,0.90
363,589,0.90
361,590,0.30
362,590,0.30
363,590,0.30
355,579,0.30
356,579,0.30
357,579,0.30
358,579,0.60
359,579,0.60
360,579,0.60
361,579,0.90
362,579,0.90
363,579,0.90
364,579,1.00
365,579,1.00
364,580,1.00
365,580,1.00
364,581,1.00
365,581,1.00
364,582,1.00
365,582,1.00
364,583,1.00
365,583,1.00
364,584,1.00
365,584,1.00
364,585,1.00
365,585,1.00
364,586,1.00
365,586,1.00
364,587,1.00
365,587,1.00
364,588,1.00
365,588,1.00
364,589,0.60
365,589,0.60
366,579,1.00
367,579,1.00
368,579,1.00
366,580,1.00
367,580,1.00
368,580,1.00
366,581,1.00
367,581,1.00
368,581,1.00
366,582,1.00
367,582,1.00
368,582,1.00
366,583,1.00
367,583,1.00
368,583,1.00
366,584,1.00
367,584,1.00
368,584,1.00
366,585,1.00
367,585,1.00
368,585,1.00
366,586,1.00
367,586,1.00
368,586,1.00
366,587,1.00
367,587,1.00
368,587,1.00
366,588,0.90
367,588,0.90
368,588,1.00
366,589,0.30
367,589,0.30
368,589,0.30
361,578,0.30
362,578,0.30
363,578,0.30
364,578,0.30
365,578,0.60
366,578,0.60
367,578,0.60
368,578,0.90
369,578,0.90
370,578,0.90
371,578,0.90
369,579,1.00
370,579,1.00
371,579,1.00
369,580,1.00
370,580,1.00
371,580,1.00
369,581,1.00
370,581,1.00
371,581,1.00
369,582,1.00
370,582,1.00
371,582,1.00
369,583,1.00
370,583,1.00
371,583,1.00
369,584,1.00
370,584,1.00
371,584,1.00
369,585,1.00
370,585,1.00
371,585,1.00
369,586,1.00
370,586,1.00
371,586,1.00
369,587,1.00
370,587,1.00
371,587,1.00
369,588,0.90
370,588,0.90
371,588,0.90
372,578,0.90
373,578,0.90
374,578,0.90
375,578,1.00
372,579,1.00
373,579,1.00
374,579,1.00
375,579,1.00
372,580,1.00
373,580,1.00
374,580,1.00
375,580,1.00
372,581,1.00
373,581,1.00
374,581,1.00
375,581,1.00
372,582,1.00
373,582,1.00
374,582,1.00
375,582,1.00
372,583,1.00
373,583,1.00
374,583,1.00
375,583,1.00
372,584,1.00
373,584,1.00
374,584,1.00
375,584,1.00
372,585,1.00
373,585,1.00
374,585,1.00
375,585,1.00
372,586,1.00
373,586,1.00
374,586,1.00
375,586,1.00
372,587,1.00
373,587,1.00
374,587,1.00
375,587,1.00
372,588,0.90
373,588,0.90
374,588,0.90
375,588,1.00
376,578,0.90
377,578,0.90
378,578,1.00
376,579,1.00
377,579,1.00
378,579,1.00
376,580,1.00
377,580,1.00
378,580,1.00
376,581,1.00
377,581,1.00
378,581,1.00
376,582,1.00
377,582,1.00
378,582,1.00
376,583,1.00
377,583,1.00
378,583,1.00
376,584,1.00
377,584,1.00
378,584,1.00
376,585,1.00
377,585,1.00
378,585,1.00
376,586,1.00
377,586,1.00
378,586,1.00
376,587,1.00
377,587,1.00
378,587,1.00
376,588,0.90
377,588,0.90
378,588,1.00
379,578,0.90
380,578,0.90
381,578,1.00
382,578,1.00
379,579,1.00
380,579,1.00
381,579,1.00
382,579,1.00
379,580,1.00
380,580,1.00
381,580,1.00
382,580,1.00
379,581,1.00
380,581,1.00
381,581,1.00
382,581,1.00
379,582,1.00
380,582,1.00
381,582,1.00
382,582,1.00
379,583,1.00
380,583,1.00
381,583,1.00
382,583,1.00
379,584,1.00
380,584,1.00
381,584,1.00
382,584,1.00
379,585,1.00
380,585,1.00
381,585,1.00
382,585,1.00
379,586,1.00
380,586,1.00
381,586,1.00
382,586,1.00
379,587,1.00
380,587,1.00
381,587,1.00
382,587,1.00
379,588,0.90
380,588,0.90
381,588,1.00
382,588,1.00
383,578,0.90
384,578,0.90
385,578,0.90
383,579,1.00
384,579,1.00
385,579,1.00
383,580,1.00
384,580,1.00
385,580,1.00
383,581,1.00
384,581,1.00
385,581,1.00
383,582,1.00
384,582,1.00
385,582,1.00
383,583,1.00
384,583,1.00
385,583,1.00
383,584,1.00
384,584,1.00
385,584,1.00
383,585,1.00
384,585,1.00
385,585,1.00
383,586,1.00
384,586,1.00
385,586,1.00
383,587,1.00
384,587,1.00
385,587,1.00
383,588,0.90
384,588,1.00
385,588,1.00
386,578,0.60
387,578,0.60
388,578,0.60
386,579,1.00
387,579,1.00
388,579,1.00
386,580,1.00
387,580,1.00
388,580,1.00
386,581,1.00
387,581,1.00
388,581,1.00
386,582,1.00
387,582,1.00
388,582,1.00
386,583,1.00
387,583,1.00
388,583,1.00
386,584,1.00
387,584,1.00
388,584,1.00
386,585,1.00
387,585,1.00
388,585,1.00
386,586,1.00
387,586,1.00
388,586,1.00
386,587,1.00
387,587,1.00
388,587,1.00
386,588,1.00
387,588,1.00
388,588,1.00
389,578,0.30
390,578,0.30
391,578,0.30
389,579,0.60
390,579,0.60
391,579,0.60
389,580,1.00
390,580,0.85
391,580,0.75
389,581,1.00
390,581,1.00
391,581,1.00
389,582,1.00
390,582,1.00
391,582,1.00
389,583,1.00
390,583,1.00
391,583,1.00
389,584,1.00
390,584,1.00
391,584,1.00
389,585,1.00
390,585,1.00
391,585,1.00
389,586,1.00
390,586,1.00
391,586,1.00
389,587,1.00
390,587,1.00
391,587,1.00
389,588,1.00
390,588,1.00
391,588,1.00
392,579,0.30
393,579,0.30
394,579,0.30
392,580,0.30
393,580,0.30
394,580,0.30
392,581,0.81
393,581,0.60
394,581,0.60
392,582,1.00
393,582,0.75
394,582,0.60
392,583,1.00
393,583,1.00
394,583,0.90
392,584,1.00
393,584,1.00
394,584,1.00
392,585,1.00
393,585,1.00
394,585,1.00
392,586,1.00
393,586,1.00
394,586,1.00
392,587,1.00
393,587,1.00
394,587,1.00
392,588,1.00
393,588,1.00
394,588,1.00
384,589,0.30
385,589,0.60
386,589,0.60
387,589,1.00
388,589,1.00
389,589,1.00
390,589,1.00
391,589,1.00
392,589,1.00
393,589,1.00
394,589,1.00
395,581,0.30
395,582,0.30
395,583,0.60
395,584,0.60
395,585,1.00
395,586,1.00
395,587,1.00
395,588,1.00
395,589,1.00
385,590,0.30
386,590,0.30
387,590,0.60
388,590,0.90
389,590,1.00
390,590,1.00
391,590,1.00
392,590,1.00
393,590,1.00
394,590,1.00
395,590,1.00
385,591,0.30
386,591,0.30
387,591,0.60
388,591,0.60
389,591,1.00
390,591,1.00
391,591,1.00
392,591,1.00
393,591,1.00
394,591,1.00
395,591,1.00
396,583,0.30
397,583,0.30
396,584,0.30
397,584,0.30
396,585,0.60
397,585,0.60
396,586,0.90
397,586,0.60
396,587,1.00
397,587,1.00
396,588,1.00
397,588,1.00
396,589,1.00
397,589,1.00
396,590,1.00
397,590,1.00
396,591,1.00
397,591,1.00
387,592,0.30
388,592,0.30
389,592,0.60
390,592,1.00
391,592,1.00
392,592,1.00
393,592,1.00
394,592,1.00
395,592,1.00
396,592,1.00
397,592,1.00
387,593,0.30
388,593,0.30
389,593,0.60
390,593,0.90
391,593,1.00
392,593,1.00
393,593,1.00
394,593,1.00
395,593,1.00
396,593,1.00
397,593,1.00
398,585,0.30
399,585,0.30
398,586,0.30
399,586,0.30
398,587,0.60
399,587,0.60
398,588,1.00
399,588,0.90
398,589,1.00
399,589,0.90
398,590,1.00
399,590,1.00
398,591,1.00
399,591,1.00
398,592,1.00
399,592,1.00
398,593,1.00
399,593,1.00
389,594,0.30
390,594,0.60
391,594,1.00
392,594,1.00
393,594,1.00
394,594,1.00
395,594,1.00
396,594,1.00
397,594,1.00
398,594,1.00
399,594,1.00
389,595,0.30
390,595,0.60
391,595,0.90
392,595,1.00
393,595,1.00
394,595,1.00
395,595,1.00
396,595,1.00
397,595,1.00
398,595,1.00
399,595,1.00
400,587,0.30
400,588,0.60
400,589,0.60
400,590,0.90
400,591,1.00
400,592,1.00
400,593,1.00
400,594,1.00
400,595,1.00
390,596,0.30
391,596,0.60
392,596,0.90
393,596,1.00
394,596,1.00
395,596,1.00
396,596,1.00
397,596,1.00
398,596,1.00
399,596,1.00
400,596,1.00
390,597,0.30
391,597,0.60
392,597,0.90
393,597,1.00
394,597,1.00
395,597,1.00
396,597,1.00
397,597,1.00
398,597,1.00
399,597,1.00
400,597,1.00
401,588,0.30
401,589,0.30
401,590,0.60
401,591,0.60
401,592,0.90
401,593,1.00
401,594,1.00
401,595,1.00
401,596,1.00
401,597,1.00
391,598,0.30
392,598,0.60
393,598,0.90
394,598,1.00
395,598,1.00
396,598,1.00
397,598,1.00
398,598,1.00
399,598,1.00
400,598,1.00
401,598,1.00
402,590,0.30
402,591,0.30
402,592,0.60
402,593,0.60
402,594,0.60
402,595,1.00
402,596,1.00
402,597,1.00
402,598,1.00
392,599,0.30
393,599,0.60
394,599,1.00
395,599,1.00
396,599,1.00
397,599,1.00
398,599,1.00
399,599,1.00
400,599,1.00
401,599,1.00
402,599,1.00
392,600,0.30
393,600,0.60
394,600,1.00
395,600,1.00
396,600,1.00
397,600,1.00
398,600,1.00
399,600,1.00
400,600,1.00
401,600,1.00
402,600,1.00
403,592,0.30
403,593,0.30
403,594,0.30
403,595,0.60
403,596,0.60
403,597,0.60
403,598,0.75
403,599,1.00
403,600,1.00
393,601,0.30
394,601,0.90
395,601,1.00
396,601,1.00
397,601,1.00
398,601,1.00
399,601,1.00
400,601,1.00
401,601,1.00
402,601,1.00
403,601,1.00
393,602,0.30
394,602,0.90
395,602,1.00
396,602,1.00
397,602,1.00
398,602,1.00
399,602,1.00
400,602,1.00
401,602,1.00
402,602,1.00
403,602,1.00
404,595,0.30
404,596,0.30
404,597,0.30
404,598,0.30
404,599,0.60
404,600,0.60
404,601,0.60
404,602,0.60
394,603,0.90
395,603,1.00
396,603,1.00
397,603,1.00
398,603,1.00
399,603,1.00
400,603,1.00
401,603,1.00
402,603,1.00
403,603,1.00
404,603,0.90
394,604,0.90
395,604,1.00
396,604,1.00
397,604,1.00
398,604,1.00
399,604,1.00
400,604,1.00
401,604,1.00
402,604,1.00
403,604,1.00
404,604,0.90
394,605,0.90
395,605,1.00
396,605,1.00
397,605,1.00
398,605,1.00
399,605,1.00
400,605,1.00
401,605,1.00
402,605,1.00
403,605,1.00
404,605,0.90
394,606,0.60
395,606,0.90
396,606,1.00
397,606,1.00
398,606,1.00
399,606,1.00
400,606,1.00
401,606,1.00
402,606,1.00
403,606,0.90
404,606,0.60
394,607,0.60
395,607,0.85
396,607,1.00
397,607,1.00
398,607,1.00
399,607,1.00
400,607,1.00
401,607,1.00
402,607,1.00
403,607,0.85
404,607,0.60
394,608,0.90
395,608,1.00
396,608,1.00
397,608,1.00
398,608,1.00
399,608,1.00
400,608,1.00
401,608,1.00
402,608,1.00
403,608,1.00
404,608,0.90
394,609,0.90
395,609,1.00
396,609,1.00
397,609,1.00
398,609,1.00
399,609,1.00
400,609,1.00
401,609,1.00
402,609,1.00
403,609,1.00
404,609,0.90
394,610,0.60
395,610,0.75
396,610,1.00
397,610,1.00
398,610,1.00
399,610,1.00
400,610,1.00
401,610,1.00
402,610,1.00
403,610,0.75
404,610,0.60
394,611,0.60
395,611,0.75
396,611,1.00
397,611,1.00
398,611,1.00
399,611,1.00
400,611,1.00
401,611,1.00
402,611,1.00
403,611,0.75
404,611,0.60
394,612,0.90
395,612,1.00
396,612,1.00
397,612,1.00
398,612,1.00
399,612,1.00
400,612,1.00
401,612,1.00
402,612,1.00
403,612,1.00
404,612,0.90
394,613,0.90
395,613,1.00
396,613,1.00
397,613,1.00
398,613,1.00
399,613,1.00
400,613,1.00
401,613,1.00
402,613,1.00
403,613,1.00
404,613,0.90
394,614,0.60
395,614,0.85
396,614,1.00
397,614,1.00
398,614,1.00
399,614,1.00
400,614,1.00
401,614,1.00
402,614,1.00
403,614,0.85
404,614,0.60
394,615,0.60
395,615,0.90
396,615,1.00
397,615,1.00
398,615,1.00
399,615,1.00
400,615,1.00
401,615,1.00
402,615,1.00
403,615,0.90
404,615,0.60
394,616,0.90
395,616,1.00
396,616,1.00
397,616,1.00
398,616,1.00
399,616,1.00
400,616,1.00
401,616,1.00
402,616,1.00
403,616,1.00
404,616,0.90
394,617,0.90
395,617,1.00
396,617,1.00
397,617,1.00
398,617,1.00
399,617,1.00
400,617,1.00
401,617,1.00
402,617,1.00
403,617,1.00
404,617,0.90
394,618,0.90
395,618,1.00
396,618,1.00
397,618,1.00
398,618,1.00
399,618,1.00
400,618,1.00
401,618,1.00
402,618,1.00
403,618,1.00
404,618,0.90
394,619,0.60
395,619,0.90
396,619,1.00
397,619,1.00
398,619,1.00
399,619,1.00
400,619,1.00
401,619,1.00
402,619,1.00
403,619,0.90
404,619,0.60
394,620,0.90
395,620,1.00
396,620,1.00
397,620,1.00
398,620,1.00
399,620,1.00
400,620,1.00
401,620,1.00
402,620,1.00
403,620,1.00
404,620,0.90
394,621,0.90
395,621,1.00
396,621,1.00
397,621,1.00
398,621,1.00
399,621,1.00
400,621,1.00
401,621,1.00
402,621,1.00
403,621,1.00
404,621,0.90
394,622,0.90
395,622,1.00
396,622,1.00
397,622,1.00
398,622,1.00
399,622,1.00
400,622,1.00
401,622,1.00
402,622,1.00
403,622,1.00
404,622,0.90
394,623,0.60
395,623,0.90
396,623,1.00
397,623,1.00
398,623,1.00
399,623,1.00
400,623,1.00
401,623,1.00
402,623,1.00
403,623,0.90
404,623,0.60
394,624,0.60
395,624,0.85
396,624,1.00
397,624,1.00
398,624,1.00
399,624,1.00
400,624,1.00
401,624,1.00
402,624,1.00
403,624,0.85
404,624,0.60
394,625,0.90
395,625,1.00
396,625,1.00
397,625,1.00
398,625,1.00
399,625,1.00
400,625,1.00
401,625,1.00
402,625,1.00
403,625,1.00
404,625,0.60
394,626,0.90
395,626,1.00
396,626,1.00
397,626,1.00
398,626,1.00
399,626,1.00
400,626,1.00
401,626,1.00
402,626,1.00
403,626,1.00
404,626,0.60
394,627,0.60
395,627,0.96
396,627,1.00
397,627,1.00
398,627,1.00
399,627,1.00
400,627,1.00
401,627,1.00
402,627,0.99
403,627,0.75
404,627,0.30
394,628,0.75
395,628,0.99
396,628,1.00
397,628,1.00
398,628,1.00
399,628,1.00
400,628,1.00
401,628,1.00
402,628,0.96
403,628,0.60
404,628,0.30
394,629,0.85
395,629,1.00
396,629,1.00
397,629,1.00
398,629,1.00
399,629,1.00
400,629,1.00
401,629,1.00
402,629,0.85
403,629,0.60
404,629,0.30
394,630,1.00
395,630,1.00
396,630,1.00
397,630,1.00
398,630,1.00
399,630,1.00
400,630,1.00
401,630,1.00
402,630,0.88
403,630,0.60
404,630,0.30
393,625,0.30
393,626,0.30
393,627,0.30
393,628,0.30
393,629,0.30
393,630,0.60
393,631,0.60
394,631,0.99
395,631,1.00
396,631,1.00
397,631,1.00
398,631,1.00
399,631,1.00
400,631,1.00
401,631,1.00
402,631,0.55
403,631,0.30
393,632,0.81
394,632,1.00
395,632,1.00
396,632,1.00
397,632,1.00
398,632,1.00
399,632,1.00
400,632,1.00
401,632,0.99
402,632,0.45
403,632,0.30
393,633,0.99
394,633,1.00
395,633,1.00
396,633,1.00
397,633,1.00
398,633,1.00
399,633,1.00
400,633,1.00
401,633,0.81
402,633,0.30
403,633,0.30
393,634,1.00
394,634,1.00
395,634,1.00
396,634,1.00
397,634,1.00
398,634,1.00
399,634,1.00
400,634,0.99
401,634,0.60
402,634,0.30
403,634,0.30
393,635,1.00
394,635,1.00
395,635,1.00
396,635,1.00
397,635,1.00
398,635,1.00
399,635,1.00
400,635,0.88
401,635,0.60
402,635,0.30
403,635,0.30
391,630,0.30
392,630,0.30
391,631,0.30
392,631,0.30
391,632,0.30
392,632,0.30
391,633,0.30
392,633,0.45
391,634,0.60
392,634,0.85
391,635,0.60
392,635,1.00
391,636,0.81
392,636,1.00
393,636,1.00
394,636,1.00
395,636,1.00
396,636,1.00
397,636,1.00
398,636,1.00
399,636,1.00
400,636,0.55
401,636,0.30
391,637,0.99
392,637,1.00
393,637,1.00
394,637,1.00
395,637,1.00
396,637,1.00
397,637,1.00
398,637,1.00
399,637,0.99
400,637,0.45
401,637,0.30
391,638,1.00
392,638,1.00
393,638,1.00
394,638,1.00
395,638,1.00
396,638,1.00
397,638,1.00
398,638,1.00
399,638,0.81
400,638,0.30
401,638,0.30
391,639,1.00
392,639,1.00
393,639,1.00
394,639,1.00
395,639,1.00
396,639,1.00
397,639,1.00
398,639,1.00
399,639,0.60
400,639,0.30
401,639,0.30
391,640,1.00
392,640,1.00
393,640,1.00
394,640,1.00
395,640,1.00
396,640,1.00
397,640,1.00
398,640,0.85
399,640,0.60
400,640,0.30
401,640,0.30
389,634,0.30
390,634,0.30
389,635,0.30
390,635,0.30
389,636,0.30
390,636,0.30
389,637,0.30
390,637,0.45
389,638,0.30
390,638,0.55
389,639,0.60
390,639,0.88
389,640,0.60
390,640,0.99
389,641,0.81
390,641,1.00
391,641,1.00
392,641,1.00
393,641,1.00
394,641,1.00
395,641,1.00
396,641,1.00
397,641,0.99
398,641,0.45
399,641,0.30
389,642,0.99
390,642,1.00
391,642,1.00
392,642,1.00
393,642,1.00
394,642,1.00
395,642,1.00
396,642,1.00
397,642,0.81
398,642,0.30
399,642,0.30
389,643,1.00
390,643,1.00
391,643,1.00
392,643,1.00
393,643,1.00
394,643,1.00
395,643,1.00
396,643,0.99
397,643,0.60
398,643,0.30
399,643,0.30
389,644,1.00
390,644,1.00
391,644,1.00
392,644,1.00
393,644,1.00
394,644,1.00
395,644,1.00
396,644,0.88
397,644,0.60
398,644,0.30
399,644,0.30
387,639,0.30
388,639,0.30
387,640,0.30
388,640,0.30
387,641,0.30
388,641,0.30
387,642,0.30
388,642,0.45
387,643,0.30
388,643,0.55
387,644,0.60
388,644,0.88
387,645,0.75
388,645,1.00
389,645,1.00
390,645,1.00
391,645,1.00
392,645,1.00
393,645,1.00
394,645,1.00
395,645,0.81
396,645,0.55
397,645,0.30
387,646,0.99
388,646,1.00
389,646,1.00
390,646,1.00
391,646,1.00
392,646,1.00
393,646,1.00
394,646,1.00
395,646,0.69
396,646,0.45
397,646,0.30
387,647,1.00
388,647,1.00
389,647,1.00
390,647,1.00
391,647,1.00
392,647,1.00
393,647,1.00
394,647,0.99
395,647,0.51
396,647,0.30
397,647,0.30
387,648,1.00
388,648,1.00
389,648,1.00
390,648,1.00
391,648,1.00
392,648,1.00
393,648,1.00
394,648,0.75
395,648,0.30
396,648,0.30
397,648,0.30
387,649,1.00
388,649,1.00
389,649,1.00
390,649,1.00
391,649,1.00
392,649,1.00
393,649,0.88
394,649,0.60
395,649,0.30
396,649,0.30
397,649,0.30
384,644,0.30
385,644,0.30
386,644,0.30
384,645,0.30
385,645,0.30
386,645,0.30
384,646,0.30
385,646,0.30
386,646,0.51
384,647,0.30
385,647,0.45
386,647,0.69
384,648,0.30
385,648,0.55
386,648,0.81
384,649,0.60
385,649,0.88
386,649,1.00
384,650,0.75
385,650,1.00
386,650,1.00
387,650,1.00
388,650,1.00
389,650,1.00
390,650,1.00
391,650,1.00
392,650,0.81
393,650,0.55
394,650,0.30
384,651,0.99
385,651,1.00
386,651,1.00
387,651,1.00
388,651,1.00
389,651,1.00
390,651,1.00
391,651,1.00
392,651,0.69
393,651,0.45
394,651,0.30
384,652,1.00
385,652,1.00
386,652,1.00
387,652,1.00
388,652,1.00
389,652,1.00
390,652,1.00
391,652,0.99
392,652,0.51
393,652,0.30
394,652,0.30
384,653,1.00
385,653,1.00
386,653,1.00
387,653,1.00
388,653,1.00
389,653,1.00
390,653,1.00
391,653,0.75
392,653,0.30
393,653,0.30
394,653,0.30
384,654,1.00
385,654,1.00
386,654,1.00
387,654,1.00
388,654,1.00
389,654,1.00
390,654,0.88
391,654,0.60
392,654,0.30
393,654,0.30
394,654,0.30
381,649,0.30
382,649,0.30
383,649,0.30
381,650,0.30
382,650,0.30
383,650,0.30
381,651,0.30
382,651,0.30
383,651,0.51
381,652,0.30
382,652,0.45
383,652,0.69
381,653,0.30
382,653,0.55
383,653,0.81
381,654,0.60
382,654,0.88
383,654,1.00
381,655,0.85
382,655,1.00
383,655,1.00
384,655,1.00
385,655,1.00
386,655,1.00
387,655,1.00
388,655,1.00
389,655,0.81
390,655,0.55
391,655,0.30
381,656,1.00
382,656,1.00
383,656,1.00
384,656,1.00
385,656,1.00
386,656,1.00
387,656,1.00
388,656,0.91
389,656,0.69
390,656,0.45
391,656,0.30
381,657,1.00
382,657,1.00
383,657,1.00
384,657,1.00
385,657,1.00
386,657,1.00
387,657,1.00
388,657,0.69
389,657,0.51
390,657,0.30
391,657,0.30
381,658,1.00
382,658,1.00
383,658,1.00
384,658,1.00
385,658,1.00
386,658,1.00
387,658,0.85
388,658,0.45
389,658,0.30
390,658,0.30
391,658,0.30
381,659,1.00
382,659,1.00
383,659,1.00
384,659,1.00
385,659,1.00
386,659,0.88
387,659,0.60
388,659,0.30
389,659,0.30
390,659,0.30
391,659,0.30
377,654,0.30
378,654,0.30
379,654,0.30
380,654,0.30
377,655,0.30
378,655,0.30
379,655,0.30
380,655,0.45
377,656,0.30
378,656,0.30
379,656,0.51
380,656,0.69
377,657,0.30
378,657,0.45
379,657,0.69
380,657,0.91
377,658,0.30
378,658,0.55
379,658,0.81
380,658,1.00
377,659,0.60
378,659,0.88
379,659,1.00
380,659,1.00
377,660,0.85
378,660,1.00
379,660,1.00
380,660,1.00
381,660,1.00
382,660,1.00
383,660,1.00
384,660,1.00
385,660,0.81
386,660,0.55
387,660,0.30
377,661,1.00
378,661,1.00
379,661,1.00
380,661,1.00
381,661,1.00
382,661,1.00
383,661,1.00
384,661,0.91
385,661,0.69
386,661,0.45
387,661,0.30
377,662,1.00
378,662,1.00
379,662,1.00
380,662,1.00
381,662,1.00
382,662,1.00
383,662,1.00
384,662,0.69
385,662,0.51
386,662,0.30
387,662,0.30
377,663,1.00
378,663,1.00
379,663,1.00
380,663,1.00
381,663,1.00
382,663,1.00
383,663,0.85
384,663,0.45
385,663,0.30
386,663,0.30
387,663,0.30
377,664,1.00
378,664,1.00
379,664,1.00
380,664,1.00
381,664,1.00
382,664,0.88
383,664,0.60
384,664,0.30
385,664,0.30
386,664,0.30
387,664,0.30
373,659,0.30
374,659,0.30
375,659,0.30
376,659,0.30
373,660,0.30
374,660,0.30
375,660,0.30
376,660,0.45
373,661,0.30
374,661,0.30
375,661,0.51
376,661,0.69
373,662,0.30
374,662,0.45
375,662,0.69
376,662,0.91
373,663,0.30
374,663,0.55
375,663,0.81
376,663,1.00
373,664,0.30
374,664,0.58
375,664,0.86
376,664,1.00
373,665,0.60
374,665,0.85
375,665,1.00
376,665,1.00
377,665,1.00
378,665,1.00
379,665,1.00
380,665,1.00
381,665,0.81
382,665,0.55
383,665,0.30
373,666,0.88
374,666,0.99
375,666,1.00
376,666,1.00
377,666,1.00
378,666,1.00
379,666,1.00
380,666,0.91
381,666,0.69
382,666,0.45
383,666,0.30
373,667,1.00
374,667,1.00
375,667,1.00
376,667,1.00
377,667,1.00
378,667,1.00
379,667,0.81
380,667,0.69
381,667,0.51
382,667,0.30
383,667,0.30
373,668,1.00
374,668,1.00
375,668,1.00
376,668,1.00
377,668,0.99
378,668,0.88
379,668,0.55
380,668,0.45
381,668,0.30
382,668,0.30
383,668,0.30
373,669,1.00
374,669,1.00
375,669,1.00
376,669,1.00
377,669,0.85
378,669,0.60
379,669,0.30
380,669,0.30
381,669,0.30
382,669,0.30
383,669,0.30
368,665,0.30
369,665,0.30
370,665,0.30
371,665,0.30
372,665,0.30
368,666,0.30
369,666,0.30
370,666,0.30
371,666,0.45
372,666,0.55
368,667,0.30
369,667,0.30
370,667,0.51
371,667,0.69
372,667,0.81
368,668,0.30
369,668,0.45
370,668,0.69
371,668,0.91
372,668,1.00
368,669,0.30
369,669,0.55
370,669,0.81
371,669,1.00
372,669,1.00
368,670,0.30
369,670,0.58
370,670,0.86
371,670,1.00
372,670,1.00
373,670,1.00
374,670,1.00
375,670,1.00
376,670,0.86
377,670,0.58
378,670,0.30
368,671,0.60
369,671,0.85
370,671,1.00
371,671,1.00
372,671,1.00
373,671,1.00
374,671,1.00
375,671,1.00
376,671,0.81
377,671,0.55
378,671,0.30
368,672,0.88
369,672,0.99
370,672,1.00
371,672,1.00
372,672,1.00
373,672,1.00
374,672,1.00
375,672,0.91
376,672,0.69
377,672,0.45
378,672,0.30
368,673,1.00
369,673,1.00
370,673,1.00
371,673,1.00
372,673,1.00
373,673,1.00
374,673,0.81
375,673,0.69
376,673,0.51
377,673,0.30
378,673,0.30
368,674,1.00
369,674,1.00
370,674,1.00
371,674,1.00
372,674,0.99
373,674,0.88
374,674,0.55
375,674,0.45
376,674,0.30
377,674,0.30
378,674,0.30
368,675,1.00
369,675,1.00
370,675,1.00
371,675,1.00
372,675,0.85
373,675,0.60
374,675,0.30
375,675,0.30
376,675,0.30
377,675,0.30
378,675,0.30
363,671,0.30
364,671,0.30
365,671,0.30
366,671,0.30
367,671,0.30
363,672,0.30
364,672,0.30
365,672,0.30
366,672,0.45
367,672,0.55
363,673,0.30
364,673,0.30
365,673,0.51
366,673,0.69
367,673,0.81
363,674,0.30
364,674,0.45
365,674,0.69
366,674,0.91
367,674,1.00
363,675,0.30
364,675,0.55
365,675,0.81
366,675,1.00
367,675,1.00
363,676,0.60
364,676,0.88
365,676,1.00
366,676,1.00
367,676,1.00
368,676,1.00
369,676,1.00
370,676,1.00
371,676,0.86
372,676,0.58
373,676,0.30
363,677,0.75
364,677,1.00
365,677,1.00
366,677,1.00
367,677,1.00
368,677,1.00
369,677,1.00
370,677,1.00
371,677,0.81
372,677,0.55
373,677,0.30
363,678,0.99
364,678,1.00
365,678,1.00
366,678,1.00
367,678,1.00
368,678,1.00
369,678,1.00
370,678,1.00
371,678,0.69
372,678,0.45
373,678,0.30
363,679,1.00
364,679,1.00
365,679,1.00
366,679,1.00
367,679,1.00
368,679,1.00
369,679,1.00
370,679,0.99
371,679,0.51
372,679,0.30
373,679,0.30
363,680,1.00
364,680,1.00
365,680,1.00
366,680,1.00
367,680,1.00
368,680,1.00
369,680,1.00
370,680,0.75
371,680,0.30
372,680,0.30
373,680,0.30
363,681,1.00
364,681,1.00
365,681,1.00
366,681,1.00
367,681,1.00
368,681,1.00
369,681,0.88
370,681,0.60
371,681,0.30
372,681,0.30
373,681,0.30
360,676,0.30
361,676,0.30
362,676,0.30
360,677,0.30
361,677,0.30
362,677,0.30
360,678,0.30
361,678,0.30
362,678,0.51
360,679,0.30
361,679,0.45
362,679,0.69
360,680,0.30
361,680,0.55
362,680,0.81
360,681,0.60
361,681,0.88
362,681,1.00
360,682,0.85
361,682,1.00
362,682,1.00
363,682,1.00
364,682,1.00
365,682,1.00
366,682,1.00
367,682,1.00
368,682,0.81
369,682,0.55
370,682,0.30
360,683,1.00
361,683,1.00
362,683,1.00
363,683,1.00
364,683,1.00
365,683,1.00
366,683,1.00
367,683,0.91
368,683,0.69
369,683,0.45
370,683,0.30
360,684,1.00
361,684,1.00
362,684,1.00
363,684,1.00
364,684,1.00
365,684,1.00
366,684,1.00
367,684,0.69
368,684,0.51
369,684,0.30
370,684,0.30
360,685,1.00
361,685,1.00
362,685,1.00
363,685,1.00
364,685,1.00
365,685,1.00
366,685,0.85
367,685,0.45
368,685,0.30
369,685,0.30
370,685,0.30
360,686,1.00
361,686,1.00
362,686,1.00
363,686,1.00
364,686,1.00
365,686,0.88
366,686,0.60
367,686,0.30
368,686,0.30
369,686,0.30
370,686,0.30
356,681,0.30
357,681,0.30
358,681,0.30
359,681,0.30
356,682,0.30
357,682,0.30
358,682,0.30
359,682,0.45
356,683,0.30
357,683,0.30
358,683,0.51
359,683,0.69
356,684,0.30
357,684,0.45
358,684,0.69
359,684,0.91
356,685,0.30
357,685,0.55
358,685,0.81
359,685,1.00
356,686,0.60
357,686,0.88
358,686,1.00
359,686,1.00
356,687,0.85
357,687,1.00
358,687,1.00
359,687,1.00
360,687,1.00
361,687,1.00
362,687,1.00
363,687,1.00
364,687,0.81
365,687,0.55
366,687,0.30
356,688,1.00
357,688,1.00
358,688,1.00
359,688,1.00
360,688,1.00
361,688,1.00
362,688,1.00
363,688,0.91
364,688,0.69
365,688,0.45
366,688,0.30
356,689,1.00
357,689,1.00
358,689,1.00
359,689,1.00
360,689,1.00
361,689,1.00
362,689,1.00
363,689,0.69
364,689,0.51
365,689,0.30
366,689,0.30
356,690,1.00
357,690,1.00
358,690,1.00
359,690,1.00
360,690,1.00
361,690,1.00
362,690,0.85
363,690,0.45
364,690,0.30
365,690,0.30
366,690,0.30
356,691,1.00
357,691,1.00
358,691,1.00
359,691,1.00
360,691,1.00
361,691,0.88
362,691,0.60
363,691,0.30
364,691,0.30
365,691,0.30
366,691,0.30
352,686,0.30
353,686,0.30
354,686,0.30
355,686,0.30
352,687,0.30
353,687,0.30
354,687,0.30
355,687,0.45
352,688,0.30
353,688,0.30
354,688,0.51
355,688,0.69
352,689,0.30
353,689,0.45
354,689,0.69
355,689,0.91
352,690,0.30
353,690,0.55
354,690,0.81
355,690,1.00
352,691,0.60
353,691,0.88
354,691,1.00
355,691,1.00
352,692,0.85
353,692,1.00
354,692,1.00
355,692,1.00
356,692,1.00
357,692,1.00
358,692,1.00
359,692,1.00
360,692,0.81
361,692,0.55
362,692,0.30
352,693,1.00
353,693,1.00
354,693,1.00
355,693,1.00
356,693,1.00
357,693,1.00
358,693,1.00
359,693,0.91
360,693,0.69
361,693,0.45
362,693,0.30
352,694,1.00
353,694,1.00
354,694,1.00
355,694,1.00
356,694,1.00
357,694,1.00
358,694,1.00
359,694,0.69
360,694,0.51
361,694,0.30
362,694,0.30
352,695,1.00
353,695,1.00
354,695,1.00
355,695,1.00
356,695,1.00
357,695,1.00
358,695,0.85
359,695,0.45
360,695,0.30
361,695,0.30
362,695,0.30
352,696,1.00
353,696,1.00
354,696,1.00
355,696,1.00
356,696,1.00
357,696,0.88
358,696,0.60
359,696,0.30
360,696,0.30
361,696,0.30
362,696,0.30
348,691,0.30
349,691,0.30
350,691,0.30
351,691,0.30
348,692,0.30
349,692,0.30
350,692,0.30
351,692,0.45
348,693,0.30
349,693,0.30
350,693,0.51
351,693,0.69
348,694,0.30
349,694,0.45
350,694,0.69
351,694,0.91
348,695,0.30
349,695,0.55
350,695,0.81
351,695,1.00
348,696,0.60
349,696,0.88
350,696,1.00
351,696,1.00
348,697,0.88
349,697,1.00
350,697,1.00
351,697,1.00
352,697,1.00
353,697,1.00
354,697,1.00
355,697,1.00
356,697,0.81
357,697,0.55
358,697,0.30
348,698,1.00
349,698,1.00
350,698,1.00
351,698,1.00
352,698,1.00
353,698,1.00
354,698,1.00
355,698,0.91
356,698,0.69
357,698,0.45
358,698,0.30
348,699,1.00
349,699,1.00
350,699,1.00
351,699,1.00
352,699,1.00
353,699,1.00
354,699,0.81
355,699,0.69
356,699,0.51
357,699,0.30
358,699,0.30
348,700,1.00
349,700,1.00
350,700,1.00
351,700,1.00
352,700,1.00
353,700,0.88
354,700,0.55
355,700,0.45
356,700,0.30
357,700,0.30
358,700,0.30
348,701,1.00
349,701,1.00
350,701,1.00
351,701,1.00
352,701,0.88
353,701,0.60
354,701,0.30
355,701,0.30
356,701,0.30
357,701,0.30
358,701,0.30
343,696,0.30
344,696,0.30
345,696,0.30
346,696,0.30
347,696,0.30
343,697,0.30
344,697,0.30
345,697,0.30
346,697,0.45
347,697,0.55
343,698,0.30
344,698,0.30
345,698,0.51
346,698,0.69
347,698,0.81
343,699,0.30
344,699,0.45
345,699,0.69
346,699,0.91
347,699,1.00
343,700,0.30
344,700,0.55
345,700,0.81
346,700,1.00
347,700,1.00
343,701,0.60
344,701,0.88
345,701,1.00
346,701,1.00
347,701,1.00
343,702,0.85
344,702,1.00
345,702,1.00
346,702,1.00
347,702,1.00
348,702,1.00
349,702,1.00
350,702,1.00
351,702,0.81
352,702,0.55
353,702,0.30
343,703,1.00
344,703,1.00
345,703,1.00
346,703,1.00
347,703,1.00
348,703,1.00
349,703,1.00
350,703,0.91
351,703,0.69
352,703,0.45
353,703,0.30
343,704,1.00
344,704,1.00
345,704,1.00
346,704,1.00
347,704,1.00
348,704,1.00
349,704,1.00
350,704,0.69
351,704,0.51
352,704,0.30
353,704,0.30
343,705,1.00
344,705,1.00
345,705,1.00
346,705,1.00
347,705,1.00
348,705,1.00
349,705,0.85
350,705,0.45
351,705,0.30
352,705,0.30
353,705,0.30
343,706,1.00
344,706,1.00
345,706,1.00
346,706,1.00
347,706,1.00
348,706,0.88
349,706,0.60
350,706,0.30
351,706,0.30
352,706,0.30
353,706,0.30
339,701,0.30
340,701,0.30
341,701,0.30
342,701,0.30
339,702,0.30
340,702,0.30
341,702,0.30
342,702,0.45
339,703,0.30
340,703,0.30
341,703,0.51
342,703,0.69
339,704,0.30
340,704,0.45
341,704,0.69
342,704,0.91
339,705,0.60
340,705,0.85
341,705,1.00
342,705,1.00
339,706,0.85
340,706,1.00
341,706,1.00
342,706,1.00
339,707,1.00
340,707,1.00
341,707,1.00
342,707,1.00
343,707,1.00
344,707,1.00
345,707,1.00
346,707,1.00
347,707,0.81
348,707,0.55
349,707,0.30
339,708,1.00
340,708,1.00
341,708,1.00
342,708,1.00
343,708,1.00
344,708,1.00
345,708,1.00
346,708,0.91
347,708,0.69
348,708,0.45
349,708,0.30
339,709,1.00
340,709,1.00
341,709,1.00
342,709,1.00
343,709,1.00
344,709,1.00
345,709,1.00
346,709,0.69
347,709,0.51
348,709,0.30
349,709,0.30
339,710,1.00
340,710,1.00
341,710,1.00
342,710,1.00
343,710,1.00
344,710,1.00
345,710,0.85
346,710,0.45
347,710,0.30
348,710,0.30
349,710,0.30
339,711,1.00
340,711,1.00
341,711,1.00
342,711,1.00
343,711,1.00
344,711,1.00
345,711,1.00
346,711,0.90
347,711,0.90
348,711,1.00
349,711,0.90
335,705,0.30
336,705,0.30
337,705,0.30
338,705,0.30
335,706,0.30
336,706,0.30
337,706,0.30
338,706,0.45
335,707,0.30
336,707,0.30
337,707,0.51
338,707,0.69
335,708,0.30
336,708,0.45
337,708,0.69
338,708,0.91
335,709,0.60
336,709,0.85
337,709,1.00
338,709,1.00
335,710,0.75
336,710,1.00
337,710,1.00
338,710,1.00
335,711,1.00
336,711,1.00
337,711,1.00
338,711,1.00
335,712,1.00
336,712,1.00
337,712,1.00
338,712,1.00
339,712,1.00
340,712,1.00
341,712,1.00
342,712,1.00
343,712,1.00
344,712,1.00
345,712,1.00
335,713,1.00
336,713,1.00
337,713,1.00
338,713,1.00
339,713,1.00
340,713,1.00
341,713,1.00
342,713,1.00
343,713,1.00
344,713,1.00
345,713,1.00
335,714,1.00
336,714,1.00
337,714,1.00
338,714,1.00
339,714,1.00
340,714,1.00
341,714,1.00
342,714,1.00
343,714,1.00
344,714,1.00
345,714,1.00
335,715,1.00
336,715,1.00
337,715,1.00
338,715,1.00
339,715,1.00
340,715,1.00
341,715,1.00
342,715,1.00
343,715,1.00
344,715,1.00
345,715,1.00
332,709,0.30
333,709,0.30
334,709,0.30
332,710,0.30
333,710,0.30
334,710,0.30
332,711,0.60
333,711,0.60
334,711,0.81
332,712,1.00
333,712,1.00
334,712,1.00
332,713,1.00
333,713,1.00
334,713,1.00
332,714,1.00
333,714,1.00
334,714,1.00
332,715,1.00
333,715,1.00
334,715,1.00
332,716,1.00
333,716,1.00
334,716,1.00
335,716,1.00
336,716,1.00
337,716,1.00
338,716,1.00
339,716,1.00
340,716,1.00
341,716,1.00
342,716,1.00
332,717,1.00
333,717,1.00
334,717,1.00
335,717,1.00
336,717,1.00
337,717,1.00
338,717,1.00
339,717,1.00
340,717,1.00
341,717,1.00
342,717,1.00
332,718,1.00
333,718,1.00
334,718,1.00
335,718,1.00
336,718,1.00
337,718,1.00
338,718,1.00
339,718,1.00
340,718,1.00
341,718,1.00
342,718,1.00
332,719,1.00
333,719,1.00
334,719,1.00
335,719,1.00
336,719,1.00
337,719,1.00
338,719,1.00
339,719,1.00
340,719,1.00
341,719,1.00
342,719,1.00
330,711,0.30
331,711,0.30
330,712,1.00
331,712,1.00
330,713,1.00
331,713,1.00
330,714,1.00
331,714,1.00
330,715,1.00
331,715,1.00
330,716,1.00
331,716,1.00
330,717,1.00
331,717,1.00
330,718,1.00
331,718,1.00
330,719,1.00
331,719,1.00
330,720,1.00
331,720,1.00
332,720,1.00
333,720,1.00
334,720,1.00
335,720,1.00
336,720,1.00
337,720,1.00
338,720,1.00
339,720,1.00
340,720,1.00
330,721,1.00
331,721,1.00
332,721,1.00
333,721,1.00
334,721,1.00
335,721,1.00
336,721,1.00
337,721,1.00
338,721,1.00
339,721,1.00
340,721,1.00
329,712,0.90
329,713,1.00
329,714,1.00
329,715,1.00
329,716,1.00
329,717,1.00
329,718,1.00
329,719,1.00
329,720,1.00
329,721,1.00
329,722,1.00
330,722,1.00
331,722,1.00
332,722,1.00
333,722,1.00
334,722,1.00
335,722,1.00
336,722,1.00
337,722,1.00
338,722,1.00
339,722,1.00
328,713,1.00
328,714,1.00
328,715,1.00
328,716,1.00
328,717,1.00
328,718,1.00
328,719,1.00
328,720,1.00
328,721,1.00
328,722,1.00
328,723,1.00
329,723,1.00
330,723,1.00
331,723,1.00
332,723,1.00
333,723,1.00
334,723,1.00
335,723,1.00
336,723,1.00
337,723,1.00
338,723,1.00
327,714,1.00
327,715,1.00
327,716,1.00
327,717,1.00
327,718,1.00
327,719,1.00
327,720,1.00
327,721,1.00
327,722,1.00
327,723,1.00
327,724,1.00
328,724,1.00
329,724,1.00
330,724,1.00
331,724,1.00
332,724,1.00
333,724,1.00
334,724,1.00
335,724,1.00
336,724,1.00
337,724,1.00
339,723,0.60
341,720,1.00
341,721,1.00
340,722,0.60
341,722,0.60
343,716,1.00
344,716,1.00
343,717,1.00
344,717,1.00
343,718,1.00
344,718,1.00
343,719,1.00
344,719,1.00
342,720,1.00
343,720,1.00
344,720,1.00
342,721,0.60
343,721,0.90
344,721,0.90
342,722,0.30
343,722,0.30
344,722,0.30
346,712,0.75
347,712,0.85
348,712,1.00
346,713,1.00
347,713,1.00
348,713,1.00
346,714,1.00
347,714,1.00
348,714,1.00
346,715,1.00
347,715,1.00
348,715,1.00
345,716,1.00
346,716,1.00
347,716,1.00
348,716,1.00
345,717,1.00
346,717,1.00
347,717,1.00
348,717,1.00
345,718,1.00
346,718,1.00
347,718,1.00
348,718,1.00
345,719,1.00
346,719,1.00
347,719,1.00
348,719,1.00
345,720,0.75
346,720,0.75
347,720,0.85
348,720,1.00
345,721,0.60
346,721,0.60
347,721,0.60
348,721,0.90
350,711,0.60
351,711,0.60
352,711,0.60
353,711,0.90
349,712,0.85
350,712,0.75
351,712,0.75
352,712,0.85
353,712,1.00
349,713,1.00
350,713,1.00
351,713,1.00
352,713,1.00
353,713,1.00
349,714,1.00
350,714,1.00
351,714,1.00
352,714,1.00
353,714,1.00
349,715,1.00
350,715,1.00
351,715,1.00
352,715,1.00
353,715,1.00
349,716,1.00
350,716,1.00
351,716,1.00
352,716,1.00
353,716,1.00
349,717,1.00
350,717,1.00
351,717,1.00
352,717,1.00
353,717,1.00
349,718,1.00
350,718,1.00
351,718,1.00
352,718,1.00
353,718,1.00
349,719,1.00
350,719,1.00
351,719,1.00
352,719,1.00
353,719,1.00
349,720,0.85
350,720,0.75
351,720,0.75
352,720,0.85
353,720,1.00
349,721,0.60
350,721,0.60
351,721,0.60
352,721,0.60
353,721,0.60
354,711,0.60
355,711,0.60
356,711,0.75
357,711,1.00
358,711,1.00
354,712,0.85
355,712,0.96
356,712,0.99
357,712,1.00
358,712,1.00
354,713,1.00
355,713,1.00
356,713,1.00
357,713,1.00
358,713,1.00
354,714,1.00
355,714,1.00
356,714,1.00
357,714,1.00
358,714,1.00
354,715,1.00
355,715,1.00
356,715,1.00
357,715,1.00
358,715,1.00
354,716,1.00
355,716,1.00
356,716,1.00
357,716,1.00
358,716,1.00
354,717,1.00
355,717,1.00
356,717,1.00
357,717,1.00
358,717,1.00
354,718,1.00
355,718,1.00
356,718,1.00
357,718,1.00
358,718,1.00
354,719,1.00
355,719,0.99
356,719,0.96
357,719,1.00
358,719,1.00
354,720,0.85
355,720,0.75
356,720,0.60
357,720,0.90
358,720,0.90
354,721,0.30
355,721,0.30
356,721,0.30
357,721,0.30
358,721,0.30
353,710,0.30
354,710,0.30
355,710,0.30
356,710,0.30
357,710,0.60
358,710,0.60
359,710,0.60
360,710,0.60
361,710,0.90
362,710,0.90
363,710,0.90
359,711,0.85
360,711,0.90
361,711,1.00
362,711,1.00
363,711,1.00
359,712,1.00
360,712,1.00
361,712,1.00
362,712,1.00
363,712,1.00
359,713,1.00
360,713,1.00
361,713,1.00
362,713,1.00
363,713,1.00
359,714,1.00
360,714,1.00
361,714,1.00
362,714,1.00
363,714,1.00
359,715,1.00
360,715,1.00
361,715,1.00
362,715,1.00
363,715,1.00
359,716,1.00
360,716,1.00
361,716,1.00
362,716,1.00
363,716,1.00
359,717,1.00
360,717,1.00
361,717,1.00
362,717,1.00
363,717,1.00
359,718,1.00
360,718,1.00
361,718,1.00
362,718,1.00
363,718,1.00
359,719,0.85
360,719,0.90
361,719,1.00
362,719,1.00
363,719,1.00
359,720,0.60
360,720,0.60
361,720,0.60
362,720,0.60
363,720,0.60
364,710,0.75
365,710,0.85
366,710,1.00
367,710,1.00
364,711,1.00
365,711,1.00
366,711,1.00
367,711,1.00
364,712,1.00
365,712,1.00
366,712,1.00
367,712,1.00
364,713,1.00
365,713,1.00
366,713,1.00
367,713,1.00
364,714,1.00
365,714,1.00
366,714,1.00
367,714,1.00
364,715,1.00
365,715,1.00
366,715,1.00
367,715,1.00
364,716,1.00
365,716,1.00
366,716,1.00
367,716,1.00
364,717,1.00
365,717,1.00
366,717,1.00
367,717,1.00
364,718,1.00
365,718,1.00
366,718,1.00
367,718,1.00
364,719,0.75
365,719,0.60
366,719,0.90
367,719,0.90
364,720,0.30
365,720,0.30
366,720,0.30
367,720,0.30
361,709,0.30
362,709,0.30
363,709,0.30
364,709,0.30
365,709,0.30
366,709,0.60
367,709,0.60
368,709,0.60
369,709,0.60
370,709,0.60
371,709,0.60
368,710,0.75
369,710,0.75
370,710,0.85
371,710,0.88
368,711,1.00
369,711,1.00
370,711,1.00
371,711,1.00
368,712,1.00
369,712,1.00
370,712,1.00
371,712,1.00
368,713,1.00
369,713,1.00
370,713,1.00
371,713,1.00
368,714,1.00
369,714,1.00
370,714,1.00
371,714,1.00
368,715,1.00
369,715,1.00
370,715,1.00
371,715,1.00
368,716,1.00
369,716,1.00
370,716,1.00
371,716,1.00
368,717,1.00
369,717,1.00
370,717,1.00
371,717,1.00
368,718,0.75
369,718,0.75
370,718,0.85
371,718,0.88
368,719,0.60
369,719,0.60
370,719,0.60
371,719,0.60
372,709,0.60
373,709,0.60
374,709,0.81
375,709,0.99
376,709,1.00
372,710,0.85
373,710,0.90
374,710,0.99
375,710,1.00
376,710,1.00
372,711,1.00
373,711,1.00
374,711,1.00
375,711,1.00
376,711,1.00
372,712,1.00
373,712,1.00
374,712,1.00
375,712,1.00
376,712,1.00
372,713,1.00
373,713,1.00
374,713,1.00
375,713,1.00
376,713,1.00
372,714,1.00
373,714,1.00
374,714,1.00
375,714,1.00
376,714,1.00
372,715,1.00
373,715,1.00
374,715,1.00
375,715,1.00
376,715,1.00
372,716,1.00
373,716,1.00
374,716,0.99
375,716,0.90
376,716,0.85
372,717,1.00
373,717,0.99
374,717,0.81
375,717,0.60
376,717,0.60
372,718,0.55
373,718,0.45
374,718,0.30
375,718,0.30
376,718,0.30
372,719,0.30
373,719,0.30
374,719,0.30
375,719,0.30
376,719,0.30
372,707,0.30
373,707,0.30
374,707,0.30
375,707,0.30
376,707,0.30
377,707,0.60
378,707,0.60
379,707,0.60
380,707,0.75
381,707,0.85
382,707,1.00
372,708,0.30
373,708,0.30
374,708,0.30
375,708,0.45
376,708,0.55
377,708,0.88
378,708,0.85
379,708,0.96
380,708,0.99
381,708,1.00
382,708,1.00
377,709,1.00
378,709,1.00
379,709,1.00
380,709,1.00
381,709,1.00
382,709,1.00
377,710,1.00
378,710,1.00
379,710,1.00
380,710,1.00
381,710,1.00
382,710,1.00
377,711,1.00
378,711,1.00
379,711,1.00
380,711,1.00
381,711,1.00
382,711,1.00
377,712,1.00
378,712,1.00
379,712,1.00
380,712,1.00
381,712,1.00
382,712,1.00
377,713,1.00
378,713,1.00
379,713,1.00
380,713,1.00
381,713,1.00
382,713,1.00
377,714,1.00
378,714,1.00
379,714,1.00
380,714,1.00
381,714,1.00
382,714,1.00
377,715,1.00
378,715,1.00
379,715,0.99
380,715,0.96
381,715,0.85
382,715,1.00
377,716,0.88
378,716,0.85
379,716,0.75
380,716,0.60
381,716,0.60
382,716,0.60
377,717,0.30
378,717,0.30
379,717,0.30
380,717,0.30
381,717,0.30
382,717,0.30
377,706,0.30
378,706,0.30
379,706,0.30
380,706,0.30
381,706,0.30
382,706,0.60
383,706,0.60
384,706,0.60
385,706,0.75
386,706,0.85
387,706,1.00
383,707,0.85
384,707,0.96
385,707,0.99
386,707,1.00
387,707,1.00
383,708,1.00
384,708,1.00
385,708,1.00
386,708,1.00
387,708,1.00
383,709,1.00
384,709,1.00
385,709,1.00
386,709,1.00
387,709,1.00
383,710,1.00
384,710,1.00
385,710,1.00
386,710,1.00
387,710,1.00
383,711,1.00
384,711,1.00
385,711,1.00
386,711,1.00
387,711,1.00
383,712,1.00
384,712,1.00
385,712,1.00
386,712,1.00
387,712,1.00
383,713,1.00
384,713,1.00
385,713,1.00
386,713,1.00
387,713,1.00
383,714,1.00
384,714,0.99
385,714,0.96
386,714,0.85
387,714,1.00
383,715,0.85
384,715,0.75
385,715,0.60
386,715,0.60
387,715,0.90
383,716,0.30
384,716,0.30
385,716,0.30
386,716,0.30
387,716,0.30
382,705,0.30
383,705,0.30
384,705,0.30
385,705,0.30
386,705,0.30
387,705,0.60
388,705,0.60
389,705,0.60
390,705,0.60
391,705,0.90
392,705,0.90
388,706,0.85
389,706,0.75
390,706,0.75
391,706,1.00
392,706,1.00
388,707,1.00
389,707,1.00
390,707,1.00
391,707,1.00
392,707,1.00
388,708,1.00
389,708,1.00
390,708,1.00
391,708,1.00
392,708,1.00
388,709,1.00
389,709,1.00
390,709,1.00
391,709,1.00
392,709,1.00
388,710,1.00
389,710,1.00
390,710,1.00
391,710,1.00
392,710,1.00
388,711,1.00
389,711,1.00
390,711,1.00
391,711,1.00
392,711,1.00
388,712,1.00
389,712,1.00
390,712,1.00
391,712,1.00
392,712,1.00
388,713,1.00
389,713,1.00
390,713,1.00
391,713,1.00
392,713,1.00
388,714,0.85
389,714,0.75
390,714,0.75
391,714,1.00
392,714,1.00
388,715,0.60
389,715,0.60
390,715,0.60
391,715,0.60
392,715,0.60
393,705,0.60
394,705,1.00
395,705,1.00
396,705,1.00
397,705,1.00
393,706,1.00
394,706,1.00
395,706,1.00
396,706,1.00
397,706,1.00
393,707,1.00
394,707,1.00
395,707,1.00
396,707,1.00
397,707,1.00
393,708,1.00
394,708,1.00
395,708,1.00
396,708,1.00
397,708,1.00
393,709,1.00
394,709,1.00
395,709,1.00
396,709,1.00
397,709,1.00
393,710,1.00
394,710,1.00
395,710,1.00
396,710,1.00
397,710,1.00
393,711,1.00
394,711,1.00
395,711,1.00
396,711,1.00
397,711,1.00
393,712,1.00
394,712,1.00
395,712,1.00
396,712,1.00
397,712,1.00
393,713,1.00
394,713,1.00
395,713,1.00
396,713,1.00
397,713,1.00
393,714,0.85
394,714,1.00
395,714,0.90
396,714,0.90
397,714,0.90
393,715,0.30
394,715,0.30
395,715,0.30
396,715,0.30
397,715,0.30
391,704,0.30
392,704,0.30
393,704,0.30
394,704,0.60
395,704,0.60
396,704,0.60
397,704,0.90
398,704,0.90
399,704,1.00
400,704,1.00
401,704,1.00
398,705,1.00
399,705,1.00
400,705,1.00
401,705,1.00
398,706,1.00
399,706,1.00
400,706,1.00
401,706,1.00
398,707,1.00
399,707,1.00
400,707,1.00
401,707,1.00
398,708,1.00
399,708,1.00
400,708,1.00
401,708,1.00
398,709,1.00
399,709,1.00
400,709,1.00
401,709,1.00
398,710,1.00
399,710,1.00
400,710,1.00
401,710,1.00
398,711,1.00
399,711,1.00
400,711,1.00
401,711,1.00
398,712,1.00
399,712,1.00
400,712,1.00
401,712,1.00
398,713,1.00
399,713,1.00
400,713,1.00
401,713,1.00
398,714,0.60
399,714,0.60
400,714,0.60
401,714,0.60
402,704,1.00
403,704,1.00
404,704,1.00
402,705,1.00
403,705,1.00
404,705,1.00
402,706,1.00
403,706,1.00
404,706,1.00
402,707,1.00
403,707,1.00
404,707,1.00
402,708,1.00
403,708,1.00
404,708,1.00
402,709,1.00
403,709,1.00
404,709,1.00
402,710,1.00
403,710,1.00
404,710,1.00
402,711,1.00
403,711,1.00
404,711,1.00
402,712,1.00
403,712,1.00
404,712,1.00
402,713,0.90
403,713,0.90
404,713,0.90
402,714,0.30
403,714,0.30
404,714,0.30
397,703,0.30
398,703,0.30
399,703,0.60
400,703,0.60
401,703,0.90
402,703,0.90
403,703,1.00
404,703,1.00
405,703,1.00
406,703,1.00
407,703,1.00
405,704,1.00
406,704,1.00
407,704,1.00
405,705,1.00
406,705,1.00
407,705,1.00
405,706,1.00
406,706,1.00
407,706,1.00
405,707,1.00
406,707,1.00
407,707,1.00
405,708,1.00
406,708,1.00
407,708,1.00
405,709,1.00
406,709,1.00
407,709,1.00
405,710,1.00
406,710,1.00
407,710,1.00
405,711,1.00
406,711,1.00
407,711,1.00
405,712,1.00
406,712,1.00
407,712,1.00
405,713,0.60
406,713,0.60
407,713,0.60
408,703,1.00
409,703,1.00
408,704,1.00
409,704,1.00
408,705,1.00
409,705,1.00
408,706,1.00
409,706,1.00
408,707,1.00
409,707,1.00
408,708,1.00
409,708,1.00
408,709,1.00
409,709,1.00
408,710,1.00
409,710,1.00
408,711,1.00
409,711,1.00
408,712,0.90
409,712,0.90
408,713,0.30
409,713,0.30
401,702,0.30
402,702,0.30
403,702,0.60
404,702,0.60
405,702,0.90
406,702,0.90
407,702,1.00
408,702,1.00
409,702,1.00
410,702,1.00
411,702,1.00
410,703,1.00
411,703,1.00
410,704,1.00
411,704,1.00
410,705,1.00
411,705,1.00
410,706,1.00
411,706,1.00
410,707,1.00
411,707,1.00
410,708,1.00
411,708,1.00
410,709,1.00
411,709,1.00
410,710,1.00
411,710,1.00
410,711,1.00
411,711,1.00
410,712,0.60
411,712,0.60
412,702,1.00
413,702,1.00
412,703,1.00
413,703,1.00
412,704,1.00
413,704,1.00
412,705,1.00
413,705,1.00
412,706,1.00
413,706,1.00
412,707,1.00
413,707,1.00
412,708,1.00
413,708,1.00
412,709,1.00
413,709,1.00
412,710,1.00
413,710,1.00
412,711,1.00
413,711,1.00
412,712,0.30
413,712,0.30
405,701,0.30
406,701,0.30
407,701,0.60
408,701,0.60
409,701,0.90
410,701,1.00
411,701,1.00
412,701,1.00
413,701,1.00
414,701,1.00
415,701,1.00
414,702,1.00
415,702,1.00
414,703,1.00
415,703,1.00
414,704,1.00
415,704,1.00
414,705,1.00
415,705,1.00
414,706,1.00
415,706,1.00
414,707,1.00
415,707,1.00
414,708,1.00
415,708,1.00
414,709,1.00
415,709,1.00
414,710,1.00
415,710,1.00
414,711,0.90
415,711,0.90
416,701,1.00
417,701,1.00
416,702,1.00
417,702,1.00
416,703,1.00
417,703,1.00
416,704,1.00
417,704,1.00
416,705,1.00
417,705,1.00
416,706,1.00
417,706,1.00
416,707,1.00
417,707,1.00
416,708,1.00
417,708,1.00
416,709,1.00
417,709,1.00
416,710,1.00
417,710,1.00
416,711,0.60
417,711,0.60
418,701,1.00
419,701,1.00
418,702,1.00
419,702,1.00
418,703,1.00
419,703,1.00
418,704,1.00
419,704,1.00
418,705,1.00
419,705,1.00
418,706,1.00
419,706,1.00
418,707,1.00
419,707,1.00
418,708,1.00
419,708,1.00
418,709,1.00
419,709,1.00
418,710,1.00
419,710,1.00
418,711,0.30
419,711,0.30
410,700,0.30
411,700,0.90
412,700,1.00
413,700,1.00
414,700,1.00
415,700,1.00
416,700,1.00
417,700,1.00
418,700,1.00
419,700,1.00
420,700,1.00
420,701,1.00
420,702,1.00
420,703,1.00
420,704,1.00
420,705,1.00
420,706,1.00
420,707,1.00
420,708,1.00
420,709,1.00
420,710,1.00
421,700,1.00
421,701,1.00
421,702,1.00
421,703,1.00
421,704,1.00
421,705,1.00
421,706,1.00
421,707,1.00
421,708,1.00
421,709,1.00
421,710,1.00
422,700,1.00
422,701,1.00
422,702,1.00
422,703,1.00
422,704,1.00
422,705,1.00
422,706,1.00
422,707,1.00
422,708,1.00
422,709,1.00
422,710,1.00
423,700,1.00
423,701,1.00
423,702,1.00
423,703,1.00
423,704,1.00
423,705,1.00
423,706,1.00
423,707,1.00
423,708,1.00
423,709,1.00
423,710,1.00
424,700,1.00
424,701,1.00
424,702,1.00
424,703,1.00
424,704,1.00
424,705,1.00
424,706,1.00
424,707,1.00
424,708,1.00
424,709,1.00
424,710,1.00
425,700,1.00
425,701,1.00
425,702,1.00
425,703,1.00
425,704,1.00
425,705,1.00
425,706,1.00
425,707,1.00
425,708,1.00
425,709,1.00
425,710,1.00
426,700,1.00
426,701,1.00
426,702,1.00
426,703,1.00
426,704,1.00
426,705,1.00
426,706,1.00
426,707,1.00
426,708,1.00
426,709,1.00
426,710,0.90
427,700,1.00
427,701,1.00
427,702,1.00
427,703,1.00
427,704,1.00
427,705,1.00
427,706,1.00
427,707,1.00
427,708,1.00
427,709,1.00
427,710,0.30
417,699,0.60
418,699,1.00
419,699,1.00
420,699,1.00
421,699,1.00
422,699,1.00
423,699,1.00
424,699,1.00
425,699,1.00
426,699,1.00
427,699,1.00
428,699,1.00
428,700,1.00
428,701,1.00
428,702,1.00
428,703,1.00
428,704,1.00
428,705,1.00
428,706,1.00
428,707,1.00
428,708,1.00
428,709,1.00
429,699,1.00
429,700,1.00
429,701,1.00
429,702,1.00
429,703,1.00
429,704,1.00
429,705,1.00
429,706,1.00
429,707,1.00
429,708,1.00
429,709,1.00
430,699,1.00
430,700,1.00
430,701,1.00
430,702,1.00
430,703,1.00
430,704,1.00
430,705,1.00
430,706,1.00
430,707,1.00
430,708,1.00
430,709,1.00
431,699,1.00
431,700,1.00
431,701,1.00
431,702,1.00
431,703,1.00
431,704,1.00
431,705,1.00
431,706,1.00
431,707,1.00
431,708,1.00
431,709,1.00
432,699,1.00
432,700,1.00
432,701,1.00
432,702,1.00
432,703,1.00
432,704,1.00
432,705,1.00
432,706,1.00
432,707,1.00
432,708,1.00
432,709,1.00
433,699,1.00
433,700,1.00
433,701,1.00
433,702,1.00
433,703,1.00
433,704,1.00
433,705,1.00
433,706,1.00
433,707,1.00
433,708,1.00
433,709,0.90
434,699,0.90
434,700,0.90
434,701,0.90
434,702,0.90
434,703,0.90
434,704,0.90
434,705,0.90
434,706,0.90
434,707,0.90
434,708,0.90
434,709,0.60
424,698,0.30
425,698,0.30
426,698,0.30
427,698,0.30
428,698,0.30
429,698,0.30
430,698,0.30
431,698,0.30
432,698,0.30
433,698,0.30
434,698,0.30

519,677,0.60
520,677,0.60
521,677,0.90
522,677,1.00
523,677,1.00
524,677,1.00
525,677,1.00
526,677,1.00
527,677,1.00
528,677,1.00
529,677,1.00
519,678,1.00
520,678,1.00
521,678,1.00
522,678,1.00
523,678,1.00
524,678,1.00
525,678,1.00
526,678,1.00
527,678,1.00
528,678,1.00
529,678,1.00
519,679,1.00
520,679,1.00
521,679,1.00
522,679,1.00
523,679,1.00
524,679,1.00
525,679,1.00
526,679,1.00
527,679,1.00
528,679,1.00
529,679,1.00
519,680,1.00
520,680,1.00
521,680,1.00
522,680,1.00
523,680,1.00
524,680,1.00
525,680,1.00
526,680,1.00
527,680,1.00
528,680,1.00
529,680,1.00
519,681,1.00
520,681,1.00
521,681,1.00
522,681,1.00
523,681,1.00
524,681,1.00
525,681,1.00
526,681,1.00
527,681,1.00
528,681,1.00
529,681,1.00
519,682,1.00
520,682,1.00
521,682,1.00
522,682,1.00
523,682,1.00
524,682,1.00
525,682,1.00
526,682,1.00
527,682,1.00
528,682,1.00
529,682,1.00
519,683,1.00
520,683,1.00
521,683,1.00
522,683,1.00
523,683,1.00
524,683,1.00
525,683,1.00
526,683,1.00
527,683,1.00
528,683,1.00
529,683,1.00
519,684,1.00
520,684,1.00
521,684,1.00
522,684,1.00
523,684,1.00
524,684,1.00
525,684,1.00
526,684,1.00
527,684,1.00
528,684,1.00
529,684,1.00
519,685,1.00
520,685,1.00
521,685,1.00
522,685,1.00
523,685,1.00
524,685,1.00
525,685,1.00
526,685,1.00
527,685,1.00
528,685,1.00
529,685,1.00
519,686,1.00
520,686,1.00
521,686,1.00
522,686,1.00
523,686,1.00
524,686,1.00
525,686,1.00
526,686,1.00
527,686,1.00
528,686,1.00
529,686,1.00
519,687,1.00
520,687,1.00
521,687,1.00
522,687,1.00
523,687,1.00
524,687,1.00
525,687,1.00
526,687,1.00
527,687,1.00
528,687,1.00
529,687,1.00
517,678,0.90
518,678,1.00
517,679,1.00
518,679,1.00
517,680,1.00
518,680,1.00
517,681,1.00
518,681,1.00
517,682,1.00
518,682,1.00
517,683,1.00
518,683,1.00
517,684,1.00
518,684,1.00
517,685,1.00
518,685,1.00
517,686,1.00
518,686,1.00
517,687,1.00
518,687,1.00
517,688,1.00
518,688,1.00
519,688,1.00
520,688,1.00
521,688,1.00
522,688,1.00
523,688,1.00
524,688,1.00
525,688,1.00
526,688,0.90
527,688,0.90
515,679,1.00
516,679,1.00
515,680,1.00
516,680,1.00
515,681,1.00
516,681,1.00
515,682,1.00
516,682,1.00
515,683,1.00
516,683,1.00
515,684,1.00
516,684,1.00
515,685,1.00
516,685,1.00
515,686,1.00
516,686,1.00
515,687,1.00
516,687,1.00
515,688,1.00
516,688,1.00
515,689,1.00
516,689,1.00
517,689,1.00
518,689,1.00
519,689,1.00
520,689,1.00
521,689,1.00
522,689,1.00
523,689,0.60
524,689,0.60
525,689,0.30
514,680,1.00
514,681,1.00
514,682,1.00
514,683,1.00
514,684,1.00
514,685,1.00
514,686,1.00
514,687,1.00
514,688,1.00
514,689,1.00
514,690,1.00
515,690,1.00
516,690,1.00
517,690,1.00
518,690,1.00
519,690,0.90
520,690,0.90
521,690,0.60
522,690,0.60
523,690,0.30
524,690,0.30
512,680,1.00
513,680,1.00
512,681,1.00
513,681,1.00
512,682,1.00
513,682,1.00
512,683,1.00
513,683,1.00
512,684,1.00
513,684,1.00
512,685,1.00
513,685,1.00
512,686,1.00
513,686,1.00
512,687,1.00
513,687,1.00
512,688,1.00
513,688,1.00
512,689,1.00
513,689,1.00
512,690,1.00
513,690,1.00
510,681,1.00
511,681,1.00
510,682,1.00
511,682,1.00
510,683,1.00
511,683,1.00
510,684,1.00
511,684,1.00
510,685,1.00
511,685,1.00
510,686,1.00
511,686,1.00
510,687,1.00
511,687,1.00
510,688,1.00
511,688,1.00
510,689,1.00
511,689,1.00
510,690,1.00
511,690,1.00
510,691,1.00
511,691,1.00
512,691,1.00
513,691,1.00
514,691,1.00
515,691,1.00
516,691,0.90
517,691,0.60
518,691,0.60
519,691,0.30
520,691,0.30
508,682,1.00
509,682,1.00
508,683,1.00
509,683,1.00
508,684,1.00
509,684,1.00
508,685,1.00
509,685,1.00
508,686,1.00
509,686,1.00
508,687,1.00
509,687,1.00
508,688,1.00
509,688,1.00
508,689,1.00
509,689,1.00
508,690,1.00
509,690,1.00
508,691,1.00
509,691,1.00
508,692,1.00
509,692,1.00
510,692,1.00
511,692,1.00
512,692,0.90
513,692,0.90
514,692,0.60
515,692,0.60
516,692,0.60
517,692,0.30
518,692,0.30
506,682,1.00
507,682,1.00
506,683,1.00
507,683,1.00
506,684,1.00
507,684,1.00
506,685,1.00
507,685,1.00
506,686,1.00
507,686,1.00
506,687,1.00
507,687,1.00
506,688,1.00
507,688,1.00
506,689,1.00
507,689,1.00
506,690,1.00
507,690,1.00
506,691,1.00
507,691,1.00
506,692,1.00
507,692,1.00
503,682,1.00
504,682,1.00
505,682,1.00
503,683,1.00
504,683,1.00
505,683,1.00
503,684,1.00
504,684,1.00
505,684,1.00
503,685,1.00
504,685,1.00
505,685,1.00
503,686,1.00
504,686,1.00
505,686,1.00
503,687,1.00
504,687,1.00
505,687,1.00
503,688,1.00
504,688,1.00
505,688,1.00
503,689,1.00
504,689,1.00
505,689,1.00
503,690,1.00
504,690,1.00
505,690,1.00
503,691,1.00
504,691,1.00
505,691,1.00
503,692,1.00
504,692,1.00
505,692,1.00
501,682,1.00
502,682,1.00
501,683,1.00
502,683,1.00
501,684,1.00
502,684,1.00
501,685,1.00
502,685,1.00
501,686,1.00
502,686,1.00
501,687,1.00
502,687,1.00
501,688,1.00
502,688,1.00
501,689,1.00
502,689,1.00
501,690,1.00
502,690,1.00
501,691,1.00
502,691,1.00
501,692,1.00
502,692,1.00
499,682,1.00
500,682,1.00
499,683,1.00
500,683,1.00
499,684,1.00
500,684,1.00
499,685,1.00
500,685,1.00
499,686,1.00
500,686,1.00
499,687,1.00
500,687,1.00
499,688,1.00
500,688,1.00
499,689,1.00
500,689,1.00
499,690,1.00
500,690,1.00
499,691,1.00
500,691,1.00
499,692,1.00
500,692,1.00
497,682,1.00
498,682,1.00
497,683,1.00
498,683,1.00
497,684,1.00
498,684,1.00
497,685,1.00
498,685,1.00
497,686,1.00
498,686,1.00
497,687,1.00
498,687,1.00
497,688,1.00
498,688,1.00
497,689,1.00
498,689,1.00
497,690,1.00
498,690,1.00
497,691,1.00
498,691,1.00
497,692,0.90
498,692,0.90
495,682,1.00
496,682,1.00
495,683,1.00
496,683,1.00
495,684,1.00
496,684,1.00
495,685,1.00
496,685,1.00
495,686,1.00
496,686,1.00
495,687,1.00
496,687,1.00
495,688,1.00
496,688,1.00
495,689,1.00
496,689,1.00
495,690,0.90
496,690,1.00
495,691,0.60
496,691,0.60
495,692,0.60
496,692,0.60
494,682,1.00
494,683,1.00
494,684,1.00
494,685,1.00
494,686,1.00
494,687,1.00
494,688,1.00
494,689,1.00
494,690,0.60
494,691,0.30
494,692,0.30
491,680,1.00
492,680,1.00
493,680,1.00
494,680,1.00
495,680,1.00
496,680,1.00
497,680,1.00
498,680,1.00
499,680,1.00
500,680,1.00
501,680,1.00
491,681,1.00
492,681,1.00
493,681,1.00
494,681,1.00
495,681,1.00
496,681,1.00
497,681,1.00
498,681,1.00
499,681,1.00
500,681,1.00
501,681,1.00
491,682,1.00
492,682,1.00
493,682,1.00
491,683,1.00
492,683,1.00
493,683,1.00
491,684,1.00
492,684,1.00
493,684,1.00
491,685,1.00
492,685,1.00
493,685,1.00
491,686,1.00
492,686,1.00
493,686,1.00
491,687,1.00
492,687,1.00
493,687,1.00
491,688,1.00
492,688,1.00
493,688,1.00
491,689,1.00
492,689,1.00
493,689,1.00
491,690,0.30
492,690,0.30
493,690,0.30
489,679,1.00
490,679,1.00
491,679,1.00
492,679,1.00
493,679,1.00
494,679,1.00
495,679,1.00
496,679,1.00
497,679,1.00
498,679,1.00
499,679,1.00
489,680,1.00
490,680,1.00
489,681,1.00
490,681,1.00
489,682,1.00
490,682,1.00
489,683,1.00
490,683,1.00
489,684,1.00
490,684,1.00
489,685,1.00
490,685,1.00
489,686,1.00
490,686,1.00
489,687,1.00
490,687,1.00
489,688,1.00
490,688,1.00
489,689,1.00
490,689,1.00
487,678,1.00
488,678,1.00
489,678,1.00
490,678,1.00
491,678,1.00
492,678,1.00
493,678,1.00
494,678,1.00
495,678,0.90
496,678,0.90
497,678,0.30
487,679,1.00
488,679,1.00
487,680,1.00
488,680,1.00
487,681,1.00
488,681,1.00
487,682,1.00
488,682,1.00
487,683,1.00
488,683,1.00
487,684,1.00
488,684,1.00
487,685,1.00
488,685,1.00
487,686,1.00
488,686,1.00
487,687,1.00
488,687,1.00
487,688,0.90
488,688,1.00
486,676,1.00
487,676,1.00
488,676,1.00
489,676,1.00
490,676,1.00
491,676,1.00
492,676,0.90
493,676,0.60
494,676,0.60
495,676,0.30
496,676,0.30
486,677,1.00
487,677,1.00
488,677,1.00
489,677,1.00
490,677,1.00
491,677,1.00
492,677,1.00
493,677,1.00
494,677,0.90
495,677,0.30
496,677,0.30
486,678,1.00
486,679,1.00
486,680,1.00
486,681,1.00
486,682,1.00
486,683,1.00
486,684,1.00
486,685,1.00
486,686,0.90
484,675,1.00
485,675,1.00
486,675,1.00
487,675,1.00
488,675,1.00
489,675,1.00
490,675,1.00
491,675,1.00
492,675,0.60
493,675,0.30
494,675,0.30
484,676,1.00
485,676,1.00
484,677,1.00
485,677,1.00
484,678,1.00
485,678,1.00
484,679,1.00
485,679,1.00
484,680,1.00
485,680,1.00
484,681,1.00
485,681,1.00
484,682,1.00
485,682,1.00
484,683,1.00
485,683,1.00
484,684,1.00
485,684,1.00
484,685,0.90
485,685,0.90
481,670,1.00
482,670,1.00
483,670,1.00
484,670,1.00
485,670,1.00
486,670,1.00
487,670,1.00
488,670,1.00
489,670,0.60
490,670,0.30
491,670,0.30
481,671,1.00
482,671,1.00
483,671,1.00
484,671,1.00
485,671,1.00
486,671,1.00
487,671,1.00
488,671,1.00
489,671,0.60
490,671,0.30
491,671,0.30
481,672,1.00
482,672,1.00
483,672,1.00
484,672,1.00
485,672,1.00
486,672,1.00
487,672,1.00
488,672,1.00
489,672,0.81
490,672,0.30
491,672,0.30
481,673,1.00
482,673,1.00
483,673,1.00
484,673,1.00
485,673,1.00
486,673,1.00
487,673,1.00
488,673,1.00
489,673,1.00
490,673,0.75
491,673,0.30
481,674,1.00
482,674,1.00
483,674,1.00
484,674,1.00
485,674,1.00
486,674,1.00
487,674,1.00
488,674,1.00
489,674,1.00
490,674,1.00
491,674,0.60
481,675,1.00
482,675,1.00
483,675,1.00
481,676,1.00
482,676,1.00
483,676,1.00
481,677,1.00
482,677,1.00
483,677,1.00
481,678,1.00
482,678,1.00
483,678,1.00
481,679,1.00
482,679,1.00
483,679,1.00
481,680,1.00
482,680,1.00
483,680,1.00
479,667,1.00
480,667,1.00
481,667,1.00
482,667,1.00
483,667,1.00
484,667,1.00
485,667,1.00
486,667,1.00
487,667,0.60
488,667,0.30
489,667,0.30
479,668,1.00
480,668,1.00
481,668,1.00
482,668,1.00
483,668,1.00
484,668,1.00
485,668,1.00
486,668,1.00
487,668,0.60
488,668,0.30
489,668,0.30
479,669,1.00
480,669,1.00
481,669,1.00
482,669,1.00
483,669,1.00
484,669,1.00
485,669,1.00
486,669,1.00
487,669,0.81
488,669,0.30
489,669,0.30
479,670,1.00
480,670,1.00
479,671,1.00
480,671,1.00
479,672,1.00
480,672,1.00
479,673,1.00
480,673,1.00
479,674,1.00
480,674,1.00
479,675,1.00
480,675,1.00
479,676,1.00
480,676,1.00
479,677,0.75
480,677,1.00
477,664,1.00
478,664,1.00
479,664,1.00
480,664,1.00
481,664,1.00
482,664,1.00
483,664,1.00
484,664,1.00
485,664,1.00
486,664,0.60
487,664,0.30
477,665,1.00
478,665,1.00
479,665,1.00
480,665,1.00
481,665,1.00
482,665,1.00
483,665,1.00
484,665,1.00
485,665,1.00
486,665,0.60
487,665,0.30
477,666,1.00
478,666,1.00
479,666,1.00
480,666,1.00
481,666,1.00
482,666,1.00
483,666,1.00
484,666,1.00
485,666,1.00
486,666,0.90
487,666,0.30
477,667,1.00
478,667,1.00
477,668,1.00
478,668,1.00
477,669,1.00
478,669,1.00
477,670,1.00
478,670,1.00
477,671,1.00
478,671,1.00
477,672,1.00
478,672,1.00
477,673,1.00
478,673,1.00
477,674,0.90
478,674,1.00
476,661,1.00
477,661,1.00
478,661,1.00
479,661,1.00
480,661,1.00
481,661,1.00
482,661,1.00
483,661,1.00
484,661,1.00
485,661,0.30
486,661,0.30
476,662,1.00
477,662,1.00
478,662,1.00
479,662,1.00
480,662,1.00
481,662,1.00
482,662,1.00
483,662,1.00
484,662,1.00
485,662,0.30
486,662,0.30
476,663,1.00
477,663,1.00
478,663,1.00
479,663,1.00
480,663,1.00
481,663,1.00
482,663,1.00
483,663,1.00
484,663,1.00
485,663,0.30
486,663,0.30
476,664,1.00
476,665,1.00
476,666,1.00
476,667,1.00
476,668,1.00
476,669,1.00
476,670,1.00
476,671,1.00
474,659,1.00
475,659,1.00
476,659,1.00
477,659,1.00
478,659,1.00
479,659,1.00
480,659,1.00
481,659,1.00
482,659,1.00
483,659,1.00
484,659,1.00
474,660,1.00
475,660,1.00
476,660,1.00
477,660,1.00
478,660,1.00
479,660,1.00
480,660,1.00
481,660,1.00
482,660,1.00
483,660,1.00
484,660,1.00
474,661,1.00
475,661,1.00
474,662,1.00
475,662,1.00
474,663,1.00
475,663,1.00
474,664,1.00
475,664,1.00
474,665,1.00
475,665,1.00
474,666,1.00
475,666,1.00
474,667,0.60
475,667,0.90
474,668,0.60
475,668,0.90
474,669,0.60
475,669,0.90
474,656,1.00
475,656,1.00
476,656,1.00
477,656,1.00
478,656,1.00
479,656,1.00
480,656,1.00
481,656,1.00
482,656,1.00
483,656,1.00
484,656,0.60
474,657,1.00
475,657,1.00
476,657,1.00
477,657,1.00
478,657,1.00
479,657,1.00
480,657,1.00
481,657,1.00
482,657,1.00
483,657,1.00
484,657,0.60
474,658,1.00
475,658,1.00
476,658,1.00
477,658,1.00
478,658,1.00
479,658,1.00
480,658,1.00
481,658,1.00
482,658,1.00
483,658,1.00
484,658,0.60
473,654,1.00
474,654,1.00
475,654,1.00
476,654,1.00
477,654,1.00
478,654,1.00
479,654,1.00
480,654,1.00
481,654,1.00
482,654,1.00
483,654,1.00
473,655,1.00
474,655,1.00
475,655,1.00
476,655,1.00
477,655,1.00
478,655,1.00
479,655,1.00
480,655,1.00
481,655,1.00
482,655,1.00
483,655,1.00
473,656,1.00
473,657,1.00
473,658,1.00
473,659,1.00
473,660,0.90
473,661,0.60
473,662,0.30
473,663,0.30
473,664,0.30
473,651,1.00
474,651,1.00
475,651,1.00
476,651,1.00
477,651,1.00
478,651,1.00
479,651,1.00
480,651,1.00
481,651,1.00
482,651,1.00
483,651,1.00
473,652,1.00
474,652,1.00
475,652,1.00
476,652,1.00
477,652,1.00
478,652,1.00
479,652,1.00
480,652,1.00
481,652,1.00
482,652,1.00
483,652,0.90
473,653,1.00
474,653,1.00
475,653,1.00
476,653,1.00
477,653,1.00
478,653,1.00
479,653,1.00
480,653,1.00
481,653,1.00
482,653,1.00
483,653,0.90
472,649,1.00
473,649,1.00
474,649,1.00
475,649,1.00
476,649,1.00
477,649,1.00
478,649,1.00
479,649,1.00
480,649,1.00
481,649,1.00
482,649,1.00
472,650,1.00
473,650,1.00
474,650,1.00
475,650,1.00
476,650,1.00
477,650,1.00
478,650,1.00
479,650,1.00
480,650,1.00
481,650,1.00
482,650,1.00
472,651,1.00
472,652,1.00
472,653,1.00
472,654,1.00
472,655,0.90
472,656,0.60
472,657,0.60
472,658,0.30
472,659,0.30
472,647,1.00
473,647,1.00
474,647,1.00
475,647,1.00
476,647,1.00
477,647,1.00
478,647,1.00
479,647,1.00
480,647,1.00
481,647,1.00
482,647,1.00
472,648,1.00
473,648,1.00
474,648,1.00
475,648,1.00
476,648,1.00
477,648,1.00
478,648,1.00
479,648,1.00
480,648,1.00
481,648,1.00
482,648,1.00
472,645,0.90
473,645,1.00
474,645,1.00
475,645,1.00
476,645,1.00
477,645,1.00
478,645,1.00
479,645,1.00
480,645,1.00
481,645,1.00
482,645,1.00
472,646,0.90
473,646,1.00
474,646,1.00
475,646,1.00
476,646,1.00
477,646,1.00
478,646,1.00
479,646,1.00
480,646,1.00
481,646,1.00
482,646,1.00
472,644,0.60
473,644,1.00
474,644,1.00
475,644,1.00
476,644,1.00
477,644,1.00
478,644,1.00
479,644,1.00
480,644,1.00
481,644,1.00
482,644,1.00
472,642,0.30
473,642,1.00
474,642,1.00
475,642,1.00
476,642,1.00
477,642,1.00
478,642,1.00
479,642,1.00
480,642,1.00
481,642,1.00
482,642,1.00
472,643,0.30
473,643,1.00
474,643,1.00
475,643,1.00
476,643,1.00
477,643,1.00
478,643,1.00
479,643,1.00
480,643,1.00
481,643,1.00
482,643,1.00
473,640,1.00
474,640,1.00
475,640,1.00
476,640,1.00
477,640,1.00
478,640,1.00
479,640,1.00
480,640,1.00
481,640,1.00
482,640,1.00
483,640,1.00
473,641,1.00
474,641,1.00
475,641,1.00
476,641,1.00
477,641,1.00
478,641,1.00
479,641,1.00
480,641,1.00
481,641,1.00
482,641,1.00
483,641,1.00
483,642,1.00
483,643,1.00
483,644,1.00
483,645,1.00
483,646,1.00
483,647,1.00
483,648,1.00
483,649,1.00
483,650,1.00
473,639,1.00
474,639,1.00
475,639,1.00
476,639,1.00
477,639,1.00
478,639,1.00
479,639,1.00
480,639,1.00
481,639,1.00
482,639,1.00
483,639,1.00
474,637,1.00
475,637,1.00
476,637,1.00
477,637,1.00
478,637,1.00
479,637,1.00
480,637,1.00
481,637,1.00
482,637,1.00
483,637,1.00
484,637,1.00
474,638,1.00
475,638,1.00
476,638,1.00
477,638,1.00
478,638,1.00
479,638,1.00
480,638,1.00
481,638,1.00
482,638,1.00
483,638,1.00
484,638,1.00
484,639,1.00
484,640,1.00
484,641,1.00
484,642,1.00
484,643,0.90
484,644,0.60
484,645,0.60
484,646,0.30
484,647,0.30
475,635,1.00
476,635,1.00
477,635,1.00
478,635,1.00
479,635,1.00
480,635,1.00
481,635,1.00
482,635,1.00
483,635,1.00
484,635,1.00
485,635,1.00
475,636,1.00
476,636,1.00
477,636,1.00
478,636,1.00
479,636,1.00
480,636,1.00
481,636,1.00
482,636,1.00
483,636,1.00
484,636,1.00
485,636,1.00
485,637,1.00
485,638,1.00
485,639,1.00
485,640,1.00
485,641,0.90
485,642,0.90
485,643,0.60
485,644,0.30
485,645,0.30
476,633,1.00
477,633,1.00
478,633,1.00
479,633,1.00
480,633,1.00
481,633,1.00
482,633,1.00
483,633,1.00
484,633,1.00
485,633,1.00
486,633,1.00
476,634,1.00
477,634,1.00
478,634,1.00
479,634,1.00
480,634,1.00
481,634,1.00
482,634,1.00
483,634,1.00
484,634,1.00
485,634,1.00
486,634,1.00
486,635,1.00
486,636,1.00
486,637,1.00
486,638,1.00
486,639,1.00
486,640,0.90
486,641,0.60
486,642,0.60
486,643,0.30
476,632,1.00
477,632,1.00
478,632,1.00
479,632,1.00
480,632,1.00
481,632,1.00
482,632,1.00
483,632,1.00
484,632,1.00
485,632,1.00
486,632,1.00
477,630,1.00
478,630,1.00
479,630,1.00
480,630,1.00
481,630,1.00
482,630,1.00
483,630,1.00
484,630,1.00
485,630,1.00
486,630,1.00
487,630,1.00
477,631,1.00
478,631,1.00
479,631,1.00
480,631,1.00
481,631,1.00
482,631,1.00
483,631,1.00
484,631,1.00
485,631,1.00
486,631,1.00
487,631,1.00
487,632,1.00
487,633,1.00
487,634,1.00
487,635,1.00
487,636,1.00
487,637,1.00
487,638,0.60
487,639,0.60
487,640,0.30
479,629,1.00
480,629,1.00
481,629,1.00
482,629,1.00
483,629,1.00
484,629,1.00
485,629,1.00
486,629,1.00
487,629,1.00
488,629,1.00
489,629,1.00
488,630,1.00
489,630,1.00
488,631,1.00
489,631,1.00
488,632,1.00
489,632,1.00
488,633,1.00
489,633,1.00
488,634,1.00
489,634,1.00
488,635,1.00
489,635,0.90
488,636,0.75
489,636,0.60
488,637,0.60
489,637,0.60
488,638,0.30
489,638,0.30
488,639,0.30
489,639,0.30
480,627,1.00
481,627,1.00
482,627,1.00
483,627,1.00
484,627,1.00
485,627,1.00
486,627,1.00
487,627,1.00
488,627,1.00
489,627,1.00
490,627,1.00
480,628,1.00
481,628,1.00
482,628,1.00
483,628,1.00
484,628,1.00
485,628,1.00
486,628,1.00
487,628,1.00
488,628,1.00
489,628,1.00
490,628,1.00
490,629,1.00
490,630,1.00
490,631,1.00
490,632,1.00
490,633,1.00
490,634,0.90
490,635,0.60
490,636,0.30
490,637,0.30
482,625,1.00
483,625,1.00
484,625,0.60
485,625,0.90
486,625,1.00
487,625,1.00
488,625,1.00
489,625,1.00
490,625,1.00
491,625,1.00
492,625,1.00
482,626,1.00
483,626,1.00
484,626,0.60
485,626,1.00
486,626,1.00
487,626,1.00
488,626,1.00
489,626,1.00
490,626,1.00
491,626,1.00
492,626,1.00
491,627,1.00
492,627,1.00
491,628,1.00
492,628,1.00
491,629,1.00
492,629,1.00
491,630,1.00
492,630,1.00
491,631,1.00
492,631,1.00
491,632,1.00
492,632,1.00
491,633,1.00
492,633,0.90
491,634,0.60
492,634,0.60
491,635,0.30
492,635,0.30
484,624,0.30
485,624,0.60
486,624,0.90
487,624,0.90
488,624,1.00
489,624,1.00
490,624,1.00
491,624,1.00
492,624,1.00
493,624,1.00
494,624,1.00
493,625,1.00
494,625,1.00
493,626,1.00
494,626,1.00
493,627,1.00
494,627,1.00
493,628,1.00
494,628,1.00
493,629,1.00
494,629,1.00
493,630,1.00
494,630,1.00
493,631,1.00
494,631,1.00
493,632,0.90
494,632,0.90
493,633,0.60
494,633,0.60
493,634,0.30
494,634,0.30
485,623,0.30
486,623,0.60
487,623,0.60
488,623,0.90
489,623,1.00
490,623,1.00
491,623,1.00
492,623,1.00
493,623,1.00
494,623,1.00
495,623,1.00
495,624,1.00
495,625,1.00
495,626,1.00
495,627,1.00
495,628,1.00
495,629,1.00
495,630,1.00
495,631,0.90
495,632,0.60
495,633,0.30
486,622,0.30
487,622,0.30
488,622,0.60
489,622,0.90
490,622,0.90
491,622,1.00
492,622,1.00
493,622,1.00
494,622,1.00
495,622,1.00
496,622,1.00
496,623,1.00
496,624,1.00
496,625,1.00
496,626,1.00
496,627,1.00
496,628,1.00
496,629,1.00
496,630,0.90
496,631,0.60
496,632,0.30
488,621,0.30
489,621,0.60
490,621,0.60
491,621,0.60
492,621,0.75
493,621,1.00
494,621,1.00
495,621,1.00
496,621,1.00
497,621,1.00
498,621,1.00
497,622,1.00
498,622,1.00
497,623,1.00
498,623,1.00
497,624,1.00
498,624,1.00
497,625,1.00
498,625,1.00
497,626,1.00
498,626,1.00
497,627,1.00
498,627,1.00
497,628,1.00
498,628,0.90
497,629,0.60
498,629,0.60
497,630,0.60
498,630,0.60
497,631,0.30
498,631,0.30
489,620,0.30
490,620,0.30
491,620,0.30
492,620,0.30
493,620,0.60
494,620,0.60
495,620,1.00
496,620,1.00
497,620,1.00
498,620,1.00
499,620,1.00
499,621,1.00
499,622,1.00
499,623,1.00
499,624,1.00
499,625,1.00
499,626,1.00
499,627,1.00
499,628,0.60
499,629,0.30
499,630,0.30
493,618,0.30
494,618,0.30
495,618,0.60
496,618,0.60
497,618,0.90
498,618,1.00
499,618,1.00
500,618,1.00
501,618,1.00
502,618,1.00
503,618,1.00
493,619,0.30
494,619,0.30
495,619,0.60
496,619,0.75
497,619,1.00
498,619,1.00
499,619,1.00
500,619,1.00
501,619,1.00
502,619,1.00
503,619,1.00
500,620,1.00
501,620,1.00
502,620,1.00
503,620,1.00
500,621,1.00
501,621,1.00
502,621,1.00
503,621,1.00
500,622,1.00
501,622,1.00
502,622,1.00
503,622,1.00
500,623,1.00
501,623,1.00
502,623,1.00
503,623,1.00
500,624,1.00
501,624,1.00
502,624,1.00
503,624,1.00
500,625,1.00
501,625,1.00
502,625,1.00
503,625,1.00
500,626,1.00
501,626,1.00
502,626,1.00
503,626,0.90
500,627,0.75
501,627,0.60
502,627,0.60
503,627,0.60
500,628,0.30
501,628,0.30
502,628,0.30
503,628,0.30
495,617,0.30
496,617,0.30
497,617,0.60
498,617,0.60
499,617,0.90
500,617,1.00
501,617,1.00
502,617,1.00
503,617,1.00
504,617,1.00
505,617,1.00
504,618,1.00
505,618,1.00
504,619,1.00
505,619,1.00
504,620,1.00
505,620,1.00
504,621,1.00
505,621,1.00
504,622,1.00
505,622,1.00
504,623,1.00
505,623,1.00
504,624,1.00
505,624,1.00
504,625,1.00
505,625,0.90
504,626,0.60
505,626,0.60
504,627,0.30
505,627,0.30
497,616,0.30
498,616,0.30
499,616,0.60
500,616,0.60
501,616,0.90
502,616,1.00
503,616,1.00
504,616,1.00
505,616,1.00
506,616,1.00
507,616,1.00
506,617,1.00
507,617,1.00
506,618,1.00
507,618,1.00
506,619,1.00
507,619,1.00
506,620,1.00
507,620,1.00
506,621,1.00
507,621,1.00
506,622,1.00
507,622,1.00
506,623,1.00
507,623,1.00
506,624,1.00
507,624,0.90
506,625,0.60
507,625,0.60
506,626,0.30
507,626,0.30
499,615,0.30
500,615,0.30
501,615,0.60
502,615,0.60
503,615,0.90
504,615,1.00
505,615,1.00
506,615,1.00
507,615,1.00
508,615,1.00
509,615,1.00
508,616,1.00
509,616,1.00
508,617,1.00
509,617,1.00
508,618,1.00
509,618,1.00
508,619,1.00
509,619,1.00
508,620,1.00
509,620,1.00
508,621,1.00
509,621,1.00
508,622,1.00
509,622,1.00
508,623,1.00
509,623,0.90
508,624,0.60
509,624,0.60
508,625,0.30
509,625,0.30
501,614,0.30
502,614,0.30
503,614,0.60
504,614,0.60
505,614,0.60
506,614,0.75
507,614,1.00
508,614,1.00
509,614,1.00
510,614,1.00
511,614,1.00
510,615,1.00
511,615,1.00
510,616,1.00
511,616,1.00
510,617,1.00
511,617,1.00
510,618,1.00
511,618,1.00
510,619,1.00
511,619,1.00
510,620,1.00
511,620,1.00
510,621,1.00
511,621,1.00
510,622,1.00
511,622,1.00
510,623,0.60
511,623,0.60
510,624,0.30
511,624,0.30
503,613,0.30
504,613,0.30
505,613,0.30
506,613,0.30
507,613,0.60
508,613,0.60
509,613,0.60
510,613,1.00
511,613,1.00
512,613,1.00
513,613,1.00
512,614,1.00
513,614,1.00
512,615,1.00
513,615,1.00
512,616,1.00
513,616,1.00
512,617,1.00
513,617,1.00
512,618,1.00
513,618,1.00
512,619,1.00
513,619,1.00
512,620,1.00
513,620,1.00
512,621,1.00
513,621,1.00
512,622,1.00
513,622,1.00
512,623,0.30
513,623,0.30
507,612,0.30
508,612,0.30
509,612,0.30
510,612,0.60
511,612,0.60
512,612,0.90
513,612,0.90
514,612,1.00
515,612,1.00
516,612,1.00
517,612,1.00
514,613,1.00
515,613,1.00
516,613,1.00
517,613,1.00
514,614,1.00
515,614,1.00
516,614,1.00
517,614,1.00
514,615,1.00
515,615,1.00
516,615,1.00
517,615,1.00
514,616,1.00
515,616,1.00
516,616,1.00
517,616,1.00
514,617,1.00
515,617,1.00
516,617,1.00
517,617,1.00
514,618,1.00
515,618,1.00
516,618,1.00
517,618,1.00
514,619,1.00
515,619,1.00
516,619,1.00
517,619,1.00
514,620,1.00
515,620,1.00
516,620,1.00
517,620,1.00
514,621,1.00
515,621,1.00
516,621,1.00
517,621,1.00
514,622,1.00
515,622,1.00
516,622,1.00
517,622,1.00
518,612,1.00
519,612,1.00
520,612,1.00
518,613,1.00
519,613,1.00
520,613,1.00
518,614,1.00
519,614,1.00
520,614,1.00
518,615,1.00
519,615,1.00
520,615,1.00
518,616,1.00
519,616,1.00
520,616,1.00
518,617,1.00
519,617,1.00
520,617,1.00
518,618,1.00
519,618,1.00
520,618,1.00
518,619,1.00
519,619,1.00
520,619,1.00
518,620,1.00
519,620,1.00
520,620,1.00
518,621,1.00
519,621,1.00
520,621,1.00
518,622,1.00
519,622,1.00
520,622,1.00
521,612,1.00
522,612,1.00
521,613,1.00
522,613,1.00
521,614,1.00
522,614,1.00
521,615,1.00
522,615,1.00
521,616,1.00
522,616,1.00
521,617,1.00
522,617,1.00
521,618,1.00
522,618,1.00
521,619,1.00
522,619,1.00
521,620,1.00
522,620,1.00
521,621,1.00
522,621,1.00
521,622,1.00
522,622,1.00
523,612,1.00
524,612,1.00
523,613,1.00
524,613,1.00
523,614,1.00
524,614,1.00
523,615,1.00
524,615,1.00
523,616,1.00
524,616,1.00
523,617,1.00
524,617,1.00
523,618,1.00
524,618,1.00
523,619,1.00
524,619,1.00
523,620,1.00
524,620,1.00
523,621,1.00
524,621,1.00
523,622,1.00
524,622,1.00
525,612,0.90
526,612,1.00
527,612,1.00
525,613,1.00
526,613,1.00
527,613,1.00
525,614,1.00
526,614,1.00
527,614,1.00
525,615,1.00
526,615,1.00
527,615,1.00
525,616,1.00
526,616,1.00
527,616,1.00
525,617,1.00
526,617,1.00
527,617,1.00
525,618,1.00
526,618,1.00
527,618,1.00
525,619,1.00
526,619,1.00
527,619,1.00
525,620,1.00
526,620,1.00
527,620,1.00
525,621,1.00
526,621,1.00
527,621,1.00
525,622,0.90
526,622,1.00
527,622,1.00
528,612,1.00
529,612,1.00
528,613,1.00
529,613,1.00
528,614,1.00
529,614,1.00
528,615,1.00
529,615,1.00
528,616,1.00
529,616,1.00
528,617,1.00
529,617,1.00
528,618,1.00
529,618,1.00
528,619,1.00
529,619,1.00
528,620,1.00
529,620,1.00
528,621,1.00
529,621,1.00
528,622,1.00
529,622,1.00
530,612,0.90
531,612,0.90
532,612,0.90
530,613,1.00
531,613,1.00
532,613,1.00
530,614,1.00
531,614,1.00
532,614,1.00
530,615,1.00
531,615,1.00
532,615,1.00
530,616,1.00
531,616,1.00
532,616,1.00
530,617,1.00
531,617,1.00
532,617,1.00
530,618,1.00
531,618,1.00
532,618,1.00
530,619,1.00
531,619,1.00
532,619,1.00
530,620,1.00
531,620,1.00
532,620,1.00
530,621,1.00
531,621,1.00
532,621,1.00
530,622,1.00
531,622,1.00
532,622,1.00
533,612,0.60
534,612,0.60
535,612,0.60
536,612,0.60
533,613,1.00
534,613,1.00
535,613,1.00
536,613,1.00
533,614,1.00
534,614,1.00
535,614,1.00
536,614,1.00
533,615,1.00
534,615,1.00
535,615,1.00
536,615,1.00
533,616,1.00
534,616,1.00
535,616,1.00
536,616,1.00
533,617,1.00
534,617,1.00
535,617,1.00
536,617,1.00
533,618,1.00
534,618,1.00
535,618,1.00
536,618,1.00
533,619,1.00
534,619,1.00
535,619,1.00
536,619,1.00
533,620,1.00
534,620,1.00
535,620,1.00
536,620,1.00
533,621,1.00
534,621,1.00
535,621,1.00
536,621,1.00
533,622,1.00
534,622,1.00
535,622,1.00
536,622,1.00
537,612,0.30
538,612,0.30
537,613,0.90
538,613,0.90
537,614,1.00
538,614,1.00
537,615,1.00
538,615,1.00
537,616,1.00
538,616,1.00
537,617,1.00
538,617,1.00
537,618,1.00
538,618,1.00
537,619,1.00
538,619,1.00
537,620,1.00
538,620,1.00
537,621,1.00
538,621,1.00
537,622,1.00
538,622,1.00
539,613,0.60
539,614,0.90
539,615,1.00
539,616,1.00
539,617,1.00
539,618,1.00
539,619,1.00
539,620,1.00
539,621,1.00
539,622,1.00
529,623,0.30
530,623,0.60
531,623,0.90
532,623,0.90
533,623,1.00
534,623,1.00
535,623,1.00
536,623,1.00
537,623,1.00
538,623,1.00
539,623,1.00
540,613,0.30
540,614,0.60
540,615,0.90
540,616,1.00
540,617,1.00
540,618,1.00
540,619,1.00
540,620,1.00
540,621,1.00
540,622,1.00
540,623,1.00
541,614,0.30
541,615,0.60
541,616,0.90
541,617,1.00
541,618,1.00
541,619,1.00
541,620,1.00
541,621,1.00
541,622,1.00
541,623,1.00
531,624,0.30
532,624,0.30
533,624,0.60
534,624,0.90
535,624,1.00
536,624,1.00
537,624,1.00
538,624,1.00
539,624,1.00
540,624,1.00
541,624,1.00
542,615,0.30
543,615,0.30
542,616,0.60
543,616,0.60
542,617,0.90
543,617,0.90
542,618,1.00
543,618,1.00
542,619,1.00
543,619,1.00
542,620,1.00
543,620,1.00
542,621,1.00
543,621,1.00
542,622,1.00
543,622,1.00
542,623,1.00
543,623,1.00
542,624,1.00
543,624,1.00
533,625,0.30
534,625,0.60
535,625,0.90
536,625,1.00
537,625,1.00
538,625,1.00
539,625,1.00
540,625,1.00
541,625,1.00
542,625,1.00
543,625,1.00
544,616,0.30
544,617,0.60
544,618,0.90
544,619,1.00
544,620,1.00
544,621,1.00
544,622,1.00
544,623,1.00
544,624,1.00
544,625,1.00
534,626,0.30
535,626,0.60
536,626,1.00
537,626,1.00
538,626,1.00
539,626,1.00
540,626,1.00
541,626,1.00
542,626,1.00
543,626,1.00
544,626,1.00
545,617,0.30
545,618,0.60
545,619,0.90
545,620,1.00
545,621,1.00
545,622,1.00
545,623,1.00
545,624,1.00
545,625,1.00
545,626,1.00
535,627,0.30
536,627,0.90
537,627,1.00
538,627,1.00
539,627,1.00
540,627,1.00
541,627,1.00
542,627,1.00
543,627,1.00
544,627,1.00
545,627,1.00
546,618,0.30
546,619,0.60
546,620,0.90
546,621,1.00
546,622,1.00
546,623,1.00
546,624,1.00
546,625,1.00
546,626,1.00
546,627,1.00
536,628,0.60
537,628,0.90
538,628,1.00
539,628,1.00
540,628,1.00
541,628,1.00
542,628,1.00
543,628,1.00
544,628,1.00
545,628,1.00
546,628,1.00
536,629,0.30
537,629,0.60
538,629,0.90
539,629,0.90
540,629,1.00
541,629,1.00
542,629,1.00
543,629,1.00
544,629,1.00
545,629,1.00
546,629,1.00
547,620,0.30
547,621,0.60
547,622,0.60
547,623,0.60
547,624,1.00
547,625,1.00
547,626,1.00
547,627,1.00
547,628,1.00
547,629,1.00
537,630,0.30
538,630,0.60
539,630,0.60
540,630,1.00
541,630,1.00
542,630,1.00
543,630,1.00
544,630,1.00
545,630,1.00
546,630,1.00
547,630,1.00
548,621,0.30
548,622,0.30
548,623,0.30
548,624,0.90
548,625,1.00
548,626,1.00
548,627,1.00
548,628,1.00
548,629,1.00
548,630,1.00
538,631,0.30
539,631,0.30
540,631,1.00
541,631,1.00
542,631,1.00
543,631,1.00
544,631,1.00
545,631,1.00
546,631,1.00
547,631,1.00
548,631,1.00
549,624,0.60
550,624,0.60
549,625,0.90
550,625,0.90
549,626,1.00
550,626,1.00
549,627,1.00
550,627,1.00
549,628,1.00
550,628,1.00
549,629,1.00
550,629,1.00
549,630,1.00
550,630,1.00
549,631,1.00
550,631,1.00
540,632,0.90
541,632,1.00
542,632,1.00
543,632,1.00
544,632,1.00
545,632,1.00
546,632,1.00
547,632,1.00
548,632,1.00
549,632,1.00
550,632,1.00
540,633,0.90
541,633,1.00
542,633,1.00
543,633,1.00
544,633,1.00
545,633,1.00
546,633,1.00
547,633,1.00
548,633,1.00
549,633,1.00
550,633,1.00
540,634,0.90
541,634,1.00
542,634,1.00
543,634,1.00
544,634,1.00
545,634,1.00
546,634,1.00
547,634,1.00
548,634,1.00
549,634,1.00
550,634,1.00
540,635,0.30
541,635,1.00
542,635,1.00
543,635,1.00
544,635,1.00
545,635,1.00
546,635,1.00
547,635,1.00
548,635,1.00
549,635,1.00
550,635,1.00
551,626,0.30
551,627,0.60
551,628,0.90
551,629,1.00
551,630,1.00
551,631,1.00
551,632,1.00
551,633,1.00
551,634,1.00
551,635,1.00
541,636,1.00
542,636,1.00
543,636,1.00
544,636,1.00
545,636,1.00
546,636,1.00
547,636,1.00
548,636,1.00
549,636,1.00
550,636,1.00
551,636,1.00
541,637,1.00
542,637,1.00
543,637,1.00
544,637,1.00
545,637,1.00
546,637,1.00
547,637,1.00
548,637,1.00
549,637,1.00
550,637,1.00
551,637,1.00
541,638,1.00
542,638,1.00
543,638,1.00
544,638,1.00
545,638,1.00
546,638,1.00
547,638,1.00
548,638,1.00
549,638,1.00
550,638,1.00
551,638,1.00
541,639,1.00
542,639,1.00
543,639,1.00
544,639,1.00
545,639,1.00
546,639,1.00
547,639,1.00
548,639,1.00
549,639,1.00
550,639,1.00
551,639,1.00
541,640,1.00
542,640,1.00
543,640,1.00
544,640,1.00
545,640,1.00
546,640,1.00
547,640,1.00
548,640,1.00
549,640,1.00
550,640,1.00
551,640,1.00
541,641,1.00
542,641,1.00
543,641,1.00
544,641,1.00
545,641,1.00
546,641,1.00
547,641,1.00
548,641,1.00
549,641,1.00
550,641,1.00
551,641,1.00
541,642,1.00
542,642,1.00
543,642,1.00
544,642,1.00
545,642,1.00
546,642,1.00
547,642,1.00
548,642,1.00
549,642,1.00
550,642,1.00
551,642,1.00
541,643,1.00
542,643,1.00
543,643,1.00
544,643,1.00
545,643,1.00
546,643,1.00
547,643,1.00
548,643,1.00
549,643,1.00
550,643,1.00
551,643,1.00
541,644,1.00
542,644,1.00
543,644,1.00
544,644,1.00
545,644,1.00
546,644,1.00
547,644,1.00
548,644,1.00
549,644,1.00
550,644,1.00
551,644,1.00
541,645,1.00
542,645,1.00
543,645,1.00
544,645,1.00
545,645,1.00
546,645,1.00
547,645,1.00
548,645,1.00
549,645,1.00
550,645,1.00
551,645,1.00
541,646,1.00
542,646,1.00
543,646,1.00
544,646,1.00
545,646,1.00
546,646,1.00
547,646,1.00
548,646,1.00
549,646,1.00
550,646,1.00
551,646,1.00
541,647,1.00
542,647,1.00
543,647,1.00
544,647,1.00
545,647,1.00
546,647,1.00
547,647,1.00
548,647,1.00
549,647,1.00
550,647,1.00
551,647,1.00
541,648,0.90
542,648,1.00
543,648,1.00
544,648,1.00
545,648,1.00
546,648,1.00
547,648,1.00
548,648,1.00
549,648,1.00
550,648,1.00
551,648,0.90
541,649,0.90
542,649,1.00
543,649,1.00
544,649,1.00
545,649,1.00
546,649,1.00
547,649,1.00
548,649,1.00
549,649,1.00
550,649,1.00
551,649,0.90
541,650,0.90
542,650,1.00
543,650,1.00
544,650,1.00
545,650,1.00
546,650,1.00
547,650,1.00
548,650,1.00
549,650,1.00
550,650,1.00
551,650,0.90
541,651,0.90
542,651,1.00
543,651,1.00
544,651,1.00
545,651,1.00
546,651,1.00
547,651,1.00
548,651,1.00
549,651,1.00
550,651,1.00
551,651,0.90
541,652,0.90
542,652,1.00
543,652,1.00
544,652,1.00
545,652,1.00
546,652,1.00
547,652,1.00
548,652,1.00
549,652,1.00
550,652,1.00
551,652,0.90
541,653,0.90
542,653,1.00
543,653,1.00
544,653,1.00
545,653,1.00
546,653,1.00
547,653,1.00
548,653,1.00
549,653,1.00
550,653,1.00
551,653,0.90
541,654,1.00
542,654,1.00
543,654,1.00
544,654,1.00
545,654,1.00
546,654,1.00
547,654,1.00
548,654,1.00
549,654,1.00
550,654,1.00
551,654,1.00
541,655,1.00
542,655,1.00
543,655,1.00
544,655,1.00
545,655,1.00
546,655,1.00
547,655,1.00
548,655,1.00
549,655,1.00
550,655,1.00
551,655,1.00
541,656,1.00
542,656,1.00
543,656,1.00
544,656,1.00
545,656,1.00
546,656,1.00
547,656,1.00
548,656,1.00
549,656,1.00
550,656,1.00
551,656,0.90
541,657,1.00
542,657,1.00
543,657,1.00
544,657,1.00
545,657,1.00
546,657,1.00
547,657,1.00
548,657,1.00
549,657,1.00
550,657,1.00
551,657,0.90
541,658,1.00
542,658,1.00
543,658,1.00
544,658,1.00
545,658,1.00
546,658,1.00
547,658,1.00
548,658,1.00
549,658,1.00
550,658,1.00
551,658,0.90
541,659,1.00
542,659,1.00
543,659,1.00
544,659,1.00
545,659,1.00
546,659,1.00
547,659,1.00
548,659,1.00
549,659,1.00
550,659,1.00
551,659,0.90
541,660,1.00
542,660,1.00
543,660,1.00
544,660,1.00
545,660,1.00
546,660,1.00
547,660,1.00
548,660,1.00
549,660,1.00
550,660,1.00
551,660,0.60
541,661,1.00
542,661,1.00
543,661,1.00
544,661,1.00
545,661,1.00
546,661,1.00
547,661,1.00
548,661,1.00
549,661,1.00
550,661,1.00
551,661,0.60
541,662,1.00
542,662,1.00
543,662,1.00
544,662,1.00
545,662,1.00
546,662,1.00
547,662,1.00
548,662,1.00
549,662,1.00
550,662,0.60
551,662,0.30
541,663,1.00
542,663,1.00
543,663,1.00
544,663,1.00
545,663,1.00
546,663,1.00
547,663,1.00
548,663,1.00
549,663,1.00
550,663,0.60
551,663,0.30
541,664,1.00
542,664,1.00
543,664,1.00
544,664,1.00
545,664,1.00
546,664,1.00
547,664,1.00
548,664,1.00
549,664,1.00
550,664,0.60
551,664,0.30
540,655,0.30
540,656,0.30
540,657,0.30
540,658,0.60
540,659,0.90
540,660,1.00
540,661,1.00
540,662,1.00
540,663,1.00
540,664,1.00
540,665,1.00
541,665,1.00
542,665,1.00
543,665,1.00
544,665,1.00
545,665,1.00
546,665,1.00
547,665,1.00
548,665,1.00
549,665,0.90
550,665,0.30
539,658,0.30
539,659,0.60
539,660,0.90
539,661,1.00
539,662,1.00
539,663,1.00
539,664,1.00
539,665,1.00
539,666,1.00
540,666,1.00
541,666,1.00
542,666,1.00
543,666,1.00
544,666,1.00
545,666,1.00
546,666,1.00
547,666,1.00
548,666,1.00
549,666,0.60
539,667,1.00
540,667,1.00
541,667,1.00
542,667,1.00
543,667,1.00
544,667,1.00
545,667,1.00
546,667,1.00
547,667,1.00
548,667,1.00
549,667,0.60
539,668,1.00
540,668,1.00
541,668,1.00
542,668,1.00
543,668,1.00
544,668,1.00
545,668,1.00
546,668,1.00
547,668,1.00
548,668,1.00
549,668,0.60
539,669,1.00
540,669,1.00
541,669,1.00
542,669,1.00
543,669,1.00
544,669,1.00
545,669,1.00
546,669,1.00
547,669,1.00
548,669,0.90
549,669,0.30
538,660,0.30
538,661,0.60
538,662,0.90
538,663,0.90
538,664,0.90
538,665,1.00
538,666,1.00
538,667,1.00
538,668,1.00
538,669,1.00
538,670,1.00
539,670,1.00
540,670,1.00
541,670,1.00
542,670,1.00
543,670,1.00
544,670,1.00
545,670,1.00
546,670,1.00
547,670,0.90
548,670,0.60
538,671,1.00
539,671,1.00
540,671,1.00
541,671,1.00
542,671,1.00
543,671,1.00
544,671,1.00
545,671,1.00
546,671,1.00
547,671,0.60
548,671,0.30
537,662,0.30
537,663,0.30
537,664,0.30
537,665,0.60
537,666,0.90
537,667,0.90
537,668,1.00
537,669,1.00
537,670,1.00
537,671,1.00
537,672,1.00
538,672,1.00
539,672,1.00
540,672,1.00
541,672,1.00
542,672,1.00
543,672,1.00
544,672,1.00
545,672,1.00
546,672,0.90
547,672,0.30
536,665,0.30
536,666,0.60
536,667,0.60
536,668,0.60
536,669,0.60
536,670,0.90
536,671,1.00
536,672,1.00
536,673,1.00
537,673,1.00
538,673,1.00
539,673,1.00
540,673,1.00
541,673,1.00
542,673,1.00
543,673,1.00
544,673,1.00
545,673,0.75
546,673,0.60
536,674,1.00
537,674,1.00
538,674,1.00
539,674,1.00
540,674,1.00
541,674,1.00
542,674,1.00
543,674,1.00
544,674,0.81
545,674,0.60
546,674,0.60
536,675,1.00
537,675,1.00
538,675,1.00
539,675,1.00
540,675,1.00
541,675,1.00
542,675,1.00
543,675,1.00
544,675,0.60
545,675,0.60
546,675,0.60
536,676,1.00
537,676,1.00
538,676,1.00
539,676,1.00
540,676,1.00
541,676,1.00
542,676,1.00
543,676,0.90
544,676,0.30
545,676,0.30
546,676,0.30
533,670,0.30
534,670,0.30
535,670,0.30
533,671,0.60
534,671,0.60
535,671,0.60
533,672,0.90
534,672,0.90
535,672,1.00
533,673,1.00
534,673,1.00
535,673,1.00
533,674,1.00
534,674,1.00
535,674,1.00
533,675,1.00
534,675,1.00
535,675,1.00
533,676,1.00
534,676,1.00
535,676,1.00
533,677,1.00
534,677,1.00
535,677,1.00
536,677,1.00
537,677,1.00
538,677,1.00
539,677,1.00
540,677,1.00
541,677,1.00
542,677,1.00
543,677,0.60
533,678,1.00
534,678,1.00
535,678,1.00
536,678,1.00
537,678,1.00
538,678,1.00
539,678,1.00
540,678,1.00
541,678,1.00
542,678,1.00
543,678,0.60
533,679,1.00
534,679,1.00
535,679,1.00
536,679,1.00
537,679,1.00
538,679,1.00
539,679,1.00
540,679,1.00
541,679,1.00
542,679,0.90
543,679,0.60
533,680,1.00
534,680,1.00
535,680,1.00
536,680,1.00
537,680,1.00
538,680,1.00
539,680,1.00
540,680,1.00
541,680,1.00
542,680,0.90
543,680,0.60
533,681,1.00
534,681,1.00
535,681,1.00
536,681,1.00
537,681,1.00
538,681,1.00
539,681,1.00
540,681,1.00
541,681,0.90
542,681,0.60
543,681,0.30
532,672,0.30
532,673,0.60
532,674,0.90
532,675,1.00
532,676,1.00
532,677,1.00
532,678,1.00
532,679,1.00
532,680,1.00
532,681,1.00
532,682,1.00
533,682,1.00
534,682,1.00
535,682,1.00
536,682,1.00
537,682,1.00
538,682,1.00
539,682,1.00
540,682,0.90
541,682,0.60
542,682,0.30
531,673,0.30
531,674,0.60
531,675,1.00
531,676,1.00
531,677,1.00
531,678,1.00
531,679,1.00
531,680,1.00
531,681,1.00
531,682,1.00
531,683,1.00
532,683,1.00
533,683,1.00
534,683,1.00
535,683,1.00
536,683,1.00
537,683,1.00
538,683,1.00
539,683,0.90
540,683,0.60
541,683,0.30
530,674,0.30
530,675,1.00
530,676,1.00
530,677,1.00
530,678,1.00
530,679,1.00
530,680,1.00
530,681,1.00
530,682,1.00
530,683,1.00
530,684,1.00
531,684,1.00
532,684,1.00
533,684,1.00
534,684,1.00
535,684,1.00
536,684,1.00
537,684,1.00
538,684,0.90
539,684,0.60
540,684,0.30
529,675,0.90
529,676,1.00
530,685,1.00
531,685,1.00
532,685,1.00
533,685,1.00
534,685,1.00
535,685,1.00
536,685,0.90
537,685,0.90
538,685,0.60
539,685,0.30
528,675,0.60
528,676,1.00
527,675,0.30
527,676,0.90
525,676,0.60
526,676,0.60
530,686,1.00
531,686,1.00
532,686,0.90
533,686,0.60
534,686,0.60
535,686,0.30
524,676,0.30
530,687,0.60
531,687,0.60
532,687,0.30
528,688,0.30
514,678,0.30
515,678,0.30
516,678,0.30
514,679,1.00
512,679,0.90
513,679,0.90
507,679,0.90
508,679,0.90
509,679,0.90
510,679,0.60
511,679,0.60
507,680,0.90
508,680,1.00
509,680,1.00
510,680,1.00
511,680,1.00
507,681,1.00
508,681,1.00
509,681,1.00
505,679,0.90
506,679,0.90
505,680,1.00
506,680,1.00
505,681,1.00
506,681,1.00
500,679,0.90
501,679,0.60
502,679,0.60
503,679,0.60
504,679,0.60
502,680,0.99
503,680,0.99
504,680,0.88
502,681,1.00
503,681,1.00
504,681,1.00
488,689,0.60
487,689,0.30
486,687,0.60
486,688,0.30
484,686,0.30
485,686,0.30
484,687,0.30
485,687,0.30
482,681,1.00
483,681,1.00
482,682,0.90
483,682,1.00
482,683,0.90
483,683,0.90
482,684,0.60
483,684,0.60
482,685,0.30
483,685,0.30
481,681,0.60
481,682,0.60
481,683,0.60
481,684,0.30
480,678,0.81
480,679,0.60
480,680,0.60
480,681,0.30
480,682,0.30
480,683,0.30
478,675,0.60
478,676,0.60
478,677,0.30
478,678,0.30
479,678,0.30
478,679,0.30
479,679,0.30
478,680,0.30
479,680,0.30
476,672,0.60
476,673,0.60
476,674,0.60
476,675,0.30
477,675,0.30
476,676,0.30
477,676,0.30
475,670,0.30
475,671,0.30
475,672,0.30
475,673,0.30
475,674,0.30
473,633,0.90
474,633,1.00
475,633,1.00
473,634,0.90
474,634,1.00
475,634,1.00
473,635,0.60
474,635,0.88
473,636,0.60
474,636,0.99
473,637,0.60
473,638,0.60
473,630,1.00
474,630,1.00
475,630,1.00
476,630,1.00
473,631,0.90
474,631,1.00
475,631,1.00
476,631,1.00
473,632,0.90
474,632,0.90
475,632,1.00
473,624,1.00
474,624,1.00
475,624,1.00
476,624,1.00
477,624,1.00
478,624,1.00
479,624,1.00
480,624,1.00
481,624,1.00
482,624,1.00
483,624,1.00
473,625,1.00
474,625,1.00
475,625,1.00
476,625,1.00
477,625,1.00
478,625,1.00
479,625,1.00
480,625,1.00
481,625,1.00
473,626,1.00
474,626,1.00
475,626,1.00
476,626,1.00
477,626,1.00
478,626,1.00
479,626,1.00
480,626,1.00
481,626,1.00
473,627,1.00
474,627,1.00
475,627,1.00
476,627,1.00
477,627,1.00
478,627,1.00
479,627,1.00
473,628,1.00
474,628,1.00
475,628,1.00
476,628,1.00
477,628,1.00
478,628,1.00
479,628,1.00
473,629,0.90
474,629,1.00
475,629,1.00
476,629,1.00
477,629,1.00
478,629,1.00
473,622,1.00
474,622,1.00
475,622,1.00
476,622,1.00
477,622,1.00
478,622,1.00
479,622,1.00
480,622,1.00
481,622,1.00
482,622,1.00
483,622,1.00
473,623,1.00
474,623,1.00
475,623,1.00
476,623,1.00
477,623,1.00
478,623,1.00
479,623,1.00
480,623,1.00
481,623,1.00
482,623,1.00
483,623,1.00
473,620,1.00
474,620,1.00
475,620,1.00
476,620,1.00
477,620,1.00
478,620,1.00
479,620,1.00
480,620,1.00
481,620,1.00
482,620,1.00
483,620,1.00
473,621,1.00
474,621,1.00
475,621,1.00
476,621,1.00
477,621,1.00
478,621,1.00
479,621,1.00
480,621,1.00
481,621,1.00
482,621,1.00
483,621,1.00
473,618,1.00
474,618,1.00
475,618,1.00
476,618,1.00
477,618,1.00
478,618,1.00
479,618,1.00
480,618,1.00
481,618,1.00
482,618,1.00
483,618,1.00
473,619,1.00
474,619,1.00
475,619,1.00
476,619,1.00
477,619,1.00
478,619,1.00
479,619,1.00
480,619,1.00
481,619,1.00
482,619,1.00
483,619,1.00
473,616,0.90
474,616,1.00
475,616,1.00
476,616,1.00
477,616,1.00
478,616,1.00
479,616,1.00
480,616,1.00
481,616,1.00
482,616,1.00
483,616,0.90
473,617,0.90
474,617,1.00
475,617,1.00
476,617,1.00
477,617,1.00
478,617,1.00
479,617,1.00
480,617,1.00
481,617,1.00
482,617,1.00
483,617,0.90
473,614,0.90
474,614,1.00
475,614,1.00
476,614,1.00
477,614,1.00
478,614,1.00
479,614,1.00
480,614,1.00
481,614,1.00
482,614,1.00
483,614,0.90
473,615,0.60
474,615,0.88
475,615,1.00
476,615,1.00
477,615,1.00
478,615,1.00
479,615,1.00
480,615,1.00
481,615,1.00
482,615,0.88
483,615,0.60
473,610,0.60
474,610,0.85
475,610,1.00
476,610,1.00
477,610,1.00
478,610,1.00
479,610,1.00
480,610,1.00
481,610,1.00
482,610,0.85
483,610,0.60
473,611,0.60
474,611,0.75
475,611,0.99
476,611,1.00
477,611,1.00
478,611,1.00
479,611,1.00
480,611,1.00
481,611,0.99
482,611,0.75
483,611,0.60
473,612,0.60
474,612,0.60
475,612,1.00
476,612,1.00
477,612,1.00
478,612,1.00
479,612,1.00
480,612,1.00
481,612,1.00
482,612,0.60
483,612,0.60
473,613,0.60
474,613,0.75
475,613,0.99
476,613,1.00
477,613,1.00
478,613,1.00
479,613,1.00
480,613,1.00
481,613,0.99
482,613,0.75
483,613,0.60
473,604,0.30
474,604,0.60
475,604,1.00
476,604,1.00
477,604,1.00
478,604,1.00
479,604,1.00
480,604,1.00
481,604,1.00
482,604,1.00
483,604,1.00
473,605,0.30
474,605,0.60
475,605,1.00
476,605,1.00
477,605,1.00
478,605,1.00
479,605,1.00
480,605,1.00
481,605,1.00
482,605,1.00
483,605,1.00
473,606,0.30
474,606,0.60
475,606,0.81
476,606,1.00
477,606,1.00
478,606,1.00
479,606,1.00
480,606,1.00
481,606,1.00
482,606,0.81
483,606,0.60
473,607,0.30
474,607,0.75
475,607,0.99
476,607,1.00
477,607,1.00
478,607,1.00
479,607,1.00
480,607,1.00
481,607,1.00
482,607,0.75
483,607,0.60
473,608,0.30
474,608,0.85
475,608,1.00
476,608,1.00
477,608,1.00
478,608,1.00
479,608,1.00
480,608,1.00
481,608,1.00
482,608,0.85
483,608,0.60
473,609,0.30
474,609,0.58
475,609,0.86
476,609,1.00
477,609,1.00
478,609,1.00
479,609,1.00
480,609,1.00
481,609,0.86
482,609,0.58
483,609,0.30
474,598,0.30
475,598,0.60
476,598,1.00
477,598,1.00
478,598,1.00
479,598,1.00
480,598,1.00
481,598,1.00
482,598,1.00
483,598,1.00
484,598,1.00
474,599,0.30
475,599,0.60
476,599,1.00
477,599,1.00
478,599,1.00
479,599,1.00
480,599,1.00
481,599,1.00
482,599,1.00
483,599,1.00
484,599,1.00
474,600,0.30
475,600,0.60
476,600,1.00
477,600,1.00
478,600,1.00
479,600,1.00
480,600,1.00
481,600,1.00
482,600,1.00
483,600,1.00
484,600,1.00
474,601,0.30
475,601,0.75
476,601,1.00
477,601,1.00
478,601,1.00
479,601,1.00
480,601,1.00
481,601,1.00
482,601,1.00
483,601,1.00
484,601,0.85
474,602,0.30
475,602,0.85
476,602,1.00
477,602,1.00
478,602,1.00
479,602,1.00
480,602,1.00
481,602,1.00
482,602,1.00
483,602,1.00
484,602,0.75
474,603,0.30
475,603,0.88
476,603,1.00
477,603,1.00
478,603,1.00
479,603,1.00
480,603,1.00
481,603,1.00
482,603,1.00
483,603,1.00
484,603,0.60
484,604,0.60
484,605,0.60
484,606,0.30
484,607,0.30
484,608,0.30
475,595,0.30
476,595,0.60
477,595,1.00
478,595,1.00
479,595,1.00
480,595,1.00
481,595,1.00
482,595,1.00
483,595,1.00
484,595,1.00
485,595,1.00
475,596,0.30
476,596,0.60
477,596,1.00
478,596,1.00
479,596,1.00
480,596,1.00
481,596,1.00
482,596,1.00
483,596,1.00
484,596,1.00
485,596,1.00
475,597,0.30
476,597,0.60
477,597,1.00
478,597,1.00
479,597,1.00
480,597,1.00
481,597,1.00
482,597,1.00
483,597,1.00
484,597,1.00
485,597,1.00
485,598,0.60
485,599,0.60
485,600,0.60
485,601,0.30
485,602,0.30
485,603,0.30
485,604,0.30
485,605,0.30
476,590,0.30
477,590,0.60
478,590,1.00
479,590,1.00
480,590,1.00
481,590,1.00
482,590,1.00
483,590,1.00
484,590,1.00
485,590,1.00
486,590,1.00
476,591,0.30
477,591,0.60
478,591,1.00
479,591,1.00
480,591,1.00
481,591,1.00
482,591,1.00
483,591,1.00
484,591,1.00
485,591,1.00
486,591,1.00
476,592,0.30
477,592,0.60
478,592,1.00
479,592,1.00
480,592,1.00
481,592,1.00
482,592,1.00
483,592,1.00
484,592,1.00
485,592,1.00
486,592,0.88
476,593,0.30
477,593,0.75
478,593,1.00
479,593,1.00
480,593,1.00
481,593,1.00
482,593,1.00
483,593,1.00
484,593,1.00
485,593,1.00
486,593,0.85
476,594,0.30
477,594,0.85
478,594,1.00
479,594,1.00
480,594,1.00
481,594,1.00
482,594,1.00
483,594,1.00
484,594,1.00
485,594,1.00
486,594,0.75
486,595,0.60
486,596,0.60
486,597,0.60
486,598,0.30
486,599,0.30
486,600,0.30
477,587,0.30
478,587,0.60
479,587,0.85
480,587,1.00
481,587,1.00
482,587,1.00
483,587,1.00
484,587,1.00
485,587,1.00
486,587,1.00
487,587,0.85
477,588,0.30
478,588,0.60
479,588,0.75
480,588,1.00
481,588,1.00
482,588,1.00
483,588,1.00
484,588,1.00
485,588,1.00
486,588,0.99
487,588,0.75
477,589,0.30
478,589,0.60
479,589,0.81
480,589,1.00
481,589,1.00
482,589,1.00
483,589,1.00
484,589,1.00
485,589,1.00
486,589,0.81
487,589,0.60
487,590,0.60
487,591,0.60
487,592,0.30
487,593,0.30
487,594,0.30
487,595,0.30
487,596,0.30
487,597,0.30
478,581,0.30
479,581,0.30
480,581,0.30
481,581,0.60
482,581,0.75
483,581,0.99
484,581,1.00
485,581,1.00
486,581,1.00
487,581,1.00
488,581,1.00
478,582,0.30
479,582,0.30
480,582,0.30
481,582,0.75
482,582,0.85
483,582,1.00
484,582,1.00
485,582,1.00
486,582,1.00
487,582,1.00
488,582,0.99
478,583,0.30
479,583,0.30
480,583,0.51
481,583,0.99
482,583,1.00
483,583,1.00
484,583,1.00
485,583,1.00
486,583,1.00
487,583,0.85
488,583,0.75
478,584,0.30
479,584,0.45
480,584,0.69
481,584,1.00
482,584,1.00
483,584,1.00
484,584,1.00
485,584,1.00
486,584,0.99
487,584,0.75
488,584,0.60
478,585,0.30
479,585,0.55
480,585,0.81
481,585,1.00
482,585,1.00
483,585,1.00
484,585,1.00
485,585,1.00
486,585,0.81
487,585,0.55
488,585,0.30
478,586,0.30
479,586,0.58
480,586,0.86
481,586,1.00
482,586,1.00
483,586,1.00
484,586,1.00
485,586,1.00
486,586,0.86
487,586,0.58
488,586,0.30
488,587,0.30
488,588,0.30
488,589,0.30
488,590,0.30
488,591,0.30
481,574,0.30
482,574,0.60
483,574,0.85
484,574,1.00
485,574,1.00
486,574,1.00
487,574,1.00
488,574,1.00
489,574,1.00
490,574,1.00
491,574,1.00
481,575,0.30
482,575,0.60
483,575,0.88
484,575,1.00
485,575,1.00
486,575,1.00
487,575,1.00
488,575,1.00
489,575,1.00
490,575,1.00
491,575,0.88
481,576,0.30
482,576,0.60
483,576,1.00
484,576,1.00
485,576,1.00
486,576,1.00
487,576,1.00
488,576,1.00
489,576,1.00
490,576,1.00
491,576,0.85
481,577,0.30
482,577,0.75
483,577,1.00
484,577,1.00
485,577,1.00
486,577,1.00
487,577,1.00
488,577,1.00
489,577,1.00
490,577,1.00
491,577,0.75
481,578,0.30
482,578,0.85
483,578,1.00
484,578,1.00
485,578,1.00
486,578,1.00
487,578,1.00
488,578,1.00
489,578,1.00
490,578,1.00
491,578,0.60
481,579,0.30
482,579,0.88
483,579,1.00
484,579,1.00
485,579,1.00
486,579,1.00
487,579,1.00
488,579,1.00
489,579,1.00
490,579,0.88
491,579,0.60
481,580,0.30
482,580,0.85
483,580,1.00
484,580,1.00
485,580,1.00
486,580,1.00
487,580,1.00
488,580,1.00
489,580,1.00
490,580,0.85
491,580,0.60
489,581,0.69
490,581,0.45
491,581,0.30
489,582,0.51
490,582,0.30
491,582,0.30
489,583,0.30
490,583,0.30
491,583,0.30
489,584,0.30
490,584,0.30
491,584,0.30
482,570,0.30
483,570,0.30
484,570,0.30
485,570,0.60
486,570,0.85
487,570,1.00
488,570,1.00
489,570,1.00
490,570,1.00
491,570,1.00
492,570,1.00
482,571,0.30
483,571,0.30
484,571,0.30
485,571,0.75
486,571,0.99
487,571,1.00
488,571,1.00
489,571,1.00
490,571,1.00
491,571,1.00
492,571,1.00
482,572,0.30
483,572,0.30
484,572,0.51
485,572,0.99
486,572,1.00
487,572,1.00
488,572,1.00
489,572,1.00
490,572,1.00
491,572,1.00
492,572,0.99
482,573,0.30
483,573,0.45
484,573,0.69
485,573,1.00
486,573,1.00
487,573,1.00
488,573,1.00
489,573,1.00
490,573,1.00
491,573,0.99
492,573,0.75
492,574,0.60
492,575,0.30
492,576,0.30
492,577,0.30
492,578,0.30
492,579,0.30
492,580,0.30
485,564,0.30
486,564,0.30
487,564,0.30
488,564,0.60
489,564,1.00
490,564,1.00
491,564,1.00
492,564,1.00
493,564,1.00
494,564,1.00
495,564,1.00
485,565,0.30
486,565,0.30
487,565,0.30
488,565,0.75
489,565,1.00
490,565,1.00
491,565,1.00
492,565,1.00
493,565,1.00
494,565,1.00
495,565,1.00
485,566,0.30
486,566,0.30
487,566,0.51
488,566,0.99
489,566,1.00
490,566,1.00
491,566,1.00
492,566,1.00
493,566,1.00
494,566,1.00
495,566,1.00
485,567,0.30
486,567,0.45
487,567,0.69
488,567,1.00
489,567,1.00
490,567,1.00
491,567,1.00
492,567,1.00
493,567,1.00
494,567,1.00
495,567,1.00
485,568,0.30
486,568,0.55
487,568,0.81
488,568,1.00
489,568,1.00
490,568,1.00
491,568,1.00
492,568,1.00
493,568,1.00
494,568,1.00
495,568,0.75
485,569,0.30
486,569,0.58
487,569,0.86
488,569,1.00
489,569,1.00
490,569,1.00
491,569,1.00
492,569,1.00
493,569,1.00
494,569,0.88
495,569,0.60
493,570,0.81
494,570,0.55
495,570,0.30
493,571,0.69
494,571,0.45
495,571,0.30
493,572,0.51
494,572,0.30
495,572,0.30
493,573,0.30
494,573,0.30
495,573,0.30
493,574,0.30
494,574,0.30
495,574,0.30
488,559,0.30
489,559,0.60
490,559,0.60
491,559,1.00
492,559,1.00
493,559,1.00
494,559,1.00
495,559,1.00
496,559,1.00
497,559,1.00
498,559,1.00
488,560,0.30
489,560,0.60
490,560,0.75
491,560,1.00
492,560,1.00
493,560,1.00
494,560,1.00
495,560,1.00
496,560,1.00
497,560,1.00
498,560,1.00
488,561,0.30
489,561,0.60
490,561,1.00
491,561,1.00
492,561,1.00
493,561,1.00
494,561,1.00
495,561,1.00
496,561,1.00
497,561,1.00
498,561,1.00
488,562,0.30
489,562,0.75
490,562,1.00
491,562,1.00
492,562,1.00
493,562,1.00
494,562,1.00
495,562,1.00
496,562,1.00
497,562,1.00
498,562,1.00
488,563,0.30
489,563,0.85
490,563,1.00
491,563,1.00
492,563,1.00
493,563,1.00
494,563,1.00
495,563,1.00
496,563,1.00
497,563,1.00
498,563,1.00
496,564,1.00
497,564,1.00
498,564,1.00
496,565,1.00
497,565,1.00
498,565,0.60
496,566,1.00
497,566,0.75
498,566,0.60
496,567,0.81
497,567,0.60
498,567,0.60
496,568,0.30
497,568,0.30
498,568,0.30
496,569,0.30
497,569,0.30
498,569,0.30
489,557,0.30
490,557,0.30
491,557,0.60
492,557,0.75
493,557,1.00
494,557,1.00
495,557,1.00
496,557,1.00
497,557,1.00
498,557,1.00
499,557,1.00
489,558,0.30
490,558,0.30
491,558,0.60
492,558,0.99
493,558,1.00
494,558,1.00
495,558,1.00
496,558,1.00
497,558,1.00
498,558,1.00
499,558,1.00
499,559,1.00
499,560,1.00
499,561,0.99
499,562,0.81
499,563,0.60
499,564,0.60
499,565,0.30
499,566,0.30
499,567,0.30
491,554,0.30
492,554,0.30
493,554,0.60
494,554,0.85
495,554,1.00
496,554,1.00
497,554,1.00
498,554,1.00
499,554,1.00
500,554,1.00
501,554,1.00
491,555,0.30
492,555,0.30
493,555,0.60
494,555,1.00
495,555,1.00
496,555,1.00
497,555,1.00
498,555,1.00
499,555,1.00
500,555,1.00
501,555,1.00
491,556,0.30
492,556,0.30
493,556,0.81
494,556,1.00
495,556,1.00
496,556,1.00
497,556,1.00
498,556,1.00
499,556,1.00
500,556,1.00
501,556,1.00
500,557,1.00
501,557,1.00
500,558,1.00
501,558,0.81
500,559,1.00
501,559,0.60
500,560,0.85
501,560,0.60
500,561,0.45
501,561,0.30
500,562,0.30
501,562,0.30
500,563,0.30
501,563,0.30
500,564,0.30
501,564,0.30
493,550,0.30
494,550,0.30
495,550,0.30
496,550,0.60
497,550,1.00
498,550,1.00
499,550,1.00
500,550,1.00
501,550,1.00
502,550,1.00
503,550,1.00
493,551,0.30
494,551,0.30
495,551,0.30
496,551,0.75
497,551,1.00
498,551,1.00
499,551,1.00
500,551,1.00
501,551,1.00
502,551,1.00
503,551,1.00
493,552,0.30
494,552,0.30
495,552,0.51
496,552,0.99
497,552,1.00
498,552,1.00
499,552,1.00
500,552,1.00
501,552,1.00
502,552,1.00
503,552,1.00
493,553,0.30
494,553,0.45
495,553,0.69
496,553,1.00
497,553,1.00
498,553,1.00
499,553,1.00
500,553,1.00
501,553,1.00
502,553,1.00
503,553,1.00
502,554,1.00
503,554,1.00
502,555,1.00
503,555,1.00
502,556,1.00
503,556,0.75
502,557,0.75
503,557,0.60
502,558,0.30
503,558,0.30
502,559,0.30
503,559,0.30
502,560,0.30
503,560,0.30
496,547,0.30
497,547,0.60
498,547,0.90
499,547,1.00
500,547,1.00
501,547,1.00
502,547,1.00
503,547,1.00
504,547,1.00
505,547,1.00
506,547,1.00
496,548,0.30
497,548,0.60
498,548,1.00
499,548,1.00
500,548,1.00
501,548,1.00
502,548,1.00
503,548,1.00
504,548,1.00
505,548,1.00
506,548,1.00
496,549,0.30
497,549,0.60
498,549,1.00
499,549,1.00
500,549,1.00
501,549,1.00
502,549,1.00
503,549,1.00
504,549,1.00
505,549,1.00
506,549,1.00
504,550,1.00
505,550,1.00
506,550,1.00
504,551,1.00
505,551,1.00
506,551,1.00
504,552,1.00
505,552,1.00
506,552,1.00
504,553,1.00
505,553,1.00
506,553,1.00
504,554,1.00
505,554,1.00
506,554,0.90
504,555,0.81
505,555,0.60
506,555,0.60
504,556,0.30
505,556,0.30
506,556,0.30
504,557,0.30
505,557,0.30
506,557,0.30
497,545,0.30
498,545,0.60
499,545,0.90
500,545,1.00
501,545,1.00
502,545,1.00
503,545,1.00
504,545,1.00
505,545,1.00
506,545,1.00
507,545,1.00
497,546,0.30
498,546,0.60
499,546,0.90
500,546,1.00
501,546,1.00
502,546,1.00
503,546,1.00
504,546,1.00
505,546,1.00
506,546,1.00
507,546,1.00
507,547,1.00
507,548,1.00
507,549,1.00
507,550,1.00
507,551,1.00
507,552,1.00
507,553,0.90
507,554,0.60
507,555,0.30
498,544,0.30
499,544,0.60
500,544,0.90
501,544,1.00
502,544,1.00
503,544,1.00
504,544,1.00
505,544,1.00
506,544,1.00
507,544,1.00
508,544,1.00
508,545,1.00
508,546,1.00
508,547,1.00
508,548,1.00
508,549,1.00
508,550,1.00
508,551,1.00
508,552,1.00
508,553,0.60
508,554,0.30
499,543,0.30
500,543,0.60
501,543,0.90
502,543,1.00
503,543,1.00
504,543,1.00
505,543,1.00
506,543,1.00
507,543,1.00
508,543,1.00
509,543,1.00
509,544,1.00
509,545,1.00
509,546,1.00
509,547,1.00
509,548,1.00
509,549,1.00
509,550,1.00
509,551,0.90
509,552,0.90
509,553,0.30
500,542,0.30
501,542,0.60
502,542,0.90
503,542,0.90
504,542,1.00
505,542,1.00
506,542,1.00
507,542,1.00
508,542,1.00
509,542,1.00
510,542,1.00
510,543,1.00
510,544,1.00
510,545,1.00
510,546,1.00
510,547,1.00
510,548,1.00
510,549,1.00
510,550,0.90
510,551,0.60
510,552,0.60
511,542,1.00
511,543,1.00
511,544,1.00
511,545,1.00
511,546,1.00
511,547,1.00
511,548,1.00
511,549,0.90
511,550,0.60
511,551,0.30
511,552,0.30
502,540,0.30
503,540,0.30
504,540,0.60
505,540,0.90
506,540,0.90
507,540,1.00
508,540,1.00
509,540,1.00
510,540,1.00
511,540,1.00
512,540,1.00
502,541,0.30
503,541,0.30
504,541,0.60
505,541,1.00
506,541,1.00
507,541,1.00
508,541,1.00
509,541,1.00
510,541,1.00
511,541,1.00
512,541,1.00
512,542,1.00
512,543,1.00
512,544,1.00
512,545,1.00
512,546,1.00
512,547,1.00
512,548,0.90
512,549,0.60
512,550,0.30
504,539,0.30
505,539,0.60
506,539,0.60
507,539,0.90
508,539,1.00
509,539,1.00
510,539,1.00
511,539,1.00
512,539,1.00
513,539,1.00
514,539,1.00
513,540,1.00
514,540,1.00
513,541,1.00
514,541,1.00
513,542,1.00
514,542,1.00
513,543,1.00
514,543,1.00
513,544,1.00
514,544,1.00
513,545,1.00
514,545,1.00
513,546,1.00
514,546,1.00
513,547,0.90
514,547,0.90
513,548,0.60
514,548,0.60
513,549,0.30
514,549,0.30
505,538,0.30
506,538,0.30
507,538,0.60
508,538,0.60
509,538,0.90
510,538,1.00
511,538,1.00
512,538,1.00
513,538,1.00
514,538,1.00
515,538,1.00
515,539,1.00
515,540,1.00
515,541,1.00
515,542,1.00
515,543,1.00
515,544,1.00
515,545,1.00
515,546,0.90
515,547,0.60
515,548,0.30
507,537,0.30
508,537,0.30
509,537,0.60
510,537,0.90
511,537,0.90
512,537,1.00
513,537,1.00
514,537,1.00
515,537,1.00
516,537,1.00
517,537,1.00
516,538,1.00
517,538,1.00
516,539,1.00
517,539,1.00
516,540,1.00
517,540,1.00
516,541,1.00
517,541,1.00
516,542,1.00
517,542,1.00
516,543,1.00
517,543,1.00
516,544,1.00
517,544,1.00
516,545,1.00
517,545,1.00
516,546,0.60
517,546,0.60
516,547,0.30
517,547,0.30
509,536,0.30
510,536,0.60
511,536,0.60
512,536,1.00
513,536,1.00
514,536,1.00
515,536,1.00
516,536,1.00
517,536,1.00
518,536,1.00
519,536,1.00
518,537,1.00
519,537,1.00
518,538,1.00
519,538,1.00
518,539,1.00
519,539,1.00
518,540,1.00
519,540,1.00
518,541,1.00
519,541,1.00
518,542,1.00
519,542,1.00
518,543,1.00
519,543,1.00
518,544,1.00
519,544,1.00
518,545,1.00
519,545,1.00
518,546,0.30
519,546,0.30
510,535,0.30
511,535,0.30
512,535,1.00
513,535,1.00
514,535,1.00
515,535,1.00
516,535,1.00
517,535,1.00
518,535,1.00
519,535,1.00
520,535,1.00
520,536,1.00
520,537,1.00
520,538,1.00
520,539,1.00
520,540,1.00
520,541,1.00
520,542,1.00
520,543,1.00
520,544,1.00
520,545,1.00
521,535,1.00
522,535,1.00
521,536,1.00
522,536,1.00
521,537,1.00
522,537,1.00
521,538,1.00
522,538,1.00
521,539,1.00
522,539,1.00
521,540,1.00
522,540,1.00
521,541,1.00
522,541,1.00
521,542,1.00
522,542,1.00
521,543,1.00
522,543,1.00
521,544,1.00
522,544,1.00
521,545,1.00
522,545,1.00
523,535,0.60
523,536,0.60
523,537,0.60
523,538,0.60
523,539,0.60
523,540,0.60
523,541,0.60
523,542,0.60
523,543,0.60
523,544,0.60
523,545,0.60

